CSI:125,-48,7,0,18,19,15,15,12,10,7,7,2,5,-4,3,-9,4,-14,4,-18,6,-21,9,-23,12,-25,14,-26,16,-24,17,-24,17,-22,15,-20,13,-18,9,-16,6,-15,1,-14,-3,-14,-8,-13,-12,-14,-16,-13,-19,0,0,0,0,0,0,0,0,0,0,0,0,0,0,0,0,0,0,0,0,0,0,-2,-3,2,-2,6,-1,11,-1,14,-1,18,-2,21,-3,24,-5,26,-5,27,-7,26,-7,25,-7,22,-7,18,-5,14,-3,10,-1,7,3,5,8,4,12,3,17,5,22,7,25,9,28,12,30,15,30,17,29
CSI:125,-48,7,0,-7,-28,-7,-23,-7,-17,-4,-12,-1,-6,4,-2,9,1,14,4,19,3,23,3,28,1,30,0,31,-1,31,-2,30,-2,28,-2,25,-2,21,1,17,3,13,7,9,10,6,13,4,17,1,21,-1,23,0,0,0,0,0,0,0,0,0,0,0,0,0,0,0,0,0,0,0,0,0,0,0,2,-3,-1,-7,-3,-11,-5,-16,-6,-20,-8,-24,-8,-27,-7,-29,-7,-31,-6,-30,-5,-29,-4,-25,-3,-21,-3,-16,-4,-11,-5,-6,-7,-1,-10,2,-14,5,-19,6,-24,6,-28,4,-32,3,-35,1,-37,-1,-37
CSI:125,-48,7,0,-32,-1,-26,1,-20,1,-13,1,-6,-2,-1,-6,4,-10,8,-15,11,-20,11,-25,11,-29,10,-32,10,-34,10,-35,9,-33,8,-31,8,-27,9,-22,10,-17,12,-11,14,-6,16,-2,20,3,22,6,24,10,0,0,0,0,0,0,0,0,0,0,0,0,0,0,0,0,0,0,0,0,0,0,2,0,-1,3,-4,6,-8,10,-10,14,-12,19,-13,23,-14,27,-14,29,-13,31,-12,30,-11,29,-9,26,-8,22,-8,16,-8,9,-9,3,-11,-2,-15,-7,-19,-10,-24,-14,-29,-15,-32,-15,-37,-14,-40,-12,-40,-10
CSI:125,-48,7,0,-12,-15,-10,-11,-8,-9,-5,-7,-2,-4,2,-3,5,-3,8,-3,12,-4,14,-6,16,-8,17,-10,17,-11,17,-12,16,-11,15,-10,13,-9,12,-7,11,-4,10,-1,9,2,8,5,8,7,8,10,8,12,0,0,0,0,0,0,0,0,0,0,0,0,0,0,0,0,0,0,0,0,0,0,0,2,-2,0,-5,-1,-8,-2,-10,-2,-13,-2,-16,-1,-17,-1,-19,0,-19,1,-19,1,-18,1,-16,2,-14,1,-11,0,-8,-2,-5,-4,-3,-7,-2,-9,-1,-12,-2,-16,-3,-18,-5,-20,-7,-22,-9,-22,-10,-21
CSI:125,-48,7,0,15,-7,12,-7,8,-5,6,-4,3,-1,2,2,0,5,0,8,0,11,1,14,2,15,3,17,4,18,5,17,5,17,4,16,3,14,2,12,0,10,-2,8,-5,7,-7,6,-10,5,-12,4,-14,3,0,0,0,0,0,0,0,0,0,0,0,0,0,0,0,0,0,0,0,0,0,0,-2,0,-1,-2,0,-4,1,-7,2,-9,3,-11,3,-14,3,-16,2,-17,1,-18,1,-17,1,-17,0,-15,0,-13,0,-10,2,-7,3,-4,5,-2,7,0,10,1,13,1,16,1,18,0,20,-2,21,-3,20,-5
CSI:-117,-80,8,0,-6,2,0,-2,-4,-7,-5,-14,-11,-23,-22,-31,-6,-29,-17,-30,-18,-27,-22,-25,-16,-25,-17,-21,-14,-22,-9,-11,-3,-12,-1,-7,-2,-9,4,-6,5,-1,6,1,7,4,3,3,1,-2,2,-1,2,-5,0,0,0,0,0,0,0,0,0,0,0,0,0,0,0,0,0,0,0,0,0,0,-1,-10,-4,-15,-2,-22,-3,-28,-3,-29,0,-33,-1,-30,1,-35,3,-32,3,-25,2,-25,-2,-10,-1,-6,-1,1,2,7,0,15,0,21,4,28,6,32,11,38,10,40,10,39,13,42,12,37,9,36,6,30
CSI:-117,-80,8,0,-4,4,-10,-7,-7,-3,-8,-22,-9,-20,-10,-32,-5,-31,-7,-35,-8,-24,-6,-27,-7,-23,-5,-18,-6,-17,-9,-12,-1,-10,-3,-13,5,-6,3,-3,9,1,4,2,6,-1,4,-3,1,3,7,-5,3,-1,0,0,0,0,0,0,0,0,0,0,0,0,0,0,0,0,0,0,0,0,0,0,-3,-11,-1,-19,0,-19,2,-28,6,-28,7,-33,8,-33,8,-30,7,-30,5,-24,4,-20,4,-12,-1,-6,-8,5,-4,8,-5,14,-6,23,-5,33,-3,34,-6,35,-3,40,2,46,-1,42,-2,38,1,38,2,23
CSI:-117,-80,8,0,4,-8,-8,1,-12,14,-7,19,-14,25,-9,32,-13,24,-13,27,-20,25,-13,28,-8,20,-16,19,-8,18,-4,9,-8,5,-3,6,-8,0,-6,-4,-3,-5,0,-5,-2,-3,-1,-3,-2,-4,-6,-5,-1,2,0,0,0,0,0,0,0,0,0,0,0,0,0,0,0,0,0,0,0,0,0,0,3,8,3,12,0,19,-3,27,-6,30,-7,32,-4,31,-7,28,-8,30,-8,22,-7,14,-8,10,-1,6,5,1,7,-7,6,-12,8,-19,8,-28,8,-33,9,-34,8,-38,9,-40,12,-40,18,-35,15,-33,6,-28
CSI:125,-48,7,0,6,-1,16,1,-8,6,-5,2,-16,5,-19,5,-11,10,-10,12,-15,9,-12,19,-14,23,-15,24,-15,29,-15,31,-15,36,-10,36,-13,39,-13,33,-9,24,-3,21,7,17,15,13,21,12,29,15,30,22,0,0,0,0,0,0,0,0,0,0,0,0,0,0,0,0,0,0,0,0,0,0,4,6,4,4,9,7,9,8,9,12,11,15,9,17,4,18,10,17,4,16,5,12,10,12,13,11,17,17,21,15,20,21,15,20,8,22,5,17,0,15,-4,5,-7,4,1,3,-3,-9,3,-29,5,-11
CSI:125,-48,7,0,13,-4,9,2,2,0,-7,1,-9,-6,-10,-13,-9,-10,-11,-8,-13,-8,-21,1,-32,4,-21,9,-38,9,-39,9,-37,2,-34,18,-37,4,-31,14,-25,12,-16,15,-10,12,-2,19,-3,27,7,32,8,39,0,0,0,0,0,0,0,0,0,0,0,0,0,0,0,0,0,0,0,0,0,0,-2,2,-5,10,-7,8,-12,11,-9,15,-16,11,-21,12,-20,12,-15,8,-11,9,-14,9,-7,11,-8,16,-10,24,-11,25,-17,28,-18,21,-20,18,-22,7,-19,4,-14,-1,-2,-6,-3,-7,13,-10,15,-12,21,-5
CSI:125,-48,7,0,44,-7,30,18,37,6,31,8,28,7,19,6,28,-6,11,-2,7,-2,-12,-5,-11,-2,-10,-11,-14,-14,-8,-3,-8,-21,-16,-13,-9,-13,-10,-6,-13,-6,-11,-2,-15,2,-15,0,-18,9,-18,-3,-11,-5,0,0,0,0,0,0,0,0,0,0,0,0,0,0,0,0,0,0,0,0,0,0,-14,-9,-17,-12,-11,-7,-7,-2,0,-1,-3,5,-3,10,-2,16,-5,20,-7,23,-12,29,-10,22,-14,24,-15,22,-16,24,-12,20,-12,23,-4,17,-9,13,14,4,-8,4,-3,12,-10,-7,7,-12,14,-10,53,-7
CSI:125,-48,7,0,29,-11,31,-6,28,-29,22,-15,34,-22,5,-1,25,-2,4,-8,4,-14,-10,-11,-4,-8,-9,-5,-13,-9,-20,-5,-19,-7,-20,-5,-15,-5,-7,-7,-9,10,-21,5,-9,8,-14,9,-19,9,-18,7,-7,4,0,0,0,0,0,0,0,0,0,0,0,0,0,0,0,0,0,0,0,0,0,0,-9,12,-17,4,-11,2,-9,6,-2,2,-1,6,8,5,15,6,22,10,26,15,25,15,18,24,14,24,11,26,3,21,12,21,3,17,11,2,3,4,7,12,26,3,18,-6,23,4,7,-23,4,-7,14,8
CSI:125,-48,7,0,17,21,12,26,13,29,13,25,8,22,13,25,26,17,1,14,12,-7,3,-4,30,-31,14,8,-2,-15,7,-26,8,-29,10,-19,-12,-23,-7,-8,-11,-20,-14,-14,-14,-15,-14,-17,-14,-16,-16,-13,-18,-10,0,0,0,0,0,0,0,0,0,0,0,0,0,0,0,0,0,0,0,0,0,0,6,-21,13,-12,8,-13,6,-12,5,-6,1,0,-3,-3,-13,6,-18,3,-27,3,-32,-5,-32,-6,-31,-11,-33,-9,-25,-9,-22,-8,-20,-7,-16,0,-15,-2,-18,2,-13,12,-10,9,2,10,2,17,5,13,4,16
CSI:-64,0,12,0,-17,-19,-18,-15,-12,-13,-8,-7,-2,-4,5,-5,12,-1,18,-1,23,-5,26,-5,30,-9,33,-11,33,-15,33,-15,30,-15,29,-15,27,-12,22,-11,18,-7,16,-2,12,2,9,8,6,13,5,18,2,23,0,0,0,0,0,0,0,0,0,0,0,0,0,0,0,0,0,0,0,0,0,0,5,4,0,5,-3,6,-8,8,-12,11,-16,14,-20,17,-21,18,-23,23,-24,24,-23,24,-22,24,-20,23,-17,20,-13,15,-10,11,-9,6,-7,-1,-6,-7,-5,-14,-8,-19,-9,-24,-12,-28,-15,-29,-18,-31,-20,-31
CSI:60,-63,19,0,11,-29,9,-22,5,-21,3,-13,6,-9,6,-2,11,3,15,8,19,10,21,10,27,10,31,11,33,8,34,7,35,5,32,5,30,3,26,2,20,1,17,3,13,7,8,11,4,14,1,16,-2,19,0,0,0,0,0,0,0,0,0,0,0,0,0,0,0,0,0,0,0,0,0,0,-6,7,-6,3,-6,-1,-8,-5,-11,-11,-13,-15,-17,-17,-20,-20,-23,-21,-24,-23,-25,-22,-27,-22,-25,-20,-24,-16,-19,-14,-15,-10,-9,-10,-5,-9,1,-11,7,-11,13,-15,15,-19,19,-21,20,-25,20,-28,18,-30
CSI:-68,-64,11,0,16,19,17,15,16,9,10,8,6,6,-1,8,-4,7,-9,11,-14,14,-14,18,-17,21,-14,24,-12,28,-11,30,-11,29,-10,29,-7,26,-8,24,-6,19,-8,15,-9,11,-12,6,-14,3,-16,-1,-18,-4,0,0,0,0,0,0,0,0,0,0,0,0,0,0,0,0,0,0,0,0,0,0,-2,-8,0,-8,3,-6,7,-4,12,-3,16,-4,19,-6,23,-7,26,-8,27,-11,28,-11,27,-12,26,-13,22,-12,18,-11,15,-8,12,-4,9,-1,6,4,6,10,8,14,10,19,11,24,14,26,19,29,18,20
CSI:-64,0,12,0,-5,29,-4,24,-3,18,-1,12,-4,7,-6,2,-11,-1,-16,-4,-19,-6,-25,-6,-27,-2,-32,-4,-33,-3,-33,-1,-33,2,-30,2,-29,3,-25,0,-19,0,-17,-2,-14,-6,-11,-9,-8,-13,-5,-17,-4,-20,0,0,0,0,0,0,0,0,0,0,0,0,0,0,0,0,0,0,0,0,0,0,2,-7,3,-3,4,0,7,3,10,7,14,10,17,13,20,14,24,15,26,15,27,15,28,14,27,12,24,10,20,8,14,7,9,7,5,6,0,9,-5,12,-10,17,-10,19,-14,25,-16,28,-15,30,-11,31
CSI:-52,-64,12,0,17,-26,14,-21,12,-18,9,-14,10,-9,9,-3,11,1,17,1,20,4,26,7,30,2,32,3,34,3,34,0,33,-4,32,-2,27,-5,25,-3,22,-1,18,0,17,4,14,8,13,11,13,15,12,19,0,0,0,0,0,0,0,0,0,0,0,0,0,0,0,0,0,0,0,0,0,0,-8,-3,-6,-7,-4,-7,-1,-10,1,-13,3,-17,3,-20,3,-24,3,-28,2,-30,0,-30,-1,-32,-3,-30,-3,-27,-3,-24,-2,-19,1,-16,4,-12,9,-10,12,-10,17,-13,21,-13,25,-15,27,-18,28,-22,25,-24
CSI:-51,-48,12,0,-22,-22,-18,-18,-14,-15,-10,-11,-5,-13,0,-12,5,-13,9,-16,12,-21,15,-26,13,-29,13,-31,10,-33,10,-36,6,-33,7,-31,6,-28,6,-27,6,-19,8,-17,11,-13,14,-11,18,-7,20,-6,24,-4,0,0,0,0,0,0,0,0,0,0,0,0,0,0,0,0,0,0,0,0,0,0,-4,7,-6,3,-9,0,-10,-2,-14,-5,-18,-5,-22,-5,-26,-6,-29,-5,-32,-4,-32,-2,-32,-1,-30,0,-26,1,-22,0,-18,-1,-13,-3,-11,-7,-8,-12,-7,-15,-7,-21,-8,-25,-11,-29,-15,-31,-18,-31,-21,-33
CSI:98,32,6,0,19,-15,18,-12,13,-9,11,-3,9,2,10,7,12,10,14,14,17,16,20,17,23,16,26,16,30,13,28,12,30,12,27,10,23,9,19,10,16,10,13,12,11,13,9,15,7,19,6,23,5,23,0,0,0,0,0,0,0,0,0,0,0,0,0,0,0,0,0,0,0,0,0,0,-3,-4,0,-6,2,-7,6,-10,8,-12,9,-15,10,-18,9,-21,9,-24,8,-25,7,-26,5,-26,5,-24,4,-21,5,-18,5,-14,9,-10,12,-7,16,-7,20,-6,24,-6,28,-6,30,-9,32,-11,31,-14,30,-15
CSI:-64,0,12,0,6,-22,3,-20,6,-14,6,-9,11,-2,11,2,17,4,21,7,23,5,26,4,29,2,31,0,30,-2,31,-3,29,-5,28,-3,24,-3,22,-1,18,3,17,5,14,9,14,12,13,17,14,18,14,20,0,0,0,0,0,0,0,0,0,0,0,0,0,0,0,0,0,0,0,0,0,0,-4,-1,-3,-5,-3,-8,-3,-11,-4,-16,-4,-19,-8,-21,-9,-23,-11,-24,-14,-24,-14,-24,-15,-22,-13,-21,-11,-17,-8,-16,-4,-14,1,-13,4,-13,10,-14,14,-17,17,-19,18,-23,21,-26,17,-29,16,-30,15,-30
CSI:-70,-96,11,0,22,-8,19,-6,13,-2,11,-1,9,5,8,9,8,14,10,18,11,19,12,25,17,24,22,21,21,23,23,21,23,19,22,17,19,17,16,15,12,14,10,15,6,16,3,18,1,20,-2,22,-3,24,0,0,0,0,0,0,0,0,0,0,0,0,0,0,0,0,0,0,0,0,0,0,-2,-4,2,-6,4,-6,7,-7,9,-9,13,-13,14,-14,15,-19,15,-20,14,-23,14,-23,12,-23,10,-22,10,-19,10,-15,9,-10,11,-7,13,-3,16,0,19,2,23,2,27,2,30,0,32,-1,32,-3,31,-7
CSI:-104,-127,25,0,-23,-22,-20,-18,-9,-14,-9,-13,-3,-12,5,-15,9,-18,9,-23,13,-30,13,-34,12,-39,8,-38,6,-40,4,-41,0,-42,0,-37,1,-34,2,-30,5,-27,7,-24,10,-22,14,-19,19,-20,22,-21,24,-17,0,0,0,0,0,0,0,0,0,0,0,0,0,0,0,0,0,0,0,0,0,0,-6,2,-7,-1,-9,-5,-13,-8,-16,-10,-20,-11,-26,-12,-28,-11,-31,-11,-33,-8,-34,-7,-33,-6,-31,-5,-27,-3,-22,-5,-18,-7,-14,-10,-11,-15,-10,-20,-10,-23,-11,-30,-13,-34,-20,-36,-19,-37,-23,-37,-23,-34
CSI:101,80,6,0,-23,21,-16,20,-10,13,-8,10,-5,3,-6,-3,-1,-11,-3,-15,-8,-20,-10,-23,-14,-26,-16,-27,-19,-27,-20,-26,-20,-24,-19,-24,-16,-20,-12,-19,-9,-16,-3,-15,2,-13,8,-11,12,-12,18,-12,21,-12,0,0,0,0,0,0,0,0,0,0,0,0,0,0,0,0,0,0,0,0,0,0,-1,-8,0,-4,0,0,2,5,2,9,4,13,8,17,10,20,11,22,15,23,16,23,16,22,15,21,13,18,10,15,4,12,1,10,-6,9,-11,9,-17,8,-22,11,-27,14,-29,17,-31,20,-32,20,-32,25
CSI:-93,48,10,0,-18,28,-14,22,-7,16,-5,8,-3,4,-2,-5,-4,-10,-6,-17,-9,-21,-12,-23,-16,-27,-19,-26,-20,-27,-22,-26,-21,-25,-19,-22,-15,-19,-11,-17,-7,-15,-1,-13,4,-13,9,-10,15,-10,19,-10,25,-8,0,0,0,0,0,0,0,0,0,0,0,0,0,0,0,0,0,0,0,0,0,0,-5,-5,-2,-2,-1,1,3,5,8,8,11,10,16,12,18,14,22,14,24,14,25,15,23,13,22,13,19,11,15,10,9,9,2,8,-4,9,-11,11,-17,14,-20,17,-24,20,-27,24,-27,27,-27,30,-24,30
CSI:119,112,7,0,34,5,28,1,19,0,13,0,5,-1,-2,5,-8,7,-11,13,-13,20,-16,22,-15,31,-15,30,-16,32,-14,33,-12,33,-11,31,-12,28,-10,23,-10,17,-12,12,-14,5,-17,0,-19,-4,-23,-9,-25,-13,0,0,0,0,0,0,0,0,0,0,0,0,0,0,0,0,0,0,0,0,0,0,-8,5,-2,2,0,-2,4,-4,7,-9,11,-13,12,-17,14,-22,14,-25,14,-28,15,-29,13,-29,12,-28,10,-25,10,-20,9,-14,10,-6,12,-2,15,4,19,10,24,15,28,17,33,18,38,17,42,17,40,14
CSI:-103,-112,9,0,-26,25,-22,21,-13,14,-7,10,-7,4,-5,-3,-2,-11,-3,-18,-4,-23,-8,-27,-14,-31,-15,-32,-18,-31,-19,-33,-21,-29,-19,-28,-17,-25,-13,-23,-8,-18,-3,-15,3,-14,9,-13,15,-14,21,-13,25,-11,0,0,0,0,0,0,0,0,0,0,0,0,0,0,0,0,0,0,0,0,0,0,0,-9,0,-3,0,1,0,6,1,11,3,16,5,20,7,24,10,26,12,28,13,30,15,28,14,26,11,23,8,18,4,14,-3,11,-8,10,-15,9,-22,9,-27,9,-31,12,-35,15,-41,20,-38,19,-40,21
CSI:-58,96,12,0,10,27,9,21,7,18,5,10,-1,6,-6,2,-12,0,-16,-1,-21,0,-26,0,-29,3,-31,5,-33,8,-34,9,-31,11,-29,12,-26,10,-23,8,-17,5,-15,1,-13,-4,-11,-8,-9,-13,-7,-17,-7,-21,0,0,0,0,0,0,0,0,0,0,0,0,0,0,0,0,0,0,0,0,0,0,-4,-6,-2,-3,1,-1,4,2,9,3,13,4,18,4,22,4,24,2,27,2,27,2,26,1,27,1,23,0,19,2,15,2,10,6,8,10,4,14,2,18,1,22,1,28,0,32,3,35,6,37,8,36
CSI:-48,1,29,0,-5,-31,-5,-25,-4,-18,-1,-13,1,-10,5,-1,11,0,16,2,20,1,26,0,30,1,31,-2,34,-4,32,-7,33,-8,29,-7,26,-8,23,-6,20,-4,16,0,12,5,11,8,9,13,7,17,5,20,0,0,0,0,0,0,0,0,0,0,0,0,0,0,0,0,0,0,0,0,0,0,0,6,-1,3,-3,-1,-5,-4,-8,-8,-11,-10,-15,-13,-19,-14,-22,-15,-25,-14,-26,-13,-26,-13,-24,-14,-22,-11,-18,-10,-13,-10,-9,-11,-5,-12,0,-16,3,-20,5,-25,7,-29,8,-32,4,-36,3,-40,0,-35
CSI:98,32,6,0,18,28,16,24,11,18,8,11,0,9,-6,5,-11,4,-19,4,-25,8,-28,7,-33,11,-34,15,-37,19,-37,22,-35,23,-28,21,-25,20,-25,16,-20,13,-16,7,-16,0,-16,-5,-16,-11,-15,-17,-16,-21,0,0,0,0,0,0,0,0,0,0,0,0,0,0,0,0,0,0,0,0,0,0,-6,-8,-3,-3,2,-1,6,1,11,2,15,2,20,3,25,3,29,2,31,0,33,0,31,-1,30,-2,27,-2,22,0,17,1,13,6,11,12,8,15,5,22,5,28,7,33,9,37,12,41,14,40,16,40
CSI:-54,-95,28,0,-17,27,-13,22,-7,17,-7,11,-7,5,-5,-1,-10,-8,-12,-14,-15,-18,-19,-19,-28,-20,-29,-23,-30,-16,-32,-16,-30,-15,-30,-14,-25,-13,-21,-11,-17,-10,-11,-11,-7,-12,-3,-14,1,-16,4,-18,8,-21,0,0,0,0,0,0,0,0,0,0,0,0,0,0,0,0,0,0,0,0,0,0,2,-7,3,-2,1,1,1,6,2,9,5,13,7,17,9,21,11,23,12,26,14,24,14,24,14,23,12,20,9,18,5,15,0,13,-4,12,-10,12,-14,14,-18,17,-23,19,-25,23,-26,26,-26,29,-23,30
CSI:-33,-16,13,0,-30,-1,-24,1,-18,0,-13,-1,-5,-4,-2,-8,2,-11,5,-15,6,-23,4,-26,3,-31,-1,-33,-2,-34,-3,-33,-3,-32,-5,-31,-4,-26,-5,-23,-3,-19,1,-15,4,-12,9,-9,12,-7,16,-5,19,-4,0,0,0,0,0,0,0,0,0,0,0,0,0,0,0,0,0,0,0,0,0,0,8,-1,3,2,0,3,-3,7,-5,8,-8,12,-9,16,-11,19,-11,23,-11,25,-12,25,-11,24,-9,23,-9,20,-9,15,-10,10,-10,4,-12,-1,-16,-5,-19,-8,-24,-10,-27,-13,-32,-11,-35,-11,-37,-10,-38,-9
CSI:98,33,22,0,-22,-20,-16,-18,-13,-14,-9,-10,-4,-8,3,-10,9,-11,12,-13,16,-16,19,-21,18,-23,19,-27,17,-30,17,-32,13,-31,11,-29,10,-26,9,-21,8,-18,9,-13,10,-8,12,-3,14,0,16,4,19,7,0,0,0,0,0,0,0,0,0,0,0,0,0,0,0,0,0,0,0,0,0,0,4,7,0,5,-3,3,-7,1,-11,1,-15,0,-18,1,-22,2,-25,3,-27,5,-27,4,-27,6,-25,6,-22,5,-18,4,-14,0,-12,-4,-10,-8,-8,-13,-7,-18,-8,-24,-11,-29,-13,-31,-17,-33,-18,-33,-20,-31
CSI:-1,-16,15,0,0,33,3,27,-1,18,0,13,-6,8,-11,3,-15,1,-20,-1,-27,2,-30,5,-33,8,-36,11,-38,13,-34,15,-34,18,-31,16,-26,15,-23,12,-21,9,-17,3,-15,-1,-14,-6,-13,-11,-14,-14,-14,-21,0,0,0,0,0,0,0,0,0,0,0,0,0,0,0,0,0,0,0,0,0,0,3,-9,3,-6,4,-1,6,3,9,6,11,10,15,12,19,15,22,15,26,16,27,15,27,14,24,14,22,11,17,11,12,9,6,11,3,11,-3,16,-8,22,-12,24,-11,27,-12,34,-11,37,-11,43,-5,38
CSI:30,-31,17,0,-27,-11,-22,-9,-16,-9,-12,-8,-6,-9,-2,-13,2,-16,4,-19,5,-23,7,-27,3,-31,1,-34,1,-36,-1,-33,-2,-33,-5,-31,-6,-27,-3,-23,-1,-21,2,-16,6,-12,10,-12,13,-9,17,-8,22,-8,0,0,0,0,0,0,0,0,0,0,0,0,0,0,0,0,0,0,0,0,0,0,4,8,0,6,-6,5,-7,3,-11,3,-15,3,-18,6,-23,7,-23,10,-27,13,-26,14,-24,15,-23,14,-20,12,-18,10,-15,8,-13,2,-11,-3,-12,-8,-14,-12,-16,-15,-20,-21,-22,-23,-26,-22,-31,-21,-31,-19
CSI:98,32,6,0,-23,-18,-19,-15,-15,-13,-10,-11,-3,-10,2,-11,5,-13,10,-18,12,-21,13,-26,11,-29,12,-31,7,-32,5,-34,5,-34,3,-29,2,-28,3,-23,4,-19,6,-14,9,-11,12,-8,16,-6,19,-4,21,-3,0,0,0,0,0,0,0,0,0,0,0,0,0,0,0,0,0,0,0,0,0,0,2,7,-2,3,-5,2,-7,1,-13,-1,-16,-1,-21,0,-23,1,-27,3,-28,5,-31,6,-29,6,-27,8,-24,6,-21,6,-17,3,-13,-1,-11,-5,-10,-10,-11,-16,-10,-20,-14,-24,-16,-27,-20,-27,-23,-29,-23,-28
CSI:-5,-80,15,0,28,-2,22,-2,15,-2,11,0,7,3,2,9,3,14,2,18,2,22,4,26,9,30,11,31,13,31,15,30,16,29,16,25,15,22,10,19,8,14,2,14,-1,13,-5,13,-10,13,-13,15,-16,14,0,0,0,0,0,0,0,0,0,0,0,0,0,0,0,0,0,0,0,0,0,0,-7,-4,-3,-5,0,-4,5,-6,8,-8,12,-10,15,-14,18,-17,19,-20,20,-22,18,-25,18,-24,17,-24,15,-22,13,-19,12,-14,12,-8,14,-4,16,0,19,5,22,6,27,7,30,8,33,7,35,6,37,4
CSI:-126,32,8,0,-25,13,-20,10,-16,7,-13,4,-10,-1,-8,-6,-8,-13,-10,-16,-14,-23,-16,-24,-20,-25,-25,-24,-30,-20,-27,-21,-27,-19,-27,-18,-25,-14,-19,-13,-16,-10,-11,-11,-6,-13,-2,-15,3,-18,5,-19,8,-22,0,0,0,0,0,0,0,0,0,0,0,0,0,0,0,0,0,0,0,0,0,0,7,1,5,3,1,3,-3,6,-6,10,-9,14,-10,18,-11,22,-10,25,-10,29,-10,29,-8,28,-6,28,-5,25,-5,22,-6,16,-8,11,-13,8,-16,5,-19,4,-24,3,-29,3,-32,5,-35,7,-36,9,-34,10
CSI:-59,81,28,0,-31,6,-25,6,-18,3,-11,1,-10,-6,-5,-10,-3,-17,-3,-21,-4,-26,-6,-30,-12,-32,-15,-33,-17,-33,-19,-31,-19,-28,-20,-26,-17,-22,-15,-19,-8,-17,-5,-15,-1,-13,5,-14,9,-14,14,-15,17,-18,0,0,0,0,0,0,0,0,0,0,0,0,0,0,0,0,0,0,0,0,0,0,8,2,3,2,0,3,-4,6,-9,8,-13,11,-15,15,-17,18,-19,22,-19,26,-20,26,-19,26,-16,26,-16,23,-14,19,-14,15,-15,8,-16,5,-19,2,-22,-2,-25,-3,-29,-8,-34,-7,-37,-5,-38,-3,-37,0
CSI:-1,-16,15,0,17,-23,14,-17,10,-14,9,-10,10,-1,12,3,14,8,18,10,21,12,25,13,31,12,33,9,37,7,35,4,34,2,30,1,28,0,22,2,18,2,14,6,11,8,9,12,8,18,6,22,6,25,0,0,0,0,0,0,0,0,0,0,0,0,0,0,0,0,0,0,0,0,0,0,-9,-1,-4,-3,-1,-5,1,-8,5,-12,6,-16,7,-20,8,-24,5,-28,5,-31,5,-30,4,-32,2,-31,2,-27,2,-25,3,-19,7,-16,10,-14,16,-11,18,-13,24,-13,28,-17,31,-18,31,-22,29,-25,31,-26
CSI:87,113,21,0,10,27,8,20,6,16,1,14,-1,9,-9,7,-11,6,-15,5,-20,10,-22,13,-27,17,-25,20,-25,22,-23,25,-21,24,-18,24,-15,21,-15,18,-12,15,-13,10,-14,6,-16,3,-16,-1,-20,-5,-22,-6,0,0,0,0,0,0,0,0,0,0,0,0,0,0,0,0,0,0,0,0,0,0,4,-8,3,-5,3,0,4,3,6,7,8,11,11,15,15,17,18,18,22,18,23,19,23,18,23,16,20,15,18,12,13,12,8,12,4,13,1,16,-2,19,-3,23,-5,28,-4,31,-2,36,1,35,1,36
CSI:-10,96,15,0,2,-29,0,-24,-1,-20,2,-14,7,-7,10,-4,13,-2,16,0,20,-1,26,-3,30,-5,31,-8,32,-9,31,-11,30,-13,26,-12,24,-12,22,-10,18,-7,16,-3,14,0,13,6,14,9,13,14,14,17,0,0,0,0,0,0,0,0,0,0,0,0,0,0,0,0,0,0,0,0,0,0,-6,7,-5,3,-5,0,-5,-5,-6,-10,-8,-14,-9,-17,-13,-20,-14,-23,-18,-23,-20,-24,-20,-23,-19,-21,-17,-19,-16,-18,-10,-16,-6,-15,-2,-15,3,-16,8,-20,12,-23,12,-27,12,-29,11,-32,10,-35,7,-32
CSI:-75,80,11,0,-32,-7,-25,-6,-21,-2,-13,-5,-8,-5,-3,-10,-2,-14,1,-17,1,-22,-1,-27,-3,-31,-5,-32,-8,-33,-8,-33,-10,-32,-13,-29,-11,-25,-9,-23,-6,-20,-2,-18,0,-16,5,-16,10,-15,13,-15,17,-15,0,0,0,0,0,0,0,0,0,0,0,0,0,0,0,0,0,0,0,0,0,0,6,7,3,5,-1,4,-5,3,-10,3,-15,3,-18,5,-22,7,-25,9,-27,12,-28,12,-26,14,-25,14,-23,12,-18,11,-17,7,-16,2,-14,-2,-16,-5,-17,-11,-20,-14,-24,-18,-28,-19,-30,-19,-34,-17,-33,-17
CSI:-123,80,8,0,-22,14,-18,11,-13,7,-12,4,-11,-2,-12,-7,-11,-12,-11,-15,-18,-17,-20,-18,-24,-18,-29,-17,-31,-16,-28,-15,-29,-11,-28,-11,-23,-6,-21,-7,-17,-7,-12,-9,-9,-9,-6,-12,-2,-15,-1,-17,0,-21,0,0,0,0,0,0,0,0,0,0,0,0,0,0,0,0,0,0,0,0,0,0,9,2,4,2,1,4,-1,6,-4,10,-7,12,-6,16,-8,19,-8,22,-8,26,-7,25,-6,25,-5,24,-5,22,-5,19,-6,14,-8,11,-12,8,-15,6,-19,5,-23,5,-27,6,-30,8,-32,8,-33,12,-30,14
CSI:-86,-95,26,0,-31,-1,-24,-1,-19,-5,-12,-4,-6,-8,-2,-12,1,-18,4,-24,1,-29,1,-32,-3,-37,-6,-37,-8,-37,-12,-37,-12,-34,-14,-30,-10,-27,-8,-23,-5,-19,-1,-16,4,-14,8,-13,12,-14,18,-13,21,-15,0,0,0,0,0,0,0,0,0,0,0,0,0,0,0,0,0,0,0,0,0,0,8,3,3,2,-1,3,-6,3,-10,6,-15,7,-18,10,-21,13,-23,16,-23,20,-23,21,-24,20,-21,20,-18,18,-16,14,-15,8,-15,4,-17,-1,-18,-6,-22,-9,-25,-13,-31,-14,-33,-15,-37,-12,-41,-13,-40,-12
CSI:-67,-47,27,0,-16,23,-12,18,-10,13,-10,6,-9,1,-13,-4,-13,-11,-18,-14,-22,-13,-27,-14,-28,-14,-31,-12,-36,-11,-33,-9,-32,-5,-31,-3,-27,-3,-22,-4,-18,-4,-13,-7,-11,-10,-8,-14,-7,-17,-5,-20,-4,-23,0,0,0,0,0,0,0,0,0,0,0,0,0,0,0,0,0,0,0,0,0,0,7,-5,4,-1,2,2,1,6,-1,10,-2,14,-1,18,0,22,0,25,2,28,3,28,4,27,4,26,3,24,2,21,-1,17,-5,14,-9,12,-14,12,-18,13,-22,13,-25,16,-27,19,-29,23,-29,24,-24,26
CSI:-92,64,10,0,-25,-10,-21,-6,-16,-7,-8,-8,-2,-7,2,-10,8,-13,10,-18,11,-22,12,-27,10,-29,9,-32,7,-33,6,-34,4,-31,3,-29,2,-25,4,-21,4,-17,7,-13,8,-9,12,-6,15,-4,19,-2,22,-1,0,0,0,0,0,0,0,0,0,0,0,0,0,0,0,0,0,0,0,0,0,0,6,3,2,3,-1,2,-6,2,-10,3,-14,4,-17,6,-22,9,-23,10,-25,12,-24,13,-24,14,-22,14,-20,12,-17,9,-15,4,-13,1,-14,-5,-14,-9,-15,-14,-16,-18,-21,-21,-22,-22,-29,-22,-32,-21,-31,-19
CSI:-86,-95,26,0,7,30,5,21,5,17,2,11,-5,5,-7,1,-13,-2,-19,-3,-25,-5,-30,-4,-33,-1,-35,-1,-36,2,-37,5,-35,6,-32,5,-28,5,-25,2,-20,-1,-15,-3,-11,-8,-9,-12,-5,-18,-2,-21,0,-26,0,0,0,0,0,0,0,0,0,0,0,0,0,0,0,0,0,0,0,0,0,0,-7,-3,-4,-1,0,1,5,3,9,4,15,5,18,6,22,5,26,3,27,2,28,1,26,1,25,2,22,2,17,3,12,5,7,7,4,11,1,17,-2,23,-3,28,0,32,-1,38,1,40,2,42,6,41
CSI:120,-127,23,0,14,-30,11,-24,7,-17,7,-12,5,-4,8,4,10,8,11,15,15,16,19,19,24,18,28,21,32,18,31,18,29,15,30,13,25,9,21,12,16,10,9,11,5,11,-1,14,-6,15,-11,18,-14,22,0,0,0,0,0,0,0,0,0,0,0,0,0,0,0,0,0,0,0,0,0,0,2,5,1,3,-1,-2,-2,-6,-3,-10,-6,-14,-10,-18,-13,-22,-16,-22,-18,-24,-18,-22,-18,-21,-17,-20,-15,-17,-12,-15,-7,-13,-1,-12,4,-12,11,-14,17,-16,19,-19,23,-23,26,-29,26,-30,26,-34,23,-34
CSI:-116,-64,8,0,15,27,13,18,10,16,5,12,-2,7,-7,3,-13,3,-19,4,-25,5,-28,9,-30,11,-32,14,-32,17,-30,18,-29,18,-27,18,-23,15,-21,12,-18,8,-15,2,-14,-3,-13,-8,-10,-14,-11,-19,-11,-22,0,0,0,0,0,0,0,0,0,0,0,0,0,0,0,0,0,0,0,0,0,0,-7,0,-4,0,1,1,5,2,10,1,15,0,19,-1,22,-3,25,-6,26,-7,27,-9,26,-8,24,-8,21,-6,17,-4,13,0,10,6,9,9,7,15,6,21,8,27,11,31,11,35,15,38,16,37,20,37
CSI:-46,33,29,0,28,13,24,12,16,9,11,7,1,6,-7,6,-10,7,-16,12,-17,15,-24,18,-21,24,-24,29,-22,29,-19,27,-20,31,-14,28,-12,22,-13,19,-12,15,-14,9,-12,2,-14,-3,-16,-7,-19,-12,-19,-16,0,0,0,0,0,0,0,0,0,0,0,0,0,0,0,0,0,0,0,0,0,0,-7,3,-2,2,1,0,6,-1,9,-4,13,-8,16,-11,19,-14,21,-17,20,-19,20,-19,20,-19,18,-18,16,-15,14,-12,12,-6,11,-1,12,5,13,11,15,15,18,20,23,24,27,25,29,26,32,25,34,25
CSI:-81,-15,26,0,26,8,19,6,15,4,10,3,1,3,-5,6,-11,7,-14,12,-19,15,-18,19,-19,24,-18,26,-18,28,-17,30,-15,31,-13,27,-14,23,-12,19,-12,15,-13,10,-16,5,-16,1,-19,-3,-21,-7,-23,-10,0,0,0,0,0,0,0,0,0,0,0,0,0,0,0,0,0,0,0,0,0,0,-5,3,-1,1,3,0,7,-1,10,-5,14,-7,17,-10,20,-13,22,-17,21,-20,21,-19,20,-20,19,-20,17,-17,17,-14,14,-10,13,-3,13,0,14,6,16,11,19,14,22,17,25,18,29,19,31,18,31,17
CSI:125,-48,7,0,-5,30,-2,25,1,17,-4,12,-6,7,-7,-2,-9,-6,-12,-10,-19,-12,-23,-14,-28,-14,-32,-12,-33,-11,-34,-9,-34,-9,-33,-9,-29,-7,-26,-9,-22,-8,-16,-10,-12,-13,-7,-15,-4,-17,0,-21,3,-23,0,0,0,0,0,0,0,0,0,0,0,0,0,0,0,0,0,0,0,0,0,0,-7,-6,-5,-2,-3,1,0,4,4,8,9,11,14,13,17,14,22,15,24,15,26,15,26,14,24,14,21,11,17,11,13,11,8,10,3,12,-2,14,-6,18,-10,22,-11,25,-14,32,-12,35,-13,37,-8,39
CSI:-37,-80,13,0,30,-1,24,-2,16,-2,12,-1,4,1,0,5,-5,9,-7,12,-9,18,-9,24,-8,28,-6,32,-6,32,-4,34,-3,33,-3,32,-2,29,-3,24,-5,21,-7,17,-10,13,-13,8,-18,5,-21,2,-24,0,0,0,0,0,0,0,0,0,0,0,0,0,0,0,0,0,0,0,0,0,0,0,-4,7,-2,5,1,2,5,-2,8,-7,10,-11,12,-16,13,-20,15,-24,13,-27,12,-28,12,-27,10,-27,9,-24,9,-20,9,-16,10,-11,8,-7,14,-1,19,4,22,7,26,7,33,8,35,8,38,5,39,3
CSI:-119,-112,8,0,27,-7,21,-8,17,-9,11,-4,4,-2,-2,2,-5,7,-9,12,-10,19,-11,23,-10,27,-10,31,-9,32,-8,32,-8,31,-6,30,-5,25,-7,22,-8,17,-9,11,-10,6,-13,2,-15,-3,-18,-7,-19,-11,0,0,0,0,0,0,0,0,0,0,0,0,0,0,0,0,0,0,0,0,0,0,3,5,3,2,3,-2,3,-6,3,-12,2,-16,1,-19,0,-24,-2,-26,-4,-27,-4,-29,-5,-28,-4,-25,-3,-23,-1,-20,1,-15,4,-11,7,-8,12,-5,18,-3,24,-4,27,-2,35,-2,35,-5,35,-7,33,-8
CSI:98,32,6,0,17,-22,14,-18,10,-12,7,-6,7,1,7,6,8,12,10,17,14,21,18,22,22,22,25,22,27,21,28,20,26,16,25,16,21,14,17,12,13,11,7,10,4,13,-1,15,-4,17,-9,19,-11,21,0,0,0,0,0,0,0,0,0,0,0,0,0,0,0,0,0,0,0,0,0,0,-2,6,-1,2,0,-3,0,-7,0,-13,0,-17,-2,-22,-3,-26,-6,-29,-6,-31,-6,-30,-7,-29,-8,-29,-7,-25,-4,-22,-2,-18,2,-15,7,-14,11,-13,17,-13,21,-16,26,-17,28,-20,29,-21,30,-25,26,-26
CSI:-90,97,26,0,-20,-20,-14,-17,-11,-11,-7,-8,0,-7,6,-7,13,-5,18,-9,22,-12,27,-15,27,-18,27,-23,24,-22,24,-27,23,-25,20,-26,18,-22,14,-19,14,-14,14,-9,14,-5,14,0,16,5,19,8,20,11,0,0,0,0,0,0,0,0,0,0,0,0,0,0,0,0,0,0,0,0,0,0,8,4,3,1,-1,-1,-6,-2,-11,-3,-15,-3,-20,-1,-25,-1,-27,1,-30,2,-31,2,-31,2,-29,3,-27,2,-22,1,-19,-2,-15,-3,-14,-9,-12,-13,-11,-19,-12,-22,-12,-26,-14,-31,-18,-32,-19,-33,-22,-32
CSI:-123,80,8,0,-2,28,0,21,0,17,-2,8,-5,5,-10,-1,-13,-5,-17,-7,-24,-7,-30,-8,-32,-7,-37,-5,-37,-1,-38,1,-37,2,-34,3,-31,4,-26,2,-22,0,-17,-3,-14,-9,-11,-12,-9,-16,-6,-21,-5,-24,0,0,0,0,0,0,0,0,0,0,0,0,0,0,0,0,0,0,0,0,0,0,-2,-6,-1,-2,1,2,3,6,5,11,9,15,13,17,17,20,19,22,22,22,24,22,23,21,23,19,21,18,17,16,12,13,7,13,2,14,-2,16,-7,19,-10,22,-11,27,-13,30,-11,32,-11,35,-8,37
CSI:-74,96,11,0,-2,27,0,22,-1,19,-3,12,-4,9,-8,3,-11,1,-17,-2,-20,-2,-27,-1,-31,0,-32,2,-33,5,-34,9,-32,8,-31,10,-28,8,-23,5,-21,4,-18,0,-16,-3,-14,-7,-14,-11,-12,-17,-12,-19,0,0,0,0,0,0,0,0,0,0,0,0,0,0,0,0,0,0,0,0,0,0,1,-8,1,-5,1,-1,2,4,5,9,8,13,10,17,13,20,17,21,20,24,21,23,21,22,21,20,20,19,17,16,14,13,9,12,5,12,-1,12,-4,16,-8,18,-10,22,-12,26,-11,29,-11,31,-8,33
CSI:-117,-79,24,0,3,-29,1,-24,2,-20,2,-14,4,-8,6,-5,11,0,14,5,19,6,24,5,28,5,31,4,34,3,35,0,35,-1,32,-2,29,-3,25,-2,22,-1,18,2,14,4,12,8,9,12,6,16,5,19,0,0,0,0,0,0,0,0,0,0,0,0,0,0,0,0,0,0,0,0,0,0,0,9,0,5,-2,1,-3,-3,-5,-8,-7,-13,-11,-16,-15,-20,-18,-23,-22,-23,-23,-23,-25,-23,-25,-21,-23,-19,-20,-17,-16,-14,-12,-13,-6,-12,-2,-13,5,-15,9,-18,13,-20,14,-25,15,-28,13,-31,15,-34
CSI:-34,-31,29,0,-25,-14,-24,-9,-18,-7,-12,-6,-5,-5,0,-6,5,-8,10,-11,15,-15,18,-20,18,-22,19,-26,18,-30,18,-31,16,-31,14,-31,13,-28,12,-25,11,-21,9,-15,10,-9,12,-4,13,1,15,5,16,10,0,0,0,0,0,0,0,0,0,0,0,0,0,0,0,0,0,0,0,0,0,0,8,-2,4,-2,0,-1,-5,2,-9,5,-14,6,-17,10,-21,14,-23,17,-23,20,-25,22,-24,21,-22,22,-19,19,-16,17,-14,12,-11,7,-11,1,-12,-4,-13,-9,-15,-14,-18,-18,-21,-21,-23,-22,-27,-23,-26,-21
CSI:-89,112,10,0,21,21,14,19,10,14,7,7,1,6,-7,6,-12,7,-18,9,-21,13,-24,18,-24,21,-25,26,-23,29,-22,31,-20,31,-17,30,-15,28,-13,23,-12,18,-13,13,-13,7,-14,2,-17,-1,-19,-7,-22,-10,0,0,0,0,0,0,0,0,0,0,0,0,0,0,0,0,0,0,0,0,0,0,-5,-6,-1,-5,2,-3,7,-1,12,-1,18,1,23,0,28,0,31,-2,33,-4,34,-3,34,-6,33,-6,29,-6,24,-5,19,-3,15,1,13,6,10,12,10,18,10,22,11,26,12,30,17,32,17,32,20,34
CSI:-122,96,8,0,22,15,16,12,11,9,6,8,0,9,-7,13,-9,17,-14,21,-16,25,-15,30,-13,34,-10,37,-5,38,-3,39,0,39,1,33,1,29,0,26,-1,20,-4,15,-7,11,-11,8,-16,5,-21,3,-24,2,0,0,0,0,0,0,0,0,0,0,0,0,0,0,0,0,0,0,0,0,0,0,-4,-9,2,-7,5,-7,9,-5,15,-5,20,-5,24,-6,28,-7,32,-9,34,-11,33,-11,32,-11,30,-11,27,-10,23,-8,17,-4,15,1,12,7,11,12,14,18,14,23,17,24,21,30,22,28,25,29,25,31
CSI:-120,-128,8,0,25,2,20,1,13,2,8,5,4,6,-2,10,-7,16,-7,19,-6,22,-5,28,-5,31,-4,33,1,32,1,34,3,33,5,29,6,25,3,19,1,15,-2,11,-6,8,-10,6,-14,2,-17,0,-20,-1,0,0,0,0,0,0,0,0,0,0,0,0,0,0,0,0,0,0,0,0,0,0,-6,1,-3,-1,0,-5,2,-7,4,-11,6,-15,7,-20,8,-24,8,-26,8,-29,8,-29,8,-28,6,-27,6,-23,5,-18,6,-12,8,-7,10,-3,13,2,17,7,21,9,25,10,30,11,32,9,33,8,32,6
CSI:-94,32,10,0,23,-14,19,-11,13,-8,12,-4,9,0,8,6,9,10,12,15,14,19,17,20,21,19,26,20,27,20,26,14,27,13,25,12,22,9,16,7,13,7,7,8,3,9,-1,10,-4,12,-9,14,-11,17,0,0,0,0,0,0,0,0,0,0,0,0,0,0,0,0,0,0,0,0,0,0,-10,3,-7,-1,-5,-3,-4,-8,-3,-11,-1,-15,-1,-19,-1,-23,-2,-26,-3,-28,-4,-28,-4,-28,-4,-26,-3,-23,-2,-18,0,-14,5,-10,8,-7,13,-6,18,-4,23,-4,27,-5,29,-7,33,-9,34,-13,33,-14
CSI:98,32,6,0,-6,-27,-9,-23,-5,-18,1,-14,5,-6,10,-5,18,-4,23,-2,27,-3,33,-7,32,-12,32,-14,31,-17,32,-18,29,-18,25,-16,22,-15,18,-10,15,-7,12,-3,7,4,6,9,3,16,5,18,5,22,0,0,0,0,0,0,0,0,0,0,0,0,0,0,0,0,0,0,0,0,0,0,3,7,1,5,-4,3,-8,2,-13,0,-18,0,-23,0,-26,-1,-29,0,-31,2,-32,2,-30,2,-28,3,-24,1,-19,-1,-15,-4,-10,-6,-5,-10,0,-17,1,-22,3,-30,2,-31,0,-37,-1,-41,-4,-42,-4,-40
CSI:-89,112,10,0,21,19,18,16,12,11,5,7,-1,4,-7,7,-10,7,-16,11,-20,14,-21,19,-22,24,-23,26,-19,27,-20,30,-16,30,-13,29,-11,23,-10,20,-9,15,-9,9,-9,3,-11,-4,-13,-9,-14,-12,-16,-17,0,0,0,0,0,0,0,0,0,0,0,0,0,0,0,0,0,0,0,0,0,0,-7,-4,-3,-5,1,-5,5,-6,9,-7,12,-8,17,-11,20,-14,23,-16,24,-17,24,-17,23,-18,20,-16,18,-14,15,-10,12,-6,10,0,9,6,8,12,7,18,13,23,16,29,14,29,16,32,23,31,22,29
CSI:120,-128,7,0,12,-24,11,-21,8,-13,7,-8,9,-2,9,4,15,8,17,13,22,11,26,14,30,13,33,9,36,9,33,7,32,5,31,4,26,4,21,4,14,4,9,7,7,10,1,13,0,17,-3,20,-6,23,0,0,0,0,0,0,0,0,0,0,0,0,0,0,0,0,0,0,0,0,0,0,-2,5,-3,1,-3,-3,-5,-6,-8,-10,-9,-13,-11,-15,-15,-20,-18,-22,-20,-22,-19,-21,-21,-21,-20,-19,-16,-16,-13,-14,-8,-11,-1,-10,4,-11,10,-10,16,-14,20,-16,23,-21,25,-23,23,-27,26,-32,24,-30
CSI:-27,80,14,0,-25,20,-20,13,-17,11,-14,7,-11,-1,-11,-4,-12,-12,-15,-17,-19,-18,-22,-21,-25,-19,-29,-21,-32,-19,-33,-15,-30,-16,-30,-12,-24,-10,-20,-10,-15,-8,-9,-9,-4,-11,0,-13,4,-16,8,-19,12,-21,0,0,0,0,0,0,0,0,0,0,0,0,0,0,0,0,0,0,0,0,0,0,7,-5,6,-2,4,1,3,4,2,9,3,14,3,17,4,22,5,24,6,26,6,26,7,26,6,26,7,23,3,17,0,13,-4,10,-9,7,-13,6,-20,5,-26,6,-28,9,-32,11,-35,16,-38,18,-34,22
CSI:101,80,6,0,-30,-6,-23,-1,-16,-2,-8,-2,-5,-7,0,-6,7,-11,10,-17,12,-18,12,-25,13,-28,10,-31,7,-33,8,-31,6,-32,4,-31,3,-26,4,-23,5,-17,5,-11,8,-6,10,-1,15,3,17,8,20,12,0,0,0,0,0,0,0,0,0,0,0,0,0,0,0,0,0,0,0,0,0,0,6,-6,3,-2,1,1,-1,3,-3,8,-5,13,-6,16,-7,20,-8,23,-7,25,-7,26,-6,24,-6,23,-6,19,-6,15,-7,8,-10,4,-12,-2,-14,-7,-20,-10,-26,-13,-29,-16,-37,-14,-37,-15,-38,-15,-39,-13
CSI:98,32,6,0,-37,5,-31,4,-23,4,-18,4,-10,0,-3,-2,2,-7,6,-13,9,-17,11,-22,12,-29,11,-31,8,-35,10,-35,8,-35,7,-34,7,-30,5,-27,6,-20,8,-14,9,-8,10,-2,15,2,16,9,18,14,0,0,0,0,0,0,0,0,0,0,0,0,0,0,0,0,0,0,0,0,0,0,1,-14,2,-10,-1,-5,0,0,1,5,1,11,3,16,4,21,5,25,8,29,8,30,8,30,8,29,10,25,6,21,3,17,0,12,-5,6,-8,1,-16,-2,-22,-5,-29,-5,-33,-5,-39,-5,-43,-4,-42,-2
CSI:-123,80,8,0,-29,18,-20,13,-13,10,-8,4,-2,-2,0,-7,6,-15,7,-19,9,-27,10,-31,6,-35,5,-38,0,-38,0,-42,1,-37,4,-36,1,-28,2,-24,4,-19,6,-13,9,-6,12,0,14,4,17,8,19,14,0,0,0,0,0,0,0,0,0,0,0,0,0,0,0,0,0,0,0,0,0,0,-7,-5,-4,-4,-2,0,0,3,5,7,8,9,12,13,15,15,18,17,20,17,20,17,19,17,18,15,15,13,10,10,4,9,-2,8,-9,6,-15,7,-20,7,-29,8,-33,11,-36,13,-40,17,-42,18,-38,18
CSI:-51,-48,12,0,-17,-28,-17,-19,-11,-14,-7,-9,1,-2,8,0,13,4,20,6,25,7,30,5,34,4,38,4,39,1,37,-1,36,-1,33,-1,29,0,23,1,18,2,11,6,6,9,1,12,-4,16,-10,18,-13,21,0,0,0,0,0,0,0,0,0,0,0,0,0,0,0,0,0,0,0,0,0,0,5,-6,2,-4,-2,-2,-4,1,-9,4,-11,8,-14,10,-17,14,-19,18,-18,19,-19,19,-19,19,-16,18,-16,12,-11,7,-9,4,-9,-1,-7,-8,-7,-15,-9,-21,-10,-28,-13,-34,-15,-36,-15,-41,-20,-39,-18,-36
CSI:-54,-96,12,0,-22,15,-16,10,-10,7,-6,2,0,-5,2,-11,5,-18,5,-23,3,-28,2,-33,0,-35,-4,-38,-7,-39,-7,-36,-7,-34,-7,-31,-5,-26,-2,-21,1,-17,4,-11,8,-7,13,-3,17,0,21,3,24,6,0,0,0,0,0,0,0,0,0,0,0,0,0,0,0,0,0,0,0,0,0,0,-2,-6,-1,-2,-1,2,1,6,2,10,3,14,6,18,8,21,11,23,12,24,11,24,11,24,10,23,7,19,4,17,-2,13,-8,10,-12,9,-18,8,-24,8,-30,9,-34,8,-36,11,-39,12,-40,16,-37,18
CSI:-126,32,8,0,-13,-23,-12,-18,-6,-11,-3,-6,4,1,9,4,15,5,21,7,27,8,31,5,34,5,35,1,36,-1,37,-2,32,-4,30,-4,26,-3,21,-2,15,1,10,5,6,8,1,13,-2,17,-6,20,-8,23,0,0,0,0,0,0,0,0,0,0,0,0,0,0,0,0,0,0,0,0,0,0,5,0,1,-1,-3,-1,-7,-1,-11,0,-15,1,-19,4,-23,4,-25,6,-27,7,-27,7,-25,7,-23,5,-21,4,-17,0,-13,-4,-10,-8,-9,-12,-7,-19,-5,-26,-6,-30,-5,-33,-10,-40,-9,-39,-12,-36,-13,-36
CSI:-119,-112,8,0,-19,17,-12,13,-10,6,-4,2,0,-5,2,-12,4,-18,4,-23,1,-28,0,-33,-5,-35,-6,-37,-9,-36,-8,-35,-9,-34,-11,-30,-7,-26,-4,-20,0,-17,3,-12,8,-6,12,-3,17,0,20,1,24,3,0,0,0,0,0,0,0,0,0,0,0,0,0,0,0,0,0,0,0,0,0,0,-3,-6,-2,-2,0,2,2,5,4,10,5,14,7,17,11,19,12,22,15,23,14,23,13,23,12,21,9,19,5,17,0,12,-6,11,-12,10,-17,9,-23,11,-29,11,-31,14,-35,15,-35,17,-36,18,-33,21
CSI:11,-79,16,0,-19,-17,-15,-12,-10,-8,-3,-4,4,-1,11,1,17,1,24,0,28,-3,32,-5,33,-8,34,-10,38,-14,33,-16,31,-17,29,-13,23,-10,18,-9,15,-3,11,2,9,6,6,12,4,17,2,20,-1,24,0,0,0,0,0,0,0,0,0,0,0,0,0,0,0,0,0,0,0,0,0,0,5,-2,0,0,-3,0,-6,2,-11,3,-14,6,-17,9,-20,13,-22,15,-22,16,-23,16,-23,16,-20,13,-19,10,-16,6,-14,1,-14,-4,-12,-10,-13,-16,-13,-22,-16,-26,-17,-30,-20,-33,-23,-34,-24,-32,-25,-30
CSI:-102,-95,25,0,-18,11,-13,7,-7,1,-2,-3,-1,-9,-1,-15,0,-22,0,-28,-2,-33,-8,-34,-10,-37,-13,-37,-15,-37,-16,-34,-16,-32,-16,-28,-12,-24,-9,-20,-4,-17,0,-14,4,-12,10,-12,14,-9,18,-10,21,-8,0,0,0,0,0,0,0,0,0,0,0,0,0,0,0,0,0,0,0,0,0,0,0,1,0,5,-2,8,-3,13,-3,17,-2,20,-2,24,0,26,0,29,1,29,3,29,2,27,2,25,0,22,-1,19,-5,13,-9,10,-13,8,-17,7,-22,8,-26,8,-28,8,-31,10,-33,12,-32,13,-28,14
CSI:-107,80,9,0,18,-6,13,-4,6,0,1,1,-4,8,-8,13,-9,19,-10,24,-9,29,-8,32,-5,37,-5,37,-1,38,1,37,1,34,2,30,1,27,-1,22,-4,16,-7,11,-11,8,-14,5,-18,2,-21,-1,-24,-3,0,0,0,0,0,0,0,0,0,0,0,0,0,0,0,0,0,0,0,0,0,0,-1,-2,1,-6,2,-9,3,-14,4,-17,5,-20,5,-25,4,-27,3,-29,2,-30,3,-29,3,-28,2,-26,3,-22,4,-19,7,-14,10,-9,13,-8,18,-5,23,-2,25,-1,28,-2,31,-3,34,-2,33,-5,33,-9
CSI:72,-127,20,0,-6,-16,-4,-12,-1,-8,4,-2,7,2,12,3,18,4,23,4,29,2,29,1,33,0,32,-2,32,-6,32,-6,30,-8,26,-7,22,-6,18,-3,14,-2,12,2,8,6,6,10,6,14,4,17,2,20,0,0,0,0,0,0,0,0,0,0,0,0,0,0,0,0,0,0,0,0,0,0,0,0,-5,-2,-7,-3,-12,-5,-14,-7,-18,-7,-20,-8,-24,-7,-25,-6,-27,-6,-26,-5,-26,-5,-22,-4,-19,-5,-16,-6,-12,-8,-9,-9,-6,-12,-4,-17,-2,-20,-2,-24,-1,-26,-3,-28,-5,-30,-5,-29,-7,-28
CSI:-115,-48,8,0,10,-16,8,-12,5,-5,6,3,3,10,3,16,6,21,6,25,11,27,16,31,20,31,22,31,23,29,23,25,23,25,22,21,18,19,13,16,8,15,2,13,-2,12,-8,12,-12,13,-15,13,-19,15,0,0,0,0,0,0,0,0,0,0,0,0,0,0,0,0,0,0,0,0,0,0,-1,-2,-2,-5,-2,-10,-3,-13,-4,-17,-5,-20,-7,-24,-9,-26,-10,-27,-13,-28,-13,-27,-12,-25,-11,-24,-8,-22,-6,-19,-2,-15,4,-13,10,-14,13,-14,17,-13,19,-15,24,-19,26,-19,27,-21,24,-21,20,-19
CSI:-108,65,25,0,12,-13,10,-9,10,-2,8,0,9,5,9,11,11,14,15,17,19,17,22,19,26,19,28,17,29,16,30,12,29,11,27,10,24,7,18,6,14,7,8,9,6,9,1,11,-2,14,-6,16,-8,18,0,0,0,0,0,0,0,0,0,0,0,0,0,0,0,0,0,0,0,0,0,0,-3,-2,-1,-4,0,-7,0,-10,0,-14,-2,-17,-3,-19,-4,-23,-6,-23,-7,-25,-7,-26,-8,-24,-8,-22,-6,-19,-3,-16,-1,-13,3,-10,6,-11,11,-9,15,-10,19,-12,22,-14,25,-16,26,-18,23,-18,24,-18
CSI:98,32,6,0,8,-22,7,-16,7,-13,9,-6,10,2,13,3,16,8,21,8,25,10,29,9,32,9,36,5,36,2,34,0,33,-1,30,-2,27,-3,22,-2,18,0,13,2,8,5,5,9,2,12,1,15,-1,18,0,0,0,0,0,0,0,0,0,0,0,0,0,0,0,0,0,0,0,0,0,0,-4,1,-5,-1,-6,-5,-8,-8,-11,-12,-13,-14,-16,-16,-20,-18,-21,-19,-23,-17,-22,-17,-23,-17,-21,-16,-18,-14,-15,-13,-9,-11,-5,-12,0,-11,4,-14,9,-16,13,-19,14,-22,14,-25,15,-27,12,-30,11,-27
CSI:-115,-48,8,0,7,-20,6,-16,8,-10,8,-6,11,-2,12,1,16,5,21,6,26,4,28,3,32,-1,32,-1,34,-5,32,-7,29,-6,27,-8,23,-8,20,-5,17,-3,13,-1,10,4,7,6,6,11,5,13,3,17,0,0,0,0,0,0,0,0,0,0,0,0,0,0,0,0,0,0,0,0,0,0,-4,0,-5,-3,-5,-6,-7,-9,-8,-11,-11,-15,-14,-16,-16,-18,-18,-19,-21,-19,-21,-18,-20,-16,-20,-16,-17,-14,-12,-13,-8,-11,-4,-11,0,-12,3,-13,8,-15,11,-18,12,-21,14,-23,13,-25,11,-29,11,-27
CSI:-101,-80,9,0,8,-24,6,-20,7,-11,7,-10,12,-1,13,3,19,5,24,9,29,7,32,5,36,3,38,0,38,-3,37,-5,35,-6,33,-7,28,-7,23,-5,19,-2,14,0,12,4,8,8,6,12,4,17,3,19,0,0,0,0,0,0,0,0,0,0,0,0,0,0,0,0,0,0,0,0,0,0,-5,1,-6,-3,-7,-6,-8,-9,-11,-13,-13,-17,-17,-18,-19,-21,-20,-21,-23,-21,-23,-21,-24,-20,-21,-19,-18,-16,-15,-15,-9,-13,-5,-12,0,-12,5,-15,9,-18,12,-20,14,-25,16,-27,16,-29,13,-30,12,-31
CSI:-118,-96,8,0,-22,4,-16,0,-9,-3,-7,-6,-5,-10,-2,-14,-3,-22,-2,-25,-5,-29,-7,-31,-11,-34,-14,-34,-16,-35,-15,-32,-16,-29,-16,-27,-13,-23,-11,-19,-7,-16,-2,-12,2,-11,6,-9,10,-8,14,-6,17,-6,0,0,0,0,0,0,0,0,0,0,0,0,0,0,0,0,0,0,0,0,0,0,3,2,0,4,-2,7,-3,11,-4,14,-5,18,-5,20,-4,24,-5,26,-3,28,-2,27,-2,25,-1,24,-2,21,-3,17,-5,11,-7,7,-11,4,-14,1,-18,-1,-24,-2,-26,-3,-30,-3,-31,1,-31,3,-27,3
CSI:98,32,6,0,-19,-14,-13,-11,-9,-11,-3,-10,2,-14,6,-17,8,-19,12,-25,11,-28,9,-33,7,-36,5,-38,1,-37,0,-37,-2,-35,-2,-32,-1,-27,-1,-23,1,-18,4,-14,8,-10,12,-8,15,-6,18,-2,22,-1,0,0,0,0,0,0,0,0,0,0,0,0,0,0,0,0,0,0,0,0,0,0,-1,6,-4,5,-8,5,-12,4,-15,6,-19,7,-22,8,-26,11,-27,13,-27,14,-27,13,-25,14,-23,13,-21,10,-16,7,-15,2,-13,0,-13,-6,-12,-11,-13,-16,-15,-20,-17,-22,-20,-25,-24,-24,-23,-19,-26,-18
CSI:-119,-112,8,0,14,19,11,17,6,13,0,9,-6,9,-14,10,-21,10,-24,12,-26,14,-29,20,-30,23,-29,27,-26,30,-24,32,-24,32,-19,28,-16,25,-16,20,-13,16,-13,9,-13,3,-13,-4,-13,-9,-16,-13,-15,-17,0,0,0,0,0,0,0,0,0,0,0,0,0,0,0,0,0,0,0,0,0,0,-1,-5,2,-6,5,-5,9,-7,13,-7,18,-9,21,-12,24,-13,26,-15,26,-18,27,-18,25,-17,22,-18,19,-14,14,-11,12,-5,9,0,7,5,7,12,6,18,6,23,8,27,12,28,14,31,15,30,18,29
CSI:-71,-111,27,0,-17,-15,-11,-13,-4,-12,-1,-8,7,-7,12,-8,16,-10,20,-11,23,-13,25,-19,25,-21,27,-24,24,-26,23,-25,21,-25,18,-25,15,-20,15,-17,12,-13,10,-6,9,-2,10,4,10,8,9,13,10,16,0,0,0,0,0,0,0,0,0,0,0,0,0,0,0,0,0,0,0,0,0,0,2,3,-1,5,-4,5,-6,9,-9,12,-11,14,-13,17,-14,20,-15,23,-16,24,-15,23,-14,23,-12,21,-11,19,-8,12,-7,7,-7,2,-7,-3,-8,-10,-10,-14,-11,-19,-15,-21,-19,-25,-19,-25,-21,-26,-22,-22
CSI:-12,64,15,0,-24,-1,-18,-3,-16,-4,-11,-6,-10,-10,-5,-17,-5,-19,-7,-22,-8,-29,-12,-29,-18,-31,-21,-28,-22,-28,-23,-26,-23,-22,-24,-19,-20,-15,-16,-14,-11,-12,-6,-12,-3,-11,1,-14,6,-15,11,-16,12,-17,0,0,0,0,0,0,0,0,0,0,0,0,0,0,0,0,0,0,0,0,0,0,3,8,-1,9,-5,8,-8,10,-12,11,-16,12,-18,15,-20,16,-21,20,-23,21,-22,19,-21,19,-19,19,-17,15,-15,12,-14,4,-13,0,-16,-4,-18,-9,-22,-12,-26,-14,-27,-13,-31,-16,-34,-14,-37,-10,-36,-10
CSI:-36,-64,13,0,-2,21,0,19,-4,12,-8,9,-10,7,-13,2,-19,3,-22,3,-27,5,-28,10,-30,14,-29,15,-29,18,-25,18,-25,20,-21,17,-16,17,-16,13,-12,9,-12,4,-10,-1,-11,-6,-13,-9,-14,-12,-14,-16,0,0,0,0,0,0,0,0,0,0,0,0,0,0,0,0,0,0,0,0,0,0,6,-6,8,-3,8,0,10,3,12,7,14,9,19,12,21,12,23,14,25,13,25,13,24,12,21,12,17,9,13,10,8,9,2,12,-1,13,-6,17,-9,20,-9,24,-10,27,-10,32,-6,32,-7,33,-1,34
CSI:-37,-80,13,0,22,1,15,2,8,3,6,6,0,9,-2,14,-4,18,-2,22,-2,25,1,27,6,32,8,31,8,30,10,28,12,26,11,21,7,19,3,14,2,12,-3,9,-5,10,-11,10,-15,9,-18,9,-21,10,0,0,0,0,0,0,0,0,0,0,0,0,0,0,0,0,0,0,0,0,0,0,-4,-7,1,-10,4,-10,5,-11,11,-16,13,-18,13,-21,14,-24,15,-26,14,-28,14,-26,12,-24,11,-22,11,-18,10,-13,10,-7,11,-3,14,0,16,5,20,8,24,10,29,11,31,9,34,8,34,8,32,4
CSI:-72,-128,11,0,-23,3,-18,0,-12,-2,-8,-8,-8,-14,-7,-16,-7,-19,-13,-24,-12,-25,-17,-25,-22,-23,-24,-20,-27,-17,-26,-18,-23,-13,-24,-8,-18,-8,-15,-10,-13,-10,-7,-9,-4,-12,-3,-16,-1,-18,-1,-20,3,-22,0,0,0,0,0,0,0,0,0,0,0,0,0,0,0,0,0,0,0,0,0,0,-1,9,1,7,-5,8,-7,9,-10,11,-14,16,-14,17,-18,20,-17,23,-18,25,-18,24,-17,23,-15,21,-16,18,-16,14,-17,7,-17,4,-21,-2,-23,-2,-27,-4,-31,-5,-35,-5,-36,-5,-38,-2,-38,0,-35,2
CSI:-50,-32,12,0,-17,16,-17,12,-14,7,-15,3,-17,0,-21,-3,-23,-5,-28,-6,-31,-3,-34,-2,-36,0,-36,5,-33,9,-32,11,-29,14,-29,11,-23,12,-22,11,-20,7,-17,4,-18,-1,-19,-4,-19,-5,-21,-7,-22,-9,0,0,0,0,0,0,0,0,0,0,0,0,0,0,0,0,0,0,0,0,0,0,9,6,6,7,1,9,-2,11,-3,15,-5,19,-4,23,-6,27,-4,29,-4,33,-1,34,1,34,1,33,1,30,2,26,-1,21,-2,18,-6,15,-11,13,-13,12,-16,15,-21,14,-23,15,-24,18,-23,20,-23,18
CSI:-104,-128,9,0,-18,-18,-13,-19,-13,-19,-13,-20,-16,-22,-14,-18,-17,-17,-17,-16,-17,-19,-22,-14,-24,-10,-18,-10,-24,-8,-22,-6,-16,-4,-16,-5,-14,-5,-13,-8,-14,-9,-13,-10,-12,-13,-13,-15,-16,-18,-16,-18,-17,-21,0,0,0,0,0,0,0,0,0,0,0,0,0,0,0,0,0,0,0,0,0,0,-15,-5,-15,-5,-15,-4,-16,-5,-16,-7,-15,-7,-18,-8,-19,-8,-19,-10,-19,-10,-18,-11,-20,-12,-23,-13,-21,-14,-23,-14,-22,-14,-22,-15,-20,-15,-22,-14,-21,-14,-20,-14,-20,-11,-19,-17,-16,-14,-19,-17,-15,-19
CSI:98,32,6,0,-23,14,-19,17,-20,20,-20,19,-16,23,-16,22,-15,24,-11,24,-14,22,-9,20,-13,23,-11,22,-10,22,-10,22,-10,22,-11,21,-13,21,-12,21,-15,21,-14,19,-16,20,-17,18,-17,19,-17,17,-19,16,0,0,0,0,0,0,0,0,0,0,0,0,0,0,0,0,0,0,0,0,0,0,-2,19,-1,18,-2,18,-2,16,-2,17,-3,16,-4,16,-5,17,-6,18,-9,18,-9,20,-8,21,-8,23,-8,21,-7,22,-6,20,-5,18,-4,17,-5,17,-3,15,-4,11,-7,9,-9,10,-12,8,-12,8,-16,10
CSI:-37,-80,13,0,-6,25,-8,24,-7,28,-1,27,0,31,1,24,5,25,3,27,4,20,4,23,5,23,5,23,8,22,6,25,4,24,5,23,4,23,3,24,3,24,2,24,1,24,1,24,-1,24,-2,25,-3,25,0,0,0,0,0,0,0,0,0,0,0,0,0,0,0,0,0,0,0,0,0,0,10,16,8,16,8,15,8,14,8,14,8,13,6,16,5,18,4,18,5,18,5,21,4,23,4,23,6,22,6,22,8,20,8,20,7,16,6,13,5,14,3,13,0,10,-2,13,-5,14,-3,15,-6,16
CSI:-118,-96,8,0,-21,17,-19,20,-16,20,-15,23,-13,21,-10,25,-11,26,-11,26,-10,24,-11,22,-6,24,-12,28,-10,19,-6,26,-7,24,-11,22,-11,24,-11,24,-9,22,-13,23,-13,22,-15,20,-15,19,-16,19,-15,19,0,0,0,0,0,0,0,0,0,0,0,0,0,0,0,0,0,0,0,0,0,0,1,20,0,19,1,17,0,18,-2,15,-1,17,-2,17,-2,18,-5,18,-4,19,-6,21,-5,22,-3,22,-5,23,-4,22,-3,22,-1,21,-1,17,-1,17,-2,14,-3,11,-6,10,-8,10,-10,11,-13,9,-16,10
CSI:-121,112,8,0,21,-7,27,-3,29,-5,27,-5,27,-7,25,-11,24,-11,22,-11,21,-15,19,-15,20,-15,19,-14,19,-14,19,-14,21,-13,21,-13,21,-11,20,-10,22,-9,24,-9,23,-9,22,-8,25,-7,25,-6,24,-6,0,0,0,0,0,0,0,0,0,0,0,0,0,0,0,0,0,0,0,0,0,0,12,-15,12,-14,11,-14,12,-13,11,-14,11,-12,13,-12,13,-12,15,-12,16,-12,17,-12,19,-13,17,-14,18,-14,20,-15,17,-13,15,-13,14,-12,13,-12,10,-9,12,-9,9,-7,10,-6,16,-3,14,0,17,3
CSI:98,32,6,0,26,-6,19,-3,13,-3,6,-3,-2,-1,-10,1,-15,6,-20,8,-26,10,-29,15,-30,19,-31,22,-30,24,-29,24,-28,22,-24,20,-21,18,-17,13,-12,9,-9,4,-4,0,0,-6,2,-9,5,-14,8,-18,0,0,0,0,0,0,0,0,0,0,0,0,0,0,0,0,0,0,0,0,0,0,-1,-3,-2,-7,-2,-10,-3,-14,-4,-18,-5,-22,-6,-25,-7,-27,-7,-28,-8,-28,-7,-28,-6,-27,-4,-24,-1,-22,2,-17,7,-12,10,-7,17,-4,22,-1,25,2,31,3,34,3,37,6,38,3,37,3,35,3
CSI:-68,-64,11,0,19,-16,15,-17,9,-12,5,-5,0,-2,-4,6,-5,13,-5,19,-6,23,-7,28,-4,31,-2,32,-1,33,0,30,1,29,2,25,0,22,-1,16,-2,11,-4,6,-8,2,-11,-2,-14,-5,-18,-8,-21,-11,0,0,0,0,0,0,0,0,0,0,0,0,0,0,0,0,0,0,0,0,0,0,-5,-1,-7,-7,-7,-9,-8,-13,-10,-17,-11,-20,-12,-23,-14,-26,-15,-26,-15,-26,-14,-25,-12,-23,-9,-22,-5,-20,-2,-16,3,-11,9,-11,15,-9,19,-8,24,-7,27,-9,33,-11,34,-13,37,-12,35,-16,33,-18
CSI:-63,16,12,0,28,0,20,-2,14,-2,7,-3,0,0,-7,1,-10,7,-15,11,-20,14,-19,20,-19,21,-20,24,-19,24,-19,27,-16,24,-14,21,-12,14,-12,14,-10,7,-8,3,-7,-3,-9,-7,-11,-12,-10,-18,-11,-20,0,0,0,0,0,0,0,0,0,0,0,0,0,0,0,0,0,0,0,0,0,0,-3,-5,-2,-9,0,-11,1,-14,2,-20,4,-23,4,-26,4,-29,2,-29,3,-29,4,-27,4,-26,6,-23,6,-19,8,-13,10,-8,13,-3,16,1,20,5,24,9,27,11,31,10,34,11,37,9,38,8,36,5
CSI:-101,-79,25,0,-26,6,-22,5,-16,2,-10,3,0,-1,6,-3,7,-11,13,-12,14,-20,14,-22,15,-27,13,-28,12,-29,12,-30,10,-27,7,-24,7,-21,5,-14,5,-9,6,-4,6,1,8,4,10,8,12,12,14,16,0,0,0,0,0,0,0,0,0,0,0,0,0,0,0,0,0,0,0,0,0,0,2,3,1,6,0,10,-1,14,-1,18,-1,21,-2,24,0,27,0,28,1,28,-2,27,-1,25,-2,22,-4,17,-5,13,-8,8,-12,3,-15,0,-21,-2,-25,-6,-29,-7,-34,-7,-37,-6,-38,-2,-39,0,-37,-2
CSI:127,-16,7,0,11,-24,8,-17,5,-16,2,-10,2,2,0,6,0,12,1,18,3,23,6,26,9,29,11,28,11,29,12,28,12,24,11,21,10,17,5,14,3,10,-2,7,-6,5,-10,3,-14,1,-19,-1,-21,-1,0,0,0,0,0,0,0,0,0,0,0,0,0,0,0,0,0,0,0,0,0,0,-5,0,-7,-3,-9,-7,-13,-10,-15,-12,-17,-15,-19,-16,-21,-16,-24,-18,-23,-18,-23,-17,-18,-17,-17,-15,-13,-16,-8,-13,-2,-11,5,-11,10,-12,13,-15,19,-17,22,-18,24,-22,26,-24,26,-27,26,-28,21,-28
CSI:-70,-96,11,0,-5,34,-4,25,-4,21,-3,14,-5,6,-11,0,-15,-5,-18,-9,-24,-9,-28,-11,-34,-9,-35,-9,-35,-7,-35,-4,-34,-5,-30,-4,-25,2,-20,-2,-18,-5,-11,-5,-4,-10,2,-12,5,-17,9,-19,14,-23,0,0,0,0,0,0,0,0,0,0,0,0,0,0,0,0,0,0,0,0,0,0,-1,-5,2,0,4,2,7,5,12,8,15,9,19,11,22,10,25,12,27,12,29,11,27,9,26,8,21,9,18,9,10,8,5,10,-1,13,-6,16,-10,20,-14,25,-16,31,-16,34,-15,39,-18,39,-12,42
CSI:98,32,6,0,-23,0,-19,-1,-12,-3,-5,0,3,-2,8,-5,13,-7,16,-13,21,-16,22,-18,22,-22,19,-26,21,-26,19,-25,16,-23,14,-22,11,-16,9,-11,7,-7,6,-1,4,4,4,9,4,15,4,21,2,26,0,0,0,0,0,0,0,0,0,0,0,0,0,0,0,0,0,0,0,0,0,0,1,1,1,5,0,7,0,12,1,16,2,21,1,25,3,28,3,30,3,31,3,30,1,29,2,27,0,22,-2,16,-6,10,-8,4,-11,0,-17,-4,-20,-9,-26,-11,-29,-12,-31,-12,-34,-11,-36,-12,-33,-9
CSI:98,32,6,0,-14,24,-11,21,-8,14,-6,6,-4,-1,-3,-9,-4,-13,-6,-20,-9,-23,-12,-29,-18,-27,-20,-26,-19,-27,-21,-27,-22,-24,-20,-19,-16,-16,-13,-14,-8,-11,-3,-9,2,-7,7,-5,12,-4,16,-3,21,-1,0,0,0,0,0,0,0,0,0,0,0,0,0,0,0,0,0,0,0,0,0,0,0,-1,3,0,5,4,9,7,12,8,16,11,21,13,23,13,26,14,27,15,28,13,26,13,24,12,20,12,16,11,9,10,3,11,-3,12,-9,15,-14,16,-18,20,-21,24,-23,27,-24,29,-23,30,-23,32
CSI:-86,-96,10,0,-3,30,-1,23,0,17,-1,7,-4,3,-8,-7,-11,-13,-15,-16,-20,-17,-24,-20,-28,-20,-31,-20,-33,-18,-32,-16,-31,-13,-27,-12,-25,-9,-19,-8,-12,-5,-6,-6,-1,-7,3,-7,11,-8,16,-10,21,-10,0,0,0,0,0,0,0,0,0,0,0,0,0,0,0,0,0,0,0,0,0,0,-1,-1,3,0,7,1,11,1,18,2,21,1,25,0,30,-1,32,-1,33,-3,33,-2,33,-2,30,-2,25,0,20,2,14,3,8,8,3,12,-1,16,-4,21,-7,27,-9,34,-8,37,-6,39,-7,42,-6,39
CSI:-122,96,8,0,-18,-25,-16,-20,-11,-14,-4,-9,1,-4,9,1,16,0,22,4,26,-1,31,2,35,-2,35,-8,38,-9,35,-9,30,-9,29,-10,23,-10,19,-5,14,-3,8,0,3,5,0,9,-5,14,-7,18,-9,22,0,0,0,0,0,0,0,0,0,0,0,0,0,0,0,0,0,0,0,0,0,0,-1,0,-5,2,-8,1,-11,7,-16,8,-21,11,-22,13,-26,16,-28,19,-28,22,-29,21,-28,19,-25,18,-23,14,-20,9,-17,4,-15,-3,-13,-9,-13,-17,-11,-22,-12,-29,-15,-32,-17,-37,-19,-38,-21,-40,-22,-37
CSI:-44,64,13,0,5,25,5,18,3,12,0,7,-3,-2,-9,-6,-16,-10,-17,-11,-26,-13,-28,-13,-28,-12,-34,-12,-35,-10,-33,-7,-32,-7,-28,-5,-24,-3,-17,-3,-10,-5,-4,-4,1,-5,6,-8,11,-10,16,-11,19,-12,0,0,0,0,0,0,0,0,0,0,0,0,0,0,0,0,0,0,0,0,0,0,1,0,3,-3,8,-4,12,-3,16,-5,20,-8,23,-9,24,-12,27,-14,29,-14,27,-14,27,-14,25,-12,21,-9,18,-5,12,0,8,5,6,10,4,16,2,23,2,28,1,32,3,36,4,38,5,38,7,37
CSI:-86,-95,26,0,28,1,23,0,14,-1,7,-1,3,2,-5,3,-8,10,-13,11,-14,16,-15,19,-16,23,-17,24,-12,26,-13,24,-10,24,-7,23,-6,17,-8,12,-8,8,-9,3,-12,0,-13,-3,-17,-7,-19,-10,-22,-12,0,0,0,0,0,0,0,0,0,0,0,0,0,0,0,0,0,0,0,0,0,0,-3,0,1,-3,4,-5,6,-9,8,-12,11,-16,12,-19,13,-23,14,-24,14,-27,15,-27,13,-26,13,-23,13,-19,13,-15,13,-8,15,-4,17,2,20,6,23,11,28,12,33,14,36,15,39,14,41,13,39,10
CSI:-122,96,8,0,3,-30,1,-22,-1,-16,-2,-9,1,-1,2,5,7,12,9,17,15,17,19,20,22,18,24,19,27,17,27,15,26,13,22,12,18,10,12,9,7,8,2,9,-3,10,-8,13,-12,15,-17,16,-19,18,0,0,0,0,0,0,0,0,0,0,0,0,0,0,0,0,0,0,0,0,0,0,1,1,-2,-2,-6,-5,-10,-6,-14,-8,-19,-10,-24,-11,-27,-11,-30,-11,-31,-11,-31,-10,-29,-10,-26,-11,-21,-11,-16,-12,-11,-13,-4,-15,0,-18,6,-23,10,-27,11,-30,13,-36,13,-41,13,-45,13,-44,8,-44
CSI:-119,-112,8,0,18,23,11,14,9,10,4,7,-1,0,-6,-2,-14,-5,-18,-3,-22,-4,-27,-2,-26,-1,-30,1,-29,3,-28,5,-26,4,-23,6,-20,2,-17,1,-12,-2,-8,-6,-6,-10,-4,-14,-3,-18,-1,-21,-1,-25,0,0,0,0,0,0,0,0,0,0,0,0,0,0,0,0,0,0,0,0,0,0,-1,-1,2,-1,6,-2,10,-2,14,-3,18,-4,22,-6,24,-7,27,-8,27,-9,28,-8,26,-8,24,-6,22,-4,19,-1,14,4,11,9,10,15,8,20,7,26,7,29,11,34,13,35,13,37,17,39,17,37
CSI:-2,-32,15,0,-23,-18,-19,-14,-13,-10,-9,-4,0,-1,6,1,12,-2,16,-3,22,-6,23,-7,26,-9,24,-14,24,-14,23,-14,22,-15,19,-13,16,-11,12,-7,10,-2,9,2,8,7,7,11,8,14,9,19,8,22,0,0,0,0,0,0,0,0,0,0,0,0,0,0,0,0,0,0,0,0,0,0,1,1,-3,1,-7,1,-11,4,-15,5,-18,7,-21,10,-24,11,-25,14,-25,15,-25,15,-25,13,-23,12,-20,10,-18,4,-16,0,-15,-5,-15,-11,-15,-17,-14,-22,-18,-27,-20,-30,-22,-33,-27,-33,-30,-32,-27,-30
CSI:98,32,6,0,-1,29,-2,24,1,18,0,10,-2,3,-4,-6,-7,-10,-8,-16,-11,-20,-17,-23,-19,-24,-23,-24,-23,-23,-25,-19,-23,-19,-21,-16,-18,-14,-13,-13,-8,-10,-2,-9,4,-8,8,-8,14,-8,19,-6,23,-6,0,0,0,0,0,0,0,0,0,0,0,0,0,0,0,0,0,0,0,0,0,0,-2,0,1,0,6,0,11,1,14,0,18,-1,23,-2,27,-3,29,-3,30,-5,30,-4,28,-4,26,-2,21,0,18,2,10,5,5,9,-1,13,-5,19,-7,25,-11,29,-11,34,-11,38,-13,41,-10,43,-9,43
CSI:98,32,6,0,1,-29,2,-24,-1,-17,1,-9,0,-2,3,4,6,10,10,17,13,17,17,20,21,20,23,19,24,18,25,16,25,14,22,13,16,12,13,9,9,7,3,7,-3,7,-9,7,-14,9,-19,10,-23,10,0,0,0,0,0,0,0,0,0,0,0,0,0,0,0,0,0,0,0,0,0,0,1,-1,-3,-2,-7,-3,-11,-4,-15,-4,-19,-4,-23,-3,-26,-3,-29,-3,-30,-3,-30,-2,-29,-2,-26,-2,-21,-5,-17,-6,-10,-8,-4,-11,1,-14,6,-19,9,-23,12,-30,15,-35,13,-37,15,-41,11,-43,13,-41
CSI:98,32,6,0,-3,30,-1,23,1,17,2,9,-2,3,-2,-5,-8,-11,-11,-16,-14,-17,-19,-21,-20,-21,-27,-22,-25,-20,-25,-19,-27,-17,-21,-17,-19,-12,-15,-9,-9,-8,-4,-8,2,-8,7,-9,13,-10,19,-11,22,-10,0,0,0,0,0,0,0,0,0,0,0,0,0,0,0,0,0,0,0,0,0,0,-2,0,2,0,7,1,11,0,15,2,19,0,22,-1,26,-2,29,-3,31,-2,29,-3,28,-2,26,-2,22,-1,16,2,10,6,5,9,0,13,-5,20,-8,24,-9,29,-11,34,-12,38,-11,40,-10,43,-8,42
CSI:-46,32,13,0,-27,16,-22,12,-14,9,-10,6,-2,1,1,-3,3,-12,8,-16,9,-22,8,-28,4,-29,4,-32,3,-32,5,-31,4,-31,2,-29,0,-22,3,-17,3,-13,5,-7,9,-3,10,2,13,9,17,10,17,15,0,0,0,0,0,0,0,0,0,0,0,0,0,0,0,0,0,0,0,0,0,0,-2,-1,0,1,2,6,5,8,7,11,11,16,13,19,17,21,18,22,20,22,19,22,18,22,16,20,11,18,7,15,0,11,-6,9,-12,8,-20,8,-25,6,-31,9,-35,9,-38,11,-41,14,-43,16,-39,17
CSI:-92,64,10,0,-26,-20,-19,-16,-15,-10,-10,-8,-3,-4,0,-4,10,-6,13,-8,16,-12,19,-15,20,-19,20,-21,19,-23,19,-25,17,-26,15,-26,14,-21,12,-17,10,-13,10,-8,10,-4,12,3,13,7,15,10,17,15,0,0,0,0,0,0,0,0,0,0,0,0,0,0,0,0,0,0,0,0,0,0,-1,2,-5,1,-9,1,-15,1,-19,0,-23,2,-27,4,-30,5,-32,7,-33,8,-33,9,-30,8,-28,8,-25,6,-20,3,-17,-2,-14,-5,-13,-11,-11,-16,-11,-23,-13,-26,-15,-30,-17,-33,-21,-32,-25,-35,-24,-33
CSI:1,18,32,0,20,-25,15,-23,9,-17,7,-12,6,-5,3,4,5,8,8,12,10,17,14,21,19,20,21,22,24,21,26,18,25,16,23,15,20,13,16,11,11,10,6,10,3,10,-2,12,-8,14,-11,15,-15,17,0,0,0,0,0,0,0,0,0,0,0,0,0,0,0,0,0,0,0,0,0,0,-3,-1,-3,-5,-1,-10,-1,-15,-1,-18,-2,-23,-3,-27,-6,-30,-7,-32,-8,-33,-8,-32,-8,-31,-7,-29,-5,-25,-4,-22,1,-17,6,-14,9,-12,15,-12,19,-11,27,-13,30,-17,33,-17,33,-20,35,-23,32,-25
CSI:70,97,20,0,26,-15,22,-13,16,-12,8,-6,4,-1,2,4,0,8,0,14,0,20,1,23,4,26,6,30,9,29,10,29,11,27,11,25,9,22,8,17,4,15,-1,12,-5,10,-10,8,-15,6,-20,6,-22,4,0,0,0,0,0,0,0,0,0,0,0,0,0,0,0,0,0,0,0,0,0,0,-3,-2,0,-6,-1,-9,1,-14,3,-19,3,-23,3,-27,2,-30,2,-32,0,-35,0,-34,0,-32,0,-30,1,-26,3,-20,6,-16,8,-11,13,-8,16,-5,24,-3,28,-1,33,-3,39,-3,39,-6,39,-7,38,-10
CSI:-126,32,8,0,21,26,19,19,14,14,7,8,2,6,-2,3,-11,3,-17,6,-22,7,-27,11,-27,16,-29,19,-27,21,-27,23,-26,22,-23,22,-20,20,-17,15,-15,11,-15,5,-14,-1,-14,-7,-15,-12,-15,-16,-16,-21,0,0,0,0,0,0,0,0,0,0,0,0,0,0,0,0,0,0,0,0,0,0,1,-4,5,-2,10,0,15,0,19,0,25,0,29,-2,34,-3,35,-5,37,-6,38,-6,35,-7,32,-6,27,-4,24,-1,18,2,13,7,11,13,9,19,8,25,9,30,11,33,14,37,16,42,21,41,20,37
CSI:-96,0,10,0,-9,30,-7,23,-5,16,-5,10,-5,4,-8,-2,-11,-7,-15,-11,-18,-13,-24,-14,-27,-14,-30,-13,-33,-10,-31,-9,-32,-7,-31,-6,-25,-4,-23,-4,-17,-4,-13,-7,-9,-9,-4,-12,-1,-15,3,-18,6,-21,0,0,0,0,0,0,0,0,0,0,0,0,0,0,0,0,0,0,0,0,0,0,2,-2,4,3,6,5,8,11,11,13,15,17,18,19,21,21,24,22,26,22,26,22,25,21,23,19,19,17,15,15,10,13,3,13,-2,13,-9,15,-12,18,-18,20,-18,23,-21,27,-21,32,-20,34,-17,34
CSI:-68,-63,27,0,-31,8,-27,6,-20,3,-16,2,-10,-3,-4,-8,-3,-13,-1,-19,0,-24,-3,-27,-6,-31,-8,-33,-10,-34,-12,-33,-13,-32,-14,-30,-11,-26,-8,-24,-5,-19,-1,-17,3,-16,7,-14,11,-13,16,-11,20,-12,0,0,0,0,0,0,0,0,0,0,0,0,0,0,0,0,0,0,0,0,0,0,1,0,-2,3,-6,7,-8,11,-10,15,-12,20,-14,23,-14,28,-14,31,-13,34,-12,34,-12,33,-9,31,-8,27,-8,22,-10,15,-12,11,-14,7,-18,2,-23,-2,-29,-5,-33,-4,-36,-3,-43,-1,-42,1,-38,4
CSI:-33,-11,93,0,-11,-26,-9,-20,-7,-16,-4,-12,1,-9,6,-7,10,-6,14,-5,18,-7,21,-9,23,-12,24,-15,24,-16,23,-18,21,-18,20,-17,18,-16,16,-14,14,-9,13,-6,13,-2,13,1,16,6,16,8,17,11,0,0,0,0,0,0,0,0,0,0,0,0,0,0,0,0,0,0,0,0,0,0,-1,0,-4,-2,-5,-5,-8,-8,-13,-9,-16,-12,-21,-13,-23,-13,-27,-12,-29,-12,-29,-11,-29,-10,-28,-8,-24,-8,-21,-7,-16,-8,-11,-10,-7,-12,-4,-16,-1,-20,0,-25,0,-29,-3,-32,-5,-34,-6,-34,-9,-35
CSI:-76,64,11,0,-29,-10,-24,-7,-18,-5,-13,-6,-6,-6,-2,-9,1,-12,5,-16,12,-20,13,-24,8,-30,7,-29,5,-30,3,-32,0,-32,1,-29,3,-25,4,-21,5,-20,7,-17,9,-13,13,-10,17,-8,20,-7,23,-5,0,0,0,0,0,0,0,0,0,0,0,0,0,0,0,0,0,0,0,0,0,0,1,-1,-4,0,-7,-1,-12,1,-16,3,-21,5,-25,8,-28,10,-29,14,-30,17,-29,16,-29,18,-26,17,-23,16,-20,12,-18,7,-15,1,-15,-3,-16,-8,-18,-13,-21,-18,-25,-20,-28,-22,-32,-23,-34,-21,-34,-19
CSI:-122,96,8,0,-16,-24,-14,-20,-10,-14,-4,-8,0,-5,4,-5,10,-4,15,-4,19,-7,22,-11,25,-12,25,-15,26,-17,24,-18,24,-17,21,-16,20,-15,17,-13,16,-7,15,-3,13,1,14,4,14,9,15,12,17,16,0,0,0,0,0,0,0,0,0,0,0,0,0,0,0,0,0,0,0,0,0,0,1,-1,-2,-2,-7,-4,-12,-5,-16,-4,-21,-4,-25,-2,-29,-2,-31,1,-32,3,-33,4,-32,4,-29,5,-26,3,-22,2,-17,-2,-15,-4,-11,-9,-9,-15,-6,-19,-7,-24,-7,-30,-9,-34,-11,-34,-14,-34,-15,-36
CSI:-86,-95,26,0,21,22,17,16,11,15,6,11,1,9,-4,8,-11,7,-15,8,-17,13,-20,14,-21,20,-19,22,-21,25,-19,26,-18,25,-15,24,-14,20,-13,13,-11,14,-13,8,-13,3,-15,0,-17,-4,-20,-7,-24,-9,0,0,0,0,0,0,0,0,0,0,0,0,0,0,0,0,0,0,0,0,0,0,-3,-4,2,-1,5,0,10,0,14,1,20,1,23,0,28,-2,32,-4,31,-5,32,-6,32,-6,29,-7,26,-6,22,-3,18,0,14,3,12,7,10,13,9,19,9,24,12,28,14,30,17,33,20,33,22,31
CSI:-108,65,25,0,28,13,23,9,16,6,11,7,5,7,-2,9,-6,12,-10,16,-11,21,-12,25,-10,28,-11,29,-7,31,-7,32,-5,29,-4,28,-4,24,-4,21,-6,16,-7,12,-11,9,-15,6,-19,4,-21,1,-24,1,0,0,0,0,0,0,0,0,0,0,0,0,0,0,0,0,0,0,0,0,0,0,-2,-3,3,-3,5,-3,10,-4,16,-6,19,-8,23,-11,27,-14,28,-16,30,-19,29,-20,28,-21,26,-20,22,-18,19,-14,16,-10,14,-4,13,1,14,7,14,12,17,17,23,20,24,23,28,23,32,23,32,19
CSI:34,34,34,0,-27,3,-22,5,-15,2,-11,0,-8,-4,-5,-7,-3,-12,-2,-16,-4,-20,-4,-26,-7,-29,-8,-28,-12,-29,-13,-28,-12,-26,-13,-26,-11,-22,-7,-20,-5,-17,-1,-15,3,-16,7,-14,11,-14,13,-14,17,-13,0,0,0,0,0,0,0,0,0,0,0,0,0,0,0,0,0,0,0,0,0,0,2,-1,-2,2,-5,5,-8,9,-10,12,-12,17,-12,21,-13,25,-12,29,-11,31,-9,32,-8,31,-7,29,-6,26,-5,22,-6,16,-8,11,-11,6,-14,2,-17,-1,-23,-3,-27,-5,-30,-3,-34,-1,-35,-1,-34,2
CSI:-78,33,27,0,-24,-10,-19,-7,-14,-7,-9,-7,-2,-7,3,-10,7,-15,10,-15,12,-21,11,-25,9,-26,7,-28,7,-35,5,-32,2,-29,1,-27,1,-24,3,-20,3,-18,7,-15,10,-10,14,-8,18,-6,21,-5,23,-4,0,0,0,0,0,0,0,0,0,0,0,0,0,0,0,0,0,0,0,0,0,0,-2,0,-5,1,-9,-1,-14,1,-18,1,-23,5,-27,6,-29,8,-30,11,-31,14,-30,14,-29,14,-27,14,-23,12,-19,9,-16,3,-15,-1,-15,-6,-15,-11,-17,-15,-18,-18,-22,-21,-25,-23,-29,-24,-30,-23,-30,-21
CSI:-89,112,10,0,-20,-19,-16,-14,-10,-11,-6,-5,-1,-3,5,-2,12,-1,17,-1,20,-3,22,-8,25,-9,25,-12,25,-13,25,-13,23,-13,20,-13,19,-10,16,-6,14,-2,13,2,11,6,9,11,10,15,10,19,9,23,0,0,0,0,0,0,0,0,0,0,0,0,0,0,0,0,0,0,0,0,0,0,-2,-2,-7,0,-10,1,-14,3,-17,5,-21,8,-23,10,-25,13,-26,15,-25,17,-25,17,-23,16,-22,15,-17,12,-16,8,-14,3,-12,-1,-12,-9,-11,-14,-12,-19,-14,-23,-14,-29,-19,-29,-22,-30,-24,-32,-25,-31
CSI:-41,113,29,0,-29,-7,-24,-6,-17,-4,-12,-2,-3,-3,2,-4,9,-6,13,-12,15,-14,18,-19,19,-22,14,-24,18,-26,16,-24,15,-26,15,-25,14,-19,14,-15,12,-11,12,-5,13,0,16,6,17,9,18,14,19,18,0,0,0,0,0,0,0,0,0,0,0,0,0,0,0,0,0,0,0,0,0,0,-1,-4,-5,0,-6,4,-9,8,-10,12,-13,16,-13,21,-15,26,-14,30,-13,31,-12,32,-12,30,-10,27,-9,24,-9,18,-9,11,-10,5,-12,-3,-15,-7,-19,-13,-24,-18,-29,-18,-33,-20,-37,-20,-38,-19,-38,-17
CSI:-121,112,8,0,30,3,22,1,17,-1,9,0,2,1,-3,4,-6,9,-12,13,-14,14,-16,20,-16,25,-15,29,-14,29,-13,30,-14,27,-11,25,-11,21,-12,17,-12,12,-13,6,-15,1,-18,-3,-19,-8,-22,-12,-24,-17,0,0,0,0,0,0,0,0,0,0,0,0,0,0,0,0,0,0,0,0,0,0,0,2,3,-1,4,-6,7,-10,8,-16,9,-20,9,-25,8,-29,8,-32,5,-33,6,-34,5,-32,4,-30,4,-26,4,-21,6,-15,8,-8,11,-1,16,2,21,8,26,11,30,14,34,13,39,11,40,11,40,6
CSI:-115,-48,8,0,30,-18,26,-15,18,-11,11,-8,8,-1,5,3,2,9,4,16,2,22,3,26,5,29,9,30,9,32,10,31,10,28,11,27,6,22,4,19,1,14,-5,13,-9,10,-16,9,-19,6,-24,6,-28,3,0,0,0,0,0,0,0,0,0,0,0,0,0,0,0,0,0,0,0,0,0,0,1,3,1,-1,1,-7,1,-11,1,-16,-1,-20,-2,-25,-4,-28,-7,-30,-8,-33,-9,-32,-10,-31,-9,-28,-7,-23,-6,-21,0,-14,4,-9,9,-8,17,-6,22,-4,28,-5,36,-7,40,-7,42,-11,43,-17,42,-18
CSI:-76,64,11,0,-30,11,-25,10,-18,5,-11,3,-9,0,-4,-5,-1,-9,0,-16,0,-19,0,-23,-2,-27,-4,-30,-4,-31,-5,-30,-4,-28,-6,-27,-3,-23,-2,-17,2,-15,6,-11,9,-8,13,-6,17,-4,21,-2,25,0,0,0,0,0,0,0,0,0,0,0,0,0,0,0,0,0,0,0,0,0,0,0,0,-4,-1,0,-2,4,-2,8,-3,13,-2,18,-1,21,1,24,3,26,4,29,5,28,5,26,5,24,4,20,3,16,-1,11,-5,6,-10,4,-15,1,-21,-1,-27,-1,-31,0,-35,2,-39,4,-41,5,-39,8
CSI:98,32,6,0,23,23,21,21,16,15,14,11,4,7,-4,5,-10,5,-15,5,-20,8,-26,8,-29,12,-30,15,-31,16,-29,17,-28,15,-24,15,-22,11,-20,7,-15,2,-14,-3,-13,-8,-12,-13,-10,-17,-10,-22,-9,-28,0,0,0,0,0,0,0,0,0,0,0,0,0,0,0,0,0,0,0,0,0,0,-4,1,0,0,5,-1,10,-3,14,-4,19,-7,22,-10,26,-13,27,-15,27,-17,26,-18,25,-17,22,-18,21,-15,15,-10,11,-5,8,1,7,7,6,15,8,22,10,25,11,33,15,35,20,40,23,36,23,37
CSI:-93,48,10,0,32,-13,25,-11,19,-9,13,-8,6,-1,4,5,-1,10,-5,16,-3,19,-3,25,-2,28,-2,32,0,32,0,31,0,31,0,27,-2,24,-3,19,-5,15,-9,10,-12,5,-17,2,-20,0,-24,-5,-27,-7,0,0,0,0,0,0,0,0,0,0,0,0,0,0,0,0,0,0,0,0,0,0,0,2,1,-2,1,-6,0,-11,-1,-16,-2,-21,-5,-24,-7,-28,-8,-30,-10,-31,-9,-31,-10,-29,-10,-26,-7,-22,-6,-17,-1,-13,5,-8,9,-4,16,-3,23,0,28,0,34,0,38,0,41,-2,43,-7,41,-11
CSI:98,32,6,0,-31,4,-25,7,-20,6,-13,1,-6,1,-2,-3,2,-9,5,-14,6,-20,7,-22,7,-28,6,-30,4,-32,4,-33,3,-30,2,-28,3,-24,3,-20,5,-15,6,-10,8,-6,11,-1,16,2,17,7,20,9,0,0,0,0,0,0,0,0,0,0,0,0,0,0,0,0,0,0,0,0,0,0,-2,-4,-2,1,-3,5,-2,8,-2,14,-2,19,1,22,2,26,4,29,6,31,5,31,6,30,7,26,5,23,3,17,0,12,-4,8,-8,3,-14,1,-20,-3,-25,-4,-31,-3,-34,-7,-39,0,-39,0,-39,-2
CSI:-121,112,8,0,-33,0,-26,1,-21,2,-12,0,-6,-2,1,-5,6,-7,9,-11,15,-14,17,-17,19,-23,19,-24,18,-26,17,-25,17,-25,16,-22,13,-18,12,-13,10,-9,10,-3,9,1,9,6,9,13,9,16,8,21,0,0,0,0,0,0,0,0,0,0,0,0,0,0,0,0,0,0,0,0,0,0,-3,-3,-2,2,-2,6,-2,11,0,16,3,21,5,24,6,28,8,30,10,31,10,30,10,30,9,27,8,23,6,18,0,12,-3,8,-8,1,-13,0,-20,-4,-27,-8,-29,-9,-32,-10,-39,-8,-40,-9,-41,-4
CSI:-14,32,15,0,28,-4,24,-4,19,-5,12,-1,5,1,2,5,-3,8,-7,13,-6,19,-7,22,-7,27,-4,28,-4,30,-3,30,-2,29,-1,28,-1,25,-2,20,-4,15,-6,12,-9,7,-12,4,-16,1,-20,-3,-22,-6,0,0,0,0,0,0,0,0,0,0,0,0,0,0,0,0,0,0,0,0,0,0,-3,3,0,0,0,-5,2,-9,2,-14,4,-20,5,-25,4,-28,5,-31,2,-34,2,-33,0,-33,-2,-32,-1,-27,-1,-24,1,-16,4,-11,7,-7,11,-2,17,1,21,4,27,5,30,6,35,5,38,5,38,4
CSI:-9,112,15,0,29,4,22,2,19,2,11,1,5,1,-3,5,-3,8,-8,10,-12,13,-14,17,-16,22,-14,26,-15,27,-12,29,-11,28,-10,23,-9,21,-10,18,-9,13,-9,8,-11,4,-11,-2,-13,-6,-16,-11,-17,-15,0,0,0,0,0,0,0,0,0,0,0,0,0,0,0,0,0,0,0,0,0,0,-3,3,-1,0,0,-5,2,-9,3,-14,4,-19,5,-23,5,-27,6,-30,4,-33,3,-32,2,-32,2,-30,2,-25,2,-22,2,-16,4,-9,8,-5,11,0,14,6,20,7,25,11,27,10,31,12,35,11,34,8
CSI:3,50,32,0,-22,21,-16,15,-11,10,-11,7,-6,2,-5,-5,-5,-10,-5,-15,-8,-19,-9,-22,-12,-24,-15,-26,-17,-25,-18,-23,-16,-22,-17,-20,-13,-16,-10,-15,-6,-12,-2,-11,3,-10,7,-9,13,-9,17,-7,21,-10,0,0,0,0,0,0,0,0,0,0,0,0,0,0,0,0,0,0,0,0,0,0,0,-2,2,1,2,6,4,10,6,14,8,18,10,21,12,23,15,24,16,26,16,25,15,23,14,21,12,18,8,14,4,11,-3,8,-9,7,-14,8,-19,8,-25,10,-28,11,-32,16,-31,19,-33,18,-31,20
CSI:-89,113,26,0,23,19,19,14,13,12,9,8,1,5,-5,2,-11,2,-17,1,-21,1,-26,4,-28,7,-30,9,-30,10,-30,12,-27,12,-25,9,-23,7,-18,5,-14,2,-11,-2,-7,-6,-3,-11,-2,-16,2,-21,4,-23,0,0,0,0,0,0,0,0,0,0,0,0,0,0,0,0,0,0,0,0,0,0,-1,-1,1,-4,4,-8,8,-12,10,-15,13,-19,14,-23,16,-26,17,-28,16,-30,15,-28,15,-27,13,-26,12,-20,10,-16,9,-9,8,-2,9,5,9,11,11,17,13,22,18,28,20,30,22,30,27,30,27,28
CSI:12,-63,16,0,23,-22,18,-18,12,-12,11,-8,6,-3,2,3,1,10,1,16,2,21,3,25,6,28,9,30,10,29,11,29,11,28,12,25,9,21,7,18,3,15,-2,11,-6,7,-12,5,-17,2,-22,-1,-25,-3,0,0,0,0,0,0,0,0,0,0,0,0,0,0,0,0,0,0,0,0,0,0,0,0,-4,-3,-6,-8,-8,-11,-11,-14,-14,-19,-18,-21,-21,-22,-23,-24,-26,-23,-26,-23,-25,-21,-23,-19,-19,-16,-15,-13,-7,-12,-1,-10,5,-9,11,-9,16,-8,25,-14,29,-14,32,-16,35,-20,33,-22,31,-22
CSI:-104,-127,25,0,-9,-33,-11,-28,-8,-21,-4,-14,-1,-10,6,-4,12,1,15,3,21,4,26,5,33,-3,31,0,37,0,35,-3,33,-3,32,-4,27,-3,23,-1,17,1,14,6,8,8,4,13,0,17,-4,21,-7,24,0,0,0,0,0,0,0,0,0,0,0,0,0,0,0,0,0,0,0,0,0,0,4,-2,-1,-1,-7,-2,-12,-2,-18,-1,-23,-1,-28,2,-33,3,-35,6,-36,6,-37,7,-36,7,-33,7,-29,5,-23,4,-16,2,-11,-1,-6,-8,-3,-14,0,-19,2,-27,2,-33,0,-37,-2,-42,-3,-44,-4,-44
CSI:-64,0,12,0,26,-17,19,-16,17,-14,9,-10,6,-4,4,3,0,7,-1,14,0,18,1,22,7,26,8,27,9,28,10,28,12,27,12,26,9,22,5,21,3,17,-1,14,-6,11,-11,12,-17,11,-21,9,-25,8,0,0,0,0,0,0,0,0,0,0,0,0,0,0,0,0,0,0,0,0,0,0,-1,1,1,-3,1,-8,2,-13,0,-18,0,-24,-3,-28,-4,-32,-5,-33,-9,-36,-8,-36,-10,-33,-10,-32,-8,-27,-5,-24,-1,-19,3,-14,9,-11,14,-9,21,-8,28,-7,31,-8,35,-10,38,-13,39,-15,39,-17
CSI:-115,-48,8,0,-17,-28,-15,-25,-11,-14,-8,-11,-2,-7,2,-4,8,-1,14,-1,19,-2,22,-5,25,-7,26,-7,28,-10,30,-11,28,-12,25,-13,22,-12,20,-8,17,-6,15,0,13,5,12,9,12,16,10,19,11,23,0,0,0,0,0,0,0,0,0,0,0,0,0,0,0,0,0,0,0,0,0,0,2,1,-2,-1,-7,-3,-12,-5,-18,-6,-23,-6,-27,-5,-33,-4,-35,-2,-37,0,-37,0,-36,2,-32,2,-29,0,-24,0,-18,-5,-13,-7,-10,-12,-6,-18,-3,-23,-4,-28,-4,-32,-6,-40,-6,-40,-12,-41,-10,-41
CSI:-128,0,8,0,29,-10,22,-10,16,-8,10,-5,4,-2,2,3,-1,6,-5,11,-6,16,-4,22,-1,25,-1,25,2,29,4,26,2,27,3,24,3,23,-2,20,-2,16,-5,14,-9,10,-12,7,-17,4,-21,3,-23,0,0,0,0,0,0,0,0,0,0,0,0,0,0,0,0,0,0,0,0,0,0,0,-2,2,1,-3,2,-6,3,-11,3,-16,4,-21,3,-25,3,-29,1,-31,0,-33,0,-32,0,-31,-1,-29,-2,-25,0,-21,2,-16,7,-11,9,-8,15,-5,19,0,26,0,30,-1,33,-1,37,-3,38,-3,37,-6
CSI:-72,-128,11,0,-29,15,-26,14,-14,8,-13,7,-3,2,1,-2,4,-6,8,-12,7,-17,9,-24,7,-28,5,-30,5,-34,2,-32,3,-32,2,-31,3,-28,3,-23,6,-20,6,-15,10,-9,13,-5,16,-1,21,4,23,7,0,0,0,0,0,0,0,0,0,0,0,0,0,0,0,0,0,0,0,0,0,0,-2,-4,-2,1,0,5,1,11,3,17,4,21,8,25,9,29,10,32,13,32,13,32,13,30,13,28,10,25,5,21,1,14,-3,10,-8,7,-16,5,-21,2,-28,2,-32,2,-37,3,-39,6,-42,8,-40,9
CSI:-75,80,11,0,-9,31,-7,28,-5,19,-3,12,-5,8,-6,0,-7,-5,-10,-9,-15,-14,-20,-13,-22,-14,-26,-13,-29,-12,-29,-9,-27,-8,-27,-6,-22,-7,-19,-8,-16,-9,-12,-12,-8,-15,-5,-17,-2,-21,-1,-26,2,-29,0,0,0,0,0,0,0,0,0,0,0,0,0,0,0,0,0,0,0,0,0,0,3,-4,3,0,3,5,5,10,6,15,10,20,13,23,15,27,18,29,21,29,20,28,20,28,18,25,15,23,12,20,6,15,0,15,-6,14,-12,17,-16,18,-20,24,-23,28,-26,28,-26,33,-27,37,-23,37
CSI:-125,48,8,0,-27,-19,-21,-14,-18,-11,-14,-4,-6,-4,-1,-3,5,-2,11,-3,15,-5,19,-8,22,-10,24,-13,23,-15,24,-15,21,-16,21,-14,19,-12,17,-8,14,-4,13,1,12,5,12,11,12,15,13,19,11,23,0,0,0,0,0,0,0,0,0,0,0,0,0,0,0,0,0,0,0,0,0,0,3,1,-3,1,-7,2,-12,4,-16,6,-21,8,-24,10,-27,13,-28,15,-29,18,-28,17,-27,16,-25,14,-22,12,-18,8,-16,3,-12,-2,-13,-8,-12,-15,-11,-19,-15,-25,-17,-30,-19,-30,-22,-33,-27,-33,-27,-30
CSI:-122,96,8,0,-27,-18,-25,-14,-18,-11,-12,-5,-6,-3,-1,-4,6,-3,11,-9,16,-8,20,-10,21,-15,22,-19,21,-21,22,-22,19,-20,18,-20,16,-16,15,-12,14,-7,14,-2,13,3,15,8,16,14,18,18,19,23,0,0,0,0,0,0,0,0,0,0,0,0,0,0,0,0,0,0,0,0,0,0,1,0,-4,1,-9,1,-14,2,-19,5,-23,7,-26,9,-30,12,-31,14,-31,15,-32,15,-31,14,-26,15,-23,12,-19,8,-15,3,-14,-3,-12,-11,-11,-15,-13,-21,-16,-27,-19,-32,-22,-35,-27,-34,-30,-35,-28,-30
CSI:98,32,6,0,21,-21,18,-18,10,-13,6,-9,6,-5,5,0,5,9,5,13,9,17,11,20,14,23,15,23,19,23,19,22,21,21,19,18,15,17,13,16,10,12,4,13,0,12,-6,12,-10,14,-16,13,-18,14,0,0,0,0,0,0,0,0,0,0,0,0,0,0,0,0,0,0,0,0,0,0,-2,0,-3,-3,-2,-9,-2,-13,-1,-18,-3,-23,-5,-26,-6,-30,-9,-32,-10,-33,-11,-31,-11,-29,-10,-28,-8,-25,-6,-20,-2,-15,3,-12,8,-10,13,-10,20,-9,25,-10,28,-12,31,-15,33,-17,34,-19,29,-21
CSI:4,65,16,0,-16,24,-12,21,-6,14,-7,8,-4,4,-4,-3,-4,-10,-7,-15,-10,-21,-14,-23,-18,-24,-20,-23,-21,-25,-22,-25,-22,-22,-22,-19,-18,-17,-14,-17,-10,-15,-5,-14,-1,-15,4,-15,8,-16,14,-17,18,-18,0,0,0,0,0,0,0,0,0,0,0,0,0,0,0,0,0,0,0,0,0,0,-2,-1,0,4,2,7,2,12,6,16,8,19,10,22,13,25,15,27,19,26,19,26,18,24,18,22,14,19,11,17,6,14,0,11,-6,11,-11,11,-16,13,-21,17,-25,19,-27,20,-28,24,-29,26,-27,27
CSI:-48,0,13,0,-29,1,-24,2,-17,1,-13,0,-6,-3,0,-5,3,-9,8,-15,10,-19,9,-23,8,-26,8,-29,6,-31,7,-31,5,-31,4,-28,4,-24,6,-20,6,-15,9,-12,12,-8,14,-4,17,-2,20,2,23,6,0,0,0,0,0,0,0,0,0,0,0,0,0,0,0,0,0,0,0,0,0,0,0,-1,-4,1,-6,5,-9,9,-11,13,-13,18,-13,22,-13,25,-13,28,-11,30,-11,29,-10,29,-9,27,-7,23,-8,19,-9,13,-10,8,-12,3,-17,-2,-20,-5,-25,-8,-29,-9,-32,-10,-37,-8,-38,-6,-37,-3
CSI:-1,-16,15,0,22,-18,17,-16,11,-12,8,-8,3,-2,3,3,2,8,0,13,2,20,5,23,9,26,12,31,14,29,14,25,15,26,13,26,11,20,7,18,4,15,-1,15,-4,13,-9,12,-15,11,-19,12,-22,10,0,0,0,0,0,0,0,0,0,0,0,0,0,0,0,0,0,0,0,0,0,0,-1,0,0,-4,1,-9,1,-13,0,-17,0,-22,-2,-26,-3,-29,-6,-31,-7,-32,-8,-32,-8,-30,-9,-28,-7,-25,-5,-21,-2,-16,4,-12,9,-9,14,-9,19,-7,23,-8,29,-10,31,-12,34,-14,34,-16,33,-19
CSI:-46,32,13,0,-15,-27,-14,-23,-9,-18,-6,-12,-1,-5,5,-2,11,-1,16,1,22,1,26,0,31,-3,33,-5,34,-8,34,-8,32,-10,29,-9,26,-7,23,-4,19,-1,16,3,13,7,10,13,9,17,8,22,6,26,0,0,0,0,0,0,0,0,0,0,0,0,0,0,0,0,0,0,0,0,0,0,1,0,-5,-3,-8,-6,-13,-6,-19,-7,-24,-7,-28,-6,-33,-4,-35,-4,-38,-2,-37,-1,-34,0,-32,0,-27,-2,-22,-1,-18,-4,-12,-7,-9,-13,-5,-18,-3,-24,-1,-29,-2,-35,-4,-40,-6,-41,-9,-43,-11,-44
CSI:-102,-96,9,0,-30,-6,-25,-3,-17,-4,-12,0,-5,-3,0,-5,7,-8,8,-10,13,-15,14,-17,13,-22,14,-23,14,-26,13,-26,13,-26,11,-24,11,-20,11,-17,9,-13,11,-8,11,-5,14,1,17,4,18,9,20,12,0,0,0,0,0,0,0,0,0,0,0,0,0,0,0,0,0,0,0,0,0,0,-1,0,0,2,-5,5,-7,8,-10,13,-12,17,-14,21,-15,23,-14,27,-14,29,-14,30,-13,30,-12,27,-10,23,-9,19,-9,12,-10,7,-11,0,-13,-4,-17,-8,-22,-12,-25,-16,-29,-15,-33,-15,-35,-15,-35,-11
CSI:98,32,6,0,9,29,8,25,8,19,4,12,1,7,-5,3,-10,-4,-15,-5,-19,-4,-25,-5,-27,-5,-33,-2,-32,-2,-30,1,-30,1,-31,3,-26,0,-21,-1,-15,-3,-13,-7,-7,-10,-4,-14,0,-18,4,-23,7,-25,0,0,0,0,0,0,0,0,0,0,0,0,0,0,0,0,0,0,0,0,0,0,-3,-2,0,2,6,2,10,2,16,3,22,4,24,2,28,1,32,1,32,-1,34,-2,31,-2,29,-2,25,0,20,0,16,2,9,5,6,11,1,17,-3,21,-2,26,-4,32,-4,35,0,37,1,40,4,41
CSI:-94,33,26,0,-12,29,-9,24,-8,19,-5,14,-4,5,-7,1,-9,-6,-13,-12,-15,-12,-20,-16,-24,-16,-27,-16,-29,-14,-29,-14,-31,-11,-27,-9,-24,-9,-19,-10,-15,-10,-10,-12,-6,-13,0,-15,4,-18,8,-22,12,-25,0,0,0,0,0,0,0,0,0,0,0,0,0,0,0,0,0,0,0,0,0,0,0,-4,2,1,1,6,4,10,6,14,10,19,13,22,16,25,19,27,21,26,23,26,21,24,20,23,17,21,14,17,7,14,2,13,-4,12,-10,14,-16,16,-20,20,-24,23,-24,25,-27,29,-25,34,-24,34
CSI:-72,-128,11,0,-33,9,-27,10,-20,6,-14,6,-9,-1,-3,-5,-2,-10,1,-14,0,-21,-1,-24,-4,-29,-6,-30,-7,-33,-8,-31,-9,-30,-10,-28,-8,-25,-5,-21,0,-17,2,-14,7,-12,12,-10,17,-8,21,-6,26,-6,0,0,0,0,0,0,0,0,0,0,0,0,0,0,0,0,0,0,0,0,0,0,3,-3,-1,1,-3,5,-6,9,-7,15,-11,19,-10,24,-12,29,-10,31,-9,34,-7,33,-7,32,-6,30,-5,26,-7,21,-7,15,-10,9,-13,5,-18,0,-23,-3,-29,-5,-33,-3,-35,-4,-41,-2,-42,2,-42,1
CSI:98,32,6,0,7,-31,3,-25,0,-21,2,-13,2,-8,4,-1,8,2,11,8,17,9,21,11,26,11,28,10,30,8,30,8,30,4,27,6,23,6,20,6,15,6,10,8,4,11,1,16,-3,19,-5,23,-10,26,0,0,0,0,0,0,0,0,0,0,0,0,0,0,0,0,0,0,0,0,0,0,0,4,-1,-1,-4,-6,-7,-10,-11,-14,-16,-18,-20,-18,-23,-21,-26,-21,-29,-22,-28,-20,-28,-19,-27,-17,-23,-16,-18,-13,-12,-13,-6,-13,1,-14,6,-16,11,-19,15,-23,16,-28,18,-32,18,-36,16,-38,14,-40
CSI:-117,-80,8,0,-21,-4,-16,-14,-22,7,-28,5,-22,1,-15,17,-25,20,-9,9,-24,16,-9,13,0,13,-5,5,22,4,-14,22,3,10,3,14,3,17,4,2,9,0,12,-10,15,-14,31,-5,29,-17,39,-5,32,-3,0,0,0,0,0,0,0,0,0,0,0,0,0,0,0,0,0,0,0,0,0,0,-4,11,-9,1,-2,-1,3,-6,3,-2,-5,-5,3,-8,3,-7,7,-15,7,-16,7,-18,8,-14,6,-15,5,-10,10,-16,4,-11,-3,-10,2,-15,-3,-12,0,-9,-12,-5,-10,-11,-20,-7,-26,-7,-21,-12,-23,-13
CSI:-75,80,11,0,-12,30,-7,25,-5,20,-5,12,-2,8,-6,1,-6,-4,-10,-8,-15,-14,-18,-15,-21,-18,-25,-18,-27,-19,-28,-20,-27,-18,-26,-17,-23,-14,-19,-14,-15,-13,-10,-13,-4,-13,2,-13,7,-14,12,-13,17,-14,0,0,0,0,0,0,0,0,0,0,0,0,0,0,0,0,0,0,0,0,0,0,-4,-3,-1,0,2,2,7,5,12,7,16,9,20,9,24,10,26,9,29,9,29,7,28,6,26,5,22,4,18,4,13,2,6,3,1,5,-3,7,-9,12,-15,16,-15,20,-16,29,-18,30,-18,32,-17,36
CSI:-108,64,9,0,-33,1,-27,5,-21,2,-17,3,-12,-1,-4,-3,-2,-9,4,-13,5,-19,6,-22,7,-27,7,-30,5,-34,5,-32,4,-31,4,-30,4,-27,4,-24,5,-18,7,-13,8,-9,12,-4,15,1,17,5,18,9,0,0,0,0,0,0,0,0,0,0,0,0,0,0,0,0,0,0,0,0,0,0,0,-5,-2,-1,-2,3,-3,8,-3,13,-3,18,-2,22,-1,26,0,29,1,30,3,30,3,29,4,26,4,23,3,19,0,12,-1,8,-5,4,-10,0,-16,-4,-22,-8,-28,-6,-32,-6,-36,-6,-39,-2,-37,-2
CSI:5,81,16,0,17,29,18,23,15,17,10,13,3,8,-3,7,-7,5,-13,4,-20,7,-25,8,-28,13,-29,15,-30,16,-31,17,-28,18,-26,17,-24,14,-21,12,-19,8,-16,3,-14,-2,-13,-7,-11,-13,-10,-19,-8,-22,0,0,0,0,0,0,0,0,0,0,0,0,0,0,0,0,0,0,0,0,0,0,-7,-1,-2,-1,3,0,8,-1,13,-2,18,-3,23,-5,28,-9,29,-10,30,-14,31,-15,28,-16,27,-16,23,-15,18,-13,14,-9,9,-4,7,2,5,7,3,14,4,20,7,26,7,32,12,37,16,35,14,38
CSI:-125,48,8,0,13,-30,11,-24,6,-19,6,-13,5,-7,6,1,8,8,11,14,13,17,16,19,20,23,20,24,25,22,30,22,26,18,24,18,22,15,17,16,12,13,5,14,0,14,-4,14,-11,14,-15,15,-19,15,0,0,0,0,0,0,0,0,0,0,0,0,0,0,0,0,0,0,0,0,0,0,0,2,-4,-4,-6,-7,-10,-9,-14,-14,-18,-16,-23,-19,-26,-20,-28,-20,-31,-20,-31,-18,-30,-16,-28,-16,-25,-12,-20,-10,-13,-8,-7,-8,0,-8,6,-11,12,-13,17,-17,21,-22,23,-24,25,-30,24,-33,22,-34
CSI:-116,-64,8,0,-19,28,-14,22,-12,18,-8,11,-5,4,-5,-3,-6,-10,-6,-16,-9,-22,-11,-24,-15,-27,-17,-28,-18,-31,-18,-31,-19,-28,-18,-24,-16,-23,-12,-21,-7,-18,-2,-15,3,-11,9,-10,14,-8,19,-5,24,-4,0,0,0,0,0,0,0,0,0,0,0,0,0,0,0,0,0,0,0,0,0,0,-3,-3,1,2,7,5,11,8,15,9,19,12,23,13,28,13,31,15,32,12,31,11,30,11,28,10,24,8,19,6,12,6,6,6,-1,7,-8,8,-14,10,-20,15,-23,21,-25,23,-26,26,-25,29,-25,31
CSI:-116,-64,8,0,-27,9,-23,9,-17,6,-11,6,-7,2,-4,-5,0,-9,0,-15,1,-20,1,-25,-2,-27,-1,-29,-2,-33,-3,-33,-4,-31,-3,-28,-3,-25,-1,-21,2,-18,4,-14,7,-10,11,-6,15,-2,19,0,21,3,0,0,0,0,0,0,0,0,0,0,0,0,0,0,0,0,0,0,0,0,0,0,-1,-2,-1,3,-1,7,0,10,1,15,2,20,4,23,7,26,8,27,10,29,11,28,12,26,11,23,10,21,7,16,3,10,0,7,-5,4,-10,1,-16,-1,-22,2,-27,0,-31,3,-34,4,-34,6,-35,8
CSI:-65,-15,27,0,-9,31,-7,29,-3,23,-6,14,-6,9,-9,4,-10,-2,-16,-4,-20,-5,-24,-8,-27,-7,-33,-7,-34,-6,-34,-4,-34,-3,-32,-3,-28,-3,-24,-3,-20,-3,-15,-7,-10,-9,-7,-12,-5,-16,-1,-21,2,-23,0,0,0,0,0,0,0,0,0,0,0,0,0,0,0,0,0,0,0,0,0,0,0,-9,1,-3,3,0,5,5,7,10,11,14,14,16,18,19,22,20,25,19,26,20,26,18,25,15,21,11,18,10,13,9,7,7,2,8,-6,9,-9,12,-14,16,-18,22,-21,25,-19,30,-17,34,-17,36
CSI:-93,48,10,0,-14,29,-11,23,-9,20,-9,17,-9,8,-10,2,-10,-3,-14,-8,-19,-10,-23,-12,-26,-12,-32,-11,-32,-11,-33,-10,-33,-8,-32,-7,-27,-6,-23,-8,-19,-7,-13,-10,-11,-11,-7,-13,0,-17,2,-20,6,-22,0,0,0,0,0,0,0,0,0,0,0,0,0,0,0,0,0,0,0,0,0,0,1,-8,2,-3,2,1,3,6,6,10,8,15,13,19,15,22,18,23,21,25,23,23,22,21,22,19,20,16,16,13,13,11,6,8,-1,8,-6,8,-12,11,-16,12,-21,19,-25,23,-26,25,-25,28,-21,29
CSI:-54,-95,28,0,-30,-14,-26,-11,-21,-11,-17,-8,-9,-8,-4,-8,3,-11,7,-14,12,-18,14,-20,14,-25,15,-29,15,-31,13,-32,13,-31,10,-30,9,-28,9,-23,10,-17,11,-13,11,-8,13,-3,16,2,18,6,20,10,0,0,0,0,0,0,0,0,0,0,0,0,0,0,0,0,0,0,0,0,0,0,7,1,2,1,-2,3,-6,5,-11,7,-16,11,-19,13,-22,16,-23,20,-22,22,-23,24,-21,24,-18,23,-16,22,-13,17,-11,11,-9,7,-9,0,-11,-7,-11,-10,-16,-16,-19,-21,-23,-25,-27,-24,-31,-26,-32,-22
CSI:-79,16,11,0,-33,-1,-30,0,-23,-1,-17,1,-12,-5,-5,-9,-2,-11,0,-15,3,-21,2,-25,3,-30,1,-31,-2,-35,-1,-35,-2,-34,-4,-32,-3,-29,-1,-24,2,-21,2,-16,7,-10,10,-10,15,-5,19,-2,21,0,0,0,0,0,0,0,0,0,0,0,0,0,0,0,0,0,0,0,0,0,0,0,7,-2,3,0,-2,3,-5,6,-7,10,-12,15,-13,18,-14,22,-14,26,-13,29,-13,29,-11,29,-9,28,-7,25,-5,19,-7,14,-7,9,-9,3,-10,-2,-15,-7,-20,-9,-26,-12,-30,-13,-35,-12,-37,-11,-40,-11
CSI:-116,-64,8,0,-10,-29,-10,-25,-7,-21,-4,-16,2,-11,5,-10,12,-9,15,-10,21,-12,21,-14,24,-18,25,-20,25,-21,23,-25,21,-23,19,-22,17,-20,15,-15,14,-13,14,-8,15,-4,16,1,19,3,21,8,22,11,0,0,0,0,0,0,0,0,0,0,0,0,0,0,0,0,0,0,0,0,0,0,-6,3,-7,-1,-7,-6,-9,-10,-11,-13,-14,-17,-18,-17,-21,-18,-24,-19,-26,-17,-27,-16,-26,-15,-24,-13,-22,-12,-17,-11,-12,-10,-8,-11,-4,-15,0,-17,4,-21,2,-26,4,-31,4,-35,2,-36,-2,-41,-4,-35
CSI:-58,96,12,0,-12,-24,-10,-20,-5,-17,-3,-12,2,-5,7,-4,12,-4,16,-4,22,-5,24,-7,27,-9,28,-11,29,-14,27,-15,26,-15,24,-13,22,-13,16,-9,15,-6,14,-1,11,3,11,9,11,13,11,16,11,20,0,0,0,0,0,0,0,0,0,0,0,0,0,0,0,0,0,0,0,0,0,0,-1,1,-5,-1,-8,-3,-12,-5,-16,-6,-20,-6,-24,-6,-27,-5,-29,-3,-30,-2,-28,-1,-28,0,-25,0,-21,1,-18,-1,-12,-2,-6,-6,-4,-11,0,-15,1,-20,0,-25,2,-29,-2,-32,-1,-36,-7,-35,-6,-34
CSI:-65,-15,27,0,24,19,19,13,12,10,10,9,1,8,-5,7,-12,9,-17,12,-20,15,-22,19,-22,23,-22,27,-22,29,-20,30,-19,28,-17,26,-15,24,-13,18,-14,13,-13,8,-15,2,-16,-3,-19,-6,-22,-11,-23,-14,0,0,0,0,0,0,0,0,0,0,0,0,0,0,0,0,0,0,0,0,0,0,-2,-3,3,-2,8,-2,13,-4,17,-5,22,-7,25,-9,28,-12,29,-14,28,-16,28,-17,26,-18,22,-17,19,-13,14,-10,13,-5,9,1,8,8,9,13,8,19,13,24,15,26,17,29,24,32,27,30,25,29
CSI:-50,-32,12,0,-13,-25,-11,-21,-8,-15,-2,-12,1,-6,6,-6,12,-2,16,-3,21,-3,25,-5,28,-7,30,-8,28,-11,30,-13,26,-11,26,-10,23,-9,19,-7,16,-2,12,1,10,5,8,10,7,14,6,18,3,23,0,0,0,0,0,0,0,0,0,0,0,0,0,0,0,0,0,0,0,0,0,0,1,1,-3,0,-7,-1,-12,-1,-16,-1,-20,0,-24,1,-27,3,-29,5,-29,6,-29,6,-27,6,-25,6,-20,6,-17,2,-12,0,-7,-4,-6,-8,-3,-12,-1,-18,-1,-24,-2,-29,-5,-31,-8,-37,-8,-36,-12,-35
CSI:-125,49,24,0,-7,28,-4,22,-2,18,-5,11,-5,4,-9,0,-11,-3,-13,-9,-18,-12,-20,-12,-26,-12,-29,-11,-29,-11,-31,-11,-30,-10,-29,-10,-24,-8,-21,-8,-15,-9,-11,-10,-6,-12,-2,-15,3,-16,6,-20,9,-20,0,0,0,0,0,0,0,0,0,0,0,0,0,0,0,0,0,0,0,0,0,0,-2,-5,1,-1,4,2,8,5,12,7,16,10,19,11,23,11,27,12,29,11,30,10,28,8,26,8,23,6,19,6,13,6,7,6,1,8,-4,11,-9,13,-12,19,-14,22,-16,26,-15,32,-15,32,-11,33
CSI:98,32,6,0,-28,-13,-24,-11,-19,-8,-15,-7,-8,-8,-5,-9,1,-12,6,-16,5,-22,6,-25,5,-29,6,-31,5,-35,3,-33,1,-31,0,-32,-1,-26,1,-23,2,-22,5,-16,9,-12,12,-9,16,-8,20,-6,23,-5,0,0,0,0,0,0,0,0,0,0,0,0,0,0,0,0,0,0,0,0,0,0,3,5,1,3,-4,2,-9,-1,-14,1,-19,1,-22,3,-27,6,-29,8,-30,10,-31,12,-29,13,-27,14,-23,12,-20,10,-19,4,-16,2,-12,-3,-11,-8,-13,-14,-14,-18,-17,-22,-21,-25,-25,-25,-28,-24,-29,-24
CSI:16,1,17,0,-26,-18,-23,-17,-18,-14,-13,-11,-6,-10,-2,-13,3,-13,7,-16,10,-22,10,-26,10,-30,8,-33,6,-35,5,-36,5,-35,2,-31,4,-29,4,-23,6,-21,8,-16,12,-14,15,-11,18,-9,23,-7,26,-5,0,0,0,0,0,0,0,0,0,0,0,0,0,0,0,0,0,0,0,0,0,0,0,6,-3,2,-6,-1,-10,-2,-15,-5,-21,-6,-25,-6,-30,-5,-31,-3,-34,-1,-34,0,-33,3,-31,3,-28,3,-24,2,-18,0,-15,-4,-13,-7,-10,-13,-10,-18,-10,-23,-14,-28,-16,-29,-21,-31,-24,-31,-27,-32
CSI:-101,-79,25,0,-8,-26,-8,-21,-6,-19,-3,-16,0,-10,4,-10,9,-9,13,-11,18,-11,19,-15,22,-17,22,-20,22,-22,20,-25,18,-23,17,-22,15,-21,13,-16,15,-12,13,-9,14,-5,15,-1,19,2,20,4,22,8,0,0,0,0,0,0,0,0,0,0,0,0,0,0,0,0,0,0,0,0,0,0,-4,4,-4,0,-4,-4,-7,-8,-8,-12,-10,-16,-13,-19,-18,-20,-20,-21,-23,-20,-24,-20,-24,-18,-24,-15,-22,-13,-16,-11,-13,-10,-8,-11,-4,-13,0,-14,3,-18,4,-23,6,-27,4,-31,1,-34,-1,-36,-2,-32
CSI:-54,-96,12,0,25,8,19,7,13,5,10,6,5,6,1,11,-3,13,-4,17,-6,21,-5,24,-3,28,-2,30,0,30,3,29,2,29,2,27,1,23,0,20,-3,17,-6,14,-10,12,-14,11,-18,10,-21,10,-24,9,0,0,0,0,0,0,0,0,0,0,0,0,0,0,0,0,0,0,0,0,0,0,-2,-5,2,-4,6,-2,10,-1,14,-1,18,-2,22,-3,24,-4,26,-6,27,-9,27,-9,26,-11,24,-11,21,-10,17,-7,14,-5,12,0,12,4,11,9,12,13,15,17,18,20,22,21,24,20,30,18,28,18
CSI:98,32,6,0,-28,5,-25,5,-18,1,-12,0,-7,-2,-3,-9,0,-12,2,-16,2,-23,2,-25,-1,-32,-2,-32,-3,-32,-5,-32,-5,-31,-6,-29,-5,-25,-2,-22,0,-19,3,-15,7,-13,11,-10,15,-8,21,-6,22,-4,0,0,0,0,0,0,0,0,0,0,0,0,0,0,0,0,0,0,0,0,0,0,2,-1,-1,3,-4,6,-7,10,-9,15,-11,18,-8,24,-10,27,-10,31,-10,32,-9,31,-9,29,-7,27,-6,23,-7,18,-7,13,-9,6,-12,3,-16,-1,-20,-5,-24,-8,-27,-8,-33,-10,-38,-8,-38,-5,-40,-3
CSI:-41,113,29,0,5,-28,2,-23,3,-18,2,-10,4,-6,9,-1,11,5,12,6,20,9,22,12,26,9,27,7,27,8,30,5,29,6,28,4,22,3,20,6,15,6,11,9,6,9,3,13,0,16,-4,18,-6,21,0,0,0,0,0,0,0,0,0,0,0,0,0,0,0,0,0,0,0,0,0,0,-1,2,-4,-2,-5,-5,-8,-10,-12,-12,-16,-15,-18,-15,-23,-17,-27,-18,-27,-18,-28,-15,-27,-14,-25,-12,-22,-11,-17,-10,-11,-9,-5,-9,0,-10,5,-13,10,-16,14,-19,16,-24,16,-29,16,-33,15,-33,13,-33
CSI:37,81,18,0,17,24,15,17,12,15,2,9,0,6,-5,4,-10,5,-16,6,-20,9,-24,12,-25,15,-24,17,-27,20,-24,21,-24,20,-21,19,-19,16,-18,12,-17,8,-16,3,-14,-2,-15,-6,-16,-9,-17,-15,-17,-18,0,0,0,0,0,0,0,0,0,0,0,0,0,0,0,0,0,0,0,0,0,0,-2,-3,2,-2,7,-1,11,-1,15,-1,21,-2,25,-2,28,-7,30,-9,31,-10,30,-12,28,-11,26,-11,22,-8,18,-6,14,-2,10,1,8,8,6,13,6,18,7,25,7,26,10,31,14,33,16,34,18,31
CSI:-119,-112,8,0,-34,-2,-26,-4,-22,-1,-15,-3,-9,-5,-3,-10,-1,-14,6,-19,9,-23,5,-29,6,-33,-1,-34,0,-37,1,-36,-1,-35,-3,-32,0,-28,0,-25,3,-21,7,-16,9,-13,15,-9,17,-7,22,-4,26,-3,0,0,0,0,0,0,0,0,0,0,0,0,0,0,0,0,0,0,0,0,0,0,2,0,-4,3,-6,5,-11,10,-15,13,-20,16,-22,20,-22,24,-20,27,-22,28,-21,30,-18,29,-16,28,-14,24,-12,18,-12,12,-12,5,-13,0,-16,-7,-21,-11,-24,-16,-31,-17,-33,-19,-37,-18,-41,-15,-40,-13
CSI:-127,16,8,0,-12,30,-10,23,-1,15,-6,9,-6,1,-10,-5,-12,-10,-17,-13,-20,-18,-24,-18,-28,-19,-30,-19,-32,-18,-33,-16,-31,-16,-29,-13,-24,-10,-19,-11,-16,-11,-10,-13,-5,-15,-1,-17,4,-19,8,-22,11,-24,0,0,0,0,0,0,0,0,0,0,0,0,0,0,0,0,0,0,0,0,0,0,2,-3,4,1,5,5,8,9,12,13,16,17,19,19,24,21,26,22,29,22,29,21,28,18,25,18,21,16,15,14,9,10,3,12,-4,10,-10,13,-18,16,-22,21,-25,23,-28,33,-26,33,-24,34,-20,36
CSI:-59,81,28,0,31,-9,25,-10,15,-7,12,-2,4,4,1,6,-2,14,-5,20,-2,24,-2,29,1,32,3,36,5,36,7,36,7,34,7,30,4,26,3,22,1,19,-4,15,-9,12,-12,10,-18,10,-23,7,-26,6,0,0,0,0,0,0,0,0,0,0,0,0,0,0,0,0,0,0,0,0,0,0,-5,0,-2,-5,0,-10,2,-15,4,-20,5,-25,4,-30,4,-34,2,-37,2,-39,1,-38,1,-37,-1,-34,0,-29,1,-24,4,-17,10,-10,12,-6,18,-1,25,2,30,4,34,3,37,4,41,0,45,0,40,-5
CSI:-104,-128,9,0,-7,27,-5,21,-5,14,-4,11,-7,4,-9,-4,-10,-7,-15,-9,-18,-14,-23,-13,-28,-14,-31,-14,-32,-11,-32,-11,-31,-10,-26,-7,-24,-6,-20,-7,-15,-8,-10,-9,-7,-13,-3,-14,-1,-18,3,-21,5,-23,0,0,0,0,0,0,0,0,0,0,0,0,0,0,0,0,0,0,0,0,0,0,1,-4,4,0,6,4,9,7,13,12,17,15,21,15,25,17,26,17,28,16,29,16,27,14,25,14,21,12,17,12,10,10,3,10,-2,10,-8,14,-13,16,-15,21,-18,24,-20,29,-20,30,-17,35,-14,36
CSI:61,-47,19,0,-12,-25,-13,-20,-8,-14,-5,-8,1,-6,6,-3,11,1,15,1,19,0,23,1,27,-2,28,-3,28,-4,28,-6,27,-7,25,-8,23,-5,19,-3,15,-1,13,3,8,7,7,11,4,15,3,18,2,21,0,0,0,0,0,0,0,0,0,0,0,0,0,0,0,0,0,0,0,0,0,0,1,2,-2,1,-7,0,-12,0,-16,0,-20,2,-24,2,-28,4,-29,5,-31,6,-31,7,-30,7,-26,7,-24,4,-19,1,-14,-2,-10,-6,-8,-11,-5,-16,-3,-21,-1,-24,-3,-30,-5,-36,-6,-38,-10,-37,-11,-37
CSI:28,-64,1,0,-23,-1,-23,-1,-21,5,-2,-10,-14,-11,-10,-15,-6,-29,-14,-14,-20,-29,-16,-15,-14,-15,-23,-13,-24,-17,-18,-21,-14,-16,-13,-14,-13,-10,-11,-12,-8,-16,-9,-16,-1,-3,9,-6,3,-14,3,-11,5,-6,0,0,0,0,0,0,0,0,0,0,0,0,0,0,0,0,0,0,0,0,0,0,-2,4,3,7,0,6,-5,6,-5,3,-8,8,-12,2,-7,13,-5,5,-3,0,-8,-5,2,5,-9,-6,-9,-4,-10,-1,-7,1,-3,5,-14,6,-20,1,-21,6,-22,1,-32,20,-30,7,-32,19,-25,7,-61,23
CSI:47,-15,18,0,-27,-20,-25,-16,-16,-14,-10,-10,-6,-8,2,-10,5,-10,12,-15,16,-14,17,-21,18,-24,17,-27,18,-28,16,-30,12,-31,12,-29,11,-24,12,-19,10,-18,11,-10,12,-6,16,-2,18,2,21,6,23,9,0,0,0,0,0,0,0,0,0,0,0,0,0,0,0,0,0,0,0,0,0,0,3,3,-2,2,-7,1,-11,2,-16,3,-21,5,-25,6,-28,9,-30,12,-30,14,-31,15,-30,15,-27,15,-24,13,-19,10,-15,6,-12,1,-11,-6,-11,-12,-10,-18,-13,-24,-15,-28,-17,-31,-24,-33,-27,-32,-27,-32
CSI:-115,-47,24,0,28,8,23,7,17,6,13,4,6,5,1,9,-5,11,-7,16,-9,18,-7,22,-6,24,-8,30,-6,30,-6,30,-4,32,-1,28,-4,24,-5,21,-6,17,-8,13,-11,9,-15,6,-17,4,-21,1,-25,0,0,0,0,0,0,0,0,0,0,0,0,0,0,0,0,0,0,0,0,0,0,0,-4,-5,1,-4,4,-6,9,-7,13,-8,17,-10,20,-13,22,-15,24,-17,23,-20,22,-21,22,-21,19,-21,16,-18,14,-14,12,-9,11,-3,10,1,11,7,13,12,17,16,21,19,23,21,28,21,31,20,32,18
CSI:-100,-63,25,0,-31,8,-23,7,-21,3,-15,4,-10,-1,-5,-4,-4,-11,-2,-16,-4,-20,-4,-25,-8,-28,-12,-30,-13,-28,-14,-28,-14,-28,-14,-25,-12,-23,-8,-20,-6,-18,-2,-15,2,-14,7,-13,12,-15,15,-14,19,-15,0,0,0,0,0,0,0,0,0,0,0,0,0,0,0,0,0,0,0,0,0,0,5,1,0,3,-2,5,-6,8,-9,12,-11,15,-13,20,-15,23,-13,25,-12,28,-12,29,-12,28,-9,26,-8,23,-8,19,-8,12,-9,7,-11,3,-15,-2,-19,-4,-23,-7,-27,-8,-34,-5,-37,-4,-40,0,-39,-2
CSI:-48,0,13,0,21,-24,17,-20,13,-18,12,-12,6,-5,9,3,9,6,9,15,14,17,18,20,22,23,25,22,26,21,28,21,27,18,26,17,23,17,19,15,14,13,9,15,3,15,-1,17,-6,19,-9,22,-14,22,0,0,0,0,0,0,0,0,0,0,0,0,0,0,0,0,0,0,0,0,0,0,-6,2,-4,-3,-3,-7,-3,-12,-3,-17,-4,-22,-5,-26,-7,-30,-9,-32,-11,-35,-12,-34,-12,-31,-12,-30,-10,-26,-9,-22,-4,-17,1,-13,7,-9,13,-8,18,-10,27,-11,29,-12,33,-15,35,-19,37,-22,38,-27
CSI:-121,112,8,0,-24,-17,-17,-14,-15,-9,-10,-7,-3,-5,4,-6,9,-6,13,-11,17,-14,21,-17,21,-21,22,-24,21,-25,20,-27,19,-27,17,-26,16,-20,15,-17,14,-12,13,-7,13,-3,13,3,15,7,15,13,16,16,0,0,0,0,0,0,0,0,0,0,0,0,0,0,0,0,0,0,0,0,0,0,1,2,-3,3,-7,5,-11,7,-14,10,-17,13,-19,16,-20,18,-20,20,-21,23,-20,23,-18,21,-15,20,-13,16,-11,12,-10,7,-8,1,-9,-6,-9,-11,-10,-16,-15,-19,-17,-24,-22,-25,-24,-27,-26,-25,-30,-24
CSI:-121,112,8,0,26,-7,19,-7,12,-4,10,-4,5,2,1,5,-1,12,-5,16,-4,22,-3,25,-2,29,1,31,3,32,3,33,3,32,5,30,3,26,1,21,-1,18,-5,15,-8,11,-12,8,-16,5,-21,3,-23,1,0,0,0,0,0,0,0,0,0,0,0,0,0,0,0,0,0,0,0,0,0,0,-3,-2,0,-6,1,-10,2,-13,4,-17,3,-21,3,-25,2,-28,1,-30,-1,-31,-1,-30,-2,-28,-3,-26,-3,-22,-1,-17,1,-12,4,-6,8,-2,13,2,18,3,23,5,28,5,30,4,36,2,35,-1,35,0
CSI:-1,-16,15,0,-18,20,-15,16,-9,11,-8,7,-6,0,-6,-5,-7,-12,-8,-17,-10,-19,-15,-21,-18,-24,-20,-24,-23,-23,-23,-23,-25,-24,-24,-20,-19,-19,-16,-17,-13,-15,-7,-15,-2,-15,4,-15,8,-15,13,-15,16,-16,0,0,0,0,0,0,0,0,0,0,0,0,0,0,0,0,0,0,0,0,0,0,3,-1,2,3,4,6,5,11,7,14,10,18,12,20,15,22,17,23,18,23,19,22,19,20,17,18,14,16,11,13,4,9,-1,7,-7,6,-12,7,-17,7,-22,11,-26,13,-28,16,-30,20,-28,23,-27,21
CSI:-49,-14,44,0,-25,-18,-21,-16,-14,-8,-12,-7,-1,-5,4,-5,10,-7,17,-9,20,-14,23,-17,25,-23,26,-24,26,-28,24,-27,24,-27,21,-25,21,-22,19,-18,17,-13,16,-7,16,-1,14,4,17,10,15,15,15,20,0,0,0,0,0,0,0,0,0,0,0,0,0,0,0,0,0,0,0,0,0,0,0,3,-3,4,-7,6,-11,10,-15,12,-18,16,-20,20,-23,23,-22,25,-22,26,-22,27,-19,25,-17,23,-15,19,-13,14,-11,7,-11,1,-9,-6,-10,-13,-11,-18,-15,-27,-19,-28,-26,-29,-25,-31,-28,-30,-32,-25
CSI:98,32,6,0,-28,11,-23,10,-16,8,-11,3,-6,-1,-1,-4,2,-11,3,-16,5,-20,5,-25,0,-28,1,-32,0,-34,-3,-33,-4,-34,-4,-31,-2,-29,-1,-26,1,-22,5,-18,7,-15,10,-9,14,-7,18,-4,22,-1,0,0,0,0,0,0,0,0,0,0,0,0,0,0,0,0,0,0,0,0,0,0,0,-1,0,3,-1,7,1,11,1,15,3,20,5,23,7,26,9,27,11,28,11,28,12,27,13,26,9,22,6,18,3,13,0,8,-6,5,-10,2,-16,1,-22,1,-28,0,-31,1,-33,4,-35,5,-34,8
CSI:-122,96,8,0,-9,-27,-8,-23,-7,-16,-4,-12,0,-5,4,-1,9,2,13,5,19,5,24,5,27,4,30,4,32,3,33,1,32,2,31,1,28,2,24,2,20,3,16,6,11,9,7,12,3,16,-1,19,-5,22,0,0,0,0,0,0,0,0,0,0,0,0,0,0,0,0,0,0,0,0,0,0,0,0,-4,0,-9,-1,-13,0,-16,1,-21,2,-24,5,-27,8,-28,9,-28,10,-29,11,-28,12,-27,12,-19,8,-15,5,-13,3,-9,1,-6,-5,-3,-10,-1,-15,0,-21,-1,-27,-1,-31,-3,-33,-5,-36,-8,-35
CSI:-126,32,8,0,24,15,19,12,14,9,10,6,2,2,-3,5,-6,3,-16,4,-20,7,-21,8,-24,12,-30,13,-27,19,-29,18,-26,17,-26,17,-25,15,-24,11,-19,10,-18,4,-15,-2,-14,-6,-13,-11,-11,-16,-10,-19,0,0,0,0,0,0,0,0,0,0,0,0,0,0,0,0,0,0,0,0,0,0,-1,1,2,-3,5,-6,9,-9,12,-13,12,-15,15,-18,15,-22,16,-25,16,-28,16,-27,14,-27,12,-25,10,-21,8,-17,7,-12,6,-5,6,0,7,6,9,12,12,16,16,20,20,23,22,25,25,24,26,22
CSI:-126,32,8,0,-24,-17,-19,-12,-16,-10,-8,-8,-4,-4,4,-4,8,-3,13,-5,19,-8,22,-11,24,-14,27,-16,29,-16,29,-19,27,-18,26,-19,23,-15,21,-13,18,-9,16,-5,14,0,13,5,12,11,11,16,10,19,0,0,0,0,0,0,0,0,0,0,0,0,0,0,0,0,0,0,0,0,0,0,0,0,-3,2,-7,4,-10,7,-13,11,-14,14,-16,19,-17,21,-17,23,-17,26,-16,25,-16,27,-13,24,-11,21,-10,15,-8,11,-7,5,-7,-1,-7,-8,-10,-13,-15,-18,-15,-21,-20,-25,-24,-26,-26,-25,-27,-24
CSI:-43,80,13,0,-4,-29,-5,-24,-4,-18,-3,-13,2,-7,5,-1,9,1,14,3,19,9,23,7,28,6,31,4,33,4,35,1,32,1,32,1,27,3,24,3,20,5,14,7,10,10,5,12,2,16,-3,18,-5,22,0,0,0,0,0,0,0,0,0,0,0,0,0,0,0,0,0,0,0,0,0,0,0,1,-4,0,-10,-5,-13,-5,-17,-5,-22,-6,-25,-4,-29,-4,-32,-2,-33,-1,-33,0,-31,0,-28,2,-25,0,-19,0,-15,-1,-10,-5,-5,-7,-1,-13,2,-18,4,-24,5,-28,5,-32,3,-35,2,-38,0,-38
CSI:-70,-96,11,0,-5,-34,-6,-26,-6,-21,-2,-15,0,-8,4,-4,11,3,16,6,22,5,27,6,31,4,36,5,38,3,38,2,38,2,34,1,30,1,26,2,20,5,15,7,11,9,6,13,3,17,-1,21,-6,25,0,0,0,0,0,0,0,0,0,0,0,0,0,0,0,0,0,0,0,0,0,0,-2,0,-5,-3,-9,-5,-14,-7,-19,-7,-25,-8,-29,-8,-32,-7,-34,-6,-37,-4,-37,-1,-34,-1,-32,1,-27,0,-22,0,-16,-2,-10,-5,-5,-9,0,-14,6,-19,6,-26,6,-31,7,-36,4,-40,4,-42,1,-43
CSI:-100,-63,25,0,3,32,2,26,3,19,2,16,-2,6,-7,1,-11,-2,-15,-7,-24,-7,-28,-8,-31,-7,-35,-6,-39,-4,-39,-2,-39,-2,-35,-4,-32,-2,-28,-4,-22,-4,-17,-8,-12,-11,-8,-15,-4,-19,-1,-22,4,-25,0,0,0,0,0,0,0,0,0,0,0,0,0,0,0,0,0,0,0,0,0,0,1,0,3,2,8,5,11,7,16,9,22,10,26,10,31,9,32,9,36,6,36,4,33,2,31,3,27,2,20,2,14,2,8,5,3,9,-2,13,-7,19,-5,24,-9,30,-9,35,-8,38,-11,42,-7,43
CSI:-48,0,13,0,-30,12,-21,9,-17,8,-14,4,-7,0,-4,-5,0,-11,1,-15,0,-22,0,-25,-1,-30,-4,-32,-5,-34,-6,-33,-7,-33,-6,-31,-4,-27,-3,-24,0,-20,3,-15,7,-13,11,-8,14,-6,18,-3,22,-1,0,0,0,0,0,0,0,0,0,0,0,0,0,0,0,0,0,0,0,0,0,0,0,0,0,4,-1,8,-1,12,-1,16,-1,21,2,24,3,28,6,29,8,31,7,30,9,28,9,26,7,22,6,17,2,13,-2,8,-7,6,-11,2,-17,1,-21,1,-30,0,-33,1,-36,5,-38,7,-40,10
CSI:-118,-96,8,0,-16,-26,-15,-21,-12,-16,-9,-11,-3,-6,1,-2,6,1,9,5,17,5,21,7,23,5,27,7,32,3,32,2,32,5,32,4,27,5,20,5,17,6,11,6,5,8,0,10,-6,13,-11,16,-17,15,0,0,0,0,0,0,0,0,0,0,0,0,0,0,0,0,0,0,0,0,0,0,-1,-1,-5,1,-8,4,-12,7,-15,9,-18,13,-19,15,-22,18,-22,21,-21,21,-21,22,-20,20,-18,20,-15,17,-13,12,-11,6,-7,1,-7,-5,-5,-11,-5,-16,-5,-22,-7,-26,-10,-31,-12,-34,-15,-35,-15,-33
CSI:60,-63,19,0,-12,-32,-12,-26,-9,-18,-7,-13,-3,-6,2,-1,9,4,13,8,19,6,23,7,29,7,33,6,35,5,37,5,36,5,33,5,30,4,25,6,19,7,12,8,6,11,2,13,-5,15,-10,18,-16,20,0,0,0,0,0,0,0,0,0,0,0,0,0,0,0,0,0,0,0,0,0,0,-1,0,-6,0,-10,1,-14,3,-19,5,-23,7,-26,10,-29,13,-29,15,-31,16,-30,18,-28,18,-25,16,-21,12,-16,9,-12,6,-7,0,-7,-6,-4,-13,-2,-20,-2,-25,-3,-30,-4,-34,-7,-39,-10,-40,-11,-41
CSI:-118,-96,8,0,8,29,7,24,9,19,6,11,1,4,-1,1,-6,-6,-12,-10,-16,-13,-22,-14,-26,-16,-30,-14,-31,-16,-33,-16,-32,-16,-30,-16,-27,-13,-21,-13,-16,-13,-9,-11,-3,-12,4,-12,10,-11,16,-12,21,-9,0,0,0,0,0,0,0,0,0,0,0,0,0,0,0,0,0,0,0,0,0,0,1,0,4,-2,8,-4,12,-6,17,-10,19,-13,21,-16,24,-19,25,-20,25,-23,24,-22,23,-22,21,-19,17,-16,13,-13,11,-8,5,-3,5,3,2,10,1,18,2,24,2,29,2,32,5,37,5,39,9,38
CSI:-122,96,8,0,31,11,24,10,20,4,12,4,6,1,-1,3,-8,0,-15,1,-22,7,-24,7,-27,13,-32,13,-33,16,-33,17,-33,17,-30,15,-26,12,-25,8,-21,4,-16,-1,-13,-7,-8,-11,-5,-17,-1,-22,2,-24,0,0,0,0,0,0,0,0,0,0,0,0,0,0,0,0,0,0,0,0,0,0,0,-2,2,-5,4,-9,4,-15,5,-19,6,-23,6,-27,6,-32,5,-34,3,-34,4,-34,3,-33,1,-29,1,-25,2,-20,2,-14,5,-7,6,0,11,6,14,11,17,15,22,17,30,21,33,19,34,20,38,22
CSI:-69,-79,27,0,-12,-24,-14,-21,-9,-15,-5,-9,-1,-5,4,-4,10,-2,14,-1,19,-1,23,-3,25,-5,28,-6,30,-9,30,-10,29,-10,27,-9,24,-8,20,-6,17,-3,13,1,11,5,9,10,7,15,4,19,3,22,0,0,0,0,0,0,0,0,0,0,0,0,0,0,0,0,0,0,0,0,0,0,-2,3,-6,1,-10,0,-14,-1,-18,-1,-22,-1,-26,0,-28,1,-29,2,-30,3,-29,3,-29,4,-25,4,-21,2,-17,1,-12,-3,-9,-6,-6,-10,-4,-15,-2,-19,-1,-25,-3,-28,-4,-34,-6,-35,-11,-35,-13,-34
CSI:79,-15,20,0,-30,14,-22,9,-16,10,-14,4,-6,1,-4,-5,-2,-11,-2,-17,-3,-23,-6,-26,-8,-28,-13,-33,-15,-32,-16,-32,-17,-30,-16,-28,-15,-25,-10,-20,-6,-18,-3,-16,3,-14,8,-14,14,-14,19,-14,22,-12,0,0,0,0,0,0,0,0,0,0,0,0,0,0,0,0,0,0,0,0,0,0,2,3,0,6,-4,10,-5,14,-7,18,-7,21,-8,25,-7,29,-4,31,-5,34,-4,32,-3,30,-1,27,-1,23,-3,17,-4,12,-7,7,-12,4,-15,1,-22,-2,-26,-2,-30,-1,-39,0,-39,3,-40,7,-42,8
CSI:-122,96,8,0,4,-30,5,-24,3,-21,2,-13,2,-5,4,1,8,7,11,10,15,13,19,15,23,13,27,15,28,16,30,15,29,14,28,12,24,11,19,11,14,11,8,10,4,13,-2,12,-6,16,-11,17,-15,18,0,0,0,0,0,0,0,0,0,0,0,0,0,0,0,0,0,0,0,0,0,0,-4,1,-6,-2,-10,-6,-12,-8,-16,-11,-20,-14,-23,-14,-25,-15,-29,-15,-30,-15,-28,-14,-27,-12,-24,-11,-21,-9,-16,-9,-9,-9,-3,-8,1,-11,7,-14,11,-17,14,-20,18,-27,17,-28,18,-32,15,-35,13,-39
CSI:98,32,6,0,17,-26,14,-23,8,-16,8,-12,8,-5,5,2,6,7,8,13,12,16,16,20,21,21,24,22,27,22,26,20,28,19,27,18,22,16,18,16,13,13,7,13,2,14,-3,16,-9,17,-13,19,-18,20,0,0,0,0,0,0,0,0,0,0,0,0,0,0,0,0,0,0,0,0,0,0,-5,-2,-3,-6,-4,-10,-4,-16,-5,-19,-7,-23,-9,-26,-11,-29,-14,-29,-15,-30,-15,-30,-15,-27,-14,-25,-12,-21,-8,-17,-4,-14,1,-10,7,-10,13,-10,19,-12,24,-15,28,-15,30,-19,30,-23,30,-28,29,-28
CSI:1,17,16,0,-22,17,-15,18,-12,13,-8,7,-5,0,-4,-6,-3,-11,-1,-19,-5,-24,-7,-24,-11,-28,-15,-31,-16,-30,-17,-30,-16,-29,-18,-26,-16,-24,-13,-20,-9,-17,-4,-15,2,-14,6,-13,11,-13,16,-13,20,-12,0,0,0,0,0,0,0,0,0,0,0,0,0,0,0,0,0,0,0,0,0,0,3,3,1,7,0,11,0,15,0,19,0,23,1,27,2,30,4,31,4,32,5,33,5,30,6,26,4,24,2,19,-2,14,-6,10,-9,8,-14,7,-20,4,-23,7,-29,8,-31,10,-34,13,-34,15,-32,14
CSI:98,32,6,0,17,-20,13,-16,9,-13,5,-9,2,-2,1,2,3,9,4,16,4,21,9,22,13,25,14,26,17,27,19,28,19,25,17,23,14,19,12,18,8,15,4,14,-1,12,-6,13,-11,12,-15,11,-20,12,0,0,0,0,0,0,0,0,0,0,0,0,0,0,0,0,0,0,0,0,0,0,-4,-4,-4,-8,-1,-13,-3,-16,-2,-21,-3,-24,-5,-27,-6,-30,-7,-31,-9,-33,-9,-32,-10,-29,-8,-27,-7,-24,-5,-19,-2,-15,3,-12,7,-10,13,-9,19,-8,22,-9,27,-11,29,-13,30,-15,31,-18,29,-20
CSI:59,-79,19,0,-12,23,-8,20,-4,15,-4,7,-2,2,-6,-2,-6,-11,-8,-15,-13,-17,-16,-20,-22,-21,-24,-23,-25,-22,-28,-20,-26,-19,-26,-16,-22,-15,-17,-14,-13,-14,-9,-13,-3,-13,1,-15,5,-16,10,-18,14,-18,0,0,0,0,0,0,0,0,0,0,0,0,0,0,0,0,0,0,0,0,0,0,3,0,6,5,6,9,8,13,10,16,12,20,15,23,17,25,19,25,20,25,21,23,20,21,18,20,15,17,11,15,6,11,1,11,-6,11,-10,12,-14,13,-19,16,-21,19,-22,22,-23,28,-21,28,-19,28
CSI:-122,96,8,0,18,-20,14,-17,10,-11,5,-9,3,-1,3,4,3,9,1,17,6,21,8,21,13,28,14,24,17,27,19,26,18,25,20,21,15,23,12,18,8,15,4,15,-1,12,-6,12,-11,13,-16,13,-21,12,0,0,0,0,0,0,0,0,0,0,0,0,0,0,0,0,0,0,0,0,0,0,-4,-4,-3,-7,-2,-12,-4,-17,-3,-20,-4,-24,-6,-27,-7,-30,-9,-32,-9,-32,-10,-31,-9,-29,-10,-27,-8,-23,-5,-19,-1,-16,3,-11,7,-10,12,-8,18,-8,22,-9,26,-11,29,-14,30,-16,30,-19,28,-21
CSI:-122,96,8,0,-17,-25,-14,-20,-9,-15,-8,-8,-1,-5,1,-1,10,2,14,1,20,1,25,1,31,-2,28,-3,31,-5,28,-5,29,-7,28,-7,24,-4,18,-4,17,-1,13,4,7,8,5,12,2,16,-1,22,-5,24,0,0,0,0,0,0,0,0,0,0,0,0,0,0,0,0,0,0,0,0,0,0,-1,2,-4,2,-10,1,-14,2,-18,3,-23,4,-26,7,-28,7,-30,8,-30,10,-29,10,-28,10,-24,8,-22,6,-17,2,-12,-2,-8,-7,-6,-11,-4,-17,-1,-23,-4,-28,-4,-33,-7,-36,-9,-38,-11,-38,-13,-38
CSI:-64,0,12,0,-30,2,-25,4,-17,2,-15,-1,-5,-3,1,-6,5,-8,9,-12,14,-17,14,-19,15,-25,15,-27,15,-30,13,-29,11,-28,11,-26,10,-22,9,-20,10,-13,9,-8,10,-2,12,3,13,9,15,14,16,18,0,0,0,0,0,0,0,0,0,0,0,0,0,0,0,0,0,0,0,0,0,0,1,-1,0,5,-1,8,-2,12,-3,17,-4,22,-2,25,-3,28,-2,31,-1,31,-2,30,-2,27,0,24,-4,21,-4,14,-5,8,-9,2,-13,-1,-16,-5,-23,-10,-27,-12,-32,-11,-36,-10,-38,-12,-38,-9,-40,-6
CSI:-30,32,14,0,15,23,12,16,9,15,7,9,2,4,-5,0,-12,-3,-16,-1,-22,-1,-26,1,-29,3,-33,5,-32,7,-32,9,-32,9,-28,8,-24,8,-22,4,-17,2,-14,-3,-11,-9,-8,-13,-5,-19,-3,-22,0,-26,0,0,0,0,0,0,0,0,0,0,0,0,0,0,0,0,0,0,0,0,0,0,-1,-3,3,-3,9,-3,13,-3,18,-3,21,-4,25,-6,28,-9,30,-9,30,-11,29,-10,26,-10,24,-8,21,-6,16,-3,12,3,9,6,6,11,5,18,1,23,3,29,5,32,9,38,14,40,14,37,13,33
CSI:-84,-63,26,0,-9,25,-6,26,-2,15,-6,10,-2,5,-4,-4,-8,-8,-10,-14,-14,-17,-17,-19,-23,-20,-25,-21,-26,-18,-28,-19,-28,-18,-27,-16,-22,-13,-18,-14,-13,-12,-9,-12,-2,-13,4,-15,9,-17,15,-17,18,-17,0,0,0,0,0,0,0,0,0,0,0,0,0,0,0,0,0,0,0,0,0,0,1,-2,4,1,6,6,9,9,13,13,16,15,20,17,23,18,25,19,26,19,25,18,23,16,21,15,17,13,11,10,5,10,0,11,-8,11,-13,14,-16,18,-22,22,-23,27,-25,31,-25,31,-25,36,-20,35
CSI:98,32,6,0,30,-14,23,-13,16,-11,13,-8,9,-2,5,4,4,7,1,14,2,20,4,23,6,26,9,28,12,30,12,27,12,29,12,26,10,23,7,21,4,18,0,16,-5,14,-9,12,-12,11,-17,12,-21,10,0,0,0,0,0,0,0,0,0,0,0,0,0,0,0,0,0,0,0,0,0,0,-3,-1,0,-3,2,-7,3,-11,5,-15,6,-19,6,-22,6,-26,4,-28,3,-30,2,-30,2,-28,0,-28,1,-23,1,-20,1,-15,6,-10,9,-7,13,-3,17,-1,21,-3,27,0,30,-4,35,-5,37,-8,33,-9
CSI:-122,96,8,0,15,-35,10,-30,7,-25,5,-18,7,-11,8,-4,11,0,14,7,22,8,25,9,30,8,34,7,36,6,35,5,36,5,35,4,29,4,26,4,22,5,17,9,13,11,10,16,6,20,4,23,3,27,0,0,0,0,0,0,0,0,0,0,0,0,0,0,0,0,0,0,0,0,0,0,-4,0,-3,-4,-2,-8,-2,-13,-2,-18,-3,-22,-5,-26,-7,-30,-10,-33,-13,-34,-15,-32,-15,-30,-16,-30,-14,-25,-11,-21,-6,-17,-1,-15,6,-14,9,-14,15,-16,21,-19,23,-22,25,-27,25,-30,26,-35,23,-35
CSI:-122,96,8,0,-23,26,-15,22,-12,17,-10,13,-9,6,-9,-1,-10,-4,-12,-9,-15,-13,-19,-17,-22,-15,-30,-15,-27,-18,-29,-14,-28,-14,-28,-13,-25,-14,-22,-12,-17,-11,-12,-12,-8,-14,-5,-17,-1,-19,2,-22,6,-25,0,0,0,0,0,0,0,0,0,0,0,0,0,0,0,0,0,0,0,0,0,0,4,-1,1,3,-1,7,-2,11,-2,14,-4,19,-2,23,-1,26,2,28,4,30,4,29,6,28,6,26,5,23,3,19,1,16,-3,12,-8,10,-13,8,-18,8,-23,10,-26,13,-30,16,-30,20,-33,22,-30,25
CSI:-82,-31,26,0,-19,-25,-18,-22,-14,-16,-10,-13,-3,-9,1,-8,7,-8,13,-8,16,-10,19,-14,22,-17,23,-20,25,-22,24,-22,23,-24,21,-22,20,-19,17,-16,16,-12,15,-8,14,-3,15,3,17,5,18,11,18,15,0,0,0,0,0,0,0,0,0,0,0,0,0,0,0,0,0,0,0,0,0,0,-1,3,-4,0,-7,-2,-11,-3,-15,-5,-19,-5,-24,-4,-28,-3,-29,-3,-30,-1,-31,0,-29,1,-26,2,-23,0,-20,0,-16,-2,-13,-5,-10,-11,-8,-15,-6,-21,-7,-24,-7,-28,-9,-34,-12,-35,-14,-35,-21,-35
CSI:-105,112,9,0,31,-10,26,-11,19,-10,14,-6,6,-2,-2,3,-6,8,-11,14,-12,19,-15,24,-14,29,-13,31,-14,34,-14,34,-13,35,-11,33,-9,27,-11,22,-9,17,-12,9,-12,5,-14,-3,-16,-9,-16,-15,-17,-19,0,0,0,0,0,0,0,0,0,0,0,0,0,0,0,0,0,0,0,0,0,0,0,1,-1,-3,-2,-8,-4,-13,-5,-19,-9,-23,-10,-26,-12,-28,-15,-31,-16,-32,-16,-31,-16,-30,-15,-28,-13,-25,-10,-19,-5,-15,1,-11,5,-7,12,-4,19,-3,26,-3,30,-3,34,-4,40,-6,41,-6,42,-11
CSI:-54,-96,12,0,-34,4,-28,5,-21,5,-15,4,-8,1,1,-3,7,-8,13,-14,15,-18,18,-20,20,-26,21,-27,17,-28,17,-32,15,-31,15,-31,13,-24,12,-21,12,-17,13,-9,11,-3,12,3,13,10,13,16,13,21,0,0,0,0,0,0,0,0,0,0,0,0,0,0,0,0,0,0,0,0,0,0,0,-2,-1,1,-1,6,-1,12,0,18,1,23,2,25,3,30,6,32,6,34,7,34,5,32,6,30,6,25,4,20,0,15,-4,8,-8,4,-14,0,-19,-2,-25,-4,-31,-5,-36,-6,-41,-5,-43,-3,-42,-2
CSI:-118,-96,8,0,10,25,9,23,11,15,5,10,1,5,-3,-1,-9,-4,-13,-7,-18,-9,-24,-10,-27,-10,-30,-8,-31,-7,-33,-7,-32,-5,-30,-6,-25,-5,-21,-5,-17,-6,-11,-8,-6,-10,-1,-14,4,-14,9,-17,13,-20,0,0,0,0,0,0,0,0,0,0,0,0,0,0,0,0,0,0,0,0,0,0,-2,-1,2,-1,6,-1,10,-1,15,-3,19,-5,23,-6,25,-8,27,-10,28,-12,27,-12,27,-12,23,-12,20,-10,17,-7,11,-5,8,0,5,5,3,10,2,16,1,23,1,27,2,31,5,35,5,36,7,37
CSI:-94,32,10,0,-19,-22,-16,-20,-13,-14,-9,-10,-2,-4,1,-2,9,0,14,2,20,4,23,2,27,1,31,1,32,0,32,0,30,-1,28,-1,27,-1,21,1,17,2,12,5,6,8,2,11,-3,14,-7,17,-11,21,0,0,0,0,0,0,0,0,0,0,0,0,0,0,0,0,0,0,0,0,0,0,1,-1,-3,1,-7,2,-11,5,-13,7,-17,11,-19,13,-21,17,-22,19,-22,21,-21,21,-21,20,-19,20,-16,16,-14,11,-11,6,-9,2,-8,-4,-8,-10,-8,-15,-8,-23,-11,-24,-14,-28,-18,-32,-20,-35,-22,-32
CSI:98,32,6,0,-14,-29,-11,-26,-10,-19,-4,-13,0,-9,7,-5,13,-5,15,-2,20,-7,25,-7,28,-10,28,-12,31,-15,30,-17,28,-18,25,-16,23,-14,19,-10,17,-7,14,-1,12,4,13,9,13,15,13,20,12,23,0,0,0,0,0,0,0,0,0,0,0,0,0,0,0,0,0,0,0,0,0,0,-2,4,-4,-1,-6,-3,-10,-7,-13,-9,-18,-11,-22,-11,-26,-12,-29,-11,-31,-9,-32,-8,-29,-7,-28,-5,-26,-6,-20,-6,-15,-7,-11,-9,-8,-12,-3,-17,0,-22,0,-26,1,-30,-1,-36,-2,-39,-8,-42,-7,-41
CSI:-122,96,8,0,6,-29,4,-23,3,-19,3,-12,5,-9,7,-2,11,0,13,5,20,4,27,5,26,3,30,4,31,0,30,-2,28,-1,29,-4,22,-2,20,0,16,2,12,5,10,8,8,14,6,17,5,22,3,25,0,0,0,0,0,0,0,0,0,0,0,0,0,0,0,0,0,0,0,0,0,0,-4,3,-3,-4,-3,-6,-3,-11,-5,-14,-7,-18,-7,-21,-10,-23,-13,-25,-15,-26,-16,-25,-17,-23,-15,-21,-14,-19,-11,-16,-7,-14,-3,-13,3,-13,7,-14,11,-16,13,-20,17,-23,17,-27,16,-31,17,-34,13,-33
CSI:-122,96,8,0,7,29,8,26,8,19,4,13,0,10,-9,7,-15,4,-19,3,-24,5,-27,7,-30,11,-31,13,-33,16,-32,17,-30,17,-26,17,-23,15,-21,10,-18,7,-16,1,-17,-4,-16,-9,-17,-15,-17,-19,-18,-24,0,0,0,0,0,0,0,0,0,0,0,0,0,0,0,0,0,0,0,0,0,0,2,-4,3,0,5,3,7,6,10,12,14,14,18,16,22,17,25,19,27,17,28,15,28,16,26,13,23,12,19,10,14,10,8,11,4,14,-1,18,-4,22,-5,27,-7,31,-4,38,-2,40,0,40,2,40
CSI:-65,-15,27,0,11,-30,5,-25,6,-19,4,-12,7,-9,10,-2,12,4,17,8,21,8,26,10,31,8,33,7,34,5,35,3,33,3,31,2,27,2,22,3,18,5,13,8,10,11,6,16,4,19,0,24,-1,28,0,0,0,0,0,0,0,0,0,0,0,0,0,0,0,0,0,0,0,0,0,0,-4,3,-3,-3,-3,-7,-3,-12,-4,-16,-6,-21,-8,-25,-11,-27,-13,-29,-16,-29,-17,-29,-17,-28,-16,-27,-13,-23,-11,-18,-7,-17,-2,-14,6,-14,10,-15,14,-17,18,-21,21,-23,22,-28,23,-32,22,-36,19,-36
CSI:98,32,6,0,-11,-33,-12,-25,-7,-16,-2,-11,3,-6,7,-1,12,5,17,7,22,7,28,4,31,4,33,2,35,0,35,-4,33,-4,29,-4,26,-3,21,-2,15,1,10,3,8,8,3,13,1,17,-2,22,-6,26,0,0,0,0,0,0,0,0,0,0,0,0,0,0,0,0,0,0,0,0,0,0,-1,1,-6,-2,-8,-6,-14,-7,-18,-8,-22,-9,-27,-9,-29,-9,-32,-9,-34,-8,-32,-7,-30,-7,-28,-6,-24,-7,-18,-8,-13,-9,-8,-13,-5,-15,-1,-21,2,-26,3,-31,2,-37,0,-38,-1,-41,-2,-44,-3,-44
CSI:-118,-96,8,0,32,1,25,-2,17,1,11,-2,5,3,-5,5,-9,9,-14,14,-17,18,-20,22,-18,26,-20,27,-16,30,-15,29,-14,29,-11,27,-11,23,-10,18,-9,13,-10,8,-11,2,-14,-4,-16,-10,-18,-14,-19,-19,0,0,0,0,0,0,0,0,0,0,0,0,0,0,0,0,0,0,0,0,0,0,-3,-1,1,-6,5,-8,7,-13,9,-16,11,-21,13,-25,13,-27,14,-30,13,-31,13,-30,13,-28,11,-25,11,-21,10,-16,11,-10,13,-5,15,0,18,4,22,8,26,13,31,13,37,14,40,11,41,11,42,8
CSI:-122,96,8,0,20,-19,17,-16,11,-12,8,-4,3,1,0,5,1,11,1,16,2,20,3,25,7,26,9,28,12,29,11,27,11,24,13,22,10,20,8,16,4,13,-1,11,-4,10,-10,6,-15,6,-20,5,-22,4,0,0,0,0,0,0,0,0,0,0,0,0,0,0,0,0,0,0,0,0,0,0,-2,0,-1,-4,-1,-9,-1,-13,0,-17,0,-22,-2,-25,-3,-27,-4,-28,-6,-29,-6,-29,-6,-27,-6,-25,-3,-20,0,-19,2,-13,6,-10,11,-8,16,-8,21,-7,25,-9,29,-9,32,-12,33,-15,34,-17,33,-20
CSI:-122,96,8,0,-32,2,-23,1,-18,2,-11,0,-4,-3,2,-6,6,-10,10,-12,12,-17,13,-23,12,-26,11,-28,10,-30,8,-29,9,-27,7,-26,6,-22,6,-18,5,-13,7,-8,8,-4,12,1,14,6,17,10,19,14,0,0,0,0,0,0,0,0,0,0,0,0,0,0,0,0,0,0,0,0,0,0,1,0,-2,4,-4,6,-6,11,-7,15,-9,18,-10,22,-9,25,-9,27,-9,29,-9,28,-8,25,-6,25,-7,20,-7,14,-10,10,-12,6,-14,0,-17,-3,-22,-6,-25,-8,-32,-9,-34,-9,-38,-8,-39,-6,-41,-4
CSI:-36,-63,29,0,0,29,2,23,2,19,0,10,-3,5,-8,-3,-11,-8,-15,-10,-19,-11,-25,-11,-28,-11,-30,-9,-32,-8,-33,-7,-31,-5,-28,-5,-23,-4,-18,-5,-13,-5,-10,-8,-4,-10,0,-14,5,-20,8,-22,12,-25,0,0,0,0,0,0,0,0,0,0,0,0,0,0,0,0,0,0,0,0,0,0,-1,-1,3,2,7,5,10,9,14,11,19,13,23,14,27,14,30,13,31,13,31,11,28,11,27,10,22,10,17,9,12,9,5,12,0,14,-4,17,-7,23,-9,27,-10,32,-11,34,-9,40,-6,40,-7,39
CSI:-126,32,8,0,0,31,0,25,1,18,-1,11,-4,5,-8,-1,-11,-6,-15,-8,-21,-10,-22,-13,-29,-12,-32,-11,-35,-11,-32,-7,-31,-5,-30,-5,-27,-4,-20,-4,-14,-7,-11,-9,-4,-11,-2,-15,4,-18,7,-22,12,-24,0,0,0,0,0,0,0,0,0,0,0,0,0,0,0,0,0,0,0,0,0,0,0,-4,5,1,5,4,11,8,14,11,20,14,23,15,26,16,29,16,30,17,31,14,29,14,27,13,21,11,16,10,10,11,5,12,-1,13,-6,17,-10,21,-13,25,-15,30,-15,34,-13,37,-11,41,-8,39
CSI:-42,96,13,0,23,20,19,16,18,10,7,6,1,5,-5,2,-10,1,-16,3,-21,4,-26,6,-29,11,-29,14,-29,15,-29,16,-26,17,-24,15,-20,12,-18,9,-15,5,-13,0,-10,-6,-8,-11,-8,-16,-7,-22,-6,-25,0,0,0,0,0,0,0,0,0,0,0,0,0,0,0,0,0,0,0,0,0,0,-1,-3,3,-3,9,-4,13,-4,18,-6,23,-7,24,-9,28,-12,29,-14,28,-15,29,-15,28,-15,24,-14,21,-12,17,-8,14,-2,10,2,9,9,9,16,9,20,10,24,15,28,15,33,19,33,25,32,24,37
CSI:-124,64,8,0,-28,-9,-25,-9,-19,-5,-13,-4,-8,-5,-1,-7,3,-10,6,-12,10,-18,11,-22,10,-26,9,-28,7,-30,8,-29,6,-28,5,-27,4,-25,5,-20,6,-14,7,-10,10,-5,13,-2,16,3,20,5,24,9,0,0,0,0,0,0,0,0,0,0,0,0,0,0,0,0,0,0,0,0,0,0,2,2,-2,2,-5,2,-11,3,-14,6,-19,7,-21,9,-24,11,-25,14,-24,16,-24,16,-23,16,-20,15,-16,12,-15,9,-14,4,-11,-1,-12,-5,-13,-11,-15,-16,-18,-20,-23,-21,-26,-23,-31,-24,-32,-21,-33,-24
CSI:-82,-31,26,0,33,-3,24,-3,17,-4,13,-1,7,0,2,5,0,10,-4,13,-4,19,-5,22,-3,26,-2,30,0,29,1,30,1,30,2,26,2,23,0,19,-3,14,-6,12,-9,6,-13,4,-18,1,-21,-1,-24,-3,0,0,0,0,0,0,0,0,0,0,0,0,0,0,0,0,0,0,0,0,0,0,-5,-1,-1,-3,3,-6,6,-8,9,-12,11,-15,13,-19,14,-22,14,-24,13,-26,12,-26,11,-25,10,-23,9,-20,9,-16,9,-10,10,-5,12,-1,15,4,20,7,23,10,28,9,30,10,37,10,37,7,40,6
CSI:6,98,32,0,22,21,19,14,16,13,11,10,4,7,-3,5,-7,6,-12,8,-17,9,-20,13,-22,16,-22,20,-22,21,-21,21,-20,22,-19,20,-16,18,-14,14,-12,9,-13,4,-12,-1,-12,-8,-13,-12,-15,-17,-16,-20,0,0,0,0,0,0,0,0,0,0,0,0,0,0,0,0,0,0,0,0,0,0,-3,-4,1,-3,6,-2,10,-2,15,-1,18,-2,21,-4,24,-6,27,-6,27,-9,27,-8,26,-8,23,-8,20,-7,16,-4,13,-1,10,3,9,8,8,14,7,19,10,24,14,28,15,30,17,31,22,31,24,28
CSI:-117,-80,8,0,-1,32,1,27,0,21,1,14,-3,8,-7,2,-11,-2,-18,-7,-23,-6,-26,-7,-31,-2,-30,-6,-34,-4,-34,-3,-35,0,-31,2,-25,0,-23,-1,-16,-3,-13,-7,-9,-12,-5,-15,0,-19,3,-24,4,-26,0,0,0,0,0,0,0,0,0,0,0,0,0,0,0,0,0,0,0,0,0,0,2,-4,2,0,5,2,9,7,11,11,15,14,19,16,23,17,25,18,27,18,27,16,27,15,25,14,21,11,16,11,11,10,4,11,-1,14,-7,17,-10,22,-13,25,-14,31,-15,35,-13,40,-11,42,-9,41
CSI:98,32,6,0,0,-29,0,-24,-1,-20,-1,-14,0,-7,4,-2,11,0,12,5,17,5,22,2,26,2,29,0,31,-2,30,-2,30,-4,27,-5,24,-4,21,-3,17,0,12,4,11,7,7,11,6,15,5,21,4,24,0,0,0,0,0,0,0,0,0,0,0,0,0,0,0,0,0,0,0,0,0,0,-4,3,-5,-1,-6,-7,-7,-11,-10,-15,-13,-20,-16,-21,-19,-24,-21,-25,-23,-25,-25,-23,-24,-22,-20,-20,-18,-19,-16,-16,-10,-15,-4,-15,1,-14,5,-17,9,-20,11,-24,15,-27,14,-32,11,-34,12,-37,9,-40
CSI:-17,-11,94,0,-9,-28,-9,-23,-7,-17,-5,-12,-1,-7,3,-3,8,-1,14,0,17,-1,22,-5,25,-8,30,-9,30,-13,29,-13,28,-13,24,-12,22,-9,20,-9,16,-5,14,-1,12,5,11,8,10,14,9,18,9,23,0,0,0,0,0,0,0,0,0,0,0,0,0,0,0,0,0,0,0,0,0,0,-2,3,-5,-1,-8,-5,-11,-7,-15,-11,-19,-13,-22,-14,-27,-15,-29,-15,-31,-15,-32,-14,-29,-12,-27,-11,-24,-10,-19,-11,-13,-11,-9,-12,-4,-15,-2,-17,1,-21,4,-27,4,-30,2,-33,1,-36,-3,-39,-5,-38
CSI:-24,-123,94,0,4,-29,1,-25,-1,-20,0,-13,3,-8,4,-2,8,1,11,5,17,5,20,6,23,4,26,2,31,2,31,2,30,-1,26,-2,24,-5,20,0,16,2,12,5,9,8,6,12,4,17,2,21,1,25,0,0,0,0,0,0,0,0,0,0,0,0,0,0,0,0,0,0,0,0,0,0,-3,3,-3,-3,-5,-5,-6,-12,-8,-16,-11,-20,-14,-24,-16,-26,-18,-26,-19,-26,-20,-27,-21,-24,-20,-23,-16,-20,-12,-18,-8,-16,-3,-15,2,-15,7,-17,11,-18,14,-21,16,-26,16,-29,16,-32,15,-36,13,-35
CSI:-61,49,28,0,10,-27,5,-24,6,-17,4,-14,5,-4,5,-2,6,6,9,8,15,9,17,12,27,10,29,9,28,8,29,7,29,7,27,6,23,4,21,5,16,5,10,8,7,10,3,14,0,18,-2,21,-5,23,0,0,0,0,0,0,0,0,0,0,0,0,0,0,0,0,0,0,0,0,0,0,-4,2,-3,-3,-4,-7,-4,-14,-4,-17,-5,-22,-7,-25,-10,-28,-11,-29,-15,-30,-14,-30,-14,-28,-13,-26,-12,-25,-9,-21,-4,-18,0,-15,6,-15,10,-13,16,-15,20,-17,23,-21,22,-24,22,-29,22,-30,19,-31
CSI:-102,-95,25,0,-18,26,-12,23,-9,16,-6,9,-5,3,-5,-3,-5,-9,-6,-15,-10,-20,-13,-23,-17,-24,-20,-26,-23,-25,-26,-24,-23,-22,-22,-21,-19,-17,-15,-15,-10,-15,-4,-12,1,-12,7,-12,13,-11,18,-11,22,-12,0,0,0,0,0,0,0,0,0,0,0,0,0,0,0,0,0,0,0,0,0,0,1,-4,3,1,3,8,5,11,9,15,11,18,13,22,16,23,19,24,20,26,19,25,19,23,18,20,15,18,11,15,6,12,-1,8,-8,10,-11,10,-18,11,-22,16,-26,17,-28,21,-31,24,-30,26,-26,26
CSI:-88,-128,10,0,-25,3,-19,4,-12,3,-8,-1,-1,-5,1,-7,1,-13,4,-18,5,-23,3,-26,0,-28,-3,-31,-4,-30,-4,-30,-5,-28,-6,-25,-5,-20,-2,-18,2,-14,5,-9,9,-7,13,-4,17,-3,22,-1,25,0,0,0,0,0,0,0,0,0,0,0,0,0,0,0,0,0,0,0,0,0,0,0,1,2,-3,6,-5,8,-9,11,-12,15,-13,17,-13,21,-14,24,-14,26,-14,27,-13,26,-11,25,-10,22,-10,18,-10,13,-11,9,-12,3,-14,0,-17,-2,-21,-5,-26,-7,-28,-5,-34,-7,-33,-6,-36,-1,-33,2
CSI:-67,-47,27,0,29,4,24,2,17,1,11,2,7,5,0,7,-3,11,-6,13,-6,21,-5,22,-4,27,-5,32,-1,31,-1,32,-2,29,1,26,-3,25,-3,21,-4,15,-8,11,-11,6,-16,3,-21,1,-24,-1,-29,-2,0,0,0,0,0,0,0,0,0,0,0,0,0,0,0,0,0,0,0,0,0,0,-5,-3,3,-6,6,-6,11,-7,17,-10,19,-10,22,-14,25,-16,26,-17,24,-22,24,-21,22,-21,19,-18,17,-16,15,-10,13,-6,10,-1,12,5,13,10,17,13,21,17,27,20,29,19,33,19,35,15,36,14
CSI:-121,112,8,0,-20,17,-15,15,-11,6,-10,3,-7,1,-10,-6,-10,-10,-12,-14,-17,-16,-19,-16,-24,-17,-25,-13,-25,-12,-25,-12,-25,-10,-23,-8,-18,-6,-15,-6,-9,-7,-5,-9,-3,-12,0,-14,2,-18,4,-21,6,-23,0,0,0,0,0,0,0,0,0,0,0,0,0,0,0,0,0,0,0,0,0,0,6,1,2,6,0,9,-3,13,-4,17,-5,20,-5,24,-4,27,-3,29,-1,31,-1,30,-1,27,-2,25,-2,21,-5,18,-8,13,-11,10,-16,7,-20,8,-23,6,-27,8,-30,9,-31,12,-32,15,-32,18,-29,19
CSI:-41,113,29,0,29,-5,25,-5,20,-4,13,-4,5,1,1,5,-2,7,-7,13,-8,18,-8,22,-6,27,-6,29,-3,30,-2,30,-2,29,-1,27,-1,24,-3,19,-4,13,-7,10,-11,6,-16,2,-20,-2,-22,-5,-25,-7,0,0,0,0,0,0,0,0,0,0,0,0,0,0,0,0,0,0,0,0,0,0,-5,0,-2,-2,1,-5,5,-9,7,-13,10,-17,10,-21,10,-24,11,-26,10,-28,9,-27,9,-26,7,-25,6,-21,7,-17,7,-10,9,-5,12,-2,15,4,20,6,23,10,30,9,34,12,38,9,37,7,40,5
CSI:98,32,6,0,28,-17,21,-15,15,-10,8,-7,4,-3,0,5,-3,11,-4,15,-5,22,-4,26,-1,30,1,33,3,33,3,34,4,32,4,29,2,24,-2,20,-4,15,-8,11,-12,6,-16,0,-20,-3,-24,-7,-28,-9,0,0,0,0,0,0,0,0,0,0,0,0,0,0,0,0,0,0,0,0,0,0,-1,3,-1,-1,-1,-6,-3,-11,-4,-16,-5,-20,-7,-24,-10,-27,-11,-28,-14,-30,-13,-30,-12,-27,-12,-25,-9,-21,-6,-18,-1,-13,5,-10,9,-10,15,-6,22,-5,27,-4,33,-8,36,-8,40,-12,42,-14,38,-15
CSI:22,97,17,0,-7,-31,-8,-26,-5,-19,-2,-14,-1,-7,5,-2,11,1,15,3,23,5,26,3,31,2,31,2,33,0,36,-1,33,-1,30,0,27,0,21,2,16,5,11,9,7,12,3,18,-1,21,-4,24,-8,27,0,0,0,0,0,0,0,0,0,0,0,0,0,0,0,0,0,0,0,0,0,0,0,2,-2,-1,-8,-3,-11,-4,-17,-6,-21,-5,-25,-5,-27,-3,-31,-2,-32,0,-31,0,-30,1,-26,2,-23,0,-16,-2,-12,-3,-7,-7,-4,-12,0,-16,4,-23,4,-26,6,-33,7,-38,2,-40,-1,-42,-4,-46
CSI:-122,96,8,0,-14,-30,-12,-23,-11,-19,-5,-18,-2,-10,5,-6,9,-2,15,0,19,1,24,-3,27,-3,31,-5,33,-7,33,-9,31,-9,29,-10,27,-7,21,-4,16,-3,13,3,9,7,4,13,1,18,-3,21,-7,26,0,0,0,0,0,0,0,0,0,0,0,0,0,0,0,0,0,0,0,0,0,0,0,4,-5,2,-10,0,-15,-1,-20,-1,-25,1,-29,2,-32,4,-32,6,-34,7,-34,7,-32,9,-28,8,-24,7,-18,6,-12,2,-7,-2,-4,-7,0,-12,2,-20,3,-25,1,-32,1,-35,-3,-39,-4,-43,-6,-41
CSI:-79,16,11,0,-33,9,-28,9,-21,5,-15,4,-10,1,-7,-4,-4,-9,0,-14,-1,-18,0,-24,-3,-28,0,-31,-3,-34,-4,-34,-5,-33,-5,-30,-3,-26,-1,-23,0,-18,4,-15,7,-10,10,-7,16,-2,20,2,23,5,0,0,0,0,0,0,0,0,0,0,0,0,0,0,0,0,0,0,0,0,0,0,5,-1,1,4,-1,7,-2,13,-3,17,-4,22,-3,26,-2,30,-1,32,0,33,2,32,2,30,3,28,2,24,2,19,-1,13,-4,8,-7,4,-11,0,-18,-4,-24,-6,-29,-6,-33,-5,-38,-2,-40,-1,-40,2
CSI:103,114,38,0,32,4,29,2,21,1,17,1,9,2,6,3,-1,9,-4,13,-8,15,-10,21,-7,28,-10,28,-9,30,-9,31,-9,32,-5,31,-8,27,-8,21,-8,17,-9,11,-10,6,-14,0,-17,-5,-19,-10,-22,-13,0,0,0,0,0,0,0,0,0,0,0,0,0,0,0,0,0,0,0,0,0,0,-4,-3,-1,-6,3,-9,6,-12,8,-16,10,-20,11,-24,12,-27,11,-30,10,-32,10,-33,8,-31,5,-29,5,-24,4,-20,4,-14,4,-8,7,-2,10,4,15,10,19,13,24,14,28,16,33,14,37,13,36,12
CSI:124,-63,23,0,23,25,17,19,15,18,13,11,6,6,-1,6,-6,6,-12,5,-19,7,-22,9,-24,13,-27,14,-29,16,-29,17,-28,16,-27,17,-25,13,-21,11,-18,5,-16,2,-13,-4,-10,-10,-9,-14,-7,-19,-6,-25,0,0,0,0,0,0,0,0,0,0,0,0,0,0,0,0,0,0,0,0,0,0,-3,-5,2,-5,7,-5,12,-5,16,-6,21,-8,23,-11,27,-13,28,-15,29,-17,28,-18,26,-18,23,-17,19,-15,15,-12,12,-7,8,-2,7,4,6,11,4,16,6,21,8,26,10,29,12,33,17,33,22,35
CSI:-101,-79,25,0,-22,19,-20,16,-17,14,-17,9,-14,7,-16,2,-17,-1,-20,-5,-23,-6,-27,-6,-29,-6,-32,-5,-33,-2,-33,-1,-32,0,-32,2,-27,3,-24,1,-22,1,-17,-1,-16,-5,-12,-8,-11,-11,-9,-14,-7,-17,0,0,0,0,0,0,0,0,0,0,0,0,0,0,0,0,0,0,0,0,0,0,5,4,2,5,0,7,-2,10,-5,14,-5,17,-5,20,-5,24,-3,27,-2,29,-1,28,2,28,2,26,2,24,1,20,2,15,-2,11,-5,9,-9,7,-13,6,-17,5,-22,7,-26,10,-27,12,-29,16,-27,16
CSI:-24,-128,14,0,-6,27,-7,22,-5,18,-8,15,-10,11,-12,10,-13,10,-19,9,-21,10,-24,11,-26,14,-28,16,-27,19,-26,22,-26,21,-23,21,-20,19,-17,17,-15,14,-15,10,-15,6,-15,3,-15,-1,-16,-4,-18,-8,0,0,0,0,0,0,0,0,0,0,0,0,0,0,0,0,0,0,0,0,0,0,7,0,6,4,3,7,4,10,4,14,5,18,8,20,11,23,12,23,15,24,17,23,17,22,17,20,15,16,12,14,10,11,7,10,1,10,-4,11,-8,13,-11,16,-14,20,-16,22,-14,26,-12,30,-12,30
CSI:-33,-15,29,0,21,-21,19,-17,15,-15,15,-11,15,-5,15,-1,18,3,19,6,24,7,26,7,30,6,33,5,35,3,35,1,34,-1,32,-1,28,-2,25,-1,21,0,18,2,15,5,12,8,10,11,8,14,6,17,0,0,0,0,0,0,0,0,0,0,0,0,0,0,0,0,0,0,0,0,0,0,-6,-4,-3,-7,0,-9,1,-14,3,-16,4,-20,3,-24,2,-29,1,-30,0,-33,-2,-31,-4,-31,-6,-28,-6,-24,-6,-21,-3,-17,0,-12,5,-10,9,-9,13,-8,18,-8,23,-9,26,-11,29,-17,31,-23,29,-21
CSI:115,48,7,0,-12,-19,-8,-18,-5,-13,-3,-13,3,-11,8,-11,10,-11,15,-14,18,-18,18,-20,17,-25,15,-27,16,-30,14,-30,12,-30,11,-27,9,-25,9,-22,8,-18,9,-15,11,-11,12,-6,14,-4,16,0,20,3,0,0,0,0,0,0,0,0,0,0,0,0,0,0,0,0,0,0,0,0,0,0,-5,3,-8,-1,-10,-4,-13,-6,-17,-7,-21,-8,-24,-7,-27,-7,-29,-6,-31,-4,-30,-4,-29,-3,-26,-1,-23,0,-19,-2,-15,-3,-10,-4,-8,-8,-5,-13,-3,-16,-3,-20,-3,-26,-5,-29,-7,-29,-9,-31,-9,-32
CSI:98,32,6,0,-6,20,-7,17,-6,13,-8,9,-11,4,-13,1,-18,1,-21,0,-26,1,-28,4,-31,7,-33,10,-32,11,-32,15,-29,14,-28,14,-25,13,-21,11,-18,8,-17,3,-16,0,-15,-4,-16,-9,-16,-12,-16,-15,0,0,0,0,0,0,0,0,0,0,0,0,0,0,0,0,0,0,0,0,0,0,5,1,5,6,5,9,5,12,7,17,8,20,11,23,13,24,15,25,18,25,17,22,19,21,17,19,14,17,11,14,7,12,2,10,0,10,-7,13,-9,15,-14,18,-14,21,-13,26,-14,26,-14,30,-13,29
CSI:-34,-32,13,0,-10,-29,-8,-26,-9,-19,-4,-17,-1,-14,4,-12,7,-11,12,-12,14,-11,16,-14,19,-17,21,-19,23,-22,22,-24,19,-23,19,-23,16,-22,15,-19,14,-14,14,-11,14,-6,15,-2,16,3,18,6,19,9,0,0,0,0,0,0,0,0,0,0,0,0,0,0,0,0,0,0,0,0,0,0,-4,6,-6,3,-7,-1,-10,-4,-14,-6,-17,-8,-21,-10,-24,-10,-27,-9,-28,-9,-29,-7,-29,-5,-26,-3,-23,-2,-19,-1,-13,-1,-8,-3,-4,-6,0,-10,4,-13,5,-19,5,-25,4,-27,2,-32,0,-34,-2,-37
CSI:-111,17,25,0,-32,-15,-27,-10,-22,-8,-16,-10,-12,-9,-7,-14,-4,-12,0,-20,3,-22,1,-27,1,-33,-1,-31,0,-33,-2,-35,-3,-35,-3,-33,-3,-31,0,-26,0,-23,3,-20,6,-15,12,-13,15,-12,19,-10,21,-9,0,0,0,0,0,0,0,0,0,0,0,0,0,0,0,0,0,0,0,0,0,0,4,6,-1,7,-4,5,-10,6,-15,7,-19,9,-23,11,-26,13,-27,16,-27,19,-26,20,-24,21,-21,21,-17,18,-14,16,-11,10,-8,4,-7,-1,-7,-6,-9,-13,-13,-17,-15,-22,-19,-26,-27,-26,-28,-26,-30,-25
CSI:85,81,21,0,-1,-33,-1,-28,-3,-26,-1,-19,3,-15,7,-10,11,-9,14,-7,19,-7,23,-11,26,-12,28,-15,28,-17,28,-19,27,-19,26,-18,25,-16,22,-14,19,-11,18,-5,17,-2,17,3,17,7,18,13,18,17,0,0,0,0,0,0,0,0,0,0,0,0,0,0,0,0,0,0,0,0,0,0,-6,6,-7,2,-8,-3,-10,-7,-12,-10,-16,-14,-20,-15,-23,-18,-26,-17,-29,-17,-30,-16,-29,-14,-28,-11,-24,-9,-20,-7,-14,-5,-8,-5,-3,-7,3,-11,7,-14,10,-20,11,-24,13,-30,10,-34,9,-34,8,-38
CSI:-108,64,9,0,-28,18,-24,15,-19,12,-18,9,-13,4,-12,-1,-14,-6,-15,-10,-16,-12,-21,-16,-25,-17,-28,-18,-30,-17,-31,-16,-32,-15,-29,-13,-26,-13,-23,-13,-19,-13,-14,-13,-11,-14,-6,-17,-3,-20,0,-22,4,-26,0,0,0,0,0,0,0,0,0,0,0,0,0,0,0,0,0,0,0,0,0,0,8,1,4,4,1,7,-2,11,-3,15,-4,19,-4,23,-3,26,-2,30,1,31,2,32,3,30,4,28,5,24,5,19,3,13,-1,8,-4,5,-11,2,-16,1,-22,-1,-28,2,-31,4,-36,7,-36,11,-40,13
CSI:-101,-79,25,0,-5,23,-2,20,-2,16,-2,10,-4,7,-8,3,-11,1,-15,-3,-21,-1,-24,0,-28,1,-31,4,-31,6,-32,9,-31,10,-29,11,-24,10,-22,7,-20,5,-17,2,-15,-2,-14,-6,-13,-11,-13,-14,-12,-19,0,0,0,0,0,0,0,0,0,0,0,0,0,0,0,0,0,0,0,0,0,0,7,-2,6,2,5,5,5,9,5,13,6,18,8,21,11,23,13,26,15,27,16,26,18,25,18,23,17,21,15,17,11,15,8,13,4,11,-1,12,-4,11,-9,15,-11,17,-13,22,-14,23,-11,26,-11,26
CSI:33,17,18,0,-23,8,-20,8,-16,6,-12,4,-8,-1,-7,-6,-8,-10,-5,-15,-9,-19,-11,-23,-15,-27,-18,-24,-20,-26,-23,-24,-21,-21,-23,-21,-22,-19,-17,-18,-14,-14,-9,-15,-5,-14,-1,-15,3,-16,7,-18,12,-18,0,0,0,0,0,0,0,0,0,0,0,0,0,0,0,0,0,0,0,0,0,0,5,5,0,5,-3,8,-6,9,-9,12,-12,14,-14,18,-16,21,-17,24,-16,26,-14,28,-13,28,-11,28,-9,26,-7,22,-8,17,-8,13,-9,9,-11,6,-13,3,-18,2,-22,1,-25,1,-28,2,-29,3,-28,4
CSI:-56,-127,28,0,19,-18,15,-16,11,-12,10,-9,9,-2,8,3,10,5,12,11,14,12,19,14,23,15,28,13,30,13,31,10,30,8,30,7,27,6,24,6,19,7,15,8,12,9,9,12,5,16,3,18,0,24,0,0,0,0,0,0,0,0,0,0,0,0,0,0,0,0,0,0,0,0,0,0,-7,-6,-3,-8,1,-10,3,-13,6,-15,9,-18,10,-22,10,-26,10,-29,9,-32,8,-31,6,-33,4,-31,2,-29,2,-26,2,-21,3,-17,6,-13,9,-11,12,-9,16,-9,22,-7,24,-10,27,-13,26,-14,28,-17
CSI:-58,96,12,0,-14,22,-8,20,-5,16,-7,11,-8,6,-10,1,-12,-2,-16,-3,-21,-6,-26,-4,-29,-4,-32,-2,-33,0,-33,3,-33,4,-32,4,-27,4,-24,4,-21,2,-19,-2,-16,-4,-14,-8,-12,-13,-13,-17,-11,-20,0,0,0,0,0,0,0,0,0,0,0,0,0,0,0,0,0,0,0,0,0,0,7,2,5,5,3,8,1,11,0,16,0,20,0,24,0,27,2,28,5,31,5,32,7,32,9,29,9,26,8,23,6,20,2,16,-1,13,-5,13,-9,12,-13,14,-15,15,-19,17,-18,20,-20,23,-15,24
CSI:92,-63,21,0,14,25,8,18,7,11,4,6,-2,3,-7,-1,-12,-6,-18,-8,-21,-11,-26,-10,-30,-11,-33,-9,-35,-8,-33,-7,-32,-7,-29,-6,-25,-7,-20,-7,-14,-8,-10,-9,-3,-11,3,-12,8,-14,13,-15,17,-16,0,0,0,0,0,0,0,0,0,0,0,0,0,0,0,0,0,0,0,0,0,0,0,3,4,0,7,-3,10,-5,13,-9,15,-13,17,-15,18,-19,20,-22,19,-24,18,-24,16,-24,15,-22,13,-19,9,-16,8,-11,5,-4,4,1,3,7,3,14,6,19,6,25,10,28,11,31,11,32,13,34
CSI:-110,32,9,0,13,23,11,18,7,13,3,7,-3,2,-9,-3,-13,-4,-21,-8,-26,-9,-30,-7,-32,-5,-37,-8,-36,-7,-36,-7,-33,-6,-29,-5,-25,-5,-20,-7,-14,-8,-9,-10,-1,-12,4,-14,10,-16,14,-19,18,-19,0,0,0,0,0,0,0,0,0,0,0,0,0,0,0,0,0,0,0,0,0,0,1,1,4,0,7,-3,11,-7,12,-11,14,-14,17,-18,19,-22,19,-24,18,-27,18,-27,16,-26,14,-24,12,-20,9,-16,6,-10,4,-4,4,2,3,9,4,16,6,22,7,27,11,31,13,32,15,34,15,33
CSI:-101,-79,25,0,-19,21,-15,18,-9,12,-8,6,-3,0,-3,-6,-2,-13,-2,-20,-3,-25,-5,-29,-7,-32,-8,-35,-10,-36,-10,-35,-10,-33,-9,-30,-7,-27,-4,-22,0,-19,4,-14,7,-9,12,-6,16,-2,21,2,23,5,0,0,0,0,0,0,0,0,0,0,0,0,0,0,0,0,0,0,0,0,0,0,-3,0,0,4,3,6,7,8,11,11,15,12,19,13,23,13,26,15,28,13,28,13,28,10,27,10,22,8,18,5,11,5,6,5,-1,5,-7,8,-13,8,-19,12,-22,16,-25,18,-29,22,-29,25,-25,24
CSI:98,32,6,0,20,22,16,18,9,10,5,6,1,3,-7,-1,-12,-3,-20,-4,-26,-4,-29,-4,-33,-2,-36,-1,-38,-3,-37,-2,-34,-2,-31,-1,-28,-3,-24,-6,-17,-6,-13,-9,-6,-11,-1,-15,5,-17,10,-18,14,-20,0,0,0,0,0,0,0,0,0,0,0,0,0,0,0,0,0,0,0,0,0,0,0,2,3,-2,6,-5,8,-8,9,-12,12,-16,14,-20,13,-24,14,-27,13,-28,14,-30,12,-28,11,-27,8,-23,8,-18,7,-13,4,-7,5,0,5,7,6,14,11,19,10,23,13,27,16,29,21,32,21,28
CSI:98,32,6,0,-13,-21,-7,-16,-5,-9,-3,-5,2,-2,9,0,14,2,19,1,23,0,27,-3,29,-5,31,-8,33,-9,31,-10,30,-11,28,-11,25,-9,24,-5,19,-3,15,1,13,6,10,11,9,16,6,19,4,22,0,0,0,0,0,0,0,0,0,0,0,0,0,0,0,0,0,0,0,0,0,0,-4,3,-8,2,-13,1,-17,2,-20,3,-24,4,-27,6,-29,8,-30,10,-31,11,-29,11,-27,11,-24,10,-21,8,-15,6,-12,2,-9,-3,-6,-8,-5,-13,-3,-19,-4,-25,-5,-29,-5,-31,-8,-31,-10,-33,-12,-31
CSI:120,-128,7,0,-12,21,-8,16,-2,8,-4,3,-3,-4,-4,-8,-6,-14,-8,-21,-10,-23,-15,-26,-20,-28,-22,-28,-23,-28,-24,-27,-26,-26,-22,-25,-19,-22,-15,-21,-10,-18,-4,-17,1,-16,7,-15,13,-16,18,-13,22,-14,0,0,0,0,0,0,0,0,0,0,0,0,0,0,0,0,0,0,0,0,0,0,3,0,7,3,11,5,14,9,18,10,22,12,25,13,29,14,30,13,32,12,31,12,30,9,26,8,22,8,16,8,8,6,3,6,-3,7,-9,10,-15,13,-18,18,-21,22,-23,24,-23,27,-23,28,-20,30
CSI:-108,64,9,0,10,-25,9,-16,5,-11,5,-6,4,3,2,9,5,14,7,19,11,23,14,27,20,27,23,27,23,28,26,27,26,24,24,24,21,20,17,18,12,17,5,17,-1,16,-6,17,-11,16,-17,16,-21,16,0,0,0,0,0,0,0,0,0,0,0,0,0,0,0,0,0,0,0,0,0,0,-6,-2,-8,-6,-10,-10,-13,-14,-17,-17,-19,-19,-24,-20,-27,-22,-28,-22,-29,-21,-28,-20,-26,-18,-26,-16,-20,-14,-16,-12,-9,-9,-3,-9,3,-11,8,-11,15,-13,20,-17,22,-21,26,-20,27,-29,27,-30,21,-29
CSI:-48,1,29,0,12,-22,7,-15,5,-9,4,-3,4,3,2,7,4,15,8,16,10,20,14,21,18,23,21,23,23,23,25,21,23,21,22,19,19,17,15,16,11,14,6,14,1,13,-4,15,-9,15,-13,17,-17,16,0,0,0,0,0,0,0,0,0,0,0,0,0,0,0,0,0,0,0,0,0,0,-4,-2,-6,-6,-8,-10,-10,-13,-13,-15,-15,-18,-18,-20,-21,-21,-22,-22,-25,-22,-25,-20,-23,-18,-21,-16,-18,-14,-13,-11,-7,-9,-1,-8,4,-9,9,-9,14,-12,18,-15,21,-17,23,-20,23,-23,23,-24,22,-25
CSI:-122,96,8,0,-15,-27,-13,-22,-13,-17,-9,-12,-4,-6,1,-3,5,-1,11,3,18,4,24,4,26,1,32,5,33,3,34,1,34,2,32,2,29,4,26,3,20,5,16,8,9,10,4,12,-1,14,-6,16,-12,17,0,0,0,0,0,0,0,0,0,0,0,0,0,0,0,0,0,0,0,0,0,0,-1,-3,-3,0,-7,2,-11,4,-14,7,-19,8,-19,13,-22,15,-21,17,-22,20,-22,20,-20,20,-19,19,-16,16,-12,13,-9,9,-7,3,-5,-2,-3,-8,-2,-13,-3,-19,-5,-25,-7,-29,-9,-32,-11,-34,-13,-33
CSI:-119,-112,8,0,-11,-29,-9,-24,-9,-18,-7,-12,-3,-9,2,-2,7,2,9,5,15,5,21,6,27,8,30,7,31,6,35,4,34,6,31,5,29,5,24,8,19,8,14,9,10,11,5,13,-2,15,-8,17,-12,16,0,0,0,0,0,0,0,0,0,0,0,0,0,0,0,0,0,0,0,0,0,0,-1,0,-4,-1,-7,-1,-11,1,-15,2,-19,3,-22,6,-25,9,-26,11,-28,13,-27,13,-25,14,-22,14,-19,13,-15,10,-11,7,-7,2,-5,-3,-1,-9,1,-14,0,-20,1,-25,-2,-30,-4,-33,-3,-34,-7,-35
CSI:-76,64,11,0,29,-11,23,-10,17,-8,12,-8,6,-3,4,1,-2,5,-7,11,-9,17,-10,21,-7,27,-11,29,-6,33,-8,33,-8,32,-9,31,-8,29,-9,25,-8,20,-11,15,-12,8,-13,3,-14,-3,-16,-9,-17,-14,0,0,0,0,0,0,0,0,0,0,0,0,0,0,0,0,0,0,0,0,0,0,1,0,-1,-4,-1,-7,-3,-11,-5,-15,-7,-18,-10,-21,-13,-23,-13,-25,-16,-26,-17,-26,-16,-24,-16,-20,-14,-18,-12,-15,-8,-11,-4,-7,1,-5,7,-3,14,-1,18,-1,25,-1,29,-2,33,-4,35,-5,35,-7
CSI:48,1,19,0,28,-2,25,-4,20,-4,13,0,8,0,3,2,0,5,-9,8,-12,13,-11,16,-15,24,-18,26,-17,30,-19,30,-17,31,-15,28,-13,24,-15,21,-13,17,-14,12,-12,6,-14,0,-15,-6,-15,-12,-14,-18,0,0,0,0,0,0,0,0,0,0,0,0,0,0,0,0,0,0,0,0,0,0,1,0,0,-4,0,-7,1,-11,0,-16,-1,-19,-2,-23,-3,-26,-5,-28,-7,-30,-9,-29,-9,-27,-10,-24,-8,-22,-8,-18,-4,-12,-1,-8,2,-4,8,1,12,4,16,7,24,7,28,6,32,5,36,3,33,3
CSI:-119,-112,8,0,27,-26,21,-23,13,-15,9,-14,7,-7,3,0,1,5,-2,14,-1,19,-1,26,2,31,4,33,5,36,5,39,5,36,5,37,3,33,-1,29,-1,23,-4,19,-8,13,-13,8,-17,3,-21,-3,-22,-9,0,0,0,0,0,0,0,0,0,0,0,0,0,0,0,0,0,0,0,0,0,0,2,-2,-1,-4,-5,-7,-9,-9,-13,-12,-17,-14,-20,-15,-25,-16,-27,-15,-30,-16,-31,-15,-29,-13,-27,-11,-24,-9,-19,-7,-14,-6,-7,-5,0,-5,6,-6,14,-7,18,-11,24,-14,28,-20,33,-22,35,-25,29,-26
CSI:-122,96,8,0,16,23,14,17,12,13,6,7,4,-1,-6,-4,-9,-8,-16,-10,-20,-12,-28,-9,-35,-12,-36,-8,-38,-5,-37,-6,-36,-7,-34,-7,-31,-8,-25,-7,-20,-8,-14,-9,-6,-12,0,-13,7,-15,13,-17,18,-17,0,0,0,0,0,0,0,0,0,0,0,0,0,0,0,0,0,0,0,0,0,0,0,-3,5,-7,9,-9,11,-11,15,-13,19,-18,21,-20,23,-23,22,-25,24,-26,23,-24,21,-24,19,-21,17,-16,14,-12,10,-7,7,-1,6,5,4,11,4,19,5,24,8,27,9,30,13,33,14,34,15,34
CSI:-75,80,11,0,-12,21,-9,17,-5,13,-3,8,-1,2,-1,-4,1,-12,-1,-15,-2,-22,-4,-25,-8,-29,-11,-33,-11,-34,-12,-33,-13,-30,-11,-30,-9,-25,-6,-24,-4,-20,0,-16,5,-10,8,-7,14,-3,17,1,20,6,0,0,0,0,0,0,0,0,0,0,0,0,0,0,0,0,0,0,0,0,0,0,2,-1,6,3,8,4,12,7,16,9,19,10,22,12,23,11,27,12,28,13,26,9,26,10,23,9,19,8,14,8,8,6,1,6,-5,7,-9,8,-14,10,-18,13,-21,16,-23,19,-24,23,-22,24,-21,24
CSI:-48,0,13,0,-23,10,-19,9,-13,7,-8,6,-2,3,3,-4,5,-6,8,-13,11,-17,12,-22,11,-27,12,-29,10,-31,10,-32,10,-31,9,-31,9,-26,9,-21,8,-16,10,-10,9,-5,10,1,12,7,14,11,14,17,0,0,0,0,0,0,0,0,0,0,0,0,0,0,0,0,0,0,0,0,0,0,1,1,2,5,3,9,4,13,6,18,7,21,8,24,10,25,12,26,13,26,12,26,12,24,11,21,9,18,7,14,1,10,-2,5,-8,4,-12,2,-17,0,-22,-1,-27,0,-29,-1,-31,2,-34,3,-30,4
CSI:-122,96,8,0,-24,-13,-21,-10,-11,-8,-8,-4,0,-1,6,-4,11,-2,16,-4,19,-8,24,-10,26,-14,27,-18,26,-19,27,-21,25,-21,22,-20,20,-16,18,-11,13,-6,12,-1,9,4,5,11,4,16,3,21,0,25,0,0,0,0,0,0,0,0,0,0,0,0,0,0,0,0,0,0,0,0,0,0,0,1,-5,4,-9,8,-10,11,-12,15,-15,18,-17,23,-18,25,-17,27,-18,27,-17,28,-17,26,-15,22,-13,18,-11,13,-10,6,-10,0,-11,-7,-14,-13,-13,-19,-17,-23,-22,-25,-22,-25,-25,-25,-26,-25,-29,-23
CSI:-47,16,13,0,-24,13,-18,10,-13,7,-9,4,-2,-1,4,-2,4,-9,6,-15,9,-18,9,-24,4,-30,3,-27,5,-35,4,-33,3,-32,4,-31,4,-25,4,-20,5,-14,7,-9,7,-3,10,2,13,8,15,13,16,17,0,0,0,0,0,0,0,0,0,0,0,0,0,0,0,0,0,0,0,0,0,0,-1,-1,1,2,4,10,5,13,8,16,10,20,12,23,15,25,16,26,18,27,15,25,14,24,14,21,11,19,6,14,1,10,-4,7,-11,4,-15,2,-22,1,-28,1,-32,2,-35,4,-37,6,-36,6,-34,9
CSI:-64,0,12,0,16,16,14,13,14,8,5,3,-1,1,-6,-2,-11,-3,-15,-1,-23,-2,-27,2,-30,5,-31,7,-33,9,-33,11,-31,11,-28,10,-27,7,-20,5,-16,1,-12,-3,-7,-8,-3,-13,1,-18,4,-23,7,-25,0,0,0,0,0,0,0,0,0,0,0,0,0,0,0,0,0,0,0,0,0,0,0,-1,5,-4,6,-6,11,-10,14,-13,17,-15,19,-19,22,-22,22,-25,22,-25,22,-24,20,-23,19,-20,16,-16,14,-11,9,-5,8,2,8,7,8,14,8,19,11,23,13,29,14,31,19,32,21,32,20,31
CSI:-126,32,8,0,-2,-25,1,-20,-1,-13,-1,-7,1,1,3,4,6,11,7,16,12,19,18,20,22,23,25,23,25,22,26,21,24,21,22,17,19,15,13,13,7,12,0,9,-6,7,-14,6,-19,5,-24,2,-28,1,0,0,0,0,0,0,0,0,0,0,0,0,0,0,0,0,0,0,0,0,0,0,0,1,-7,0,-10,0,-17,0,-21,2,-27,3,-30,5,-32,4,-33,6,-35,6,-33,6,-31,4,-26,3,-21,1,-15,-1,-11,-5,-4,-9,-1,-13,5,-18,10,-23,12,-26,13,-32,13,-35,12,-37,9,-40,7,-39
CSI:-119,-112,8,0,8,29,8,22,7,18,3,8,-1,3,-5,1,-10,-2,-17,-6,-20,-5,-25,-3,-29,-4,-32,-1,-33,1,-33,2,-31,3,-30,3,-25,1,-21,-2,-16,-3,-10,-7,-6,-11,-1,-14,4,-18,9,-21,12,-23,0,0,0,0,0,0,0,0,0,0,0,0,0,0,0,0,0,0,0,0,0,0,-2,-3,3,-3,8,-4,12,-5,17,-6,21,-6,24,-7,26,-9,27,-10,28,-10,26,-11,24,-9,20,-7,16,-5,11,-2,7,2,2,8,1,15,-2,19,-3,26,-4,33,0,38,-1,41,1,43,8,43,6,38
CSI:98,32,6,0,28,13,22,7,18,7,12,6,6,3,-3,3,-7,6,-13,9,-16,13,-21,16,-19,20,-20,23,-20,24,-19,26,-19,25,-16,23,-15,20,-13,14,-13,11,-11,3,-11,-2,-11,-9,-10,-15,-11,-21,-12,-26,0,0,0,0,0,0,0,0,0,0,0,0,0,0,0,0,0,0,0,0,0,0,-3,-1,0,-5,3,-8,6,-12,8,-16,12,-19,12,-22,12,-25,14,-26,11,-26,11,-26,11,-23,9,-20,8,-15,7,-9,7,-5,9,4,10,9,13,17,17,20,21,23,27,25,28,27,33,23,38,26,35,22
CSI:-68,-64,11,0,18,-24,12,-22,11,-14,7,-11,6,-3,3,2,5,8,6,13,7,17,8,21,15,24,18,21,19,26,20,25,17,23,17,19,13,19,11,17,6,13,-1,10,-6,10,-11,6,-17,6,-23,5,-25,3,0,0,0,0,0,0,0,0,0,0,0,0,0,0,0,0,0,0,0,0,0,0,-3,2,-5,-4,-7,-6,-9,-10,-12,-13,-15,-16,-17,-18,-20,-19,-22,-21,-22,-19,-21,-18,-19,-17,-17,-15,-12,-13,-7,-10,-1,-9,5,-7,13,-8,17,-10,22,-13,29,-15,32,-18,33,-22,35,-25,34,-29,31,-29
CSI:-122,96,8,0,-30,6,-25,6,-19,5,-14,0,-5,-1,-3,-6,3,-9,4,-14,5,-19,4,-23,4,-29,1,-31,-1,-32,-1,-33,0,-32,-2,-29,-1,-25,1,-20,3,-14,7,-9,8,-5,12,1,17,4,20,9,23,14,0,0,0,0,0,0,0,0,0,0,0,0,0,0,0,0,0,0,0,0,0,0,3,-1,1,3,1,8,0,13,0,17,0,21,1,25,1,27,2,29,4,29,4,27,3,25,3,21,1,17,-2,11,-5,5,-10,0,-16,-3,-20,-4,-27,-7,-32,-7,-36,-8,-39,-6,-44,-4,-43,-1,-42,0
CSI:-108,64,9,0,28,-4,22,-7,16,-4,9,-4,4,1,0,4,-6,11,-7,16,-8,19,-7,24,-7,29,-5,32,-4,34,-2,33,-3,32,-1,29,-2,27,-5,21,-5,16,-9,9,-12,5,-14,0,-18,-5,-21,-8,-25,-14,0,0,0,0,0,0,0,0,0,0,0,0,0,0,0,0,0,0,0,0,0,0,-4,-2,-2,-7,-1,-11,1,-17,2,-21,3,-25,2,-28,1,-32,1,-32,-1,-33,0,-32,0,-29,-1,-27,0,-23,1,-17,4,-10,8,-5,13,0,17,4,21,6,28,8,30,8,35,6,39,5,42,2,38,-1
CSI:-58,96,12,0,-23,-15,-20,-11,-14,-12,-8,-8,-2,-4,3,-4,9,-5,14,-7,18,-10,21,-13,21,-18,21,-20,22,-21,23,-24,20,-21,19,-21,18,-18,15,-14,14,-9,12,-4,10,2,12,8,11,13,11,16,9,21,0,0,0,0,0,0,0,0,0,0,0,0,0,0,0,0,0,0,0,0,0,0,0,4,-5,4,-9,5,-13,6,-16,8,-20,9,-23,12,-26,13,-26,15,-26,16,-25,16,-23,15,-19,12,-17,10,-13,6,-11,1,-9,-5,-9,-10,-8,-14,-10,-22,-10,-23,-15,-28,-18,-31,-20,-31,-24,-31,-27,-32
CSI:-63,16,12,0,27,-12,22,-9,16,-8,10,-6,7,1,2,7,-1,12,-4,19,2,21,2,25,2,31,5,35,8,34,11,33,9,34,12,29,7,25,4,22,1,18,-4,15,-8,10,-15,8,-19,5,-23,1,-28,0,0,0,0,0,0,0,0,0,0,0,0,0,0,0,0,0,0,0,0,0,0,0,-3,-3,-2,-7,-1,-12,2,-16,2,-21,4,-25,3,-29,2,-33,2,-34,0,-35,1,-33,0,-31,0,-28,0,-23,2,-18,6,-11,8,-6,14,-4,18,0,24,2,28,4,34,2,38,1,41,-2,41,-5,39,-7
CSI:98,32,6,0,-27,13,-19,12,-13,9,-11,4,-5,-1,-2,-5,0,-13,1,-17,-1,-23,-3,-27,-5,-31,-7,-33,-9,-34,-9,-33,-11,-32,-9,-29,-7,-26,-4,-22,-1,-16,3,-12,9,-8,14,-6,17,-3,22,0,26,3,0,0,0,0,0,0,0,0,0,0,0,0,0,0,0,0,0,0,0,0,0,0,4,-1,4,5,3,10,4,15,4,19,5,24,6,26,8,29,8,29,10,30,10,29,9,27,8,24,6,19,2,15,-2,10,-7,5,-13,4,-18,2,-24,0,-27,0,-33,4,-36,5,-39,9,-42,12,-39,14
CSI:-107,80,9,0,-18,-23,-13,-16,-12,-13,-10,-12,-2,-8,3,-10,10,-9,12,-11,15,-13,18,-17,17,-20,17,-22,16,-25,14,-26,13,-25,10,-22,10,-18,8,-15,9,-10,8,-5,10,0,13,3,15,8,16,10,19,15,0,0,0,0,0,0,0,0,0,0,0,0,0,0,0,0,0,0,0,0,0,0,-3,4,-6,2,-9,0,-13,-2,-17,-2,-21,-3,-25,-1,-28,-1,-29,0,-31,1,-30,2,-28,2,-25,3,-22,2,-17,0,-13,-3,-10,-7,-7,-12,-6,-17,-4,-21,-7,-26,-8,-29,-12,-33,-13,-35,-18,-33,-21,-33
CSI:-82,-31,26,0,28,9,22,5,19,8,10,4,3,6,-3,10,-5,12,-8,17,-13,22,-9,26,-9,27,-7,33,-4,33,-4,33,-3,31,-1,27,-2,24,-5,19,-4,15,-8,8,-11,4,-15,1,-19,-2,-24,-5,-26,-8,0,0,0,0,0,0,0,0,0,0,0,0,0,0,0,0,0,0,0,0,0,0,-2,-6,3,-7,6,-7,11,-8,15,-11,20,-14,21,-16,25,-19,26,-21,25,-22,24,-22,23,-21,20,-20,18,-17,14,-12,14,-6,13,0,12,6,14,12,16,17,22,20,25,22,29,24,34,22,36,21,36,20
CSI:-60,64,12,0,8,-33,6,-23,4,-22,5,-14,5,-8,9,-3,12,2,19,5,22,5,27,6,30,4,32,0,33,0,33,-4,31,-4,29,-4,23,-3,19,-2,15,1,9,5,7,9,4,14,2,20,-1,23,-1,26,0,0,0,0,0,0,0,0,0,0,0,0,0,0,0,0,0,0,0,0,0,0,-6,3,-6,-2,-7,-7,-9,-11,-12,-16,-14,-19,-18,-22,-20,-24,-23,-25,-24,-25,-24,-24,-24,-22,-21,-20,-18,-18,-13,-16,-7,-14,-1,-14,5,-14,9,-16,15,-21,16,-25,20,-31,20,-34,18,-37,18,-40,14,-40
CSI:-50,-32,12,0,-7,27,-5,23,-4,16,-3,12,-3,5,-9,1,-14,-3,-17,-5,-20,-8,-24,-8,-27,-7,-30,-6,-31,-3,-30,-2,-29,0,-25,0,-21,0,-17,-2,-13,-5,-9,-7,-5,-10,-3,-14,1,-17,3,-20,5,-22,0,0,0,0,0,0,0,0,0,0,0,0,0,0,0,0,0,0,0,0,0,0,4,-4,6,0,7,4,8,8,11,12,14,15,16,16,19,18,21,19,23,19,22,18,21,18,19,15,15,14,12,13,6,11,1,10,-4,12,-9,14,-15,17,-17,21,-19,23,-19,26,-19,30,-19,33,-14,35
CSI:5,81,16,0,-3,-29,-4,-24,-3,-20,-2,-13,1,-9,7,-5,10,0,14,2,22,3,25,1,29,0,31,0,32,-2,33,-4,31,-4,28,-4,25,-4,21,-1,18,0,14,4,11,7,8,13,5,16,4,19,2,23,0,0,0,0,0,0,0,0,0,0,0,0,0,0,0,0,0,0,0,0,0,0,-2,4,-4,0,-7,-3,-11,-6,-15,-10,-19,-11,-22,-13,-27,-14,-30,-13,-32,-14,-32,-13,-32,-12,-29,-11,-25,-10,-20,-8,-14,-7,-9,-8,-5,-11,0,-14,5,-18,6,-23,8,-28,9,-31,7,-35,8,-37,3,-39
CSI:98,32,6,0,29,3,24,0,19,1,14,0,8,4,5,6,-1,11,-2,15,-9,18,-8,24,-7,28,-3,30,0,32,-1,33,-1,31,0,29,-1,26,-3,22,-2,19,-5,13,-9,10,-13,7,-18,5,-20,2,-24,0,0,0,0,0,0,0,0,0,0,0,0,0,0,0,0,0,0,0,0,0,0,0,-5,-4,0,-4,5,-5,8,-8,12,-10,16,-14,18,-17,22,-21,22,-23,21,-26,21,-26,20,-25,17,-25,15,-22,13,-18,10,-12,10,-7,11,-2,12,3,15,8,19,12,24,14,27,15,31,15,34,14,34,11
CSI:-119,-112,8,0,-32,-1,-26,1,-20,0,-16,1,-8,-2,-4,-7,-1,-11,2,-16,3,-23,2,-25,0,-29,-1,-32,-4,-33,-3,-32,-3,-32,-6,-29,-4,-26,-3,-24,-1,-19,3,-15,7,-11,10,-10,15,-8,19,-6,22,-4,0,0,0,0,0,0,0,0,0,0,0,0,0,0,0,0,0,0,0,0,0,0,3,1,-1,3,-3,5,-8,8,-12,10,-16,16,-18,19,-19,23,-19,25,-18,28,-18,28,-17,28,-14,27,-12,22,-10,19,-10,12,-10,7,-12,1,-16,-3,-17,-7,-23,-10,-26,-11,-29,-12,-34,-11,-37,-9,-35,-8
CSI:51,49,19,0,-22,20,-19,18,-13,13,-13,8,-6,4,-8,-2,-10,-9,-9,-14,-12,-17,-14,-20,-17,-23,-21,-23,-25,-23,-24,-23,-25,-21,-24,-19,-21,-17,-18,-16,-14,-14,-8,-13,-3,-14,2,-14,6,-16,11,-18,14,-18,0,0,0,0,0,0,0,0,0,0,0,0,0,0,0,0,0,0,0,0,0,0,4,-2,2,2,0,7,-1,11,-1,16,-2,21,0,24,1,29,3,30,5,32,5,32,6,31,8,28,5,25,4,21,1,15,-2,11,-8,8,-13,7,-18,6,-24,6,-28,8,-31,9,-32,14,-34,17,-34,19
CSI:-87,-111,26,0,-19,25,-15,21,-11,16,-7,10,-5,5,-6,-1,-8,-7,-8,-12,-12,-17,-11,-19,-16,-24,-21,-23,-23,-24,-23,-23,-23,-22,-21,-20,-19,-18,-14,-16,-11,-15,-6,-15,-1,-13,5,-14,10,-14,14,-14,19,-14,0,0,0,0,0,0,0,0,0,0,0,0,0,0,0,0,0,0,0,0,0,0,2,-1,1,2,1,7,3,12,4,16,6,20,8,23,11,27,12,27,15,28,15,28,16,26,15,23,13,20,11,17,6,13,0,10,-6,8,-11,8,-16,9,-21,10,-24,13,-27,17,-28,19,-30,20,-26,23
CSI:-82,-31,26,0,18,23,15,18,13,14,9,11,3,7,-3,6,-8,6,-14,7,-17,8,-21,12,-22,15,-23,17,-24,21,-22,20,-21,20,-20,19,-18,18,-16,13,-13,9,-13,5,-13,-1,-14,-5,-15,-11,-15,-15,-17,-19,0,0,0,0,0,0,0,0,0,0,0,0,0,0,0,0,0,0,0,0,0,0,0,-4,4,-1,7,1,12,2,15,3,21,2,24,1,29,0,31,-1,31,-4,31,-5,29,-5,28,-5,23,-5,19,-3,13,0,10,3,8,8,6,14,6,18,5,24,7,25,9,30,13,32,16,32,16,33
CSI:-65,-15,27,0,-27,-4,-23,-3,-18,-1,-12,-2,-5,-6,-2,-6,3,-10,6,-16,8,-20,8,-25,7,-26,5,-30,5,-31,4,-30,3,-31,1,-29,1,-24,3,-19,5,-17,7,-12,8,-9,12,-6,16,-2,20,2,23,4,0,0,0,0,0,0,0,0,0,0,0,0,0,0,0,0,0,0,0,0,0,0,4,0,-2,2,-6,4,-8,6,-11,9,-15,13,-17,16,-17,20,-18,22,-18,23,-17,24,-16,23,-14,21,-13,19,-11,14,-10,9,-10,4,-11,-2,-13,-7,-16,-11,-20,-15,-23,-16,-29,-18,-32,-17,-34,-15,-34,-14
CSI:-87,-111,26,0,4,29,4,22,3,19,0,10,-3,8,-8,2,-12,-3,-19,-2,-24,-2,-27,-2,-31,3,-32,0,-35,7,-35,7,-33,9,-31,8,-26,6,-22,3,-19,0,-15,-4,-12,-8,-10,-13,-7,-19,-4,-23,-3,-27,0,0,0,0,0,0,0,0,0,0,0,0,0,0,0,0,0,0,0,0,0,0,-1,-4,3,0,6,2,11,6,15,9,18,10,23,11,27,10,29,10,32,9,33,7,31,6,28,4,24,5,18,4,13,6,6,8,2,11,-3,15,-5,21,-9,24,-9,30,-7,35,-6,39,-3,39,-2,39
CSI:11,-79,16,0,-15,-25,-15,-18,-13,-16,-7,-13,-1,-5,5,-4,10,-3,16,-5,20,-8,24,-9,29,-11,28,-16,30,-17,28,-19,24,-19,23,-17,21,-15,16,-11,15,-7,12,-3,10,3,11,8,9,15,10,20,9,23,0,0,0,0,0,0,0,0,0,0,0,0,0,0,0,0,0,0,0,0,0,0,2,2,-4,1,-8,1,-12,0,-18,0,-22,1,-26,3,-29,4,-31,7,-33,8,-31,9,-31,8,-26,8,-23,6,-18,4,-13,1,-10,-4,-7,-9,-5,-16,-3,-22,-4,-26,-6,-33,-6,-34,-12,-34,-14,-40,-14,-37
CSI:120,-128,7,0,26,-5,19,-5,14,-4,12,-2,6,2,3,5,0,10,-1,16,-1,19,2,23,3,27,5,27,8,29,9,29,8,26,9,25,8,21,4,20,2,14,-2,13,-5,11,-11,9,-15,7,-20,7,-24,6,0,0,0,0,0,0,0,0,0,0,0,0,0,0,0,0,0,0,0,0,0,0,-4,-1,-1,-4,3,-7,6,-11,7,-14,9,-17,9,-21,10,-25,10,-26,7,-30,7,-29,5,-27,5,-26,4,-22,4,-17,5,-13,7,-7,10,-3,14,1,19,4,24,5,28,6,31,4,34,3,35,1,33,0
CSI:-60,64,12,0,15,-19,13,-17,9,-13,7,-9,4,-2,5,4,7,8,7,13,9,14,13,20,15,20,23,20,23,20,21,19,22,18,24,15,19,15,14,13,10,13,7,12,2,14,-3,15,-7,17,-10,19,-15,19,0,0,0,0,0,0,0,0,0,0,0,0,0,0,0,0,0,0,0,0,0,0,-3,-2,-3,-7,0,-11,0,-14,0,-17,0,-23,-2,-25,-2,-28,-4,-31,-6,-32,-6,-30,-6,-28,-7,-27,-6,-22,-3,-19,0,-14,4,-10,9,-8,14,-7,18,-6,22,-8,25,-11,27,-12,29,-16,29,-18,27,-20
CSI:-107,80,9,0,-17,-18,-17,-12,-11,-9,-8,-7,-4,-3,4,-6,8,-6,12,-8,17,-11,20,-16,20,-18,20,-22,19,-23,19,-24,17,-25,15,-23,15,-20,14,-17,13,-15,13,-8,13,-3,15,2,17,6,18,10,20,14,0,0,0,0,0,0,0,0,0,0,0,0,0,0,0,0,0,0,0,0,0,0,-2,3,-6,2,-10,0,-15,-1,-18,0,-23,-1,-25,1,-29,1,-30,4,-30,5,-30,4,-28,6,-25,5,-22,4,-18,2,-15,-2,-11,-4,-8,-10,-7,-14,-8,-18,-9,-22,-9,-27,-16,-29,-16,-30,-19,-28,-21,-29
CSI:-104,-128,9,0,-5,27,-2,22,-1,19,-2,9,-3,4,-7,0,-14,-3,-17,-10,-21,-9,-26,-9,-30,-8,-32,-7,-34,-4,-34,-4,-34,-3,-31,-2,-28,-1,-24,-4,-19,-4,-16,-8,-11,-12,-9,-16,-5,-20,-3,-25,-1,-28,0,0,0,0,0,0,0,0,0,0,0,0,0,0,0,0,0,0,0,0,0,0,4,-2,5,4,6,8,8,12,10,16,13,20,17,22,20,23,22,25,25,25,24,22,22,22,22,19,18,17,13,15,8,14,1,12,-4,12,-8,15,-12,18,-16,22,-17,25,-18,32,-17,33,-15,36,-11,37
CSI:-70,-96,11,0,23,8,18,6,11,2,8,4,1,7,-4,8,-7,11,-10,14,-11,18,-13,22,-10,26,-10,28,-7,29,-6,29,-4,28,-3,26,-3,22,-4,19,-5,15,-9,12,-12,8,-15,6,-20,5,-24,2,-26,0,0,0,0,0,0,0,0,0,0,0,0,0,0,0,0,0,0,0,0,0,0,0,2,-5,6,-4,9,-2,13,-2,17,-2,21,-3,25,-4,28,-6,29,-7,30,-10,28,-9,27,-10,25,-9,22,-8,19,-6,15,-1,13,3,13,7,12,11,14,16,15,18,20,20,20,22,26,22,29,20,28,18
CSI:-68,-64,11,0,14,19,12,16,8,12,4,8,-2,5,-8,3,-13,5,-16,8,-21,11,-22,15,-25,17,-25,19,-22,22,-20,23,-18,22,-17,17,-15,18,-13,13,-12,10,-12,3,-13,-1,-14,-5,-17,-9,-19,-13,-20,-17,0,0,0,0,0,0,0,0,0,0,0,0,0,0,0,0,0,0,0,0,0,0,2,-4,6,0,9,3,12,5,17,5,21,7,23,6,28,8,30,6,31,4,30,3,30,2,26,2,22,2,19,2,15,5,11,9,8,12,7,16,4,20,5,25,7,28,9,30,12,32,14,32,16,30
CSI:-72,-128,11,0,-5,23,-2,20,-2,13,-2,8,-6,1,-8,-2,-12,-6,-15,-7,-21,-8,-26,-7,-25,-5,-33,-3,-31,-1,-31,-1,-29,1,-26,1,-23,1,-19,0,-14,-2,-11,-7,-8,-11,-6,-13,-5,-18,-4,-22,-2,-26,0,0,0,0,0,0,0,0,0,0,0,0,0,0,0,0,0,0,0,0,0,0,1,-1,2,4,3,8,5,12,6,16,9,19,11,22,14,24,15,25,19,24,19,23,18,21,17,20,14,17,10,15,5,14,0,14,-3,14,-8,16,-12,19,-15,20,-15,24,-16,28,-13,30,-14,32,-12,30
CSI:68,65,20,0,-29,0,-25,-1,-15,1,-8,-3,-3,0,3,-6,10,-9,10,-13,15,-17,17,-20,19,-25,17,-27,17,-28,17,-28,15,-29,13,-24,13,-20,12,-16,9,-11,8,-5,8,0,8,6,8,12,9,18,9,22,0,0,0,0,0,0,0,0,0,0,0,0,0,0,0,0,0,0,0,0,0,0,0,-1,-1,3,-1,7,-2,12,-2,16,-2,21,-1,24,0,27,1,29,2,29,1,29,1,26,1,23,0,19,-2,14,-6,9,-9,3,-12,0,-16,-4,-21,-8,-26,-11,-30,-10,-33,-8,-35,-9,-37,-9,-39,-5
CSI:-51,-48,12,0,-31,-1,-26,1,-17,-1,-12,1,-6,-3,0,-8,4,-12,7,-15,9,-22,9,-25,8,-29,6,-31,5,-34,4,-33,3,-31,3,-29,2,-24,2,-20,3,-14,5,-8,9,-3,11,1,13,6,16,9,20,13,0,0,0,0,0,0,0,0,0,0,0,0,0,0,0,0,0,0,0,0,0,0,3,-4,2,0,0,5,-2,9,-3,14,-3,18,-3,22,-1,26,-2,28,-1,30,-1,30,0,28,0,27,-1,23,-1,17,-5,11,-7,6,-10,3,-15,-1,-20,-5,-25,-8,-30,-7,-36,-7,-37,-7,-40,-5,-39,0
CSI:-60,64,12,0,22,-10,21,-10,14,-7,10,-3,6,2,3,7,3,12,2,17,3,22,6,23,9,26,10,29,15,29,14,25,14,24,16,22,13,19,11,17,6,13,2,12,-2,11,-7,10,-10,10,-15,12,-19,12,0,0,0,0,0,0,0,0,0,0,0,0,0,0,0,0,0,0,0,0,0,0,-6,-1,-2,-5,-1,-9,3,-10,4,-14,7,-19,8,-22,8,-26,6,-27,7,-29,7,-29,6,-28,5,-27,4,-23,5,-20,6,-13,8,-8,12,-6,15,-3,21,0,24,0,28,0,32,-1,34,-4,35,-6,33,-8
CSI:-52,-64,12,0,-17,-22,-12,-17,-11,-12,-7,-12,1,-6,9,-6,11,-8,17,-5,20,-9,23,-12,24,-15,25,-18,25,-20,23,-22,22,-22,18,-20,16,-19,15,-15,12,-10,11,-6,10,-2,12,3,12,9,14,12,13,16,0,0,0,0,0,0,0,0,0,0,0,0,0,0,0,0,0,0,0,0,0,0,-1,5,-5,3,-7,0,-12,-2,-16,-3,-19,-4,-23,-4,-27,-3,-29,-2,-31,-1,-31,-2,-29,-2,-27,0,-24,-2,-19,-3,-15,-5,-11,-7,-8,-11,-6,-17,-4,-20,-4,-24,-8,-29,-8,-31,-10,-33,-13,-34,-14,-33
CSI:-4,-64,15,0,24,-11,19,-10,13,-7,10,-3,7,2,2,7,2,13,2,16,3,22,4,22,11,27,13,29,13,25,14,27,16,25,17,21,13,17,11,15,8,13,2,11,-2,10,-6,10,-12,10,-16,11,-19,10,0,0,0,0,0,0,0,0,0,0,0,0,0,0,0,0,0,0,0,0,0,0,-6,-4,-3,-4,0,-8,2,-11,5,-15,7,-19,7,-22,8,-25,8,-28,6,-30,7,-30,7,-28,5,-26,4,-22,5,-19,6,-13,8,-9,11,-5,14,-2,20,-1,24,-1,28,0,32,-1,34,-4,35,-6,33,-7
CSI:-106,96,9,0,-27,-13,-21,-11,-16,-10,-9,-6,-5,-8,5,-8,11,-9,13,-12,17,-18,19,-20,19,-24,17,-29,18,-29,15,-31,13,-30,12,-28,11,-24,8,-19,9,-15,9,-9,10,-4,12,1,14,6,16,10,19,13,0,0,0,0,0,0,0,0,0,0,0,0,0,0,0,0,0,0,0,0,0,0,3,4,-1,4,-6,4,-10,6,-14,7,-19,10,-22,12,-25,13,-26,16,-27,17,-28,17,-26,17,-23,17,-20,14,-17,9,-14,5,-13,-1,-13,-7,-13,-12,-14,-17,-17,-21,-20,-26,-24,-26,-28,-27,-29,-25,-31,-26
CSI:-42,98,45,0,23,12,19,11,14,7,7,2,3,4,-4,4,-9,7,-12,11,-16,13,-18,18,-18,20,-17,23,-16,25,-15,25,-14,25,-12,22,-10,20,-10,15,-9,11,-10,6,-10,1,-13,-3,-17,-7,-20,-11,-21,-13,0,0,0,0,0,0,0,0,0,0,0,0,0,0,0,0,0,0,0,0,0,0,-3,-4,1,-4,5,-3,10,-3,14,-4,18,-6,22,-8,26,-10,27,-11,28,-13,27,-13,26,-13,25,-12,22,-10,20,-7,17,-2,14,2,13,8,13,14,13,17,17,22,18,24,22,26,24,28,27,25,28,22
CSI:46,-31,18,0,23,15,19,8,13,7,10,5,3,4,-3,6,-8,6,-12,9,-15,15,-17,18,-16,21,-15,23,-15,27,-13,26,-11,26,-9,23,-8,20,-8,16,-8,11,-8,7,-11,3,-14,-1,-17,-5,-19,-7,-23,-10,0,0,0,0,0,0,0,0,0,0,0,0,0,0,0,0,0,0,0,0,0,0,-3,-4,2,-2,6,-1,11,-1,15,-1,19,-1,24,-2,27,-4,29,-4,30,-7,30,-6,29,-6,27,-7,23,-6,19,-3,17,0,14,5,11,10,12,15,11,19,14,23,16,25,18,27,24,28,27,27,24,26
CSI:-50,-32,12,0,-28,-7,-21,-5,-15,-4,-11,-3,-3,-5,1,-6,6,-8,7,-15,11,-17,12,-21,11,-27,8,-26,7,-29,6,-29,4,-30,2,-26,3,-24,3,-17,5,-13,7,-10,9,-7,13,-2,16,1,21,3,23,6,0,0,0,0,0,0,0,0,0,0,0,0,0,0,0,0,0,0,0,0,0,0,2,2,-1,3,-6,4,-10,4,-14,5,-18,8,-21,11,-24,12,-25,15,-26,16,-26,16,-26,16,-23,15,-22,12,-18,9,-17,4,-15,-1,-15,-6,-16,-10,-18,-15,-20,-18,-25,-20,-27,-21,-31,-20,-33,-18,-34,-17
CSI:98,32,6,0,-1,-31,-4,-24,-3,-17,0,-12,2,-4,6,1,10,5,14,9,21,10,24,7,27,6,30,6,30,3,32,1,29,0,27,2,22,-1,18,2,12,2,9,6,5,9,2,15,-1,17,-4,22,-5,24,0,0,0,0,0,0,0,0,0,0,0,0,0,0,0,0,0,0,0,0,0,0,-2,4,-3,1,-6,-4,-9,-7,-13,-12,-17,-15,-20,-17,-24,-19,-26,-19,-29,-19,-29,-17,-28,-17,-26,-15,-22,-16,-16,-15,-12,-14,-6,-14,-1,-16,5,-20,9,-22,11,-27,14,-31,12,-36,13,-41,10,-41,7,-39
CSI:-14,33,31,0,-32,2,-23,4,-14,1,-14,-1,-5,-3,-2,-9,4,-13,5,-18,5,-23,4,-28,1,-32,-1,-34,-5,-35,-5,-33,-5,-30,-7,-28,-6,-23,-3,-19,0,-16,4,-12,8,-9,13,-7,17,-5,22,-5,26,-3,0,0,0,0,0,0,0,0,0,0,0,0,0,0,0,0,0,0,0,0,0,0,4,3,-1,4,-5,5,-10,7,-14,10,-18,12,-20,16,-23,19,-23,22,-24,24,-24,24,-22,24,-20,23,-20,19,-17,15,-17,10,-17,3,-19,-2,-19,-5,-24,-10,-27,-12,-33,-15,-36,-16,-40,-12,-38,-9,-39,-6
CSI:-120,-128,8,0,-3,-29,-6,-22,-3,-16,-2,-12,5,-4,8,-2,13,1,18,1,23,1,29,-1,33,-4,35,-8,33,-10,33,-11,30,-13,27,-12,23,-11,18,-6,17,-3,13,1,12,6,12,11,13,16,13,22,12,25,0,0,0,0,0,0,0,0,0,0,0,0,0,0,0,0,0,0,0,0,0,0,-7,3,-7,-2,-7,-7,-10,-11,-13,-17,-14,-22,-18,-24,-21,-26,-24,-28,-26,-28,-26,-27,-25,-26,-24,-25,-19,-22,-14,-21,-10,-20,-6,-20,0,-21,4,-24,8,-26,11,-32,9,-33,9,-39,8,-38,7,-41,-1,-42
CSI:-114,-31,24,0,-17,21,-14,16,-9,11,-7,5,-6,1,-8,-6,-7,-11,-10,-16,-13,-19,-16,-20,-22,-20,-25,-19,-27,-17,-28,-17,-27,-15,-24,-13,-21,-11,-16,-10,-13,-10,-7,-11,-4,-13,1,-15,4,-19,6,-20,9,-23,0,0,0,0,0,0,0,0,0,0,0,0,0,0,0,0,0,0,0,0,0,0,6,2,2,5,0,9,-2,12,-4,17,-5,21,-4,24,-5,28,-5,31,-3,33,-4,32,-3,32,-2,28,-3,25,-4,22,-6,18,-10,13,-15,12,-18,10,-22,10,-26,11,-28,12,-33,15,-34,16,-34,21,-27,20
CSI:-58,100,76,0,9,22,7,18,6,11,1,6,-4,3,-10,1,-14,-3,-21,-2,-25,-1,-27,3,-33,4,-32,8,-32,8,-30,10,-30,9,-26,10,-23,9,-20,5,-15,1,-13,-4,-12,-9,-11,-14,-10,-20,-9,-22,-10,-26,0,0,0,0,0,0,0,0,0,0,0,0,0,0,0,0,0,0,0,0,0,0,3,-3,5,0,9,4,13,7,17,9,21,12,25,12,28,12,31,11,33,11,31,10,31,9,28,8,25,7,19,8,14,8,10,11,6,14,2,16,0,22,-2,24,-2,30,1,33,3,34,4,35,6,35
CSI:-65,-15,27,0,0,30,3,25,4,18,3,13,-3,5,-7,1,-10,-1,-16,-6,-22,-6,-25,-5,-28,-4,-32,-3,-33,0,-32,1,-32,2,-27,1,-25,1,-21,-2,-17,-3,-13,-6,-10,-11,-8,-15,-5,-20,-4,-24,-2,-28,0,0,0,0,0,0,0,0,0,0,0,0,0,0,0,0,0,0,0,0,0,0,1,-5,3,0,5,3,8,8,13,11,16,15,19,16,23,18,26,18,27,18,28,18,27,17,26,15,21,14,17,13,10,11,5,13,0,13,-4,18,-9,23,-9,26,-11,30,-12,35,-7,38,-8,38,-4,37
CSI:-116,-64,8,0,30,-2,25,-4,17,-1,13,-2,6,1,0,6,-2,10,-6,14,-7,19,-5,22,-5,25,-1,29,2,33,0,32,1,31,2,28,3,24,-2,19,-3,16,-8,13,-10,9,-16,7,-20,5,-23,3,-28,2,0,0,0,0,0,0,0,0,0,0,0,0,0,0,0,0,0,0,0,0,0,0,-3,-3,2,-5,5,-5,10,-8,14,-11,18,-13,21,-16,22,-20,24,-21,23,-24,23,-25,21,-24,19,-23,17,-21,15,-15,14,-10,14,-4,13,1,18,6,18,10,26,13,30,15,32,14,38,12,38,10,41,8
CSI:-116,-64,8,0,24,-24,18,-21,12,-13,10,-12,7,-3,4,2,4,8,5,15,7,18,13,22,16,22,19,23,21,22,21,22,22,20,21,19,19,15,12,15,9,12,3,13,0,13,-7,15,-10,16,-15,18,-19,20,0,0,0,0,0,0,0,0,0,0,0,0,0,0,0,0,0,0,0,0,0,0,-5,0,-2,-4,1,-8,2,-12,5,-17,6,-21,7,-25,6,-29,5,-32,3,-33,3,-34,2,-32,1,-31,1,-27,3,-23,6,-17,8,-11,12,-11,17,-8,22,-6,26,-5,32,-9,35,-7,40,-16,35,-18,36,-16
CSI:-51,-47,28,0,-30,7,-25,7,-17,5,-13,3,-6,0,-4,-5,0,-9,1,-16,1,-21,-1,-25,-3,-27,-7,-30,-10,-31,-8,-30,-9,-29,-10,-26,-7,-23,-5,-20,-1,-17,3,-15,7,-12,12,-12,16,-12,21,-10,25,-9,0,0,0,0,0,0,0,0,0,0,0,0,0,0,0,0,0,0,0,0,0,0,3,2,-1,3,-5,5,-9,8,-12,12,-16,16,-17,19,-18,23,-19,27,-18,27,-18,27,-16,26,-14,27,-13,22,-12,17,-13,12,-13,5,-15,2,-20,-2,-22,-6,-29,-7,-33,-9,-37,-7,-39,-5,-42,-4,-39,0
CSI:-108,64,9,0,27,-3,20,-4,15,-5,11,-2,5,0,1,4,-4,8,-7,14,-9,19,-7,22,-5,24,-3,30,-2,30,1,31,2,30,2,28,0,25,-1,21,-3,17,-7,13,-9,11,-14,7,-17,5,-21,3,-23,1,0,0,0,0,0,0,0,0,0,0,0,0,0,0,0,0,0,0,0,0,0,0,-3,-3,0,-5,4,-7,7,-10,11,-14,12,-17,13,-22,15,-25,15,-27,14,-29,15,-28,13,-27,12,-26,11,-22,10,-18,9,-12,10,-5,13,-1,14,2,19,6,22,9,27,12,30,10,34,7,37,6,32,5
CSI:-116,-64,8,0,23,-21,17,-17,11,-14,9,-9,5,-4,1,4,5,11,3,15,4,24,6,27,9,30,17,31,17,30,18,30,19,27,19,26,15,23,11,21,8,17,2,17,-2,15,-8,15,-13,14,-19,15,-24,15,0,0,0,0,0,0,0,0,0,0,0,0,0,0,0,0,0,0,0,0,0,0,-5,-1,-2,-4,-2,-10,-1,-14,-1,-20,-1,-25,-2,-29,-4,-32,-5,-35,-6,-36,-6,-36,-7,-34,-5,-32,-6,-27,-3,-23,1,-17,5,-14,10,-10,16,-9,22,-8,26,-8,31,-9,36,-12,36,-14,37,-17,34,-19
CSI:98,32,6,0,-28,12,-22,10,-15,7,-12,5,-5,0,-2,-6,1,-11,2,-17,3,-23,0,-26,-2,-31,-3,-32,-5,-34,-6,-33,-6,-33,-8,-31,-6,-27,-3,-22,0,-20,4,-15,8,-12,11,-9,17,-8,22,-6,26,-4,0,0,0,0,0,0,0,0,0,0,0,0,0,0,0,0,0,0,0,0,0,0,2,-1,0,4,-1,9,-3,14,-5,18,-5,23,-4,26,-3,30,-3,33,-1,34,-1,34,0,33,0,30,0,25,-1,20,-5,15,-8,9,-12,6,-16,1,-23,-2,-28,-3,-33,-2,-35,1,-38,3,-42,7,-37,8
CSI:-89,113,26,0,23,-14,19,-13,13,-11,8,-7,5,-1,1,3,3,8,2,15,2,19,4,23,8,25,11,26,13,28,14,27,14,25,15,23,12,23,9,19,6,16,1,15,-2,13,-8,13,-14,13,-18,13,-21,12,0,0,0,0,0,0,0,0,0,0,0,0,0,0,0,0,0,0,0,0,0,0,-4,-1,-1,-5,1,-9,2,-13,4,-16,6,-21,6,-25,5,-29,4,-30,2,-32,2,-32,1,-31,1,-28,1,-25,3,-20,4,-15,7,-10,10,-6,15,-4,19,-2,23,-2,29,-2,33,-6,34,-8,32,-10,35,-12
CSI:47,-14,34,0,26,-19,19,-16,12,-11,9,-10,4,-4,4,4,2,10,3,16,6,22,7,26,11,28,14,30,15,31,16,30,16,29,16,26,13,24,9,21,6,16,-1,15,-5,13,-10,13,-17,10,-21,11,-26,11,0,0,0,0,0,0,0,0,0,0,0,0,0,0,0,0,0,0,0,0,0,0,-5,1,-4,-4,-2,-10,-2,-14,-2,-18,-2,-23,-2,-26,-3,-30,-5,-31,-7,-34,-6,-33,-7,-31,-8,-28,-7,-25,-4,-20,0,-14,5,-10,9,-8,15,-6,21,-5,26,-5,30,-6,35,-9,37,-12,37,-16,37,-19
CSI:-100,-64,9,0,11,-28,10,-26,5,-20,4,-14,6,-4,7,1,7,8,12,12,15,16,20,18,23,18,28,18,31,16,30,14,29,12,28,12,24,11,20,10,15,10,10,11,4,11,0,15,-4,18,-10,21,-12,23,0,0,0,0,0,0,0,0,0,0,0,0,0,0,0,0,0,0,0,0,0,0,-4,3,-5,-3,-4,-8,-5,-13,-7,-17,-9,-21,-11,-24,-14,-27,-17,-28,-18,-29,-18,-27,-18,-26,-17,-23,-15,-20,-11,-16,-6,-13,0,-11,5,-9,13,-11,16,-13,19,-16,25,-20,27,-24,28,-28,27,-30,26,-30
CSI:-65,-16,11,0,33,7,28,3,18,5,10,2,6,2,1,5,-6,9,-13,11,-15,18,-15,23,-17,26,-17,29,-15,32,-15,33,-13,31,-11,29,-11,24,-10,20,-11,14,-13,8,-14,3,-17,-2,-20,-6,-21,-11,-23,-15,0,0,0,0,0,0,0,0,0,0,0,0,0,0,0,0,0,0,0,0,0,0,-5,-3,0,-4,3,-8,8,-10,11,-15,14,-19,16,-21,17,-24,18,-27,16,-30,15,-29,15,-27,13,-26,11,-21,10,-17,9,-10,10,-4,10,2,14,8,17,13,21,17,26,19,28,19,34,17,36,18,39,15
CSI:-116,-64,8,0,-34,-8,-28,-6,-20,-5,-14,-4,-6,-3,0,-4,9,-10,14,-12,19,-17,20,-21,22,-25,22,-31,23,-33,21,-32,19,-31,17,-30,16,-24,15,-20,14,-13,14,-8,14,-2,16,5,17,11,18,18,18,22,0,0,0,0,0,0,0,0,0,0,0,0,0,0,0,0,0,0,0,0,0,0,5,1,-1,3,-4,7,-8,12,-12,15,-14,20,-16,25,-16,29,-16,31,-16,34,-16,33,-14,32,-12,29,-10,24,-10,19,-11,10,-10,3,-11,-2,-15,-11,-19,-14,-24,-20,-26,-22,-33,-22,-34,-21,-39,-22,-39,-19
CSI:-65,-15,27,0,0,32,-1,23,-2,20,0,12,-4,6,-7,-1,-11,-6,-15,-9,-22,-11,-27,-11,-31,-12,-34,-11,-36,-10,-36,-7,-34,-8,-32,-6,-28,-4,-23,-6,-18,-7,-12,-8,-6,-10,-1,-15,4,-15,9,-20,12,-22,0,0,0,0,0,0,0,0,0,0,0,0,0,0,0,0,0,0,0,0,0,0,0,-8,4,-5,6,-1,11,2,16,4,20,6,23,8,26,8,29,7,32,7,31,7,29,5,26,7,21,5,16,6,11,5,3,7,-1,10,-5,15,-11,19,-13,23,-13,29,-13,34,-14,35,-13,39,-8,38
CSI:-82,-31,26,0,-31,-7,-27,-2,-18,-1,-13,-1,-7,-3,-3,-7,2,-13,6,-19,7,-22,7,-26,6,-32,4,-35,3,-36,0,-36,-1,-35,-3,-33,-3,-28,-2,-24,2,-18,3,-14,7,-10,12,-6,16,-2,21,1,25,4,0,0,0,0,0,0,0,0,0,0,0,0,0,0,0,0,0,0,0,0,0,0,6,4,1,5,-5,6,-8,8,-12,12,-15,16,-19,19,-20,20,-20,24,-20,27,-19,26,-17,25,-14,24,-12,20,-11,13,-10,9,-9,3,-13,-5,-15,-8,-16,-15,-23,-16,-28,-20,-31,-21,-34,-19,-39,-16,-36,-17
CSI:-106,96,9,0,35,-7,29,-11,18,-6,15,-2,8,1,1,7,-2,15,-5,21,-5,26,-2,32,-1,35,2,39,5,40,4,38,5,39,7,35,4,30,3,26,-1,20,-4,15,-8,10,-15,6,-19,4,-26,-1,-30,-5,0,0,0,0,0,0,0,0,0,0,0,0,0,0,0,0,0,0,0,0,0,0,-8,0,-5,-5,-3,-9,0,-14,2,-19,4,-24,5,-29,4,-33,4,-34,2,-39,4,-36,2,-33,1,-32,1,-28,3,-20,5,-13,9,-6,12,-3,17,1,24,6,31,7,33,8,41,7,45,1,42,2,40,-2
CSI:-119,-112,8,0,-34,1,-23,-1,-19,0,-15,-2,-8,-5,-1,-8,4,-12,6,-18,9,-20,8,-25,9,-30,8,-33,5,-37,6,-36,5,-34,3,-33,3,-28,4,-23,5,-19,7,-12,9,-8,13,-2,16,2,19,6,22,10,0,0,0,0,0,0,0,0,0,0,0,0,0,0,0,0,0,0,0,0,0,0,6,0,3,4,-1,7,-3,11,-6,15,-8,19,-10,25,-9,27,-9,30,-9,31,-9,30,-9,29,-6,26,-6,22,-6,17,-8,10,-9,4,-13,-1,-15,-6,-20,-10,-26,-12,-31,-13,-32,-15,-40,-13,-38,-10,-40,-9
CSI:125,-48,7,0,-26,-25,-20,-21,-16,-16,-10,-11,-2,-6,4,-8,12,-6,16,-12,21,-9,29,-15,32,-18,28,-22,31,-25,30,-28,31,-27,24,-27,21,-21,18,-15,15,-13,14,-7,10,4,10,8,10,15,8,21,7,27,0,0,0,0,0,0,0,0,0,0,0,0,0,0,0,0,0,0,0,0,0,0,2,4,0,6,-7,5,-12,6,-18,8,-21,10,-27,11,-29,13,-31,16,-31,20,-31,18,-30,17,-25,16,-22,11,-17,7,-14,0,-10,-6,-9,-13,-8,-19,-10,-25,-11,-32,-13,-35,-18,-39,-22,-40,-24,-39,-25,-39
CSI:-79,16,11,0,19,22,16,18,9,13,7,8,-1,7,-4,6,-10,4,-18,6,-22,8,-25,11,-27,13,-29,18,-29,18,-28,21,-27,23,-23,21,-21,19,-18,14,-14,11,-12,4,-10,-3,-9,-9,-9,-15,-8,-20,-6,-24,0,0,0,0,0,0,0,0,0,0,0,0,0,0,0,0,0,0,0,0,0,0,-3,-5,2,-5,6,-4,10,-4,15,-5,19,-7,23,-9,26,-11,28,-11,27,-14,27,-12,26,-12,23,-11,19,-8,16,-4,11,-1,8,5,7,10,5,16,7,21,8,26,9,34,11,33,14,37,20,39,21,36
CSI:-27,81,30,0,-21,22,-18,17,-14,11,-9,7,-6,1,-6,-5,-5,-12,-7,-17,-10,-21,-14,-24,-17,-26,-20,-29,-22,-29,-22,-26,-24,-25,-22,-22,-17,-19,-15,-17,-12,-13,-5,-13,0,-10,7,-11,12,-7,18,-8,22,-8,0,0,0,0,0,0,0,0,0,0,0,0,0,0,0,0,0,0,0,0,0,0,3,-3,4,1,4,5,6,9,6,13,9,17,11,21,13,23,15,24,16,24,16,25,15,23,13,20,11,17,7,15,1,11,-5,7,-10,7,-16,7,-22,7,-26,10,-30,13,-32,17,-34,19,-36,20,-35,24
CSI:-122,96,8,0,-14,-28,-12,-22,-7,-17,-5,-13,5,-5,5,-3,13,-2,17,-2,22,-3,26,-6,30,-8,30,-11,33,-13,31,-13,30,-15,26,-14,24,-14,19,-11,15,-7,11,-1,9,3,6,9,4,14,2,20,0,25,0,0,0,0,0,0,0,0,0,0,0,0,0,0,0,0,0,0,0,0,0,0,1,4,-2,3,-8,1,-12,1,-15,0,-20,0,-24,1,-27,2,-29,3,-30,4,-30,3,-28,4,-25,4,-20,3,-15,0,-11,-4,-8,-7,-4,-12,-3,-18,0,-23,-1,-29,-2,-32,-4,-35,-6,-39,-9,-40,-10,-39
CSI:98,32,6,0,23,18,16,17,11,11,5,8,1,6,-7,6,-12,4,-16,8,-24,8,-26,12,-28,17,-28,21,-27,22,-27,24,-24,25,-23,23,-18,19,-16,15,-13,11,-11,5,-9,0,-9,-6,-8,-12,-7,-18,-8,-23,0,0,0,0,0,0,0,0,0,0,0,0,0,0,0,0,0,0,0,0,0,0,-6,-3,-1,-5,3,-7,6,-8,10,-11,13,-13,17,-16,19,-20,21,-22,22,-22,21,-22,20,-21,17,-19,15,-14,13,-11,10,-5,8,2,9,8,9,14,10,20,11,26,15,30,18,32,21,35,22,33,25,32
CSI:124,-64,7,0,27,2,21,0,14,2,8,2,2,4,-5,7,-7,11,-10,15,-11,19,-12,24,-11,29,-9,31,-6,34,-6,32,-5,32,-4,32,-3,25,-4,21,-3,16,-6,11,-7,6,-10,1,-13,-4,-16,-9,-18,-14,0,0,0,0,0,0,0,0,0,0,0,0,0,0,0,0,0,0,0,0,0,0,-6,2,-5,-2,-1,-7,0,-11,-1,-16,0,-20,1,-24,2,-27,1,-30,-1,-32,0,-31,-1,-29,0,-26,1,-22,2,-16,4,-10,6,-5,10,0,15,4,21,7,24,10,30,11,33,13,37,12,38,9,35,6
CSI:-51,-48,12,0,-20,21,-15,17,-9,9,-9,5,-6,-1,-4,-7,-9,-14,-8,-21,-12,-23,-16,-26,-19,-27,-21,-28,-24,-27,-24,-25,-24,-24,-22,-21,-19,-18,-15,-15,-10,-14,-4,-13,2,-12,8,-12,14,-13,19,-13,22,-13,0,0,0,0,0,0,0,0,0,0,0,0,0,0,0,0,0,0,0,0,0,0,3,-3,4,1,4,6,5,10,8,14,11,17,14,20,14,22,17,23,19,22,18,23,16,21,14,20,11,16,6,13,-1,10,-6,8,-12,9,-18,9,-23,10,-28,14,-32,18,-32,21,-34,24,-32,25,-29,28
CSI:-23,-111,30,0,29,-18,21,-16,15,-12,13,-4,7,-3,4,5,2,13,2,18,2,22,3,26,10,30,10,33,12,33,14,32,15,30,17,30,14,23,9,21,6,17,1,14,-3,13,-9,10,-14,9,-21,7,-25,7,0,0,0,0,0,0,0,0,0,0,0,0,0,0,0,0,0,0,0,0,0,0,-3,1,-1,-4,-1,-9,-1,-13,-1,-19,-1,-22,-2,-27,-4,-31,-7,-33,-8,-34,-9,-33,-9,-29,-9,-29,-8,-25,-5,-20,-1,-13,4,-11,11,-6,15,-5,22,-3,28,-3,31,-6,37,-7,39,-9,40,-14,38,-11
CSI:-81,-16,10,0,-21,21,-16,18,-12,11,-9,9,-8,2,-5,-6,-4,-9,-5,-16,-6,-19,-10,-23,-12,-25,-15,-27,-18,-27,-20,-26,-19,-25,-17,-23,-15,-20,-13,-17,-8,-14,-4,-13,1,-12,6,-11,11,-10,15,-9,19,-9,0,0,0,0,0,0,0,0,0,0,0,0,0,0,0,0,0,0,0,0,0,0,1,-2,2,2,3,6,4,10,5,14,8,18,10,21,12,23,14,24,16,24,16,24,15,22,15,21,12,17,9,14,2,11,-2,7,-7,7,-14,8,-18,7,-25,8,-28,11,-29,12,-34,15,-33,19,-31,21
CSI:94,-31,21,0,26,-19,20,-16,16,-11,10,-8,7,-2,5,6,4,11,1,20,4,22,9,28,12,27,14,31,13,34,16,30,15,29,17,27,14,23,13,20,7,16,1,14,-2,13,-9,10,-15,9,-20,8,-24,7,0,0,0,0,0,0,0,0,0,0,0,0,0,0,0,0,0,0,0,0,0,0,-3,1,-2,-4,-3,-9,-3,-13,-2,-18,-6,-22,-6,-26,-10,-29,-12,-31,-14,-32,-13,-30,-13,-28,-12,-27,-10,-22,-6,-18,-3,-15,2,-10,9,-7,15,-6,20,-6,28,-7,32,-7,35,-10,39,-14,39,-16,37,-16
CSI:-116,-64,8,0,0,32,-1,25,0,17,-3,12,-1,5,-8,0,-12,-5,-15,-6,-21,-8,-26,-11,-31,-10,-32,-8,-36,-6,-35,-5,-35,-3,-32,-2,-28,-3,-23,-4,-19,-4,-14,-7,-10,-10,-3,-13,0,-18,4,-20,9,-23,0,0,0,0,0,0,0,0,0,0,0,0,0,0,0,0,0,0,0,0,0,0,-1,-3,4,0,8,2,11,4,16,5,20,6,25,6,29,6,31,5,33,4,33,4,31,4,27,2,23,3,18,4,12,5,5,7,0,11,-4,15,-8,21,-10,26,-12,31,-12,35,-9,39,-11,41,-6,40
CSI:-65,-15,27,0,28,-9,22,-7,19,-5,14,-3,6,2,5,6,2,11,1,15,2,19,3,23,6,26,8,28,8,30,10,29,12,27,10,27,9,22,6,19,3,15,0,14,-4,11,-9,8,-13,7,-19,5,-23,3,0,0,0,0,0,0,0,0,0,0,0,0,0,0,0,0,0,0,0,0,0,0,-7,1,-3,-2,-1,-7,1,-10,2,-15,3,-19,3,-23,3,-26,2,-28,0,-30,0,-30,-1,-29,-3,-27,-2,-22,-1,-18,1,-13,4,-8,8,-4,13,0,18,3,23,4,29,4,32,2,36,0,38,-2,37,-5
CSI:-117,-79,24,0,29,13,26,10,16,9,14,7,6,5,1,6,-7,7,-11,11,-16,16,-20,20,-18,24,-20,25,-20,27,-17,29,-16,29,-15,27,-14,23,-11,19,-11,12,-11,7,-10,2,-12,-3,-13,-8,-15,-14,-16,-18,0,0,0,0,0,0,0,0,0,0,0,0,0,0,0,0,0,0,0,0,0,0,-6,-1,-2,-3,2,-6,6,-9,9,-12,12,-16,14,-19,17,-24,18,-26,17,-28,16,-28,15,-28,12,-26,10,-21,10,-16,8,-10,7,-3,9,2,9,7,13,16,17,20,20,21,27,24,30,28,31,27,32,23
CSI:-121,112,8,0,-18,29,-16,25,-10,17,-8,13,-10,4,-10,-1,-12,-7,-15,-11,-18,-15,-22,-17,-28,-18,-31,-17,-33,-16,-34,-13,-32,-13,-31,-11,-28,-10,-21,-10,-17,-8,-11,-10,-7,-12,-2,-15,4,-17,7,-20,12,-21,0,0,0,0,0,0,0,0,0,0,0,0,0,0,0,0,0,0,0,0,0,0,3,-7,3,-1,5,3,6,8,9,12,12,17,15,20,17,22,20,24,23,24,22,24,22,22,21,19,16,16,14,15,8,12,2,9,-5,8,-10,10,-18,13,-23,16,-26,21,-29,23,-32,29,-31,31,-30,35
CSI:-122,96,8,0,-11,-31,-10,-25,-9,-21,-5,-14,-1,-9,6,-6,10,-4,16,-4,22,-4,25,-6,29,-9,31,-11,32,-14,32,-13,29,-14,27,-14,24,-12,20,-10,16,-6,12,-1,10,3,7,9,6,14,5,18,3,23,0,0,0,0,0,0,0,0,0,0,0,0,0,0,0,0,0,0,0,0,0,0,2,5,-2,3,-6,1,-11,0,-16,0,-20,0,-25,2,-29,3,-31,3,-32,6,-32,7,-31,6,-28,7,-23,5,-19,3,-14,0,-10,-5,-6,-10,-3,-14,-1,-18,0,-26,-2,-31,-3,-35,-4,-41,-6,-45,-12,-37
CSI:-51,-48,12,0,-31,17,-25,14,-16,11,-12,7,-9,1,-3,-5,-4,-13,-4,-19,-4,-25,-8,-28,-10,-30,-16,-32,-19,-34,-18,-33,-18,-31,-17,-28,-16,-26,-11,-23,-8,-20,-3,-20,4,-17,8,-18,13,-18,18,-17,23,-18,0,0,0,0,0,0,0,0,0,0,0,0,0,0,0,0,0,0,0,0,0,0,3,-2,0,2,-2,6,-4,12,-4,17,-6,22,-6,28,-4,32,-3,35,-1,36,1,36,2,36,3,32,2,28,1,24,-1,18,-5,12,-11,9,-16,7,-22,3,-28,3,-33,3,-37,5,-39,9,-41,12,-39,13
CSI:-98,-32,9,0,-29,-6,-24,-2,-18,-2,-11,-2,-7,-4,-2,-7,3,-10,8,-14,7,-18,9,-22,8,-28,7,-30,3,-33,3,-31,4,-32,2,-29,3,-27,3,-23,6,-19,8,-15,10,-12,14,-8,18,-5,22,-3,24,0,0,0,0,0,0,0,0,0,0,0,0,0,0,0,0,0,0,0,0,0,0,0,2,3,-2,2,-6,4,-10,5,-14,9,-18,11,-20,16,-22,19,-23,21,-23,24,-23,24,-20,23,-18,23,-15,20,-14,15,-13,11,-12,5,-12,-1,-14,-5,-17,-9,-21,-13,-25,-15,-28,-16,-31,-17,-35,-15,-36,-13
CSI:78,-29,52,0,-1,27,0,22,1,16,1,11,-1,7,-6,-1,-9,-4,-13,-7,-18,-10,-22,-9,-25,-9,-29,-8,-29,-8,-30,-6,-31,-4,-28,-4,-24,-5,-22,-6,-17,-7,-13,-10,-9,-13,-6,-14,-3,-18,1,-22,4,-23,0,0,0,0,0,0,0,0,0,0,0,0,0,0,0,0,0,0,0,0,0,0,-1,-3,1,-1,5,3,8,6,13,8,16,11,20,11,24,12,27,13,28,10,29,10,29,9,26,7,23,6,18,6,13,6,7,7,2,9,-1,13,-7,17,-9,22,-12,26,-12,30,-11,33,-10,35,-8,33
CSI:-4,-64,15,0,6,24,7,21,5,17,2,9,-1,6,-5,2,-9,0,-14,-3,-21,-1,-22,-3,-27,0,-30,2,-30,4,-31,5,-30,5,-28,5,-25,4,-21,2,-19,1,-14,-4,-12,-9,-10,-13,-8,-16,-6,-21,-5,-23,0,0,0,0,0,0,0,0,0,0,0,0,0,0,0,0,0,0,0,0,0,0,-2,-3,2,-1,5,1,10,3,14,6,19,6,22,5,27,6,29,4,30,3,31,2,30,2,27,1,24,1,19,1,14,2,10,4,5,8,2,12,-1,17,-2,21,-3,28,-2,30,2,35,0,34,2,32
CSI:-112,0,9,0,27,8,22,3,14,2,11,2,5,2,0,6,-5,8,-9,12,-11,16,-12,20,-11,25,-10,27,-9,29,-8,29,-7,29,-6,27,-6,23,-7,19,-8,16,-10,12,-13,8,-15,4,-20,1,-24,-2,-26,-3,0,0,0,0,0,0,0,0,0,0,0,0,0,0,0,0,0,0,0,0,0,0,-2,-5,3,-4,7,-5,11,-6,15,-8,19,-9,22,-12,25,-14,25,-16,25,-18,25,-18,23,-18,22,-17,19,-15,15,-11,14,-7,11,-1,12,5,14,10,15,15,19,18,23,20,24,23,31,20,32,19,34,20
CSI:-116,-64,8,0,-8,-27,-7,-22,-6,-16,-4,-11,0,-7,5,-1,9,-3,15,2,20,-3,21,-3,26,-7,27,-6,29,-8,27,-10,29,-11,25,-9,21,-9,19,-6,17,-3,14,0,14,5,13,9,13,13,12,17,13,23,0,0,0,0,0,0,0,0,0,0,0,0,0,0,0,0,0,0,0,0,0,0,-5,2,-6,-1,-8,-5,-12,-8,-14,-10,-18,-14,-20,-13,-24,-16,-27,-17,-29,-14,-29,-14,-27,-12,-26,-12,-22,-9,-18,-10,-12,-10,-7,-11,-3,-14,0,-18,4,-20,6,-25,5,-31,5,-33,2,-37,-1,-38,-2,-37
CSI:120,-127,23,0,-8,30,-7,27,-3,17,-6,9,-4,5,-6,-1,-9,-7,-14,-11,-18,-14,-22,-15,-28,-15,-30,-13,-31,-13,-32,-11,-32,-9,-28,-9,-24,-8,-20,-9,-15,-9,-11,-10,-7,-15,-3,-18,2,-21,4,-24,7,-26,0,0,0,0,0,0,0,0,0,0,0,0,0,0,0,0,0,0,0,0,0,0,3,-4,4,2,5,6,6,11,9,15,11,20,15,22,18,25,20,25,23,25,22,26,21,22,20,22,16,18,13,16,7,13,2,13,-5,11,-10,15,-16,17,-21,19,-21,24,-23,28,-24,32,-23,35,-23,37
CSI:-121,112,8,0,18,-21,13,-18,9,-16,5,-10,4,-2,5,2,7,7,8,12,11,15,14,18,17,19,20,19,23,19,24,17,24,17,24,15,19,14,14,13,10,13,6,13,2,14,-3,16,-6,19,-9,21,-12,22,0,0,0,0,0,0,0,0,0,0,0,0,0,0,0,0,0,0,0,0,0,0,-4,-1,-3,-5,-1,-9,0,-14,0,-16,1,-22,0,-26,-1,-29,-2,-31,-4,-32,-5,-32,-4,-30,-5,-28,-5,-24,-2,-21,0,-15,3,-12,10,-10,13,-8,19,-9,25,-9,25,-11,29,-15,34,-19,32,-22,32,-24
CSI:2,33,16,0,27,9,22,7,16,3,11,2,4,4,-2,3,-6,5,-14,9,-15,13,-19,15,-19,21,-18,24,-19,26,-19,27,-17,27,-15,25,-13,22,-14,17,-12,11,-13,7,-14,0,-15,-5,-17,-9,-19,-15,-20,-19,0,0,0,0,0,0,0,0,0,0,0,0,0,0,0,0,0,0,0,0,0,0,-2,-3,1,-4,6,-6,9,-9,14,-11,18,-14,19,-18,22,-21,24,-22,23,-25,22,-24,21,-23,18,-23,16,-19,13,-14,12,-9,10,-2,10,3,12,10,14,12,19,18,24,21,25,23,28,22,32,20,32,19
CSI:-10,97,31,0,-28,13,-22,14,-15,11,-10,6,-7,1,-4,-4,-2,-11,-1,-16,-3,-22,-4,-27,-7,-29,-10,-32,-12,-34,-14,-33,-14,-31,-14,-29,-10,-23,-8,-22,-3,-18,2,-16,6,-14,12,-12,17,-11,21,-10,25,-9,0,0,0,0,0,0,0,0,0,0,0,0,0,0,0,0,0,0,0,0,0,0,4,1,1,4,-3,9,-4,12,-6,18,-7,22,-7,26,-7,30,-6,32,-4,35,-4,34,-3,32,-2,30,-2,25,-3,20,-5,14,-9,9,-12,6,-18,2,-22,-1,-28,1,-35,-1,-38,2,-42,4,-40,6,-41,11
CSI:-121,112,8,0,4,-28,3,-23,1,-17,1,-11,2,-5,4,-1,7,3,11,8,15,10,20,10,24,12,26,10,28,8,28,8,27,7,26,7,22,6,17,7,15,8,9,10,5,11,0,15,-3,17,-7,19,-9,23,0,0,0,0,0,0,0,0,0,0,0,0,0,0,0,0,0,0,0,0,0,0,-2,2,-5,-1,-7,-6,-9,-10,-12,-13,-16,-16,-17,-17,-19,-19,-23,-20,-24,-20,-24,-19,-23,-18,-22,-17,-18,-15,-14,-13,-9,-11,-3,-11,0,-12,6,-15,11,-17,14,-20,16,-25,18,-28,17,-31,16,-35,11,-34
CSI:-121,112,8,0,25,10,20,6,15,4,10,2,3,2,-1,4,-7,7,-11,9,-13,14,-16,18,-14,23,-13,25,-13,27,-12,28,-10,27,-9,25,-10,22,-9,17,-9,14,-11,9,-12,3,-15,0,-18,-5,-21,-8,-23,-10,0,0,0,0,0,0,0,0,0,0,0,0,0,0,0,0,0,0,0,0,0,0,-2,-4,3,-4,6,-5,11,-5,14,-8,19,-9,21,-12,24,-14,25,-16,24,-18,25,-18,24,-18,20,-17,18,-14,15,-12,13,-7,11,-1,10,4,11,8,12,14,17,17,20,21,22,23,26,24,28,20,27,22
CSI:73,-111,20,0,24,11,21,8,15,6,10,3,4,4,-3,3,-6,6,-12,8,-16,12,-19,15,-16,19,-22,22,-20,25,-17,25,-17,23,-17,22,-15,19,-12,14,-14,11,-13,5,-13,0,-15,-6,-16,-10,-16,-15,-18,-19,0,0,0,0,0,0,0,0,0,0,0,0,0,0,0,0,0,0,0,0,0,0,-2,-5,3,-6,6,-7,10,-9,13,-11,18,-14,19,-17,22,-20,22,-20,21,-23,20,-23,18,-22,16,-20,14,-17,12,-13,10,-7,8,-1,8,3,8,9,11,14,14,18,18,21,22,24,25,23,28,23,28,22
CSI:-118,-96,8,0,24,13,20,9,14,7,8,5,4,4,-2,3,-8,6,-13,6,-16,9,-19,13,-23,16,-22,20,-22,21,-23,21,-21,21,-19,19,-18,16,-16,11,-15,8,-13,2,-12,-3,-13,-8,-13,-14,-13,-18,-12,-22,0,0,0,0,0,0,0,0,0,0,0,0,0,0,0,0,0,0,0,0,0,0,-2,-3,1,-6,5,-7,9,-9,13,-11,17,-14,18,-17,21,-19,22,-21,20,-24,20,-22,19,-22,16,-21,14,-16,11,-12,9,-8,8,-1,8,4,9,10,10,14,13,18,17,21,19,24,24,25,25,25,29,25
CSI:-87,-111,26,0,-31,4,-23,7,-17,4,-12,2,-6,0,1,-5,4,-11,7,-16,9,-22,9,-28,9,-32,8,-33,6,-34,5,-36,4,-33,4,-31,5,-26,6,-22,7,-15,10,-9,13,-4,16,1,19,6,22,10,25,15,0,0,0,0,0,0,0,0,0,0,0,0,0,0,0,0,0,0,0,0,0,0,2,1,1,6,-1,11,-1,17,-3,21,-2,26,-2,29,-1,33,1,35,2,36,2,34,2,31,3,29,2,23,0,17,-2,10,-6,4,-10,0,-16,-4,-22,-5,-27,-9,-32,-10,-38,-9,-40,-6,-41,-6,-43,-5
CSI:-119,-112,8,0,25,3,23,1,17,0,10,0,5,2,0,3,-3,7,-9,11,-11,16,-12,21,-12,24,-11,28,-11,29,-9,28,-10,28,-8,26,-7,22,-9,17,-9,13,-11,9,-13,4,-13,-1,-17,-5,-20,-9,-21,-13,0,0,0,0,0,0,0,0,0,0,0,0,0,0,0,0,0,0,0,0,0,0,-3,-4,0,-5,3,-9,7,-11,10,-15,13,-18,14,-22,15,-24,15,-26,14,-29,13,-28,11,-26,10,-25,8,-20,7,-16,7,-10,8,-4,9,0,12,5,15,10,19,13,24,12,28,15,30,17,33,14,33,11
CSI:-108,65,25,0,29,10,25,6,18,5,13,2,5,3,-3,5,-6,8,-11,13,-14,16,-16,22,-16,26,-15,28,-15,31,-13,31,-13,32,-11,28,-11,24,-11,18,-13,15,-14,9,-15,4,-18,-1,-21,-6,-24,-7,-26,-12,0,0,0,0,0,0,0,0,0,0,0,0,0,0,0,0,0,0,0,0,0,0,-2,-4,2,-5,8,-6,12,-7,17,-10,21,-12,23,-16,25,-18,27,-21,26,-23,25,-23,23,-22,20,-21,17,-17,13,-13,12,-8,9,-2,10,3,11,10,12,16,17,19,22,23,23,24,28,22,32,24,33,23
CSI:98,32,6,0,-27,-7,-24,-5,-17,-2,-11,-3,-6,-4,-1,-6,4,-11,8,-13,10,-18,11,-22,9,-26,9,-29,9,-31,8,-31,6,-30,7,-28,5,-24,8,-21,8,-16,10,-11,12,-7,15,-4,17,0,21,3,24,6,0,0,0,0,0,0,0,0,0,0,0,0,0,0,0,0,0,0,0,0,0,0,2,4,-3,4,-7,5,-11,7,-15,10,-19,11,-21,15,-23,17,-24,19,-23,21,-22,21,-21,20,-18,19,-16,16,-13,12,-12,7,-10,1,-10,-3,-11,-7,-14,-11,-19,-15,-23,-18,-25,-22,-29,-18,-29,-18,-29,-13
CSI:0,1,16,0,-25,-6,-22,-2,-15,-1,-11,-2,-7,-5,-1,-7,7,-10,6,-16,9,-18,7,-26,3,-25,4,-29,4,-29,1,-32,1,-32,1,-28,1,-24,3,-20,3,-17,7,-12,9,-10,14,-5,18,-4,22,0,24,2,0,0,0,0,0,0,0,0,0,0,0,0,0,0,0,0,0,0,0,0,0,0,2,4,-3,4,-7,5,-11,7,-15,9,-20,10,-22,13,-24,16,-25,18,-25,21,-25,19,-22,19,-18,18,-17,15,-14,10,-12,6,-11,1,-11,-5,-13,-8,-15,-12,-19,-16,-23,-18,-26,-18,-30,-16,-32,-15,-31,-14
CSI:-40,-128,13,0,22,15,18,12,16,8,9,3,3,4,-6,6,-10,5,-14,7,-17,12,-19,16,-19,20,-21,23,-19,24,-19,26,-16,25,-15,23,-13,20,-12,16,-12,11,-13,6,-15,0,-16,-3,-18,-6,-21,-10,-22,-14,0,0,0,0,0,0,0,0,0,0,0,0,0,0,0,0,0,0,0,0,0,0,1,-6,5,-4,9,-2,13,-2,17,-2,22,-2,25,-2,28,-4,31,-6,31,-7,31,-7,29,-7,26,-7,22,-6,19,-3,16,0,12,4,10,10,10,14,10,19,11,24,16,27,16,30,20,28,23,29,26,28
CSI:-51,-48,12,0,-22,11,-21,10,-16,7,-8,4,-8,0,-3,-4,-2,-12,-4,-18,-5,-21,-8,-25,-11,-27,-13,-28,-17,-27,-17,-27,-17,-24,-16,-24,-14,-21,-10,-17,-7,-15,-2,-15,3,-14,7,-14,12,-14,16,-14,20,-15,0,0,0,0,0,0,0,0,0,0,0,0,0,0,0,0,0,0,0,0,0,0,3,4,0,7,-3,9,-6,13,-7,16,-9,19,-10,23,-10,26,-9,28,-9,30,-9,29,-8,27,-7,24,-6,20,-7,16,-9,12,-11,6,-14,3,-18,0,-23,-1,-27,-1,-33,-1,-34,2,-37,5,-36,8,-35,9
CSI:98,32,6,0,16,-25,11,-20,6,-15,6,-9,4,-2,6,3,8,12,9,16,14,18,15,19,20,18,27,19,27,17,29,21,28,18,26,15,21,13,17,13,12,12,7,13,2,13,-4,14,-8,17,-13,19,-16,21,0,0,0,0,0,0,0,0,0,0,0,0,0,0,0,0,0,0,0,0,0,0,-8,-1,-5,-5,-6,-10,-5,-15,-4,-19,-6,-24,-7,-27,-8,-30,-9,-31,-10,-32,-12,-31,-11,-29,-10,-25,-8,-23,-5,-19,-2,-14,5,-11,11,-10,15,-10,21,-11,25,-13,28,-16,31,-20,32,-24,29,-26,27,-27
CSI:98,32,6,0,24,-13,19,-11,14,-8,7,-5,5,-1,-1,6,-2,13,-4,18,-2,22,2,27,3,30,5,31,7,32,7,32,8,29,8,27,6,23,3,19,0,15,-5,12,-8,8,-13,6,-18,3,-23,1,-27,0,0,0,0,0,0,0,0,0,0,0,0,0,0,0,0,0,0,0,0,0,0,0,-3,-3,-2,-7,-1,-11,-1,-15,0,-20,-2,-23,-2,-27,-4,-29,-5,-30,-7,-31,-7,-30,-8,-28,-7,-26,-6,-23,-3,-18,1,-13,5,-8,11,-6,14,-5,20,-2,25,-4,29,-5,33,-3,35,-9,37,-10,35,-12
CSI:-92,64,10,0,29,-7,23,-6,14,-4,11,-2,5,3,1,6,-4,15,-5,20,-6,24,-4,29,-4,33,-3,31,-2,37,1,36,2,35,1,33,1,25,1,23,-3,17,-7,12,-11,8,-15,5,-20,2,-26,-1,-29,-4,0,0,0,0,0,0,0,0,0,0,0,0,0,0,0,0,0,0,0,0,0,0,-2,-5,2,-8,4,-12,5,-15,7,-21,9,-25,8,-28,8,-32,8,-34,5,-36,5,-34,4,-33,3,-30,2,-26,2,-20,6,-13,8,-8,12,-3,16,0,22,5,27,6,34,6,37,6,40,3,42,1,39,-1
CSI:-45,49,29,0,-24,-20,-17,-19,-14,-15,-7,-7,-1,-7,7,-5,12,-6,17,-6,23,-11,26,-14,29,-18,28,-21,28,-23,27,-24,25,-25,23,-23,20,-19,19,-16,16,-12,14,-5,14,1,14,7,14,12,16,16,15,21,0,0,0,0,0,0,0,0,0,0,0,0,0,0,0,0,0,0,0,0,0,0,-2,3,-6,4,-11,1,-15,2,-20,3,-25,3,-28,5,-31,8,-32,10,-33,12,-33,11,-31,12,-28,12,-25,9,-20,6,-16,4,-12,-3,-10,-10,-10,-15,-10,-20,-12,-24,-13,-30,-16,-32,-20,-34,-23,-33,-23,-33
CSI:-92,65,26,0,18,-20,15,-18,10,-13,6,-8,4,-1,4,4,6,10,7,14,9,19,13,22,16,23,20,23,22,24,23,23,21,22,22,19,18,16,13,15,9,12,5,12,-1,12,-4,13,-9,14,-14,14,-17,16,0,0,0,0,0,0,0,0,0,0,0,0,0,0,0,0,0,0,0,0,0,0,-4,-2,-3,-6,-3,-10,-3,-14,-2,-17,-4,-21,-7,-24,-7,-27,-10,-29,-12,-30,-11,-29,-11,-27,-11,-25,-8,-21,-7,-19,-4,-14,1,-12,7,-10,11,-9,17,-10,22,-12,24,-12,27,-17,30,-17,29,-20,26,-22
CSI:-104,-128,9,0,23,-19,18,-13,15,-12,9,-7,7,-2,5,7,7,10,6,17,8,19,13,22,16,25,19,23,20,22,21,22,20,20,20,18,17,15,13,14,9,13,4,12,0,12,-5,13,-9,15,-14,17,-16,17,0,0,0,0,0,0,0,0,0,0,0,0,0,0,0,0,0,0,0,0,0,0,-4,-1,-1,-5,1,-8,3,-12,5,-16,5,-19,6,-24,5,-28,4,-29,3,-31,4,-30,2,-29,2,-27,2,-24,4,-19,5,-14,7,-11,12,-7,17,-6,22,-4,27,-5,30,-6,35,-9,33,-11,34,-13,34,-16
CSI:-87,-111,26,0,-4,-31,-4,-27,-3,-19,1,-14,4,-7,8,-3,16,1,19,1,25,0,29,-1,32,-4,36,-5,36,-8,34,-10,32,-11,29,-10,25,-8,20,-7,18,-2,15,1,11,6,11,12,9,17,9,21,8,26,0,0,0,0,0,0,0,0,0,0,0,0,0,0,0,0,0,0,0,0,0,0,-3,2,-5,-2,-7,-7,-10,-10,-14,-15,-17,-17,-21,-19,-24,-20,-26,-20,-28,-21,-29,-19,-27,-18,-25,-17,-21,-16,-17,-13,-12,-13,-6,-14,-1,-16,3,-21,7,-24,8,-29,9,-34,10,-38,7,-41,5,-42,2,-43
CSI:-119,-112,8,0,28,-15,23,-14,18,-6,12,-3,7,2,5,7,4,15,3,20,5,24,6,27,12,31,13,31,16,31,17,28,18,27,18,25,13,22,11,19,7,15,-1,14,-5,12,-11,13,-15,13,-21,13,-24,13,0,0,0,0,0,0,0,0,0,0,0,0,0,0,0,0,0,0,0,0,0,0,-5,-2,-2,-5,2,-9,5,-13,7,-18,8,-21,9,-26,9,-30,9,-32,8,-34,8,-32,6,-31,6,-29,5,-26,7,-22,8,-15,11,-10,15,-7,20,-5,24,-1,30,-1,37,-4,41,-2,41,-9,41,-12,41,-14
CSI:87,113,21,0,-29,16,-22,16,-15,9,-15,4,-8,-2,-8,-6,-7,-13,-7,-19,-12,-20,-15,-26,-19,-27,-23,-26,-24,-27,-25,-24,-26,-22,-25,-19,-20,-17,-16,-14,-12,-14,-6,-14,-1,-15,3,-17,7,-20,12,-19,15,-24,0,0,0,0,0,0,0,0,0,0,0,0,0,0,0,0,0,0,0,0,0,0,4,1,-1,4,-4,7,-7,12,-8,16,-11,21,-11,24,-11,29,-10,32,-9,32,-8,32,-7,31,-5,28,-6,25,-7,21,-8,14,-11,9,-17,7,-20,5,-25,3,-32,4,-36,4,-35,8,-43,13,-39,14,-39,15
CSI:98,32,6,0,-28,13,-22,11,-16,9,-10,6,-7,1,-4,-3,-4,-10,-3,-14,-2,-19,-2,-23,-7,-27,-9,-27,-11,-31,-12,-30,-12,-31,-12,-30,-11,-26,-8,-23,-4,-20,-2,-18,4,-14,9,-14,14,-12,18,-10,22,-10,0,0,0,0,0,0,0,0,0,0,0,0,0,0,0,0,0,0,0,0,0,0,2,-1,0,2,-4,7,-4,11,-5,15,-5,20,-5,24,-4,28,-3,30,-1,32,-1,31,0,30,2,28,1,23,-1,18,-4,12,-6,8,-10,5,-16,1,-21,0,-27,-1,-31,-1,-34,2,-39,4,-38,7,-38,9
CSI:-31,19,62,0,20,27,18,22,16,15,6,9,3,6,-3,5,-10,2,-16,3,-19,5,-26,7,-27,12,-31,15,-30,17,-30,18,-30,20,-28,18,-26,17,-25,12,-21,9,-19,3,-18,-3,-17,-8,-16,-14,-16,-19,-14,-23,0,0,0,0,0,0,0,0,0,0,0,0,0,0,0,0,0,0,0,0,0,0,-1,-2,4,-3,10,-1,14,0,18,-2,23,-3,27,-3,31,-6,33,-9,33,-11,34,-11,33,-12,29,-11,25,-10,21,-6,15,-2,11,3,8,9,6,15,6,21,5,27,7,33,11,36,16,37,19,38,20,41
CSI:-101,-79,25,0,-30,0,-26,0,-19,1,-14,-1,-7,-3,-2,-4,1,-9,4,-14,7,-17,6,-22,3,-26,3,-30,2,-31,2,-32,1,-33,-1,-30,0,-27,1,-23,3,-20,7,-16,9,-11,13,-10,16,-7,21,-3,24,-1,0,0,0,0,0,0,0,0,0,0,0,0,0,0,0,0,0,0,0,0,0,0,1,1,-3,3,-7,5,-10,9,-12,12,-15,15,-17,19,-18,22,-18,24,-17,27,-15,27,-15,27,-12,24,-11,20,-10,17,-9,10,-10,4,-12,-1,-15,-6,-19,-10,-22,-13,-28,-14,-31,-14,-35,-12,-39,-12,-39,-11
CSI:-119,-112,8,0,25,23,23,17,17,13,10,8,5,5,0,6,-9,3,-15,4,-19,9,-24,12,-24,16,-27,20,-28,22,-29,23,-27,24,-24,22,-24,20,-22,15,-21,12,-19,6,-18,1,-19,-6,-19,-11,-19,-17,-19,-22,0,0,0,0,0,0,0,0,0,0,0,0,0,0,0,0,0,0,0,0,0,0,-2,-3,4,-2,9,-2,13,-4,19,-5,23,-6,26,-8,30,-12,32,-13,32,-17,31,-18,28,-17,26,-16,22,-15,19,-11,14,-6,12,0,9,7,9,14,8,20,12,26,14,31,16,33,22,35,23,36,26,35
CSI:-51,-48,12,0,-34,-7,-28,-6,-22,-5,-17,-3,-8,-4,-1,-9,5,-13,6,-15,10,-20,11,-24,9,-29,9,-33,9,-35,10,-36,8,-34,7,-33,6,-29,6,-25,8,-20,10,-15,12,-9,15,-6,18,-1,23,3,25,7,0,0,0,0,0,0,0,0,0,0,0,0,0,0,0,0,0,0,0,0,0,0,1,0,-3,3,-8,6,-12,9,-14,12,-19,16,-20,20,-21,25,-21,28,-20,30,-19,31,-17,29,-14,26,-12,23,-11,17,-10,11,-11,5,-11,-2,-15,-7,-18,-12,-22,-17,-29,-19,-32,-19,-36,-20,-37,-19,-41,-17
CSI:-81,-15,26,0,5,28,4,23,2,17,3,14,-2,10,-6,2,-9,0,-14,-1,-21,-2,-24,-1,-28,2,-32,3,-31,5,-30,5,-31,7,-29,7,-26,7,-23,4,-20,1,-16,-3,-14,-7,-12,-12,-10,-14,-8,-21,-6,-23,0,0,0,0,0,0,0,0,0,0,0,0,0,0,0,0,0,0,0,0,0,0,0,-1,3,1,5,4,9,6,13,9,18,11,21,10,25,10,27,10,29,9,29,9,28,6,25,5,22,4,17,4,11,4,6,6,2,9,-3,13,-5,18,-8,23,-8,28,-8,33,-4,34,-3,36,-4,39
CSI:-101,-79,25,0,-27,19,-22,17,-17,12,-12,9,-8,1,-9,-4,-6,-12,-3,-19,-6,-21,-10,-24,-14,-29,-16,-31,-19,-32,-19,-30,-18,-30,-16,-28,-17,-27,-11,-23,-9,-20,-2,-17,2,-16,8,-15,13,-15,19,-15,23,-12,0,0,0,0,0,0,0,0,0,0,0,0,0,0,0,0,0,0,0,0,0,0,1,-1,-1,2,-1,8,0,12,1,19,2,23,5,27,7,30,8,32,12,33,13,32,13,31,12,28,10,23,7,19,2,14,-3,10,-9,7,-13,6,-21,4,-27,6,-32,8,-36,10,-40,15,-39,17,-36,19
CSI:-53,-79,28,0,-22,-20,-19,-15,-14,-13,-7,-9,-3,-7,1,-6,7,-8,12,-9,16,-13,19,-14,19,-19,21,-22,20,-23,21,-25,20,-25,18,-24,16,-20,14,-18,14,-13,14,-8,14,-5,14,1,17,6,17,11,17,14,0,0,0,0,0,0,0,0,0,0,0,0,0,0,0,0,0,0,0,0,0,0,-1,1,-4,1,-8,-1,-13,-1,-16,0,-21,1,-24,4,-27,5,-29,8,-29,10,-29,11,-27,11,-24,11,-20,9,-17,6,-13,3,-10,-2,-8,-7,-8,-13,-7,-17,-10,-23,-13,-28,-13,-33,-16,-30,-21,-31,-21,-28
CSI:73,-111,20,0,29,-16,25,-13,16,-11,11,-7,8,-1,6,3,4,9,3,16,6,22,7,23,11,27,13,31,15,30,16,29,16,28,16,25,13,22,10,19,6,17,0,15,-4,14,-10,15,-15,14,-19,12,-23,14,0,0,0,0,0,0,0,0,0,0,0,0,0,0,0,0,0,0,0,0,0,0,-2,0,1,-3,3,-8,6,-12,7,-16,9,-22,8,-24,7,-30,7,-33,4,-35,4,-35,2,-33,1,-31,0,-26,2,-22,2,-16,7,-11,11,-7,15,-4,20,0,24,-1,31,-2,34,0,37,-1,39,-9,39,-8
CSI:-80,1,27,0,10,28,9,21,5,15,5,13,0,8,-6,2,-13,0,-17,-4,-20,-2,-24,-1,-28,0,-30,2,-31,3,-31,5,-30,5,-28,4,-25,3,-20,1,-18,-3,-13,-7,-10,-10,-7,-14,-7,-19,-3,-22,-1,-25,0,0,0,0,0,0,0,0,0,0,0,0,0,0,0,0,0,0,0,0,0,0,0,-2,3,0,7,1,11,3,15,4,19,4,24,4,27,3,30,3,30,1,30,1,30,0,25,-1,22,-1,18,0,12,4,8,6,5,10,0,15,-1,21,-6,27,-3,29,-4,36,2,37,2,39,7,40
CSI:-117,-79,24,0,5,-27,8,-23,2,-19,3,-12,5,-8,3,-1,9,2,11,8,17,10,21,11,24,11,27,10,31,9,32,8,30,6,29,7,26,6,22,5,18,7,14,9,9,12,7,16,3,18,-1,21,-3,25,0,0,0,0,0,0,0,0,0,0,0,0,0,0,0,0,0,0,0,0,0,0,-2,0,-2,-3,-2,-8,-4,-12,-6,-17,-9,-20,-12,-22,-13,-25,-19,-26,-21,-26,-21,-25,-22,-23,-21,-20,-19,-18,-14,-14,-10,-12,-6,-10,0,-9,5,-11,11,-13,15,-18,18,-22,17,-24,20,-28,18,-30,20,-31
CSI:-119,-112,8,0,-26,15,-21,10,-17,9,-12,6,-10,2,-4,-5,-1,-8,-3,-14,-2,-19,-5,-24,-8,-27,-10,-29,-11,-30,-12,-31,-12,-31,-12,-28,-10,-26,-7,-24,-4,-20,1,-18,5,-16,9,-15,15,-13,19,-11,22,-10,0,0,0,0,0,0,0,0,0,0,0,0,0,0,0,0,0,0,0,0,0,0,1,-1,-1,3,-3,6,-4,10,-4,15,-4,20,-5,24,-4,27,-3,30,0,31,1,31,2,30,3,28,2,24,2,19,-1,14,-4,9,-8,7,-11,4,-17,2,-24,1,-26,2,-32,2,-36,7,-36,7,-34,11
CSI:-120,-128,8,0,22,-20,14,-17,11,-14,9,-12,6,-5,5,2,4,7,5,12,7,15,10,20,13,24,16,25,18,26,19,25,19,25,19,22,17,21,13,19,9,18,4,16,-1,16,-6,16,-9,16,-14,17,-19,17,0,0,0,0,0,0,0,0,0,0,0,0,0,0,0,0,0,0,0,0,0,0,-3,0,-1,-3,0,-8,-1,-12,1,-17,0,-21,-2,-24,-3,-28,-5,-30,-8,-32,-9,-30,-10,-30,-10,-27,-10,-24,-7,-19,-4,-15,-1,-11,4,-8,10,-8,14,-7,20,-7,24,-8,29,-13,33,-14,32,-13,31,-19
CSI:-51,-48,12,0,-6,28,-3,22,-2,18,1,14,-2,5,-6,2,-9,-4,-12,-7,-19,-7,-22,-8,-27,-8,-29,-7,-33,-6,-33,-4,-32,-3,-31,-3,-28,-3,-25,-6,-20,-7,-16,-9,-12,-12,-9,-16,-6,-19,-3,-23,-1,-26,0,0,0,0,0,0,0,0,0,0,0,0,0,0,0,0,0,0,0,0,0,0,0,-2,2,2,3,5,6,10,9,14,12,17,16,18,18,19,22,20,24,20,25,18,25,17,24,15,20,12,17,11,11,8,6,8,2,8,-4,12,-10,14,-12,17,-16,21,-15,26,-16,30,-15,34,-13,34
CSI:-81,-15,26,0,-30,12,-22,10,-18,8,-13,6,-7,-4,-6,-5,-3,-12,-4,-16,-4,-21,-6,-25,-8,-26,-10,-30,-13,-32,-14,-31,-14,-29,-15,-27,-11,-24,-8,-20,-5,-19,0,-16,4,-13,8,-13,13,-12,17,-12,22,-11,0,0,0,0,0,0,0,0,0,0,0,0,0,0,0,0,0,0,0,0,0,0,2,-2,-1,2,-4,5,-5,10,-8,14,-8,19,-7,23,-6,27,-5,31,-2,32,-2,32,-1,31,0,30,0,26,-1,21,-3,15,-5,11,-10,8,-15,5,-20,2,-24,-1,-29,2,-32,2,-36,3,-38,8,-34,8
CSI:4,65,16,0,-28,-11,-22,-7,-18,-7,-11,-8,-5,-6,-1,-7,5,-9,8,-12,12,-18,13,-22,13,-25,12,-29,10,-30,10,-30,10,-30,7,-29,7,-25,8,-21,8,-16,10,-12,12,-8,14,-4,18,-1,21,3,22,6,0,0,0,0,0,0,0,0,0,0,0,0,0,0,0,0,0,0,0,0,0,0,1,1,-4,1,-7,1,-11,2,-16,4,-20,7,-22,10,-26,13,-27,16,-26,19,-26,20,-25,20,-22,19,-20,17,-16,13,-15,9,-13,3,-11,-3,-12,-7,-13,-13,-17,-17,-19,-20,-24,-23,-28,-24,-30,-24,-31,-21
CSI:-114,-32,8,0,-1,29,-1,22,1,20,-3,12,-3,6,-8,2,-10,-2,-15,-3,-21,-6,-25,-4,-27,-5,-32,-2,-32,0,-32,1,-32,1,-30,1,-27,1,-24,-1,-20,-3,-16,-7,-12,-9,-9,-15,-6,-18,-3,-21,-2,-24,0,0,0,0,0,0,0,0,0,0,0,0,0,0,0,0,0,0,0,0,0,0,1,-3,1,1,4,4,7,8,10,12,14,15,18,16,20,17,24,17,28,18,28,17,27,16,25,13,22,11,18,11,13,8,7,9,3,11,-3,13,-7,17,-11,21,-13,25,-13,30,-12,33,-11,36,-8,35
CSI:-60,64,12,0,36,-4,27,-7,20,-6,13,-4,7,1,4,8,-1,11,-1,17,-3,23,-2,27,1,32,4,34,6,35,7,35,6,35,8,32,6,29,2,25,1,21,-4,18,-8,14,-13,11,-18,9,-23,8,-27,7,0,0,0,0,0,0,0,0,0,0,0,0,0,0,0,0,0,0,0,0,0,0,-3,-1,1,-3,5,-6,9,-10,11,-14,13,-20,14,-24,16,-29,14,-30,14,-36,12,-35,10,-34,9,-32,8,-29,7,-22,7,-18,8,-10,12,-5,15,-2,20,4,26,4,32,6,35,9,39,7,40,3,41,1
CSI:-105,113,25,0,-17,24,-12,19,-8,14,-7,9,-7,3,-8,-2,-8,-9,-7,-13,-13,-17,-17,-19,-21,-19,-24,-21,-27,-21,-26,-20,-27,-19,-26,-16,-21,-18,-20,-13,-14,-15,-9,-15,-2,-15,0,-18,6,-20,9,-21,13,-22,0,0,0,0,0,0,0,0,0,0,0,0,0,0,0,0,0,0,0,0,0,0,1,-3,0,4,-1,8,1,13,2,17,4,19,5,24,9,26,12,28,14,29,14,28,15,27,15,24,13,21,10,17,7,13,1,11,-5,10,-8,9,-15,10,-20,12,-23,14,-27,18,-27,20,-27,24,-26,26
CSI:98,32,6,0,20,-23,15,-21,8,-13,11,-8,4,-4,3,4,6,10,4,14,10,22,11,23,16,26,18,28,21,28,21,27,21,27,21,24,19,23,14,19,9,18,4,16,-2,13,-6,14,-13,16,-19,15,-23,16,0,0,0,0,0,0,0,0,0,0,0,0,0,0,0,0,0,0,0,0,0,0,-1,-1,-1,-4,-1,-10,-3,-14,-5,-19,-9,-22,-11,-25,-14,-29,-17,-30,-20,-31,-20,-30,-20,-28,-19,-25,-17,-22,-13,-18,-9,-15,-3,-12,4,-11,10,-11,15,-11,20,-13,24,-17,27,-17,33,-21,32,-26,27,-24
CSI:-44,64,13,0,-1,26,-1,22,1,15,0,9,-4,3,-6,-1,-10,-5,-16,-9,-18,-9,-22,-10,-27,-10,-30,-8,-31,-7,-31,-4,-31,-6,-29,-4,-25,-5,-22,-5,-18,-6,-14,-7,-10,-15,-6,-16,-2,-18,1,-21,5,-24,0,0,0,0,0,0,0,0,0,0,0,0,0,0,0,0,0,0,0,0,0,0,0,-1,2,3,4,5,8,9,10,12,15,13,19,14,22,15,25,15,28,13,28,12,27,11,25,10,22,7,18,7,11,5,7,7,2,8,-3,12,-7,14,-11,19,-10,22,-14,29,-11,33,-11,33,-11,33
CSI:-84,-63,26,0,-24,-12,-22,-8,-14,-7,-11,-3,-3,-4,1,-5,9,-7,12,-10,14,-14,17,-17,17,-21,19,-24,18,-27,18,-25,17,-26,15,-23,14,-22,14,-18,13,-12,12,-8,13,-4,13,1,17,6,17,10,20,14,0,0,0,0,0,0,0,0,0,0,0,0,0,0,0,0,0,0,0,0,0,0,0,-1,-4,1,-8,2,-12,4,-15,7,-18,10,-20,13,-23,16,-22,19,-22,21,-22,22,-21,22,-18,21,-15,19,-13,15,-12,10,-11,4,-9,-2,-11,-7,-13,-11,-15,-16,-19,-19,-23,-22,-25,-22,-27,-21,-29,-21
CSI:-104,-127,25,0,-20,-22,-15,-17,-12,-16,-8,-11,-1,-8,5,-7,12,-5,17,-6,20,-10,24,-12,25,-16,26,-18,26,-20,25,-21,22,-22,21,-19,18,-17,17,-12,15,-8,14,-5,12,1,13,6,14,11,15,14,16,17,0,0,0,0,0,0,0,0,0,0,0,0,0,0,0,0,0,0,0,0,0,0,-1,3,-6,0,-10,-2,-14,-4,-18,-5,-22,-4,-26,-4,-29,-2,-31,-1,-32,2,-32,2,-31,3,-28,3,-24,2,-20,1,-15,-2,-12,-5,-10,-9,-8,-15,-6,-19,-8,-23,-10,-28,-11,-31,-13,-32,-16,-34,-17,-32
CSI:-63,16,12,0,23,-17,19,-14,14,-11,9,-7,6,-2,5,5,6,12,5,15,8,20,10,24,13,26,17,27,17,25,19,25,20,22,17,19,16,18,11,16,8,14,2,13,-2,12,-7,14,-11,14,-16,15,-18,16,0,0,0,0,0,0,0,0,0,0,0,0,0,0,0,0,0,0,0,0,0,0,-3,-3,1,-6,2,-11,6,-14,6,-16,7,-21,5,-25,4,-28,3,-31,1,-32,1,-31,0,-30,-1,-28,-1,-25,1,-21,2,-16,5,-11,9,-9,14,-7,18,-5,23,-5,28,-6,30,-8,32,-12,34,-13,33,-16
CSI:-108,64,9,0,-27,11,-22,9,-16,5,-11,2,-8,-3,-4,-6,-2,-12,-1,-17,-1,-22,-5,-26,-8,-29,-9,-31,-13,-32,-13,-31,-12,-29,-12,-26,-10,-23,-7,-19,-4,-18,1,-14,6,-12,9,-11,14,-11,18,-11,23,-10,0,0,0,0,0,0,0,0,0,0,0,0,0,0,0,0,0,0,0,0,0,0,1,2,-2,5,-5,8,-8,11,-10,14,-11,19,-11,23,-11,26,-11,28,-9,31,-8,30,-7,28,-5,27,-4,23,-5,18,-7,12,-9,8,-11,5,-15,2,-19,0,-26,-2,-31,0,-34,1,-34,2,-37,6,-34,7
CSI:79,-13,52,0,6,-29,4,-24,3,-17,5,-12,5,-6,7,0,10,4,16,8,19,10,25,10,29,8,30,7,31,4,31,4,30,2,28,2,23,3,19,3,15,4,11,7,7,9,4,14,2,18,0,21,-3,23,0,0,0,0,0,0,0,0,0,0,0,0,0,0,0,0,0,0,0,0,0,0,-4,0,-4,-4,-5,-8,-5,-13,-7,-17,-9,-20,-12,-23,-16,-25,-18,-25,-20,-26,-21,-25,-22,-22,-19,-20,-17,-18,-13,-15,-8,-12,-5,-13,2,-13,6,-14,10,-16,13,-21,17,-23,16,-27,16,-31,14,-34,14,-34
CSI:-80,1,27,0,-16,26,-12,20,-6,15,-6,8,-6,2,-10,-4,-12,-10,-16,-13,-22,-16,-24,-17,-28,-19,-33,-16,-35,-15,-35,-16,-33,-12,-32,-11,-27,-8,-22,-9,-17,-9,-12,-11,-7,-13,-4,-18,2,-19,6,-23,11,-25,0,0,0,0,0,0,0,0,0,0,0,0,0,0,0,0,0,0,0,0,0,0,4,-3,4,5,4,8,5,13,9,17,12,21,14,24,17,26,20,27,23,27,22,27,21,26,20,22,19,19,13,15,8,13,2,11,-4,12,-11,12,-18,13,-21,19,-24,21,-25,27,-29,31,-25,30,-23,32
CSI:27,-79,17,0,-17,-21,-15,-17,-9,-12,-8,-9,0,-7,7,-6,10,-4,15,-8,19,-11,23,-13,22,-17,25,-20,23,-22,22,-23,21,-22,19,-21,17,-19,15,-16,14,-11,13,-6,12,-1,13,4,14,8,14,12,17,15,0,0,0,0,0,0,0,0,0,0,0,0,0,0,0,0,0,0,0,0,0,0,-1,4,-6,1,-10,0,-14,0,-18,0,-22,1,-25,2,-29,4,-31,6,-31,8,-31,7,-29,8,-25,7,-23,6,-19,4,-14,1,-11,-4,-8,-9,-6,-14,-5,-19,-7,-24,-10,-28,-10,-30,-14,-31,-17,-34,-16,-29
CSI:-106,96,9,0,-23,17,-17,15,-14,9,-8,3,-5,-1,-5,-7,-3,-13,-5,-18,-6,-22,-9,-28,-13,-32,-15,-28,-17,-32,-19,-31,-17,-28,-17,-27,-16,-23,-11,-20,-6,-18,-1,-14,3,-12,8,-12,15,-11,20,-11,24,-9,0,0,0,0,0,0,0,0,0,0,0,0,0,0,0,0,0,0,0,0,0,0,2,1,2,4,2,9,2,14,4,18,5,22,7,25,10,29,11,31,13,32,12,31,12,29,13,25,11,22,6,17,2,13,-3,9,-8,7,-15,7,-19,6,-25,8,-29,8,-32,11,-36,14,-36,16,-33,18
CSI:95,-14,37,0,-9,-25,-6,-18,-6,-16,-1,-8,2,-7,6,-2,13,0,15,1,22,1,27,-1,28,-4,31,-6,32,-8,30,-11,29,-10,26,-9,23,-9,21,-6,16,-3,14,1,11,6,9,10,8,15,5,20,6,23,0,0,0,0,0,0,0,0,0,0,0,0,0,0,0,0,0,0,0,0,0,0,-2,3,-6,0,-9,-2,-14,-5,-17,-6,-21,-8,-25,-7,-28,-7,-30,-6,-31,-5,-32,-4,-29,-4,-27,-2,-24,-3,-19,-4,-14,-5,-7,-7,-5,-10,-1,-15,1,-19,3,-25,3,-29,2,-32,-1,-35,-3,-36,-4,-35
CSI:-87,-112,10,0,-17,-26,-20,-20,-14,-17,-9,-16,-5,-9,2,-10,7,-8,13,-10,17,-11,19,-15,22,-18,21,-20,24,-22,22,-25,21,-23,18,-22,18,-20,16,-15,15,-11,14,-6,15,-3,16,2,17,7,17,11,19,15,0,0,0,0,0,0,0,0,0,0,0,0,0,0,0,0,0,0,0,0,0,0,1,2,-4,0,-7,-2,-11,-4,-15,-6,-20,-6,-24,-5,-27,-4,-30,-3,-32,0,-32,1,-31,2,-29,3,-25,3,-21,2,-17,-1,-12,-4,-9,-7,-7,-13,-6,-16,-5,-23,-7,-27,-10,-33,-13,-35,-15,-36,-18,-33
CSI:-10,101,95,0,-32,12,-28,11,-21,9,-17,5,-14,1,-7,-6,-4,-12,-5,-17,-6,-23,-5,-23,-11,-29,-12,-34,-18,-32,-15,-31,-15,-33,-14,-28,-14,-27,-9,-23,-7,-21,-3,-17,3,-15,9,-16,13,-15,19,-15,21,-14,0,0,0,0,0,0,0,0,0,0,0,0,0,0,0,0,0,0,0,0,0,0,3,-2,-1,1,-4,5,-7,9,-9,13,-12,18,-11,23,-11,28,-9,31,-8,33,-8,34,-5,33,-3,31,-2,28,-1,24,-5,16,-6,10,-9,6,-12,3,-20,1,-25,0,-29,-2,-35,-1,-38,3,-40,5,-43,6
CSI:-65,-15,27,0,-30,-8,-26,-8,-19,-3,-15,-5,-9,-5,-5,-9,2,-13,5,-17,5,-19,6,-23,7,-28,6,-32,6,-31,2,-31,0,-32,0,-31,1,-27,2,-21,5,-19,8,-15,11,-12,14,-7,17,-5,21,-2,24,-1,0,0,0,0,0,0,0,0,0,0,0,0,0,0,0,0,0,0,0,0,0,0,2,2,-1,0,-6,0,-11,4,-14,5,-19,7,-22,10,-24,13,-25,17,-25,20,-25,20,-23,21,-20,21,-17,18,-15,14,-13,10,-12,5,-11,0,-13,-5,-15,-10,-18,-15,-22,-18,-27,-19,-32,-20,-33,-18,-35,-17
CSI:23,113,17,0,-12,-28,-11,-26,-8,-19,-5,-15,-2,-10,3,-6,11,-5,14,-4,18,-5,21,-6,26,-8,27,-11,29,-11,28,-12,28,-12,25,-12,23,-11,19,-8,18,-5,15,1,12,3,11,8,11,12,10,17,8,21,0,0,0,0,0,0,0,0,0,0,0,0,0,0,0,0,0,0,0,0,0,0,0,2,-2,-1,-5,-5,-9,-6,-13,-9,-18,-10,-22,-10,-26,-9,-28,-8,-30,-6,-31,-4,-31,-4,-28,-3,-24,-1,-21,-2,-15,-2,-10,-4,-8,-9,-1,-12,-1,-17,1,-21,1,-28,-1,-31,-2,-34,-3,-36,-7,-37
CSI:98,32,6,0,24,16,18,10,14,8,10,6,1,6,-3,4,-9,5,-15,10,-18,12,-21,16,-19,20,-20,25,-20,25,-20,27,-18,27,-15,25,-16,22,-14,18,-13,13,-13,8,-14,4,-15,0,-18,-4,-19,-9,-20,-13,0,0,0,0,0,0,0,0,0,0,0,0,0,0,0,0,0,0,0,0,0,0,-2,-5,2,-6,6,-5,12,-6,15,-8,20,-9,23,-11,26,-14,29,-16,27,-18,28,-17,26,-17,22,-17,20,-15,16,-12,14,-6,10,-2,9,4,8,10,9,15,10,18,14,24,16,26,22,29,24,27,25,25
CSI:-35,-47,29,0,-8,-29,-6,-24,-10,-17,-2,-11,1,-7,7,-4,11,-1,18,1,21,0,24,-2,28,-4,29,-5,31,-8,30,-9,30,-10,27,-10,24,-9,21,-6,18,-4,15,1,12,4,12,9,9,13,9,18,8,21,0,0,0,0,0,0,0,0,0,0,0,0,0,0,0,0,0,0,0,0,0,0,-2,5,-6,1,-9,-2,-13,-4,-18,-5,-21,-7,-25,-7,-30,-7,-32,-6,-34,-5,-33,-4,-32,-3,-28,-2,-24,-2,-19,-2,-15,-4,-10,-5,-6,-9,-1,-14,2,-18,4,-21,4,-27,4,-30,-3,-35,-2,-38,-3,-37
CSI:-101,-79,25,0,26,9,20,8,17,6,10,6,2,3,-2,6,-6,8,-11,12,-15,16,-16,20,-12,25,-16,25,-16,26,-14,29,-13,29,-12,28,-10,22,-10,21,-9,16,-12,11,-13,8,-15,2,-17,-1,-20,-5,-22,-8,0,0,0,0,0,0,0,0,0,0,0,0,0,0,0,0,0,0,0,0,0,0,-3,-6,2,-4,5,-7,10,-8,15,-11,18,-14,20,-16,23,-18,24,-20,24,-22,23,-24,21,-23,19,-22,16,-19,13,-14,11,-10,9,-3,9,2,9,7,12,12,15,17,19,20,23,22,27,21,29,22,30,20
CSI:-77,49,27,0,32,3,22,0,19,2,12,1,6,3,1,5,-2,11,-7,14,-9,20,-8,23,-7,28,-6,32,-5,32,-4,34,-3,33,-1,31,-2,25,-4,24,-5,19,-9,15,-11,11,-14,8,-17,5,-21,2,-25,0,0,0,0,0,0,0,0,0,0,0,0,0,0,0,0,0,0,0,0,0,0,0,-4,-3,0,-4,3,-6,8,-8,11,-13,15,-15,17,-19,18,-22,18,-25,18,-28,17,-27,15,-27,13,-25,11,-21,8,-17,8,-13,7,-6,9,-1,11,4,14,10,18,12,23,15,28,15,32,16,36,13,33,11
CSI:-92,64,10,0,-27,-13,-23,-10,-17,-8,-11,-6,-5,-5,-1,-8,5,-8,11,-12,15,-17,15,-19,14,-22,16,-25,12,-29,15,-31,13,-31,12,-29,13,-26,10,-23,10,-17,11,-13,12,-8,16,-3,18,1,20,5,21,8,0,0,0,0,0,0,0,0,0,0,0,0,0,0,0,0,0,0,0,0,0,0,2,2,-1,3,-6,3,-11,4,-15,5,-19,7,-22,9,-25,13,-26,15,-26,17,-26,18,-25,17,-22,17,-19,15,-15,11,-13,7,-10,1,-8,-5,-10,-9,-11,-15,-14,-19,-17,-23,-20,-26,-24,-27,-28,-26,-29,-25
CSI:-116,-63,24,0,-30,16,-23,12,-17,12,-12,6,-9,-1,-5,-4,-5,-11,-3,-18,-4,-23,-6,-27,-9,-32,-11,-33,-14,-34,-15,-32,-15,-34,-14,-31,-12,-27,-10,-24,-6,-21,-1,-17,5,-15,9,-15,14,-13,17,-11,22,-10,0,0,0,0,0,0,0,0,0,0,0,0,0,0,0,0,0,0,0,0,0,0,3,-3,1,2,0,7,0,13,0,16,0,22,2,26,4,30,4,32,7,34,7,32,8,31,8,28,8,25,4,20,2,12,-3,8,-9,6,-13,3,-20,1,-25,1,-32,2,-36,5,-38,7,-40,13,-40,13
CSI:-67,-47,27,0,-11,25,-8,22,-4,18,-5,11,-5,5,-4,-1,-8,-5,-10,-11,-17,-13,-20,-15,-26,-18,-28,-17,-28,-18,-29,-15,-27,-15,-27,-15,-23,-13,-19,-12,-15,-12,-10,-12,-6,-14,-2,-15,3,-17,7,-18,11,-20,0,0,0,0,0,0,0,0,0,0,0,0,0,0,0,0,0,0,0,0,0,0,1,-5,2,0,4,3,7,7,10,10,14,13,17,15,20,16,23,18,26,17,25,15,25,14,23,12,19,12,15,9,9,7,3,6,-2,8,-8,10,-13,13,-15,15,-19,19,-20,24,-20,26,-21,30,-17,32
CSI:-83,-48,10,0,12,-25,9,-24,5,-17,6,-10,6,-4,7,0,9,6,11,12,15,14,18,16,23,17,26,16,29,16,29,15,27,15,27,14,23,12,19,10,14,11,9,10,5,12,0,14,-6,16,-10,17,-13,18,0,0,0,0,0,0,0,0,0,0,0,0,0,0,0,0,0,0,0,0,0,0,-3,0,-4,-4,-4,-8,-7,-12,-10,-15,-11,-18,-15,-20,-17,-23,-21,-23,-22,-23,-23,-22,-22,-20,-20,-18,-18,-16,-15,-13,-9,-11,-3,-9,2,-9,8,-11,12,-11,17,-16,20,-19,20,-24,24,-28,23,-27,21,-30
CSI:-91,80,10,0,-33,5,-28,7,-21,3,-13,2,-9,-2,-3,-7,1,-12,2,-19,3,-25,1,-29,1,-33,-2,-36,-4,-38,-5,-38,-6,-35,-7,-35,-5,-31,-2,-26,1,-21,5,-17,8,-13,12,-9,20,-7,22,-4,25,-2,0,0,0,0,0,0,0,0,0,0,0,0,0,0,0,0,0,0,0,0,0,0,2,1,-1,5,-5,9,-6,12,-8,17,-10,21,-10,26,-8,30,-8,33,-6,35,-6,34,-5,33,-3,30,-3,26,-3,20,-4,14,-9,8,-12,4,-15,-2,-21,-4,-27,-6,-31,-7,-37,-8,-41,-4,-44,-1,-39,-1
CSI:-104,-127,25,0,10,-28,6,-22,5,-18,1,-13,5,-4,6,0,9,5,11,9,16,12,21,14,26,14,29,13,29,13,30,12,30,10,29,10,24,8,19,9,15,9,10,10,6,11,2,13,-3,17,-7,17,-11,19,0,0,0,0,0,0,0,0,0,0,0,0,0,0,0,0,0,0,0,0,0,0,-2,0,-5,-3,-6,-8,-9,-11,-11,-13,-14,-17,-17,-18,-20,-20,-24,-20,-26,-20,-25,-19,-25,-17,-24,-15,-19,-13,-16,-11,-9,-10,-4,-9,1,-10,5,-12,10,-15,14,-18,17,-23,20,-25,18,-31,17,-31,16,-34
CSI:-101,-79,25,0,-22,20,-17,17,-13,12,-8,5,-6,2,-4,-6,-4,-12,-5,-20,-7,-21,-10,-25,-13,-27,-16,-29,-18,-28,-18,-30,-17,-27,-16,-26,-13,-23,-10,-20,-6,-17,0,-13,4,-12,10,-11,15,-10,19,-8,23,-6,0,0,0,0,0,0,0,0,0,0,0,0,0,0,0,0,0,0,0,0,0,0,1,0,3,4,3,8,5,12,7,16,10,19,12,22,16,24,17,24,21,26,19,24,19,22,18,20,14,16,11,13,5,10,-1,8,-7,7,-13,6,-19,6,-24,8,-27,10,-30,14,-31,18,-33,20,-29,20
CSI:98,32,6,0,-28,-9,-24,-5,-18,-5,-11,-3,-7,-4,0,-5,7,-8,10,-13,12,-16,15,-21,14,-25,13,-27,12,-29,12,-30,11,-29,9,-27,8,-24,9,-19,8,-14,8,-10,10,-5,12,-1,14,3,16,8,18,11,0,0,0,0,0,0,0,0,0,0,0,0,0,0,0,0,0,0,0,0,0,0,2,-1,-1,2,-5,4,-9,7,-11,10,-14,14,-15,19,-17,21,-16,24,-17,27,-16,26,-14,26,-12,24,-11,20,-10,16,-11,10,-11,4,-11,-2,-13,-7,-17,-11,-20,-14,-23,-18,-28,-17,-32,-16,-34,-17,-32,-16
CSI:-111,17,25,0,-15,-24,-16,-20,-10,-12,-8,-13,-2,-8,5,-5,8,-6,16,-5,18,-8,23,-11,24,-14,25,-17,27,-20,25,-20,24,-21,23,-20,20,-17,17,-14,16,-9,13,-5,12,0,13,4,12,9,12,14,13,18,0,0,0,0,0,0,0,0,0,0,0,0,0,0,0,0,0,0,0,0,0,0,1,2,-2,0,-7,-1,-12,-1,-16,-2,-21,-2,-24,-1,-28,2,-31,3,-31,4,-32,5,-31,5,-28,5,-25,4,-20,1,-15,-2,-12,-5,-8,-10,-7,-15,-6,-20,-6,-28,-7,-30,-11,-34,-14,-35,-15,-38,-17,-35
CSI:-119,-112,8,0,10,31,7,25,6,17,3,11,1,8,-6,2,-13,0,-17,0,-23,-2,-28,0,-31,2,-34,4,-35,5,-37,5,-34,6,-29,7,-28,5,-24,4,-19,2,-15,-3,-12,-7,-9,-12,-7,-16,-5,-22,-1,-25,0,0,0,0,0,0,0,0,0,0,0,0,0,0,0,0,0,0,0,0,0,0,-3,-2,2,0,6,1,11,3,16,5,21,4,26,4,29,3,33,3,35,1,33,0,32,0,30,-1,25,-1,21,0,15,3,9,6,6,11,1,15,-2,22,-2,26,-2,31,-1,35,2,40,1,40,4,40
CSI:-22,-95,30,0,-29,3,-24,3,-18,2,-12,1,-6,-3,-3,-6,0,-13,2,-16,3,-22,2,-26,-2,-31,-3,-29,-2,-34,-4,-34,-5,-33,-7,-30,-6,-26,-3,-21,-1,-19,3,-15,8,-11,10,-9,15,-7,18,-4,22,-3,0,0,0,0,0,0,0,0,0,0,0,0,0,0,0,0,0,0,0,0,0,0,3,-1,-1,2,-3,5,-8,8,-10,12,-11,16,-11,21,-13,25,-14,27,-12,29,-11,30,-10,28,-8,26,-7,23,-8,17,-10,12,-11,7,-11,2,-16,-2,-19,-5,-26,-7,-29,-10,-33,-8,-36,-6,-38,-5,-38,-2
CSI:-16,5,95,0,-33,9,-27,8,-21,9,-19,5,-12,1,-11,-4,-8,-9,-6,-14,-7,-18,-9,-21,-12,-24,-16,-26,-16,-26,-17,-25,-19,-25,-17,-22,-16,-19,-12,-17,-7,-16,-3,-15,2,-13,5,-14,10,-14,14,-17,17,-16,0,0,0,0,0,0,0,0,0,0,0,0,0,0,0,0,0,0,0,0,0,0,6,-3,2,0,-2,2,-6,5,-9,8,-13,14,-14,18,-16,21,-16,24,-16,28,-14,29,-13,29,-12,28,-11,24,-9,21,-10,15,-12,10,-14,5,-17,2,-21,0,-27,-3,-32,-4,-36,-4,-38,0,-42,4,-42,6
CSI:79,-13,52,0,-24,-22,-22,-20,-18,-14,-13,-13,-6,-10,-2,-9,3,-9,8,-12,12,-16,13,-19,13,-22,14,-24,13,-26,14,-27,11,-29,9,-25,10,-23,11,-17,9,-14,10,-9,12,-6,13,-2,17,2,19,6,22,7,0,0,0,0,0,0,0,0,0,0,0,0,0,0,0,0,0,0,0,0,0,0,5,3,0,1,-3,-1,-8,-2,-14,-4,-18,-4,-22,-4,-27,-3,-30,-1,-32,0,-32,1,-32,2,-30,3,-27,3,-23,1,-18,-1,-15,-5,-12,-10,-11,-14,-9,-19,-10,-24,-14,-29,-14,-32,-20,-36,-20,-35,-24,-34
CSI:-108,64,9,0,9,31,9,27,8,23,4,14,0,11,-5,9,-12,5,-16,6,-20,6,-25,7,-27,9,-29,12,-30,13,-30,16,-28,17,-25,14,-21,14,-19,9,-16,5,-15,0,-13,-4,-13,-11,-13,-15,-12,-20,-13,-23,0,0,0,0,0,0,0,0,0,0,0,0,0,0,0,0,0,0,0,0,0,0,-6,-6,-1,-2,3,1,6,5,11,8,16,9,21,11,27,10,30,10,32,9,33,9,32,8,31,7,28,7,22,6,15,7,10,10,7,12,3,17,0,22,-1,28,-2,33,-2,38,1,41,2,43,7,43
CSI:-64,0,12,0,-32,-7,-28,-3,-19,-2,-13,-4,-8,-6,-5,-9,-2,-14,0,-16,0,-22,0,-24,-3,-28,-3,-30,-6,-31,-8,-29,-9,-28,-8,-25,-7,-23,-4,-18,-2,-16,2,-13,6,-11,11,-11,15,-9,19,-8,22,-7,0,0,0,0,0,0,0,0,0,0,0,0,0,0,0,0,0,0,0,0,0,0,6,2,1,1,-3,2,-8,3,-11,4,-16,7,-20,10,-23,14,-24,15,-25,18,-25,19,-24,19,-22,17,-20,15,-17,11,-15,6,-15,2,-15,-3,-18,-8,-22,-13,-26,-14,-27,-15,-32,-18,-35,-17,-38,-16,-40,-12
CSI:-61,49,28,0,18,25,14,16,9,13,3,10,1,7,-7,4,-13,3,-17,7,-23,9,-26,10,-27,16,-28,19,-27,21,-26,24,-22,22,-21,21,-18,19,-16,14,-14,9,-13,4,-11,-2,-10,-7,-13,-11,-13,-17,-14,-20,0,0,0,0,0,0,0,0,0,0,0,0,0,0,0,0,0,0,0,0,0,0,-1,-4,2,-3,7,-1,12,-1,17,-2,21,-2,25,-4,30,-5,31,-7,32,-9,31,-9,29,-9,26,-8,22,-8,19,-4,14,0,9,6,6,11,6,17,6,23,6,29,7,32,11,36,14,35,16,37,16,34
CSI:68,66,36,0,-30,-11,-25,-8,-19,-6,-11,-4,-5,-4,-1,-4,9,-8,13,-8,17,-12,19,-14,21,-21,21,-23,20,-26,23,-27,19,-26,17,-25,16,-19,14,-16,13,-12,14,-6,11,0,12,5,13,11,14,16,13,19,0,0,0,0,0,0,0,0,0,0,0,0,0,0,0,0,0,0,0,0,0,0,0,0,-3,1,-7,5,-10,8,-15,12,-17,15,-19,19,-20,24,-21,25,-20,29,-20,27,-19,26,-17,23,-14,20,-13,16,-12,10,-12,4,-13,-2,-14,-8,-17,-15,-21,-17,-26,-22,-29,-23,-33,-24,-35,-23,-35,-21
CSI:-119,-112,8,0,-21,19,-18,16,-13,12,-8,8,-5,3,-5,-4,-3,-10,-3,-13,-6,-20,-8,-24,-10,-26,-14,-25,-16,-28,-17,-26,-18,-24,-16,-23,-15,-20,-11,-18,-6,-16,-2,-15,2,-12,7,-12,12,-11,17,-11,18,-10,0,0,0,0,0,0,0,0,0,0,0,0,0,0,0,0,0,0,0,0,0,0,2,-2,1,3,0,6,0,11,1,16,3,19,3,24,4,27,7,28,9,31,9,29,10,27,9,25,8,21,5,19,0,15,-4,10,-8,9,-14,7,-19,7,-24,9,-29,9,-31,14,-32,16,-33,18,-30,19
CSI:75,-79,20,0,-34,-8,-28,-7,-22,-6,-14,-5,-8,-8,-2,-9,2,-13,5,-18,8,-22,8,-27,5,-30,5,-32,5,-35,3,-34,3,-34,-1,-33,-1,-29,2,-23,4,-19,7,-14,8,-9,12,-7,17,-2,20,-1,24,2,0,0,0,0,0,0,0,0,0,0,0,0,0,0,0,0,0,0,0,0,0,0,3,2,-2,3,-6,3,-10,7,-14,11,-19,14,-20,19,-22,20,-23,24,-22,27,-21,26,-20,27,-18,23,-15,21,-13,17,-12,11,-12,4,-12,-3,-14,-7,-18,-13,-23,-17,-27,-20,-31,-20,-36,-19,-39,-20,-40,-17
CSI:98,32,6,0,26,-17,18,-15,13,-12,11,-7,9,-3,6,3,4,9,6,13,8,18,10,21,14,23,16,24,18,24,19,23,18,22,18,20,15,17,10,15,8,12,4,12,-1,10,-5,11,-10,11,-14,12,-17,11,0,0,0,0,0,0,0,0,0,0,0,0,0,0,0,0,0,0,0,0,0,0,-3,2,-2,-2,0,-7,1,-11,1,-16,0,-20,-1,-24,-2,-27,-5,-29,-7,-31,-7,-30,-9,-28,-8,-26,-8,-23,-5,-18,-3,-14,1,-10,7,-6,11,-5,16,-4,23,-5,27,-7,29,-8,31,-13,34,-15,31,-13
CSI:-48,0,13,0,15,23,13,20,10,14,6,10,0,8,-7,6,-10,7,-16,5,-18,6,-24,9,-27,13,-27,15,-26,15,-28,18,-24,18,-22,16,-21,15,-18,11,-16,7,-15,3,-14,-2,-13,-7,-15,-11,-15,-14,-15,-17,0,0,0,0,0,0,0,0,0,0,0,0,0,0,0,0,0,0,0,0,0,0,-2,-5,4,-2,7,1,11,2,15,2,19,3,24,2,27,1,31,0,32,-2,31,-3,30,-4,28,-5,22,-4,20,-2,15,0,11,2,7,7,5,12,5,17,5,23,4,27,7,30,10,32,13,34,14,33
CSI:-63,16,12,0,-17,-31,-15,-27,-12,-20,-7,-13,-1,-10,4,-7,10,-5,19,-3,25,-6,31,-8,34,-12,35,-17,36,-20,35,-13,35,-16,33,-15,28,-12,26,-10,20,-7,17,1,13,6,12,9,11,17,10,22,9,25,0,0,0,0,0,0,0,0,0,0,0,0,0,0,0,0,0,0,0,0,0,0,0,0,-5,0,-11,-3,-15,-3,-20,-4,-26,-2,-31,-2,-36,1,-39,2,-40,4,-40,5,-38,6,-34,7,-30,6,-25,5,-18,0,-13,-4,-10,-10,-7,-14,-3,-21,-4,-27,-5,-34,-6,-39,-10,-41,-13,-43,-16,-42
CSI:119,112,7,0,-10,-27,-9,-20,-7,-15,-2,-11,1,-5,7,-3,12,-1,17,2,21,1,25,-2,28,-2,31,-4,31,-6,31,-7,29,-7,27,-7,23,-6,19,-3,16,-1,12,2,10,7,7,10,5,15,5,20,2,22,0,0,0,0,0,0,0,0,0,0,0,0,0,0,0,0,0,0,0,0,0,0,-1,1,-5,-1,-8,-3,-12,-4,-17,-6,-21,-5,-25,-6,-29,-4,-31,-4,-32,-3,-32,-2,-31,-1,-28,-1,-25,0,-21,-1,-15,-3,-10,-6,-7,-9,-4,-14,-2,-18,-2,-24,-3,-29,-3,-32,-2,-33,-6,-37,-9,-37
CSI:-66,-32,11,0,-20,22,-18,18,-12,14,-9,8,-6,3,-6,-3,-4,-10,-3,-13,-7,-20,-11,-22,-13,-23,-15,-28,-20,-28,-19,-26,-20,-26,-18,-24,-16,-21,-13,-20,-9,-18,-4,-15,0,-15,5,-14,10,-14,15,-13,19,-13,0,0,0,0,0,0,0,0,0,0,0,0,0,0,0,0,0,0,0,0,0,0,0,-3,0,2,-1,6,1,11,3,15,4,19,6,23,8,26,11,27,13,28,14,28,14,25,14,24,11,20,9,17,3,13,-1,9,-5,8,-11,7,-17,8,-21,9,-25,12,-28,13,-30,17,-31,20,-29,21
CSI:-115,-48,8,0,-11,27,-7,22,-6,19,-3,12,-8,6,-6,0,-7,-5,-12,-11,-15,-15,-19,-16,-25,-17,-27,-17,-29,-17,-29,-15,-30,-14,-28,-15,-23,-12,-20,-13,-17,-12,-11,-12,-6,-14,-1,-16,3,-17,8,-20,11,-21,0,0,0,0,0,0,0,0,0,0,0,0,0,0,0,0,0,0,0,0,0,0,-1,-2,1,2,3,6,4,10,8,14,11,16,14,20,17,21,20,22,22,22,23,20,22,19,21,16,18,14,13,13,9,10,3,9,-2,10,-7,11,-12,13,-15,17,-21,20,-22,24,-21,26,-20,31,-19,31
CSI:-66,-32,11,0,13,-27,10,-23,7,-17,8,-14,5,-5,6,-1,7,5,11,10,15,12,17,16,23,17,26,17,29,15,29,14,29,12,28,11,24,12,20,10,16,8,11,11,7,13,2,15,-2,18,-5,20,-9,21,0,0,0,0,0,0,0,0,0,0,0,0,0,0,0,0,0,0,0,0,0,0,-2,1,-1,-4,-1,-7,-2,-12,-1,-17,-3,-20,-6,-24,-9,-27,-11,-29,-12,-30,-13,-30,-14,-28,-14,-26,-12,-23,-10,-19,-6,-14,-1,-12,4,-10,9,-11,14,-13,19,-15,23,-18,25,-19,26,-26,25,-28,25,-27
CSI:56,-127,19,0,-11,-27,-8,-23,-8,-17,-4,-11,0,-7,5,-4,9,-1,14,0,21,3,24,1,27,-1,31,-3,30,-5,31,-6,30,-5,28,-5,25,-6,21,-2,17,0,15,3,10,8,9,11,6,16,5,20,2,24,0,0,0,0,0,0,0,0,0,0,0,0,0,0,0,0,0,0,0,0,0,0,0,1,-4,-2,-7,-4,-11,-7,-16,-8,-20,-9,-24,-8,-27,-8,-30,-8,-32,-6,-32,-6,-31,-4,-28,-4,-24,-4,-19,-4,-13,-5,-10,-7,-6,-10,-1,-16,1,-18,1,-23,3,-27,1,-32,0,-36,-3,-36,-6,-38
CSI:98,32,6,0,28,-2,25,-3,21,-3,13,-1,7,1,3,6,-2,7,-6,13,-7,19,-5,21,-4,26,-4,30,-2,32,-3,29,-1,30,0,28,-2,26,-4,21,-5,17,-8,14,-11,11,-15,7,-18,5,-21,3,-25,1,0,0,0,0,0,0,0,0,0,0,0,0,0,0,0,0,0,0,0,0,0,0,-2,-1,2,-2,5,-4,7,-7,12,-10,15,-14,16,-18,17,-21,18,-23,17,-26,16,-27,14,-26,12,-25,11,-22,10,-17,9,-12,9,-6,10,-2,15,3,17,8,22,10,27,12,30,11,34,9,36,10,36,7
CSI:-101,-79,25,0,-26,15,-22,13,-16,10,-10,4,-8,2,-4,-3,-2,-8,-4,-12,-2,-19,-4,-23,-7,-26,-9,-28,-11,-30,-13,-29,-11,-28,-11,-27,-10,-23,-8,-20,-3,-17,1,-16,5,-13,9,-11,14,-10,17,-9,20,-7,0,0,0,0,0,0,0,0,0,0,0,0,0,0,0,0,0,0,0,0,0,0,1,-2,-1,1,-2,6,-3,10,-4,15,-2,19,-1,23,0,25,1,27,3,30,3,29,3,27,4,25,4,22,2,17,-1,13,-4,9,-8,6,-14,4,-18,3,-23,2,-28,4,-31,5,-34,9,-34,9,-33,11
CSI:12,-63,16,0,2,35,4,27,3,22,1,13,-1,9,-7,4,-12,0,-19,-3,-23,-4,-29,-2,-34,0,-36,1,-37,2,-37,5,-36,5,-33,5,-30,4,-25,3,-21,-3,-17,-7,-15,-10,-11,-15,-9,-19,-8,-24,-6,-27,0,0,0,0,0,0,0,0,0,0,0,0,0,0,0,0,0,0,0,0,0,0,0,-5,2,0,5,5,8,8,13,13,18,16,21,17,28,19,30,17,32,16,31,17,31,14,30,13,26,11,20,9,15,7,8,9,2,12,-3,16,-6,19,-11,23,-10,32,-12,34,-8,37,-5,41,-6,44
CSI:-69,-79,27,0,25,-12,22,-12,17,-10,9,-8,5,-3,2,4,-1,8,0,14,0,18,1,23,3,26,4,28,6,30,5,29,7,29,6,27,5,24,2,19,-1,16,-4,12,-8,9,-12,8,-17,5,-21,3,-24,2,0,0,0,0,0,0,0,0,0,0,0,0,0,0,0,0,0,0,0,0,0,0,-1,1,0,-2,1,-6,2,-11,1,-15,2,-19,0,-24,-1,-27,-4,-29,-4,-30,-4,-30,-5,-29,-6,-27,-5,-24,-3,-19,-1,-14,3,-10,8,-7,14,-4,16,-3,23,-3,29,-3,31,-4,34,-7,34,-8,35,-10
CSI:-120,-128,8,0,13,26,13,22,10,16,5,11,2,8,-6,6,-10,5,-17,4,-19,7,-24,6,-27,8,-27,12,-28,15,-29,15,-28,13,-24,14,-22,15,-20,10,-17,7,-15,1,-13,-3,-13,-8,-12,-13,-12,-17,-12,-21,0,0,0,0,0,0,0,0,0,0,0,0,0,0,0,0,0,0,0,0,0,0,-1,-2,2,-1,5,3,9,2,14,4,18,5,23,4,26,4,29,2,31,0,31,0,30,-1,27,-2,23,-1,18,0,15,1,9,5,6,9,4,13,2,19,1,23,3,28,5,32,7,35,10,36,13,37
CSI:-115,-48,8,0,16,-29,14,-25,9,-20,7,-14,9,-7,7,0,10,6,11,12,14,16,18,18,23,19,26,21,29,21,28,19,29,18,26,16,22,14,18,14,12,13,8,13,2,14,-2,14,-8,16,-12,18,-15,21,0,0,0,0,0,0,0,0,0,0,0,0,0,0,0,0,0,0,0,0,0,0,-1,3,-2,-2,-1,-7,-3,-12,-5,-16,-7,-21,-10,-24,-14,-28,-16,-29,-18,-30,-18,-30,-19,-27,-19,-25,-17,-21,-13,-19,-6,-15,-2,-13,3,-11,11,-12,16,-12,21,-16,27,-18,27,-21,29,-27,29,-31,27,-32
CSI:49,17,19,0,-19,26,-13,20,-11,14,-10,11,-9,2,-8,0,-10,-8,-11,-11,-15,-16,-18,-17,-23,-18,-26,-18,-29,-17,-28,-15,-28,-14,-26,-13,-23,-11,-20,-11,-14,-12,-9,-12,-6,-13,-2,-17,1,-17,5,-20,8,-22,0,0,0,0,0,0,0,0,0,0,0,0,0,0,0,0,0,0,0,0,0,0,2,-3,1,2,0,6,-2,11,-1,15,0,20,1,24,3,27,4,30,6,31,8,30,9,29,9,26,7,23,5,19,2,15,-1,12,-5,9,-13,10,-17,10,-24,10,-26,14,-27,16,-31,19,-29,24,-27,24
CSI:-67,-48,11,0,-26,18,-19,15,-14,10,-11,8,-9,1,-3,-4,-2,-9,-2,-15,-3,-21,-5,-25,-9,-28,-9,-31,-13,-31,-12,-30,-12,-28,-13,-27,-9,-23,-7,-21,-4,-19,3,-17,6,-13,10,-13,15,-13,20,-11,24,-10,0,0,0,0,0,0,0,0,0,0,0,0,0,0,0,0,0,0,0,0,0,0,0,-3,-2,1,-4,6,-5,11,-5,15,-4,20,-3,26,-2,29,0,31,1,34,2,33,3,31,3,30,3,26,2,21,-1,16,-5,11,-9,9,-15,7,-21,5,-25,6,-30,6,-33,7,-37,11,-38,13,-35,15
CSI:-24,-126,46,0,-30,-5,-27,-3,-20,-2,-15,-2,-10,-3,-3,-5,-1,-11,3,-14,3,-20,4,-23,3,-26,2,-27,1,-30,-1,-33,-2,-32,-3,-28,-1,-25,0,-23,2,-17,6,-15,9,-10,13,-10,17,-8,20,-5,24,-3,0,0,0,0,0,0,0,0,0,0,0,0,0,0,0,0,0,0,0,0,0,0,4,1,0,3,-4,1,-11,3,-14,6,-18,7,-23,11,-24,15,-25,17,-25,19,-25,20,-23,21,-20,20,-18,17,-17,13,-16,8,-14,4,-15,-2,-15,-7,-18,-10,-22,-13,-26,-17,-28,-17,-33,-17,-36,-16,-37,-13
CSI:-109,49,25,0,-26,-12,-23,-11,-19,-7,-15,-9,-7,-6,-2,-6,3,-10,6,-12,9,-19,11,-19,11,-26,10,-30,7,-29,8,-31,5,-30,4,-28,4,-25,5,-22,6,-17,8,-13,10,-9,13,-6,18,-3,20,1,23,2,0,0,0,0,0,0,0,0,0,0,0,0,0,0,0,0,0,0,0,0,0,0,2,3,-2,1,-6,0,-11,0,-15,0,-20,1,-23,3,-26,5,-29,8,-29,10,-30,10,-29,11,-26,11,-23,10,-19,7,-16,3,-14,-1,-11,-7,-13,-12,-13,-16,-16,-21,-18,-24,-22,-26,-27,-27,-28,-25,-29,-24
CSI:-116,-63,24,0,-30,3,-24,5,-16,1,-12,0,-8,0,-3,-6,3,-8,3,-16,4,-19,3,-24,4,-27,1,-32,0,-33,-1,-32,-3,-31,-2,-31,-2,-26,2,-21,2,-19,5,-15,9,-10,12,-7,16,-5,19,-2,23,1,0,0,0,0,0,0,0,0,0,0,0,0,0,0,0,0,0,0,0,0,0,0,2,-1,0,2,-4,4,-7,8,-9,11,-12,16,-12,20,-14,23,-13,26,-12,28,-12,28,-10,27,-8,25,-8,23,-6,17,-8,12,-8,7,-11,3,-14,-4,-18,-6,-23,-8,-28,-11,-30,-12,-36,-7,-37,-7,-34,-4
CSI:-91,80,10,0,27,1,21,0,15,0,13,-1,7,0,2,4,-2,8,-5,12,-5,17,-5,22,-2,24,-3,26,0,27,0,30,0,28,3,27,1,23,-1,21,-3,16,-6,15,-8,11,-13,9,-16,7,-19,6,-22,5,0,0,0,0,0,0,0,0,0,0,0,0,0,0,0,0,0,0,0,0,0,0,-3,-2,1,-3,4,-4,8,-5,12,-7,14,-10,18,-13,19,-17,20,-19,20,-21,20,-21,18,-21,16,-21,14,-17,12,-14,11,-11,11,-6,11,-2,13,3,16,8,19,10,24,12,26,12,29,13,33,11,34,9
CSI:-7,-112,15,0,-3,-31,-4,-25,-1,-20,-1,-13,4,-8,7,-5,11,-4,16,-1,20,-2,24,-3,28,-5,30,-8,29,-9,32,-11,29,-12,26,-11,24,-10,21,-6,19,-4,16,0,14,4,13,9,13,12,12,17,12,20,0,0,0,0,0,0,0,0,0,0,0,0,0,0,0,0,0,0,0,0,0,0,-3,4,-4,-1,-5,-5,-6,-10,-10,-14,-12,-17,-16,-19,-20,-20,-23,-21,-25,-21,-26,-21,-25,-19,-24,-17,-21,-14,-17,-14,-12,-12,-6,-11,-2,-14,3,-16,7,-18,10,-24,11,-29,11,-33,8,-36,8,-37,5,-38
CSI:-116,-64,8,0,-19,-23,-15,-21,-10,-15,-10,-11,-2,-8,4,-7,8,-6,13,-8,15,-12,18,-14,20,-18,22,-21,20,-23,19,-24,17,-24,16,-23,14,-20,13,-17,12,-13,12,-8,12,-4,14,1,17,5,18,9,20,12,0,0,0,0,0,0,0,0,0,0,0,0,0,0,0,0,0,0,0,0,0,0,1,4,-3,0,-6,-2,-11,-4,-15,-6,-20,-5,-23,-5,-28,-5,-31,-3,-31,-1,-31,-1,-30,0,-28,1,-24,1,-19,0,-16,-2,-12,-5,-8,-8,-6,-15,-6,-19,-6,-27,-8,-27,-9,-35,-11,-35,-15,-36,-15,-33
CSI:37,81,18,0,-8,-27,-9,-24,-6,-18,-4,-14,2,-6,7,-5,10,-6,17,-4,19,-5,24,-9,31,-12,29,-11,29,-16,25,-16,25,-15,24,-17,22,-15,18,-12,16,-9,14,-4,13,1,13,6,13,10,14,14,15,18,0,0,0,0,0,0,0,0,0,0,0,0,0,0,0,0,0,0,0,0,0,0,-2,5,-5,-1,-8,-4,-11,-5,-14,-9,-18,-11,-21,-12,-25,-11,-28,-12,-30,-10,-31,-10,-29,-8,-27,-7,-24,-6,-20,-6,-14,-7,-9,-9,-5,-12,0,-16,2,-21,3,-25,3,-30,2,-34,-1,-37,-3,-38,-5,-37
CSI:98,32,6,0,0,-30,-1,-24,0,-19,0,-12,5,-9,7,-2,12,-1,14,4,19,3,25,2,29,0,31,-1,32,-2,33,-4,32,-5,29,-5,25,-4,22,-2,19,-1,15,3,12,6,10,11,9,15,5,20,5,22,0,0,0,0,0,0,0,0,0,0,0,0,0,0,0,0,0,0,0,0,0,0,-3,3,-5,0,-7,-4,-9,-8,-12,-12,-15,-14,-19,-17,-23,-17,-25,-19,-28,-18,-28,-17,-28,-15,-26,-14,-22,-13,-17,-12,-13,-11,-7,-10,-2,-12,3,-15,8,-18,10,-21,11,-28,11,-29,14,-34,10,-35,5,-36
CSI:40,-127,18,0,27,-9,22,-11,17,-7,12,-5,6,0,1,2,0,9,-3,14,-4,17,-2,24,-2,28,0,29,1,32,1,33,0,31,1,28,1,26,-2,22,-3,18,-7,14,-10,11,-14,9,-18,6,-21,3,-24,0,0,0,0,0,0,0,0,0,0,0,0,0,0,0,0,0,0,0,0,0,0,0,-2,0,1,-3,2,-8,3,-13,5,-17,7,-21,6,-26,5,-30,4,-32,2,-34,0,-35,-1,-32,-2,-30,-1,-27,-1,-23,-1,-18,3,-12,8,-7,10,-3,15,0,21,2,26,2,30,0,34,0,36,-3,36,-5
CSI:-38,-96,13,0,29,-13,22,-12,14,-11,11,-8,8,-3,3,3,4,8,-1,14,1,20,3,23,5,28,6,28,8,30,10,31,10,30,10,29,7,25,5,23,2,19,-3,17,-7,15,-11,13,-16,11,-20,10,-24,9,0,0,0,0,0,0,0,0,0,0,0,0,0,0,0,0,0,0,0,0,0,0,-3,-1,0,-4,2,-8,3,-13,4,-18,4,-21,4,-27,3,-31,1,-32,0,-35,-2,-35,-1,-34,-3,-32,-3,-27,-2,-22,0,-18,3,-12,6,-9,11,-6,16,-3,21,-2,25,-1,31,-5,36,-6,36,-10,32,-11
CSI:94,-30,37,0,-7,29,-5,23,-3,20,-2,12,-4,6,-6,0,-8,-5,-11,-10,-16,-12,-21,-14,-25,-15,-28,-15,-32,-13,-31,-13,-31,-13,-28,-12,-25,-11,-21,-11,-18,-12,-12,-12,-8,-15,-4,-17,-1,-19,4,-21,7,-24,0,0,0,0,0,0,0,0,0,0,0,0,0,0,0,0,0,0,0,0,0,0,1,-2,2,2,3,6,6,10,10,14,13,18,17,19,21,21,23,23,26,21,27,21,26,20,25,17,23,14,18,13,12,11,6,10,1,9,-4,12,-9,14,-13,18,-18,21,-16,25,-19,30,-17,33,-15,32
CSI:39,113,18,0,-29,10,-25,9,-18,7,-13,3,-7,1,-5,-5,-1,-8,-1,-15,0,-21,-2,-24,-4,-28,-6,-31,-6,-32,-10,-32,-10,-32,-10,-30,-7,-26,-4,-24,-2,-19,2,-18,6,-16,10,-14,14,-14,19,-11,22,-9,0,0,0,0,0,0,0,0,0,0,0,0,0,0,0,0,0,0,0,0,0,0,2,0,-1,4,-5,6,-7,11,-9,14,-11,19,-11,24,-11,28,-10,30,-8,33,-8,32,-6,32,-5,31,-4,27,-4,22,-4,16,-6,11,-9,7,-13,3,-18,0,-22,-3,-29,-2,-33,-3,-37,1,-38,3,-34,6
CSI:-38,-95,29,0,33,-14,24,-13,17,-10,13,-5,9,0,5,5,4,11,2,17,2,21,3,26,5,32,9,34,11,34,12,37,11,33,14,31,10,28,7,25,3,20,-1,18,-5,16,-10,15,-15,12,-20,11,-24,12,0,0,0,0,0,0,0,0,0,0,0,0,0,0,0,0,0,0,0,0,0,0,-2,0,1,-5,4,-8,6,-13,8,-17,10,-22,10,-27,9,-32,8,-36,6,-39,5,-38,4,-37,1,-34,2,-32,1,-26,2,-19,5,-12,9,-9,13,-5,19,0,23,-1,32,0,35,0,40,-2,39,-5,43,-6
CSI:-23,-111,30,0,-7,-30,-9,-24,-8,-19,-4,-14,2,-10,4,-6,10,-2,15,-3,18,-1,27,-3,29,-6,29,-7,32,-7,31,-9,31,-9,28,-8,24,-6,21,-5,18,-2,16,0,12,6,12,10,9,15,7,19,7,21,0,0,0,0,0,0,0,0,0,0,0,0,0,0,0,0,0,0,0,0,0,0,0,2,-4,-2,-7,-4,-10,-6,-15,-8,-20,-10,-24,-9,-29,-10,-30,-10,-33,-8,-33,-6,-32,-5,-30,-4,-27,-3,-21,-3,-16,-4,-11,-6,-7,-9,-3,-13,1,-17,2,-23,3,-28,2,-31,1,-35,-2,-37,-4,-37
CSI:-87,-111,26,0,10,-29,8,-24,4,-19,4,-13,5,-9,7,-2,9,3,13,5,17,9,19,10,25,10,31,10,29,11,29,10,31,10,28,5,25,7,21,8,17,8,11,9,7,12,3,13,0,17,-3,20,-6,22,0,0,0,0,0,0,0,0,0,0,0,0,0,0,0,0,0,0,0,0,0,0,-2,0,-2,-3,-3,-8,-5,-12,-7,-17,-9,-20,-13,-23,-16,-25,-19,-26,-21,-26,-21,-26,-22,-23,-21,-22,-19,-19,-16,-15,-10,-12,-6,-11,0,-11,5,-12,11,-13,15,-17,18,-20,20,-24,21,-28,20,-31,18,-33
CSI:-39,-110,45,0,31,14,26,10,19,9,15,6,8,4,-1,6,-5,11,-10,14,-14,17,-16,24,-16,26,-17,30,-17,32,-15,33,-15,32,-13,30,-13,26,-14,23,-12,17,-14,12,-16,7,-18,1,-20,-3,-22,-6,-25,-12,0,0,0,0,0,0,0,0,0,0,0,0,0,0,0,0,0,0,0,0,0,0,-2,-2,4,-2,8,-3,12,-5,18,-8,21,-10,25,-14,27,-17,30,-21,28,-24,29,-22,26,-24,23,-22,20,-22,16,-16,13,-12,12,-6,10,0,11,7,14,14,17,18,20,20,27,25,31,25,33,25,32,22
CSI:98,32,6,0,30,-5,23,-5,17,-4,13,-3,8,2,3,4,-1,10,-3,16,-3,18,-2,24,2,28,2,33,3,29,4,31,5,30,6,30,3,25,1,22,-1,18,-5,15,-8,13,-12,10,-17,9,-19,7,-23,4,0,0,0,0,0,0,0,0,0,0,0,0,0,0,0,0,0,0,0,0,0,0,-1,-1,1,-3,3,-6,7,-9,10,-14,11,-18,12,-22,13,-25,12,-28,11,-32,9,-32,9,-30,6,-29,6,-25,5,-20,5,-15,6,-9,8,-6,12,-1,17,3,21,6,27,6,31,7,33,4,37,3,36,1
CSI:10,-95,16,0,-13,33,-11,26,-7,19,-7,15,-8,6,-9,2,-12,-4,-16,-8,-21,-9,-26,-11,-30,-11,-31,-9,-35,-9,-35,-6,-34,-4,-31,-2,-26,-2,-23,-2,-19,-5,-14,-9,-11,-12,-8,-16,-4,-20,-3,-24,0,-27,0,0,0,0,0,0,0,0,0,0,0,0,0,0,0,0,0,0,0,0,0,0,3,-2,1,2,1,7,1,12,1,18,4,22,6,25,9,30,10,32,13,32,14,33,16,31,15,28,12,24,10,22,5,17,-1,13,-7,13,-13,14,-17,16,-21,17,-26,23,-27,26,-29,31,-27,31,-24,34
CSI:98,32,6,0,-25,-15,-21,-11,-16,-10,-11,-7,-5,-6,1,-8,5,-9,9,-11,13,-15,15,-18,14,-24,15,-24,15,-29,11,-26,11,-26,8,-24,10,-21,9,-16,8,-13,9,-8,11,-4,13,-1,15,4,17,8,19,10,0,0,0,0,0,0,0,0,0,0,0,0,0,0,0,0,0,0,0,0,0,0,1,1,-3,2,-7,0,-12,2,-15,3,-20,6,-23,8,-26,10,-27,13,-28,15,-29,15,-26,14,-24,14,-20,11,-17,8,-14,5,-13,0,-12,-6,-11,-11,-12,-16,-15,-20,-17,-24,-20,-25,-24,-28,-27,-27,-27,-26
CSI:-105,113,25,0,7,28,7,23,6,18,3,13,0,8,-4,3,-11,3,-15,2,-19,1,-26,3,-29,9,-30,7,-30,11,-29,11,-29,11,-27,12,-23,9,-21,7,-17,4,-16,0,-13,-6,-12,-10,-11,-15,-9,-18,-9,-22,0,0,0,0,0,0,0,0,0,0,0,0,0,0,0,0,0,0,0,0,0,0,1,-3,3,0,6,2,9,6,13,9,18,11,22,11,25,12,29,11,31,9,31,10,31,9,28,7,24,7,19,6,14,7,8,9,4,12,1,17,-3,21,-4,25,-4,30,-3,33,-2,37,0,38,3,39
CSI:-104,-127,25,0,-29,4,-25,3,-17,5,-14,3,-8,-2,-2,-6,0,-10,3,-15,3,-19,2,-24,0,-28,-1,-29,-2,-32,-2,-32,-3,-30,-4,-28,-4,-25,-3,-23,1,-19,5,-16,8,-13,12,-10,16,-8,20,-6,23,-4,0,0,0,0,0,0,0,0,0,0,0,0,0,0,0,0,0,0,0,0,0,0,2,1,-2,3,-5,5,-9,9,-11,12,-14,17,-17,21,-17,24,-16,27,-16,30,-15,29,-13,28,-12,27,-10,23,-10,19,-11,13,-11,8,-12,3,-15,-3,-20,-5,-24,-6,-29,-10,-34,-10,-37,-8,-37,-5,-40,-2
CSI:-4,-64,15,0,1,30,4,26,3,17,1,13,-2,6,-5,1,-9,-1,-16,-5,-20,-8,-25,-8,-33,-7,-33,-2,-36,-3,-33,-3,-34,-1,-31,-1,-28,0,-24,-2,-20,-5,-16,-7,-11,-12,-8,-15,-5,-18,-2,-24,0,-27,0,0,0,0,0,0,0,0,0,0,0,0,0,0,0,0,0,0,0,0,0,0,0,-4,3,0,6,4,9,9,14,11,18,14,22,16,27,16,30,16,33,16,33,14,31,14,29,12,26,10,19,10,15,8,9,10,2,10,-3,14,-6,20,-10,24,-10,29,-13,34,-11,36,-11,39,-6,38
CSI:1,17,16,0,21,17,19,13,13,12,8,7,2,4,-3,4,-7,4,-15,6,-18,7,-22,12,-23,16,-23,18,-24,20,-23,22,-22,21,-21,19,-20,16,-17,12,-15,8,-15,2,-13,-3,-15,-8,-15,-12,-17,-18,-17,-21,0,0,0,0,0,0,0,0,0,0,0,0,0,0,0,0,0,0,0,0,0,0,-1,-2,3,-3,8,-3,12,-4,17,-6,21,-8,24,-11,26,-14,28,-16,29,-18,29,-18,26,-18,24,-17,21,-14,17,-11,13,-6,10,-1,10,5,10,12,10,17,12,24,15,25,16,29,20,29,26,28,26,26
CSI:-118,-96,8,0,24,-15,19,-14,13,-10,10,-8,7,-4,3,3,1,6,2,11,1,17,4,20,7,24,9,26,10,28,12,26,12,27,11,24,9,22,7,20,3,16,0,14,-5,12,-10,11,-14,10,-18,9,-23,8,0,0,0,0,0,0,0,0,0,0,0,0,0,0,0,0,0,0,0,0,0,0,-2,1,-2,-4,1,-8,2,-13,2,-18,2,-22,1,-25,-1,-29,-3,-30,-3,-32,-5,-32,-5,-30,-6,-28,-6,-25,-4,-20,-2,-15,2,-11,6,-8,12,-5,17,-4,22,-3,27,-3,30,-5,33,-8,33,-9,33,-10
CSI:-48,0,13,0,22,25,23,19,17,14,9,11,4,7,-3,6,-10,5,-14,6,-19,6,-24,11,-26,15,-28,17,-27,19,-28,22,-27,20,-26,21,-24,18,-22,13,-19,8,-19,4,-18,-2,-17,-9,-16,-12,-16,-18,-17,-22,0,0,0,0,0,0,0,0,0,0,0,0,0,0,0,0,0,0,0,0,0,0,-3,-3,3,-2,8,-2,13,-2,18,-2,23,-4,28,-6,31,-9,33,-12,33,-13,33,-14,31,-14,28,-13,25,-12,21,-9,16,-5,12,0,11,7,8,12,7,19,8,22,12,29,12,33,20,35,20,35,25,34
CSI:-122,96,8,0,-27,24,-22,19,-15,16,-12,10,-9,2,-6,-2,-5,-10,-4,-15,-6,-19,-9,-24,-10,-28,-15,-29,-18,-32,-16,-30,-18,-31,-16,-27,-14,-25,-9,-23,-6,-18,-1,-17,3,-15,9,-14,13,-12,18,-11,23,-10,0,0,0,0,0,0,0,0,0,0,0,0,0,0,0,0,0,0,0,0,0,0,0,-2,0,3,0,8,1,13,1,18,3,23,6,28,8,31,10,32,13,34,14,33,15,32,13,29,12,24,8,20,4,15,-1,12,-8,9,-14,5,-20,5,-26,7,-29,9,-33,14,-36,15,-37,21,-36,19
CSI:98,32,6,0,-11,-27,-10,-22,-8,-18,-6,-12,-3,-9,3,-4,8,-3,11,0,18,-1,21,0,25,-2,27,-4,30,-5,29,-7,29,-7,25,-7,24,-7,20,-3,16,-1,13,2,10,7,8,10,5,15,5,18,1,22,0,0,0,0,0,0,0,0,0,0,0,0,0,0,0,0,0,0,0,0,0,0,1,1,-4,-2,-7,-3,-10,-4,-16,-6,-20,-6,-25,-5,-28,-6,-30,-3,-32,-2,-32,-2,-31,-1,-28,1,-24,-1,-19,-2,-14,-2,-10,-6,-6,-9,-3,-15,-1,-18,1,-24,1,-29,-1,-32,-2,-36,-6,-37,-8,-38
CSI:-64,0,12,0,21,20,18,15,16,12,10,7,5,6,-2,5,-7,5,-12,6,-17,7,-20,11,-22,15,-23,17,-24,20,-23,19,-22,20,-20,18,-20,16,-17,11,-15,8,-15,3,-13,-1,-13,-6,-13,-11,-13,-16,-13,-19,0,0,0,0,0,0,0,0,0,0,0,0,0,0,0,0,0,0,0,0,0,0,-2,-1,2,-1,8,-1,11,-2,16,-4,19,-6,23,-7,27,-10,28,-12,28,-14,27,-15,26,-14,24,-14,21,-13,17,-9,13,-5,10,0,8,7,7,11,9,17,10,20,13,25,14,28,19,31,21,30,22,30
CSI:125,-47,23,0,-30,-9,-25,-5,-19,-4,-13,-4,-8,-3,0,-4,3,-9,7,-12,6,-18,10,-21,10,-26,9,-26,10,-29,10,-29,6,-29,6,-26,6,-24,6,-19,6,-18,9,-10,9,-7,14,-3,16,1,19,3,21,7,0,0,0,0,0,0,0,0,0,0,0,0,0,0,0,0,0,0,0,0,0,0,1,-2,-3,1,-7,2,-11,5,-15,7,-18,10,-21,14,-22,18,-22,21,-22,22,-22,23,-20,22,-18,22,-15,18,-13,14,-11,8,-10,4,-10,-1,-14,-6,-15,-12,-18,-14,-23,-18,-28,-18,-30,-19,-32,-18,-34,-17
CSI:98,32,6,0,-30,-5,-27,-5,-20,-3,-14,0,-10,-3,-2,-6,2,-8,6,-13,8,-19,9,-21,8,-28,9,-30,7,-32,7,-30,6,-31,5,-28,6,-26,6,-21,7,-17,8,-12,12,-9,14,-4,16,0,21,4,22,6,0,0,0,0,0,0,0,0,0,0,0,0,0,0,0,0,0,0,0,0,0,0,2,0,-2,1,-6,3,-10,6,-13,9,-17,13,-19,17,-20,20,-20,23,-21,24,-21,26,-19,25,-18,24,-14,20,-14,15,-12,11,-13,4,-12,-1,-14,-5,-19,-10,-22,-13,-27,-14,-29,-16,-34,-18,-37,-17,-36,-12
CSI:-126,32,8,0,-29,-12,-26,-10,-19,-7,-12,-8,-8,-3,-2,-8,3,-9,9,-14,11,-15,12,-21,12,-24,12,-27,11,-29,11,-29,9,-30,8,-27,8,-23,8,-20,7,-17,11,-12,12,-8,14,-3,17,0,19,3,23,6,0,0,0,0,0,0,0,0,0,0,0,0,0,0,0,0,0,0,0,0,0,0,2,1,-2,0,-7,1,-12,2,-16,3,-20,6,-24,8,-27,11,-28,13,-29,17,-29,16,-27,16,-23,15,-22,14,-17,12,-15,6,-14,0,-12,-4,-13,-10,-13,-14,-17,-19,-21,-25,-25,-24,-25,-25,-29,-25,-32,-25
CSI:-27,82,46,0,2,-31,0,-25,-2,-20,2,-15,2,-9,5,-3,8,0,14,4,17,7,22,6,28,4,30,3,30,4,31,1,30,0,27,2,26,2,21,4,17,5,13,6,10,9,7,13,3,18,1,21,-2,23,0,0,0,0,0,0,0,0,0,0,0,0,0,0,0,0,0,0,0,0,0,0,0,3,-3,-1,-5,-7,-7,-10,-10,-14,-14,-17,-18,-19,-21,-20,-23,-21,-27,-21,-26,-20,-26,-20,-26,-17,-21,-15,-17,-12,-12,-12,-7,-10,0,-12,4,-15,8,-17,12,-22,14,-26,14,-30,14,-33,13,-36,10,-37
CSI:-102,-95,25,0,-26,-17,-21,-14,-17,-11,-12,-8,-6,-7,4,-7,7,-7,10,-10,17,-12,15,-17,17,-22,19,-25,20,-26,18,-25,19,-26,16,-23,14,-19,13,-16,13,-12,14,-8,13,-3,15,1,17,5,19,10,19,12,0,0,0,0,0,0,0,0,0,0,0,0,0,0,0,0,0,0,0,0,0,0,1,2,-3,1,-7,-1,-12,0,-17,1,-21,2,-25,4,-28,5,-31,8,-30,11,-30,11,-30,11,-27,11,-23,10,-20,6,-16,3,-13,-1,-11,-7,-10,-12,-10,-16,-12,-21,-15,-25,-17,-28,-21,-29,-23,-30,-26,-29
CSI:-107,80,9,0,-9,33,-4,27,-3,23,-5,13,-3,5,-7,2,-10,-4,-16,-7,-21,-11,-25,-13,-31,-12,-34,-11,-35,-10,-36,-6,-35,-7,-34,-6,-29,-5,-25,-7,-20,-9,-14,-10,-10,-14,-6,-17,-3,-20,1,-25,4,-27,0,0,0,0,0,0,0,0,0,0,0,0,0,0,0,0,0,0,0,0,0,0,0,-3,2,1,3,6,6,11,9,16,14,20,18,23,22,24,24,25,27,25,28,23,27,22,25,20,22,18,17,14,13,13,5,11,-3,11,-8,15,-13,18,-17,22,-20,26,-21,31,-18,36,-19,39,-20,41
CSI:-77,48,11,0,6,-32,1,-25,2,-22,2,-16,3,-8,4,-1,8,3,13,7,19,8,23,11,28,9,31,8,33,5,34,4,32,3,31,4,27,2,22,3,18,5,13,7,9,11,5,15,2,18,-1,21,-6,25,0,0,0,0,0,0,0,0,0,0,0,0,0,0,0,0,0,0,0,0,0,0,-1,2,-2,-2,-6,-7,-8,-11,-12,-15,-15,-18,-19,-21,-23,-21,-27,-22,-29,-21,-28,-20,-29,-18,-26,-17,-22,-13,-18,-12,-12,-11,-6,-11,1,-11,5,-13,10,-17,14,-22,17,-27,16,-30,14,-36,17,-39,14,-36
CSI:-55,-111,28,0,21,-24,17,-20,12,-15,10,-8,7,-3,5,2,6,8,7,13,8,18,12,20,14,21,18,22,19,23,20,21,19,20,19,19,14,16,12,14,8,12,2,13,-2,13,-7,12,-11,13,-15,14,-18,14,0,0,0,0,0,0,0,0,0,0,0,0,0,0,0,0,0,0,0,0,0,0,-2,1,-1,-4,0,-8,0,-13,-1,-17,-1,-21,-3,-25,-6,-28,-7,-29,-8,-31,-9,-29,-8,-28,-9,-25,-8,-22,-5,-19,-2,-13,2,-11,7,-10,12,-9,17,-7,23,-10,28,-12,29,-13,35,-18,30,-22,31,-21
CSI:-30,33,30,0,-24,-16,-21,-11,-15,-10,-10,-8,-3,-7,3,-5,7,-7,11,-9,15,-12,18,-15,21,-18,21,-21,21,-22,20,-23,19,-23,18,-20,15,-16,14,-12,12,-9,13,-4,11,0,12,5,13,9,14,13,14,17,0,0,0,0,0,0,0,0,0,0,0,0,0,0,0,0,0,0,0,0,0,0,1,1,-4,0,-7,2,-13,2,-16,5,-20,7,-22,10,-25,12,-26,15,-26,15,-26,16,-25,16,-23,15,-19,12,-16,10,-14,3,-12,-1,-11,-8,-10,-12,-13,-17,-16,-21,-15,-23,-21,-27,-24,-28,-29,-28,-30,-25
CSI:65,17,20,0,-4,-35,-3,-27,-1,-23,-1,-15,3,-9,6,-5,12,0,15,3,22,5,25,5,29,2,34,2,37,-1,34,-2,33,-2,30,-2,27,-2,22,0,19,2,13,7,10,10,8,15,5,20,4,24,1,27,0,0,0,0,0,0,0,0,0,0,0,0,0,0,0,0,0,0,0,0,0,0,-1,2,-3,-2,-6,-6,-9,-10,-14,-14,-19,-17,-22,-18,-26,-20,-29,-20,-31,-19,-32,-17,-31,-17,-28,-15,-24,-13,-19,-12,-13,-12,-7,-13,-2,-15,2,-19,7,-24,9,-27,10,-34,11,-40,11,-44,8,-44,3,-47
CSI:72,-127,20,0,13,25,13,20,9,17,6,10,1,8,-5,7,-10,5,-17,4,-19,5,-26,7,-24,10,-25,13,-28,14,-28,16,-25,18,-23,15,-21,13,-18,9,-16,5,-16,1,-14,-3,-15,-9,-15,-12,-16,-16,-15,-19,0,0,0,0,0,0,0,0,0,0,0,0,0,0,0,0,0,0,0,0,0,0,0,-4,3,0,6,3,10,6,14,6,18,8,23,9,26,8,30,8,30,6,31,5,29,4,27,3,23,3,18,4,14,5,9,8,6,11,2,17,1,21,0,25,0,30,5,35,5,36,8,37,11,36
CSI:-71,-112,11,0,-7,-29,-6,-23,-5,-19,-3,-16,0,-7,7,-5,9,-1,15,1,20,-2,22,0,29,-4,29,-5,32,-10,31,-11,31,-10,26,-8,26,-8,20,-5,18,-3,17,2,15,6,13,10,11,15,11,18,12,21,0,0,0,0,0,0,0,0,0,0,0,0,0,0,0,0,0,0,0,0,0,0,-1,2,-3,0,-5,-6,-8,-11,-11,-13,-15,-17,-20,-18,-23,-20,-25,-20,-28,-19,-27,-18,-27,-17,-25,-15,-22,-13,-19,-12,-13,-11,-8,-12,-4,-14,0,-17,4,-21,6,-25,7,-30,7,-33,4,-37,3,-38,1,-38
CSI:-116,-64,8,0,-29,-11,-24,-7,-20,-4,-14,-5,-9,-5,0,-5,3,-10,7,-14,10,-16,9,-22,9,-30,8,-28,9,-32,6,-32,6,-33,6,-29,5,-26,6,-22,7,-19,9,-14,11,-10,16,-7,18,-4,21,-2,24,-1,0,0,0,0,0,0,0,0,0,0,0,0,0,0,0,0,0,0,0,0,0,0,1,2,-3,1,-7,0,-13,1,-17,1,-21,3,-25,6,-28,8,-30,11,-30,13,-30,13,-29,13,-27,13,-23,12,-20,10,-16,5,-14,1,-13,-5,-13,-10,-15,-14,-18,-18,-21,-21,-26,-23,-29,-24,-29,-22,-32,-20
CSI:-42,97,29,0,22,-21,17,-19,11,-13,10,-10,5,-1,6,1,7,9,4,14,8,17,13,21,16,22,20,24,22,23,23,23,22,23,21,20,18,19,13,16,9,16,5,16,1,14,-5,16,-8,17,-11,19,-16,19,0,0,0,0,0,0,0,0,0,0,0,0,0,0,0,0,0,0,0,0,0,0,-4,0,-1,-3,1,-8,2,-12,3,-17,3,-21,3,-25,1,-29,1,-31,-2,-33,-2,-32,-2,-30,-3,-30,-2,-26,-2,-22,1,-17,5,-12,9,-10,13,-9,18,-7,24,-9,28,-8,32,-10,34,-15,34,-21,31,-20
CSI:19,50,33,0,18,23,15,18,12,14,9,9,2,6,-3,6,-9,5,-14,7,-17,7,-22,10,-25,14,-27,16,-26,20,-25,20,-24,19,-23,18,-22,17,-19,12,-18,10,-17,3,-17,0,-17,-5,-18,-10,-19,-14,-19,-17,0,0,0,0,0,0,0,0,0,0,0,0,0,0,0,0,0,0,0,0,0,0,0,-4,3,0,7,1,10,4,14,5,20,5,24,4,28,5,31,3,33,1,32,0,31,1,28,-1,24,1,21,1,17,2,11,6,8,10,6,15,5,19,5,25,7,28,8,32,12,34,14,35,17,34
CSI:-116,-64,8,0,-3,29,-2,24,1,19,-2,14,-4,7,-5,2,-9,-1,-15,-5,-19,-7,-24,-6,-28,-7,-31,-5,-33,-2,-31,-2,-34,0,-29,0,-26,0,-23,-3,-20,-4,-16,-6,-13,-11,-10,-14,-8,-18,-6,-21,-4,-25,0,0,0,0,0,0,0,0,0,0,0,0,0,0,0,0,0,0,0,0,0,0,2,-2,2,2,3,6,5,12,6,15,9,19,12,22,15,24,18,25,21,24,21,25,21,22,19,20,17,17,13,14,9,12,3,11,0,12,-6,14,-11,16,-14,20,-15,24,-15,28,-17,32,-15,34,-14,35
CSI:-68,-63,27,0,20,-21,18,-17,12,-15,7,-11,6,-5,4,4,5,8,4,14,8,18,8,22,11,25,16,26,19,27,18,26,19,25,17,23,14,22,12,20,8,18,2,16,-2,16,-7,16,-12,15,-16,17,-19,16,0,0,0,0,0,0,0,0,0,0,0,0,0,0,0,0,0,0,0,0,0,0,-2,0,3,-5,0,-12,1,-14,2,-18,2,-23,1,-26,-1,-30,-3,-33,-4,-33,-4,-34,-5,-32,-6,-30,-5,-26,-3,-22,-1,-16,3,-12,8,-9,13,-8,18,-6,24,-9,29,-8,30,-11,34,-13,32,-17,33,-19
CSI:-87,-111,26,0,2,28,6,23,3,16,2,11,-2,7,-4,2,-10,0,-14,-3,-21,-5,-25,-2,-27,-2,-31,-1,-33,1,-31,2,-33,3,-30,2,-27,1,-22,-1,-19,-3,-15,-7,-12,-10,-10,-13,-7,-17,-4,-21,-3,-23,0,0,0,0,0,0,0,0,0,0,0,0,0,0,0,0,0,0,0,0,0,0,4,-7,1,3,3,2,10,8,13,9,18,11,21,12,25,13,28,13,29,11,30,9,29,9,26,7,23,6,19,5,13,6,7,7,4,9,-1,13,-3,18,-6,22,-7,26,-8,32,-5,34,-2,36,-1,37
CSI:-118,-96,8,0,25,-15,20,-14,14,-9,9,-9,8,-3,4,1,4,8,5,15,6,19,7,22,11,25,13,27,18,29,17,27,17,26,17,24,14,22,10,20,8,18,2,16,-2,15,-6,14,-11,16,-15,16,-19,16,0,0,0,0,0,0,0,0,0,0,0,0,0,0,0,0,0,0,0,0,0,0,-3,-1,0,-5,3,-8,6,-12,7,-16,9,-21,9,-25,8,-29,7,-30,6,-33,5,-33,4,-32,3,-30,1,-26,2,-21,3,-15,7,-10,10,-8,14,-5,19,-3,23,-1,26,-2,34,-6,35,-5,35,-11,37,-12
CSI:1,18,32,0,-26,13,-20,15,-15,11,-8,7,-7,2,-5,-4,-2,-8,-2,-16,-4,-20,-6,-23,-8,-26,-11,-28,-13,-29,-15,-30,-15,-28,-13,-27,-11,-24,-9,-21,-5,-18,0,-16,4,-14,9,-12,13,-12,18,-12,20,-12,0,0,0,0,0,0,0,0,0,0,0,0,0,0,0,0,0,0,0,0,0,0,1,-1,0,3,-2,7,-4,12,-4,16,-4,21,-4,24,-1,27,-1,30,1,31,2,31,1,29,3,28,2,23,1,19,-2,13,-5,9,-8,7,-13,4,-18,3,-24,2,-29,4,-31,5,-33,10,-35,12,-33,12
CSI:-51,-47,28,0,-7,30,-3,24,-1,16,-3,11,-4,5,-7,1,-9,-4,-14,-7,-19,-10,-24,-10,-28,-9,-30,-9,-32,-8,-34,-6,-33,-4,-30,-5,-25,-4,-23,-5,-19,-6,-15,-9,-11,-13,-9,-15,-6,-18,-3,-22,-1,-24,0,0,0,0,0,0,0,0,0,0,0,0,0,0,0,0,0,0,0,0,0,0,2,0,1,0,3,5,3,12,5,17,8,20,12,22,14,25,16,27,19,25,20,25,20,23,19,21,16,18,12,15,6,13,4,12,-2,12,-6,12,-12,15,-14,20,-17,23,-19,27,-17,29,-17,32,-15,34
CSI:-106,96,9,0,-32,5,-26,4,-19,4,-14,-1,-7,-2,-1,-7,1,-10,4,-17,3,-19,2,-24,2,-29,0,-33,-3,-34,-2,-32,-3,-34,-3,-31,-2,-26,-1,-25,2,-20,6,-16,9,-13,13,-9,16,-8,20,-8,24,-4,0,0,0,0,0,0,0,0,0,0,0,0,0,0,0,0,0,0,0,0,0,0,1,1,-4,3,-7,5,-10,8,-13,12,-16,15,-18,19,-19,22,-19,25,-18,28,-17,28,-15,29,-14,26,-11,22,-10,19,-10,12,-11,7,-13,3,-15,-2,-19,-6,-25,-8,-29,-11,-31,-9,-36,-7,-37,-4,-39,-3
CSI:-52,-64,12,0,-22,13,-18,14,-12,8,-10,5,-5,1,-6,-4,-4,-10,-4,-13,-6,-17,-9,-21,-12,-24,-15,-25,-17,-27,-16,-26,-16,-25,-16,-23,-14,-20,-11,-18,-7,-17,-3,-15,1,-13,5,-14,10,-14,13,-15,16,-14,0,0,0,0,0,0,0,0,0,0,0,0,0,0,0,0,0,0,0,0,0,0,2,0,-1,3,-4,6,-6,9,-8,13,-8,18,-8,21,-7,25,-6,27,-5,28,-3,29,-1,27,-1,25,-1,22,-2,17,-4,13,-5,10,-10,6,-14,4,-17,3,-21,3,-26,3,-28,5,-30,7,-32,11,-31,12
CSI:1,18,32,0,30,-9,23,-9,17,-7,13,-4,6,-1,2,4,0,8,-1,16,-1,20,0,24,0,29,3,31,7,34,6,31,6,29,5,29,4,25,3,22,1,18,-4,17,-8,14,-11,11,-16,10,-21,8,-24,6,0,0,0,0,0,0,0,0,0,0,0,0,0,0,0,0,0,0,0,0,0,0,-2,-2,2,-5,4,-8,6,-11,10,-14,12,-18,13,-23,14,-27,13,-28,13,-31,12,-31,11,-30,8,-28,8,-25,7,-20,7,-15,7,-9,10,-5,13,-2,18,2,23,3,27,3,33,4,35,3,37,-1,36,-3
CSI:-101,-80,9,0,14,23,13,21,10,14,6,12,0,5,-4,4,-11,3,-15,1,-21,3,-25,5,-28,7,-31,11,-31,12,-31,14,-30,14,-28,13,-25,11,-23,7,-18,5,-17,1,-15,-5,-14,-9,-14,-15,-13,-18,-12,-22,0,0,0,0,0,0,0,0,0,0,0,0,0,0,0,0,0,0,0,0,0,0,0,-3,4,0,8,2,11,4,16,6,20,6,24,6,29,4,30,3,32,3,32,1,30,0,29,0,25,0,21,2,15,4,11,6,7,10,5,14,3,19,2,24,2,28,4,32,8,33,10,35,14,35
CSI:98,32,6,0,25,-11,20,-10,14,-9,10,-5,5,-3,2,5,1,9,-1,14,-1,19,-1,24,1,27,4,31,5,31,6,31,6,31,7,28,5,25,3,22,-1,18,-5,15,-7,12,-13,10,-16,7,-20,6,-23,5,0,0,0,0,0,0,0,0,0,0,0,0,0,0,0,0,0,0,0,0,0,0,-1,-1,2,-4,3,-7,5,-12,7,-16,7,-20,7,-24,6,-28,6,-30,4,-31,4,-32,3,-31,2,-28,1,-26,0,-20,2,-14,5,-10,9,-6,12,-3,16,0,22,0,26,-1,31,-1,33,-3,35,-5,34,-6
CSI:-116,-64,8,0,-25,14,-21,14,-16,7,-11,7,-10,1,-6,-3,-5,-10,-2,-13,-4,-19,-5,-25,-9,-27,-9,-30,-15,-34,-13,-31,-15,-30,-12,-26,-13,-28,-9,-25,-6,-21,-1,-18,5,-15,9,-15,11,-14,18,-14,20,-13,0,0,0,0,0,0,0,0,0,0,0,0,0,0,0,0,0,0,0,0,0,0,3,0,-3,4,-3,7,-7,12,-6,16,-11,21,-9,25,-8,28,-8,28,-6,29,-2,33,-5,32,1,27,0,27,-2,19,-5,14,-5,12,-8,7,-16,4,-19,2,-24,1,-28,2,-30,3,-34,7,-37,10,-36,9
CSI:-116,-64,8,0,14,-27,13,-23,10,-17,8,-12,5,-6,4,1,8,6,9,13,13,16,18,19,21,20,24,20,26,20,28,19,27,18,27,16,22,15,19,15,14,14,9,14,5,14,0,16,-5,18,-8,20,-11,21,0,0,0,0,0,0,0,0,0,0,0,0,0,0,0,0,0,0,0,0,0,0,-2,-1,-1,-4,0,-9,-1,-13,-1,-18,-2,-22,-3,-25,-6,-29,-8,-30,-11,-32,-12,-30,-12,-30,-12,-28,-10,-25,-8,-20,-4,-15,1,-12,5,-11,10,-10,14,-11,19,-12,24,-16,25,-22,27,-21,27,-25,23,-27
CSI:-124,65,24,0,24,17,20,13,15,11,10,8,2,6,-4,6,-6,6,-12,8,-18,10,-24,14,-24,18,-24,20,-23,23,-23,25,-21,26,-19,23,-21,21,-17,17,-17,11,-16,8,-17,1,-16,-3,-18,-7,-19,-12,-21,-15,0,0,0,0,0,0,0,0,0,0,0,0,0,0,0,0,0,0,0,0,0,0,0,-2,3,-1,7,-1,13,-1,16,-1,22,-2,26,-2,29,-6,31,-7,31,-10,31,-10,29,-11,26,-11,23,-10,19,-8,16,-4,12,0,10,5,10,10,9,15,10,20,13,24,16,27,20,28,23,28,24,27
CSI:-108,64,9,0,11,26,10,20,9,16,5,11,2,8,-5,4,-12,2,-17,4,-23,6,-25,5,-32,12,-28,12,-31,13,-31,19,-29,17,-28,17,-25,13,-22,9,-20,6,-18,2,-16,-2,-16,-8,-15,-12,-15,-15,-15,-20,0,0,0,0,0,0,0,0,0,0,0,0,0,0,0,0,0,0,0,0,0,0,1,-4,4,-1,7,3,11,4,15,7,20,8,24,9,27,9,30,7,32,6,32,5,31,5,28,4,24,3,20,3,14,3,9,7,6,10,2,14,1,19,-1,23,1,28,1,33,4,36,6,35,8,35
CSI:-116,-64,8,0,12,-29,10,-24,6,-18,5,-14,5,-8,6,1,8,5,12,11,16,13,22,15,28,16,31,19,32,15,34,14,30,13,30,11,27,11,20,10,17,9,12,12,9,14,2,17,-1,19,-5,22,-9,24,0,0,0,0,0,0,0,0,0,0,0,0,0,0,0,0,0,0,0,0,0,0,-3,0,-2,-3,-3,-10,-5,-13,-5,-19,-8,-23,-11,-26,-14,-29,-16,-31,-18,-32,-20,-31,-19,-29,-18,-26,-15,-23,-12,-20,-8,-15,-4,-13,4,-12,10,-13,16,-14,20,-16,23,-20,25,-24,26,-27,25,-30,24,-33
CSI:-116,-64,8,0,-13,24,-14,22,-9,16,-6,10,-7,5,-8,-2,-9,-6,-12,-11,-17,-15,-20,-16,-24,-18,-26,-19,-29,-16,-30,-16,-30,-15,-27,-14,-25,-12,-21,-13,-17,-13,-12,-13,-7,-16,-3,-16,1,-20,6,-22,8,-24,0,0,0,0,0,0,0,0,0,0,0,0,0,0,0,0,0,0,0,0,0,0,2,-2,1,3,1,7,1,12,2,16,4,21,6,24,8,28,9,29,13,30,12,29,13,29,12,25,11,22,8,18,3,15,-1,12,-7,11,-13,10,-17,10,-21,12,-26,17,-25,19,-29,22,-27,25,-24,26
CSI:-116,-64,8,0,-33,4,-28,4,-21,2,-15,-1,-11,-1,-2,-6,-2,-13,0,-18,-1,-25,-2,-30,-1,-32,-10,-36,-9,-37,-8,-37,-11,-36,-11,-33,-10,-28,-7,-27,-2,-21,1,-19,6,-18,11,-16,16,-14,21,-13,25,-12,0,0,0,0,0,0,0,0,0,0,0,0,0,0,0,0,0,0,0,0,0,0,2,2,-2,3,-6,4,-12,9,-16,11,-19,16,-21,19,-23,24,-24,27,-23,29,-23,29,-20,29,-18,28,-16,23,-13,18,-12,13,-13,7,-14,0,-17,-4,-21,-7,-26,-10,-31,-12,-35,-12,-39,-9,-41,-7,-40,-6
CSI:-101,-79,25,0,-26,12,-22,12,-17,8,-12,6,-10,2,-7,-3,-5,-10,-6,-14,-7,-20,-9,-23,-10,-28,-11,-27,-15,-30,-17,-27,-15,-27,-16,-24,-16,-21,-11,-20,-7,-18,-3,-15,2,-14,6,-13,10,-14,14,-14,19,-14,0,0,0,0,0,0,0,0,0,0,0,0,0,0,0,0,0,0,0,0,0,0,2,-1,0,2,-3,6,-5,11,-6,14,-7,18,-7,23,-8,27,-6,29,-5,32,-4,31,-3,30,0,28,-2,24,-2,20,-4,13,-6,9,-11,5,-14,3,-19,1,-24,0,-29,0,-33,2,-36,5,-38,8,-36,9
CSI:-116,-64,8,0,29,-12,22,-10,17,-7,14,-3,10,0,6,4,1,11,-1,15,1,19,1,23,6,27,7,32,11,29,11,30,13,30,11,30,11,23,7,22,4,19,-2,15,-5,14,-10,13,-15,11,-20,10,-22,10,0,0,0,0,0,0,0,0,0,0,0,0,0,0,0,0,0,0,0,0,0,0,-4,-1,0,-5,2,-8,5,-11,9,-15,11,-19,11,-24,11,-27,11,-29,11,-33,9,-32,9,-31,7,-31,5,-26,6,-19,7,-14,8,-9,12,-5,15,-2,19,2,25,4,29,3,32,3,39,2,36,1,37,-4
CSI:-118,-96,8,0,-28,11,-24,10,-18,7,-13,6,-10,-1,-5,-3,-4,-11,-1,-14,-4,-19,-3,-24,-7,-28,-10,-30,-10,-31,-11,-29,-11,-29,-11,-27,-10,-24,-7,-20,-4,-18,0,-15,5,-14,8,-12,14,-10,17,-9,21,-8,0,0,0,0,0,0,0,0,0,0,0,0,0,0,0,0,0,0,0,0,0,0,3,-1,0,3,-2,6,-4,10,-6,14,-6,19,-7,23,-6,27,-5,29,-4,32,-3,31,-2,30,-1,27,-1,23,-1,19,-5,14,-7,8,-10,4,-14,2,-18,1,-24,0,-28,-2,-32,-1,-35,3,-39,4,-36,8
CSI:-26,97,30,0,20,-23,16,-19,14,-15,10,-13,9,-4,6,1,8,7,9,12,12,14,15,19,20,19,24,20,26,21,25,20,26,18,24,16,22,16,17,14,13,15,8,13,4,14,-1,15,-4,18,-9,20,-11,20,0,0,0,0,0,0,0,0,0,0,0,0,0,0,0,0,0,0,0,0,0,0,-4,0,-2,-4,0,-8,2,-13,2,-16,2,-21,3,-25,2,-29,-1,-31,-4,-33,-4,-32,-5,-32,-6,-29,-4,-26,-3,-21,0,-15,4,-12,8,-9,13,-8,20,-8,22,-8,28,-7,31,-13,33,-17,33,-20,31,-21
