timestamp,receiver_address,destination_address,transmitter_address,source_address,SCIDX_-122_phi11,SCIDX_-122_psi21,SCIDX_-121_phi11,SCIDX_-121_psi21,SCIDX_-120_phi11,SCIDX_-120_psi21,SCIDX_-119_phi11,SCIDX_-119_psi21,SCIDX_-118_phi11,SCIDX_-118_psi21,SCIDX_-117_phi11,SCIDX_-117_psi21,SCIDX_-116_phi11,SCIDX_-116_psi21,SCIDX_-115_phi11,SCIDX_-115_psi21,SCIDX_-114_phi11,SCIDX_-114_psi21,SCIDX_-113_phi11,SCIDX_-113_psi21,SCIDX_-112_phi11,SCIDX_-112_psi21,SCIDX_-111_phi11,SCIDX_-111_psi21,SCIDX_-110_phi11,SCIDX_-110_psi21,SCIDX_-109_phi11,SCIDX_-109_psi21,SCIDX_-108_phi11,SCIDX_-108_psi21,SCIDX_-107_phi11,SCIDX_-107_psi21,SCIDX_-106_phi11,SCIDX_-106_psi21,SCIDX_-105_phi11,SCIDX_-105_psi21,SCIDX_-104_phi11,SCIDX_-104_psi21,SCIDX_-102_phi11,SCIDX_-102_psi21,SCIDX_-101_phi11,SCIDX_-101_psi21,SCIDX_-100_phi11,SCIDX_-100_psi21,SCIDX_-99_phi11,SCIDX_-99_psi21,SCIDX_-98_phi11,SCIDX_-98_psi21,SCIDX_-97_phi11,SCIDX_-97_psi21,SCIDX_-96_phi11,SCIDX_-96_psi21,SCIDX_-95_phi11,SCIDX_-95_psi21,SCIDX_-94_phi11,SCIDX_-94_psi21,SCIDX_-93_phi11,SCIDX_-93_psi21,SCIDX_-92_phi11,SCIDX_-92_psi21,SCIDX_-91_phi11,SCIDX_-91_psi21,SCIDX_-90_phi11,SCIDX_-90_psi21,SCIDX_-89_phi11,SCIDX_-89_psi21,SCIDX_-88_phi11,SCIDX_-88_psi21,SCIDX_-87_phi11,SCIDX_-87_psi21,SCIDX_-86_phi11,SCIDX_-86_psi21,SCIDX_-85_phi11,SCIDX_-85_psi21,SCIDX_-84_phi11,SCIDX_-84_psi21,SCIDX_-83_phi11,SCIDX_-83_psi21,SCIDX_-82_phi11,SCIDX_-82_psi21,SCIDX_-81_phi11,SCIDX_-81_psi21,SCIDX_-80_phi11,SCIDX_-80_psi21,SCIDX_-79_phi11,SCIDX_-79_psi21,SCIDX_-78_phi11,SCIDX_-78_psi21,SCIDX_-77_phi11,SCIDX_-77_psi21,SCIDX_-76_phi11,SCIDX_-76_psi21,SCIDX_-74_phi11,SCIDX_-74_psi21,SCIDX_-73_phi11,SCIDX_-73_psi21,SCIDX_-72_phi11,SCIDX_-72_psi21,SCIDX_-71_phi11,SCIDX_-71_psi21,SCIDX_-70_phi11,SCIDX_-70_psi21,SCIDX_-69_phi11,SCIDX_-69_psi21,SCIDX_-68_phi11,SCIDX_-68_psi21,SCIDX_-67_phi11,SCIDX_-67_psi21,SCIDX_-66_phi11,SCIDX_-66_psi21,SCIDX_-65_phi11,SCIDX_-65_psi21,SCIDX_-64_phi11,SCIDX_-64_psi21,SCIDX_-63_phi11,SCIDX_-63_psi21,SCIDX_-62_phi11,SCIDX_-62_psi21,SCIDX_-61_phi11,SCIDX_-61_psi21,SCIDX_-60_phi11,SCIDX_-60_psi21,SCIDX_-59_phi11,SCIDX_-59_psi21,SCIDX_-58_phi11,SCIDX_-58_psi21,SCIDX_-57_phi11,SCIDX_-57_psi21,SCIDX_-56_phi11,SCIDX_-56_psi21,SCIDX_-55_phi11,SCIDX_-55_psi21,SCIDX_-54_phi11,SCIDX_-54_psi21,SCIDX_-53_phi11,SCIDX_-53_psi21,SCIDX_-52_phi11,SCIDX_-52_psi21,SCIDX_-51_phi11,SCIDX_-51_psi21,SCIDX_-50_phi11,SCIDX_-50_psi21,SCIDX_-49_phi11,SCIDX_-49_psi21,SCIDX_-48_phi11,SCIDX_-48_psi21,SCIDX_-47_phi11,SCIDX_-47_psi21,SCIDX_-46_phi11,SCIDX_-46_psi21,SCIDX_-45_phi11,SCIDX_-45_psi21,SCIDX_-44_phi11,SCIDX_-44_psi21,SCIDX_-43_phi11,SCIDX_-43_psi21,SCIDX_-42_phi11,SCIDX_-42_psi21,SCIDX_-41_phi11,SCIDX_-41_psi21,SCIDX_-40_phi11,SCIDX_-40_psi21,SCIDX_-38_phi11,SCIDX_-38_psi21,SCIDX_-37_phi11,SCIDX_-37_psi21,SCIDX_-36_phi11,SCIDX_-36_psi21,SCIDX_-35_phi11,SCIDX_-35_psi21,SCIDX_-34_phi11,SCIDX_-34_psi21,SCIDX_-33_phi11,SCIDX_-33_psi21,SCIDX_-32_phi11,SCIDX_-32_psi21,SCIDX_-31_phi11,SCIDX_-31_psi21,SCIDX_-30_phi11,SCIDX_-30_psi21,SCIDX_-29_phi11,SCIDX_-29_psi21,SCIDX_-28_phi11,SCIDX_-28_psi21,SCIDX_-27_phi11,SCIDX_-27_psi21,SCIDX_-26_phi11,SCIDX_-26_psi21,SCIDX_-25_phi11,SCIDX_-25_psi21,SCIDX_-24_phi11,SCIDX_-24_psi21,SCIDX_-23_phi11,SCIDX_-23_psi21,SCIDX_-22_phi11,SCIDX_-22_psi21,SCIDX_-21_phi11,SCIDX_-21_psi21,SCIDX_-20_phi11,SCIDX_-20_psi21,SCIDX_-19_phi11,SCIDX_-19_psi21,SCIDX_-18_phi11,SCIDX_-18_psi21,SCIDX_-17_phi11,SCIDX_-17_psi21,SCIDX_-16_phi11,SCIDX_-16_psi21,SCIDX_-15_phi11,SCIDX_-15_psi21,SCIDX_-14_phi11,SCIDX_-14_psi21,SCIDX_-13_phi11,SCIDX_-13_psi21,SCIDX_-12_phi11,SCIDX_-12_psi21,SCIDX_-10_phi11,SCIDX_-10_psi21,SCIDX_-9_phi11,SCIDX_-9_psi21,SCIDX_-8_phi11,SCIDX_-8_psi21,SCIDX_-7_phi11,SCIDX_-7_psi21,SCIDX_-6_phi11,SCIDX_-6_psi21,SCIDX_-5_phi11,SCIDX_-5_psi21,SCIDX_-4_phi11,SCIDX_-4_psi21,SCIDX_-3_phi11,SCIDX_-3_psi21,SCIDX_-2_phi11,SCIDX_-2_psi21,SCIDX_2_phi11,SCIDX_2_psi21,SCIDX_3_phi11,SCIDX_3_psi21,SCIDX_4_phi11,SCIDX_4_psi21,SCIDX_5_phi11,SCIDX_5_psi21,SCIDX_6_phi11,SCIDX_6_psi21,SCIDX_7_phi11,SCIDX_7_psi21,SCIDX_8_phi11,SCIDX_8_psi21,SCIDX_9_phi11,SCIDX_9_psi21,SCIDX_10_phi11,SCIDX_10_psi21,SCIDX_12_phi11,SCIDX_12_psi21,SCIDX_13_phi11,SCIDX_13_psi21,SCIDX_14_phi11,SCIDX_14_psi21,SCIDX_15_phi11,SCIDX_15_psi21,SCIDX_16_phi11,SCIDX_16_psi21,SCIDX_17_phi11,SCIDX_17_psi21,SCIDX_18_phi11,SCIDX_18_psi21,SCIDX_19_phi11,SCIDX_19_psi21,SCIDX_20_phi11,SCIDX_20_psi21,SCIDX_21_phi11,SCIDX_21_psi21,SCIDX_22_phi11,SCIDX_22_psi21,SCIDX_23_phi11,SCIDX_23_psi21,SCIDX_24_phi11,SCIDX_24_psi21,SCIDX_25_phi11,SCIDX_25_psi21,SCIDX_26_phi11,SCIDX_26_psi21,SCIDX_27_phi11,SCIDX_27_psi21,SCIDX_28_phi11,SCIDX_28_psi21,SCIDX_29_phi11,SCIDX_29_psi21,SCIDX_30_phi11,SCIDX_30_psi21,SCIDX_31_phi11,SCIDX_31_psi21,SCIDX_32_phi11,SCIDX_32_psi21,SCIDX_33_phi11,SCIDX_33_psi21,SCIDX_34_phi11,SCIDX_34_psi21,SCIDX_35_phi11,SCIDX_35_psi21,SCIDX_36_phi11,SCIDX_36_psi21,SCIDX_37_phi11,SCIDX_37_psi21,SCIDX_38_phi11,SCIDX_38_psi21,SCIDX_40_phi11,SCIDX_40_psi21,SCIDX_41_phi11,SCIDX_41_psi21,SCIDX_42_phi11,SCIDX_42_psi21,SCIDX_43_phi11,SCIDX_43_psi21,SCIDX_44_phi11,SCIDX_44_psi21,SCIDX_45_phi11,SCIDX_45_psi21,SCIDX_46_phi11,SCIDX_46_psi21,SCIDX_47_phi11,SCIDX_47_psi21,SCIDX_48_phi11,SCIDX_48_psi21,SCIDX_49_phi11,SCIDX_49_psi21,SCIDX_50_phi11,SCIDX_50_psi21,SCIDX_51_phi11,SCIDX_51_psi21,SCIDX_52_phi11,SCIDX_52_psi21,SCIDX_53_phi11,SCIDX_53_psi21,SCIDX_54_phi11,SCIDX_54_psi21,SCIDX_55_phi11,SCIDX_55_psi21,SCIDX_56_phi11,SCIDX_56_psi21,SCIDX_57_phi11,SCIDX_57_psi21,SCIDX_58_phi11,SCIDX_58_psi21,SCIDX_59_phi11,SCIDX_59_psi21,SCIDX_60_phi11,SCIDX_60_psi21,SCIDX_61_phi11,SCIDX_61_psi21,SCIDX_62_phi11,SCIDX_62_psi21,SCIDX_63_phi11,SCIDX_63_psi21,SCIDX_64_phi11,SCIDX_64_psi21,SCIDX_65_phi11,SCIDX_65_psi21,SCIDX_66_phi11,SCIDX_66_psi21,SCIDX_67_phi11,SCIDX_67_psi21,SCIDX_68_phi11,SCIDX_68_psi21,SCIDX_69_phi11,SCIDX_69_psi21,SCIDX_70_phi11,SCIDX_70_psi21,SCIDX_71_phi11,SCIDX_71_psi21,SCIDX_72_phi11,SCIDX_72_psi21,SCIDX_73_phi11,SCIDX_73_psi21,SCIDX_74_phi11,SCIDX_74_psi21,SCIDX_76_phi11,SCIDX_76_psi21,SCIDX_77_phi11,SCIDX_77_psi21,SCIDX_78_phi11,SCIDX_78_psi21,SCIDX_79_phi11,SCIDX_79_psi21,SCIDX_80_phi11,SCIDX_80_psi21,SCIDX_81_phi11,SCIDX_81_psi21,SCIDX_82_phi11,SCIDX_82_psi21,SCIDX_83_phi11,SCIDX_83_psi21,SCIDX_84_phi11,SCIDX_84_psi21,SCIDX_85_phi11,SCIDX_85_psi21,SCIDX_86_phi11,SCIDX_86_psi21,SCIDX_87_phi11,SCIDX_87_psi21,SCIDX_88_phi11,SCIDX_88_psi21,SCIDX_89_phi11,SCIDX_89_psi21,SCIDX_90_phi11,SCIDX_90_psi21,SCIDX_91_phi11,SCIDX_91_psi21,SCIDX_92_phi11,SCIDX_92_psi21,SCIDX_93_phi11,SCIDX_93_psi21,SCIDX_94_phi11,SCIDX_94_psi21,SCIDX_95_phi11,SCIDX_95_psi21,SCIDX_96_phi11,SCIDX_96_psi21,SCIDX_97_phi11,SCIDX_97_psi21,SCIDX_98_phi11,SCIDX_98_psi21,SCIDX_99_phi11,SCIDX_99_psi21,SCIDX_100_phi11,SCIDX_100_psi21,SCIDX_101_phi11,SCIDX_101_psi21,SCIDX_102_phi11,SCIDX_102_psi21,SCIDX_104_phi11,SCIDX_104_psi21,SCIDX_105_phi11,SCIDX_105_psi21,SCIDX_106_phi11,SCIDX_106_psi21,SCIDX_107_phi11,SCIDX_107_psi21,SCIDX_108_phi11,SCIDX_108_psi21,SCIDX_109_phi11,SCIDX_109_psi21,SCIDX_110_phi11,SCIDX_110_psi21,SCIDX_111_phi11,SCIDX_111_psi21,SCIDX_112_phi11,SCIDX_112_psi21,SCIDX_113_phi11,SCIDX_113_psi21,SCIDX_114_phi11,SCIDX_114_psi21,SCIDX_115_phi11,SCIDX_115_psi21,SCIDX_116_phi11,SCIDX_116_psi21,SCIDX_117_phi11,SCIDX_117_psi21,SCIDX_118_phi11,SCIDX_118_psi21,SCIDX_119_phi11,SCIDX_119_psi21,SCIDX_120_phi11,SCIDX_120_psi21,SCIDX_121_phi11,SCIDX_121_psi21,SCIDX_122_phi11,SCIDX_122_psi21
1738630488.809121000,64:64:4a:bc:f0:ad,64:64:4a:bc:f0:ad,e2:7b:9e:69:54:2b,e2:7b:9e:69:54:2b,55,13,55,13,54,13,54,13,54,13,54,13,54,13,54,13,54,13,54,13,54,13,54,13,54,13,54,13,54,13,54,13,54,12,54,12,54,12,54,12,54,12,54,12,54,12,54,12,54,12,54,12,54,12,55,12,55,12,55,12,55,11,55,11,55,11,55,11,55,11,55,11,56,11,56,11,56,11,56,11,56,11,56,11,56,11,57,11,57,11,57,11,58,10,57,10,58,10,58,10,58,10,58,10,58,10,58,10,58,10,59,10,59,10,59,10,59,10,59,10,60,10,60,10,60,10,60,10,60,10,60,10,60,10,60,10,60,10,61,10,61,10,61,10,61,10,61,10,61,10,61,10,61,10,61,10,61,10,61,10,61,10,62,10,62,10,62,10,62,10,61,10,61,10,61,10,61,10,62,10,62,10,62,10,61,10,61,10,61,10,61,10,61,10,61,10,61,10,61,10,61,10,61,10,61,10,61,10,61,10,61,10,61,10,61,10,61,10,61,10,61,10,61,10,61,10,61,10,61,10,61,10,61,10,61,10,61,9,61,10,61,9,61,9,61,9,61,9,61,9,61,9,61,9,61,9,61,9,61,9,61,9,61,9,61,9,61,9,61,8,61,8,62,8,62,8,62,8,62,8,62,8,62,8,62,8,62,8,62,8,62,8,62,8,62,8,63,8,63,8,63,8,63,8,63,8,63,7,63,7,63,7,63,7,63,7,0,7,0,7,0,7,0,7,0,7,0,7,0,7,1,7,1,7,1,7,1,7,1,7,1,7,1,7,2,7,2,7,2,7,2,7,2,7,2,7,2,7,2,7,2,7,2,7,2,7,3,7,3,7,3,7,3,7,3,7,3,7,3,7,3,7,3,7,4,7,3,7,3,7,4,7,4,7,4,7,4,7,4,7,4,7,4,7,4,7,4,7,5,7,5,7,5,7,5,7,5,7,5,7,5,7,5,7,5,7,6,7,6,7,6,7,6,7,6,7,6,7,6,7,6,7,7,7,7,7,7,8,7,7,7,7,7,7,7,7,7,7,7,7,7,8,8,8,8,8,8,8
1738630488.810606000,64:64:4a:bc:f0:ad,64:64:4a:bc:f0:ad,e2:7b:9e:69:54:2b,e2:7b:9e:69:54:2b,54,13,54,13,54,13,54,13,54,13,54,13,54,13,55,13,54,13,54,13,54,13,54,13,54,13,54,13,54,13,54,13,54,12,54,12,54,12,54,12,54,12,55,12,55,12,54,12,55,12,55,12,55,12,55,11,55,11,55,11,55,11,55,11,55,11,55,11,56,11,56,11,56,11,56,11,56,11,56,11,56,11,56,11,57,11,57,11,57,11,57,10,57,10,57,10,58,10,58,10,58,10,58,10,58,10,58,10,59,10,59,10,59,10,59,10,59,10,59,10,59,10,60,10,59,10,60,10,60,10,60,10,60,10,60,10,60,10,60,10,61,10,61,10,61,10,61,10,61,10,61,10,61,10,61,10,61,10,61,10,61,10,61,10,62,10,62,10,62,10,61,10,61,10,61,10,61,10,61,10,61,10,61,10,61,10,61,10,61,10,61,10,61,10,61,10,61,10,61,10,62,10,61,10,61,10,61,10,61,10,61,10,61,10,62,10,61,10,61,10,61,10,61,10,61,10,61,10,61,10,61,10,61,10,61,10,61,10,61,9,61,9,61,9,61,9,61,9,61,9,61,9,61,9,61,9,61,9,61,9,61,9,61,9,61,9,61,9,61,9,61,8,61,8,61,8,61,8,61,8,61,8,62,8,62,8,62,8,62,8,62,8,62,8,62,8,63,8,63,8,63,8,63,8,63,8,63,7,63,7,63,7,0,7,0,7,0,7,0,7,0,7,0,7,0,7,0,7,1,7,1,7,1,7,1,7,1,7,1,7,1,7,1,7,2,7,2,7,2,7,2,7,2,7,2,7,2,7,2,7,2,7,2,7,2,7,3,7,3,7,3,7,3,7,3,7,3,7,3,7,3,7,3,7,3,7,4,7,4,7,4,7,4,7,4,7,4,7,4,7,4,7,4,7,4,7,5,7,5,7,5,7,5,7,5,7,5,7,5,7,5,7,5,7,5,7,5,7,5,7,6,7,6,7,6,7,6,7,6,7,6,7,6,7,7,7,7,7,7,7,7,7,7,7,7,8,7,8,7,8,7,8,7,8,7,8,8,8
1738630489.744184000,64:64:4a:bc:f0:ad,64:64:4a:bc:f0:ad,e2:7b:9e:69:54:2b,e2:7b:9e:69:54:2b,45,9,45,9,45,9,46,9,46,9,46,9,46,9,46,9,47,9,47,8,47,8,47,8,48,8,48,8,48,8,48,8,49,8,49,8,49,8,49,8,49,8,50,8,50,8,50,8,50,8,51,8,51,8,51,8,51,8,51,8,51,8,51,8,51,7,52,7,52,7,52,7,52,7,52,7,52,7,52,7,52,7,53,7,53,7,53,7,53,7,53,7,53,7,54,7,54,6,54,6,54,7,55,7,55,7,55,6,56,6,56,6,56,6,56,7,57,6,57,7,57,7,57,7,57,7,57,7,58,7,58,7,58,7,58,7,58,7,58,7,58,7,58,7,58,7,58,7,59,7,59,7,59,7,59,7,59,7,59,7,59,7,59,7,59,7,59,7,59,7,59,7,59,7,59,7,59,7,59,7,59,7,59,7,59,7,59,7,59,7,60,7,60,7,60,7,60,7,60,7,60,7,60,7,60,7,60,7,60,7,60,7,60,7,61,7,61,7,61,7,60,7,61,7,61,7,61,7,60,7,61,7,62,7,61,7,62,7,61,7,62,7,62,7,62,7,62,8,62,8,62,8,62,8,62,8,62,8,62,8,62,8,62,8,62,8,62,8,62,8,62,8,62,8,62,8,61,8,61,8,61,8,61,8,61,8,61,8,60,8,60,8,60,8,60,8,60,8,60,8,60,8,60,8,60,7,60,7,60,7,60,7,60,7,60,7,61,7,61,7,61,7,61,7,61,7,61,7,61,7,61,7,61,7,62,7,62,7,62,7,62,7,62,7,62,7,62,7,62,7,62,6,63,6,63,6,63,6,63,6,63,6,63,7,63,7,63,7,63,7,63,7,63,7,63,7,63,7,63,7,0,7,0,7,63,7,63,7,0,7,0,7,0,7,0,7,0,7,0,7,0,7,0,7,0,7,0,7,63,7,63,7,63,7,63,7,63,7,63,7,63,7,0,7,63,7,63,7,63,7,63,7,63,7,63,7,63,7,63,7,63,7,63,7,63,7,63,7,63,7,63,7,63,7,63,7,63,7,63,7,63,7,63,7,63,7,63,7
1738630489.745989000,64:64:4a:bc:f0:ad,64:64:4a:bc:f0:ad,e2:7b:9e:69:54:2b,e2:7b:9e:69:54:2b,45,9,45,9,46,9,46,9,46,9,46,9,46,9,46,9,47,9,47,8,48,8,48,8,48,8,48,8,48,8,48,8,49,8,49,8,49,8,49,8,50,8,50,8,50,8,51,8,51,8,51,8,51,8,51,8,51,8,51,8,51,8,51,8,51,7,52,7,52,7,52,7,52,7,52,7,52,7,52,7,53,7,53,7,53,7,53,7,53,7,53,7,54,7,54,7,54,7,55,7,55,7,55,7,55,7,56,6,56,6,56,6,56,7,57,7,57,7,57,7,57,7,57,7,57,7,58,7,58,7,58,7,58,7,58,7,58,7,58,7,58,7,59,7,59,7,59,7,59,7,59,7,59,8,59,7,59,7,59,7,59,7,59,8,59,8,59,8,59,8,59,8,59,8,59,7,59,8,59,8,59,7,59,7,59,7,59,7,59,7,59,7,59,7,59,7,59,7,60,7,59,7,60,7,60,7,60,7,60,7,60,7,60,7,60,7,60,7,60,7,60,7,61,7,61,7,61,7,61,7,61,7,61,7,62,7,61,7,61,7,62,7,61,7,62,7,62,7,62,7,62,8,62,8,62,8,62,8,62,8,62,8,62,8,62,8,61,8,61,8,62,8,62,8,62,8,61,8,61,8,61,8,61,8,61,8,61,8,61,8,60,8,60,8,60,8,60,8,60,8,60,7,60,7,60,7,60,7,60,7,61,7,61,7,61,7,61,7,61,7,61,7,61,7,61,7,61,7,61,7,61,7,62,7,62,7,62,7,62,7,62,7,62,7,62,7,62,7,62,7,62,6,62,7,63,7,63,7,63,7,63,7,63,7,63,7,63,7,63,7,63,7,63,7,63,7,63,7,0,7,0,7,0,7,0,7,0,7,0,7,0,7,0,7,0,7,0,7,0,7,0,7,0,7,0,7,0,7,0,7,0,7,63,7,63,7,63,7,63,7,63,7,63,7,63,7,63,7,63,7,63,7,63,7,63,7,63,7,63,7,63,7,63,7,63,7,63,7,63,7,63,7,63,7,63,7,63,7,63,7,63,7,63,7,63,7,63,7
1738630489.960637000,64:64:4a:bc:f0:ad,64:64:4a:bc:f0:ad,e2:7b:9e:69:54:2b,e2:7b:9e:69:54:2b,48,11,49,11,48,11,49,11,49,11,49,11,49,11,49,11,50,11,50,11,50,11,51,11,51,11,51,11,51,11,51,11,51,11,52,11,52,11,52,11,52,11,52,11,52,11,52,11,52,11,53,11,53,11,53,11,53,11,52,11,52,11,53,11,53,11,53,11,53,11,53,11,53,11,53,10,53,10,53,10,53,10,53,10,54,10,54,10,53,10,53,10,54,10,54,10,54,10,54,10,54,10,55,10,55,9,55,9,55,9,55,9,55,9,56,9,56,9,56,9,56,9,56,9,56,9,56,9,57,9,57,9,57,9,57,9,57,9,57,9,57,9,57,9,58,9,58,9,58,9,58,9,58,9,58,9,58,9,58,9,58,9,58,9,58,9,59,9,59,9,59,9,59,9,59,9,59,9,59,8,59,8,59,8,60,8,60,8,60,9,60,8,60,8,60,8,60,8,60,8,60,8,61,8,60,8,61,8,61,8,61,8,61,8,61,8,61,8,61,8,62,8,62,8,62,8,62,8,62,8,62,8,62,8,63,8,63,8,63,8,63,8,63,8,0,8,0,8,0,8,0,8,0,8,0,8,0,8,1,8,1,8,1,8,1,8,1,8,1,8,1,8,1,8,1,9,1,9,1,8,1,8,1,9,2,9,2,9,2,9,2,9,2,9,2,9,2,9,2,9,2,9,2,9,2,9,2,9,2,9,2,9,2,9,2,9,2,10,2,10,2,10,2,10,2,10,2,10,2,10,2,10,2,10,2,10,2,10,2,10,2,10,2,10,2,10,1,10,1,10,1,10,1,10,1,10,1,10,1,10,1,10,1,10,1,10,1,10,0,10,0,10,0,10,1,10,0,10,0,10,0,10,0,10,0,10,0,10,0,10,0,10,0,10,0,10,0,10,0,10,0,10,0,10,0,10,0,10,63,10,63,10,63,10,63,10,63,10,62,10,62,10,62,10,62,10,61,10,61,10,61,10,61,9,61,9,61,9,60,9,60,9,60,9,60,9,60,9,60,8,60,8,60,8,60,8,60,8,60,8,61,8,61,7,61,7,61,7
1738630489.962109000,64:64:4a:bc:f0:ad,64:64:4a:bc:f0:ad,e2:7b:9e:69:54:2b,e2:7b:9e:69:54:2b,48,11,48,11,48,11,49,11,49,11,49,11,50,11,50,11,50,11,50,11,50,11,51,11,51,11,51,11,51,11,52,11,52,10,52,11,52,11,52,11,52,11,53,11,53,11,53,11,53,11,53,11,53,11,53,11,53,11,53,11,53,11,53,11,53,11,53,11,53,10,53,10,54,11,54,11,54,10,54,10,54,10,54,10,54,10,54,10,54,10,54,10,55,10,55,10,55,10,55,10,55,10,55,10,55,10,55,9,56,9,56,9,56,9,56,9,56,9,56,9,56,9,57,9,57,9,57,9,57,9,57,9,57,9,57,9,57,9,57,9,57,9,58,9,58,9,58,9,58,9,58,9,58,9,58,9,58,9,58,9,59,9,59,9,59,9,59,9,59,9,59,8,59,8,59,9,59,9,59,9,59,9,60,9,60,8,60,8,60,8,60,8,60,8,60,8,60,8,60,8,61,8,61,8,61,8,61,8,61,8,61,8,61,8,61,8,61,8,62,8,62,8,62,8,62,8,62,8,62,8,62,8,63,8,63,8,63,8,63,8,63,8,63,8,0,8,0,8,0,8,0,8,0,8,0,8,1,8,1,8,1,8,1,8,1,9,1,9,1,8,1,8,1,8,1,8,1,9,1,9,1,9,2,9,2,9,2,9,2,9,2,9,2,9,2,9,2,9,2,9,2,9,2,9,2,9,2,9,2,9,3,10,3,10,3,10,2,10,2,9,2,10,2,10,2,10,2,10,2,10,2,10,2,10,2,10,2,10,1,10,1,10,2,10,2,10,2,10,1,10,1,10,1,10,1,10,1,10,1,10,1,10,1,10,1,10,0,10,0,10,0,10,0,10,0,10,0,10,0,10,0,10,0,10,0,10,0,10,0,10,0,10,0,10,0,10,0,10,0,10,0,10,63,10,63,10,63,10,63,10,63,10,63,10,62,10,62,10,62,10,62,10,61,10,61,10,61,10,61,10,60,10,60,10,60,9,60,9,60,9,60,9,60,9,60,9,60,8,60,8,60,8,60,8,60,8,60,8,60,8,60,7,61,7,61,7,61,7
1738630490.064584000,64:64:4a:bc:f0:ad,64:64:4a:bc:f0:ad,e2:7b:9e:69:54:2b,e2:7b:9e:69:54:2b,52,10,52,10,53,10,53,10,53,10,53,10,53,10,53,10,54,10,54,10,54,10,54,10,54,10,54,10,54,10,55,10,55,10,55,10,55,10,55,10,55,10,55,10,56,10,56,10,56,10,56,10,56,10,56,10,56,10,56,10,56,10,56,10,57,10,57,10,57,10,57,10,57,10,57,10,57,10,57,10,57,10,57,10,58,10,58,10,58,9,58,9,58,10,58,10,58,9,59,9,59,9,59,9,59,9,59,9,59,9,59,9,60,9,60,9,60,9,60,9,60,9,60,9,60,9,60,9,60,9,61,9,61,9,61,9,61,9,61,9,61,9,61,9,61,9,61,9,61,9,61,9,61,9,61,9,61,9,61,9,62,9,62,9,61,9,62,9,62,9,62,9,62,9,62,9,62,9,62,9,62,9,62,9,62,9,62,9,62,9,62,9,62,9,63,9,63,9,63,9,63,9,63,9,63,9,63,9,63,9,63,9,63,9,63,9,63,9,63,9,0,9,0,9,0,9,0,9,0,9,0,9,0,9,0,9,1,9,1,9,1,9,1,9,1,9,1,9,1,9,1,9,2,9,2,9,2,9,2,9,2,9,2,9,2,9,3,9,3,9,3,9,3,9,3,9,3,9,3,9,4,10,4,10,4,10,4,10,4,10,4,10,4,10,4,10,5,10,4,10,4,10,4,10,5,11,5,11,5,11,5,11,5,11,5,11,5,11,5,11,5,11,5,12,4,12,5,12,4,12,4,12,4,12,3,12,3,12,3,12,3,13,1,13,0,13,0,13,0,13,63,13,63,12,62,12,62,12,61,12,60,12,60,12,60,12,60,12,59,12,59,12,59,12,60,12,59,11,59,11,59,11,59,11,59,11,59,10,59,10,59,10,59,10,59,10,59,10,60,10,60,10,60,10,60,10,60,10,59,10,60,9,60,9,60,9,60,9,60,9,60,9,60,9,60,9,60,9,60,9,61,9,61,9,61,9,61,9,61,9,61,9,61,8,61,9,62,8,62,8,62,8,62,8,62,8,62,8,62,8,62,8,62,8,62,8,62,8
1738630490.065924000,64:64:4a:bc:f0:ad,64:64:4a:bc:f0:ad,e2:7b:9e:69:54:2b,e2:7b:9e:69:54:2b,53,10,53,10,52,10,52,10,53,10,53,10,54,10,54,10,54,10,54,10,54,10,54,10,54,10,54,10,54,10,55,10,55,10,55,10,55,10,55,10,55,10,55,10,56,10,56,10,56,10,56,10,56,10,56,10,56,10,56,10,56,10,57,10,57,10,57,10,57,10,57,10,57,10,57,10,57,10,57,10,57,10,58,10,58,10,58,10,58,10,58,10,58,10,59,9,59,9,59,9,59,9,59,9,59,9,59,9,59,9,59,9,60,9,60,9,60,9,60,9,60,9,60,10,60,9,60,9,61,9,61,10,61,10,61,9,61,10,61,10,61,10,61,9,61,9,61,9,61,9,61,10,61,10,61,10,61,10,61,10,62,10,62,10,62,10,62,10,62,10,62,10,62,10,62,10,62,10,62,10,62,9,62,10,62,10,62,10,62,9,62,9,62,9,62,9,62,9,62,9,62,9,62,9,62,9,63,9,63,9,63,9,63,9,63,9,63,9,63,9,63,9,63,9,63,9,0,9,0,9,0,9,0,9,1,9,0,9,0,9,1,9,1,9,1,9,1,9,1,9,1,9,2,9,2,9,2,9,2,9,2,9,2,9,2,9,3,9,2,9,2,9,3,9,3,9,3,9,3,10,3,10,4,10,3,10,3,10,4,10,4,10,4,10,4,10,4,10,4,10,4,10,4,10,4,10,4,11,4,11,4,11,4,11,4,11,4,11,4,11,4,12,4,12,4,12,4,12,4,12,4,12,4,12,3,13,3,12,2,12,1,12,1,12,0,12,0,12,63,12,63,13,63,13,62,12,61,12,61,12,60,12,60,12,59,12,59,12,59,12,59,11,59,11,59,11,59,11,59,11,58,11,58,11,59,10,59,10,59,10,59,10,59,10,59,10,59,10,59,10,59,10,59,9,59,9,60,9,60,9,60,9,59,9,60,9,60,9,60,9,60,9,60,9,60,9,60,9,60,9,61,9,61,9,61,9,61,9,61,9,61,8,61,8,61,8,61,8,61,8,62,8,62,8,62,8,62,8,62,8,62,8,62,8,62,8,62,8
1738630490.204476000,64:64:4a:bc:f0:ad,64:64:4a:bc:f0:ad,e2:7b:9e:69:54:2b,e2:7b:9e:69:54:2b,48,12,48,12,48,12,48,12,48,12,48,12,49,12,49,12,49,11,49,11,49,11,49,11,49,11,50,11,50,11,50,11,50,11,51,11,51,11,50,11,51,11,51,11,52,11,52,11,52,11,52,10,52,10,52,10,52,10,52,10,52,10,53,10,53,10,53,10,53,10,53,10,53,10,54,10,54,10,54,10,54,10,54,10,54,10,55,10,55,10,55,10,55,9,55,9,55,9,56,9,56,9,56,9,56,9,56,9,56,9,57,9,57,9,57,9,57,9,57,9,57,9,58,9,58,9,58,9,58,9,59,9,59,9,59,8,59,8,59,8,60,8,60,8,60,8,60,8,60,9,60,9,60,9,61,8,61,8,61,8,61,9,61,9,61,9,61,9,62,9,62,9,62,9,62,9,62,9,62,9,62,9,62,9,62,9,62,9,62,9,63,9,63,9,63,9,63,9,63,9,63,9,63,9,63,9,63,9,63,9,63,9,63,9,63,9,63,9,0,9,0,9,0,9,0,9,0,9,0,9,0,9,0,9,0,9,0,9,0,9,1,9,1,9,1,9,1,9,1,9,1,9,1,9,1,9,1,9,1,9,1,9,1,9,1,9,1,9,1,9,2,9,2,9,2,9,2,9,2,9,2,9,2,9,2,9,2,9,2,9,2,9,2,9,2,9,2,9,2,9,3,9,3,9,2,9,3,9,3,9,3,9,3,9,3,9,3,9,3,9,3,9,3,9,3,9,3,10,3,10,3,10,3,10,3,10,3,10,3,10,3,10,3,10,3,10,3,10,3,10,3,10,3,10,3,10,3,10,3,10,3,10,3,10,3,10,3,10,3,10,3,10,3,10,3,10,3,10,3,10,3,10,3,10,3,10,3,10,3,10,3,10,3,10,3,10,3,10,2,10,2,10,2,10,2,10,2,10,2,10,2,10,2,10,2,10,1,10,1,10,2,10,2,10,2,10,1,10,1,10,1,10,1,10,1,10,1,10,1,10,0,10,1,10,1,10,1,10,1,10,1,10,1,9,0,9,0,9,1,9,1,9,1,9,1,9,1,9
1738630490.322728000,64:64:4a:bc:f0:ad,64:64:4a:bc:f0:ad,e2:7b:9e:69:54:2b,e2:7b:9e:69:54:2b,46,14,46,14,45,14,46,13,45,13,45,13,46,13,47,13,47,13,47,13,46,13,47,13,47,13,47,12,48,12,48,12,48,13,48,12,48,12,48,12,48,12,49,12,49,12,49,12,49,12,50,12,50,12,50,11,50,11,50,11,51,11,51,11,51,11,51,11,51,11,51,11,52,11,51,11,51,11,52,11,52,10,52,10,52,10,52,10,52,10,53,10,53,10,53,10,53,10,53,10,53,9,54,9,54,9,54,9,54,9,54,9,54,9,55,9,55,9,55,9,55,9,56,9,56,9,56,8,56,8,56,8,57,8,57,8,57,8,58,8,58,8,58,8,58,8,58,8,58,8,58,8,59,8,59,8,59,8,59,8,60,8,60,8,60,8,60,8,60,8,61,8,61,8,61,8,61,8,62,8,62,8,62,8,62,8,62,8,62,8,62,8,63,8,63,8,63,8,63,8,63,8,63,8,63,8,63,8,63,8,63,8,0,8,0,8,0,9,0,9,0,8,0,8,0,8,0,9,1,9,0,9,0,9,0,9,1,8,1,9,0,9,0,9,0,9,0,9,1,9,1,9,1,9,1,9,1,9,1,9,1,9,1,9,1,9,1,9,1,9,1,9,1,9,1,9,1,9,1,9,1,9,1,9,1,9,1,9,1,9,1,9,1,9,1,9,1,9,1,9,1,9,1,9,1,9,1,9,1,9,1,9,1,9,1,9,1,9,2,9,1,9,1,9,1,9,2,9,2,9,2,9,2,9,2,9,2,9,2,8,2,8,2,8,2,8,2,9,2,9,2,8,2,8,2,8,3,8,2,8,2,8,2,8,3,9,3,9,3,8,3,8,3,8,3,8,3,9,3,9,3,9,3,8,3,9,3,8,3,9,3,9,4,9,4,9,4,9,4,9,4,9,4,9,4,9,4,9,4,9,4,9,4,9,4,9,4,9,4,9,4,9,4,9,4,9,4,9,4,9,4,9,4,9,4,9,4,10,3,10,3,10,3,10,3,10,3,9,3,9,3,9,3,9,3,9,3,9,3,9,3,10,3,9,3,10,2,9
1738630490.324098000,64:64:4a:bc:f0:ad,64:64:4a:bc:f0:ad,e2:7b:9e:69:54:2b,e2:7b:9e:69:54:2b,45,14,46,14,46,14,46,13,45,13,46,13,47,13,47,13,47,13,47,13,48,13,47,13,47,13,48,13,48,13,47,12,48,12,48,12,48,12,49,12,49,12,49,12,50,12,50,12,50,12,50,12,50,11,50,11,50,11,50,11,50,11,51,11,51,11,51,11,51,11,51,11,52,11,51,11,51,11,52,11,52,11,52,10,52,10,52,10,52,10,52,10,52,10,53,10,53,10,53,10,53,10,53,9,53,9,54,9,54,9,54,9,54,9,55,9,55,9,55,9,55,9,55,9,55,8,56,8,56,8,56,8,57,8,57,8,57,8,57,8,58,8,58,8,58,8,58,8,59,8,59,8,59,8,59,8,59,8,59,8,60,8,60,8,60,8,61,8,61,8,61,8,61,8,61,8,61,8,62,8,62,8,62,8,62,8,62,8,62,8,63,8,63,8,63,8,63,8,63,8,63,8,63,8,63,8,63,8,63,8,63,8,0,8,0,8,0,8,0,8,0,8,0,8,0,8,0,8,0,8,0,8,1,9,1,9,0,9,0,9,1,9,0,9,1,9,1,9,1,9,0,9,1,9,1,9,1,9,1,9,1,9,1,9,1,9,1,9,1,9,1,9,1,9,1,9,1,9,1,9,1,9,1,9,1,9,1,9,1,9,1,9,1,9,1,9,1,9,1,9,1,9,2,9,2,9,1,9,1,9,1,9,1,9,1,9,2,9,2,9,2,9,2,9,2,8,2,9,2,9,2,9,2,9,2,9,2,9,2,9,2,9,2,9,2,9,2,9,2,9,2,9,2,9,3,8,2,8,3,8,3,8,3,9,3,9,3,9,3,9,3,9,3,8,3,8,3,9,4,9,4,9,4,9,4,9,4,8,4,8,4,9,4,9,4,9,4,9,4,9,4,9,4,9,4,9,4,9,4,9,4,9,4,9,4,9,4,9,4,9,4,9,4,9,4,10,3,10,3,10,3,10,3,10,3,10,3,10,3,10,3,10,3,10,3,10,3,10,3,9,3,9,3,9,3,10,3,10,3,10,2,10,3,9,2,9,2,9
1738630490.468907000,64:64:4a:bc:f0:ad,64:64:4a:bc:f0:ad,e2:7b:9e:69:54:2b,e2:7b:9e:69:54:2b,50,11,50,12,50,11,50,11,51,11,51,11,51,11,51,11,51,11,51,11,51,11,51,11,52,11,52,11,52,11,52,10,52,10,52,10,52,10,53,10,53,10,53,10,53,10,53,10,53,10,53,10,53,10,54,10,54,10,54,10,54,10,54,10,54,10,54,10,54,10,55,9,55,9,55,9,55,9,55,9,55,9,55,9,55,9,56,9,56,9,56,9,56,9,56,9,56,9,57,8,57,8,57,8,57,8,57,8,57,8,58,8,58,8,58,8,58,8,59,8,59,8,59,8,59,8,59,8,60,8,60,8,60,8,60,8,61,8,61,8,61,8,61,8,61,8,61,8,62,8,62,8,62,8,62,8,62,8,62,8,63,8,63,8,63,8,63,8,63,8,63,8,63,8,63,8,0,8,0,8,0,8,0,8,0,8,0,8,0,8,0,8,0,8,0,8,0,8,0,8,0,8,0,8,0,9,1,9,1,8,1,8,1,9,1,9,1,9,1,9,1,9,1,9,1,9,1,9,1,9,1,9,1,9,1,9,1,9,1,9,1,9,1,9,1,9,1,9,1,9,1,9,1,9,1,9,1,9,1,9,2,9,2,9,2,9,2,9,2,9,2,9,2,9,2,9,2,9,2,9,2,9,2,9,3,9,3,9,3,9,3,9,3,9,3,9,3,9,3,9,3,9,4,9,4,9,4,9,4,9,4,9,4,9,4,9,4,9,4,9,4,9,4,9,4,9,4,9,4,9,4,9,4,10,4,10,4,10,4,10,5,10,5,10,4,10,4,10,4,10,4,10,4,10,4,10,4,10,4,10,4,10,4,10,4,10,4,10,4,10,4,10,3,10,3,10,3,11,3,10,3,10,3,10,2,10,2,10,2,10,2,10,2,10,2,11,2,10,2,10,2,10,2,10,1,10,1,10,1,10,1,10,1,10,1,10,1,10,1,10,0,10,0,10,0,10,0,10,0,10,0,10,0,10,0,10,0,10,0,10,63,10,0,9,0,9,0,9,0,9,0,9,0,9,0,9,0,9,0,9,0,9,0,9,0,9,0,9
1738630490.681749000,64:64:4a:bc:f0:ad,64:64:4a:bc:f0:ad,e2:7b:9e:69:54:2b,e2:7b:9e:69:54:2b,55,10,55,10,55,10,56,9,56,9,56,9,56,9,56,9,56,9,56,9,56,9,56,9,56,9,57,9,56,9,56,9,57,9,57,9,57,9,57,9,57,9,57,9,57,9,57,9,57,9,57,9,57,9,57,9,57,9,58,9,58,9,58,9,58,9,58,8,58,8,58,8,58,8,58,8,59,8,59,8,59,8,59,8,59,8,59,8,59,8,59,8,60,8,60,8,60,8,60,8,60,8,60,8,60,8,60,7,61,7,61,7,61,7,61,7,61,7,61,7,62,7,62,7,62,7,62,7,62,7,63,7,63,7,63,7,63,7,63,7,0,7,0,8,0,8,0,8,0,8,0,8,0,8,0,8,0,8,0,8,1,8,1,8,1,8,1,8,1,8,1,8,1,8,1,8,1,8,1,8,1,8,1,8,1,8,1,8,2,8,1,8,1,8,1,8,1,8,1,8,1,8,2,8,2,8,1,8,2,8,2,8,2,8,2,8,2,8,2,8,2,8,2,8,2,8,2,9,2,8,2,8,2,8,2,8,2,8,2,8,2,8,2,8,2,8,2,8,2,8,2,8,3,8,3,8,3,8,3,8,3,8,3,8,3,8,3,8,3,8,3,8,3,8,4,8,4,8,4,8,4,9,4,8,4,8,4,8,4,9,4,9,4,9,4,9,4,9,4,9,5,9,5,9,5,9,5,9,5,9,5,9,5,9,5,9,5,9,5,9,5,9,5,9,5,10,5,10,5,10,5,10,5,10,5,10,5,10,5,10,5,10,5,10,4,10,4,10,4,10,4,10,4,10,4,11,3,11,3,10,3,11,3,11,2,11,2,11,2,11,2,11,2,11,1,11,1,10,1,10,1,10,1,10,1,10,0,10,0,10,0,10,0,10,0,10,0,10,0,10,0,10,0,9,0,9,0,9,0,9,0,9,0,9,0,9,0,9,0,9,0,9,0,9,0,9,0,9,0,9,0,9,0,8,0,8,0,8,0,8,0,8,0,8,1,8,1,8,1,8,1,8,1,8,1,8,1,8,1,8,1,8,1,8,1,8,1,8
1738630490.833802000,64:64:4a:bc:f0:ad,64:64:4a:bc:f0:ad,e2:7b:9e:69:54:2b,e2:7b:9e:69:54:2b,52,11,52,11,52,11,52,11,53,11,53,11,53,11,53,11,53,11,53,11,53,11,53,11,53,11,53,11,53,11,54,11,54,11,54,10,54,10,54,10,54,10,54,10,54,10,54,10,54,10,54,10,54,10,54,10,54,10,54,10,54,10,55,10,55,9,55,9,55,9,55,9,55,9,55,9,55,9,55,9,55,9,55,9,55,9,55,9,55,9,56,8,56,8,56,8,56,8,56,8,56,8,56,8,56,8,56,8,57,8,57,7,57,7,57,7,57,7,57,7,57,7,58,7,58,7,58,7,58,7,59,7,59,7,59,7,59,6,59,6,60,6,60,6,61,6,61,6,61,6,61,6,61,6,62,6,62,6,62,6,63,6,63,6,63,6,63,6,0,6,0,6,0,6,0,6,0,7,1,7,1,7,1,7,1,7,1,7,1,7,1,7,2,7,2,7,2,7,2,7,2,7,2,7,2,7,2,7,2,7,2,7,3,8,3,8,3,8,3,8,3,8,3,8,3,8,3,8,3,8,3,8,3,8,3,8,3,8,3,8,3,8,3,8,3,8,3,8,2,8,3,9,3,8,3,8,2,8,2,8,2,8,3,9,3,8,3,8,3,8,3,8,2,8,2,9,2,9,2,9,2,9,2,8,3,8,3,8,3,8,3,8,3,9,3,9,3,9,2,8,3,8,3,8,3,9,3,8,3,9,3,9,3,9,3,9,3,9,3,9,3,9,3,9,3,9,3,9,3,9,3,9,3,9,3,9,3,9,3,9,3,9,3,9,3,9,3,9,3,9,3,9,3,9,3,9,3,9,3,9,3,9,3,9,3,9,3,9,2,9,2,9,2,9,2,9,2,9,2,9,2,9,2,9,2,9,2,9,2,9,2,9,2,9,2,9,2,9,2,9,2,9,2,9,2,9,1,9,1,9,2,9,2,9,2,9,1,9,1,9,1,9,1,9,1,9,1,9,2,9,1,8,1,8,1,8,1,8,1,8,1,8,1,8,1,8,1,8,1,8,1,8,1,8,1,8,1,8,1,8,1,8,1,8,2,8,1,8
1738630490.966622000,64:64:4a:bc:f0:ad,64:64:4a:bc:f0:ad,e2:7b:9e:69:54:2b,e2:7b:9e:69:54:2b,52,13,52,13,52,13,51,13,52,13,52,13,52,13,52,13,53,13,53,12,53,12,52,12,52,12,52,12,52,12,52,12,52,12,52,12,53,12,53,12,53,12,53,12,53,11,53,11,53,11,53,11,53,11,53,11,53,11,54,11,54,11,53,11,54,11,54,11,54,11,54,11,54,11,54,10,54,10,54,10,54,10,54,10,54,10,54,10,54,10,54,10,55,9,54,9,54,9,55,9,55,9,55,9,55,9,55,9,55,9,55,8,55,8,55,8,56,8,56,8,56,8,56,8,56,8,57,8,57,8,57,7,57,7,58,7,58,7,58,7,58,7,59,7,59,7,59,7,59,7,60,7,60,7,60,7,60,7,61,7,61,7,61,7,62,7,62,7,62,7,62,7,63,7,63,7,63,7,63,7,0,7,0,7,0,7,0,7,0,7,0,7,1,7,1,7,1,7,1,7,1,7,2,7,2,7,2,7,2,7,2,7,2,7,2,7,2,7,3,8,3,8,3,8,3,8,3,8,3,8,3,8,3,8,3,8,3,8,3,8,4,8,3,8,3,8,3,9,3,8,3,9,3,9,3,9,3,9,3,9,3,9,3,9,3,9,3,9,3,9,3,9,3,9,3,9,3,9,3,9,3,9,3,9,3,9,3,9,3,9,3,9,3,9,3,9,3,9,3,9,3,9,2,9,3,9,3,9,3,9,2,9,3,9,3,9,3,9,3,9,3,9,3,9,3,9,3,9,3,9,3,9,3,9,3,9,3,9,3,9,3,9,3,9,3,9,3,9,2,9,3,9,3,9,3,9,3,9,3,9,3,9,3,9,3,9,2,9,2,9,3,9,2,9,2,9,2,9,2,9,2,9,2,9,2,9,2,9,2,9,2,9,2,9,2,9,2,9,2,9,2,9,2,9,2,9,3,9,2,9,2,9,2,9,2,9,2,9,2,9,2,9,2,9,2,9,2,9,3,9,2,9,2,9,2,9,2,9,2,9,2,9,2,9,2,9,2,9,2,9,2,9,2,9,2,9,2,9,2,9,2,9,1,9,1,9,1,9
1738630490.967944000,64:64:4a:bc:f0:ad,64:64:4a:bc:f0:ad,e2:7b:9e:69:54:2b,e2:7b:9e:69:54:2b,52,13,52,13,52,13,52,13,52,13,52,13,52,13,52,13,52,13,52,13,52,12,52,12,52,12,52,12,52,12,52,12,53,12,52,12,52,12,53,12,53,12,53,12,53,12,53,11,53,11,53,11,53,11,53,11,53,11,53,11,53,11,53,11,53,11,54,11,54,11,54,11,54,10,54,10,54,10,54,10,54,10,54,10,54,10,54,10,54,10,54,10,54,9,54,9,55,9,55,9,55,9,55,9,55,9,55,9,55,9,55,8,56,8,56,8,56,8,56,8,56,8,56,8,56,8,57,8,57,8,57,7,57,7,58,7,58,7,58,7,58,7,59,7,59,7,59,7,59,7,60,7,60,7,60,7,60,7,61,7,61,7,61,7,62,7,62,7,62,7,63,7,63,7,63,7,63,7,63,7,0,7,0,7,0,7,0,7,0,7,1,7,1,7,1,7,1,7,1,7,2,7,2,7,2,7,2,7,2,7,2,7,2,7,2,7,2,8,3,8,3,8,3,8,3,8,3,8,3,8,3,8,3,8,3,8,3,8,3,8,4,8,4,9,4,9,3,9,3,9,3,9,3,9,3,9,3,9,3,9,3,9,3,9,3,9,3,9,3,9,3,9,3,9,3,9,3,9,3,9,3,9,3,9,3,9,3,9,3,9,3,9,3,9,3,9,3,9,3,9,3,9,3,9,3,9,3,9,3,9,3,9,3,9,3,9,3,9,3,9,3,9,3,9,3,9,3,9,3,9,3,9,3,9,3,9,3,9,3,9,3,9,3,9,3,9,3,9,3,9,3,9,3,9,3,9,3,9,3,9,3,9,3,9,3,9,2,9,2,9,2,9,3,9,3,9,2,9,3,9,2,9,2,9,2,9,2,9,2,9,2,9,2,9,2,9,2,9,2,9,2,9,2,9,2,9,2,9,2,9,2,9,2,9,2,9,2,9,2,9,2,9,2,9,2,9,2,9,2,9,2,9,2,9,2,9,2,9,2,9,2,9,2,9,2,9,2,9,2,9,2,9,1,9,2,9,2,9,1,9,1,9,1,9,1,9,1,9
1738630491.380024000,64:64:4a:bc:f0:ad,64:64:4a:bc:f0:ad,e2:7b:9e:69:54:2b,e2:7b:9e:69:54:2b,47,12,47,12,47,11,47,12,48,11,48,11,48,11,48,11,49,11,49,11,49,11,49,11,49,11,49,11,49,11,50,11,50,11,50,11,50,11,50,11,50,11,50,11,51,10,51,10,51,10,51,10,51,10,51,10,52,10,52,10,52,10,52,10,52,10,52,10,52,10,52,10,52,10,52,10,53,10,53,10,53,10,53,9,53,9,53,9,53,9,54,9,54,9,54,9,54,9,54,9,54,9,54,8,55,8,55,8,55,8,55,8,56,8,56,8,56,8,56,8,57,8,57,8,57,8,57,8,58,8,58,8,58,8,58,8,59,8,59,7,59,7,59,7,60,7,60,8,60,8,60,8,60,8,61,8,61,8,61,8,61,8,62,8,62,8,62,8,62,8,62,8,63,8,63,8,63,8,63,8,63,8,63,8,63,8,63,8,0,8,0,8,0,8,0,8,0,8,0,8,0,8,0,8,0,8,1,8,1,8,1,8,1,8,1,8,1,8,1,8,1,8,1,8,1,9,1,9,1,9,1,9,1,9,1,9,1,9,1,9,2,9,2,9,2,9,1,9,1,9,1,9,2,9,2,9,1,9,2,9,2,9,2,9,2,9,1,9,2,9,2,9,2,9,2,9,2,9,2,9,2,9,2,9,2,9,2,9,2,9,2,9,2,9,2,9,2,9,2,9,3,9,3,9,3,9,3,9,3,9,3,9,3,9,3,9,3,9,3,9,3,9,3,9,3,9,3,9,3,9,4,9,3,9,3,9,4,9,4,9,4,9,4,9,4,9,4,9,4,9,4,9,4,9,4,9,4,9,4,9,4,9,4,9,4,9,4,10,4,10,4,10,4,10,4,10,4,10,4,10,4,10,4,10,4,10,4,10,4,10,4,10,4,10,4,10,4,10,4,10,4,10,4,10,3,10,3,10,3,10,3,10,3,10,3,10,3,10,3,10,3,10,3,10,3,10,3,10,3,10,3,10,3,10,3,10,2,10,3,10,3,10,3,10,3,10,3,10,2,10,2,10,2,10,2,10,2,10,3,10,3,10,2,9,2,10,2,9
1738630492.547319000,64:64:4a:bc:f0:ad,64:64:4a:bc:f0:ad,e2:7b:9e:69:54:2b,e2:7b:9e:69:54:2b,53,14,53,14,52,14,54,14,53,14,52,14,52,14,52,14,52,14,52,14,51,14,51,14,52,14,52,14,51,14,51,14,51,14,51,14,50,14,49,14,49,14,49,14,49,14,48,13,48,13,48,13,48,13,48,13,48,13,47,13,47,13,48,13,48,13,48,13,47,13,47,13,47,13,47,13,47,12,47,12,47,12,48,12,48,12,47,12,48,12,48,12,48,11,48,11,48,11,49,11,49,11,48,11,49,11,49,11,49,11,49,11,49,10,49,10,49,10,49,10,50,10,50,10,50,10,50,10,50,10,50,9,50,9,50,9,51,9,51,9,51,9,51,9,51,9,52,8,52,8,52,8,52,8,52,8,52,8,53,8,53,8,54,7,54,7,54,7,54,7,55,7,55,7,55,7,56,7,56,7,56,7,57,7,57,7,57,7,57,7,58,7,58,7,58,7,59,7,59,7,59,7,60,7,60,7,60,7,60,7,60,7,61,7,61,7,62,7,62,7,62,7,62,7,63,7,63,8,63,7,63,8,63,8,0,8,1,8,0,8,0,8,0,9,0,9,0,9,1,9,1,9,1,9,0,9,0,10,0,10,0,10,0,10,0,10,0,10,0,10,0,10,0,10,0,10,63,10,63,11,63,11,63,11,63,11,62,10,62,10,62,10,62,11,61,11,61,11,61,11,61,11,60,11,60,11,60,10,59,10,59,10,59,10,59,10,59,10,58,10,58,10,58,10,58,10,58,10,58,9,58,9,57,9,57,9,57,9,58,9,58,9,57,9,58,9,58,8,57,8,58,8,58,8,58,8,58,8,58,8,58,8,58,7,58,7,58,7,58,7,59,7,59,7,59,7,59,7,59,7,59,7,60,7,60,7,60,7,60,7,60,7,60,7,60,7,60,7,61,6,61,6,61,6,61,6,61,6,61,6,61,6,62,6,62,6,62,6,62,6,62,6,62,6,62,6,62,6,62,6,63,6,63,6,63,6,63,6,63,6,63,6,63,6,63,6,63,6,63,6,0,6,0,6,0,6,0,6,0,6,0,6,1,6,0,6,1,6
1738630492.549043000,64:64:4a:bc:f0:ad,64:64:4a:bc:f0:ad,e2:7b:9e:69:54:2b,e2:7b:9e:69:54:2b,54,13,53,14,54,14,54,14,54,14,53,14,52,14,52,14,53,14,53,14,52,14,52,14,52,14,52,14,51,14,51,14,51,14,51,14,51,14,50,14,50,14,50,14,49,14,49,13,49,13,49,14,49,14,49,13,48,13,48,13,47,13,47,13,48,13,48,13,48,13,48,13,48,13,48,12,48,12,47,12,47,12,47,12,48,12,48,12,48,12,48,12,48,11,48,11,48,11,49,11,49,11,49,11,49,11,49,11,49,11,49,11,49,11,50,10,49,10,49,10,49,10,50,10,50,10,50,10,50,10,50,10,50,9,50,9,51,9,51,9,51,9,51,9,51,9,51,9,51,8,52,8,52,8,52,8,52,8,53,8,53,8,53,8,54,7,54,7,54,7,55,7,55,7,55,7,56,7,56,7,56,7,56,7,57,7,57,7,57,7,58,7,58,7,58,7,59,7,59,7,59,7,60,7,60,7,60,7,60,7,60,7,61,7,61,7,62,7,62,7,62,7,62,7,63,7,63,7,63,7,63,8,0,8,0,8,0,8,0,8,0,9,0,9,1,9,1,9,1,9,1,9,1,9,1,10,0,10,0,10,0,10,0,10,0,10,0,10,0,10,0,10,63,10,63,10,63,10,63,10,63,11,62,11,62,11,62,11,62,11,62,11,61,11,61,11,61,11,61,11,60,11,60,11,60,11,60,11,59,10,59,10,59,10,58,10,58,10,58,10,58,10,58,10,58,10,58,10,58,9,58,9,58,9,58,9,57,9,58,9,58,9,58,9,58,8,58,8,57,8,58,8,58,8,58,8,58,8,58,8,58,8,58,8,58,8,58,8,59,7,59,7,59,7,59,7,59,7,59,7,60,7,60,7,60,7,60,7,60,7,60,7,60,7,60,7,61,7,61,7,61,7,61,6,61,6,61,6,61,6,61,6,62,6,62,6,62,6,62,6,62,6,62,6,62,6,62,6,62,6,62,6,63,6,63,6,63,6,63,6,63,6,63,6,63,6,63,6,63,6,0,6,0,6,0,6,0,6,0,6,0,6,0,6,0,6,1,6
1738630492.832706000,64:64:4a:bc:f0:ad,64:64:4a:bc:f0:ad,e2:7b:9e:69:54:2b,e2:7b:9e:69:54:2b,53,12,53,12,53,12,53,12,53,12,53,12,53,12,53,12,53,12,53,12,53,12,53,12,53,12,53,12,53,12,53,12,53,12,53,12,52,12,52,12,52,12,52,12,52,12,52,12,52,12,52,12,52,12,52,12,51,12,51,12,51,12,51,12,51,12,51,12,51,12,51,12,51,12,51,12,50,11,50,11,51,11,51,11,51,11,51,11,51,11,51,11,51,11,51,11,51,10,51,11,51,10,51,10,51,10,51,10,51,10,51,10,51,10,51,10,52,10,52,10,52,10,52,10,52,9,52,9,52,9,52,9,53,9,53,9,53,9,53,9,53,9,53,8,53,8,53,8,53,8,53,8,54,8,54,8,54,8,54,8,54,8,55,7,55,7,55,7,55,7,55,7,56,7,56,7,56,7,56,7,57,7,57,7,57,7,58,7,58,7,58,7,58,7,59,7,59,6,59,6,59,6,59,7,60,6,60,6,61,6,61,6,61,6,61,6,62,6,62,6,62,6,62,6,63,7,63,7,0,7,63,7,0,7,1,7,1,7,1,7,1,7,1,7,2,8,2,8,2,8,2,8,3,8,3,8,3,8,3,8,3,9,3,9,3,9,3,9,3,9,3,9,3,9,3,9,3,9,3,9,3,10,3,10,3,10,3,10,3,10,3,10,3,10,3,10,3,11,3,11,3,11,3,11,3,11,2,11,2,11,1,11,1,11,0,11,0,12,0,12,63,12,63,12,63,12,62,12,62,12,61,12,61,11,61,11,61,11,61,11,60,11,59,11,59,11,59,11,59,11,59,11,58,11,58,10,59,10,59,10,59,10,58,10,58,10,58,10,58,10,58,9,58,9,58,9,58,9,58,9,59,9,59,9,59,9,59,9,59,8,59,8,59,8,59,8,59,8,59,8,59,8,59,8,60,8,60,8,60,8,60,8,60,8,60,8,60,8,60,7,60,7,60,7,60,7,61,7,61,7,60,7,61,7,61,7,61,7,61,7,61,7,61,7,62,7,62,7,62,7,62,7,62,7,62,7,62,7,63,7,63,7,63,6,63,7,63,7
1738630494.982199000,64:64:4a:bc:f0:ad,64:64:4a:bc:f0:ad,e2:7b:9e:69:54:2b,e2:7b:9e:69:54:2b,2,14,3,13,3,14,4,14,3,14,4,14,4,14,4,14,2,14,2,14,2,15,2,15,0,15,62,15,60,15,60,15,58,15,57,15,53,15,52,15,53,15,52,14,52,14,52,14,52,14,52,14,51,14,51,14,51,14,51,13,51,13,52,13,52,13,52,13,52,13,52,13,52,13,52,13,52,13,52,13,52,13,52,13,52,13,52,12,52,12,52,12,52,12,52,12,52,12,52,12,52,12,52,12,52,11,52,11,52,11,52,11,52,11,52,11,52,11,52,11,52,11,52,10,52,10,53,10,53,10,53,10,53,10,53,10,53,10,53,9,54,9,54,9,54,9,54,9,54,9,55,9,55,9,55,9,55,8,56,8,56,8,56,8,56,8,57,8,57,8,57,8,57,8,57,8,58,8,58,8,58,8,58,8,59,7,59,7,59,7,59,7,60,7,60,7,60,7,60,7,60,7,60,7,61,7,61,7,61,7,61,7,62,7,62,7,62,7,63,7,63,7,63,7,63,7,63,7,63,7,0,7,0,7,0,7,0,7,1,8,1,8,1,8,1,8,1,8,1,8,1,8,2,8,2,8,2,8,2,8,2,8,2,8,2,8,2,9,2,9,2,9,2,9,2,9,2,9,2,9,1,9,1,9,2,9,1,9,1,9,1,9,1,9,1,9,1,9,0,9,0,9,0,9,0,9,0,9,0,9,0,9,0,9,63,9,63,9,63,9,63,9,63,9,63,8,63,8,63,8,63,8,63,8,63,8,63,8,63,8,63,8,63,8,63,8,63,7,63,7,63,7,63,7,63,7,0,7,0,7,0,7,0,7,0,6,1,7,1,7,1,6,1,6,1,6,2,6,2,6,2,6,3,6,3,6,3,6,3,6,4,6,4,6,4,6,4,6,5,6,5,6,5,6,5,6,5,6,6,6,6,6,6,6,6,6,6,7,6,7,7,7,7,7,7,7,7,7,7,7,7,7,7,7,8,7,8,7,8,7,8,7,8,7,8,8,8,8,8,8,8,8,8,8,8,8,8,8,8,8,8,8,8,8,8,8,8,8
1738630495.439606000,64:64:4a:bc:f0:ad,64:64:4a:bc:f0:ad,e2:7b:9e:69:54:2b,e2:7b:9e:69:54:2b,8,15,12,15,24,15,36,15,35,15,41,15,43,15,41,15,42,15,42,14,43,14,41,14,41,14,43,14,45,14,46,14,46,14,45,14,45,14,46,13,46,13,46,13,47,13,48,13,48,13,47,13,48,13,48,13,48,13,48,13,49,13,49,13,49,12,49,12,49,12,49,12,49,12,50,12,50,12,50,12,50,12,50,12,51,12,50,12,50,12,51,12,51,11,51,11,51,11,51,11,51,11,51,11,51,11,51,11,52,11,52,11,52,10,52,10,52,10,52,10,52,10,52,10,52,10,52,10,53,10,53,9,53,9,53,9,53,9,54,9,54,9,54,9,54,9,55,9,55,9,55,9,55,9,56,8,56,8,56,8,56,8,57,8,57,8,57,8,57,8,58,8,58,8,58,8,58,8,58,8,59,8,59,8,59,8,59,8,60,8,60,8,60,8,60,8,60,8,61,8,61,8,61,8,61,8,61,8,62,8,62,8,62,8,62,8,63,8,63,8,63,8,63,8,63,8,63,8,63,8,0,8,63,8,0,8,0,9,0,8,1,9,1,9,1,9,1,9,1,9,1,9,1,9,1,9,1,9,1,9,1,9,1,9,1,9,1,9,1,9,1,10,1,10,1,10,0,10,0,10,0,10,0,10,0,10,0,10,0,10,0,10,63,10,63,10,63,10,63,10,63,10,63,10,62,10,62,9,62,9,62,9,61,9,61,9,61,9,62,9,62,9,61,9,61,9,61,9,61,8,61,8,61,8,61,8,61,8,61,8,61,8,62,8,61,7,61,7,61,7,62,7,62,7,62,7,62,7,62,7,62,7,63,7,63,6,63,6,63,6,0,6,0,6,0,6,1,6,1,6,1,6,2,6,2,6,2,6,3,6,3,6,3,6,4,6,4,6,4,6,4,6,5,6,5,6,5,6,5,6,5,6,5,6,6,6,6,6,6,6,6,6,7,7,7,7,7,7,7,7,7,7,7,7,7,7,8,7,8,7,8,7,8,7,8,7,8,7,8,7,8,8,8,8,8,8,8,8,8,8,8,8,8,8,8,8,8,8
1738630495.700433000,64:64:4a:bc:f0:ad,64:64:4a:bc:f0:ad,e2:7b:9e:69:54:2b,e2:7b:9e:69:54:2b,40,15,32,15,33,15,34,15,39,15,39,15,38,15,39,15,41,15,42,14,42,14,42,14,42,14,42,14,42,14,43,14,44,14,45,13,45,14,46,13,46,13,45,13,46,13,47,13,47,13,47,13,47,13,47,13,48,12,48,12,48,12,48,12,49,12,49,12,49,12,49,12,49,12,49,12,49,12,49,12,49,12,49,12,49,12,49,12,50,12,50,12,50,11,50,11,50,11,50,11,50,11,50,11,50,11,50,11,51,11,51,10,51,10,51,10,51,10,52,10,52,10,52,10,52,10,52,10,52,10,53,9,53,9,53,9,53,9,53,9,54,9,54,9,54,9,54,9,55,9,55,9,55,9,55,8,55,8,56,8,56,8,56,8,57,8,57,8,57,8,57,8,58,8,58,8,58,8,58,8,58,8,59,8,59,8,59,8,59,8,60,8,60,8,60,8,60,8,60,8,60,8,61,8,61,8,61,8,61,8,61,8,62,8,62,8,62,8,62,8,62,8,63,8,63,8,63,8,63,8,63,8,63,8,0,8,0,8,0,9,0,9,0,9,0,9,0,9,0,9,0,9,0,9,0,9,0,9,0,9,1,9,1,9,0,9,0,9,0,9,0,9,0,10,0,10,0,10,0,10,0,10,0,10,63,10,63,9,63,10,63,10,63,10,63,10,63,10,63,10,62,10,62,10,62,9,62,9,62,9,62,9,62,9,61,9,61,9,61,9,61,9,61,9,61,9,61,8,61,8,61,8,61,8,61,8,61,8,61,8,61,8,61,8,61,7,61,7,61,7,61,7,61,7,62,7,62,7,62,7,62,6,62,6,62,6,63,6,63,6,63,6,63,6,0,6,0,6,1,6,1,6,1,6,1,6,2,5,2,5,2,5,3,6,3,6,3,6,3,6,4,6,4,6,4,6,5,6,5,6,5,6,5,6,5,6,6,6,6,6,6,6,6,6,6,6,6,6,7,7,7,7,7,7,7,7,7,7,7,7,7,7,7,7,7,7,8,7,8,7,8,7,8,7,8,8,8,8,8,8,8,8,8,8,8,8,8,8
1738630495.702527000,64:64:4a:bc:f0:ad,64:64:4a:bc:f0:ad,e2:7b:9e:69:54:2b,e2:7b:9e:69:54:2b,44,15,36,15,37,15,42,15,39,15,37,15,37,15,39,15,40,14,41,14,41,14,41,14,41,14,41,14,43,14,43,14,44,14,45,13,44,13,45,13,46,13,46,13,46,13,46,13,47,13,47,13,47,13,47,13,47,13,48,12,48,12,48,12,49,12,49,12,48,12,48,12,49,12,49,12,49,12,49,12,49,12,50,12,50,12,50,12,50,11,50,11,50,11,50,11,50,11,50,11,50,11,50,11,50,11,51,11,51,10,51,10,51,10,51,10,51,10,51,10,52,10,52,10,52,10,52,10,52,9,52,9,53,9,53,9,53,9,54,9,54,9,54,9,54,9,54,9,55,9,55,9,55,8,55,8,55,8,56,8,56,8,57,8,57,8,57,8,57,8,57,8,58,8,58,8,58,8,58,8,58,8,59,8,59,8,59,8,59,8,59,8,60,8,60,8,60,8,60,8,61,8,61,8,61,8,61,8,61,8,62,8,62,8,62,8,62,8,62,8,63,8,63,8,63,8,63,8,0,8,63,8,63,8,0,9,0,8,0,9,0,9,0,9,0,9,0,9,0,9,1,9,0,9,0,9,0,9,0,9,0,9,0,9,0,9,0,9,0,9,0,9,0,9,0,10,0,10,0,10,0,10,0,10,63,10,63,10,63,10,63,10,63,10,63,10,63,10,62,10,62,10,62,9,62,9,62,10,61,9,62,9,62,9,61,9,61,9,61,9,61,9,61,9,61,9,61,9,61,8,61,8,61,8,61,8,61,8,61,8,61,8,61,8,61,7,61,7,61,7,61,7,61,7,61,7,62,7,62,7,62,7,62,6,62,6,62,6,63,6,63,6,63,6,63,6,0,6,1,6,1,6,1,6,1,6,2,6,2,5,2,5,2,5,3,5,3,6,4,6,4,6,4,5,4,6,4,6,5,6,5,6,5,6,5,6,6,6,6,6,6,6,6,6,6,6,6,6,7,6,7,7,7,7,7,7,7,7,7,7,7,7,8,7,8,7,8,7,8,7,8,7,8,7,8,8,8,8,8,8,8,8,8,8,8,8,8,8
1738630501.441049000,64:64:4a:bc:f0:ad,64:64:4a:bc:f0:ad,e2:7b:9e:69:54:2b,e2:7b:9e:69:54:2b,41,13,41,13,42,13,42,13,42,13,42,13,43,13,43,13,43,13,43,13,43,13,44,13,44,12,44,12,44,12,45,12,45,12,45,12,45,12,46,12,46,12,46,12,46,12,47,12,47,12,47,12,47,12,47,12,47,12,48,12,48,12,48,12,48,12,48,12,48,11,48,11,48,11,49,11,49,11,49,11,49,11,49,11,49,11,49,11,49,11,50,11,50,11,50,11,50,11,50,10,50,10,50,10,51,10,51,10,51,10,51,10,51,10,52,10,52,10,52,10,52,10,52,10,52,10,52,10,53,9,53,9,53,9,53,9,53,9,53,9,54,9,54,9,54,9,54,9,54,9,55,9,55,9,55,9,55,9,55,9,55,9,56,9,56,9,56,9,56,8,57,8,57,8,57,8,57,8,57,8,58,8,58,8,58,8,58,8,58,8,58,8,59,8,59,8,59,8,59,8,59,8,59,8,59,8,60,8,60,8,60,8,60,8,60,8,61,8,61,8,61,8,61,8,61,8,61,8,61,8,61,9,61,9,62,9,62,9,62,9,62,9,62,9,62,9,62,9,62,9,62,9,62,9,62,9,62,9,63,9,63,9,62,9,62,9,62,9,62,9,62,9,62,9,62,9,62,9,62,9,62,9,62,9,62,9,62,9,62,9,62,9,62,9,62,9,62,9,62,9,62,9,62,9,62,9,62,9,62,9,62,9,62,9,62,9,62,9,62,9,62,9,62,9,62,8,62,8,62,8,62,8,62,8,62,8,62,8,62,8,62,8,62,8,62,8,62,8,62,8,62,8,62,8,62,8,63,8,63,8,63,7,63,7,63,7,63,7,63,7,63,7,0,7,0,7,0,7,0,7,1,7,1,7,1,7,1,7,1,7,1,7,1,7,2,7,2,7,2,7,2,7,3,7,3,7,3,7,3,7,3,7,3,7,3,7,3,7,3,7,4,7,4,7,4,7,4,7,4,7,4,7,4,7,4,8,4,8,4,8,4,8,5,8,5,8,5,8,5,8,5,8,5,8,5,8,5,8,5,8,6,8,5,8,5,8,5,8
1738630501.442467000,64:64:4a:bc:f0:ad,64:64:4a:bc:f0:ad,e2:7b:9e:69:54:2b,e2:7b:9e:69:54:2b,41,13,41,13,41,13,42,13,42,13,42,13,42,13,43,13,43,13,43,13,44,13,44,12,44,12,44,12,44,12,44,12,45,12,45,12,45,12,46,12,46,12,46,12,46,12,46,12,46,12,46,12,47,12,47,12,47,12,47,12,48,12,48,12,48,12,48,11,48,11,48,11,48,11,48,11,48,11,48,11,49,11,49,11,49,11,49,11,49,11,49,11,49,11,50,11,50,11,50,10,50,10,51,10,51,10,51,10,51,10,51,10,51,10,51,10,51,10,51,10,52,10,52,10,52,10,52,9,53,9,52,9,53,9,53,9,53,9,53,9,54,9,54,9,54,9,54,9,54,9,55,9,55,9,55,9,55,9,55,9,56,9,56,8,56,8,56,8,56,8,57,8,57,8,57,8,57,8,57,8,58,8,58,8,58,8,58,8,58,8,58,8,59,8,59,8,59,8,59,8,59,8,60,8,60,8,60,8,60,8,60,8,60,8,60,8,61,8,61,8,61,9,61,8,61,8,61,8,61,9,62,8,61,9,62,9,62,9,62,9,62,9,63,9,63,9,62,9,62,9,63,9,63,9,63,9,63,9,62,9,63,9,63,9,63,9,62,9,62,9,62,9,63,9,63,9,63,9,63,9,62,9,62,9,62,9,62,9,62,9,62,9,62,9,62,9,62,9,62,9,62,9,62,9,62,9,62,9,62,9,62,9,62,9,62,9,62,9,62,9,62,9,62,9,62,8,61,8,62,8,62,8,62,8,62,8,62,8,62,8,62,8,62,8,62,8,62,8,62,8,62,8,62,8,63,8,63,8,63,7,63,7,63,7,63,7,63,7,63,7,63,7,63,7,0,7,0,7,0,7,0,7,1,7,1,7,1,7,1,7,1,7,2,7,2,7,2,7,2,7,2,7,2,7,2,7,3,7,3,7,3,7,3,7,3,7,3,7,4,7,4,7,4,7,4,7,4,7,4,7,4,7,4,7,4,7,4,7,4,7,4,8,5,8,5,8,5,8,5,8,5,8,5,8,5,8,5,8,5,8,5,8,5,8,5,8,5,8
1738630501.583298000,64:64:4a:bc:f0:ad,64:64:4a:bc:f0:ad,e2:7b:9e:69:54:2b,e2:7b:9e:69:54:2b,4,15,19,15,27,15,40,15,40,15,48,15,43,15,42,15,39,15,40,15,42,15,44,15,44,15,43,14,43,14,44,14,44,14,44,14,45,14,45,14,45,14,46,14,46,13,47,13,47,13,47,13,47,13,48,13,47,13,48,13,48,13,48,13,48,13,48,13,49,13,49,13,49,13,49,12,49,12,49,12,49,12,49,12,50,12,50,12,50,12,50,12,50,12,50,12,50,11,50,11,50,11,50,11,50,11,50,11,50,11,50,11,50,11,50,11,50,10,51,10,51,10,51,10,51,10,51,10,51,10,51,9,52,9,52,9,52,9,52,9,52,9,53,9,53,9,53,8,53,8,53,8,54,8,54,8,54,8,54,8,55,8,55,8,55,8,56,8,56,7,56,7,57,7,57,7,57,7,58,7,58,7,58,7,58,7,58,7,59,7,59,7,59,7,60,7,60,7,60,7,60,7,60,7,60,7,61,7,61,7,61,7,62,7,62,7,62,7,62,7,63,7,63,7,63,7,63,7,63,7,63,7,0,7,0,7,1,7,1,8,1,8,1,8,1,8,1,8,1,8,1,8,2,8,1,8,1,8,1,8,2,8,2,8,2,8,2,9,2,9,2,9,2,9,2,9,2,9,1,9,1,9,2,9,2,9,1,9,1,9,1,9,1,9,1,9,1,9,1,9,1,9,1,9,1,9,0,9,1,9,0,9,0,9,0,9,0,9,0,9,0,9,0,9,0,9,0,9,0,8,0,8,0,8,0,8,0,8,0,8,0,8,0,8,0,8,0,8,0,8,0,8,0,8,0,8,0,7,1,7,1,7,1,7,1,7,1,7,1,7,1,7,1,7,2,7,2,7,2,7,2,7,3,7,3,7,4,7,4,7,4,7,4,7,4,7,4,7,5,7,5,7,5,7,5,7,6,7,6,7,6,7,6,7,6,7,6,7,7,7,7,7,7,7,7,8,7,8,7,8,7,8,7,8,7,8,7,8,7,8,7,8,8,8,8,8,8,9,8,8,8,8,8,9,8,9,8,9,8,9,8,9,8,9,7,9,7,9
1738630501.584599000,64:64:4a:bc:f0:ad,64:64:4a:bc:f0:ad,e2:7b:9e:69:54:2b,e2:7b:9e:69:54:2b,12,15,12,15,8,15,22,15,24,15,36,15,35,15,34,15,36,15,42,15,41,15,40,15,41,15,42,14,43,14,44,14,43,14,43,14,45,14,45,14,45,14,45,14,46,13,46,13,46,13,47,13,47,13,47,13,47,13,48,13,48,13,48,13,48,13,48,13,48,13,49,12,49,12,49,12,49,12,49,12,49,12,49,12,50,12,49,12,49,12,49,12,50,12,50,12,50,11,50,11,50,11,50,11,50,11,50,11,50,11,50,11,50,11,50,11,50,10,50,10,51,10,51,10,51,10,51,10,51,10,51,9,52,9,52,9,52,9,52,9,52,9,52,9,53,9,53,9,53,8,53,8,54,8,54,8,54,8,54,8,54,8,55,8,55,8,56,7,56,7,56,7,57,7,57,7,57,7,57,7,58,7,58,7,58,7,59,7,59,7,59,7,59,7,59,7,60,7,60,7,60,7,60,7,61,7,61,7,61,7,61,7,62,7,62,7,62,7,62,7,63,7,63,7,63,7,63,7,0,7,0,7,0,7,0,7,1,7,1,8,1,8,1,8,1,8,1,8,1,8,1,8,2,8,2,8,2,8,2,8,2,8,2,8,2,9,2,9,2,9,2,9,2,9,2,9,2,9,2,9,2,9,2,9,2,9,2,9,1,9,1,9,1,9,1,9,1,9,1,9,1,9,1,9,1,9,0,9,0,9,0,9,0,9,0,9,0,9,0,9,0,9,0,9,0,9,0,9,63,9,0,9,0,8,0,8,63,8,63,8,0,8,0,8,0,8,0,8,0,8,0,8,0,8,0,8,0,7,0,8,0,7,1,7,1,7,1,7,1,7,1,7,1,7,2,7,2,7,2,7,3,7,3,7,3,7,3,7,3,7,3,7,4,7,4,7,4,7,4,7,5,7,5,7,5,7,5,7,5,7,6,7,6,7,6,7,6,7,6,7,7,7,6,7,6,7,7,8,7,8,7,8,7,8,7,8,7,8,7,8,7,8,7,8,7,8,8,8,7,8,7,9,7,9,8,9,8,9,7,9,7,9,7,9,7,9,8,9
1738630501.842401000,64:64:4a:bc:f0:ad,64:64:4a:bc:f0:ad,e2:7b:9e:69:54:2b,e2:7b:9e:69:54:2b,59,11,58,11,59,11,59,11,59,11,59,11,59,11,60,11,60,11,59,11,59,11,59,11,60,11,60,11,59,11,60,11,60,11,60,11,60,11,60,11,60,11,60,11,60,11,60,11,60,11,60,11,59,11,60,11,60,11,60,11,60,11,60,11,60,11,60,11,60,11,60,11,59,11,59,11,59,11,59,11,59,11,59,11,59,11,59,11,59,11,59,11,58,11,59,11,58,11,58,11,58,11,58,11,58,11,58,11,58,11,58,11,58,10,58,10,57,10,57,10,57,10,57,10,57,10,57,10,57,10,57,10,57,10,57,9,57,9,57,9,57,9,57,9,57,9,57,9,57,9,57,9,57,8,57,8,57,8,57,8,58,8,58,8,58,8,58,8,58,7,58,7,58,7,59,7,59,7,59,7,59,7,60,7,60,7,60,7,60,7,60,7,60,6,60,6,61,6,61,6,61,6,61,6,62,6,62,6,62,6,62,6,63,6,63,6,63,6,63,6,0,6,0,6,0,6,0,6,0,6,1,6,1,6,2,6,2,6,2,6,3,6,3,6,3,6,3,6,3,6,3,6,4,6,4,7,4,7,4,7,4,7,4,7,5,7,5,7,5,7,5,7,5,7,5,7,5,7,5,7,5,8,5,8,5,8,5,8,5,8,5,8,5,8,5,8,5,8,5,8,5,8,5,8,5,8,5,8,5,8,5,8,4,8,4,9,4,9,4,9,4,9,4,8,4,8,4,8,4,8,4,8,4,9,4,9,4,8,4,8,4,8,4,8,4,8,4,8,4,8,4,8,4,8,4,8,4,8,4,8,4,8,4,8,4,8,4,8,4,8,5,8,5,8,5,8,5,8,5,8,5,8,5,8,5,8,6,8,6,8,5,8,6,8,6,8,6,8,6,8,6,8,6,8,6,8,6,8,7,8,7,8,7,8,7,8,7,8,7,8,7,8,7,8,7,9,7,9,7,9,8,9,8,9,7,9,7,9,7,9,7,9,7,9,7,9,7,9,7,9,7,9,7,9,7,10,7,10,7,10,7,10,7,10,7,10,7,10
1738630501.843761000,64:64:4a:bc:f0:ad,64:64:4a:bc:f0:ad,e2:7b:9e:69:54:2b,e2:7b:9e:69:54:2b,58,11,59,11,58,11,59,11,59,11,58,11,59,11,59,11,59,11,59,11,59,11,59,11,59,11,59,11,59,11,60,11,60,11,60,11,59,11,60,11,60,11,60,11,60,11,60,11,60,11,60,11,60,11,60,11,60,11,60,11,60,11,59,11,60,11,60,11,60,11,60,11,60,11,59,11,59,11,59,11,59,11,59,11,59,11,59,11,59,11,59,11,59,11,59,11,59,11,58,11,58,11,58,11,58,11,58,11,58,10,58,10,58,10,57,10,57,10,57,10,57,10,57,10,57,10,57,10,57,10,57,10,57,10,57,9,57,9,57,9,57,9,57,9,57,9,57,9,57,9,57,9,57,8,57,8,57,8,58,8,58,8,58,8,58,8,58,8,58,8,59,7,59,7,59,7,59,7,59,7,59,7,59,7,60,7,60,7,60,7,60,7,61,7,61,7,61,7,61,6,61,6,61,6,62,6,62,6,62,6,62,6,62,6,63,6,63,6,63,6,0,6,0,6,0,6,1,6,0,6,1,6,1,6,2,6,2,6,2,6,3,6,3,6,3,6,3,6,3,6,3,6,4,6,4,6,4,6,4,7,4,7,5,7,5,7,5,7,5,7,5,7,5,7,5,7,5,7,5,8,5,8,5,8,5,8,5,8,5,8,5,8,5,8,5,8,5,8,5,8,5,8,5,8,5,8,5,8,5,8,4,8,4,9,4,9,5,8,4,8,4,8,4,8,4,8,4,8,4,8,4,8,4,8,4,8,4,8,4,8,4,8,4,8,4,8,4,8,4,8,4,8,4,8,4,8,4,8,4,8,4,8,5,8,5,8,5,8,5,8,5,8,5,8,5,8,5,8,5,8,5,8,5,8,5,8,5,8,6,8,6,8,6,8,6,8,6,8,6,8,6,8,6,8,6,8,6,8,7,8,7,8,7,8,7,8,7,9,7,8,7,8,7,9,7,9,7,9,7,9,7,9,7,9,7,9,8,9,8,9,7,9,7,9,7,9,7,9,7,9,7,9,7,9,7,10,7,10,7,10,7,10,7,10,7,10,7,10
1738630502.767409000,64:64:4a:bc:f0:ad,64:64:4a:bc:f0:ad,e2:7b:9e:69:54:2b,e2:7b:9e:69:54:2b,61,12,61,12,61,12,61,12,61,12,61,12,60,12,60,13,61,13,60,13,60,12,60,12,60,12,59,13,59,13,59,13,59,12,59,12,58,12,58,13,58,12,58,12,58,12,58,12,58,12,58,12,58,12,57,12,57,12,57,12,57,12,57,12,57,12,57,12,57,12,57,12,57,12,57,12,56,12,56,12,56,12,56,12,56,12,56,12,56,11,57,11,56,11,56,11,56,11,56,11,56,11,56,11,56,11,56,11,56,11,55,11,55,11,55,11,55,10,55,10,55,10,55,10,55,10,55,10,55,10,55,10,55,10,55,9,55,9,55,9,56,9,56,9,56,9,56,9,56,8,56,8,56,8,56,8,57,8,57,8,57,8,57,7,58,7,58,7,58,7,58,7,58,7,59,7,59,7,59,7,59,7,59,7,60,7,60,7,60,6,60,6,60,6,61,6,61,6,61,6,62,6,62,6,62,6,62,6,62,6,63,6,63,6,63,6,63,6,0,6,0,6,0,6,1,6,1,6,1,6,1,6,1,6,3,6,3,6,3,6,3,7,3,7,3,7,4,7,4,7,4,7,4,7,4,7,5,7,5,7,5,7,5,7,5,7,5,7,5,8,5,8,5,8,5,8,5,8,5,8,5,8,5,8,5,8,5,8,5,9,5,9,5,9,5,9,5,9,5,9,4,9,4,9,4,9,4,9,4,9,4,9,4,9,4,9,4,9,3,9,3,9,3,9,3,9,3,9,3,9,3,9,3,8,3,8,3,8,3,8,3,8,3,8,3,8,4,8,4,8,3,8,3,8,4,8,4,8,4,8,4,8,4,8,4,8,4,8,4,8,5,8,5,8,5,8,5,8,5,8,5,8,5,8,6,8,6,8,6,8,6,8,6,8,7,8,6,8,6,8,7,8,7,8,7,8,7,8,7,8,7,8,7,8,8,9,8,9,8,9,8,9,8,9,8,9,8,9,8,9,8,9,8,9,8,9,8,9,8,9,8,10,8,10,8,10,8,10,8,10,8,10,8,10,8,10,8,10,7,10,7,10,7,10,7,10,7,10
1738630502.910668000,64:64:4a:bc:f0:ad,64:64:4a:bc:f0:ad,e2:7b:9e:69:54:2b,e2:7b:9e:69:54:2b,61,12,60,12,60,12,61,12,60,12,61,12,61,12,61,12,61,12,61,12,61,12,60,12,59,12,60,12,60,12,60,12,60,12,59,12,59,12,60,12,59,12,59,12,59,12,59,12,58,12,58,12,58,12,58,12,58,12,58,12,58,12,58,12,57,12,57,12,57,12,57,12,58,12,57,12,57,12,57,12,57,12,57,12,57,12,57,12,57,11,57,11,56,11,56,11,56,11,56,11,56,11,56,11,56,11,56,11,56,11,56,11,56,10,56,10,56,10,56,10,56,10,56,10,56,10,55,10,56,10,55,10,55,10,55,9,56,9,56,9,56,9,56,9,56,9,56,9,56,9,56,8,56,8,57,8,57,8,57,8,57,8,57,8,57,8,57,8,58,7,58,7,58,7,58,7,58,7,59,7,59,7,59,7,59,7,60,7,60,7,60,7,60,7,60,7,61,6,61,6,61,6,61,6,62,6,62,6,62,6,62,6,63,6,63,6,63,6,0,6,0,6,0,6,0,6,0,6,0,6,1,6,1,6,2,6,2,6,2,6,3,6,3,6,3,7,3,7,3,7,3,7,3,7,4,7,4,7,4,7,4,7,4,7,4,7,4,7,4,7,5,7,5,8,5,8,5,8,5,8,5,8,5,8,5,8,5,8,4,8,4,8,4,8,4,8,4,9,4,9,4,8,4,8,4,8,4,9,4,9,4,9,3,9,3,9,3,9,3,9,3,9,3,9,3,9,3,8,3,8,3,8,3,8,3,8,3,8,3,8,3,8,3,8,3,8,3,8,3,8,3,8,3,8,3,8,3,8,3,8,4,8,4,8,4,8,4,8,4,8,4,8,4,8,4,8,4,7,5,7,5,7,5,7,5,7,5,7,5,7,5,7,6,7,6,7,6,7,6,7,6,8,6,8,6,8,7,8,7,8,7,8,7,8,7,8,7,8,7,8,8,8,8,8,8,8,8,8,8,8,8,9,8,9,8,9,8,8,8,9,8,9,8,9,8,9,8,9,8,9,8,9,8,9,8,9,8,9,8,9,7,10,8,10,8,10,8,10
1738630503.012203000,64:64:4a:bc:f0:ad,64:64:4a:bc:f0:ad,e2:7b:9e:69:54:2b,e2:7b:9e:69:54:2b,61,12,60,12,61,12,59,12,60,12,60,12,60,12,60,12,60,12,60,12,60,12,60,12,60,12,60,12,60,12,60,12,60,12,60,12,59,12,59,12,59,12,59,12,59,12,58,12,58,12,58,12,58,12,58,12,58,12,58,12,58,12,58,12,57,12,57,12,57,12,57,12,57,12,57,12,57,12,57,12,57,12,57,11,57,11,57,12,57,11,57,11,57,11,57,11,56,11,56,11,56,11,56,11,56,11,56,11,56,11,56,11,56,10,56,10,55,10,55,10,56,10,56,10,56,10,56,10,55,10,56,10,56,10,56,10,56,9,56,9,56,9,56,9,56,9,56,9,56,9,56,9,56,8,57,8,57,8,57,8,57,8,57,8,58,8,57,8,58,7,58,7,58,7,59,7,59,7,59,7,59,7,59,7,60,7,60,7,60,7,60,7,60,7,60,7,61,7,61,6,61,6,61,6,62,6,62,6,62,6,62,6,63,6,63,6,63,6,63,6,0,6,0,6,0,6,0,6,1,6,1,6,1,6,2,6,2,6,2,6,2,6,3,7,3,7,3,7,4,7,4,7,4,7,4,7,4,7,4,7,4,7,4,7,5,7,5,7,5,8,5,8,5,8,5,8,5,8,5,8,5,8,5,8,4,8,4,8,4,8,5,8,4,9,4,9,4,9,4,9,4,9,4,9,4,9,4,9,3,9,3,9,3,9,3,9,3,9,3,9,3,9,3,9,2,9,2,9,2,8,2,8,2,8,2,8,2,8,2,8,2,8,2,8,2,8,2,8,2,8,2,8,2,8,2,8,3,8,3,8,3,8,3,7,3,7,3,7,3,7,3,7,3,7,3,7,4,7,4,7,4,7,4,7,5,7,5,7,5,7,5,7,5,7,6,7,6,7,6,7,6,7,6,7,6,7,6,7,7,7,7,7,7,8,7,8,7,8,7,8,7,8,8,8,8,8,8,8,8,8,8,8,8,8,8,8,8,8,8,8,8,9,8,9,8,9,8,9,8,9,8,9,8,9,8,9,8,9,8,9,8,9,8,9,8,9,8,9
1738630503.014474000,64:64:4a:bc:f0:ad,64:64:4a:bc:f0:ad,e2:7b:9e:69:54:2b,e2:7b:9e:69:54:2b,60,12,60,12,61,12,60,12,60,12,60,12,60,12,60,12,60,12,60,12,60,12,60,12,60,12,60,12,59,12,59,12,59,12,59,12,59,12,59,12,59,12,59,12,58,12,58,12,58,12,58,12,58,12,58,12,58,12,58,12,57,12,57,12,57,12,57,12,57,12,57,12,57,12,57,12,57,11,57,11,57,12,57,11,57,11,57,11,57,11,56,11,56,11,56,11,57,11,57,11,56,11,56,11,56,11,56,11,56,11,56,11,56,11,56,10,56,10,56,10,56,10,56,10,56,10,56,10,56,10,56,10,56,9,56,9,56,9,56,9,56,9,56,9,56,9,56,9,56,8,56,8,57,8,57,8,57,8,57,8,57,8,57,8,58,8,58,7,58,7,58,7,58,7,59,7,59,7,59,7,59,7,59,7,59,7,60,7,60,7,60,7,60,6,61,6,61,6,61,6,61,6,61,6,62,6,62,6,62,6,62,6,63,6,63,6,0,6,0,6,0,6,0,6,0,6,0,6,0,6,1,6,1,6,2,6,2,6,2,6,3,7,3,7,3,7,3,7,3,7,3,7,4,7,4,7,4,7,4,7,4,7,4,7,4,7,4,7,5,8,5,8,5,8,5,8,5,8,5,8,5,8,5,8,5,8,5,8,5,8,5,8,5,9,5,8,4,9,4,9,4,9,4,9,4,9,4,9,4,9,3,9,3,9,3,9,3,9,3,9,3,9,3,9,3,9,3,9,3,8,2,9,2,9,2,8,3,8,3,8,3,8,3,8,2,8,3,8,3,8,3,8,3,8,3,8,3,8,3,8,3,8,3,8,3,8,3,8,3,7,3,7,4,7,4,7,4,7,4,7,5,7,5,7,5,7,5,7,5,7,5,7,5,7,6,7,6,7,6,7,6,7,6,7,6,7,7,7,7,8,7,8,7,8,7,8,7,8,7,8,7,8,7,8,7,8,8,8,8,8,8,8,8,8,8,8,8,9,8,9,8,9,8,9,8,9,8,9,8,9,8,9,8,9,8,9,8,9,8,9,8,9,8,9,8,9,8,10
1738630504.619861000,64:64:4a:bc:f0:ad,64:64:4a:bc:f0:ad,e2:7b:9e:69:54:2b,e2:7b:9e:69:54:2b,45,11,45,11,46,11,46,11,46,11,46,11,46,11,46,11,47,11,47,11,47,11,47,11,47,11,47,11,48,11,48,11,48,11,48,11,48,11,48,11,48,10,48,10,48,10,49,10,49,10,49,10,49,10,49,10,50,10,49,10,49,10,50,10,50,10,50,10,50,10,50,10,50,10,50,10,50,10,51,9,51,10,51,10,51,9,51,9,52,9,51,9,52,9,52,9,52,9,52,9,53,9,53,9,53,9,53,9,54,9,54,9,54,9,54,8,54,8,55,8,55,8,55,8,55,8,55,8,56,8,56,8,56,8,56,8,56,8,56,8,57,8,57,8,57,8,57,8,57,8,57,8,58,8,58,8,58,8,58,8,58,8,58,8,59,8,59,8,59,8,59,8,59,8,59,8,59,8,59,8,60,8,60,8,60,8,60,8,60,8,60,8,61,8,61,8,61,8,61,8,61,8,61,8,61,8,62,8,62,8,62,8,62,8,62,8,62,8,62,8,62,8,63,8,63,8,63,8,63,8,63,8,63,8,0,8,0,8,0,8,0,8,0,8,0,8,1,8,1,8,1,8,1,8,1,8,1,9,1,9,1,9,1,9,1,9,1,9,2,9,2,9,2,9,2,9,2,9,2,9,2,9,2,9,2,9,2,9,2,9,2,9,3,9,3,9,3,9,3,9,3,10,3,10,3,10,3,10,3,10,3,10,3,10,3,10,3,10,3,10,3,10,3,10,3,10,3,10,3,10,2,10,2,11,2,11,2,10,2,10,2,10,2,10,2,11,2,11,2,11,2,11,1,11,1,11,1,11,1,11,1,11,1,11,1,11,1,11,1,11,1,11,1,11,1,11,1,11,0,11,0,11,0,11,0,11,0,11,0,11,0,11,0,11,63,11,63,11,63,11,0,11,0,11,63,10,63,10,63,10,62,10,62,10,63,10,63,10,63,10,63,10,62,10,62,10,62,10,62,10,62,10,62,10,62,10,62,9,62,9,62,9,62,9,63,9,63,9,63,9,62,9,63,9,63,9,63,9,63,9,63,9,63,9,63,9,63,9
1738630504.916101000,64:64:4a:bc:f0:ad,64:64:4a:bc:f0:ad,e2:7b:9e:69:54:2b,e2:7b:9e:69:54:2b,48,11,48,11,48,11,48,11,49,11,49,11,49,11,49,11,49,11,49,11,49,11,49,11,49,11,50,11,50,11,50,11,50,10,50,11,50,11,50,11,50,10,50,10,50,10,51,10,51,10,50,10,51,10,51,10,51,10,51,10,51,10,51,10,51,10,51,10,51,10,51,10,52,10,52,10,52,10,52,10,52,10,52,10,52,10,52,10,52,9,52,9,53,9,53,9,53,9,53,9,53,9,53,9,53,9,54,9,54,9,54,9,54,9,54,9,54,9,55,9,55,9,55,9,55,9,55,9,55,9,56,9,56,9,56,8,56,8,56,8,56,8,56,8,56,8,56,8,57,8,57,8,57,8,57,8,57,8,57,8,57,8,58,8,58,8,58,8,58,8,58,8,58,8,58,8,58,8,59,8,59,8,59,8,59,8,59,8,59,8,59,8,59,8,59,8,60,8,60,8,60,8,60,8,60,8,61,8,61,8,61,7,61,7,61,8,62,8,62,8,62,8,62,8,62,8,62,8,62,8,63,8,62,8,0,8,63,8,63,8,0,8,0,8,0,8,0,8,1,8,1,8,1,8,1,8,1,8,1,8,1,8,2,8,2,8,2,9,2,9,2,9,2,9,2,9,2,9,2,9,2,9,2,9,2,9,2,9,2,9,2,9,2,10,3,10,3,10,3,10,2,10,2,10,2,10,3,10,2,10,2,10,1,10,1,10,2,10,1,11,1,11,1,11,1,11,1,11,1,11,0,11,0,11,0,11,0,11,0,11,0,11,0,11,63,11,63,11,63,11,63,11,63,11,63,11,63,11,62,10,62,10,62,10,62,10,62,10,62,10,62,10,62,10,62,10,61,10,61,10,61,10,61,10,61,10,61,10,61,10,61,10,61,10,61,10,61,10,61,10,61,9,61,9,61,9,61,9,60,9,60,9,61,9,61,9,61,9,61,9,61,9,61,9,61,9,61,9,61,9,61,8,61,8,61,8,61,8,61,8,61,8,61,8,62,8,62,8,62,8,62,8,62,8,62,8,63,8,63,8,63,8,63,8,63,7,63,7
1738630507.517797000,64:64:4a:bc:f0:ad,64:64:4a:bc:f0:ad,e2:7b:9e:69:54:2b,e2:7b:9e:69:54:2b,2,14,1,14,1,14,1,14,1,14,1,14,1,14,1,14,0,14,62,15,60,15,59,15,59,15,59,15,58,15,57,15,56,15,56,14,55,14,53,14,53,14,53,14,53,14,52,14,52,14,52,14,52,14,52,14,52,13,52,14,52,14,52,13,53,13,53,13,52,13,52,13,53,13,53,13,52,13,52,13,53,13,53,13,53,13,53,12,53,12,53,12,53,12,53,12,53,12,53,12,53,12,53,12,53,12,53,11,53,11,53,11,53,11,53,11,53,11,53,11,53,11,53,11,53,11,53,11,54,10,54,10,54,10,54,10,54,10,54,10,54,10,54,9,54,9,55,9,55,9,55,9,55,9,55,9,55,9,56,9,56,9,56,8,57,8,57,8,57,8,57,8,57,8,58,8,58,8,58,8,58,8,59,8,59,8,59,8,59,8,60,8,60,8,60,8,60,8,60,8,60,7,61,7,61,7,61,7,61,7,62,7,62,7,62,7,62,7,63,7,63,7,63,7,63,7,63,7,0,7,0,7,0,7,1,8,1,7,1,8,1,8,1,8,2,8,2,8,2,8,2,8,2,8,2,8,2,8,3,8,3,8,3,8,3,8,3,8,3,9,3,9,3,9,3,9,3,9,3,9,3,9,3,9,3,9,3,9,3,9,3,9,3,9,3,9,3,10,2,10,2,10,2,10,2,10,2,10,2,10,2,10,2,10,1,10,1,10,1,10,1,10,1,10,0,10,0,10,0,10,0,10,0,10,63,10,63,10,63,9,63,9,63,9,63,9,63,9,63,9,63,9,63,9,63,8,63,8,63,8,63,8,63,8,63,8,63,8,63,8,63,8,63,8,63,7,0,7,0,7,0,7,0,7,1,7,1,7,1,7,1,7,1,7,2,7,2,7,2,7,2,7,3,6,3,6,3,6,3,6,4,7,4,7,4,7,4,7,4,7,5,7,5,7,5,7,5,7,5,7,6,7,6,7,6,7,6,7,6,7,6,7,7,7,7,7,7,7,7,7,7,7,7,7,7,7,7,8,7,8,7,8,8,8,7,8,7,8
1738630507.520090000,64:64:4a:bc:f0:ad,64:64:4a:bc:f0:ad,e2:7b:9e:69:54:2b,e2:7b:9e:69:54:2b,1,14,63,14,0,14,0,14,1,14,0,14,0,15,0,14,63,14,62,14,61,15,59,15,59,15,59,15,59,15,58,14,56,14,55,14,55,14,54,14,53,14,54,14,55,14,54,14,53,14,53,14,53,14,53,14,52,14,52,13,53,13,54,13,53,13,53,13,53,13,52,13,52,13,53,13,53,13,53,13,53,13,53,13,53,13,53,12,53,12,53,12,53,12,53,12,53,12,53,12,53,12,53,12,53,12,53,12,53,11,53,11,53,11,53,11,53,11,53,11,53,11,53,11,53,11,53,11,54,10,54,10,54,10,54,10,54,10,54,10,54,10,55,10,55,10,55,9,55,9,55,9,55,9,55,9,56,9,56,9,56,9,56,9,57,9,57,8,57,8,57,8,58,8,58,8,58,8,58,8,58,8,58,8,59,8,59,8,59,8,60,8,60,8,60,8,60,8,60,8,60,8,61,7,61,7,61,8,61,7,62,7,62,7,62,7,62,7,63,7,63,7,63,8,63,8,0,7,0,7,0,7,0,7,1,8,1,8,1,8,1,8,1,8,1,8,2,8,2,8,2,8,2,8,2,8,2,8,2,8,2,8,3,8,3,8,3,9,3,9,3,9,3,9,3,9,3,9,3,9,3,9,3,9,3,9,3,9,3,9,3,9,3,9,3,10,3,10,2,10,2,10,2,10,2,10,2,10,2,10,2,10,1,10,1,10,1,10,1,10,1,10,1,10,0,10,0,10,0,10,0,10,0,9,0,9,0,9,0,9,63,9,63,9,63,9,63,9,63,9,63,9,63,9,63,8,63,8,63,8,63,8,63,8,63,8,63,8,63,8,0,8,0,8,0,8,0,7,0,7,0,7,1,7,1,7,1,7,1,7,1,7,2,7,2,7,2,7,2,7,3,7,3,7,3,7,3,7,4,6,4,6,4,6,4,7,4,7,4,6,5,7,5,7,5,7,5,7,5,7,6,7,6,7,6,7,6,7,6,7,6,7,6,7,6,7,7,7,7,7,7,7,7,7,7,7,7,8,7,8,7,8,7,8,7,8,7,8
1738630507.781582000,64:64:4a:bc:f0:ad,64:64:4a:bc:f0:ad,e2:7b:9e:69:54:2b,e2:7b:9e:69:54:2b,5,14,3,14,2,14,3,14,3,14,3,15,3,15,4,15,1,15,0,15,63,15,62,15,61,15,61,15,59,15,58,15,56,15,54,15,53,15,52,14,52,14,53,14,53,14,53,14,52,14,52,14,51,14,51,14,51,14,52,14,52,13,52,13,52,13,52,13,52,13,52,13,52,13,53,13,53,13,53,13,53,13,52,13,52,13,52,13,53,13,53,13,53,12,53,12,53,12,53,12,53,12,53,12,53,12,53,12,53,12,53,11,53,11,53,11,53,11,53,11,53,11,53,11,53,11,54,11,54,11,54,11,54,11,54,10,54,10,54,10,54,10,54,10,55,10,55,10,55,10,55,10,55,9,56,9,56,9,56,9,56,9,56,9,57,9,57,9,57,9,57,8,58,8,58,8,58,8,58,8,58,8,59,8,59,8,59,8,59,8,59,8,60,8,60,8,60,8,60,8,61,8,61,8,61,8,61,8,61,8,62,8,62,8,62,8,62,8,63,8,63,8,63,8,63,8,63,8,63,8,0,8,0,8,1,8,1,8,1,8,1,8,1,8,1,8,1,8,1,8,2,8,2,8,2,9,2,9,2,9,2,9,2,9,2,9,2,9,3,9,3,9,3,9,2,9,2,9,2,9,2,10,2,10,2,9,2,9,2,9,2,10,2,10,2,10,2,10,2,10,1,10,1,10,1,10,1,10,1,10,1,10,0,10,0,10,0,10,0,10,0,10,63,10,63,10,63,10,63,10,63,10,63,10,63,10,62,9,62,9,62,9,62,9,62,9,62,9,62,9,62,9,62,8,62,8,62,8,62,8,62,8,62,8,62,8,63,8,63,7,63,7,63,7,63,7,63,7,0,7,0,7,0,7,0,7,0,7,1,6,1,6,1,6,1,6,1,6,2,6,2,6,2,6,2,6,3,6,3,6,3,6,3,6,3,6,4,6,4,6,4,6,4,6,5,6,5,6,5,7,5,7,5,7,6,7,6,7,6,7,6,7,6,7,6,7,6,7,6,7,7,7,7,7,7,7,7,7,7,7,7,7,7,7,7,7,7,8
1738630507.889041000,64:64:4a:bc:f0:ad,64:64:4a:bc:f0:ad,e2:7b:9e:69:54:2b,e2:7b:9e:69:54:2b,1,14,1,14,0,14,1,14,1,14,0,14,0,14,0,14,0,14,0,15,63,15,61,15,58,15,57,15,58,15,57,15,56,14,54,14,54,14,53,14,52,14,53,14,53,14,53,14,53,14,52,14,52,14,52,14,52,13,52,13,52,13,52,13,52,13,53,13,53,13,53,13,53,13,53,13,53,13,53,12,53,12,53,12,53,12,53,12,53,12,53,12,53,12,53,12,53,12,53,12,53,12,53,12,53,12,53,12,53,12,53,11,53,11,53,11,54,11,53,11,54,11,54,11,54,11,54,11,54,11,54,10,54,10,54,10,54,10,54,10,55,10,55,10,55,10,55,9,55,9,55,9,56,9,56,9,56,9,56,9,56,9,57,9,57,9,57,8,57,8,58,8,58,8,58,8,58,8,58,8,59,8,59,8,59,8,59,8,59,8,60,8,60,8,60,8,60,8,60,8,61,8,61,8,61,8,61,8,61,8,61,8,62,8,62,8,62,8,63,7,63,7,63,7,63,8,63,8,63,8,0,8,0,8,0,8,1,8,1,8,1,8,1,8,1,8,2,8,2,8,2,8,2,8,2,8,2,8,2,8,3,8,3,8,3,8,3,9,3,9,3,9,3,9,3,9,3,9,3,9,3,9,3,9,3,9,3,9,3,9,2,9,2,10,2,10,2,10,2,10,2,10,2,10,2,10,2,10,1,10,1,10,1,10,1,10,1,10,0,10,0,10,0,10,0,10,0,10,0,10,63,10,63,10,63,10,63,9,63,9,62,9,62,9,62,9,62,9,62,9,62,9,62,9,62,8,62,8,62,8,62,8,62,8,62,8,62,8,63,8,63,8,63,7,63,7,63,7,63,7,0,7,0,7,0,7,0,7,0,7,0,7,1,6,1,6,1,6,1,6,2,6,2,6,2,6,3,6,3,6,3,6,3,6,4,6,4,6,4,6,4,6,4,6,5,6,5,7,5,7,5,6,5,7,6,7,6,7,6,7,6,7,6,7,6,7,6,7,6,7,6,7,6,7,7,7,7,7,7,7,7,7,7,7,7,7,7,7
1738630508.016072000,64:64:4a:bc:f0:ad,64:64:4a:bc:f0:ad,e2:7b:9e:69:54:2b,e2:7b:9e:69:54:2b,0,14,2,14,0,14,1,14,1,14,2,14,0,14,63,14,63,14,63,14,63,14,62,14,61,14,59,14,58,14,57,14,57,14,57,14,55,14,54,14,55,14,55,14,55,14,54,14,54,14,53,14,53,13,54,13,53,13,53,13,53,13,54,13,54,13,54,13,54,13,54,13,53,13,54,13,54,13,54,13,54,12,54,12,54,12,54,12,54,12,54,12,54,12,54,12,54,12,54,12,54,12,54,12,54,12,54,12,54,12,54,11,54,11,54,11,54,11,54,11,54,11,54,11,54,11,54,11,54,10,54,10,54,10,54,10,54,10,55,10,55,10,55,10,55,10,55,9,55,9,55,9,55,9,55,9,56,9,56,9,56,9,56,9,57,8,57,8,57,8,57,8,58,8,58,8,58,8,58,8,58,8,59,8,59,8,59,8,59,8,59,8,60,8,60,8,60,8,60,8,60,7,60,7,61,7,61,7,61,7,61,7,61,7,62,7,62,7,62,7,63,7,63,7,63,7,63,7,63,7,63,7,0,7,0,7,0,8,0,8,1,8,1,8,1,8,1,8,1,8,1,8,2,8,2,8,2,8,2,8,2,8,2,8,2,8,2,8,2,8,2,9,2,9,2,9,2,9,2,9,2,9,2,9,2,9,2,9,2,9,2,9,2,9,2,9,2,9,2,9,2,10,1,10,1,10,1,10,1,10,0,10,0,10,0,10,0,10,0,10,0,10,63,10,63,9,63,9,63,9,63,9,63,9,63,9,62,9,62,9,62,9,62,9,62,9,62,8,62,8,62,8,62,8,62,8,62,8,62,8,62,8,62,7,62,7,62,7,62,7,62,7,63,7,63,7,63,7,63,6,0,6,0,6,0,6,0,6,1,6,1,6,1,6,1,6,1,6,1,6,2,6,2,6,2,6,2,6,3,6,3,6,3,6,3,6,4,6,4,6,4,6,4,6,4,6,4,6,5,6,5,6,5,6,5,6,6,6,6,6,6,6,6,6,6,6,6,6,6,6,6,7,6,7,6,7,6,7,7,7,7,7,7,7,7,7,7,7
1738630508.138796000,64:64:4a:bc:f0:ad,64:64:4a:bc:f0:ad,e2:7b:9e:69:54:2b,e2:7b:9e:69:54:2b,35,13,38,13,37,13,38,13,38,13,38,13,40,13,40,13,41,13,41,13,41,13,41,13,42,13,42,13,43,13,43,13,43,13,44,13,44,12,44,12,45,12,45,12,46,12,46,12,46,12,46,12,46,12,46,12,47,12,47,12,47,12,48,12,48,12,48,11,48,12,48,11,49,11,49,11,49,11,49,11,49,11,49,11,49,11,49,11,49,11,50,11,50,11,50,10,50,10,50,10,50,10,50,10,51,10,51,10,51,10,51,10,51,10,51,10,51,9,52,9,52,9,52,9,52,9,52,9,53,9,53,9,53,9,53,9,54,9,54,8,54,8,54,8,55,8,55,8,55,8,55,8,56,8,56,8,56,8,57,8,57,8,57,8,57,8,58,8,58,8,58,8,58,7,59,7,59,7,59,8,59,8,60,8,60,8,60,8,60,8,60,8,61,8,61,8,61,8,61,8,61,8,62,8,62,8,62,8,62,8,62,8,62,8,63,8,63,8,63,8,63,8,63,8,0,8,0,8,0,8,0,8,0,8,0,9,0,8,0,9,0,9,0,9,0,9,1,9,1,9,1,9,1,9,1,9,0,9,1,9,1,9,1,9,0,9,0,9,0,9,0,9,0,9,0,9,0,9,0,9,0,9,0,9,0,9,0,9,0,9,0,9,63,9,63,9,63,9,63,9,63,9,63,9,63,9,63,9,63,9,63,9,63,9,63,9,63,8,63,8,63,8,63,8,63,8,63,8,63,8,63,8,63,8,63,8,63,8,0,8,0,8,0,8,0,7,0,7,0,7,0,7,0,7,0,7,0,7,1,7,1,7,1,7,1,7,2,7,2,7,2,7,2,7,2,7,3,7,3,7,3,7,4,7,4,7,4,7,4,7,4,7,5,7,5,7,5,7,5,7,5,7,5,7,6,7,6,7,6,7,6,7,6,7,6,7,6,7,6,8,7,8,7,8,7,8,7,8,7,8,7,8,7,8,7,8,7,8,7,8,7,8,7,9,7,9,7,9,7,9,7,9,7,9,8,9,8,9,7,9,7,9,7,9,7,9,7,9
1738630508.140234000,64:64:4a:bc:f0:ad,64:64:4a:bc:f0:ad,e2:7b:9e:69:54:2b,e2:7b:9e:69:54:2b,37,14,37,14,38,13,38,13,38,13,39,13,41,13,41,13,41,13,40,13,41,13,42,13,42,13,42,13,43,12,43,13,43,13,44,13,44,12,45,12,45,12,45,12,46,12,46,12,46,12,46,12,47,12,47,12,47,12,47,12,48,12,48,12,48,12,48,11,48,12,48,12,48,11,48,11,49,11,49,11,49,11,49,11,49,11,49,11,50,11,50,11,50,11,50,11,50,10,50,10,51,10,51,10,51,10,51,10,51,10,51,10,51,10,52,10,52,10,52,9,52,9,52,9,52,9,53,9,53,9,53,9,53,9,53,9,54,9,54,8,54,8,54,8,55,8,55,8,55,8,55,8,56,8,56,8,56,8,56,8,57,8,57,8,57,8,58,8,58,8,58,8,59,8,59,8,59,8,59,8,59,8,59,8,59,8,60,8,60,8,60,8,60,8,61,8,61,8,61,8,61,8,62,8,62,8,62,8,62,8,62,8,62,8,62,8,63,8,63,8,63,8,63,8,63,8,63,8,63,8,0,8,63,8,0,8,0,8,0,9,0,9,1,9,1,9,0,9,1,9,1,9,1,9,1,9,1,9,1,9,1,9,1,9,1,9,0,9,0,9,0,9,0,9,0,9,0,9,0,9,0,9,0,9,0,9,0,9,0,9,63,9,63,9,63,9,63,9,63,9,63,9,63,9,63,9,63,9,63,9,63,9,63,9,63,9,63,8,63,8,63,8,63,8,63,8,63,8,63,8,63,8,63,8,63,8,63,8,63,8,0,8,0,7,0,7,0,7,0,7,0,7,1,7,1,7,1,7,1,7,1,7,1,7,2,7,2,7,2,7,2,7,2,7,2,7,3,7,3,7,3,7,4,7,4,7,4,7,4,7,4,7,4,7,5,7,5,7,5,7,5,7,5,7,6,7,6,7,6,7,6,7,6,8,6,8,6,8,7,8,7,8,7,8,7,8,7,8,7,8,7,8,7,8,7,8,7,8,7,8,7,9,7,9,7,9,7,9,7,9,7,9,7,9,7,9,7,9,7,9,7,9,7,9,7,9,7,9
1738630508.254742000,64:64:4a:bc:f0:ad,64:64:4a:bc:f0:ad,e2:7b:9e:69:54:2b,e2:7b:9e:69:54:2b,44,12,43,12,43,12,43,12,44,12,44,12,44,12,45,12,45,11,45,11,45,11,45,11,45,11,46,11,46,11,46,11,47,11,47,11,47,11,47,11,47,11,47,11,48,11,48,11,48,11,48,11,48,11,48,11,48,11,48,11,48,11,49,11,49,10,49,10,49,10,49,10,49,10,49,10,50,10,50,10,50,10,50,10,50,10,50,10,50,10,51,10,51,9,51,9,51,9,52,9,52,9,52,9,52,9,52,9,52,9,53,9,53,9,53,9,54,9,54,9,54,9,54,8,54,8,55,8,55,8,55,8,55,8,55,8,56,8,56,8,56,8,57,8,57,8,57,8,57,8,57,8,57,8,58,8,58,8,58,8,58,8,58,8,59,8,59,8,59,8,59,8,59,8,59,8,59,8,60,8,60,8,60,8,60,8,60,8,60,8,60,8,61,8,61,8,61,8,61,8,61,8,61,8,61,8,61,8,61,8,62,8,62,9,62,8,62,8,62,8,62,8,62,8,62,9,62,9,62,8,62,8,62,9,63,9,63,8,63,9,63,9,63,9,63,9,63,9,63,9,63,9,0,9,63,9,63,8,0,8,0,9,63,9,0,9,0,9,0,9,0,9,0,9,0,9,0,9,0,9,0,9,0,9,0,9,0,9,0,9,0,9,0,9,0,9,0,9,0,9,1,9,0,9,1,9,1,9,1,9,1,9,0,9,0,9,1,9,1,9,1,9,1,9,1,9,1,9,1,9,1,9,1,9,1,9,1,9,1,9,1,9,2,9,2,9,2,9,2,9,2,9,2,9,2,9,2,9,2,9,2,9,2,9,3,9,3,9,3,9,3,9,3,9,3,9,3,9,3,9,3,9,4,9,4,9,4,9,4,9,4,9,4,9,4,9,4,10,4,10,3,10,3,10,4,10,4,10,4,10,4,10,3,10,3,10,3,10,3,10,3,10,2,10,2,10,2,10,2,10,1,10,1,10,1,10,1,10,1,10,1,10,1,10,1,10,1,10,0,10,0,10,0,10,0,10,0,10,0,10,0,10,0,10,1,10,0,10
1738630508.399285000,64:64:4a:bc:f0:ad,64:64:4a:bc:f0:ad,e2:7b:9e:69:54:2b,e2:7b:9e:69:54:2b,27,14,31,15,31,14,32,14,32,14,32,14,33,14,34,14,36,14,36,14,37,14,37,14,37,14,38,14,38,13,40,13,41,13,42,13,42,13,42,13,42,13,42,13,43,13,44,13,44,13,44,13,44,13,45,12,45,12,45,12,45,12,46,12,46,12,46,12,46,12,46,12,46,12,46,12,47,12,47,12,47,12,48,12,48,12,48,12,48,11,48,11,49,11,49,11,49,11,49,11,49,11,49,11,49,11,49,10,49,10,50,10,50,10,50,10,50,10,50,10,51,10,51,10,51,9,51,9,51,9,52,9,52,9,52,9,52,9,52,9,53,8,53,8,53,8,53,8,54,8,54,8,54,8,54,8,55,8,55,8,55,8,56,8,56,8,56,8,57,8,57,8,57,7,57,7,58,7,58,7,58,7,58,7,59,7,59,7,59,7,59,7,59,7,59,7,59,7,60,7,60,7,60,7,61,7,61,7,61,7,61,7,61,8,61,8,62,7,62,7,62,8,62,8,62,8,63,8,63,8,63,8,63,8,63,8,63,8,63,8,0,8,0,8,0,8,0,8,0,8,0,8,0,8,0,8,0,8,0,8,0,8,0,8,0,8,0,8,0,9,0,9,0,9,0,9,0,9,0,9,0,9,0,9,0,9,0,9,0,9,0,9,0,9,0,9,0,9,63,9,63,9,63,9,63,9,63,8,63,8,63,8,63,8,63,8,63,8,63,8,63,8,63,8,63,8,63,8,63,8,63,8,63,8,63,8,63,8,63,7,63,7,63,7,63,7,0,7,0,7,0,7,0,7,0,7,0,7,0,7,0,7,1,6,1,6,1,6,1,6,1,6,1,6,2,6,2,6,2,6,3,6,3,6,3,6,3,6,3,6,4,6,4,6,4,6,4,6,5,6,5,6,5,6,5,6,5,6,6,7,6,7,6,7,6,7,6,7,7,7,7,7,7,7,7,7,7,7,7,7,7,7,7,8,7,8,7,8,8,8,8,8,7,8,8,8,8,8,8,8,8,8,7,8,8,8,8,8,8,8,8,8,8,9,8,9,7,9
1738630508.511683000,64:64:4a:bc:f0:ad,64:64:4a:bc:f0:ad,e2:7b:9e:69:54:2b,e2:7b:9e:69:54:2b,16,14,18,14,19,14,21,15,22,14,23,14,24,14,24,14,27,14,29,14,31,14,32,14,32,14,33,14,34,14,35,14,35,14,36,14,36,14,38,14,40,14,40,14,41,14,42,13,43,13,43,13,43,13,42,13,43,13,44,13,45,13,45,13,45,13,45,13,46,13,46,13,46,13,46,13,46,13,47,13,47,13,47,12,47,12,48,12,48,12,48,12,48,12,48,12,48,12,48,12,49,11,49,12,49,12,49,11,49,11,49,11,49,11,50,11,50,11,50,11,50,11,51,11,51,11,51,10,51,10,51,10,51,10,51,10,52,10,52,10,52,10,52,10,52,9,53,9,53,9,53,9,53,9,53,9,54,9,54,9,54,9,55,9,55,9,55,9,55,8,56,8,56,8,56,8,56,8,56,8,57,8,57,8,57,8,57,8,57,8,58,8,58,8,58,8,58,8,58,8,59,8,59,8,59,8,59,8,59,8,60,8,60,8,60,8,60,8,60,8,60,8,61,8,61,8,61,8,61,8,62,8,61,8,62,8,62,8,62,8,62,8,63,8,63,8,63,8,63,8,63,8,63,8,63,8,63,8,63,9,63,9,63,9,63,9,63,9,63,9,63,9,63,9,63,9,63,9,63,9,63,9,63,9,63,9,63,9,63,9,63,9,63,9,63,9,63,9,63,9,63,9,63,9,62,9,62,9,62,9,62,9,62,9,62,9,62,9,61,9,61,9,61,9,61,9,61,8,61,8,61,8,61,8,60,8,60,8,61,8,61,8,60,8,60,8,61,7,61,7,61,7,61,7,61,7,61,7,61,7,61,7,61,7,61,6,62,6,62,6,62,6,62,6,62,6,63,6,63,6,63,6,63,6,0,6,0,5,0,5,0,5,1,5,1,5,2,5,2,5,2,5,2,5,3,5,3,5,2,5,3,5,3,5,4,5,4,5,4,5,4,5,5,6,5,6,5,6,5,6,5,6,5,6,5,6,5,6,6,6,6,6,6,6,6,6,6,6,6,6,7,6,7,6,7,6,7,6,7,7,7,7,7,7,7,7,7,7
1738630508.621566000,64:64:4a:bc:f0:ad,64:64:4a:bc:f0:ad,e2:7b:9e:69:54:2b,e2:7b:9e:69:54:2b,21,14,25,14,25,15,26,14,26,14,28,14,29,14,29,14,29,14,30,14,32,14,33,14,33,14,34,14,34,14,35,14,36,14,37,14,38,14,38,13,38,13,39,13,40,14,41,13,41,13,42,13,42,13,43,13,43,13,43,13,43,13,43,13,44,13,45,13,45,13,45,13,45,13,45,13,46,13,46,13,46,12,46,12,46,12,47,13,47,12,47,12,47,12,48,12,48,12,48,12,48,12,48,12,48,12,48,12,49,12,49,12,49,12,49,11,49,11,50,11,50,11,50,11,50,11,50,11,50,11,51,11,51,11,51,11,51,11,51,11,51,10,52,10,52,10,52,10,52,10,52,10,53,10,53,10,53,10,53,10,53,10,54,10,54,10,54,9,54,9,55,9,55,9,55,9,55,9,55,9,56,9,56,9,56,9,56,9,56,9,56,9,56,9,57,9,57,9,57,9,57,9,58,9,58,9,58,9,58,9,58,9,58,9,59,9,59,9,59,9,59,9,59,9,59,9,60,9,60,9,60,9,60,9,60,9,61,9,61,9,61,9,61,9,61,9,61,9,61,9,62,9,62,9,62,9,62,9,62,9,62,9,62,9,62,9,62,9,62,9,62,9,62,9,62,9,62,9,62,9,62,9,62,9,62,10,62,9,62,9,62,10,62,10,61,10,61,10,61,10,61,10,61,10,61,10,61,10,61,10,61,9,60,9,60,9,60,9,60,9,60,9,60,9,60,9,60,9,60,9,60,9,59,9,59,9,59,9,59,9,59,9,59,9,59,8,59,8,59,8,59,8,59,8,59,8,59,7,59,7,59,7,59,7,60,7,60,7,60,7,60,7,60,7,60,7,61,6,61,6,61,6,61,6,61,6,62,6,62,6,62,6,63,6,63,6,63,6,63,6,63,6,0,6,0,6,0,6,0,6,1,6,1,6,1,6,1,6,1,6,2,6,2,6,2,6,2,6,2,6,3,6,3,6,3,6,3,6,3,6,3,6,3,6,4,6,4,6,4,6,4,6,4,6,4,6,4,6,4,6,4,6,4,6,4,6,4,6
1738630508.724382000,64:64:4a:bc:f0:ad,64:64:4a:bc:f0:ad,e2:7b:9e:69:54:2b,e2:7b:9e:69:54:2b,30,15,29,15,32,15,32,14,33,15,34,15,34,14,34,14,35,14,37,14,38,14,38,14,38,14,39,14,39,14,39,14,39,14,40,14,41,14,42,14,42,14,42,14,43,13,44,13,44,13,44,13,44,13,45,13,45,13,45,13,46,13,46,13,46,13,46,13,47,13,47,13,47,13,47,13,48,12,48,12,48,12,48,12,48,12,48,12,48,12,48,12,49,12,49,12,49,12,50,12,50,12,50,12,50,12,50,12,50,12,50,11,50,11,50,11,50,11,50,11,51,11,51,11,51,11,51,11,51,11,52,11,52,11,52,11,52,11,52,11,52,10,52,10,53,10,53,10,53,10,53,10,53,10,53,10,54,10,54,10,54,10,54,10,54,10,55,10,55,9,55,9,55,9,55,9,56,9,56,9,56,9,56,9,56,9,57,9,57,9,57,9,57,9,57,9,57,9,57,9,58,9,58,9,58,9,58,9,58,9,59,9,59,9,58,9,59,9,59,9,60,9,59,9,59,9,59,9,60,9,60,9,61,9,61,9,61,9,61,9,60,9,61,9,61,9,61,9,61,9,61,9,61,9,61,9,61,9,61,9,62,9,61,9,61,9,61,9,61,10,61,10,61,10,61,10,61,9,61,9,61,10,61,10,61,10,61,10,61,10,61,10,61,10,61,10,61,10,61,9,61,10,61,10,61,10,60,10,61,9,60,9,60,9,60,9,60,10,60,10,60,9,60,9,60,9,60,9,60,9,59,9,59,9,59,9,60,9,60,9,60,9,59,8,59,8,59,8,60,8,60,8,59,8,59,8,59,8,59,8,60,8,60,8,60,7,60,7,60,7,60,7,60,7,60,7,61,7,61,7,61,7,61,6,61,6,61,6,62,6,62,6,62,6,62,6,63,6,63,6,63,6,63,6,0,6,0,6,0,6,0,6,0,6,0,6,0,6,1,6,1,6,1,6,1,6,1,6,1,6,2,6,2,6,2,6,2,6,2,6,2,6,2,6,3,6,3,6,2,6,3,6,3,6,3,6,3,6,3,6,3,7,3,6,3,6,3,6
1738630508.888494000,64:64:4a:bc:f0:ad,64:64:4a:bc:f0:ad,e2:7b:9e:69:54:2b,e2:7b:9e:69:54:2b,45,14,44,14,44,14,44,14,44,14,44,14,44,14,44,14,44,14,45,14,45,14,45,14,44,13,45,13,45,13,46,13,45,13,45,13,45,13,46,13,46,13,46,13,46,13,47,13,47,13,47,13,47,12,47,12,47,12,48,12,47,12,48,12,48,12,48,12,48,12,48,12,49,12,49,12,49,12,49,12,49,12,49,11,49,11,49,11,49,11,50,11,50,11,50,11,50,11,50,11,50,11,50,11,50,11,51,11,51,11,51,10,51,10,51,10,51,10,52,10,52,10,52,10,52,10,52,10,52,10,53,10,53,10,53,10,53,9,53,9,53,9,54,9,54,9,54,9,54,9,54,9,55,9,55,9,55,9,55,9,55,9,56,9,56,9,56,9,57,9,57,9,57,9,57,9,57,9,57,9,57,9,57,8,57,9,58,9,58,9,58,9,58,9,58,8,58,8,59,8,59,9,59,9,59,9,59,8,59,8,59,8,60,8,60,8,60,9,60,9,60,8,60,8,60,8,60,9,60,9,61,8,60,8,61,8,61,9,61,9,61,9,61,9,61,9,61,9,62,9,62,9,61,9,62,9,62,9,62,9,62,9,62,9,62,9,62,9,62,9,62,9,62,9,62,9,62,9,62,9,62,9,62,9,62,9,62,9,62,9,62,9,62,9,62,9,62,9,62,9,62,9,62,9,62,9,62,9,62,9,62,9,62,9,62,9,62,9,62,9,62,9,62,8,62,8,62,8,62,8,62,8,62,8,62,8,62,8,62,8,62,8,62,8,62,8,62,8,62,8,62,8,62,8,62,8,62,8,62,7,62,7,62,7,62,7,62,7,63,7,63,7,63,7,63,7,63,7,63,7,0,7,0,7,0,7,0,7,0,7,0,7,1,7,1,7,1,7,1,7,1,7,2,7,2,7,2,7,2,7,2,7,2,7,2,7,3,7,3,7,2,7,3,7,3,7,3,7,3,7,3,7,4,7,4,7,4,7,4,7,4,7,4,7,4,7,4,7,4,7,5,7,4,7,5,7,5,7,5,7,5,7,5,7,5,8,5,8
1738630508.993728000,64:64:4a:bc:f0:ad,64:64:4a:bc:f0:ad,e2:7b:9e:69:54:2b,e2:7b:9e:69:54:2b,46,14,48,14,47,14,46,14,48,14,48,14,47,14,47,13,47,14,47,14,47,14,48,13,48,13,47,13,47,13,47,13,47,13,47,13,47,13,48,13,48,13,48,13,48,12,48,12,48,13,48,12,49,12,49,12,49,12,49,12,48,12,48,12,49,12,49,12,50,12,50,12,49,12,49,12,49,11,50,11,50,11,50,12,50,11,50,11,50,11,50,11,50,11,50,11,51,11,51,11,51,11,51,11,51,10,51,10,51,10,51,10,52,10,52,10,52,10,52,10,52,10,52,10,52,10,53,10,53,10,53,10,53,9,53,9,54,9,54,9,54,9,54,9,54,9,55,9,54,9,55,9,55,9,55,9,55,9,56,9,56,9,56,9,56,9,56,9,56,9,56,9,57,9,57,9,57,8,57,8,57,8,57,8,58,8,58,9,58,9,58,8,58,8,58,8,59,8,59,8,59,8,59,8,59,8,59,8,59,8,59,8,60,8,60,8,60,8,60,8,60,8,60,8,60,8,61,8,61,8,60,8,61,9,61,8,61,8,62,8,61,9,61,9,61,9,62,9,62,8,62,8,62,8,62,9,62,9,62,9,62,9,62,8,62,8,62,8,62,9,62,9,62,9,62,9,62,9,62,9,62,9,62,9,62,9,63,9,63,9,63,9,63,9,63,9,63,9,63,8,63,8,63,9,63,9,63,9,63,9,63,8,63,8,63,8,63,9,63,9,63,9,63,9,63,8,63,8,63,8,63,8,63,9,63,8,63,8,63,8,63,8,63,8,63,8,63,8,63,8,63,8,63,8,63,8,63,8,63,8,63,8,63,8,63,8,63,8,63,8,63,8,0,8,0,8,0,8,0,8,0,7,0,7,0,7,0,7,0,7,1,7,1,7,1,7,1,7,1,7,1,7,2,7,2,7,2,7,2,7,2,8,2,8,2,7,2,7,2,7,3,7,3,7,3,8,3,8,3,8,3,8,3,8,3,7,3,7,3,8,3,8,3,8,3,8,3,8,3,8,3,8,3,8,3,8,4,8,4,8,3,8,4,8,4,8,4,8
1738630509.098285000,64:64:4a:bc:f0:ad,64:64:4a:bc:f0:ad,e2:7b:9e:69:54:2b,e2:7b:9e:69:54:2b,47,14,47,14,47,14,47,14,46,14,46,14,47,14,48,14,48,14,47,13,47,13,47,13,47,13,47,13,47,13,47,13,47,13,48,13,48,13,48,13,48,13,48,13,48,13,48,13,48,13,48,13,48,13,49,13,49,13,49,12,49,12,49,12,49,12,49,12,49,12,49,12,49,12,49,12,50,12,50,12,50,12,50,12,50,12,50,12,50,12,50,12,51,11,50,11,50,11,51,11,51,11,51,11,51,11,51,11,51,11,52,11,51,11,52,11,52,11,52,11,52,10,52,10,52,10,53,10,52,10,53,10,53,10,53,10,53,10,53,10,54,10,54,10,54,10,54,10,54,10,54,10,54,10,55,9,55,9,55,9,55,9,55,9,55,9,56,9,56,9,56,9,56,9,56,9,56,9,56,9,57,9,57,9,57,9,57,9,57,9,57,9,58,9,58,9,58,9,58,9,58,9,58,9,58,9,58,9,58,9,59,9,59,9,59,9,59,9,59,9,59,9,59,9,59,9,60,9,60,9,60,9,60,9,60,9,60,9,60,9,60,9,61,9,61,9,61,9,61,9,61,9,61,9,61,9,61,9,61,9,61,9,61,9,61,9,61,9,61,9,61,9,61,9,61,9,61,9,61,9,61,9,61,9,62,9,62,9,62,9,62,9,62,9,62,9,62,9,62,9,62,9,62,9,62,9,62,9,62,9,62,9,62,9,62,9,62,9,62,9,62,9,62,9,62,9,62,9,62,9,62,8,62,8,62,8,62,8,62,8,62,8,62,8,62,8,62,8,62,8,62,8,62,8,62,8,62,8,62,8,62,8,62,8,62,8,63,8,63,8,63,7,63,7,63,7,63,7,63,7,0,7,0,7,0,7,0,7,0,7,0,7,0,7,1,7,1,7,1,7,1,7,1,7,1,7,2,7,2,7,2,7,2,7,2,7,2,7,2,7,2,7,3,7,3,7,3,7,3,7,3,7,3,7,3,7,3,7,3,7,3,8,4,8,3,8,3,7,3,7,3,8,3,8,4,8,4,8,4,8,4,8,4,8,4,7,4,8
1738630509.208254000,64:64:4a:bc:f0:ad,64:64:4a:bc:f0:ad,e2:7b:9e:69:54:2b,e2:7b:9e:69:54:2b,47,13,48,14,47,14,47,14,47,13,47,13,47,13,48,13,48,13,48,13,48,13,48,13,47,13,48,13,48,13,48,13,49,13,48,13,48,13,48,13,48,13,49,13,49,13,49,13,49,12,49,12,49,12,49,12,49,12,49,12,49,12,49,12,50,12,50,12,50,12,50,12,49,12,50,12,50,12,50,12,50,12,50,12,50,12,50,12,51,11,51,11,51,11,51,11,51,11,51,11,51,11,51,11,51,11,52,11,52,11,52,11,52,11,52,11,52,11,53,11,52,11,53,10,53,10,53,10,53,10,53,10,53,10,53,10,54,10,54,10,54,10,54,10,54,10,54,10,55,10,55,10,55,10,55,10,55,10,55,9,56,9,55,9,56,9,56,9,56,9,56,9,56,9,56,9,56,9,56,9,57,9,57,9,57,9,57,9,57,9,57,9,58,9,58,9,58,9,58,9,58,9,58,9,58,9,58,9,58,9,59,9,59,9,59,9,59,9,59,9,60,9,60,9,60,9,60,9,60,9,60,9,60,9,60,9,61,9,60,9,60,9,60,9,61,9,61,9,61,9,61,9,61,9,61,9,61,9,61,9,61,9,61,9,61,9,61,9,61,9,61,9,61,9,61,9,61,9,62,9,62,9,62,9,62,9,62,9,62,9,62,9,62,9,62,9,61,9,62,9,62,9,62,9,62,9,62,9,62,9,62,9,62,9,62,9,62,9,62,9,62,8,62,9,62,9,62,9,62,9,62,9,62,8,62,8,62,8,62,8,62,8,62,8,62,8,62,8,62,8,62,8,62,8,62,8,62,8,63,8,63,8,63,8,63,8,63,8,63,8,63,8,63,8,63,8,63,8,63,8,0,8,0,8,0,7,0,8,0,8,0,7,0,7,1,7,1,7,1,7,1,8,1,8,1,8,1,8,1,8,2,8,2,8,2,8,2,8,2,8,2,8,2,8,2,8,2,8,2,8,2,8,2,8,2,8,3,8,3,8,3,8,2,8,2,8,3,8,3,8,2,8,2,8,3,8,3,8,3,8,3,8,3,8,3,8,3,8
1738630509.389521000,64:64:4a:bc:f0:ad,64:64:4a:bc:f0:ad,e2:7b:9e:69:54:2b,e2:7b:9e:69:54:2b,48,13,48,13,47,13,48,13,48,13,49,13,49,13,49,13,48,13,48,13,49,13,49,13,49,13,49,13,49,13,49,13,49,13,49,13,49,13,50,12,49,12,49,12,50,12,50,12,50,12,50,12,50,12,50,12,50,12,50,12,50,12,50,12,50,12,51,12,51,12,51,12,51,12,51,12,51,12,51,12,51,12,51,12,51,12,51,12,51,11,51,11,51,11,51,11,51,11,52,11,52,11,52,11,52,11,52,11,52,11,52,11,52,11,52,11,52,11,52,10,52,10,53,10,53,10,53,10,53,10,53,10,53,10,53,10,53,10,54,10,54,10,54,10,54,10,54,10,54,10,54,10,54,10,54,10,54,10,55,10,55,9,55,9,55,9,55,9,55,9,55,9,56,9,56,9,56,9,56,9,56,9,56,9,56,9,56,9,57,9,57,9,57,9,57,9,57,9,57,9,57,9,58,9,58,9,58,9,58,9,58,9,58,9,58,8,58,8,59,8,59,8,59,8,59,8,59,8,59,8,59,8,59,8,59,8,60,8,60,8,60,8,60,8,60,8,60,8,60,8,60,8,61,8,61,8,61,8,61,8,61,8,61,8,61,8,61,8,61,8,61,8,61,8,61,8,61,8,61,8,61,8,61,8,62,8,62,8,62,8,62,8,62,8,62,8,62,8,62,8,62,8,62,8,62,8,62,8,63,8,63,8,63,8,63,8,63,8,63,8,63,8,63,8,63,8,63,8,63,8,63,8,63,8,63,8,63,8,63,8,63,8,63,8,63,8,63,8,63,8,63,8,63,8,63,8,63,8,63,8,0,8,0,8,0,8,0,8,0,8,0,8,0,8,0,8,0,8,0,8,1,8,0,8,1,7,1,7,1,7,1,7,1,7,1,8,1,8,1,8,2,8,2,8,2,8,2,8,2,8,2,8,2,8,2,8,2,8,2,8,2,8,2,8,2,8,2,8,2,8,3,8,2,8,2,8,2,8,2,8,2,8,2,8,3,8,2,8,2,8,2,8,3,8,3,8,3,8,3,8,2,8,2,8,2,8,2,8
1738630514.188658000,64:64:4a:bc:f0:ad,64:64:4a:bc:f0:ad,e2:7b:9e:69:54:2b,e2:7b:9e:69:54:2b,45,10,45,10,46,10,46,10,47,10,47,10,47,10,47,10,48,10,48,10,48,10,48,10,49,10,49,10,49,10,49,10,50,10,50,10,50,10,50,10,50,10,51,10,51,10,51,10,51,10,51,10,51,10,51,10,51,10,51,10,51,10,51,10,52,10,52,10,52,10,52,10,52,10,52,10,52,10,52,10,52,10,52,10,52,10,53,10,53,10,53,10,53,10,53,10,54,10,54,10,54,10,54,10,54,10,54,10,54,10,54,10,54,10,54,10,55,10,55,10,55,10,55,10,55,10,55,10,56,10,56,10,56,10,56,10,56,10,56,10,56,10,56,10,56,10,56,10,56,10,56,10,56,10,56,10,56,10,56,10,56,10,56,10,56,10,56,10,56,10,56,10,55,10,55,10,55,10,55,10,55,10,55,10,55,10,55,10,55,10,55,10,55,10,55,10,55,10,55,10,55,10,55,10,55,10,55,10,55,9,55,9,55,9,55,9,55,9,55,9,55,9,55,9,55,9,56,9,55,9,55,9,55,9,55,9,55,9,56,9,56,8,56,8,56,8,56,8,56,8,56,8,55,8,55,8,56,8,56,8,56,8,55,8,56,8,56,8,56,8,56,8,56,8,56,8,56,8,56,7,56,7,56,7,56,7,56,7,56,7,56,7,56,7,56,7,56,7,56,7,56,7,56,7,56,7,57,6,56,6,56,6,57,6,57,6,57,6,57,6,57,6,58,6,58,6,58,6,58,5,58,5,59,5,59,5,59,5,59,5,59,5,59,5,59,5,60,5,60,5,61,5,61,5,61,5,61,5,61,5,61,5,62,5,62,5,62,5,62,5,63,5,63,5,63,5,63,5,63,5,63,5,0,5,0,5,0,5,0,5,0,6,0,6,0,6,0,5,0,6,0,6,0,6,0,6,1,6,1,6,1,6,1,6,1,6,1,6,1,6,1,6,1,6,1,6,1,6,1,6,1,6,1,6,1,6,1,6,1,6,1,6,1,6,1,6,1,6,1,6,1,6,1,6,1,6,1,6,1,6,1,6,1,6,1,6,1,6
1738630514.368419000,64:64:4a:bc:f0:ad,64:64:4a:bc:f0:ad,e2:7b:9e:69:54:2b,e2:7b:9e:69:54:2b,45,10,46,10,47,10,46,10,46,10,47,10,47,10,48,10,48,10,48,10,48,10,48,10,49,10,49,11,50,10,50,10,50,10,50,11,50,10,50,11,50,11,51,11,51,11,51,11,51,11,51,11,51,11,51,11,51,11,51,11,52,11,52,11,52,11,52,11,52,11,51,11,51,11,52,11,52,10,52,10,52,10,52,10,52,10,53,10,52,10,53,10,53,10,53,10,53,10,53,10,53,10,54,10,54,10,54,10,54,10,54,10,54,10,54,10,54,10,54,10,55,10,55,10,55,10,55,10,55,10,55,10,55,10,55,10,55,10,55,10,55,10,55,10,55,10,56,10,55,10,55,10,55,10,56,10,56,10,56,10,55,10,55,10,55,10,55,10,55,10,55,10,55,10,55,10,55,10,55,10,55,10,55,10,55,10,55,10,55,10,55,10,55,10,55,10,54,10,55,10,55,10,55,10,55,10,55,10,55,10,55,10,55,10,55,10,55,9,55,9,55,9,55,9,55,9,55,9,55,9,55,9,55,9,55,9,55,9,55,9,55,9,55,9,55,9,55,9,55,8,56,8,56,8,56,8,55,8,55,8,55,8,55,8,55,8,55,8,55,8,56,8,56,8,56,8,56,8,56,8,56,8,56,7,55,8,56,7,56,7,56,7,56,7,56,7,56,7,56,7,56,7,56,7,56,7,56,6,56,6,57,6,57,6,57,6,57,6,57,6,58,6,58,6,58,6,58,6,58,6,58,6,59,6,59,6,59,6,59,6,59,5,59,5,60,5,60,5,60,5,60,5,60,5,60,5,61,5,61,5,61,5,61,5,61,5,62,5,62,5,62,5,62,5,62,5,63,5,63,5,63,5,63,5,63,5,0,6,0,6,0,6,0,6,0,6,0,6,0,6,0,6,0,6,0,6,0,6,0,6,1,6,1,6,1,6,1,6,1,6,1,6,1,6,1,6,1,6,1,6,0,6,1,6,1,6,1,6,0,6,1,6,0,6,1,6,1,6,0,6,0,6,0,6,0,6,0,6,0,6,0,6,0,6,0,6,0,6
1738630514.489562000,64:64:4a:bc:f0:ad,64:64:4a:bc:f0:ad,e2:7b:9e:69:54:2b,e2:7b:9e:69:54:2b,45,10,45,10,46,10,46,10,46,10,47,10,47,10,47,10,47,10,48,10,48,10,48,10,48,10,49,10,49,10,49,10,50,11,50,11,50,11,50,11,51,11,50,11,50,11,51,11,51,10,50,11,51,11,51,11,51,11,51,11,51,11,51,11,52,11,52,11,52,11,51,11,51,11,52,11,52,11,52,11,52,10,52,10,52,10,52,11,53,10,53,10,53,10,53,10,53,10,53,10,53,10,53,10,54,10,54,10,54,10,54,10,54,10,54,10,54,10,55,10,55,10,55,10,55,10,55,10,55,10,55,10,55,10,55,10,55,11,55,10,55,10,56,10,55,10,55,11,55,11,56,11,56,11,55,11,55,11,55,11,55,11,55,11,55,11,55,11,55,11,55,11,55,10,55,10,55,10,55,10,55,10,55,10,54,10,54,10,55,10,55,10,55,10,54,10,55,10,55,10,54,10,54,10,55,10,55,10,55,10,55,10,54,10,54,10,55,10,55,10,54,9,54,9,55,9,55,9,55,9,55,9,55,9,55,9,55,9,55,9,55,9,55,9,55,9,55,9,55,9,55,9,55,9,55,9,55,9,55,9,55,9,55,9,55,9,55,8,55,8,55,8,55,8,55,8,55,8,55,8,55,8,55,8,55,8,55,8,55,8,55,7,55,7,55,7,56,7,56,7,56,7,56,7,56,7,56,7,56,7,56,6,57,6,57,6,57,6,57,6,57,6,57,6,57,6,58,6,58,6,58,6,58,6,59,6,59,6,59,6,59,5,59,5,59,5,60,5,60,5,60,5,60,5,61,5,61,5,61,5,61,5,61,5,62,5,62,5,62,5,62,5,63,5,63,5,63,6,63,6,63,6,0,6,0,6,0,6,0,6,0,6,0,6,0,6,0,6,0,6,0,6,0,6,0,6,1,6,1,6,1,6,0,6,0,6,0,6,1,6,1,6,1,7,1,7,1,7,0,7,1,7,1,7,0,7,1,7,0,7,0,7,0,7,0,7,1,7,0,7,0,7,0,7,0,7,0,7,0,7,0,7,0,7,0,7,0,7
1738630514.496671000,64:64:4a:bc:f0:ad,64:64:4a:bc:f0:ad,e2:7b:9e:69:54:2b,e2:7b:9e:69:54:2b,45,10,45,11,45,10,46,10,46,10,47,10,47,10,47,10,47,10,47,10,48,10,48,10,48,10,49,10,49,10,49,10,49,10,50,10,50,10,50,10,50,10,50,11,51,10,51,10,51,10,51,10,51,10,51,10,51,10,51,10,52,10,52,11,52,11,51,11,52,11,52,10,52,10,52,10,52,10,52,10,52,10,52,10,52,10,52,10,53,10,53,10,53,10,53,10,53,10,53,10,54,10,54,10,54,10,54,10,54,10,54,10,54,10,54,10,55,10,55,10,55,10,55,10,55,10,55,10,56,10,56,10,56,10,56,10,56,10,56,10,56,10,56,10,56,10,56,10,56,10,56,10,56,10,56,10,56,10,56,10,56,11,56,10,56,10,55,10,55,10,56,11,56,10,56,10,55,10,55,10,55,10,55,10,55,10,55,11,55,11,55,10,55,10,55,10,55,10,55,10,55,10,55,10,55,10,55,10,55,10,55,10,55,10,55,10,55,10,55,10,55,10,55,9,55,9,55,9,55,9,55,9,55,9,55,9,55,9,55,9,55,9,55,9,55,9,55,9,55,9,55,9,55,9,55,9,55,9,55,8,55,8,55,8,55,8,55,8,55,8,55,8,55,8,55,8,55,8,56,8,56,8,55,8,55,8,55,8,55,7,56,7,56,7,56,7,56,7,56,7,56,7,56,7,56,7,56,7,56,7,56,7,57,6,57,6,57,6,57,6,57,6,57,6,58,6,58,6,58,6,58,6,58,6,59,6,59,6,59,6,59,5,59,5,60,5,60,5,60,5,60,5,60,5,61,5,61,5,61,5,62,5,62,5,62,5,62,5,62,5,62,5,62,5,63,5,63,5,63,5,63,6,0,6,0,6,0,6,0,6,0,6,0,6,0,6,0,6,0,6,0,6,1,6,1,6,1,6,1,6,1,6,1,6,1,6,1,6,1,6,1,6,1,7,1,7,1,7,1,7,1,7,1,7,1,7,1,7,1,7,1,7,1,7,1,7,0,7,0,7,1,7,1,7,1,7,0,7,0,7,0,7,1,7,0,7,0,7
1738630514.611978000,64:64:4a:bc:f0:ad,64:64:4a:bc:f0:ad,e2:7b:9e:69:54:2b,e2:7b:9e:69:54:2b,44,10,45,10,45,10,45,10,46,10,47,10,47,11,48,11,48,10,48,10,48,10,48,10,49,10,49,10,49,10,49,10,49,10,49,11,50,11,50,11,50,10,50,11,50,10,50,10,51,10,51,10,51,10,51,11,51,11,51,11,51,11,51,10,51,10,51,11,51,11,52,11,52,10,52,10,52,10,52,10,52,10,52,10,52,10,52,10,52,10,53,10,53,10,53,10,53,10,53,10,53,10,54,10,54,10,54,10,54,10,54,10,54,10,54,10,55,10,55,10,55,10,55,10,55,10,55,10,55,10,55,10,56,10,56,10,56,10,56,10,56,10,56,10,56,10,56,10,56,10,56,10,56,10,56,10,56,11,56,11,56,11,56,11,56,11,56,11,56,11,55,11,55,11,55,11,55,11,55,11,55,11,55,11,55,11,55,10,55,10,55,10,55,10,55,10,55,10,55,10,55,10,55,10,55,10,55,10,55,10,55,10,55,10,55,10,55,10,55,10,55,10,55,9,55,9,55,10,55,9,55,9,55,9,55,9,55,9,55,9,55,9,55,9,55,9,55,9,55,9,55,9,55,9,55,9,55,9,55,9,55,8,55,8,55,8,55,8,55,8,55,8,55,8,55,8,55,8,55,8,55,8,55,8,55,8,55,8,55,8,55,7,55,7,56,7,56,7,56,7,56,7,56,7,56,7,56,7,56,7,56,6,57,6,57,6,57,6,57,6,57,6,57,6,58,6,58,6,58,6,58,6,58,6,59,6,59,6,59,5,59,5,60,5,60,5,60,5,60,5,60,5,60,5,60,5,61,5,61,5,61,5,61,5,62,5,62,5,62,5,62,5,63,5,63,5,63,6,63,6,63,6,0,6,0,6,0,6,0,6,0,6,0,6,0,6,0,6,0,6,1,6,1,6,1,6,1,6,1,6,1,6,1,6,1,6,1,6,1,6,1,6,1,7,1,7,1,7,1,7,1,7,1,7,1,7,1,7,1,7,1,7,1,7,1,7,0,7,0,7,1,7,1,7,0,7,0,7,0,7,1,7,0,7,0,7,0,7
1738630514.718639000,64:64:4a:bc:f0:ad,64:64:4a:bc:f0:ad,e2:7b:9e:69:54:2b,e2:7b:9e:69:54:2b,45,11,45,10,46,11,46,10,47,11,47,11,48,11,48,11,48,11,48,11,48,11,49,11,49,11,49,11,49,11,50,11,50,11,50,11,50,11,50,11,50,11,50,11,51,11,51,11,51,11,51,11,51,11,50,11,51,11,51,11,52,11,51,11,51,11,51,11,51,11,51,11,52,11,52,11,52,11,52,11,52,11,52,11,52,11,52,11,52,11,52,11,53,11,53,10,53,10,53,11,53,11,53,11,53,11,54,10,54,10,54,10,54,10,54,10,54,11,54,11,54,11,55,10,54,10,54,10,55,10,55,10,55,11,55,11,55,11,55,10,55,10,55,10,55,11,55,11,55,11,55,11,55,11,55,11,55,11,55,11,55,11,55,11,55,11,55,11,55,11,55,11,55,11,55,10,54,11,54,11,54,11,54,11,55,10,55,10,54,10,54,10,54,10,54,10,54,10,55,10,55,10,54,10,54,10,54,10,54,10,54,10,54,10,54,10,54,9,54,10,55,9,55,9,55,9,55,10,54,9,55,9,55,9,55,9,55,9,55,9,55,9,55,9,55,9,55,9,55,9,55,9,55,9,55,9,55,9,55,8,55,8,55,8,55,8,55,8,55,8,55,8,55,8,55,8,55,8,55,8,55,8,55,8,55,8,55,8,56,7,56,7,56,7,56,7,55,7,56,7,56,7,56,7,56,7,56,7,56,7,57,7,57,6,57,6,57,6,57,6,57,6,58,6,58,6,58,6,58,6,58,6,58,6,59,6,59,6,59,6,59,6,59,6,59,6,59,6,60,5,60,5,60,5,61,5,61,6,61,6,61,5,61,5,61,5,62,5,62,5,62,5,62,6,62,6,63,6,63,5,63,6,63,6,0,6,0,6,0,6,0,6,0,6,0,6,0,6,0,6,0,6,0,6,0,6,1,6,1,6,1,6,1,6,1,6,1,6,1,7,0,7,1,7,1,7,1,7,1,7,1,7,1,7,1,7,1,7,1,7,0,7,1,7,1,7,0,7,0,7,0,7,0,7,0,7,0,7,0,7,1,7,0,7,1,7,0,7
1738630517.203849000,64:64:4a:bc:f0:ad,64:64:4a:bc:f0:ad,e2:7b:9e:69:54:2b,e2:7b:9e:69:54:2b,39,13,40,13,41,13,40,12,40,12,40,12,41,12,41,12,41,12,42,12,42,12,43,12,43,12,43,12,43,12,44,11,44,11,44,11,44,11,44,11,45,11,45,11,45,11,46,11,46,11,46,11,46,11,46,11,46,11,47,11,47,11,47,11,47,11,47,11,47,11,47,11,48,11,48,11,48,10,48,10,48,10,48,10,49,10,49,10,49,10,49,10,49,10,50,10,50,10,50,10,50,10,50,10,51,10,51,10,51,9,51,9,52,9,52,9,52,9,52,9,53,9,53,9,53,9,53,10,53,10,53,10,53,10,53,10,54,10,54,10,54,9,54,9,54,10,54,10,54,10,54,10,55,10,54,10,54,10,54,10,55,10,55,10,55,10,55,10,55,10,55,10,55,10,55,10,55,10,55,10,55,10,55,10,55,10,55,10,55,10,55,10,55,9,55,10,55,10,55,10,55,9,55,9,55,9,55,9,56,9,55,9,56,9,56,9,56,9,56,9,56,9,56,9,56,9,56,9,56,9,56,9,56,9,56,9,56,9,56,9,56,9,56,9,56,9,56,9,56,9,56,9,56,9,56,9,56,9,56,9,56,9,56,9,56,9,56,9,56,9,56,9,56,9,56,9,55,9,55,9,55,9,55,9,55,9,55,9,55,8,55,8,55,8,55,8,55,8,55,8,55,8,54,8,54,8,55,8,55,7,55,7,55,7,55,7,55,7,55,7,55,7,55,7,55,6,55,6,55,6,56,6,56,6,56,6,56,6,57,6,57,6,57,5,57,5,57,5,57,5,58,5,58,5,58,5,58,5,58,5,59,5,59,5,59,5,59,5,60,5,60,5,60,5,60,5,61,5,61,5,61,5,62,5,62,5,62,5,62,5,62,5,63,5,63,5,63,5,63,5,63,5,63,5,63,5,63,5,63,5,0,5,0,6,0,6,0,6,0,6,0,6,0,6,0,6,0,6,0,6,0,6,0,6,0,6,0,6,0,6,0,6,0,6,0,6,0,6,0,6,0,6,0,6,0,6,0,6,0,6,0,6,0,6,0,6,0,6
1738630524.984809000,64:64:4a:bc:f0:ad,64:64:4a:bc:f0:ad,e2:7b:9e:69:54:2b,e2:7b:9e:69:54:2b,21,13,21,13,23,13,24,13,25,13,25,13,25,13,26,13,27,13,28,13,29,13,29,13,30,13,30,13,32,13,33,13,33,13,34,13,34,13,36,12,36,12,36,12,36,13,37,13,38,13,38,12,38,12,39,12,39,12,40,12,40,12,41,12,42,12,42,12,42,12,42,12,42,12,42,12,43,12,43,12,44,12,44,12,44,12,44,12,45,12,45,11,46,11,46,11,47,11,47,11,47,11,48,11,48,11,48,11,48,11,49,11,49,11,49,11,50,10,50,11,50,11,51,11,51,10,51,10,51,10,52,10,52,10,52,10,53,10,53,10,53,10,53,10,54,10,54,10,54,10,54,10,55,10,55,10,56,10,56,10,55,10,56,10,56,11,57,10,57,10,57,10,57,10,57,11,57,11,57,11,57,11,58,11,57,11,58,11,58,11,58,11,58,11,58,11,58,11,58,11,58,11,58,11,58,11,58,11,58,11,58,11,58,11,58,11,58,11,58,11,58,11,58,11,58,12,58,12,58,12,58,11,58,11,57,12,57,12,57,12,57,12,57,11,56,11,56,12,56,12,56,12,56,12,56,12,56,11,56,11,55,11,55,11,55,11,55,12,55,12,54,11,54,11,54,11,54,11,54,11,53,11,53,11,53,11,53,11,53,11,53,11,52,11,52,11,52,11,52,10,52,10,52,10,51,10,51,10,51,10,51,10,51,9,51,9,52,9,51,9,52,9,51,8,51,8,52,8,52,8,52,8,52,8,52,7,52,7,52,7,53,7,53,7,53,7,53,7,53,6,54,6,54,6,54,6,54,6,54,6,55,6,55,6,55,6,55,6,56,5,56,5,56,5,56,5,57,5,57,5,57,5,58,5,58,5,59,5,59,5,59,5,59,5,60,5,60,5,60,5,60,5,61,5,61,5,61,5,61,5,62,5,62,5,62,5,62,5,62,5,62,5,63,5,63,5,63,5,63,5,63,6,63,6,63,6,0,6,63,6,63,6,0,6,0,6,0,6,0,6,0,6,0,6,0,6,0,6,0,6,0,6,0,6,0,6,0,6
1738630524.986211000,64:64:4a:bc:f0:ad,64:64:4a:bc:f0:ad,e2:7b:9e:69:54:2b,e2:7b:9e:69:54:2b,21,13,23,13,23,13,24,13,24,13,26,13,26,13,26,13,28,13,29,13,30,13,30,13,30,13,30,13,31,13,32,13,33,13,33,13,34,13,35,12,36,12,36,13,37,12,37,12,38,12,38,12,38,12,39,12,39,12,40,12,40,12,41,12,41,12,42,12,42,12,42,12,42,12,42,12,43,12,43,12,43,11,44,11,44,11,44,11,45,11,45,11,46,11,46,11,47,11,47,11,47,11,47,11,48,11,48,11,49,11,49,10,49,10,50,10,50,10,50,10,50,10,51,10,51,10,51,10,52,10,52,10,52,10,53,10,53,10,53,10,53,10,54,10,54,10,54,10,55,10,55,10,55,10,55,10,56,10,56,10,56,10,56,10,57,10,57,10,57,10,57,10,57,10,57,10,57,10,58,10,58,11,58,11,58,11,58,11,58,11,58,11,58,11,58,11,59,11,59,11,59,11,59,11,59,11,59,11,58,11,58,11,59,11,59,11,59,11,59,11,58,11,58,11,58,11,59,12,58,11,58,11,58,12,58,12,57,12,58,12,57,12,57,12,57,12,57,12,57,12,57,12,56,12,56,12,56,11,56,11,56,11,56,12,55,12,55,11,55,11,55,11,55,11,54,11,54,11,54,11,54,11,54,11,54,11,53,11,53,11,53,11,53,11,52,11,52,11,52,10,52,10,52,10,52,10,51,10,51,10,51,9,52,9,52,9,52,9,52,9,52,9,52,8,52,8,52,8,52,8,52,8,52,8,52,7,52,7,53,7,53,7,53,7,53,7,53,7,53,6,54,6,54,6,54,6,54,6,55,6,55,6,55,6,55,6,55,6,56,6,56,5,56,5,56,5,57,5,57,5,58,5,58,5,58,5,59,5,59,5,59,5,59,5,60,5,60,5,60,5,60,5,61,5,61,5,61,5,62,5,62,5,62,5,62,5,62,5,63,5,63,5,63,5,63,5,63,5,63,6,63,6,0,6,0,6,0,6,0,6,0,6,0,6,0,6,0,6,0,6,0,6,0,6,0,6,0,6,0,6,0,6,0,6,0,6,0,6
1738630528.550080000,64:64:4a:bc:f0:ad,64:64:4a:bc:f0:ad,e2:7b:9e:69:54:2b,e2:7b:9e:69:54:2b,6,14,5,14,4,14,6,14,6,14,6,14,7,14,7,14,8,14,7,14,6,14,7,14,8,15,9,15,9,15,8,15,5,15,5,15,7,15,5,15,58,15,52,15,50,15,49,15,46,15,49,15,50,15,49,15,49,15,48,14,48,15,47,14,48,14,49,14,50,14,50,14,49,14,49,14,49,14,49,14,49,14,50,14,50,14,50,13,49,13,49,13,49,13,50,13,50,13,50,13,50,13,50,13,50,13,50,12,50,12,50,12,50,12,50,12,50,12,51,12,51,11,51,11,51,11,51,11,51,11,51,11,52,11,52,11,52,10,52,10,52,10,53,10,53,10,53,10,53,10,54,10,54,10,54,10,54,9,54,9,54,9,55,9,55,9,55,9,56,9,56,9,56,9,56,8,57,8,57,8,57,8,58,8,58,8,58,8,58,8,58,8,59,8,59,8,59,8,59,8,59,8,60,8,60,8,60,8,60,8,61,8,61,8,61,8,61,8,62,8,62,8,62,8,62,8,62,8,63,8,63,8,63,8,0,8,0,8,0,8,0,8,1,8,1,8,1,8,1,8,1,8,1,8,1,9,2,9,2,9,2,9,2,9,2,9,2,9,2,9,2,9,2,9,2,9,2,9,2,9,2,9,2,9,2,9,2,9,2,10,2,10,2,10,2,10,2,10,2,10,1,10,1,10,1,10,1,10,1,10,1,10,0,10,0,10,0,10,0,10,0,10,0,10,0,10,63,10,63,10,63,10,63,10,63,10,63,10,63,10,62,9,62,9,62,9,62,9,62,9,62,9,62,9,62,9,62,9,61,9,61,8,61,8,62,8,62,8,62,8,62,8,62,8,62,8,63,7,63,7,63,7,63,7,63,7,0,7,0,7,0,7,0,7,1,7,1,7,1,7,1,6,2,6,2,7,2,6,2,7,2,7,3,7,3,7,3,6,4,6,4,6,4,7,4,7,4,7,4,7,5,7,5,7,5,7,5,7,5,7,6,7,6,7,5,7,6,7,6,7,6,7,6,7,6,7,6,7,6,8,6,8,6,8,7,8,6,8
1738630528.551610000,64:64:4a:bc:f0:ad,64:64:4a:bc:f0:ad,e2:7b:9e:69:54:2b,e2:7b:9e:69:54:2b,4,14,3,14,4,14,5,14,4,14,5,14,6,14,6,14,5,14,5,14,5,14,6,14,5,15,5,15,5,15,4,15,4,15,2,15,4,15,59,15,57,15,57,15,56,15,52,15,50,15,49,15,48,15,48,15,49,15,50,15,49,14,49,14,49,14,49,14,49,14,49,14,49,14,49,14,50,14,50,14,50,14,50,14,50,13,49,13,50,13,49,13,50,13,50,13,50,13,50,13,49,13,50,13,50,13,50,12,51,12,50,12,51,12,51,12,51,12,51,12,51,12,51,11,51,11,51,11,51,11,52,11,52,11,52,11,52,11,52,10,52,10,53,10,53,10,53,10,53,10,53,10,53,10,54,10,54,9,54,9,54,9,55,9,55,9,55,9,56,9,56,9,56,8,56,8,56,8,57,8,57,8,57,8,57,8,58,8,58,8,58,8,58,8,59,8,59,8,59,8,59,8,60,8,60,8,60,8,60,8,61,8,61,8,61,8,61,8,62,8,62,8,62,8,62,8,63,8,62,8,63,8,63,8,0,8,0,8,0,8,1,8,1,8,1,8,1,8,1,8,1,8,1,8,2,8,2,8,2,9,2,9,2,9,2,9,2,9,2,9,2,9,2,9,2,9,2,9,2,9,2,9,2,9,2,9,2,9,2,10,2,10,2,10,2,10,2,10,2,10,2,10,1,10,1,10,1,10,1,10,1,10,0,10,0,10,0,10,0,10,0,10,0,10,0,10,63,10,63,10,63,10,63,10,63,10,62,10,62,10,62,10,62,9,62,9,62,9,62,9,62,9,62,9,62,9,62,9,62,9,62,9,62,8,62,8,62,8,62,8,62,8,62,8,62,8,62,7,63,7,63,7,63,7,63,7,63,7,0,7,0,7,0,7,0,7,1,7,1,7,1,6,2,6,2,6,2,6,2,6,2,6,3,6,3,6,3,6,3,7,4,7,4,7,4,7,4,7,4,7,4,7,5,7,5,7,5,7,5,7,5,7,6,7,6,7,6,7,6,7,6,7,6,7,6,7,6,7,6,7,6,7,6,8,7,8,7,8
1738630528.771605000,64:64:4a:bc:f0:ad,64:64:4a:bc:f0:ad,e2:7b:9e:69:54:2b,e2:7b:9e:69:54:2b,5,14,6,14,6,14,7,14,7,14,7,14,7,14,7,14,8,15,8,15,8,15,9,15,10,15,10,15,12,15,11,15,9,15,8,15,10,15,16,15,24,15,43,15,46,15,47,15,46,15,46,15,46,15,46,15,47,15,47,14,48,14,48,14,48,14,48,14,48,14,49,14,49,14,48,14,48,14,48,13,49,13,49,13,49,13,49,13,49,13,49,13,50,13,50,13,50,13,50,12,50,12,50,12,50,12,50,12,50,12,50,12,50,12,51,12,50,11,51,11,51,11,51,11,51,11,51,11,51,11,52,11,52,10,52,10,52,10,52,10,52,10,53,10,53,10,53,10,53,10,54,9,54,9,54,9,54,9,54,9,55,9,55,9,55,9,56,8,56,8,56,8,56,8,57,8,57,8,57,8,57,8,57,8,58,8,58,8,58,8,58,8,59,8,59,8,59,8,59,7,60,8,60,8,60,7,60,7,61,7,61,7,61,7,61,7,62,7,62,8,63,7,63,7,63,7,63,7,63,7,63,8,0,8,0,8,0,8,1,8,1,8,1,8,1,8,1,8,1,8,2,8,2,8,2,8,2,8,2,8,2,9,2,9,2,9,2,9,3,9,2,9,3,9,3,9,3,9,2,9,2,9,3,9,3,9,3,9,2,10,3,10,3,10,3,10,2,10,2,10,2,10,2,10,2,10,1,10,1,10,1,10,1,10,1,10,0,10,0,10,0,10,0,10,0,10,0,10,63,10,63,10,63,10,63,10,63,10,63,9,63,9,63,9,62,9,62,9,62,9,62,9,62,9,62,8,62,8,62,8,62,8,62,8,62,8,62,8,63,8,63,8,63,7,63,7,63,7,0,7,0,7,0,7,0,7,1,7,1,7,1,6,1,6,2,7,2,7,2,7,2,6,2,6,3,7,3,6,3,6,3,7,4,7,4,6,4,7,4,7,4,7,4,7,5,7,5,7,5,7,5,7,5,7,6,7,6,7,6,7,6,7,6,7,6,7,6,7,6,7,7,7,7,7,7,8,6,8,6,8,7,8,7,8,7,8,7,8
1738630531.542535000,64:64:4a:bc:f0:ad,64:64:4a:bc:f0:ad,e2:7b:9e:69:54:2b,e2:7b:9e:69:54:2b,5,14,4,14,6,14,6,14,7,14,7,14,8,14,8,14,7,14,7,14,7,14,9,14,10,14,10,14,9,15,9,15,11,15,10,15,10,15,11,15,6,15,0,15,57,15,53,15,49,15,46,15,49,15,50,15,49,15,48,15,48,15,48,14,48,14,49,14,50,14,50,14,50,14,50,14,50,14,50,14,50,13,50,13,50,13,50,13,50,13,50,13,51,13,51,13,51,13,51,13,51,13,51,12,51,12,51,12,52,12,52,12,52,12,52,12,52,12,52,12,52,12,52,12,52,12,52,11,52,11,53,11,53,11,53,11,53,11,53,11,53,11,53,11,53,11,53,10,54,10,54,10,54,10,54,10,54,10,54,10,54,10,54,10,55,10,55,10,55,10,55,10,55,10,56,9,56,9,56,9,56,9,56,9,56,9,57,9,57,9,57,9,57,9,57,9,57,9,57,9,58,9,58,9,58,9,58,9,58,9,59,9,59,8,59,8,59,8,59,8,60,8,60,8,60,8,60,8,60,8,60,8,61,8,61,8,61,8,61,8,61,9,62,8,62,8,62,9,62,9,62,9,62,9,62,9,62,9,62,9,62,9,62,9,63,9,63,9,63,9,63,9,63,9,63,9,63,9,63,9,63,9,63,9,63,9,63,9,63,10,63,10,63,10,63,10,63,10,63,10,62,10,62,10,62,10,62,10,62,10,61,10,61,10,61,10,61,10,61,10,60,10,60,10,60,10,60,10,59,10,59,10,59,10,59,10,59,10,59,9,58,9,58,9,58,9,58,9,58,9,58,9,58,9,58,8,58,8,57,8,57,8,57,8,57,8,57,8,57,7,58,7,58,7,58,7,58,7,58,7,58,6,59,6,59,6,59,6,59,6,60,6,60,6,60,6,60,6,60,6,61,5,61,5,61,5,62,5,62,5,62,5,62,5,63,5,63,5,63,5,63,5,63,5,0,5,0,5,0,5,0,5,0,5,0,5,1,5,1,5,1,5,1,5,1,5,1,5,2,5,2,5,2,5,2,5,2,5,2,5,2,5,2,5,2,5,2,5
1738630531.544008000,64:64:4a:bc:f0:ad,64:64:4a:bc:f0:ad,e2:7b:9e:69:54:2b,e2:7b:9e:69:54:2b,5,13,5,14,6,14,6,14,6,14,6,14,7,14,7,14,7,14,7,14,7,14,8,14,10,15,9,15,9,15,8,15,6,15,6,15,8,15,11,15,4,15,60,15,52,15,48,15,48,15,48,15,49,15,49,15,49,15,49,15,49,14,49,14,49,14,49,14,49,14,49,14,49,14,50,14,50,14,50,13,50,13,50,13,50,13,50,13,50,13,50,13,51,13,51,13,51,13,51,13,51,12,51,12,51,12,52,12,52,12,52,12,52,12,52,12,52,12,52,12,52,12,52,12,52,12,52,11,52,11,53,11,53,11,53,11,53,11,53,11,53,11,54,11,54,11,54,11,54,11,54,11,54,10,54,10,54,10,55,10,55,10,55,10,55,10,55,10,55,10,55,10,55,10,55,9,56,9,56,9,56,9,56,9,56,9,56,9,57,9,57,9,57,9,57,9,57,9,58,9,58,9,58,9,58,9,58,9,58,9,58,8,59,8,59,8,59,8,59,8,60,8,60,8,60,8,60,8,60,8,60,8,61,8,61,9,61,8,62,8,61,8,62,9,62,9,62,9,62,9,62,9,62,9,62,9,63,9,63,9,63,9,63,9,63,9,63,9,63,9,63,9,63,9,63,9,63,9,63,9,63,10,63,10,63,9,63,9,63,10,63,10,63,10,62,10,62,10,62,10,62,10,62,10,62,10,61,10,61,10,62,10,62,10,61,10,61,10,61,10,60,10,60,10,60,10,60,10,59,10,59,10,59,10,59,10,59,10,59,10,58,9,58,9,58,9,58,9,58,9,58,9,57,9,57,8,57,8,57,8,57,8,57,8,57,8,57,8,57,7,58,7,58,7,58,7,58,7,58,6,58,6,58,6,59,6,59,6,59,6,59,6,59,6,60,6,60,5,60,5,61,5,61,5,61,5,61,5,61,5,62,5,62,5,62,5,62,5,63,5,63,5,63,5,0,5,0,5,0,5,0,5,0,5,0,5,1,5,1,5,1,5,1,5,1,5,1,5,1,5,1,5,2,5,2,5,2,5,2,5,2,5,2,5,2,5,2,5
1738630531.674964000,64:64:4a:bc:f0:ad,64:64:4a:bc:f0:ad,e2:7b:9e:69:54:2b,e2:7b:9e:69:54:2b,8,13,9,13,9,13,8,13,10,13,11,13,10,13,10,13,10,13,11,14,12,14,12,14,12,14,12,14,12,14,13,14,15,14,15,14,15,14,16,14,17,15,19,15,19,15,20,15,21,15,21,15,22,15,24,15,32,15,35,15,36,15,36,15,38,15,41,15,43,15,45,15,47,15,46,15,46,15,47,14,48,14,48,14,48,14,48,14,49,14,50,14,49,14,49,14,51,14,51,14,50,13,50,13,50,13,50,13,50,13,50,13,51,13,52,13,51,13,51,13,52,13,52,13,51,13,52,12,52,12,53,12,53,12,52,12,52,12,52,12,53,12,53,12,54,12,54,12,54,12,53,12,54,11,54,11,54,11,54,11,54,11,55,11,55,11,55,11,55,11,55,11,55,11,56,11,56,11,56,10,56,10,56,10,56,10,56,10,56,10,57,10,57,10,57,10,57,10,57,10,57,10,57,10,58,10,58,10,58,10,58,10,58,10,58,10,59,10,59,10,59,10,59,10,59,10,60,10,60,10,60,10,60,10,61,10,61,10,61,10,61,10,61,10,61,10,61,10,61,10,61,10,61,10,61,10,61,10,61,10,61,10,62,10,61,10,62,10,62,10,62,10,62,11,62,11,62,11,61,11,61,11,61,11,61,11,61,11,61,11,61,11,61,11,61,11,60,11,60,11,60,11,60,11,60,11,60,11,59,11,59,11,60,11,59,11,59,11,59,11,59,11,59,11,58,11,58,10,58,10,57,10,57,10,57,10,57,10,57,10,57,10,56,10,56,10,56,9,56,9,56,9,56,9,56,9,56,9,56,9,56,9,56,8,56,8,56,8,56,8,56,8,56,8,56,8,56,7,57,7,57,7,57,7,57,7,57,7,57,7,58,7,58,7,58,7,58,6,58,6,59,6,59,6,59,6,59,6,59,6,60,6,60,6,60,6,60,6,60,6,60,6,61,6,61,6,61,6,61,6,61,6,62,6,62,6,62,6,62,6,62,6,62,6,62,6,63,6,63,6,63,5,63,5,63,6,63,6,63,6,63,6,0,6,63,6,0,5
1738630531.969543000,64:64:4a:bc:f0:ad,64:64:4a:bc:f0:ad,e2:7b:9e:69:54:2b,e2:7b:9e:69:54:2b,35,12,35,12,36,13,36,12,36,12,37,12,37,12,37,13,37,13,38,12,38,12,39,12,39,12,40,13,40,13,40,13,40,13,40,12,41,12,41,12,41,12,42,12,42,12,42,12,42,12,42,12,43,12,43,12,43,12,43,12,44,12,44,12,44,12,44,12,44,12,44,12,45,12,45,12,45,12,45,12,45,12,45,12,46,12,46,12,46,12,46,12,47,11,47,11,47,11,47,11,47,11,47,11,47,11,47,11,48,11,48,11,48,11,48,11,48,11,49,11,49,11,49,11,49,11,49,11,50,11,50,11,50,11,50,11,50,10,50,10,51,10,51,10,51,10,51,10,51,10,51,10,51,10,51,10,51,10,51,10,52,10,52,10,52,10,52,10,52,10,53,10,53,10,53,10,53,10,53,10,53,10,53,10,53,10,53,9,54,9,53,9,54,9,54,9,54,9,54,9,54,9,54,9,54,9,54,9,55,9,55,9,55,9,55,9,55,9,55,9,55,9,56,9,56,9,56,9,56,9,56,9,56,8,56,9,56,9,56,9,57,9,57,9,57,9,57,9,57,9,57,9,57,9,57,9,57,9,57,9,57,9,57,9,57,9,57,9,57,9,57,8,57,8,57,9,57,9,57,9,57,9,57,9,57,8,58,8,57,8,57,8,58,8,58,8,57,8,57,8,57,8,57,8,57,8,57,8,57,8,57,8,58,8,58,8,58,8,58,8,58,8,58,7,58,7,58,7,58,7,58,7,57,7,57,7,58,7,58,7,58,7,58,7,58,7,58,7,58,7,58,6,58,6,58,6,58,6,59,6,59,6,59,6,59,6,59,6,59,6,59,6,60,6,60,6,60,6,60,5,60,5,60,5,61,5,61,5,61,5,61,5,62,5,62,5,62,5,62,5,63,5,63,5,63,5,63,5,63,5,63,5,63,5,63,5,0,5,0,5,0,5,0,5,0,5,0,6,0,5,0,6,0,6,1,6,1,6,0,6,1,6,1,6,1,6,1,6,1,6,1,6,1,6,1,6,1,6,1,6,1,6,1,6,1,6,1,6
1738630531.970886000,64:64:4a:bc:f0:ad,64:64:4a:bc:f0:ad,e2:7b:9e:69:54:2b,e2:7b:9e:69:54:2b,36,12,35,13,36,12,37,12,37,12,37,12,37,13,38,13,39,13,38,13,38,13,38,13,39,13,39,12,40,12,40,12,41,12,41,12,41,12,41,13,41,13,42,12,42,12,42,12,42,12,43,12,43,12,43,12,43,12,43,12,44,12,44,12,44,12,44,12,44,12,45,12,45,12,45,12,45,12,45,12,45,12,45,12,46,12,46,12,46,12,47,12,47,11,47,11,47,11,47,11,48,11,48,11,48,11,48,11,48,11,48,11,48,11,48,11,49,11,49,11,49,11,49,11,49,11,49,11,50,11,50,11,50,11,50,10,50,10,51,10,51,10,51,10,51,10,51,10,51,10,51,10,51,10,51,10,52,10,52,10,52,10,52,10,52,10,52,10,52,10,52,10,52,10,53,10,53,10,53,10,53,10,53,9,53,9,54,9,54,9,54,9,54,9,54,9,54,9,54,9,54,9,54,9,54,9,54,9,55,9,54,9,55,9,55,9,56,9,55,9,55,9,55,9,56,9,56,9,56,9,56,9,56,9,56,9,57,9,57,9,57,9,57,9,57,9,57,9,57,9,57,9,57,9,57,9,57,9,57,9,57,9,57,9,57,9,57,9,57,9,57,9,57,9,57,9,57,9,57,8,57,8,57,8,57,8,57,8,57,8,57,8,57,8,57,8,57,8,57,8,57,8,57,8,57,8,57,8,57,8,57,8,57,8,57,8,57,8,58,8,58,8,57,7,57,7,57,7,58,7,58,7,58,7,58,7,58,7,58,7,58,7,58,7,58,7,58,7,58,7,58,7,58,6,59,6,59,6,59,6,59,6,59,6,59,6,59,6,59,6,60,6,60,6,60,6,60,6,60,5,61,5,61,5,61,5,61,5,61,5,61,5,62,5,62,5,62,5,62,5,62,5,63,5,63,5,63,5,63,5,0,5,0,5,0,6,0,6,0,6,0,5,0,5,0,6,0,6,1,6,0,6,1,6,1,6,1,6,1,6,1,6,1,6,1,6,1,6,1,6,1,6,1,6,1,6,1,6,1,6,1,6,1,6,2,5,1,6
1738630532.076631000,64:64:4a:bc:f0:ad,64:64:4a:bc:f0:ad,e2:7b:9e:69:54:2b,e2:7b:9e:69:54:2b,40,12,41,12,40,12,42,12,42,12,42,12,42,12,42,12,42,12,43,12,43,12,43,12,43,12,43,12,43,12,43,12,43,12,44,12,44,12,44,12,44,12,45,12,45,12,45,12,45,12,45,12,45,12,45,12,45,12,46,12,46,12,46,12,46,12,46,12,46,12,47,12,47,12,47,11,47,11,47,11,47,11,47,11,47,11,47,11,48,11,48,11,48,11,48,11,48,11,48,11,48,11,49,11,49,11,49,11,49,11,49,11,49,11,49,10,49,10,50,10,50,10,50,10,50,10,50,10,50,10,51,10,51,10,51,10,51,10,51,10,51,10,51,10,51,10,51,10,51,10,52,10,52,10,52,10,52,10,52,9,52,10,52,10,52,9,52,9,53,9,53,9,53,9,53,9,53,9,53,9,53,9,53,9,54,9,54,9,54,9,54,9,54,9,54,9,54,9,54,9,55,9,55,9,55,9,55,9,55,8,55,8,55,8,55,8,56,9,56,8,56,8,56,8,56,8,56,8,56,8,57,8,57,8,57,8,57,8,57,8,57,8,57,8,57,8,57,8,57,8,57,8,57,8,57,8,57,8,58,8,58,8,58,8,58,8,58,8,58,8,58,8,58,8,58,8,58,8,58,8,58,8,58,8,58,8,58,8,58,8,59,8,58,8,58,8,58,8,59,7,59,7,59,7,59,7,59,7,59,7,59,7,59,7,59,7,59,7,59,7,59,7,59,7,59,7,59,7,59,7,59,7,60,7,60,7,60,7,60,7,60,7,60,7,60,6,60,6,61,6,61,6,60,6,61,6,61,6,61,6,61,6,61,6,61,6,61,6,62,6,62,6,62,6,62,6,62,6,63,6,63,6,63,6,63,6,63,6,0,6,0,6,0,6,0,6,0,6,0,6,0,6,0,6,0,6,1,6,1,6,1,6,1,6,1,6,1,6,1,6,1,6,1,6,1,6,1,6,1,6,1,6,1,6,2,6,1,6,1,6,1,6,2,6,2,6,2,6,2,6,2,6,2,6,2,6,1,6,2,6,2,6,2,6,2,6,2,6
1738630532.239144000,64:64:4a:bc:f0:ad,64:64:4a:bc:f0:ad,e2:7b:9e:69:54:2b,e2:7b:9e:69:54:2b,45,12,46,12,45,12,46,12,46,12,46,12,46,12,47,12,47,12,47,12,47,12,47,12,47,12,48,12,48,12,48,12,48,12,48,12,49,12,48,12,48,12,48,12,49,12,49,12,49,12,49,12,49,12,49,12,49,12,49,12,49,12,49,12,50,12,49,12,49,12,49,12,49,12,50,12,50,12,50,11,49,12,50,12,49,11,50,11,50,11,50,11,50,11,50,11,50,11,50,11,50,11,50,11,50,11,51,11,51,11,51,11,51,11,51,11,51,11,51,11,51,11,52,11,52,11,52,10,52,10,52,10,52,10,52,10,52,10,52,10,53,10,53,10,53,10,53,10,53,10,53,10,53,10,53,10,53,10,53,10,53,10,53,10,53,10,54,10,54,10,54,9,54,9,54,9,54,9,54,9,54,9,54,9,54,9,55,9,55,9,55,9,55,9,55,9,55,9,55,9,55,9,55,9,56,9,56,9,56,9,56,9,56,9,56,9,56,9,56,9,57,9,57,8,57,9,57,9,57,8,57,8,57,8,57,8,57,8,58,8,58,8,58,8,58,8,58,8,58,8,58,8,58,8,58,8,58,8,58,8,58,8,58,8,59,8,59,8,59,8,59,8,59,8,59,8,59,8,59,8,59,8,59,8,59,8,59,8,59,8,59,8,59,8,59,8,59,7,59,7,59,7,59,7,60,7,60,7,60,7,60,7,60,7,60,7,60,7,60,7,60,7,60,7,60,7,60,7,61,7,61,7,61,7,61,7,61,7,61,7,61,7,61,7,61,7,61,7,62,7,62,6,62,6,62,6,62,6,62,6,62,6,62,6,63,6,63,6,63,6,63,6,63,6,63,6,0,6,0,6,0,6,0,6,0,6,0,6,0,6,0,6,1,6,1,6,1,6,1,6,1,6,1,6,1,7,1,7,2,7,2,7,2,7,2,7,2,7,2,7,2,7,2,7,2,7,2,7,2,7,2,7,2,7,2,7,2,7,2,7,2,7,2,7,2,7,2,7,2,7,2,7,2,7,2,7,2,7,2,7,2,7,2,7,2,7,2,7
1738630532.241468000,64:64:4a:bc:f0:ad,64:64:4a:bc:f0:ad,e2:7b:9e:69:54:2b,e2:7b:9e:69:54:2b,45,12,45,12,45,12,45,12,45,12,45,12,46,12,46,12,46,12,46,12,47,12,47,12,47,12,47,12,47,12,47,12,48,12,48,12,47,12,48,12,48,12,48,12,48,12,48,12,48,12,48,12,49,12,49,12,49,12,49,12,49,12,49,12,49,12,49,12,49,12,50,12,49,12,49,12,49,12,49,11,50,11,50,11,50,11,49,11,50,11,50,11,50,11,50,11,50,11,50,11,50,11,50,11,50,11,50,11,51,11,51,11,51,11,51,11,51,11,51,10,51,10,52,11,52,11,52,10,52,10,52,10,52,10,52,10,52,10,52,10,53,10,53,10,53,10,53,10,53,10,53,10,53,10,53,10,53,10,53,10,53,10,54,10,54,10,54,10,54,9,54,9,54,9,54,9,54,9,55,9,55,9,55,9,55,9,55,9,55,9,55,9,55,9,55,9,55,9,55,9,56,9,56,9,56,9,56,9,56,9,56,9,56,9,56,9,56,9,57,9,57,9,57,9,57,9,57,9,57,8,57,8,57,8,57,8,58,8,58,8,58,8,58,8,58,8,58,8,58,8,58,8,58,8,58,8,58,8,58,8,58,8,58,8,58,8,58,8,58,8,58,8,59,8,59,8,59,8,59,8,59,8,59,8,59,8,59,8,59,8,60,8,60,8,59,8,59,7,59,7,59,7,60,7,60,7,60,7,60,7,60,7,60,7,60,7,60,7,60,7,60,7,60,7,60,7,61,7,61,7,61,7,61,7,61,7,61,7,61,7,61,7,61,7,62,7,62,7,62,7,62,6,62,6,62,6,62,6,62,6,62,6,62,6,63,6,63,6,63,6,63,6,63,6,63,6,0,6,0,6,0,6,0,6,0,6,0,6,0,6,0,6,1,6,1,6,1,6,1,6,1,6,1,6,2,6,1,7,1,7,1,7,2,7,2,7,2,7,2,7,2,7,2,7,2,7,2,7,2,7,2,7,2,7,2,7,2,7,2,7,2,7,2,7,2,7,2,7,2,7,2,7,2,7,2,7,2,7,3,7,2,7,2,7,2,7,2,7
1738630532.243464000,64:64:4a:bc:f0:ad,64:64:4a:bc:f0:ad,e2:7b:9e:69:54:2b,e2:7b:9e:69:54:2b,44,12,45,12,45,12,45,12,45,12,46,12,46,12,46,12,46,12,47,12,47,12,47,12,47,12,47,12,47,12,47,12,47,12,47,12,48,12,48,12,48,12,48,12,48,12,48,12,48,12,48,12,48,12,49,12,49,12,48,12,48,12,49,12,49,12,49,12,49,12,49,12,49,12,49,12,49,12,50,12,49,11,49,11,49,11,49,11,50,11,49,11,50,11,50,11,50,11,50,11,50,11,50,11,50,11,50,11,51,11,51,11,51,11,51,11,51,11,51,11,51,10,51,10,51,10,52,10,52,10,52,10,52,10,52,10,52,10,52,10,52,10,53,10,53,10,53,10,53,10,53,10,53,10,53,10,53,10,53,10,54,10,53,10,53,10,54,9,54,9,54,9,54,9,54,9,54,9,54,9,54,9,55,9,55,9,55,9,55,9,55,9,55,9,55,9,55,9,56,9,56,9,56,9,56,9,56,9,56,9,56,9,56,9,56,9,57,9,57,9,57,8,57,8,57,8,57,8,57,8,57,9,57,8,58,8,58,8,57,8,58,8,58,8,58,8,58,8,58,8,58,8,58,8,58,8,58,8,58,8,59,8,59,8,59,8,59,8,59,8,59,8,59,8,59,8,59,8,59,8,59,8,59,8,59,8,59,8,59,8,59,8,60,8,60,8,60,8,59,8,60,8,60,8,60,7,60,7,60,7,60,7,61,7,61,7,60,7,60,7,60,7,60,7,60,7,61,7,61,7,61,7,61,7,61,7,61,7,61,7,61,7,61,7,61,7,61,7,62,7,62,7,62,7,62,6,62,6,62,6,62,6,62,6,62,6,63,6,63,6,63,6,63,6,63,6,0,6,0,6,0,6,0,6,0,6,0,6,1,6,1,6,1,6,1,6,1,6,1,6,1,6,1,6,1,7,1,7,1,7,2,7,2,7,2,7,2,7,2,7,2,7,2,7,2,7,2,7,2,7,2,7,2,7,2,7,2,7,2,7,2,7,2,7,2,7,2,7,2,7,2,7,2,7,2,7,2,7,2,7,2,7,2,7,2,7,2,7
1738630532.377245000,64:64:4a:bc:f0:ad,64:64:4a:bc:f0:ad,e2:7b:9e:69:54:2b,e2:7b:9e:69:54:2b,42,12,42,12,43,12,43,12,43,13,43,13,43,12,44,12,45,12,45,12,45,12,45,12,45,12,45,12,46,12,46,12,46,12,46,12,46,12,46,12,47,12,47,12,47,12,47,12,48,12,48,12,47,12,47,12,48,12,48,12,48,12,48,12,48,12,48,12,48,12,49,12,49,12,49,12,49,12,49,12,49,12,49,12,49,12,49,12,49,12,50,11,50,11,50,11,50,11,50,11,50,11,50,11,51,11,51,11,51,11,51,11,51,11,51,11,51,11,51,11,51,11,52,11,52,11,52,10,52,10,52,10,52,10,52,10,52,10,53,10,53,10,53,10,53,10,53,10,53,10,53,10,54,10,54,10,54,10,54,10,54,10,54,10,54,10,54,10,55,10,55,10,55,9,55,9,55,9,55,9,55,9,55,9,55,9,56,9,56,9,56,9,56,9,56,9,56,9,56,9,57,9,57,9,57,9,57,9,57,9,57,9,57,9,57,9,58,9,58,9,58,9,58,9,58,9,58,9,58,9,58,9,58,9,59,9,59,9,59,9,59,9,59,9,59,9,59,9,59,9,59,9,59,9,59,9,59,9,59,9,59,9,59,9,59,9,59,9,59,9,59,9,59,9,60,9,60,9,60,9,60,9,60,9,60,9,60,9,60,9,60,9,60,8,60,8,60,8,60,8,60,8,60,8,60,8,60,8,60,8,60,8,60,8,60,8,60,8,60,8,60,8,60,8,60,8,60,8,60,8,60,8,60,8,60,8,60,8,60,7,61,7,61,7,61,7,61,7,61,7,61,7,61,7,61,7,61,7,61,7,61,7,61,7,62,7,62,7,62,7,62,7,62,7,62,7,63,6,63,6,63,6,63,6,63,6,63,6,0,6,0,6,0,6,0,6,0,6,0,6,1,6,1,7,1,7,1,7,1,6,1,7,1,7,1,7,1,7,1,7,2,7,2,7,2,7,2,7,2,7,2,7,2,7,2,7,2,7,2,7,2,7,2,7,2,7,2,7,2,7,2,7,2,7,2,7,2,7,2,7,2,7,2,7,2,7,2,7
1738630532.378829000,64:64:4a:bc:f0:ad,64:64:4a:bc:f0:ad,e2:7b:9e:69:54:2b,e2:7b:9e:69:54:2b,42,13,43,12,43,12,43,13,43,12,44,12,44,13,44,13,44,13,44,13,45,12,45,12,45,12,45,12,45,12,46,12,46,12,46,12,46,12,46,12,47,12,47,12,47,12,47,12,48,12,48,12,48,12,48,12,48,12,48,12,48,12,48,12,48,12,48,12,48,12,48,12,49,12,49,12,49,12,49,12,49,12,49,12,49,11,49,11,49,12,50,12,50,11,50,11,50,11,50,11,50,11,50,11,50,11,50,11,51,11,51,11,51,11,51,11,51,11,51,11,51,11,52,11,52,11,52,11,52,11,52,10,52,10,52,10,52,10,53,10,53,10,53,10,53,10,53,10,53,10,53,10,53,10,53,10,54,10,54,10,54,10,54,10,54,10,55,10,55,10,55,10,55,9,55,9,55,9,55,9,55,9,55,9,55,9,56,9,56,9,56,9,56,9,56,9,56,9,57,9,57,9,57,9,57,9,57,9,57,9,57,9,57,9,57,9,58,9,58,9,58,9,58,9,58,9,58,9,58,9,59,9,59,9,59,9,59,9,59,9,59,9,59,9,59,9,59,9,59,9,59,9,59,9,59,9,59,9,60,9,60,9,59,9,60,9,59,9,59,9,59,9,59,9,60,9,60,9,59,9,59,9,60,9,60,9,60,9,60,9,60,9,60,9,60,9,60,8,60,8,60,8,60,8,60,8,60,8,60,8,60,8,60,8,60,8,60,8,60,8,60,8,60,8,60,8,60,8,60,8,60,8,60,8,60,8,60,8,61,8,61,7,60,7,61,7,61,7,61,7,61,7,61,7,61,7,61,7,61,7,61,7,61,7,62,7,62,7,62,7,62,7,62,7,62,7,63,6,63,7,63,6,63,6,63,6,63,6,0,6,0,6,0,6,0,6,0,6,0,6,1,6,1,6,1,6,1,6,1,6,1,7,1,7,1,7,1,7,1,7,1,7,2,7,2,7,2,7,2,7,2,7,2,7,2,7,2,7,2,7,2,7,2,7,2,7,2,7,2,7,2,7,2,7,2,7,2,7,2,7,2,7,2,7,2,7,2,7
1738630532.480203000,64:64:4a:bc:f0:ad,64:64:4a:bc:f0:ad,e2:7b:9e:69:54:2b,e2:7b:9e:69:54:2b,37,13,37,13,37,13,37,13,37,13,37,13,38,13,39,13,39,13,40,13,40,13,40,13,40,13,40,13,40,13,41,13,42,13,42,13,42,13,42,13,43,13,43,13,44,13,44,13,45,13,44,13,44,13,44,13,45,13,45,12,45,12,46,12,46,12,46,12,46,12,46,12,46,12,47,12,47,12,47,12,47,12,47,12,47,12,47,12,47,12,48,12,48,12,49,12,49,12,49,12,49,12,49,11,49,11,49,11,49,11,49,11,49,11,50,11,50,11,50,11,50,11,51,11,51,11,51,11,51,11,51,11,51,11,51,11,52,11,52,10,52,10,52,10,52,10,52,10,53,10,53,10,53,10,53,10,53,10,53,10,53,10,54,10,54,10,54,10,54,10,54,10,55,10,55,10,55,10,55,10,55,9,55,9,55,9,55,9,56,9,56,9,56,9,56,9,56,9,56,9,56,9,57,9,57,9,57,9,57,9,57,9,57,9,58,9,58,9,58,9,58,9,58,9,59,9,59,9,59,9,59,9,59,9,59,9,60,9,59,9,60,9,60,9,60,9,60,9,60,9,60,9,60,9,60,9,60,9,60,9,60,9,60,9,60,9,60,9,60,9,60,9,60,9,60,9,60,9,60,9,60,9,60,9,60,9,60,9,60,9,60,9,60,9,60,9,60,9,60,9,60,9,60,9,60,9,60,9,60,9,60,9,60,9,60,9,60,9,60,9,60,9,60,9,60,9,60,9,60,9,60,9,60,9,60,8,60,8,60,8,60,8,60,8,60,8,60,8,60,8,60,8,60,8,60,8,60,8,60,8,60,8,60,8,60,8,60,7,60,7,61,7,61,7,61,7,61,7,61,7,61,7,62,7,62,7,62,7,62,7,62,7,62,7,62,7,62,7,63,7,63,7,63,7,63,7,63,7,0,7,0,7,0,7,0,7,0,7,0,7,0,7,0,7,1,7,1,7,1,7,1,7,1,7,1,7,1,7,1,7,1,7,1,7,1,7,1,7,1,7,1,7,2,7,1,7,1,7,1,7,2,7,2,7,2,7,2,7
1738630532.595617000,64:64:4a:bc:f0:ad,64:64:4a:bc:f0:ad,e2:7b:9e:69:54:2b,e2:7b:9e:69:54:2b,37,13,38,13,38,14,38,13,38,13,38,13,39,13,39,13,39,13,39,13,40,13,41,13,42,13,42,13,42,13,42,13,42,13,41,13,41,13,44,13,44,13,44,13,44,13,44,13,44,13,45,13,45,13,45,13,46,12,46,12,45,12,45,12,46,12,46,12,47,13,47,12,47,12,47,12,47,12,47,12,47,12,47,12,48,12,48,12,48,12,48,12,48,12,48,12,49,12,49,12,49,12,49,11,49,11,49,11,49,11,49,11,50,11,50,11,50,11,50,11,50,11,50,11,50,11,51,11,51,11,51,11,52,11,52,10,52,10,52,10,52,10,52,10,52,10,52,10,53,10,53,10,53,10,53,10,53,10,53,10,54,10,54,10,54,10,54,10,54,10,55,10,55,10,55,10,56,9,55,9,55,9,55,9,56,9,56,9,56,9,56,9,57,9,57,9,57,9,57,9,57,9,57,9,57,9,57,9,58,9,58,9,58,9,58,9,58,9,59,9,59,9,59,9,59,9,59,9,60,9,59,9,60,9,60,9,60,9,60,9,60,9,61,9,61,9,61,9,60,9,61,9,61,9,61,9,61,9,61,9,61,9,61,9,61,9,61,9,61,9,61,9,61,10,61,10,61,10,61,9,61,9,61,9,61,9,61,9,61,9,61,9,61,9,61,9,61,9,61,9,61,9,61,9,61,10,61,9,61,9,61,9,61,9,61,9,60,9,60,9,60,9,60,9,60,9,60,9,60,9,60,9,60,9,60,9,60,9,60,9,60,9,60,9,60,9,60,9,60,8,60,9,60,9,60,8,60,8,60,8,60,8,60,8,61,8,60,8,60,8,60,8,61,8,61,8,61,7,61,7,61,7,61,7,62,7,62,7,62,7,62,7,62,7,62,7,62,7,63,7,63,7,63,7,63,7,63,7,63,7,63,7,0,7,0,7,0,7,0,7,0,7,0,7,0,7,0,7,0,7,1,7,1,7,1,7,1,7,1,7,1,7,1,7,1,7,1,7,1,7,1,7,1,7,1,7,1,7,1,7,1,7,2,7,1,7,1,7
1738630532.740412000,64:64:4a:bc:f0:ad,64:64:4a:bc:f0:ad,e2:7b:9e:69:54:2b,e2:7b:9e:69:54:2b,38,15,37,14,37,15,37,14,39,15,40,14,40,14,40,14,40,14,41,14,40,14,40,14,40,14,41,14,42,14,43,14,43,14,44,14,43,13,43,14,43,14,45,13,45,13,45,13,46,13,46,13,46,13,46,13,46,13,46,13,47,13,47,13,47,13,47,13,47,12,47,12,48,13,48,13,48,12,48,12,48,12,48,12,48,12,48,12,48,12,48,12,49,12,49,12,49,12,49,12,49,11,49,11,49,11,50,11,50,11,50,11,50,11,50,11,50,11,51,11,51,11,51,11,51,10,51,10,52,10,52,10,52,10,52,10,52,10,53,10,53,10,53,10,53,9,53,9,53,9,54,9,54,9,54,9,54,9,54,9,54,9,55,9,55,9,55,9,56,9,56,9,56,9,56,9,56,9,56,9,57,8,57,9,57,9,57,8,58,8,58,8,58,8,58,8,58,8,59,8,59,8,59,8,59,8,59,8,60,8,60,8,60,8,60,8,61,8,61,8,61,8,61,8,61,8,62,8,61,8,62,8,62,8,63,9,62,9,62,9,63,9,63,9,63,9,63,9,63,9,63,9,63,9,63,9,63,9,0,9,0,9,63,9,63,9,63,9,0,9,0,9,0,10,0,10,0,10,0,10,0,10,63,10,0,10,0,10,63,10,63,10,63,10,63,10,63,10,63,10,63,10,63,10,63,10,63,10,62,10,63,10,63,10,63,10,62,10,62,10,62,10,62,10,62,10,62,10,62,10,61,10,61,9,61,9,61,9,61,9,61,9,61,9,61,9,60,9,61,9,61,9,60,9,60,9,60,8,60,8,60,8,61,8,61,8,61,8,61,8,61,8,61,7,61,7,61,7,61,7,62,7,62,7,62,7,62,7,63,7,63,7,63,7,63,6,63,6,0,6,0,6,0,6,0,6,1,6,1,6,1,6,1,6,1,6,2,6,2,6,2,6,2,6,2,6,2,6,3,7,3,7,3,7,3,7,4,7,3,7,3,7,4,7,4,7,4,7,4,7,4,7,4,7,4,7,5,7,5,7,5,7,5,7,5,7,5,7
1738630532.741763000,64:64:4a:bc:f0:ad,64:64:4a:bc:f0:ad,e2:7b:9e:69:54:2b,e2:7b:9e:69:54:2b,34,15,34,15,36,15,39,15,38,15,39,15,39,15,39,15,40,14,40,14,41,14,41,14,42,14,41,14,41,14,41,14,41,14,42,14,43,14,44,13,43,13,43,13,44,13,45,13,45,13,45,13,46,13,46,13,46,13,46,13,46,13,46,13,47,13,47,13,47,13,47,13,48,12,47,12,47,12,47,12,48,12,48,12,48,12,48,12,48,12,49,12,48,12,48,12,48,12,49,12,49,12,49,12,49,11,49,11,49,11,50,11,50,11,50,11,50,11,50,11,50,11,51,10,51,11,51,10,52,10,52,10,52,10,52,10,52,10,52,10,52,10,52,10,53,10,53,10,53,10,53,10,54,9,54,9,54,9,54,9,54,9,55,9,55,9,55,9,55,9,56,9,56,9,56,9,56,9,56,9,57,9,57,8,57,9,57,9,57,9,58,8,58,8,58,8,58,8,58,8,59,8,59,8,59,8,59,8,59,8,59,8,60,8,60,8,60,8,60,9,61,8,61,8,61,8,61,8,61,8,62,8,61,9,62,9,62,9,62,9,63,9,63,9,63,9,63,9,63,9,63,9,63,9,63,9,63,9,63,9,63,9,63,9,63,9,63,9,63,9,0,9,0,9,0,9,63,10,0,10,0,10,0,9,63,10,63,10,63,10,63,10,63,10,63,10,63,10,63,10,63,10,63,10,63,10,63,10,62,10,62,10,62,10,62,10,62,10,62,10,62,10,62,10,61,10,61,10,61,10,61,10,61,10,61,9,61,9,61,9,60,9,60,9,60,9,60,9,61,9,60,9,60,9,60,9,60,8,60,8,60,8,61,8,61,8,61,8,60,8,61,7,61,7,61,7,62,7,62,7,62,7,62,7,62,7,62,7,62,6,63,6,63,6,63,6,63,7,0,6,0,6,0,6,0,6,1,6,1,6,1,6,1,6,2,6,2,6,2,6,2,6,3,6,3,6,3,6,3,7,3,6,3,6,4,6,4,6,4,6,4,6,4,7,4,7,4,7,4,7,5,7,5,7,5,7,5,7,5,7,5,7,5,7,5,7,5,7
1738630532.847743000,64:64:4a:bc:f0:ad,64:64:4a:bc:f0:ad,e2:7b:9e:69:54:2b,e2:7b:9e:69:54:2b,40,15,24,15,33,15,36,15,33,15,32,15,34,15,37,15,39,15,40,14,38,14,38,14,39,14,40,14,42,14,43,14,42,14,42,14,43,14,43,14,43,14,45,14,45,13,45,13,46,13,46,13,46,13,46,13,46,13,47,13,48,13,48,13,48,13,48,13,48,13,48,13,48,13,48,13,48,12,48,12,49,12,49,12,49,12,49,12,49,12,49,12,50,12,50,12,49,12,50,11,50,11,50,11,50,11,50,11,50,11,51,11,51,11,50,11,51,11,51,11,51,11,51,10,52,10,52,10,52,10,52,10,52,10,52,10,53,10,53,10,53,9,53,9,54,9,54,9,54,9,54,9,55,9,55,9,55,9,55,9,55,8,56,9,56,9,56,8,57,8,57,8,57,8,57,8,58,8,58,8,58,8,58,8,59,8,59,8,59,8,59,8,60,8,60,8,60,8,60,8,60,8,61,8,61,8,61,8,61,8,62,8,62,8,62,8,63,8,63,8,63,8,63,8,63,8,63,8,63,8,0,8,0,8,0,9,1,9,1,9,1,9,1,9,1,9,1,9,1,9,1,9,1,9,1,9,1,9,2,9,2,10,2,10,1,10,1,10,2,10,2,10,2,10,2,10,1,10,1,10,1,10,1,10,1,10,1,10,1,10,1,10,1,10,1,10,1,11,1,11,1,11,0,11,0,11,63,11,63,11,63,11,63,11,62,11,62,11,63,11,62,10,62,10,62,10,62,10,61,10,61,10,61,10,61,10,61,10,60,10,60,10,60,9,60,9,60,9,60,9,60,9,60,9,60,9,60,9,60,9,60,8,60,8,60,8,60,8,60,7,60,7,61,7,61,7,62,7,62,7,62,7,62,7,62,6,63,7,63,6,63,6,63,6,0,6,0,6,1,6,1,6,1,6,1,6,1,6,1,6,1,6,2,6,2,6,3,6,3,6,3,6,4,6,4,6,4,6,4,6,4,6,5,7,5,7,5,7,5,7,5,7,5,7,6,7,6,7,6,7,6,7,6,7,6,7,6,7,6,7,7,7,7,7,7,7,7,7
1738630533.045139000,64:64:4a:bc:f0:ad,64:64:4a:bc:f0:ad,e2:7b:9e:69:54:2b,e2:7b:9e:69:54:2b,33,15,37,15,35,14,35,14,36,14,37,14,36,14,37,14,38,14,39,14,40,14,39,14,39,14,40,14,41,14,41,14,42,14,42,13,43,13,42,13,42,13,43,13,44,13,44,13,44,13,45,13,45,13,45,13,45,13,45,13,46,13,46,13,46,12,46,12,46,12,46,12,47,12,47,12,47,12,47,12,47,12,47,12,47,12,48,12,48,12,48,11,48,11,48,11,48,11,48,11,49,11,49,11,49,11,49,11,49,11,49,11,50,11,50,10,50,10,50,10,50,10,51,10,51,10,51,10,51,10,51,9,52,10,52,9,52,9,52,9,53,9,53,9,53,9,53,9,54,9,54,9,54,9,54,9,54,9,55,8,55,8,55,8,55,8,56,8,56,8,56,8,56,8,57,8,57,8,57,8,57,8,58,8,58,8,58,8,58,8,59,8,59,8,59,8,59,8,59,8,60,8,60,8,60,8,60,8,61,8,61,8,61,8,61,8,62,8,62,8,62,8,62,8,62,8,62,8,63,8,63,8,63,8,63,8,0,8,0,8,0,9,0,8,0,9,0,9,0,9,0,9,0,9,0,9,1,9,1,9,1,9,0,9,0,9,1,9,1,9,1,9,1,9,1,9,1,9,0,10,1,10,1,10,1,10,1,10,1,10,0,10,0,10,0,10,0,10,0,10,0,10,0,10,0,10,0,10,0,10,63,10,63,10,63,10,63,10,63,10,63,10,63,10,62,10,63,10,62,10,62,10,62,9,62,9,62,10,62,9,62,9,62,9,62,9,61,9,61,9,62,9,61,9,61,9,61,8,61,8,62,8,62,8,62,8,62,8,62,8,62,7,62,7,62,7,63,7,63,7,0,7,0,7,0,7,1,7,1,7,1,7,1,6,1,7,2,7,2,7,2,7,2,7,3,7,3,7,3,7,3,7,3,7,4,7,4,7,4,7,4,7,4,7,4,7,5,7,5,7,5,7,5,7,5,7,5,7,6,7,6,7,6,8,6,8,6,8,6,8,6,8,6,8,6,8,6,8,7,8,7,8,6,8,6,8,6,8
1738630533.148300000,64:64:4a:bc:f0:ad,64:64:4a:bc:f0:ad,e2:7b:9e:69:54:2b,e2:7b:9e:69:54:2b,40,15,39,15,40,15,39,14,40,14,40,14,41,14,41,14,41,14,41,14,43,14,42,14,42,14,42,14,43,14,44,14,44,14,44,14,44,13,45,13,45,14,45,13,45,13,46,13,46,13,46,13,46,13,46,13,46,13,46,13,46,13,47,13,47,13,47,13,48,13,48,13,48,13,48,13,48,13,48,12,48,12,48,12,49,12,49,12,49,12,49,12,49,12,49,12,49,12,49,12,49,12,49,12,50,11,50,11,50,11,50,11,50,11,50,11,50,11,51,11,51,11,51,11,51,11,51,10,51,10,52,10,52,10,52,10,52,10,52,10,53,10,53,10,53,10,53,10,53,10,54,10,54,9,54,9,54,9,54,9,55,9,55,9,55,9,55,9,56,9,56,9,56,9,56,9,56,9,56,9,57,9,57,9,57,9,58,9,58,9,58,9,58,9,58,9,59,9,59,9,59,9,59,9,59,9,59,9,60,9,60,8,60,8,60,9,61,9,61,9,61,9,61,9,61,9,62,9,62,8,62,9,62,9,62,9,62,9,62,9,63,9,63,9,63,9,63,9,63,9,63,9,63,9,63,9,63,9,0,9,63,9,63,9,63,9,0,10,0,10,0,10,0,10,0,10,0,10,0,10,63,10,0,10,0,10,0,10,0,10,63,10,63,10,63,10,63,10,63,10,63,10,63,10,63,10,63,10,63,10,63,10,63,10,62,10,62,10,62,10,62,10,62,10,62,10,62,10,62,10,62,10,61,10,61,10,61,10,61,9,61,9,61,9,61,9,61,9,61,9,61,9,61,9,61,9,61,9,61,9,61,8,61,8,61,8,61,8,61,8,61,8,61,8,62,8,62,7,63,7,63,7,63,7,63,7,63,7,63,7,0,7,0,7,0,7,0,7,1,7,1,7,1,7,1,7,2,7,2,7,2,7,2,7,3,7,3,7,3,7,3,7,3,7,3,7,3,7,4,7,4,7,4,7,4,7,4,7,4,7,4,7,4,7,4,8,5,7,5,8,5,8,5,8,5,8,5,8,5,8,5,8,5,8,5,8,5,8
1738630534.409789000,64:64:4a:bc:f0:ad,64:64:4a:bc:f0:ad,e2:7b:9e:69:54:2b,e2:7b:9e:69:54:2b,45,13,46,13,46,13,45,13,45,13,45,13,46,13,47,13,47,13,47,13,46,13,46,13,47,13,47,13,47,13,48,13,48,13,48,13,48,13,47,13,48,13,48,13,48,13,49,13,49,12,48,12,48,13,48,13,48,13,49,13,49,13,49,12,49,12,49,12,49,12,49,12,49,12,49,12,50,12,50,12,50,12,50,12,50,12,50,12,49,12,49,12,50,12,50,12,50,12,50,12,50,12,50,12,50,11,51,11,51,11,51,11,51,11,51,11,51,11,51,11,51,11,51,11,51,11,52,11,52,11,52,10,52,11,52,11,52,11,52,10,53,10,53,10,53,10,53,10,53,10,53,10,53,10,53,10,53,10,54,10,54,10,54,10,54,10,54,10,55,10,55,9,55,9,55,9,55,9,55,9,55,9,55,9,56,9,56,9,56,9,56,9,56,9,56,9,56,9,56,9,57,9,57,9,57,9,57,9,57,9,57,9,57,9,57,9,58,9,58,9,58,9,58,9,58,9,58,9,58,9,59,9,58,9,59,9,60,9,59,9,59,9,59,9,59,9,59,9,59,9,60,9,60,9,60,9,60,9,60,9,60,9,60,9,60,9,60,9,60,9,60,9,60,8,60,9,60,9,61,9,61,9,61,9,61,9,61,8,61,8,61,9,61,9,61,9,61,8,61,8,61,8,61,8,61,8,61,8,61,8,61,8,61,8,61,8,61,8,61,8,61,8,61,8,61,8,61,8,61,8,61,8,61,8,61,8,61,8,62,8,62,8,61,8,61,8,62,8,62,8,62,8,62,7,62,7,62,7,62,7,62,8,62,7,62,7,62,7,63,7,63,7,63,7,63,7,63,7,63,7,0,7,0,7,0,7,0,7,0,7,0,7,0,7,1,7,1,7,1,7,1,7,1,7,1,7,1,7,1,7,2,7,2,7,2,7,2,7,2,7,2,7,2,7,2,7,2,7,2,7,2,7,2,7,3,7,3,7,3,7,3,7,3,7,3,7,3,7,3,8,3,8,3,7,3,7,3,7,3,7,3,7,3,7,3,7,3,7
1738630534.922058000,64:64:4a:bc:f0:ad,64:64:4a:bc:f0:ad,e2:7b:9e:69:54:2b,e2:7b:9e:69:54:2b,44,13,44,13,44,13,44,13,45,13,45,13,45,13,45,13,45,13,45,13,46,13,46,13,46,13,46,13,46,13,46,13,47,13,47,13,47,13,47,13,47,13,47,13,47,13,47,12,47,13,47,13,48,13,48,13,48,12,48,12,48,12,48,12,48,12,48,12,48,12,48,12,49,12,49,12,49,12,49,12,49,12,49,12,49,12,49,12,49,12,49,12,49,12,50,12,50,12,50,12,50,12,50,12,50,11,50,11,50,11,50,11,51,11,51,11,51,11,51,11,51,11,51,11,51,11,51,11,52,11,52,11,52,11,52,11,52,11,52,11,52,11,52,11,53,11,53,11,53,11,53,10,53,10,53,10,53,10,53,10,53,10,54,10,54,10,54,10,54,10,54,10,54,10,54,10,54,10,55,10,55,10,55,10,55,10,55,10,55,10,55,10,55,10,56,9,56,9,56,9,56,9,56,9,56,9,56,9,56,9,57,9,57,9,57,9,57,9,57,9,57,9,57,9,58,9,58,9,58,9,58,9,58,9,58,9,59,9,59,9,59,9,59,9,59,9,59,9,59,9,59,9,59,9,59,9,59,9,59,9,59,9,59,9,59,9,59,9,59,9,59,9,59,9,59,9,60,9,60,9,60,9,60,9,60,9,59,9,59,9,59,9,59,9,59,9,59,9,60,9,59,9,59,9,59,9,60,9,60,8,60,8,60,8,59,8,59,8,60,8,60,8,60,8,60,8,60,8,60,8,60,8,60,8,60,8,60,8,60,8,60,8,60,8,60,8,61,8,61,8,61,8,60,7,61,7,61,7,61,7,61,7,61,7,61,7,61,7,62,7,62,7,62,7,62,7,62,7,62,7,63,7,63,7,63,7,63,7,63,6,63,7,0,7,0,7,0,7,0,7,0,7,0,7,0,7,1,7,1,7,1,7,1,7,1,7,1,7,1,7,2,7,2,7,2,7,2,7,2,7,2,7,2,7,2,7,2,7,2,7,2,7,2,7,2,7,2,7,2,7,2,7,2,7,2,7,2,7,2,7,2,7,2,7,2,7,2,7
1738630535.070261000,64:64:4a:bc:f0:ad,64:64:4a:bc:f0:ad,e2:7b:9e:69:54:2b,e2:7b:9e:69:54:2b,42,13,42,13,43,13,41,13,42,13,43,13,44,13,43,13,44,13,45,13,45,13,44,13,44,13,44,13,45,13,45,13,46,13,45,13,46,13,46,13,46,13,46,13,46,13,46,13,46,13,47,13,47,13,47,13,47,13,47,13,47,12,47,12,47,13,48,12,48,12,48,12,48,12,48,12,48,12,48,12,48,12,48,12,48,12,48,12,49,12,48,12,49,12,49,12,49,12,49,12,49,12,49,12,49,12,49,12,50,12,50,11,50,11,50,11,50,11,50,11,50,11,50,11,50,11,50,11,51,11,51,11,51,11,51,11,51,11,51,11,51,11,52,11,52,11,52,11,52,11,52,10,52,10,52,10,53,10,53,10,53,10,53,10,53,10,53,10,54,10,54,10,54,10,54,10,54,10,54,10,54,10,54,10,54,10,55,10,55,10,55,10,55,10,55,10,55,9,55,9,55,9,56,9,56,9,56,9,56,9,56,9,56,9,56,9,56,9,57,9,57,9,57,9,57,9,57,9,57,9,57,9,58,9,58,9,58,9,58,9,58,9,58,9,58,9,58,9,58,9,58,9,59,9,58,9,58,9,59,9,59,9,59,9,59,9,59,9,59,9,59,9,59,9,59,9,59,9,59,9,59,9,59,9,59,9,59,9,59,9,59,9,59,9,59,9,59,9,59,9,59,9,59,9,59,9,59,9,60,8,59,8,59,8,59,8,60,8,60,8,60,8,60,8,60,8,60,8,60,8,60,8,60,8,60,8,60,8,60,8,60,8,60,8,60,8,60,8,60,8,60,8,61,7,61,7,61,7,61,7,61,7,61,7,61,7,61,7,61,7,61,7,62,7,62,7,62,7,62,7,62,7,63,7,62,7,63,7,63,7,63,7,63,7,63,7,0,7,0,7,0,7,0,7,0,7,0,7,0,7,0,7,0,7,1,7,1,7,1,7,1,7,1,7,1,7,1,7,1,7,2,7,2,7,1,7,1,7,2,7,2,7,2,7,2,7,2,7,2,7,2,7,2,7,2,7,2,7,2,7,2,7,2,7,2,7,2,7
1738630535.071984000,64:64:4a:bc:f0:ad,64:64:4a:bc:f0:ad,e2:7b:9e:69:54:2b,e2:7b:9e:69:54:2b,43,13,43,13,42,13,43,13,43,13,43,13,43,13,44,13,45,13,45,13,45,13,45,13,45,13,45,13,45,13,45,13,46,13,46,13,46,13,46,13,46,13,46,13,46,13,47,13,47,13,47,13,47,13,47,13,47,13,47,13,48,13,48,13,48,13,48,13,48,13,48,13,48,13,48,12,48,12,48,12,48,12,49,12,49,12,49,12,48,12,49,12,49,12,49,12,49,12,49,12,49,12,49,12,49,12,49,12,50,12,50,11,50,11,50,11,50,11,50,11,50,11,50,11,50,11,51,11,51,11,51,11,51,11,51,11,51,11,51,11,52,11,52,11,52,11,52,11,52,11,52,11,52,11,52,11,52,10,53,10,53,10,53,10,53,10,53,10,53,10,54,10,54,10,54,10,54,10,54,10,54,10,54,10,54,10,55,10,55,10,55,10,55,10,55,10,55,10,55,10,55,10,55,9,56,9,56,9,56,9,56,9,56,9,56,9,57,9,57,9,57,9,57,9,57,9,57,9,57,9,57,9,58,9,58,9,58,9,58,9,58,9,58,9,58,9,58,9,58,9,58,9,58,9,58,9,59,9,59,9,59,9,59,9,59,9,59,9,59,9,59,9,59,9,59,9,59,9,59,9,59,9,59,9,59,9,59,9,59,9,59,9,59,9,59,9,59,9,59,9,59,9,59,9,59,9,59,9,60,9,59,8,59,9,60,9,60,8,60,8,60,8,60,8,60,8,60,8,60,8,60,8,60,8,60,8,60,8,60,8,60,8,60,8,60,8,60,8,61,8,61,8,61,8,61,8,61,7,61,7,61,7,61,7,61,7,61,7,61,7,62,7,62,7,62,7,62,7,62,7,62,7,63,7,63,7,63,7,63,7,63,7,63,7,63,7,0,7,0,7,0,7,0,7,0,7,0,7,0,7,0,7,1,7,1,7,1,7,1,7,1,7,1,7,1,7,1,7,1,7,1,7,1,7,2,7,2,7,2,7,2,7,2,7,2,7,2,7,2,7,2,7,2,7,2,7,2,7,2,7,2,7,2,7,2,7,2,7
1738630535.638150000,64:64:4a:bc:f0:ad,64:64:4a:bc:f0:ad,e2:7b:9e:69:54:2b,e2:7b:9e:69:54:2b,42,13,43,13,43,13,43,13,44,13,44,13,44,13,44,13,45,13,45,13,45,13,45,13,45,13,45,13,46,13,46,13,46,13,46,13,46,13,47,13,47,13,47,13,47,13,47,12,47,12,47,12,47,12,48,12,48,12,48,12,48,12,48,12,48,12,48,12,48,12,48,12,49,12,49,12,49,12,49,12,49,12,49,12,49,12,49,12,49,12,49,12,49,12,49,12,50,12,50,12,50,12,50,12,50,12,50,12,50,12,50,11,50,11,51,11,51,11,51,11,51,11,51,11,51,11,51,11,51,11,51,11,52,11,52,11,52,11,52,11,52,11,52,11,52,11,52,11,52,11,53,11,53,11,53,11,53,10,53,10,53,11,53,10,53,10,53,10,54,10,54,10,54,10,54,10,54,10,54,10,54,10,54,10,54,10,55,10,55,10,55,10,55,10,55,10,55,10,55,10,55,10,55,10,56,10,55,10,56,9,56,9,56,9,56,9,56,9,56,9,57,9,57,9,57,9,57,9,57,9,57,9,57,9,57,9,57,9,58,9,58,9,58,9,58,9,58,9,58,9,58,9,58,9,58,9,58,9,58,9,58,9,58,9,59,9,59,9,59,9,59,9,58,9,59,9,59,9,59,9,59,9,59,9,59,9,59,9,59,9,59,9,59,9,59,9,59,9,59,9,59,9,59,8,59,8,59,8,59,8,59,8,59,8,59,8,59,8,59,8,59,8,59,8,59,8,59,8,59,8,59,8,60,8,60,8,60,8,60,8,60,7,60,7,60,7,60,7,60,7,60,7,61,7,61,7,61,7,61,7,61,7,61,7,61,7,61,7,61,7,62,7,62,7,62,7,63,6,63,6,63,6,63,7,63,7,63,7,0,6,0,6,0,6,0,7,0,7,0,7,0,7,1,7,1,7,1,7,1,7,1,7,1,7,1,7,1,7,1,7,2,7,2,7,2,7,2,7,2,7,2,7,2,7,2,7,2,7,2,7,2,7,2,7,2,7,2,7,2,7,2,7,2,7,2,7,2,7,2,7,2,7,2,7,2,7,2,7
1738630536.048850000,64:64:4a:bc:f0:ad,64:64:4a:bc:f0:ad,e2:7b:9e:69:54:2b,e2:7b:9e:69:54:2b,44,12,44,12,44,12,44,12,44,12,44,12,44,13,45,13,45,13,45,12,45,12,45,12,46,12,46,12,46,13,47,13,47,12,47,12,47,12,47,13,47,12,47,12,47,12,48,12,48,12,48,12,48,12,48,12,48,12,48,12,48,12,48,12,48,12,48,12,48,12,48,12,49,12,49,12,49,12,49,12,49,12,49,12,49,12,49,12,49,12,49,12,50,12,50,12,50,12,50,12,50,12,50,12,50,12,50,11,51,11,51,11,51,11,51,11,51,11,51,11,51,11,51,11,52,11,52,11,52,11,52,11,52,11,52,11,52,11,52,11,52,11,53,11,53,11,53,11,53,11,53,11,53,11,53,11,53,11,53,10,54,10,54,10,54,10,54,10,54,10,54,10,54,10,54,10,54,10,54,10,55,10,55,10,55,10,55,10,55,10,55,10,55,10,55,10,55,10,56,10,56,10,56,10,56,10,56,10,56,10,56,10,56,10,56,10,56,9,57,9,57,9,57,9,57,10,57,9,57,10,57,9,57,9,57,10,58,9,58,9,58,9,58,9,58,9,58,9,58,9,58,9,58,9,58,9,58,9,58,9,58,9,58,9,58,9,58,9,58,9,58,9,58,9,58,9,58,9,58,9,58,9,58,9,58,9,58,9,58,9,58,9,58,9,58,9,58,9,58,9,58,9,58,8,58,8,58,8,58,8,58,8,58,8,59,8,59,8,59,8,59,8,59,8,59,8,59,8,59,8,59,8,59,8,59,7,59,7,59,7,59,7,60,7,60,7,60,7,60,7,60,7,60,7,60,7,60,7,60,7,61,7,61,7,61,7,61,7,61,6,61,7,61,7,62,7,62,6,62,6,62,6,63,6,63,6,63,6,63,6,63,6,63,6,0,6,0,6,0,6,0,6,0,6,0,6,0,7,0,7,1,7,1,7,1,7,1,7,1,7,1,7,1,7,1,7,1,7,1,7,1,7,1,7,2,7,2,7,2,7,2,7,2,7,2,7,2,7,2,7,2,7,2,7,2,7,2,7,2,7,2,7,2,7,2,7,2,7
1738630536.783443000,64:64:4a:bc:f0:ad,64:64:4a:bc:f0:ad,e2:7b:9e:69:54:2b,e2:7b:9e:69:54:2b,43,12,43,12,43,12,44,12,44,12,45,12,45,12,45,12,45,12,45,12,45,12,45,12,46,12,46,12,46,12,47,12,47,12,46,12,46,12,47,12,47,12,47,12,47,12,48,12,48,12,48,12,48,12,48,12,48,12,48,12,48,12,48,12,48,12,49,12,49,12,49,12,49,12,49,12,49,12,49,12,49,12,49,12,49,12,50,12,50,12,50,12,50,12,50,12,50,12,50,11,50,11,51,11,51,11,51,11,51,11,51,11,51,11,51,11,51,11,51,11,51,11,52,11,52,11,52,11,52,11,52,11,53,11,53,11,53,11,53,11,53,11,53,11,53,11,53,11,53,11,53,11,53,11,53,11,53,11,54,11,54,10,54,10,54,10,54,10,54,10,54,10,54,10,54,10,54,10,55,10,55,10,55,10,55,10,55,10,55,10,55,10,55,10,55,10,55,10,55,10,55,10,55,10,56,10,56,10,56,10,56,9,56,9,56,10,56,10,56,10,56,9,56,9,56,9,56,10,56,9,56,9,56,9,57,9,57,9,57,9,57,9,57,9,57,9,57,9,57,9,57,9,57,9,57,9,57,9,57,9,57,9,57,9,57,9,57,9,57,9,57,9,58,9,58,9,58,9,58,9,57,9,57,9,58,8,58,8,58,8,58,8,58,8,58,8,58,8,58,8,58,8,58,8,58,8,58,8,58,8,58,8,58,8,58,8,58,8,59,8,59,8,59,8,59,7,59,7,59,7,59,7,59,7,59,7,60,7,60,7,60,7,60,7,60,7,60,7,60,7,61,7,61,7,61,7,61,7,61,6,61,6,61,6,61,7,62,7,62,6,62,6,62,6,62,6,63,6,63,6,63,6,63,6,63,6,63,6,63,6,63,6,0,6,0,6,0,6,0,6,0,7,1,6,1,6,1,6,1,7,1,7,1,7,1,7,1,7,1,7,1,7,2,7,1,7,1,7,1,7,2,7,2,7,2,7,2,7,1,7,1,7,1,7,2,7,2,7,2,7,2,7,2,7,2,7,2,7,2,7,2,7,1,7,1,7,2,7
1738630536.785187000,64:64:4a:bc:f0:ad,64:64:4a:bc:f0:ad,e2:7b:9e:69:54:2b,e2:7b:9e:69:54:2b,43,12,43,12,44,12,44,12,44,12,45,12,45,12,45,12,45,12,45,12,45,12,45,12,45,12,46,12,46,12,46,12,47,12,47,12,46,12,46,12,47,12,47,12,47,12,47,12,48,12,48,12,47,12,48,12,48,12,48,12,48,12,48,12,48,12,48,12,48,12,48,12,48,12,49,12,49,12,49,12,49,12,49,12,49,12,49,12,49,12,49,12,49,11,50,11,50,11,50,11,50,11,50,11,50,11,50,11,50,11,50,11,51,11,51,11,51,11,51,11,51,11,51,11,51,11,52,11,52,11,52,11,52,11,52,11,52,11,52,11,53,11,53,11,53,11,53,11,53,11,53,10,53,10,53,10,53,10,53,10,53,10,54,10,54,10,54,10,54,10,54,10,54,10,54,10,54,10,54,10,54,10,54,10,55,10,55,10,55,10,55,10,55,10,55,10,55,10,55,10,55,10,55,10,55,10,55,10,55,9,55,9,56,9,56,9,56,9,56,9,56,9,56,9,56,9,56,9,56,9,56,9,56,9,57,9,57,9,57,9,57,9,57,9,57,9,57,9,57,9,57,9,57,9,57,9,57,9,57,9,57,9,57,9,57,9,58,9,58,9,58,9,58,9,58,9,58,9,58,9,57,9,58,9,58,8,58,8,58,8,58,8,58,8,58,8,58,8,58,8,58,8,58,8,58,8,58,8,58,8,58,8,59,8,59,8,59,8,59,8,59,8,59,7,59,7,59,7,59,7,59,7,59,7,59,7,60,7,60,7,60,7,60,7,60,7,60,7,60,7,60,7,60,7,61,7,61,7,61,7,61,6,61,6,61,6,62,6,62,6,62,6,62,6,62,6,63,6,63,6,63,6,63,6,63,6,63,6,63,6,0,6,0,6,0,6,0,6,0,6,0,6,1,6,1,6,1,7,1,7,1,7,1,7,1,7,1,7,1,7,1,7,1,7,1,7,1,7,2,7,2,7,2,7,2,7,2,7,2,7,2,7,2,7,2,7,2,7,2,7,2,7,2,7,2,7,2,7,2,7,2,7,2,7,2,7,2,7
1738630537.379010000,64:64:4a:bc:f0:ad,64:64:4a:bc:f0:ad,e2:7b:9e:69:54:2b,e2:7b:9e:69:54:2b,44,12,43,12,44,12,44,12,45,12,45,12,45,12,45,12,45,12,45,12,46,12,46,12,46,12,46,12,47,12,47,12,47,12,47,12,47,12,47,12,47,12,48,12,48,12,48,12,48,12,48,12,48,12,48,12,48,12,49,12,49,12,49,12,49,12,49,12,49,12,49,12,49,12,49,12,49,12,49,12,50,12,50,12,50,12,50,12,50,12,50,12,50,11,50,11,50,11,50,11,50,11,51,11,51,11,51,11,51,11,51,11,51,11,51,11,51,11,51,11,52,11,52,11,52,11,52,11,52,11,52,11,52,11,53,11,53,11,53,11,53,11,53,11,53,11,53,11,53,11,53,11,53,11,53,11,54,11,53,11,53,10,54,11,54,11,54,10,54,10,54,10,54,10,54,10,54,10,54,10,54,10,54,10,54,10,54,10,54,10,55,10,55,10,55,10,54,10,54,10,55,10,55,10,55,10,55,10,55,10,55,10,55,10,55,10,55,10,56,9,56,9,56,9,56,9,56,10,56,9,56,9,56,9,56,9,56,9,57,9,56,9,57,9,57,9,57,9,56,9,57,9,57,9,57,9,57,9,57,9,57,9,57,9,57,9,57,9,57,9,57,9,57,9,57,9,57,9,57,9,57,9,57,9,57,8,57,8,57,8,57,8,57,8,57,8,57,8,57,8,58,8,58,8,58,8,58,8,58,8,58,8,58,8,58,7,58,7,58,7,58,7,58,7,59,7,59,7,59,7,58,7,59,7,59,7,59,7,60,7,60,7,60,7,60,7,60,7,60,7,60,6,61,6,60,6,61,6,61,6,61,6,61,6,62,6,62,6,62,6,62,6,62,6,62,6,63,6,63,6,63,6,63,6,63,6,0,6,0,6,0,6,0,6,0,6,0,6,1,6,1,6,1,6,1,7,1,6,1,6,1,6,1,7,1,7,1,7,1,7,1,7,1,7,1,7,1,7,1,7,2,7,2,7,1,7,1,7,1,7,2,7,2,7,2,7,2,7,2,7,2,7,2,7,1,7,2,7,2,7,2,7,2,7,1,7,2,7
1738630537.789159000,64:64:4a:bc:f0:ad,64:64:4a:bc:f0:ad,e2:7b:9e:69:54:2b,e2:7b:9e:69:54:2b,44,12,44,12,45,11,45,12,45,12,45,12,45,12,46,12,47,12,46,12,46,12,46,12,47,12,47,12,47,12,48,12,48,12,48,12,48,12,48,12,48,12,48,12,48,12,49,12,49,12,49,12,49,12,49,12,49,12,49,12,49,12,49,12,49,12,49,12,49,12,49,12,49,12,49,12,49,12,50,12,50,12,50,12,50,12,50,12,50,12,50,12,51,12,51,11,51,11,51,11,51,11,51,11,51,11,51,11,51,11,52,11,52,11,52,11,52,11,52,11,52,11,52,11,52,11,52,11,52,11,52,11,53,11,53,11,53,11,53,11,53,11,53,11,53,11,53,11,53,11,53,11,54,11,54,11,54,11,54,11,54,11,54,11,54,11,54,11,54,11,54,10,54,11,54,10,54,11,54,10,54,10,54,10,54,10,54,10,54,10,54,10,54,10,54,10,55,10,55,10,54,10,54,10,54,10,55,10,55,10,55,10,55,10,55,10,55,10,55,10,55,10,55,9,55,9,55,9,55,9,56,9,55,9,55,9,56,9,56,9,56,9,56,9,56,9,56,9,56,9,56,9,56,9,57,9,56,9,56,9,56,9,57,9,56,9,56,9,56,9,56,8,56,8,57,8,57,8,57,8,57,8,57,8,57,8,57,8,57,8,57,8,57,8,57,8,57,8,57,8,57,8,57,8,57,8,57,7,57,7,58,7,58,7,58,7,58,7,58,7,58,7,58,7,58,7,59,7,59,7,59,7,59,7,59,7,59,6,59,6,60,6,60,6,60,6,60,6,60,6,60,6,61,6,61,6,61,6,61,6,61,6,62,6,62,6,62,6,62,6,62,6,62,6,62,6,63,6,63,6,63,6,0,6,0,6,0,6,0,6,0,6,0,6,1,6,1,6,1,6,1,6,1,6,1,6,1,6,1,6,1,6,1,7,1,7,1,7,2,7,2,7,2,7,2,7,2,7,2,7,2,7,2,7,2,7,2,7,2,7,2,7,2,7,2,7,2,7,2,7,2,7,2,7,2,7,2,7,2,7,2,7,2,7,2,7,2,7
1738630538.301017000,64:64:4a:bc:f0:ad,64:64:4a:bc:f0:ad,e2:7b:9e:69:54:2b,e2:7b:9e:69:54:2b,52,11,52,10,52,11,53,11,53,11,53,11,53,11,53,11,54,11,54,11,55,11,55,11,55,10,55,10,55,11,55,11,55,11,56,11,56,11,56,11,56,11,56,11,56,11,56,11,56,11,56,11,57,11,56,11,56,11,56,11,56,11,56,11,56,11,57,11,56,11,56,11,56,11,56,11,56,11,57,11,57,11,57,11,57,11,57,11,56,11,56,11,57,11,56,11,56,11,57,11,57,11,57,11,57,11,57,11,57,11,57,11,57,11,57,10,57,10,57,10,57,10,57,10,57,10,57,10,57,10,57,10,57,10,57,10,57,10,57,10,57,10,57,10,57,10,57,10,57,10,57,10,57,10,57,10,57,10,57,10,57,10,57,9,57,9,57,10,57,10,57,9,57,9,57,9,57,9,57,9,58,9,58,9,58,9,58,9,58,9,58,9,58,9,58,9,58,9,58,9,59,9,59,9,59,9,59,9,59,9,59,9,59,9,59,9,59,9,59,9,60,9,60,9,60,8,60,8,60,9,60,8,59,9,61,8,61,8,61,9,61,9,61,9,61,9,61,9,61,9,61,9,61,9,61,9,61,9,61,9,61,9,61,9,61,9,61,9,61,9,61,9,61,9,61,9,61,9,61,9,61,9,61,9,60,9,60,9,60,9,60,9,60,9,60,9,60,8,60,8,60,8,60,8,60,9,60,8,60,8,60,8,60,8,60,8,60,8,60,8,60,8,60,8,60,8,60,7,60,7,60,7,60,7,60,7,60,7,60,7,61,7,61,7,61,7,61,7,61,7,61,7,62,7,62,7,62,7,62,6,62,6,62,6,62,7,62,7,63,6,63,6,63,6,63,6,63,6,63,6,63,7,0,7,0,6,0,6,0,6,0,6,0,6,0,7,0,7,0,7,0,6,0,7,1,7,1,7,1,7,1,7,1,7,1,7,1,7,1,7,1,7,1,7,1,7,1,7,1,7,1,7,1,7,1,7,1,6,1,7,1,7,1,7,1,6,1,6,0,6,1,6,1,6,1,6,1,6,1,6,1,6,1,6,1,6,1,6
1738630538.403775000,64:64:4a:bc:f0:ad,64:64:4a:bc:f0:ad,e2:7b:9e:69:54:2b,e2:7b:9e:69:54:2b,51,11,52,10,52,11,52,11,52,11,53,11,53,11,53,11,53,10,54,11,53,11,54,11,54,11,55,11,55,11,55,11,55,11,55,11,55,11,55,11,56,11,56,11,56,11,56,11,56,11,56,11,56,11,56,11,56,11,56,11,56,11,56,11,56,11,56,11,56,11,56,11,56,11,56,11,56,11,56,11,56,11,56,11,56,11,56,11,56,11,56,11,56,11,56,11,56,11,57,11,57,11,57,11,56,11,57,11,57,11,57,10,57,10,57,10,56,10,57,10,57,10,57,10,57,10,57,10,57,10,57,10,57,10,57,10,57,10,57,10,57,10,57,10,57,10,57,10,57,10,57,10,57,10,57,10,57,10,57,10,57,10,56,9,57,10,57,9,57,9,57,9,57,9,57,9,57,9,57,9,57,9,58,9,58,9,58,9,58,9,58,9,58,9,58,9,58,9,58,9,59,9,59,9,59,9,59,8,59,8,59,9,59,9,59,8,59,8,60,8,60,8,60,8,60,8,60,8,60,8,61,8,60,8,61,8,61,8,61,9,61,8,61,8,61,8,61,8,61,8,61,8,61,9,61,9,62,9,61,9,61,9,61,9,61,9,62,9,62,9,61,9,61,9,61,9,61,9,61,9,61,9,61,9,61,9,61,9,61,9,61,9,61,9,61,9,60,9,60,8,61,8,60,8,60,8,60,8,60,8,60,8,60,8,60,8,60,8,60,8,61,8,61,8,60,8,60,8,60,7,60,7,61,7,61,7,61,7,61,7,61,7,61,7,61,7,61,7,61,7,61,7,62,7,62,7,62,7,62,7,62,7,62,7,62,7,63,7,63,7,63,7,63,7,63,7,0,7,0,7,0,7,0,7,0,7,0,7,0,7,0,7,1,7,0,7,0,7,0,7,0,7,1,7,1,7,1,7,1,7,1,7,1,7,1,7,1,7,1,7,1,7,1,7,1,7,1,7,1,7,1,7,1,7,1,7,1,7,1,7,1,7,1,7,1,7,1,7,1,7,1,7,1,7,1,7,1,7,1,6,2,7,1,6,1,6,1,6
1738630538.707456000,64:64:4a:bc:f0:ad,64:64:4a:bc:f0:ad,e2:7b:9e:69:54:2b,e2:7b:9e:69:54:2b,51,11,51,11,51,11,51,11,51,11,52,11,52,11,52,11,52,11,53,11,53,11,53,11,53,11,53,11,54,11,54,11,54,11,54,11,55,11,55,11,55,11,55,11,55,11,55,11,55,11,55,11,55,11,55,11,55,11,55,11,55,11,55,11,55,11,55,11,55,11,55,11,55,11,55,11,55,11,55,11,55,11,55,11,55,11,55,11,55,11,55,11,55,11,56,10,56,10,56,10,56,11,56,10,56,10,56,10,56,10,56,10,56,10,56,10,56,10,56,10,56,10,56,10,56,10,56,10,56,10,56,10,56,10,56,10,56,10,56,10,56,10,57,10,57,10,57,10,57,10,57,10,57,10,57,10,57,9,57,9,57,9,57,9,57,9,57,9,57,9,57,9,57,9,58,9,58,9,58,9,58,9,58,9,58,9,58,9,58,9,58,9,59,9,59,8,59,8,59,9,59,8,59,8,59,8,59,8,59,8,60,8,60,8,60,8,60,8,60,8,61,8,61,8,61,8,61,9,61,8,61,8,61,8,61,8,62,8,62,9,61,8,62,8,62,8,62,9,62,9,62,9,62,9,62,9,62,9,62,9,62,9,62,9,62,9,62,9,62,9,62,9,62,9,61,9,61,9,61,9,61,9,61,9,61,9,61,9,61,9,61,9,61,9,61,9,61,9,61,9,61,9,60,9,60,9,60,9,60,9,60,8,60,8,60,8,60,8,60,8,60,8,60,8,60,8,60,8,60,8,60,8,60,8,60,8,60,7,60,7,60,7,60,7,61,7,61,7,61,7,61,7,61,7,61,7,62,7,62,7,62,7,62,6,62,6,62,7,63,6,63,6,63,6,63,6,63,6,63,6,63,6,0,6,0,6,0,6,0,6,0,6,0,6,0,6,0,6,0,6,0,7,0,6,1,6,1,7,1,7,1,7,1,7,1,7,1,7,1,6,1,6,1,6,1,6,1,7,2,7,1,6,2,6,2,7,2,6,2,6,2,6,2,7,2,6,2,6,2,6,2,6,2,6,2,6,2,6,2,6,2,6,2,6,2,6,2,6
1738630538.840239000,64:64:4a:bc:f0:ad,64:64:4a:bc:f0:ad,e2:7b:9e:69:54:2b,e2:7b:9e:69:54:2b,46,11,47,10,47,10,47,10,47,10,48,10,48,10,48,10,48,10,49,10,49,10,49,10,49,10,50,10,50,10,50,10,50,10,50,10,50,10,51,10,51,11,51,11,51,11,51,10,51,10,51,10,51,11,52,11,52,11,52,10,52,10,52,10,52,10,52,10,52,10,52,10,52,10,52,10,52,10,53,10,53,10,53,10,53,10,53,10,53,10,53,10,53,10,54,10,53,10,53,10,54,10,54,10,54,10,54,10,54,10,54,10,55,10,55,10,55,10,55,10,55,10,55,10,55,10,55,10,55,10,55,10,55,10,55,10,55,10,56,10,56,10,56,10,56,10,56,10,56,10,56,10,56,10,56,10,56,10,56,9,56,9,56,10,56,10,56,10,56,9,56,9,56,9,56,9,56,9,56,9,56,9,56,9,56,9,56,9,56,9,57,9,57,9,57,9,57,9,57,9,57,9,57,9,57,9,57,9,57,9,57,9,57,9,57,9,58,9,58,8,58,8,58,8,58,8,58,8,58,8,58,8,58,8,59,8,58,8,59,8,59,8,59,8,59,8,59,8,59,8,59,8,59,8,59,8,59,8,59,8,59,8,59,8,59,8,59,8,59,8,59,8,59,8,59,8,59,8,59,8,59,8,59,8,59,8,59,8,59,8,59,8,59,8,59,8,59,7,59,7,59,7,59,7,60,7,60,7,59,7,59,7,59,7,60,7,60,7,60,7,60,7,60,7,60,7,60,7,60,6,60,6,60,6,61,6,61,6,61,6,61,6,61,6,61,6,62,6,62,6,62,6,62,6,62,6,62,6,63,6,63,6,63,6,63,6,63,6,63,6,0,6,0,6,0,6,0,6,0,6,1,6,1,6,1,6,1,6,1,6,1,6,1,6,2,6,2,6,2,6,2,6,2,6,2,6,2,6,2,6,2,6,2,6,2,6,2,6,2,7,2,7,2,7,2,7,2,7,2,7,2,7,2,7,2,7,2,7,2,7,2,7,2,7,2,7,2,7,2,7,2,7,2,7,2,7,2,7,2,7,2,7,2,6,2,7,2,6
1738630538.841810000,64:64:4a:bc:f0:ad,64:64:4a:bc:f0:ad,e2:7b:9e:69:54:2b,e2:7b:9e:69:54:2b,46,10,47,11,47,11,48,11,48,10,48,11,48,11,48,10,49,10,49,10,49,10,49,11,49,11,49,10,50,10,50,10,50,11,50,11,50,11,50,11,51,11,51,11,51,11,51,11,51,11,51,11,52,11,52,10,52,10,52,10,52,11,52,11,52,10,52,10,52,10,52,10,52,10,52,10,52,10,52,10,52,10,53,10,53,10,53,10,53,10,53,10,53,10,53,10,54,10,54,10,54,10,54,10,54,10,54,10,54,10,54,10,55,10,54,10,54,10,55,10,55,10,55,10,55,10,55,10,55,10,55,10,55,10,55,10,55,10,56,10,56,10,56,10,55,10,56,10,56,10,56,10,56,10,56,10,56,10,56,10,56,9,56,9,56,9,56,9,56,9,56,9,56,9,56,9,56,9,56,9,56,9,56,9,56,9,56,9,56,9,56,9,56,9,57,9,57,9,57,9,57,9,57,9,57,9,57,9,57,9,57,9,57,9,57,8,57,8,57,8,58,8,58,8,58,8,58,8,58,8,58,8,58,8,59,8,58,8,58,8,58,8,59,8,59,8,59,8,59,8,59,8,59,8,59,8,59,8,59,8,59,8,59,8,59,8,59,8,59,8,59,8,59,8,59,8,59,8,59,8,59,8,59,8,59,8,59,8,59,8,59,8,59,8,59,7,59,7,59,7,59,7,59,7,59,7,59,7,60,7,60,7,60,7,60,7,60,7,60,7,60,7,60,7,60,6,60,6,60,6,60,6,61,6,61,6,61,6,61,6,61,6,62,6,62,6,62,6,62,6,62,6,62,6,62,6,62,6,63,6,63,6,63,6,63,6,0,6,0,6,0,6,0,6,0,6,0,6,1,6,1,6,1,6,1,6,1,6,1,6,1,6,1,6,2,6,2,6,2,6,2,6,2,6,2,6,2,6,2,6,2,6,2,7,2,6,2,6,2,6,2,6,2,7,2,7,2,7,2,7,2,7,2,7,2,7,2,7,2,7,2,7,2,7,2,7,2,7,2,7,2,7,2,7,2,7,2,7,2,7,2,7,2,7,2,6,2,7
1738630538.945230000,64:64:4a:bc:f0:ad,64:64:4a:bc:f0:ad,e2:7b:9e:69:54:2b,e2:7b:9e:69:54:2b,42,11,43,11,44,11,44,11,44,11,44,11,45,11,45,11,46,11,46,11,46,11,46,11,46,11,46,11,47,11,47,11,47,11,47,11,47,11,47,11,47,11,47,11,48,11,48,11,48,11,48,11,48,11,49,11,49,11,49,11,48,11,49,11,49,11,49,11,49,11,49,11,49,11,50,11,50,11,50,10,50,11,50,10,50,10,50,10,50,10,50,10,51,10,51,10,51,10,51,10,51,10,51,10,52,10,52,10,52,10,52,10,52,10,52,10,53,10,53,10,53,10,53,10,53,10,53,10,53,10,53,10,53,10,53,10,54,10,54,10,54,10,54,10,54,10,54,10,54,10,55,10,54,10,54,10,54,10,55,9,55,9,55,9,55,9,55,9,55,9,55,9,55,9,55,9,55,9,55,9,56,9,55,9,55,9,55,9,55,9,56,9,56,9,56,9,56,9,56,9,56,9,56,9,56,9,56,9,56,9,56,9,57,9,56,9,56,9,57,9,57,9,57,9,57,9,58,9,57,8,57,8,57,9,58,9,58,8,58,8,58,8,58,8,58,8,58,8,58,8,58,8,58,8,58,8,59,8,59,8,59,8,58,8,58,8,59,8,59,8,59,8,59,8,59,8,59,8,59,8,58,8,59,8,59,8,59,8,59,8,59,8,58,8,59,8,59,8,59,8,59,8,59,7,59,7,59,7,59,7,59,7,59,7,59,7,59,7,59,7,59,7,60,7,60,7,60,7,60,7,60,7,60,7,60,7,60,6,60,6,61,6,61,6,61,6,61,6,61,6,61,6,61,6,62,6,62,6,62,6,62,6,62,6,62,6,62,6,63,6,63,6,63,6,63,6,0,6,0,6,0,6,0,6,0,6,0,6,1,6,1,6,1,6,1,6,1,6,1,6,1,6,1,6,1,6,2,6,2,6,2,6,2,7,2,7,2,7,2,7,2,7,2,7,2,7,2,7,2,7,2,7,2,7,2,7,2,7,2,7,2,7,2,7,2,7,2,7,2,7,2,7,2,7,2,7,2,7,2,7,2,7,2,7,2,7,2,7
1738630538.946933000,64:64:4a:bc:f0:ad,64:64:4a:bc:f0:ad,e2:7b:9e:69:54:2b,e2:7b:9e:69:54:2b,44,11,44,11,44,11,44,11,44,11,44,11,45,11,46,11,46,11,46,11,46,11,46,11,46,11,46,11,47,11,47,11,47,11,47,11,47,11,47,11,48,11,48,11,48,11,48,11,48,11,49,11,48,11,48,11,49,11,49,11,49,11,49,11,49,11,49,11,49,11,49,11,50,11,50,11,50,11,50,11,50,10,50,10,50,10,50,10,50,10,51,10,51,10,51,10,51,10,51,10,51,10,51,10,52,10,52,10,52,10,52,10,52,10,52,10,52,10,53,10,53,10,53,10,53,10,53,10,53,10,53,10,53,10,54,10,54,10,54,10,54,9,54,9,54,9,54,10,54,10,54,10,54,10,55,10,55,9,55,9,55,9,55,9,55,10,55,9,55,9,55,9,55,9,55,9,55,9,55,9,55,9,55,9,56,9,56,9,56,9,56,9,56,9,56,9,56,9,56,9,56,9,56,9,56,9,56,9,56,9,56,9,57,9,57,9,57,8,57,9,57,9,57,8,57,8,57,9,57,9,57,8,57,8,58,9,58,9,58,8,58,8,58,8,58,8,58,8,58,8,58,8,58,8,58,8,58,8,58,8,59,8,59,8,58,8,58,8,58,8,59,8,59,8,59,8,58,8,58,8,58,8,59,8,59,8,59,8,59,8,59,8,59,8,59,8,59,8,59,8,59,8,59,7,59,7,59,7,59,7,59,7,59,7,59,7,59,7,59,7,59,7,59,7,59,7,60,7,60,7,60,7,60,7,60,6,60,6,60,6,60,6,60,6,61,6,61,6,61,6,61,6,61,6,61,6,62,6,62,6,62,6,62,6,62,6,63,6,63,6,63,6,63,6,63,6,0,6,0,6,0,6,0,6,0,6,0,6,0,6,0,6,0,6,1,6,1,6,1,6,1,6,1,6,1,6,1,6,1,6,1,6,2,6,2,6,2,6,2,7,2,7,2,7,2,7,2,7,2,7,2,7,2,7,2,7,2,7,2,7,2,7,2,7,2,7,2,7,2,7,2,7,2,7,2,7,2,7,2,7,2,7,2,7,2,7,2,7
1738630539.229935000,64:64:4a:bc:f0:ad,64:64:4a:bc:f0:ad,e2:7b:9e:69:54:2b,e2:7b:9e:69:54:2b,42,13,43,13,43,13,42,13,43,13,43,13,44,13,44,13,44,13,45,13,45,13,45,13,44,13,44,13,45,13,46,13,46,13,46,13,46,13,47,13,47,13,47,13,47,13,47,13,47,13,47,13,48,13,48,13,48,13,48,13,49,12,49,12,49,12,49,12,49,12,49,12,49,12,49,12,50,12,50,12,50,12,50,12,50,12,50,12,50,12,50,12,50,12,51,12,51,12,51,12,51,12,51,12,51,11,52,11,52,11,51,11,51,11,52,11,52,11,52,11,52,11,53,11,53,11,53,11,53,11,53,11,53,11,53,11,53,11,54,11,54,11,54,11,54,11,54,10,54,10,54,11,54,10,55,10,55,10,55,10,55,10,55,10,55,10,55,10,55,10,56,10,56,10,56,10,56,10,56,10,56,10,56,10,56,10,56,10,57,10,57,10,57,10,57,10,57,10,57,10,57,9,57,9,58,9,58,9,58,10,58,10,58,9,58,9,59,9,59,9,59,9,59,9,59,9,59,9,59,9,59,9,59,9,60,9,60,9,60,9,60,9,60,9,60,9,60,9,60,9,60,9,60,9,60,9,60,9,60,9,60,9,60,9,60,9,60,9,60,9,60,9,60,9,60,9,60,9,61,9,61,9,61,9,60,9,60,9,60,9,60,9,60,9,60,9,61,9,61,9,61,9,61,9,61,9,61,9,61,9,60,9,61,9,61,9,61,9,61,9,61,9,61,9,61,9,61,9,61,9,61,9,61,8,61,8,61,8,61,8,61,8,61,8,61,8,61,8,61,8,61,8,61,8,61,8,61,8,61,8,62,8,62,8,62,8,62,8,62,8,62,8,62,8,62,8,62,7,63,7,63,7,63,7,63,7,63,7,63,7,63,7,0,7,0,7,0,7,0,7,0,7,0,7,1,7,1,7,1,7,1,7,1,7,1,7,1,7,1,7,2,7,2,7,2,7,2,7,2,7,2,7,2,7,2,7,2,7,2,7,2,7,2,7,3,7,3,7,3,7,3,7,3,7,3,7,3,7,3,7,3,7,3,7,3,7,3,7
1738630539.231476000,64:64:4a:bc:f0:ad,64:64:4a:bc:f0:ad,e2:7b:9e:69:54:2b,e2:7b:9e:69:54:2b,43,13,43,13,42,13,43,13,44,13,44,13,44,13,44,13,45,13,45,13,44,13,45,13,45,13,46,13,45,13,46,13,46,13,46,13,47,13,46,13,47,13,47,13,47,13,47,13,48,13,48,13,48,13,48,13,48,12,48,12,48,12,48,12,49,12,49,12,49,12,49,12,49,12,49,12,49,12,49,12,50,12,50,12,50,12,50,12,50,12,50,12,50,12,51,12,51,12,51,12,51,12,51,11,51,11,51,11,51,11,52,11,52,11,52,11,52,11,52,11,52,11,52,11,53,11,53,11,53,11,53,11,53,11,53,11,53,11,53,11,54,11,54,11,54,11,54,10,54,11,54,10,54,10,55,10,55,10,55,10,55,10,55,10,55,10,55,10,55,10,56,10,56,10,56,10,56,10,56,10,56,10,56,10,56,10,56,10,56,10,57,10,57,10,57,10,57,10,57,10,57,10,57,10,57,10,58,10,58,9,58,9,58,9,58,9,58,10,59,10,59,9,59,9,59,9,59,9,59,9,59,9,59,9,60,9,60,9,60,9,60,9,60,9,60,9,60,9,60,9,60,9,60,9,60,9,60,9,60,9,60,9,60,9,60,9,60,9,60,9,61,9,61,9,60,9,60,9,61,9,60,9,60,9,60,9,60,9,61,9,60,9,60,9,61,9,61,9,61,9,61,9,60,9,60,9,60,9,60,9,60,9,60,9,60,9,61,9,61,9,61,9,61,9,61,9,61,9,61,9,61,9,61,9,61,9,61,8,61,8,61,8,61,8,61,8,61,8,61,8,61,8,61,8,61,8,61,8,61,8,62,8,62,8,62,8,62,8,62,8,62,7,62,7,62,7,63,7,62,7,63,7,63,7,63,7,63,7,63,7,0,7,0,7,0,7,0,7,0,7,0,7,0,7,1,7,1,7,1,7,1,7,1,7,1,7,1,7,1,7,2,7,2,7,2,7,2,7,2,7,2,7,2,7,2,7,2,7,2,7,2,7,2,7,2,7,3,7,3,7,3,7,3,7,3,7,3,7,3,7,3,7,3,7,3,7,3,7
1738630539.374060000,64:64:4a:bc:f0:ad,64:64:4a:bc:f0:ad,e2:7b:9e:69:54:2b,e2:7b:9e:69:54:2b,43,14,44,14,44,14,44,14,44,13,44,14,45,14,46,13,46,13,46,13,46,13,46,13,45,13,46,13,46,13,47,13,47,13,47,13,48,13,48,13,48,13,48,13,49,13,49,13,49,13,49,13,49,13,49,13,49,13,49,13,49,13,49,13,50,13,50,13,50,13,50,13,50,13,50,13,50,12,51,12,50,12,50,12,51,12,51,12,51,12,51,12,51,12,51,12,51,12,51,12,51,12,51,12,51,12,51,12,52,12,52,12,52,12,52,12,52,11,52,11,52,11,52,11,53,11,53,11,53,11,53,11,53,11,53,11,53,11,53,11,53,11,53,11,54,11,54,11,54,11,54,11,54,11,54,11,54,11,54,11,54,11,54,11,55,11,55,11,55,10,55,10,55,10,55,10,55,10,55,10,55,10,55,10,56,10,56,10,56,10,56,10,56,10,56,10,56,10,56,10,56,10,57,10,57,10,57,10,57,10,57,10,57,10,57,10,57,10,57,10,58,10,58,10,58,10,58,10,58,9,58,9,58,9,58,9,58,9,58,9,59,9,59,9,59,9,59,9,59,9,59,9,59,9,59,9,59,9,59,9,59,9,59,9,59,9,59,9,59,9,59,9,59,9,60,9,60,9,60,9,60,9,60,9,60,9,60,9,60,9,60,9,60,9,60,9,60,9,60,9,60,9,60,9,60,9,60,9,60,9,60,9,60,9,60,9,60,9,60,9,60,9,60,8,60,8,60,8,60,8,60,8,61,8,61,8,61,8,61,8,61,8,61,8,61,8,61,8,61,8,61,8,61,8,61,8,61,8,61,8,61,8,62,8,62,8,62,8,62,7,62,7,62,7,62,7,62,7,63,7,63,7,63,7,63,7,63,7,63,7,0,7,0,7,0,7,0,7,0,7,0,7,0,7,1,7,1,7,1,7,1,7,1,7,1,7,1,7,1,7,1,7,1,7,1,7,1,7,2,7,2,7,2,7,2,7,2,7,2,7,2,7,2,7,2,7,2,8,2,8,2,8,2,7,2,7,2,8,2,8,2,8,2,7,2,7,2,7
1738630539.375525000,64:64:4a:bc:f0:ad,64:64:4a:bc:f0:ad,e2:7b:9e:69:54:2b,e2:7b:9e:69:54:2b,43,14,43,14,44,14,44,14,44,14,44,14,45,14,45,14,46,13,46,13,46,13,46,13,47,13,47,13,47,13,46,13,47,13,47,13,48,13,48,13,48,13,48,13,48,13,48,13,49,13,49,13,49,13,49,13,49,13,49,13,49,13,49,13,50,13,49,13,49,13,50,12,50,12,50,12,50,12,50,12,50,12,50,12,51,12,51,12,51,12,51,12,51,12,51,12,51,12,52,12,52,12,52,12,52,12,52,12,52,12,52,12,52,12,52,12,53,11,53,11,53,11,53,11,53,11,53,11,53,11,53,11,53,11,53,11,53,11,53,11,54,11,54,11,54,11,54,11,54,11,54,11,54,11,54,11,54,11,54,11,54,11,55,11,55,11,55,11,55,11,55,10,55,10,55,10,55,10,55,10,55,10,55,10,56,10,56,10,56,10,56,10,56,10,56,10,56,10,56,10,56,10,56,10,56,10,57,10,57,10,57,10,57,10,57,10,57,10,58,10,58,10,58,10,58,10,58,10,59,9,58,9,58,9,59,9,58,9,58,9,59,9,59,9,59,9,59,9,59,9,59,9,59,9,59,9,59,9,59,9,59,9,59,9,59,9,59,9,60,9,60,9,60,9,60,9,60,9,60,9,60,9,60,9,60,9,60,9,60,9,60,9,60,9,60,9,60,9,60,9,60,9,60,9,60,9,60,9,60,9,60,9,60,9,60,9,60,9,60,9,60,9,60,8,60,8,60,8,61,8,61,8,61,8,61,8,61,8,61,8,61,8,61,8,61,8,61,8,61,8,61,8,61,8,61,8,61,8,61,8,62,8,62,8,62,8,62,8,62,8,62,7,62,7,62,7,63,7,63,7,63,7,63,7,63,7,63,7,63,7,63,7,0,7,0,7,0,7,0,7,0,7,0,7,1,7,0,7,1,7,1,7,1,7,1,7,1,7,1,7,1,7,1,7,1,7,1,7,2,7,2,7,2,7,2,7,2,7,2,7,2,7,2,7,2,7,2,7,2,7,2,7,2,7,2,8,2,8,2,8,2,7,2,8,2,7,2,7
1738630539.698874000,64:64:4a:bc:f0:ad,64:64:4a:bc:f0:ad,e2:7b:9e:69:54:2b,e2:7b:9e:69:54:2b,41,14,41,14,41,14,42,14,42,14,42,14,42,14,43,14,44,14,44,14,44,14,44,14,44,14,44,13,44,13,45,13,46,13,46,13,46,13,46,13,46,13,46,13,47,13,47,13,47,13,47,13,47,13,48,13,48,13,48,13,48,13,48,13,48,13,48,13,49,13,49,12,49,12,49,12,49,12,49,12,49,12,49,12,49,12,49,12,49,12,50,12,50,12,50,12,50,12,51,12,50,12,50,12,50,12,51,12,51,12,51,11,51,11,51,11,51,11,52,11,52,11,52,11,52,11,52,11,52,11,52,11,52,11,52,11,53,11,53,11,53,11,53,11,54,11,54,11,54,11,54,10,54,10,54,10,54,10,54,10,54,10,55,10,55,10,55,10,55,10,55,10,55,10,55,10,55,10,56,10,56,10,56,10,56,10,56,10,56,10,56,10,56,10,57,10,57,9,57,9,57,9,57,9,57,9,57,9,58,9,58,9,58,9,58,9,58,9,58,9,58,9,59,9,59,9,59,9,59,9,59,9,59,9,60,9,60,9,60,9,60,9,60,9,60,9,60,9,60,9,60,9,60,9,60,9,60,9,60,9,60,9,60,9,61,9,61,9,61,9,61,9,61,9,61,9,61,9,61,9,61,9,61,9,61,9,61,9,61,9,61,9,61,9,61,9,61,9,61,9,61,9,61,9,61,9,61,9,61,9,61,9,61,9,61,9,61,9,61,9,61,9,61,9,61,9,61,9,61,9,61,9,61,9,61,9,61,8,61,8,61,8,61,8,61,8,61,8,61,8,61,8,61,8,61,8,61,8,62,8,62,8,62,8,62,8,62,8,62,8,62,8,62,8,62,8,62,7,63,7,63,7,63,7,63,7,63,7,63,7,63,7,63,7,0,7,0,7,0,7,0,7,0,7,0,7,0,7,1,7,1,7,1,7,1,7,1,7,1,7,1,7,1,7,2,7,2,7,2,7,2,7,2,7,2,7,2,7,2,7,2,7,3,7,2,7,2,7,2,8,2,8,2,7,3,7,3,7,3,7,3,7,3,8,3,8,3,8
1738630539.700276000,64:64:4a:bc:f0:ad,64:64:4a:bc:f0:ad,e2:7b:9e:69:54:2b,e2:7b:9e:69:54:2b,40,14,42,14,41,14,42,14,42,14,42,14,42,14,43,14,44,14,44,14,44,14,44,13,44,13,44,13,44,13,45,13,45,13,45,13,45,13,46,13,46,13,46,13,46,13,47,13,47,13,47,13,47,13,48,13,48,13,48,13,48,13,48,13,48,13,48,13,48,13,48,13,49,13,49,12,49,12,49,12,49,12,49,12,49,12,49,12,50,12,50,12,50,12,50,12,50,12,50,12,50,12,50,12,51,12,51,12,51,12,51,11,51,11,51,11,51,11,51,11,52,11,52,11,52,11,52,11,52,11,52,11,53,11,53,11,53,11,53,11,53,11,53,11,53,11,53,11,54,11,54,10,54,10,54,10,54,10,54,10,54,10,54,10,55,10,55,10,55,10,55,10,55,10,56,10,56,10,56,10,56,10,56,10,56,10,56,10,56,10,56,10,57,10,57,10,57,10,57,9,57,9,57,9,57,9,57,9,57,9,58,9,58,9,58,9,58,9,58,9,58,9,59,9,59,9,59,9,59,9,59,9,59,9,60,9,60,9,60,9,60,9,60,9,60,9,60,9,60,9,60,9,60,9,60,9,60,9,61,9,60,9,61,9,61,9,61,9,61,9,61,9,61,9,61,9,61,9,61,9,61,9,61,9,61,9,61,9,61,9,61,9,61,9,61,9,61,9,61,9,61,9,61,9,61,9,61,9,61,9,61,9,61,9,61,9,61,9,61,9,61,9,61,9,61,9,61,9,61,9,61,9,61,9,61,9,61,9,61,8,61,8,61,8,61,8,61,8,61,8,61,8,61,8,61,8,61,8,61,8,61,8,61,8,61,8,62,8,62,8,62,8,62,8,62,7,62,7,63,7,63,7,63,7,63,7,63,7,63,7,63,7,63,7,0,7,0,7,0,7,0,7,0,7,0,7,0,7,1,7,1,7,1,7,1,7,1,7,1,7,2,7,1,7,1,7,1,7,2,7,2,7,2,7,2,7,2,7,2,7,2,8,2,7,2,7,2,7,2,7,3,7,3,7,3,7,3,7,3,8,3,8,3,8,3,8,3,7
1738630540.089850000,64:64:4a:bc:f0:ad,64:64:4a:bc:f0:ad,e2:7b:9e:69:54:2b,e2:7b:9e:69:54:2b,44,14,44,14,44,14,44,13,44,13,45,13,45,13,45,13,45,13,45,13,45,13,46,13,46,13,45,13,46,13,47,13,47,13,47,13,47,13,47,13,48,13,48,13,48,13,48,13,48,13,49,13,49,13,49,13,49,13,49,13,49,13,49,12,50,12,50,12,50,12,50,12,50,12,50,12,50,12,51,12,51,12,51,12,50,12,51,12,51,12,51,12,51,12,51,12,51,12,51,12,52,12,52,12,52,12,52,12,52,11,52,11,52,11,52,11,52,11,52,11,52,11,53,11,53,11,53,11,53,11,53,11,53,11,53,11,54,11,54,11,54,11,54,11,54,11,54,11,54,11,54,11,54,11,55,11,55,10,55,10,55,10,55,10,55,10,55,10,55,10,55,10,55,10,55,10,55,10,56,10,56,10,56,10,56,10,56,10,56,10,56,10,57,10,57,10,57,10,57,10,57,10,57,10,57,10,57,10,57,10,57,10,58,10,58,9,58,9,58,9,58,10,58,10,58,9,58,9,59,9,59,9,59,9,59,9,59,9,59,9,59,9,60,9,59,9,59,9,59,9,60,9,60,9,60,9,60,9,60,9,60,9,60,9,60,9,60,9,60,9,60,9,60,9,60,9,60,9,60,9,60,9,60,9,60,9,60,9,60,9,60,9,60,9,60,9,60,9,60,9,60,9,60,9,60,9,60,9,61,9,60,9,60,9,60,9,61,9,61,9,61,9,61,9,61,9,61,9,61,8,61,8,61,8,61,8,61,8,61,8,61,8,61,8,61,8,61,8,61,8,61,8,61,8,61,8,61,8,62,8,62,8,62,8,62,8,62,8,62,8,62,8,62,7,63,7,63,7,63,7,63,7,63,7,63,7,63,7,63,7,63,7,0,7,0,7,0,7,0,7,0,7,0,7,0,7,1,7,1,7,1,7,1,7,1,7,1,7,1,7,1,7,1,7,1,7,1,7,1,7,2,7,2,7,2,7,2,7,2,7,2,7,2,7,2,7,2,7,2,7,2,7,2,7,2,8,3,8,3,7,2,7,2,8,2,8,2,8
1738630540.091308000,64:64:4a:bc:f0:ad,64:64:4a:bc:f0:ad,e2:7b:9e:69:54:2b,e2:7b:9e:69:54:2b,42,14,43,14,42,14,43,13,44,13,45,13,45,13,45,13,45,14,45,13,46,13,46,13,46,13,46,13,46,13,47,13,47,13,47,13,46,13,47,13,47,13,48,13,48,13,49,13,49,13,48,13,48,13,49,13,49,12,49,12,49,12,49,13,49,12,49,12,50,12,50,12,50,12,50,12,50,12,50,12,50,12,50,12,51,12,51,12,51,12,51,12,51,12,51,12,51,12,51,12,51,12,51,12,51,12,51,12,52,12,52,11,52,11,52,11,52,11,52,11,52,11,53,11,53,11,53,11,53,11,53,11,53,11,53,11,53,11,53,11,54,11,54,11,54,11,54,11,54,11,54,11,54,11,54,11,54,11,54,11,55,10,55,10,55,10,55,10,55,10,55,10,56,10,56,10,56,10,56,10,56,10,56,10,56,10,56,10,56,10,56,10,56,10,57,10,57,10,57,10,57,10,57,10,57,10,57,9,57,9,57,9,57,9,58,9,58,9,58,9,58,9,58,9,58,9,58,9,59,9,59,9,59,9,59,9,59,9,59,9,59,9,59,9,59,9,59,9,59,9,59,9,60,9,60,9,60,9,60,9,60,9,60,9,60,9,60,9,60,9,60,9,60,9,60,9,60,9,60,9,60,9,60,9,60,9,60,9,60,9,60,9,60,9,60,9,60,9,60,9,60,9,61,9,61,9,60,9,60,9,61,9,61,9,61,9,61,9,61,9,61,9,61,9,61,8,61,8,61,8,61,8,61,8,61,8,61,8,61,8,61,8,61,8,61,8,61,8,61,8,61,8,61,8,61,8,61,8,61,8,62,8,62,8,62,8,62,8,62,7,62,7,62,7,62,7,63,7,63,7,63,7,63,7,63,7,63,7,63,7,63,7,0,7,0,7,0,7,0,7,0,7,0,7,1,7,1,7,1,7,1,7,1,7,1,7,1,7,1,7,1,7,1,7,2,7,2,7,2,7,2,7,2,7,2,7,2,7,2,7,2,7,2,7,2,7,2,7,2,7,2,7,3,7,3,7,2,7,2,7,3,7,3,8,2,7,2,7
1738630540.285374000,64:64:4a:bc:f0:ad,64:64:4a:bc:f0:ad,e2:7b:9e:69:54:2b,e2:7b:9e:69:54:2b,43,14,42,14,42,13,43,13,43,13,44,13,44,14,44,13,45,13,45,13,45,13,45,13,46,13,46,13,46,13,46,13,47,13,47,13,47,13,48,13,48,13,48,13,48,13,48,13,48,13,48,13,48,13,49,13,48,13,48,13,49,13,49,13,49,12,49,12,50,13,49,12,50,12,50,12,50,12,50,12,50,12,50,12,50,12,50,12,50,12,51,12,51,12,51,12,51,12,51,12,51,12,51,12,52,12,52,12,52,12,52,11,52,11,52,11,52,11,52,11,52,11,52,11,52,11,53,11,53,11,53,11,53,11,53,11,53,11,53,11,53,11,53,11,54,11,54,11,54,11,54,11,54,11,54,11,54,10,54,10,54,10,55,10,55,10,55,10,55,10,55,10,55,10,55,10,55,10,56,10,56,10,56,10,56,10,56,10,56,10,56,10,56,10,57,10,57,10,57,9,57,10,57,9,57,9,57,9,57,9,57,9,58,9,58,9,58,9,58,9,58,9,58,9,58,9,58,9,58,9,59,9,59,9,59,9,59,9,59,9,59,9,59,9,60,9,60,9,60,9,60,9,60,9,60,9,60,9,60,9,60,9,60,9,60,9,60,9,60,9,60,9,60,9,60,9,60,9,60,9,61,9,60,9,60,9,60,9,61,9,61,9,60,9,60,9,61,9,61,9,60,9,60,9,60,9,60,9,61,9,61,9,61,9,60,9,61,9,61,9,61,9,61,9,61,9,61,8,61,8,61,8,61,8,61,8,61,8,61,8,61,8,61,8,61,8,61,8,61,8,61,8,61,8,61,8,61,8,62,8,62,8,62,8,62,8,62,8,62,8,62,7,62,7,62,7,63,7,63,7,63,7,63,7,63,7,63,7,0,7,0,7,0,7,0,7,0,7,0,7,0,7,0,7,0,7,1,7,1,7,1,7,1,7,1,7,1,7,1,7,1,7,1,7,2,7,2,7,2,7,2,7,2,7,2,7,2,7,2,7,2,7,2,7,2,7,2,7,2,7,2,7,2,7,2,7,2,7,2,7,2,7,3,7,3,7,3,7
1738630540.286278000,64:64:4a:bc:f0:ad,64:64:4a:bc:f0:ad,e2:7b:9e:69:54:2b,e2:7b:9e:69:54:2b,42,13,43,13,43,13,43,13,44,13,44,13,44,13,45,13,45,13,46,13,45,13,45,13,45,13,45,13,45,13,46,13,46,13,47,13,47,13,47,13,47,13,47,13,48,13,48,13,48,13,48,13,48,13,49,13,49,13,49,13,49,13,49,13,49,13,49,13,50,13,49,13,49,12,49,12,50,12,50,12,50,12,50,12,50,12,50,12,50,12,50,12,50,12,51,12,51,12,51,12,51,12,51,12,51,12,51,12,51,12,52,11,52,11,52,11,52,11,52,11,52,11,52,11,52,11,52,11,53,11,53,11,53,11,53,11,53,11,53,11,53,11,53,11,54,11,54,11,54,11,54,11,54,11,54,11,54,10,54,10,54,10,54,10,55,10,55,10,55,10,55,10,55,10,55,10,55,10,56,10,56,10,56,10,56,10,56,10,56,10,56,10,56,10,56,10,56,10,57,10,57,10,57,9,57,9,57,9,57,9,57,9,58,9,58,9,58,9,58,9,58,9,58,9,58,9,58,9,58,9,58,9,59,9,59,9,59,9,59,9,59,9,59,9,60,9,60,9,60,9,60,9,60,9,60,9,60,9,60,9,60,9,60,9,60,9,60,9,60,9,60,9,60,9,60,9,60,9,60,9,60,9,61,9,61,9,61,9,61,9,60,9,60,9,61,9,61,9,61,9,61,9,61,9,61,9,61,9,61,9,61,9,61,9,61,9,61,9,61,8,61,8,61,8,61,9,61,9,61,8,61,8,61,8,61,8,61,8,61,8,61,8,61,8,61,8,61,8,61,8,61,8,61,8,61,8,61,8,62,8,62,8,62,8,62,8,62,8,62,7,62,7,62,7,62,7,63,7,63,7,63,7,63,7,63,7,63,7,63,7,63,7,0,7,0,7,0,7,0,7,0,7,0,7,1,7,1,7,1,7,1,7,1,7,1,7,1,7,1,7,1,7,1,7,2,7,1,7,1,7,2,7,2,7,2,7,2,7,2,7,2,7,2,7,2,7,2,7,2,7,2,7,2,7,3,7,2,7,2,8,2,8,3,7,2,7,2,8
1738630540.420626000,64:64:4a:bc:f0:ad,64:64:4a:bc:f0:ad,e2:7b:9e:69:54:2b,e2:7b:9e:69:54:2b,42,13,43,13,42,14,42,14,43,14,44,13,44,13,44,13,45,13,45,13,46,13,45,13,46,13,46,13,46,13,46,13,46,13,46,13,47,13,48,13,48,13,48,13,48,13,48,13,48,13,49,13,49,13,49,13,49,12,49,12,49,12,49,12,49,12,50,12,50,12,50,12,50,12,50,12,50,12,50,12,50,12,51,12,51,12,51,12,51,12,51,12,51,12,51,12,51,12,52,12,52,12,52,12,52,11,52,12,52,12,52,12,52,11,52,11,52,11,53,11,53,11,53,11,53,11,53,11,53,11,53,11,53,11,54,11,54,11,54,11,54,11,54,11,54,11,54,11,55,11,55,11,54,11,54,11,55,11,55,11,55,11,55,10,55,10,55,10,55,10,56,10,56,10,56,10,56,10,56,10,56,10,56,10,56,10,56,10,56,10,57,10,57,10,57,10,57,10,57,10,57,10,57,10,57,10,57,10,57,9,58,9,58,9,58,9,58,9,58,9,58,9,59,9,59,9,59,9,59,9,59,9,59,9,59,9,59,9,59,9,59,9,59,9,60,9,60,9,60,9,60,9,60,9,60,9,60,9,60,9,60,9,60,9,60,9,60,9,60,9,60,9,60,9,60,9,60,9,60,9,60,9,60,9,60,9,60,9,60,9,60,9,60,9,60,9,60,9,60,9,60,9,60,9,60,9,60,9,61,9,60,9,60,9,60,9,61,9,61,9,60,9,60,8,61,8,61,8,61,8,61,8,61,8,61,8,61,8,61,8,61,8,61,8,61,8,61,8,61,8,61,8,61,8,61,8,61,8,61,8,61,7,61,8,62,8,62,8,62,8,62,7,62,7,62,7,63,7,63,7,63,7,63,7,63,7,63,7,63,7,63,7,0,7,0,7,0,7,0,7,0,7,0,7,0,7,0,7,1,7,1,7,1,7,1,7,1,7,1,7,1,7,1,7,1,7,1,7,2,7,2,7,2,7,2,7,2,7,2,7,2,7,2,7,2,7,2,7,2,7,2,7,2,7,2,7,2,7,2,7,2,7,2,7,2,7,2,7
1738630540.646907000,64:64:4a:bc:f0:ad,64:64:4a:bc:f0:ad,e2:7b:9e:69:54:2b,e2:7b:9e:69:54:2b,43,13,44,13,43,12,44,12,44,13,44,13,44,13,45,13,45,13,45,12,45,12,46,12,46,12,46,12,47,12,47,12,47,12,47,12,47,12,47,12,48,12,48,12,48,12,48,12,48,12,48,12,49,12,49,12,49,12,49,12,49,12,50,12,49,12,50,12,50,12,50,12,50,12,50,12,50,12,50,12,50,12,50,12,50,12,51,12,51,12,51,11,51,11,51,11,51,11,51,11,51,11,51,11,52,11,52,11,52,11,52,11,52,11,52,11,52,11,52,11,53,11,53,11,53,11,53,11,53,11,53,11,53,11,54,11,54,11,54,10,54,10,54,10,54,10,55,10,54,10,54,10,54,10,55,10,55,10,55,10,55,10,55,10,55,10,55,10,56,10,56,10,56,10,56,10,56,10,56,10,56,10,56,10,56,10,56,10,57,10,57,10,57,10,57,9,57,9,57,9,57,9,57,9,57,9,57,9,58,9,58,9,58,9,58,9,58,9,58,9,58,9,59,9,59,9,59,9,59,9,59,9,59,9,59,9,59,9,59,9,60,9,60,9,60,9,60,9,60,9,60,9,60,9,60,9,60,9,60,9,60,9,60,9,60,9,60,9,60,9,60,9,60,9,60,9,60,9,60,9,60,9,60,9,60,9,60,9,60,9,60,9,60,9,60,9,60,9,60,9,60,9,60,9,60,9,60,9,60,9,60,9,61,8,60,8,60,8,60,8,60,8,60,8,60,8,61,8,61,8,61,8,61,8,61,8,61,8,61,8,61,8,61,8,61,8,61,8,61,8,61,8,61,8,61,8,61,8,61,7,62,7,62,7,62,7,62,7,62,7,62,7,62,7,62,7,62,7,63,7,63,7,63,7,63,7,63,7,63,7,63,7,0,7,0,7,0,7,0,7,0,7,0,7,1,7,1,7,1,7,1,7,1,7,1,7,1,7,1,7,1,7,1,7,1,7,1,7,2,7,2,7,2,7,2,7,2,7,2,7,2,7,2,7,2,7,2,7,2,7,2,7,2,7,2,7,2,7,2,7,2,7,2,7,2,7,2,7
1738630540.648355000,64:64:4a:bc:f0:ad,64:64:4a:bc:f0:ad,e2:7b:9e:69:54:2b,e2:7b:9e:69:54:2b,43,13,43,13,42,12,43,12,43,13,44,13,44,13,45,13,45,12,46,12,46,12,46,12,46,13,46,12,46,12,46,12,47,12,47,12,47,12,47,12,47,12,48,12,48,12,48,12,48,12,48,12,48,12,49,12,49,12,49,12,49,12,49,12,49,12,49,12,49,12,49,12,49,12,50,12,50,12,50,12,50,12,50,12,50,12,50,12,50,12,51,12,51,11,51,11,51,11,51,11,51,11,51,11,51,11,52,11,52,11,52,11,52,11,52,11,52,11,52,11,53,11,53,11,53,11,53,11,53,11,53,11,53,11,53,11,53,10,54,10,54,10,54,10,54,10,54,10,54,10,54,10,55,10,55,10,55,10,55,10,55,10,55,10,55,10,55,10,56,10,56,10,56,10,56,10,56,10,56,10,56,10,56,10,56,10,56,10,56,10,56,9,57,9,57,9,57,9,57,9,57,9,57,9,57,9,58,9,58,9,58,9,58,9,58,9,58,9,58,9,58,9,58,9,59,9,58,9,59,9,59,9,59,9,59,9,59,9,59,9,60,9,60,9,60,9,60,9,60,9,60,9,60,9,60,9,60,9,60,9,60,9,60,9,60,9,60,9,60,9,60,9,60,9,60,9,60,9,60,9,60,9,60,9,60,9,60,9,60,9,60,9,60,9,60,9,60,9,60,9,60,9,60,9,60,9,60,9,60,9,60,9,61,9,61,9,60,9,60,9,60,9,60,8,60,8,60,8,61,8,61,8,61,8,61,8,61,8,61,8,61,8,61,8,61,8,61,8,61,8,61,8,61,8,61,8,61,8,61,8,61,8,61,8,62,7,62,7,62,7,62,7,62,7,62,7,62,7,63,7,63,7,63,7,63,7,63,7,63,7,63,7,63,7,0,7,0,7,0,7,0,7,0,7,0,7,0,7,1,7,1,7,1,7,1,7,1,7,1,7,1,7,1,7,1,7,1,7,2,7,1,7,2,7,2,7,2,7,2,7,2,7,2,7,2,7,2,7,2,7,2,7,2,7,2,7,2,7,2,7,2,7,2,7,2,7,2,7
1738630540.960652000,64:64:4a:bc:f0:ad,64:64:4a:bc:f0:ad,e2:7b:9e:69:54:2b,e2:7b:9e:69:54:2b,42,14,43,13,42,13,43,13,43,13,43,13,43,13,44,13,45,13,45,13,45,13,45,13,45,13,45,13,46,13,46,13,46,13,46,13,46,13,46,13,47,13,47,13,47,13,48,13,48,13,47,13,48,13,48,13,48,13,48,13,48,13,49,13,49,12,49,12,49,12,49,12,49,12,49,12,49,12,49,12,50,12,50,12,50,12,50,12,50,12,50,12,51,12,50,12,51,12,51,12,51,12,51,12,51,11,51,11,51,11,52,11,52,11,52,11,52,11,52,11,52,11,52,11,52,11,52,11,53,11,53,11,53,11,53,11,53,11,54,11,54,10,54,10,54,10,54,10,54,10,54,10,54,10,54,10,55,10,55,10,55,10,55,10,56,10,55,10,55,10,56,10,56,10,56,10,56,10,56,10,56,10,56,10,56,10,56,10,57,10,57,9,57,9,57,9,57,9,57,9,57,9,57,9,58,9,58,9,58,9,58,9,58,9,58,9,59,9,58,9,58,9,59,9,59,9,59,9,59,9,59,9,59,9,60,9,60,9,60,9,60,9,60,9,61,9,61,9,61,9,61,9,61,9,61,9,61,9,61,9,61,9,61,9,61,9,61,9,61,9,61,9,62,9,62,9,62,9,62,9,61,9,62,9,62,9,62,9,62,9,62,9,62,9,62,9,62,9,62,9,62,9,62,9,62,9,62,9,62,9,62,9,62,9,62,9,62,9,62,9,62,9,62,9,62,9,62,9,62,9,62,9,62,9,62,9,62,9,62,9,62,9,62,9,62,9,62,8,62,8,62,8,62,8,62,8,62,8,62,8,62,8,62,8,62,8,62,8,62,8,63,8,63,8,63,8,63,8,63,8,63,8,63,8,63,8,0,8,0,8,0,8,0,8,0,8,0,8,0,8,0,8,1,8,1,8,1,8,1,8,1,8,1,8,1,8,1,8,1,8,1,8,1,8,1,8,2,8,2,8,2,8,2,8,2,8,2,8,2,8,2,8,2,8,2,8,2,8,2,8,2,8,2,8,2,8,2,8,2,8,2,8,2,8,2,8,2,8
1738630540.963129000,64:64:4a:bc:f0:ad,64:64:4a:bc:f0:ad,e2:7b:9e:69:54:2b,e2:7b:9e:69:54:2b,41,13,42,13,43,14,43,13,43,13,44,13,44,13,44,14,45,13,45,13,46,13,45,13,45,13,45,13,46,13,46,13,47,13,47,13,47,13,46,13,47,13,47,13,48,13,48,13,48,13,48,13,48,13,48,13,48,13,48,13,48,13,49,12,49,12,49,12,49,12,49,12,49,12,49,12,50,12,50,12,50,12,50,12,50,12,50,12,50,12,50,12,51,12,51,12,51,12,51,12,51,12,51,12,51,11,51,11,51,11,52,11,52,11,52,11,52,11,52,11,52,11,52,11,53,11,53,11,53,11,53,11,53,11,53,11,53,11,53,11,53,11,54,10,54,10,54,10,54,10,54,10,55,10,55,10,55,10,55,10,55,10,55,10,55,10,55,10,56,10,56,10,56,10,56,10,56,10,56,10,56,10,56,10,56,10,56,10,56,10,57,10,57,10,57,10,57,9,57,9,57,9,57,9,57,9,57,9,58,9,58,9,58,9,58,9,58,9,58,9,59,9,59,9,59,9,59,9,59,9,59,9,59,9,60,9,60,9,60,9,60,9,60,9,60,9,60,9,61,9,61,9,61,9,61,9,61,9,61,9,61,9,61,9,61,9,61,9,61,9,61,9,61,9,61,9,61,9,61,9,62,9,62,9,62,9,62,9,62,9,62,9,62,9,62,9,61,9,61,9,62,9,62,9,62,9,62,9,62,9,62,9,62,9,62,9,62,9,62,9,62,9,62,9,62,9,62,9,62,9,62,9,62,9,62,9,62,9,62,9,62,9,62,9,62,9,62,8,62,8,62,8,62,8,62,8,62,8,62,8,62,8,62,8,62,8,62,8,62,8,62,8,62,8,62,8,63,8,63,8,63,8,63,8,63,8,0,8,63,8,63,8,0,8,0,8,0,8,0,8,0,8,0,8,0,8,0,8,1,8,1,8,1,8,1,8,1,8,1,8,1,8,1,8,1,8,1,8,1,8,1,8,1,8,2,8,2,8,2,8,2,8,2,8,2,8,2,8,2,8,2,8,2,8,2,8,2,8,2,8,2,8,2,8,2,8,2,8
1738630541.269893000,64:64:4a:bc:f0:ad,64:64:4a:bc:f0:ad,e2:7b:9e:69:54:2b,e2:7b:9e:69:54:2b,36,14,37,14,37,14,38,14,38,14,38,14,38,14,39,14,39,14,40,14,40,14,40,14,41,14,41,14,41,14,41,14,42,14,42,14,43,14,43,14,43,14,43,14,44,13,44,13,44,13,44,13,45,13,45,13,45,13,46,13,46,13,46,13,46,13,46,13,47,13,47,13,47,13,47,13,47,13,47,13,48,13,48,13,48,13,48,13,48,13,48,13,49,12,49,12,49,12,49,12,49,12,50,12,50,12,50,12,50,12,50,12,50,12,51,12,51,12,51,12,51,12,51,12,51,12,52,12,52,12,52,12,52,12,52,12,52,12,52,12,53,11,53,11,53,11,53,11,53,11,53,11,53,11,54,11,54,11,54,11,54,11,54,11,54,11,54,11,54,11,54,11,55,11,55,11,55,11,55,11,55,11,55,11,55,11,55,11,56,11,56,11,56,11,56,10,56,10,56,10,56,10,56,10,56,10,56,10,57,10,57,10,57,10,57,10,57,10,57,10,58,10,58,10,58,10,58,10,58,10,58,10,58,10,59,10,59,10,59,10,59,10,59,10,59,10,59,10,59,10,59,10,59,10,59,10,59,10,59,10,60,10,60,10,60,10,59,10,60,10,60,10,60,10,60,10,59,10,60,10,60,10,60,10,60,10,60,10,60,10,59,10,59,10,59,10,60,10,60,10,60,10,60,10,60,10,60,10,60,10,60,10,60,10,60,10,59,10,59,10,60,10,60,10,60,9,60,9,60,9,60,9,60,9,60,9,60,9,60,9,60,9,60,9,60,9,60,9,60,9,60,9,60,9,60,9,60,8,60,8,60,8,60,8,60,8,60,8,61,8,61,8,61,8,61,8,61,8,61,8,62,8,62,8,62,8,62,8,62,8,62,8,62,8,63,8,63,8,63,8,63,8,63,8,63,8,63,8,63,7,0,8,0,8,0,8,0,8,0,8,0,8,0,8,0,8,0,8,0,8,1,8,1,8,1,8,1,8,1,8,1,8,1,8,1,8,1,8,1,8,1,8,1,8,1,8,1,8,1,8,2,8,2,8,2,8,2,8
