timestamp,receiver_address,destination_address,transmitter_address,source_address,SCIDX_-122_phi11,SCIDX_-122_psi21,SCIDX_-121_phi11,SCIDX_-121_psi21,SCIDX_-120_phi11,SCIDX_-120_psi21,SCIDX_-119_phi11,SCIDX_-119_psi21,SCIDX_-118_phi11,SCIDX_-118_psi21,SCIDX_-117_phi11,SCIDX_-117_psi21,SCIDX_-116_phi11,SCIDX_-116_psi21,SCIDX_-115_phi11,SCIDX_-115_psi21,SCIDX_-114_phi11,SCIDX_-114_psi21,SCIDX_-113_phi11,SCIDX_-113_psi21,SCIDX_-112_phi11,SCIDX_-112_psi21,SCIDX_-111_phi11,SCIDX_-111_psi21,SCIDX_-110_phi11,SCIDX_-110_psi21,SCIDX_-109_phi11,SCIDX_-109_psi21,SCIDX_-108_phi11,SCIDX_-108_psi21,SCIDX_-107_phi11,SCIDX_-107_psi21,SCIDX_-106_phi11,SCIDX_-106_psi21,SCIDX_-105_phi11,SCIDX_-105_psi21,SCIDX_-104_phi11,SCIDX_-104_psi21,SCIDX_-102_phi11,SCIDX_-102_psi21,SCIDX_-101_phi11,SCIDX_-101_psi21,SCIDX_-100_phi11,SCIDX_-100_psi21,SCIDX_-99_phi11,SCIDX_-99_psi21,SCIDX_-98_phi11,SCIDX_-98_psi21,SCIDX_-97_phi11,SCIDX_-97_psi21,SCIDX_-96_phi11,SCIDX_-96_psi21,SCIDX_-95_phi11,SCIDX_-95_psi21,SCIDX_-94_phi11,SCIDX_-94_psi21,SCIDX_-93_phi11,SCIDX_-93_psi21,SCIDX_-92_phi11,SCIDX_-92_psi21,SCIDX_-91_phi11,SCIDX_-91_psi21,SCIDX_-90_phi11,SCIDX_-90_psi21,SCIDX_-89_phi11,SCIDX_-89_psi21,SCIDX_-88_phi11,SCIDX_-88_psi21,SCIDX_-87_phi11,SCIDX_-87_psi21,SCIDX_-86_phi11,SCIDX_-86_psi21,SCIDX_-85_phi11,SCIDX_-85_psi21,SCIDX_-84_phi11,SCIDX_-84_psi21,SCIDX_-83_phi11,SCIDX_-83_psi21,SCIDX_-82_phi11,SCIDX_-82_psi21,SCIDX_-81_phi11,SCIDX_-81_psi21,SCIDX_-80_phi11,SCIDX_-80_psi21,SCIDX_-79_phi11,SCIDX_-79_psi21,SCIDX_-78_phi11,SCIDX_-78_psi21,SCIDX_-77_phi11,SCIDX_-77_psi21,SCIDX_-76_phi11,SCIDX_-76_psi21,SCIDX_-74_phi11,SCIDX_-74_psi21,SCIDX_-73_phi11,SCIDX_-73_psi21,SCIDX_-72_phi11,SCIDX_-72_psi21,SCIDX_-71_phi11,SCIDX_-71_psi21,SCIDX_-70_phi11,SCIDX_-70_psi21,SCIDX_-69_phi11,SCIDX_-69_psi21,SCIDX_-68_phi11,SCIDX_-68_psi21,SCIDX_-67_phi11,SCIDX_-67_psi21,SCIDX_-66_phi11,SCIDX_-66_psi21,SCIDX_-65_phi11,SCIDX_-65_psi21,SCIDX_-64_phi11,SCIDX_-64_psi21,SCIDX_-63_phi11,SCIDX_-63_psi21,SCIDX_-62_phi11,SCIDX_-62_psi21,SCIDX_-61_phi11,SCIDX_-61_psi21,SCIDX_-60_phi11,SCIDX_-60_psi21,SCIDX_-59_phi11,SCIDX_-59_psi21,SCIDX_-58_phi11,SCIDX_-58_psi21,SCIDX_-57_phi11,SCIDX_-57_psi21,SCIDX_-56_phi11,SCIDX_-56_psi21,SCIDX_-55_phi11,SCIDX_-55_psi21,SCIDX_-54_phi11,SCIDX_-54_psi21,SCIDX_-53_phi11,SCIDX_-53_psi21,SCIDX_-52_phi11,SCIDX_-52_psi21,SCIDX_-51_phi11,SCIDX_-51_psi21,SCIDX_-50_phi11,SCIDX_-50_psi21,SCIDX_-49_phi11,SCIDX_-49_psi21,SCIDX_-48_phi11,SCIDX_-48_psi21,SCIDX_-47_phi11,SCIDX_-47_psi21,SCIDX_-46_phi11,SCIDX_-46_psi21,SCIDX_-45_phi11,SCIDX_-45_psi21,SCIDX_-44_phi11,SCIDX_-44_psi21,SCIDX_-43_phi11,SCIDX_-43_psi21,SCIDX_-42_phi11,SCIDX_-42_psi21,SCIDX_-41_phi11,SCIDX_-41_psi21,SCIDX_-40_phi11,SCIDX_-40_psi21,SCIDX_-38_phi11,SCIDX_-38_psi21,SCIDX_-37_phi11,SCIDX_-37_psi21,SCIDX_-36_phi11,SCIDX_-36_psi21,SCIDX_-35_phi11,SCIDX_-35_psi21,SCIDX_-34_phi11,SCIDX_-34_psi21,SCIDX_-33_phi11,SCIDX_-33_psi21,SCIDX_-32_phi11,SCIDX_-32_psi21,SCIDX_-31_phi11,SCIDX_-31_psi21,SCIDX_-30_phi11,SCIDX_-30_psi21,SCIDX_-29_phi11,SCIDX_-29_psi21,SCIDX_-28_phi11,SCIDX_-28_psi21,SCIDX_-27_phi11,SCIDX_-27_psi21,SCIDX_-26_phi11,SCIDX_-26_psi21,SCIDX_-25_phi11,SCIDX_-25_psi21,SCIDX_-24_phi11,SCIDX_-24_psi21,SCIDX_-23_phi11,SCIDX_-23_psi21,SCIDX_-22_phi11,SCIDX_-22_psi21,SCIDX_-21_phi11,SCIDX_-21_psi21,SCIDX_-20_phi11,SCIDX_-20_psi21,SCIDX_-19_phi11,SCIDX_-19_psi21,SCIDX_-18_phi11,SCIDX_-18_psi21,SCIDX_-17_phi11,SCIDX_-17_psi21,SCIDX_-16_phi11,SCIDX_-16_psi21,SCIDX_-15_phi11,SCIDX_-15_psi21,SCIDX_-14_phi11,SCIDX_-14_psi21,SCIDX_-13_phi11,SCIDX_-13_psi21,SCIDX_-12_phi11,SCIDX_-12_psi21,SCIDX_-10_phi11,SCIDX_-10_psi21,SCIDX_-9_phi11,SCIDX_-9_psi21,SCIDX_-8_phi11,SCIDX_-8_psi21,SCIDX_-7_phi11,SCIDX_-7_psi21,SCIDX_-6_phi11,SCIDX_-6_psi21,SCIDX_-5_phi11,SCIDX_-5_psi21,SCIDX_-4_phi11,SCIDX_-4_psi21,SCIDX_-3_phi11,SCIDX_-3_psi21,SCIDX_-2_phi11,SCIDX_-2_psi21,SCIDX_2_phi11,SCIDX_2_psi21,SCIDX_3_phi11,SCIDX_3_psi21,SCIDX_4_phi11,SCIDX_4_psi21,SCIDX_5_phi11,SCIDX_5_psi21,SCIDX_6_phi11,SCIDX_6_psi21,SCIDX_7_phi11,SCIDX_7_psi21,SCIDX_8_phi11,SCIDX_8_psi21,SCIDX_9_phi11,SCIDX_9_psi21,SCIDX_10_phi11,SCIDX_10_psi21,SCIDX_12_phi11,SCIDX_12_psi21,SCIDX_13_phi11,SCIDX_13_psi21,SCIDX_14_phi11,SCIDX_14_psi21,SCIDX_15_phi11,SCIDX_15_psi21,SCIDX_16_phi11,SCIDX_16_psi21,SCIDX_17_phi11,SCIDX_17_psi21,SCIDX_18_phi11,SCIDX_18_psi21,SCIDX_19_phi11,SCIDX_19_psi21,SCIDX_20_phi11,SCIDX_20_psi21,SCIDX_21_phi11,SCIDX_21_psi21,SCIDX_22_phi11,SCIDX_22_psi21,SCIDX_23_phi11,SCIDX_23_psi21,SCIDX_24_phi11,SCIDX_24_psi21,SCIDX_25_phi11,SCIDX_25_psi21,SCIDX_26_phi11,SCIDX_26_psi21,SCIDX_27_phi11,SCIDX_27_psi21,SCIDX_28_phi11,SCIDX_28_psi21,SCIDX_29_phi11,SCIDX_29_psi21,SCIDX_30_phi11,SCIDX_30_psi21,SCIDX_31_phi11,SCIDX_31_psi21,SCIDX_32_phi11,SCIDX_32_psi21,SCIDX_33_phi11,SCIDX_33_psi21,SCIDX_34_phi11,SCIDX_34_psi21,SCIDX_35_phi11,SCIDX_35_psi21,SCIDX_36_phi11,SCIDX_36_psi21,SCIDX_37_phi11,SCIDX_37_psi21,SCIDX_38_phi11,SCIDX_38_psi21,SCIDX_40_phi11,SCIDX_40_psi21,SCIDX_41_phi11,SCIDX_41_psi21,SCIDX_42_phi11,SCIDX_42_psi21,SCIDX_43_phi11,SCIDX_43_psi21,SCIDX_44_phi11,SCIDX_44_psi21,SCIDX_45_phi11,SCIDX_45_psi21,SCIDX_46_phi11,SCIDX_46_psi21,SCIDX_47_phi11,SCIDX_47_psi21,SCIDX_48_phi11,SCIDX_48_psi21,SCIDX_49_phi11,SCIDX_49_psi21,SCIDX_50_phi11,SCIDX_50_psi21,SCIDX_51_phi11,SCIDX_51_psi21,SCIDX_52_phi11,SCIDX_52_psi21,SCIDX_53_phi11,SCIDX_53_psi21,SCIDX_54_phi11,SCIDX_54_psi21,SCIDX_55_phi11,SCIDX_55_psi21,SCIDX_56_phi11,SCIDX_56_psi21,SCIDX_57_phi11,SCIDX_57_psi21,SCIDX_58_phi11,SCIDX_58_psi21,SCIDX_59_phi11,SCIDX_59_psi21,SCIDX_60_phi11,SCIDX_60_psi21,SCIDX_61_phi11,SCIDX_61_psi21,SCIDX_62_phi11,SCIDX_62_psi21,SCIDX_63_phi11,SCIDX_63_psi21,SCIDX_64_phi11,SCIDX_64_psi21,SCIDX_65_phi11,SCIDX_65_psi21,SCIDX_66_phi11,SCIDX_66_psi21,SCIDX_67_phi11,SCIDX_67_psi21,SCIDX_68_phi11,SCIDX_68_psi21,SCIDX_69_phi11,SCIDX_69_psi21,SCIDX_70_phi11,SCIDX_70_psi21,SCIDX_71_phi11,SCIDX_71_psi21,SCIDX_72_phi11,SCIDX_72_psi21,SCIDX_73_phi11,SCIDX_73_psi21,SCIDX_74_phi11,SCIDX_74_psi21,SCIDX_76_phi11,SCIDX_76_psi21,SCIDX_77_phi11,SCIDX_77_psi21,SCIDX_78_phi11,SCIDX_78_psi21,SCIDX_79_phi11,SCIDX_79_psi21,SCIDX_80_phi11,SCIDX_80_psi21,SCIDX_81_phi11,SCIDX_81_psi21,SCIDX_82_phi11,SCIDX_82_psi21,SCIDX_83_phi11,SCIDX_83_psi21,SCIDX_84_phi11,SCIDX_84_psi21,SCIDX_85_phi11,SCIDX_85_psi21,SCIDX_86_phi11,SCIDX_86_psi21,SCIDX_87_phi11,SCIDX_87_psi21,SCIDX_88_phi11,SCIDX_88_psi21,SCIDX_89_phi11,SCIDX_89_psi21,SCIDX_90_phi11,SCIDX_90_psi21,SCIDX_91_phi11,SCIDX_91_psi21,SCIDX_92_phi11,SCIDX_92_psi21,SCIDX_93_phi11,SCIDX_93_psi21,SCIDX_94_phi11,SCIDX_94_psi21,SCIDX_95_phi11,SCIDX_95_psi21,SCIDX_96_phi11,SCIDX_96_psi21,SCIDX_97_phi11,SCIDX_97_psi21,SCIDX_98_phi11,SCIDX_98_psi21,SCIDX_99_phi11,SCIDX_99_psi21,SCIDX_100_phi11,SCIDX_100_psi21,SCIDX_101_phi11,SCIDX_101_psi21,SCIDX_102_phi11,SCIDX_102_psi21,SCIDX_104_phi11,SCIDX_104_psi21,SCIDX_105_phi11,SCIDX_105_psi21,SCIDX_106_phi11,SCIDX_106_psi21,SCIDX_107_phi11,SCIDX_107_psi21,SCIDX_108_phi11,SCIDX_108_psi21,SCIDX_109_phi11,SCIDX_109_psi21,SCIDX_110_phi11,SCIDX_110_psi21,SCIDX_111_phi11,SCIDX_111_psi21,SCIDX_112_phi11,SCIDX_112_psi21,SCIDX_113_phi11,SCIDX_113_psi21,SCIDX_114_phi11,SCIDX_114_psi21,SCIDX_115_phi11,SCIDX_115_psi21,SCIDX_116_phi11,SCIDX_116_psi21,SCIDX_117_phi11,SCIDX_117_psi21,SCIDX_118_phi11,SCIDX_118_psi21,SCIDX_119_phi11,SCIDX_119_psi21,SCIDX_120_phi11,SCIDX_120_psi21,SCIDX_121_phi11,SCIDX_121_psi21,SCIDX_122_phi11,SCIDX_122_psi21
1759561805.009678000,00:03:7f:25:14:25,00:03:7f:25:14:25,3a:c8:97:94:99:7a,3a:c8:97:94:99:7a,27,7,26,7,27,7,27,7,26,8,27,8,27,7,27,8,28,7,27,8,27,8,28,8,26,8,29,8,28,8,28,8,29,8,26,9,27,8,28,9,28,9,27,9,27,9,27,9,28,10,29,10,27,10,29,10,30,10,28,11,29,10,30,10,30,10,30,10,31,10,31,10,34,10,34,10,33,10,33,10,35,10,36,10,36,9,36,10,36,9,36,9,38,9,39,8,38,8,40,8,38,7,40,7,39,7,39,6,40,6,40,6,40,5,38,5,38,5,39,4,41,4,39,4,40,3,39,3,40,3,39,2,39,2,39,2,36,1,37,1,31,1,32,1,27,1,26,1,25,2,23,2,22,2,21,3,21,3,20,3,20,3,18,4,17,5,18,5,18,6,18,6,18,7,18,7,18,7,17,8,17,8,18,9,17,10,17,9,17,10,16,11,15,11,14,12,16,12,16,12,16,13,15,13,16,14,16,14,7,15,9,15,10,15,57,15,52,15,49,15,51,14,49,14,49,14,53,14,49,12,49,12,48,12,47,10,50,9,48,9,47,9,46,9,45,9,45,8,46,7,46,7,46,6,46,6,46,5,44,5,45,4,46,4,46,3,44,2,43,2,43,2,41,1,37,1,35,1,26,1,31,1,25,2,22,2,21,2,22,2,20,4,21,4,23,4,19,5,21,5,21,6,20,7,19,6,19,8,20,8,17,9,19,9,20,10,20,10,20,11,21,11,22,12,22,13,25,13,28,13,27,13,29,14,35,13,33,13,35,13,39,13,41,13,42,12,43,11,45,11,43,11,43,10,49,9,46,9,46,9,44,8,46,8,48,7,47,7,45,7,46,6,46,6,45,5,46,4,46,4,48,4,45,4,47,2,48,2,47,2,47,1,50,0,46,0,30,0,50,0,19,0,13,1,17,1,16,1,16,2,14,2,16,2,17,3,18,3,19,4,18,4,18,3,17,5,19,5,19,5,19,6,20,6,20,7,22,7,23,7,22,7,22,7,25,7,24,8,23,7,22,7,22,8,18,7,17,8,18,8,17,8,16,9,16,9,14,10
1759561805.975469000,00:03:7f:25:14:25,00:03:7f:25:14:25,3a:c8:97:94:99:7a,3a:c8:97:94:99:7a,22,8,23,8,24,7,25,8,25,8,27,10,28,7,31,8,30,7,31,7,29,7,32,6,30,7,32,6,32,6,30,5,31,7,29,5,28,4,28,6,23,3,19,5,17,3,16,4,13,5,17,4,13,7,16,7,17,6,14,9,17,7,18,8,20,10,17,10,18,10,21,10,22,11,24,11,24,11,25,11,28,11,32,12,32,11,32,12,34,12,33,11,38,11,38,11,37,11,39,10,39,10,40,9,40,9,40,9,41,9,42,9,41,8,41,8,40,7,42,7,44,6,42,7,43,6,43,6,44,5,42,5,44,4,44,5,42,3,43,3,39,3,40,2,37,2,36,2,33,2,31,2,28,2,26,3,25,2,24,3,23,3,21,4,20,5,20,5,19,6,19,6,19,7,20,7,20,8,18,8,18,9,19,9,18,10,18,10,19,11,17,11,16,12,14,13,17,12,16,13,16,14,15,14,15,14,14,14,62,15,0,15,59,15,52,15,53,14,51,14,52,14,51,13,51,13,55,13,52,12,51,12,52,12,50,10,53,11,51,10,50,10,49,10,48,10,48,9,49,9,48,9,48,8,48,8,48,7,46,7,48,6,48,6,48,6,48,5,47,4,46,4,46,4,44,4,43,3,42,3,44,3,43,2,41,2,38,2,40,1,34,1,35,1,35,1,28,1,30,1,28,2,26,2,25,2,23,3,24,4,20,4,20,4,22,5,22,5,21,6,21,6,21,7,21,8,21,8,24,8,21,9,21,10,25,10,22,10,21,11,24,12,24,12,27,13,29,13,30,14,30,14,34,14,44,14,37,13,43,14,38,14,42,13,44,12,44,12,39,12,42,11,40,12,40,11,40,10,41,9,40,9,38,9,39,8,40,8,39,8,41,7,39,6,36,6,35,6,34,6,33,5,29,6,31,6,30,5,28,6,27,6,26,6,26,6,26,6,26,7,25,7,24,7,23,9,23,9,23,8,21,10,21,10,20,10,21,10,21,10,20,10,19,11,21,10,21,11,20,11,21,11,20,12,20,12,20,13,23,12,23,12,23,12,25,13,26,13
1759561806.530386000,00:03:7f:25:14:25,00:03:7f:25:14:25,3a:c8:97:94:99:7a,3a:c8:97:94:99:7a,43,9,42,8,43,8,42,7,43,7,43,7,43,5,43,5,44,5,43,4,43,4,44,3,42,3,43,3,45,2,43,2,43,2,43,1,38,1,35,0,26,0,23,1,22,0,19,1,17,1,19,2,16,2,17,2,18,3,17,3,17,4,19,4,18,5,17,5,17,6,18,6,20,6,19,7,19,7,19,7,21,8,21,8,21,9,22,9,22,10,23,10,26,11,27,11,28,11,30,11,30,12,33,11,33,11,35,11,35,11,37,11,37,10,37,10,38,10,40,9,42,9,41,9,42,9,42,8,44,8,42,7,44,7,45,8,43,6,44,6,43,5,45,5,43,4,43,4,42,4,43,3,43,2,41,2,43,2,42,2,38,2,32,1,26,1,26,1,24,1,20,2,20,2,21,2,22,3,19,3,19,4,21,5,20,6,20,5,20,7,20,7,19,8,18,8,20,8,20,9,21,10,21,10,21,11,22,11,22,12,23,12,28,13,27,13,32,13,30,13,36,13,38,13,38,13,41,13,43,12,42,12,44,11,44,9,47,9,46,9,44,9,45,8,43,8,44,7,45,7,44,7,44,5,44,5,44,4,42,4,43,3,43,3,42,2,40,2,39,1,35,2,34,1,31,2,29,2,20,2,25,2,22,3,21,3,19,4,21,4,19,5,21,5,23,5,19,6,21,6,21,8,20,8,20,8,21,10,22,10,19,11,21,11,22,12,23,12,25,13,27,13,29,13,35,14,36,13,41,13,40,13,40,13,44,12,42,12,43,12,44,11,46,11,46,10,47,9,49,9,46,9,46,9,51,7,48,8,49,8,46,7,48,7,50,6,48,5,46,6,48,5,47,5,47,4,48,3,48,3,50,3,47,2,49,1,50,1,49,1,49,1,62,0,15,0,16,0,9,0,16,1,11,2,14,2,14,2,15,3,13,4,15,4,14,5,16,5,16,5,15,6,15,6,15,8,15,8,15,8,14,9,13,10,13,11,14,11,14,11,14,11,12,12,13,12,13,13,6,14,9,14,7,14,0,14,58,14,61,14,58,14,55,13,55,13,53,13
1759561806.996175000,00:03:7f:25:14:25,00:03:7f:25:14:25,3a:c8:97:94:99:7a,3a:c8:97:94:99:7a,21,10,22,10,23,10,23,10,23,10,24,11,25,10,27,11,27,10,28,10,28,10,30,10,29,10,32,9,32,9,32,8,33,9,30,9,31,8,32,8,31,7,30,7,31,6,29,6,29,6,30,5,26,6,28,5,27,5,25,6,25,6,25,6,24,6,24,6,22,7,22,7,24,7,23,7,22,8,21,8,23,8,23,8,22,9,22,9,22,10,22,10,24,11,24,11,24,11,25,12,25,12,28,12,28,12,30,12,31,13,32,13,33,12,33,12,34,12,38,12,39,12,39,12,40,11,40,11,42,10,41,10,43,9,44,10,41,9,43,8,42,8,43,7,43,7,43,7,42,6,43,6,42,5,40,5,42,4,41,4,39,4,38,3,34,2,33,2,32,2,30,2,29,2,26,2,26,2,22,3,22,3,22,4,21,5,20,4,20,6,19,5,17,6,16,7,18,7,18,7,18,8,17,8,17,8,17,9,16,10,16,10,19,10,17,11,18,12,16,12,18,13,18,13,17,14,17,14,18,15,28,15,42,15,48,13,51,13,49,12,49,12,49,12,47,11,48,11,49,10,48,10,49,9,49,9,49,8,48,8,50,7,50,7,50,7,50,6,50,5,50,5,49,5,48,4,48,4,49,4,50,3,50,2,51,2,50,2,55,1,53,1,59,0,0,0,5,1,7,1,14,1,12,2,10,2,12,3,14,3,11,4,13,4,14,5,14,5,13,6,13,6,14,7,13,7,13,8,16,8,13,8,11,10,15,10,13,10,12,10,13,11,13,11,12,12,12,13,12,13,11,13,10,14,9,14,11,14,4,14,60,15,58,15,56,14,53,14,49,14,50,13,49,13,49,12,48,11,48,10,48,10,46,10,48,9,48,9,48,9,50,8,49,7,48,7,48,6,47,6,47,5,46,6,47,5,47,4,47,3,47,3,47,3,47,2,46,1,45,1,45,1,53,0,30,0,22,1,18,0,16,2,17,2,15,3,16,3,18,4,16,4,15,4,17,5,17,6,17,6,17,7,17,7,16,8,16,9,18,9,18,9,17,10,18,10,17,11
1759561807.679302000,00:03:7f:25:14:25,00:03:7f:25:14:25,3a:c8:97:94:99:7a,3a:c8:97:94:99:7a,13,8,12,9,13,8,12,9,11,10,10,10,11,10,9,11,10,11,9,12,8,12,8,12,6,12,6,12,6,12,3,13,2,13,63,13,63,13,60,13,58,13,57,12,58,12,56,12,55,12,56,11,52,11,53,10,54,10,53,10,53,9,53,9,51,9,52,8,52,7,52,7,53,7,53,6,52,6,53,5,55,5,54,4,54,4,56,4,55,4,56,3,60,3,60,3,61,3,63,3,63,3,3,3,3,3,4,3,4,3,5,3,6,4,6,4,6,4,7,5,8,5,8,5,9,5,10,6,10,6,9,7,11,7,10,8,8,8,10,8,9,9,11,9,10,10,9,10,8,10,9,10,10,11,7,11,8,12,6,12,6,12,2,13,0,13,63,13,61,13,60,13,58,13,58,12,57,12,55,12,54,11,54,11,54,11,53,10,52,10,52,9,52,9,50,8,53,8,52,7,52,7,52,7,50,6,52,6,51,4,51,4,54,4,54,3,57,3,54,3,59,2,62,2,62,2,1,2,3,2,6,2,6,3,8,5,10,5,9,5,9,6,8,6,8,7,8,7,8,7,9,8,8,8,7,9,7,9,8,10,7,10,7,10,6,10,7,11,6,11,6,11,4,11,2,12,1,11,63,12,62,12,61,12,61,11,58,12,60,11,57,11,59,11,60,10,56,10,57,9,56,9,56,9,56,8,55,8,55,8,53,8,56,7,56,7,55,6,56,6,55,6,57,6,58,4,58,5,60,4,60,5,57,5,63,4,61,5,62,4,63,4,0,4,1,5,1,5,4,4,3,5,3,5,7,5,5,6,3,6,4,6,5,6,6,6,5,7,4,7,5,7,4,8,5,8,5,9,3,9,4,9,2,10,4,9,4,10,3,10,4,10,3,10,2,10,1,10,63,10,0,10,63,11,61,11,61,11,61,10,60,10,61,10,58,10,60,10,59,9,58,10,59,9,57,9,57,8,57,8,56,8,55,7,54,7,57,7,57,6,56,6,56,6,58,5,58,5,58,4,60,5,61,4,61,4,60,5,0,4,0,4,0,4,1,4,0,5
1759561808.312782000,00:03:7f:25:14:25,00:03:7f:25:14:25,3a:c8:97:94:99:7a,3a:c8:97:94:99:7a,55,4,54,4,57,3,59,3,61,3,62,4,0,4,63,4,3,5,1,4,3,6,4,5,3,6,4,6,4,6,3,7,3,7,1,7,3,7,1,8,1,8,1,8,1,7,1,7,1,8,1,7,0,8,0,7,3,7,1,8,2,7,3,7,2,8,2,8,2,8,2,8,3,8,3,9,3,9,2,9,3,9,1,9,0,9,1,10,62,10,61,10,61,10,61,10,59,10,59,10,57,9,59,8,58,8,57,8,58,8,58,7,58,7,57,7,57,6,58,6,59,6,59,5,60,5,60,5,61,5,60,4,63,4,63,5,62,4,0,4,1,4,2,4,3,4,3,5,4,4,5,5,6,5,6,5,7,5,7,6,7,6,6,7,7,7,8,7,8,8,8,8,7,9,8,9,9,9,7,9,7,10,9,10,6,11,7,11,8,12,5,12,3,12,0,12,3,12,63,13,62,13,61,13,59,13,58,13,55,12,54,12,55,12,53,12,52,11,49,11,51,11,50,10,49,10,51,10,49,9,48,9,50,8,47,6,49,5,48,5,46,5,46,4,44,4,44,3,44,3,42,2,40,1,39,2,32,0,30,2,28,1,24,2,23,2,24,4,23,4,23,5,22,5,22,5,23,6,19,7,23,7,22,8,21,8,20,9,23,9,21,10,23,10,25,10,23,11,26,10,26,11,26,12,27,12,29,12,31,12,30,12,32,12,34,12,33,11,35,11,37,11,37,11,38,10,38,10,42,10,39,9,38,10,41,9,39,9,38,8,40,8,40,7,40,7,40,6,41,6,38,6,37,6,42,5,39,5,39,5,35,4,36,4,37,3,34,3,32,4,32,3,30,3,28,4,27,4,27,4,25,4,25,5,24,5,25,5,25,6,27,6,24,6,24,7,24,8,22,7,23,8,21,9,23,9,24,9,24,10,23,10,25,10,26,11,28,11,29,11,29,12,31,11,31,12,32,12,33,12,34,12,35,11,35,11,38,11,39,11,37,11,38,10,40,9,40,9,40,8,40,8,41,9,41,8,40,8,42,7,40,7,40,7,42,7,40,6
1759561808.758349000,00:03:7f:25:14:25,00:03:7f:25:14:25,3a:c8:97:94:99:7a,3a:c8:97:94:99:7a,6,8,5,9,6,8,5,9,5,9,4,10,5,10,3,10,5,11,2,11,3,11,2,11,1,11,1,11,0,11,62,11,61,11,60,11,60,11,58,11,57,10,57,10,57,9,57,9,56,9,56,8,54,8,55,7,56,7,55,7,56,6,57,6,56,6,57,5,58,4,57,4,60,4,61,4,61,4,62,3,2,3,1,3,3,3,4,4,4,4,4,5,6,5,8,5,7,6,8,6,6,7,9,7,7,7,7,8,7,8,6,8,7,9,6,9,5,9,5,10,6,10,4,10,4,10,5,10,4,10,1,10,3,10,1,11,63,11,0,11,62,11,62,11,60,11,60,11,59,10,60,10,59,10,56,10,58,9,57,9,56,9,56,8,57,8,58,7,57,7,59,7,58,7,59,6,60,6,59,6,60,6,61,5,61,6,60,6,62,6,61,6,62,6,59,6,63,6,63,6,62,6,62,6,62,6,0,6,63,5,63,6,3,5,2,6,3,6,1,6,5,7,5,7,5,7,7,7,5,8,6,8,7,9,9,9,6,10,5,10,8,10,6,11,6,11,4,12,3,12,4,12,1,13,62,12,62,13,56,13,58,12,58,12,57,12,57,11,55,11,54,11,54,10,52,10,52,8,52,10,52,8,53,8,54,7,51,7,56,6,52,6,55,5,57,3,56,4,58,3,56,2,59,3,59,3,1,3,4,1,1,4,6,4,8,4,11,4,7,4,6,4,10,7,8,6,7,7,11,8,8,7,4,12,10,9,8,11,8,11,6,12,6,10,62,12,58,10,62,9,61,12,57,14,62,8,57,12,58,10,56,10,52,8,59,5,58,6,50,7,54,3,57,5,15,2,18,3,58,6,11,4,18,5,14,6,16,6,17,7,20,7,14,7,18,8,18,10,12,9,15,10,13,11,16,12,13,12,14,12,11,13,12,12,6,14,12,14,9,14,63,14,62,14,57,14,55,14,55,13,53,13,51,12,49,12,53,11,54,10,52,11,51,10,53,9,52,9,51,7,52,8,54,8,55,6,53,8,55,6,54,6,54,5,55,5,55,5
1759561809.252319000,00:03:7f:25:14:25,00:03:7f:25:14:25,3a:c8:97:94:99:7a,3a:c8:97:94:99:7a,27,7,26,7,26,7,25,7,25,8,25,9,26,8,26,9,27,9,26,9,25,9,27,9,26,9,28,10,29,10,28,10,30,11,28,11,29,10,31,11,31,11,32,11,33,11,33,11,35,11,36,11,34,11,35,10,37,10,36,10,37,10,38,10,37,9,38,9,38,8,38,8,40,8,40,7,38,7,38,7,40,7,40,6,39,6,38,6,38,6,38,5,38,5,38,4,36,4,38,4,35,4,36,4,34,3,33,4,32,3,31,3,29,3,27,3,26,3,27,4,27,3,25,4,26,4,26,5,26,5,24,5,25,5,24,6,22,5,24,6,22,7,24,7,23,8,22,8,22,8,23,8,23,8,23,9,24,9,24,10,23,10,23,11,24,11,25,11,26,11,27,12,28,12,30,12,32,12,31,12,33,12,34,12,37,12,37,11,36,11,38,11,37,11,37,11,40,10,40,10,40,10,40,9,40,9,40,9,40,7,39,8,42,7,40,7,41,6,39,6,41,5,40,5,39,4,41,4,40,4,37,4,40,3,31,2,34,2,29,2,27,3,25,3,24,3,23,3,24,3,23,4,22,4,22,5,20,5,22,6,21,6,21,7,21,7,22,8,22,8,22,8,21,9,21,9,22,9,20,10,23,11,22,11,21,11,22,12,24,12,23,12,26,13,30,13,28,13,32,12,32,13,35,13,36,13,38,12,38,12,38,12,40,12,41,11,39,11,41,11,42,10,42,10,42,8,42,8,45,9,43,8,41,8,44,7,41,7,41,6,42,6,42,5,42,5,42,4,43,4,40,4,38,4,43,2,40,2,40,3,34,2,36,2,34,1,29,2,29,2,26,2,24,2,23,3,22,3,21,4,20,4,20,4,20,5,20,5,20,5,23,6,20,7,20,7,20,8,18,7,19,8,18,9,19,9,20,9,19,10,18,10,20,10,20,12,22,11,23,12,23,12,25,12,24,13,26,13,28,14,32,14,35,13,35,13,38,13,40,13,38,13,39,12,42,11,42,11,42,10,42,10,43,10,43,9,42,9,45,8,42,8,42,7,44,7,43,7
1759561810.179241000,00:03:7f:25:14:25,00:03:7f:25:14:25,3a:c8:97:94:99:7a,3a:c8:97:94:99:7a,22,8,21,8,22,8,21,9,21,10,21,11,23,10,24,11,24,11,25,11,24,12,26,12,25,13,30,13,33,13,33,13,35,13,34,13,37,13,40,12,40,11,42,11,42,11,42,10,43,10,44,10,41,10,43,9,44,8,44,8,43,7,44,7,42,7,44,6,43,5,42,5,44,5,44,4,42,4,42,3,43,3,42,3,39,2,39,2,36,2,33,1,30,1,29,1,25,2,26,2,22,3,23,3,20,3,20,4,20,4,19,4,19,5,18,6,18,6,18,7,20,7,19,8,20,8,21,8,20,9,20,10,21,10,21,11,19,11,23,11,21,12,25,12,24,13,24,13,26,13,29,14,33,13,33,13,35,13,38,13,37,13,41,12,41,12,42,11,41,11,42,10,43,10,44,9,44,9,43,8,43,8,43,7,44,7,43,7,42,6,43,6,41,6,40,5,42,4,40,4,41,4,40,3,39,3,38,3,34,3,34,2,35,2,27,2,27,2,26,2,25,3,23,3,22,4,24,4,20,4,22,5,20,5,20,7,21,7,20,7,21,8,20,9,20,9,20,9,20,10,21,10,23,11,23,12,23,12,26,12,26,12,27,13,29,13,34,13,35,13,35,12,36,12,37,12,39,12,36,12,41,11,41,11,42,10,40,10,43,9,41,9,43,8,45,7,42,7,45,6,42,6,43,6,44,5,43,4,41,4,39,4,41,2,38,3,37,2,37,2,37,2,33,1,26,2,24,2,29,2,20,2,20,3,22,3,20,3,18,4,20,4,19,5,18,6,18,6,19,6,18,7,18,8,20,7,19,8,17,9,17,10,19,10,19,10,18,11,17,11,19,11,18,12,17,12,22,13,28,14,26,13,27,14,27,14,33,14,37,14,43,13,44,13,41,12,42,12,43,12,44,12,41,12,43,11,44,10,44,10,44,9,44,9,44,9,45,8,45,8,44,8,46,6,44,7,44,6,45,5,43,5,41,4,40,4,43,3,41,3,39,3,40,3,42,2,39,2,35,2,34,2,33,2,25,1,28,2,26,1,26,2,24,3,25,3,21,3
1759561810.917960000,00:03:7f:25:14:25,00:03:7f:25:14:25,3a:c8:97:94:99:7a,3a:c8:97:94:99:7a,59,7,58,7,59,6,59,6,60,6,60,6,61,6,61,6,63,6,62,5,0,5,1,5,0,5,2,5,3,6,2,6,2,6,1,6,3,6,3,6,3,7,3,7,3,7,3,7,4,8,4,7,1,8,2,8,4,8,2,8,3,8,3,9,2,9,2,9,1,9,1,9,2,9,1,9,0,10,0,9,1,9,63,9,63,8,63,9,62,9,61,9,62,9,62,9,61,9,62,9,60,8,62,8,60,8,60,8,60,8,60,8,60,8,60,8,59,7,60,7,61,7,60,7,61,7,62,7,62,6,60,6,63,6,63,7,61,6,63,6,62,6,63,6,63,6,63,6,63,6,1,6,1,6,1,6,1,6,1,6,1,6,1,6,2,7,3,7,2,7,3,7,3,7,4,7,4,7,3,7,3,8,4,8,3,9,2,9,3,9,2,9,1,9,63,9,1,9,0,9,0,9,63,10,62,9,63,10,61,8,61,9,63,9,62,9,62,9,59,9,62,9,61,9,60,9,62,8,60,8,60,8,61,8,59,7,63,7,61,7,61,7,61,7,60,7,60,6,61,6,62,6,62,6,62,6,62,7,62,6,0,6,0,6,1,6,2,6,2,6,2,7,1,6,0,6,1,6,0,8,2,7,2,7,2,7,0,7,3,7,1,8,3,7,5,7,2,8,4,8,3,8,2,8,1,8,1,9,1,9,62,9,1,8,0,9,0,9,63,9,62,9,0,9,63,8,62,9,1,8,62,9,59,9,63,9,61,10,61,9,61,9,62,8,61,8,60,8,62,8,60,8,60,8,0,7,62,8,60,8,60,7,61,7,62,7,61,7,59,7,61,7,60,7,61,6,62,6,61,7,62,7,60,7,63,6,0,6,0,6,2,6,2,6,1,6,1,7,63,7,1,6,1,7,1,7,1,7,2,7,1,7,2,7,1,7,4,7,4,7,2,7,3,7,2,8,3,8,2,8,1,9,0,8,0,9,1,9,2,9,1,9,0,10,1,9,0,9,62,9,0,9,0,9,63,9,60,10,63,10,62,10,61,9,62,9,60,9
1759561811.436127000,00:03:7f:25:14:25,00:03:7f:25:14:25,3a:c8:97:94:99:7a,3a:c8:97:94:99:7a,55,7,54,7,56,6,55,6,56,5,56,6,57,5,57,5,59,4,58,4,61,4,61,3,61,3,63,3,1,4,1,4,3,4,1,4,4,4,5,4,5,5,6,5,6,5,6,6,6,6,7,6,5,7,6,7,7,7,6,8,7,8,7,8,6,9,6,9,5,9,5,10,5,10,5,10,4,11,3,11,4,11,2,11,1,10,1,11,63,11,61,11,61,11,62,11,60,11,61,10,58,10,60,9,58,10,57,10,58,9,58,9,57,9,56,9,55,8,57,8,58,7,56,7,57,7,57,6,58,6,57,6,59,5,59,6,58,5,60,5,60,5,61,5,61,5,61,4,62,4,0,4,1,4,1,4,2,4,2,4,2,4,3,5,4,5,5,5,5,6,5,6,5,6,7,6,7,6,6,7,6,7,7,8,6,9,6,8,6,9,5,9,4,9,1,9,4,9,3,10,2,10,2,10,1,10,2,11,63,10,62,11,1,10,62,11,62,11,60,11,61,10,60,10,59,10,60,10,59,9,57,9,60,9,58,7,60,8,58,7,58,7,57,7,56,7,57,6,58,6,58,6,59,6,59,6,60,6,59,5,61,5,61,5,62,5,0,4,1,4,1,5,1,4,0,4,1,4,1,6,2,5,3,5,4,5,2,6,5,6,3,6,6,6,7,6,5,7,7,7,6,7,6,8,5,8,5,9,5,9,2,9,4,9,4,10,4,10,3,10,2,10,3,11,1,10,63,10,2,10,63,10,60,11,63,11,61,11,61,11,60,10,60,10,58,10,58,9,60,9,57,9,57,9,61,8,58,9,58,8,56,8,57,8,59,7,58,7,55,7,57,6,57,6,57,5,59,5,58,6,60,6,57,5,61,5,62,5,62,4,1,4,2,4,2,4,2,5,0,5,2,5,3,6,3,5,4,5,5,6,3,6,5,6,4,7,7,6,7,7,5,7,6,7,5,8,6,8,6,8,4,9,3,9,2,10,3,10,4,10,3,10,1,11,2,10,1,11,62,10,63,11,0,11,62,11,59,11,62,11,61,11,60,10,60,10,58,10
1759561811.907529000,00:03:7f:25:14:25,00:03:7f:25:14:25,3a:c8:97:94:99:7a,3a:c8:97:94:99:7a,59,11,57,11,58,10,57,10,57,9,57,9,57,9,56,8,58,8,56,8,57,8,58,7,57,7,58,6,59,6,58,6,59,6,58,6,59,5,59,5,60,5,61,5,61,5,62,5,63,5,0,4,62,5,63,4,1,4,1,5,2,5,3,5,3,5,3,6,3,6,4,6,5,6,6,6,5,7,5,7,6,7,5,7,5,7,6,8,4,8,4,9,5,9,6,9,5,9,5,10,3,10,5,10,3,10,2,11,2,11,1,10,1,11,0,11,61,11,62,11,62,11,61,11,60,11,60,10,60,10,58,10,60,9,59,10,57,9,57,9,57,8,57,8,57,8,57,8,56,7,57,7,58,6,57,6,58,6,58,5,57,5,58,5,59,4,61,4,61,4,63,4,62,4,1,4,2,4,1,4,2,4,5,4,4,5,3,5,6,6,5,6,5,6,3,6,6,6,6,7,6,7,6,8,5,8,6,9,4,8,5,9,7,9,5,10,5,10,3,10,5,11,3,11,2,11,3,11,0,11,62,11,0,11,61,10,60,10,58,10,58,10,58,10,56,10,56,9,56,9,56,8,56,8,56,7,57,7,55,7,57,6,57,6,58,6,59,5,59,5,60,5,59,5,58,4,59,3,60,5,61,4,62,4,0,4,63,4,2,4,1,4,4,4,6,4,4,5,6,5,7,5,6,6,5,6,6,7,6,7,4,8,6,7,6,8,7,8,5,9,5,9,6,10,4,9,3,10,6,10,3,10,0,11,3,11,2,12,0,11,0,11,0,11,61,11,60,11,62,10,59,11,58,10,62,9,59,10,58,10,56,9,57,9,59,8,58,8,55,8,57,8,56,8,56,7,58,6,56,7,58,7,56,6,59,5,60,6,60,5,62,5,63,5,62,5,63,5,61,5,63,4,0,6,0,5,1,5,2,5,1,5,3,5,2,6,5,5,5,6,3,6,5,6,4,7,5,7,5,7,4,8,3,8,2,8,4,8,5,8,4,9,2,9,3,9,2,10,1,9,2,10,3,10,1,10,62,11,1,10,0,10,63,10,0,10,61,10
1759561812.306477000,00:03:7f:25:14:25,00:03:7f:25:14:25,3a:c8:97:94:99:7a,3a:c8:97:94:99:7a,59,8,58,8,59,7,59,7,59,7,59,7,60,7,59,7,61,7,60,6,62,6,62,6,61,6,63,5,0,6,63,6,0,6,63,6,1,5,1,6,1,6,2,6,2,6,2,6,3,7,3,6,1,7,2,7,4,7,2,7,4,7,4,8,3,8,3,8,3,8,2,8,3,8,3,9,2,9,1,9,3,9,1,9,0,8,1,9,63,9,63,10,63,10,0,9,62,10,63,9,61,9,63,9,61,9,60,9,61,9,60,8,60,9,60,9,59,8,59,8,61,8,59,8,60,8,60,7,61,7,59,7,61,6,61,7,60,6,61,6,61,6,62,6,62,6,62,6,62,6,63,6,0,5,63,6,0,6,0,6,0,5,1,6,1,6,2,6,2,6,3,7,2,7,4,7,4,7,3,7,3,7,4,8,3,8,3,8,4,9,2,8,2,9,63,9,2,8,1,9,1,9,0,9,0,9,0,10,62,8,62,9,1,9,63,9,62,9,61,9,63,9,62,9,61,9,63,9,61,9,60,8,62,9,61,8,61,7,60,7,61,7,60,7,59,7,60,7,60,7,61,7,61,7,61,7,62,7,61,6,62,6,63,7,63,7,1,6,0,6,1,7,0,6,63,6,0,5,63,7,0,7,1,7,1,6,0,7,2,6,0,7,3,7,4,6,1,7,3,7,3,7,2,8,2,8,2,8,2,8,63,9,2,8,2,8,1,9,0,9,0,9,1,9,63,8,63,9,2,8,63,9,60,10,0,9,62,10,62,9,62,9,62,9,61,9,60,9,62,8,60,9,60,8,0,8,62,8,61,8,59,8,61,7,62,7,61,7,59,7,60,7,59,7,60,6,62,6,60,7,62,7,60,7,62,6,63,6,63,6,1,6,1,6,0,6,0,6,63,6,0,6,0,7,0,7,1,7,1,7,0,7,2,7,1,7,3,7,3,7,1,7,3,7,1,8,2,8,2,8,1,8,1,8,0,8,2,8,2,8,1,9,63,9,1,8,0,9,63,8,0,9,1,9,63,9,61,9,0,9,63,9,62,9,63,9,61,9
1759561812.720906000,00:03:7f:25:14:25,00:03:7f:25:14:25,3a:c8:97:94:99:7a,3a:c8:97:94:99:7a,58,9,56,9,58,8,58,8,57,7,58,8,58,7,58,7,59,7,58,6,60,6,60,5,59,5,61,5,62,5,62,5,62,6,62,5,63,5,63,5,0,5,1,5,2,5,2,5,2,6,3,5,2,6,2,6,4,6,3,7,4,7,5,7,4,8,4,7,4,7,3,8,5,8,5,8,4,9,3,9,5,9,3,9,2,8,3,9,1,9,1,10,1,10,2,10,0,10,1,10,62,10,0,9,62,10,61,10,62,10,61,9,61,10,60,9,59,9,59,9,61,9,59,9,59,9,60,8,60,8,58,7,60,7,60,8,58,7,60,7,59,7,60,7,60,7,60,6,59,6,61,6,62,5,61,6,62,5,62,5,62,5,63,5,63,5,1,5,1,5,2,6,1,6,3,6,4,5,3,6,3,6,5,6,4,7,4,7,5,8,3,7,3,8,1,8,4,8,3,8,3,8,2,9,2,9,3,9,1,8,1,9,3,9,1,10,1,10,63,10,0,10,63,10,62,10,0,10,62,9,61,10,62,9,59,8,62,8,60,8,59,8,59,8,58,9,59,8,59,7,59,7,59,7,59,7,59,7,59,7,60,6,61,6,61,6,63,6,63,6,63,6,62,6,61,5,62,5,62,6,63,6,0,5,1,6,63,6,2,6,0,6,3,6,5,5,2,6,4,6,4,6,3,7,3,7,3,8,3,7,1,8,3,8,3,8,3,8,2,9,2,9,3,9,1,8,1,9,3,9,1,9,62,10,1,10,0,10,63,10,63,10,0,9,61,9,61,9,63,9,61,10,60,9,0,8,61,9,60,9,59,8,60,8,61,8,60,8,58,8,59,8,58,8,59,7,60,7,59,7,60,7,58,7,61,6,61,6,61,6,63,6,63,6,63,6,63,6,62,6,63,6,63,7,63,6,0,6,0,6,0,6,1,6,0,6,3,6,3,6,1,7,3,7,2,7,3,7,3,7,1,8,1,7,0,8,2,8,3,8,2,8,0,9,2,8,2,9,0,8,1,9,2,9,1,9,62,9,1,9,1,9,0,9,0,9,63,9
1759561813.756156000,00:03:7f:25:14:25,00:03:7f:25:14:25,3a:c8:97:94:99:7a,3a:c8:97:94:99:7a,59,10,57,10,59,9,58,9,57,9,57,9,57,8,57,8,58,8,57,7,59,7,59,6,58,6,59,6,60,6,59,6,60,6,59,6,61,5,61,5,62,5,63,5,63,5,0,5,1,5,2,4,0,5,1,5,3,5,2,6,4,6,5,6,4,6,4,6,4,7,4,7,5,7,6,7,5,8,4,8,6,8,5,8,4,8,5,9,3,9,3,10,3,10,4,10,2,10,3,10,0,10,2,10,0,10,63,11,63,10,62,10,62,11,60,11,59,10,59,10,60,10,59,10,58,9,59,9,59,8,57,8,59,8,58,8,57,8,58,7,57,7,58,7,58,6,58,7,58,6,59,6,60,5,59,5,60,5,60,5,60,4,62,4,62,4,0,4,0,4,2,5,1,5,3,5,4,5,3,5,4,5,6,5,5,6,5,6,6,7,5,7,4,7,3,7,6,7,5,8,5,8,5,9,4,9,5,9,2,9,3,9,5,10,3,10,2,11,1,10,2,11,1,11,0,11,1,10,62,11,61,11,61,11,59,10,60,9,58,9,59,9,58,9,56,9,56,8,56,8,57,8,57,7,57,7,58,7,56,6,58,6,59,6,59,6,60,5,61,5,61,5,61,5,60,4,61,4,62,5,63,4,0,4,1,4,0,5,3,5,1,5,4,5,6,4,4,6,6,5,6,6,5,6,5,6,5,7,6,7,3,8,6,8,6,8,6,9,5,9,4,9,5,10,3,9,3,10,5,10,3,10,0,11,3,11,1,11,0,11,0,11,63,11,61,11,60,11,62,10,59,11,58,10,62,9,60,10,59,10,56,9,58,9,59,9,58,8,55,8,57,8,56,8,56,7,57,7,56,7,58,7,56,6,59,5,59,6,59,5,61,5,62,5,62,5,62,5,61,5,62,4,63,5,63,5,0,5,2,5,1,5,3,5,2,5,5,5,5,5,4,6,5,6,5,7,6,6,5,7,4,8,4,8,4,8,6,8,6,8,5,9,4,9,5,9,4,10,2,9,3,10,4,10,2,11,63,11,2,11,1,11,63,11,0,11,61,11
1759561814.340189000,00:03:7f:25:14:25,00:03:7f:25:14:25,3a:c8:97:94:99:7a,3a:c8:97:94:99:7a,57,8,55,8,57,7,56,7,57,7,57,7,57,6,57,6,59,6,58,6,59,6,60,5,59,5,61,4,62,5,62,5,63,5,62,5,0,4,1,5,1,5,3,5,2,5,3,5,3,6,4,5,3,6,3,6,5,6,4,7,5,7,6,7,5,8,5,8,4,8,4,8,5,8,5,9,4,9,3,9,5,9,3,9,2,9,3,9,1,10,1,10,1,10,2,10,0,10,1,10,62,10,63,9,62,10,61,10,61,10,61,9,61,10,60,10,58,9,59,9,60,9,58,9,59,9,59,8,60,8,58,8,60,7,60,8,58,7,59,7,59,7,60,7,59,6,59,6,59,6,61,5,61,5,61,5,62,5,62,5,61,5,63,5,63,5,1,5,1,5,2,5,2,6,3,5,4,5,3,5,3,6,5,6,4,7,4,7,5,7,4,7,3,7,2,7,4,8,4,8,3,8,3,9,3,9,3,9,1,8,2,9,4,9,2,10,2,10,0,10,1,10,0,10,63,10,1,10,61,10,62,10,61,10,60,9,61,9,59,8,60,9,59,9,57,9,58,8,58,8,58,8,58,7,58,7,59,7,58,7,59,6,60,7,60,6,62,5,61,6,62,6,61,5,60,5,61,5,61,6,62,5,63,5,0,5,63,6,2,5,0,6,3,5,5,5,2,6,4,6,5,6,4,6,3,6,4,7,5,7,2,8,4,7,5,8,4,8,4,8,3,9,4,9,2,8,2,9,5,9,2,10,0,10,3,10,1,11,1,10,1,10,0,10,62,10,61,10,63,10,61,10,60,10,63,9,61,10,60,10,58,9,59,9,60,9,59,9,56,9,58,8,57,8,57,7,58,7,57,7,58,7,56,7,59,6,59,6,59,6,61,5,62,5,61,5,61,5,60,5,61,5,62,6,62,5,63,5,1,5,0,5,2,5,1,5,4,5,4,5,2,5,4,6,4,6,5,6,5,6,4,7,4,7,3,8,5,8,6,8,5,8,3,9,5,8,4,9,2,9,4,10,4,10,3,10,0,10,3,10,3,10,1,10,2,10,63,11
1759561814.738387000,00:03:7f:25:14:25,00:03:7f:25:14:25,3a:c8:97:94:99:7a,3a:c8:97:94:99:7a,58,9,56,9,58,8,57,8,57,8,57,8,58,7,57,7,59,7,57,6,59,6,60,6,58,6,60,5,61,5,61,5,62,5,61,5,63,4,63,5,0,5,1,5,1,5,2,5,3,5,4,5,2,6,3,6,5,6,4,6,5,6,6,7,5,8,5,7,5,8,4,8,5,8,5,8,5,9,4,9,5,9,4,9,3,9,4,10,1,10,1,10,1,10,2,10,0,11,0,10,62,10,0,10,62,10,61,10,61,10,60,9,60,10,59,10,58,9,58,9,59,9,58,9,58,8,59,8,59,7,58,7,60,7,59,8,58,7,59,7,59,6,60,6,60,6,60,6,60,5,61,5,62,5,62,5,63,5,63,5,63,5,0,5,1,5,2,5,2,5,3,6,3,6,5,6,5,6,4,6,4,7,6,7,5,7,4,7,5,8,4,8,4,8,1,8,4,8,3,9,3,9,3,9,2,9,2,10,0,9,0,10,2,10,0,10,0,10,61,10,63,10,62,10,61,10,63,10,61,9,60,10,60,9,58,8,61,8,60,8,59,8,58,8,57,8,58,7,58,7,59,7,59,6,59,6,60,6,59,6,60,6,61,6,62,6,63,5,63,5,0,6,63,5,62,5,0,5,63,7,0,6,1,6,1,6,0,6,3,6,1,6,4,6,5,6,3,7,5,7,5,7,4,7,3,7,3,8,4,8,0,9,3,8,3,8,3,9,2,9,1,9,2,10,0,9,0,9,3,9,0,9,61,10,1,9,62,10,62,10,62,10,62,9,61,9,61,9,63,9,60,9,59,9,63,8,61,9,60,9,59,8,60,8,61,8,60,8,58,8,59,7,59,7,59,7,60,7,59,7,61,7,59,7,61,6,62,6,62,6,0,6,0,6,63,6,0,6,62,6,0,6,0,7,63,6,0,6,1,6,0,6,2,6,1,6,3,6,3,6,2,7,3,7,2,7,3,7,3,7,2,8,2,8,0,8,3,8,3,8,2,9,1,9,2,8,1,9,0,8,1,9,2,9,0,9,62,10,1,9,0,9,63,9,63,9,61,10
1759561815.263146000,00:03:7f:25:14:25,00:03:7f:25:14:25,3a:c8:97:94:99:7a,3a:c8:97:94:99:7a,57,9,55,9,56,8,56,8,56,7,56,8,57,7,56,7,58,6,56,6,58,6,59,5,58,5,59,5,61,5,61,5,62,5,61,5,63,4,63,4,1,4,2,5,2,4,2,5,3,5,4,5,2,6,4,5,5,6,4,6,6,6,6,6,5,7,5,7,5,8,5,8,6,8,6,8,5,9,4,9,5,9,4,9,3,9,4,10,2,10,2,10,1,10,2,10,0,11,1,10,62,10,0,10,62,10,61,11,61,10,60,9,60,10,59,10,58,10,59,9,59,9,58,9,58,9,59,8,59,8,57,7,60,7,59,8,57,7,59,7,58,6,59,6,59,6,59,6,59,6,60,5,61,5,61,5,62,5,62,5,62,5,63,5,0,5,1,5,1,5,2,5,2,5,4,5,5,5,3,6,3,6,5,6,5,7,4,7,5,8,4,7,4,8,2,8,4,8,4,8,3,8,3,9,2,9,4,9,2,8,2,9,4,9,2,10,2,10,0,10,1,10,0,11,63,10,1,10,62,10,62,10,61,10,59,10,62,9,60,9,59,9,58,9,57,9,57,8,58,8,58,8,58,7,58,7,58,7,57,7,59,6,59,6,59,6,61,5,60,5,61,5,60,5,59,5,60,4,61,6,62,5,63,5,0,5,62,5,1,5,0,5,3,5,5,4,3,5,5,5,5,5,5,6,4,6,5,7,6,7,3,8,5,7,6,8,5,8,5,8,4,9,5,9,4,9,3,9,6,9,4,10,1,10,4,10,2,11,1,11,1,11,1,11,62,11,62,11,63,10,61,11,60,11,63,10,60,11,60,10,57,10,58,10,59,9,58,9,55,9,57,8,56,8,56,8,57,7,56,7,57,7,55,7,58,6,58,6,58,6,60,5,60,5,60,5,61,5,60,5,61,4,62,5,62,4,0,4,1,4,0,5,2,4,1,5,5,4,5,5,3,5,5,5,5,6,6,6,6,6,5,7,5,7,4,8,6,8,7,8,6,9,4,9,6,9,5,10,3,9,4,10,5,10,3,10,1,11,3,11,2,11,1,11,1,11,62,11
1759561815.774699000,00:03:7f:25:14:25,00:03:7f:25:14:25,3a:c8:97:94:99:7a,3a:c8:97:94:99:7a,56,9,55,9,56,9,55,8,55,8,55,8,56,7,55,7,57,7,56,6,58,6,58,5,57,5,58,5,60,5,60,5,61,5,60,5,62,4,63,4,63,4,1,4,2,4,2,4,3,5,4,4,2,5,3,5,5,5,4,6,5,6,6,6,5,7,6,7,5,7,5,7,6,8,7,8,6,9,5,9,6,9,5,9,4,9,5,10,3,10,2,10,2,10,3,10,1,11,2,11,63,10,0,10,62,10,61,11,61,10,61,10,60,11,59,10,58,10,58,9,59,9,58,9,58,9,58,8,59,8,57,8,59,7,59,8,57,7,58,7,58,6,59,7,59,6,59,6,58,5,60,5,61,5,60,5,62,5,62,5,61,4,63,4,0,5,2,5,1,5,3,5,2,5,4,5,5,5,4,6,4,6,6,6,5,7,5,7,6,8,5,7,4,8,2,8,5,8,4,9,4,9,4,9,3,9,4,10,1,9,1,10,4,10,1,10,1,11,63,10,1,10,63,10,62,10,0,10,61,10,60,10,61,10,58,9,61,9,59,8,59,9,58,9,57,9,57,8,58,8,58,7,58,7,58,7,59,7,57,6,59,6,60,6,60,6,62,5,62,5,62,5,61,5,60,5,61,4,62,6,63,5,0,5,1,5,63,5,2,5,0,5,3,5,6,4,3,6,5,6,5,6,4,6,4,6,5,7,5,7,2,8,5,8,5,8,5,8,4,9,3,9,5,9,3,9,3,9,5,9,3,10,0,11,3,10,1,11,1,11,0,10,0,10,62,10,61,10,63,10,60,10,59,10,63,10,61,10,59,10,57,10,58,9,59,9,58,9,56,9,57,8,56,8,56,7,57,7,56,7,58,7,55,7,58,6,58,6,59,6,61,5,61,5,61,5,61,5,60,5,62,4,62,5,63,5,0,4,1,5,1,5,2,5,2,5,5,5,5,5,4,5,6,6,5,6,6,6,6,7,5,7,5,7,4,8,6,8,7,8,6,9,4,9,5,9,5,10,3,9,4,10,4,10,2,10,0,11,3,11,2,11,0,11,0,11,61,11
1759561816.834574000,00:03:7f:25:14:25,00:03:7f:25:14:25,3a:c8:97:94:99:7a,3a:c8:97:94:99:7a,55,10,54,9,55,8,55,8,55,8,55,8,55,7,55,7,56,6,55,6,57,6,58,5,57,5,58,4,60,5,60,4,61,4,60,4,62,4,63,4,0,4,2,4,2,4,3,4,4,5,5,4,3,5,4,5,6,5,5,6,6,6,7,6,6,7,6,7,6,8,5,8,7,8,6,9,6,9,5,9,6,9,4,9,4,9,4,10,2,10,2,10,1,11,2,11,0,11,0,11,62,10,63,10,61,10,60,11,60,10,60,10,60,10,59,10,57,9,58,9,59,9,58,9,58,9,58,8,59,8,57,7,59,7,59,8,57,7,59,7,58,6,59,6,59,6,59,6,59,5,61,5,62,5,61,5,62,5,62,5,62,5,0,5,0,5,2,5,2,5,3,5,3,5,4,5,5,6,4,6,4,6,6,6,5,7,4,7,6,8,4,8,4,8,2,8,5,8,4,9,3,9,3,9,3,9,3,10,1,9,1,10,4,10,2,10,1,10,63,10,1,10,63,10,62,10,0,10,62,10,60,10,62,10,60,9,61,9,59,9,59,9,58,9,57,9,57,8,58,8,58,8,58,7,58,7,59,7,57,7,59,6,60,7,60,6,61,5,61,5,61,5,61,5,60,5,61,4,61,6,62,5,63,5,0,5,63,5,2,5,0,5,3,5,5,4,3,5,5,5,5,6,5,6,4,6,5,7,5,7,3,8,5,7,5,8,6,8,4,8,4,9,5,9,3,9,3,9,6,9,3,10,1,11,4,10,2,11,1,11,1,11,1,11,62,11,61,11,63,10,61,11,60,11,63,10,60,11,59,10,57,10,58,10,59,9,58,9,55,9,57,8,56,8,56,8,57,7,56,7,58,7,55,7,58,6,58,6,58,6,60,5,61,5,60,5,61,5,60,5,61,4,62,5,62,4,0,4,1,4,1,5,2,5,2,5,5,4,5,5,4,5,5,5,5,6,6,6,6,6,5,7,5,7,4,8,6,8,7,8,6,9,5,9,6,9,5,10,3,9,4,10,5,10,3,11,1,11,3,11,2,11,0,11,0,11,62,11
1759561817.366387000,00:03:7f:25:14:25,00:03:7f:25:14:25,3a:c8:97:94:99:7a,3a:c8:97:94:99:7a,59,8,58,9,59,8,58,8,58,7,58,8,59,7,58,7,60,7,59,6,61,6,61,6,60,6,61,6,63,6,62,6,63,6,61,6,0,5,0,6,0,5,1,6,1,5,2,6,2,6,3,5,0,6,2,6,3,6,2,7,3,7,4,7,3,8,3,8,3,8,3,8,4,8,4,8,3,8,2,8,4,8,3,8,2,8,3,9,1,9,1,9,1,10,1,9,0,10,1,10,62,9,1,9,63,9,62,10,62,9,62,9,61,10,60,10,59,9,60,9,61,9,60,9,60,8,61,8,61,8,59,8,61,7,60,8,59,7,60,7,60,7,60,7,60,7,60,7,60,6,61,6,62,6,61,6,63,6,62,5,62,5,63,6,63,6,0,5,0,5,1,6,1,6,3,6,3,6,2,6,2,6,4,6,4,7,3,7,4,8,3,7,2,8,0,8,3,8,3,8,3,8,3,9,1,8,3,9,1,8,0,9,4,9,2,9,1,10,62,10,1,10,0,10,63,10,1,10,62,10,61,10,62,10,60,9,61,9,60,8,60,9,59,9,57,9,58,8,58,8,58,8,59,7,58,7,59,7,58,6,60,6,60,6,60,6,62,5,62,5,63,6,62,5,61,5,62,4,62,6,63,6,0,5,1,5,63,6,3,5,0,6,3,5,5,5,2,6,5,6,4,6,4,7,3,7,4,8,4,7,1,8,4,8,4,8,3,8,3,9,2,9,3,10,2,9,1,9,4,9,2,10,62,10,2,10,0,11,63,10,63,10,63,10,61,10,60,10,62,9,60,10,59,9,63,9,61,9,59,9,58,9,59,8,61,8,59,8,57,8,58,7,57,7,58,7,59,7,58,7,60,7,57,6,60,6,61,6,61,6,63,5,63,5,63,5,0,5,62,5,0,5,0,6,0,6,1,6,1,6,1,6,2,6,1,6,4,6,4,6,3,7,4,7,3,7,5,7,4,7,3,8,2,8,2,9,3,8,4,8,3,9,2,9,3,9,2,10,0,9,1,10,2,10,0,10,62,10,1,10,63,10,63,10,63,10,60,10
1759561817.884589000,00:03:7f:25:14:25,00:03:7f:25:14:25,3a:c8:97:94:99:7a,3a:c8:97:94:99:7a,56,9,55,9,57,8,56,8,55,8,56,8,56,7,56,7,58,7,56,6,58,6,58,5,57,5,59,5,60,5,60,5,61,5,60,5,62,4,63,4,0,4,1,4,2,5,2,5,3,5,4,4,2,5,3,5,5,5,4,6,5,6,6,6,5,7,5,7,5,7,5,7,6,8,6,8,5,9,4,8,6,9,5,9,4,8,4,9,2,10,2,10,2,10,3,10,1,10,2,10,63,10,1,10,63,10,62,11,62,10,61,10,61,10,60,10,58,10,59,10,60,9,58,9,58,9,59,9,59,8,57,8,59,8,59,8,57,8,58,7,58,7,58,7,58,7,58,6,58,6,59,6,60,5,59,5,61,5,60,5,60,5,62,5,63,5,0,4,0,5,1,5,1,5,3,5,4,5,3,5,4,5,5,5,5,6,4,6,6,7,5,7,4,7,3,7,6,7,5,8,5,8,4,9,4,9,5,9,2,8,3,9,5,10,3,10,3,11,1,10,2,11,1,11,0,10,1,10,62,10,62,10,61,11,59,10,60,9,58,9,59,9,58,9,56,9,56,8,56,8,57,8,57,7,57,7,58,7,56,7,58,6,58,6,59,6,60,5,60,5,61,5,60,5,59,4,60,4,61,5,62,4,0,4,0,4,63,5,2,4,1,5,4,5,6,4,4,5,6,5,6,6,6,6,5,6,6,7,6,7,3,8,6,8,6,8,6,8,5,9,5,9,6,10,3,9,3,10,6,10,3,10,0,11,3,11,1,11,1,11,0,11,0,11,61,11,60,11,62,10,60,11,58,10,62,10,60,10,59,10,56,9,57,9,59,9,57,8,55,9,57,8,56,8,56,7,57,7,56,7,58,7,55,6,58,6,58,6,59,5,61,4,62,4,61,5,62,5,61,5,63,4,63,5,63,5,1,4,2,5,1,5,3,5,2,5,5,5,6,5,4,6,6,6,5,7,6,7,6,7,5,8,5,8,4,8,6,8,7,8,5,9,4,10,5,9,5,10,2,10,4,10,4,10,2,11,0,11,2,11,1,11,0,11,0,11,61,11
1759561818.340459000,00:03:7f:25:14:25,00:03:7f:25:14:25,3a:c8:97:94:99:7a,3a:c8:97:94:99:7a,56,9,55,9,56,8,55,8,55,8,55,8,56,7,55,7,57,7,56,6,58,6,58,5,57,5,59,5,60,5,60,5,61,5,60,5,62,4,63,4,0,4,1,4,1,4,2,4,3,5,4,4,2,5,3,5,5,5,4,6,5,6,6,6,5,7,5,7,5,7,5,7,6,8,6,8,6,8,5,8,6,9,5,9,4,9,4,9,3,10,2,10,2,10,3,10,1,11,2,10,63,10,1,10,63,10,62,11,61,10,61,10,61,11,60,10,58,10,59,10,60,9,58,9,58,9,59,9,59,8,57,8,59,8,59,8,57,7,58,7,58,7,58,7,58,6,58,6,58,6,59,6,60,5,59,5,61,5,61,5,60,5,62,5,63,5,0,4,0,5,2,5,2,5,3,5,4,5,3,5,4,5,6,6,5,6,4,6,6,7,5,7,4,7,3,7,5,8,5,8,5,8,4,9,4,9,5,9,3,9,3,10,5,10,3,10,3,10,0,10,2,11,0,11,63,11,1,11,63,10,61,11,62,10,58,9,61,10,59,9,58,9,57,9,56,9,56,8,57,8,57,8,57,7,57,7,57,7,56,6,58,6,59,6,59,6,60,5,60,5,61,5,60,5,59,4,61,4,61,5,63,4,0,4,1,4,63,5,3,4,1,5,4,5,6,4,4,6,6,5,6,6,6,6,5,6,6,7,6,7,3,8,6,8,6,8,6,8,5,9,4,9,5,10,3,9,3,10,6,10,3,10,0,11,3,11,1,11,0,11,0,11,63,11,61,11,60,11,62,10,59,10,58,10,62,9,60,10,59,10,57,9,57,9,59,9,57,8,55,8,57,8,56,8,56,7,57,7,56,7,58,7,55,6,59,6,59,6,59,5,61,5,62,5,62,5,62,4,61,5,63,4,63,5,0,5,1,5,2,5,1,5,3,5,3,5,5,5,5,5,4,6,6,6,5,7,6,7,6,7,5,8,5,8,4,8,6,8,6,8,6,9,4,10,5,9,4,10,2,10,3,11,4,10,2,11,63,11,2,11,1,11,63,11,63,11,60,11
1759561818.786617000,00:03:7f:25:14:25,00:03:7f:25:14:25,3a:c8:97:94:99:7a,3a:c8:97:94:99:7a,56,9,55,9,56,8,55,8,56,8,55,8,56,7,56,7,57,7,56,6,58,6,59,5,57,5,59,5,60,5,60,5,61,5,60,5,62,4,63,4,0,4,1,4,1,4,2,4,3,5,4,4,2,5,3,5,5,5,4,6,5,6,6,6,5,7,5,7,5,7,5,8,6,8,6,8,5,9,5,8,6,9,4,9,4,9,4,10,2,10,2,10,2,10,3,10,1,11,1,10,63,10,1,10,63,10,62,11,61,10,61,10,60,11,59,10,58,10,59,9,60,9,58,9,58,9,59,9,59,8,57,8,59,8,58,8,57,7,58,7,58,7,58,7,58,6,58,6,58,6,59,6,60,5,60,5,61,5,61,5,60,5,62,5,63,5,0,4,0,5,2,5,2,5,3,5,4,5,3,5,4,5,6,6,5,6,4,6,6,7,5,7,4,7,3,7,6,8,5,8,5,8,5,8,4,9,4,9,2,8,2,10,5,10,3,10,3,10,0,10,2,11,0,11,0,11,1,10,62,10,61,10,62,11,59,10,60,9,58,9,58,9,58,9,56,9,56,8,57,8,57,8,57,7,57,7,58,7,56,6,58,6,59,6,59,6,60,5,60,5,61,5,61,5,60,4,61,4,61,5,62,4,0,4,1,4,0,5,3,4,1,5,4,5,6,4,4,6,6,5,6,6,5,6,5,6,6,7,6,7,3,8,6,8,5,8,6,8,5,9,4,9,5,10,3,9,3,10,6,10,3,10,0,11,3,11,1,11,0,11,63,11,63,11,61,11,61,11,62,10,60,11,58,10,62,10,60,10,59,10,56,9,58,9,59,9,58,8,55,9,57,8,55,8,56,7,57,7,56,7,58,7,55,6,58,6,59,6,59,6,60,5,61,5,61,5,62,4,61,5,62,4,63,5,63,5,0,4,1,5,1,5,3,4,3,5,5,5,5,5,4,6,6,6,5,7,6,6,6,7,5,8,5,8,4,8,6,8,6,8,6,9,4,9,6,9,4,10,3,10,4,10,4,10,3,11,0,11,3,11,1,11,63,11,0,11,61,11
1759561819.184463000,00:03:7f:25:14:25,00:03:7f:25:14:25,3a:c8:97:94:99:7a,3a:c8:97:94:99:7a,56,9,55,9,56,8,55,8,55,8,55,8,56,7,55,7,57,7,56,6,57,6,59,5,57,5,59,5,60,5,60,5,61,5,60,5,63,4,63,4,0,4,1,4,2,4,2,4,3,5,4,5,2,5,3,5,5,5,4,6,5,6,6,6,5,7,5,7,5,7,5,7,6,8,6,8,5,8,4,8,6,9,4,9,4,9,4,9,3,10,2,10,2,10,3,10,1,10,1,10,63,10,1,10,63,10,62,11,62,10,61,10,61,11,60,10,58,10,59,10,60,9,58,9,58,9,59,9,59,8,57,8,59,8,59,8,57,7,59,7,58,7,59,7,58,6,58,6,58,6,59,6,60,5,60,5,61,5,61,5,60,5,62,5,63,5,0,4,0,5,2,5,1,5,3,5,4,5,3,5,4,5,5,6,5,6,4,6,6,7,5,7,5,7,2,7,5,7,5,8,4,8,4,9,4,9,5,9,2,9,2,10,5,9,3,10,2,11,0,10,2,11,0,11,63,11,1,11,62,10,61,11,62,10,59,9,60,10,58,9,58,9,57,9,56,9,56,8,57,8,57,8,57,7,57,7,58,7,56,6,58,6,59,6,59,6,60,5,61,5,61,5,61,5,59,4,61,4,62,5,63,5,0,4,1,4,0,5,3,4,1,5,4,5,6,4,4,5,6,5,6,6,5,6,5,6,6,7,6,7,3,8,6,7,6,8,6,8,5,9,4,9,5,10,3,9,3,10,6,10,3,10,0,11,3,11,1,11,0,11,0,11,0,11,61,11,60,11,62,10,59,11,58,10,62,10,59,10,59,10,56,10,58,9,59,9,58,9,55,9,56,8,55,8,56,7,57,7,56,7,58,7,55,6,58,6,59,6,58,5,60,5,61,5,61,4,62,4,60,5,63,4,63,5,63,4,1,4,2,4,1,5,3,5,3,5,5,5,6,5,4,6,6,6,5,7,7,6,6,7,5,8,5,8,4,9,6,8,7,8,6,9,4,10,5,9,4,10,2,10,4,10,4,10,2,11,0,11,3,11,1,11,63,11,63,11,61,11
1759561819.691930000,00:03:7f:25:14:25,00:03:7f:25:14:25,3a:c8:97:94:99:7a,3a:c8:97:94:99:7a,57,9,55,9,56,8,56,8,56,8,56,8,57,7,55,7,57,6,56,6,58,6,59,5,57,5,59,5,61,5,60,5,61,5,60,5,62,4,63,4,63,4,1,4,1,5,2,5,3,5,4,4,2,5,3,5,5,5,4,6,5,6,6,6,5,7,5,7,5,7,5,7,6,8,6,8,5,8,4,8,6,9,5,9,4,9,5,10,3,10,2,10,2,10,3,10,1,11,2,10,63,10,1,10,63,10,62,11,62,10,61,10,61,11,60,10,58,10,59,10,60,9,58,9,59,9,59,9,59,8,57,8,59,8,59,8,57,7,58,7,58,7,59,7,58,6,58,6,58,6,59,6,60,5,60,5,61,5,61,5,60,4,62,5,62,5,1,4,0,5,2,5,1,5,4,5,4,5,3,5,4,6,6,5,5,6,5,6,6,7,5,7,4,7,3,8,5,8,5,8,5,8,4,9,4,9,4,10,2,9,3,10,5,10,3,10,2,10,0,10,2,11,0,11,63,11,1,11,62,10,61,11,61,10,58,10,61,9,59,9,58,9,57,9,56,9,57,8,57,8,57,8,57,7,57,7,57,7,56,6,58,6,59,6,59,6,60,5,61,5,61,5,60,4,60,4,61,4,62,5,63,4,0,4,1,4,63,5,3,4,1,5,4,5,6,4,4,6,6,5,6,6,5,6,5,6,6,7,6,7,3,8,6,8,6,8,6,8,5,9,4,9,5,10,3,9,3,10,6,10,3,10,0,11,3,11,1,11,0,11,0,11,0,11,61,11,61,11,62,10,60,11,58,10,62,9,59,10,59,10,56,10,57,9,59,9,57,8,55,8,57,8,56,8,56,7,57,7,56,7,58,7,55,6,58,6,59,6,59,5,61,5,61,5,62,4,62,4,61,4,63,4,63,5,63,5,0,4,2,5,1,5,3,5,2,5,5,5,6,5,4,6,6,6,5,7,6,7,6,6,5,8,5,8,4,8,6,8,6,8,6,9,4,9,5,9,4,10,3,10,4,10,4,10,2,11,0,11,3,11,1,11,63,11,0,11,61,11
1759561820.259347000,00:03:7f:25:14:25,00:03:7f:25:14:25,3a:c8:97:94:99:7a,3a:c8:97:94:99:7a,56,9,55,9,56,8,56,8,56,8,56,8,56,7,56,7,57,6,56,6,58,6,58,5,57,5,59,5,60,5,60,5,61,5,60,5,63,4,63,4,0,4,1,4,1,4,2,4,3,5,4,4,2,5,3,5,5,5,4,6,5,6,6,6,5,7,5,7,5,7,5,7,6,8,6,8,5,8,4,8,6,9,5,9,4,9,5,9,2,10,2,10,2,10,3,10,1,11,2,10,63,10,1,10,63,10,62,11,62,10,61,10,60,11,60,10,58,10,59,9,60,9,58,9,58,9,59,9,59,8,57,8,59,8,59,8,57,7,58,7,58,7,58,7,58,6,58,6,58,6,59,6,60,5,59,5,61,5,61,5,60,5,62,5,63,5,0,4,0,5,2,5,1,5,3,5,4,5,3,5,4,6,6,5,5,6,5,6,6,7,5,7,4,7,3,7,5,7,5,8,4,8,4,9,4,9,5,9,2,9,3,10,5,10,3,10,3,10,0,10,2,11,0,11,63,11,1,11,62,10,61,11,62,10,58,9,61,10,59,9,58,9,57,9,55,9,56,8,57,8,57,8,57,7,57,7,57,7,56,6,58,6,59,6,59,6,60,5,60,5,61,5,60,5,59,4,61,4,61,5,63,4,0,4,1,4,0,5,3,4,1,5,4,5,6,4,4,6,6,5,6,6,6,6,5,6,6,7,6,7,3,8,6,8,6,8,6,8,5,9,5,9,5,10,3,9,3,10,5,10,3,10,0,11,3,11,1,11,0,11,63,11,63,11,61,11,60,11,62,10,59,10,58,10,62,9,59,10,59,10,56,9,57,9,59,8,57,8,55,8,57,8,55,8,56,7,57,7,56,7,58,7,55,6,58,6,59,5,59,5,61,5,61,5,62,4,62,4,61,5,63,4,63,5,63,5,1,4,2,5,1,5,3,5,2,5,5,5,6,5,4,6,6,6,5,7,6,7,6,7,5,8,5,8,4,8,6,8,7,8,6,9,4,9,5,9,4,10,2,10,4,10,4,10,2,11,0,11,2,11,1,11,63,11,0,11,61,11
1759561820.773272000,00:03:7f:25:14:25,00:03:7f:25:14:25,3a:c8:97:94:99:7a,3a:c8:97:94:99:7a,56,9,55,9,57,8,56,8,56,8,56,8,56,7,56,7,58,6,56,6,58,6,59,5,58,5,59,5,60,5,60,5,61,5,61,5,63,4,63,4,0,4,1,4,1,4,2,5,3,5,4,5,2,6,3,5,5,5,4,6,5,6,6,6,5,7,5,7,5,7,4,7,6,8,6,8,5,8,4,8,6,8,5,9,4,9,4,10,2,10,2,10,2,10,3,10,1,11,2,10,63,10,1,10,63,10,62,11,62,10,61,10,61,11,60,10,58,10,59,10,60,10,58,9,58,9,59,9,59,8,57,8,59,8,58,9,57,8,58,7,58,7,58,7,58,7,58,6,58,6,59,6,59,5,59,5,60,5,60,4,60,4,61,4,62,4,0,4,0,4,1,5,1,5,3,5,4,5,3,5,4,5,6,5,5,6,5,6,6,7,5,7,5,7,3,7,6,7,5,8,5,8,5,8,4,9,5,9,3,9,3,10,6,10,3,10,3,11,1,10,2,11,0,11,0,11,1,11,62,11,61,11,62,11,60,10,60,9,58,9,58,9,58,9,56,9,56,8,56,8,57,8,57,7,56,7,57,7,56,6,58,6,58,6,59,6,60,5,60,5,61,5,60,4,59,4,61,4,62,5,63,4,0,4,1,4,0,5,3,4,1,5,5,5,6,4,4,6,6,5,6,6,6,6,5,6,6,7,6,7,3,8,6,8,6,8,6,8,5,9,4,9,5,10,3,9,3,10,5,10,3,10,0,11,3,11,1,11,0,11,63,11,63,11,61,11,60,11,62,10,60,10,59,10,62,9,60,10,59,10,57,9,58,9,59,8,58,8,55,8,57,8,56,8,56,7,57,7,56,7,58,7,55,6,58,6,59,6,59,5,61,5,61,5,61,5,62,4,61,4,63,4,63,5,63,5,1,4,2,5,1,5,3,5,2,5,5,5,5,5,4,6,6,6,5,7,6,7,6,7,5,8,5,8,4,8,6,8,6,8,6,9,4,9,5,9,4,10,3,10,4,10,4,10,2,11,0,11,2,11,1,11,63,11,0,11,61,11
1759561821.318335000,00:03:7f:25:14:25,00:03:7f:25:14:25,3a:c8:97:94:99:7a,3a:c8:97:94:99:7a,56,9,54,9,56,8,55,8,55,8,55,8,56,7,55,7,57,6,55,6,58,6,59,5,57,5,59,4,61,5,60,4,62,4,60,5,63,4,0,4,1,4,2,4,2,4,3,5,3,5,5,4,3,5,4,5,5,6,4,6,6,6,6,7,5,7,5,7,5,8,5,8,6,8,6,8,5,9,4,9,6,9,4,9,3,9,4,10,2,10,2,10,2,10,2,10,0,11,1,10,63,10,0,10,62,10,61,11,61,10,61,10,60,10,59,10,58,10,59,9,60,9,58,9,58,9,59,8,59,8,57,8,59,7,59,8,57,7,59,7,58,7,59,7,59,6,59,6,58,6,60,5,61,5,60,5,61,5,61,5,61,5,62,5,63,5,1,4,1,5,2,5,2,5,3,5,4,5,3,5,3,6,6,6,5,6,4,6,6,7,4,7,4,7,2,7,5,8,5,8,4,8,4,9,4,9,4,9,2,9,2,10,5,9,3,10,2,11,0,10,1,11,0,11,63,10,1,10,62,10,60,10,62,10,60,9,60,9,58,9,58,9,58,9,56,9,57,8,57,8,57,8,57,7,57,7,58,7,56,6,58,6,59,6,60,6,61,5,61,5,61,5,61,5,60,5,61,4,62,6,63,5,0,5,1,5,0,5,3,5,1,5,4,5,6,4,4,6,6,6,6,6,5,6,4,6,5,7,6,7,3,8,5,8,5,8,5,8,4,9,4,9,5,10,3,9,3,10,6,10,3,10,0,11,3,10,1,11,0,11,0,11,0,10,62,11,61,10,62,10,60,11,59,10,62,9,60,10,59,10,57,10,58,9,59,9,58,9,55,9,57,8,56,8,56,7,57,7,56,7,58,7,55,7,58,6,58,6,59,6,61,5,61,5,61,5,61,5,60,5,62,4,62,5,63,5,0,4,1,5,1,5,2,5,1,5,5,4,5,5,3,5,5,5,5,6,6,6,6,6,5,7,5,7,4,8,6,8,7,8,6,9,4,9,6,9,5,10,3,9,4,10,5,10,3,10,1,11,3,11,2,11,1,11,1,11,62,11
1759561821.762401000,00:03:7f:25:14:25,00:03:7f:25:14:25,3a:c8:97:94:99:7a,3a:c8:97:94:99:7a,56,10,55,9,56,8,56,8,55,8,56,8,56,7,55,7,57,7,56,6,57,6,58,5,57,5,59,5,60,5,60,5,61,5,60,5,62,4,63,4,0,4,1,4,1,4,2,4,3,5,4,4,2,5,3,5,5,5,4,6,6,6,6,6,6,7,6,7,5,7,5,7,6,8,6,8,5,9,5,9,6,9,5,9,4,8,5,9,3,10,2,10,2,10,3,10,1,11,1,10,63,10,1,10,62,10,61,11,61,10,61,10,60,11,60,10,58,10,59,9,60,9,58,9,58,9,58,9,59,8,57,8,59,7,59,8,57,7,58,7,58,7,59,7,58,6,58,6,58,6,60,5,61,5,60,5,61,5,61,5,60,4,62,5,63,5,1,4,0,5,2,5,2,5,4,5,4,5,3,5,4,6,6,6,5,6,5,6,6,7,5,7,4,7,3,7,5,7,5,8,4,8,4,9,4,9,4,9,2,8,3,9,5,9,2,10,2,11,0,10,2,11,1,11,63,11,1,10,62,10,62,11,61,11,60,10,60,9,58,9,58,9,58,9,56,9,56,8,56,8,57,8,57,7,57,7,58,7,56,6,58,6,59,6,59,6,60,5,60,5,61,5,60,5,59,4,61,4,62,5,63,4,0,4,1,4,0,5,3,5,1,5,4,5,6,4,4,5,6,5,6,6,6,6,5,6,6,7,6,7,3,8,5,8,6,8,6,9,5,9,4,9,5,10,3,9,3,10,6,10,3,10,63,11,3,11,1,11,0,11,0,11,63,11,61,11,60,10,62,10,59,11,58,10,62,9,60,10,59,10,57,9,57,9,59,9,58,9,55,9,57,8,56,8,56,7,57,7,56,7,58,7,55,6,58,6,59,6,59,5,61,5,62,5,61,5,62,5,60,5,62,4,63,5,63,4,0,4,2,5,1,5,3,5,2,5,5,5,6,5,4,5,6,6,5,7,7,6,6,7,5,8,5,8,4,8,6,8,7,8,6,9,4,10,6,9,5,10,3,10,4,10,4,10,2,11,0,11,3,11,2,11,0,11,0,11,61,11
1759561822.223200000,00:03:7f:25:14:25,00:03:7f:25:14:25,3a:c8:97:94:99:7a,3a:c8:97:94:99:7a,56,9,55,9,56,8,56,8,56,8,56,8,56,7,56,7,57,7,56,6,58,6,58,5,57,5,59,5,60,5,60,5,61,5,60,5,62,4,62,4,0,4,1,4,1,4,2,4,2,5,3,4,2,5,3,5,4,5,3,6,5,6,6,6,5,7,5,7,5,7,5,7,6,7,6,8,5,8,5,8,6,8,5,9,4,8,5,9,3,9,3,10,3,10,4,10,2,10,2,10,0,10,1,10,63,10,62,11,62,11,62,10,61,11,60,10,58,10,59,10,60,10,58,9,58,9,59,9,59,9,57,8,59,8,58,8,56,8,58,7,57,7,58,7,58,7,58,6,57,6,59,6,60,5,59,5,60,5,60,5,60,4,62,4,63,4,1,4,1,4,2,5,2,5,4,4,5,5,4,5,4,5,6,5,6,6,5,6,7,7,5,7,5,7,3,8,6,8,5,8,5,8,5,9,4,9,5,10,3,9,3,10,5,10,3,10,2,11,0,11,2,11,0,11,63,11,1,11,61,10,61,11,60,11,57,10,60,9,58,9,58,9,57,9,55,9,56,8,56,8,57,7,57,7,57,7,57,7,56,6,58,6,59,6,59,5,61,5,61,5,61,5,61,4,60,4,62,4,62,5,0,4,1,4,2,4,1,5,3,5,2,5,5,5,7,4,4,6,6,6,6,6,6,6,5,6,6,8,6,7,3,8,6,8,6,8,6,9,5,9,4,9,5,10,3,9,2,10,5,10,3,10,63,11,3,11,0,11,0,11,63,11,63,11,61,11,60,10,62,10,59,11,58,10,62,9,59,10,58,10,56,9,57,9,59,8,57,8,55,8,57,8,56,8,56,7,57,6,56,7,58,7,56,6,59,6,59,5,59,5,62,5,62,5,62,5,62,4,61,4,63,4,63,5,0,5,1,5,2,5,2,5,3,5,2,5,6,5,6,5,4,6,6,6,5,7,6,7,6,7,5,8,5,8,4,9,5,8,6,8,5,9,3,10,5,9,4,10,2,9,3,10,3,10,2,11,63,11,2,11,1,11,63,11,63,11,60,11
1759561822.754730000,00:03:7f:25:14:25,00:03:7f:25:14:25,3a:c8:97:94:99:7a,3a:c8:97:94:99:7a,56,9,55,9,56,8,55,8,55,8,55,8,56,7,55,7,57,7,56,6,58,6,58,5,57,5,59,5,60,5,60,5,61,5,60,5,62,4,63,4,0,4,1,4,1,4,2,5,3,5,4,4,2,5,3,5,5,5,4,6,5,6,6,6,5,7,5,7,5,7,5,7,6,8,6,8,5,9,5,9,6,9,5,9,4,8,5,9,3,10,2,10,3,10,3,10,1,11,2,10,63,10,1,10,63,11,62,11,62,11,61,10,61,11,60,10,58,10,59,10,60,9,58,9,58,9,58,9,59,8,57,8,59,8,58,8,57,7,58,7,58,7,58,7,58,6,58,6,58,6,59,5,60,5,59,5,61,5,61,5,60,4,62,4,63,4,1,4,1,4,2,5,2,5,4,5,5,5,3,5,4,6,6,6,5,6,5,6,6,7,5,7,5,7,3,7,6,8,5,8,5,8,5,9,4,9,5,10,2,9,2,10,5,10,3,10,2,11,0,10,2,11,0,11,63,11,0,10,62,11,60,11,62,11,59,9,60,9,58,9,58,9,57,9,55,9,56,8,57,8,57,8,57,7,57,7,58,7,56,6,58,6,59,6,60,6,61,5,61,5,61,5,61,5,60,4,61,4,62,5,63,4,0,4,1,4,0,5,3,5,1,5,4,5,7,4,4,6,6,6,7,6,6,6,5,6,6,8,6,7,3,8,6,8,5,8,6,9,5,9,4,9,5,10,3,9,3,10,5,10,3,10,63,11,3,11,1,11,0,11,63,11,63,11,61,11,60,10,62,10,59,10,58,10,62,9,60,10,59,10,56,9,58,9,59,8,58,8,55,9,57,8,56,8,56,7,57,7,56,7,58,7,55,6,59,6,59,6,59,5,61,5,62,5,61,5,62,5,61,5,62,4,63,5,63,5,0,4,2,5,1,5,3,5,2,5,5,5,6,5,4,6,6,6,5,7,6,6,6,7,5,8,5,7,4,8,6,8,6,8,6,9,4,10,6,9,4,10,2,9,3,10,4,10,2,11,0,11,3,11,1,11,63,11,0,11,61,11
1759561823.307325000,00:03:7f:25:14:25,00:03:7f:25:14:25,3a:c8:97:94:99:7a,3a:c8:97:94:99:7a,57,9,55,9,56,8,55,8,55,8,56,8,56,7,56,7,58,7,56,6,58,6,58,5,57,5,59,5,60,5,60,5,61,5,60,5,62,4,63,4,0,4,1,4,1,4,2,5,2,5,4,4,2,5,3,5,5,5,3,6,5,6,6,6,5,7,5,7,5,7,5,7,6,7,6,8,5,8,4,8,6,8,5,9,4,8,5,9,3,9,2,10,3,10,3,10,1,10,2,10,0,10,1,10,63,10,62,11,62,10,61,10,61,11,60,10,59,10,59,10,60,9,58,9,59,9,59,9,59,8,57,8,59,8,59,8,57,8,58,7,58,7,58,7,58,7,58,7,58,6,59,6,60,5,59,5,60,5,60,5,60,4,62,4,63,4,0,4,0,4,2,5,1,5,4,5,4,5,3,5,4,5,6,5,5,6,5,6,6,7,5,7,5,7,3,7,6,7,5,8,5,8,5,9,4,9,5,10,3,9,3,10,5,10,3,10,2,11,0,11,2,11,0,11,63,11,1,10,61,10,61,11,60,11,59,10,60,9,58,9,58,9,57,9,56,9,56,8,56,8,57,8,57,7,57,7,58,7,57,6,58,6,59,6,59,6,61,5,61,5,62,5,61,5,60,4,61,4,62,5,63,4,0,4,1,4,0,5,3,5,1,5,4,5,6,4,4,6,6,6,6,6,5,6,5,6,6,8,6,7,3,8,5,8,6,8,6,8,5,9,4,9,5,10,3,9,3,10,5,10,3,10,63,11,3,11,1,11,0,11,0,11,63,11,61,11,60,10,62,10,59,11,58,10,62,9,60,10,59,10,56,9,57,9,59,9,58,8,55,9,57,8,56,8,56,7,57,7,56,7,58,7,55,6,58,6,58,6,59,5,61,5,61,5,61,5,62,4,60,5,63,4,63,5,63,5,1,4,2,4,1,5,3,5,2,5,5,5,6,5,4,5,6,6,5,7,6,6,6,6,5,8,5,8,4,8,6,8,7,8,6,9,4,10,6,9,5,10,2,10,4,10,4,10,3,11,0,11,3,11,1,11,63,11,0,11,61,11
1759561823.887975000,00:03:7f:25:14:25,00:03:7f:25:14:25,3a:c8:97:94:99:7a,3a:c8:97:94:99:7a,56,9,55,9,56,8,56,8,56,8,56,8,57,7,56,7,58,7,56,6,58,6,59,5,58,5,59,5,61,5,60,5,61,5,60,5,63,4,63,4,0,4,1,4,1,4,2,5,3,5,4,4,2,5,3,5,5,5,4,6,5,6,6,6,5,7,5,7,5,7,5,7,6,8,6,8,5,9,4,8,6,9,5,9,4,8,5,9,3,10,2,10,3,10,3,10,2,11,2,10,63,10,1,10,63,10,62,11,62,10,62,10,61,11,60,10,58,10,59,10,60,10,58,9,58,9,58,9,59,8,57,8,59,8,58,8,57,8,58,7,57,7,58,7,58,6,58,6,58,6,59,6,60,5,59,5,61,5,60,5,60,4,62,4,63,4,0,4,0,4,2,5,1,5,3,5,4,5,3,5,4,5,6,5,5,6,4,6,6,7,5,7,5,7,3,7,5,7,5,8,5,8,4,9,4,9,5,9,2,9,3,9,5,10,3,10,3,11,0,10,2,11,0,11,63,11,1,11,62,10,61,11,62,10,58,9,61,10,59,9,58,9,57,9,56,9,56,8,57,8,57,8,57,7,57,7,57,7,56,7,58,6,59,6,59,6,60,5,61,5,61,5,60,5,59,4,61,4,61,5,62,4,0,4,1,4,0,5,3,4,1,5,4,5,6,4,4,5,6,5,6,6,6,6,5,6,6,7,6,7,3,8,6,8,6,8,6,9,5,9,4,9,6,10,3,9,3,10,6,10,3,10,0,11,3,11,1,11,0,11,0,11,0,11,61,11,60,11,62,10,59,11,58,10,62,9,59,10,59,10,56,9,57,9,59,8,57,8,55,9,56,8,55,8,56,7,57,7,56,7,57,7,55,6,58,5,59,5,59,5,61,4,62,5,61,4,62,4,61,5,63,4,63,5,0,4,1,4,2,5,2,5,3,5,3,5,5,5,6,5,4,6,6,6,5,7,6,7,6,7,5,8,5,8,4,8,6,8,6,9,6,9,4,10,5,9,4,10,2,10,3,10,4,10,2,11,63,11,2,11,1,11,63,11,63,11,60,11
1759561824.487807000,00:03:7f:25:14:25,00:03:7f:25:14:25,3a:c8:97:94:99:7a,3a:c8:97:94:99:7a,56,9,55,9,56,8,55,8,55,8,56,8,56,7,56,7,58,7,56,6,58,6,58,5,57,5,59,5,60,5,60,5,61,5,60,5,62,4,63,4,0,4,1,4,1,4,2,5,2,5,4,4,2,5,3,5,5,5,4,6,5,6,6,6,5,7,5,7,5,7,5,7,6,8,6,8,5,8,4,8,6,9,5,9,4,8,5,9,3,10,2,10,2,10,3,10,1,11,2,10,63,10,1,10,63,10,62,11,62,10,61,10,61,11,60,10,58,10,59,9,60,10,58,9,58,9,59,9,59,8,57,8,59,8,59,8,57,7,58,7,58,7,58,7,58,6,58,6,58,6,59,5,60,5,60,5,61,5,61,5,60,4,62,4,63,4,1,4,0,4,2,5,2,5,4,5,4,5,3,5,4,6,6,6,5,6,5,6,6,7,5,7,4,7,3,7,5,8,5,8,4,8,4,9,4,9,4,10,2,9,2,10,5,10,2,10,2,11,0,10,2,11,0,11,63,11,1,10,61,10,61,10,61,11,59,10,60,9,58,9,59,9,58,9,56,9,56,8,56,8,57,8,57,7,57,7,58,7,56,6,58,6,59,6,59,6,61,5,61,5,61,5,61,5,60,4,61,4,62,5,63,4,0,4,1,4,0,5,3,4,1,5,4,5,6,4,4,6,6,6,6,6,5,6,5,6,6,7,6,7,3,8,6,8,6,8,6,8,5,9,4,9,5,10,3,9,3,10,6,10,3,10,0,11,3,11,1,11,0,11,0,11,0,11,61,11,61,11,62,10,60,11,58,10,62,9,60,10,59,10,56,9,57,9,59,9,58,9,55,9,57,8,55,8,56,7,57,7,56,7,58,7,55,6,58,6,58,6,58,5,61,5,61,5,61,4,62,4,61,5,62,4,63,5,63,4,0,4,2,4,1,5,3,5,2,5,5,5,6,5,4,6,6,6,5,7,6,6,6,7,5,8,5,8,4,8,6,8,7,8,6,9,4,9,6,9,5,10,3,10,4,10,4,10,2,11,0,11,3,11,1,11,63,11,0,11,61,11
1759561825.077905000,00:03:7f:25:14:25,00:03:7f:25:14:25,3a:c8:97:94:99:7a,3a:c8:97:94:99:7a,57,9,55,9,57,8,56,8,56,8,56,8,56,7,56,7,57,7,56,6,58,6,59,5,58,5,59,5,60,5,60,5,62,5,60,5,63,4,63,5,0,5,1,5,1,5,2,5,3,5,4,4,2,6,3,5,4,5,3,6,5,6,6,6,5,7,5,7,5,7,4,7,5,8,6,8,5,8,4,8,6,9,4,9,4,8,4,9,3,9,2,10,3,10,3,10,1,10,2,10,63,10,1,10,63,10,62,11,62,10,62,10,61,11,60,10,59,10,59,10,60,10,58,9,58,9,59,9,59,8,57,8,59,8,58,9,57,8,58,7,57,7,58,7,58,7,58,6,57,6,59,6,60,5,59,5,60,5,60,5,60,4,62,4,62,4,0,4,0,4,2,5,2,5,4,5,5,5,3,5,4,5,6,5,5,6,5,6,6,7,5,7,5,7,3,7,6,7,5,8,4,8,4,9,4,9,5,10,2,9,3,10,5,10,3,10,3,11,0,10,2,11,0,11,63,11,1,11,62,10,61,11,62,11,59,9,60,10,58,9,58,9,57,9,56,9,56,8,57,8,57,8,57,7,56,7,57,7,56,6,58,6,59,6,59,6,60,5,60,5,61,5,60,4,60,4,61,4,62,5,63,4,0,4,1,4,0,5,3,4,1,5,5,5,7,4,4,6,6,5,6,6,6,6,5,6,6,8,6,7,3,8,6,8,6,8,6,8,5,9,4,9,5,10,3,9,3,10,6,10,3,10,0,11,3,11,1,11,0,11,0,11,63,11,61,11,60,11,62,10,59,11,58,10,62,10,59,10,59,10,56,10,57,9,59,9,57,8,55,9,56,8,55,8,56,7,57,7,56,7,57,7,55,6,58,5,58,6,58,5,61,5,61,5,61,4,62,4,61,4,63,4,63,5,63,4,1,4,2,5,1,5,3,4,3,5,6,5,6,5,4,6,6,6,5,7,7,7,6,7,5,8,5,8,4,9,6,8,7,8,6,9,4,10,6,9,4,10,2,10,3,11,4,10,2,11,0,11,2,11,1,11,63,11,63,11,61,11
1759561825.645757000,00:03:7f:25:14:25,00:03:7f:25:14:25,3a:c8:97:94:99:7a,3a:c8:97:94:99:7a,56,9,55,9,56,8,55,8,55,7,56,8,56,7,55,7,58,6,56,6,58,6,59,5,58,5,59,4,61,5,61,5,62,5,61,5,63,4,63,4,0,4,2,5,2,5,2,5,3,5,4,5,2,6,3,5,5,6,4,6,5,6,6,7,5,7,5,7,5,7,4,8,6,8,6,8,5,9,4,9,5,9,4,9,3,8,4,9,2,10,2,10,2,10,3,10,1,10,1,10,63,10,1,10,63,10,62,11,62,10,61,10,61,10,60,10,58,10,59,9,60,9,58,9,58,9,59,9,59,8,57,8,59,8,59,8,57,7,58,7,58,7,58,7,58,6,58,6,58,6,59,6,60,5,60,5,61,5,61,5,60,5,62,4,63,4,0,4,0,5,1,5,1,5,4,5,4,5,3,5,4,6,6,6,5,6,4,6,6,7,5,7,4,7,2,7,5,7,5,8,5,8,4,9,4,9,4,10,3,8,2,9,5,10,3,10,2,10,0,10,2,11,0,11,0,11,1,10,62,10,61,11,61,11,58,10,61,9,59,9,58,9,58,9,56,9,56,8,57,8,57,8,57,7,57,7,58,7,56,6,58,6,59,6,59,6,60,5,60,5,61,5,61,5,60,4,61,4,62,5,62,4,0,4,1,5,63,5,2,5,1,5,4,5,6,4,4,5,6,5,6,6,5,6,5,6,6,7,6,7,3,8,6,8,6,8,6,8,5,9,4,9,5,10,4,9,3,10,6,10,3,10,0,11,3,11,1,11,0,11,0,11,0,11,61,11,61,11,62,10,60,11,58,10,62,10,60,10,58,10,56,9,58,9,59,9,57,8,55,9,57,8,56,8,56,7,57,7,56,7,58,7,55,6,58,6,58,6,58,5,60,5,61,5,61,5,62,4,61,5,62,4,63,5,63,4,0,4,2,4,1,5,2,5,2,5,5,5,6,5,4,5,6,6,5,6,6,6,6,6,5,7,5,8,4,8,6,8,7,8,6,9,4,10,6,9,5,10,3,10,4,10,4,10,2,11,0,11,3,11,1,11,0,11,0,11,61,11
1759561826.158429000,00:03:7f:25:14:25,00:03:7f:25:14:25,3a:c8:97:94:99:7a,3a:c8:97:94:99:7a,56,9,54,9,56,8,55,8,55,7,55,8,56,7,56,7,57,6,56,6,58,6,59,5,58,5,59,4,61,5,61,5,62,5,61,5,63,4,0,4,1,4,2,5,2,4,3,5,4,5,4,5,2,6,4,6,5,6,4,6,5,6,6,7,5,7,5,7,5,7,5,8,5,8,6,8,5,9,4,9,5,9,4,9,3,9,4,10,2,10,2,10,2,10,2,10,0,10,1,10,63,10,1,10,62,10,62,11,61,10,61,10,61,10,60,10,58,10,59,9,60,9,58,9,59,9,59,9,59,8,57,8,59,8,59,8,57,7,59,7,58,7,59,7,58,7,58,6,58,6,60,6,60,5,59,5,61,5,60,5,60,5,62,5,63,5,0,4,0,5,1,5,1,5,3,5,4,5,3,5,3,5,5,6,5,6,4,6,6,7,5,7,4,7,3,7,5,7,5,8,5,8,4,8,4,9,5,9,3,8,2,9,5,9,3,10,3,11,0,10,2,11,0,11,63,11,1,11,62,10,61,11,62,10,58,10,61,9,59,9,58,9,57,9,56,9,56,8,57,8,57,8,57,7,57,7,58,7,56,6,58,6,59,6,59,6,60,5,60,5,61,5,60,5,59,4,61,4,61,5,63,4,0,4,1,4,63,5,3,4,1,5,4,5,6,4,4,5,6,5,6,6,6,6,5,6,6,7,6,7,3,8,6,8,6,8,6,8,5,9,4,9,5,10,4,9,3,10,6,10,3,10,0,11,3,11,1,11,0,11,0,11,0,11,62,11,60,11,62,10,60,11,59,10,62,10,60,10,59,10,57,10,57,9,59,9,57,9,55,9,56,8,55,8,56,7,57,7,56,7,57,7,55,6,58,6,58,6,59,5,61,5,61,5,61,4,62,4,60,5,62,4,63,5,63,4,0,4,2,4,1,5,3,4,2,5,5,5,6,5,4,5,6,6,5,6,7,6,6,6,5,8,5,8,5,8,6,8,7,8,6,9,4,9,6,9,5,10,3,10,4,10,5,10,3,11,0,11,3,11,1,11,0,11,0,11,61,11
1759561826.565643000,00:03:7f:25:14:25,00:03:7f:25:14:25,3a:c8:97:94:99:7a,3a:c8:97:94:99:7a,56,9,55,9,57,8,56,8,56,8,56,8,56,7,56,7,58,6,56,6,58,6,59,5,58,5,59,5,61,5,61,5,62,5,60,5,63,4,63,5,0,5,1,5,1,5,2,5,3,5,4,5,2,6,3,5,5,5,3,6,5,6,6,6,5,7,5,7,5,7,4,7,5,8,5,8,5,9,4,8,6,9,4,9,4,8,4,9,2,9,2,10,2,10,3,10,1,10,2,10,63,10,1,10,63,10,62,10,62,10,61,10,61,11,60,10,59,10,59,10,60,10,59,9,59,9,59,9,59,8,58,8,59,8,59,9,57,8,58,7,58,7,58,7,58,7,58,7,58,6,59,6,60,5,59,5,60,5,60,5,60,5,61,5,62,5,63,4,63,5,1,5,1,5,3,5,4,5,3,5,3,5,5,5,5,6,4,6,6,7,5,7,5,7,3,7,6,7,5,8,5,8,5,8,4,8,5,9,3,8,3,9,6,9,4,10,3,10,1,10,3,11,1,11,0,11,2,11,62,11,62,11,62,11,58,9,61,10,59,9,58,9,57,9,56,9,56,8,56,8,56,8,57,7,56,7,57,7,56,6,58,6,58,6,59,6,60,5,60,5,61,5,60,4,60,4,61,3,62,5,63,4,0,4,1,4,0,5,3,4,2,5,5,5,7,4,4,6,7,5,7,6,6,6,5,6,6,8,7,7,4,8,6,8,6,8,6,9,5,9,4,9,5,10,3,10,3,10,6,10,3,10,0,11,2,11,0,11,0,11,63,11,63,11,61,11,60,11,61,10,59,11,58,10,61,9,59,10,58,10,56,9,57,9,59,8,57,8,55,8,56,8,55,8,56,7,57,7,56,7,58,6,55,6,58,5,59,5,59,5,61,5,62,4,62,4,62,4,61,4,63,4,63,5,0,5,1,5,2,5,1,5,3,5,3,5,5,5,6,5,4,6,6,6,5,7,6,7,6,7,5,8,5,8,4,8,6,8,7,8,6,9,4,10,5,9,4,10,2,10,4,10,4,10,2,11,0,11,2,11,1,11,63,11,63,11,60,11
1759561826.977162000,00:03:7f:25:14:25,00:03:7f:25:14:25,3a:c8:97:94:99:7a,3a:c8:97:94:99:7a,56,9,55,9,57,8,56,8,56,8,56,8,56,7,56,7,58,7,56,6,58,6,59,5,57,5,59,5,61,5,60,5,61,5,60,5,63,4,63,4,0,4,1,4,1,4,2,5,2,5,4,5,2,5,3,5,5,5,3,6,5,6,6,6,5,7,5,7,5,7,5,7,6,8,6,8,5,8,4,8,6,8,5,9,4,8,5,9,3,9,2,10,2,10,3,10,1,10,2,10,0,10,1,10,63,10,62,11,62,10,62,10,61,11,60,10,59,10,59,10,60,10,58,9,58,9,59,9,59,8,57,8,59,8,59,8,57,7,58,7,58,7,58,7,58,7,58,6,57,6,59,6,60,5,59,5,60,5,60,5,60,4,61,4,62,4,0,4,0,4,1,5,1,5,4,5,5,5,3,5,4,5,6,5,5,6,5,6,6,7,5,7,5,7,3,7,6,8,5,8,5,8,5,9,4,9,5,10,3,9,3,10,5,10,3,10,2,11,1,11,2,11,0,11,63,11,1,11,61,11,61,11,60,11,58,10,60,9,58,9,58,9,57,9,56,9,56,8,56,8,57,8,57,7,57,7,58,7,56,6,58,6,58,6,59,6,60,5,60,5,62,5,61,4,60,4,61,4,62,5,63,4,1,4,1,4,0,5,3,4,1,5,5,5,7,4,4,6,6,6,7,6,6,6,5,6,6,8,6,7,3,8,6,8,6,8,6,9,5,9,4,9,5,10,3,9,3,10,6,10,3,10,63,11,3,11,0,11,0,11,0,11,63,11,61,11,60,11,62,10,59,11,58,10,62,9,59,10,59,10,56,9,57,9,59,8,57,8,55,9,57,8,55,8,56,7,57,7,56,7,58,7,55,6,58,5,58,5,58,5,61,5,62,5,62,4,62,4,61,5,63,4,63,5,63,4,1,4,2,4,1,5,3,5,2,5,5,5,6,5,4,6,6,6,5,7,6,6,6,7,5,8,5,8,4,8,6,8,7,8,6,9,4,9,6,9,5,10,2,10,4,10,4,10,2,11,0,11,2,11,1,11,63,11,0,11,61,11
1759561827.526230000,00:03:7f:25:14:25,00:03:7f:25:14:25,3a:c8:97:94:99:7a,3a:c8:97:94:99:7a,57,9,56,9,57,8,56,8,56,8,56,8,57,7,56,7,58,7,56,6,58,6,59,6,58,6,59,5,61,5,60,5,61,5,60,5,62,4,62,4,63,5,1,4,1,4,1,5,2,5,3,5,2,5,3,5,5,5,3,6,5,6,6,6,5,7,5,7,5,7,4,7,6,7,6,8,5,8,4,8,6,8,4,9,4,8,4,9,3,9,3,10,3,10,3,10,1,10,2,10,63,10,1,10,63,10,62,11,62,10,62,10,61,11,60,10,59,10,59,10,60,9,58,9,58,9,59,9,59,8,57,8,59,8,59,8,57,7,58,7,58,7,58,7,58,6,58,6,58,6,59,6,60,5,59,5,61,5,61,5,60,4,62,5,63,5,0,4,0,4,2,5,2,5,3,5,4,5,3,5,4,5,6,6,4,6,4,6,6,7,5,7,4,7,2,7,5,7,5,8,4,8,4,9,3,9,4,9,3,8,2,9,5,9,3,10,3,11,0,10,2,11,1,11,0,11,1,10,63,10,61,11,63,11,60,9,60,10,58,9,58,9,57,9,56,9,56,9,57,8,57,8,57,7,56,7,57,7,56,7,57,6,58,6,58,6,60,5,60,5,60,5,60,5,59,4,60,4,61,5,62,4,63,4,0,4,63,4,2,4,1,5,4,5,7,4,4,5,6,5,7,5,6,6,5,6,6,7,7,7,4,8,6,8,6,8,6,8,6,9,4,9,6,10,4,9,3,10,6,10,3,10,0,11,4,11,1,12,1,11,0,11,63,11,61,11,60,11,62,11,59,11,58,11,62,10,59,10,58,10,56,10,57,9,58,9,57,9,55,9,56,8,55,8,55,7,57,6,56,7,57,7,55,6,58,5,58,5,59,5,61,5,61,4,61,4,62,4,61,4,63,4,63,5,0,4,1,4,2,4,1,5,3,4,3,5,6,5,6,5,5,6,6,6,6,7,7,7,6,7,5,8,5,8,4,8,6,8,7,9,6,9,4,10,5,9,4,10,3,10,3,10,4,10,2,11,63,11,2,11,1,12,63,11,63,11,60,11
1759561827.975894000,00:03:7f:25:14:25,00:03:7f:25:14:25,3a:c8:97:94:99:7a,3a:c8:97:94:99:7a,56,10,55,9,56,8,55,8,55,8,55,8,56,7,55,7,57,7,55,6,57,6,58,5,57,5,58,5,60,5,60,5,61,5,60,5,62,4,63,4,0,4,1,4,2,4,2,4,3,5,4,4,3,5,4,5,6,5,4,6,6,6,7,6,5,7,6,7,5,7,5,8,6,8,6,8,6,9,5,9,6,9,5,9,4,9,5,10,2,10,2,10,2,11,3,10,1,11,1,11,63,10,1,10,62,11,61,11,61,11,61,10,60,11,59,10,58,10,58,9,59,9,58,9,58,9,58,9,58,8,57,8,59,7,58,8,57,7,58,7,58,7,58,7,58,6,58,6,58,6,59,5,60,5,60,5,61,5,61,4,60,4,62,4,63,4,1,4,1,4,2,5,2,5,4,5,5,5,4,5,5,6,6,6,5,7,5,6,6,7,5,7,5,8,3,8,6,8,5,8,4,9,5,9,3,9,4,10,2,9,2,10,5,10,2,10,2,11,0,10,1,11,63,11,63,11,0,10,62,10,60,11,62,10,59,9,60,9,58,9,58,9,57,9,55,9,56,8,57,8,57,7,57,7,57,7,58,7,56,6,58,6,59,6,60,6,61,5,61,5,62,5,61,5,60,4,62,4,62,5,63,4,1,4,1,5,0,5,3,5,2,5,4,5,7,4,4,6,6,6,6,6,5,6,4,6,6,7,6,7,3,8,6,8,5,8,5,9,5,9,3,9,5,10,3,9,3,10,5,10,2,10,63,11,3,11,1,11,0,11,63,11,63,11,61,11,60,10,62,10,59,10,58,10,62,9,60,10,59,10,57,9,58,9,59,9,58,8,55,9,57,8,56,8,56,7,57,7,56,7,58,7,55,6,59,6,59,6,59,5,61,5,62,5,61,5,62,5,61,5,62,4,63,5,63,5,0,4,1,5,1,5,2,5,2,5,5,5,5,5,4,6,5,6,5,7,6,6,5,7,5,7,4,7,3,8,6,8,6,8,6,9,4,9,5,9,4,10,3,9,4,10,4,10,2,10,0,11,3,11,2,11,0,11,0,11,62,11
1759561828.528373000,00:03:7f:25:14:25,00:03:7f:25:14:25,3a:c8:97:94:99:7a,3a:c8:97:94:99:7a,56,9,55,9,56,8,56,8,56,7,55,8,56,7,56,7,57,6,56,6,58,6,59,5,58,5,59,5,61,5,60,5,61,5,60,5,63,4,63,4,0,4,2,5,2,5,2,5,3,5,4,5,2,6,3,5,5,6,4,6,5,6,6,6,5,7,5,7,5,7,5,8,6,8,6,8,5,8,4,8,6,9,4,9,4,9,4,9,2,10,2,10,2,10,3,10,1,11,1,10,63,10,1,10,63,10,62,11,62,10,61,10,61,11,60,10,59,10,59,10,60,9,59,9,58,9,59,9,59,8,57,8,59,8,59,8,57,7,58,7,58,7,58,7,58,6,58,6,58,6,59,6,60,5,59,5,60,5,61,5,60,4,62,4,63,4,0,4,0,4,1,5,1,5,4,5,4,5,3,5,4,5,6,5,5,6,5,6,6,7,5,7,5,7,3,7,5,8,5,8,4,8,4,9,4,9,5,9,2,9,3,10,5,10,3,10,3,11,0,10,1,11,0,11,63,11,1,11,62,10,61,11,61,10,58,10,60,9,58,9,58,9,58,9,56,9,56,8,57,8,57,8,57,7,57,7,58,7,56,6,58,6,59,6,59,6,60,5,61,5,61,5,60,5,60,4,61,4,62,5,63,4,0,4,1,4,63,5,2,4,1,5,4,5,6,4,4,6,6,5,6,6,5,6,5,6,6,7,6,7,3,8,6,8,6,8,6,8,5,9,4,9,5,10,3,9,3,10,6,10,3,10,0,11,3,11,1,11,0,11,0,11,0,11,61,11,60,11,62,10,59,11,58,10,62,10,59,10,59,10,56,10,57,9,59,9,57,8,55,9,56,8,55,8,56,7,57,7,56,7,57,7,55,6,58,5,58,5,58,5,60,5,61,4,61,4,62,4,61,4,63,4,63,5,63,4,1,4,2,4,1,5,3,5,2,5,5,5,6,5,4,6,6,6,5,7,6,6,6,6,5,8,5,8,4,8,6,8,7,8,6,9,4,10,6,9,5,10,3,10,4,10,4,10,2,11,0,11,2,11,1,11,0,11,0,11,61,11
1759561829.081909000,00:03:7f:25:14:25,00:03:7f:25:14:25,3a:c8:97:94:99:7a,3a:c8:97:94:99:7a,57,9,55,9,56,8,55,8,55,8,55,8,56,7,55,7,57,7,56,6,58,6,58,5,57,5,59,5,60,5,60,5,61,5,60,5,62,4,63,4,0,4,1,4,1,4,2,4,3,5,4,4,2,5,4,5,5,5,4,6,5,6,6,6,5,7,5,7,5,7,5,7,6,8,6,8,5,9,5,9,6,9,4,9,4,9,5,9,3,10,2,10,2,10,3,10,1,11,1,10,63,10,1,10,63,10,62,11,61,10,61,10,60,11,60,10,58,10,59,10,60,9,58,9,58,9,59,9,59,8,57,8,59,8,59,8,57,7,58,7,58,7,58,7,58,6,58,6,58,6,59,6,60,5,60,5,61,5,61,5,60,5,62,5,63,5,0,5,0,5,2,5,2,5,4,5,4,5,3,5,4,6,5,6,5,6,4,6,6,7,5,7,4,7,3,7,5,7,4,8,4,8,4,9,3,9,4,9,2,8,2,9,5,9,3,10,2,10,0,10,2,11,0,11,63,10,1,10,62,10,61,10,61,11,60,10,60,9,58,9,59,9,58,9,56,9,56,8,57,8,57,8,57,7,57,7,58,7,56,6,58,6,59,6,59,6,61,5,61,5,62,5,61,5,60,4,62,4,62,5,63,5,0,5,1,5,0,5,3,5,1,5,4,5,6,5,4,6,6,6,6,6,5,6,5,6,6,8,6,7,3,8,5,8,5,8,6,9,5,9,4,9,5,10,3,9,3,10,5,10,3,10,0,11,3,11,1,11,0,11,0,11,63,11,61,11,60,10,62,10,60,10,59,10,62,9,60,10,59,10,57,9,58,9,59,9,58,8,55,9,57,8,56,8,56,7,57,7,56,7,58,7,55,6,58,6,59,6,58,5,61,5,61,5,61,5,62,5,60,5,62,4,63,5,63,5,0,4,1,5,1,5,3,4,2,5,5,5,5,5,4,5,6,6,5,6,6,6,6,6,5,8,5,8,4,8,6,8,7,8,6,9,4,9,6,9,5,10,3,9,4,10,5,10,3,11,0,11,3,11,2,11,0,11,0,11,61,11
1759561829.633412000,00:03:7f:25:14:25,00:03:7f:25:14:25,3a:c8:97:94:99:7a,3a:c8:97:94:99:7a,57,9,55,9,57,8,56,8,56,8,56,8,56,7,56,7,57,7,56,6,58,6,58,6,57,5,59,5,60,5,60,5,61,5,60,5,62,4,62,4,63,4,1,4,1,5,1,5,2,5,3,4,2,5,3,5,5,5,3,6,5,6,5,6,4,7,5,7,5,7,4,7,6,8,5,8,5,8,4,8,6,8,4,9,4,8,4,9,3,9,2,10,2,10,3,10,1,10,2,10,0,10,1,10,63,10,62,11,62,10,62,10,61,11,60,10,59,10,59,9,60,10,59,9,58,9,59,9,59,8,57,8,59,8,59,8,57,8,58,7,58,7,58,7,58,7,58,6,58,6,59,6,60,5,59,5,61,5,61,5,60,5,62,4,62,4,0,4,0,5,1,5,1,5,3,5,4,5,3,5,3,6,6,6,4,6,4,6,6,7,5,7,4,7,2,7,5,7,5,8,4,8,4,9,3,9,4,9,3,8,3,9,5,9,3,10,2,10,0,10,2,11,1,11,0,11,1,10,62,10,62,11,61,10,58,10,61,9,59,9,59,9,58,9,56,9,57,8,57,8,58,8,57,7,57,7,58,7,56,7,58,6,59,6,59,6,61,5,61,5,61,5,60,5,59,5,60,4,61,5,62,4,0,4,1,5,63,5,2,5,0,5,4,5,6,4,4,5,6,5,6,6,5,6,4,6,5,7,6,7,3,8,6,8,6,8,6,8,5,9,4,9,6,10,4,9,3,10,6,10,3,10,0,11,3,11,1,11,1,11,0,11,0,11,61,11,60,11,62,10,59,11,58,11,62,10,60,10,58,10,56,9,57,9,59,9,57,9,55,9,56,8,55,8,56,7,57,7,56,7,57,7,55,6,58,5,58,5,59,5,61,4,62,4,61,4,62,4,61,4,63,4,63,5,0,4,1,4,2,4,1,5,3,5,2,5,6,5,6,5,5,5,6,6,6,7,6,7,6,7,5,8,5,8,4,8,6,8,7,8,6,9,4,10,6,9,5,10,3,10,4,10,4,10,2,11,0,11,3,11,2,12,0,11,0,11,61,11
1759561830.248100000,00:03:7f:25:14:25,00:03:7f:25:14:25,3a:c8:97:94:99:7a,3a:c8:97:94:99:7a,59,9,57,9,59,8,58,8,58,8,58,8,59,7,58,7,60,7,58,6,60,6,61,6,60,6,61,5,62,6,62,6,63,6,62,6,0,5,63,6,0,5,1,6,1,6,1,6,2,6,3,6,1,6,2,6,4,6,2,7,3,7,4,7,3,8,3,8,3,8,2,8,4,8,4,8,3,8,2,8,4,8,3,9,2,8,3,9,1,9,0,9,1,9,2,9,0,10,1,10,63,9,0,9,63,9,62,10,62,9,62,9,61,10,61,9,60,9,60,9,61,9,60,9,60,8,61,8,61,8,59,8,61,7,61,8,59,7,60,7,60,7,61,7,60,7,60,7,60,6,61,6,62,6,61,6,62,6,62,5,61,5,62,6,63,6,0,6,0,6,1,6,0,6,2,6,3,6,2,6,2,6,3,6,3,7,2,7,3,7,2,7,2,7,0,7,3,7,2,8,2,8,2,8,1,8,2,9,1,8,1,9,3,9,1,9,1,9,63,9,1,10,0,10,63,10,1,9,62,9,63,10,62,10,60,9,63,8,61,8,60,9,60,9,58,9,59,8,59,8,60,8,59,7,59,7,60,7,59,7,60,7,60,7,61,7,62,6,62,6,63,6,62,6,61,5,62,5,62,7,62,6,63,6,0,6,62,6,1,6,63,6,2,6,4,5,2,6,4,6,4,6,3,7,2,6,3,8,3,7,1,8,3,8,3,8,3,8,2,8,2,8,3,9,1,8,1,9,4,9,1,9,62,10,2,9,0,10,63,10,63,10,0,9,62,10,62,9,63,9,61,9,60,9,0,8,61,9,60,9,59,9,60,8,62,8,60,8,58,8,59,8,58,8,59,7,60,7,58,7,60,7,58,7,61,7,61,6,61,6,63,6,63,6,63,6,63,6,62,6,63,6,63,7,62,6,0,6,0,6,0,6,1,6,0,6,3,6,3,6,1,7,3,7,2,7,3,7,3,7,2,8,1,7,0,8,3,8,3,8,3,8,1,9,3,8,2,9,0,8,2,9,2,9,1,9,63,10,2,9,1,9,0,9,0,9,62,10
1759561830.795522000,00:03:7f:25:14:25,00:03:7f:25:14:25,3a:c8:97:94:99:7a,3a:c8:97:94:99:7a,58,10,56,10,57,9,57,9,56,9,56,9,56,8,56,8,57,8,55,7,58,7,58,6,56,6,58,6,59,6,58,5,59,5,58,5,60,4,60,4,62,4,63,4,63,4,0,4,1,5,2,4,1,5,2,5,4,5,2,5,5,5,6,5,5,6,5,6,5,7,5,7,6,7,7,8,6,8,5,8,7,8,6,8,5,8,6,9,4,10,4,10,3,10,4,10,2,11,3,10,0,11,2,10,0,11,63,11,62,11,62,10,61,11,60,11,59,10,59,10,60,10,58,10,58,10,58,9,59,9,57,8,59,8,58,9,56,8,58,8,57,7,58,7,58,7,57,6,57,6,58,6,59,5,58,5,60,5,60,5,59,4,61,5,62,4,0,4,63,4,1,5,1,5,3,4,4,5,3,5,3,5,5,5,5,6,4,6,6,7,5,6,5,7,3,7,5,7,5,8,5,8,5,8,4,8,5,9,3,8,4,9,6,9,4,10,4,10,1,10,3,11,2,11,1,11,2,11,0,10,63,11,63,11,59,10,62,10,59,10,58,10,57,10,55,10,56,9,57,9,57,9,57,8,56,8,57,7,55,7,57,6,58,6,58,6,59,5,59,5,60,5,59,5,58,4,59,4,60,5,61,4,62,4,0,4,62,4,2,4,0,5,3,4,6,4,3,5,5,5,6,5,6,6,5,5,6,7,7,6,4,8,6,7,7,8,7,8,5,8,5,9,6,10,4,9,4,10,7,10,4,10,1,11,4,11,2,11,1,11,0,11,0,11,62,11,61,11,62,10,59,11,59,11,62,10,60,11,59,10,56,10,57,9,58,9,57,9,54,9,56,8,55,8,55,7,56,7,55,7,57,7,54,6,58,5,58,5,58,5,60,4,61,4,61,4,61,4,60,4,62,4,63,5,63,4,1,4,2,4,1,4,3,4,3,5,6,5,7,5,5,5,6,5,5,6,7,6,7,7,6,8,6,8,5,8,6,8,8,8,7,9,5,10,6,9,6,10,3,10,5,11,5,11,3,11,0,11,3,11,1,12,63,12,63,12,60,12
1759561831.202678000,00:03:7f:25:14:25,00:03:7f:25:14:25,3a:c8:97:94:99:7a,3a:c8:97:94:99:7a,54,9,52,9,54,8,53,7,54,6,54,7,54,6,55,6,56,5,55,5,57,5,58,4,56,4,59,3,62,3,62,4,63,4,62,4,1,3,3,3,4,3,5,4,5,4,6,5,7,5,7,5,5,6,7,6,8,6,6,7,8,7,9,7,8,8,7,8,7,8,7,9,7,9,7,10,7,11,6,10,6,10,4,10,3,10,4,11,1,11,63,12,63,12,0,12,62,12,62,11,58,11,61,10,58,10,57,11,57,10,58,10,57,10,56,10,54,9,56,8,57,8,55,8,56,8,57,8,57,7,55,6,57,6,58,6,56,6,58,5,58,5,58,5,59,5,59,4,59,4,61,4,0,4,63,4,0,4,0,4,0,4,2,4,3,4,5,5,5,5,6,6,5,5,7,5,8,5,6,6,6,6,8,7,7,8,7,8,8,9,6,8,5,9,3,9,6,9,5,10,5,10,5,11,3,11,4,11,1,10,1,11,2,11,0,11,0,12,61,12,63,12,61,11,59,11,61,11,58,10,57,11,57,10,55,8,59,8,56,8,56,8,55,8,54,8,54,7,55,6,56,6,56,5,56,5,58,6,57,5,59,4,60,4,61,4,0,3,0,3,1,4,0,4,63,4,1,3,1,5,3,4,4,4,5,5,4,6,6,5,5,6,8,6,10,5,6,6,9,6,8,8,7,8,6,8,7,9,7,8,3,9,6,9,5,10,6,11,5,11,3,11,4,11,2,10,0,11,3,11,63,11,59,12,63,12,61,12,60,12,60,11,59,11,57,10,57,10,58,10,56,10,55,10,60,9,57,9,56,9,54,8,55,8,57,7,56,7,53,8,55,6,54,6,54,5,57,5,56,5,58,6,55,5,59,4,60,4,61,4,0,3,2,4,1,4,2,4,63,4,2,3,2,5,3,4,4,4,6,5,5,5,6,5,6,6,8,5,9,6,7,6,8,7,6,8,8,8,7,8,6,9,5,9,5,9,6,10,7,10,6,11,4,11,5,11,4,11,2,10,2,11,2,11,63,12,60,12,63,12,62,12,60,12,61,11,58,11
1759561831.721246000,00:03:7f:25:14:25,00:03:7f:25:14:25,3a:c8:97:94:99:7a,3a:c8:97:94:99:7a,55,10,53,10,54,9,53,9,53,8,53,9,54,8,53,7,54,7,53,6,54,6,55,5,54,5,55,4,57,4,57,4,58,4,58,4,60,3,60,3,63,3,1,3,1,3,3,3,4,4,5,3,4,4,5,4,7,4,6,5,8,5,9,6,8,7,8,7,8,7,7,7,8,8,9,8,8,9,7,9,8,9,7,10,6,9,7,10,5,11,4,11,4,11,4,11,2,12,2,12,63,12,0,11,62,12,60,12,60,11,60,10,58,12,58,11,56,11,57,10,57,10,56,10,56,9,56,9,57,8,55,8,56,7,56,8,55,7,56,7,56,6,56,6,56,6,56,6,55,5,57,5,58,4,58,4,59,4,60,3,59,3,62,3,0,3,2,3,2,3,4,4,4,4,6,4,7,4,6,4,6,5,9,5,7,6,8,5,9,7,8,7,7,7,5,8,8,7,8,8,7,9,7,9,7,9,7,10,5,9,6,10,7,11,5,11,4,12,3,12,3,12,1,13,0,13,1,12,60,12,59,12,58,12,54,10,57,9,56,9,55,10,54,9,52,9,53,8,53,8,54,8,54,6,54,6,55,6,53,5,55,5,56,5,57,4,58,4,59,3,60,3,59,3,59,3,60,2,63,4,63,3,2,3,4,3,2,4,5,3,4,4,8,4,10,3,7,5,9,5,11,6,9,6,8,6,9,8,10,7,6,9,9,8,9,9,9,9,8,10,7,10,9,11,5,11,5,11,7,11,4,12,0,13,3,13,2,13,0,13,62,13,62,12,58,12,57,12,59,11,56,12,54,11,58,10,55,11,55,10,52,10,53,9,55,8,54,8,51,8,53,7,52,7,52,6,53,5,53,6,55,5,52,5,55,4,56,4,56,3,58,3,61,3,62,2,62,2,62,3,2,2,3,4,3,3,5,3,8,3,5,4,8,4,7,4,11,4,11,5,9,6,11,6,10,7,11,7,11,7,10,9,10,9,8,10,10,10,11,10,10,11,7,12,9,11,8,12,4,12,6,13,5,13,2,13,60,14,0,13,60,14,58,13,58,13,54,13
1759561832.221655000,00:03:7f:25:14:25,00:03:7f:25:14:25,3a:c8:97:94:99:7a,3a:c8:97:94:99:7a,56,10,54,10,56,9,55,9,55,8,55,8,56,7,55,7,57,7,55,6,57,6,58,5,57,5,58,5,60,5,59,5,60,5,59,5,62,4,63,4,63,4,1,4,1,4,2,4,3,5,4,4,2,5,3,5,5,5,4,6,6,6,7,6,6,7,6,7,6,7,5,7,6,8,7,8,6,9,5,9,6,9,5,9,4,9,5,10,3,10,2,10,2,10,3,10,1,11,1,11,63,10,0,10,62,10,61,11,61,10,61,10,60,11,59,10,58,10,58,9,60,9,58,9,58,9,58,9,59,8,57,8,59,7,58,8,57,7,58,7,58,6,58,6,58,6,58,6,58,6,59,5,60,5,59,5,61,5,61,5,60,4,62,4,63,4,1,4,1,5,2,5,2,5,4,5,5,5,4,5,4,5,6,6,5,6,5,6,6,7,5,7,5,7,3,7,6,7,5,8,5,8,5,9,4,9,5,10,3,9,3,10,6,10,3,10,2,11,1,11,2,11,0,11,0,11,1,11,61,11,62,11,60,11,59,10,60,9,58,9,58,9,57,9,55,9,56,8,56,8,57,8,57,7,57,7,57,7,56,6,58,6,59,6,59,6,60,5,60,5,61,5,60,4,59,4,61,4,62,5,63,4,0,4,1,4,0,5,3,4,1,5,4,5,7,4,4,6,6,5,6,6,6,6,5,6,6,7,6,7,3,8,6,8,6,8,6,9,5,9,4,9,5,10,3,9,3,10,6,10,3,10,0,11,3,11,1,11,0,11,0,11,63,11,61,11,60,11,62,10,59,11,58,10,62,9,60,10,58,10,56,9,57,9,59,9,58,8,55,9,57,8,56,8,56,7,57,7,56,7,58,7,56,6,58,6,59,6,59,5,61,5,61,5,61,5,62,4,60,5,62,4,63,5,63,5,0,5,2,5,1,5,3,5,2,5,5,5,6,5,4,6,5,6,5,6,6,6,6,6,5,8,5,8,4,8,6,8,7,8,6,9,4,9,5,9,4,10,3,9,4,10,4,10,2,10,0,11,2,11,2,11,0,11,0,11,61,11
1759561832.740912000,00:03:7f:25:14:25,00:03:7f:25:14:25,3a:c8:97:94:99:7a,3a:c8:97:94:99:7a,58,9,56,9,57,8,57,8,56,8,56,8,57,8,56,7,58,7,56,7,58,6,58,6,57,6,59,5,60,5,60,5,61,5,60,5,62,4,62,5,63,4,0,4,0,5,1,4,2,5,3,4,1,5,3,5,4,5,3,6,5,6,6,6,5,7,5,7,5,7,4,7,6,8,6,8,5,8,4,8,6,8,5,9,4,8,4,9,3,10,2,10,2,10,3,10,1,10,2,10,63,10,1,10,63,10,62,11,62,10,62,10,61,11,60,10,59,10,59,10,60,9,58,9,59,9,59,9,59,8,57,8,60,8,59,8,57,7,58,7,58,7,58,7,59,6,58,6,58,6,59,6,60,5,60,5,61,5,61,5,60,5,62,5,63,5,0,5,0,5,1,5,1,5,3,5,4,5,3,5,3,6,5,5,4,6,4,6,5,7,4,7,4,7,2,7,5,7,5,8,4,8,4,8,4,8,5,9,3,8,2,9,5,9,3,10,3,10,1,10,3,10,1,11,1,11,2,10,62,11,62,10,61,11,59,10,61,9,59,9,59,9,58,9,56,9,56,8,57,8,57,8,57,7,57,7,57,7,56,7,58,6,58,6,59,6,60,5,60,5,60,5,60,5,59,4,60,4,61,5,62,4,63,4,0,4,63,5,2,4,1,5,4,5,6,4,4,5,6,5,6,5,5,6,5,6,5,7,6,7,3,8,6,8,6,8,6,8,5,9,5,9,6,10,4,9,3,10,6,10,3,10,0,11,3,11,1,11,1,11,0,11,0,11,62,11,61,11,62,10,60,11,59,10,62,10,59,10,59,10,56,10,57,9,59,9,57,9,55,9,56,8,55,8,56,7,57,7,56,7,57,7,55,6,58,5,58,5,58,5,60,4,61,4,61,4,61,4,60,4,62,4,63,5,63,4,1,4,2,4,1,5,3,4,3,5,6,5,6,5,5,5,6,6,6,6,7,6,7,6,6,8,6,8,5,8,6,8,7,8,6,9,4,10,6,9,6,10,3,10,4,11,4,11,2,11,0,12,2,11,1,12,63,11,63,11,61,12
1759561833.138386000,00:03:7f:25:14:25,00:03:7f:25:14:25,3a:c8:97:94:99:7a,3a:c8:97:94:99:7a,59,9,57,9,58,8,58,8,57,8,57,8,58,7,57,7,59,7,57,7,59,7,60,6,59,6,60,5,61,5,61,5,62,6,60,5,63,5,63,5,0,5,1,5,1,5,2,5,2,6,3,5,1,6,2,6,4,6,2,6,4,6,5,7,4,7,4,7,4,7,4,7,5,8,5,8,4,8,4,8,5,9,3,9,3,8,4,9,2,9,2,10,2,10,2,10,1,10,2,10,63,10,1,10,63,10,62,10,62,10,61,10,61,10,60,10,59,9,59,9,60,9,58,9,59,9,59,9,59,8,57,8,59,7,59,8,57,7,58,7,58,7,59,7,59,6,59,6,58,6,60,5,60,5,60,5,61,5,61,5,61,4,63,4,63,4,1,4,1,5,2,5,2,5,4,5,5,5,4,5,4,6,6,6,5,7,5,6,6,7,5,7,4,7,3,8,5,8,5,8,4,9,4,9,3,9,4,10,2,9,2,10,4,10,2,10,2,11,0,11,1,11,0,11,62,11,0,10,62,10,60,11,61,10,58,9,60,9,58,9,58,9,57,9,56,9,56,8,57,8,57,7,57,7,57,7,58,7,57,6,59,6,59,6,60,5,62,5,62,5,62,5,62,5,61,4,62,4,63,5,0,5,1,5,2,5,0,5,3,5,2,5,5,5,7,5,4,6,6,6,6,6,5,7,5,7,5,8,6,7,3,8,5,8,5,9,5,9,4,9,3,9,4,10,2,9,2,10,4,10,2,10,62,11,1,11,63,11,63,11,62,11,62,10,60,10,60,10,61,10,59,10,58,10,62,9,59,9,59,9,57,9,58,8,59,8,58,8,56,8,57,7,57,7,57,6,59,6,57,6,59,6,57,6,60,5,61,5,61,5,63,5,0,5,0,5,0,5,62,5,0,5,0,6,1,5,2,5,3,6,2,6,3,6,3,6,5,6,5,6,4,7,5,7,4,8,5,8,4,8,3,8,3,8,2,9,3,9,4,9,3,9,1,10,3,9,2,10,0,9,1,10,2,10,0,10,61,10,0,10,63,10,62,10,63,10,60,10
1759561833.696925000,00:03:7f:25:14:25,00:03:7f:25:14:25,3a:c8:97:94:99:7a,3a:c8:97:94:99:7a,55,9,54,9,55,8,55,8,55,7,55,8,56,7,55,7,57,6,56,6,58,6,58,5,57,5,59,4,61,4,60,4,62,4,60,4,63,4,0,4,1,4,3,4,2,4,3,4,4,5,5,4,3,5,4,5,6,5,5,6,6,6,7,6,6,7,6,7,6,7,5,8,6,8,6,8,6,9,5,9,6,9,5,9,4,9,4,10,2,10,2,10,2,11,2,11,0,11,1,11,62,11,63,10,61,10,60,11,60,10,60,10,59,10,59,10,57,10,58,9,59,9,58,9,58,9,58,8,58,8,57,7,59,7,59,8,57,7,58,7,58,6,59,6,59,6,59,6,59,5,60,5,61,5,60,5,62,5,62,5,61,4,63,5,0,5,2,5,1,5,2,5,2,5,4,5,5,5,4,6,4,6,6,6,5,7,5,6,6,8,4,7,4,8,2,8,5,8,4,8,4,8,4,9,3,9,4,10,2,9,2,10,5,10,2,10,2,10,0,10,1,10,0,10,63,10,1,10,62,10,61,10,61,11,60,10,60,9,58,9,59,9,58,9,57,9,57,8,57,8,58,8,57,7,57,7,58,7,57,6,58,6,59,6,59,6,61,5,61,5,61,5,61,5,60,5,61,4,61,6,62,5,63,5,1,5,63,5,2,5,0,5,3,5,5,4,3,6,5,6,5,6,5,6,4,6,5,7,5,7,2,8,5,7,5,8,5,8,4,8,4,9,5,9,3,9,3,9,6,9,3,10,0,10,3,10,1,11,1,10,1,10,0,10,62,10,61,10,63,10,61,10,60,10,63,9,61,10,60,10,57,10,59,9,60,9,58,9,56,9,57,8,56,8,57,7,58,7,56,7,58,7,56,7,58,6,59,6,59,6,61,5,61,5,61,5,61,5,60,5,62,4,62,6,62,5,63,5,1,5,0,5,2,5,1,5,4,5,5,5,3,5,5,6,4,6,6,6,5,6,4,7,4,7,4,8,5,8,6,8,5,8,4,9,5,9,5,9,3,9,4,10,5,10,3,10,1,11,4,11,2,11,1,11,1,11,62,11
1759561834.208187000,00:03:7f:25:14:25,00:03:7f:25:14:25,3a:c8:97:94:99:7a,3a:c8:97:94:99:7a,57,9,56,9,57,8,57,8,56,8,56,8,57,8,56,7,58,7,56,6,58,7,59,6,57,6,59,5,60,6,59,5,60,5,59,5,62,4,62,5,63,5,0,4,0,4,1,4,2,5,3,4,1,5,2,5,4,5,3,6,5,6,6,6,4,7,5,7,5,7,5,7,6,7,6,8,5,8,5,8,6,8,5,8,4,8,5,9,3,9,3,10,3,10,4,10,2,11,3,11,0,10,2,10,0,10,63,11,63,10,62,10,61,11,60,11,59,10,59,10,60,10,59,10,58,9,59,9,59,9,57,8,59,8,58,9,56,8,58,7,57,7,58,7,58,7,57,6,57,6,59,6,59,5,59,5,60,5,60,4,60,4,61,4,62,4,0,4,0,4,1,4,1,5,4,5,5,5,3,5,4,5,6,5,5,6,5,6,6,7,5,7,5,7,3,7,6,7,5,8,5,8,5,9,4,9,5,9,3,9,3,10,6,10,4,10,3,11,1,10,2,11,0,11,0,11,1,11,62,10,61,11,61,11,57,10,60,10,58,9,57,9,57,9,55,9,56,8,56,8,56,8,56,7,56,7,57,7,56,6,58,6,58,6,58,6,60,5,60,5,60,4,60,4,59,4,61,3,62,5,62,4,0,4,1,4,0,4,3,4,2,5,5,5,7,4,4,5,7,5,7,6,6,6,6,6,6,8,7,7,4,8,6,8,6,8,7,9,5,9,5,9,6,10,4,10,3,11,6,10,3,10,0,11,2,11,0,11,63,11,63,11,63,11,60,11,59,11,61,10,58,11,57,10,61,9,58,10,57,10,56,9,57,9,58,8,57,8,55,8,56,7,55,7,56,6,57,6,56,6,58,6,56,6,59,5,59,5,60,5,62,4,63,4,63,4,63,4,62,4,0,4,0,6,0,5,1,5,2,5,2,5,3,5,3,6,6,5,6,6,4,6,6,6,5,7,6,7,6,7,4,8,4,8,3,9,5,9,6,9,5,9,3,10,5,9,3,10,2,9,3,10,3,10,2,10,63,11,2,11,1,11,63,11,63,11,60,11
1759561834.836105000,00:03:7f:25:14:25,00:03:7f:25:14:25,3a:c8:97:94:99:7a,3a:c8:97:94:99:7a,57,9,55,9,56,8,56,8,56,8,56,8,56,7,56,7,58,7,56,6,58,6,59,5,58,5,59,5,61,5,60,5,61,5,60,5,62,4,63,4,63,4,1,4,1,4,2,5,3,5,3,4,2,5,3,5,5,5,4,6,5,6,6,6,5,7,5,7,5,7,5,7,6,7,6,8,5,8,5,8,6,8,5,9,4,8,5,9,3,10,2,10,3,10,3,10,2,11,2,10,63,10,1,10,63,11,62,11,62,11,62,10,61,11,60,11,58,10,59,10,60,10,58,9,58,9,58,9,59,8,57,8,59,8,58,8,56,7,58,7,57,7,58,7,58,7,57,6,57,6,59,5,59,5,59,5,60,5,60,5,60,4,61,4,62,4,0,4,0,4,2,5,2,4,4,4,5,5,4,5,4,5,6,5,5,6,5,6,6,7,6,7,5,7,3,7,6,7,5,8,5,8,5,9,4,9,5,10,3,9,3,10,5,10,3,10,3,11,0,11,2,11,0,11,63,11,0,11,62,10,60,11,61,11,57,9,61,9,58,9,57,9,57,9,55,9,56,8,56,8,56,8,57,7,57,7,57,7,56,6,58,6,59,6,59,5,61,5,61,4,61,5,61,5,60,4,61,4,62,5,63,4,0,4,1,4,0,5,3,5,2,5,5,5,7,4,4,6,6,6,7,6,6,6,5,6,6,8,6,7,3,8,6,8,6,9,6,9,5,9,4,9,5,10,3,9,3,10,5,10,2,10,63,11,2,11,1,11,0,11,63,11,63,11,61,11,60,10,62,10,59,11,58,10,61,9,59,10,58,10,56,9,57,9,59,8,57,8,55,9,56,8,55,8,56,7,57,6,56,7,58,7,55,6,59,5,59,5,59,5,61,4,62,4,62,5,63,4,61,5,63,4,63,5,0,5,1,5,2,5,2,5,3,5,3,5,6,5,6,5,4,6,6,6,5,7,6,7,6,7,5,8,5,8,4,8,6,8,6,8,6,9,4,10,5,9,4,10,2,10,4,10,4,10,2,11,0,11,2,11,1,11,63,11,0,11,61,11
1759561835.429790000,00:03:7f:25:14:25,00:03:7f:25:14:25,3a:c8:97:94:99:7a,3a:c8:97:94:99:7a,59,8,57,8,59,7,58,7,59,7,59,7,59,7,59,7,61,7,59,6,61,6,62,5,61,5,63,5,0,6,63,6,0,6,62,6,0,5,1,5,1,6,2,6,2,6,2,6,2,7,3,6,1,6,1,6,3,6,2,7,3,7,4,7,3,8,3,8,2,7,2,8,3,8,3,8,2,9,2,9,3,8,2,8,1,8,2,9,0,9,0,9,1,10,2,9,0,10,1,9,62,9,0,9,62,9,62,10,62,10,62,9,62,10,61,9,59,9,60,8,61,8,59,9,60,9,61,8,61,8,59,7,61,7,61,8,59,7,60,7,60,7,61,7,60,7,60,7,60,6,61,6,62,6,61,6,62,6,62,6,61,5,63,5,63,5,1,5,0,6,2,6,1,6,3,6,3,5,2,6,2,6,4,6,3,7,3,7,4,8,3,7,2,7,0,8,4,8,3,8,2,8,2,9,1,9,2,9,1,8,0,9,3,9,1,9,1,10,63,10,1,10,0,10,63,10,1,10,61,9,62,10,62,10,59,9,62,8,60,8,60,9,59,9,57,9,58,8,58,8,59,7,58,7,59,7,59,7,58,7,60,6,60,6,61,6,62,5,62,6,63,6,62,5,61,5,62,4,62,6,63,5,0,5,1,5,0,6,2,5,0,6,3,6,6,5,2,6,5,6,5,7,4,7,3,7,4,8,4,7,1,8,4,8,4,8,3,9,3,9,2,9,3,9,2,8,1,9,4,9,1,9,62,10,2,10,0,11,63,10,63,10,63,10,62,10,61,9,63,9,60,10,60,10,0,9,62,9,60,9,58,9,59,9,60,8,59,9,56,9,59,8,57,8,58,7,59,7,58,7,59,8,57,7,60,6,60,6,60,6,63,5,63,6,62,6,63,6,61,6,63,5,63,6,63,5,0,5,1,6,0,6,2,6,1,6,4,5,4,5,2,6,4,6,3,7,4,7,4,7,3,8,2,8,2,8,4,8,5,8,3,9,1,9,3,9,3,9,1,8,2,9,2,9,1,10,62,10,1,10,0,10,63,10,0,10,61,10
1759561835.998241000,00:03:7f:25:14:25,00:03:7f:25:14:25,3a:c8:97:94:99:7a,3a:c8:97:94:99:7a,56,9,55,9,56,8,56,8,56,8,55,8,56,7,55,7,57,7,55,6,58,6,58,5,57,5,58,5,60,5,60,5,61,5,60,5,63,4,63,4,0,4,1,4,2,4,2,4,3,5,4,4,2,5,4,5,5,5,4,6,6,6,6,6,5,7,6,7,5,7,5,7,6,8,6,8,5,9,5,8,6,9,5,9,4,9,5,10,3,10,2,10,2,10,3,10,1,11,2,11,63,10,1,10,63,10,62,11,61,10,61,10,60,11,59,10,58,10,59,10,60,9,58,9,58,9,59,9,59,8,57,8,59,7,58,8,57,7,58,7,58,7,58,6,58,6,58,6,58,6,59,6,60,5,60,5,61,5,61,5,60,4,62,5,63,5,1,4,0,4,2,5,2,5,4,5,5,5,3,5,4,6,6,6,5,6,5,6,6,7,5,7,5,7,3,8,5,8,5,8,4,8,4,9,4,9,4,10,3,9,2,10,5,10,3,10,2,11,0,10,1,11,63,11,63,11,0,11,62,10,60,11,62,10,59,9,60,9,58,9,58,9,57,9,56,9,56,8,57,8,57,8,57,7,57,7,58,7,56,6,58,6,58,6,59,6,61,5,61,5,62,5,61,4,60,4,62,4,62,5,63,4,0,4,1,4,0,5,3,4,1,5,4,5,7,4,4,6,6,6,6,6,6,6,5,6,6,8,6,7,3,8,6,8,6,8,6,9,5,9,4,9,5,10,3,9,3,10,6,10,3,10,0,11,3,11,0,11,0,11,63,11,63,11,61,11,60,11,62,10,59,10,59,10,62,9,60,10,59,10,57,9,58,9,59,9,57,8,55,8,57,8,56,8,56,7,57,7,56,7,58,7,55,6,58,6,58,6,59,6,61,5,61,5,61,5,62,4,60,5,62,4,62,5,63,5,0,5,1,5,1,5,2,5,2,5,5,5,5,5,4,6,5,6,5,6,6,6,6,6,5,7,5,8,4,8,6,8,7,8,6,9,4,9,6,9,5,10,3,9,4,10,5,10,3,11,1,11,3,11,2,11,0,11,0,11,61,11
1759561836.572318000,00:03:7f:25:14:25,00:03:7f:25:14:25,3a:c8:97:94:99:7a,3a:c8:97:94:99:7a,56,9,55,9,56,8,56,8,56,7,56,8,56,7,56,7,57,6,56,6,58,6,59,5,58,5,59,5,61,5,61,5,62,5,61,5,63,4,63,4,0,4,1,4,2,5,2,5,3,5,4,5,2,6,3,5,5,6,4,6,5,6,6,6,5,7,5,7,5,7,4,7,6,8,6,8,5,9,4,8,6,9,5,9,4,8,4,9,2,10,2,10,2,10,3,10,1,10,2,10,63,10,1,10,63,10,62,11,62,10,61,10,60,11,60,10,59,10,59,9,60,9,58,9,58,9,59,9,59,8,58,8,59,8,59,8,57,7,58,7,58,7,59,7,58,6,58,6,58,6,60,6,60,5,60,5,61,5,61,5,60,5,62,5,63,5,0,4,0,5,1,5,1,5,3,5,4,5,3,5,4,6,5,6,5,6,5,6,6,7,5,7,4,7,2,7,5,7,5,8,4,8,4,9,4,9,5,9,2,9,2,9,5,10,3,10,2,10,0,10,2,11,0,11,0,11,1,10,62,10,61,11,62,11,60,9,60,9,58,9,58,9,57,9,56,9,57,8,57,8,57,8,57,7,57,7,58,7,56,6,58,6,58,6,59,6,61,5,61,5,61,5,61,5,60,4,61,4,61,5,62,4,0,5,1,4,0,5,2,4,0,5,4,5,6,4,4,6,6,5,6,6,5,6,5,6,6,7,6,7,3,8,6,8,6,8,6,8,5,9,4,9,6,10,4,9,3,10,6,10,3,10,0,11,3,11,1,11,1,11,0,11,0,11,61,11,61,11,62,10,60,11,58,10,62,10,59,10,59,10,56,10,57,9,59,9,57,9,55,9,57,8,55,8,56,7,57,7,56,7,57,7,55,6,58,5,58,5,58,5,61,5,61,5,61,4,62,4,61,4,63,4,63,5,63,4,1,4,2,4,1,5,3,5,2,5,6,5,6,5,4,6,6,6,5,6,7,6,6,7,5,8,5,8,4,8,6,8,7,8,6,9,4,9,6,9,5,10,3,10,4,10,4,10,3,11,0,11,3,11,1,11,0,11,0,11,61,11
1759561837.129025000,00:03:7f:25:14:25,00:03:7f:25:14:25,3a:c8:97:94:99:7a,3a:c8:97:94:99:7a,56,9,55,9,57,8,56,8,56,8,56,8,56,7,56,7,57,7,56,6,58,6,59,5,57,5,59,5,60,5,60,5,61,5,60,5,62,4,63,4,0,4,1,4,1,4,2,4,2,5,3,4,2,5,3,5,5,5,4,6,5,6,6,6,5,7,5,7,5,7,5,7,6,8,6,8,5,8,4,8,6,9,5,9,4,9,5,9,3,10,2,10,3,10,3,10,1,11,2,11,63,10,1,10,63,11,62,11,62,10,61,10,60,11,60,10,58,10,59,10,60,9,58,9,58,9,58,9,59,8,57,8,59,8,58,8,57,7,58,7,58,7,58,7,58,6,58,6,58,6,59,5,60,5,59,5,61,5,61,5,60,4,62,4,63,4,0,4,0,4,2,5,2,5,4,5,5,5,3,5,4,6,6,6,5,6,5,6,6,7,5,7,4,7,3,7,6,8,5,8,4,8,4,9,4,9,5,10,2,9,2,10,5,10,3,10,2,11,0,10,2,11,0,11,0,11,1,10,61,10,61,11,61,11,59,10,60,9,58,9,58,9,58,9,56,9,56,8,57,8,57,8,57,7,57,7,58,7,56,6,58,6,59,6,59,6,60,5,60,5,61,5,61,5,60,4,61,4,62,5,62,4,0,4,1,4,0,5,3,5,1,5,4,5,6,4,4,6,6,5,6,6,5,6,4,6,6,7,6,7,3,8,6,8,6,8,6,8,5,9,4,9,5,10,3,9,3,10,6,10,3,10,63,11,3,11,1,11,0,11,0,11,0,11,61,11,61,11,62,10,59,11,58,10,62,9,59,10,59,10,56,9,57,9,59,9,57,8,55,9,56,8,55,8,56,7,57,7,56,7,58,7,55,6,58,5,59,5,59,5,61,5,61,5,61,4,62,4,61,4,63,4,63,5,63,4,0,4,2,5,1,5,3,5,2,5,5,5,6,5,4,6,6,6,5,6,6,6,6,7,5,8,5,8,4,8,6,8,7,8,6,9,4,9,5,9,5,10,3,9,4,10,4,10,2,11,0,11,3,11,2,11,0,11,0,11,62,11
1759561837.949113000,00:03:7f:25:14:25,00:03:7f:25:14:25,3a:c8:97:94:99:7a,3a:c8:97:94:99:7a,56,9,55,9,56,8,56,8,56,8,56,8,56,7,55,7,58,6,56,6,58,6,59,5,58,5,59,5,60,5,60,5,61,5,60,5,63,4,63,4,0,4,1,4,1,4,2,4,3,5,4,5,2,5,4,5,5,5,3,6,5,6,6,6,5,7,5,7,5,7,5,7,6,8,6,8,5,8,4,8,6,9,5,9,4,9,5,10,2,10,2,10,2,10,3,10,1,11,2,10,63,10,1,10,63,10,62,11,62,10,61,10,61,11,60,10,58,10,59,10,60,9,58,9,58,9,59,9,59,8,57,8,59,8,59,9,57,7,58,7,58,7,58,7,58,6,58,6,58,6,59,6,59,5,59,5,61,5,60,4,60,4,61,5,63,4,0,4,0,4,2,5,2,5,4,5,4,5,4,5,4,6,5,5,5,6,5,6,6,7,5,7,5,7,3,8,5,8,5,8,5,8,5,9,4,9,5,10,3,9,3,10,5,10,3,10,3,10,0,10,2,11,0,11,63,11,1,11,62,10,61,11,61,10,57,9,61,9,59,9,58,9,57,9,55,9,56,8,56,8,57,8,57,7,56,7,58,7,56,6,58,6,59,6,59,6,60,5,60,5,61,5,61,5,60,4,61,4,62,5,63,4,0,4,1,4,0,5,3,4,2,5,4,5,6,4,4,6,6,6,6,6,6,6,5,6,6,8,6,7,3,8,5,8,6,8,6,8,5,9,4,9,5,10,3,9,3,10,5,10,3,10,63,11,3,11,0,11,0,11,63,11,63,11,61,11,60,11,62,10,59,10,58,10,62,9,59,10,59,10,56,9,57,9,59,9,57,8,55,8,57,8,56,8,56,7,57,6,56,7,58,7,55,6,58,5,59,5,59,6,61,5,61,5,62,5,62,5,61,4,63,4,63,5,63,5,1,4,1,5,1,5,2,4,2,5,5,5,5,5,4,6,6,6,5,6,6,6,6,7,5,8,5,8,4,8,6,8,7,8,6,9,4,9,6,9,5,10,3,9,5,10,5,10,3,10,0,11,3,11,1,11,0,11,0,11,61,11
1759561838.499575000,00:03:7f:25:14:25,00:03:7f:25:14:25,3a:c8:97:94:99:7a,3a:c8:97:94:99:7a,56,9,55,9,56,8,56,8,56,8,55,8,56,7,55,7,58,7,56,6,58,6,59,5,58,5,59,5,60,5,60,5,62,5,60,5,63,4,63,4,0,4,1,4,1,5,2,5,3,5,4,5,2,6,4,5,5,5,3,6,5,6,6,6,5,7,5,7,5,7,5,7,6,8,6,8,5,8,4,8,6,9,4,9,4,8,4,9,3,10,2,10,2,10,3,10,1,10,2,10,63,10,1,10,63,10,62,11,62,10,62,10,61,11,60,10,59,10,59,10,60,9,58,9,58,9,59,9,59,8,57,8,59,8,59,8,57,8,58,7,58,7,58,7,58,7,58,6,58,6,59,6,60,5,59,5,61,5,61,5,60,4,62,5,63,4,0,4,0,4,2,5,1,5,3,5,4,5,3,5,3,5,6,5,5,6,5,6,6,7,5,7,5,7,3,7,6,7,5,8,5,8,5,9,4,9,5,9,3,9,3,10,5,10,3,10,2,11,0,10,2,11,0,11,0,11,1,10,62,11,61,11,62,11,59,9,60,9,58,9,58,9,57,9,56,9,56,8,57,8,57,8,57,7,56,7,58,7,56,6,58,6,59,6,59,6,60,5,61,5,61,5,61,5,60,4,61,4,62,5,63,5,0,4,1,4,0,5,3,4,1,5,4,5,6,4,4,6,6,6,6,6,6,6,4,6,6,7,6,7,3,8,5,8,6,8,6,8,5,9,4,9,5,10,3,9,3,10,6,10,3,10,63,11,3,11,1,11,0,11,0,11,63,11,61,11,60,11,62,10,59,10,58,10,62,9,60,10,59,10,56,9,57,9,59,9,57,8,55,9,57,8,56,8,56,7,57,7,56,7,58,7,55,6,58,6,59,6,59,5,61,5,61,5,61,5,62,4,61,5,62,4,63,5,63,5,0,5,1,5,1,5,3,5,2,5,5,5,5,5,4,6,6,6,5,6,6,6,6,6,5,8,5,8,4,8,6,8,7,8,6,9,4,9,6,9,5,10,3,10,4,10,5,10,3,11,0,11,3,11,1,11,0,11,0,11,61,11
1759561838.898344000,00:03:7f:25:14:25,00:03:7f:25:14:25,3a:c8:97:94:99:7a,3a:c8:97:94:99:7a,56,9,55,9,57,8,56,8,56,8,55,8,56,7,56,7,57,7,56,6,58,6,59,5,57,5,59,5,60,5,60,5,61,5,60,5,62,4,62,4,0,4,1,4,1,4,2,5,3,5,4,4,2,5,3,5,5,5,4,6,5,6,6,6,5,7,5,7,5,7,5,7,6,8,6,8,5,8,4,8,6,9,5,9,4,8,4,9,3,10,2,10,3,10,3,10,1,11,2,10,63,10,1,10,63,10,62,11,62,10,61,10,61,11,60,10,58,10,59,10,60,10,58,9,58,9,59,9,59,8,57,8,59,8,58,8,57,7,58,7,58,7,58,7,58,7,58,6,58,6,59,6,60,5,59,5,61,5,61,5,60,5,62,4,63,4,0,4,0,4,2,5,1,5,4,5,4,5,3,5,3,6,6,5,5,6,5,6,6,7,5,7,5,7,3,7,6,7,5,8,4,8,4,9,4,9,5,10,3,9,3,10,5,10,3,10,2,11,0,10,2,11,0,11,0,11,1,10,61,10,61,11,61,11,58,10,60,9,58,9,58,9,58,9,56,9,56,8,56,8,57,8,57,7,57,7,57,7,56,6,58,6,59,6,59,6,60,5,60,5,61,5,61,5,60,4,61,4,62,5,63,4,0,4,1,4,0,5,3,4,1,5,5,5,7,4,4,6,6,6,6,6,6,6,5,6,6,7,6,7,3,8,6,8,6,8,6,8,5,9,4,9,5,10,3,9,3,10,6,10,3,10,63,11,3,11,1,11,0,11,0,11,63,11,61,11,60,11,62,10,59,11,58,10,62,10,59,10,59,10,56,9,57,9,59,9,57,8,55,9,57,8,56,8,56,7,57,7,56,7,58,7,55,7,58,6,59,6,58,5,61,5,61,5,61,5,62,5,61,5,62,4,63,5,63,4,0,4,2,5,1,5,3,5,2,5,5,5,6,5,4,5,6,6,5,6,6,6,6,6,5,7,5,7,4,8,6,8,7,8,6,9,4,9,6,9,5,10,3,9,4,10,4,10,3,11,0,11,3,11,2,11,0,11,0,11,61,11
1759561839.364003000,00:03:7f:25:14:25,00:03:7f:25:14:25,3a:c8:97:94:99:7a,3a:c8:97:94:99:7a,56,9,55,9,56,8,56,8,56,8,56,8,56,7,56,7,57,7,56,6,58,6,59,5,57,5,59,5,61,5,60,5,61,5,60,5,62,4,63,4,0,4,1,4,1,5,2,5,2,5,4,4,2,5,3,5,5,5,4,6,5,6,6,6,5,7,5,7,5,7,5,7,6,8,6,8,5,8,4,8,6,9,5,9,4,8,4,9,3,9,2,10,2,10,3,10,1,10,2,10,0,10,1,10,63,10,62,11,62,10,62,10,61,11,60,10,59,10,59,10,60,10,58,9,58,9,59,9,59,8,57,8,59,8,58,8,57,8,58,7,57,7,58,7,58,7,58,6,57,6,59,6,60,5,59,5,61,5,60,5,60,5,61,4,63,4,0,4,0,4,1,5,1,5,3,4,4,4,3,5,4,5,6,5,5,6,5,6,6,7,5,7,5,7,3,7,6,7,5,8,5,8,5,9,4,9,5,9,3,9,3,10,5,10,3,10,2,11,0,11,2,11,0,11,0,11,1,10,61,11,61,11,61,11,59,10,60,9,58,9,58,9,57,9,56,9,56,8,56,8,57,7,57,7,57,7,58,7,56,6,58,6,58,6,59,6,61,5,61,5,61,5,61,4,60,4,61,4,62,5,63,4,0,4,1,4,0,5,3,5,1,5,5,5,7,4,4,6,6,6,6,6,6,6,5,6,6,7,6,7,3,8,6,8,6,8,5,9,5,9,4,9,5,10,3,9,2,10,6,10,3,10,0,11,3,11,1,11,0,11,0,11,63,11,61,11,60,11,62,10,59,11,59,10,62,10,60,10,59,10,57,9,57,9,59,9,57,8,55,9,57,8,56,8,56,7,57,7,56,7,57,7,55,7,58,6,58,6,59,5,61,5,62,5,61,5,62,5,60,5,62,4,62,5,63,4,0,4,2,5,1,5,2,5,2,5,5,5,6,5,4,5,5,6,5,6,7,7,6,7,5,7,5,7,4,8,6,8,7,8,6,9,4,9,6,9,5,10,3,9,4,10,5,10,3,11,0,11,3,11,2,11,0,11,1,11,61,11
1759561840.015922000,00:03:7f:25:14:25,00:03:7f:25:14:25,3a:c8:97:94:99:7a,3a:c8:97:94:99:7a,57,9,55,9,56,8,55,8,55,8,56,8,56,7,55,7,58,6,56,6,58,6,59,5,58,5,59,5,60,5,60,5,61,5,60,5,63,4,63,5,0,4,1,4,1,4,2,4,3,5,4,4,2,6,3,5,5,5,4,6,5,6,6,6,5,7,5,7,5,7,4,8,6,8,6,8,5,8,4,8,6,8,4,9,4,8,5,9,3,10,2,10,3,10,3,10,1,11,2,10,63,10,1,10,63,10,62,11,62,10,61,10,61,11,60,10,58,10,59,10,60,9,59,9,59,9,59,9,59,8,57,8,59,8,59,9,57,8,58,7,58,7,58,7,58,7,58,7,58,6,59,6,60,5,59,5,61,5,60,5,60,5,62,5,62,5,63,4,0,4,1,5,1,5,3,5,4,5,3,5,4,5,6,5,5,6,5,6,6,7,5,7,4,7,3,7,6,7,5,8,5,8,5,8,4,9,5,10,3,9,3,10,6,10,3,10,3,11,1,11,2,11,1,11,63,11,1,11,62,11,62,11,61,11,59,10,60,9,58,9,58,9,57,9,56,9,56,8,56,8,57,8,57,7,56,7,58,7,56,6,58,6,58,6,59,6,60,5,60,5,61,5,61,4,60,4,61,3,62,5,63,5,0,4,1,4,0,5,3,4,2,5,5,5,7,4,4,6,6,6,7,6,6,6,5,6,6,8,6,7,3,8,6,8,6,8,6,9,5,9,4,9,5,10,3,9,3,10,6,10,3,10,0,11,3,11,1,11,0,11,63,11,63,11,61,11,60,11,62,10,60,10,58,10,62,9,59,10,58,10,56,10,57,9,59,9,58,8,55,8,56,8,55,8,56,7,57,7,56,7,58,7,55,6,58,6,59,6,59,6,61,5,61,5,61,5,62,4,60,5,62,4,63,5,63,5,0,5,1,5,1,5,3,5,2,5,5,5,5,5,4,6,6,6,5,6,6,6,6,6,5,8,5,8,4,8,6,8,7,8,6,9,4,9,6,9,5,10,3,10,4,10,5,10,3,11,0,11,3,11,2,11,0,11,0,11,61,11
1759561840.578758000,00:03:7f:25:14:25,00:03:7f:25:14:25,3a:c8:97:94:99:7a,3a:c8:97:94:99:7a,56,9,55,9,56,8,55,8,56,8,55,8,56,7,56,7,57,7,55,6,58,6,59,5,57,5,59,5,60,5,60,5,61,5,60,5,63,4,63,4,0,4,1,4,1,4,2,4,3,5,4,5,2,5,3,5,5,5,4,6,5,6,6,6,5,7,5,7,5,7,5,7,6,8,6,8,5,8,5,8,6,9,5,9,4,9,5,9,3,10,2,10,2,10,3,10,1,10,2,10,63,10,1,10,63,10,62,11,61,10,61,10,61,11,60,10,58,10,59,10,60,9,58,9,58,9,59,9,59,8,57,8,59,8,59,8,57,7,58,7,58,7,58,7,58,6,58,6,58,6,59,6,60,5,59,5,61,5,61,5,60,4,62,5,63,5,0,4,0,5,2,5,2,5,3,5,4,5,3,5,3,6,6,6,5,6,4,6,6,7,5,7,4,7,3,7,5,8,5,8,5,8,5,9,4,9,4,9,3,9,3,10,5,10,3,10,3,10,0,11,2,11,1,11,0,11,1,11,62,10,62,11,60,11,58,10,60,9,58,9,58,9,57,9,56,9,56,8,56,8,57,8,57,7,57,7,58,7,56,6,58,6,59,6,59,6,60,5,60,5,61,5,61,5,60,4,61,4,62,5,63,4,0,4,1,4,0,5,3,4,1,5,4,5,7,4,4,6,6,5,6,6,6,6,5,6,6,7,6,7,3,8,6,8,6,8,6,8,5,9,4,9,5,10,3,9,3,10,6,10,3,10,0,11,3,11,1,11,0,11,0,11,63,11,61,11,60,11,62,10,59,10,58,10,62,10,60,10,59,10,56,10,57,9,59,9,57,8,55,9,56,8,55,8,56,7,57,7,56,7,58,7,55,6,58,5,59,6,58,5,61,5,61,5,61,4,62,4,60,5,62,4,63,5,63,4,0,4,2,5,1,5,3,5,2,5,5,5,6,5,4,6,6,6,5,7,6,6,6,6,5,8,5,8,4,8,6,8,7,8,6,9,4,9,6,9,5,10,3,10,4,10,5,10,3,11,0,11,3,11,1,11,0,11,0,11,61,11
1759561840.991304000,00:03:7f:25:14:25,00:03:7f:25:14:25,3a:c8:97:94:99:7a,3a:c8:97:94:99:7a,57,9,55,9,56,8,56,8,55,8,56,8,56,7,56,7,57,6,56,6,58,6,59,5,57,5,59,5,60,5,60,5,61,5,60,5,62,4,63,4,0,4,1,4,1,4,2,5,3,5,4,4,2,5,3,5,5,5,3,6,5,6,6,6,5,7,5,7,5,7,5,8,6,8,6,8,5,8,4,8,6,8,5,9,4,9,5,9,3,10,2,10,2,10,3,10,1,10,2,10,63,10,1,10,63,10,62,11,62,10,61,10,60,11,60,10,58,10,59,10,60,9,58,9,58,9,59,9,59,8,58,8,59,8,59,8,57,7,58,7,58,7,59,7,58,6,58,6,58,6,60,6,60,5,59,5,61,5,61,5,60,5,62,5,63,5,1,4,0,5,2,5,1,5,3,5,5,5,3,5,3,6,5,5,5,6,5,6,6,7,5,7,4,7,3,8,5,7,5,8,4,8,4,9,4,9,5,9,3,9,3,10,5,10,3,10,2,10,0,10,2,11,0,11,63,11,1,11,62,10,62,11,61,10,58,10,61,9,59,9,58,9,57,9,56,9,56,8,56,8,57,8,57,7,57,7,57,7,56,6,58,6,59,6,59,6,61,5,60,5,61,5,60,5,59,4,61,4,62,5,63,4,0,4,1,4,0,5,3,4,1,5,4,5,7,4,4,6,6,5,6,5,6,6,5,6,6,8,7,7,4,8,6,8,6,8,6,8,5,9,5,9,6,10,3,9,3,10,6,10,3,10,0,11,3,11,1,11,0,11,0,11,0,11,61,11,60,11,62,10,59,11,59,10,62,9,59,10,58,10,56,10,57,9,59,8,57,8,55,8,57,8,56,8,56,7,57,7,56,7,58,7,55,6,59,6,59,6,59,5,61,5,62,5,61,5,62,4,61,5,63,4,63,5,63,5,0,5,2,5,1,5,3,5,2,5,5,5,6,5,4,6,5,6,5,7,7,6,6,6,5,8,5,8,4,8,5,8,7,8,6,9,4,9,6,9,5,10,3,9,4,10,5,10,3,10,0,11,3,11,2,11,0,11,0,11,61,11
1759561841.549003000,00:03:7f:25:14:25,00:03:7f:25:14:25,3a:c8:97:94:99:7a,3a:c8:97:94:99:7a,56,9,55,9,56,8,56,8,56,8,55,8,56,7,56,7,57,6,56,6,58,6,59,5,57,5,59,5,60,5,60,5,61,5,60,5,62,4,63,4,0,4,1,4,1,4,2,5,3,5,4,4,2,5,3,5,5,5,4,6,5,6,6,6,5,7,5,7,5,7,5,7,6,8,6,8,5,9,4,8,6,9,4,9,4,8,4,9,3,10,2,10,2,10,3,10,1,10,1,10,63,10,1,10,63,10,62,11,62,10,62,10,61,10,60,10,58,10,59,10,60,9,59,9,59,9,59,9,59,8,57,8,59,8,59,8,57,8,58,7,58,7,58,7,58,6,58,6,58,6,59,6,60,5,59,5,61,5,61,5,60,5,62,5,63,5,0,4,0,5,1,5,1,5,4,5,4,5,3,5,4,5,6,6,5,6,5,6,6,7,5,7,4,7,3,7,6,7,5,8,5,8,5,9,4,9,5,9,3,9,2,10,5,10,3,10,2,11,0,10,2,11,0,11,63,11,1,10,62,11,61,10,61,11,59,10,60,9,58,9,58,9,58,9,56,9,56,8,56,8,57,8,57,7,57,7,57,7,56,6,58,6,59,6,59,6,60,5,60,5,61,5,61,4,60,4,61,4,62,5,63,4,0,4,1,4,0,5,3,4,1,5,4,5,6,4,4,6,6,5,6,6,6,6,5,6,6,7,6,7,3,8,6,8,6,8,6,9,5,9,4,9,5,10,4,9,3,10,6,10,3,10,0,11,3,11,1,11,0,11,0,11,63,11,61,11,60,11,62,10,59,11,58,10,62,9,59,10,58,10,56,10,57,9,59,9,57,8,55,9,56,8,56,8,56,7,57,7,56,7,58,7,55,6,58,5,59,6,59,5,61,5,61,4,61,5,62,4,61,5,62,4,63,5,63,5,0,5,2,5,1,5,3,5,2,5,5,5,5,5,4,6,6,6,5,7,6,6,6,7,5,8,5,8,4,8,6,8,7,8,6,9,4,9,5,9,5,10,3,9,4,10,5,10,3,11,0,11,3,11,1,11,0,11,0,11,61,11
1759561841.999361000,00:03:7f:25:14:25,00:03:7f:25:14:25,3a:c8:97:94:99:7a,3a:c8:97:94:99:7a,57,9,55,9,57,8,56,8,56,8,56,8,56,7,56,7,57,7,56,6,58,6,59,5,57,5,59,5,60,5,60,5,61,5,60,5,63,4,63,4,0,4,1,5,1,4,2,5,2,5,4,5,2,5,3,5,5,5,3,6,5,6,6,6,5,7,5,7,5,7,5,7,5,8,6,8,5,8,4,8,6,9,5,9,4,8,5,9,3,10,3,10,2,10,3,10,1,10,2,10,63,10,1,10,63,10,62,11,62,10,61,10,60,11,60,10,59,10,59,10,60,10,58,9,58,9,59,9,59,8,57,8,59,8,58,8,57,7,58,7,58,7,58,7,58,6,58,6,58,6,59,5,60,5,59,5,61,5,61,5,60,5,62,5,63,5,1,4,0,4,2,5,1,5,4,5,4,5,3,5,3,6,6,6,5,6,5,6,6,7,5,7,5,7,3,8,5,8,5,8,4,8,4,9,4,9,5,10,2,9,3,10,5,10,3,10,3,10,0,11,2,11,0,11,0,11,1,11,62,11,61,10,61,11,59,9,60,9,58,9,58,9,57,9,55,9,56,8,56,8,57,8,57,7,57,7,58,7,56,6,58,6,58,6,59,6,60,5,60,5,61,5,61,4,60,4,61,4,62,5,63,4,1,4,1,4,0,5,3,4,1,5,5,5,7,4,4,6,6,5,6,6,6,6,5,6,6,8,6,7,3,8,6,8,6,8,6,8,5,9,4,9,5,10,3,9,3,10,6,10,3,10,0,11,3,11,1,11,0,11,0,11,63,11,61,11,60,11,62,10,59,10,59,10,62,9,60,10,59,10,57,9,57,9,59,9,57,8,55,9,57,8,56,8,56,7,57,7,56,7,58,7,55,6,58,6,58,6,59,5,61,5,61,5,61,4,62,4,60,5,63,4,63,5,63,5,1,4,1,5,1,5,3,5,2,5,5,5,6,5,4,6,5,6,5,6,7,6,6,6,5,8,5,7,4,8,6,8,7,8,6,9,4,9,6,9,5,10,3,9,4,10,4,10,3,11,1,11,2,11,2,11,1,11,0,11,61,11
1759561842.419850000,00:03:7f:25:14:25,00:03:7f:25:14:25,3a:c8:97:94:99:7a,3a:c8:97:94:99:7a,57,9,55,9,56,8,56,8,56,8,56,8,56,7,56,7,57,7,56,6,58,6,58,5,57,5,59,5,61,5,60,5,61,5,60,5,62,4,62,4,0,4,1,4,1,4,2,5,3,5,4,4,2,5,3,5,5,5,4,6,5,6,6,6,5,7,5,7,5,7,5,7,6,8,6,8,5,8,4,8,6,9,5,9,4,8,5,9,3,10,2,10,2,10,3,10,1,11,2,10,63,10,1,10,63,10,62,11,62,11,61,10,60,11,60,10,58,10,59,10,60,9,58,9,58,9,58,9,59,8,57,8,59,8,58,8,57,7,58,7,57,7,58,7,58,7,58,6,58,6,60,5,60,5,59,5,61,5,61,5,60,5,62,4,63,5,1,4,1,5,2,5,1,5,3,5,5,5,3,5,4,5,6,6,5,6,5,6,6,7,5,7,5,7,3,7,5,7,5,8,5,8,4,9,4,9,5,9,2,9,3,10,5,10,3,10,2,11,0,10,2,11,0,11,63,11,1,10,62,10,61,11,62,11,60,10,59,9,58,9,59,9,58,9,56,9,56,8,57,8,57,8,57,7,57,7,57,7,56,6,58,6,58,6,59,6,60,5,60,5,61,5,60,5,59,4,61,4,62,5,62,4,0,4,1,4,0,5,3,4,1,5,4,5,7,4,4,5,6,5,6,6,6,6,5,6,6,7,7,7,4,8,6,8,6,8,6,9,5,9,5,9,6,10,4,9,3,10,6,10,3,10,0,11,3,11,1,11,0,11,0,11,0,11,61,11,60,11,62,10,59,11,58,10,61,10,59,10,58,10,56,9,57,9,58,8,57,8,55,9,56,8,55,8,56,7,57,7,56,7,57,7,55,6,58,6,58,5,59,5,61,5,62,5,62,4,62,4,61,5,63,4,63,5,63,4,1,5,2,5,1,5,3,5,2,5,5,5,6,5,4,6,6,6,5,7,6,7,6,7,5,8,5,8,4,8,6,8,7,8,6,9,4,9,6,9,5,10,3,9,4,10,4,10,2,11,0,11,2,11,1,11,0,11,0,11,61,11
1759561842.845928000,00:03:7f:25:14:25,00:03:7f:25:14:25,3a:c8:97:94:99:7a,3a:c8:97:94:99:7a,56,9,55,9,57,8,56,8,56,8,56,8,56,7,56,7,58,7,56,6,58,6,59,5,57,5,59,5,61,5,60,5,61,5,60,5,62,4,62,4,0,4,1,4,1,4,2,5,2,5,4,4,2,5,3,5,5,5,3,6,5,6,6,6,5,7,5,7,5,7,5,7,6,8,6,8,5,8,5,8,7,9,5,9,4,8,4,9,3,10,3,10,2,10,3,10,1,10,2,10,63,10,1,10,63,10,62,11,62,11,61,10,61,11,60,10,58,10,59,10,60,10,58,9,58,9,59,9,59,8,57,8,59,8,58,8,57,7,58,7,58,7,58,7,58,6,58,6,58,6,59,5,60,5,59,5,61,5,61,5,60,5,62,4,63,4,1,4,1,5,2,5,1,5,4,5,5,5,3,5,4,6,6,6,5,6,5,6,6,7,5,7,5,7,2,7,5,8,5,8,4,8,4,9,4,9,5,9,2,9,2,10,5,10,3,10,2,11,0,10,1,11,0,11,63,11,1,10,62,10,60,11,62,10,59,9,60,9,58,9,58,9,57,9,55,9,57,8,57,8,57,8,57,7,57,7,58,7,56,6,58,6,58,6,59,6,60,5,60,5,61,5,61,5,59,4,61,4,61,5,62,4,0,4,1,4,0,5,3,5,1,5,4,5,6,4,4,6,6,5,6,6,6,6,5,6,6,7,7,7,3,8,6,8,6,8,6,8,5,9,5,9,6,10,4,9,3,10,6,10,3,10,0,11,3,11,1,11,0,11,0,11,0,11,61,11,60,11,62,10,59,11,58,10,62,10,59,10,59,10,56,9,57,9,58,9,57,8,55,9,56,8,55,8,56,7,57,7,56,7,57,7,55,6,58,5,58,5,58,5,61,5,62,4,61,4,62,4,61,5,63,4,63,5,63,4,1,4,2,5,2,5,3,5,2,5,5,5,6,5,4,6,6,6,5,7,7,7,6,7,5,8,5,8,4,8,6,8,7,8,5,9,4,9,6,9,5,10,2,9,3,10,4,10,2,11,0,11,3,11,1,11,63,11,0,11,61,11
1759561843.366954000,00:03:7f:25:14:25,00:03:7f:25:14:25,3a:c8:97:94:99:7a,3a:c8:97:94:99:7a,56,9,55,9,56,8,56,8,56,8,56,8,56,7,56,7,57,7,56,6,58,6,58,5,57,5,58,5,60,5,60,5,61,5,60,5,62,4,62,4,0,4,1,4,1,4,2,4,3,5,4,4,2,5,3,5,5,5,4,6,5,6,6,6,5,7,5,7,5,7,5,7,6,8,6,8,5,9,5,8,6,9,5,9,4,9,4,9,2,10,3,10,2,10,3,10,1,11,1,10,63,10,1,10,63,10,62,11,61,10,61,10,60,11,60,10,58,10,59,9,60,9,58,9,58,9,59,9,59,8,57,8,59,8,59,8,57,7,58,7,58,7,58,7,58,6,58,6,58,6,59,6,60,5,60,5,61,5,61,5,60,4,62,4,63,4,1,4,0,4,2,5,2,5,4,5,5,5,3,5,4,6,6,6,5,6,5,6,6,7,5,7,4,8,3,8,6,8,5,8,4,8,4,9,3,9,4,10,2,9,2,10,5,10,3,10,2,11,0,10,2,11,0,11,63,11,0,10,62,10,61,11,62,11,60,9,60,9,58,9,58,9,57,9,56,9,56,8,57,8,57,8,57,7,57,7,58,7,56,6,58,6,59,6,59,6,60,5,60,5,61,5,61,5,60,4,61,4,61,5,63,4,0,4,1,4,0,5,3,4,1,5,4,5,6,4,4,5,6,5,6,6,5,6,5,6,6,7,6,7,3,8,6,8,6,8,6,8,5,9,4,9,5,10,3,9,3,10,6,10,3,10,0,11,3,11,1,11,0,11,0,11,63,11,61,11,61,11,62,10,59,11,58,10,62,10,60,10,59,10,56,9,58,9,59,9,57,9,55,9,57,8,56,8,56,7,57,7,56,7,58,7,55,6,58,6,58,6,59,5,60,5,61,5,61,5,62,4,60,5,62,4,63,5,63,4,0,4,2,5,1,5,3,5,2,5,5,5,6,5,4,5,6,6,5,7,6,6,6,7,5,8,5,8,4,8,6,8,7,8,6,9,4,9,6,9,5,10,3,9,4,10,4,10,3,11,0,11,3,11,1,11,0,11,0,11,61,11
1759561843.898337000,00:03:7f:25:14:25,00:03:7f:25:14:25,3a:c8:97:94:99:7a,3a:c8:97:94:99:7a,57,9,55,9,56,8,56,8,56,7,56,8,57,7,56,7,58,6,56,6,58,6,59,5,58,5,60,5,61,5,61,5,62,5,61,5,63,4,0,5,0,5,2,5,2,5,3,5,4,5,4,5,2,6,4,6,5,6,4,6,5,6,6,7,5,7,5,7,5,8,4,8,5,8,6,8,5,9,4,9,5,9,4,9,3,9,4,10,2,10,2,10,2,10,2,10,0,10,1,10,62,10,1,10,62,10,62,10,61,10,61,9,60,10,59,10,58,10,59,9,60,9,58,9,59,9,59,8,59,8,57,8,59,7,59,8,58,7,59,7,58,6,59,6,59,6,59,6,59,6,60,6,60,5,60,5,61,5,61,5,61,4,62,5,63,5,1,5,0,5,2,5,2,5,4,5,4,5,3,6,4,6,5,6,5,6,5,6,6,7,5,7,4,8,2,8,5,8,5,8,4,8,4,9,3,9,4,10,2,9,2,10,5,10,3,10,2,10,63,10,1,11,0,11,62,11,0,10,62,10,61,11,62,10,58,9,61,9,59,9,58,9,58,9,56,9,56,8,57,8,57,8,57,7,57,7,58,7,57,6,58,6,59,6,59,6,60,5,60,5,61,5,61,5,60,4,61,4,62,6,63,5,63,5,0,5,63,5,3,4,1,5,4,5,6,4,4,6,5,5,6,6,5,6,4,6,5,7,6,7,3,8,5,7,6,8,6,8,5,9,4,9,5,10,3,9,3,10,6,10,4,10,0,10,4,10,2,11,1,11,0,11,0,11,62,11,62,11,63,10,60,11,59,10,62,10,60,11,59,10,57,10,58,10,59,9,58,9,55,9,57,8,55,8,56,8,57,7,55,7,57,7,54,7,57,6,58,6,58,6,59,5,60,5,60,5,60,4,59,5,61,4,62,5,62,5,63,4,0,4,0,4,2,4,1,5,4,4,5,5,4,5,5,5,5,6,6,6,6,6,5,7,5,7,5,8,6,8,8,8,7,8,5,9,7,9,6,10,4,9,6,10,6,10,4,11,2,11,4,11,3,11,1,11,1,11,61,12
1759561844.465404000,00:03:7f:25:14:25,00:03:7f:25:14:25,3a:c8:97:94:99:7a,3a:c8:97:94:99:7a,57,9,56,9,57,8,57,8,57,7,57,8,58,7,57,7,58,7,57,6,59,6,60,6,59,5,60,5,62,5,61,5,62,5,61,5,63,5,63,5,0,5,1,5,1,5,2,5,2,6,3,5,1,6,3,6,4,6,3,6,4,6,5,6,4,7,4,7,4,7,4,7,5,8,5,8,4,8,4,8,5,8,3,9,3,8,4,9,2,9,2,10,2,10,2,10,1,10,1,10,63,10,1,9,63,10,62,10,62,10,62,9,61,10,61,10,59,10,60,9,61,9,60,9,59,9,60,9,60,8,58,8,60,8,60,8,58,8,59,7,59,7,60,7,59,7,59,7,59,6,60,6,61,5,60,6,61,5,61,5,61,5,62,5,62,5,0,5,0,5,1,5,1,5,3,5,3,5,3,5,3,6,5,6,4,6,4,6,5,7,4,7,4,7,2,7,5,7,4,8,4,8,4,8,3,9,4,9,2,8,2,9,5,9,2,10,2,10,0,10,2,10,0,10,63,10,1,10,63,10,62,10,63,10,61,9,61,9,59,9,59,9,58,9,57,9,57,8,57,8,58,8,58,7,58,7,58,7,57,7,58,6,59,7,59,6,60,6,60,5,61,6,60,5,59,5,60,4,60,6,62,5,63,5,63,5,62,5,1,5,0,5,3,5,5,4,3,5,5,5,5,5,5,6,4,6,5,7,5,6,3,8,5,7,5,8,6,8,5,8,4,8,5,9,4,9,4,9,7,9,4,10,1,10,4,10,2,11,2,11,1,11,1,10,63,11,62,11,0,10,61,11,60,10,63,10,61,10,59,10,58,10,58,10,60,9,58,9,56,9,57,8,56,8,56,8,57,7,56,7,57,7,55,7,58,6,58,6,58,6,60,5,60,5,60,5,61,5,59,5,61,4,61,5,62,5,63,4,0,4,0,5,1,4,1,5,4,4,5,4,3,5,5,5,5,6,6,6,6,6,5,7,5,7,4,8,6,8,7,8,6,8,5,9,6,8,6,9,4,9,5,10,6,10,4,10,1,11,5,11,3,11,2,11,2,11,62,12
1759561845.048330000,00:03:7f:25:14:25,00:03:7f:25:14:25,3a:c8:97:94:99:7a,3a:c8:97:94:99:7a,56,8,55,8,56,7,55,7,56,7,56,7,57,6,56,6,58,6,57,5,59,5,60,5,59,5,60,4,62,4,62,4,63,4,62,5,0,4,1,4,2,4,3,5,3,5,4,5,4,6,5,5,3,6,4,6,6,6,4,7,6,7,7,7,5,8,5,8,5,8,5,8,5,9,6,9,5,9,4,9,5,9,3,9,3,9,3,10,1,10,0,10,1,11,1,10,63,11,63,10,61,10,63,10,61,10,60,10,60,10,60,9,59,10,58,9,57,9,58,9,59,8,58,8,58,8,59,8,59,7,57,7,60,6,59,7,58,6,59,6,59,6,60,6,60,6,60,6,60,5,62,5,63,5,62,5,63,5,63,5,63,5,0,5,1,5,3,5,2,5,4,6,3,6,5,6,5,6,4,6,4,7,6,7,5,8,4,7,5,8,4,8,4,8,2,9,4,9,3,9,3,9,3,10,1,10,2,10,0,9,0,10,2,10,0,10,0,10,61,10,63,10,62,10,61,10,63,10,60,9,60,10,60,9,58,8,61,8,60,8,59,8,59,8,58,8,58,7,58,7,59,7,59,6,59,6,60,7,59,6,61,6,62,6,62,6,63,5,63,5,0,6,63,5,62,5,63,5,63,6,0,6,1,6,1,6,0,6,3,6,1,6,4,6,5,5,3,7,5,7,4,7,3,7,3,7,3,8,4,8,1,9,3,8,3,8,3,9,2,9,1,9,2,9,1,9,1,9,3,9,1,9,62,10,1,10,63,10,63,10,63,9,63,9,61,9,61,9,63,9,60,9,60,9,63,8,61,9,60,9,59,9,60,8,61,8,60,8,58,8,59,8,58,8,59,7,60,7,58,7,60,7,58,7,61,7,61,6,61,6,63,6,63,6,62,6,63,6,61,6,63,5,63,7,62,6,63,6,0,6,63,6,1,6,0,6,3,6,3,6,1,6,3,6,2,7,4,6,3,7,2,7,2,7,1,8,3,8,4,7,4,8,2,8,4,8,3,9,2,8,3,9,4,9,2,9,0,10,3,10,2,10,1,10,2,10,63,10
1759561845.459165000,00:03:7f:25:14:25,00:03:7f:25:14:25,3a:c8:97:94:99:7a,3a:c8:97:94:99:7a,55,8,54,8,55,7,55,7,55,7,55,7,56,6,55,6,57,5,55,5,58,5,59,4,58,4,59,4,61,4,61,4,63,4,62,4,1,3,1,4,2,4,4,4,4,4,4,5,5,5,6,5,4,6,5,6,7,6,6,7,7,7,8,7,6,8,6,8,6,8,5,8,7,9,6,9,6,9,4,9,6,10,4,10,3,10,4,10,1,11,0,11,0,11,1,11,62,11,63,11,61,11,62,10,60,10,59,10,59,10,59,9,58,10,57,10,56,9,57,9,58,8,57,8,57,8,57,7,58,7,57,7,59,6,58,7,57,6,58,6,59,5,59,5,60,5,60,5,60,5,62,4,63,4,63,4,0,4,1,4,0,4,2,5,2,5,4,5,4,5,4,6,4,6,6,6,7,6,5,7,6,7,7,7,5,8,6,8,6,9,5,9,4,9,2,9,5,9,3,10,3,10,2,10,2,10,2,11,63,10,63,10,2,10,63,11,62,11,60,10,62,10,60,10,59,10,61,10,60,9,58,9,60,9,58,8,60,8,59,8,58,7,58,7,57,7,58,7,58,6,59,7,59,6,59,6,60,6,59,5,61,5,62,6,62,6,0,5,0,5,1,5,0,5,63,5,1,5,0,7,1,6,2,6,2,6,1,6,3,6,1,6,4,6,6,6,3,7,5,7,5,7,4,7,3,7,3,9,4,8,0,9,3,8,3,9,3,9,2,9,1,9,2,10,0,9,0,9,3,9,0,9,61,10,1,10,62,10,62,10,62,10,63,9,61,10,61,9,63,9,61,9,59,9,63,8,61,9,60,9,58,9,60,8,61,8,60,8,58,8,59,7,58,8,59,7,60,7,58,7,60,7,58,7,60,6,60,6,60,6,62,6,63,6,63,6,63,6,61,6,63,5,63,7,63,6,63,6,0,6,0,6,1,6,0,6,3,6,3,6,2,6,4,6,3,7,4,7,4,6,2,7,3,7,1,8,4,8,4,8,4,8,2,9,4,8,3,9,1,8,3,9,3,9,2,10,0,10,3,10,1,10,0,10,0,10,62,10
1759561845.893912000,00:03:7f:25:14:25,00:03:7f:25:14:25,3a:c8:97:94:99:7a,3a:c8:97:94:99:7a,56,9,55,9,56,8,56,8,56,7,56,7,57,7,56,6,58,6,57,6,59,6,60,5,59,5,60,5,61,5,62,5,63,5,61,5,0,4,0,5,1,5,2,5,2,5,3,5,3,5,4,5,2,6,3,6,5,6,4,7,5,6,6,7,5,8,5,8,4,8,4,8,5,8,5,8,4,9,4,9,5,9,3,9,3,9,3,9,2,10,1,10,2,10,2,10,0,10,1,10,62,10,0,10,62,10,62,10,61,10,61,9,60,10,60,10,58,9,59,9,60,9,59,9,59,9,59,8,59,8,58,8,60,7,59,8,58,7,59,7,59,6,59,6,59,6,59,6,59,6,60,6,61,5,60,5,62,5,62,5,61,5,63,5,63,5,1,5,1,5,2,5,2,5,4,5,4,5,3,5,3,6,5,6,5,7,4,6,6,7,5,7,4,8,2,8,5,8,4,8,4,8,4,9,3,9,4,10,2,9,2,10,5,10,2,10,2,10,0,10,2,11,0,11,63,10,1,10,62,10,62,10,61,10,59,10,61,9,59,9,59,9,58,9,57,9,57,8,57,8,58,8,58,7,58,7,58,7,57,6,59,6,59,6,60,6,61,5,61,5,61,5,61,5,60,5,61,4,61,6,63,5,0,5,0,5,63,5,2,5,1,5,3,5,5,4,3,6,5,6,5,6,5,6,4,6,5,7,5,7,3,8,5,7,5,8,5,8,5,9,4,9,5,10,3,9,3,10,6,9,3,10,0,11,3,10,1,11,1,11,0,11,0,10,62,10,61,10,63,10,60,10,59,10,62,9,60,10,59,10,57,10,58,9,60,9,58,9,56,9,57,8,56,8,57,7,58,7,56,7,58,7,55,7,58,6,59,6,59,6,61,5,61,5,61,5,62,5,60,5,62,4,62,5,63,5,0,5,1,5,0,5,2,5,2,5,4,5,5,5,4,6,5,6,4,6,6,6,6,6,5,8,4,7,4,8,5,8,6,8,5,9,4,9,5,9,4,10,3,9,4,10,4,10,3,10,0,11,3,11,2,11,0,11,0,11,62,11
1759561846.330666000,00:03:7f:25:14:25,00:03:7f:25:14:25,3a:c8:97:94:99:7a,3a:c8:97:94:99:7a,57,9,56,9,57,8,56,8,56,8,56,8,57,7,56,7,58,7,57,6,58,6,59,6,58,5,59,5,61,5,60,5,61,5,60,5,62,4,62,5,63,5,0,5,1,5,2,5,2,5,3,5,1,5,2,5,4,5,3,6,4,6,6,6,4,7,5,7,4,7,5,7,5,7,6,8,5,8,4,8,5,8,4,8,4,8,5,9,3,9,3,10,3,10,3,10,2,10,2,10,0,10,1,10,63,10,63,11,62,10,62,10,61,11,61,10,59,10,59,10,60,10,59,9,59,9,59,9,59,8,57,8,59,8,59,8,57,8,58,7,58,7,59,7,58,7,58,6,58,6,59,6,60,5,59,5,61,5,61,5,60,5,62,4,63,5,1,4,1,4,2,5,2,5,3,5,4,5,3,5,3,6,5,6,5,6,5,6,6,7,5,7,4,7,3,7,6,8,5,8,5,8,5,9,3,9,4,9,3,9,3,10,5,10,3,10,2,11,0,10,2,11,0,11,63,11,1,10,62,10,60,11,62,11,59,9,59,9,58,9,58,9,57,9,56,9,56,8,57,8,57,8,57,7,57,7,58,7,57,6,58,6,59,6,60,6,61,5,61,5,61,5,61,5,60,5,61,4,61,5,63,4,0,5,1,4,0,5,3,5,1,5,4,5,6,4,4,5,5,5,6,6,5,6,4,6,6,7,6,7,3,8,6,7,6,8,6,8,5,9,4,9,5,10,3,9,3,10,6,10,3,10,0,11,4,11,2,11,1,11,0,11,0,11,62,11,61,11,63,10,60,11,59,11,62,10,60,10,59,10,56,10,57,10,59,9,57,9,55,9,56,8,55,8,55,8,56,7,55,7,57,7,55,7,57,6,58,6,58,5,59,5,60,4,60,4,61,4,59,4,61,4,62,5,62,4,0,4,2,4,1,4,3,4,3,4,6,4,7,4,5,5,6,5,6,6,8,6,7,6,7,8,6,8,6,8,7,8,8,8,7,9,6,10,7,9,6,10,4,10,5,11,5,11,3,11,1,12,3,12,2,12,0,12,0,12,60,12
1759561846.865080000,00:03:7f:25:14:25,00:03:7f:25:14:25,3a:c8:97:94:99:7a,3a:c8:97:94:99:7a,59,9,57,9,59,8,58,9,58,8,58,9,58,8,57,8,59,7,57,7,59,7,60,6,58,6,60,6,61,6,60,6,61,6,60,6,62,5,62,5,62,5,63,5,0,5,0,5,0,6,1,5,0,6,1,6,2,6,2,6,3,6,4,6,3,7,3,7,3,7,3,7,4,7,4,7,4,8,3,8,5,8,3,8,3,7,4,8,2,9,1,9,2,9,3,9,1,9,2,9,0,9,2,9,0,9,63,10,0,10,63,9,63,10,62,10,61,9,61,9,62,9,61,9,61,9,61,9,61,9,59,8,61,8,61,9,59,8,60,8,59,8,60,8,59,7,59,7,58,7,60,7,61,6,59,6,60,6,60,6,59,5,61,5,61,5,63,5,62,5,0,5,63,5,1,5,2,5,1,5,2,5,4,5,3,6,3,6,5,7,3,7,3,7,2,7,5,7,4,7,4,8,4,8,3,8,4,9,3,8,3,9,5,9,3,9,3,10,1,10,3,10,1,10,1,10,2,10,62,10,63,10,62,11,61,10,61,9,60,9,60,9,59,9,57,9,57,8,58,8,58,8,58,8,57,7,58,7,57,7,59,7,59,7,60,6,61,6,61,6,61,6,60,5,60,5,60,4,61,6,62,5,63,5,0,5,62,5,1,5,63,5,2,5,4,4,2,6,4,6,4,6,4,6,2,6,4,7,4,6,1,7,4,7,4,7,4,8,3,8,3,8,4,9,3,8,3,9,6,9,3,9,0,10,4,9,2,10,2,10,2,10,2,10,0,10,63,10,0,10,63,10,62,10,1,10,62,10,61,10,59,10,60,10,61,9,59,9,57,10,58,9,57,9,57,8,58,8,56,8,57,8,55,8,58,7,58,7,58,7,60,6,60,5,59,5,60,5,58,5,60,5,60,6,60,5,61,5,63,4,63,5,0,4,0,5,3,4,4,4,3,5,4,5,4,6,6,5,5,6,4,7,5,6,4,7,6,7,7,7,6,8,5,9,7,8,6,9,5,9,5,10,6,10,4,10,2,11,5,11,4,11,2,11,2,11,63,11
1759561847.377856000,00:03:7f:25:14:25,00:03:7f:25:14:25,3a:c8:97:94:99:7a,3a:c8:97:94:99:7a,59,10,57,10,59,9,58,9,58,8,58,9,58,8,57,8,59,7,57,7,59,7,59,6,58,6,59,6,60,6,60,6,61,6,59,6,61,5,61,5,62,5,63,5,63,5,0,5,1,5,2,4,0,5,1,5,3,5,2,6,4,5,5,6,4,6,4,7,4,7,4,7,5,7,6,8,5,8,4,8,6,8,5,8,4,8,5,9,3,9,3,10,3,10,4,10,2,10,2,10,0,10,2,10,63,10,63,11,62,10,62,10,61,11,60,10,58,10,59,10,60,10,59,9,59,9,59,9,59,8,57,8,59,8,59,8,57,8,58,7,58,7,59,7,58,6,59,6,58,6,59,6,60,5,60,5,61,5,61,5,61,4,62,5,63,5,0,5,0,5,2,5,2,5,4,5,4,5,3,5,4,6,5,6,5,6,5,6,6,7,5,7,4,8,2,8,5,8,4,8,4,8,4,9,3,9,4,10,1,9,2,10,4,10,2,10,2,10,63,10,1,10,63,10,62,10,0,10,62,10,61,10,62,10,60,9,61,9,59,9,59,8,58,8,57,8,58,8,58,8,58,8,59,7,58,7,59,7,58,7,59,6,60,7,60,6,62,5,62,5,62,6,62,5,60,5,62,5,62,6,63,6,0,5,0,5,63,6,2,5,0,6,3,5,5,5,2,6,4,6,4,6,4,6,3,6,4,8,4,7,1,8,4,7,4,8,4,8,3,8,2,8,3,9,2,8,2,9,5,9,2,9,63,10,3,10,0,10,0,10,0,10,0,10,62,10,62,10,63,9,61,10,60,10,0,9,61,10,60,10,58,9,59,9,61,8,59,8,57,8,58,8,57,8,58,7,59,7,58,7,59,7,57,7,60,6,60,6,60,6,62,5,62,5,62,5,62,5,61,5,63,5,63,6,63,6,0,6,1,6,0,6,2,6,1,6,4,6,4,6,3,6,4,6,3,7,4,7,4,7,3,8,2,8,2,8,3,8,4,8,3,9,1,9,3,8,1,9,0,9,1,9,2,9,1,9,62,10,1,10,0,10,63,10,63,10,61,10
1759561847.991172000,00:03:7f:25:14:25,00:03:7f:25:14:25,3a:c8:97:94:99:7a,3a:c8:97:94:99:7a,60,9,59,9,60,8,60,8,60,7,59,8,60,7,59,7,61,8,59,7,61,7,62,6,60,6,62,6,63,6,62,6,63,7,61,7,63,6,63,6,63,6,1,6,1,6,1,6,1,7,2,6,0,6,0,6,2,6,1,7,2,7,3,7,2,8,2,7,2,7,2,7,3,8,3,8,2,8,1,8,3,8,2,8,1,7,2,8,0,8,0,9,0,9,1,9,0,9,1,9,62,9,0,8,62,9,62,9,62,9,62,8,62,9,61,9,60,8,61,8,62,8,60,8,61,8,62,8,62,7,60,7,63,7,62,8,60,7,62,7,61,7,62,7,62,7,62,7,62,6,63,6,0,6,63,7,0,7,63,6,63,6,0,6,0,6,2,6,1,7,2,7,1,7,3,6,3,6,1,7,1,7,3,7,2,8,2,8,3,9,1,8,1,8,63,8,2,8,1,8,0,9,0,9,63,9,0,9,62,8,62,9,0,8,63,9,62,9,60,9,63,9,62,9,61,8,63,8,61,8,61,8,61,8,61,7,0,6,62,6,62,7,62,7,61,7,62,7,62,6,63,6,63,6,63,7,63,7,63,7,1,7,1,7,1,7,3,7,2,7,2,8,1,8,0,7,1,7,0,9,1,8,1,8,1,8,63,9,2,8,63,9,2,8,3,7,63,8,1,8,0,8,63,9,63,8,63,9,62,8,60,8,63,8,62,8,61,8,61,8,60,8,62,8,61,7,61,7,0,7,62,7,59,8,63,7,61,8,62,8,62,7,63,7,62,7,62,7,0,7,62,7,62,7,2,6,1,7,63,7,63,7,0,7,1,7,0,7,62,7,0,7,63,7,0,7,1,7,63,8,0,8,62,8,1,8,1,7,1,7,3,7,2,8,1,8,1,8,63,8,1,8,1,9,0,8,0,8,1,8,0,8,1,8,63,9,2,8,2,8,63,8,0,8,63,9,0,9,63,9,62,9,61,9,60,9,62,9,63,8,61,9,59,9,61,8,60,9,59,7,60,8,61,8,61,8,59,8,62,8,60,8,60,7,61,7,59,7
1759561848.436286000,00:03:7f:25:14:25,00:03:7f:25:14:25,3a:c8:97:94:99:7a,3a:c8:97:94:99:7a,62,10,60,10,61,9,60,9,60,9,60,9,60,9,59,9,60,9,59,8,60,8,61,7,59,7,60,7,61,7,60,7,61,7,59,7,61,6,60,6,60,6,61,6,62,6,62,6,63,6,63,5,61,6,62,5,0,5,0,6,1,6,2,6,1,6,2,6,2,6,2,6,4,6,4,7,4,7,3,7,5,7,4,7,4,7,5,8,3,8,3,8,4,9,4,9,3,9,4,9,1,9,3,9,1,10,1,10,1,10,0,9,0,10,63,10,61,10,61,10,62,10,60,10,61,10,61,9,61,9,59,9,61,8,60,9,58,8,59,8,59,8,59,8,59,8,59,7,58,7,59,6,60,6,59,6,60,6,60,6,59,5,60,5,61,5,63,5,62,5,0,5,0,5,1,5,2,5,1,5,2,5,4,5,3,6,3,6,4,7,3,6,3,7,1,7,4,7,4,7,3,8,4,8,2,8,3,9,2,7,2,8,4,9,2,9,3,10,0,10,3,10,1,10,1,10,2,9,63,10,63,10,63,10,62,9,62,9,61,9,61,9,60,9,59,9,59,9,59,8,59,8,59,8,58,8,59,8,58,8,59,7,60,7,60,7,61,6,61,6,61,6,61,6,59,6,61,5,61,6,61,5,63,5,0,5,62,6,1,5,63,6,2,5,4,4,1,6,4,5,4,6,3,6,2,6,3,7,3,7,1,7,4,7,4,8,4,8,3,8,2,8,3,9,3,8,2,9,5,9,2,9,63,10,3,10,1,11,1,10,0,10,0,10,62,10,62,10,63,10,61,10,60,10,0,9,61,9,60,9,58,9,59,9,60,8,59,9,57,9,58,8,57,8,58,7,59,7,57,7,59,7,57,7,60,6,61,6,61,6,63,5,63,5,63,5,63,5,62,5,0,5,0,6,0,5,1,6,2,6,1,6,3,6,2,7,5,6,5,6,3,7,5,7,3,8,5,8,4,8,2,9,1,9,1,9,2,9,3,9,2,10,0,10,1,9,0,10,62,9,63,10,0,10,62,10,60,10,63,10,62,10,61,10,62,9,60,9
1759561848.987698000,00:03:7f:25:14:25,00:03:7f:25:14:25,3a:c8:97:94:99:7a,3a:c8:97:94:99:7a,60,9,59,10,60,9,59,9,59,8,59,8,59,8,58,8,60,8,58,7,60,8,60,6,59,7,60,6,61,7,60,6,61,7,60,7,61,5,62,5,62,5,63,5,63,6,0,5,0,6,1,5,63,6,0,5,3,5,1,6,3,6,4,6,3,7,3,7,3,7,3,7,4,7,5,8,4,8,3,8,5,8,4,8,3,8,4,9,2,9,1,10,2,10,3,10,1,10,2,10,63,10,0,9,62,10,62,10,62,10,61,9,61,10,61,10,59,9,59,9,61,9,59,9,59,9,60,8,60,8,58,8,60,7,60,8,58,7,60,7,59,7,60,7,60,7,60,6,60,6,61,6,63,5,61,6,62,6,62,5,62,5,63,5,0,5,2,5,1,6,2,6,2,6,3,6,4,6,3,6,3,6,4,7,3,8,3,7,4,8,3,8,2,8,0,8,3,8,2,8,2,9,2,9,1,9,2,9,0,8,0,9,2,9,0,9,0,10,62,9,0,9,63,9,63,9,0,9,62,9,62,9,62,9,62,8,62,8,61,8,62,8,61,8,60,8,60,8,61,8,61,7,61,7,61,7,61,8,60,7,61,7,62,7,62,7,63,7,63,7,63,7,62,7,61,7,61,6,61,8,62,6,62,6,63,6,61,7,0,6,62,7,0,6,2,5,0,6,2,6,1,6,1,7,0,7,1,7,1,6,63,7,2,7,2,7,2,7,1,8,1,8,2,8,2,7,1,8,4,7,2,8,63,9,3,9,1,9,1,9,1,9,1,9,0,9,63,9,1,9,63,10,63,10,2,9,0,9,62,9,61,9,62,9,63,9,61,9,59,9,60,8,59,9,60,8,60,8,58,8,60,9,58,8,60,7,60,7,60,7,62,6,62,6,61,6,61,6,60,7,61,6,62,7,61,6,62,6,0,6,63,6,0,6,63,6,2,6,2,5,0,6,2,6,1,7,3,7,2,7,1,7,1,7,1,7,2,7,3,7,2,8,0,9,2,8,1,8,0,7,2,8,2,8,1,9,63,9,2,9,1,9,0,9,1,9,63,9
1759561849.401316000,00:03:7f:25:14:25,00:03:7f:25:14:25,3a:c8:97:94:99:7a,3a:c8:97:94:99:7a,61,9,60,9,61,9,60,9,60,8,60,9,60,8,59,8,60,8,59,8,60,8,61,7,59,7,60,7,61,7,60,7,61,7,59,7,61,6,61,6,61,6,62,6,62,6,62,5,63,6,0,5,62,6,63,5,1,5,1,6,2,6,3,6,2,6,2,6,3,6,3,6,4,7,4,7,4,7,3,7,5,7,4,8,4,7,4,8,3,9,2,9,3,9,4,9,2,10,3,10,0,10,2,9,0,10,63,10,63,10,62,9,62,10,61,10,60,10,60,9,61,9,59,9,60,9,60,9,60,8,58,8,61,7,60,8,58,7,59,7,59,7,60,7,60,7,60,7,59,6,61,6,62,6,61,6,62,6,62,5,61,5,63,5,63,5,1,5,1,6,2,6,1,6,3,5,4,6,3,6,3,6,5,6,3,7,3,7,4,8,3,8,2,8,1,8,3,8,2,8,2,9,2,9,1,9,2,10,0,8,0,9,2,9,0,9,0,10,62,9,0,10,63,9,62,9,0,9,62,9,61,9,62,9,61,8,62,8,61,8,61,8,60,8,59,8,60,8,60,7,60,7,61,7,60,7,61,7,60,7,61,7,62,7,62,7,0,6,63,6,63,7,63,6,62,6,62,5,62,7,63,6,0,6,0,6,62,7,1,6,63,7,2,6,3,5,1,7,3,6,3,7,2,7,1,7,2,8,2,7,0,8,2,7,2,8,2,8,1,8,1,8,2,9,1,8,1,9,3,8,1,9,62,10,2,9,0,10,0,9,63,9,0,9,62,9,62,9,0,9,62,9,61,9,0,8,62,9,61,9,60,9,61,9,62,8,61,8,58,8,60,8,59,8,59,7,60,7,58,7,60,7,58,7,61,7,61,7,61,6,63,6,63,6,63,6,63,6,62,6,63,6,63,7,63,6,0,6,1,6,0,6,2,6,0,7,3,6,3,6,2,7,3,7,2,8,3,7,3,7,2,8,1,8,0,8,2,8,3,8,2,9,0,9,1,8,1,9,0,8,1,9,1,9,0,9,62,9,1,9,0,9,63,9,0,9,62,9
1759561849.969149000,00:03:7f:25:14:25,00:03:7f:25:14:25,3a:c8:97:94:99:7a,3a:c8:97:94:99:7a,62,9,61,10,62,9,61,9,61,8,61,9,61,9,59,9,61,9,59,8,61,8,61,7,59,8,61,7,61,7,60,7,61,7,60,7,61,6,60,6,60,6,61,6,61,6,62,6,62,6,63,5,61,6,62,5,0,5,63,6,1,6,2,6,1,6,1,6,2,6,2,6,3,6,4,7,4,7,3,7,5,7,4,7,4,7,5,8,3,8,3,8,3,9,4,9,3,9,3,9,1,9,3,9,1,10,0,10,0,10,0,9,0,10,63,10,61,10,61,10,62,10,60,10,60,10,61,9,61,9,59,8,61,8,60,9,58,8,59,8,59,8,59,8,59,7,59,7,59,7,60,6,60,6,60,6,61,6,61,6,60,5,61,5,62,5,0,5,63,5,1,5,1,6,2,5,3,5,2,5,2,6,4,6,3,7,3,6,5,7,4,7,3,7,1,7,4,7,4,8,3,8,3,9,2,9,3,9,1,8,1,9,3,9,1,9,1,10,63,10,1,10,0,10,63,10,1,10,62,9,62,10,62,10,60,9,63,8,61,8,60,9,60,9,58,9,59,8,59,8,59,8,59,7,59,7,59,7,58,7,60,6,61,7,61,6,62,6,62,6,63,6,62,6,61,6,61,5,62,7,62,5,63,6,0,5,62,6,1,5,63,6,2,6,4,5,2,6,4,6,4,6,3,7,2,6,3,7,3,7,0,8,3,7,3,8,3,8,2,8,2,8,3,9,2,8,1,9,4,8,2,9,63,10,2,9,1,10,0,10,0,10,0,9,62,10,62,10,63,9,61,10,60,10,0,9,62,9,60,9,59,9,59,9,61,8,60,8,57,9,59,8,58,8,58,7,59,7,58,7,59,7,57,7,60,6,60,6,61,6,63,5,63,5,63,5,63,6,62,6,0,5,0,7,0,6,1,6,2,6,1,6,2,6,2,7,4,6,5,6,3,7,4,7,3,8,4,8,4,8,3,9,2,8,1,9,2,9,3,9,2,9,0,10,2,9,1,10,63,9,0,9,1,9,63,9,61,10,0,10,63,10,62,9,62,9,60,9
1759561850.485172000,00:03:7f:25:14:25,00:03:7f:25:14:25,3a:c8:97:94:99:7a,3a:c8:97:94:99:7a,61,10,59,10,61,9,60,9,59,8,59,9,59,8,58,8,60,8,58,8,60,8,60,7,59,7,60,6,61,7,60,6,61,7,59,7,61,6,61,6,62,6,63,5,63,6,63,5,0,6,0,5,63,6,0,5,2,5,1,6,3,6,3,6,2,7,3,6,3,6,3,7,4,7,5,7,4,8,3,8,5,8,4,8,4,7,4,8,2,8,2,9,2,10,3,9,1,10,2,9,63,9,1,9,63,10,63,10,62,10,62,10,62,10,61,10,59,9,60,9,61,9,59,9,60,9,60,9,61,8,59,8,61,7,60,8,59,7,60,7,60,7,60,7,60,7,60,7,60,6,61,6,62,6,61,6,62,6,62,6,61,5,63,5,63,6,1,5,0,6,1,6,1,6,2,5,3,6,2,6,2,6,4,6,3,7,3,7,4,8,3,7,2,8,0,8,3,8,2,8,2,8,2,9,1,9,2,9,0,7,0,9,2,8,0,9,1,10,62,9,1,9,0,9,63,9,1,9,62,9,62,9,63,9,62,8,63,8,61,8,62,8,61,9,60,9,60,8,60,8,61,8,60,7,60,8,61,8,59,7,61,7,61,7,62,7,63,6,62,6,63,7,62,7,60,6,61,5,61,7,62,6,63,6,0,6,61,7,1,6,62,7,1,6,3,5,1,6,3,6,2,6,2,7,1,6,2,7,3,6,0,7,3,7,3,7,3,8,2,8,1,8,3,8,2,7,2,8,4,8,2,9,63,9,3,9,1,10,1,9,1,9,1,9,63,9,62,9,0,9,62,10,62,10,1,9,63,9,62,9,60,9,61,9,62,9,61,9,59,9,60,8,59,8,59,7,60,7,58,8,60,8,57,8,60,7,61,7,60,7,62,6,63,6,62,6,62,6,61,6,62,6,62,7,62,6,63,6,0,6,63,6,1,6,0,6,2,6,2,6,1,6,3,6,1,7,3,7,2,7,1,8,1,7,0,8,2,8,3,8,2,9,0,9,1,8,1,9,0,8,1,9,2,9,0,9,62,9,1,9,0,9,63,9,0,9,62,9
1759561850.895099000,00:03:7f:25:14:25,00:03:7f:25:14:25,3a:c8:97:94:99:7a,3a:c8:97:94:99:7a,61,9,59,10,60,9,60,9,60,8,59,9,59,8,59,8,60,8,59,8,60,8,60,7,59,7,60,6,61,7,60,6,61,7,60,7,61,6,61,6,62,5,63,5,63,6,63,5,0,6,0,5,63,6,63,5,2,5,1,6,2,6,3,6,2,7,3,6,3,6,3,6,4,7,4,7,4,8,3,8,5,8,4,8,3,7,4,8,2,9,2,9,2,9,3,9,2,10,2,9,0,9,2,9,0,10,63,10,63,10,63,9,62,10,62,10,60,9,61,9,62,9,60,9,60,9,61,9,61,8,59,8,61,7,61,8,59,8,60,8,60,7,60,7,60,7,60,7,60,7,61,6,62,6,60,6,62,6,62,6,61,6,62,6,62,6,0,6,0,6,1,6,0,6,2,6,3,6,1,6,1,6,3,6,2,7,2,7,3,8,2,7,2,7,0,7,3,7,2,8,1,8,1,9,0,8,2,9,0,8,0,9,2,8,1,9,0,9,62,9,1,9,0,9,63,9,1,9,62,8,62,10,63,9,61,8,0,8,62,8,61,8,60,8,59,9,60,8,60,8,61,8,61,7,61,7,61,8,60,7,61,7,62,7,62,7,63,6,63,6,63,7,62,6,61,6,61,5,62,7,62,6,63,6,0,6,62,7,1,6,63,7,2,6,3,5,1,6,3,6,3,6,2,7,1,7,2,7,3,7,0,8,3,7,3,8,3,8,2,8,1,8,3,9,2,8,1,8,4,8,2,9,63,10,3,9,1,10,1,10,0,9,0,9,62,9,62,9,0,9,62,10,61,10,0,9,63,9,61,9,59,9,60,9,61,9,60,9,58,9,59,8,58,8,59,7,60,7,58,8,59,8,57,7,60,7,60,6,60,6,62,6,63,6,62,6,62,6,61,6,62,5,63,7,63,6,63,6,1,6,0,6,1,6,0,6,3,6,4,6,1,6,3,6,3,7,4,7,3,7,2,8,2,8,1,8,3,8,4,8,3,9,1,9,2,8,1,9,0,8,1,9,2,9,0,9,62,10,1,9,0,10,63,9,0,9,61,9
1759561851.474442000,00:03:7f:25:14:25,00:03:7f:25:14:25,3a:c8:97:94:99:7a,3a:c8:97:94:99:7a,61,9,59,9,61,8,60,9,60,8,59,9,60,8,59,8,60,8,58,7,61,8,61,7,59,7,60,6,61,7,61,6,61,7,60,7,61,6,61,6,61,6,62,6,63,6,63,5,63,6,0,5,63,6,0,5,2,5,1,6,2,6,3,6,2,7,2,6,3,6,3,7,4,7,4,7,4,7,3,7,5,8,4,8,3,7,4,8,2,8,2,9,3,9,3,9,2,10,2,10,0,9,2,9,0,10,63,10,63,10,63,9,62,10,61,10,60,9,60,9,61,9,60,9,60,9,61,9,61,8,59,8,61,8,60,9,59,8,60,7,60,7,60,7,60,7,60,7,59,6,61,6,61,6,61,6,62,6,62,6,61,5,62,6,63,6,0,5,0,6,1,6,1,6,2,6,3,6,2,6,2,6,4,6,3,7,2,7,4,8,2,8,2,8,0,8,3,8,2,8,2,8,2,9,1,9,2,9,0,8,0,9,2,9,0,9,0,9,62,9,0,9,63,9,63,9,1,9,62,9,62,9,62,9,60,8,0,8,62,8,61,8,60,8,59,9,60,8,60,8,60,8,60,7,60,7,61,7,59,7,61,7,62,7,62,7,62,6,63,6,63,6,62,6,61,6,61,5,62,7,62,6,63,6,0,6,62,6,1,6,62,6,2,6,3,5,1,6,3,6,3,6,2,6,1,6,2,7,3,7,0,8,3,7,3,7,3,7,2,8,2,8,3,9,2,8,2,9,5,8,2,9,63,10,3,9,1,10,1,10,1,9,1,9,63,10,62,10,0,9,62,10,61,10,0,9,62,10,61,9,59,9,60,9,62,9,60,9,58,9,59,8,58,8,59,7,59,7,58,8,60,8,57,7,60,7,60,7,60,7,62,6,62,6,62,6,62,6,61,6,62,5,63,7,63,6,63,6,0,6,0,6,1,6,0,6,3,6,3,6,2,7,3,6,2,7,4,7,3,7,2,8,2,8,1,8,2,8,3,8,3,8,1,9,2,8,1,9,0,8,1,9,2,9,0,9,62,10,1,9,0,9,63,9,0,9,62,9
1759561851.921336000,00:03:7f:25:14:25,00:03:7f:25:14:25,3a:c8:97:94:99:7a,3a:c8:97:94:99:7a,61,9,59,10,61,9,60,9,59,9,59,9,59,8,58,8,60,8,58,8,60,8,60,7,58,7,60,6,61,7,60,6,61,7,60,6,61,5,60,6,61,5,62,5,63,5,63,5,63,6,0,5,63,5,0,5,2,5,1,6,3,6,4,6,3,6,3,6,3,6,3,6,5,7,5,7,4,7,3,7,6,8,5,8,4,7,5,8,3,9,3,9,3,10,4,9,2,10,3,10,1,10,2,9,0,10,63,10,0,10,63,9,62,10,61,10,60,10,60,10,61,9,60,9,60,9,60,9,61,8,59,8,60,8,60,9,58,8,59,8,59,7,60,7,59,7,59,7,59,6,60,6,61,6,60,6,61,6,61,5,60,5,61,5,62,5,0,5,0,6,1,6,0,6,2,5,3,5,1,6,2,6,4,6,3,7,2,7,4,8,2,7,2,8,0,8,3,8,2,8,2,8,2,9,1,8,2,9,0,8,0,9,2,9,1,9,0,9,63,9,1,10,63,10,63,9,1,9,62,9,62,10,62,9,60,9,63,8,61,8,61,8,60,8,59,9,60,8,60,8,60,8,60,7,60,7,60,7,59,7,61,7,61,7,61,6,63,6,63,6,63,6,62,6,61,6,62,5,62,7,62,6,63,6,0,6,63,7,1,6,63,6,2,6,4,5,1,6,3,6,3,6,2,7,2,7,2,7,3,7,0,8,3,7,3,8,3,8,2,8,2,8,3,9,1,8,1,9,4,8,1,9,62,10,2,9,0,10,0,9,0,9,1,9,62,9,62,9,0,9,62,10,61,9,0,8,62,9,61,9,59,9,60,9,62,8,61,8,58,8,60,8,59,8,59,7,60,7,58,8,60,8,58,7,61,7,61,7,61,6,63,6,63,6,63,6,63,6,62,6,63,6,63,7,63,6,0,6,1,6,0,6,1,6,0,7,3,6,3,6,1,7,3,7,2,8,3,7,2,7,1,8,1,8,63,8,2,8,3,8,2,9,63,9,2,8,1,9,63,8,0,9,1,9,63,9,61,9,0,9,0,9,63,9,63,9,61,9
1759561852.416614000,00:03:7f:25:14:25,00:03:7f:25:14:25,3a:c8:97:94:99:7a,3a:c8:97:94:99:7a,60,9,59,9,60,8,60,9,59,8,59,9,59,8,58,8,60,8,59,7,60,7,61,7,59,6,61,6,61,6,61,6,61,7,60,6,62,5,61,6,62,5,63,5,63,6,0,6,0,6,1,5,63,6,0,5,2,6,1,6,3,6,4,6,3,7,3,7,3,7,3,7,4,7,5,8,4,8,3,8,5,8,4,8,3,8,4,9,2,9,2,9,2,10,3,9,1,10,2,10,0,10,1,9,63,10,62,10,62,10,62,9,62,10,61,10,59,9,60,9,61,9,59,9,60,9,60,8,60,8,59,8,61,7,60,8,58,7,60,7,59,7,60,7,60,7,60,7,60,6,61,6,62,6,61,6,62,6,62,5,62,5,63,5,63,5,1,5,0,6,2,6,1,6,3,6,4,6,2,6,2,6,4,7,3,7,3,7,4,8,3,7,2,8,0,8,3,8,2,8,2,9,2,9,1,9,2,9,0,8,0,9,2,9,0,9,0,10,62,9,0,9,63,9,63,9,0,9,61,9,62,9,62,9,62,8,62,8,61,8,61,8,60,8,59,8,60,8,60,7,60,8,60,7,60,7,60,8,60,7,61,7,62,7,62,7,63,6,63,6,63,7,62,6,61,6,62,5,61,7,62,6,63,6,0,6,62,7,1,6,62,7,1,6,3,5,0,6,3,6,2,6,2,7,1,6,2,7,2,7,0,7,3,7,3,7,3,8,2,8,1,8,3,8,2,8,1,8,4,8,2,9,63,9,3,9,1,10,1,9,1,9,1,9,63,9,63,9,0,9,63,10,62,10,1,9,63,9,62,9,60,9,61,9,62,9,61,9,58,9,60,8,58,8,59,8,60,8,58,8,59,8,57,8,60,7,60,7,60,7,62,6,62,6,61,6,61,6,60,6,62,5,62,7,62,6,63,6,0,6,63,6,0,6,63,6,2,6,3,6,1,6,2,6,2,7,3,7,3,7,1,8,1,7,1,8,3,8,4,8,3,8,0,9,2,8,2,9,0,8,1,8,2,8,1,9,63,9,2,9,1,9,0,9,1,9,63,9
1759561852.958731000,00:03:7f:25:14:25,00:03:7f:25:14:25,3a:c8:97:94:99:7a,3a:c8:97:94:99:7a,61,9,59,9,60,9,60,9,60,8,59,9,60,8,59,8,60,8,58,8,60,8,60,7,59,7,60,6,61,7,60,6,61,7,59,7,61,6,61,6,62,6,62,6,63,6,63,5,0,6,1,5,63,6,0,5,2,5,1,6,3,6,3,6,2,7,3,6,3,6,3,7,4,7,5,7,4,8,3,8,5,8,3,8,3,7,4,8,2,9,2,9,2,10,3,9,1,10,2,10,63,10,1,9,63,10,63,10,62,10,62,9,62,10,61,10,59,9,60,9,61,9,60,9,59,9,60,8,60,8,59,8,61,7,60,8,59,7,60,7,60,7,60,7,60,7,60,7,60,6,61,6,62,6,61,6,62,6,62,6,61,5,63,5,63,5,1,6,0,6,1,6,1,6,3,6,3,6,2,6,2,6,4,6,3,7,3,7,4,8,3,7,2,8,0,8,3,8,2,8,2,8,2,9,0,8,2,9,0,8,0,9,2,9,1,9,1,9,62,9,1,9,0,9,63,9,1,9,63,8,63,9,63,9,61,9,0,8,62,8,62,8,61,9,60,9,60,8,60,8,62,8,61,8,61,8,61,8,60,7,61,7,62,7,62,7,63,7,62,7,63,7,62,6,61,6,61,6,61,8,62,6,63,6,0,6,61,7,0,6,62,7,1,6,2,5,0,6,2,6,2,6,2,7,1,7,2,7,2,7,0,8,2,7,2,7,2,8,2,8,1,8,2,8,2,8,1,8,4,8,2,8,63,9,2,9,0,10,0,9,0,9,0,9,63,9,62,9,0,9,62,9,62,9,1,9,63,9,62,9,60,9,61,9,62,8,61,8,59,9,60,8,59,8,60,7,60,7,59,8,60,8,58,7,61,7,61,7,61,7,63,6,63,6,63,6,63,6,61,6,63,6,63,7,63,6,0,6,0,6,63,6,1,6,0,7,3,6,2,6,1,7,3,7,1,8,3,7,2,7,1,8,1,8,0,8,2,8,2,8,2,9,0,9,1,8,0,9,63,8,0,9,1,9,0,9,62,9,1,9,0,9,63,9,0,9,62,9
1759561853.623215000,00:03:7f:25:14:25,00:03:7f:25:14:25,3a:c8:97:94:99:7a,3a:c8:97:94:99:7a,61,10,60,10,61,9,60,9,59,9,60,9,59,8,58,9,60,8,59,8,60,8,60,7,59,7,60,7,61,7,60,7,61,7,59,7,61,6,61,6,61,6,62,5,62,6,63,5,63,6,0,5,62,6,63,5,2,5,1,6,2,6,3,6,2,6,3,6,2,6,2,6,4,7,5,7,4,8,3,7,5,7,4,8,3,7,5,8,2,8,2,9,3,9,4,9,2,10,2,9,0,9,2,9,0,10,63,10,63,10,63,9,62,10,62,10,60,9,60,9,61,9,60,9,60,9,60,9,61,8,59,8,60,7,60,8,58,8,59,8,59,7,60,7,60,7,60,7,59,6,61,6,61,6,61,6,61,6,62,6,61,5,62,5,63,5,0,5,0,5,1,6,1,6,2,5,3,5,2,6,2,6,4,6,3,7,3,7,4,8,3,7,2,8,0,7,4,7,2,8,2,8,2,9,1,9,2,9,0,8,1,9,2,9,0,9,1,10,63,9,1,10,0,9,62,9,1,9,62,9,61,10,63,9,61,8,63,8,62,8,61,8,60,9,59,9,60,8,60,8,60,8,60,7,60,8,60,8,60,7,61,7,62,7,62,7,63,6,63,6,63,7,61,6,61,6,61,5,62,7,62,6,63,6,0,6,62,6,1,6,63,6,2,6,4,5,0,6,3,6,3,6,2,7,1,6,3,7,2,7,0,7,3,7,3,8,4,8,2,8,1,8,3,9,2,8,2,8,4,8,2,9,63,10,3,9,1,10,1,10,0,9,1,9,63,9,62,10,0,9,62,10,61,10,0,9,62,9,61,9,59,9,60,9,62,9,61,9,57,9,59,8,58,8,59,7,59,7,58,8,59,8,58,7,60,7,60,7,60,6,62,6,63,6,62,6,62,6,61,6,62,5,63,7,63,6,63,6,1,6,0,6,2,6,0,6,3,6,3,6,2,6,4,6,2,7,3,7,3,7,2,8,1,7,1,8,3,8,4,8,3,9,1,9,2,8,1,9,0,8,1,9,2,9,0,9,62,10,1,10,0,10,63,9,0,9,61,9
1759561854.018726000,00:03:7f:25:14:25,00:03:7f:25:14:25,3a:c8:97:94:99:7a,3a:c8:97:94:99:7a,60,11,58,11,59,11,58,11,57,10,57,10,56,10,55,9,56,9,55,9,56,9,57,8,55,8,56,7,57,7,56,6,57,7,56,6,57,5,57,5,58,5,59,4,59,5,60,4,61,4,62,3,61,4,62,4,1,4,1,4,2,4,4,4,3,5,4,5,4,5,4,5,6,6,6,6,6,6,5,7,7,7,6,7,6,7,7,8,5,8,5,9,5,9,6,9,4,10,5,10,3,10,4,10,3,10,1,11,1,11,0,10,0,11,63,11,61,11,61,10,62,10,60,10,60,10,61,10,61,10,58,9,60,9,60,10,58,9,59,9,58,8,58,8,58,8,58,8,57,7,59,7,59,6,58,7,59,6,59,6,58,6,59,5,60,5,61,5,61,5,62,5,62,5,0,5,1,5,0,5,1,5,3,5,2,6,1,5,3,6,2,6,3,6,0,6,4,6,3,7,3,7,3,7,3,7,4,8,2,7,3,8,5,8,4,8,4,9,2,9,4,9,3,10,2,9,3,9,2,9,1,10,2,10,63,9,0,10,63,10,62,10,61,10,59,10,60,10,59,9,59,10,59,9,58,9,59,9,57,9,58,8,59,8,59,8,60,7,59,7,59,7,59,6,57,6,58,5,59,7,59,6,60,5,61,5,60,6,63,5,61,5,0,5,2,4,0,5,2,5,3,5,2,5,1,5,3,6,4,5,1,7,4,6,4,6,5,7,4,7,4,7,5,8,4,7,4,8,7,8,4,8,2,9,6,9,4,10,4,10,3,10,4,10,2,10,1,10,2,10,0,11,63,11,2,10,0,11,63,10,60,11,61,10,62,10,60,10,58,10,59,9,58,10,58,9,58,9,56,9,58,9,55,9,58,8,58,8,58,7,59,7,60,6,59,6,58,6,58,6,59,5,59,7,58,6,60,5,61,5,60,5,62,5,61,5,0,4,1,4,63,5,2,5,1,5,3,5,2,5,2,6,3,5,2,6,4,6,6,6,6,7,4,7,6,7,5,8,4,7,6,8,6,8,5,9,3,10,6,10,6,9,5,10,5,10,2,11
1759561854.411628000,00:03:7f:25:14:25,00:03:7f:25:14:25,3a:c8:97:94:99:7a,3a:c8:97:94:99:7a,61,9,59,9,60,9,60,9,59,8,58,9,59,8,58,8,60,8,58,8,60,8,60,7,59,6,60,6,61,6,60,6,61,7,60,7,61,6,61,6,62,5,63,6,63,6,63,6,0,6,1,5,63,6,0,5,2,5,1,6,3,6,3,6,2,7,3,6,3,6,3,7,4,7,5,7,4,8,3,8,5,8,4,8,3,7,4,8,2,9,2,9,2,10,3,9,1,10,2,9,0,9,1,9,63,10,63,10,63,10,62,9,62,10,61,10,60,9,61,9,61,9,60,9,60,9,61,9,61,8,59,8,61,7,61,8,59,7,61,8,60,7,61,7,61,7,60,7,60,6,61,6,62,6,61,6,62,6,62,6,61,6,62,6,63,6,0,6,0,6,1,6,0,6,2,6,2,6,1,6,1,6,3,6,2,7,2,7,3,8,2,7,1,7,0,7,3,7,2,8,1,8,1,8,0,8,1,9,0,7,0,8,2,8,0,9,1,9,62,9,1,9,0,9,63,9,1,9,62,9,63,9,63,9,62,8,63,8,61,8,62,8,61,8,60,9,60,8,60,8,61,8,60,7,60,8,61,8,60,7,61,7,62,7,62,7,63,6,63,6,63,7,62,6,61,6,61,5,61,7,62,6,63,6,0,6,62,7,1,6,63,6,1,6,3,5,1,6,3,6,3,6,2,7,1,7,2,7,3,7,0,8,3,7,3,8,3,8,2,8,1,8,3,9,2,8,1,8,4,8,2,9,63,10,3,9,1,10,1,10,1,9,0,9,63,9,62,9,0,9,62,10,61,10,0,9,63,9,61,9,59,9,60,9,61,8,60,8,58,9,59,8,58,8,59,7,60,7,58,8,60,8,57,8,61,7,61,6,61,6,63,5,63,6,62,6,62,6,61,6,63,6,63,7,63,6,63,6,1,6,0,6,1,6,0,6,3,6,3,6,2,6,3,6,2,7,3,7,3,7,2,8,1,7,1,8,2,8,3,8,2,9,0,9,2,8,1,9,0,8,1,9,2,9,0,9,62,10,1,10,0,10,63,9,0,9,61,9
1759561854.993597000,00:03:7f:25:14:25,00:03:7f:25:14:25,3a:c8:97:94:99:7a,3a:c8:97:94:99:7a,60,11,58,11,59,11,58,11,57,10,57,10,56,10,56,9,57,9,55,9,57,9,57,8,55,8,56,7,57,7,57,7,57,7,56,7,57,5,57,5,58,5,59,5,59,5,60,4,61,5,62,4,60,4,62,4,0,4,0,4,2,4,3,4,3,5,3,5,4,5,4,5,5,5,6,6,6,6,5,6,7,7,6,7,6,7,6,8,5,8,5,8,5,9,6,9,4,10,5,10,3,10,5,10,3,10,2,11,2,10,1,10,1,11,63,11,62,11,62,10,63,10,61,10,61,10,61,10,61,10,59,9,60,9,60,10,58,9,59,9,58,8,59,8,58,8,58,8,57,7,59,7,59,7,57,7,59,7,59,6,58,6,59,5,59,5,61,5,60,5,62,5,62,5,63,5,0,4,63,5,0,5,2,5,2,5,1,5,4,6,2,6,3,6,0,6,4,6,4,7,3,7,3,7,3,7,4,8,3,7,3,8,6,8,4,9,4,9,2,9,4,9,3,10,2,10,3,10,2,9,1,11,1,10,62,9,0,10,62,10,61,10,60,10,58,10,59,9,59,9,59,9,58,9,58,8,59,8,57,8,59,8,59,8,59,7,60,7,60,6,60,6,59,6,58,6,58,5,59,7,59,6,60,5,61,5,60,5,63,5,61,5,0,5,2,4,0,5,2,5,3,5,2,5,1,5,3,6,4,5,1,6,4,6,5,6,5,6,4,7,4,7,5,8,4,7,4,8,7,8,5,8,2,9,6,9,4,10,4,10,4,10,4,10,2,10,1,10,3,10,1,11,0,11,2,10,1,11,63,11,60,11,61,11,62,10,60,10,58,11,58,10,57,10,57,9,57,9,56,9,57,9,54,9,57,8,57,8,57,8,58,7,59,6,58,6,58,6,57,6,58,5,58,6,58,5,59,5,60,5,60,5,62,4,61,5,0,4,1,4,0,4,2,4,2,5,4,5,4,5,3,6,4,5,3,6,5,6,7,6,6,7,4,7,7,7,6,8,5,7,6,8,7,9,5,9,4,10,6,10,6,10,4,10,5,10,2,11
1759561855.551239000,00:03:7f:25:14:25,00:03:7f:25:14:25,3a:c8:97:94:99:7a,3a:c8:97:94:99:7a,60,11,58,11,60,10,58,10,58,10,58,10,57,10,56,9,58,9,56,8,58,9,58,8,56,8,57,7,58,7,58,7,58,7,57,7,58,6,58,6,59,5,60,5,60,5,61,5,61,5,62,4,61,5,62,4,0,4,0,5,2,5,3,5,2,5,2,5,3,5,3,5,5,6,5,6,5,6,4,7,6,7,5,7,5,6,6,8,4,8,4,8,5,9,6,9,4,9,5,9,3,9,4,9,3,10,2,10,2,10,1,10,0,11,63,11,62,10,62,10,63,10,61,10,61,10,61,10,61,9,59,9,61,9,60,10,58,9,59,9,59,8,59,8,58,8,58,8,58,8,59,7,59,7,58,7,59,7,59,6,58,6,59,6,60,5,61,5,61,5,62,6,61,5,0,5,0,5,63,5,0,5,2,5,1,6,1,5,3,6,2,6,2,6,0,6,3,6,3,6,3,7,3,7,2,7,4,8,2,6,2,8,5,8,4,8,4,9,2,8,4,9,3,9,3,9,4,9,1,10,2,10,1,10,0,10,1,9,63,9,63,10,62,10,60,11,60,10,60,10,61,10,59,9,59,9,59,9,57,9,59,8,59,8,59,8,60,7,59,7,59,7,59,7,57,6,58,5,58,7,58,6,60,6,61,5,59,6,62,5,60,5,63,5,1,4,63,5,2,5,2,4,2,5,1,5,3,6,3,5,1,6,4,6,5,6,5,6,4,7,4,7,5,8,4,7,4,8,7,7,5,8,2,9,6,9,4,9,4,9,4,9,4,10,3,10,2,10,3,10,1,11,0,11,3,10,1,11,63,11,61,11,62,11,63,10,60,10,58,11,59,10,57,10,58,10,58,9,56,9,57,9,54,9,57,8,57,8,57,8,58,7,59,6,58,6,58,6,57,6,58,5,58,6,57,5,59,5,60,5,60,5,61,4,60,5,0,4,1,4,63,4,2,4,2,5,4,5,3,5,3,5,4,5,3,6,5,6,7,6,6,7,5,7,7,7,6,8,5,7,6,8,7,8,6,9,4,10,7,10,6,10,5,10,5,10,3,11
1759561856.105306000,00:03:7f:25:14:25,00:03:7f:25:14:25,3a:c8:97:94:99:7a,3a:c8:97:94:99:7a,60,10,59,10,60,9,59,9,59,9,58,9,58,9,58,8,59,9,57,8,59,8,59,7,58,7,59,6,60,7,59,6,60,7,58,6,60,5,59,5,60,5,62,5,62,5,62,5,63,5,0,4,63,5,0,5,2,5,1,5,3,5,4,5,3,6,4,6,4,6,4,6,5,6,6,7,5,7,5,7,6,8,5,8,5,7,5,8,4,9,3,9,4,10,4,10,3,10,3,10,1,10,2,10,0,10,63,11,63,11,63,10,62,11,61,11,59,10,60,10,60,10,59,10,59,10,59,9,59,9,58,8,60,8,59,9,57,8,59,8,58,7,58,7,58,7,58,7,58,6,59,6,61,5,59,5,61,5,60,5,60,5,61,4,63,5,0,5,0,5,1,5,1,5,3,5,4,5,3,5,3,6,5,6,4,7,4,6,5,7,4,7,4,7,2,7,5,7,4,8,3,8,4,9,3,9,4,9,1,8,1,9,4,9,2,10,2,10,63,10,2,10,0,10,63,10,0,10,62,10,61,10,62,10,61,9,61,9,59,9,60,9,59,9,58,9,58,8,58,8,59,7,59,7,58,7,59,7,57,7,59,6,60,6,61,6,62,5,62,5,62,6,62,5,60,5,62,4,62,6,63,5,0,5,1,5,63,6,2,5,0,6,4,5,5,5,3,6,5,6,5,6,4,7,3,6,4,8,5,7,2,8,5,8,4,8,4,9,4,9,3,9,4,10,2,9,2,9,5,9,2,10,63,11,2,10,0,11,0,10,63,10,63,10,61,10,60,10,62,10,60,10,59,10,62,9,60,10,59,9,57,9,58,9,60,8,58,8,56,8,57,7,57,7,57,6,59,6,58,7,59,7,57,6,61,6,61,6,61,5,63,5,0,5,0,5,0,5,62,5,1,5,1,6,1,6,1,6,3,6,2,6,3,6,2,7,5,6,5,6,3,7,5,7,4,8,5,8,4,8,2,9,2,9,1,9,3,9,3,9,2,10,0,10,1,10,0,10,62,9,63,10,0,10,62,10,60,10,63,10,62,10,61,9,61,9,59,9
1759561856.730216000,00:03:7f:25:14:25,00:03:7f:25:14:25,3a:c8:97:94:99:7a,3a:c8:97:94:99:7a,61,12,59,12,60,11,58,11,58,10,57,11,56,10,55,10,56,10,55,9,56,9,57,8,55,8,56,7,57,7,56,7,56,7,55,7,57,6,56,6,57,5,58,5,59,5,59,4,60,4,60,3,60,4,61,3,0,3,0,4,2,4,3,4,2,4,3,4,4,4,4,5,6,5,7,5,6,6,6,6,7,6,7,6,7,6,7,7,6,8,6,8,7,9,8,9,6,9,7,9,4,10,6,10,4,10,3,11,3,11,2,10,3,12,1,11,62,11,62,11,63,11,61,11,61,11,61,11,60,10,58,10,60,10,59,10,56,9,57,9,57,9,57,9,56,9,56,8,56,7,57,7,57,6,56,7,57,6,57,6,56,6,58,5,58,5,60,4,60,4,62,5,61,5,63,4,0,4,0,4,1,4,4,4,3,5,2,5,5,5,4,5,4,6,2,6,6,6,5,6,5,7,5,7,4,7,5,8,4,7,4,8,7,8,5,9,6,10,3,10,5,10,4,10,3,10,4,10,2,10,0,11,1,11,61,10,0,10,61,10,60,10,59,10,57,11,58,10,58,9,58,9,57,9,57,8,57,9,56,8,58,7,58,7,58,7,59,6,59,6,59,6,58,6,57,6,58,5,59,6,59,5,60,5,62,5,60,5,0,4,61,5,1,4,3,3,1,5,3,4,4,5,3,5,2,5,4,6,5,5,2,6,5,6,5,7,5,7,5,7,4,7,5,8,4,7,4,8,7,8,4,9,2,10,6,9,4,10,4,10,3,10,3,10,1,10,0,10,2,10,0,11,63,11,2,10,0,11,62,10,60,10,61,10,61,10,60,10,57,10,58,9,57,10,57,9,58,9,56,9,57,9,55,8,58,8,58,7,57,7,59,6,60,6,58,6,58,6,57,6,59,5,59,6,59,5,60,5,61,5,61,5,63,5,62,5,1,4,2,4,0,5,3,5,2,6,4,5,4,5,4,6,4,6,3,7,5,7,7,7,6,8,4,8,6,7,5,8,4,7,5,9,6,9,4,9,2,10,5,10,5,10,4,10,4,10,1,11
1759561857.246141000,00:03:7f:25:14:25,00:03:7f:25:14:25,3a:c8:97:94:99:7a,3a:c8:97:94:99:7a,63,11,62,11,62,11,61,11,60,11,59,11,59,11,58,10,59,10,57,10,58,10,58,9,56,9,58,8,58,8,57,8,57,8,56,8,57,7,56,7,57,6,57,6,58,6,58,5,59,5,59,5,58,5,59,5,61,4,61,5,63,4,0,4,63,4,0,4,1,4,1,4,3,5,4,5,4,5,4,5,6,5,5,5,5,5,6,6,5,7,5,7,6,8,7,7,6,8,7,8,5,8,7,9,5,9,5,10,5,10,4,9,4,11,3,10,1,11,1,11,2,11,0,11,63,11,0,11,0,11,60,10,62,10,61,11,59,10,59,10,58,10,58,10,58,9,57,9,56,9,58,8,58,8,56,8,58,7,57,7,56,7,57,6,57,6,59,5,58,5,60,5,59,5,61,5,62,4,62,4,62,5,0,4,0,5,0,5,2,5,1,5,2,5,0,5,3,5,3,6,3,6,3,6,3,6,4,7,4,6,3,7,6,7,5,8,5,8,3,8,5,9,5,9,4,9,6,9,3,9,4,10,2,10,63,10,3,9,1,10,0,11,63,10,62,11,61,10,61,10,62,10,60,10,59,10,59,10,58,10,59,9,59,9,59,9,60,8,59,8,58,8,58,8,56,7,57,7,57,8,57,7,57,7,58,6,56,6,59,5,57,6,60,5,61,4,60,5,62,4,62,4,62,4,62,5,0,5,0,4,63,5,2,5,3,5,3,5,3,5,3,5,5,6,5,6,4,6,8,6,5,7,3,8,7,7,5,8,6,8,6,8,6,9,5,9,4,9,6,9,4,10,3,10,6,10,4,11,2,10,1,11,1,11,1,11,63,11,61,11,61,11,59,11,60,10,59,10,56,10,57,10,55,10,58,9,57,9,57,9,58,8,58,7,57,8,57,7,56,7,57,6,57,8,56,7,57,6,58,6,58,6,59,5,58,5,61,4,61,4,60,5,63,4,63,5,1,4,0,4,0,5,1,4,1,5,3,5,6,5,5,6,3,6,6,5,5,6,4,6,6,7,7,7,5,8,4,8,7,8,7,8,6,9,7,9,4,10
1759561857.867258000,00:03:7f:25:14:25,00:03:7f:25:14:25,3a:c8:97:94:99:7a,3a:c8:97:94:99:7a,62,11,60,11,61,10,60,10,59,10,58,10,58,10,57,10,58,10,57,9,58,9,58,8,57,8,58,7,59,7,57,7,58,7,57,7,58,6,58,6,58,6,59,5,60,5,60,5,61,5,61,4,60,5,61,4,63,4,62,5,1,5,2,5,1,5,2,5,2,5,3,5,4,5,5,6,4,6,4,6,6,6,5,6,5,6,6,7,4,8,4,8,5,8,6,8,4,9,5,9,3,9,5,9,2,10,2,10,2,10,2,10,2,11,0,10,63,10,63,10,0,10,62,10,62,10,62,10,62,9,60,9,62,9,61,10,58,9,60,9,59,9,60,9,59,8,59,8,58,8,59,7,60,7,58,7,59,7,59,7,58,6,59,6,60,6,61,6,61,6,62,6,62,6,63,5,0,5,63,5,63,5,1,5,1,6,0,6,2,6,1,6,1,6,63,6,3,6,2,6,2,7,2,7,1,7,3,8,2,6,2,7,4,7,3,8,3,8,1,8,4,9,3,9,2,9,4,9,1,8,2,10,1,9,63,9,2,9,0,9,0,10,63,10,61,10,62,9,62,9,62,9,61,9,61,9,60,9,59,9,61,9,61,9,61,8,61,8,61,8,60,8,59,8,58,7,59,7,58,8,59,7,60,7,60,6,59,7,61,6,59,6,62,6,0,5,62,6,0,5,63,5,0,5,63,5,1,6,1,5,63,6,2,6,3,6,2,6,2,6,1,6,3,7,3,6,3,7,6,7,4,7,1,8,5,8,3,9,3,9,3,8,4,9,2,9,1,9,3,9,1,10,1,10,4,9,2,10,0,10,62,10,63,10,0,10,62,10,60,10,60,9,59,10,59,9,59,9,58,9,59,9,56,9,59,8,59,8,59,8,61,7,61,7,59,7,60,7,58,7,60,6,60,7,59,6,60,6,61,6,61,6,62,6,61,6,0,5,0,5,62,5,0,5,0,6,2,6,1,6,0,6,0,6,0,6,2,6,4,6,3,7,1,7,3,6,3,7,2,6,3,7,4,8,3,8,1,9,4,8,4,8,3,9,4,8,2,9
1759561858.374903000,00:03:7f:25:14:25,00:03:7f:25:14:25,3a:c8:97:94:99:7a,3a:c8:97:94:99:7a,61,10,59,11,60,10,59,10,59,9,58,10,58,9,57,9,59,9,57,8,59,8,59,7,57,7,58,7,59,7,58,7,59,7,57,7,59,6,59,5,59,5,61,5,61,5,61,5,62,5,63,4,61,5,62,5,0,4,0,5,2,5,3,5,2,6,3,5,3,6,4,6,5,6,5,6,5,7,5,7,6,7,5,7,5,7,6,8,4,8,4,9,5,9,6,9,4,10,5,10,2,10,4,10,2,10,1,11,1,11,0,10,0,11,63,11,61,10,61,10,62,10,60,10,60,10,60,10,60,9,58,9,60,9,59,9,57,8,58,8,57,8,58,8,58,8,58,7,57,7,58,6,59,6,58,6,59,6,59,6,58,5,59,5,61,5,63,5,62,5,0,5,63,5,1,4,2,4,2,5,2,5,4,5,4,6,3,5,5,6,4,6,3,6,2,6,4,7,4,7,4,7,4,8,3,8,4,8,3,7,3,8,6,8,4,9,4,10,1,10,4,10,3,10,2,10,3,10,0,9,0,11,0,10,61,10,0,9,62,9,61,10,60,10,59,10,59,9,59,9,59,9,59,9,58,9,58,9,57,8,59,8,59,8,59,7,60,7,59,7,59,7,59,6,57,6,58,5,58,7,59,5,60,5,61,5,59,6,63,5,60,5,63,5,1,4,0,5,2,5,2,5,2,5,1,5,3,6,3,5,1,6,4,6,4,6,5,6,4,7,3,7,5,8,4,7,4,8,7,8,5,8,2,9,6,9,4,10,4,10,4,10,3,10,2,10,0,10,2,10,0,11,63,11,2,10,0,11,62,10,60,10,60,10,61,10,60,10,57,10,58,9,57,9,57,9,58,8,56,8,57,9,55,8,58,7,58,7,58,7,59,6,60,6,59,6,59,6,58,6,59,5,60,6,60,5,61,5,63,5,62,5,0,5,63,5,2,4,2,4,2,5,3,5,3,6,5,6,4,6,3,6,4,6,3,7,5,7,6,7,5,8,4,8,6,8,5,8,3,8,4,9,5,9,3,10,1,10,4,10,4,10,2,10,3,10,0,11
1759561858.868643000,00:03:7f:25:14:25,00:03:7f:25:14:25,3a:c8:97:94:99:7a,3a:c8:97:94:99:7a,60,9,59,9,60,8,59,8,59,8,59,8,60,8,59,8,60,8,59,7,61,7,61,7,59,7,61,6,62,6,61,6,62,6,60,6,62,6,62,6,62,6,63,6,0,6,0,6,0,6,1,5,63,6,1,6,2,6,1,6,3,6,3,6,2,7,3,7,2,7,2,7,4,7,4,8,3,8,3,8,4,8,3,8,2,7,3,9,1,9,1,9,2,10,2,9,1,10,2,9,63,9,1,9,63,9,62,10,62,10,62,9,62,10,61,9,60,9,60,9,61,9,60,9,60,9,61,8,61,8,59,8,61,7,61,8,59,7,60,7,60,7,61,7,61,7,61,7,60,6,62,6,62,6,62,6,63,6,63,6,62,6,63,6,0,6,1,6,1,6,2,6,1,6,3,6,3,6,2,6,2,7,3,7,3,8,2,7,3,8,2,8,1,8,63,8,2,8,1,8,1,9,1,9,63,9,0,9,63,8,63,9,1,9,63,9,0,9,61,9,0,9,63,9,62,9,0,8,62,8,62,9,62,9,61,8,0,7,62,7,62,8,62,8,60,8,61,8,61,7,62,7,61,7,61,7,62,8,61,7,62,7,63,7,63,7,0,7,0,7,0,7,63,7,62,7,63,6,62,8,63,7,63,7,0,7,62,7,1,7,62,7,1,7,3,6,0,7,2,7,1,7,1,7,0,7,1,8,1,7,63,7,1,7,1,7,1,8,1,8,0,8,1,8,1,7,0,8,3,8,1,8,62,9,2,9,0,9,0,9,0,9,0,9,63,9,63,9,0,8,62,9,62,9,1,8,63,9,62,9,61,8,61,8,63,8,62,8,59,8,61,8,60,8,60,7,61,8,59,8,61,8,59,8,61,7,62,7,61,7,63,6,63,6,63,7,63,7,61,7,63,6,63,7,63,6,63,6,0,7,63,7,1,7,63,7,2,6,2,6,1,7,2,7,1,7,2,7,2,7,0,8,0,8,63,8,1,8,2,8,1,9,63,9,1,8,0,8,63,8,0,8,1,8,0,9,61,9,1,9,0,9,63,9,0,9,62,9
1759561859.284974000,00:03:7f:25:14:25,00:03:7f:25:14:25,3a:c8:97:94:99:7a,3a:c8:97:94:99:7a,60,10,59,10,60,9,59,9,59,9,58,9,58,9,57,8,59,8,57,8,59,8,59,7,58,7,59,6,60,7,59,6,60,6,59,6,60,5,60,5,60,5,61,5,62,5,62,5,63,5,0,4,63,5,0,5,2,5,1,5,3,5,4,5,3,6,3,6,4,6,3,6,5,6,5,7,5,7,4,7,6,7,5,7,5,7,5,8,4,8,3,9,4,9,5,9,3,10,3,10,1,10,3,10,1,10,0,11,0,10,63,10,63,11,62,10,60,10,61,10,61,10,60,10,60,10,60,9,60,9,58,9,60,8,60,9,58,8,59,8,59,8,59,8,59,7,58,7,58,7,59,6,60,6,59,6,60,6,60,6,59,5,61,5,61,5,63,5,62,5,0,5,0,5,1,5,2,5,1,5,2,5,4,5,3,6,3,6,4,7,3,7,3,7,1,7,4,7,3,7,3,8,3,8,2,8,3,9,2,7,2,8,4,8,2,9,2,10,0,9,2,10,1,10,1,10,2,9,63,9,0,10,0,10,62,9,63,9,61,9,62,9,61,9,59,9,59,9,59,8,60,8,60,8,59,8,60,8,58,8,60,7,60,7,60,7,61,7,61,7,61,7,61,6,60,6,60,5,60,7,61,6,62,6,62,6,61,6,0,6,62,6,0,5,2,5,0,6,2,6,2,6,2,6,1,6,2,7,2,6,0,7,3,7,3,7,3,7,3,7,2,8,3,8,2,7,2,8,5,8,3,8,0,9,4,9,2,9,2,9,2,9,2,9,0,9,0,9,1,9,63,10,62,10,2,9,0,10,62,9,60,10,61,9,63,9,61,9,59,9,60,9,59,9,59,8,60,8,58,8,60,8,57,8,60,7,60,7,60,7,62,6,62,6,61,7,61,6,60,6,61,6,61,7,61,6,62,6,63,6,62,6,63,6,63,6,1,5,1,6,0,6,2,6,1,7,2,6,2,6,1,7,1,7,0,7,2,7,3,7,3,8,1,8,2,7,2,8,1,7,2,8,3,8,1,9,0,9,3,9,2,9,1,9,2,9,63,9
1759561859.751514000,00:03:7f:25:14:25,00:03:7f:25:14:25,3a:c8:97:94:99:7a,3a:c8:97:94:99:7a,0,12,62,12,62,12,61,12,59,11,59,11,57,11,56,11,57,11,55,10,57,10,57,9,55,9,56,8,57,8,56,8,56,8,55,8,56,7,55,6,55,6,57,5,57,5,57,5,58,5,59,4,57,4,58,4,61,3,61,4,63,4,1,4,0,4,1,4,2,4,3,4,5,4,6,5,6,5,5,5,7,5,6,5,7,5,7,6,6,7,6,8,7,8,8,8,7,9,8,9,5,9,7,9,5,10,5,11,5,11,4,10,4,11,3,11,0,11,0,11,1,11,63,11,63,12,63,11,63,11,60,11,61,10,60,11,58,10,58,10,57,10,58,10,57,10,57,9,56,9,57,8,57,8,56,8,57,7,56,7,55,7,56,6,56,6,58,5,57,5,59,5,58,5,60,4,61,4,60,4,62,4,0,4,63,4,63,4,1,5,1,4,1,5,0,4,4,5,4,5,4,5,4,6,3,5,5,6,4,5,5,6,8,6,6,8,7,8,5,8,7,8,6,9,5,9,6,9,5,9,4,11,6,10,2,10,3,11,1,11,0,11,62,11,60,12,61,11,60,11,59,11,58,10,56,10,57,10,55,10,57,9,57,9,57,9,57,8,56,8,56,8,56,7,54,7,55,6,54,7,55,6,56,5,57,5,56,5,59,5,56,5,60,4,61,3,60,4,0,3,0,3,0,4,63,4,2,4,3,3,2,4,5,4,6,5,6,5,6,6,5,5,7,6,7,6,7,7,10,7,7,8,5,9,9,9,7,9,7,9,7,9,7,9,5,10,4,10,6,11,4,11,3,11,5,11,4,12,1,11,62,12,63,12,63,11,61,12,59,12,59,11,57,11,57,11,56,10,54,10,55,10,53,10,56,9,56,9,55,8,57,7,57,7,56,7,55,7,55,7,55,6,55,7,55,6,56,5,57,5,57,5,59,4,58,5,60,3,61,3,60,3,0,3,1,4,2,3,2,4,3,4,4,4,4,5,6,5,8,5,8,6,6,6,8,6,7,6,7,6,8,7,9,8,7,9,6,10,9,9,9,9,8,10,8,10,5,11
1759561860.148368000,00:03:7f:25:14:25,00:03:7f:25:14:25,3a:c8:97:94:99:7a,3a:c8:97:94:99:7a,61,11,59,11,60,10,59,10,58,9,58,10,58,9,56,9,58,9,56,8,58,8,58,7,57,7,58,7,59,7,58,6,58,6,57,6,59,5,59,5,59,5,61,5,61,5,62,4,63,5,63,4,62,5,63,4,2,4,1,5,3,5,4,5,4,6,4,5,4,6,4,6,6,6,6,7,6,7,5,7,7,7,6,7,6,7,7,8,5,9,4,9,5,10,6,10,4,10,5,10,2,10,3,10,1,11,0,11,0,11,63,10,63,12,62,11,59,11,59,10,60,10,58,10,58,10,58,10,59,9,57,9,59,8,58,9,56,8,57,8,57,7,57,7,57,7,57,7,57,6,58,6,59,5,58,5,59,5,59,5,58,4,61,4,62,4,0,4,0,4,1,5,1,5,3,4,4,4,3,5,4,5,6,5,5,6,5,6,7,7,6,7,5,7,3,7,6,7,6,8,6,8,5,9,5,9,6,10,3,8,4,10,6,10,3,10,3,11,1,11,3,11,1,11,0,11,1,11,61,10,61,11,60,11,58,10,60,9,59,9,58,9,57,9,56,9,56,8,56,8,57,8,57,7,57,7,58,7,56,6,58,6,59,6,59,6,61,5,61,5,62,5,61,5,60,5,61,4,62,6,62,5,0,5,1,5,63,5,2,5,1,5,3,5,6,4,3,6,5,5,6,6,4,6,3,6,5,7,5,7,2,8,5,7,5,8,5,8,4,9,3,9,5,9,3,9,3,9,6,9,3,10,63,11,3,10,2,11,1,11,0,10,0,10,62,10,61,10,63,10,60,11,59,10,63,9,61,10,59,10,57,9,58,9,60,9,58,9,56,9,57,8,56,8,57,7,58,7,56,7,58,7,56,7,59,6,60,6,59,6,62,5,63,5,63,5,63,5,61,5,63,4,0,6,0,5,1,5,2,5,1,6,3,5,2,6,5,5,5,6,4,6,5,6,4,7,5,7,5,7,4,8,3,8,2,9,4,9,4,9,4,10,1,10,3,9,2,10,0,9,1,10,2,10,0,10,61,10,0,10,63,10,62,10,62,10,60,10
1759561860.702387000,00:03:7f:25:14:25,00:03:7f:25:14:25,3a:c8:97:94:99:7a,3a:c8:97:94:99:7a,58,11,57,12,58,11,57,11,56,10,56,10,55,10,55,9,56,9,54,8,56,8,56,7,55,7,56,7,57,7,56,6,57,6,56,6,57,5,57,5,58,4,60,4,60,4,61,4,62,4,0,3,63,4,0,4,2,4,2,4,4,4,5,4,5,5,5,5,6,5,6,6,7,6,8,7,7,7,6,7,8,7,7,8,6,7,7,9,5,9,5,10,5,10,6,10,4,11,4,11,1,11,3,10,0,11,63,11,63,11,62,10,62,11,61,11,59,10,59,10,60,10,58,10,58,10,58,9,59,9,57,8,59,8,58,8,56,8,58,7,58,7,58,7,58,7,58,6,58,6,59,6,60,5,59,5,61,5,61,5,60,5,62,4,63,5,1,5,1,5,2,5,1,5,3,5,4,5,3,6,3,6,5,6,4,7,4,7,5,8,4,7,3,8,1,8,4,8,3,8,3,8,2,9,2,9,3,9,0,8,0,9,3,9,1,9,1,10,63,9,1,10,0,9,63,9,1,9,63,9,62,10,63,9,62,8,0,8,62,8,61,8,61,8,59,9,61,8,60,8,61,8,61,8,60,8,61,8,60,8,61,7,62,8,62,7,63,7,62,7,62,7,61,7,60,7,60,6,61,8,61,6,62,6,62,6,60,7,63,6,61,7,0,6,1,5,63,6,1,6,1,6,1,6,0,6,1,7,1,6,63,7,2,6,3,7,2,7,2,7,1,7,3,8,2,7,2,7,5,7,3,8,0,9,4,8,3,9,3,9,2,9,3,9,1,9,1,9,3,9,1,10,0,10,3,9,1,10,0,10,62,10,63,10,0,9,62,10,60,10,61,9,59,9,60,9,60,9,58,9,59,9,56,9,60,8,60,8,59,8,61,7,60,7,59,7,59,7,58,7,59,6,59,7,59,6,60,6,61,6,60,6,62,5,60,6,63,5,0,5,62,5,0,5,0,6,2,5,1,5,1,6,1,5,1,6,3,6,5,6,4,7,3,7,4,6,4,7,4,6,5,8,6,8,5,8,3,9,6,9,6,9,5,9,5,9,3,10
1759561861.251294000,00:03:7f:25:14:25,00:03:7f:25:14:25,3a:c8:97:94:99:7a,3a:c8:97:94:99:7a,60,11,58,11,60,11,59,10,57,10,57,10,57,10,56,10,57,9,56,9,57,9,57,8,56,8,57,7,58,7,57,7,57,7,56,6,58,6,57,6,58,5,59,5,60,5,60,5,61,5,62,4,61,4,62,4,0,4,63,5,2,4,3,4,2,5,3,5,4,5,4,5,5,6,6,6,5,6,5,6,7,7,6,7,6,7,6,8,5,8,5,8,5,9,6,9,5,10,5,10,3,10,5,10,3,10,2,11,2,11,0,10,0,11,63,11,62,11,62,11,62,10,60,10,60,10,61,10,60,10,58,9,60,9,59,10,57,9,58,9,58,8,58,8,58,8,58,8,57,7,59,7,59,6,58,7,59,6,58,6,58,6,59,5,60,5,61,5,61,5,62,5,62,5,0,5,1,5,0,5,0,5,2,5,2,6,1,5,3,6,2,6,2,6,1,6,3,6,3,7,3,7,3,7,2,7,4,8,3,6,3,8,5,8,4,8,4,9,2,8,4,9,3,9,2,9,4,9,2,9,1,10,2,10,63,10,1,9,63,9,63,10,62,10,60,10,60,10,60,10,61,10,60,9,59,9,59,9,57,9,59,8,59,9,59,8,60,7,59,7,59,7,58,7,57,7,57,6,58,7,58,6,59,6,60,6,58,6,61,5,59,5,62,5,1,4,63,5,1,5,1,4,1,5,0,5,2,5,3,5,1,6,4,5,4,6,5,6,4,6,3,6,5,7,5,7,4,7,7,7,5,8,2,9,6,9,4,9,4,9,4,9,4,9,3,10,2,10,4,10,2,11,1,11,3,10,2,11,0,11,62,11,62,11,63,10,61,10,59,11,59,10,58,10,58,10,58,9,56,9,57,9,55,9,57,8,58,8,57,8,59,7,59,7,58,7,58,6,57,6,58,6,59,7,58,6,59,5,61,5,60,5,61,5,61,5,0,4,1,4,63,5,1,5,1,5,3,5,2,5,2,6,3,5,2,6,4,6,6,6,5,7,3,7,5,6,5,7,4,7,5,8,6,8,5,8,3,9,6,9,6,9,5,10,6,9,3,10
1759561861.808575000,00:03:7f:25:14:25,00:03:7f:25:14:25,3a:c8:97:94:99:7a,3a:c8:97:94:99:7a,59,12,57,12,59,11,58,11,57,10,56,10,56,10,55,9,56,9,54,9,56,9,56,8,55,8,56,7,57,7,56,6,57,7,55,6,57,5,57,5,58,5,59,4,59,4,60,4,61,4,62,3,61,4,62,4,1,4,0,4,3,4,4,4,3,5,4,5,5,5,5,5,6,5,7,6,6,7,6,6,7,7,6,7,6,7,7,8,5,8,5,9,6,9,7,9,5,10,6,10,3,10,4,10,2,11,2,11,1,11,0,10,0,11,63,11,61,11,61,11,61,11,59,10,59,10,60,10,60,10,57,9,59,9,59,9,57,8,58,8,57,8,58,8,57,8,57,7,57,7,58,6,59,6,58,6,59,6,59,5,58,5,60,5,61,5,62,4,62,5,0,5,63,5,1,4,2,4,1,5,2,5,4,5,3,6,3,5,5,6,4,6,4,6,2,7,5,7,4,7,4,7,4,8,3,8,4,8,2,7,2,9,5,8,3,9,3,10,1,9,3,10,2,10,1,10,2,10,0,9,63,10,0,10,61,9,0,9,62,9,61,9,60,9,58,10,59,9,59,9,59,9,59,8,59,8,59,8,58,8,60,7,60,8,60,7,61,6,60,6,61,7,60,6,58,6,59,5,60,7,60,6,61,6,62,5,60,6,0,5,61,6,0,5,2,4,0,5,2,5,2,5,2,6,1,6,3,6,3,5,1,7,4,6,4,7,4,7,3,7,2,7,4,8,3,7,3,8,6,8,4,8,1,9,5,9,3,10,3,9,3,9,3,9,1,10,1,10,2,10,0,10,0,10,2,10,1,10,63,10,61,10,62,10,63,10,61,10,59,10,60,9,58,10,59,9,59,9,57,9,58,9,56,9,59,8,59,8,58,8,60,7,60,7,59,7,59,7,58,6,59,6,59,7,59,6,60,5,61,5,61,6,62,5,61,5,0,5,1,5,63,5,1,5,0,6,2,5,2,5,1,6,2,6,1,6,3,6,5,6,4,7,2,7,4,7,4,7,3,6,5,8,5,8,4,8,2,9,5,9,5,9,4,9,5,9,2,10
1759561862.391702000,00:03:7f:25:14:25,00:03:7f:25:14:25,3a:c8:97:94:99:7a,3a:c8:97:94:99:7a,59,12,57,12,58,11,57,11,56,10,56,10,55,10,54,9,55,10,54,9,56,9,56,8,55,8,56,7,57,7,56,6,56,7,55,6,56,5,56,5,57,4,58,4,59,4,60,4,61,4,62,3,60,4,62,3,1,3,1,4,3,4,4,4,4,5,4,5,5,5,6,5,7,5,8,6,7,6,6,6,8,7,7,7,7,7,8,8,6,8,6,9,7,10,8,10,6,10,6,10,3,10,5,10,3,11,2,12,2,12,0,11,0,12,63,11,60,11,60,11,60,11,58,11,58,11,59,10,58,10,56,9,58,9,58,9,55,8,57,8,56,8,57,8,57,7,56,7,56,6,57,6,58,5,57,6,59,5,58,5,57,5,59,4,60,4,63,4,62,4,0,4,0,4,2,4,3,4,2,4,3,5,5,5,4,6,4,5,5,6,5,6,4,6,3,7,6,7,5,7,5,8,5,8,4,8,5,9,3,8,3,9,5,9,3,9,4,10,2,10,4,10,2,10,1,10,3,10,63,10,0,10,63,11,61,10,62,9,61,9,61,10,60,10,58,10,58,9,58,9,59,8,58,8,58,8,59,8,57,8,59,7,60,7,60,7,61,6,60,6,61,6,60,6,58,6,59,5,60,7,60,5,61,5,63,5,61,6,0,5,62,6,1,5,3,4,0,6,3,5,3,5,2,6,1,6,3,7,3,6,1,7,4,6,4,7,4,7,3,8,2,8,4,8,3,7,3,8,6,8,3,8,0,10,4,9,3,10,2,10,2,9,2,9,0,10,0,10,2,10,63,10,63,10,2,9,0,10,62,10,60,10,61,10,62,9,61,9,58,10,59,9,58,9,58,8,59,8,57,8,59,9,57,8,59,7,60,7,59,7,61,6,61,6,61,6,60,6,59,6,61,5,61,7,60,6,62,5,63,6,62,6,0,6,63,6,2,5,2,5,1,6,3,6,2,7,3,6,2,6,2,7,2,7,1,7,3,7,4,7,4,8,2,8,3,8,3,8,2,7,3,8,4,9,2,9,0,10,3,9,3,10,2,9,3,9,0,10
1759561862.885990000,00:03:7f:25:14:25,00:03:7f:25:14:25,3a:c8:97:94:99:7a,3a:c8:97:94:99:7a,62,10,60,10,61,9,60,10,59,9,60,10,59,9,58,9,60,9,58,8,59,8,60,8,58,8,59,7,60,7,59,7,59,7,58,7,60,6,59,6,59,6,61,6,61,5,61,5,62,5,63,5,61,5,62,5,1,5,63,5,1,5,2,5,2,6,2,6,3,6,3,6,4,6,5,6,4,7,4,7,6,7,5,7,4,7,6,8,4,8,3,9,4,9,5,9,3,10,4,10,2,10,4,10,2,10,0,10,1,10,63,10,63,11,62,11,60,10,61,10,62,10,60,10,60,10,60,9,60,9,58,9,60,8,60,9,58,8,58,8,58,8,59,8,58,7,58,7,58,7,59,6,60,6,59,6,60,6,60,5,59,5,61,5,61,5,63,5,63,5,0,5,0,5,2,5,3,5,2,5,2,6,4,5,3,6,3,6,5,7,4,7,3,7,1,7,4,7,4,8,4,8,3,8,3,8,4,9,1,8,2,9,5,9,2,9,2,10,0,10,2,10,1,10,0,10,2,10,63,10,62,10,63,10,61,9,61,9,60,9,61,9,60,9,58,9,58,8,58,8,59,8,59,8,58,7,59,7,58,7,59,7,59,7,60,6,61,6,61,6,62,6,60,5,60,5,60,4,61,6,62,5,63,5,0,5,62,6,1,5,63,5,3,5,5,4,2,6,4,6,4,6,3,6,3,6,4,7,4,7,2,8,4,7,4,8,5,8,3,8,3,8,4,9,2,8,3,9,5,9,2,9,63,10,3,10,1,11,1,10,0,10,1,10,62,10,62,10,63,10,61,10,60,10,63,9,61,10,60,10,58,9,59,9,60,8,59,8,56,9,58,8,57,8,58,7,59,7,57,7,59,7,57,7,60,6,60,6,60,6,63,5,63,5,63,5,63,5,62,5,0,5,1,6,0,6,1,6,2,6,2,6,3,6,2,6,5,6,5,6,3,7,5,7,4,8,5,8,4,8,2,9,2,9,1,9,2,9,3,9,2,10,0,10,1,9,0,10,62,9,0,10,0,10,62,10,60,10,63,10,62,10,61,10,61,9,59,10
1759561863.416885000,00:03:7f:25:14:25,00:03:7f:25:14:25,3a:c8:97:94:99:7a,3a:c8:97:94:99:7a,62,9,60,10,61,9,60,9,60,9,60,9,60,9,59,9,60,8,58,8,60,8,60,7,59,7,60,7,61,7,60,7,60,7,59,7,61,6,60,6,61,6,62,6,62,6,62,5,63,6,0,5,62,6,63,5,1,5,0,6,2,6,3,6,2,6,2,6,3,6,2,6,4,7,4,7,4,7,3,7,5,7,4,8,3,7,4,8,3,8,2,9,3,9,4,9,2,10,3,9,1,9,2,9,1,10,63,10,0,10,63,9,63,10,62,10,60,10,61,9,62,9,60,9,60,9,61,9,61,9,59,8,61,8,60,9,58,8,60,8,59,7,60,7,59,7,59,7,59,7,60,6,61,6,60,6,61,6,61,6,60,6,61,5,62,5,63,5,63,5,0,6,0,6,2,5,3,5,1,6,2,6,4,6,3,7,2,6,4,7,3,7,3,7,0,7,3,7,3,8,2,8,2,8,2,8,3,9,1,7,1,9,4,8,2,9,2,9,63,9,2,9,0,9,0,9,1,9,63,9,63,9,0,9,63,8,63,9,62,9,62,8,61,9,59,9,61,8,60,8,61,8,60,8,60,8,61,8,59,8,61,7,61,8,61,7,62,7,62,7,62,7,61,6,60,6,61,6,61,8,61,6,62,6,63,6,61,7,0,6,61,6,0,6,2,5,0,6,2,6,2,6,1,6,0,6,2,7,2,6,63,7,3,7,3,7,3,7,2,8,2,7,3,8,2,7,2,8,5,8,2,8,0,9,3,9,1,9,1,9,1,9,2,9,0,9,63,9,1,9,63,10,62,10,1,9,63,10,62,9,60,9,61,9,62,9,61,9,59,9,60,8,59,8,59,8,60,8,58,8,60,8,57,8,60,7,60,7,60,7,62,6,62,6,62,6,62,6,61,6,62,6,62,7,62,6,63,6,0,6,63,6,1,6,0,6,2,6,3,6,1,6,3,6,2,7,3,7,3,7,2,8,2,7,0,8,2,8,4,8,2,8,1,9,2,8,1,9,0,8,1,9,2,9,1,9,63,10,1,9,1,9,0,9,0,9,62,10
1759561863.983085000,00:03:7f:25:14:25,00:03:7f:25:14:25,3a:c8:97:94:99:7a,3a:c8:97:94:99:7a,61,12,59,12,60,11,59,11,58,10,58,11,57,10,56,10,57,10,56,9,57,9,57,8,56,8,57,7,58,7,57,7,57,7,56,7,57,6,57,6,58,5,59,5,59,5,60,5,61,5,61,4,60,4,61,4,63,4,63,5,1,4,2,4,1,5,2,5,3,5,3,5,5,5,6,6,5,6,5,6,7,6,6,6,6,6,6,7,5,8,5,8,6,9,7,9,5,9,6,9,3,9,5,10,4,10,3,11,2,11,1,10,1,11,0,11,62,11,62,11,63,11,61,11,61,11,61,10,61,10,58,10,60,9,59,10,57,9,58,9,58,8,58,9,58,8,57,8,57,7,58,7,58,6,57,7,59,6,58,6,57,6,58,5,59,5,61,5,61,5,62,5,62,5,0,4,1,4,0,5,1,5,3,5,2,5,2,5,4,6,3,6,3,6,2,6,4,6,4,6,4,7,4,7,4,7,5,8,4,7,3,8,6,8,4,9,5,9,3,9,5,9,4,10,3,10,4,10,2,10,1,10,2,10,0,10,63,10,61,10,62,10,60,10,58,10,59,10,59,9,59,9,58,9,57,9,58,9,56,9,58,8,58,8,58,7,59,7,59,6,59,7,58,6,57,6,58,5,58,7,59,5,60,5,61,5,60,5,63,5,61,5,0,4,2,4,0,5,2,4,3,5,2,5,1,5,3,6,4,5,2,6,5,6,5,6,5,6,4,7,4,7,5,8,5,7,4,8,7,8,4,8,2,10,6,9,4,10,4,10,4,9,4,10,2,10,1,10,3,10,0,11,63,11,2,10,0,11,63,10,60,10,61,10,62,10,60,10,58,10,59,10,57,9,58,9,58,9,56,9,57,9,55,9,58,8,58,7,58,7,59,6,59,6,59,6,59,6,58,6,59,5,59,7,59,5,60,5,62,5,61,5,63,5,62,5,1,4,1,4,0,5,2,5,2,6,4,5,3,5,2,6,3,6,3,6,4,7,6,6,5,7,3,8,5,7,5,8,4,7,5,8,6,9,4,9,2,10,5,10,5,10,4,10,4,10,1,11
1759561864.403368000,00:03:7f:25:14:25,00:03:7f:25:14:25,3a:c8:97:94:99:7a,3a:c8:97:94:99:7a,61,10,59,10,60,9,59,9,59,9,59,9,59,8,58,9,59,8,58,8,59,8,60,7,58,7,59,6,60,7,60,6,60,7,59,6,61,5,60,6,61,5,62,5,62,5,63,5,0,5,0,5,63,6,0,5,2,5,1,6,3,5,4,6,3,6,3,6,3,6,3,7,4,7,5,7,4,8,4,7,6,8,4,8,4,7,4,9,3,9,2,9,3,10,4,9,2,10,2,10,0,10,2,9,0,10,63,10,63,10,62,9,62,10,61,10,59,10,60,9,61,9,59,9,60,9,60,9,60,8,58,8,60,7,60,8,58,7,59,7,59,7,59,7,59,7,59,7,59,6,60,6,61,6,60,6,61,6,61,5,61,5,62,5,63,5,0,5,0,5,1,5,1,6,3,5,3,5,2,6,3,6,5,6,4,7,3,6,5,8,4,7,3,8,1,8,4,8,3,8,3,8,3,9,1,9,3,9,1,8,1,9,3,9,1,9,1,10,63,10,1,10,0,10,63,10,1,10,62,9,62,10,62,9,60,9,63,8,61,8,61,8,60,9,59,9,59,8,59,8,60,8,59,7,59,7,60,7,59,7,60,6,61,7,61,7,62,6,62,6,63,6,62,6,61,6,62,5,62,7,62,6,63,6,0,6,62,6,1,6,0,6,2,6,4,5,1,6,3,6,4,6,3,6,2,6,3,8,3,7,0,8,3,7,3,8,3,8,2,8,2,8,3,9,2,8,1,9,4,8,2,9,63,10,3,9,1,10,0,10,0,10,0,10,62,10,62,10,0,9,62,10,61,10,0,9,62,9,61,9,59,9,60,9,61,8,60,8,57,9,59,8,58,8,58,7,59,7,58,8,60,7,57,7,60,6,60,6,61,6,62,6,63,6,62,6,63,6,61,6,63,5,63,7,63,6,0,6,1,6,0,6,2,6,1,6,4,6,4,6,2,7,4,7,3,8,4,7,4,7,2,8,2,8,1,9,3,8,4,8,3,9,1,9,2,9,1,9,63,8,1,9,2,9,0,9,62,10,1,10,0,10,63,10,63,9,61,10
1759561864.995589000,00:03:7f:25:14:25,00:03:7f:25:14:25,3a:c8:97:94:99:7a,3a:c8:97:94:99:7a,63,9,62,10,63,9,62,9,61,9,61,9,62,9,60,9,62,9,60,9,61,9,61,8,60,8,61,8,62,8,60,8,61,8,60,8,61,7,60,7,60,7,61,7,61,7,61,7,61,7,62,6,60,7,61,6,63,6,62,6,63,6,0,6,63,7,0,6,0,6,0,6,1,6,2,6,1,7,1,6,3,6,1,6,2,6,2,7,1,7,1,7,2,8,3,7,2,8,3,8,1,8,3,7,2,8,2,9,2,8,1,8,2,9,1,9,0,9,0,9,2,9,0,9,0,9,1,9,1,9,63,9,1,8,0,9,62,9,63,9,62,9,63,9,62,9,61,9,61,8,62,8,61,8,60,8,61,8,61,8,60,8,60,7,60,7,61,7,60,7,61,7,60,7,62,6,62,6,61,6,61,6,63,6,62,6,62,6,63,6,62,6,62,6,60,6,0,6,63,6,63,6,0,6,63,6,1,7,0,5,0,6,3,6,2,6,3,7,1,7,4,7,3,7,3,7,5,7,3,8,3,8,4,8,4,8,4,9,3,9,3,9,2,10,1,10,1,10,1,10,0,10,0,10,62,10,63,10,61,10,62,10,61,10,61,10,61,9,60,9,59,9,58,9,57,9,57,8,56,9,57,8,57,8,58,7,55,7,58,7,56,7,59,6,60,5,58,6,60,5,59,5,60,5,59,5,61,5,61,4,60,5,0,4,1,4,1,4,1,5,1,4,3,5,4,5,4,5,7,5,5,6,3,6,7,6,5,7,6,7,6,7,7,7,6,8,5,8,7,8,5,9,5,9,8,9,6,10,4,10,3,11,4,10,4,10,2,11,0,11,0,11,62,11,62,11,61,11,58,11,59,11,57,11,59,10,58,10,57,10,58,9,58,9,57,9,56,9,56,8,56,8,56,9,55,8,56,7,56,7,56,6,57,6,56,6,58,5,58,5,58,5,60,4,60,5,61,4,62,4,62,4,63,4,63,4,2,4,4,4,4,4,2,5,5,4,5,5,5,4,6,5,7,6,6,6,5,7,8,7,9,7,8,7,8,8,7,9
1759561865.439353000,00:03:7f:25:14:25,00:03:7f:25:14:25,3a:c8:97:94:99:7a,3a:c8:97:94:99:7a,61,9,60,9,61,9,60,9,60,8,59,9,60,8,59,8,60,8,59,8,60,8,61,7,60,7,61,6,62,7,61,7,61,7,60,7,62,6,61,6,62,6,62,6,63,6,63,6,63,6,0,6,62,6,63,6,1,6,0,6,1,6,2,6,1,7,1,7,1,6,1,6,3,7,3,7,2,7,1,7,3,7,2,7,2,7,2,8,1,8,1,8,2,9,3,8,1,9,2,8,0,8,2,8,0,9,63,9,0,9,0,8,0,9,63,9,62,9,62,8,0,9,62,9,62,9,63,8,63,8,61,8,0,8,62,9,61,8,62,8,62,8,62,8,62,8,62,8,61,7,62,7,63,7,61,8,63,8,62,7,61,7,62,7,62,7,63,7,62,7,63,7,62,7,0,7,0,6,63,7,63,7,1,7,63,7,63,7,0,7,63,7,63,7,61,7,0,7,0,7,63,7,63,7,62,7,0,8,63,6,63,7,2,7,1,7,1,8,63,7,2,8,1,8,1,8,3,8,1,8,1,8,1,8,1,8,2,8,1,8,1,8,0,9,63,9,0,9,0,9,0,9,63,9,63,9,63,9,62,9,63,9,63,9,63,9,63,8,62,8,62,9,61,8,60,8,60,7,59,9,60,8,60,7,61,7,58,8,61,7,59,8,62,7,63,5,61,7,62,6,62,6,62,6,61,6,62,6,62,5,61,6,0,6,0,6,0,6,0,6,63,6,1,7,1,5,1,6,4,6,2,7,0,7,4,7,2,8,2,7,3,7,4,7,2,8,2,8,4,8,2,9,2,9,5,8,4,9,2,9,1,9,2,9,3,9,1,9,63,10,0,9,62,10,63,9,63,10,60,10,61,10,59,10,61,9,61,9,61,9,62,8,61,8,60,9,60,9,59,8,60,8,59,9,58,8,59,7,59,7,59,7,60,7,59,7,61,6,61,6,60,6,62,6,61,6,62,6,62,6,61,6,61,5,61,6,0,5,1,5,1,6,63,6,1,5,1,6,1,5,2,6,4,6,3,7,2,7,5,7,4,7,4,7,5,7,3,8
1759561865.963175000,00:03:7f:25:14:25,00:03:7f:25:14:25,3a:c8:97:94:99:7a,3a:c8:97:94:99:7a,61,9,59,9,60,9,59,9,59,8,59,9,60,8,58,8,60,8,58,7,60,7,61,7,59,7,60,6,61,6,61,6,62,7,60,6,62,6,61,6,62,6,62,6,63,6,0,6,0,6,1,5,63,6,0,6,2,6,1,6,2,6,3,6,2,7,2,7,2,7,2,7,3,7,4,8,3,8,2,8,3,8,2,8,2,8,3,8,1,8,1,9,2,9,2,9,0,9,1,9,63,9,1,9,0,9,63,9,62,9,62,8,62,9,61,9,60,9,61,8,62,8,61,8,61,8,62,8,62,8,60,7,62,7,62,8,60,7,61,7,61,7,62,7,62,7,62,7,61,7,62,6,63,6,63,7,63,7,0,6,63,6,63,6,63,6,0,6,0,7,1,7,1,7,2,7,2,7,1,7,1,7,2,7,1,8,1,8,2,8,1,8,0,8,62,8,1,8,0,8,0,8,0,8,62,8,63,9,62,7,62,8,1,8,63,8,63,8,61,8,0,8,63,8,62,8,0,7,62,8,63,8,0,8,63,8,1,7,0,7,0,8,63,8,62,8,62,8,63,7,0,8,63,8,63,8,63,8,62,8,63,8,0,8,0,8,0,8,0,8,0,8,63,8,62,8,62,7,61,9,62,8,62,8,62,7,60,8,63,7,61,8,63,7,1,6,62,7,0,7,63,7,62,7,62,7,63,7,62,7,61,7,0,7,0,7,63,7,63,7,63,7,0,7,0,6,0,7,3,6,1,7,62,8,3,7,0,8,1,8,1,8,1,8,1,8,1,8,2,8,1,8,0,8,4,8,2,8,0,8,63,8,0,8,2,8,0,9,62,9,63,8,62,9,63,8,63,9,60,9,62,9,60,9,62,8,62,8,62,8,63,8,63,8,62,8,62,8,61,8,61,7,61,9,60,8,61,7,61,7,60,7,62,7,61,7,63,7,63,7,61,7,0,7,62,7,63,7,63,7,62,7,61,6,61,7,0,6,1,6,0,7,63,7,0,6,0,6,0,6,1,7,2,7,1,7,0,8,3,7,3,7,2,7,3,7,1,8
1759561866.489249000,00:03:7f:25:14:25,00:03:7f:25:14:25,3a:c8:97:94:99:7a,3a:c8:97:94:99:7a,60,13,57,13,58,12,57,12,55,11,55,11,54,11,53,10,54,10,52,10,54,9,54,8,52,8,54,7,55,7,53,7,54,7,53,7,54,5,53,5,54,4,55,4,56,4,57,3,58,3,59,2,58,2,59,2,63,2,0,2,4,2,6,3,5,3,6,3,7,4,8,4,9,4,10,5,10,5,9,6,11,6,10,6,10,6,11,7,9,8,10,9,11,9,12,10,10,10,11,11,8,11,10,11,8,12,7,13,6,13,4,12,5,13,2,13,62,13,60,13,59,13,56,13,55,13,55,12,56,12,53,11,55,10,54,11,52,10,53,9,52,9,53,9,52,8,52,8,51,7,53,6,53,5,51,5,53,5,53,5,51,4,53,3,55,2,57,2,57,2,61,2,61,2,2,1,5,1,4,2,6,2,10,3,9,3,8,3,11,5,9,4,10,5,9,6,11,6,11,7,10,7,10,8,10,8,11,9,9,8,9,9,12,10,10,11,10,12,8,12,10,12,8,13,7,13,7,13,63,13,0,14,58,13,53,12,58,11,54,11,53,11,52,11,50,11,51,10,51,9,52,9,51,8,52,7,52,7,50,7,52,6,53,6,53,5,54,4,54,4,55,3,55,3,53,3,53,2,58,3,57,2,62,2,1,2,0,2,4,2,3,2,7,3,11,2,7,4,10,4,11,4,10,5,8,5,10,6,11,6,8,7,10,7,10,8,11,8,10,9,9,9,11,10,8,10,8,10,11,11,8,11,5,12,9,12,8,13,5,13,4,13,3,13,61,13,59,13,61,12,57,13,56,13,59,11,56,12,56,11,53,11,53,11,55,10,53,9,51,10,52,9,51,8,52,8,52,6,52,6,53,6,51,6,54,5,54,5,54,4,56,3,59,3,58,3,59,3,58,3,61,2,63,3,1,2,3,3,5,3,5,3,6,3,6,4,10,4,10,4,8,5,10,5,9,7,10,7,9,7,8,8,8,8,7,9,9,9,9,10,9,10,7,11,8,10,7,11,4,11,5,12,4,12,2,12,62,13,1,13,0,13,61,12,61,12,58,12
1759561866.985593000,00:03:7f:25:14:25,00:03:7f:25:14:25,3a:c8:97:94:99:7a,3a:c8:97:94:99:7a,57,12,55,12,56,11,55,11,54,10,54,10,54,9,53,9,55,9,53,8,54,8,55,7,53,7,54,6,56,6,55,6,55,6,54,5,56,4,55,4,57,3,58,3,59,3,60,3,62,3,63,2,63,3,1,3,3,3,3,3,7,3,8,4,7,4,7,5,8,5,8,5,9,6,10,6,9,7,9,7,11,7,10,8,9,7,10,9,8,9,8,10,9,10,10,10,8,11,9,11,5,12,7,12,4,13,3,13,1,13,0,12,63,13,61,13,58,13,57,12,57,12,55,12,54,11,54,11,55,10,53,10,55,9,54,10,52,9,53,8,53,7,53,7,53,7,53,7,52,6,54,5,54,4,53,4,56,4,55,3,54,3,57,3,60,2,63,2,0,2,2,2,3,3,6,2,8,3,6,3,7,4,11,4,9,5,9,5,11,6,9,6,9,7,7,7,10,7,10,8,9,9,9,9,9,9,9,10,7,10,7,11,9,11,7,12,5,12,3,13,4,13,0,13,63,13,1,12,58,12,59,12,56,11,53,10,58,9,56,9,54,9,54,9,52,9,53,8,54,7,54,7,54,6,55,6,56,6,54,5,57,5,58,5,59,4,60,3,62,3,63,3,62,3,61,3,63,2,1,5,1,3,4,4,4,4,3,5,6,4,4,5,7,5,9,4,6,6,8,6,9,6,7,7,6,7,7,9,7,8,4,9,6,9,6,9,7,10,5,10,4,10,5,11,3,10,1,11,4,11,1,11,61,12,1,11,62,12,62,11,61,11,61,11,58,11,58,10,59,10,57,10,56,10,60,8,58,9,57,9,55,8,56,8,58,7,57,7,54,7,56,6,55,6,56,5,58,5,57,6,59,5,56,5,61,4,61,4,62,4,0,3,2,4,2,4,3,4,1,4,4,4,4,6,4,5,5,5,6,6,5,6,7,6,6,7,8,7,8,7,7,8,7,8,6,9,7,9,6,9,4,10,3,10,2,11,3,11,3,11,2,11,63,11,0,11,63,12,60,10,61,11,62,11,59,11,57,11,59,10,58,11,57,10,58,10,55,9
1759561867.390035000,00:03:7f:25:14:25,00:03:7f:25:14:25,3a:c8:97:94:99:7a,3a:c8:97:94:99:7a,62,13,59,13,59,12,58,12,57,11,56,11,55,11,54,10,55,10,53,10,54,10,55,9,53,9,54,8,55,8,54,7,54,7,53,7,54,6,53,6,53,5,55,4,55,4,56,4,57,4,57,3,56,3,57,2,61,2,62,3,1,2,3,2,3,3,4,3,6,3,7,3,8,4,9,4,9,5,9,5,10,5,9,5,10,5,10,7,9,7,9,8,10,9,11,8,10,9,10,10,8,10,10,10,9,11,9,12,8,12,6,11,7,13,5,13,2,13,0,13,0,13,61,13,59,13,58,13,58,12,55,12,57,11,56,12,54,11,53,10,53,10,53,10,53,9,53,9,52,8,53,8,53,7,51,7,53,6,52,6,51,6,53,4,52,4,55,3,53,3,56,3,56,3,58,2,59,1,62,2,63,2,6,1,5,2,4,2,10,3,8,3,9,4,8,4,10,4,11,5,10,5,11,6,11,6,12,7,11,6,11,8,14,8,12,9,13,10,10,10,13,10,11,11,10,11,10,11,8,13,8,13,11,14,8,14,56,12,54,12,57,13,55,13,50,13,49,12,50,11,51,11,50,9,51,9,52,9,47,8,51,8,52,7,52,7,52,6,50,5,52,5,52,4,49,4,48,3,54,4,51,3,54,2,60,2,56,2,63,2,63,2,4,1,7,1,6,2,7,2,13,3,9,4,6,3,10,5,12,5,7,7,9,6,11,7,13,7,11,8,8,8,11,9,9,8,8,10,11,10,8,10,4,12,10,11,8,12,7,12,4,13,3,12,63,12,60,12,62,12,59,13,56,13,60,10,58,12,57,11,54,11,54,10,56,9,56,9,52,9,53,8,53,8,53,7,55,6,53,6,56,6,52,6,57,5,58,4,57,4,59,3,63,3,63,3,0,3,63,3,3,3,4,5,4,4,5,4,7,5,6,5,8,5,7,6,10,6,10,6,9,7,9,7,8,9,10,9,9,9,7,10,7,10,6,11,6,11,7,11,7,12,3,12,3,12,2,13,62,11,0,12,0,12,62,12,57,12,60,12,58,12,57,12,58,11,55,11
1759561867.789821000,00:03:7f:25:14:25,00:03:7f:25:14:25,3a:c8:97:94:99:7a,3a:c8:97:94:99:7a,61,11,59,11,60,11,59,11,58,10,58,11,57,10,56,10,57,9,56,9,57,9,57,8,56,8,57,7,58,7,56,7,57,7,56,7,58,6,56,6,58,5,59,5,59,5,60,5,60,5,61,4,60,4,61,4,0,4,63,4,2,4,3,4,2,5,3,5,4,5,4,5,5,5,6,6,6,6,6,6,7,6,6,6,7,6,7,7,6,8,6,8,7,9,8,9,6,10,7,9,5,10,6,10,4,10,3,11,4,11,2,10,2,12,1,12,63,11,62,11,63,11,60,11,60,11,60,11,60,10,58,10,59,10,58,10,56,10,57,9,56,9,57,9,56,9,56,8,55,8,56,7,57,6,55,6,57,6,56,6,55,6,56,5,58,4,59,4,59,4,61,4,60,4,63,3,0,3,63,3,0,4,3,3,3,5,2,4,6,5,4,5,5,5,4,5,7,5,7,6,6,6,6,7,6,6,8,8,6,6,6,8,9,8,8,9,7,10,5,9,8,10,6,10,6,10,6,10,3,11,3,11,3,12,2,11,62,11,60,11,62,11,60,11,57,12,58,11,56,11,58,11,56,9,56,9,57,9,52,9,55,8,56,9,57,8,58,7,56,6,56,6,56,6,53,6,54,4,58,8,53,5,57,5,61,5,57,6,61,4,58,5,62,3,63,2,63,4,0,3,3,2,1,4,63,4,4,5,6,4,2,6,5,5,6,6,8,5,5,7,4,6,7,8,6,6,5,8,8,8,6,8,2,11,8,9,6,11,6,10,5,10,5,10,1,11,63,10,2,10,0,12,0,12,1,9,63,11,61,10,60,10,59,11,61,9,59,9,56,10,57,8,57,9,58,8,58,7,56,8,58,7,54,7,60,6,59,6,59,6,61,5,63,5,63,4,0,5,61,5,1,5,3,8,1,5,2,5,5,6,3,6,5,6,2,7,8,5,9,6,5,7,6,7,5,9,8,9,7,9,5,10,5,10,3,11,4,10,5,11,4,12,63,12,1,11,63,12,59,10,61,12,63,12,61,11,56,12,59,11,58,12,57,11,57,10,55,11
1759561868.427015000,00:03:7f:25:14:25,00:03:7f:25:14:25,3a:c8:97:94:99:7a,3a:c8:97:94:99:7a,63,11,61,11,62,10,61,10,60,10,59,10,59,10,58,10,59,10,57,9,59,9,59,8,57,8,58,8,59,8,58,8,58,8,57,7,58,6,57,6,58,6,59,6,59,6,59,5,60,5,61,4,59,5,61,5,62,5,62,5,0,4,1,5,0,5,1,5,2,5,2,5,3,5,4,5,4,6,4,6,6,6,5,6,5,6,5,7,5,7,4,8,5,8,7,8,5,9,6,9,4,9,6,9,4,9,4,10,3,10,3,10,2,11,1,11,0,10,0,10,0,11,63,11,62,11,63,11,62,10,60,10,62,10,60,10,58,10,59,10,58,9,58,9,58,9,57,9,57,8,58,8,58,7,57,8,58,7,57,7,57,6,57,6,58,5,59,5,58,5,60,5,60,5,61,4,62,4,62,5,62,4,0,4,1,5,0,4,2,5,1,5,2,5,0,5,3,5,4,5,3,5,4,6,3,6,5,7,4,6,4,7,7,7,5,8,6,8,4,8,6,9,5,9,5,9,6,9,4,10,4,10,4,11,2,10,2,10,0,10,1,11,63,10,61,11,61,11,60,10,61,11,59,10,59,10,59,10,56,10,58,9,58,9,58,9,59,8,58,8,58,8,57,7,55,7,56,6,56,8,56,7,57,6,59,6,56,6,59,5,57,6,60,5,61,4,60,5,62,4,62,4,63,4,62,4,0,5,1,4,0,5,3,5,4,5,4,5,4,5,3,5,6,6,5,6,5,6,8,6,6,7,3,8,8,8,6,9,6,8,6,9,6,9,4,10,3,10,5,9,3,10,3,10,5,10,4,11,1,10,0,11,0,11,1,10,62,11,61,11,60,10,59,10,60,10,59,10,56,10,58,10,55,10,58,9,58,8,57,8,59,7,59,7,58,7,58,7,57,7,59,6,59,8,58,6,59,6,61,6,60,6,62,5,60,6,0,5,0,5,63,5,1,5,0,6,3,5,2,5,1,6,2,6,1,7,3,6,5,6,4,7,2,8,4,7,4,8,3,7,4,8,5,9,4,9,1,10,4,9,4,9,3,9,4,10,1,10
1759561868.961440000,00:03:7f:25:14:25,00:03:7f:25:14:25,3a:c8:97:94:99:7a,3a:c8:97:94:99:7a,60,12,58,12,59,11,58,11,57,10,57,11,56,10,55,10,56,10,54,9,56,9,57,8,55,8,56,7,57,7,57,6,57,7,55,7,57,5,56,5,57,4,58,4,59,4,60,4,61,4,62,3,61,4,62,3,1,3,0,4,3,4,4,4,4,5,4,5,5,5,5,5,7,5,7,6,7,6,7,7,8,6,7,7,7,6,8,8,6,9,6,9,6,10,8,10,6,10,7,10,3,10,6,10,4,11,3,12,2,12,0,11,1,12,0,12,61,12,60,11,61,11,59,11,58,11,58,11,58,10,56,10,58,9,57,10,56,9,56,8,56,8,56,8,56,8,56,8,55,7,56,6,57,5,56,6,58,5,57,5,55,5,58,4,59,4,60,3,61,3,0,4,63,4,1,3,2,3,2,3,3,4,6,4,5,5,4,4,8,6,6,5,6,6,4,6,8,6,7,7,7,7,7,8,6,8,7,9,6,8,6,9,8,9,6,10,6,11,3,11,6,12,3,12,2,12,2,11,63,10,61,13,62,11,57,10,62,9,60,9,58,10,57,10,54,10,56,9,56,8,56,9,57,7,55,7,58,7,54,7,57,6,59,7,60,6,60,5,60,4,61,5,60,5,58,4,58,3,63,7,59,4,63,4,0,5,62,5,2,5,0,6,3,5,4,3,3,5,5,4,6,5,4,6,1,5,5,7,5,6,1,8,6,7,5,8,7,8,5,9,2,8,5,10,3,8,3,9,5,9,3,9,62,11,4,11,2,11,2,11,0,11,0,10,62,10,61,10,63,10,60,11,59,10,63,8,61,10,59,10,57,9,58,9,60,8,59,8,55,9,57,7,56,8,57,7,59,6,56,7,59,7,56,7,61,5,61,6,61,5,63,4,0,5,1,5,1,5,62,5,2,4,3,7,2,6,3,6,4,6,3,6,5,6,3,7,7,6,7,7,5,8,6,7,5,9,6,9,5,9,4,10,3,10,2,10,3,10,4,10,3,11,0,11,1,10,63,12,60,10,62,11,63,11,61,10,57,11,61,11,59,11,58,10,59,10,56,10
1759561869.500135000,00:03:7f:25:14:25,00:03:7f:25:14:25,3a:c8:97:94:99:7a,3a:c8:97:94:99:7a,61,10,59,10,60,9,59,9,59,9,59,9,59,9,58,8,59,8,58,8,59,8,60,7,59,7,60,7,61,7,60,6,60,7,59,7,60,6,60,6,61,6,62,5,62,5,63,5,63,6,0,5,62,5,63,5,2,5,1,6,2,5,3,6,2,6,3,6,3,6,3,6,5,6,5,7,4,7,4,7,6,7,4,7,4,7,5,8,3,8,3,9,4,9,5,9,3,10,4,10,1,10,3,9,1,10,0,11,0,10,63,10,63,11,62,10,60,10,60,10,62,10,60,10,60,10,60,9,60,9,58,9,60,8,60,9,58,8,59,8,58,8,59,8,58,7,58,7,58,7,60,6,60,6,59,6,60,6,60,6,59,5,60,5,61,5,63,5,63,5,0,5,63,5,1,5,2,5,1,5,2,5,4,5,3,6,3,6,5,7,3,6,3,7,1,7,4,7,4,7,4,8,3,8,3,8,4,9,2,8,2,9,5,8,3,9,3,10,1,9,3,10,2,10,1,10,3,10,0,10,63,10,0,10,62,10,62,9,60,9,61,9,60,10,58,10,59,9,58,9,59,9,58,8,58,8,59,8,58,8,59,7,59,7,59,7,61,6,60,6,60,6,59,6,58,6,59,5,59,7,60,6,61,5,62,5,61,6,63,5,61,6,0,5,2,4,0,5,2,5,3,5,2,5,1,5,3,6,3,6,1,7,4,6,4,7,4,7,3,7,3,7,5,8,3,7,4,8,6,8,4,8,1,9,5,9,4,10,3,9,3,9,3,10,1,10,0,10,2,10,0,11,63,11,2,10,0,11,62,10,60,10,61,10,62,10,60,10,58,10,59,9,57,9,58,9,58,8,56,8,58,9,56,8,58,7,58,7,58,7,60,6,60,6,59,6,59,6,58,6,60,5,60,6,60,5,61,5,63,5,62,5,0,5,63,5,2,4,3,5,1,5,3,5,3,6,4,6,4,6,3,7,3,7,2,7,5,7,6,7,5,8,3,8,5,8,4,9,2,8,4,9,5,9,3,9,1,10,4,10,4,10,2,10,2,10,0,10
1759561869.899743000,00:03:7f:25:14:25,00:03:7f:25:14:25,3a:c8:97:94:99:7a,3a:c8:97:94:99:7a,0,9,63,10,0,9,63,9,62,9,62,10,62,9,61,9,62,9,60,9,62,9,62,8,60,8,61,8,61,8,60,8,61,9,59,8,60,7,60,7,60,7,60,7,60,7,60,6,61,7,61,6,59,6,60,6,62,6,61,6,63,6,63,6,63,6,63,6,0,6,0,6,1,6,2,6,1,6,1,6,3,6,2,6,2,6,3,6,2,7,2,7,3,8,4,7,3,8,4,8,2,8,5,8,3,8,3,9,2,9,2,8,2,9,2,9,0,9,0,9,1,9,0,10,0,10,1,10,0,9,62,9,0,9,63,10,61,9,62,9,61,9,61,9,61,9,60,9,59,8,60,8,60,8,59,8,60,8,59,8,59,7,59,7,59,7,60,6,59,6,61,6,60,6,62,6,62,5,61,5,62,6,63,5,63,6,63,5,0,6,0,6,63,6,62,6,1,6,1,6,1,6,2,6,0,6,2,7,2,5,2,6,5,6,3,7,4,8,2,8,4,8,4,8,3,8,5,8,3,9,3,9,4,10,2,9,3,10,1,10,1,10,0,10,63,11,62,10,62,10,62,10,61,10,60,10,60,10,58,10,60,9,60,9,59,9,60,8,59,8,59,8,58,8,56,8,57,7,56,8,57,7,58,6,59,6,57,6,60,6,57,6,60,5,62,4,60,5,62,5,62,4,63,4,62,5,0,5,0,4,63,5,2,5,3,5,3,5,3,5,2,5,4,6,5,6,4,6,8,6,5,7,3,8,7,8,5,8,5,8,5,8,5,9,4,9,4,10,6,10,3,10,3,10,5,10,4,11,1,10,0,11,0,11,1,11,63,11,61,11,61,11,59,11,59,10,58,10,56,10,57,10,55,10,58,9,58,9,57,9,58,8,58,7,57,7,57,7,56,7,57,6,57,7,57,6,58,5,59,5,58,5,60,5,59,5,62,4,62,4,61,4,0,4,0,5,1,4,1,5,1,5,2,5,2,5,4,5,5,5,5,6,3,6,5,6,4,7,4,6,5,7,6,7,5,8,3,9,6,9,6,9,5,9,6,9,3,10
1759561870.493926000,00:03:7f:25:14:25,00:03:7f:25:14:25,3a:c8:97:94:99:7a,3a:c8:97:94:99:7a,3,12,1,12,2,12,0,12,63,12,62,12,61,12,59,12,60,12,57,11,59,11,58,10,56,10,56,10,57,10,56,9,56,9,54,9,55,8,54,8,55,7,55,7,55,6,55,6,56,6,56,5,55,5,55,4,57,4,57,4,60,3,61,3,61,3,63,3,0,3,1,3,2,3,4,4,4,4,5,4,7,4,6,4,7,4,8,5,7,6,7,6,8,7,10,7,8,8,9,8,7,8,10,8,8,9,8,10,7,10,6,10,7,11,6,11,5,12,4,12,5,12,2,12,1,12,2,13,0,12,60,12,62,11,60,12,58,11,57,11,57,11,56,10,55,10,55,10,54,9,55,9,55,8,54,8,55,7,54,7,53,7,54,6,55,5,56,5,54,4,58,4,57,4,59,3,61,3,61,3,61,3,1,2,2,3,1,3,6,4,4,4,5,5,3,5,6,4,7,5,6,5,7,6,6,6,9,8,7,6,7,8,11,8,8,8,7,10,5,9,9,10,6,11,6,10,7,11,2,12,3,12,0,13,1,12,60,10,58,10,61,11,60,10,55,11,54,10,55,9,57,9,55,7,55,8,58,8,50,7,57,6,58,7,58,6,60,5,60,4,62,4,61,4,58,3,60,2,2,8,60,4,2,4,4,5,1,6,5,4,5,7,7,5,10,3,6,7,7,5,10,7,7,8,5,7,8,10,10,9,3,11,6,8,7,10,10,11,5,12,1,12,5,12,2,10,62,12,1,12,0,11,57,13,60,12,57,13,59,13,56,12,57,11,54,10,54,10,56,9,53,10,52,10,57,7,54,9,54,9,52,7,52,7,56,6,55,6,51,6,54,5,53,5,54,4,56,3,55,4,59,4,54,3,63,3,63,3,0,2,3,2,5,3,8,3,9,4,5,3,8,4,8,6,9,5,9,6,10,6,8,6,10,6,9,7,12,7,12,8,10,9,11,8,9,10,11,10,10,10,7,12,6,12,6,13,4,13,5,13,5,13,63,13,62,13,58,13,56,12,56,13,58,13,55,12,52,12,55,11,52,11,52,10,53,10,51,10
1759561870.893412000,00:03:7f:25:14:25,00:03:7f:25:14:25,3a:c8:97:94:99:7a,3a:c8:97:94:99:7a,1,9,0,9,1,9,0,9,63,9,63,9,63,9,61,9,63,9,61,9,62,9,63,9,61,9,62,8,62,8,61,8,61,9,60,8,61,8,60,8,60,8,60,7,60,7,60,7,61,7,61,6,59,7,60,6,62,6,61,6,62,6,63,6,61,6,62,6,63,6,63,6,0,6,1,6,0,6,0,6,2,6,1,6,2,5,3,6,2,6,1,7,3,7,4,7,3,8,4,8,2,8,4,7,3,8,3,9,3,9,2,8,3,9,2,9,1,9,1,9,2,9,0,9,1,10,1,9,1,9,63,9,1,9,0,10,62,9,62,9,61,9,62,9,61,9,61,9,60,9,61,8,61,8,60,8,60,8,60,8,59,8,59,7,59,7,60,7,59,7,60,7,60,7,62,6,62,6,61,6,62,6,63,6,63,6,62,6,0,6,63,6,63,6,61,6,0,6,0,6,0,6,1,6,63,6,1,7,0,6,1,6,4,6,2,7,3,8,1,7,4,8,3,8,2,8,4,8,2,8,3,9,2,9,1,9,3,8,1,9,2,9,1,9,63,10,63,9,63,9,0,9,62,9,62,9,61,10,60,10,61,9,61,9,61,9,62,8,61,8,61,9,60,8,58,8,59,7,58,9,58,8,59,7,60,7,58,7,61,7,58,7,61,6,63,5,60,6,62,6,62,5,62,6,61,6,63,6,63,5,62,6,1,6,1,6,2,6,1,6,1,6,3,7,2,6,2,7,5,6,3,7,0,8,5,8,3,8,3,8,3,8,4,8,2,9,1,9,3,9,1,10,1,9,3,9,2,10,0,10,62,10,63,9,0,9,62,9,60,10,61,9,59,9,60,9,60,9,57,9,60,9,57,9,60,8,60,8,59,8,61,7,61,6,61,7,61,6,59,6,61,6,61,7,61,6,62,6,63,6,62,6,0,6,63,6,2,5,2,5,1,6,3,6,2,7,3,7,3,7,2,8,2,7,1,8,3,8,4,8,3,8,1,9,3,8,2,9,0,8,2,9,2,9,1,9,62,10,2,10,1,10,63,10,0,9,62,10
1759561871.479504000,00:03:7f:25:14:25,00:03:7f:25:14:25,3a:c8:97:94:99:7a,3a:c8:97:94:99:7a,1,8,0,8,2,8,1,8,1,8,0,9,1,9,63,9,1,9,63,9,0,9,0,8,63,9,0,8,0,9,63,9,63,9,61,9,63,8,61,9,61,8,61,8,61,8,61,8,61,8,61,7,59,8,60,7,62,7,60,7,61,7,62,7,60,7,61,7,62,7,61,6,62,6,63,6,62,7,62,6,0,6,63,6,63,5,0,6,63,6,0,7,1,7,2,6,1,7,2,7,1,7,3,6,2,7,2,7,2,7,2,7,2,8,2,8,1,8,1,8,3,8,1,8,2,8,3,8,3,8,1,8,3,8,2,9,0,9,1,9,0,9,1,9,0,9,63,9,62,9,63,9,63,9,62,9,63,9,62,9,61,8,61,8,60,8,61,8,60,8,61,8,60,8,62,7,62,7,60,7,60,7,62,7,61,7,61,7,61,7,61,7,61,7,59,6,62,6,62,6,61,6,62,6,61,6,63,7,62,5,62,6,1,6,0,6,1,6,63,6,2,7,2,7,2,6,4,6,2,7,3,7,3,8,4,8,5,7,3,8,4,8,3,9,2,9,2,9,2,9,3,9,1,10,1,10,1,10,0,10,0,10,0,10,63,10,63,9,62,10,62,10,61,10,59,10,59,9,58,10,58,9,59,9,59,8,56,9,59,8,56,8,59,7,60,6,58,7,60,6,59,6,59,6,59,6,60,6,59,5,58,5,62,5,62,5,62,5,62,5,62,5,0,5,1,4,1,5,4,5,3,6,1,6,5,6,3,6,4,6,4,6,5,7,4,7,4,7,6,7,4,8,4,8,7,8,6,9,4,9,3,9,4,9,4,9,2,10,1,10,1,10,0,10,0,10,0,10,60,11,62,10,59,11,61,10,61,10,60,10,61,9,61,9,59,9,59,9,58,8,59,8,58,9,57,8,58,7,59,7,58,7,59,7,58,7,60,6,60,6,60,6,61,6,60,6,62,6,62,6,61,6,62,5,61,6,0,6,1,5,1,6,63,6,1,5,1,6,1,5,2,6,4,6,3,7,1,7,4,7,4,7,3,7,4,7,3,8
1759561871.874739000,00:03:7f:25:14:25,00:03:7f:25:14:25,3a:c8:97:94:99:7a,3a:c8:97:94:99:7a,63,9,61,10,62,9,61,9,61,9,60,9,61,9,60,9,61,9,60,8,61,8,61,8,60,8,61,7,62,8,61,7,61,8,60,8,61,7,60,7,61,7,61,7,62,6,62,6,62,7,63,6,61,6,62,6,0,6,63,6,0,6,1,6,0,7,0,7,0,6,0,6,2,6,2,7,1,7,1,7,3,7,2,7,2,6,3,7,1,7,1,8,2,8,3,8,1,8,2,8,0,8,3,8,1,8,1,9,1,9,0,8,1,9,0,9,63,9,63,9,0,9,63,9,63,9,0,9,0,8,62,8,0,8,63,9,61,8,63,9,62,8,63,8,62,8,62,8,61,8,62,8,62,8,61,8,62,8,61,7,61,7,61,7,61,7,62,7,61,7,62,7,62,7,63,6,63,6,62,6,62,6,0,6,63,7,63,6,0,7,63,7,63,7,61,6,0,6,0,6,0,7,0,7,63,7,0,7,0,6,0,7,3,6,1,7,2,8,0,7,3,8,2,8,1,8,3,8,2,8,1,8,3,8,1,8,3,9,2,9,1,9,0,9,63,10,0,9,63,9,0,9,63,9,62,9,62,10,61,10,62,9,62,9,61,9,62,9,61,9,61,9,60,8,58,8,59,7,58,9,59,8,59,7,59,7,57,7,60,7,58,7,61,6,62,5,60,6,62,5,61,5,61,5,61,5,63,6,62,5,61,5,0,5,1,5,1,5,1,6,0,5,2,6,3,5,3,6,6,6,4,6,1,7,6,7,4,8,4,7,4,7,5,8,4,8,4,8,5,8,3,9,3,9,6,9,5,10,2,10,1,10,2,10,3,10,1,10,63,11,63,10,62,10,62,10,61,10,58,10,60,10,57,10,60,10,59,9,59,9,60,8,59,8,58,8,58,8,57,8,58,7,57,8,57,7,57,7,58,6,58,6,59,6,58,6,60,5,60,5,59,5,62,5,61,5,62,5,62,5,62,5,63,4,63,5,1,5,3,4,3,5,1,6,3,5,3,5,4,5,5,6,6,6,5,7,4,7,7,7,7,7,6,8,7,8,5,8
1759561872.382376000,00:03:7f:25:14:25,00:03:7f:25:14:25,3a:c8:97:94:99:7a,3a:c8:97:94:99:7a,61,10,59,10,61,10,60,10,59,9,59,10,59,9,58,9,59,9,57,8,59,8,59,7,57,7,59,7,59,7,59,7,59,7,58,7,60,6,59,6,60,5,60,5,61,5,61,5,62,5,63,4,61,5,63,5,1,5,0,5,2,5,3,5,2,6,3,6,3,6,3,6,5,6,5,6,5,7,4,7,6,7,5,7,5,7,5,8,4,8,4,9,4,9,5,9,3,10,4,10,2,10,4,10,2,10,1,11,0,11,63,10,63,11,62,11,60,10,61,10,61,10,60,10,59,10,60,9,60,9,58,9,60,8,59,9,57,8,58,8,58,7,58,7,58,7,58,7,58,6,59,6,59,6,59,6,60,5,60,5,60,5,61,5,62,5,0,5,63,5,1,5,0,5,3,5,3,5,3,5,3,5,5,5,4,6,4,6,5,7,4,7,4,7,2,7,5,7,4,8,4,8,4,9,3,9,4,10,2,8,1,10,4,9,2,10,2,10,63,10,1,10,63,10,63,10,0,10,62,10,60,10,62,10,60,8,61,9,59,9,59,8,58,8,57,9,58,8,58,7,58,7,59,7,58,7,59,7,58,6,60,6,60,6,61,6,62,5,63,5,63,5,63,5,62,5,63,4,63,7,0,5,1,6,1,5,0,6,3,5,1,6,4,6,5,5,3,7,4,6,4,7,3,7,2,7,3,8,3,8,0,9,3,8,3,8,3,9,2,9,1,9,2,10,1,8,0,9,3,9,1,9,62,10,1,9,63,10,63,10,63,10,63,10,61,10,61,9,63,9,60,9,60,9,63,8,61,9,60,9,58,8,59,8,61,8,60,8,58,8,59,7,58,7,59,7,60,6,59,7,60,7,58,6,61,6,62,6,62,6,0,5,0,5,0,5,1,6,63,5,1,5,1,7,1,6,2,6,3,6,2,7,3,6,2,7,5,7,5,7,4,8,5,7,3,8,5,8,4,8,2,9,2,9,1,10,2,9,3,9,2,10,63,10,1,10,63,10,62,9,62,10,63,10,62,10,59,10,62,10,61,10,60,9,60,9,58,9
1759561873.037591000,00:03:7f:25:14:25,00:03:7f:25:14:25,3a:c8:97:94:99:7a,3a:c8:97:94:99:7a,61,9,60,9,61,8,60,8,60,8,60,8,60,8,59,8,61,8,60,7,61,8,62,7,60,7,62,6,62,7,61,7,62,7,61,7,62,6,62,6,62,6,63,6,63,6,0,6,0,6,0,5,63,6,63,6,1,6,0,7,2,6,2,6,1,7,2,7,2,7,2,7,3,7,3,7,3,8,2,8,3,8,2,8,2,7,3,8,1,8,1,9,2,9,2,9,1,9,1,9,63,9,1,8,0,9,63,10,63,9,63,9,62,10,62,9,60,9,61,9,62,9,60,9,61,9,61,8,61,8,59,8,61,7,61,8,59,7,61,7,60,7,61,7,60,7,60,7,60,6,61,6,62,6,61,6,62,6,62,6,61,5,62,5,63,6,0,5,0,6,1,6,1,6,2,6,3,6,1,6,2,6,4,6,3,7,2,7,4,8,3,7,2,8,0,8,3,8,2,8,2,9,2,9,0,9,1,9,0,8,0,9,2,9,0,9,0,10,62,9,0,9,63,9,62,9,1,9,62,8,62,10,62,9,60,8,63,8,62,8,61,8,60,8,59,9,60,8,60,7,61,8,60,7,60,7,61,8,60,7,61,7,62,7,62,7,63,6,63,7,63,7,62,6,61,6,62,5,62,7,62,6,63,6,0,6,62,7,1,6,63,7,1,6,3,5,0,6,2,6,2,6,2,7,1,6,2,7,2,7,63,7,3,7,2,7,2,8,2,8,1,8,2,8,1,7,1,8,4,8,2,8,63,9,3,9,1,10,1,9,1,9,1,9,63,9,63,9,1,9,63,10,62,9,1,9,0,9,62,9,60,9,61,9,62,9,61,9,59,9,60,8,59,8,59,8,60,8,58,8,60,8,57,8,60,7,61,7,60,7,62,6,63,6,62,6,62,6,61,6,62,5,62,7,62,6,63,6,0,6,63,6,1,6,0,6,3,6,3,6,1,6,3,6,2,7,3,7,3,7,2,8,1,7,0,8,3,8,3,8,2,9,1,9,2,8,1,9,0,8,1,9,2,9,0,9,62,10,1,10,1,10,63,9,0,9,62,10
1759561873.633098000,00:03:7f:25:14:25,00:03:7f:25:14:25,3a:c8:97:94:99:7a,3a:c8:97:94:99:7a,61,9,60,10,61,9,60,9,60,8,60,9,60,8,59,8,61,8,59,8,60,8,61,7,59,7,60,7,61,7,61,7,61,7,60,7,61,6,61,6,61,6,62,6,62,6,63,6,63,6,0,5,62,6,63,6,1,5,0,6,2,6,3,6,2,7,2,6,2,6,2,6,3,7,4,7,3,8,3,7,4,7,3,8,3,7,4,8,2,8,2,9,3,9,3,9,2,9,2,9,0,9,2,9,0,9,0,10,63,10,63,9,63,10,62,10,60,9,61,9,62,9,60,9,60,9,61,9,61,8,59,8,61,8,60,9,59,8,60,8,60,7,60,7,60,7,60,7,59,6,60,6,61,6,61,6,62,6,61,6,61,5,62,5,63,6,0,5,63,6,1,6,0,6,2,6,3,6,2,6,2,6,4,6,3,7,2,7,4,8,3,7,2,7,0,8,3,8,3,8,2,8,2,9,1,8,2,9,0,8,0,9,3,8,1,9,1,9,63,9,1,9,0,9,63,9,1,9,62,8,63,9,63,9,61,9,0,8,62,8,61,8,61,9,60,9,60,8,60,8,61,8,61,7,60,7,61,8,60,8,61,7,62,7,62,7,63,6,62,7,63,7,62,7,61,6,61,6,62,7,62,6,62,6,63,6,61,7,0,6,62,7,1,6,2,5,0,6,2,6,2,6,1,6,0,6,2,7,1,6,63,7,2,7,2,7,3,7,2,8,1,7,3,8,2,7,2,8,4,8,2,8,63,9,4,9,2,10,1,9,1,9,1,9,0,9,63,9,1,9,63,10,62,10,1,9,0,10,62,9,60,9,61,9,62,9,61,9,59,9,59,8,58,9,59,8,60,7,58,8,60,8,57,8,60,7,61,7,60,7,62,6,63,6,62,6,62,6,61,6,62,5,63,7,62,6,63,6,0,6,63,6,1,6,0,6,3,6,3,6,1,7,3,6,2,8,3,7,3,7,2,8,1,8,0,8,2,8,3,8,2,9,0,9,2,8,1,9,63,8,1,9,1,9,0,9,61,10,1,9,0,9,63,9,63,9,61,9
1759561874.174636000,00:03:7f:25:14:25,00:03:7f:25:14:25,3a:c8:97:94:99:7a,3a:c8:97:94:99:7a,61,11,59,11,60,10,59,11,58,10,58,10,58,10,56,10,58,9,56,9,57,9,58,8,56,8,57,7,58,7,58,7,58,7,56,7,58,6,57,6,58,5,59,5,59,5,60,5,61,5,62,4,60,5,62,4,0,4,63,5,1,4,3,4,2,5,3,5,4,5,3,5,5,6,6,6,5,6,5,6,7,6,6,7,6,6,6,8,5,8,5,8,5,9,6,9,4,10,5,10,3,10,5,10,3,10,2,11,2,10,1,10,0,11,63,11,62,11,62,10,63,10,61,10,61,10,61,10,61,10,59,9,60,9,60,10,58,9,59,9,58,8,58,8,58,8,57,8,57,7,58,7,59,7,58,7,59,6,59,6,58,6,59,5,60,5,61,5,61,5,62,5,62,5,0,5,1,5,0,5,0,5,2,5,2,6,1,5,3,6,2,6,3,6,0,6,3,6,3,6,3,7,3,7,3,7,4,8,3,7,3,8,5,8,4,8,4,9,2,8,4,9,3,10,2,9,4,9,2,9,1,10,2,10,63,9,2,10,0,10,63,10,61,10,59,10,60,10,60,10,60,10,59,9,58,9,59,9,57,9,58,8,59,8,59,8,59,7,59,7,59,7,58,7,57,6,57,5,58,7,58,6,59,6,60,5,58,6,62,5,59,5,63,5,0,4,63,5,1,5,1,4,1,5,0,5,3,5,3,5,1,6,4,5,5,6,5,6,4,6,4,6,6,7,5,7,5,8,8,7,5,8,3,9,7,9,5,9,5,9,5,9,5,10,3,10,2,10,4,10,1,11,1,11,3,10,1,11,63,11,61,11,62,11,62,10,60,10,58,11,58,10,57,10,57,10,58,9,55,9,57,9,54,9,57,8,57,8,57,8,58,7,58,6,58,6,58,6,57,6,58,5,59,6,58,5,59,5,60,5,60,5,62,4,61,5,0,4,1,4,0,5,2,5,2,5,4,5,3,5,3,6,4,6,3,6,5,6,7,6,6,7,4,7,6,7,6,8,5,7,6,8,7,9,5,9,3,10,6,10,6,10,4,10,5,10,2,11
1759561874.575286000,00:03:7f:25:14:25,00:03:7f:25:14:25,3a:c8:97:94:99:7a,3a:c8:97:94:99:7a,62,9,60,9,61,9,61,9,61,9,60,9,61,9,59,8,61,8,59,8,61,8,61,7,59,8,60,7,61,7,61,7,61,7,59,7,61,6,60,7,61,6,61,6,62,6,62,6,62,6,63,5,61,6,62,6,0,5,63,6,1,6,2,6,1,6,2,6,2,6,2,6,3,7,3,7,3,7,3,7,5,7,3,7,3,7,4,8,2,8,3,8,3,9,4,9,2,9,3,9,1,9,3,9,1,9,0,10,0,10,63,9,63,10,62,10,61,10,61,9,62,10,60,9,60,9,61,9,61,8,59,8,61,8,60,9,58,8,59,8,59,7,59,7,59,7,59,7,59,7,60,6,61,6,60,6,61,6,61,5,61,5,62,5,62,5,0,5,63,5,1,5,1,6,3,5,3,5,2,6,2,6,4,6,3,7,3,6,4,7,3,7,3,8,1,8,4,8,3,8,3,8,3,8,2,8,3,9,1,8,1,9,3,9,2,9,1,10,63,9,1,10,0,10,63,10,1,9,62,9,63,9,62,10,61,9,63,8,61,8,61,9,60,9,59,9,59,8,59,8,60,8,59,8,59,7,60,7,59,7,60,7,61,7,61,7,62,6,62,6,62,6,62,6,60,6,61,5,61,7,62,6,63,6,63,6,62,6,1,5,63,6,2,5,4,5,1,6,3,6,3,6,3,6,2,6,3,7,3,7,1,8,3,7,3,7,3,7,2,8,2,8,3,9,2,8,2,9,5,9,2,9,63,10,3,9,1,10,1,10,0,10,0,10,63,10,62,10,0,9,61,10,61,10,0,9,62,10,61,10,59,9,60,9,61,8,60,8,57,9,59,8,58,8,58,8,59,7,58,7,59,7,57,7,60,6,60,6,60,6,62,6,62,6,62,6,63,6,61,6,63,5,63,7,63,6,0,6,1,6,0,6,2,6,1,6,3,6,3,6,2,7,3,7,2,7,4,7,3,7,2,8,2,8,1,8,3,8,3,8,3,9,1,9,2,8,1,9,0,8,1,10,2,9,0,9,62,10,1,9,0,9,63,9,63,9,61,10
1759561874.978004000,00:03:7f:25:14:25,00:03:7f:25:14:25,3a:c8:97:94:99:7a,3a:c8:97:94:99:7a,61,10,59,10,60,9,59,9,60,9,59,9,59,9,58,8,60,8,58,8,59,8,60,7,59,7,59,7,60,7,60,7,60,7,59,7,61,6,60,6,61,6,62,5,62,5,62,5,63,6,0,5,63,5,0,5,1,5,0,6,2,6,3,6,2,6,3,6,3,6,3,6,4,7,5,7,4,7,3,7,5,8,4,8,4,7,4,8,3,9,3,9,3,9,4,9,2,10,3,10,0,10,2,9,0,10,63,10,63,10,62,9,62,10,61,10,60,10,60,9,61,9,60,9,59,9,60,9,60,8,58,8,60,8,59,9,58,8,59,7,59,7,59,7,59,7,59,7,59,6,60,6,61,6,60,6,61,5,61,5,61,5,62,5,63,5,0,5,0,5,1,5,1,5,3,5,4,5,2,6,2,6,5,6,4,7,3,6,5,8,4,7,3,7,1,7,4,8,3,8,3,8,3,9,2,9,3,9,1,8,1,9,4,9,2,10,1,10,63,10,1,10,0,10,63,10,1,10,63,9,61,10,63,9,61,8,62,9,61,8,60,8,59,8,58,9,59,8,59,8,60,8,60,7,59,7,60,8,59,7,61,7,61,7,62,7,63,6,62,6,62,6,62,6,61,6,62,5,62,7,62,6,63,6,0,6,62,6,1,6,63,6,2,6,4,5,1,6,3,6,3,6,2,7,1,6,2,7,3,7,0,8,3,7,3,8,3,8,2,8,1,8,3,9,2,8,1,9,4,8,2,9,63,10,3,9,1,10,1,10,0,9,1,9,63,9,62,9,0,9,62,10,61,9,0,9,62,9,61,9,59,9,60,9,62,8,60,8,58,9,59,8,58,8,59,7,60,7,58,8,60,8,57,7,61,6,61,6,61,6,63,6,63,6,63,6,63,6,62,6,63,5,63,7,63,6,0,6,1,6,1,6,2,6,1,7,4,6,4,6,2,7,3,7,2,8,4,8,3,8,2,8,1,8,1,9,2,8,3,8,2,9,0,9,1,9,0,9,63,8,0,9,1,9,0,9,61,10,0,9,63,9,62,9,63,9,61,9
1759561875.508800000,00:03:7f:25:14:25,00:03:7f:25:14:25,3a:c8:97:94:99:7a,3a:c8:97:94:99:7a,63,10,61,11,62,10,61,10,60,10,60,10,60,10,58,9,60,9,58,9,59,9,60,8,58,8,59,7,60,8,58,7,59,8,58,7,59,6,58,7,59,6,60,6,60,6,60,5,61,6,62,5,60,5,61,5,63,5,63,5,1,5,2,5,1,5,2,5,2,5,3,5,4,6,5,6,4,6,4,6,5,7,4,7,4,6,6,7,4,8,4,8,5,9,6,9,4,9,5,9,2,9,4,9,2,10,2,11,1,10,0,10,0,11,63,11,61,10,61,10,62,10,60,10,60,10,60,10,60,9,58,9,60,8,60,9,57,8,58,8,58,8,59,8,58,8,58,7,57,7,59,6,59,6,58,6,59,6,59,5,59,5,60,5,61,5,63,5,62,5,0,5,0,5,2,4,3,4,2,5,2,5,5,5,4,6,3,6,5,7,5,7,4,7,2,7,5,7,5,8,5,8,4,8,3,8,4,9,3,8,3,9,5,9,3,10,3,10,1,10,3,11,1,11,0,10,2,10,62,10,63,11,62,10,59,10,62,9,60,9,59,9,59,9,57,9,57,8,57,8,58,8,58,7,58,7,58,7,57,7,59,6,60,6,60,6,61,5,61,5,62,6,61,5,60,5,61,4,62,6,62,5,63,5,1,5,63,6,2,5,0,6,3,5,5,5,2,6,4,6,5,6,4,6,3,6,5,7,5,7,2,8,4,7,5,8,5,8,4,9,3,9,4,9,2,9,2,9,5,9,2,9,63,10,3,10,1,11,1,10,0,10,0,10,62,10,61,10,63,10,60,10,59,10,63,9,61,10,59,10,58,9,58,9,60,8,59,9,56,9,57,8,56,8,57,7,58,7,57,7,58,7,56,7,59,6,60,6,60,6,62,5,62,5,62,5,62,5,61,5,63,5,0,6,0,5,1,5,2,5,1,6,3,5,2,6,5,5,6,6,4,6,5,6,4,7,6,7,5,7,4,8,4,8,3,9,4,9,5,9,4,10,2,10,3,9,2,10,0,9,2,10,2,10,0,10,62,11,0,10,63,11,62,10,62,10,60,10
1759561875.928415000,00:03:7f:25:14:25,00:03:7f:25:14:25,3a:c8:97:94:99:7a,3a:c8:97:94:99:7a,63,9,61,10,62,9,62,9,61,9,61,9,61,9,60,9,62,9,60,8,61,9,62,8,60,8,61,8,62,8,61,8,61,8,60,8,61,7,60,7,60,7,61,7,61,7,61,6,62,7,62,6,60,7,61,6,63,6,61,7,63,6,0,6,63,7,63,6,0,6,63,6,1,6,1,6,1,6,0,6,2,6,1,6,1,6,2,7,1,7,1,7,2,7,3,7,2,8,3,8,1,8,4,7,2,8,2,8,1,8,1,8,1,9,1,9,0,9,0,9,1,9,0,9,0,9,1,9,1,9,63,9,1,9,0,9,62,9,63,9,62,9,63,9,62,9,61,9,61,9,62,8,62,8,61,8,61,8,61,8,60,8,60,7,60,7,61,7,60,7,61,7,61,7,62,7,62,6,61,7,62,7,63,6,62,7,62,6,63,7,62,6,62,6,60,6,0,6,63,6,63,6,63,6,62,6,0,7,63,5,63,6,2,6,2,6,2,7,0,7,3,7,3,7,2,7,4,7,2,7,3,8,4,8,4,8,4,8,3,8,4,9,3,9,2,10,1,9,1,9,2,10,1,10,0,10,0,10,62,10,63,10,63,10,62,10,62,10,61,10,61,10,60,9,58,9,58,9,57,10,57,9,58,8,58,8,56,8,59,7,56,8,59,7,60,6,57,7,59,6,58,6,59,5,58,5,60,5,59,4,59,5,62,5,63,4,63,4,63,4,63,4,1,5,2,4,2,5,5,4,4,5,2,6,7,6,4,6,5,7,5,7,6,7,6,8,5,8,7,8,5,9,5,9,8,8,7,9,5,10,4,10,5,10,5,10,3,10,2,11,1,11,0,11,0,11,0,11,59,11,61,11,58,11,60,11,59,11,58,11,59,10,59,9,57,10,57,9,56,9,57,8,56,9,55,8,56,8,56,7,55,7,56,6,55,6,58,6,58,5,56,6,59,5,58,5,59,4,60,4,60,4,60,3,61,4,63,4,2,3,2,3,0,4,3,4,3,4,4,3,6,5,7,5,7,6,5,6,9,6,9,6,8,7,9,7,8,8
1759561876.506355000,00:03:7f:25:14:25,00:03:7f:25:14:25,3a:c8:97:94:99:7a,3a:c8:97:94:99:7a,62,11,60,11,61,11,59,11,59,10,58,10,58,10,56,10,58,10,56,9,58,9,58,8,56,8,57,7,58,7,57,7,58,7,56,7,58,6,57,6,58,5,59,5,59,5,60,5,61,5,62,4,60,5,62,4,0,4,0,5,2,4,3,5,2,5,3,5,3,5,3,5,5,6,5,6,5,6,5,6,6,7,5,7,5,6,6,8,5,8,4,8,5,9,6,9,4,10,5,9,2,9,4,9,3,10,2,11,1,11,0,10,1,11,0,11,61,10,62,10,62,10,61,10,60,10,61,10,61,9,58,9,61,9,60,10,58,9,59,9,58,8,59,8,58,8,58,8,58,7,59,7,59,6,58,7,60,6,59,6,58,6,59,5,60,5,62,5,61,5,63,5,63,5,0,5,1,5,0,5,0,5,3,5,2,6,1,5,3,6,3,6,2,6,1,6,4,6,3,7,3,7,4,7,2,7,4,8,3,7,2,8,5,8,3,8,4,9,2,9,4,9,3,9,2,9,3,9,1,9,1,10,1,10,62,10,1,9,63,9,62,10,62,10,60,10,60,9,60,9,61,9,59,9,59,9,59,9,58,9,59,8,59,8,59,8,60,7,59,7,60,7,59,7,58,7,58,6,58,7,58,6,59,6,61,6,58,6,62,5,60,6,63,5,0,4,62,5,1,5,1,4,1,5,0,5,2,6,2,5,1,6,4,6,4,6,5,6,4,6,3,6,5,7,5,7,4,7,8,7,5,8,3,9,7,9,5,9,5,9,4,9,5,9,3,10,2,10,4,10,2,11,1,11,3,10,1,11,63,11,61,11,61,11,63,10,60,11,58,11,58,10,57,10,57,10,57,9,55,9,57,9,54,9,57,8,57,8,56,8,58,7,58,6,57,6,58,6,56,6,58,5,58,6,57,5,58,5,60,5,60,5,62,4,61,4,0,4,1,4,0,4,2,4,2,5,5,5,4,5,4,6,4,5,4,6,6,6,7,6,7,7,5,7,6,7,6,8,5,7,6,8,7,9,5,9,3,10,6,10,7,10,5,10,5,10,2,11
1759561876.990407000,00:03:7f:25:14:25,00:03:7f:25:14:25,3a:c8:97:94:99:7a,3a:c8:97:94:99:7a,63,10,62,10,63,10,62,10,61,10,60,10,60,10,59,10,61,9,59,9,60,9,60,8,59,8,60,8,60,8,59,8,60,8,58,8,59,7,59,7,59,6,60,6,60,6,60,6,61,6,61,5,60,6,61,5,62,5,62,5,0,5,0,5,63,6,0,6,1,5,1,5,2,6,3,6,2,6,2,6,4,6,3,6,3,6,4,7,3,7,3,8,4,8,5,8,3,8,4,8,2,8,4,8,3,9,2,10,2,9,1,9,2,10,1,10,63,9,0,9,1,10,63,10,63,10,0,10,0,9,61,9,63,9,62,10,60,9,61,9,60,9,61,9,60,9,60,9,59,8,60,8,60,7,59,8,60,8,60,7,59,7,59,7,59,6,61,6,60,6,61,6,61,6,62,6,63,5,62,6,62,6,0,5,63,6,63,6,0,6,0,6,0,6,62,6,1,6,1,6,1,6,1,7,0,6,2,7,1,5,1,7,4,7,3,7,3,8,1,8,4,8,3,8,3,8,4,8,3,8,2,9,3,9,0,9,3,8,1,9,2,9,1,9,0,10,63,10,63,9,63,9,62,9,62,10,62,9,61,10,62,9,62,9,61,9,62,8,61,8,60,9,60,9,58,8,59,8,58,9,58,8,59,7,60,7,57,7,61,7,58,7,60,6,62,5,60,6,61,6,61,5,61,5,61,6,62,6,62,5,61,5,0,5,1,5,0,5,0,5,0,6,2,6,2,5,2,6,5,6,4,6,1,7,5,7,3,7,4,7,4,7,5,7,4,8,3,8,5,8,3,9,3,9,6,9,4,9,3,9,1,10,3,10,3,10,1,10,63,10,0,10,62,10,62,10,62,10,59,10,61,10,58,10,60,10,60,9,59,9,61,8,60,8,59,9,59,9,58,8,58,8,58,9,57,8,58,7,58,7,58,7,59,7,58,7,60,6,60,5,59,6,61,5,60,6,62,5,62,5,61,5,62,5,62,5,0,5,2,5,1,5,0,6,2,5,2,5,2,5,3,6,5,6,4,6,2,7,6,7,5,7,5,7,6,7,4,8
1759561877.389323000,00:03:7f:25:14:25,00:03:7f:25:14:25,3a:c8:97:94:99:7a,3a:c8:97:94:99:7a,56,11,54,10,55,9,55,9,54,9,54,9,55,8,54,8,56,7,54,7,56,7,56,6,55,6,56,5,57,5,57,5,58,5,57,5,59,4,59,4,61,3,63,3,63,3,1,3,2,4,3,3,2,4,4,4,5,4,4,5,7,5,7,5,7,6,7,6,7,6,7,7,8,7,8,8,8,8,7,8,8,8,7,9,7,9,7,9,5,10,5,10,5,11,5,11,3,11,4,11,0,11,2,11,63,12,62,12,61,12,61,11,60,12,58,11,57,11,57,10,58,10,56,10,56,10,57,9,57,9,55,8,57,8,57,8,55,7,56,7,56,6,57,6,57,6,56,6,56,5,58,5,59,4,58,4,60,4,60,4,59,4,62,4,63,4,1,4,1,4,3,4,2,4,4,4,6,4,5,5,5,5,7,5,7,6,6,6,7,7,6,7,6,7,4,8,7,8,6,8,6,9,6,9,5,9,6,10,4,9,3,10,6,10,4,11,3,11,1,11,2,11,0,11,63,11,0,11,62,11,60,11,61,11,57,10,60,9,57,9,57,9,56,9,54,9,55,8,56,8,56,8,56,7,56,7,57,7,55,6,58,6,58,6,59,5,60,4,60,4,61,4,60,4,59,4,61,3,62,5,63,4,1,4,1,4,0,4,3,4,2,5,5,4,7,4,5,5,7,5,7,6,6,6,5,6,6,7,7,7,4,8,6,8,6,8,6,9,6,9,5,9,6,10,4,9,3,10,6,10,4,10,0,11,3,11,1,12,1,11,0,11,0,11,61,11,60,11,62,11,59,11,58,11,61,10,59,11,58,10,56,10,57,10,58,9,56,9,54,9,55,8,55,8,55,7,56,7,55,7,57,7,54,6,57,5,58,5,58,5,60,4,61,4,61,4,62,4,60,4,62,4,63,5,63,4,1,4,2,4,1,5,3,4,3,5,6,5,6,5,5,5,6,6,5,7,7,6,7,7,5,8,5,8,5,8,6,8,7,8,6,9,4,10,6,9,5,10,3,10,4,10,4,10,3,11,0,11,2,11,1,11,0,11,0,11,61,11
1759561877.788358000,00:03:7f:25:14:25,00:03:7f:25:14:25,3a:c8:97:94:99:7a,3a:c8:97:94:99:7a,57,10,54,10,57,8,56,8,56,8,56,8,56,7,55,7,57,7,56,6,58,6,58,5,57,5,58,5,61,5,60,4,61,5,60,5,62,4,62,4,63,4,2,4,2,4,3,4,3,5,4,4,3,5,4,5,6,5,5,6,6,6,7,6,7,7,6,7,6,7,6,7,7,8,8,8,7,9,6,9,7,9,7,9,5,9,6,10,4,10,4,11,4,11,5,11,2,12,2,11,63,11,0,11,61,12,60,12,60,12,60,11,58,12,57,11,56,10,56,10,57,10,55,10,55,9,55,9,56,8,54,8,56,7,56,8,54,7,55,6,55,6,56,6,56,6,56,5,55,5,57,4,59,4,58,3,60,3,60,3,59,3,63,3,1,3,4,3,4,3,5,4,5,4,7,4,8,4,7,5,7,5,10,6,8,7,8,6,10,7,8,7,8,8,6,8,9,8,8,9,8,9,8,10,7,10,8,11,5,10,5,11,7,11,4,12,3,12,1,12,2,13,63,13,62,12,63,12,59,11,57,12,58,11,55,10,58,9,56,9,54,9,54,9,51,9,54,8,53,8,53,8,54,7,53,7,55,6,53,6,55,5,56,5,57,5,58,4,58,4,58,3,58,3,57,3,57,2,61,4,60,3,0,3,2,3,1,3,4,3,3,4,6,3,10,3,6,4,9,4,10,5,8,6,7,5,9,7,10,7,6,8,9,7,9,8,10,8,8,9,8,9,9,10,7,10,6,10,9,10,6,11,3,12,7,12,6,12,4,12,3,12,2,12,61,13,60,12,61,12,58,13,56,12,60,11,57,12,56,11,52,11,53,11,55,10,54,10,50,10,52,9,51,9,51,8,52,7,51,7,53,7,50,6,53,5,54,5,54,4,56,3,58,3,57,3,58,2,57,3,59,2,63,3,63,2,1,2,5,2,4,3,6,3,5,3,9,3,11,4,8,4,9,4,10,6,11,6,10,6,9,7,9,8,8,8,10,8,11,9,10,10,8,10,10,10,9,11,6,11,8,12,7,12,4,12,1,13,4,13,4,13,0,13,0,13,59,13
1759561878.427271000,00:03:7f:25:14:25,00:03:7f:25:14:25,3a:c8:97:94:99:7a,3a:c8:97:94:99:7a,53,11,52,10,53,9,52,9,52,8,53,9,52,8,52,7,54,7,51,6,54,6,55,5,53,5,54,4,56,4,57,4,58,4,57,4,61,2,61,3,63,3,1,3,2,3,4,3,4,4,6,3,4,4,6,4,8,4,6,5,8,5,9,6,9,7,8,7,8,7,8,7,9,8,9,8,9,9,8,9,9,9,7,10,6,9,7,10,4,11,4,11,3,12,3,12,1,12,0,12,60,12,62,11,59,11,58,12,57,11,58,10,57,11,56,11,55,10,55,9,57,9,55,9,55,9,55,8,56,7,54,7,56,6,57,7,55,6,56,6,56,5,57,5,57,5,58,5,58,4,59,4,61,3,61,4,63,3,63,3,63,3,2,3,3,4,5,4,5,4,6,5,6,5,8,5,8,5,7,6,7,6,9,7,8,8,8,7,9,8,8,8,7,9,4,9,7,9,6,10,6,10,6,10,5,11,5,11,2,10,2,11,4,11,2,12,0,12,62,12,63,12,61,12,60,11,62,11,58,11,58,11,57,11,56,9,58,9,56,8,56,9,56,8,55,8,54,8,55,7,56,7,56,6,55,6,57,6,55,6,57,5,58,5,59,5,60,4,61,4,62,4,61,4,59,4,62,3,63,5,63,4,0,4,2,4,1,5,4,4,2,5,5,5,7,4,5,6,7,5,8,6,6,6,5,6,7,8,7,7,4,8,7,8,6,8,7,9,6,9,5,9,6,10,4,9,4,10,6,10,4,10,0,12,4,11,2,12,1,12,0,11,0,11,61,11,60,11,62,11,59,11,58,11,61,10,59,11,58,10,55,10,56,10,58,9,56,9,54,9,55,8,54,8,54,7,56,7,54,7,56,7,53,6,56,5,57,5,57,5,59,4,60,4,60,4,61,4,59,4,62,3,63,4,63,4,0,4,2,4,1,4,4,4,3,4,6,4,6,4,6,5,7,5,6,6,8,6,7,6,6,7,6,7,5,8,7,8,8,8,7,9,6,9,7,9,6,10,4,10,6,10,6,10,4,11,1,12,4,12,3,12,1,12,1,11,61,12
1759561878.923667000,00:03:7f:25:14:25,00:03:7f:25:14:25,3a:c8:97:94:99:7a,3a:c8:97:94:99:7a,60,11,58,11,59,10,58,10,58,10,57,10,57,9,56,9,57,9,56,8,57,8,58,7,56,7,58,7,59,7,58,6,58,6,57,6,59,5,58,5,59,5,60,5,61,5,61,4,62,5,63,4,62,4,63,4,1,4,1,5,3,5,4,5,3,5,4,5,4,6,4,6,6,6,6,6,6,7,5,7,7,7,6,7,6,7,7,8,5,9,5,9,5,10,6,9,4,10,5,10,3,10,4,10,2,11,1,11,1,11,0,10,63,11,62,11,60,11,60,11,61,11,59,10,59,10,59,10,59,10,57,9,59,9,58,9,56,9,57,8,56,8,57,8,57,7,56,7,56,6,57,6,58,6,57,6,58,5,58,5,57,5,59,4,60,4,62,4,62,4,0,4,63,4,2,4,3,4,2,4,3,5,5,5,5,5,4,5,6,6,5,6,5,6,3,6,6,7,6,7,6,7,6,8,5,8,6,9,4,8,4,9,7,9,5,10,5,10,3,10,4,11,3,11,2,11,3,11,0,11,63,11,63,11,59,10,61,10,59,10,59,10,58,10,56,10,57,9,57,9,57,9,57,8,57,8,57,8,56,7,58,7,58,7,58,6,59,6,59,6,60,6,59,5,58,5,59,4,59,6,60,5,61,5,62,4,61,5,0,5,63,5,2,4,4,4,2,5,4,5,4,5,4,5,3,5,4,6,5,6,2,7,5,7,5,7,5,7,5,8,4,8,5,9,4,8,4,9,7,9,4,9,1,10,5,10,4,10,3,10,2,10,3,10,0,11,0,11,1,10,62,11,61,11,1,10,62,11,61,10,58,10,60,10,60,10,59,10,56,10,57,9,56,9,56,8,57,8,56,8,57,8,55,8,57,7,58,7,57,6,59,6,60,5,59,5,59,5,58,5,59,5,60,6,60,5,61,5,62,4,62,5,0,4,63,5,2,4,3,4,1,5,3,5,3,5,5,5,4,5,4,6,4,6,3,7,6,7,7,7,6,7,4,8,6,8,5,8,4,8,5,9,6,9,5,9,2,10,5,10,4,10,3,10,4,10,1,11
1759561879.450766000,00:03:7f:25:14:25,00:03:7f:25:14:25,3a:c8:97:94:99:7a,3a:c8:97:94:99:7a,51,4,50,4,50,3,50,3,50,2,52,2,57,1,57,1,63,1,63,0,6,1,9,1,10,1,13,2,13,3,11,3,13,4,11,4,14,4,14,5,13,6,13,7,13,7,13,7,13,8,14,8,12,9,13,9,14,9,12,10,13,11,14,11,14,12,13,12,11,12,11,13,11,14,9,14,10,15,4,15,0,15,56,14,55,13,55,14,51,13,50,12,50,12,50,11,49,11,51,10,49,9,51,9,49,8,49,8,49,8,50,7,49,7,48,6,47,5,49,5,51,4,50,4,50,4,50,3,51,3,50,2,51,1,55,1,58,1,61,1,5,1,8,1,10,1,10,2,12,2,13,3,13,3,12,4,13,4,13,5,13,5,13,6,12,7,13,7,13,8,14,8,13,9,14,9,14,9,11,10,12,11,13,11,11,12,12,12,13,13,9,13,6,13,1,14,4,14,61,14,58,14,57,14,54,14,54,14,52,12,52,12,53,12,51,11,51,11,49,10,51,10,51,9,50,9,53,8,51,7,50,7,52,7,52,4,54,4,53,3,53,3,54,3,53,3,54,2,55,2,57,1,63,2,63,2,2,3,5,2,6,2,7,3,8,3,11,4,11,4,11,5,10,5,10,5,11,5,9,7,11,7,11,7,10,7,9,9,12,8,9,9,12,9,13,9,9,10,11,11,10,11,8,12,8,12,7,13,6,13,0,13,2,13,63,13,62,14,59,13,57,13,57,13,55,11,54,11,57,11,54,11,51,11,54,10,51,11,51,10,52,9,53,8,52,8,52,7,54,7,52,7,51,6,56,6,54,6,53,6,52,4,54,4,57,4,56,4,53,4,56,3,56,3,58,2,0,2,0,3,1,3,1,2,6,3,6,3,8,3,11,3,10,4,10,5,10,5,7,5,10,5,9,7,9,7,10,7,10,8,9,8,10,8,9,9,11,9,10,9,9,10,10,10,8,11,9,11,8,12,5,12,3,12,1,13,2,13,0,13,62,13,59,13,60,13,57,13,55,11,56,12,57,11,55,11,52,11,55,10,53,10,53,10,54,9,52,9
1759561879.984094000,00:03:7f:25:14:25,00:03:7f:25:14:25,3a:c8:97:94:99:7a,3a:c8:97:94:99:7a,43,13,42,13,44,12,43,12,44,11,45,11,44,10,45,10,45,9,45,9,45,9,47,8,45,8,46,7,47,7,46,6,46,6,45,6,45,5,45,4,45,3,44,3,44,3,43,2,43,1,41,1,37,1,36,1,34,0,26,1,22,1,23,1,20,2,19,2,18,3,18,3,19,4,18,4,18,5,17,5,18,6,18,6,18,6,17,7,16,7,16,8,18,9,19,9,17,10,19,10,17,11,19,11,18,12,19,12,19,13,18,13,21,13,21,13,23,14,26,14,31,14,33,15,38,14,39,14,42,13,42,13,44,12,45,13,43,12,44,11,44,11,45,10,44,10,44,9,44,9,45,8,44,7,43,7,44,7,44,6,43,6,42,5,41,5,42,4,41,4,41,3,40,3,40,2,38,2,35,2,34,1,31,2,28,2,29,2,24,3,23,3,21,4,20,4,21,4,20,5,20,5,20,6,20,6,19,7,19,7,18,8,22,8,19,9,21,10,18,10,20,10,20,11,20,11,21,12,21,12,23,13,25,13,34,14,39,14,39,13,41,13,42,13,40,12,42,12,43,11,43,11,44,10,45,10,45,9,44,9,46,8,46,8,46,7,46,7,45,6,46,6,45,5,44,5,44,4,42,4,45,4,44,3,43,2,41,2,44,1,38,2,39,1,37,1,28,0,24,0,25,2,22,2,20,1,18,3,20,3,16,4,17,4,18,5,18,5,17,6,17,6,18,7,16,7,17,8,20,8,16,8,15,10,19,10,17,10,16,11,18,11,18,11,18,12,19,13,20,13,19,14,21,14,27,15,27,14,30,15,37,14,40,14,45,14,45,13,42,13,45,12,44,12,44,11,45,10,45,9,46,9,44,9,46,8,46,8,46,8,48,7,48,6,47,5,46,5,46,5,46,4,45,4,46,3,46,3,45,2,46,2,46,1,45,1,43,0,34,0,29,0,9,0,17,1,17,2,16,2,14,3,15,4,13,4,15,4,16,5,15,6,14,6,15,6,15,7,14,7,15,8,15,8,14,9,13,10,15,10,15,10,14,11,15,11,13,12
1759561880.546438000,00:03:7f:25:14:25,00:03:7f:25:14:25,3a:c8:97:94:99:7a,3a:c8:97:94:99:7a,8,11,7,11,7,11,7,12,5,12,4,12,4,13,0,13,1,13,61,13,62,13,60,12,58,12,58,12,58,12,56,11,56,11,54,11,54,10,53,10,53,9,53,8,53,8,53,8,54,7,54,7,52,7,53,6,54,6,53,6,55,4,55,4,55,4,56,4,58,3,58,3,60,3,62,3,63,3,0,3,4,3,4,3,5,3,5,4,5,4,5,4,8,5,9,5,8,6,9,6,7,7,10,7,8,7,8,8,8,8,7,8,8,9,7,9,5,10,6,10,7,10,5,10,5,11,6,11,5,10,2,11,4,11,2,12,0,11,1,11,63,11,63,11,61,11,60,11,59,11,60,11,59,11,57,10,58,10,57,10,56,9,55,9,55,9,56,8,55,8,55,7,55,7,56,6,57,6,56,6,56,6,57,5,58,5,57,5,59,4,59,4,60,4,58,4,62,4,63,4,63,4,0,4,0,4,2,5,2,4,2,5,6,5,4,6,6,6,3,6,6,7,6,7,5,7,7,7,6,7,5,8,7,8,4,9,6,9,5,9,4,10,2,10,1,11,1,10,1,10,1,11,0,11,62,11,62,11,60,11,61,10,61,10,60,10,60,9,59,9,59,9,58,9,57,9,57,8,56,9,57,8,57,8,58,7,56,7,59,7,56,7,59,6,61,5,59,6,61,6,60,5,61,5,60,5,62,5,62,5,61,5,0,5,0,5,0,5,0,5,0,5,2,6,2,5,2,6,5,6,3,6,0,7,5,7,2,7,3,7,3,7,4,7,3,8,3,8,4,8,3,8,2,8,6,8,4,9,2,9,1,9,2,9,3,9,2,9,0,9,0,9,63,10,0,9,0,10,61,10,63,10,60,10,62,9,62,9,62,9,63,9,63,8,62,9,61,9,60,8,61,8,60,9,59,9,60,8,60,8,59,8,60,8,59,8,61,7,61,7,60,8,62,7,60,7,61,7,61,7,59,7,59,6,58,7,61,6,62,6,61,6,60,6,62,5,62,6,62,5,63,6,0,5,0,6,63,6,2,6,2,6,2,6,3,6,2,6
1759561880.974895000,00:03:7f:25:14:25,00:03:7f:25:14:25,3a:c8:97:94:99:7a,3a:c8:97:94:99:7a,55,12,53,12,55,11,53,11,53,11,53,11,52,10,52,9,52,9,51,9,53,8,53,7,51,7,53,7,54,6,53,6,53,6,52,5,53,4,53,4,54,3,56,3,56,3,58,2,60,2,61,2,61,2,63,2,3,2,3,2,6,3,8,3,7,3,8,3,9,4,9,4,10,5,11,5,10,6,10,6,11,6,11,7,11,7,11,8,10,8,9,9,10,10,11,10,10,10,11,11,8,11,9,11,8,12,7,13,6,13,4,12,4,13,2,13,63,13,61,13,60,13,57,13,56,13,56,12,56,12,53,11,55,11,54,11,51,10,53,10,52,9,52,9,52,9,51,8,51,8,52,7,52,6,51,6,52,6,52,5,51,5,51,4,52,3,54,3,53,2,56,2,56,2,59,1,61,1,63,1,1,1,7,1,8,2,6,2,10,3,9,3,10,4,9,4,11,4,11,5,11,5,11,6,11,6,12,7,11,7,11,8,14,8,11,9,12,10,10,10,12,11,11,11,10,11,11,12,8,13,8,13,7,14,60,14,61,13,57,13,56,13,55,13,51,13,52,12,52,11,52,11,51,10,51,10,51,10,50,9,52,8,51,8,52,7,53,7,52,6,52,6,52,5,50,5,50,4,51,5,52,4,53,3,55,3,53,3,57,2,55,2,60,2,62,1,63,2,2,2,6,1,6,2,4,2,7,3,10,3,7,4,9,4,11,5,11,5,10,5,10,5,11,6,10,7,10,7,14,7,11,8,9,9,13,9,11,9,10,10,11,10,11,10,10,11,10,12,11,12,9,12,8,13,9,13,8,13,5,13,1,14,63,14,60,14,57,14,54,14,53,13,51,13,52,12,50,11,49,11,49,11,47,10,50,9,50,9,49,9,51,8,51,7,49,7,49,6,49,6,49,5,48,5,48,5,49,4,49,3,50,3,51,2,50,2,50,1,50,1,51,1,62,1,9,0,14,1,11,1,12,2,14,3,13,3,14,4,16,4,14,5,13,5,15,5,15,6,14,7,15,7,15,8,14,9,13,10,15,10,15,10,14,10,15,11,14,12
1759561881.530857000,00:03:7f:25:14:25,00:03:7f:25:14:25,3a:c8:97:94:99:7a,3a:c8:97:94:99:7a,45,3,44,2,44,2,42,1,37,1,36,0,21,0,19,0,17,1,18,1,16,2,18,2,17,3,18,4,17,4,15,5,16,5,14,5,16,6,16,7,15,7,15,9,15,9,15,9,15,10,15,9,13,10,14,11,15,11,13,12,15,12,15,12,16,13,14,13,12,14,12,14,8,15,46,15,38,15,46,15,48,14,48,14,49,13,48,13,47,12,47,11,48,11,48,10,47,10,49,10,47,9,48,8,47,7,47,7,47,7,48,6,47,6,46,5,45,5,47,4,48,3,47,3,48,3,46,2,47,2,45,2,44,1,46,1,47,0,36,0,17,1,19,0,17,1,17,2,18,2,18,3,17,4,16,4,17,4,17,5,17,5,16,6,15,7,17,8,16,8,17,8,16,9,17,9,18,10,15,10,16,11,18,12,16,13,18,12,18,13,17,13,14,14,10,15,16,15,36,15,40,15,42,15,41,14,42,14,47,13,46,13,47,12,46,12,46,11,44,11,46,11,46,10,46,10,48,9,46,8,46,8,46,7,45,5,47,4,46,4,45,4,45,3,43,3,41,2,42,2,40,2,37,1,36,1,22,0,28,1,25,1,21,2,20,2,21,3,19,4,19,4,18,4,18,4,19,5,15,7,19,6,17,7,16,7,16,9,17,8,15,9,18,9,19,9,15,11,18,11,18,12,16,12,16,13,16,14,17,14,5,15,9,15,58,15,37,15,46,14,47,14,46,14,49,12,48,12,52,11,49,11,46,11,49,10,46,10,47,10,48,9,49,8,48,7,49,7,51,6,48,6,47,6,52,5,50,5,50,5,48,3,49,3,53,3,52,2,49,2,52,1,52,1,53,0,5,1,3,1,5,2,6,1,10,2,11,2,12,3,15,3,13,4,13,5,13,5,11,5,13,6,11,7,12,7,12,8,12,8,11,9,13,8,12,10,14,9,13,10,11,11,12,11,10,12,11,13,11,13,7,14,4,14,63,14,61,14,59,14,55,14,52,14,54,13,51,13,51,11,51,12,53,11,51,10,49,10,52,10,50,10,50,9,51,9,49,8
1759561881.941420000,00:03:7f:25:14:25,00:03:7f:25:14:25,3a:c8:97:94:99:7a,3a:c8:97:94:99:7a,55,8,54,8,56,7,55,7,55,7,56,7,57,6,56,6,58,6,56,6,58,6,58,5,57,5,59,5,60,5,60,4,60,4,59,4,62,4,62,4,63,4,1,4,1,4,2,4,3,4,4,4,3,4,4,4,6,4,5,5,7,5,8,5,7,6,7,6,7,7,7,7,9,7,9,8,9,8,8,8,10,8,9,9,8,9,9,9,7,10,7,11,8,11,9,11,7,12,7,12,4,13,5,13,2,14,62,14,60,14,59,13,55,14,53,13,51,12,52,12,52,11,51,11,51,10,50,10,51,9,50,8,51,8,51,8,49,7,51,7,50,6,51,6,50,5,50,5,50,4,51,4,51,3,50,2,52,2,51,1,49,1,58,0,9,0,13,0,14,1,13,1,14,2,16,2,17,3,15,3,16,4,18,4,17,5,17,5,17,7,16,7,16,7,15,8,17,8,17,9,17,9,17,10,17,10,18,10,17,11,18,11,21,11,21,12,23,12,21,12,26,13,28,13,28,13,30,13,32,13,33,12,37,12,38,10,39,10,38,10,37,9,37,9,36,8,37,8,38,7,37,7,36,6,36,6,35,5,34,5,34,5,33,5,32,5,31,5,29,5,28,5,27,5,26,5,26,5,22,6,26,6,24,7,22,7,22,8,23,7,21,9,24,9,25,9,23,10,25,9,25,11,24,11,25,11,26,12,27,12,28,13,30,13,33,13,33,13,37,13,39,12,40,12,42,11,43,11,47,11,44,10,43,10,46,9,44,9,45,9,46,8,47,7,47,7,48,6,50,6,47,6,47,5,53,4,50,4,50,5,49,3,50,3,54,3,53,2,50,2,54,2,54,1,56,1,0,1,63,1,2,2,1,1,8,2,8,2,9,2,14,2,12,3,13,3,14,4,11,4,13,4,12,6,13,6,14,6,14,7,13,7,15,7,15,8,16,9,16,9,15,10,17,10,14,12,15,12,15,12,13,13,12,14,12,15,9,15,2,15,4,15,49,15,52,14,49,14,49,12,49,13,51,12,49,11,48,11,51,11,49,10,49,10,50,9,49,9
