timestamp,receiver_address,destination_address,transmitter_address,source_address,SCIDX_-122_phi11,SCIDX_-122_psi21,SCIDX_-121_phi11,SCIDX_-121_psi21,SCIDX_-120_phi11,SCIDX_-120_psi21,SCIDX_-119_phi11,SCIDX_-119_psi21,SCIDX_-118_phi11,SCIDX_-118_psi21,SCIDX_-117_phi11,SCIDX_-117_psi21,SCIDX_-116_phi11,SCIDX_-116_psi21,SCIDX_-115_phi11,SCIDX_-115_psi21,SCIDX_-114_phi11,SCIDX_-114_psi21,SCIDX_-113_phi11,SCIDX_-113_psi21,SCIDX_-112_phi11,SCIDX_-112_psi21,SCIDX_-111_phi11,SCIDX_-111_psi21,SCIDX_-110_phi11,SCIDX_-110_psi21,SCIDX_-109_phi11,SCIDX_-109_psi21,SCIDX_-108_phi11,SCIDX_-108_psi21,SCIDX_-107_phi11,SCIDX_-107_psi21,SCIDX_-106_phi11,SCIDX_-106_psi21,SCIDX_-105_phi11,SCIDX_-105_psi21,SCIDX_-104_phi11,SCIDX_-104_psi21,SCIDX_-102_phi11,SCIDX_-102_psi21,SCIDX_-101_phi11,SCIDX_-101_psi21,SCIDX_-100_phi11,SCIDX_-100_psi21,SCIDX_-99_phi11,SCIDX_-99_psi21,SCIDX_-98_phi11,SCIDX_-98_psi21,SCIDX_-97_phi11,SCIDX_-97_psi21,SCIDX_-96_phi11,SCIDX_-96_psi21,SCIDX_-95_phi11,SCIDX_-95_psi21,SCIDX_-94_phi11,SCIDX_-94_psi21,SCIDX_-93_phi11,SCIDX_-93_psi21,SCIDX_-92_phi11,SCIDX_-92_psi21,SCIDX_-91_phi11,SCIDX_-91_psi21,SCIDX_-90_phi11,SCIDX_-90_psi21,SCIDX_-89_phi11,SCIDX_-89_psi21,SCIDX_-88_phi11,SCIDX_-88_psi21,SCIDX_-87_phi11,SCIDX_-87_psi21,SCIDX_-86_phi11,SCIDX_-86_psi21,SCIDX_-85_phi11,SCIDX_-85_psi21,SCIDX_-84_phi11,SCIDX_-84_psi21,SCIDX_-83_phi11,SCIDX_-83_psi21,SCIDX_-82_phi11,SCIDX_-82_psi21,SCIDX_-81_phi11,SCIDX_-81_psi21,SCIDX_-80_phi11,SCIDX_-80_psi21,SCIDX_-79_phi11,SCIDX_-79_psi21,SCIDX_-78_phi11,SCIDX_-78_psi21,SCIDX_-77_phi11,SCIDX_-77_psi21,SCIDX_-76_phi11,SCIDX_-76_psi21,SCIDX_-74_phi11,SCIDX_-74_psi21,SCIDX_-73_phi11,SCIDX_-73_psi21,SCIDX_-72_phi11,SCIDX_-72_psi21,SCIDX_-71_phi11,SCIDX_-71_psi21,SCIDX_-70_phi11,SCIDX_-70_psi21,SCIDX_-69_phi11,SCIDX_-69_psi21,SCIDX_-68_phi11,SCIDX_-68_psi21,SCIDX_-67_phi11,SCIDX_-67_psi21,SCIDX_-66_phi11,SCIDX_-66_psi21,SCIDX_-65_phi11,SCIDX_-65_psi21,SCIDX_-64_phi11,SCIDX_-64_psi21,SCIDX_-63_phi11,SCIDX_-63_psi21,SCIDX_-62_phi11,SCIDX_-62_psi21,SCIDX_-61_phi11,SCIDX_-61_psi21,SCIDX_-60_phi11,SCIDX_-60_psi21,SCIDX_-59_phi11,SCIDX_-59_psi21,SCIDX_-58_phi11,SCIDX_-58_psi21,SCIDX_-57_phi11,SCIDX_-57_psi21,SCIDX_-56_phi11,SCIDX_-56_psi21,SCIDX_-55_phi11,SCIDX_-55_psi21,SCIDX_-54_phi11,SCIDX_-54_psi21,SCIDX_-53_phi11,SCIDX_-53_psi21,SCIDX_-52_phi11,SCIDX_-52_psi21,SCIDX_-51_phi11,SCIDX_-51_psi21,SCIDX_-50_phi11,SCIDX_-50_psi21,SCIDX_-49_phi11,SCIDX_-49_psi21,SCIDX_-48_phi11,SCIDX_-48_psi21,SCIDX_-47_phi11,SCIDX_-47_psi21,SCIDX_-46_phi11,SCIDX_-46_psi21,SCIDX_-45_phi11,SCIDX_-45_psi21,SCIDX_-44_phi11,SCIDX_-44_psi21,SCIDX_-43_phi11,SCIDX_-43_psi21,SCIDX_-42_phi11,SCIDX_-42_psi21,SCIDX_-41_phi11,SCIDX_-41_psi21,SCIDX_-40_phi11,SCIDX_-40_psi21,SCIDX_-38_phi11,SCIDX_-38_psi21,SCIDX_-37_phi11,SCIDX_-37_psi21,SCIDX_-36_phi11,SCIDX_-36_psi21,SCIDX_-35_phi11,SCIDX_-35_psi21,SCIDX_-34_phi11,SCIDX_-34_psi21,SCIDX_-33_phi11,SCIDX_-33_psi21,SCIDX_-32_phi11,SCIDX_-32_psi21,SCIDX_-31_phi11,SCIDX_-31_psi21,SCIDX_-30_phi11,SCIDX_-30_psi21,SCIDX_-29_phi11,SCIDX_-29_psi21,SCIDX_-28_phi11,SCIDX_-28_psi21,SCIDX_-27_phi11,SCIDX_-27_psi21,SCIDX_-26_phi11,SCIDX_-26_psi21,SCIDX_-25_phi11,SCIDX_-25_psi21,SCIDX_-24_phi11,SCIDX_-24_psi21,SCIDX_-23_phi11,SCIDX_-23_psi21,SCIDX_-22_phi11,SCIDX_-22_psi21,SCIDX_-21_phi11,SCIDX_-21_psi21,SCIDX_-20_phi11,SCIDX_-20_psi21,SCIDX_-19_phi11,SCIDX_-19_psi21,SCIDX_-18_phi11,SCIDX_-18_psi21,SCIDX_-17_phi11,SCIDX_-17_psi21,SCIDX_-16_phi11,SCIDX_-16_psi21,SCIDX_-15_phi11,SCIDX_-15_psi21,SCIDX_-14_phi11,SCIDX_-14_psi21,SCIDX_-13_phi11,SCIDX_-13_psi21,SCIDX_-12_phi11,SCIDX_-12_psi21,SCIDX_-10_phi11,SCIDX_-10_psi21,SCIDX_-9_phi11,SCIDX_-9_psi21,SCIDX_-8_phi11,SCIDX_-8_psi21,SCIDX_-7_phi11,SCIDX_-7_psi21,SCIDX_-6_phi11,SCIDX_-6_psi21,SCIDX_-5_phi11,SCIDX_-5_psi21,SCIDX_-4_phi11,SCIDX_-4_psi21,SCIDX_-3_phi11,SCIDX_-3_psi21,SCIDX_-2_phi11,SCIDX_-2_psi21,SCIDX_2_phi11,SCIDX_2_psi21,SCIDX_3_phi11,SCIDX_3_psi21,SCIDX_4_phi11,SCIDX_4_psi21,SCIDX_5_phi11,SCIDX_5_psi21,SCIDX_6_phi11,SCIDX_6_psi21,SCIDX_7_phi11,SCIDX_7_psi21,SCIDX_8_phi11,SCIDX_8_psi21,SCIDX_9_phi11,SCIDX_9_psi21,SCIDX_10_phi11,SCIDX_10_psi21,SCIDX_12_phi11,SCIDX_12_psi21,SCIDX_13_phi11,SCIDX_13_psi21,SCIDX_14_phi11,SCIDX_14_psi21,SCIDX_15_phi11,SCIDX_15_psi21,SCIDX_16_phi11,SCIDX_16_psi21,SCIDX_17_phi11,SCIDX_17_psi21,SCIDX_18_phi11,SCIDX_18_psi21,SCIDX_19_phi11,SCIDX_19_psi21,SCIDX_20_phi11,SCIDX_20_psi21,SCIDX_21_phi11,SCIDX_21_psi21,SCIDX_22_phi11,SCIDX_22_psi21,SCIDX_23_phi11,SCIDX_23_psi21,SCIDX_24_phi11,SCIDX_24_psi21,SCIDX_25_phi11,SCIDX_25_psi21,SCIDX_26_phi11,SCIDX_26_psi21,SCIDX_27_phi11,SCIDX_27_psi21,SCIDX_28_phi11,SCIDX_28_psi21,SCIDX_29_phi11,SCIDX_29_psi21,SCIDX_30_phi11,SCIDX_30_psi21,SCIDX_31_phi11,SCIDX_31_psi21,SCIDX_32_phi11,SCIDX_32_psi21,SCIDX_33_phi11,SCIDX_33_psi21,SCIDX_34_phi11,SCIDX_34_psi21,SCIDX_35_phi11,SCIDX_35_psi21,SCIDX_36_phi11,SCIDX_36_psi21,SCIDX_37_phi11,SCIDX_37_psi21,SCIDX_38_phi11,SCIDX_38_psi21,SCIDX_40_phi11,SCIDX_40_psi21,SCIDX_41_phi11,SCIDX_41_psi21,SCIDX_42_phi11,SCIDX_42_psi21,SCIDX_43_phi11,SCIDX_43_psi21,SCIDX_44_phi11,SCIDX_44_psi21,SCIDX_45_phi11,SCIDX_45_psi21,SCIDX_46_phi11,SCIDX_46_psi21,SCIDX_47_phi11,SCIDX_47_psi21,SCIDX_48_phi11,SCIDX_48_psi21,SCIDX_49_phi11,SCIDX_49_psi21,SCIDX_50_phi11,SCIDX_50_psi21,SCIDX_51_phi11,SCIDX_51_psi21,SCIDX_52_phi11,SCIDX_52_psi21,SCIDX_53_phi11,SCIDX_53_psi21,SCIDX_54_phi11,SCIDX_54_psi21,SCIDX_55_phi11,SCIDX_55_psi21,SCIDX_56_phi11,SCIDX_56_psi21,SCIDX_57_phi11,SCIDX_57_psi21,SCIDX_58_phi11,SCIDX_58_psi21,SCIDX_59_phi11,SCIDX_59_psi21,SCIDX_60_phi11,SCIDX_60_psi21,SCIDX_61_phi11,SCIDX_61_psi21,SCIDX_62_phi11,SCIDX_62_psi21,SCIDX_63_phi11,SCIDX_63_psi21,SCIDX_64_phi11,SCIDX_64_psi21,SCIDX_65_phi11,SCIDX_65_psi21,SCIDX_66_phi11,SCIDX_66_psi21,SCIDX_67_phi11,SCIDX_67_psi21,SCIDX_68_phi11,SCIDX_68_psi21,SCIDX_69_phi11,SCIDX_69_psi21,SCIDX_70_phi11,SCIDX_70_psi21,SCIDX_71_phi11,SCIDX_71_psi21,SCIDX_72_phi11,SCIDX_72_psi21,SCIDX_73_phi11,SCIDX_73_psi21,SCIDX_74_phi11,SCIDX_74_psi21,SCIDX_76_phi11,SCIDX_76_psi21,SCIDX_77_phi11,SCIDX_77_psi21,SCIDX_78_phi11,SCIDX_78_psi21,SCIDX_79_phi11,SCIDX_79_psi21,SCIDX_80_phi11,SCIDX_80_psi21,SCIDX_81_phi11,SCIDX_81_psi21,SCIDX_82_phi11,SCIDX_82_psi21,SCIDX_83_phi11,SCIDX_83_psi21,SCIDX_84_phi11,SCIDX_84_psi21,SCIDX_85_phi11,SCIDX_85_psi21,SCIDX_86_phi11,SCIDX_86_psi21,SCIDX_87_phi11,SCIDX_87_psi21,SCIDX_88_phi11,SCIDX_88_psi21,SCIDX_89_phi11,SCIDX_89_psi21,SCIDX_90_phi11,SCIDX_90_psi21,SCIDX_91_phi11,SCIDX_91_psi21,SCIDX_92_phi11,SCIDX_92_psi21,SCIDX_93_phi11,SCIDX_93_psi21,SCIDX_94_phi11,SCIDX_94_psi21,SCIDX_95_phi11,SCIDX_95_psi21,SCIDX_96_phi11,SCIDX_96_psi21,SCIDX_97_phi11,SCIDX_97_psi21,SCIDX_98_phi11,SCIDX_98_psi21,SCIDX_99_phi11,SCIDX_99_psi21,SCIDX_100_phi11,SCIDX_100_psi21,SCIDX_101_phi11,SCIDX_101_psi21,SCIDX_102_phi11,SCIDX_102_psi21,SCIDX_104_phi11,SCIDX_104_psi21,SCIDX_105_phi11,SCIDX_105_psi21,SCIDX_106_phi11,SCIDX_106_psi21,SCIDX_107_phi11,SCIDX_107_psi21,SCIDX_108_phi11,SCIDX_108_psi21,SCIDX_109_phi11,SCIDX_109_psi21,SCIDX_110_phi11,SCIDX_110_psi21,SCIDX_111_phi11,SCIDX_111_psi21,SCIDX_112_phi11,SCIDX_112_psi21,SCIDX_113_phi11,SCIDX_113_psi21,SCIDX_114_phi11,SCIDX_114_psi21,SCIDX_115_phi11,SCIDX_115_psi21,SCIDX_116_phi11,SCIDX_116_psi21,SCIDX_117_phi11,SCIDX_117_psi21,SCIDX_118_phi11,SCIDX_118_psi21,SCIDX_119_phi11,SCIDX_119_psi21,SCIDX_120_phi11,SCIDX_120_psi21,SCIDX_121_phi11,SCIDX_121_psi21,SCIDX_122_phi11,SCIDX_122_psi21
1759560628.085430000,00:03:7f:25:14:25,00:03:7f:25:14:25,0a:f5:a5:94:4b:df,0a:f5:a5:94:4b:df,7,9,6,9,6,10,6,10,6,10,5,10,4,10,4,11,3,11,2,11,2,11,1,11,1,11,1,11,0,11,63,11,61,11,59,11,58,11,56,11,56,11,56,10,55,9,55,8,55,8,53,7,53,7,53,7,53,7,53,6,53,5,53,5,53,4,54,4,55,3,56,3,56,3,57,3,59,2,61,1,0,1,3,2,4,2,4,3,4,3,5,3,8,4,10,5,9,5,9,6,9,6,10,6,10,7,10,7,9,8,9,8,8,9,8,10,8,10,8,10,7,10,7,10,7,11,6,11,5,12,4,12,3,12,2,12,0,12,62,12,60,11,59,11,56,11,55,11,55,11,55,11,55,10,54,9,54,9,53,8,52,8,52,7,52,7,52,6,52,5,53,5,55,4,56,3,57,3,57,3,58,3,59,2,62,2,2,2,5,2,6,3,6,3,6,4,7,4,9,4,10,5,10,5,11,6,10,7,10,8,11,8,11,9,12,9,10.0,11.0,10.0,11.0,9.0,12.0,10.0,13.0,10.0,13.0,8.0,13.0,4.0,12.0,1.0,13.0,0.0,13.0,59.0,12.0,61.0,12.0,59.0,11.0,58.0,11.0,56.0,11.0,55.0,10.0,54.0,10.0,55.0,10.0,55.0,9.0,56.0,9.0,56.0,8.0,56.0,7.0,56.0,7.0,57.0,7.0,58.0,7.0,59.0,7.0,59.0,6.0,60.0,6.0,60.0,6.0,59.0,5.0,59.0,5.0,59.0,5.0,59.0,6.0,60.0,6.0,60.0,6.0,61.0,5.0,61.0,5.0,61.0,4.0,63.0,4.0,1.0,4.0,2.0,4.0,3.0,4.0,3.0,4.0,3.0,4.0,4.0,4.0,5.0,4.0,6.0,5.0,6.0,6.0,6.0,6.0,7.0,6.0,8.0,6.0,9.0,6.0,8.0,7.0,8.0,8.0,8.0,9.0,8.0,9.0,9.0,9.0,8.0,9.0,7.0,10.0,6.0,10.0,5.0,11.0,5.0,11.0,4.0,12.0,3.0,12.0,2.0,12.0,0.0,12.0,63.0,11.0,62.0,11.0,61.0,11.0,61.0,10.0,61.0,10.0,61.0,10.0,59.0,10.0,58.0,10.0,59.0,9.0,59.0,9.0,59.0,9.0,58.0,9.0,57.0,9.0,57.0,9.0,58.0,9.0,58.0,9.0,57.0,9.0,56.0,9.0,56.0,9.0,56.0,9.0,56.0,9.0,57.0,8.0,57.0,8.0,57.0,7.0,55.0,7.0,54.0,6.0,53.0,6.0,53.0,6.0,53.0,6.0,53.0,5.0,53.0,5.0,54.0,4.0,54.0,3.0,55.0,2.0,58.0,2.0,62.0,1.0,1.0,2.0,2.0,2.0,2.0,2.0,4.0,3.0,7.0,3.0,7.0,3.0,5.0,4.0,5.0,5.0,5.0,5.0,6.0,5.0,6.0,5.0,6.0,5.0,5.0,5.0,4.0,5.0,5.0,5.0,5.0,6.0,5.0,6.0,5.0,7.0,4.0,7.0,4.0,7.0,4.0,7.0,5.0,7.0,5.0,8.0,4.0,8.0,2.0,9.0
1759560628.087348000,00:03:7f:25:14:25,00:03:7f:25:14:25,3a:c8:97:94:99:7a,3a:c8:97:94:99:7a,28,14,30,14,32,14,32,13,36,14,39,14,37,13,41,12,39,12,39,12,40,12,43,11,41,11,43,11,44,11,43,10,44,10,43,10,43,9,43,9,43,8,42,8,43,7,42,7,43,7,42,6,40,6,40,6,41,5,38,5,36,4,36,4,33,5,31,5,28,5,28,6,28,7,27,8,25,9,23,11,26,12,27,13,27,14,27,14,36,14,39,14,45,13,46,13,46,12,49,12,48,11,49,10,48,9,48,9,48,8,49,8,48,7,48,6,47,5,49,5,51,4,49,4,50,3,50,2,52,2,52,1,58,0,63,1,2,1,8,1,11,2,12,2,12,3,12,4,13,4,14,5,15,5,14,6,15,7,15,7,14,7,13,9,12,10,13,10,14,11,14,11,12,12,12,12,12,13,9,13,6,13,10,14,0,14,1,14,16,15,1,14,2,13,62,13,3,12,1,13,3,13,5,13,5,14,8,13,6,10,6,12,9,13,8,12,8.0,13.0,6.0,13.0,10.0,13.0,6.0,14.0,4.0,14.0,5.0,13.0,59.0,13.0,60.0,14.0,53.0,13.0,50.0,11.0,55.0,10.0,53.0,10.0,51.0,10.0,51.0,10.0,48.0,10.0,49.0,8.0,50.0,8.0,50.0,7.0,51.0,6.0,51.0,6.0,53.0,5.0,50.0,5.0,54.0,4.0,55.0,4.0,56.0,3.0,58.0,2.0,59.0,2.0,62.0,2.0,62.0,3.0,59.0,2.0,62.0,1.0,1.0,4.0,0.0,3.0,3.0,3.0,4.0,4.0,3.0,4.0,6.0,3.0,5.0,4.0,9.0,4.0,11.0,3.0,9.0,5.0,12.0,5.0,14.0,6.0,12.0,8.0,12.0,7.0,16.0,10.0,18.0,10.0,14.0,12.0,17.0,11.0,20.0,13.0,24.0,12.0,27.0,13.0,30.0,13.0,32.0,13.0,37.0,13.0,38.0,13.0,43.0,13.0,40.0,12.0,40.0,12.0,43.0,11.0,40.0,11.0,41.0,11.0,43.0,10.0,44.0,10.0,43.0,9.0,44.0,9.0,46.0,8.0,43.0,8.0,42.0,8.0,47.0,7.0,44.0,7.0,45.0,7.0,42.0,6.0,43.0,6.0,45.0,5.0,44.0,5.0,41.0,6.0,43.0,5.0,42.0,5.0,41.0,5.0,41.0,4.0,42.0,4.0,42.0,3.0,39.0,4.0,39.0,3.0,40.0,3.0,38.0,3.0,39.0,3.0,36.0,2.0,34.0,2.0,32.0,2.0,33.0,2.0,29.0,2.0,24.0,3.0,27.0,3.0,25.0,3.0,23.0,4.0,21.0,3.0,22.0,3.0,22.0,4.0,23.0,4.0,22.0,5.0,20.0,5.0,20.0,5.0,19.0,7.0,19.0,7.0,19.0,7.0,17.0,8.0,17.0,8.0,16.0,9.0,18.0,9.0,18.0,9.0,17.0,9.0,17.0,10.0,18.0,9.0,18.0,10.0,18.0,11.0,18.0,11.0,18.0,11.0,18.0,12.0,19.0,13.0,21.0,12.0,22.0,12.0,22.0,13.0,24.0,13.0,27.0,14.0
1759560628.581018000,00:03:7f:25:14:25,00:03:7f:25:14:25,3a:c8:97:94:99:7a,3a:c8:97:94:99:7a,37,12,36,12,38,11,38,11,39,11,39,11,39,10,40,10,40,9,40,9,40,9,41,8,39,8,41,8,42,7,40,7,41,7,39,7,39,6,38,6,38,5,37,5,37,5,36,4,36,4,35,4,31,4,33,4,33,4,30,5,29,4,29,5,28,5,27,5,26,5,26,6,27,6,27,6,25,7,25,7,27,8,27,8,27,8,27,9,27,9,26,9,29,10,30,9,29,10,31,9,30,9,32,9,31,9,32,9,32,10,32,9,32,9,31,9,31,9,32,9,34,8,33,9,34,9,34,9,34,8,34,8,35,8,35,9,33,7,35,8,33,8,35,8,33,8,33,8,33,8,33,8,33,7,32,8,33,7,33,7,32,8,31,8,30,8,31,8,31,8,31,8,32,8,33,7,33,8,31,7,32,7,32,7,32,8,32,7,30,8,30,7,28,8,28,8,30,7,28,8,28,7,28,8,27,8,26,8,26,8,25,9,28,9,25,9,26.0,10.0,24.0,10.0,26.0,11.0,26.0,11.0,25.0,11.0,26.0,11.0,27.0,12.0,29.0,12.0,30.0,12.0,36.0,13.0,37.0,12.0,38.0,12.0,38.0,12.0,39.0,12.0,38.0,11.0,41.0,10.0,39.0,10.0,41.0,10.0,42.0,9.0,42.0,8.0,43.0,8.0,41.0,8.0,45.0,7.0,43.0,6.0,45.0,6.0,44.0,5.0,44.0,5.0,44.0,4.0,43.0,4.0,43.0,4.0,42.0,4.0,42.0,3.0,43.0,4.0,41.0,3.0,40.0,2.0,39.0,2.0,42.0,1.0,36.0,2.0,36.0,1.0,36.0,1.0,30.0,1.0,32.0,1.0,29.0,3.0,27.0,3.0,27.0,2.0,25.0,4.0,28.0,4.0,22.0,5.0,23.0,4.0,24.0,6.0,24.0,5.0,24.0,6.0,24.0,6.0,24.0,7.0,23.0,8.0,24.0,8.0,28.0,9.0,23.0,8.0,24.0,10.0,28.0,10.0,25.0,10.0,24.0,10.0,28.0,11.0,28.0,11.0,30.0,11.0,32.0,11.0,34.0,11.0,32.0,11.0,33.0,11.0,39.0,11.0,36.0,11.0,37.0,12.0,36.0,10.0,38.0,10.0,40.0,9.0,40.0,9.0,37.0,9.0,40.0,9.0,39.0,9.0,39.0,8.0,40.0,7.0,41.0,7.0,41.0,7.0,39.0,7.0,40.0,6.0,40.0,6.0,40.0,6.0,42.0,5.0,41.0,5.0,38.0,5.0,38.0,5.0,37.0,4.0,36.0,4.0,33.0,4.0,34.0,4.0,33.0,4.0,31.0,4.0,30.0,4.0,29.0,3.0,29.0,4.0,29.0,4.0,28.0,4.0,27.0,4.0,26.0,4.0,25.0,6.0,24.0,6.0,24.0,5.0,22.0,6.0,22.0,7.0,20.0,7.0,22.0,7.0,22.0,8.0,21.0,8.0,21.0,8.0,22.0,8.0,22.0,9.0,22.0,9.0,22.0,10.0,22.0,10.0,22.0,10.0,23.0,11.0,25.0,11.0,25.0,11.0,25.0,11.0,27.0,11.0,28.0,12.0
1759560628.600719000,00:03:7f:25:14:25,00:03:7f:25:14:25,0a:f5:a5:94:4b:df,0a:f5:a5:94:4b:df,26,12,28,12,28,12,29,12,29,12,30,12,31,12,33,12,35,11,36,11,36,11,36,10,37,10,38,10,40,10,41,9,41,9,41,8,41,8,42,7,43,7,43,6,44,5,44,4,45,3,44,3,44,2,45,2,45,2,44,1,39,1,32,1,27,1,22,1,20,1,20,1,21,2,21,2,20,3,20,4,20,4,20,5,19,5,19,6,18,6,18,7,20,8,20,9,21,10,21,10,21,10,22,11,22,11,23,12,23,12,25,13,26,13,27,13,29,13,31,13,33,13,36,13,38,13,39,12,40,11,41,11,41,11,42,11,42,10,42,10,42,9,43,8,42,8,42,7,42,7,42,7,42,6,42,6,42,5,41,5,40,4,39,4,38,3,37,3,36,3,35,3,33,3,32,2,31,2,29,2,28,2,27,3,26,3,25,4,23,4,21,5,20,5,19,5,19,5,20,5,20,6,19,7,19,7,18,8,18,8,19,9,20,9,20,9,19.0,10.0,20.0,11.0,21.0,12.0,22.0,12.0,23.0,12.0,23.0,12.0,23.0,13.0,25.0,13.0,31.0,14.0,37.0,13.0,41.0,13.0,40.0,13.0,40.0,13.0,41.0,12.0,41.0,11.0,41.0,11.0,42.0,10.0,42.0,10.0,43.0,10.0,43.0,9.0,43.0,8.0,43.0,8.0,44.0,7.0,45.0,6.0,45.0,6.0,45.0,6.0,45.0,5.0,44.0,5.0,43.0,4.0,42.0,4.0,42.0,3.0,44.0,3.0,46.0,2.0,46.0,2.0,46.0,2.0,46.0,1.0,45.0,1.0,44.0,0.0,47.0,0.0,2.0,0.0,2.0,0.0,5.0,0.0,8.0,0.0,11.0,0.0,9.0,1.0,11.0,2.0,11.0,2.0,10.0,2.0,11.0,2.0,13.0,3.0,15.0,3.0,15.0,3.0,15.0,4.0,14.0,4.0,15.0,5.0,16.0,5.0,16.0,5.0,16.0,5.0,17.0,6.0,16.0,6.0,17.0,7.0,17.0,7.0,17.0,8.0,18.0,8.0,19.0,8.0,19.0,9.0,19.0,9.0,20.0,10.0,21.0,10.0,23.0,11.0,24.0,11.0,23.0,11.0,23.0,11.0,25.0,12.0,26.0,12.0,28.0,13.0,29.0,13.0,31.0,13.0,32.0,13.0,33.0,13.0,38.0,13.0,40.0,12.0,41.0,12.0,42.0,11.0,42.0,11.0,44.0,11.0,45.0,10.0,46.0,10.0,46.0,9.0,45.0,9.0,44.0,9.0,44.0,8.0,43.0,8.0,43.0,7.0,43.0,7.0,43.0,7.0,43.0,6.0,42.0,6.0,41.0,5.0,41.0,5.0,41.0,4.0,41.0,4.0,41.0,3.0,40.0,3.0,37.0,3.0,35.0,3.0,33.0,3.0,29.0,3.0,27.0,3.0,26.0,3.0,27.0,3.0,26.0,4.0,25.0,4.0,24.0,5.0,24.0,5.0,24.0,5.0,23.0,5.0,23.0,6.0,22.0,6.0,22.0,7.0,22.0,7.0,22.0,8.0,23.0,8.0,24.0,9.0,24.0,9.0,24.0,9.0
1759560629.086102000,00:03:7f:25:14:25,00:03:7f:25:14:25,3a:c8:97:94:99:7a,3a:c8:97:94:99:7a,43,14,42,13,44,13,43,13,45,12,46,12,45,11,45,11,46,10,45,10,46,10,47,9,45,9,46,8,48,8,46,7,47,7,45,7,46,6,46,6,45,5,45,5,45,5,44,4,45,4,44,3,42,3,42,3,43,3,40,3,39,2,38,2,35,2,34,1,30,2,31,2,31,2,29,2,26,2,27,3,26,3,27,3,26,4,25,4,24,4,24,5,25,6,26,5,24,6,26,6,24,7,26,7,25,7,25,8,25,8,25,8,26,9,25,9,25,9,27,9,28,9,27,10,29,9,29,10,30,10,30,10,32,10,32,10,30,9,33,9,31,10,33,9,33,9,33,9,33,9,34,9,34,8,33,9,34,8,34,8,33,8,33,8,32,8,33,8,32,7,33,7,32,7,33,7,33,7,31,7,31,7,31,7,31,7,31,7,29,7,29,7,27,7,26,8,27,7,27,8,27,8,26,8,26,8,25,9,25,9,25,9,28,9,26,9,28.0,11.0,26.0,10.0,28.0,11.0,30.0,11.0,29.0,11.0,31.0,12.0,31.0,12.0,33.0,12.0,36.0,12.0,39.0,11.0,40.0,11.0,40.0,11.0,39.0,10.0,40.0,10.0,39.0,10.0,40.0,9.0,41.0,9.0,41.0,9.0,42.0,7.0,42.0,8.0,42.0,7.0,41.0,6.0,42.0,6.0,42.0,5.0,42.0,5.0,43.0,4.0,42.0,4.0,41.0,3.0,41.0,3.0,40.0,3.0,39.0,3.0,36.0,2.0,39.0,2.0,37.0,2.0,34.0,1.0,31.0,1.0,31.0,1.0,27.0,2.0,27.0,2.0,28.0,2.0,23.0,2.0,23.0,2.0,24.0,3.0,22.0,4.0,22.0,3.0,21.0,5.0,22.0,5.0,18.0,6.0,20.0,6.0,20.0,7.0,20.0,7.0,20.0,7.0,20.0,8.0,21.0,9.0,20.0,9.0,21.0,9.0,24.0,10.0,21.0,10.0,20.0,11.0,25.0,11.0,23.0,11.0,22.0,12.0,24.0,12.0,25.0,13.0,29.0,13.0,31.0,13.0,34.0,13.0,33.0,13.0,36.0,13.0,42.0,13.0,39.0,13.0,41.0,13.0,39.0,12.0,42.0,12.0,44.0,11.0,43.0,11.0,41.0,11.0,44.0,10.0,42.0,10.0,43.0,9.0,44.0,8.0,44.0,8.0,44.0,7.0,42.0,7.0,44.0,6.0,44.0,6.0,44.0,6.0,46.0,5.0,45.0,4.0,43.0,4.0,42.0,4.0,43.0,4.0,41.0,3.0,39.0,2.0,40.0,2.0,39.0,2.0,35.0,2.0,33.0,1.0,31.0,1.0,29.0,1.0,27.0,2.0,25.0,2.0,24.0,2.0,20.0,2.0,21.0,3.0,20.0,4.0,20.0,3.0,18.0,5.0,18.0,5.0,17.0,6.0,18.0,6.0,19.0,6.0,17.0,7.0,17.0,7.0,18.0,7.0,18.0,8.0,18.0,9.0,18.0,9.0,19.0,9.0,18.0,10.0,18.0,11.0,20.0,11.0,20.0,11.0,20.0,12.0,22.0,12.0,22.0,13.0
1759560629.567627000,00:03:7f:25:14:25,00:03:7f:25:14:25,0a:f5:a5:94:4b:df,0a:f5:a5:94:4b:df,4,15,56,15,52,14,51,14,50,14,50,14,51,13,50,13,50,12,51,11,50,11,50,11,50,10,50,10,51,10,51,9,51,9,50,8,50,7,50,7,50,7,51,6,51,6,51,5,52,4,53,4,53,4,53,4,54,4,55,3,55,3,57,2,59,2,61,2,62,2,63,2,0,2,1,2,3,2,5,2,7,2,8,3,8,3,7,3,7,4,7,4,10,5,11,5,11,6,11,7,11,7,12,7,12,7,11,8,10,8,10,9,10,10,9,10,10,11,10,11,9,11,9,11,8,12,7,12,7,13,6,13,5,13,4,13,2,13,62,13,59,13,57,13,55,12,53,12,52,12,53,12,53,12,53,11,53,10,52,10,51,9,50,9,50,8,50,8,50,8,51,7,52,6,53,6,53,5,52,5,52,5,52,5,52,4,52,4,53,3,53,3,53,3,53,3,54,3,55,2,55,2,55,1,58,1,1,1,4,1,5,1,7,1,10,2,12.0,3.0,13.0,3.0,13.0,4.0,13.0,5.0,14.0,5.0,14.0,5.0,14.0,5.0,15.0,7.0,16.0,7.0,15.0,9.0,18.0,9.0,15.0,9.0,15.0,10.0,15.0,11.0,15.0,11.0,16.0,12.0,18.0,12.0,19.0,12.0,19.0,13.0,19.0,13.0,22.0,14.0,28.0,14.0,32.0,14.0,35.0,14.0,37.0,13.0,38.0,13.0,40.0,13.0,41.0,13.0,42.0,12.0,41.0,11.0,40.0,10.0,40.0,10.0,41.0,9.0,42.0,9.0,42.0,9.0,42.0,8.0,41.0,7.0,42.0,6.0,43.0,6.0,44.0,5.0,44.0,4.0,43.0,4.0,42.0,4.0,42.0,3.0,42.0,3.0,39.0,2.0,37.0,1.0,35.0,1.0,33.0,1.0,28.0,1.0,28.0,2.0,26.0,2.0,23.0,2.0,19.0,2.0,19.0,3.0,19.0,3.0,19.0,3.0,19.0,4.0,19.0,5.0,18.0,5.0,19.0,6.0,18.0,7.0,17.0,7.0,18.0,7.0,18.0,7.0,19.0,8.0,18.0,9.0,18.0,10.0,20.0,10.0,21.0,11.0,22.0,11.0,21.0,11.0,20.0,12.0,22.0,12.0,23.0,13.0,24.0,13.0,28.0,14.0,31.0,14.0,33.0,13.0,34.0,13.0,39.0,13.0,41.0,12.0,42.0,12.0,42.0,11.0,42.0,10.0,44.0,10.0,46.0,9.0,46.0,9.0,47.0,8.0,46.0,8.0,45.0,7.0,45.0,7.0,45.0,6.0,45.0,6.0,45.0,6.0,46.0,5.0,46.0,5.0,45.0,4.0,45.0,3.0,46.0,3.0,46.0,2.0,48.0,1.0,50.0,1.0,50.0,1.0,49.0,1.0,43.0,0.0,19.0,0.0,11.0,1.0,11.0,2.0,11.0,2.0,13.0,2.0,14.0,3.0,14.0,3.0,14.0,4.0,14.0,4.0,14.0,5.0,14.0,5.0,14.0,6.0,13.0,6.0,13.0,7.0,13.0,7.0,14.0,8.0,14.0,8.0,14.0,9.0,14.0,9.0,13.0,10.0
1759560629.730955000,00:03:7f:25:14:25,00:03:7f:25:14:25,3a:c8:97:94:99:7a,3a:c8:97:94:99:7a,28,15,40,15,46,15,46,14,48,14,48,14,46,13,47,12,47,12,46,11,48,11,48,10,47,10,48,9,49,9,48,9,48,8,47,8,47,7,47,7,47,6,47,6,48,5,47,5,48,4,48,4,46,4,46,3,47,3,46,2,45,1,45,1,42,1,43,0,27,0,26,0,22,0,20,1,19,2,18,2,20,2,19,3,19,3,18,4,18,5,17,5,18,6,20,6,18,7,20,7,18,8,20,8,19,9,20,9,19,10,19,10,20,10,19,11,19,11,21,12,23,12,22,12,25,12,25,13,27,13,29,13,29,13,33,14,30,13,35,13,34,13,37,12,38,12,38,12,38,12,40,12,40,11,40,11,41,10,41,10,40,10,41,9,41,9,42,9,41,8,42,8,42,8,44,7,44,7,42,7,43,6,43,6,43,6,43,5,41,5,42,5,40,4,39,4,42,3,39,3,39,3,38,3,37,3,34,2,30,2,29,2,32,3,25,3,25.0,3.0,24.0,3.0,24.0,4.0,23.0,5.0,22.0,5.0,24.0,6.0,22.0,6.0,23.0,8.0,24.0,7.0,25.0,9.0,26.0,10.0,26.0,10.0,27.0,11.0,27.0,11.0,27.0,11.0,30.0,11.0,33.0,11.0,32.0,11.0,34.0,10.0,38.0,11.0,37.0,10.0,37.0,10.0,39.0,9.0,39.0,9.0,40.0,9.0,41.0,8.0,39.0,7.0,40.0,7.0,40.0,6.0,40.0,6.0,39.0,5.0,36.0,6.0,41.0,5.0,40.0,3.0,42.0,2.0,40.0,2.0,44.0,1.0,36.0,1.0,32.0,0.0,34.0,0.0,18.0,1.0,18.0,0.0,23.0,2.0,19.0,2.0,15.0,1.0,17.0,3.0,21.0,3.0,15.0,4.0,16.0,4.0,18.0,5.0,19.0,5.0,18.0,5.0,18.0,5.0,18.0,7.0,17.0,7.0,18.0,7.0,22.0,8.0,17.0,8.0,17.0,10.0,21.0,9.0,20.0,10.0,19.0,10.0,20.0,11.0,20.0,11.0,22.0,12.0,23.0,12.0,25.0,12.0,25.0,13.0,26.0,13.0,34.0,13.0,31.0,13.0,35.0,14.0,34.0,13.0,37.0,12.0,40.0,12.0,41.0,12.0,38.0,12.0,41.0,11.0,41.0,11.0,40.0,10.0,40.0,9.0,42.0,9.0,43.0,8.0,40.0,8.0,41.0,8.0,42.0,7.0,42.0,7.0,44.0,7.0,42.0,6.0,41.0,6.0,40.0,6.0,40.0,6.0,38.0,5.0,36.0,6.0,37.0,5.0,37.0,5.0,36.0,5.0,35.0,4.0,35.0,4.0,34.0,4.0,34.0,4.0,33.0,4.0,32.0,4.0,32.0,3.0,29.0,5.0,28.0,5.0,28.0,4.0,25.0,5.0,24.0,5.0,23.0,6.0,24.0,5.0,25.0,6.0,23.0,6.0,22.0,7.0,24.0,6.0,24.0,7.0,23.0,7.0,23.0,8.0,23.0,8.0,23.0,8.0,23.0,9.0,25.0,9.0,25.0,9.0,24.0,9.0,26.0,9.0,26.0,10.0
1759560630.244232000,00:03:7f:25:14:25,00:03:7f:25:14:25,3a:c8:97:94:99:7a,3a:c8:97:94:99:7a,1,3,62,5,0,3,0,4,0,6,62,8,0,6,61,7,63,6,60,6,63,7,63,6,62,6,63,5,63,6,62,6,63,6,61,6,0,5,62,5,0,5,0,5,1,5,1,5,2,5,3,4,2,5,3,5,5,5,3,6,6,6,7,6,6,7,6,6,7,6,7,7,8,7,9,8,8,8,8,8,10,8,9,9,8,9,9,10,7,10,7,11,8,12,9,12,7,13,7,13,2,13,2,13,61,14,57,14,57,13,56,13,53,13,52,12,51,12,52,11,52,10,51,10,51,9,51,9,52,9,51,8,53,7,53,8,51,7,52,6,51,6,53,6,53,5,52,5,51,4,53,4,54,3,53,3,55,2,55,2,54,2,60,1,2,1,6,1,7,1,8,2,9,2,12,2,14,3,12,3,12,4,15,5,13,6,13,5,14,7,13,7,12,7,11,8,14,8,13,9,13,9,13,10,13,10,13,11,10,11,11,12,14,13,11,13,10.0,14.0,8.0,14.0,7.0,14.0,63.0,14.0,61.0,14.0,61.0,14.0,53.0,13.0,53.0,13.0,52.0,12.0,51.0,11.0,53.0,10.0,51.0,9.0,51.0,10.0,51.0,9.0,49.0,9.0,50.0,8.0,50.0,8.0,50.0,7.0,50.0,6.0,51.0,6.0,52.0,6.0,50.0,5.0,52.0,5.0,52.0,4.0,53.0,3.0,54.0,2.0,55.0,2.0,56.0,1.0,57.0,1.0,56.0,1.0,61.0,0.0,4.0,2.0,8.0,1.0,10.0,2.0,10.0,3.0,9.0,4.0,11.0,4.0,9.0,5.0,12.0,5.0,14.0,5.0,10.0,6.0,12.0,6.0,12.0,7.0,11.0,8.0,10.0,8.0,10.0,9.0,10.0,9.0,6.0,10.0,8.0,9.0,8.0,10.0,8.0,11.0,6.0,11.0,6.0,11.0,7.0,11.0,4.0,11.0,3.0,11.0,6.0,11.0,3.0,12.0,63.0,12.0,2.0,12.0,1.0,13.0,63.0,12.0,63.0,12.0,62.0,12.0,59.0,12.0,58.0,12.0,59.0,11.0,56.0,12.0,55.0,12.0,59.0,11.0,56.0,11.0,56.0,11.0,53.0,10.0,54.0,10.0,55.0,9.0,54.0,9.0,51.0,9.0,53.0,8.0,52.0,8.0,52.0,7.0,52.0,6.0,52.0,6.0,53.0,6.0,50.0,6.0,53.0,5.0,53.0,5.0,53.0,4.0,55.0,3.0,57.0,3.0,57.0,2.0,58.0,2.0,57.0,2.0,60.0,2.0,62.0,2.0,0.0,2.0,2.0,2.0,6.0,2.0,5.0,3.0,6.0,3.0,7.0,3.0,10.0,3.0,11.0,4.0,9.0,4.0,10.0,5.0,10.0,6.0,11.0,6.0,10.0,6.0,9.0,7.0,9.0,7.0,9.0,8.0,10.0,8.0,12.0,8.0,10.0,9.0,9.0,9.0,11.0,9.0,11.0,10.0,9.0,10.0,10.0,11.0,11.0,11.0,9.0,12.0,7.0,13.0,10.0,13.0,10.0,13.0,7.0,14.0,5.0,14.0,61.0,14.0
1759560630.805816000,00:03:7f:25:14:25,00:03:7f:25:14:25,3a:c8:97:94:99:7a,3a:c8:97:94:99:7a,57,4,56,5,59,4,59,5,60,5,59,7,60,6,58,7,61,6,58,6,61,7,62,6,60,6,60,5,61,6,60,5,61,6,59,6,62,4,61,5,62,5,63,4,63,4,0,4,1,5,2,4,0,5,1,4,4,4,3,5,5,5,6,5,5,6,6,5,6,6,6,6,8,6,8,6,8,7,8,7,9,7,9,8,9,8,9,9,8,9,8,10,9,10,10,11,8,11,10,12,6,12,8,12,6,13,4,14,0,14,62,13,58,14,56,14,53,13,53,13,53,12,52,12,51,11,51,11,52,10,50,9,52,9,52,10,50,8,51,8,50,7,50,7,50,6,50,6,49,6,50,5,50,4,48,4,50,3,50,3,47,2,49,1,48,0,48,0,40,0,14,0,15,0,16,1,17,2,15,2,15,3,18,4,16,5,16,4,17,6,16,6,14,7,13,7,16,7,15,8,16,9,15,9,16,10,16,11,14,11,15,12,18,12,16,13,18.0,14.0,16.0,14.0,20.0,15.0,28.0,15.0,39.0,15.0,55.0,15.0,47.0,14.0,48.0,14.0,48.0,12.0,47.0,10.0,51.0,10.0,49.0,9.0,48.0,9.0,47.0,9.0,46.0,8.0,47.0,8.0,48.0,7.0,47.0,7.0,48.0,6.0,47.0,5.0,48.0,4.0,46.0,4.0,48.0,3.0,48.0,3.0,50.0,2.0,48.0,1.0,46.0,0.0,46.0,0.0,48.0,0.0,22.0,0.0,20.0,1.0,11.0,2.0,15.0,2.0,14.0,3.0,13.0,3.0,12.0,4.0,14.0,4.0,12.0,5.0,14.0,5.0,16.0,5.0,12.0,7.0,14.0,7.0,14.0,7.0,12.0,8.0,11.0,8.0,11.0,9.0,12.0,9.0,8.0,10.0,10.0,10.0,10.0,10.0,10.0,11.0,8.0,11.0,8.0,11.0,9.0,12.0,5.0,12.0,5.0,12.0,8.0,12.0,4.0,12.0,1.0,13.0,3.0,13.0,2.0,13.0,0.0,13.0,62.0,13.0,61.0,13.0,57.0,13.0,56.0,12.0,58.0,12.0,55.0,12.0,53.0,12.0,57.0,11.0,54.0,11.0,54.0,11.0,51.0,10.0,52.0,10.0,54.0,9.0,52.0,9.0,50.0,9.0,51.0,8.0,50.0,8.0,50.0,7.0,51.0,6.0,51.0,6.0,53.0,6.0,50.0,5.0,52.0,4.0,53.0,4.0,53.0,4.0,55.0,3.0,56.0,2.0,56.0,2.0,58.0,2.0,57.0,2.0,62.0,1.0,0.0,2.0,1.0,2.0,3.0,2.0,6.0,2.0,5.0,3.0,8.0,3.0,7.0,3.0,10.0,4.0,11.0,4.0,9.0,5.0,10.0,5.0,10.0,6.0,11.0,6.0,10.0,6.0,9.0,7.0,9.0,7.0,8.0,8.0,10.0,8.0,11.0,8.0,10.0,9.0,9.0,9.0,10.0,9.0,10.0,10.0,8.0,10.0,10.0,11.0,10.0,11.0,8.0,12.0,6.0,12.0,8.0,12.0,8.0,13.0,5.0,13.0,4.0,13.0,63.0,14.0
1759560631.137426000,00:03:7f:25:14:25,00:03:7f:25:14:25,0a:f5:a5:94:4b:df,0a:f5:a5:94:4b:df,3,14,63,14,61,14,60,14,58,14,56,13,55,13,54,12,53,12,53,11,53,11,52,11,52,10,53,10,53,10,53,9,52,9,52,8,52,8,52,7,52,7,52,6,52,6,52,5,53,4,52,4,52,4,53,4,53,4,54,3,55,2,56,2,59,1,62,1,0,2,1,2,3,2,4,2,7,2,9,2,11,3,12,3,11,4,11,4,11,4,11,5,13,6,14,7,13,7,13,8,13,8,14,8,13,9,13,9,12,10,12,11,12,11,12,12,11,12,11,12,11,13,10,13,9,14,7,14,3,15,61,15,57,15,56,14,53,14,52,13,51,12,50,12,49,11,48,11,48,10,48,10,48,9,49,9,49,8,48,7,48,6,48,6,48,5,48,4,48,4,49,3,50,3,52,2,53,2,54,1,56,1,57,1,62,0,7,0,10,1,10,2,8,2,8,3,9,3,10,3,11,3,11,4,12,5,11,5,11,6,12,6,12,6,13,7,12.0,8.0,12.0,9.0,12.0,9.0,12.0,10.0,13.0,10.0,12.0,10.0,11.0,10.0,11.0,11.0,11.0,12.0,5.0,14.0,7.0,14.0,1.0,13.0,0.0,14.0,60.0,14.0,56.0,13.0,54.0,13.0,53.0,13.0,53.0,13.0,53.0,12.0,53.0,12.0,52.0,11.0,51.0,10.0,51.0,10.0,51.0,10.0,51.0,9.0,51.0,9.0,52.0,8.0,51.0,8.0,50.0,7.0,49.0,6.0,49.0,6.0,49.0,5.0,51.0,5.0,51.0,5.0,51.0,4.0,51.0,3.0,51.0,3.0,53.0,2.0,56.0,2.0,60.0,2.0,62.0,2.0,0.0,2.0,1.0,2.0,3.0,2.0,4.0,2.0,6.0,3.0,6.0,4.0,6.0,4.0,6.0,4.0,8.0,4.0,9.0,4.0,8.0,5.0,9.0,5.0,8.0,6.0,9.0,7.0,10.0,7.0,9.0,7.0,9.0,7.0,9.0,8.0,8.0,8.0,9.0,9.0,9.0,9.0,8.0,10.0,9.0,10.0,8.0,10.0,8.0,10.0,7.0,11.0,7.0,11.0,7.0,11.0,7.0,12.0,8.0,12.0,6.0,13.0,4.0,13.0,2.0,13.0,1.0,13.0,62.0,13.0,58.0,13.0,55.0,13.0,54.0,13.0,54.0,13.0,53.0,12.0,52.0,11.0,51.0,10.0,51.0,10.0,51.0,9.0,52.0,9.0,53.0,8.0,53.0,8.0,54.0,7.0,53.0,7.0,52.0,6.0,52.0,6.0,52.0,6.0,53.0,6.0,53.0,5.0,53.0,5.0,54.0,4.0,54.0,4.0,54.0,3.0,56.0,3.0,58.0,2.0,59.0,2.0,60.0,3.0,61.0,3.0,63.0,2.0,2.0,2.0,3.0,2.0,4.0,3.0,5.0,3.0,6.0,4.0,7.0,4.0,8.0,4.0,9.0,4.0,9.0,5.0,9.0,5.0,9.0,5.0,10.0,6.0,10.0,6.0,10.0,7.0,9.0,7.0,10.0,8.0,10.0,8.0,11.0,9.0,11.0,9.0,11.0,10.0,10.0,10.0
1759560631.382652000,00:03:7f:25:14:25,00:03:7f:25:14:25,3a:c8:97:94:99:7a,3a:c8:97:94:99:7a,63,11,61,12,61,11,60,11,58,11,57,11,57,11,55,10,56,10,54,10,55,9,55,9,54,8,54,8,55,8,54,7,55,7,53,6,54,5,53,5,54,5,55,4,55,4,56,3,57,3,58,2,58,2,59,2,62,2,63,2,3,2,5,2,5,2,6,3,8,3,9,3,10,4,11,4,11,5,11,5,13,5,13,6,13,6,13,7,12,7,12,8,14,9,15,9,13,10,15,11,13,11,15,12,14,13,14,13,13,14,9,14,14,15,8,15,52,15,52,14,50,14,50,13,49,13,49,12,50,12,48,11,50,10,50,11,48,10,50,9,49,8,49,8,49,7,49,7,48,6,49,6,49,5,48,5,50,4,49,4,48,3,49,2,49,1,50,1,49,0,59,0,0,0,12,0,14,1,12,1,12,2,15,3,15,3,14,3,15,5,13,5,13,6,12,6,14,6,13,7,13,7,13,8,13,8,13,9,12,9,12,10,15,10,13,11,12.0,12.0,10.0,12.0,12.0,13.0,10.0,13.0,9.0,13.0,9.0,13.0,4.0,14.0,0.0,14.0,60.0,14.0,53.0,13.0,54.0,13.0,52.0,12.0,51.0,12.0,50.0,12.0,48.0,11.0,48.0,10.0,49.0,10.0,48.0,10.0,48.0,9.0,48.0,8.0,49.0,7.0,47.0,7.0,48.0,6.0,48.0,6.0,49.0,5.0,49.0,4.0,48.0,3.0,49.0,3.0,48.0,2.0,46.0,2.0,46.0,1.0,55.0,1.0,53.0,0.0,6.0,0.0,8.0,1.0,9.0,1.0,10.0,2.0,10.0,2.0,13.0,3.0,15.0,3.0,11.0,4.0,12.0,4.0,13.0,5.0,12.0,6.0,10.0,5.0,11.0,7.0,11.0,7.0,8.0,8.0,10.0,8.0,10.0,8.0,10.0,8.0,9.0,9.0,9.0,9.0,10.0,10.0,7.0,10.0,7.0,11.0,10.0,11.0,7.0,11.0,4.0,12.0,7.0,12.0,6.0,12.0,4.0,12.0,4.0,12.0,3.0,12.0,0.0,13.0,62.0,13.0,0.0,12.0,60.0,13.0,59.0,12.0,61.0,12.0,58.0,12.0,58.0,12.0,54.0,12.0,55.0,11.0,57.0,10.0,55.0,10.0,53.0,10.0,53.0,9.0,52.0,9.0,53.0,9.0,53.0,8.0,52.0,8.0,53.0,8.0,51.0,7.0,53.0,6.0,54.0,6.0,53.0,6.0,55.0,5.0,55.0,5.0,55.0,4.0,55.0,4.0,55.0,4.0,56.0,3.0,57.0,4.0,57.0,3.0,59.0,3.0,61.0,3.0,61.0,3.0,63.0,3.0,0.0,3.0,3.0,2.0,5.0,3.0,3.0,3.0,5.0,3.0,5.0,4.0,7.0,4.0,7.0,4.0,7.0,5.0,7.0,5.0,7.0,6.0,8.0,6.0,10.0,6.0,9.0,6.0,8.0,7.0,10.0,7.0,9.0,8.0,8.0,8.0,9.0,9.0,10.0,9.0,9.0,10.0,7.0,10.0,9.0,10.0,8.0,11.0,7.0,11.0,8.0,11.0,4.0,12.0
1759560631.563389000,00:03:7f:25:14:25,00:03:7f:25:14:25,0a:f5:a5:94:4b:df,0a:f5:a5:94:4b:df,10,15,59,15,50,15,47,15,48,15,48,14,49,14,50,13,49,12,50,12,49,11,49,11,49,11,50,10,50,10,51,9,50,9,49,8,49,8,49,7,49,7,49,7,49,6,49,5,50,4,49,4,49,4,49,4,50,4,50,3,49,2,48,1,50,1,53,0,59,0,62,0,2,0,8,0,13,1,15,1,16,2,16,3,15,3,14,3,14,4,14,4,16,6,16,6,16,7,16,7,16,8,16,8,16,8,16,9,15,10,15,10,15,11,15,11,16,12,16,12,16,12,16,13,17,14,19,14,25,15,31,15,35,15,37,15,42,14,45,14,46,13,46,12,45,11,45,11,45,11,45,10,46,10,46,9,47,8,46,8,46,7,45,6,46,6,46,6,46,5,46,4,47,4,48,3,48,3,49,2,48,2,47,2,46,1,44,1,40,0,17,0,12,0,11,1,12,1,14,1,16,1,16,2,16,3,14,4,15,4,15,4,15,5,16,5,15.0,6.0,16.0,7.0,15.0,8.0,15.0,8.0,16.0,9.0,16.0,9.0,15.0,9.0,15.0,10.0,16.0,11.0,16.0,13.0,18.0,13.0,14.0,13.0,14.0,13.0,12.0,14.0,11.0,15.0,32.0,15.0,37.0,15.0,38.0,15.0,45.0,15.0,47.0,14.0,47.0,13.0,47.0,12.0,46.0,12.0,47.0,11.0,47.0,11.0,47.0,11.0,47.0,10.0,47.0,10.0,46.0,9.0,45.0,8.0,44.0,8.0,44.0,7.0,45.0,7.0,46.0,7.0,46.0,6.0,45.0,6.0,45.0,5.0,45.0,4.0,46.0,3.0,48.0,3.0,50.0,2.0,48.0,2.0,47.0,2.0,46.0,1.0,47.0,1.0,4.0,0.0,10.0,0.0,8.0,1.0,10.0,1.0,14.0,1.0,17.0,2.0,16.0,2.0,15.0,2.0,13.0,3.0,14.0,4.0,15.0,4.0,15.0,4.0,15.0,5.0,15.0,5.0,15.0,6.0,16.0,7.0,15.0,7.0,15.0,8.0,15.0,8.0,16.0,8.0,16.0,8.0,16.0,9.0,16.0,10.0,17.0,11.0,18.0,11.0,19.0,11.0,18.0,12.0,18.0,12.0,19.0,12.0,20.0,13.0,21.0,14.0,26.0,14.0,31.0,14.0,34.0,14.0,34.0,14.0,40.0,13.0,42.0,12.0,43.0,12.0,44.0,11.0,44.0,11.0,45.0,10.0,46.0,10.0,47.0,9.0,47.0,9.0,47.0,8.0,46.0,8.0,45.0,7.0,45.0,7.0,45.0,7.0,45.0,6.0,45.0,6.0,45.0,5.0,44.0,5.0,44.0,4.0,44.0,3.0,44.0,3.0,45.0,2.0,46.0,2.0,45.0,2.0,42.0,1.0,37.0,1.0,33.0,1.0,21.0,1.0,18.0,1.0,18.0,2.0,18.0,2.0,19.0,2.0,19.0,3.0,18.0,3.0,18.0,4.0,18.0,4.0,18.0,5.0,17.0,5.0,17.0,6.0,16.0,6.0,16.0,7.0,17.0,8.0,18.0,8.0,18.0,9.0,18.0,9.0,17.0,10.0
1759560631.902857000,00:03:7f:25:14:25,00:03:7f:25:14:25,3a:c8:97:94:99:7a,3a:c8:97:94:99:7a,54,10,53,11,55,10,53,10,54,10,54,10,53,9,52,9,54,8,51,8,53,8,53,7,51,7,52,6,53,6,53,5,53,5,52,4,53,3,53,3,54,3,56,2,57,2,59,1,63,2,0,1,0,2,2,1,6,1,6,2,9,2,11,3,11,3,11,4,11,4,11,4,13,5,14,5,13,6,13,6,15,7,15,7,14,7,15,8,14,9,14,9,16,11,17,11,16,12,18,12,16,13,19,13,18,13,22,14,22,15,49,15,34,15,38,14,42,14,44,13,46,13,45,12,45,12,46,11,47,10,46,10,47,9,48,10,46,8,47,8,46,7,47,7,46,6,46,6,45,6,46,5,46,4,45,4,46,3,45,3,42,3,42,1,37,1,35,1,32,1,25,1,24,1,22,2,22,2,19,3,19,3,21,4,19,5,19,4,19,6,18,6,17,7,15,7,17,7,17,8,17,9,17,9,17,9,18,10,16,11,17,11,20,11,19,12,20.0,13.0,18.0,13.0,22.0,14.0,25.0,14.0,26.0,14.0,26.0,15.0,41.0,14.0,41.0,14.0,44.0,13.0,44.0,11.0,48.0,11.0,46.0,11.0,45.0,11.0,45.0,10.0,44.0,10.0,44.0,9.0,45.0,8.0,45.0,8.0,45.0,7.0,45.0,7.0,45.0,6.0,43.0,6.0,44.0,5.0,45.0,4.0,44.0,4.0,43.0,3.0,42.0,2.0,41.0,2.0,40.0,2.0,36.0,1.0,33.0,2.0,21.0,1.0,26.0,1.0,22.0,2.0,19.0,2.0,17.0,3.0,18.0,3.0,16.0,4.0,18.0,4.0,20.0,4.0,16.0,5.0,17.0,5.0,17.0,6.0,16.0,7.0,15.0,7.0,15.0,8.0,16.0,8.0,12.0,10.0,14.0,9.0,14.0,10.0,14.0,10.0,13.0,11.0,12.0,11.0,14.0,12.0,11.0,12.0,11.0,13.0,13.0,13.0,10.0,13.0,7.0,14.0,9.0,14.0,11.0,14.0,4.0,14.0,1.0,15.0,60.0,14.0,53.0,14.0,52.0,13.0,55.0,13.0,52.0,13.0,51.0,13.0,54.0,12.0,51.0,12.0,52.0,12.0,48.0,11.0,50.0,10.0,52.0,10.0,50.0,9.0,48.0,9.0,50.0,8.0,48.0,8.0,48.0,8.0,49.0,7.0,49.0,6.0,50.0,6.0,48.0,6.0,49.0,4.0,50.0,4.0,50.0,4.0,51.0,3.0,53.0,3.0,52.0,2.0,52.0,2.0,53.0,2.0,53.0,1.0,61.0,1.0,62.0,1.0,2.0,1.0,8.0,1.0,6.0,2.0,9.0,2.0,9.0,2.0,12.0,3.0,13.0,3.0,11.0,4.0,11.0,4.0,12.0,5.0,12.0,5.0,12.0,5.0,11.0,7.0,11.0,7.0,10.0,7.0,12.0,8.0,12.0,8.0,12.0,8.0,11.0,9.0,12.0,9.0,12.0,10.0,10.0,10.0,11.0,11.0,11.0,11.0,10.0,12.0,8.0,13.0,10.0,12.0,10.0,13.0,7.0,13.0,6.0,13.0,0.0,14.0
1759560632.316946000,00:03:7f:25:14:25,00:03:7f:25:14:25,3a:c8:97:94:99:7a,3a:c8:97:94:99:7a,35,14,38,13,42,13,43,13,46,13,48,13,47,11,48,10,48,10,48,9,49,9,50,8,48,8,49,7,51,7,49,6,50,6,50,5,51,4,50,4,52,3,53,2,54,2,56,1,60,1,61,1,1,1,3,1,6,1,6,2,10,2,12,3,11,3,11,4,11,4,12,5,13,5,13,6,13,6,12,6,14,7,13,8,13,8,13,9,13,9,13,10,14,11,14,11,13,12,14,12,12,13,13,13,11,14,11,15,6,15,62,14,51,15,50,15,48,14,49,13,50,13,49,12,49,12,49,11,50,11,48,10,49,10,50,10,48,9,49,8,48,8,49,7,48,7,48,6,47,6,48,5,48,4,46,4,48,4,48,3,45,3,45,2,44,1,41,0,36,0,23,0,22,0,21,1,20,1,16,2,16,2,19,3,18,4,18,4,18,5,17,5,16,6,14,7,17,7,16,8,16,8,16,8,16,9,17,10,15,10,15,11,19,11,17,11,19.0,13.0,16.0,12.0,18.0,13.0,20.0,14.0,20.0,14.0,18.0,14.0,28.0,15.0,40.0,15.0,43.0,15.0,47.0,12.0,47.0,12.0,46.0,12.0,46.0,11.0,46.0,11.0,44.0,10.0,45.0,10.0,46.0,9.0,45.0,9.0,46.0,8.0,46.0,7.0,46.0,7.0,44.0,6.0,46.0,5.0,46.0,5.0,45.0,4.0,45.0,3.0,44.0,2.0,42.0,2.0,42.0,2.0,39.0,1.0,35.0,1.0,19.0,1.0,28.0,1.0,20.0,1.0,18.0,2.0,16.0,3.0,16.0,3.0,15.0,4.0,17.0,4.0,19.0,4.0,14.0,5.0,16.0,5.0,16.0,6.0,15.0,7.0,14.0,7.0,14.0,8.0,14.0,8.0,11.0,9.0,13.0,9.0,13.0,10.0,13.0,10.0,12.0,11.0,12.0,11.0,13.0,12.0,9.0,12.0,9.0,12.0,12.0,12.0,9.0,13.0,6.0,13.0,8.0,14.0,7.0,14.0,3.0,14.0,2.0,14.0,63.0,14.0,55.0,14.0,53.0,13.0,56.0,13.0,52.0,13.0,51.0,12.0,55.0,12.0,51.0,12.0,52.0,12.0,49.0,11.0,50.0,11.0,52.0,10.0,51.0,9.0,48.0,9.0,50.0,8.0,48.0,8.0,49.0,8.0,49.0,7.0,49.0,6.0,50.0,6.0,48.0,6.0,50.0,5.0,51.0,4.0,50.0,4.0,52.0,3.0,53.0,3.0,51.0,2.0,52.0,2.0,53.0,2.0,55.0,1.0,61.0,1.0,61.0,1.0,2.0,1.0,8.0,1.0,6.0,2.0,9.0,2.0,9.0,2.0,13.0,3.0,13.0,3.0,11.0,4.0,11.0,4.0,12.0,5.0,13.0,5.0,13.0,5.0,11.0,7.0,12.0,7.0,11.0,8.0,12.0,8.0,13.0,8.0,12.0,8.0,11.0,9.0,13.0,9.0,12.0,10.0,11.0,10.0,12.0,11.0,12.0,11.0,11.0,12.0,9.0,13.0,11.0,13.0,12.0,13.0,9.0,14.0,9.0,14.0,3.0,14.0
1759560632.656714000,00:03:7f:25:14:25,00:03:7f:25:14:25,0a:f5:a5:94:4b:df,0a:f5:a5:94:4b:df,22,14,26,14,29,14,32,14,34,14,37,14,40,14,43,13,44,13,45,12,45,12,44,11,45,11,46,11,47,11,47,10,47,10,46,9,46,8,45,8,45,8,45,7,45,7,46,6,45,5,44,5,44,5,44,5,44,4,44,4,42,3,41,3,40,2,38,2,37,1,36,1,35,1,32,1,28,2,26,2,25,3,24,3,23,3,22,3,21,4,21,4,21,6,22,6,21,7,21,7,21,7,22,8,22,8,22,9,21,10,22,10,22,10,22,11,23,11,24,11,25,12,26,12,28,13,31,13,33,12,35,12,35,12,36,12,37,12,39,12,40,11,41,11,41,10,41,9,41,9,42,9,42,8,43,8,43,7,42,7,42,6,41,5,41,5,41,4,41,4,41,3,40,3,40,2,40,2,40,1,37,1,35,1,31,1,27,2,24,2,21,2,19,3,18,3,18,3,18,3,18,4,18,4,18,5,16,6,16,6,17,7,17,7,18,7,17.0,9.0,17.0,9.0,17.0,10.0,17.0,10.0,18.0,10.0,18.0,11.0,17.0,11.0,17.0,12.0,18.0,13.0,22.0,14.0,23.0,14.0,21.0,15.0,22.0,15.0,39.0,15.0,43.0,14.0,43.0,14.0,42.0,13.0,42.0,13.0,44.0,13.0,45.0,12.0,45.0,12.0,45.0,11.0,45.0,10.0,46.0,10.0,46.0,9.0,46.0,9.0,46.0,9.0,46.0,8.0,45.0,7.0,44.0,7.0,44.0,6.0,44.0,6.0,45.0,5.0,45.0,5.0,45.0,5.0,44.0,4.0,43.0,4.0,44.0,3.0,44.0,2.0,46.0,2.0,47.0,1.0,45.0,1.0,41.0,1.0,39.0,1.0,34.0,0.0,22.0,1.0,18.0,1.0,17.0,1.0,16.0,2.0,18.0,2.0,19.0,3.0,18.0,3.0,18.0,4.0,16.0,4.0,17.0,5.0,17.0,5.0,17.0,5.0,17.0,6.0,17.0,7.0,17.0,7.0,17.0,8.0,17.0,8.0,17.0,9.0,18.0,9.0,18.0,9.0,18.0,10.0,18.0,11.0,18.0,11.0,20.0,12.0,22.0,12.0,23.0,12.0,23.0,13.0,23.0,13.0,25.0,13.0,27.0,14.0,31.0,14.0,35.0,14.0,37.0,13.0,38.0,13.0,38.0,13.0,41.0,12.0,42.0,11.0,42.0,11.0,43.0,10.0,43.0,10.0,44.0,9.0,46.0,9.0,46.0,9.0,46.0,8.0,46.0,8.0,45.0,7.0,44.0,7.0,44.0,6.0,44.0,6.0,44.0,6.0,44.0,5.0,44.0,5.0,43.0,4.0,43.0,4.0,43.0,3.0,42.0,3.0,43.0,2.0,44.0,2.0,43.0,2.0,39.0,1.0,34.0,1.0,30.0,1.0,23.0,1.0,20.0,2.0,20.0,2.0,20.0,2.0,20.0,3.0,20.0,3.0,20.0,4.0,19.0,4.0,19.0,5.0,19.0,5.0,19.0,5.0,18.0,6.0,18.0,7.0,18.0,7.0,19.0,8.0,19.0,8.0,20.0,9.0,20.0,9.0,20.0,10.0
1759560632.742001000,00:03:7f:25:14:25,00:03:7f:25:14:25,3a:c8:97:94:99:7a,3a:c8:97:94:99:7a,26,14,30,15,35,15,43,15,48,14,50,13,48,13,49,12,50,11,49,10,51,10,51,9,49,9,51,8,52,8,51,7,52,7,51,6,52,5,51,5,52,4,53,3,54,3,55,2,57,2,59,2,60,2,61,1,1,1,2,2,6,2,9,2,8,3,9,3,10,4,10,4,11,4,12,5,12,5,12,6,14,6,13,7,13,7,13,8,12,8,12,9,13,10,14,10,13,11,15,12,12,12,14,13,13,13,13,14,11,14,4,14,9,15,57,15,50,15,50,14,50,14,49,13,48,12,48,12,50,11,48,11,49,10,50,11,47,9,49,9,47,8,48,8,48,7,48,7,46,6,48,6,47,5,46,5,48,4,47,4,45,3,45,2,44,1,44,1,41,1,38,0,34,0,21,0,20,1,16,1,16,2,19,3,18,3,17,3,17,5,16,5,15,6,14,6,16,6,16,7,16,7,16,8,16,8,16,9,15,9,15,10,19,10,16,11,17.0,12.0,15.0,12.0,17.0,12.0,17.0,13.0,17.0,13.0,16.0,14.0,20.0,15.0,20.0,15.0,39.0,15.0,42.0,14.0,49.0,13.0,47.0,12.0,46.0,13.0,46.0,12.0,44.0,12.0,44.0,11.0,45.0,10.0,45.0,10.0,45.0,8.0,45.0,8.0,46.0,7.0,43.0,7.0,45.0,6.0,45.0,6.0,45.0,5.0,43.0,4.0,42.0,3.0,41.0,3.0,41.0,2.0,37.0,2.0,34.0,2.0,24.0,1.0,30.0,1.0,23.0,2.0,19.0,2.0,18.0,3.0,18.0,3.0,16.0,4.0,18.0,4.0,19.0,4.0,15.0,6.0,17.0,5.0,17.0,6.0,15.0,7.0,14.0,6.0,14.0,8.0,15.0,8.0,11.0,10.0,13.0,9.0,13.0,10.0,13.0,10.0,13.0,11.0,12.0,11.0,13.0,12.0,10.0,12.0,10.0,12.0,13.0,12.0,9.0,12.0,6.0,14.0,9.0,14.0,10.0,14.0,5.0,14.0,3.0,14.0,0.0,14.0,55.0,14.0,54.0,14.0,56.0,13.0,52.0,13.0,51.0,13.0,55.0,12.0,51.0,12.0,52.0,12.0,49.0,11.0,50.0,11.0,52.0,10.0,50.0,9.0,48.0,9.0,50.0,8.0,49.0,8.0,49.0,8.0,50.0,7.0,49.0,6.0,50.0,6.0,48.0,6.0,50.0,5.0,51.0,5.0,51.0,4.0,52.0,4.0,53.0,3.0,52.0,2.0,53.0,2.0,53.0,2.0,56.0,1.0,60.0,2.0,60.0,1.0,0.0,1.0,5.0,1.0,4.0,2.0,7.0,2.0,8.0,2.0,11.0,3.0,11.0,3.0,10.0,3.0,10.0,4.0,11.0,5.0,12.0,5.0,11.0,5.0,10.0,6.0,10.0,7.0,9.0,7.0,11.0,7.0,12.0,8.0,11.0,8.0,10.0,9.0,12.0,9.0,11.0,10.0,10.0,10.0,11.0,10.0,11.0,10.0,10.0,11.0,8.0,12.0,11.0,12.0,10.0,12.0,7.0,13.0,8.0,13.0,3.0,14.0
1759560633.129452000,00:03:7f:25:14:25,00:03:7f:25:14:25,0a:f5:a5:94:4b:df,0a:f5:a5:94:4b:df,15,15,44,15,44,15,43,15,44,14,45,14,47,14,48,13,48,12,48,12,48,11,48,11,48,11,48,10,49,10,50,9,49,9,48,8,48,8,47,7,47,7,47,7,47,6,47,6,47,5,47,4,46,4,47,4,47,4,46,3,44,3,43,2,42,1,40,1,38,0,35,0,31,0,27,1,24,1,23,2,22,2,21,3,20,3,19,4,19,4,18,5,19,6,20,7,19,7,19,7,19,8,20,8,20,9,20,9,19,10,19,11,20,11,20,11,21,12,22,12,23,12,24,13,27,13,30,14,33,13,36,13,37,13,37,13,39,13,41,12,42,11,43,11,42,10,42,10,42,9,43,9,43,8,44,8,44,7,44,7,43,6,43,5,43,5,42,4,42,4,42,3,43,3,43,2,43,1,44,1,42,1,38,1,32,1,27,1,23,1,19,2,17,2,16,2,16,3,17,3,17,4,17,4,17,5,16,6,16,6,16,6,17,6,17,7,16.0,8.0,16.0,9.0,16.0,10.0,16.0,10.0,17.0,10.0,17.0,10.0,16.0,11.0,16.0,12.0,18.0,13.0,21.0,14.0,22.0,15.0,18.0,15.0,19.0,15.0,43.0,15.0,44.0,14.0,43.0,14.0,43.0,13.0,43.0,13.0,44.0,13.0,45.0,12.0,45.0,11.0,45.0,11.0,45.0,10.0,46.0,10.0,46.0,9.0,46.0,9.0,47.0,8.0,46.0,8.0,46.0,7.0,44.0,6.0,44.0,6.0,44.0,5.0,45.0,5.0,45.0,5.0,45.0,4.0,44.0,4.0,44.0,3.0,44.0,2.0,44.0,2.0,46.0,1.0,48.0,1.0,46.0,0.0,40.0,0.0,34.0,0.0,22.0,0.0,17.0,1.0,15.0,2.0,14.0,2.0,14.0,2.0,16.0,3.0,17.0,3.0,17.0,4.0,16.0,4.0,15.0,5.0,16.0,6.0,16.0,6.0,16.0,6.0,16.0,7.0,16.0,7.0,15.0,8.0,16.0,9.0,16.0,9.0,16.0,9.0,17.0,10.0,17.0,10.0,17.0,11.0,17.0,11.0,17.0,12.0,19.0,13.0,21.0,13.0,22.0,13.0,22.0,13.0,23.0,14.0,26.0,14.0,30.0,14.0,37.0,14.0,40.0,14.0,41.0,13.0,41.0,13.0,41.0,13.0,43.0,12.0,44.0,11.0,45.0,11.0,45.0,10.0,45.0,9.0,46.0,9.0,47.0,9.0,48.0,8.0,48.0,8.0,47.0,7.0,46.0,7.0,46.0,6.0,46.0,6.0,46.0,5.0,46.0,5.0,46.0,5.0,46.0,4.0,45.0,4.0,45.0,3.0,45.0,3.0,44.0,2.0,45.0,1.0,47.0,1.0,47.0,1.0,41.0,0.0,31.0,0.0,25.0,1.0,18.0,1.0,16.0,2.0,16.0,2.0,17.0,2.0,17.0,3.0,18.0,3.0,17.0,4.0,17.0,4.0,17.0,5.0,17.0,6.0,17.0,6.0,17.0,6.0,16.0,7.0,16.0,8.0,17.0,8.0,18.0,9.0,18.0,9.0,18.0,10.0,18.0,10.0
1759560633.247482000,00:03:7f:25:14:25,00:03:7f:25:14:25,3a:c8:97:94:99:7a,3a:c8:97:94:99:7a,4,14,61,14,62,14,58,13,55,13,55,13,54,12,52,11,53,11,51,10,53,10,53,9,51,9,52,8,53,8,52,7,53,6,51,6,53,5,52,5,53,4,54,3,55,3,57,2,59,2,59,2,59,2,62,2,1,2,2,2,6,2,8,2,8,3,8,3,9,4,10,4,11,4,12,5,11,5,11,6,13,6,13,7,13,7,13,8,12,8,12,9,13,10,14,10,13,11,15,11,12,12,15,12,14,13,15,14,12,14,9,14,14,15,11,15,47,15,50,14,49,14,48,14,48,13,48,12,49,12,47,11,49,11,49,11,47,10,48,9,47,9,48,8,47,8,47,7,46,7,47,6,47,5,46,5,47,4,47,4,45,4,45,2,44,2,43,1,41,1,39,0,37,0,27,0,25,1,18,1,18,1,21,2,18,3,18,3,18,5,17,5,16,6,15,6,16,6,16,7,16,7,16,8,17,8,16,9,15,9,15,10,19,10,16,11,17.0,12.0,15.0,12.0,17.0,13.0,17.0,13.0,17.0,14.0,15.0,14.0,13.0,15.0,14.0,15.0,46.0,14.0,45.0,13.0,52.0,12.0,50.0,12.0,47.0,12.0,48.0,12.0,45.0,11.0,47.0,10.0,47.0,10.0,46.0,10.0,46.0,8.0,46.0,8.0,46.0,8.0,45.0,7.0,47.0,6.0,46.0,6.0,46.0,5.0,46.0,4.0,44.0,3.0,44.0,3.0,43.0,2.0,40.0,2.0,38.0,2.0,28.0,0.0,34.0,1.0,25.0,1.0,19.0,1.0,18.0,2.0,18.0,2.0,16.0,3.0,18.0,3.0,19.0,4.0,15.0,5.0,17.0,5.0,17.0,6.0,16.0,7.0,15.0,6.0,14.0,8.0,15.0,8.0,11.0,9.0,13.0,9.0,14.0,9.0,14.0,10.0,13.0,10.0,13.0,11.0,14.0,11.0,11.0,11.0,11.0,12.0,14.0,12.0,10.0,12.0,7.0,13.0,11.0,14.0,11.0,14.0,7.0,14.0,6.0,14.0,2.0,14.0,56.0,14.0,54.0,14.0,56.0,13.0,53.0,13.0,51.0,13.0,55.0,12.0,51.0,12.0,52.0,12.0,49.0,11.0,50.0,11.0,52.0,10.0,50.0,10.0,48.0,10.0,50.0,8.0,49.0,8.0,49.0,8.0,49.0,7.0,49.0,7.0,50.0,6.0,48.0,6.0,50.0,5.0,51.0,5.0,50.0,5.0,52.0,4.0,53.0,3.0,52.0,3.0,52.0,2.0,53.0,2.0,54.0,1.0,58.0,2.0,58.0,1.0,62.0,1.0,4.0,1.0,3.0,2.0,6.0,2.0,6.0,2.0,10.0,2.0,11.0,3.0,9.0,3.0,10.0,3.0,10.0,4.0,11.0,5.0,11.0,5.0,9.0,6.0,10.0,6.0,9.0,7.0,11.0,7.0,12.0,7.0,11.0,7.0,10.0,8.0,12.0,8.0,12.0,9.0,10.0,9.0,11.0,10.0,12.0,10.0,11.0,11.0,9.0,11.0,12.0,11.0,12.0,12.0,10.0,12.0,10.0,13.0,7.0,13.0
1759560633.652207000,00:03:7f:25:14:25,00:03:7f:25:14:25,3a:c8:97:94:99:7a,3a:c8:97:94:99:7a,33,13,35,13,38,13,38,13,41,12,43,13,43,11,45,11,45,10,45,10,46,10,47,8,45,8,47,8,48,7,47,6,47,6,47,6,47,5,47,4,48,3,48,2,49,2,49,1,53,1,49,1,56,0,57,0,5,0,8,1,12,1,14,2,13,2,12,3,13,3,13,4,14,4,15,5,14,5,14,6,15,6,15,7,15,7,15,8,14,8,14,9,15,10,16,10,15,11,16,11,14,12,16,13,16,13,18,14,16,14,12,15,25,15,27,15,43,15,48,14,48,14,47,13,47,13,47,12,48,12,47,11,49,11,49,11,47,10,48,9,47,8,48,8,47,8,47,7,46,7,47,6,47,5,46,5,47,4,47,4,45,4,45,3,44,2,43,1,41,1,41,0,39,0,29,0,25,1,20,1,19,1,20,2,19,3,18,3,19,4,17,4,16,5,15,6,17,6,17,7,16,7,16,7,17,8,16,9,16,9,16,9,19,10,17,10,18.0,11.0,16.0,11.0,18.0,12.0,18.0,13.0,17.0,13.0,19.0,13.0,16.0,14.0,23.0,14.0,33.0,15.0,45.0,14.0,48.0,14.0,46.0,13.0,45.0,13.0,44.0,12.0,42.0,12.0,45.0,11.0,45.0,11.0,44.0,11.0,45.0,9.0,45.0,9.0,45.0,8.0,43.0,8.0,45.0,7.0,45.0,7.0,45.0,6.0,44.0,5.0,43.0,4.0,43.0,4.0,42.0,3.0,40.0,3.0,38.0,3.0,33.0,1.0,37.0,2.0,30.0,1.0,24.0,1.0,23.0,2.0,22.0,2.0,19.0,3.0,20.0,3.0,22.0,3.0,17.0,4.0,18.0,4.0,18.0,5.0,17.0,6.0,16.0,6.0,16.0,8.0,17.0,7.0,13.0,9.0,14.0,8.0,15.0,9.0,15.0,9.0,14.0,10.0,14.0,10.0,15.0,11.0,13.0,11.0,13.0,12.0,16.0,12.0,13.0,12.0,10.0,13.0,15.0,14.0,15.0,14.0,11.0,14.0,10.0,14.0,5.0,15.0,53.0,15.0,50.0,14.0,54.0,14.0,49.0,14.0,48.0,13.0,53.0,12.0,49.0,13.0,50.0,12.0,47.0,11.0,48.0,11.0,50.0,10.0,49.0,10.0,47.0,10.0,48.0,9.0,47.0,9.0,48.0,8.0,48.0,7.0,48.0,7.0,49.0,6.0,47.0,6.0,49.0,5.0,49.0,5.0,49.0,4.0,51.0,4.0,51.0,3.0,50.0,2.0,50.0,2.0,50.0,2.0,51.0,1.0,58.0,1.0,57.0,0.0,0.0,0.0,9.0,1.0,7.0,1.0,9.0,1.0,10.0,2.0,14.0,2.0,14.0,3.0,12.0,3.0,12.0,3.0,12.0,5.0,13.0,5.0,13.0,5.0,11.0,6.0,12.0,7.0,11.0,7.0,12.0,7.0,13.0,8.0,12.0,8.0,11.0,9.0,13.0,9.0,13.0,10.0,12.0,10.0,13.0,10.0,13.0,11.0,12.0,11.0,10.0,12.0,12.0,12.0,13.0,13.0,10.0,13.0,11.0,13.0,6.0,14.0
1759560634.175936000,00:03:7f:25:14:25,00:03:7f:25:14:25,0a:f5:a5:94:4b:df,0a:f5:a5:94:4b:df,24,14,29,14,31,14,32,14,33,14,36,14,39,14,41,13,43,13,44,12,44,12,44,11,44,11,45,11,46,10,46,10,46,9,45,9,45,8,45,8,45,8,45,7,44,7,45,6,44,5,44,5,43,5,43,5,43,4,43,4,41,4,39,3,38,3,36,2,35,2,35,2,34,2,32,2,29,2,27,3,26,3,25,3,24,3,23,4,22,4,22,5,22,6,23,6,22,7,22,7,22,7,22,8,22,8,23,9,22,10,23,10,22,10,22,10,23,11,24,11,25,11,27,12,28,12,31,12,32,12,34,12,35,12,35,12,36,12,37,11,39,11,40,10,40,10,40,9,40,9,40,9,41,8,41,8,41,7,41,7,41,6,40,5,40,5,40,5,40,4,40,4,40,3,39,3,38,2,38,2,36,2,35,2,33,2,30,2,27,2,23,3,21,3,20,3,20,3,20,3,21,4,20,5,19,5,18,6,18,6,18,7,19,7,19,8,18.0,9.0,18.0,9.0,18.0,10.0,19.0,10.0,19.0,11.0,19.0,11.0,18.0,11.0,19.0,12.0,21.0,13.0,27.0,14.0,28.0,14.0,29.0,15.0,31.0,15.0,38.0,15.0,41.0,14.0,42.0,13.0,42.0,13.0,42.0,13.0,43.0,12.0,44.0,12.0,44.0,11.0,44.0,10.0,44.0,10.0,45.0,9.0,45.0,9.0,45.0,9.0,46.0,8.0,45.0,8.0,45.0,7.0,44.0,6.0,43.0,6.0,43.0,5.0,44.0,5.0,44.0,5.0,44.0,4.0,44.0,4.0,43.0,3.0,43.0,2.0,43.0,2.0,45.0,1.0,47.0,1.0,44.0,1.0,39.0,1.0,36.0,1.0,30.0,0.0,21.0,1.0,18.0,1.0,16.0,2.0,17.0,2.0,18.0,3.0,20.0,3.0,19.0,4.0,18.0,4.0,17.0,5.0,17.0,5.0,18.0,5.0,18.0,6.0,18.0,6.0,18.0,7.0,17.0,8.0,18.0,8.0,18.0,9.0,17.0,9.0,18.0,9.0,19.0,9.0,19.0,10.0,19.0,11.0,19.0,11.0,21.0,12.0,23.0,12.0,24.0,12.0,24.0,12.0,24.0,13.0,27.0,13.0,29.0,13.0,32.0,14.0,35.0,13.0,37.0,13.0,37.0,12.0,37.0,12.0,40.0,12.0,41.0,11.0,42.0,11.0,42.0,10.0,42.0,10.0,43.0,9.0,45.0,9.0,46.0,9.0,46.0,8.0,45.0,8.0,44.0,7.0,44.0,7.0,43.0,6.0,43.0,6.0,43.0,6.0,43.0,5.0,43.0,5.0,42.0,4.0,42.0,4.0,42.0,3.0,41.0,3.0,41.0,2.0,42.0,2.0,41.0,2.0,38.0,2.0,34.0,2.0,31.0,2.0,24.0,2.0,21.0,2.0,21.0,2.0,22.0,2.0,22.0,3.0,21.0,3.0,21.0,4.0,20.0,4.0,20.0,5.0,20.0,5.0,20.0,5.0,19.0,6.0,19.0,6.0,19.0,7.0,20.0,8.0,20.0,8.0,21.0,8.0,21.0,9.0,21.0,9.0
1759560634.225311000,00:03:7f:25:14:25,00:03:7f:25:14:25,3a:c8:97:94:99:7a,3a:c8:97:94:99:7a,8,14,2,15,61,14,57,14,56,14,55,13,52,13,52,12,52,12,51,11,52,11,52,10,50,10,51,9,52,8,51,8,51,7,50,7,51,6,51,5,51,4,52,4,53,4,53,3,55,2,55,2,56,2,58,1,61,1,63,2,6,2,8,2,8,2,9,3,9,3,10,3,11,4,12,4,12,5,11,5,13,6,13,6,13,6,13,7,12,8,12,8,14,9,15,10,13,11,15,11,13,12,15,12,14,13,15,13,13,14,10,14,14,15,12,15,55,15,51,15,48,14,49,14,48,13,48,13,49,12,47,11,49,11,49,11,47,10,49,10,47,9,48,8,48,8,47,8,47,7,47,7,47,6,46,6,47,5,47,4,46,4,45,3,45,2,44,1,42,1,42,0,43,0,32,0,27,0,19,1,17,1,20,2,18,3,18,2,18,4,17,4,16,5,15,5,16,5,16,6,16,6,16,7,16,7,16,8,15,8,15,9,19,9,16,10,17.0,11.0,15.0,11.0,17.0,12.0,17.0,12.0,16.0,12.0,16.0,13.0,16.0,14.0,15.0,14.0,27.0,15.0,40.0,14.0,51.0,14.0,48.0,13.0,47.0,14.0,47.0,13.0,45.0,13.0,45.0,12.0,46.0,11.0,46.0,11.0,45.0,10.0,46.0,9.0,46.0,9.0,44.0,8.0,46.0,7.0,46.0,7.0,46.0,6.0,46.0,5.0,45.0,4.0,44.0,4.0,43.0,3.0,41.0,3.0,40.0,2.0,37.0,1.0,39.0,1.0,31.0,1.0,22.0,1.0,21.0,1.0,18.0,1.0,16.0,2.0,18.0,3.0,20.0,3.0,14.0,4.0,16.0,4.0,17.0,5.0,15.0,6.0,14.0,6.0,14.0,8.0,15.0,8.0,11.0,9.0,13.0,8.0,13.0,9.0,13.0,9.0,12.0,10.0,12.0,10.0,12.0,11.0,10.0,11.0,10.0,12.0,13.0,12.0,10.0,12.0,7.0,13.0,10.0,13.0,10.0,13.0,7.0,13.0,6.0,14.0,3.0,14.0,59.0,14.0,55.0,14.0,58.0,13.0,53.0,14.0,53.0,13.0,56.0,12.0,52.0,13.0,53.0,12.0,49.0,12.0,50.0,11.0,52.0,10.0,51.0,10.0,48.0,10.0,49.0,9.0,48.0,9.0,48.0,8.0,49.0,7.0,49.0,7.0,50.0,6.0,48.0,6.0,50.0,5.0,50.0,5.0,50.0,4.0,52.0,4.0,53.0,3.0,51.0,2.0,51.0,2.0,53.0,2.0,55.0,1.0,60.0,1.0,59.0,1.0,1.0,1.0,7.0,1.0,5.0,1.0,8.0,2.0,8.0,2.0,12.0,2.0,12.0,3.0,10.0,3.0,10.0,4.0,10.0,5.0,12.0,5.0,11.0,5.0,10.0,6.0,11.0,6.0,10.0,7.0,11.0,7.0,13.0,7.0,11.0,8.0,11.0,9.0,12.0,8.0,12.0,9.0,11.0,10.0,12.0,10.0,12.0,11.0,11.0,11.0,9.0,12.0,11.0,12.0,12.0,12.0,9.0,13.0,9.0,13.0,5.0,14.0
1759560634.623355000,00:03:7f:25:14:25,00:03:7f:25:14:25,3a:c8:97:94:99:7a,3a:c8:97:94:99:7a,11,13,8,14,7,14,4,14,61,14,60,14,56,14,54,12,56,12,52,11,54,11,54,10,52,10,53,9,53,9,53,8,53,8,51,7,52,6,52,6,52,5,53,4,53,4,54,3,57,3,58,2,58,2,60,2,63,2,0,2,5,2,7,2,7,3,8,3,9,4,9,4,11,4,12,5,12,5,11,6,13,6,13,6,12,7,13,8,12,8,12,9,13,10,14,10,12,11,14,11,11,12,14,12,13,12,13,13,10,14,6,14,8,14,7,15,59,15,56,14,54,14,53,14,51,13,50,13,51,12,49,11,50,12,51,12,48,11,49,10,49,9,49,9,48,8,48,8,48,8,48,7,48,6,47,6,49,5,48,5,46,5,47,3,46,3,46,2,45,2,46,1,46,1,47,0,39,0,18,0,14,0,21,1,18,2,18,1,17,3,15,3,15,4,13,4,15,4,15,5,15,5,15,6,15,6,15,7,14,7,14,8,17,8,15,9,15.0,10.0,13.0,9.0,15.0,10.0,14.0,11.0,13.0,11.0,14.0,11.0,13.0,11.0,14.0,13.0,15.0,12.0,9.0,13.0,12.0,15.0,3.0,15.0,1.0,15.0,60.0,14.0,49.0,14.0,47.0,14.0,48.0,13.0,47.0,13.0,47.0,12.0,48.0,11.0,49.0,11.0,44.0,10.0,47.0,9.0,47.0,9.0,47.0,9.0,47.0,8.0,45.0,6.0,46.0,6.0,45.0,5.0,43.0,4.0,42.0,3.0,40.0,2.0,43.0,2.0,35.0,1.0,12.0,1.0,16.0,1.0,15.0,1.0,14.0,3.0,15.0,4.0,16.0,3.0,13.0,5.0,14.0,5.0,15.0,6.0,13.0,7.0,11.0,7.0,12.0,9.0,13.0,9.0,8.0,10.0,10.0,9.0,11.0,10.0,11.0,10.0,10.0,11.0,8.0,11.0,9.0,12.0,6.0,11.0,6.0,12.0,9.0,12.0,6.0,12.0,2.0,13.0,5.0,13.0,4.0,14.0,2.0,13.0,0.0,13.0,63.0,13.0,59.0,13.0,58.0,13.0,59.0,12.0,56.0,12.0,54.0,12.0,58.0,11.0,54.0,12.0,54.0,12.0,51.0,11.0,52.0,11.0,54.0,10.0,52.0,9.0,49.0,10.0,51.0,8.0,50.0,8.0,50.0,8.0,50.0,7.0,50.0,7.0,51.0,6.0,48.0,6.0,51.0,5.0,51.0,5.0,51.0,5.0,53.0,4.0,53.0,3.0,53.0,3.0,53.0,2.0,53.0,2.0,56.0,1.0,60.0,2.0,58.0,1.0,62.0,1.0,2.0,1.0,2.0,2.0,5.0,2.0,6.0,2.0,9.0,3.0,10.0,3.0,9.0,3.0,9.0,3.0,9.0,4.0,11.0,4.0,10.0,5.0,9.0,6.0,10.0,6.0,9.0,7.0,11.0,6.0,12.0,7.0,12.0,7.0,10.0,8.0,12.0,8.0,12.0,9.0,11.0,9.0,12.0,10.0,12.0,10.0,11.0,10.0,10.0,11.0,12.0,12.0,13.0,12.0,11.0,12.0,11.0,13.0,8.0,14.0
1759560635.207517000,00:03:7f:25:14:25,00:03:7f:25:14:25,3a:c8:97:94:99:7a,3a:c8:97:94:99:7a,15,12,13,13,12,13,9,14,1,14,60,14,57,14,55,12,55,12,52,11,55,11,54,10,52,10,53,9,54,9,53,8,53,8,52,7,53,6,52,5,54,5,54,4,55,3,56,3,58,3,59,2,58,2,61,2,0,2,1,2,6,2,7,3,7,3,7,3,8,4,9,4,10,4,11,5,11,5,10,5,13,6,12,6,12,7,12,7,12,8,12,9,13,10,14,10,12,11,14,11,12,12,14,12,13,13,14,14,11,14,8,14,10,15,5,15,54,15,53,14,51,14,49,14,50,13,49,13,50,12,48,11,50,11,50,11,47,10,49,10,47,9,48,9,48,8,47,8,46,7,47,7,47,6,46,6,47,5,47,5,45,4,45,3,44,2,43,2,41,2,41,1,41,1,36,0,30,1,22,1,22,1,22,2,20,3,20,2,19,4,18,4,17,5,16,5,17,5,17,6,17,7,17,7,18,7,17,8,17,8,17,9,20,9,17,10,19.0,11.0,16.0,11.0,18.0,12.0,19.0,12.0,17.0,12.0,19.0,13.0,18.0,13.0,22.0,14.0,20.0,14.0,50.0,15.0,42.0,14.0,42.0,13.0,45.0,14.0,45.0,13.0,42.0,12.0,43.0,12.0,45.0,11.0,44.0,11.0,44.0,10.0,44.0,9.0,45.0,9.0,42.0,8.0,44.0,7.0,44.0,7.0,44.0,6.0,43.0,5.0,42.0,4.0,41.0,4.0,40.0,3.0,39.0,3.0,37.0,2.0,28.0,2.0,34.0,2.0,26.0,2.0,19.0,2.0,19.0,3.0,19.0,2.0,16.0,4.0,18.0,4.0,20.0,4.0,15.0,5.0,17.0,5.0,17.0,7.0,15.0,7.0,14.0,7.0,14.0,9.0,15.0,9.0,11.0,10.0,13.0,9.0,13.0,10.0,13.0,10.0,12.0,11.0,11.0,11.0,12.0,12.0,9.0,12.0,9.0,12.0,12.0,12.0,8.0,13.0,5.0,13.0,9.0,14.0,8.0,14.0,4.0,14.0,2.0,14.0,63.0,14.0,56.0,14.0,54.0,13.0,56.0,13.0,53.0,13.0,52.0,13.0,56.0,11.0,52.0,12.0,52.0,12.0,49.0,11.0,50.0,11.0,52.0,10.0,51.0,9.0,48.0,10.0,50.0,8.0,49.0,8.0,49.0,8.0,49.0,7.0,49.0,6.0,50.0,6.0,47.0,6.0,50.0,5.0,50.0,5.0,50.0,4.0,51.0,3.0,53.0,3.0,51.0,2.0,52.0,2.0,52.0,2.0,55.0,1.0,60.0,1.0,60.0,1.0,1.0,1.0,6.0,1.0,6.0,2.0,8.0,2.0,8.0,2.0,11.0,2.0,12.0,3.0,10.0,3.0,10.0,4.0,11.0,5.0,12.0,5.0,11.0,5.0,10.0,6.0,11.0,6.0,10.0,7.0,12.0,7.0,13.0,7.0,12.0,8.0,11.0,8.0,13.0,8.0,12.0,9.0,11.0,10.0,13.0,10.0,13.0,10.0,12.0,11.0,11.0,12.0,13.0,12.0,13.0,12.0,11.0,13.0,12.0,13.0,8.0,14.0
1759560635.703897000,00:03:7f:25:14:25,00:03:7f:25:14:25,0a:f5:a5:94:4b:df,0a:f5:a5:94:4b:df,19,13,22,14,23,14,25,14,26,14,29,14,34,14,40,14,43,14,44,13,44,13,44,12,44,12,45,12,46,11,47,11,47,10,46,10,46,9,45,9,45,9,45,8,45,8,46,7,46,6,45,6,45,5,45,5,45,5,45,5,43,4,42,4,42,3,41,2,41,2,41,2,40,2,37,1,33,2,30,2,28,2,26,2,25,2,23,2,22,3,21,3,22,4,22,5,21,6,21,6,21,6,21,6,21,7,21,8,21,8,21,9,21,9,20,10,21,10,22,10,23,11,24,11,25,12,26,12,28,12,30,12,30,12,31,12,31,12,33,12,36,12,38,12,38,11,38,11,38,10,39,10,40,10,41,10,41,9,41,8,40,8,40,7,40,7,40,6,40,6,40,5,41,5,41,4,41,3,40,3,39,3,39,3,37,3,34,3,32,2,28,2,26,2,25,2,24,2,24,2,24,3,22,3,22,4,20,4,19,5,20,5,20,5,20,6,19.0,7.0,19.0,8.0,19.0,8.0,19.0,9.0,19.0,9.0,19.0,9.0,19.0,9.0,19.0,11.0,21.0,11.0,23.0,13.0,24.0,13.0,23.0,13.0,23.0,13.0,25.0,14.0,29.0,14.0,33.0,14.0,35.0,14.0,36.0,13.0,38.0,13.0,39.0,13.0,41.0,12.0,42.0,12.0,42.0,11.0,43.0,11.0,43.0,10.0,44.0,10.0,44.0,10.0,44.0,9.0,43.0,9.0,42.0,8.0,42.0,7.0,42.0,7.0,43.0,7.0,43.0,6.0,43.0,6.0,42.0,6.0,41.0,5.0,42.0,4.0,42.0,4.0,43.0,3.0,43.0,3.0,42.0,2.0,40.0,2.0,39.0,2.0,36.0,2.0,31.0,2.0,27.0,2.0,25.0,1.0,23.0,2.0,23.0,2.0,24.0,3.0,23.0,3.0,22.0,4.0,20.0,4.0,20.0,4.0,21.0,5.0,20.0,5.0,20.0,5.0,20.0,6.0,19.0,7.0,20.0,7.0,19.0,8.0,19.0,8.0,20.0,8.0,20.0,9.0,21.0,9.0,20.0,10.0,21.0,11.0,22.0,11.0,24.0,11.0,25.0,11.0,24.0,11.0,24.0,12.0,26.0,12.0,27.0,13.0,29.0,13.0,31.0,13.0,33.0,13.0,34.0,12.0,34.0,12.0,37.0,12.0,39.0,11.0,39.0,11.0,40.0,11.0,40.0,10.0,41.0,10.0,43.0,9.0,44.0,9.0,44.0,8.0,44.0,8.0,43.0,8.0,42.0,7.0,42.0,7.0,41.0,6.0,42.0,6.0,42.0,6.0,42.0,5.0,41.0,5.0,40.0,4.0,41.0,4.0,40.0,3.0,40.0,3.0,41.0,2.0,40.0,2.0,37.0,2.0,34.0,2.0,31.0,2.0,26.0,2.0,23.0,2.0,23.0,2.0,23.0,3.0,23.0,3.0,22.0,4.0,22.0,4.0,22.0,4.0,21.0,5.0,21.0,5.0,20.0,5.0,20.0,6.0,19.0,6.0,20.0,7.0,20.0,7.0,21.0,8.0,21.0,8.0,21.0,8.0,21.0,9.0
1759560635.754082000,00:03:7f:25:14:25,00:03:7f:25:14:25,3a:c8:97:94:99:7a,3a:c8:97:94:99:7a,20,11,20,12,19,12,19,14,9,14,62,15,52,15,52,13,53,13,51,12,54,12,54,10,52,10,52,9,54,9,53,8,53,8,52,7,53,6,52,5,54,4,55,4,56,4,56,3,59,3,59,2,59,3,60,2,0,2,0,2,5,2,6,3,6,3,6,3,8,4,8,4,10,4,11,5,10,5,10,5,12,6,12,6,12,6,12,7,12,8,12,8,14,9,15,9,13,10,15,10,13,11,15,11,15,12,16,13,15,13,14,13,18,14,17,14,22,15,40,15,41,15,43,14,43,13,43,13,46,13,45,12,46,12,47,12,45,11,46,10,45,10,46,9,45,9,45,8,44,8,45,7,45,6,44,6,45,6,44,5,43,5,42,4,41,3,41,3,39,2,38,2,38,2,36,1,33,1,27,1,26,1,25,2,22,3,22,2,21,4,20,4,18,5,17,5,19,5,18,6,18,6,18,7,19,7,18,8,17,8,17,9,21,9,18,10,20.0,11.0,18.0,11.0,20.0,11.0,21.0,12.0,20.0,12.0,21.0,13.0,25.0,14.0,25.0,14.0,33.0,13.0,35.0,13.0,44.0,13.0,42.0,12.0,39.0,12.0,41.0,12.0,39.0,11.0,41.0,11.0,41.0,10.0,41.0,10.0,41.0,8.0,42.0,8.0,41.0,8.0,39.0,7.0,41.0,7.0,40.0,6.0,40.0,5.0,39.0,5.0,37.0,4.0,35.0,4.0,35.0,4.0,33.0,4.0,32.0,4.0,26.0,4.0,30.0,3.0,26.0,4.0,23.0,4.0,22.0,5.0,22.0,4.0,20.0,5.0,21.0,5.0,23.0,5.0,18.0,6.0,20.0,6.0,20.0,7.0,18.0,8.0,18.0,7.0,18.0,9.0,18.0,9.0,15.0,11.0,16.0,10.0,16.0,11.0,17.0,11.0,16.0,12.0,16.0,12.0,17.0,12.0,14.0,13.0,15.0,14.0,17.0,14.0,14.0,14.0,10.0,15.0,27.0,15.0,25.0,15.0,17.0,15.0,47.0,15.0,49.0,15.0,47.0,13.0,47.0,13.0,50.0,13.0,47.0,13.0,46.0,12.0,52.0,11.0,48.0,11.0,49.0,11.0,46.0,10.0,48.0,10.0,50.0,9.0,48.0,9.0,46.0,9.0,48.0,8.0,47.0,8.0,47.0,7.0,48.0,6.0,48.0,6.0,49.0,5.0,46.0,5.0,48.0,4.0,49.0,4.0,49.0,4.0,50.0,3.0,51.0,2.0,49.0,2.0,50.0,1.0,51.0,1.0,51.0,0.0,61.0,0.0,63.0,0.0,6.0,0.0,10.0,1.0,9.0,1.0,11.0,2.0,11.0,2.0,14.0,2.0,14.0,3.0,12.0,3.0,12.0,4.0,12.0,5.0,13.0,5.0,12.0,5.0,11.0,6.0,12.0,7.0,11.0,7.0,12.0,7.0,14.0,8.0,13.0,8.0,12.0,9.0,14.0,8.0,13.0,10.0,12.0,10.0,13.0,10.0,14.0,11.0,12.0,11.0,11.0,12.0,14.0,12.0,14.0,13.0,12.0,13.0,13.0,14.0,7.0,15.0
1759560636.372482000,00:03:7f:25:14:25,00:03:7f:25:14:25,3a:c8:97:94:99:7a,3a:c8:97:94:99:7a,21,10,20,11,20,11,19,12,18,12,18,14,23,14,32,15,30,15,44,15,52,15,52,13,51,13,51,12,52,11,51,10,51,10,51,9,51,8,51,7,52,6,53,5,53,5,54,4,56,4,56,3,55,3,57,2,61,2,62,2,2,2,4,2,5,3,6,3,7,3,8,3,9,4,11,5,10,5,10,5,12,5,11,6,12,6,12,7,11,8,11,8,13,9,14,9,13,10,14,10,13,11,15,11,14,12,16,13,15,13,13,13,17,14,16,14,15,15,41,15,42,15,44,14,43,14,43,13,46,13,45,12,47,12,47,12,45,11,46,10,45,10,46,9,45,9,45,9,45,8,45,8,45,6,44,6,45,6,45,5,43,5,42,4,41,3,41,3,40,3,40,2,39,2,38,2,35,2,30,1,28,1,27,2,24,3,24,2,22,4,21,3,20,4,19,5,19,5,19,6,20,6,19,6,19,6,19,7,18,7,18,8,22,9,19,9,20.0,10.0,19.0,9.0,21.0,10.0,20.0,11.0,20.0,11.0,21.0,12.0,23.0,12.0,23.0,13.0,27.0,12.0,28.0,13.0,39.0,13.0,37.0,13.0,34.0,13.0,37.0,13.0,35.0,12.0,36.0,12.0,38.0,12.0,39.0,12.0,39.0,10.0,40.0,10.0,39.0,10.0,38.0,9.0,40.0,8.0,39.0,8.0,39.0,8.0,39.0,7.0,37.0,6.0,36.0,6.0,37.0,5.0,34.0,5.0,34.0,5.0,28.0,5.0,33.0,5.0,29.0,5.0,26.0,4.0,25.0,5.0,24.0,4.0,22.0,5.0,23.0,5.0,25.0,5.0,20.0,7.0,22.0,6.0,21.0,8.0,19.0,8.0,18.0,7.0,18.0,9.0,19.0,9.0,15.0,11.0,16.0,10.0,17.0,11.0,18.0,11.0,16.0,12.0,16.0,12.0,17.0,12.0,14.0,13.0,15.0,14.0,16.0,14.0,13.0,14.0,15.0,15.0,25.0,15.0,24.0,15.0,19.0,15.0,48.0,15.0,51.0,15.0,48.0,13.0,48.0,13.0,49.0,13.0,46.0,13.0,46.0,12.0,52.0,11.0,48.0,12.0,49.0,11.0,46.0,10.0,48.0,10.0,50.0,9.0,48.0,9.0,45.0,9.0,48.0,8.0,46.0,8.0,46.0,7.0,47.0,6.0,47.0,6.0,48.0,5.0,46.0,5.0,47.0,4.0,48.0,4.0,48.0,4.0,49.0,3.0,49.0,2.0,48.0,2.0,47.0,1.0,49.0,1.0,46.0,0.0,61.0,0.0,0.0,0.0,11.0,0.0,14.0,1.0,10.0,1.0,11.0,2.0,12.0,2.0,15.0,2.0,15.0,3.0,13.0,3.0,13.0,4.0,13.0,5.0,14.0,5.0,13.0,5.0,12.0,6.0,12.0,6.0,12.0,7.0,13.0,7.0,14.0,8.0,13.0,8.0,12.0,9.0,14.0,8.0,14.0,9.0,13.0,10.0,14.0,10.0,14.0,11.0,13.0,11.0,12.0,12.0,15.0,12.0,16.0,12.0,14.0,13.0,14.0,13.0,12.0,14.0
1759560636.789441000,00:03:7f:25:14:25,00:03:7f:25:14:25,3a:c8:97:94:99:7a,3a:c8:97:94:99:7a,18,10,17,11,18,12,16,12,13,13,11,14,14,14,63,15,0,14,54,14,56,14,55,12,53,12,53,11,54,11,53,10,53,9,52,9,53,7,52,7,52,6,53,5,54,5,55,4,57,3,58,2,58,3,60,2,63,2,0,2,5,2,7,2,7,3,8,3,9,4,9,4,10,5,11,5,11,5,11,6,13,6,12,7,12,7,13,8,12,9,12,9,13,10,14,10,13,11,15,12,12,12,15,13,14,13,15,14,11,15,4,15,32,15,38,15,45,14,47,14,48,14,47,13,47,12,47,12,48,11,47,11,48,10,48,11,46,9,47,9,46,8,47,8,46,7,46,7,45,7,46,6,45,5,44,5,45,4,44,4,42,4,41,3,39,2,39,2,36,2,33,1,32,1,29,1,28,2,24,2,23,2,25,3,22,4,23,3,22,5,20,5,19,6,18,6,20,6,20,7,20,7,20,8,21,8,20,9,19,9,20,10,24,10,21,10,24.0,12.0,21.0,11.0,23.0,12.0,25.0,13.0,25.0,13.0,26.0,13.0,27.0,13.0,33.0,13.0,33.0,13.0,41.0,13.0,41.0,11.0,40.0,11.0,42.0,12.0,42.0,11.0,40.0,11.0,40.0,10.0,42.0,9.0,40.0,9.0,41.0,8.0,42.0,8.0,42.0,7.0,39.0,7.0,41.0,6.0,40.0,5.0,40.0,4.0,39.0,4.0,36.0,4.0,35.0,3.0,33.0,3.0,32.0,3.0,30.0,3.0,23.0,4.0,28.0,3.0,24.0,4.0,20.0,4.0,20.0,5.0,20.0,4.0,18.0,6.0,19.0,6.0,21.0,5.0,17.0,7.0,18.0,7.0,19.0,8.0,17.0,9.0,16.0,8.0,16.0,10.0,17.0,10.0,13.0,11.0,14.0,10.0,14.0,11.0,15.0,11.0,13.0,12.0,12.0,13.0,14.0,13.0,9.0,13.0,10.0,14.0,11.0,14.0,9.0,14.0,1.0,15.0,0.0,15.0,59.0,15.0,59.0,15.0,53.0,14.0,53.0,14.0,50.0,13.0,50.0,13.0,52.0,12.0,49.0,12.0,48.0,12.0,53.0,11.0,49.0,11.0,50.0,11.0,47.0,10.0,48.0,10.0,50.0,9.0,49.0,8.0,46.0,9.0,48.0,7.0,47.0,8.0,47.0,7.0,48.0,6.0,47.0,6.0,49.0,5.0,45.0,5.0,47.0,4.0,48.0,4.0,48.0,3.0,49.0,3.0,49.0,2.0,47.0,1.0,45.0,1.0,48.0,1.0,40.0,0.0,7.0,0.0,10.0,0.0,14.0,0.0,15.0,1.0,13.0,2.0,14.0,2.0,14.0,3.0,16.0,3.0,16.0,4.0,14.0,4.0,14.0,4.0,14.0,5.0,15.0,6.0,15.0,6.0,13.0,7.0,13.0,7.0,12.0,8.0,14.0,8.0,15.0,8.0,14.0,8.0,13.0,9.0,15.0,9.0,15.0,10.0,13.0,11.0,15.0,11.0,15.0,11.0,15.0,12.0,14.0,13.0,16.0,13.0,18.0,13.0,16.0,14.0,19.0,14.0,24.0,15.0
1759560637.227238000,00:03:7f:25:14:25,00:03:7f:25:14:25,0a:f5:a5:94:4b:df,0a:f5:a5:94:4b:df,21,13,24,14,27,14,28,14,30,14,33,14,37,14,40,14,42,13,43,13,43,12,44,12,44,11,45,11,46,11,46,10,46,10,45,9,45,9,45,8,45,8,45,8,45,7,45,6,45,6,44,5,44,5,44,5,44,5,44,4,42,4,41,3,40,3,38,2,38,2,37,1,36,1,34,2,30,2,28,2,26,2,25,3,24,3,23,3,22,3,21,4,22,5,22,6,22,6,21,7,21,7,22,7,22,8,22,8,21,9,22,9,21,10,21,10,22,10,23,11,24,11,25,11,26,12,28,12,30,12,32,12,32,12,33,12,34,12,35,12,37,11,39,11,39,10,39,10,39,10,40,9,40,9,41,8,41,8,41,7,41,7,41,6,41,6,41,5,40,5,40,4,40,4,40,3,39,3,39,2,38,2,36,2,35,2,31,2,28,2,25,2,23,3,22,2,21,3,21,3,21,3,21,4,20,5,19,5,18,6,19,6,19,6,19,7,18.0,8.0,18.0,9.0,18.0,9.0,19.0,10.0,19.0,10.0,19.0,10.0,19.0,11.0,18.0,12.0,20.0,12.0,24.0,14.0,25.0,14.0,24.0,14.0,25.0,15.0,32.0,15.0,39.0,14.0,40.0,14.0,40.0,13.0,40.0,13.0,42.0,13.0,43.0,12.0,44.0,12.0,44.0,11.0,44.0,10.0,45.0,10.0,45.0,9.0,45.0,9.0,46.0,9.0,45.0,8.0,45.0,7.0,44.0,7.0,43.0,6.0,43.0,6.0,44.0,6.0,44.0,5.0,44.0,5.0,43.0,4.0,43.0,4.0,43.0,3.0,44.0,2.0,45.0,2.0,46.0,1.0,43.0,1.0,40.0,1.0,38.0,1.0,34.0,1.0,24.0,1.0,20.0,1.0,18.0,1.0,18.0,2.0,19.0,2.0,20.0,3.0,20.0,3.0,19.0,4.0,17.0,4.0,18.0,5.0,18.0,5.0,18.0,5.0,18.0,6.0,18.0,7.0,18.0,7.0,18.0,8.0,18.0,8.0,18.0,9.0,18.0,9.0,19.0,9.0,19.0,10.0,19.0,10.0,19.0,11.0,21.0,12.0,23.0,12.0,24.0,12.0,24.0,12.0,24.0,13.0,26.0,13.0,28.0,13.0,31.0,14.0,35.0,14.0,37.0,13.0,38.0,13.0,38.0,13.0,41.0,12.0,42.0,11.0,42.0,11.0,42.0,10.0,43.0,10.0,44.0,9.0,45.0,9.0,46.0,9.0,46.0,8.0,46.0,8.0,45.0,7.0,44.0,7.0,44.0,6.0,44.0,6.0,44.0,6.0,44.0,5.0,44.0,5.0,43.0,4.0,43.0,4.0,43.0,3.0,42.0,3.0,43.0,2.0,43.0,2.0,42.0,2.0,39.0,1.0,34.0,1.0,31.0,1.0,24.0,1.0,21.0,2.0,20.0,2.0,21.0,2.0,21.0,2.0,21.0,3.0,20.0,3.0,19.0,4.0,19.0,4.0,19.0,5.0,19.0,5.0,18.0,5.0,18.0,6.0,18.0,7.0,19.0,7.0,19.0,8.0,20.0,8.0,20.0,8.0,19.0,9.0
1759560637.324841000,00:03:7f:25:14:25,00:03:7f:25:14:25,3a:c8:97:94:99:7a,3a:c8:97:94:99:7a,18,10,17,11,17,10,15,11,14,12,11,13,12,13,4,14,5,14,61,14,60,13,58,12,56,12,56,11,56,10,55,10,55,10,54,9,54,7,53,7,54,6,55,5,56,5,57,4,58,4,59,3,59,3,61,3,0,3,0,3,4,3,6,3,5,4,6,4,7,4,8,4,9,5,10,5,10,5,10,6,12,6,12,7,12,7,12,8,11,8,11,9,13,10,14,10,13,11,14,11,12,12,14,12,14,13,14,13,13,14,8,14,16,15,14,15,48,15,50,15,47,14,47,14,46,13,46,13,47,12,46,12,48,11,48,12,46,10,47,10,46,9,47,9,46,8,46,8,45,8,46,7,45,6,44,6,46,5,45,5,43,5,42,4,41,3,41,3,39,2,39,1,38,2,34,1,32,1,27,1,26,1,25,2,23,3,23,2,21,4,20,4,19,5,17,5,19,5,19,6,19,6,19,7,19,7,19,8,19,8,18,9,22,9,19,9,20.0,10.0,18.0,10.0,21.0,11.0,21.0,12.0,21.0,12.0,21.0,12.0,21.0,13.0,26.0,13.0,25.0,14.0,39.0,14.0,34.0,13.0,35.0,13.0,38.0,13.0,40.0,13.0,37.0,12.0,38.0,12.0,41.0,12.0,39.0,11.0,40.0,10.0,41.0,10.0,41.0,10.0,38.0,9.0,41.0,8.0,40.0,8.0,40.0,7.0,40.0,7.0,38.0,6.0,38.0,6.0,38.0,5.0,35.0,5.0,34.0,4.0,28.0,5.0,33.0,4.0,29.0,4.0,25.0,4.0,24.0,5.0,23.0,4.0,21.0,5.0,22.0,5.0,23.0,5.0,18.0,7.0,20.0,6.0,20.0,8.0,18.0,8.0,17.0,8.0,17.0,10.0,18.0,10.0,13.0,11.0,15.0,10.0,15.0,11.0,16.0,11.0,15.0,12.0,15.0,13.0,15.0,13.0,11.0,14.0,10.0,14.0,12.0,14.0,8.0,14.0,0.0,15.0,55.0,15.0,60.0,15.0,55.0,15.0,51.0,14.0,52.0,14.0,49.0,13.0,49.0,12.0,52.0,12.0,48.0,12.0,48.0,12.0,53.0,10.0,49.0,11.0,50.0,11.0,47.0,10.0,48.0,10.0,50.0,9.0,49.0,8.0,46.0,9.0,48.0,7.0,47.0,7.0,47.0,7.0,48.0,6.0,48.0,5.0,49.0,5.0,46.0,5.0,48.0,4.0,49.0,4.0,48.0,3.0,49.0,3.0,50.0,2.0,48.0,1.0,48.0,1.0,51.0,1.0,48.0,0.0,3.0,0.0,7.0,0.0,10.0,0.0,13.0,1.0,10.0,2.0,12.0,2.0,12.0,2.0,15.0,3.0,15.0,3.0,13.0,4.0,13.0,4.0,13.0,5.0,14.0,5.0,13.0,5.0,12.0,6.0,12.0,7.0,12.0,7.0,13.0,7.0,14.0,8.0,13.0,8.0,12.0,9.0,14.0,9.0,14.0,10.0,13.0,10.0,14.0,10.0,14.0,11.0,13.0,12.0,13.0,12.0,16.0,12.0,17.0,12.0,15.0,13.0,16.0,14.0,15.0,15.0
1759560637.886586000,00:03:7f:25:14:25,00:03:7f:25:14:25,3a:c8:97:94:99:7a,3a:c8:97:94:99:7a,20,10,19,11,19,11,19,11,17,12,15,13,19,13,17,15,21,15,52,15,58,15,53,14,51,14,51,12,53,12,50,11,51,11,50,10,51,9,50,8,51,7,51,6,53,6,53,5,54,4,54,3,53,3,55,3,59,2,59,2,0,2,3,2,4,2,5,2,7,3,8,3,10,3,11,4,10,4,10,5,12,5,12,6,12,6,13,7,12,7,12,8,14,9,15,9,14,10,16,10,14,11,16,11,16,12,17,12,17,13,15,13,20,13,19,14,22,15,31,15,35,15,38,14,40,14,40,13,44,13,43,12,44,12,46,12,43,11,45,10,43,10,45,9,44,9,44,9,43,8,44,8,44,6,42,7,44,6,43,6,41,6,41,4,39,4,39,4,38,3,38,3,37,3,36,2,34,3,31,2,30,2,29,3,27,3,27,3,25,4,23,4,22,5,21,5,22,5,22,6,22,6,21,7,22,7,22,8,21,7,21,8,25,8,22,9,24.0,9.0,21.0,9.0,24.0,10.0,24.0,11.0,24.0,11.0,25.0,11.0,24.0,11.0,27.0,12.0,27.0,12.0,32.0,12.0,32.0,11.0,31.0,12.0,33.0,12.0,34.0,12.0,34.0,11.0,33.0,11.0,35.0,11.0,35.0,10.0,36.0,9.0,37.0,10.0,36.0,9.0,35.0,8.0,37.0,8.0,36.0,8.0,36.0,7.0,37.0,7.0,35.0,6.0,34.0,6.0,34.0,5.0,32.0,5.0,32.0,5.0,26.0,6.0,32.0,5.0,27.0,5.0,25.0,5.0,24.0,6.0,24.0,4.0,21.0,6.0,23.0,6.0,24.0,6.0,19.0,7.0,21.0,6.0,21.0,8.0,19.0,8.0,18.0,8.0,18.0,10.0,18.0,10.0,15.0,11.0,16.0,10.0,16.0,11.0,17.0,11.0,16.0,12.0,16.0,12.0,17.0,13.0,13.0,13.0,14.0,14.0,15.0,14.0,13.0,14.0,9.0,15.0,32.0,15.0,23.0,15.0,1.0,15.0,49.0,15.0,51.0,14.0,48.0,13.0,48.0,13.0,51.0,12.0,47.0,12.0,46.0,12.0,52.0,11.0,48.0,11.0,49.0,11.0,46.0,10.0,48.0,10.0,50.0,9.0,48.0,9.0,46.0,9.0,48.0,8.0,47.0,8.0,47.0,7.0,48.0,6.0,48.0,6.0,49.0,5.0,46.0,5.0,48.0,4.0,48.0,4.0,48.0,4.0,49.0,3.0,50.0,2.0,47.0,2.0,47.0,1.0,49.0,1.0,45.0,0.0,63.0,0.0,61.0,0.0,11.0,0.0,15.0,1.0,11.0,1.0,13.0,1.0,13.0,2.0,16.0,2.0,16.0,3.0,14.0,3.0,14.0,4.0,13.0,5.0,14.0,5.0,14.0,5.0,13.0,6.0,13.0,7.0,12.0,7.0,14.0,7.0,15.0,8.0,14.0,8.0,13.0,9.0,15.0,8.0,15.0,9.0,14.0,10.0,15.0,10.0,15.0,11.0,14.0,11.0,14.0,12.0,17.0,12.0,17.0,12.0,16.0,13.0,18.0,13.0,17.0,14.0
1759560638.395884000,00:03:7f:25:14:25,00:03:7f:25:14:25,3a:c8:97:94:99:7a,3a:c8:97:94:99:7a,12,10,10,11,10,10,7,11,4,11,1,12,1,12,60,11,61,11,58,10,60,10,59,9,57,9,57,9,58,8,57,8,57,8,56,7,57,6,56,6,57,5,58,5,59,4,59,4,61,4,62,3,61,4,63,3,0,3,1,4,4,3,5,3,5,4,6,4,7,5,7,5,8,5,9,5,9,6,9,6,11,6,10,7,10,7,11,8,10,8,10,9,11,10,13,10,11,11,13,11,11,12,13,12,11,13,12,13,10,14,8,14,10,15,7,15,53,15,51,14,49,14,49,14,47,13,47,12,48,12,47,11,48,11,48,11,46,10,47,9,46,9,47,8,46,8,46,7,45,7,46,6,45,5,44,5,45,5,44,4,43,4,42,3,40,2,39,2,36,2,34,1,32,1,28,1,27,2,23,2,22,2,23,3,21,4,22,3,21,5,19,5,18,6,17,7,19,6,19,8,19,8,19,9,19,9,19,10,18,10,19,11,22,11,20,11,22.0,12.0,21.0,13.0,22.0,13.0,27.0,14.0,25.0,14.0,28.0,14.0,37.0,15.0,39.0,14.0,45.0,13.0,46.0,11.0,47.0,11.0,45.0,10.0,45.0,10.0,46.0,10.0,43.0,10.0,44.0,8.0,45.0,7.0,44.0,7.0,45.0,6.0,45.0,6.0,46.0,4.0,42.0,4.0,44.0,3.0,44.0,2.0,44.0,1.0,38.0,1.0,34.0,1.0,30.0,1.0,27.0,1.0,25.0,1.0,24.0,2.0,15.0,3.0,20.0,2.0,17.0,3.0,15.0,4.0,15.0,5.0,16.0,4.0,14.0,6.0,16.0,6.0,18.0,6.0,14.0,7.0,16.0,7.0,16.0,8.0,15.0,8.0,14.0,8.0,14.0,10.0,14.0,10.0,11.0,11.0,12.0,10.0,12.0,11.0,13.0,11.0,11.0,12.0,10.0,12.0,12.0,13.0,7.0,13.0,7.0,14.0,9.0,13.0,6.0,13.0,0.0,14.0,0.0,14.0,62.0,15.0,61.0,14.0,57.0,14.0,56.0,14.0,53.0,13.0,52.0,12.0,54.0,12.0,51.0,12.0,50.0,12.0,55.0,10.0,51.0,11.0,52.0,11.0,49.0,10.0,50.0,10.0,52.0,9.0,51.0,8.0,49.0,9.0,50.0,7.0,49.0,7.0,49.0,7.0,50.0,6.0,50.0,6.0,51.0,5.0,48.0,5.0,50.0,4.0,51.0,4.0,51.0,4.0,52.0,3.0,53.0,2.0,52.0,2.0,53.0,1.0,54.0,1.0,57.0,1.0,63.0,1.0,63.0,1.0,3.0,1.0,8.0,1.0,6.0,2.0,9.0,2.0,9.0,2.0,12.0,3.0,12.0,3.0,11.0,4.0,11.0,4.0,11.0,5.0,12.0,5.0,12.0,5.0,11.0,6.0,11.0,7.0,10.0,7.0,12.0,7.0,13.0,7.0,12.0,8.0,11.0,8.0,13.0,8.0,13.0,9.0,12.0,10.0,13.0,10.0,13.0,10.0,12.0,11.0,11.0,12.0,13.0,12.0,14.0,13.0,12.0,13.0,13.0,14.0,9.0,15.0
1759560638.756361000,00:03:7f:25:14:25,00:03:7f:25:14:25,0a:f5:a5:94:4b:df,0a:f5:a5:94:4b:df,20,13,22,14,24,14,26,14,28,14,31,14,36,14,40,14,42,13,44,13,44,12,44,12,45,12,45,12,46,11,47,11,47,10,46,9,46,9,46,8,46,8,46,8,45,7,46,7,46,6,45,5,45,5,45,5,45,5,45,4,43,4,42,3,42,3,41,2,40,2,40,1,39,1,37,1,32,1,29,2,27,2,25,2,23,2,22,3,21,3,21,3,21,5,22,5,21,6,21,6,21,6,21,7,21,7,21,8,21,9,21,9,21,9,20,10,21,10,22,10,23,11,24,11,25,12,27,12,29,12,30,12,31,12,32,12,33,13,35,12,37,12,39,12,39,11,39,11,39,10,40,10,40,10,41,9,42,9,42,8,41,7,40,7,41,6,41,6,41,6,41,5,41,4,41,3,41,3,41,3,40,3,39,3,37,3,34,2,31,2,27,2,25,2,23,2,23,2,23,2,23,3,22,4,21,4,19,5,19,5,19,5,19,6,20,6,18.0,7.0,19.0,8.0,18.0,9.0,19.0,9.0,19.0,9.0,19.0,9.0,19.0,10.0,19.0,11.0,20.0,12.0,23.0,13.0,24.0,13.0,22.0,14.0,23.0,14.0,26.0,14.0,33.0,14.0,36.0,14.0,37.0,14.0,37.0,13.0,40.0,13.0,42.0,13.0,43.0,12.0,43.0,11.0,43.0,11.0,44.0,10.0,44.0,10.0,44.0,10.0,45.0,9.0,45.0,9.0,44.0,8.0,43.0,8.0,43.0,7.0,43.0,7.0,44.0,6.0,44.0,6.0,44.0,6.0,43.0,5.0,42.0,5.0,43.0,4.0,43.0,3.0,44.0,3.0,45.0,2.0,43.0,2.0,40.0,2.0,39.0,2.0,36.0,1.0,29.0,1.0,25.0,1.0,22.0,1.0,21.0,2.0,22.0,2.0,22.0,3.0,22.0,3.0,21.0,3.0,19.0,4.0,19.0,5.0,20.0,5.0,19.0,5.0,19.0,6.0,19.0,6.0,18.0,7.0,19.0,8.0,18.0,8.0,18.0,8.0,19.0,9.0,20.0,9.0,20.0,10.0,20.0,10.0,20.0,11.0,21.0,12.0,23.0,12.0,24.0,12.0,24.0,12.0,24.0,12.0,26.0,13.0,27.0,13.0,30.0,13.0,33.0,13.0,35.0,13.0,36.0,13.0,36.0,12.0,39.0,12.0,41.0,11.0,41.0,11.0,42.0,10.0,42.0,10.0,43.0,9.0,45.0,9.0,45.0,9.0,45.0,8.0,45.0,8.0,44.0,7.0,44.0,7.0,43.0,6.0,43.0,6.0,43.0,6.0,43.0,5.0,43.0,5.0,42.0,4.0,42.0,4.0,42.0,3.0,41.0,3.0,42.0,2.0,43.0,2.0,41.0,2.0,38.0,2.0,34.0,1.0,30.0,1.0,23.0,2.0,20.0,2.0,19.0,2.0,20.0,2.0,20.0,3.0,20.0,3.0,19.0,4.0,19.0,4.0,19.0,5.0,19.0,5.0,18.0,5.0,18.0,6.0,17.0,6.0,18.0,7.0,18.0,8.0,19.0,8.0,19.0,8.0,19.0,9.0,19.0,9.0
1759560638.947231000,00:03:7f:25:14:25,00:03:7f:25:14:25,3a:c8:97:94:99:7a,3a:c8:97:94:99:7a,25,9,25,10,25,10,25,11,25,11,25,13,28,12,34,14,34,13,39,13,42,14,46,12,44,12,47,11,50,11,49,9,49,9,49,8,50,7,49,7,51,6,51,5,52,5,53,4,55,3,55,3,54,3,56,2,59,2,60,2,0,2,3,2,3,2,4,3,6,3,7,3,8,3,9,4,9,4,9,4,12,5,11,5,12,5,12,6,11,6,11,7,13,8,14,8,13,9,15,9,13,10,16,10,15,11,16,12,16,12,14,12,17,13,17,13,19,14,20,14,25,14,29,15,38,14,40,14,44,14,43,13,44,12,46,12,43,11,45,11,44,10,45,10,45,9,44,9,44,8,45,8,44,7,43,7,44,6,44,6,42,5,42,4,41,4,40,3,39,3,39,2,38,2,37,2,35,2,30,1,30,1,28,2,25,3,25,2,22,4,21,4,19,4,18,5,20,4,19,5,19,5,19,6,19,7,19,8,18,8,18,8,21,8,19,9,20.0,10.0,18.0,10.0,20.0,11.0,20.0,11.0,19.0,11.0,20.0,12.0,22.0,13.0,21.0,13.0,29.0,14.0,33.0,13.0,43.0,14.0,41.0,13.0,37.0,13.0,39.0,13.0,38.0,12.0,40.0,11.0,41.0,11.0,40.0,10.0,40.0,9.0,42.0,9.0,41.0,8.0,39.0,8.0,41.0,7.0,40.0,6.0,40.0,5.0,39.0,5.0,37.0,4.0,36.0,4.0,34.0,3.0,33.0,3.0,31.0,3.0,23.0,4.0,29.0,3.0,24.0,3.0,21.0,4.0,20.0,4.0,20.0,4.0,18.0,5.0,20.0,5.0,21.0,5.0,17.0,6.0,19.0,6.0,19.0,7.0,17.0,8.0,16.0,8.0,16.0,9.0,16.0,9.0,13.0,10.0,15.0,10.0,15.0,11.0,15.0,11.0,14.0,12.0,14.0,12.0,15.0,13.0,10.0,13.0,11.0,14.0,13.0,13.0,10.0,14.0,4.0,14.0,6.0,15.0,8.0,15.0,63.0,15.0,58.0,15.0,56.0,14.0,51.0,13.0,51.0,13.0,53.0,12.0,50.0,12.0,49.0,12.0,54.0,11.0,50.0,11.0,51.0,11.0,48.0,10.0,50.0,10.0,52.0,9.0,50.0,9.0,48.0,9.0,50.0,8.0,49.0,8.0,49.0,7.0,49.0,6.0,49.0,6.0,50.0,6.0,47.0,6.0,50.0,4.0,50.0,4.0,50.0,4.0,52.0,3.0,53.0,3.0,51.0,2.0,52.0,1.0,52.0,2.0,55.0,1.0,61.0,1.0,60.0,1.0,1.0,1.0,7.0,1.0,6.0,1.0,8.0,2.0,8.0,2.0,12.0,2.0,12.0,3.0,10.0,3.0,10.0,4.0,11.0,5.0,12.0,5.0,11.0,5.0,10.0,6.0,11.0,6.0,10.0,7.0,12.0,7.0,13.0,7.0,12.0,8.0,11.0,8.0,13.0,8.0,12.0,9.0,11.0,9.0,12.0,10.0,13.0,10.0,12.0,11.0,10.0,12.0,13.0,12.0,13.0,12.0,11.0,13.0,12.0,13.0,9.0,14.0
1759560639.382806000,00:03:7f:25:14:25,00:03:7f:25:14:25,0a:f5:a5:94:4b:df,0a:f5:a5:94:4b:df,21,14,24,14,27,14,28,14,30,14,32,14,36,14,40,14,42,13,44,13,44,12,44,12,44,12,45,11,46,11,47,10,46,10,45,9,45,9,45,8,45,8,45,8,44,7,45,6,44,6,44,5,44,5,44,5,44,5,43,4,42,4,40,3,39,3,37,2,36,2,36,2,35,2,33,2,30,2,28,3,26,3,25,3,24,3,23,4,22,4,21,4,22,6,22,6,22,7,22,7,22,7,22,8,22,8,22,9,22,10,22,10,22,11,22,11,23,11,24,11,25,12,26,12,29,13,31,13,33,12,35,12,35,12,36,12,37,12,38,12,40,11,41,11,40,10,40,10,41,9,41,9,42,9,42,8,42,7,42,7,42,6,41,5,41,5,41,5,41,4,41,4,41,3,40,2,40,2,40,2,39,2,37,2,34,2,31,2,27,2,23,2,21,2,20,2,20,2,20,3,20,3,20,4,19,5,18,5,18,6,18,6,18,6,19,7,18.0,8.0,18.0,9.0,18.0,9.0,19.0,10.0,19.0,10.0,19.0,10.0,18.0,11.0,19.0,12.0,20.0,12.0,24.0,13.0,25.0,14.0,24.0,14.0,24.0,15.0,31.0,15.0,38.0,14.0,40.0,14.0,40.0,13.0,40.0,13.0,42.0,13.0,43.0,12.0,44.0,12.0,44.0,11.0,44.0,10.0,44.0,10.0,45.0,10.0,45.0,9.0,45.0,9.0,45.0,8.0,44.0,8.0,43.0,7.0,43.0,6.0,43.0,6.0,44.0,6.0,44.0,5.0,44.0,5.0,43.0,4.0,42.0,4.0,42.0,3.0,42.0,2.0,44.0,2.0,45.0,1.0,43.0,1.0,40.0,1.0,37.0,1.0,33.0,1.0,24.0,1.0,21.0,1.0,18.0,2.0,18.0,2.0,19.0,2.0,20.0,3.0,20.0,3.0,19.0,4.0,17.0,5.0,17.0,5.0,18.0,5.0,18.0,5.0,18.0,6.0,18.0,7.0,17.0,8.0,18.0,8.0,17.0,9.0,17.0,9.0,18.0,9.0,19.0,9.0,19.0,10.0,19.0,11.0,19.0,11.0,21.0,12.0,23.0,12.0,24.0,12.0,23.0,12.0,24.0,13.0,26.0,13.0,28.0,14.0,32.0,14.0,36.0,14.0,37.0,13.0,38.0,13.0,38.0,12.0,40.0,12.0,42.0,11.0,42.0,11.0,43.0,10.0,43.0,9.0,44.0,9.0,46.0,9.0,46.0,8.0,46.0,8.0,46.0,7.0,45.0,7.0,44.0,6.0,44.0,6.0,44.0,6.0,44.0,5.0,44.0,5.0,44.0,4.0,43.0,4.0,42.0,3.0,42.0,3.0,41.0,2.0,42.0,1.0,44.0,1.0,43.0,1.0,38.0,1.0,32.0,1.0,28.0,1.0,20.0,2.0,18.0,2.0,18.0,2.0,19.0,2.0,19.0,3.0,19.0,3.0,18.0,4.0,18.0,4.0,18.0,5.0,18.0,5.0,18.0,6.0,17.0,6.0,17.0,7.0,17.0,7.0,18.0,8.0,18.0,9.0,19.0,9.0,19.0,9.0,19.0,10.0
1759560639.547110000,00:03:7f:25:14:25,00:03:7f:25:14:25,3a:c8:97:94:99:7a,3a:c8:97:94:99:7a,8,12,5,13,4,12,3,13,0,12,62,12,60,13,58,12,58,12,56,11,57,11,57,10,55,10,55,9,56,9,55,8,55,8,53,8,54,7,54,7,54,6,55,5,56,5,56,4,57,4,57,3,56,4,58,3,60,3,61,3,63,3,1,3,2,3,2,3,4,3,5,3,7,3,7,4,8,4,8,4,10,5,9,5,10,5,11,6,10,6,10,7,12,8,13,8,12,9,13,9,11,9,14,10,13,10,14,11,13,12,11,12,15,12,13,13,13,14,12,14,16,15,12,15,37,15,39,15,47,15,45,13,46,13,48,13,45,12,46,11,45,11,46,10,45,10,46,10,45,9,45,8,45,7,44,7,45,7,45,6,43,6,43,5,42,4,42,4,40,4,40,3,40,3,39,2,38,2,33,2,32,1,29,2,26,2,28,2,24,4,21,3,19,4,19,4,20,4,20,5,19,5,19,6,20,6,19,8,19,7,18,8,22,8,19,9,20.0,10.0,18.0,10.0,20.0,11.0,19.0,11.0,19.0,12.0,18.0,12.0,20.0,14.0,21.0,14.0,30.0,14.0,34.0,13.0,50.0,13.0,49.0,13.0,43.0,13.0,46.0,13.0,41.0,12.0,43.0,11.0,45.0,10.0,43.0,10.0,44.0,7.0,46.0,8.0,46.0,6.0,42.0,6.0,45.0,5.0,47.0,4.0,45.0,3.0,43.0,3.0,37.0,2.0,36.0,1.0,37.0,0.0,33.0,1.0,30.0,1.0,15.0,3.0,24.0,1.0,18.0,2.0,15.0,3.0,15.0,4.0,16.0,3.0,14.0,4.0,15.0,4.0,18.0,4.0,13.0,6.0,15.0,5.0,16.0,7.0,14.0,7.0,13.0,7.0,13.0,9.0,14.0,8.0,10.0,10.0,12.0,9.0,12.0,10.0,13.0,10.0,12.0,10.0,11.0,11.0,12.0,11.0,9.0,11.0,9.0,12.0,12.0,12.0,9.0,12.0,5.0,13.0,9.0,14.0,9.0,14.0,6.0,13.0,3.0,14.0,1.0,14.0,58.0,14.0,55.0,13.0,58.0,13.0,54.0,13.0,52.0,13.0,56.0,12.0,53.0,12.0,53.0,12.0,50.0,11.0,51.0,11.0,53.0,10.0,51.0,10.0,49.0,10.0,50.0,9.0,49.0,9.0,50.0,8.0,50.0,7.0,50.0,7.0,50.0,7.0,48.0,7.0,50.0,6.0,51.0,6.0,50.0,5.0,52.0,4.0,52.0,4.0,51.0,3.0,51.0,3.0,51.0,3.0,51.0,2.0,55.0,2.0,54.0,1.0,56.0,1.0,61.0,1.0,63.0,1.0,3.0,1.0,4.0,1.0,9.0,1.0,11.0,2.0,9.0,2.0,10.0,2.0,10.0,3.0,12.0,4.0,11.0,4.0,11.0,5.0,11.0,5.0,11.0,6.0,12.0,6.0,14.0,6.0,13.0,7.0,12.0,7.0,14.0,7.0,13.0,8.0,13.0,8.0,14.0,9.0,14.0,9.0,13.0,10.0,12.0,11.0,15.0,11.0,15.0,11.0,14.0,12.0,15.0,12.0,13.0,13.0
1759560640.135958000,00:03:7f:25:14:25,00:03:7f:25:14:25,3a:c8:97:94:99:7a,3a:c8:97:94:99:7a,15,12,14,13,13,13,11,14,7,14,2,14,56,15,54,14,53,14,51,13,52,13,52,12,51,12,51,11,52,10,50,10,51,9,50,9,50,8,50,7,50,6,50,6,51,5,51,5,52,5,52,4,51,3,52,3,55,3,54,2,58,1,60,1,62,1,0,2,4,2,5,1,8,2,10,3,10,3,10,3,12,4,12,4,13,4,13,5,13,6,13,6,14,7,15,7,14,8,16,9,14,9,16,10,15,10,16,11,15,11,14,12,16,12,15,13,15,13,15,14,18,14,15,15,24,15,33,15,51,15,47,14,49,14,51,14,47,13,48,12,47,12,48,11,48,11,48,11,47,10,48,9,48,8,46,8,48,8,48,7,46,7,46,6,47,5,46,5,45,4,47,3,47,3,48,2,47,2,47,2,49,2,42,1,48,0,49,1,21,0,5,0,9,1,7,0,8,1,11,2,8,1,8,2,9,1,11,3,10,2,10,3,13,2,10,4,11.0,4.0,8.0,4.0,11.0,5.0,10.0,6.0,9.0,5.0,11.0,6.0,10.0,6.0,11.0,7.0,10.0,7.0,8.0,8.0,12.0,8.0,10.0,8.0,10.0,9.0,8.0,10.0,8.0,10.0,8.0,10.0,8.0,10.0,9.0,11.0,7.0,11.0,6.0,12.0,5.0,12.0,7.0,13.0,3.0,12.0,3.0,12.0,1.0,12.0,1.0,11.0,0.0,11.0,63.0,11.0,61.0,10.0,61.0,10.0,61.0,8.0,0.0,10.0,61.0,8.0,0.0,7.0,2.0,7.0,0.0,8.0,4.0,6.0,2.0,7.0,5.0,6.0,8.0,5.0,5.0,7.0,7.0,7.0,8.0,8.0,6.0,8.0,5.0,8.0,6.0,9.0,6.0,9.0,3.0,10.0,5.0,9.0,5.0,10.0,6.0,10.0,4.0,10.0,3.0,10.0,5.0,11.0,2.0,10.0,2.0,11.0,5.0,11.0,3.0,11.0,63.0,12.0,3.0,12.0,2.0,13.0,1.0,12.0,0.0,12.0,63.0,12.0,58.0,12.0,57.0,12.0,58.0,12.0,56.0,12.0,54.0,12.0,58.0,11.0,54.0,11.0,54.0,11.0,51.0,10.0,52.0,10.0,54.0,9.0,52.0,9.0,49.0,9.0,51.0,8.0,50.0,8.0,50.0,8.0,50.0,7.0,50.0,6.0,51.0,6.0,48.0,6.0,50.0,5.0,51.0,5.0,50.0,4.0,51.0,4.0,53.0,3.0,51.0,2.0,51.0,2.0,52.0,2.0,51.0,1.0,58.0,1.0,54.0,1.0,61.0,0.0,9.0,0.0,5.0,1.0,9.0,1.0,8.0,1.0,13.0,2.0,14.0,2.0,12.0,3.0,11.0,3.0,12.0,5.0,13.0,5.0,13.0,5.0,12.0,6.0,12.0,6.0,11.0,7.0,13.0,7.0,14.0,7.0,13.0,8.0,12.0,8.0,15.0,8.0,14.0,9.0,13.0,10.0,14.0,10.0,15.0,10.0,14.0,11.0,13.0,12.0,16.0,12.0,17.0,12.0,16.0,13.0,17.0,14.0,17.0,14.0
1759560640.293519000,00:03:7f:25:14:25,00:03:7f:25:14:25,0a:f5:a5:94:4b:df,0a:f5:a5:94:4b:df,29,15,38,15,40,14,41,14,42,14,43,13,44,13,45,12,45,11,46,11,46,10,46,10,46,9,46,9,47,8,47,8,47,7,46,6,46,6,46,5,46,5,46,4,45,4,46,3,45,2,45,2,45,2,45,1,45,1,43,1,34,0,26,1,21,1,18,1,16,2,16,2,17,2,17,3,17,4,17,4,17,5,17,5,16,6,16,6,15,7,15,7,16,8,16,9,16,10,15,10,16,10,16,10,16,11,15,12,14,12,14,13,14,13,14,14,15,14,13,14,12,14,8,15,60,15,52,15,50,14,49,14,49,13,49,13,49,13,49,12,49,11,49,11,48,10,48,10,48,10,48,9,48,9,48,8,48,8,48,7,47,7,47,6,47,5,47,5,47,5,47,4,48,3,48,3,48,2,49,2,48,2,47,1,44,1,39,0,24,0,18,1,15,1,15,1,16,2,16,2,17,3,17,3,17,4,15,5,15,5,16,6,16,6,17,7,16.0,8.0,16.0,8.0,16.0,9.0,16.0,9.0,17.0,10.0,17.0,10.0,16.0,10.0,17.0,11.0,18.0,12.0,21.0,13.0,23.0,14.0,20.0,14.0,22.0,14.0,28.0,15.0,35.0,14.0,38.0,14.0,39.0,13.0,39.0,13.0,41.0,13.0,42.0,12.0,43.0,11.0,43.0,10.0,43.0,10.0,44.0,9.0,45.0,9.0,45.0,8.0,45.0,8.0,44.0,7.0,44.0,6.0,43.0,6.0,43.0,5.0,43.0,5.0,45.0,4.0,45.0,4.0,45.0,3.0,44.0,3.0,44.0,2.0,45.0,2.0,46.0,1.0,50.0,1.0,52.0,1.0,51.0,0.0,49.0,0.0,48.0,0.0,61.0,0.0,11.0,0.0,12.0,1.0,11.0,1.0,12.0,1.0,15.0,2.0,17.0,2.0,17.0,2.0,16.0,3.0,15.0,4.0,16.0,4.0,17.0,4.0,17.0,4.0,17.0,5.0,17.0,6.0,17.0,6.0,18.0,7.0,18.0,7.0,18.0,8.0,19.0,8.0,19.0,9.0,20.0,9.0,20.0,10.0,20.0,11.0,22.0,11.0,23.0,12.0,24.0,12.0,24.0,12.0,25.0,12.0,27.0,13.0,29.0,13.0,33.0,13.0,36.0,13.0,37.0,13.0,39.0,12.0,39.0,12.0,42.0,11.0,43.0,11.0,43.0,10.0,44.0,10.0,44.0,10.0,45.0,9.0,47.0,9.0,47.0,8.0,47.0,8.0,47.0,7.0,46.0,7.0,45.0,6.0,45.0,6.0,45.0,6.0,45.0,5.0,45.0,5.0,45.0,4.0,44.0,4.0,44.0,3.0,44.0,3.0,43.0,2.0,44.0,2.0,45.0,1.0,44.0,1.0,39.0,1.0,31.0,1.0,26.0,1.0,19.0,1.0,17.0,2.0,17.0,2.0,18.0,3.0,18.0,3.0,18.0,3.0,18.0,4.0,17.0,4.0,18.0,5.0,18.0,6.0,17.0,6.0,17.0,6.0,17.0,7.0,17.0,8.0,18.0,8.0,18.0,9.0,18.0,9.0,19.0,10.0,18.0,10.0
1759560640.637289000,00:03:7f:25:14:25,00:03:7f:25:14:25,3a:c8:97:94:99:7a,3a:c8:97:94:99:7a,49,13,47,13,49,12,48,12,48,11,49,11,48,11,48,10,49,9,48,9,49,9,50,8,48,8,49,7,51,7,50,6,51,6,49,5,50,4,51,4,52,3,52,3,53,3,54,2,56,2,56,1,57,2,57,1,61,1,62,1,4,1,7,1,7,2,7,2,9,3,9,3,10,3,12,4,11,4,11,4,13,5,13,5,13,5,13,6,13,7,13,7,14,8,15,8,14,9,16,9,14,10,16,10,15,11,15,11,15,12,14,12,16,13,15,13,15,13,14,14,16,14,11,15,28,15,38,15,54,15,45,14,48,14,49,14,46,14,45,13,47,13,44,12,44,12,43,12,41,12,42,12,39,11,38,11,38,10,37,10,34,10,33,10,30,10,32,10,31,10,31,10,32,10,33,9,33,9,31,9,33,9,33,9,33,10,33,8,32,9,32,8,30,8,29,8,31,7,29,7,30,7,29,7,29,7,27,8,27,7,26,8,29,8,25,8,26.0,9.0,25.0,9.0,26.0,10.0,26.0,10.0,26.0,10.0,26.0,11.0,27.0,11.0,28.0,11.0,32.0,12.0,36.0,11.0,37.0,12.0,37.0,12.0,37.0,11.0,38.0,11.0,38.0,10.0,39.0,10.0,41.0,9.0,41.0,9.0,42.0,8.0,43.0,8.0,44.0,7.0,42.0,7.0,45.0,6.0,45.0,6.0,46.0,5.0,46.0,4.0,46.0,4.0,46.0,3.0,46.0,3.0,44.0,3.0,43.0,2.0,46.0,2.0,46.0,2.0,45.0,1.0,47.0,1.0,43.0,1.0,51.0,0.0,30.0,0.0,22.0,0.0,24.0,0.0,17.0,1.0,17.0,1.0,21.0,2.0,18.0,2.0,17.0,2.0,18.0,4.0,19.0,4.0,15.0,5.0,16.0,5.0,18.0,6.0,18.0,6.0,18.0,6.0,17.0,6.0,18.0,8.0,17.0,8.0,18.0,9.0,21.0,9.0,18.0,9.0,17.0,11.0,21.0,11.0,20.0,11.0,18.0,11.0,21.0,12.0,21.0,12.0,24.0,13.0,27.0,14.0,27.0,14.0,29.0,14.0,33.0,14.0,43.0,14.0,39.0,14.0,42.0,14.0,40.0,13.0,42.0,13.0,46.0,12.0,45.0,12.0,42.0,11.0,45.0,10.0,43.0,10.0,44.0,10.0,44.0,9.0,44.0,8.0,45.0,8.0,42.0,8.0,44.0,7.0,44.0,6.0,44.0,6.0,46.0,6.0,45.0,5.0,43.0,4.0,41.0,4.0,42.0,4.0,39.0,3.0,38.0,3.0,38.0,3.0,36.0,2.0,34.0,2.0,32.0,2.0,31.0,2.0,30.0,2.0,29.0,3.0,27.0,3.0,26.0,3.0,25.0,2.0,23.0,4.0,23.0,5.0,23.0,5.0,20.0,6.0,20.0,6.0,19.0,7.0,21.0,7.0,21.0,8.0,20.0,8.0,19.0,8.0,21.0,8.0,21.0,9.0,20.0,10.0,21.0,10.0,21.0,11.0,20.0,11.0,20.0,12.0,23.0,12.0,23.0,12.0,23.0,12.0,25.0,13.0,27.0,13.0
1759560641.170918000,00:03:7f:25:14:25,00:03:7f:25:14:25,3a:c8:97:94:99:7a,3a:c8:97:94:99:7a,27,8,27,8,27,8,26,9,25,9,25,10,26,9,27,10,27,9,26,10,25,11,26,11,24,11,28,12,28,12,26,12,29,12,26,13,27,13,33,14,35,14,41,14,41,14,41,14,44,13,46,13,45,13,46,12,47,12,47,11,46,10,47,10,45,10,47,10,47,9,47,9,48,8,48,7,47,7,47,7,48,6,48,6,47,5,47,5,46,4,47,3,48,2,48,2,45,1,45,1,34,0,24,1,19,1,18,2,18,2,17,2,17,3,16,4,16,5,17,6,18,6,17,7,19,7,20,8,20,8,19,9,22,10,21,11,20,11,25,11,24,12,27,12,28,12,30,13,32,13,35,12,36,11,36,11,38,10,38,10,37,9,38,8,37,7,37,6,36,5,36,5,36,4,35,4,33,4,28,3,27,3,27,4,24,5,23,3,23,5,21,5,19,6,18,6,19,6,19,7,18,7,18,7,18,7,17,8,18,8,17,9,20,9,19,9,21.0,9.0,19.0,9.0,21.0,10.0,22.0,11.0,22.0,11.0,24.0,11.0,22.0,11.0,27.0,11.0,26.0,12.0,33.0,13.0,32.0,11.0,32.0,11.0,34.0,11.0,34.0,11.0,33.0,11.0,32.0,11.0,34.0,11.0,34.0,10.0,35.0,10.0,36.0,10.0,35.0,9.0,34.0,9.0,35.0,10.0,33.0,10.0,35.0,11.0,36.0,11.0,35.0,11.0,33.0,11.0,33.0,12.0,34.0,13.0,37.0,13.0,26.0,15.0,45.0,13.0,49.0,13.0,54.0,13.0,50.0,12.0,54.0,12.0,51.0,13.0,54.0,12.0,56.0,10.0,53.0,11.0,54.0,9.0,52.0,10.0,53.0,10.0,53.0,9.0,54.0,10.0,53.0,10.0,53.0,9.0,57.0,8.0,55.0,9.0,54.0,9.0,55.0,9.0,55.0,9.0,57.0,9.0,57.0,7.0,57.0,8.0,60.0,8.0,59.0,8.0,55.0,9.0,60.0,8.0,58.0,9.0,58.0,9.0,58.0,8.0,59.0,8.0,58.0,8.0,58.0,8.0,60.0,8.0,57.0,8.0,56.0,8.0,61.0,7.0,59.0,8.0,58.0,8.0,56.0,7.0,57.0,7.0,59.0,7.0,58.0,7.0,54.0,7.0,56.0,6.0,55.0,7.0,55.0,6.0,56.0,5.0,55.0,6.0,56.0,6.0,53.0,5.0,56.0,4.0,56.0,4.0,55.0,3.0,58.0,2.0,61.0,2.0,62.0,1.0,0.0,1.0,60.0,1.0,5.0,1.0,6.0,2.0,11.0,2.0,11.0,2.0,13.0,3.0,10.0,4.0,12.0,3.0,12.0,4.0,15.0,4.0,15.0,5.0,13.0,5.0,14.0,6.0,12.0,7.0,13.0,7.0,13.0,7.0,12.0,8.0,11.0,8.0,11.0,9.0,13.0,9.0,14.0,9.0,13.0,10.0,12.0,10.0,14.0,10.0,13.0,10.0,12.0,11.0,14.0,11.0,13.0,12.0,13.0,12.0,14.0,14.0,17.0,13.0,19.0,13.0,17.0,14.0,19.0,14.0,24.0,15.0
1759560641.791625000,00:03:7f:25:14:25,00:03:7f:25:14:25,0a:f5:a5:94:4b:df,0a:f5:a5:94:4b:df,12,14,11,15,10,15,11,15,8,15,56,15,55,15,52,14,51,14,51,13,50,13,49,12,49,12,49,12,50,11,50,11,50,10,49,10,49,9,48,9,48,9,48,8,48,8,48,7,48,6,48,6,47,5,47,5,47,5,48,4,47,4,46,3,46,2,47,2,48,1,50,1,49,1,48,0,34,0,22,0,19,1,17,1,16,2,15,2,14,2,14,3,16,4,17,5,16,5,16,6,16,6,17,6,17,7,17,8,16,8,16,9,16,9,15,10,16,10,16,10,17,11,17,11,17,12,18,13,20,13,21,14,22,14,22,14,22,14,28,15,40,15,43,14,42,13,42,13,42,13,43,12,43,12,44,12,45,11,44,10,44,10,43,9,43,9,43,8,43,8,43,7,44,7,44,6,44,5,44,5,43,5,42,5,41,4,40,4,39,3,36,3,35,2,34,2,34,2,32,2,31,2,29,2,27,3,24,3,23,3,23,3,23,3,23,4,22.0,5.0,22.0,6.0,21.0,6.0,21.0,6.0,22.0,7.0,22.0,7.0,22.0,7.0,22.0,8.0,23.0,8.0,23.0,9.0,26.0,10.0,24.0,10.0,24.0,11.0,25.0,11.0,26.0,11.0,27.0,11.0,29.0,11.0,29.0,11.0,30.0,11.0,31.0,11.0,33.0,11.0,35.0,11.0,35.0,10.0,36.0,10.0,37.0,10.0,38.0,10.0,38.0,9.0,38.0,9.0,39.0,8.0,38.0,8.0,37.0,7.0,38.0,7.0,39.0,6.0,39.0,6.0,40.0,6.0,39.0,5.0,39.0,5.0,39.0,4.0,40.0,3.0,41.0,2.0,42.0,2.0,39.0,2.0,37.0,2.0,36.0,1.0,32.0,1.0,24.0,1.0,20.0,2.0,18.0,2.0,17.0,2.0,18.0,3.0,20.0,3.0,19.0,4.0,18.0,4.0,17.0,5.0,17.0,5.0,17.0,5.0,17.0,5.0,17.0,6.0,17.0,7.0,16.0,7.0,17.0,8.0,16.0,8.0,16.0,9.0,16.0,9.0,17.0,10.0,17.0,10.0,16.0,11.0,16.0,11.0,18.0,12.0,19.0,12.0,20.0,13.0,19.0,13.0,19.0,13.0,20.0,14.0,20.0,14.0,21.0,15.0,34.0,15.0,39.0,15.0,39.0,14.0,39.0,14.0,43.0,13.0,44.0,13.0,45.0,12.0,45.0,12.0,45.0,11.0,46.0,11.0,48.0,10.0,48.0,10.0,49.0,10.0,48.0,9.0,47.0,9.0,47.0,8.0,46.0,8.0,46.0,8.0,46.0,7.0,46.0,7.0,47.0,6.0,46.0,6.0,46.0,5.0,46.0,5.0,47.0,4.0,48.0,4.0,48.0,3.0,47.0,3.0,46.0,3.0,45.0,2.0,43.0,2.0,40.0,0.0,35.0,0.0,32.0,0.0,28.0,0.0,24.0,1.0,23.0,1.0,22.0,2.0,21.0,2.0,19.0,2.0,19.0,3.0,18.0,3.0,18.0,3.0,18.0,4.0,18.0,5.0,19.0,5.0,19.0,6.0,19.0,6.0,19.0,7.0,18.0,7.0
1759560641.858466000,00:03:7f:25:14:25,00:03:7f:25:14:25,3a:c8:97:94:99:7a,3a:c8:97:94:99:7a,23,13,24,13,25,13,26,13,28,14,31,14,33,13,37,13,37,13,37,12,37,13,40,12,39,12,41,11,42,11,41,10,41,10,40,10,40,9,40,10,39,9,38,9,39,9,37,8,36,9,37,8,33,10,33,10,32,10,30,13,26,11,28,12,27,12,26,13,24,14,27,14,35,15,38,15,35,14,41,15,48,14,48,13,49,12,49,12,48,11,49,11,51,10,51,9,50,9,52,9,50,8,53,7,53,6,53,6,54,6,54,5,55,6,55,5,55,5,57,4,60,4,59,4,60,4,62,4,63,4,63,4,2,4,1,5,1,4,2,4,3,5,3,5,4,6,4,6,3,6,4,6,5,6,5,7,5,6,4,6,4,6,4,6,5,7,5,6,6,6,7,6,6,5,9,4,12,4,12,4,13,3,20,4,18,6,21,3,22,6,22,5,21,6,21,6,23,5,23,6,24,6,24,6,26,6,25,7,25,6,24,7,29,7,26,7,28.0,7.0,28.0,6.0,29.0,6.0,29.0,6.0,30.0,5.0,31.0,5.0,32.0,5.0,29.0,5.0,33.0,4.0,27.0,4.0,28.0,3.0,25.0,3.0,24.0,4.0,23.0,4.0,22.0,5.0,22.0,5.0,23.0,4.0,22.0,5.0,21.0,5.0,21.0,5.0,18.0,5.0,21.0,6.0,21.0,6.0,19.0,6.0,19.0,7.0,21.0,7.0,20.0,7.0,20.0,7.0,18.0,8.0,18.0,8.0,18.0,8.0,15.0,9.0,18.0,10.0,16.0,10.0,15.0,10.0,14.0,11.0,16.0,10.0,13.0,11.0,14.0,12.0,15.0,12.0,11.0,13.0,13.0,13.0,10.0,14.0,5.0,14.0,4.0,14.0,0.0,14.0,62.0,14.0,58.0,13.0,60.0,13.0,58.0,12.0,57.0,13.0,56.0,12.0,56.0,12.0,57.0,12.0,56.0,10.0,55.0,11.0,58.0,10.0,56.0,10.0,53.0,11.0,57.0,10.0,54.0,11.0,54.0,10.0,55.0,10.0,55.0,9.0,54.0,9.0,54.0,8.0,56.0,8.0,54.0,8.0,53.0,8.0,58.0,7.0,55.0,8.0,55.0,8.0,53.0,7.0,54.0,6.0,57.0,6.0,55.0,6.0,53.0,6.0,55.0,5.0,54.0,5.0,54.0,5.0,56.0,4.0,56.0,4.0,58.0,4.0,55.0,4.0,59.0,3.0,59.0,3.0,59.0,3.0,62.0,2.0,0.0,2.0,1.0,2.0,3.0,2.0,0.0,2.0,4.0,2.0,4.0,3.0,6.0,3.0,7.0,3.0,8.0,4.0,7.0,4.0,9.0,4.0,9.0,4.0,12.0,5.0,12.0,5.0,11.0,6.0,12.0,6.0,11.0,7.0,12.0,7.0,12.0,7.0,10.0,8.0,10.0,9.0,10.0,9.0,11.0,9.0,12.0,10.0,12.0,10.0,10.0,11.0,12.0,10.0,11.0,11.0,9.0,12.0,10.0,12.0,10.0,12.0,8.0,13.0,6.0,14.0,9.0,14.0,11.0,14.0,5.0,14.0,3.0,14.0,57.0,14.0
1759560642.348937000,00:03:7f:25:14:25,00:03:7f:25:14:25,3a:c8:97:94:99:7a,3a:c8:97:94:99:7a,11,10,10,11,11,11,10,11,8,12,7,12,8,13,4,13,6,13,2,13,2,13,63,13,61,13,60,13,59,12,57,12,56,12,54,12,55,11,54,10,53,10,53,9,54,9,53,8,53,8,54,7,52,7,53,6,55,6,54,5,56,4,56,4,56,4,58,3,60,3,61,3,0,3,2,3,3,3,4,3,7,4,7,4,8,4,8,5,7,6,8,6,9,7,10,7,8,9,10,9,7,9,9,9,8,10,7,11,6,11,4,10,5,12,3,11,1,11,1,11,1,11,63,11,62,11,62,11,62,11,59,10,61,10,60,11,58,10,59,10,59,9,59,9,58,9,58,9,57,8,58,8,58,8,58,8,59,7,58,7,56,7,57,6,57,6,58,6,57,6,58,5,58,5,60,5,60,4,59,4,60,4,62,3,62,4,61,4,1,4,1,4,1,4,0,4,3,4,4,4,4,4,5,5,4,4,6,5,6,5,6,6,9,5,8,6,8.0,7.0,6.0,7.0,9.0,8.0,8.0,9.0,7.0,9.0,9.0,8.0,6.0,9.0,8.0,10.0,6.0,10.0,4.0,11.0,5.0,10.0,3.0,10.0,4.0,11.0,2.0,10.0,1.0,11.0,0.0,11.0,63.0,10.0,1.0,10.0,63.0,10.0,62.0,10.0,63.0,10.0,61.0,11.0,62.0,10.0,62.0,10.0,62.0,10.0,62.0,10.0,61.0,10.0,62.0,10.0,61.0,9.0,59.0,9.0,59.0,9.0,59.0,10.0,58.0,9.0,60.0,9.0,60.0,9.0,57.0,9.0,61.0,8.0,58.0,9.0,61.0,8.0,62.0,7.0,61.0,9.0,62.0,8.0,61.0,9.0,61.0,9.0,61.0,9.0,62.0,10.0,61.0,10.0,58.0,10.0,62.0,9.0,61.0,10.0,60.0,10.0,59.0,10.0,59.0,10.0,60.0,11.0,59.0,9.0,59.0,10.0,61.0,10.0,60.0,10.0,56.0,10.0,60.0,10.0,58.0,10.0,58.0,10.0,58.0,10.0,59.0,9.0,57.0,10.0,57.0,9.0,59.0,9.0,57.0,9.0,56.0,9.0,60.0,9.0,57.0,9.0,56.0,9.0,54.0,9.0,55.0,9.0,57.0,8.0,55.0,8.0,52.0,8.0,54.0,7.0,52.0,7.0,53.0,7.0,53.0,6.0,52.0,6.0,54.0,5.0,51.0,5.0,53.0,4.0,54.0,4.0,54.0,4.0,55.0,3.0,57.0,3.0,57.0,2.0,58.0,2.0,57.0,2.0,61.0,1.0,63.0,2.0,63.0,2.0,2.0,2.0,4.0,2.0,3.0,2.0,6.0,2.0,6.0,3.0,10.0,3.0,10.0,3.0,8.0,4.0,9.0,4.0,9.0,5.0,11.0,5.0,10.0,5.0,9.0,6.0,10.0,6.0,9.0,7.0,10.0,7.0,12.0,7.0,11.0,8.0,10.0,8.0,12.0,8.0,11.0,9.0,10.0,9.0,11.0,10.0,12.0,10.0,11.0,11.0,10.0,12.0,12.0,11.0,13.0,12.0,11.0,12.0,11.0,13.0,9.0,13.0
1759560642.917443000,00:03:7f:25:14:25,00:03:7f:25:14:25,3a:c8:97:94:99:7a,3a:c8:97:94:99:7a,23,8,23,9,24,8,23,9,23,10,23,10,25,10,26,11,27,11,27,11,27,12,29,12,28,12,32,12,33,12,33,12,36,12,35,12,36,11,38,11,38,11,39,11,40,10,40,10,41,9,42,9,39,9,41,8,42,8,41,8,41,7,41,6,40,6,41,5,40,5,40,5,41,4,40,3,38,3,37,3,37,2,37,2,34,2,32,2,29,2,26,1,25,2,24,2,22,3,22,2,19,3,21,3,20,3,19,3,18,4,17,4,17,5,16,5,16,5,17,5,17,5,17,6,18,6,18,6,18,6,17,7,19,7,18,8,16,7,19,8,17,9,19,9,18,10,18,10,19,10,19,10,21,10,20,11,22,11,22,12,22,12,24,13,26,13,27,13,29,13,32,13,34,13,37,13,38,12,38,12,39,12,41,11,42,11,41,10,41,10,42,10,41,9,40,9,43,8,42,8,42,7,42,7,41,7,41,6,40,5,40,5,43,5,41,4,41.0,3.0,40.0,3.0,40.0,3.0,38.0,2.0,37.0,2.0,38.0,2.0,35.0,1.0,30.0,2.0,30.0,1.0,22.0,2.0,23.0,3.0,20.0,3.0,20.0,4.0,19.0,4.0,18.0,5.0,18.0,5.0,19.0,5.0,19.0,6.0,18.0,6.0,18.0,7.0,17.0,8.0,19.0,8.0,18.0,9.0,18.0,9.0,18.0,10.0,19.0,10.0,19.0,10.0,19.0,11.0,18.0,11.0,17.0,12.0,18.0,12.0,17.0,13.0,21.0,13.0,19.0,14.0,15.0,14.0,18.0,15.0,18.0,14.0,21.0,15.0,34.0,15.0,53.0,15.0,47.0,15.0,46.0,14.0,47.0,14.0,50.0,13.0,49.0,13.0,47.0,12.0,47.0,12.0,46.0,11.0,48.0,11.0,48.0,11.0,46.0,10.0,47.0,10.0,48.0,9.0,48.0,9.0,48.0,7.0,48.0,7.0,51.0,7.0,50.0,6.0,47.0,7.0,51.0,6.0,49.0,6.0,49.0,5.0,50.0,5.0,51.0,4.0,51.0,4.0,52.0,4.0,55.0,4.0,53.0,4.0,52.0,3.0,58.0,3.0,56.0,3.0,55.0,4.0,54.0,3.0,55.0,3.0,59.0,3.0,58.0,2.0,52.0,3.0,56.0,2.0,55.0,2.0,56.0,1.0,61.0,0.0,57.0,1.0,2.0,1.0,34.0,0.0,15.0,1.0,18.0,1.0,22.0,1.0,25.0,2.0,20.0,3.0,22.0,4.0,22.0,5.0,19.0,4.0,20.0,5.0,18.0,7.0,21.0,7.0,21.0,7.0,20.0,8.0,18.0,8.0,20.0,8.0,21.0,9.0,21.0,9.0,22.0,9.0,21.0,10.0,22.0,10.0,20.0,12.0,22.0,11.0,22.0,11.0,22.0,12.0,23.0,12.0,23.0,12.0,24.0,12.0,25.0,12.0,25.0,12.0,27.0,13.0,29.0,12.0,30.0,12.0,32.0,12.0,31.0,12.0,32.0,12.0,32.0,11.0,33.0,12.0,35.0,11.0,33.0,10.0,34.0,10.0,35.0,10.0,35.0,10.0
1759560642.918187000,00:03:7f:25:14:25,00:03:7f:25:14:25,0a:f5:a5:94:4b:df,0a:f5:a5:94:4b:df,12,13,11,14,11,14,12,15,11,15,4,15,59,15,54,14,52,13,52,13,52,12,51,12,51,12,52,11,53,11,53,10,52,10,51,9,51,8,50,8,50,8,50,8,50,7,51,6,51,5,50,5,50,5,50,5,50,5,50,4,49,3,49,3,49,2,50,1,51,1,53,1,52,0,50,0,22,0,21,1,20,1,19,2,18,2,18,3,17,3,17,4,19,5,20,6,19,6,19,6,20,7,20,7,20,7,20,8,20,9,20,9,19,10,19,10,20,10,20,10,21,11,22,12,23,12,25,13,27,13,29,13,29,13,30,13,32,13,36,13,39,13,41,13,41,12,41,12,41,11,42,11,42,11,44,10,44,10,44,9,43,9,43,8,43,8,43,7,43,7,43,6,44,5,45,5,45,4,45,4,44,4,43,4,42,3,41,3,40,2,36,2,34,1,34,1,33,1,31,1,29,1,26,2,24,2,20,3,20,3,20,3,20,3,20,4,19.0,5.0,19.0,6.0,19.0,7.0,19.0,7.0,19.0,7.0,20.0,7.0,19.0,8.0,20.0,9.0,21.0,9.0,22.0,11.0,24.0,11.0,22.0,11.0,22.0,12.0,23.0,13.0,26.0,13.0,29.0,13.0,30.0,13.0,31.0,12.0,33.0,13.0,35.0,13.0,37.0,12.0,39.0,12.0,39.0,11.0,40.0,11.0,41.0,11.0,42.0,10.0,42.0,10.0,42.0,10.0,42.0,9.0,42.0,9.0,41.0,8.0,41.0,8.0,42.0,7.0,42.0,7.0,43.0,7.0,42.0,6.0,41.0,6.0,41.0,5.0,42.0,4.0,43.0,3.0,44.0,3.0,42.0,3.0,41.0,3.0,40.0,3.0,38.0,2.0,33.0,1.0,29.0,1.0,26.0,1.0,24.0,1.0,24.0,2.0,24.0,3.0,23.0,3.0,22.0,3.0,19.0,4.0,19.0,4.0,20.0,4.0,20.0,4.0,19.0,5.0,19.0,6.0,19.0,6.0,19.0,7.0,18.0,7.0,18.0,8.0,19.0,8.0,19.0,8.0,19.0,8.0,19.0,9.0,19.0,10.0,20.0,11.0,21.0,11.0,21.0,11.0,20.0,11.0,20.0,11.0,21.0,12.0,21.0,12.0,21.0,13.0,23.0,14.0,26.0,14.0,28.0,14.0,28.0,14.0,33.0,14.0,38.0,14.0,41.0,13.0,43.0,13.0,42.0,12.0,43.0,12.0,45.0,11.0,47.0,11.0,47.0,11.0,47.0,10.0,46.0,10.0,46.0,9.0,46.0,9.0,45.0,8.0,46.0,8.0,46.0,8.0,47.0,7.0,46.0,7.0,46.0,6.0,47.0,5.0,47.0,4.0,48.0,4.0,49.0,4.0,49.0,4.0,48.0,3.0,47.0,2.0,47.0,2.0,48.0,1.0,48.0,0.0,52.0,0.0,59.0,0.0,13.0,0.0,18.0,0.0,18.0,1.0,16.0,1.0,15.0,2.0,15.0,3.0,14.0,3.0,13.0,3.0,13.0,4.0,13.0,4.0,14.0,5.0,15.0,5.0,15.0,6.0,15.0,6.0,13.0,7.0
1759560643.375513000,00:03:7f:25:14:25,00:03:7f:25:14:25,0a:f5:a5:94:4b:df,0a:f5:a5:94:4b:df,19,14,23,14,27,14,29,14,31,14,36,14,41,14,44,14,45,13,47,12,46,12,46,11,47,11,47,11,48,10,48,10,48,9,48,9,48,8,48,8,48,7,48,7,48,6,48,5,48,5,48,4,48,4,48,4,49,4,49,3,48,2,48,2,49,1,53,0,59,0,62,0,0,0,5,0,11,1,13,1,13,2,13,3,13,3,12,3,12,4,11,4,14,5,14,6,14,6,14,7,14,7,14,7,14,8,14,8,13,9,13,9,13,10,12,11,13,11,13,11,13,11,12,12,11,12,11,13,11,14,10,14,9,14,7,14,4,14,62,14,58,14,55,13,53,13,51,13,51,13,51,12,52,12,52,11,51,11,51,10,50,10,49,9,50,9,50,8,50,8,50,7,51,6,52,6,52,6,52,5,52,5,52,5,52,4,52,4,53,3,54,3,54,3,55,3,56,2,58,2,58,2,59,2,63,1,2,2,4,2,5,2,5,2,7,3,9.0,3.0,10.0,4.0,10.0,5.0,10.0,5.0,11.0,5.0,11.0,5.0,11.0,5.0,12.0,6.0,12.0,7.0,12.0,8.0,14.0,8.0,12.0,9.0,13.0,9.0,12.0,10.0,12.0,11.0,12.0,12.0,13.0,12.0,14.0,12.0,13.0,12.0,12.0,13.0,10.0,14.0,9.0,14.0,8.0,15.0,63.0,15.0,57.0,15.0,52.0,15.0,53.0,14.0,52.0,14.0,51.0,13.0,50.0,13.0,47.0,12.0,46.0,12.0,47.0,12.0,48.0,11.0,49.0,11.0,48.0,10.0,47.0,10.0,48.0,9.0,48.0,8.0,49.0,8.0,49.0,7.0,48.0,7.0,48.0,7.0,48.0,6.0,47.0,6.0,47.0,5.0,46.0,4.0,46.0,4.0,46.0,3.0,45.0,3.0,43.0,3.0,42.0,2.0,42.0,2.0,40.0,1.0,34.0,0.0,30.0,0.0,29.0,0.0,26.0,0.0,24.0,1.0,21.0,2.0,21.0,3.0,18.0,3.0,17.0,4.0,17.0,4.0,18.0,4.0,18.0,4.0,18.0,5.0,18.0,6.0,19.0,7.0,19.0,7.0,19.0,7.0,18.0,8.0,17.0,8.0,18.0,9.0,18.0,9.0,18.0,10.0,17.0,11.0,17.0,11.0,18.0,12.0,19.0,12.0,20.0,12.0,21.0,13.0,22.0,14.0,24.0,14.0,28.0,14.0,33.0,14.0,37.0,14.0,39.0,14.0,42.0,14.0,43.0,13.0,44.0,13.0,44.0,12.0,43.0,12.0,42.0,12.0,42.0,11.0,43.0,11.0,44.0,10.0,44.0,10.0,44.0,9.0,45.0,8.0,45.0,8.0,45.0,7.0,45.0,7.0,45.0,7.0,44.0,6.0,44.0,6.0,43.0,5.0,42.0,4.0,40.0,3.0,41.0,3.0,41.0,3.0,40.0,2.0,38.0,2.0,36.0,2.0,34.0,2.0,31.0,1.0,28.0,1.0,26.0,1.0,23.0,1.0,22.0,2.0,22.0,2.0,21.0,3.0,21.0,4.0,20.0,4.0,20.0,4.0,19.0,5.0
1759560643.504658000,00:03:7f:25:14:25,00:03:7f:25:14:25,3a:c8:97:94:99:7a,3a:c8:97:94:99:7a,5,13,2,13,2,13,0,13,61,13,60,13,57,13,55,12,56,12,54,11,55,11,55,10,54,10,54,9,55,9,54,8,54,8,53,8,54,7,54,7,54,6,55,5,56,6,56,5,57,5,57,4,56,4,58,4,60,4,59,4,62,4,63,4,62,4,63,4,1,4,0,4,2,5,3,5,2,5,2,5,4,5,3,5,3,5,3,6,2,6,2,6,3,6,4,6,3,7,4,7,2,6,4,6,3,6,3,7,3,7,3,6,4,7,3,7,3,7,4,7,5,7,4,7,5,7,7,7,6,7,5,8,7,8,6,9,5,9,7,9,6,9,7,10,6,11,6,11,5,11,6,11,6,12,3,13,3,13,1,13,63,13,58,13,57,13,56,13,53,13,53,12,52,11,52,10,52,10,50,10,50,9,51,9,50,8,50,8,49,7,50,6,49,6,47,6,51,5,50,4,51,4,51,4,50,3,53,2,53,1,55,1,59,1,0,1,3.0,2.0,0.0,2.0,6.0,2.0,7.0,3.0,7.0,3.0,9.0,3.0,8.0,4.0,10.0,4.0,10.0,5.0,11.0,6.0,12.0,6.0,10.0,7.0,11.0,7.0,10.0,8.0,10.0,8.0,10.0,9.0,11.0,9.0,11.0,9.0,11.0,10.0,10.0,11.0,10.0,11.0,10.0,12.0,9.0,12.0,9.0,13.0,8.0,13.0,6.0,13.0,4.0,14.0,0.0,14.0,59.0,14.0,56.0,14.0,53.0,13.0,51.0,13.0,51.0,12.0,51.0,12.0,52.0,11.0,49.0,11.0,53.0,10.0,49.0,10.0,51.0,8.0,53.0,7.0,51.0,8.0,53.0,6.0,50.0,6.0,52.0,6.0,52.0,5.0,52.0,5.0,51.0,4.0,50.0,4.0,56.0,3.0,55.0,2.0,54.0,1.0,56.0,2.0,58.0,2.0,1.0,2.0,6.0,1.0,6.0,2.0,11.0,1.0,9.0,3.0,7.0,3.0,12.0,4.0,10.0,5.0,11.0,5.0,12.0,5.0,12.0,6.0,11.0,7.0,11.0,7.0,12.0,7.0,11.0,9.0,11.0,9.0,13.0,9.0,13.0,10.0,10.0,10.0,10.0,11.0,12.0,11.0,11.0,11.0,9.0,12.0,9.0,13.0,7.0,13.0,5.0,14.0,4.0,14.0,56.0,15.0,50.0,13.0,49.0,14.0,47.0,14.0,51.0,13.0,49.0,13.0,48.0,12.0,50.0,11.0,50.0,11.0,47.0,11.0,47.0,10.0,47.0,10.0,47.0,9.0,45.0,10.0,45.0,9.0,46.0,8.0,45.0,8.0,46.0,7.0,46.0,7.0,46.0,6.0,46.0,5.0,45.0,5.0,45.0,5.0,48.0,3.0,44.0,4.0,42.0,2.0,44.0,2.0,40.0,1.0,31.0,1.0,28.0,1.0,22.0,0.0,22.0,2.0,19.0,2.0,16.0,2.0,18.0,2.0,18.0,3.0,17.0,3.0,17.0,4.0,18.0,5.0,16.0,5.0,15.0,6.0,17.0,6.0,17.0,6.0,17.0,7.0,18.0,7.0,16.0,8.0
1759560643.817121000,00:03:7f:25:14:25,00:03:7f:25:14:25,0a:f5:a5:94:4b:df,0a:f5:a5:94:4b:df,63,14,57,14,55,14,54,14,53,13,52,13,52,13,51,12,51,11,51,10,51,10,51,10,51,9,51,9,52,9,52,8,51,7,51,7,51,6,51,6,51,6,51,5,52,4,52,4,53,3,53,3,53,3,54,3,55,3,56,2,58,1,62,1,2,1,4,2,5,2,6,2,8,2,9,2,10,3,11,3,12,4,12,4,12,5,11,5,11,6,11,6,12,7,13,8,13,8,13,9,13,9,13,9,13,10,12,10,11,11,11,11,10,12,10,13,10,13,9,13,7,13,5,14,2,14,62,14,58,14,57,14,56,13,55,13,54,13,53,12,52,11,52,11,51,10,50,10,50,10,51,9,51,9,51,8,51,7,51,7,50,6,50,6,51,5,51,5,51,4,52,4,53,3,55,2,56,2,57,2,58,2,59,2,61,1,2,1,5,2,6,2,5,3,5,3,7,3,8,3,9,3,9,4,9,4,9,5,9,6,10,6,10,6,11,7,10.0,8.0,10.0,8.0,10.0,9.0,10.0,9.0,11.0,10.0,10.0,10.0,9.0,10.0,9.0,11.0,9.0,11.0,5.0,12.0,7.0,12.0,3.0,12.0,3.0,12.0,0.0,13.0,61.0,13.0,59.0,13.0,59.0,13.0,58.0,13.0,57.0,12.0,56.0,12.0,55.0,11.0,54.0,11.0,54.0,11.0,54.0,10.0,54.0,10.0,54.0,10.0,55.0,9.0,54.0,9.0,53.0,8.0,52.0,8.0,51.0,7.0,52.0,7.0,53.0,7.0,53.0,7.0,53.0,6.0,53.0,6.0,52.0,5.0,54.0,4.0,55.0,4.0,56.0,4.0,57.0,4.0,57.0,3.0,57.0,3.0,57.0,3.0,59.0,2.0,62.0,2.0,63.0,2.0,0.0,3.0,1.0,3.0,3.0,2.0,5.0,2.0,5.0,3.0,7.0,3.0,7.0,4.0,8.0,4.0,9.0,5.0,9.0,5.0,9.0,5.0,9.0,6.0,9.0,6.0,10.0,7.0,10.0,7.0,10.0,8.0,10.0,8.0,10.0,8.0,10.0,9.0,10.0,9.0,10.0,10.0,10.0,10.0,11.0,11.0,11.0,11.0,10.0,11.0,8.0,12.0,8.0,12.0,7.0,12.0,5.0,12.0,3.0,13.0,0.0,13.0,63.0,13.0,62.0,14.0,58.0,13.0,55.0,13.0,54.0,13.0,53.0,12.0,53.0,12.0,53.0,11.0,54.0,11.0,54.0,11.0,54.0,10.0,53.0,10.0,51.0,9.0,51.0,9.0,50.0,8.0,50.0,8.0,50.0,8.0,50.0,7.0,51.0,6.0,50.0,6.0,50.0,5.0,51.0,5.0,52.0,4.0,53.0,4.0,54.0,4.0,53.0,3.0,53.0,3.0,54.0,2.0,55.0,2.0,61.0,1.0,63.0,2.0,1.0,2.0,4.0,2.0,7.0,2.0,8.0,2.0,8.0,2.0,9.0,3.0,10.0,3.0,11.0,4.0,11.0,4.0,11.0,5.0,10.0,5.0,11.0,6.0,12.0,7.0,12.0,7.0,13.0,7.0,12.0,8.0,11.0,9.0
1759560644.048856000,00:03:7f:25:14:25,00:03:7f:25:14:25,3a:c8:97:94:99:7a,3a:c8:97:94:99:7a,16,11,16,12,16,12,16,12,15,13,15,13,18,14,17,15,21,15,32,15,34,15,47,15,45,15,48,14,49,14,47,13,48,12,48,12,48,11,47,11,47,10,48,10,48,10,48,9,48,8,49,8,46,8,47,7,49,7,48,7,47,6,48,6,46,6,48,6,48,5,47,5,49,5,49,5,47,5,47,6,49,5,48,6,48,5,48,7,47,7,47,6,48,6,48,6,47,6,48,5,47,4,48,4,47,3,47,3,48,2,49,2,49,1,51,1,53,0,1,0,9,0,13,1,16,1,17,2,16,2,15,3,17,3,16,4,14,4,17,5,15,6,17,6,16,7,15,7,15,8,16,8,16,8,15,10,16,10,16,10,15,10,15,12,14,12,15,12,15,13,16,13,14,14,15,14,15,15,6,15,49,15,46,15,51,14,47,14,46,13,48,13,47,13,45,12,48,12,47,11,47,10,47,10,46,10,47,10,47,8,46,9,49,8,47,8,49.0,7.0,47.0,7.0,48.0,6.0,48.0,6.0,47.0,6.0,49.0,6.0,48.0,5.0,44.0,6.0,49.0,4.0,43.0,2.0,41.0,3.0,36.0,2.0,34.0,3.0,34.0,2.0,33.0,3.0,28.0,3.0,31.0,3.0,29.0,4.0,25.0,3.0,28.0,4.0,19.0,3.0,25.0,5.0,22.0,4.0,19.0,5.0,19.0,5.0,20.0,5.0,19.0,5.0,19.0,6.0,16.0,5.0,17.0,6.0,17.0,5.0,12.0,9.0,15.0,7.0,13.0,8.0,11.0,7.0,10.0,9.0,11.0,6.0,10.0,9.0,12.0,7.0,15.0,6.0,11.0,9.0,14.0,7.0,18.0,9.0,12.0,10.0,11.0,9.0,17.0,12.0,21.0,12.0,13.0,14.0,14.0,10.0,16.0,12.0,23.0,11.0,24.0,14.0,25.0,14.0,23.0,13.0,13.0,14.0,24.0,14.0,30.0,14.0,15.0,13.0,27.0,15.0,30.0,13.0,26.0,14.0,22.0,14.0,28.0,14.0,22.0,14.0,36.0,14.0,41.0,13.0,42.0,14.0,35.0,14.0,36.0,13.0,45.0,12.0,38.0,12.0,43.0,13.0,37.0,12.0,39.0,11.0,42.0,10.0,40.0,11.0,37.0,11.0,39.0,9.0,37.0,10.0,36.0,10.0,36.0,8.0,39.0,9.0,37.0,8.0,34.0,8.0,34.0,8.0,35.0,7.0,35.0,7.0,37.0,7.0,34.0,7.0,32.0,7.0,33.0,8.0,31.0,7.0,30.0,7.0,27.0,8.0,30.0,8.0,30.0,7.0,29.0,8.0,27.0,8.0,27.0,7.0,29.0,8.0,29.0,7.0,29.0,8.0,29.0,8.0,30.0,6.0,28.0,9.0,28.0,8.0,29.0,7.0,28.0,8.0,28.0,8.0,27.0,7.0,29.0,7.0,29.0,7.0,27.0,7.0,28.0,7.0,30.0,6.0,29.0,7.0,29.0,6.0,28.0,7.0,28.0,7.0,27.0,6.0,28.0,8.0,29.0,7.0,28.0,7.0,27.0,7.0,29.0,7.0,28.0,8.0
1759560644.901516000,00:03:7f:25:14:25,00:03:7f:25:14:25,0a:f5:a5:94:4b:df,0a:f5:a5:94:4b:df,63,14,56,14,53,14,52,14,51,14,51,13,51,13,51,12,51,11,51,11,51,10,50,10,51,10,51,9,51,9,52,8,51,8,51,7,50,7,50,6,50,6,50,6,50,5,50,4,51,3,51,3,51,3,52,3,52,3,52,2,53,1,55,0,62,0,4,1,6,1,7,1,9,1,10,2,12,2,13,3,14,3,14,4,14,4,13,5,13,5,12,6,14,7,15,8,15,8,14,9,15,9,15,9,15,10,14,10,13,11,13,11,13,12,13,13,14,13,13,13,12,14,10,14,6,15,60,15,53,15,51,14,51,14,51,14,51,13,50,12,50,11,50,11,49,10,48,10,48,10,48,9,49,9,49,8,49,7,49,7,48,6,48,6,49,5,49,5,49,4,49,3,51,3,53,2,54,2,55,2,56,1,57,1,59,1,3,1,7,1,8,2,7,2,7,3,8,3,9,3,10,3,10,4,11,4,10,5,10,6,10,6,11,6,12,7,11.0,8.0,11.0,8.0,10.0,9.0,11.0,9.0,11.0,10.0,11.0,10.0,10.0,10.0,9.0,11.0,10.0,11.0,6.0,12.0,8.0,12.0,5.0,12.0,4.0,12.0,1.0,13.0,62.0,13.0,60.0,13.0,59.0,13.0,59.0,13.0,58.0,13.0,57.0,12.0,56.0,12.0,55.0,11.0,54.0,11.0,54.0,11.0,54.0,11.0,54.0,10.0,54.0,10.0,54.0,9.0,53.0,9.0,52.0,8.0,51.0,8.0,51.0,8.0,52.0,8.0,52.0,8.0,52.0,7.0,52.0,7.0,51.0,6.0,52.0,5.0,54.0,4.0,55.0,4.0,55.0,4.0,55.0,4.0,54.0,3.0,54.0,3.0,55.0,3.0,58.0,2.0,60.0,2.0,61.0,2.0,62.0,2.0,1.0,2.0,3.0,1.0,5.0,1.0,7.0,2.0,7.0,3.0,9.0,3.0,10.0,4.0,10.0,4.0,10.0,4.0,11.0,4.0,11.0,5.0,12.0,6.0,11.0,6.0,11.0,7.0,11.0,7.0,12.0,7.0,12.0,8.0,12.0,8.0,12.0,9.0,12.0,10.0,13.0,10.0,13.0,10.0,12.0,11.0,11.0,11.0,11.0,11.0,11.0,12.0,10.0,12.0,7.0,13.0,6.0,13.0,5.0,14.0,6.0,14.0,2.0,14.0,59.0,14.0,54.0,14.0,53.0,13.0,51.0,13.0,51.0,13.0,52.0,13.0,52.0,12.0,52.0,12.0,51.0,11.0,50.0,10.0,49.0,10.0,48.0,10.0,48.0,10.0,48.0,9.0,48.0,9.0,48.0,8.0,48.0,8.0,48.0,7.0,48.0,6.0,48.0,5.0,49.0,5.0,49.0,5.0,49.0,4.0,48.0,4.0,47.0,3.0,46.0,2.0,46.0,1.0,47.0,0.0,50.0,0.0,50.0,0.0,21.0,0.0,20.0,0.0,18.0,1.0,17.0,2.0,16.0,2.0,15.0,3.0,15.0,3.0,14.0,4.0,14.0,4.0,15.0,5.0,15.0,6.0,16.0,6.0,16.0,7.0,16.0,7.0,15.0,8.0
1759560645.037048000,00:03:7f:25:14:25,00:03:7f:25:14:25,3a:c8:97:94:99:7a,3a:c8:97:94:99:7a,14,12,13,12,13,12,13,13,10,13,8,14,11,14,62,15,1,15,56,14,58,14,55,13,53,13,52,12,54,12,52,12,52,11,51,11,51,10,50,10,50,9,50,9,51,9,51,8,51,8,50,7,47,10,45,9,45,10,43,13,28,12,28,11,30,12,28,12,28,13,31,12,34,12,35,12,34,12,36,12,38,12,39,11,40,10,40,11,40,10,41,9,43,9,43,8,42,8,44,7,42,6,44,6,42,5,43,5,42,4,42,4,42,3,40,2,38,2,37,2,37,1,31,1,30,1,27,2,25,2,22,2,23,3,21,4,18,3,21,4,19,5,20,5,19,6,19,6,19,7,20,8,20,8,20,9,20,9,20,10,20,10,20,11,21,12,23,12,24,12,25,12,27,13,30,13,33,13,34,13,36,12,39,12,41,12,40,11,40,11,41,10,41,10,40,9,42,8,41,7,42,7,42,6,41,6,41,6,39,4,39,4,42,3,38,2,37.0,1.0,35.0,1.0,29.0,1.0,24.0,1.0,19.0,2.0,18.0,2.0,16.0,3.0,19.0,3.0,16.0,5.0,15.0,5.0,15.0,5.0,13.0,6.0,15.0,6.0,12.0,7.0,13.0,7.0,12.0,8.0,12.0,8.0,12.0,8.0,12.0,8.0,10.0,9.0,10.0,9.0,11.0,10.0,9.0,10.0,9.0,10.0,8.0,11.0,8.0,11.0,8.0,11.0,8.0,12.0,5.0,11.0,4.0,12.0,4.0,12.0,3.0,13.0,63.0,13.0,63.0,12.0,0.0,12.0,58.0,13.0,61.0,12.0,58.0,12.0,58.0,12.0,58.0,11.0,54.0,12.0,54.0,10.0,52.0,11.0,53.0,10.0,52.0,10.0,51.0,10.0,50.0,9.0,49.0,8.0,52.0,7.0,51.0,7.0,49.0,7.0,50.0,6.0,50.0,6.0,51.0,6.0,51.0,4.0,51.0,4.0,53.0,4.0,54.0,4.0,50.0,4.0,54.0,3.0,53.0,3.0,54.0,2.0,53.0,3.0,57.0,2.0,57.0,2.0,57.0,2.0,62.0,2.0,63.0,1.0,63.0,1.0,5.0,1.0,6.0,1.0,2.0,1.0,10.0,2.0,12.0,1.0,12.0,2.0,12.0,3.0,13.0,2.0,14.0,3.0,13.0,4.0,15.0,4.0,16.0,5.0,15.0,6.0,15.0,6.0,15.0,6.0,16.0,7.0,17.0,7.0,17.0,8.0,19.0,8.0,17.0,9.0,18.0,9.0,18.0,10.0,16.0,10.0,17.0,10.0,16.0,11.0,18.0,11.0,18.0,12.0,19.0,12.0,18.0,12.0,20.0,12.0,22.0,13.0,23.0,13.0,25.0,13.0,27.0,14.0,30.0,13.0,33.0,14.0,34.0,13.0,36.0,13.0,38.0,12.0,39.0,12.0,38.0,11.0,42.0,10.0,42.0,10.0,40.0,10.0,42.0,9.0,43.0,7.0,42.0,8.0,42.0,5.0,42.0,6.0,43.0,6.0,43.0,3.0,43.0,6.0,44.0,3.0,37.0,2.0,37.0,3.0,38.0,3.0,38.0,3.0
1759560645.601993000,00:03:7f:25:14:25,00:03:7f:25:14:25,3a:c8:97:94:99:7a,3a:c8:97:94:99:7a,8,13,6,13,5,13,3,14,63,14,61,13,57,14,54,13,55,13,51,12,53,12,53,11,51,11,52,10,53,10,52,9,52,9,51,9,52,7,52,7,52,6,53,5,53,5,54,5,55,5,55,4,55,4,55,3,58,3,60,3,63,2,1,2,1,3,3,3,4,4,5,4,7,4,7,5,7,6,6,6,7,6,6,7,6,7,6,8,4,8,4,9,4,9,5,9,3,9,4,9,2,9,5,9,3,10,2,10,3,10,2,9,2,10,1,10,63,10,63,10,1,10,63,10,63,11,63,11,63,10,60,10,62,10,61,10,58,10,59,10,58,9,58,9,57,9,57,8,56,8,57,8,57,7,56,7,57,7,57,6,56,6,58,5,58,5,60,5,59,5,61,5,61,5,63,4,0,4,63,5,0,5,2,4,0,5,63,5,2,5,0,5,1,5,63,5,2,5,3,5,2,5,3,6,1,5,3,6,3,5,3,6,6,6,5,7,5.0,7.0,3.0,7.0,5.0,8.0,5.0,8.0,4.0,8.0,6.0,8.0,4.0,8.0,4.0,9.0,4.0,9.0,2.0,9.0,4.0,9.0,2.0,9.0,2.0,10.0,1.0,10.0,63.0,11.0,63.0,10.0,63.0,10.0,63.0,10.0,61.0,10.0,61.0,10.0,60.0,10.0,59.0,10.0,61.0,9.0,61.0,9.0,60.0,9.0,61.0,8.0,61.0,8.0,61.0,8.0,60.0,8.0,59.0,8.0,60.0,7.0,59.0,9.0,60.0,8.0,61.0,7.0,61.0,7.0,59.0,8.0,62.0,7.0,60.0,8.0,62.0,7.0,0.0,6.0,61.0,7.0,63.0,7.0,62.0,7.0,62.0,7.0,62.0,7.0,63.0,7.0,62.0,6.0,61.0,7.0,0.0,6.0,0.0,6.0,0.0,7.0,63.0,7.0,63.0,7.0,1.0,7.0,1.0,6.0,1.0,7.0,4.0,7.0,2.0,7.0,63.0,8.0,4.0,8.0,2.0,9.0,1.0,9.0,2.0,9.0,2.0,9.0,1.0,9.0,0.0,10.0,2.0,9.0,63.0,10.0,62.0,10.0,1.0,9.0,63.0,10.0,62.0,10.0,59.0,10.0,60.0,10.0,61.0,10.0,59.0,10.0,56.0,10.0,57.0,9.0,56.0,9.0,56.0,8.0,56.0,8.0,54.0,8.0,56.0,7.0,53.0,7.0,55.0,6.0,56.0,6.0,55.0,5.0,57.0,5.0,58.0,4.0,58.0,4.0,58.0,4.0,57.0,4.0,59.0,3.0,62.0,3.0,62.0,3.0,1.0,3.0,3.0,3.0,3.0,3.0,5.0,3.0,5.0,4.0,8.0,4.0,9.0,4.0,7.0,5.0,8.0,5.0,8.0,6.0,9.0,6.0,9.0,6.0,8.0,7.0,8.0,7.0,7.0,8.0,9.0,8.0,10.0,8.0,10.0,9.0,8.0,9.0,10.0,8.0,10.0,10.0,8.0,10.0,9.0,10.0,10.0,10.0,9.0,11.0,7.0,12.0,10.0,12.0,11.0,12.0,9.0,13.0,9.0,13.0,4.0,14.0
1759560646.046622000,00:03:7f:25:14:25,00:03:7f:25:14:25,3a:c8:97:94:99:7a,3a:c8:97:94:99:7a,38,12,39,12,40,12,40,12,41,11,42,12,42,10,43,10,43,9,43,9,43,9,44,8,42,8,44,7,45,7,44,6,44,6,43,6,42,5,42,5,42,4,40,4,41,3,39,2,40,2,36,2,32,2,34,2,30,1,26,2,24,3,24,3,22,4,21,4,19,5,20,5,21,6,20,6,19,7,18,8,19,8,18,9,16,9,16,10,15,11,14,11,13,12,13,12,10,13,11,13,7,13,9,13,7,13,4,14,4,14,0,13,0,14,61,14,58,14,56,14,55,14,54,13,50,13,49,13,51,12,49,11,50,11,49,12,46,10,48,10,45,9,46,9,46,8,45,8,43,7,44,7,42,6,41,6,42,5,41,5,39,5,36,4,34,4,33,4,32,4,31,4,31,4,31,4,31,4,28,4,29,4,29,5,28,6,29,4,27,6,26,5,24,6,24,6,24,5,23,6,23,6,23,7,23,6,21,7,20,7,19,8,23,8,19,8,19.0,10.0,14.0,10.0,16.0,11.0,15.0,12.0,13.0,12.0,12.0,12.0,11.0,12.0,8.0,14.0,10.0,13.0,0.0,13.0,62.0,14.0,60.0,13.0,59.0,13.0,56.0,13.0,52.0,13.0,54.0,12.0,53.0,12.0,52.0,12.0,52.0,11.0,53.0,10.0,53.0,10.0,51.0,9.0,53.0,9.0,54.0,9.0,54.0,8.0,55.0,7.0,55.0,7.0,54.0,7.0,55.0,6.0,54.0,6.0,54.0,5.0,55.0,7.0,55.0,6.0,57.0,6.0,58.0,5.0,56.0,6.0,60.0,5.0,57.0,6.0,60.0,5.0,62.0,4.0,60.0,5.0,62.0,4.0,62.0,4.0,62.0,4.0,61.0,4.0,0.0,5.0,1.0,4.0,63.0,5.0,4.0,4.0,5.0,5.0,6.0,5.0,5.0,5.0,4.0,5.0,7.0,7.0,6.0,6.0,6.0,7.0,10.0,7.0,7.0,8.0,5.0,10.0,10.0,9.0,8.0,10.0,7.0,11.0,7.0,11.0,7.0,11.0,3.0,12.0,0.0,12.0,2.0,12.0,63.0,13.0,60.0,13.0,62.0,12.0,58.0,13.0,58.0,12.0,53.0,12.0,53.0,12.0,55.0,11.0,53.0,11.0,48.0,11.0,50.0,10.0,49.0,10.0,48.0,9.0,47.0,8.0,48.0,8.0,48.0,7.0,45.0,7.0,47.0,6.0,47.0,6.0,46.0,6.0,48.0,5.0,47.0,4.0,44.0,4.0,44.0,3.0,44.0,3.0,41.0,2.0,39.0,2.0,39.0,2.0,38.0,1.0,31.0,1.0,28.0,1.0,26.0,1.0,27.0,1.0,24.0,2.0,23.0,2.0,21.0,2.0,19.0,2.0,19.0,4.0,20.0,4.0,19.0,4.0,17.0,5.0,17.0,6.0,16.0,6.0,18.0,6.0,19.0,7.0,17.0,7.0,16.0,7.0,18.0,7.0,18.0,8.0,17.0,8.0,18.0,9.0,19.0,9.0,18.0,9.0,17.0,10.0,20.0,10.0,20.0,10.0,20.0,11.0,21.0,11.0,21.0,12.0
1759560646.433421000,00:03:7f:25:14:25,00:03:7f:25:14:25,0a:f5:a5:94:4b:df,0a:f5:a5:94:4b:df,14,14,14,15,40,15,42,15,44,15,46,15,48,14,48,13,48,13,48,12,48,12,48,11,48,11,49,11,50,10,50,10,49,9,48,8,48,8,48,7,48,7,48,7,48,6,48,5,48,5,47,4,48,4,48,4,48,4,48,3,46,2,45,2,44,1,44,0,50,0,58,0,11,0,18,0,18,1,19,2,18,2,18,3,17,3,16,3,15,4,15,4,17,5,17,6,17,7,17,7,17,7,17,8,18,8,17,9,17,10,17,10,17,11,17,11,17,12,18,12,18,12,18,13,19,14,22,14,29,15,35,15,36,15,39,15,43,14,45,14,46,13,47,12,46,11,45,11,45,11,46,10,46,10,47,9,47,9,47,8,46,8,46,7,46,6,46,6,46,6,46,5,47,4,48,3,48,3,49,3,48,2,47,2,46,2,44,1,43,0,16,0,10,0,8,0,10,1,12,1,14,1,15,2,15,3,14,3,14,4,14,4,14,4,15,5,14.0,6.0,15.0,7.0,14.0,7.0,15.0,8.0,15.0,8.0,15.0,8.0,14.0,9.0,14.0,10.0,15.0,10.0,14.0,12.0,16.0,12.0,13.0,13.0,12.0,13.0,11.0,14.0,8.0,14.0,5.0,15.0,3.0,15.0,39.0,15.0,53.0,15.0,52.0,14.0,51.0,13.0,49.0,13.0,48.0,12.0,49.0,12.0,49.0,12.0,49.0,11.0,50.0,11.0,49.0,10.0,49.0,10.0,48.0,9.0,47.0,9.0,47.0,8.0,47.0,8.0,48.0,8.0,48.0,7.0,47.0,7.0,47.0,6.0,48.0,5.0,49.0,5.0,50.0,4.0,51.0,4.0,50.0,4.0,49.0,3.0,48.0,3.0,48.0,2.0,48.0,1.0,50.0,1.0,51.0,0.0,53.0,0.0,30.0,0.0,25.0,0.0,21.0,0.0,18.0,1.0,15.0,2.0,15.0,3.0,16.0,3.0,15.0,3.0,16.0,3.0,16.0,4.0,16.0,5.0,16.0,5.0,15.0,6.0,15.0,7.0,16.0,7.0,16.0,7.0,16.0,7.0,16.0,8.0,16.0,9.0,17.0,10.0,18.0,10.0,18.0,10.0,17.0,11.0,16.0,11.0,17.0,11.0,17.0,12.0,17.0,12.0,17.0,13.0,18.0,14.0,21.0,14.0,22.0,14.0,28.0,14.0,35.0,14.0,39.0,14.0,41.0,14.0,41.0,13.0,42.0,13.0,44.0,12.0,45.0,12.0,46.0,12.0,46.0,11.0,45.0,11.0,44.0,10.0,43.0,10.0,43.0,9.0,43.0,9.0,44.0,8.0,44.0,8.0,44.0,8.0,43.0,7.0,44.0,6.0,44.0,5.0,44.0,5.0,45.0,5.0,44.0,4.0,43.0,4.0,41.0,3.0,40.0,3.0,35.0,2.0,32.0,2.0,32.0,1.0,31.0,1.0,29.0,2.0,27.0,2.0,24.0,2.0,23.0,3.0,22.0,3.0,21.0,3.0,20.0,4.0,19.0,4.0,19.0,5.0,19.0,5.0,19.0,6.0,19.0,6.0,19.0,7.0,19.0,7.0,18.0,8.0
1759560646.612209000,00:03:7f:25:14:25,00:03:7f:25:14:25,3a:c8:97:94:99:7a,3a:c8:97:94:99:7a,36,12,37,12,39,12,39,11,40,11,41,12,40,10,42,10,42,9,41,9,42,9,43,8,41,8,43,7,43,7,43,6,43,6,41,6,41,5,41,5,40,4,38,3,38,3,36,3,36,2,34,2,30,2,31,2,29,2,25,3,24,3,24,4,23,5,21,5,20,5,20,6,20,6,20,7,19,8,18,8,19,9,18,10,16,10,16,11,13,11,12,12,10,12,10,12,8,12,7,12,5,12,7,11,6,11,5,12,5,11,4,11,6,12,7,12,4,12,5,12,7,12,5,13,7,13,9,13,7,14,4,15,7,15,0,15,61,15,41,15,43,15,41,14,40,13,40,13,40,13,39,12,39,11,38,11,39,11,39,10,38,10,38,10,38,10,39,9,37,9,38,8,38,8,39,8,40,7,38,7,39,6,38,6,38,6,38,5,36,5,36,4,34,5,32,4,33,3,31,4,30,3,28,3,28,3,25,4,23,4,22,5,25,5,21,5,20.0,7.0,17.0,7.0,18.0,8.0,18.0,9.0,16.0,9.0,17.0,10.0,15.0,10.0,17.0,12.0,14.0,11.0,5.0,13.0,13.0,14.0,6.0,14.0,1.0,14.0,60.0,14.0,54.0,14.0,56.0,14.0,55.0,13.0,53.0,13.0,54.0,12.0,53.0,11.0,55.0,11.0,50.0,11.0,54.0,10.0,55.0,10.0,55.0,10.0,56.0,9.0,55.0,9.0,56.0,9.0,55.0,8.0,54.0,8.0,54.0,7.0,54.0,9.0,54.0,8.0,55.0,8.0,56.0,7.0,54.0,8.0,57.0,6.0,54.0,7.0,57.0,6.0,58.0,5.0,57.0,6.0,59.0,5.0,56.0,5.0,58.0,5.0,57.0,5.0,59.0,5.0,58.0,4.0,58.0,4.0,63.0,4.0,63.0,3.0,0.0,3.0,0.0,3.0,63.0,4.0,3.0,5.0,5.0,4.0,5.0,5.0,8.0,5.0,6.0,6.0,3.0,8.0,9.0,7.0,7.0,9.0,8.0,9.0,6.0,10.0,7.0,10.0,5.0,11.0,3.0,11.0,5.0,11.0,2.0,13.0,0.0,13.0,0.0,12.0,62.0,13.0,60.0,13.0,54.0,13.0,54.0,13.0,55.0,12.0,53.0,12.0,48.0,12.0,49.0,11.0,47.0,11.0,46.0,10.0,46.0,9.0,46.0,9.0,46.0,8.0,43.0,8.0,45.0,7.0,45.0,7.0,44.0,6.0,46.0,6.0,45.0,5.0,43.0,4.0,43.0,4.0,43.0,4.0,41.0,3.0,38.0,3.0,39.0,3.0,38.0,2.0,35.0,2.0,33.0,1.0,32.0,1.0,30.0,1.0,27.0,2.0,25.0,2.0,24.0,2.0,20.0,2.0,20.0,3.0,20.0,3.0,18.0,3.0,16.0,4.0,17.0,5.0,15.0,5.0,16.0,5.0,18.0,6.0,16.0,6.0,15.0,6.0,17.0,6.0,17.0,7.0,16.0,7.0,17.0,8.0,17.0,8.0,16.0,8.0,16.0,9.0,18.0,9.0,18.0,9.0,18.0,10.0,19.0,10.0,18.0,11.0
1759560647.320879000,00:03:7f:25:14:25,00:03:7f:25:14:25,3a:c8:97:94:99:7a,3a:c8:97:94:99:7a,29,12,30,12,31,12,32,13,34,13,36,13,36,12,39,12,39,11,39,11,40,11,42,10,40,10,42,9,43,9,42,8,42,8,41,8,41,8,41,7,40,6,41,6,41,6,40,5,40,5,40,5,37,5,37,4,37,4,35,4,33,3,33,3,31,4,30,3,28,4,27,4,28,4,26,5,25,5,24,5,25,6,24,6,24,7,23,8,22,8,22,9,23,10,24,10,22,11,23,11,21,12,22,12,22,12,23,13,22,13,20,13,22,13,20,13,20,13,22,14,27,14,26,14,30,13,28,13,31,13,33,13,34,13,37,14,34,12,37,11,34,12,37,11,35,11,35,11,35,10,35,10,35,9,33,10,34,9,35,9,33,9,33,10,32,10,34,10,33,9,34,9,35,9,36,9,37,9,35,9,37,8,38,8,38,8,39,6,36,7,37,6,35,6,34,6,35,3,32,3,32,3,28,2,29,2,21,3,21,3,18,4,21,4,15,5,14.0,6.0,12.0,6.0,15.0,8.0,13.0,8.0,12.0,8.0,13.0,9.0,10.0,10.0,10.0,10.0,11.0,12.0,8.0,12.0,4.0,12.0,2.0,12.0,3.0,13.0,1.0,13.0,63.0,13.0,60.0,13.0,59.0,12.0,60.0,12.0,57.0,11.0,57.0,11.0,58.0,11.0,55.0,11.0,58.0,10.0,58.0,10.0,58.0,10.0,59.0,9.0,58.0,9.0,59.0,9.0,58.0,9.0,56.0,9.0,57.0,8.0,57.0,10.0,57.0,9.0,57.0,8.0,59.0,8.0,56.0,8.0,59.0,7.0,56.0,8.0,59.0,7.0,60.0,6.0,57.0,7.0,59.0,6.0,58.0,6.0,59.0,6.0,58.0,6.0,58.0,6.0,57.0,5.0,57.0,6.0,60.0,5.0,60.0,5.0,59.0,4.0,60.0,5.0,59.0,5.0,62.0,5.0,0.0,4.0,0.0,4.0,3.0,4.0,2.0,5.0,63.0,6.0,4.0,5.0,2.0,6.0,4.0,6.0,3.0,6.0,4.0,7.0,3.0,7.0,2.0,8.0,5.0,8.0,3.0,9.0,2.0,9.0,5.0,8.0,4.0,9.0,1.0,10.0,2.0,10.0,1.0,10.0,2.0,9.0,0.0,11.0,61.0,12.0,58.0,11.0,57.0,11.0,57.0,12.0,49.0,11.0,48.0,10.0,48.0,10.0,41.0,9.0,44.0,9.0,43.0,8.0,42.0,7.0,43.0,6.0,42.0,5.0,38.0,5.0,36.0,5.0,39.0,4.0,34.0,4.0,28.0,5.0,32.0,5.0,29.0,4.0,27.0,4.0,25.0,4.0,24.0,4.0,26.0,4.0,25.0,5.0,24.0,5.0,23.0,5.0,22.0,4.0,20.0,7.0,20.0,6.0,20.0,5.0,18.0,7.0,19.0,7.0,18.0,7.0,19.0,7.0,20.0,7.0,19.0,7.0,18.0,8.0,20.0,7.0,19.0,8.0,19.0,8.0,20.0,9.0,20.0,9.0,19.0,9.0,20.0,10.0,22.0,10.0,22.0,10.0,22.0,10.0,24.0,10.0,23.0,11.0
1759560647.722939000,00:03:7f:25:14:25,00:03:7f:25:14:25,3a:c8:97:94:99:7a,3a:c8:97:94:99:7a,28,13,29,13,31,13,33,13,35,13,38,13,38,12,41,12,40,11,40,11,41,11,42,10,41,10,42,9,43,9,42,8,42,8,41,8,41,7,41,7,40,5,39,5,39,5,38,4,38,4,37,3,34,4,34,4,34,3,30,3,28,4,28,4,27,4,25,4,24,5,23,5,24,5,24,6,22,7,21,7,23,8,22,8,21,9,21,9,19,10,19,11,19,12,20,12,17,13,16,13,13,14,13,14,10,14,10,14,5,14,3,14,2,15,2,15,57,15,56,14,53,14,52,14,50,13,49,13,50,13,48,12,50,12,49,12,47,11,48,10,47,10,47,9,46,9,46,8,45,8,46,7,46,6,45,6,46,5,45,5,43,5,43,4,41,3,41,3,40,3,40,2,39,2,38,1,37,2,33,1,34,1,31,2,28,2,31,1,25,2,24,2,21,2,19,2,19,2,19,3,18,3,16,3,17,3,16,5,14,4,13,5,17,5,13,7,13.0,7.0,11.0,7.0,13.0,8.0,12.0,8.0,11.0,8.0,12.0,9.0,10.0,9.0,10.0,10.0,10.0,10.0,7.0,11.0,6.0,11.0,4.0,12.0,4.0,12.0,3.0,12.0,1.0,12.0,63.0,12.0,62.0,12.0,62.0,12.0,59.0,12.0,58.0,11.0,58.0,11.0,55.0,11.0,57.0,10.0,57.0,10.0,57.0,10.0,58.0,9.0,57.0,9.0,57.0,10.0,57.0,9.0,55.0,9.0,56.0,8.0,55.0,10.0,56.0,9.0,56.0,8.0,57.0,8.0,55.0,8.0,58.0,7.0,55.0,8.0,58.0,7.0,59.0,6.0,57.0,7.0,59.0,6.0,57.0,6.0,57.0,6.0,57.0,6.0,57.0,6.0,57.0,5.0,56.0,5.0,60.0,5.0,59.0,4.0,58.0,4.0,59.0,4.0,59.0,4.0,62.0,5.0,63.0,4.0,63.0,4.0,2.0,4.0,1.0,4.0,62.0,5.0,3.0,5.0,1.0,5.0,3.0,5.0,3.0,5.0,4.0,6.0,3.0,6.0,3.0,7.0,5.0,6.0,3.0,7.0,3.0,8.0,5.0,7.0,4.0,8.0,1.0,8.0,1.0,9.0,2.0,9.0,2.0,8.0,0.0,9.0,61.0,9.0,60.0,8.0,59.0,9.0,59.0,8.0,58.0,7.0,54.0,8.0,56.0,7.0,50.0,7.0,55.0,5.0,54.0,4.0,51.0,4.0,51.0,3.0,56.0,2.0,51.0,1.0,49.0,0.0,54.0,1.0,16.0,0.0,12.0,3.0,17.0,2.0,15.0,2.0,15.0,4.0,13.0,4.0,14.0,4.0,14.0,5.0,16.0,5.0,16.0,6.0,14.0,6.0,14.0,6.0,13.0,8.0,14.0,8.0,13.0,8.0,12.0,8.0,12.0,9.0,11.0,9.0,12.0,9.0,13.0,9.0,13.0,9.0,12.0,10.0,14.0,10.0,14.0,11.0,12.0,11.0,14.0,11.0,14.0,11.0,13.0,12.0,13.0,13.0,16.0,13.0,17.0,13.0,17.0,13.0,18.0,14.0,22.0,15.0
1759560647.966068000,00:03:7f:25:14:25,00:03:7f:25:14:25,0a:f5:a5:94:4b:df,0a:f5:a5:94:4b:df,5,15,53,15,50,15,49,14,49,14,48,14,49,13,49,12,49,12,49,11,49,11,49,10,49,10,49,10,50,9,50,9,50,8,49,8,49,7,49,7,49,6,49,6,48,5,49,4,49,4,49,3,49,3,49,3,49,3,49,2,48,1,47,1,51,0,5,0,7,0,8,1,11,1,13,1,14,2,15,2,15,3,15,3,15,4,14,4,14,5,14,5,15,6,16,7,16,7,15,8,16,8,16,8,16,9,16,10,15,10,15,11,15,11,15,12,16,12,16,13,16,13,15,14,16,14,17,15,37,15,44,15,46,15,47,14,48,14,48,13,48,12,48,12,47,11,47,11,47,10,47,10,48,9,48,9,48,8,48,8,47,7,47,6,47,6,47,5,47,5,48,4,49,4,50,3,50,3,50,2,50,2,50,2,49,1,49,0,1,0,9,0,8,1,8,1,9,1,11,2,12,2,13,2,13,3,13,4,13,4,13,5,14,5,14,6,13.0,7.0,14.0,7.0,13.0,8.0,14.0,9.0,14.0,9.0,14.0,9.0,13.0,9.0,13.0,10.0,14.0,11.0,12.0,13.0,14.0,13.0,10.0,13.0,9.0,13.0,7.0,14.0,2.0,14.0,61.0,15.0,57.0,15.0,54.0,15.0,55.0,14.0,53.0,13.0,52.0,13.0,51.0,12.0,50.0,12.0,51.0,12.0,51.0,11.0,51.0,11.0,51.0,10.0,51.0,10.0,50.0,9.0,49.0,9.0,48.0,8.0,48.0,8.0,49.0,8.0,49.0,7.0,50.0,7.0,49.0,6.0,49.0,6.0,50.0,5.0,51.0,4.0,52.0,4.0,52.0,4.0,52.0,3.0,51.0,3.0,51.0,3.0,51.0,2.0,54.0,1.0,57.0,1.0,59.0,1.0,62.0,1.0,4.0,0.0,10.0,0.0,12.0,1.0,12.0,1.0,11.0,2.0,12.0,3.0,13.0,3.0,13.0,3.0,13.0,4.0,14.0,4.0,14.0,5.0,14.0,6.0,14.0,6.0,13.0,7.0,14.0,7.0,14.0,7.0,15.0,8.0,14.0,8.0,14.0,9.0,15.0,10.0,16.0,10.0,16.0,10.0,15.0,11.0,14.0,11.0,15.0,12.0,15.0,12.0,14.0,13.0,13.0,13.0,13.0,14.0,14.0,14.0,16.0,15.0,23.0,15.0,45.0,15.0,46.0,14.0,46.0,14.0,45.0,13.0,46.0,13.0,48.0,13.0,48.0,12.0,49.0,12.0,48.0,11.0,47.0,10.0,47.0,10.0,46.0,10.0,45.0,9.0,45.0,9.0,46.0,8.0,46.0,8.0,45.0,7.0,45.0,7.0,46.0,6.0,46.0,5.0,46.0,5.0,47.0,4.0,46.0,4.0,45.0,4.0,43.0,3.0,42.0,3.0,39.0,1.0,37.0,1.0,35.0,0.0,32.0,0.0,27.0,1.0,25.0,1.0,22.0,2.0,21.0,2.0,20.0,2.0,19.0,3.0,18.0,3.0,17.0,4.0,17.0,4.0,17.0,5.0,18.0,6.0,18.0,6.0,18.0,6.0,18.0,7.0,17.0,8.0
1759560648.123900000,00:03:7f:25:14:25,00:03:7f:25:14:25,3a:c8:97:94:99:7a,3a:c8:97:94:99:7a,29,11,29,11,30,11,31,11,32,12,33,12,34,11,36,11,36,11,36,10,36,11,38,10,37,10,39,9,40,9,39,9,39,9,38,9,38,8,38,8,37,7,37,7,37,6,36,6,37,6,36,6,33,6,34,5,35,5,32,6,31,5,32,5,30,5,29,5,28,5,27,5,28,6,27,6,26,7,25,7,26,7,26,8,25,8,24,9,23,9,23,10,24,11,24,11,22,12,23,12,21,12,23,12,22,13,23,13,22,13,21,14,25,13,24,13,27,14,29,14,31,13,31,13,35,13,34,12,37,12,37,12,38,11,39,12,36,11,39,10,38,10,40,9,39,9,39,9,38,8,39,8,39,7,38,7,39,7,38,7,37,6,36,6,35,6,35,6,34,5,35,5,36,5,35,4,35,5,33,4,33,4,33,5,32,5,33,4,30,5,29,4,27,5,25,5,27,4,24,4,25,4,23,5,24,5,21,6,20,5,19,6,23,6,18,7,19.0,8.0,16.0,7.0,18.0,8.0,17.0,9.0,16.0,9.0,17.0,10.0,16.0,10.0,15.0,11.0,18.0,11.0,13.0,12.0,12.0,14.0,9.0,14.0,8.0,14.0,4.0,14.0,0.0,15.0,57.0,15.0,55.0,14.0,54.0,14.0,52.0,13.0,52.0,13.0,53.0,12.0,48.0,12.0,52.0,11.0,52.0,12.0,52.0,11.0,53.0,10.0,52.0,10.0,53.0,10.0,52.0,10.0,51.0,10.0,51.0,8.0,50.0,10.0,51.0,9.0,52.0,8.0,53.0,8.0,50.0,8.0,54.0,7.0,51.0,8.0,54.0,7.0,55.0,6.0,53.0,6.0,55.0,5.0,52.0,5.0,53.0,5.0,53.0,5.0,53.0,5.0,51.0,4.0,51.0,4.0,55.0,3.0,53.0,3.0,50.0,2.0,53.0,2.0,52.0,2.0,57.0,1.0,0.0,1.0,61.0,1.0,56.0,0.0,5.0,2.0,1.0,1.0,13.0,1.0,11.0,1.0,13.0,3.0,15.0,3.0,14.0,4.0,15.0,4.0,15.0,3.0,16.0,4.0,19.0,8.0,22.0,9.0,20.0,4.0,27.0,10.0,35.0,13.0,29.0,10.0,35.0,9.0,37.0,7.0,38.0,9.0,35.0,9.0,39.0,7.0,38.0,8.0,36.0,8.0,37.0,6.0,39.0,7.0,39.0,6.0,37.0,6.0,37.0,5.0,38.0,5.0,38.0,5.0,39.0,5.0,36.0,4.0,35.0,4.0,34.0,4.0,34.0,4.0,31.0,4.0,27.0,4.0,29.0,4.0,28.0,4.0,26.0,4.0,24.0,4.0,25.0,4.0,24.0,5.0,24.0,5.0,23.0,5.0,22.0,6.0,21.0,5.0,20.0,7.0,20.0,7.0,19.0,7.0,18.0,7.0,18.0,8.0,16.0,8.0,18.0,8.0,18.0,8.0,17.0,9.0,17.0,9.0,18.0,9.0,18.0,9.0,17.0,10.0,18.0,10.0,18.0,10.0,18.0,11.0,18.0,12.0,20.0,11.0,21.0,11.0,20.0,12.0,22.0,12.0,22.0,13.0
1759560648.610307000,00:03:7f:25:14:25,00:03:7f:25:14:25,0a:f5:a5:94:4b:df,0a:f5:a5:94:4b:df,3,15,55,15,51,15,50,14,49,14,49,14,49,13,50,12,50,12,50,11,50,11,49,10,49,10,50,10,50,9,51,9,50,8,49,8,49,7,49,7,49,7,49,6,49,5,49,5,49,4,49,3,49,3,50,3,50,3,50,2,49,1,48,1,53,0,0,0,4,0,6,1,9,1,12,1,14,2,15,2,15,3,15,3,15,4,14,4,14,5,13,5,15,6,16,7,15,8,15,8,16,8,16,8,16,9,15,9,15,10,15,11,15,12,15,12,15,12,15,13,15,13,14,14,14,14,13,15,39,15,47,15,47,15,48,14,49,14,49,13,49,12,49,12,48,11,47,11,47,10,48,10,48,10,49,9,49,8,48,8,48,7,47,6,48,6,48,6,48,5,48,5,49,4,51,3,51,3,52,3,51,2,51,2,50,1,51,0,60,0,5,0,5,1,5,1,7,1,9,1,11,2,12,2,13,3,12,4,12,4,12,4,13,5,14,5,13.0,6.0,13.0,7.0,13.0,8.0,13.0,8.0,14.0,8.0,14.0,9.0,13.0,9.0,13.0,10.0,13.0,10.0,12.0,12.0,14.0,12.0,11.0,13.0,10.0,13.0,8.0,13.0,4.0,14.0,63.0,15.0,60.0,15.0,58.0,15.0,56.0,14.0,54.0,14.0,52.0,13.0,51.0,12.0,50.0,12.0,50.0,12.0,51.0,11.0,51.0,11.0,51.0,11.0,51.0,10.0,50.0,9.0,49.0,9.0,48.0,8.0,48.0,8.0,49.0,8.0,49.0,8.0,49.0,7.0,49.0,7.0,48.0,6.0,49.0,5.0,50.0,4.0,51.0,4.0,52.0,4.0,51.0,4.0,50.0,3.0,50.0,3.0,51.0,2.0,53.0,1.0,55.0,1.0,58.0,1.0,60.0,1.0,3.0,0.0,12.0,0.0,13.0,1.0,12.0,1.0,11.0,2.0,12.0,3.0,13.0,3.0,13.0,3.0,13.0,4.0,14.0,4.0,13.0,5.0,14.0,6.0,14.0,6.0,13.0,7.0,14.0,7.0,14.0,7.0,14.0,8.0,14.0,8.0,14.0,9.0,15.0,10.0,16.0,10.0,16.0,10.0,15.0,11.0,14.0,11.0,14.0,12.0,14.0,12.0,13.0,13.0,12.0,13.0,12.0,14.0,13.0,14.0,15.0,15.0,18.0,15.0,47.0,15.0,47.0,14.0,47.0,14.0,46.0,13.0,46.0,13.0,48.0,12.0,49.0,12.0,49.0,12.0,48.0,11.0,47.0,10.0,47.0,10.0,46.0,10.0,45.0,9.0,46.0,9.0,46.0,9.0,46.0,8.0,46.0,8.0,46.0,7.0,46.0,6.0,46.0,5.0,47.0,5.0,47.0,5.0,47.0,4.0,45.0,4.0,44.0,3.0,43.0,2.0,41.0,1.0,39.0,1.0,38.0,0.0,35.0,0.0,29.0,0.0,26.0,1.0,23.0,1.0,20.0,2.0,19.0,2.0,18.0,3.0,18.0,3.0,17.0,4.0,16.0,4.0,17.0,5.0,17.0,5.0,17.0,6.0,18.0,6.0,17.0,7.0,16.0,7.0
1759560648.797371000,00:03:7f:25:14:25,00:03:7f:25:14:25,3a:c8:97:94:99:7a,3a:c8:97:94:99:7a,27,10,27,11,27,10,27,11,28,11,29,12,30,11,32,11,32,11,33,11,33,11,36,11,34,11,36,11,37,11,37,10,38,10,36,10,37,9,37,9,37,9,37,9,37,8,37,8,38,7,38,7,35,7,37,7,37,7,36,7,35,6,35,6,34,6,34,6,32,5,32,5,33,5,32,5,30,6,29,6,30,6,30,6,29,6,28,7,27,7,26,7,28,8,28,8,27,8,29,8,27,8,29,8,28,8,28,8,28,8,28,8,28,8,26,8,26,8,28,8,28,8,28,8,29,8,29,8,30,8,29,8,30,8,31,9,28,8,30,8,29,8,31,8,30,8,30,8,29,8,30,8,30,8,30,8,31,8,31,8,30,8,30,8,29,9,30,8,30,8,31,8,32,8,33,8,33,8,31,8,33,8,33,8,33,9,33,7,32,8,32,8,30,8,30,8,32,7,31,7,31,7,30,7,30,7,28,7,27,6,27,7,30,7,26,7,27.0,8.0,24.0,7.0,25.0,8.0,25.0,9.0,24.0,9.0,24.0,9.0,25.0,10.0,23.0,10.0,27.0,11.0,27.0,12.0,27.0,14.0,28.0,14.0,27.0,13.0,29.0,13.0,31.0,13.0,33.0,13.0,38.0,13.0,36.0,13.0,39.0,12.0,42.0,13.0,42.0,12.0,40.0,11.0,44.0,11.0,43.0,11.0,44.0,11.0,46.0,11.0,45.0,10.0,45.0,10.0,45.0,10.0,44.0,10.0,45.0,9.0,44.0,11.0,46.0,9.0,47.0,9.0,47.0,9.0,45.0,9.0,50.0,8.0,46.0,8.0,49.0,7.0,50.0,6.0,48.0,7.0,49.0,6.0,46.0,6.0,47.0,6.0,48.0,5.0,46.0,5.0,44.0,5.0,43.0,5.0,46.0,3.0,42.0,4.0,40.0,4.0,42.0,4.0,42.0,4.0,40.0,3.0,37.0,2.0,39.0,2.0,40.0,4.0,33.0,2.0,35.0,5.0,36.0,4.0,33.0,4.0,28.0,5.0,32.0,5.0,29.0,5.0,34.0,5.0,36.0,5.0,36.0,5.0,32.0,7.0,32.0,8.0,39.0,5.0,35.0,7.0,37.0,9.0,33.0,7.0,35.0,7.0,37.0,6.0,37.0,7.0,35.0,7.0,36.0,6.0,36.0,7.0,34.0,7.0,35.0,6.0,37.0,6.0,37.0,5.0,35.0,6.0,35.0,5.0,36.0,5.0,35.0,5.0,37.0,5.0,34.0,4.0,33.0,5.0,32.0,5.0,32.0,4.0,30.0,5.0,26.0,5.0,29.0,5.0,28.0,5.0,26.0,5.0,25.0,5.0,25.0,5.0,25.0,5.0,25.0,5.0,24.0,6.0,23.0,6.0,23.0,5.0,22.0,8.0,22.0,7.0,21.0,7.0,19.0,8.0,19.0,8.0,18.0,8.0,20.0,8.0,20.0,8.0,18.0,9.0,18.0,9.0,20.0,9.0,19.0,10.0,19.0,10.0,20.0,10.0,19.0,10.0,19.0,11.0,19.0,12.0,22.0,11.0,22.0,11.0,22.0,12.0,24.0,12.0,24.0,13.0
1759560649.349629000,00:03:7f:25:14:25,00:03:7f:25:14:25,3a:c8:97:94:99:7a,3a:c8:97:94:99:7a,25,10,25,11,26,11,25,11,26,12,27,12,29,12,31,12,32,12,32,12,33,12,36,12,34,12,37,11,39,11,38,11,39,11,38,11,38,10,39,10,39,9,39,9,39,9,39,8,40,8,40,7,37,7,39,7,39,6,38,7,37,6,38,6,36,6,36,5,34,5,34,5,35,5,34,4,31,5,30,5,31,5,30,5,29,5,27,5,26,6,25,6,25,6,26,6,24,7,25,7,23,7,24,7,23,7,23,7,23,7,23,7,23,7,22,8,22,8,22,8,24,8,23,8,25,8,26,8,26,9,25,9,27,9,27,10,25,9,28,9,27,10,29,9,28,10,28,10,29,10,30,10,30,9,30,10,31,9,32,9,31,9,31,9,31,9,33,9,33,9,33,9,34,9,35,8,35,8,34,8,35,8,35,7,35,8,35,7,34,7,34,7,32,7,31,7,33,6,32,6,32,5,31,5,30,5,28,5,27,5,26,5,29,6,25,5,25.0,6.0,23.0,6.0,24.0,7.0,23.0,7.0,22.0,7.0,23.0,8.0,21.0,8.0,22.0,9.0,22.0,10.0,23.0,12.0,23.0,11.0,21.0,11.0,23.0,12.0,23.0,13.0,25.0,13.0,24.0,13.0,28.0,14.0,29.0,13.0,34.0,14.0,37.0,14.0,41.0,14.0,38.0,13.0,43.0,13.0,43.0,13.0,45.0,13.0,48.0,12.0,45.0,12.0,46.0,12.0,47.0,11.0,46.0,11.0,47.0,10.0,45.0,11.0,48.0,10.0,48.0,10.0,50.0,9.0,47.0,10.0,50.0,8.0,47.0,9.0,50.0,8.0,52.0,7.0,50.0,8.0,51.0,6.0,49.0,7.0,50.0,7.0,50.0,6.0,49.0,6.0,48.0,6.0,47.0,6.0,51.0,4.0,48.0,5.0,45.0,4.0,47.0,4.0,47.0,4.0,48.0,4.0,46.0,2.0,48.0,2.0,48.0,3.0,51.0,1.0,45.0,4.0,44.0,1.0,42.0,2.0,30.0,1.0,41.0,1.0,38.0,1.0,38.0,2.0,42.0,2.0,41.0,1.0,34.0,4.0,33.0,5.0,42.0,2.0,36.0,6.0,43.0,7.0,34.0,6.0,37.0,6.0,40.0,4.0,37.0,5.0,35.0,6.0,38.0,5.0,37.0,6.0,35.0,6.0,35.0,5.0,38.0,5.0,38.0,4.0,36.0,5.0,35.0,5.0,36.0,4.0,36.0,5.0,38.0,4.0,34.0,4.0,33.0,4.0,32.0,4.0,32.0,4.0,29.0,4.0,26.0,5.0,28.0,4.0,27.0,4.0,25.0,5.0,23.0,4.0,24.0,4.0,24.0,5.0,24.0,5.0,24.0,6.0,22.0,6.0,21.0,5.0,21.0,7.0,21.0,7.0,20.0,7.0,18.0,8.0,18.0,8.0,17.0,8.0,18.0,8.0,19.0,8.0,18.0,8.0,18.0,9.0,19.0,9.0,19.0,9.0,19.0,9.0,19.0,10.0,19.0,10.0,19.0,10.0,19.0,11.0,21.0,11.0,22.0,11.0,22.0,12.0,23.0,12.0,24.0,12.0
1759560649.501457000,00:03:7f:25:14:25,00:03:7f:25:14:25,0a:f5:a5:94:4b:df,0a:f5:a5:94:4b:df,2,15,53,15,49,15,48,14,48,14,48,14,48,13,49,12,49,12,49,11,49,11,49,10,49,10,49,10,50,9,50,9,49,8,49,8,49,7,49,7,49,6,48,6,48,5,49,4,49,4,49,3,49,3,49,3,50,3,50,2,48,1,48,0,55,0,7,0,8,1,8,1,10,1,12,1,14,2,15,2,15,3,15,4,15,4,14,4,14,5,14,5,15,6,16,7,15,8,15,8,15,8,16,9,16,9,15,10,15,11,15,11,14,12,15,12,15,13,15,13,15,13,14,14,11,15,3,15,50,15,49,15,49,14,50,14,50,14,50,13,50,12,49,11,48,11,48,10,48,10,48,10,49,9,49,9,49,8,49,7,48,7,48,6,48,6,49,5,49,5,49,4,50,4,52,3,52,3,52,3,53,2,53,2,53,1,56,1,63,0,4,1,5,1,4,2,6,2,8,2,9,2,11,2,11,3,11,4,11,5,11,5,12,5,13,6,12.0,7.0,12.0,7.0,12.0,8.0,12.0,8.0,13.0,9.0,13.0,9.0,12.0,9.0,12.0,10.0,12.0,10.0,11.0,12.0,12.0,12.0,9.0,12.0,8.0,12.0,6.0,13.0,3.0,14.0,0.0,14.0,63.0,14.0,62.0,14.0,60.0,14.0,57.0,13.0,55.0,13.0,53.0,12.0,52.0,12.0,52.0,12.0,52.0,12.0,52.0,11.0,53.0,11.0,52.0,10.0,51.0,10.0,50.0,9.0,49.0,9.0,49.0,9.0,50.0,8.0,50.0,8.0,51.0,7.0,50.0,7.0,49.0,6.0,50.0,5.0,51.0,5.0,52.0,4.0,53.0,4.0,52.0,4.0,51.0,4.0,51.0,3.0,52.0,3.0,54.0,2.0,55.0,2.0,57.0,1.0,58.0,1.0,60.0,1.0,0.0,0.0,7.0,0.0,9.0,1.0,9.0,2.0,11.0,3.0,12.0,3.0,12.0,3.0,13.0,3.0,13.0,4.0,13.0,4.0,14.0,5.0,13.0,6.0,13.0,6.0,13.0,7.0,14.0,7.0,14.0,7.0,14.0,8.0,14.0,8.0,15.0,9.0,16.0,10.0,16.0,10.0,15.0,10.0,14.0,10.0,14.0,11.0,14.0,11.0,13.0,12.0,12.0,13.0,12.0,14.0,13.0,14.0,15.0,14.0,15.0,15.0,60.0,15.0,49.0,15.0,48.0,14.0,46.0,14.0,46.0,13.0,48.0,13.0,48.0,13.0,49.0,12.0,48.0,12.0,48.0,11.0,47.0,11.0,46.0,10.0,45.0,10.0,45.0,10.0,46.0,9.0,46.0,9.0,46.0,8.0,46.0,7.0,46.0,6.0,46.0,6.0,47.0,5.0,47.0,5.0,46.0,5.0,45.0,4.0,44.0,4.0,43.0,3.0,41.0,2.0,40.0,1.0,39.0,1.0,38.0,1.0,34.0,1.0,30.0,1.0,26.0,1.0,23.0,2.0,20.0,2.0,19.0,3.0,19.0,3.0,18.0,3.0,17.0,4.0,18.0,4.0,18.0,5.0,18.0,6.0,18.0,6.0,18.0,6.0,17.0,7.0
1759560649.731463000,00:03:7f:25:14:25,00:03:7f:25:14:25,0a:f5:a5:94:4b:df,0a:f5:a5:94:4b:df,7,15,50,15,48,15,48,14,48,14,48,14,49,13,49,12,49,12,49,11,49,11,49,10,49,10,49,10,50,9,50,9,49,8,49,8,49,7,49,7,49,6,48,6,48,5,49,4,49,4,49,3,49,3,49,3,50,3,50,2,48,1,48,0,53,0,6,0,7,0,8,1,11,1,12,1,14,2,14,2,15,3,15,3,15,4,14,4,14,5,13,5,15,6,16,7,15,8,15,8,15,8,16,9,16,9,15,10,15,10,15,11,15,12,15,12,15,13,15,13,14,13,14,14,13,14,11,15,48,15,50,15,50,15,51,14,51,14,50,13,50,12,50,12,48,11,48,11,48,10,48,10,49,9,49,9,49,8,49,8,48,7,48,6,48,6,48,5,48,5,49,4,50,4,51,3,52,3,52,3,52,2,52,2,52,1,55,1,63,0,4,1,4,1,4,1,6,2,8,2,10,2,10,2,11,3,11,4,11,4,11,4,12,5,13,5,12.0,6.0,13.0,7.0,12.0,8.0,12.0,8.0,13.0,8.0,13.0,8.0,12.0,8.0,12.0,10.0,13.0,10.0,11.0,12.0,13.0,12.0,10.0,12.0,9.0,12.0,8.0,13.0,5.0,14.0,2.0,14.0,1.0,14.0,63.0,15.0,60.0,14.0,57.0,14.0,55.0,13.0,53.0,13.0,52.0,12.0,52.0,12.0,52.0,12.0,52.0,11.0,52.0,11.0,52.0,10.0,51.0,10.0,50.0,9.0,49.0,9.0,48.0,9.0,49.0,8.0,50.0,8.0,50.0,7.0,50.0,7.0,49.0,7.0,50.0,6.0,51.0,5.0,52.0,5.0,52.0,4.0,52.0,4.0,51.0,4.0,51.0,3.0,51.0,3.0,53.0,2.0,54.0,2.0,55.0,1.0,57.0,1.0,60.0,1.0,0.0,0.0,5.0,0.0,8.0,1.0,9.0,2.0,11.0,2.0,12.0,2.0,12.0,3.0,13.0,3.0,13.0,3.0,13.0,4.0,14.0,5.0,14.0,5.0,13.0,6.0,14.0,6.0,14.0,7.0,14.0,7.0,14.0,8.0,14.0,8.0,15.0,9.0,16.0,9.0,16.0,10.0,15.0,10.0,14.0,11.0,15.0,11.0,15.0,11.0,14.0,12.0,13.0,13.0,13.0,13.0,14.0,14.0,15.0,14.0,16.0,15.0,19.0,15.0,47.0,15.0,47.0,14.0,45.0,14.0,45.0,14.0,47.0,13.0,48.0,13.0,49.0,12.0,48.0,12.0,47.0,11.0,46.0,11.0,45.0,11.0,45.0,10.0,45.0,10.0,45.0,9.0,46.0,9.0,45.0,8.0,45.0,8.0,46.0,7.0,46.0,6.0,46.0,5.0,46.0,5.0,46.0,5.0,45.0,4.0,44.0,4.0,43.0,3.0,41.0,2.0,39.0,1.0,38.0,1.0,37.0,1.0,33.0,1.0,30.0,1.0,26.0,1.0,24.0,1.0,22.0,2.0,20.0,2.0,19.0,3.0,18.0,3.0,18.0,4.0,18.0,4.0,18.0,5.0,18.0,5.0,19.0,6.0,18.0,6.0,17.0,7.0
1759560649.921161000,00:03:7f:25:14:25,00:03:7f:25:14:25,3a:c8:97:94:99:7a,3a:c8:97:94:99:7a,26,11,26,11,27,11,27,11,27,12,28,12,30,11,32,12,33,12,34,12,34,12,36,11,35,11,37,11,39,11,38,11,39,10,38,10,39,10,39,10,38,9,39,9,39,9,39,8,39,7,40,7,37,7,38,7,39,6,37,6,36,6,37,6,35,5,35,5,33,5,33,5,34,5,33,4,30,5,29,5,30,5,30,5,28,5,27,6,26,6,25,6,26,6,26,6,24,7,26,7,24,7,26,7,25,7,24,7,24,7,24,7,23,7,23,7,22,7,23,8,25,8,24,8,26,8,26,8,26,9,26,9,28,9,28,10,26,9,29,9,27,10,30,9,29,10,29,9,30,10,30,9,31,9,30,9,32,9,32,9,32,9,32,9,32,9,33,9,33,9,33,8,34,8,35,8,35,8,34,8,35,7,35,7,35,8,35,7,33,7,34,6,32,6,31,6,33,5,31,6,31,5,31,6,30,6,28,6,27,5,26,6,29,5,25,6,26.0,6.0,23.0,6.0,23.0,7.0,23.0,7.0,22.0,7.0,23.0,8.0,23.0,8.0,22.0,10.0,24.0,9.0,22.0,10.0,25.0,11.0,24.0,12.0,23.0,12.0,22.0,13.0,24.0,13.0,27.0,13.0,29.0,13.0,28.0,13.0,32.0,13.0,38.0,14.0,36.0,14.0,38.0,13.0,42.0,13.0,41.0,13.0,42.0,13.0,45.0,12.0,43.0,12.0,45.0,12.0,45.0,11.0,45.0,11.0,45.0,11.0,44.0,12.0,46.0,10.0,47.0,10.0,49.0,10.0,46.0,10.0,50.0,9.0,46.0,9.0,49.0,8.0,51.0,7.0,49.0,8.0,50.0,6.0,47.0,7.0,48.0,7.0,49.0,6.0,47.0,6.0,46.0,6.0,45.0,6.0,48.0,4.0,46.0,4.0,43.0,4.0,45.0,4.0,45.0,4.0,45.0,3.0,43.0,1.0,44.0,2.0,44.0,3.0,42.0,1.0,39.0,4.0,39.0,2.0,37.0,3.0,29.0,3.0,34.0,3.0,31.0,2.0,34.0,3.0,36.0,3.0,35.0,3.0,31.0,5.0,31.0,6.0,38.0,3.0,34.0,6.0,37.0,7.0,32.0,6.0,35.0,6.0,37.0,5.0,36.0,6.0,34.0,7.0,36.0,6.0,35.0,6.0,34.0,6.0,35.0,5.0,38.0,6.0,37.0,5.0,35.0,6.0,35.0,5.0,36.0,5.0,35.0,5.0,38.0,5.0,35.0,4.0,34.0,5.0,32.0,5.0,32.0,4.0,30.0,4.0,26.0,5.0,29.0,5.0,28.0,5.0,26.0,5.0,24.0,5.0,25.0,5.0,25.0,5.0,25.0,5.0,25.0,6.0,23.0,6.0,23.0,5.0,21.0,7.0,21.0,7.0,21.0,7.0,19.0,8.0,19.0,8.0,17.0,8.0,19.0,8.0,20.0,8.0,18.0,8.0,18.0,9.0,20.0,9.0,19.0,9.0,19.0,9.0,20.0,10.0,20.0,10.0,19.0,10.0,19.0,11.0,22.0,11.0,22.0,11.0,22.0,12.0,24.0,12.0,25.0,12.0
1759560650.699722000,00:03:7f:25:14:25,00:03:7f:25:14:25,3a:c8:97:94:99:7a,3a:c8:97:94:99:7a,27,10,27,11,28,11,28,11,29,11,30,12,32,11,34,11,33,11,34,11,34,11,37,11,35,11,38,10,39,10,38,9,39,9,37,9,38,9,38,9,37,8,38,8,38,7,37,7,38,6,38,6,35,6,35,6,36,6,34,6,34,5,34,5,32,5,32,5,30,5,30,5,31,5,29,5,28,5,27,5,27,6,27,6,26,6,25,7,24,8,24,8,25,8,25,8,23,9,24,9,22,9,23,8,22,8,22,8,21,8,20,7,21,8,20,8,19,8,20,9,22,9,21,9,23,9,23,9,24,9,23,10,25,10,25,11,23,11,28,10,25,11,29,11,28,11,28,11,29,11,30,11,31,11,31,11,33,11,34,11,32,11,34,11,34,11,36,10,36,10,37,10,37,10,39,9,39,9,37,9,38,8,39,8,39,8,39,7,37,7,38,6,36,7,35,6,37,5,36,5,36,4,35,4,34,4,32,4,30,4,29,4,31,4,26,4,25.0,4.0,23.0,4.0,23.0,5.0,22.0,5.0,21.0,6.0,22.0,6.0,19.0,6.0,20.0,8.0,19.0,7.0,17.0,9.0,20.0,9.0,18.0,10.0,18.0,11.0,17.0,12.0,19.0,12.0,17.0,12.0,17.0,13.0,20.0,13.0,19.0,14.0,22.0,15.0,14.0,14.0,29.0,14.0,17.0,15.0,11.0,15.0,57.0,15.0,55.0,14.0,49.0,14.0,49.0,14.0,51.0,13.0,49.0,13.0,51.0,13.0,49.0,14.0,51.0,12.0,51.0,12.0,54.0,11.0,50.0,11.0,54.0,10.0,50.0,11.0,53.0,10.0,54.0,9.0,52.0,9.0,53.0,8.0,50.0,9.0,51.0,8.0,52.0,8.0,51.0,8.0,49.0,8.0,49.0,7.0,52.0,6.0,50.0,6.0,48.0,6.0,49.0,6.0,49.0,6.0,50.0,6.0,49.0,4.0,50.0,4.0,51.0,4.0,52.0,3.0,48.0,6.0,50.0,3.0,47.0,4.0,46.0,3.0,46.0,4.0,48.0,2.0,47.0,3.0,48.0,3.0,51.0,3.0,44.0,3.0,39.0,5.0,50.0,3.0,43.0,4.0,46.0,6.0,39.0,4.0,41.0,5.0,45.0,3.0,42.0,4.0,39.0,5.0,40.0,4.0,39.0,5.0,36.0,5.0,36.0,4.0,39.0,5.0,38.0,4.0,36.0,5.0,35.0,4.0,36.0,4.0,36.0,4.0,37.0,4.0,34.0,3.0,32.0,4.0,31.0,4.0,32.0,3.0,29.0,4.0,25.0,5.0,27.0,5.0,26.0,4.0,24.0,5.0,23.0,5.0,23.0,4.0,24.0,5.0,24.0,5.0,23.0,6.0,21.0,6.0,21.0,5.0,20.0,8.0,20.0,7.0,20.0,7.0,18.0,8.0,18.0,8.0,17.0,8.0,18.0,8.0,19.0,9.0,18.0,9.0,18.0,9.0,19.0,9.0,19.0,10.0,19.0,10.0,19.0,10.0,19.0,11.0,19.0,11.0,20.0,12.0,22.0,11.0,23.0,11.0,23.0,12.0,24.0,12.0,25.0,13.0
1759560651.063729000,00:03:7f:25:14:25,00:03:7f:25:14:25,0a:f5:a5:94:4b:df,0a:f5:a5:94:4b:df,2,15,48,15,46,14,46,14,46,14,47,13,48,13,48,12,48,12,48,11,48,10,48,10,48,10,49,9,49,9,50,8,49,8,49,7,48,7,48,6,48,6,48,5,48,5,48,4,48,3,48,3,48,3,49,2,49,2,49,2,47,1,45,0,12,0,11,0,10,1,10,1,13,1,14,2,15,2,15,3,16,3,16,4,15,4,14,5,14,5,13,6,15,7,16,7,15,8,15,8,15,9,16,9,16,9,15,10,14,11,14,11,14,12,15,12,15,13,15,13,14,14,14,14,12,15,1,15,50,15,49,14,50,14,50,14,50,14,49,13,49,12,49,11,48,11,48,10,48,10,48,10,49,9,49,9,49,8,49,7,48,7,48,6,48,6,48,5,48,5,49,4,50,3,51,3,51,3,52,2,52,2,52,2,52,1,53,0,63,0,5,1,5,1,5,1,7,1,9,2,11,2,11,2,12,3,12,4,12,4,12,5,12,5,13,5,13.0,6.0,13.0,7.0,13.0,8.0,13.0,8.0,13.0,9.0,13.0,9.0,12.0,9.0,13.0,10.0,13.0,10.0,12.0,12.0,14.0,12.0,10.0,13.0,10.0,13.0,7.0,13.0,4.0,14.0,63.0,14.0,60.0,15.0,57.0,15.0,56.0,14.0,55.0,14.0,53.0,13.0,51.0,12.0,51.0,12.0,51.0,12.0,51.0,11.0,51.0,11.0,51.0,10.0,51.0,10.0,50.0,9.0,49.0,9.0,48.0,8.0,48.0,8.0,49.0,8.0,49.0,8.0,49.0,7.0,49.0,7.0,49.0,6.0,50.0,5.0,51.0,5.0,52.0,4.0,52.0,4.0,52.0,3.0,51.0,3.0,50.0,3.0,51.0,2.0,53.0,1.0,56.0,1.0,58.0,1.0,60.0,1.0,2.0,0.0,10.0,0.0,11.0,1.0,12.0,1.0,11.0,2.0,12.0,3.0,13.0,3.0,13.0,3.0,13.0,4.0,14.0,4.0,14.0,5.0,14.0,6.0,14.0,6.0,13.0,7.0,14.0,7.0,14.0,7.0,15.0,7.0,14.0,8.0,14.0,9.0,15.0,10.0,16.0,10.0,16.0,10.0,15.0,11.0,14.0,11.0,15.0,11.0,15.0,12.0,14.0,12.0,13.0,13.0,14.0,14.0,15.0,14.0,17.0,14.0,22.0,15.0,41.0,15.0,44.0,14.0,45.0,14.0,45.0,14.0,45.0,13.0,47.0,13.0,48.0,12.0,48.0,12.0,48.0,11.0,47.0,11.0,46.0,10.0,45.0,10.0,45.0,10.0,45.0,9.0,45.0,9.0,45.0,8.0,45.0,8.0,45.0,7.0,45.0,6.0,45.0,5.0,46.0,5.0,46.0,5.0,46.0,4.0,44.0,4.0,43.0,3.0,42.0,3.0,39.0,1.0,36.0,1.0,34.0,1.0,32.0,1.0,28.0,1.0,26.0,1.0,23.0,2.0,22.0,2.0,21.0,3.0,20.0,3.0,19.0,3.0,18.0,4.0,17.0,4.0,18.0,5.0,18.0,6.0,18.0,6.0,18.0,7.0,18.0,7.0,17.0,7.0
1759560651.306454000,00:03:7f:25:14:25,00:03:7f:25:14:25,3a:c8:97:94:99:7a,3a:c8:97:94:99:7a,29,12,29,12,30,12,31,12,32,12,33,13,35,11,37,11,37,11,37,11,38,11,39,10,37,10,40,9,41,9,39,8,40,8,38,8,39,7,39,7,38,6,37,6,38,6,36,6,37,5,36,5,33,5,34,5,34,4,31,5,30,5,30,5,28,5,27,5,25,5,26,6,26,6,25,6,23,7,23,7,24,8,23,9,22,9,22,10,20,11,19,11,17,13,16,12,13,13,12,12,8,12,12,12,10,12,10,12,10,12,9,11,13,12,12,12,12,12,13,13,15,13,16,13,19,14,22,14,22,14,29,14,33,14,38,15,35,14,40,13,39,13,40,12,40,12,40,11,40,11,41,11,41,10,40,10,42,9,41,9,40,9,40,8,40,7,41,7,40,7,41,6,41,6,42,5,41,5,40,5,41,4,40,4,39,4,40,4,36,3,37,3,33,2,32,3,33,2,28,2,28,2,26,2,24,2,21,3,20,3,18,3,22,4,17,5,17.0,6.0,14.0,5.0,16.0,6.0,15.0,7.0,15.0,7.0,15.0,8.0,14.0,8.0,13.0,9.0,15.0,9.0,13.0,10.0,13.0,12.0,10.0,12.0,10.0,12.0,9.0,12.0,8.0,13.0,7.0,13.0,5.0,14.0,3.0,14.0,0.0,14.0,60.0,13.0,60.0,13.0,54.0,13.0,57.0,13.0,56.0,13.0,56.0,12.0,57.0,12.0,56.0,12.0,55.0,12.0,55.0,11.0,54.0,11.0,54.0,10.0,52.0,11.0,53.0,10.0,54.0,10.0,55.0,9.0,52.0,9.0,56.0,9.0,52.0,9.0,55.0,8.0,56.0,7.0,54.0,8.0,56.0,7.0,53.0,7.0,54.0,7.0,54.0,7.0,54.0,7.0,53.0,6.0,52.0,6.0,56.0,5.0,54.0,5.0,53.0,4.0,54.0,4.0,54.0,4.0,57.0,4.0,58.0,3.0,58.0,4.0,59.0,3.0,62.0,3.0,57.0,4.0,63.0,3.0,61.0,4.0,0.0,4.0,62.0,4.0,2.0,4.0,62.0,5.0,60.0,5.0,63.0,5.0,63.0,7.0,59.0,9.0,62.0,6.0,55.0,9.0,57.0,9.0,50.0,9.0,50.0,8.0,54.0,6.0,50.0,7.0,45.0,8.0,48.0,6.0,46.0,7.0,45.0,6.0,45.0,5.0,46.0,5.0,46.0,5.0,43.0,5.0,44.0,3.0,44.0,3.0,43.0,4.0,44.0,3.0,43.0,2.0,38.0,2.0,36.0,2.0,38.0,1.0,30.0,1.0,22.0,2.0,26.0,2.0,22.0,2.0,21.0,3.0,18.0,3.0,19.0,3.0,18.0,4.0,20.0,4.0,19.0,5.0,17.0,5.0,17.0,5.0,16.0,7.0,17.0,7.0,16.0,7.0,14.0,8.0,14.0,8.0,13.0,8.0,15.0,8.0,15.0,9.0,14.0,9.0,14.0,9.0,16.0,9.0,15.0,10.0,14.0,10.0,15.0,11.0,15.0,11.0,15.0,11.0,14.0,12.0,17.0,12.0,18.0,12.0,17.0,13.0,19.0,13.0,20.0,14.0
1759560651.465325000,00:03:7f:25:14:25,00:03:7f:25:14:25,0a:f5:a5:94:4b:df,0a:f5:a5:94:4b:df,37,15,42,15,43,14,44,14,44,14,45,13,46,13,47,12,47,11,48,11,47,10,47,10,47,10,48,9,49,9,49,8,48,8,48,7,48,7,48,6,47,6,47,5,47,5,47,4,47,3,47,3,47,2,48,2,48,2,47,1,44,1,38,0,24,0,16,0,14,1,14,1,15,1,16,2,16,2,16,3,17,4,17,4,16,4,15,5,15,5,15,6,16,7,17,8,16,8,16,9,16,9,17,9,17,10,16,10,15,11,16,12,16,12,16,13,17,13,17,13,17,14,17,14,18,15,42,15,43,15,46,14,46,14,47,14,48,13,48,13,48,12,48,11,47,10,47,10,47,10,47,9,48,9,48,8,48,8,48,7,47,7,47,6,47,5,47,5,47,5,48,4,49,3,50,2,51,2,52,2,51,2,51,1,49,1,50,0,6,0,10,1,9,1,9,1,10,2,11,2,13,2,13,3,13,3,13,4,13,5,13,5,14,5,14,6,13.0,7.0,14.0,7.0,13.0,8.0,14.0,9.0,14.0,9.0,14.0,9.0,13.0,9.0,13.0,10.0,14.0,11.0,12.0,13.0,14.0,13.0,10.0,13.0,9.0,13.0,6.0,14.0,1.0,14.0,59.0,15.0,55.0,15.0,53.0,14.0,54.0,14.0,53.0,13.0,52.0,13.0,51.0,12.0,50.0,12.0,50.0,11.0,51.0,11.0,51.0,11.0,51.0,10.0,50.0,10.0,50.0,9.0,49.0,8.0,48.0,8.0,48.0,8.0,49.0,8.0,49.0,7.0,49.0,7.0,49.0,6.0,48.0,6.0,49.0,5.0,50.0,4.0,51.0,4.0,52.0,3.0,52.0,3.0,50.0,3.0,50.0,2.0,51.0,2.0,54.0,1.0,57.0,1.0,60.0,1.0,0.0,1.0,7.0,0.0,12.0,0.0,13.0,1.0,13.0,2.0,12.0,3.0,13.0,3.0,14.0,3.0,13.0,3.0,14.0,4.0,14.0,5.0,14.0,5.0,14.0,6.0,14.0,7.0,13.0,7.0,14.0,7.0,14.0,8.0,15.0,8.0,14.0,9.0,14.0,9.0,15.0,10.0,16.0,10.0,16.0,11.0,15.0,11.0,15.0,11.0,15.0,12.0,15.0,12.0,14.0,13.0,14.0,14.0,14.0,14.0,15.0,15.0,17.0,15.0,31.0,15.0,42.0,15.0,45.0,14.0,46.0,14.0,45.0,13.0,46.0,13.0,47.0,12.0,48.0,12.0,48.0,11.0,48.0,11.0,47.0,10.0,46.0,10.0,45.0,9.0,45.0,9.0,45.0,9.0,45.0,8.0,45.0,8.0,45.0,7.0,45.0,7.0,45.0,6.0,45.0,5.0,46.0,4.0,46.0,4.0,46.0,4.0,44.0,4.0,42.0,3.0,41.0,2.0,38.0,1.0,34.0,1.0,31.0,1.0,29.0,1.0,26.0,1.0,24.0,2.0,22.0,2.0,21.0,2.0,20.0,3.0,19.0,3.0,18.0,4.0,18.0,4.0,17.0,5.0,17.0,5.0,18.0,6.0,18.0,6.0,18.0,7.0,18.0,7.0,18.0,8.0
1759560651.851457000,00:03:7f:25:14:25,00:03:7f:25:14:25,3a:c8:97:94:99:7a,3a:c8:97:94:99:7a,27,12,29,12,30,12,31,12,32,12,34,13,35,12,37,12,37,11,37,11,38,11,40,10,38,10,40,10,41,9,40,9,41,9,39,8,39,7,39,8,38,6,38,6,38,6,37,6,37,5,37,5,34,5,35,5,34,4,32,5,31,4,31,5,29,5,28,5,26,5,27,5,27,5,26,6,25,7,23,7,24,8,24,8,23,8,22,9,21,10,20,10,19,12,19,11,17,12,17,12,14,12,15,12,14,12,15,12,14,13,11,12,15,13,14,13,15,13,17,14,20,14,21,14,29,14,32,14,37,14,38,13,40,13,42,14,39,12,41,11,40,11,42,10,42,10,41,10,41,9,42,9,42,8,41,8,43,7,42,7,40,7,41,6,39,6,40,5,40,5,40,5,40,5,41,4,41,4,39,4,39,3,38,3,38,3,38,3,34,3,33,2,30,2,29,2,27,1,25,2,24,2,22,2,22,3,19,4,18,3,17,4,20,4,16,5,16.0,6.0,14.0,6.0,16.0,7.0,15.0,7.0,14.0,8.0,15.0,8.0,14.0,9.0,13.0,10.0,15.0,10.0,12.0,11.0,13.0,12.0,10.0,12.0,10.0,12.0,7.0,12.0,6.0,13.0,5.0,13.0,3.0,14.0,2.0,14.0,63.0,14.0,59.0,13.0,60.0,13.0,54.0,13.0,57.0,12.0,56.0,13.0,56.0,12.0,57.0,12.0,56.0,12.0,56.0,11.0,55.0,11.0,54.0,11.0,54.0,10.0,52.0,11.0,54.0,10.0,54.0,10.0,55.0,9.0,52.0,10.0,55.0,9.0,52.0,9.0,55.0,8.0,56.0,7.0,54.0,8.0,56.0,7.0,53.0,7.0,54.0,7.0,54.0,7.0,54.0,7.0,52.0,6.0,52.0,6.0,55.0,5.0,53.0,5.0,52.0,5.0,53.0,5.0,53.0,4.0,55.0,4.0,56.0,3.0,56.0,3.0,56.0,3.0,60.0,3.0,53.0,4.0,60.0,2.0,57.0,3.0,61.0,2.0,58.0,3.0,62.0,3.0,58.0,3.0,56.0,3.0,59.0,4.0,58.0,4.0,46.0,5.0,58.0,3.0,51.0,5.0,52.0,7.0,45.0,5.0,45.0,5.0,50.0,4.0,47.0,4.0,42.0,6.0,45.0,4.0,43.0,5.0,40.0,5.0,40.0,3.0,42.0,5.0,42.0,3.0,38.0,4.0,37.0,3.0,39.0,3.0,38.0,3.0,39.0,3.0,34.0,2.0,32.0,3.0,31.0,3.0,29.0,2.0,26.0,3.0,22.0,4.0,24.0,4.0,23.0,4.0,22.0,4.0,20.0,4.0,20.0,4.0,20.0,6.0,21.0,6.0,20.0,6.0,19.0,6.0,19.0,6.0,17.0,8.0,18.0,8.0,17.0,8.0,15.0,9.0,16.0,9.0,15.0,9.0,16.0,9.0,17.0,9.0,16.0,10.0,15.0,10.0,17.0,10.0,17.0,11.0,16.0,11.0,18.0,11.0,18.0,12.0,17.0,12.0,18.0,13.0,20.0,13.0,21.0,12.0,22.0,13.0,24.0,13.0,25.0,14.0
1759560652.397959000,00:03:7f:25:14:25,00:03:7f:25:14:25,3a:c8:97:94:99:7a,3a:c8:97:94:99:7a,32,11,32,11,33,11,33,11,34,11,35,11,36,10,37,10,37,10,37,9,37,9,38,9,36,9,38,8,39,8,38,7,38,7,37,7,36,6,36,7,35,6,34,6,34,6,33,5,33,5,33,5,29,6,31,5,31,5,28,6,28,6,28,6,27,7,26,6,25,7,25,7,26,7,26,8,24,8,24,9,25,9,25,10,24,10,23,11,22,12,22,12,22,13,20,13,17,13,17,13,13,14,14,13,13,14,15,14,12,14,10,14,16,14,14,14,15,15,22,15,28,15,34,15,39,14,39,14,42,14,42,13,43,13,44,13,42,12,44,11,43,11,44,10,43,10,43,9,42,9,43,8,43,7,42,8,43,7,42,7,41,6,40,6,40,6,40,5,39,5,39,5,39,5,40,4,39,4,38,4,38,3,37,3,36,4,36,3,32,3,31,2,29,3,27,3,28,2,25,3,25,3,24,3,23,3,21,4,20,4,19,5,22,5,19,5,19.0,7.0,16.0,6.0,18.0,8.0,17.0,8.0,17.0,8.0,18.0,9.0,16.0,9.0,17.0,10.0,16.0,10.0,13.0,12.0,17.0,12.0,15.0,13.0,13.0,13.0,11.0,14.0,13.0,15.0,9.0,14.0,4.0,15.0,3.0,15.0,55.0,14.0,52.0,14.0,54.0,14.0,48.0,13.0,51.0,13.0,51.0,13.0,51.0,12.0,53.0,12.0,51.0,11.0,51.0,11.0,51.0,11.0,50.0,11.0,50.0,10.0,49.0,11.0,51.0,10.0,51.0,9.0,52.0,9.0,50.0,9.0,53.0,8.0,50.0,8.0,52.0,7.0,54.0,6.0,52.0,7.0,54.0,6.0,51.0,6.0,52.0,6.0,52.0,6.0,52.0,5.0,51.0,5.0,51.0,5.0,54.0,4.0,53.0,3.0,51.0,3.0,53.0,3.0,53.0,3.0,56.0,3.0,57.0,1.0,58.0,2.0,57.0,2.0,63.0,2.0,57.0,3.0,1.0,1.0,63.0,2.0,5.0,3.0,1.0,2.0,6.0,3.0,1.0,3.0,63.0,3.0,3.0,3.0,4.0,5.0,1.0,4.0,2.0,4.0,63.0,4.0,59.0,6.0,58.0,4.0,53.0,4.0,59.0,4.0,56.0,4.0,47.0,5.0,50.0,3.0,49.0,4.0,46.0,3.0,46.0,2.0,47.0,4.0,49.0,2.0,42.0,3.0,44.0,1.0,44.0,2.0,42.0,2.0,41.0,1.0,34.0,0.0,31.0,1.0,27.0,2.0,23.0,1.0,22.0,2.0,17.0,3.0,19.0,3.0,19.0,3.0,18.0,4.0,16.0,4.0,17.0,5.0,16.0,6.0,18.0,6.0,17.0,6.0,16.0,7.0,16.0,7.0,15.0,8.0,15.0,8.0,14.0,8.0,13.0,9.0,13.0,9.0,12.0,10.0,13.0,10.0,14.0,10.0,13.0,10.0,12.0,10.0,14.0,10.0,14.0,11.0,13.0,11.0,14.0,12.0,14.0,12.0,14.0,12.0,13.0,13.0,16.0,13.0,17.0,13.0,17.0,14.0,19.0,14.0,24.0,15.0
1759560652.598130000,00:03:7f:25:14:25,00:03:7f:25:14:25,0a:f5:a5:94:4b:df,0a:f5:a5:94:4b:df,58,15,50,14,49,14,48,14,48,14,48,13,49,13,49,12,49,11,49,11,49,10,49,10,49,10,49,9,50,9,50,8,50,8,49,7,49,7,49,6,49,6,49,5,49,5,49,4,49,3,49,3,50,3,50,3,50,2,50,2,49,1,49,0,2,0,9,0,9,1,10,1,11,1,12,1,14,2,15,3,15,3,15,4,15,4,14,5,13,5,13,6,15,7,15,7,15,8,15,8,15,9,16,9,16,9,15,10,14,11,14,11,14,12,14,12,15,13,15,13,15,13,14,14,12,15,7,15,48,15,48,15,48,14,49,14,49,14,49,13,49,12,49,11,48,11,47,11,47,10,48,10,48,9,49,9,49,8,48,8,48,7,47,6,47,6,48,5,48,5,48,4,49,3,50,3,51,3,52,2,51,2,51,2,50,1,50,0,1,0,9,0,8,1,7,1,9,1,10,2,12,2,13,3,13,3,13,4,13,5,13,5,13,5,14,6,13.0,7.0,14.0,7.0,13.0,8.0,13.0,9.0,14.0,9.0,14.0,9.0,13.0,9.0,13.0,10.0,13.0,11.0,12.0,13.0,13.0,13.0,9.0,13.0,9.0,13.0,6.0,14.0,1.0,14.0,59.0,14.0,56.0,14.0,55.0,14.0,55.0,14.0,53.0,13.0,52.0,13.0,51.0,12.0,51.0,12.0,51.0,11.0,51.0,11.0,51.0,11.0,52.0,10.0,51.0,10.0,50.0,9.0,49.0,8.0,48.0,8.0,48.0,8.0,49.0,8.0,50.0,7.0,50.0,7.0,49.0,6.0,49.0,6.0,50.0,5.0,51.0,4.0,52.0,4.0,53.0,4.0,53.0,3.0,52.0,3.0,51.0,3.0,52.0,2.0,55.0,1.0,57.0,1.0,60.0,1.0,62.0,1.0,3.0,1.0,8.0,0.0,10.0,1.0,11.0,2.0,11.0,3.0,12.0,3.0,13.0,3.0,12.0,3.0,12.0,4.0,13.0,4.0,13.0,5.0,14.0,6.0,13.0,6.0,13.0,7.0,13.0,7.0,14.0,7.0,14.0,8.0,13.0,8.0,14.0,9.0,14.0,10.0,15.0,10.0,16.0,10.0,14.0,11.0,14.0,11.0,14.0,11.0,14.0,12.0,13.0,13.0,12.0,13.0,12.0,14.0,13.0,14.0,14.0,14.0,17.0,15.0,46.0,15.0,47.0,14.0,47.0,14.0,46.0,14.0,46.0,13.0,48.0,13.0,49.0,12.0,49.0,12.0,48.0,11.0,47.0,11.0,47.0,10.0,46.0,10.0,45.0,10.0,45.0,9.0,46.0,9.0,46.0,8.0,46.0,8.0,45.0,7.0,46.0,6.0,46.0,5.0,46.0,5.0,47.0,4.0,47.0,4.0,45.0,4.0,44.0,3.0,43.0,3.0,40.0,1.0,38.0,1.0,36.0,0.0,32.0,0.0,28.0,1.0,25.0,1.0,23.0,1.0,21.0,2.0,19.0,2.0,19.0,3.0,18.0,3.0,17.0,4.0,17.0,4.0,17.0,5.0,17.0,5.0,18.0,6.0,18.0,6.0,18.0,7.0,17.0,7.0
1759560652.914377000,00:03:7f:25:14:25,00:03:7f:25:14:25,3a:c8:97:94:99:7a,3a:c8:97:94:99:7a,32,11,32,11,33,10,33,11,34,11,35,11,35,10,37,10,37,9,37,9,37,9,38,8,36,9,38,8,38,8,38,7,38,7,36,7,36,7,36,7,35,6,34,6,34,6,33,5,33,5,33,5,30,6,31,6,32,5,29,6,28,6,28,6,27,6,27,6,26,7,26,7,27,7,26,7,25,8,24,8,25,9,25,9,24,10,24,10,23,11,22,11,23,12,23,12,21,13,23,13,21,14,21,14,21,14,23,14,23,14,18,15,26,14,24,14,30,14,35,14,36,14,37,14,40,13,38,13,40,12,40,12,42,11,43,12,40,10,42,10,41,10,42,9,41,9,41,9,40,8,41,8,40,7,40,7,40,6,40,6,38,6,37,6,37,6,37,6,36,5,37,5,37,5,37,5,38,5,35,5,36,4,36,5,35,5,36,4,33,4,33,4,30,4,28,4,30,3,27,4,27,4,25,4,26,4,22,4,22,4,21,5,24,5,19,6,19.0,6.0,16.0,6.0,18.0,8.0,18.0,8.0,16.0,8.0,17.0,9.0,16.0,9.0,17.0,11.0,15.0,10.0,10.0,12.0,14.0,12.0,13.0,13.0,11.0,14.0,7.0,14.0,8.0,15.0,7.0,14.0,1.0,14.0,63.0,14.0,56.0,14.0,54.0,13.0,55.0,13.0,49.0,13.0,55.0,12.0,54.0,13.0,54.0,12.0,55.0,11.0,53.0,11.0,53.0,11.0,53.0,11.0,51.0,11.0,52.0,10.0,51.0,11.0,51.0,10.0,53.0,10.0,54.0,9.0,51.0,9.0,54.0,8.0,51.0,9.0,54.0,8.0,56.0,6.0,54.0,8.0,55.0,6.0,53.0,7.0,54.0,6.0,54.0,6.0,54.0,6.0,52.0,5.0,52.0,6.0,56.0,5.0,54.0,4.0,52.0,4.0,54.0,4.0,53.0,4.0,56.0,4.0,58.0,2.0,57.0,3.0,57.0,3.0,62.0,3.0,55.0,5.0,60.0,3.0,56.0,4.0,0.0,5.0,59.0,4.0,63.0,4.0,58.0,5.0,57.0,5.0,60.0,4.0,57.0,6.0,55.0,7.0,59.0,5.0,53.0,6.0,54.0,7.0,50.0,5.0,48.0,5.0,53.0,4.0,50.0,5.0,45.0,6.0,47.0,4.0,46.0,5.0,44.0,4.0,42.0,2.0,45.0,4.0,46.0,3.0,42.0,3.0,39.0,2.0,40.0,2.0,38.0,2.0,38.0,2.0,32.0,1.0,30.0,2.0,28.0,2.0,26.0,2.0,24.0,3.0,20.0,4.0,22.0,4.0,21.0,4.0,20.0,5.0,18.0,5.0,19.0,5.0,19.0,6.0,20.0,6.0,19.0,6.0,18.0,7.0,18.0,7.0,16.0,9.0,17.0,8.0,17.0,8.0,15.0,9.0,15.0,10.0,14.0,10.0,16.0,10.0,16.0,10.0,15.0,10.0,15.0,11.0,17.0,11.0,16.0,11.0,16.0,12.0,17.0,12.0,17.0,12.0,17.0,13.0,18.0,13.0,21.0,13.0,23.0,13.0,22.0,14.0,25.0,14.0,29.0,14.0
1759560653.097093000,00:03:7f:25:14:25,00:03:7f:25:14:25,0a:f5:a5:94:4b:df,0a:f5:a5:94:4b:df,56,15,50,14,48,14,48,14,48,14,48,13,49,13,49,12,49,11,49,11,49,10,49,10,49,10,49,9,50,9,50,8,49,8,49,7,49,7,49,6,49,6,48,5,48,5,49,4,49,3,49,3,49,3,50,3,50,2,50,2,48,1,48,0,5,0,9,0,9,1,10,1,12,1,13,1,14,2,15,3,15,3,15,4,15,4,14,5,13,5,13,5,15,7,16,7,15,8,15,8,15,9,16,9,16,9,15,10,14,11,14,11,14,12,14,12,15,13,15,13,15,13,14,14,13,14,9,15,48,15,49,15,48,14,49,14,49,14,49,13,49,12,49,11,48,11,47,11,47,10,48,10,48,9,48,9,48,8,48,7,48,7,47,6,47,6,48,5,48,5,48,4,49,3,50,3,51,2,51,2,51,2,51,1,50,1,52,0,3,0,8,1,7,1,7,1,9,2,10,2,12,2,12,3,13,3,12,4,12,5,13,5,13,5,14,6,13.0,7.0,13.0,7.0,13.0,8.0,13.0,9.0,14.0,9.0,14.0,9.0,13.0,9.0,13.0,10.0,13.0,11.0,11.0,13.0,12.0,13.0,9.0,13.0,8.0,13.0,6.0,14.0,1.0,14.0,60.0,14.0,58.0,14.0,56.0,14.0,55.0,14.0,54.0,13.0,53.0,13.0,52.0,12.0,51.0,12.0,51.0,11.0,52.0,11.0,51.0,11.0,52.0,10.0,51.0,10.0,51.0,9.0,50.0,8.0,49.0,8.0,49.0,8.0,50.0,8.0,50.0,7.0,50.0,7.0,50.0,7.0,49.0,6.0,50.0,5.0,51.0,4.0,52.0,4.0,53.0,4.0,53.0,4.0,52.0,3.0,52.0,3.0,52.0,2.0,55.0,1.0,57.0,1.0,59.0,1.0,61.0,1.0,1.0,1.0,7.0,0.0,9.0,1.0,10.0,1.0,10.0,2.0,11.0,3.0,12.0,3.0,12.0,3.0,12.0,4.0,13.0,4.0,13.0,5.0,14.0,6.0,13.0,6.0,13.0,7.0,13.0,7.0,14.0,7.0,14.0,7.0,13.0,8.0,14.0,9.0,15.0,10.0,16.0,10.0,16.0,10.0,15.0,11.0,14.0,11.0,14.0,11.0,14.0,12.0,13.0,12.0,12.0,13.0,12.0,14.0,13.0,14.0,15.0,14.0,16.0,15.0,45.0,15.0,48.0,15.0,47.0,14.0,46.0,14.0,46.0,13.0,48.0,13.0,48.0,12.0,49.0,12.0,48.0,11.0,47.0,11.0,46.0,10.0,46.0,10.0,45.0,10.0,45.0,9.0,45.0,9.0,46.0,8.0,45.0,8.0,45.0,7.0,46.0,6.0,46.0,5.0,46.0,5.0,47.0,5.0,46.0,4.0,45.0,4.0,44.0,3.0,43.0,3.0,40.0,1.0,37.0,1.0,35.0,1.0,33.0,1.0,29.0,1.0,26.0,1.0,23.0,2.0,22.0,2.0,20.0,2.0,19.0,3.0,18.0,3.0,17.0,4.0,17.0,4.0,17.0,5.0,18.0,6.0,18.0,6.0,18.0,6.0,18.0,7.0,17.0,7.0
1759560653.551973000,00:03:7f:25:14:25,00:03:7f:25:14:25,3a:c8:97:94:99:7a,3a:c8:97:94:99:7a,41,13,41,13,43,12,43,12,43,11,44,11,44,10,45,10,45,9,44,9,44,8,45,7,44,7,44,6,45,6,44,5,44,5,43,4,42,3,40,3,38,2,33,1,32,1,28,1,24,1,25,2,20,3,21,3,21,3,18,5,19,5,19,6,19,7,17,7,16,8,17,9,18,9,18,10,17,11,15,11,16,12,13,13,9,13,9,14,2,14,63,13,61,13,62,12,61,12,62,11,60,11,62,10,61,10,61,11,61,11,62,10,62,11,61,11,59,11,60,10,61,11,59,11,59,11,59,10,59,10,56,10,58,9,58,10,55,9,56,9,55,8,56,8,55,8,55,7,55,7,56,7,56,6,55,6,56,6,56,5,55,5,56,4,56,4,57,4,56,4,58,4,57,4,58,3,58,3,57,3,56,3,58,2,58,2,56,2,61,1,59,1,0,1,0,1,5,1,8,2,8,2,9,2,10,2,10,4,12,3,11,4,14,4,11,6,12.0,6.0,9.0,6.0,12.0,7.0,11.0,8.0,10.0,8.0,11.0,8.0,9.0,9.0,9.0,10.0,9.0,10.0,6.0,10.0,8.0,11.0,5.0,11.0,4.0,11.0,2.0,11.0,1.0,12.0,0.0,12.0,63.0,12.0,63.0,12.0,61.0,11.0,60.0,11.0,60.0,11.0,57.0,11.0,59.0,10.0,59.0,10.0,59.0,10.0,60.0,9.0,59.0,10.0,59.0,9.0,59.0,9.0,57.0,9.0,58.0,8.0,58.0,10.0,58.0,9.0,59.0,8.0,60.0,8.0,57.0,9.0,61.0,8.0,58.0,8.0,61.0,7.0,62.0,6.0,59.0,7.0,61.0,7.0,60.0,7.0,61.0,7.0,60.0,7.0,61.0,7.0,60.0,6.0,59.0,7.0,62.0,6.0,63.0,6.0,62.0,6.0,62.0,7.0,62.0,7.0,0.0,8.0,0.0,6.0,63.0,7.0,2.0,7.0,0.0,8.0,61.0,9.0,1.0,8.0,63.0,9.0,63.0,9.0,63.0,9.0,63.0,9.0,61.0,9.0,60.0,9.0,62.0,9.0,59.0,9.0,58.0,9.0,62.0,8.0,59.0,9.0,58.0,9.0,56.0,8.0,57.0,8.0,59.0,7.0,57.0,7.0,55.0,7.0,56.0,6.0,55.0,7.0,56.0,6.0,57.0,5.0,56.0,5.0,57.0,5.0,54.0,5.0,58.0,4.0,58.0,4.0,58.0,3.0,60.0,3.0,63.0,3.0,62.0,2.0,1.0,2.0,62.0,2.0,3.0,2.0,4.0,3.0,7.0,3.0,8.0,3.0,10.0,4.0,9.0,4.0,10.0,4.0,10.0,5.0,13.0,5.0,13.0,5.0,11.0,6.0,12.0,6.0,11.0,8.0,12.0,8.0,11.0,8.0,10.0,9.0,10.0,9.0,9.0,9.0,10.0,9.0,12.0,9.0,11.0,10.0,10.0,10.0,11.0,10.0,11.0,11.0,9.0,11.0,11.0,11.0,11.0,11.0,10.0,12.0,9.0,13.0,12.0,13.0,13.0,13.0,11.0,13.0,11.0,14.0,8.0,15.0
1759560653.622657000,00:03:7f:25:14:25,00:03:7f:25:14:25,0a:f5:a5:94:4b:df,0a:f5:a5:94:4b:df,2,15,54,15,51,14,49,14,49,14,49,14,50,13,50,12,49,12,50,11,50,10,49,10,50,10,50,10,51,9,51,9,50,8,50,7,49,7,50,6,49,6,49,6,49,5,50,4,50,4,50,3,50,3,50,3,51,3,51,2,50,1,51,1,58,0,4,0,6,1,7,1,9,1,11,1,13,2,14,2,15,3,15,4,14,4,13,4,13,5,13,5,15,6,15,7,15,8,15,8,15,8,15,8,15,9,15,10,14,10,14,11,14,11,14,12,15,12,15,13,15,13,14,14,13,14,10,15,48,15,48,15,48,15,48,14,49,14,49,13,49,12,49,11,48,11,47,11,47,10,48,10,48,9,48,9,48,8,48,7,47,7,47,6,48,6,48,5,48,5,48,4,49,3,50,3,51,2,52,2,52,2,51,1,51,1,54,0,4,0,9,1,8,1,7,1,9,2,10,2,12,2,12,3,13,4,12,4,12,5,12,5,13,6,13,6,12.0,7.0,13.0,8.0,12.0,8.0,13.0,9.0,13.0,9.0,13.0,9.0,12.0,10.0,12.0,11.0,12.0,11.0,9.0,13.0,11.0,13.0,7.0,13.0,6.0,13.0,3.0,13.0,63.0,14.0,60.0,14.0,59.0,14.0,58.0,14.0,57.0,13.0,56.0,13.0,54.0,12.0,53.0,12.0,52.0,11.0,52.0,11.0,53.0,11.0,53.0,11.0,53.0,10.0,52.0,10.0,52.0,9.0,50.0,8.0,50.0,8.0,50.0,8.0,50.0,8.0,50.0,8.0,51.0,7.0,50.0,7.0,50.0,6.0,51.0,5.0,52.0,4.0,53.0,4.0,54.0,4.0,53.0,4.0,52.0,3.0,52.0,3.0,53.0,3.0,56.0,2.0,57.0,1.0,59.0,1.0,61.0,1.0,0.0,1.0,4.0,0.0,7.0,1.0,9.0,2.0,9.0,3.0,10.0,3.0,12.0,3.0,11.0,3.0,12.0,4.0,12.0,4.0,12.0,5.0,13.0,6.0,13.0,6.0,12.0,7.0,13.0,7.0,13.0,7.0,13.0,7.0,13.0,8.0,13.0,9.0,14.0,10.0,15.0,10.0,15.0,10.0,14.0,11.0,13.0,11.0,14.0,11.0,14.0,12.0,13.0,12.0,11.0,13.0,11.0,14.0,11.0,14.0,13.0,14.0,12.0,15.0,48.0,15.0,48.0,14.0,48.0,14.0,47.0,13.0,47.0,13.0,48.0,13.0,49.0,12.0,50.0,12.0,49.0,11.0,48.0,10.0,47.0,10.0,47.0,10.0,46.0,9.0,46.0,9.0,46.0,8.0,47.0,8.0,46.0,7.0,46.0,7.0,47.0,6.0,47.0,5.0,47.0,5.0,48.0,4.0,47.0,4.0,46.0,4.0,45.0,3.0,44.0,2.0,42.0,1.0,40.0,0.0,39.0,0.0,34.0,0.0,26.0,0.0,23.0,1.0,21.0,1.0,19.0,2.0,18.0,2.0,17.0,3.0,17.0,3.0,16.0,4.0,16.0,4.0,16.0,5.0,16.0,6.0,17.0,6.0,17.0,6.0,17.0,7.0,16.0,8.0
1759560654.062581000,00:03:7f:25:14:25,00:03:7f:25:14:25,3a:c8:97:94:99:7a,3a:c8:97:94:99:7a,49,14,48,14,48,13,49,13,49,12,49,12,48,11,48,10,49,9,48,8,49,9,50,7,48,7,49,6,50,6,50,4,50,4,50,4,52,2,51,1,63,1,8,1,8,2,10,2,10,4,13,3,10,6,11,6,12,6,10,8,12,8,13,8,12,10,11,10,10,11,10,11,8,12,7,12,5,13,2,13,2,13,61,12,59,11,60,12,58,11,57,11,58,10,59,9,58,9,60,8,59,8,62,7,61,7,62,8,62,7,63,7,63,8,63,8,62,8,0,8,0,8,63,9,0,9,0,9,0,9,62,9,63,8,62,9,60,9,61,8,61,8,61,8,60,8,60,8,60,8,60,7,61,7,60,7,61,7,60,7,60,7,60,6,60,6,62,6,60,6,61,6,60,6,62,5,62,6,61,6,60,6,62,5,61,5,60,5,61,5,61,4,61,4,59,3,63,4,0,3,0,3,1,4,1,3,5,4,4,3,4,4,9,4,7,5,8.0,5.0,6.0,5.0,8.0,6.0,8.0,7.0,7.0,6.0,9.0,7.0,8.0,7.0,7.0,8.0,9.0,8.0,6.0,9.0,8.0,9.0,6.0,9.0,6.0,9.0,5.0,10.0,4.0,10.0,3.0,10.0,3.0,10.0,3.0,10.0,1.0,10.0,0.0,10.0,0.0,10.0,62.0,11.0,63.0,10.0,0.0,10.0,0.0,10.0,0.0,10.0,63.0,10.0,63.0,10.0,62.0,10.0,61.0,10.0,61.0,10.0,60.0,11.0,60.0,10.0,60.0,10.0,61.0,9.0,58.0,10.0,61.0,9.0,58.0,10.0,60.0,9.0,61.0,8.0,59.0,9.0,60.0,8.0,59.0,8.0,59.0,8.0,59.0,8.0,59.0,8.0,59.0,7.0,57.0,8.0,60.0,7.0,60.0,7.0,59.0,7.0,59.0,7.0,59.0,7.0,60.0,7.0,60.0,6.0,60.0,7.0,63.0,6.0,62.0,7.0,59.0,7.0,63.0,7.0,61.0,7.0,61.0,7.0,61.0,7.0,62.0,7.0,61.0,7.0,61.0,7.0,63.0,7.0,61.0,7.0,61.0,7.0,0.0,7.0,62.0,7.0,61.0,7.0,60.0,7.0,61.0,6.0,63.0,6.0,61.0,6.0,59.0,6.0,61.0,6.0,60.0,6.0,61.0,5.0,62.0,6.0,61.0,6.0,62.0,6.0,60.0,6.0,63.0,5.0,63.0,5.0,63.0,5.0,2.0,5.0,2.0,5.0,2.0,5.0,3.0,5.0,0.0,5.0,3.0,5.0,3.0,6.0,4.0,6.0,5.0,6.0,6.0,6.0,5.0,6.0,6.0,6.0,5.0,7.0,8.0,7.0,8.0,7.0,6.0,8.0,7.0,8.0,5.0,9.0,7.0,9.0,6.0,8.0,5.0,9.0,5.0,9.0,4.0,10.0,5.0,9.0,6.0,9.0,5.0,10.0,3.0,10.0,5.0,9.0,4.0,10.0,3.0,10.0,4.0,11.0,5.0,11.0,4.0,11.0,1.0,12.0,4.0,11.0,3.0,12.0,2.0,12.0,1.0,12.0,61.0,13.0
1759560654.130740000,00:03:7f:25:14:25,00:03:7f:25:14:25,0a:f5:a5:94:4b:df,0a:f5:a5:94:4b:df,1,15,55,15,52,14,51,14,50,14,50,14,50,13,50,12,50,11,50,11,50,10,49,10,50,10,50,10,51,9,51,8,50,8,50,7,50,7,50,6,49,6,49,5,49,5,50,4,50,4,50,3,50,3,51,3,52,3,52,2,51,1,53,0,61,0,3,1,5,1,7,1,9,1,11,2,12,2,13,3,14,3,14,4,14,4,13,4,13,5,13,5,14,6,15,7,15,8,14,8,15,8,15,9,15,9,15,10,14,10,14,11,14,12,14,12,14,13,14,13,14,13,13,14,11,14,6,15,55,15,51,15,50,14,50,14,50,14,50,13,49,12,50,11,48,11,48,10,48,10,48,10,49,9,49,9,49,8,49,7,48,7,48,6,48,6,48,5,48,5,49,4,50,3,51,3,52,2,53,2,53,2,53,2,53,1,59,0,4,1,7,1,7,2,7,2,8,2,10,2,11,3,11,3,12,4,11,5,11,5,12,5,12,6,13,6,12.0,7.0,12.0,8.0,12.0,8.0,12.0,9.0,12.0,9.0,12.0,9.0,11.0,9.0,11.0,10.0,11.0,11.0,9.0,13.0,10.0,12.0,6.0,13.0,6.0,13.0,3.0,13.0,63.0,13.0,60.0,13.0,59.0,14.0,58.0,14.0,58.0,13.0,56.0,13.0,55.0,12.0,53.0,12.0,53.0,11.0,53.0,11.0,53.0,11.0,53.0,11.0,54.0,10.0,53.0,10.0,52.0,9.0,51.0,8.0,50.0,8.0,50.0,8.0,51.0,8.0,51.0,8.0,52.0,7.0,51.0,6.0,51.0,6.0,52.0,5.0,52.0,5.0,54.0,4.0,55.0,4.0,54.0,4.0,53.0,3.0,53.0,3.0,54.0,3.0,57.0,2.0,58.0,2.0,60.0,2.0,62.0,2.0,2.0,1.0,4.0,1.0,6.0,1.0,8.0,2.0,9.0,3.0,10.0,3.0,11.0,3.0,10.0,3.0,11.0,4.0,12.0,4.0,11.0,5.0,12.0,6.0,12.0,6.0,12.0,7.0,12.0,7.0,13.0,7.0,13.0,8.0,12.0,8.0,13.0,9.0,13.0,9.0,14.0,10.0,14.0,10.0,13.0,11.0,12.0,11.0,13.0,11.0,12.0,12.0,11.0,12.0,10.0,13.0,9.0,14.0,8.0,14.0,9.0,14.0,5.0,15.0,56.0,15.0,52.0,14.0,51.0,14.0,50.0,13.0,49.0,13.0,51.0,13.0,51.0,12.0,51.0,12.0,50.0,11.0,49.0,10.0,48.0,10.0,48.0,10.0,47.0,9.0,47.0,9.0,47.0,9.0,47.0,8.0,47.0,7.0,47.0,7.0,48.0,6.0,48.0,5.0,48.0,5.0,49.0,5.0,48.0,4.0,48.0,4.0,47.0,3.0,46.0,2.0,46.0,1.0,46.0,1.0,45.0,0.0,39.0,0.0,21.0,0.0,19.0,0.0,18.0,1.0,17.0,1.0,16.0,2.0,16.0,3.0,15.0,3.0,15.0,3.0,15.0,4.0,15.0,5.0,16.0,5.0,16.0,6.0,16.0,6.0,16.0,7.0,15.0,7.0
1759560654.674137000,00:03:7f:25:14:25,00:03:7f:25:14:25,3a:c8:97:94:99:7a,3a:c8:97:94:99:7a,27,15,41,15,46,15,49,14,49,13,49,13,47,12,48,11,48,11,47,10,50,10,50,8,48,8,49,7,51,7,50,5,49,5,50,5,49,3,47,2,63,1,7,2,8,2,10,4,10,6,12,5,9,7,12,7,13,8,9,10,12,9,12,10,13,12,10,12,8,12,6,13,5,13,3,14,63,14,61,13,60,13,57,12,56,11,56,11,55,10,55,10,56,9,57,8,56,8,58,7,57,7,61,6,60,6,61,7,62,6,62,6,63,7,63,7,63,7,0,7,1,8,0,8,1,8,1,8,1,8,63,8,1,8,0,9,62,8,63,9,62,8,63,8,62,8,62,8,61,8,62,8,62,8,61,8,62,8,61,8,61,7,61,7,60,7,61,7,60,7,61,7,60,7,61,6,61,6,60,6,59,6,60,5,60,5,58,5,60,5,59,4,59,4,59,3,63,3,0,3,0,3,2,3,1,3,4,4,5,3,6,4,9,4,8,5,8.0,6.0,7.0,5.0,9.0,6.0,9.0,7.0,9.0,7.0,10.0,7.0,8.0,7.0,9.0,8.0,9.0,8.0,7.0,9.0,9.0,9.0,7.0,10.0,6.0,10.0,6.0,10.0,5.0,11.0,4.0,11.0,3.0,11.0,4.0,11.0,1.0,11.0,0.0,11.0,0.0,11.0,62.0,12.0,63.0,11.0,63.0,11.0,63.0,11.0,62.0,10.0,61.0,11.0,61.0,11.0,60.0,11.0,59.0,11.0,60.0,10.0,58.0,11.0,58.0,10.0,58.0,10.0,59.0,10.0,56.0,10.0,59.0,9.0,56.0,10.0,59.0,9.0,60.0,8.0,57.0,9.0,58.0,8.0,58.0,8.0,58.0,8.0,57.0,8.0,57.0,8.0,57.0,7.0,56.0,7.0,59.0,6.0,59.0,6.0,58.0,6.0,59.0,6.0,58.0,6.0,60.0,7.0,60.0,5.0,60.0,6.0,63.0,6.0,62.0,6.0,59.0,7.0,0.0,6.0,61.0,7.0,62.0,7.0,62.0,7.0,63.0,7.0,62.0,7.0,61.0,7.0,0.0,7.0,61.0,7.0,61.0,7.0,1.0,6.0,62.0,7.0,61.0,7.0,61.0,7.0,61.0,6.0,63.0,6.0,62.0,6.0,60.0,6.0,61.0,6.0,60.0,6.0,61.0,5.0,62.0,6.0,61.0,6.0,62.0,6.0,60.0,6.0,63.0,6.0,63.0,5.0,63.0,5.0,1.0,5.0,2.0,5.0,2.0,5.0,2.0,5.0,0.0,5.0,3.0,5.0,3.0,6.0,4.0,5.0,5.0,5.0,6.0,6.0,5.0,6.0,7.0,6.0,6.0,7.0,9.0,6.0,8.0,7.0,7.0,8.0,8.0,7.0,7.0,9.0,8.0,8.0,7.0,8.0,6.0,9.0,5.0,9.0,5.0,9.0,6.0,9.0,8.0,9.0,7.0,10.0,5.0,10.0,7.0,9.0,6.0,10.0,5.0,10.0,6.0,11.0,7.0,11.0,5.0,11.0,3.0,12.0,6.0,12.0,6.0,12.0,4.0,12.0,4.0,13.0,63.0,13.0
1759560655.069635000,00:03:7f:25:14:25,00:03:7f:25:14:25,3a:c8:97:94:99:7a,3a:c8:97:94:99:7a,0,14,57,14,60,13,59,13,56,12,56,12,54,12,53,11,53,10,52,10,55,10,54,8,53,8,53,7,56,6,55,5,56,5,56,6,59,3,60,3,1,4,5,5,6,5,7,5,6,6,9,5,7,8,8,8,9,8,8,10,9,10,10,10,10,12,7,12,6,12,5,13,4,13,2,13,0,13,61,13,61,12,58,12,57,11,57,11,55,10,55,10,56,9,57,8,56,8,58,8,57,7,60,6,59,6,60,7,61,6,62,6,63,7,63,7,62,7,0,7,1,7,0,7,1,8,1,7,2,8,0,8,2,8,0,9,62,8,0,8,63,8,63,8,62,8,62,8,61,8,62,8,63,8,62,8,63,8,62,7,61,7,61,7,61,7,62,7,61,7,62,7,61,7,62,6,62,6,61,6,60,6,62,5,61,6,60,5,62,5,61,5,62,4,60,4,0,4,0,4,0,4,1,4,1,3,5,5,4,3,4,5,9,4,7,5,8.0,6.0,6.0,6.0,9.0,6.0,8.0,7.0,8.0,7.0,9.0,7.0,8.0,7.0,7.0,8.0,9.0,8.0,8.0,9.0,8.0,9.0,7.0,9.0,7.0,10.0,5.0,10.0,5.0,10.0,4.0,10.0,4.0,10.0,4.0,11.0,2.0,11.0,1.0,11.0,1.0,11.0,63.0,11.0,0.0,11.0,0.0,11.0,63.0,11.0,0.0,10.0,63.0,11.0,62.0,11.0,62.0,10.0,60.0,10.0,60.0,10.0,59.0,11.0,59.0,11.0,60.0,10.0,60.0,10.0,57.0,10.0,60.0,10.0,57.0,10.0,59.0,9.0,60.0,8.0,58.0,9.0,59.0,9.0,58.0,8.0,58.0,8.0,57.0,8.0,57.0,8.0,57.0,7.0,55.0,8.0,58.0,7.0,57.0,7.0,57.0,7.0,57.0,7.0,57.0,7.0,59.0,7.0,59.0,5.0,59.0,6.0,61.0,6.0,60.0,6.0,58.0,6.0,62.0,6.0,60.0,6.0,61.0,6.0,61.0,6.0,62.0,6.0,61.0,6.0,61.0,6.0,63.0,6.0,62.0,6.0,61.0,5.0,1.0,5.0,63.0,6.0,62.0,6.0,62.0,5.0,63.0,5.0,1.0,5.0,0.0,5.0,62.0,5.0,0.0,5.0,63.0,6.0,0.0,5.0,2.0,5.0,0.0,6.0,2.0,6.0,63.0,6.0,2.0,6.0,3.0,6.0,3.0,6.0,5.0,5.0,5.0,6.0,5.0,6.0,5.0,6.0,3.0,6.0,5.0,6.0,5.0,7.0,5.0,7.0,6.0,7.0,6.0,8.0,5.0,8.0,7.0,7.0,6.0,8.0,8.0,8.0,7.0,9.0,6.0,9.0,7.0,9.0,5.0,10.0,7.0,10.0,5.0,10.0,3.0,11.0,3.0,10.0,1.0,11.0,3.0,10.0,4.0,10.0,4.0,11.0,1.0,11.0,4.0,10.0,2.0,11.0,0.0,10.0,2.0,11.0,3.0,11.0,1.0,11.0,62.0,12.0,2.0,12.0,1.0,12.0,62.0,12.0,62.0,12.0,58.0,12.0
1759560655.687131000,00:03:7f:25:14:25,00:03:7f:25:14:25,0a:f5:a5:94:4b:df,0a:f5:a5:94:4b:df,1,15,56,15,53,14,51,14,51,14,50,13,51,13,51,12,50,12,50,11,50,11,50,10,50,10,50,10,51,9,51,9,50,8,50,7,50,7,50,7,50,6,50,6,50,5,50,5,50,4,50,3,50,3,51,3,51,3,51,2,51,1,52,1,57,0,1,0,4,1,6,1,9,1,10,1,12,2,13,3,14,3,14,3,14,4,13,4,13,5,13,5,15,6,15,7,15,7,15,8,15,8,15,9,15,9,15,10,14,10,14,11,14,12,14,12,14,13,14,13,13,13,12,14,11,14,5,15,54,15,52,15,51,14,50,14,50,14,50,13,50,12,50,11,49,11,48,11,48,10,48,10,49,9,49,9,49,8,49,7,48,7,48,6,49,6,49,5,49,5,49,4,50,3,51,3,52,2,53,2,53,2,53,2,54,1,58,0,3,0,7,1,7,2,7,2,8,2,9,2,10,3,11,3,11,4,11,5,11,5,11,5,12,6,13,6,12.0,7.0,12.0,8.0,11.0,8.0,12.0,9.0,12.0,9.0,12.0,9.0,11.0,9.0,11.0,10.0,11.0,11.0,9.0,12.0,10.0,12.0,6.0,12.0,6.0,12.0,3.0,13.0,0.0,13.0,62.0,13.0,61.0,13.0,60.0,14.0,59.0,13.0,57.0,13.0,56.0,12.0,54.0,12.0,54.0,12.0,54.0,11.0,54.0,11.0,54.0,11.0,54.0,10.0,53.0,10.0,52.0,9.0,51.0,9.0,50.0,8.0,50.0,8.0,51.0,8.0,51.0,8.0,52.0,7.0,51.0,7.0,51.0,6.0,52.0,5.0,53.0,5.0,54.0,5.0,54.0,4.0,54.0,4.0,53.0,4.0,53.0,3.0,54.0,3.0,56.0,2.0,57.0,2.0,58.0,2.0,60.0,2.0,63.0,1.0,1.0,1.0,3.0,1.0,6.0,1.0,8.0,2.0,9.0,3.0,10.0,3.0,10.0,3.0,11.0,3.0,12.0,4.0,12.0,5.0,12.0,5.0,12.0,6.0,12.0,6.0,13.0,7.0,13.0,7.0,13.0,7.0,13.0,8.0,13.0,8.0,14.0,9.0,15.0,9.0,15.0,10.0,14.0,10.0,13.0,11.0,14.0,11.0,13.0,11.0,13.0,12.0,11.0,13.0,11.0,14.0,11.0,14.0,12.0,14.0,11.0,15.0,55.0,15.0,50.0,15.0,49.0,14.0,48.0,14.0,48.0,13.0,49.0,13.0,50.0,12.0,50.0,12.0,49.0,11.0,48.0,11.0,47.0,10.0,47.0,10.0,46.0,10.0,46.0,9.0,46.0,9.0,47.0,8.0,46.0,8.0,46.0,7.0,47.0,6.0,46.0,5.0,47.0,5.0,47.0,5.0,47.0,4.0,46.0,4.0,45.0,3.0,44.0,3.0,42.0,1.0,40.0,1.0,39.0,0.0,34.0,0.0,27.0,0.0,23.0,1.0,21.0,1.0,19.0,2.0,18.0,2.0,18.0,3.0,17.0,3.0,16.0,4.0,16.0,4.0,16.0,5.0,17.0,5.0,17.0,6.0,17.0,6.0,17.0,7.0,16.0,7.0
1759560656.162193000,00:03:7f:25:14:25,00:03:7f:25:14:25,3a:c8:97:94:99:7a,3a:c8:97:94:99:7a,5,6,3,7,6,6,5,6,4,7,4,8,6,7,4,8,6,8,5,8,6,8,6,7,5,8,7,8,7,8,6,8,7,9,5,9,6,9,7,10,6,10,6,10,6,10,6,11,5,11,6,11,3,12,3,12,5,12,1,12,2,13,1,13,62,14,61,13,60,13,57,13,57,12,56,12,54,12,54,12,54,11,53,11,53,10,53,10,51,9,51,9,52,8,53,7,52,7,53,7,52,6,54,5,53,5,53,5,54,4,55,4,56,4,56,3,57,3,60,3,62,2,62,2,0,2,3,2,4,2,4,3,8,3,7,4,6,4,8,4,8,5,9,5,9,6,9,6,9,6,10,7,11,7,10,8,11,8,10,8,10,9,9,10,8,10,9,10,8,11,8,12,6,12,6,12,5,12,2,12,0,13,63,13,61,13,59,13,57,13,56,12,55,12,53,11,55,11,53,10,54,10,53,10,51,9,53,9,52,7,52,7,54,7,54,6,55.0,6.0,53.0,6.0,56.0,5.0,56.0,5.0,56.0,4.0,59.0,4.0,58.0,3.0,59.0,3.0,62.0,3.0,3.0,3.0,5.0,3.0,5.0,4.0,6.0,4.0,5.0,4.0,5.0,4.0,6.0,5.0,6.0,5.0,8.0,5.0,7.0,6.0,7.0,6.0,7.0,7.0,8.0,7.0,8.0,7.0,8.0,8.0,8.0,8.0,9.0,8.0,9.0,9.0,9.0,9.0,8.0,9.0,7.0,10.0,7.0,10.0,6.0,11.0,6.0,11.0,6.0,11.0,5.0,11.0,2.0,12.0,4.0,11.0,1.0,12.0,2.0,12.0,2.0,12.0,62.0,12.0,61.0,12.0,59.0,12.0,59.0,12.0,58.0,11.0,56.0,12.0,56.0,11.0,52.0,11.0,55.0,10.0,54.0,10.0,52.0,10.0,53.0,9.0,52.0,9.0,53.0,9.0,53.0,7.0,53.0,7.0,55.0,7.0,53.0,7.0,51.0,7.0,55.0,6.0,52.0,6.0,52.0,6.0,53.0,5.0,54.0,4.0,54.0,4.0,55.0,4.0,57.0,4.0,56.0,3.0,55.0,3.0,61.0,3.0,60.0,2.0,59.0,3.0,62.0,2.0,63.0,2.0,3.0,2.0,3.0,2.0,2.0,2.0,6.0,2.0,6.0,3.0,9.0,3.0,10.0,4.0,9.0,5.0,9.0,5.0,9.0,5.0,11.0,6.0,11.0,6.0,12.0,7.0,14.0,7.0,12.0,7.0,13.0,8.0,12.0,9.0,10.0,8.0,11.0,9.0,10.0,10.0,11.0,11.0,10.0,11.0,10.0,11.0,8.0,12.0,10.0,11.0,7.0,12.0,9.0,12.0,7.0,13.0,4.0,13.0,4.0,13.0,63.0,13.0,62.0,13.0,61.0,13.0,57.0,13.0,55.0,12.0,53.0,12.0,56.0,11.0,56.0,11.0,54.0,11.0,53.0,11.0,54.0,10.0,53.0,10.0,52.0,8.0,54.0,9.0,55.0,9.0,55.0,8.0,53.0,8.0,56.0,7.0,54.0,6.0,54.0,6.0,55.0,6.0,54.0,6.0
1759560656.762962000,00:03:7f:25:14:25,00:03:7f:25:14:25,3a:c8:97:94:99:7a,3a:c8:97:94:99:7a,9,13,7,13,6,14,4,14,63,14,60,14,57,14,53,13,54,13,51,12,53,12,53,11,51,11,52,10,52,10,52,9,52,9,50,9,51,8,51,7,51,6,51,6,52,6,52,5,53,5,54,4,52,4,53,3,55,3,55,3,58,2,60,2,61,1,0,2,3,2,4,2,6,2,9,3,9,4,8,4,10,5,8,5,9,5,9,6,7,7,6,7,5,8,5,7,3,8,3,7,0,7,5,6,3,6,4,7,3,6,3,6,5,7,5,7,4,7,6,7,7,7,6,8,7,8,9,8,8,8,6,9,9,9,7,10,6,10,7,10,6,10,7,11,5,12,4,12,2,12,3,12,2,13,0,13,0,13,60,12,60,13,56,12,55,12,56,11,53,11,53,11,53,11,54,10,54,9,52,9,52,8,52,8,52,8,52,7,52,7,52,6,52,6,50,5,54,5,54,4,54,4,55,3,54,3,58,3,57,2,60,2,0,2,2,3,5.0,3.0,2.0,3.0,7.0,4.0,7.0,4.0,6.0,5.0,9.0,5.0,8.0,5.0,8.0,6.0,9.0,7.0,8.0,8.0,10.0,8.0,8.0,9.0,8.0,9.0,7.0,10.0,6.0,10.0,6.0,11.0,5.0,11.0,5.0,11.0,4.0,11.0,2.0,11.0,2.0,11.0,0.0,12.0,0.0,11.0,0.0,11.0,62.0,11.0,62.0,11.0,61.0,11.0,61.0,11.0,60.0,10.0,58.0,10.0,59.0,9.0,57.0,11.0,57.0,10.0,58.0,9.0,58.0,9.0,56.0,9.0,59.0,9.0,56.0,9.0,59.0,8.0,59.0,7.0,57.0,8.0,58.0,7.0,57.0,7.0,58.0,7.0,57.0,7.0,57.0,6.0,56.0,6.0,56.0,6.0,59.0,5.0,59.0,5.0,58.0,4.0,59.0,4.0,59.0,4.0,61.0,5.0,62.0,3.0,63.0,4.0,2.0,3.0,1.0,4.0,63.0,5.0,5.0,4.0,3.0,5.0,4.0,5.0,4.0,5.0,5.0,5.0,5.0,6.0,5.0,6.0,7.0,6.0,5.0,7.0,5.0,7.0,8.0,7.0,6.0,7.0,4.0,7.0,5.0,8.0,5.0,8.0,6.0,8.0,5.0,8.0,4.0,8.0,4.0,9.0,3.0,9.0,4.0,9.0,5.0,9.0,2.0,11.0,4.0,11.0,2.0,11.0,4.0,11.0,4.0,11.0,3.0,11.0,3.0,12.0,1.0,12.0,0.0,12.0,62.0,12.0,59.0,12.0,61.0,12.0,60.0,13.0,55.0,12.0,55.0,12.0,55.0,12.0,53.0,11.0,54.0,11.0,51.0,11.0,53.0,10.0,51.0,10.0,51.0,10.0,52.0,8.0,50.0,9.0,50.0,8.0,50.0,7.0,49.0,6.0,47.0,5.0,49.0,4.0,54.0,3.0,52.0,2.0,52.0,1.0,56.0,2.0,59.0,1.0,63.0,1.0,7.0,0.0,9.0,2.0,10.0,2.0,9.0,3.0,8.0,3.0,12.0,4.0,14.0,4.0,13.0,4.0,14.0,5.0,12.0,6.0
1759560657.243164000,00:03:7f:25:14:25,00:03:7f:25:14:25,0a:f5:a5:94:4b:df,0a:f5:a5:94:4b:df,9,12,7,13,6,14,6,14,5,14,1,14,62,14,59,14,56,13,55,12,54,12,53,12,53,12,53,12,54,11,54,10,53,10,52,9,52,9,51,8,51,8,51,8,51,7,52,6,52,6,51,5,51,5,52,5,52,5,53,4,52,4,53,3,55,2,56,2,58,2,59,2,61,2,62,2,1,1,5,1,8,2,9,2,9,3,8,3,8,4,9,4,11,5,12,5,12,6,12,7,12,7,12,7,12,7,12,8,11,8,11,9,11,10,10,10,10,11,11,11,10,11,10,11,9,12,8,13,7,13,6,13,5,14,4,14,1,14,61,13,58,13,56,12,54,12,53,12,53,12,53,12,53,11,53,10,53,10,52,9,52,9,51,8,51,8,52,7,52,7,52,6,53,6,54,5,54,5,54,5,54,5,54,4,55,4,55,3,57,3,58,3,59,3,59,3,61,3,62,3,63,2,1,2,3,2,4,3,5,3,5,4,6,4,7,4,8.0,5.0,8.0,5.0,8.0,6.0,9.0,7.0,9.0,7.0,9.0,7.0,9.0,7.0,9.0,7.0,10.0,8.0,9.0,9.0,11.0,9.0,9.0,10.0,9.0,10.0,7.0,11.0,6.0,11.0,5.0,12.0,6.0,12.0,7.0,12.0,5.0,13.0,3.0,13.0,0.0,13.0,62.0,13.0,60.0,13.0,59.0,13.0,58.0,13.0,58.0,13.0,57.0,12.0,56.0,12.0,55.0,11.0,53.0,11.0,52.0,10.0,51.0,10.0,52.0,10.0,52.0,10.0,52.0,9.0,52.0,9.0,51.0,8.0,52.0,7.0,53.0,7.0,53.0,6.0,54.0,6.0,53.0,6.0,53.0,6.0,52.0,5.0,52.0,5.0,53.0,4.0,53.0,3.0,54.0,3.0,55.0,3.0,55.0,2.0,54.0,2.0,55.0,2.0,60.0,1.0,1.0,2.0,3.0,2.0,5.0,2.0,5.0,2.0,6.0,2.0,8.0,2.0,9.0,3.0,10.0,4.0,10.0,4.0,10.0,5.0,10.0,5.0,11.0,5.0,11.0,5.0,12.0,6.0,12.0,7.0,13.0,7.0,14.0,8.0,14.0,8.0,12.0,9.0,12.0,9.0,12.0,9.0,12.0,10.0,12.0,10.0,10.0,11.0,10.0,12.0,10.0,12.0,11.0,12.0,11.0,13.0,9.0,14.0,4.0,14.0,0.0,14.0,60.0,15.0,55.0,15.0,55.0,14.0,55.0,14.0,55.0,13.0,53.0,13.0,51.0,12.0,50.0,12.0,49.0,12.0,48.0,11.0,48.0,11.0,48.0,10.0,48.0,10.0,48.0,9.0,48.0,9.0,49.0,8.0,49.0,7.0,49.0,6.0,49.0,6.0,49.0,6.0,48.0,6.0,48.0,5.0,47.0,4.0,47.0,3.0,47.0,2.0,47.0,2.0,49.0,2.0,48.0,1.0,46.0,1.0,42.0,0.0,26.0,0.0,16.0,0.0,15.0,1.0,13.0,1.0,13.0,2.0,13.0,2.0,14.0,3.0,15.0,4.0,16.0,4.0,16.0,5.0,15.0,5.0,14.0,6.0
1759560657.353716000,00:03:7f:25:14:25,00:03:7f:25:14:25,3a:c8:97:94:99:7a,3a:c8:97:94:99:7a,18,14,19,14,20,15,24,15,41,15,46,15,42,14,45,13,45,13,45,12,46,12,47,11,45,11,47,10,48,10,46,9,47,9,46,9,46,7,46,7,46,6,46,5,47,5,46,4,48,4,47,3,44,3,45,2,45,1,51,1,21,1,19,1,20,3,15,4,13,5,14,6,14,9,14,9,13,11,11,12,9,12,3,13,63,12,63,13,59,12,58,12,58,10,58,10,58,10,60,8,58,8,62,7,61,7,62,8,63,7,0,7,1,8,2,8,1,8,2,8,4,9,3,9,3,9,4,9,4,9,1,10,3,10,1,11,0,10,0,10,63,11,63,11,61,11,61,11,60,10,60,10,59,10,57,10,58,10,57,9,56,9,56,8,55,8,56,8,55,8,56,7,56,7,57,6,57,6,56,5,56,5,58,5,58,5,57,4,59,4,59,4,60,3,59,3,63,3,0,3,1,3,2,4,2,3,4,4,5,4,5,4,9,4,7,5,9.0,6.0,6.0,6.0,9.0,7.0,9.0,7.0,8.0,7.0,10.0,8.0,8.0,8.0,9.0,9.0,9.0,9.0,7.0,10.0,9.0,10.0,6.0,11.0,6.0,11.0,4.0,12.0,4.0,12.0,2.0,12.0,1.0,12.0,1.0,12.0,61.0,12.0,60.0,12.0,59.0,12.0,57.0,12.0,58.0,11.0,58.0,11.0,58.0,11.0,58.0,10.0,57.0,10.0,57.0,10.0,56.0,9.0,55.0,9.0,55.0,8.0,54.0,9.0,55.0,8.0,56.0,8.0,56.0,8.0,54.0,8.0,57.0,7.0,55.0,7.0,57.0,7.0,58.0,6.0,56.0,6.0,58.0,6.0,56.0,6.0,57.0,6.0,57.0,6.0,57.0,5.0,56.0,5.0,56.0,5.0,59.0,4.0,59.0,4.0,58.0,4.0,59.0,4.0,59.0,4.0,62.0,4.0,0.0,3.0,0.0,3.0,3.0,3.0,3.0,4.0,0.0,4.0,6.0,4.0,3.0,4.0,5.0,5.0,5.0,4.0,6.0,5.0,6.0,5.0,5.0,6.0,8.0,6.0,6.0,7.0,6.0,7.0,9.0,7.0,7.0,7.0,5.0,7.0,5.0,8.0,6.0,8.0,7.0,8.0,5.0,8.0,4.0,8.0,5.0,8.0,4.0,9.0,5.0,8.0,5.0,9.0,2.0,10.0,4.0,10.0,2.0,10.0,3.0,10.0,3.0,10.0,3.0,10.0,3.0,10.0,2.0,10.0,1.0,11.0,0.0,11.0,62.0,10.0,63.0,10.0,63.0,11.0,60.0,11.0,61.0,10.0,61.0,10.0,61.0,10.0,63.0,10.0,60.0,10.0,63.0,9.0,62.0,9.0,61.0,10.0,62.0,9.0,61.0,10.0,1.0,10.0,63.0,9.0,0.0,10.0,0.0,9.0,0.0,9.0,1.0,8.0,4.0,7.0,5.0,7.0,2.0,8.0,4.0,6.0,5.0,7.0,5.0,5.0,7.0,7.0,8.0,7.0,8.0,7.0,7.0,9.0,10.0,8.0,11.0,8.0,10.0,9.0,11.0,9.0,9.0,10.0
1759560657.970268000,00:03:7f:25:14:25,00:03:7f:25:14:25,3a:c8:97:94:99:7a,3a:c8:97:94:99:7a,13,8,12,8,13,8,13,9,11,9,11,10,12,10,11,11,13,11,11,11,11,12,11,12,10,12,11,13,10,13,10,13,9,14,6,14,7,14,1,15,60,15,56,14,56,14,52,14,51,14,53,13,48,13,48,12,49,12,48,12,48,11,48,11,45,11,47,10,47,10,46,9,47,9,47,8,45,8,45,7,47,7,46,6,45,5,45,5,44,5,44,4,45,3,45,3,43,2,43,2,39,1,34,1,26,0,20,0,18,1,15,1,15,2,14,3,13,4,14,4,14,5,13,5,14,5,15,6,14,6,13,7,15,7,13,8,11,8,14,8,12,9,13,9,12,10,12,10,11,11,12,11,12,11,11,12,11,12,10,13,10,13,5,14,3,14,0,14,56,15,54,14,51,14,52,13,51,13,50,12,49,11,48,11,49,10,47,10,47,9,47,8,47,8,45,8,48,7,47,6,47,5,47,5,46,5,46,4,45,3,46,2,47,2,51,1,56.0,0.0,53.0,0.0,13.0,0.0,13.0,1.0,13.0,1.0,14.0,2.0,13.0,3.0,15.0,4.0,14.0,4.0,13.0,6.0,15.0,6.0,13.0,7.0,14.0,8.0,12.0,8.0,13.0,9.0,12.0,9.0,12.0,9.0,13.0,10.0,11.0,11.0,11.0,11.0,9.0,11.0,11.0,12.0,8.0,12.0,8.0,12.0,7.0,13.0,6.0,13.0,5.0,13.0,5.0,14.0,0.0,13.0,0.0,13.0,61.0,13.0,61.0,14.0,56.0,13.0,56.0,13.0,58.0,12.0,53.0,12.0,56.0,12.0,53.0,12.0,55.0,11.0,56.0,10.0,53.0,10.0,54.0,9.0,52.0,9.0,53.0,9.0,53.0,9.0,53.0,8.0,52.0,8.0,51.0,8.0,54.0,7.0,53.0,7.0,52.0,6.0,52.0,6.0,53.0,6.0,54.0,6.0,54.0,4.0,55.0,5.0,56.0,4.0,56.0,4.0,53.0,5.0,58.0,4.0,56.0,4.0,57.0,3.0,57.0,3.0,60.0,3.0,60.0,3.0,61.0,3.0,63.0,3.0,63.0,3.0,62.0,2.0,3.0,3.0,2.0,3.0,0.0,3.0,3.0,3.0,4.0,2.0,6.0,3.0,7.0,3.0,5.0,3.0,7.0,3.0,8.0,4.0,9.0,4.0,10.0,5.0,9.0,5.0,10.0,6.0,10.0,6.0,11.0,6.0,12.0,6.0,13.0,7.0,15.0,7.0,13.0,8.0,14.0,8.0,13.0,9.0,12.0,8.0,13.0,9.0,12.0,10.0,13.0,10.0,14.0,11.0,14.0,11.0,13.0,11.0,15.0,11.0,15.0,12.0,17.0,13.0,17.0,13.0,16.0,14.0,19.0,14.0,20.0,15.0,34.0,15.0,39.0,15.0,44.0,14.0,44.0,14.0,44.0,13.0,47.0,13.0,48.0,12.0,46.0,13.0,46.0,12.0,49.0,11.0,47.0,11.0,47.0,9.0,48.0,10.0,49.0,11.0,48.0,10.0,46.0,10.0,49.0,9.0,46.0,9.0,46.0,9.0,47.0,9.0,46.0,9.0
1759560658.220894000,00:03:7f:25:14:25,00:03:7f:25:14:25,0a:f5:a5:94:4b:df,0a:f5:a5:94:4b:df,10,13,8,14,7,14,6,14,3,14,62,14,58,14,55,14,53,13,53,12,52,12,52,12,52,11,52,11,53,11,53,10,52,9,51,9,51,8,51,8,51,8,51,7,51,6,51,6,51,5,51,5,51,4,51,4,52,4,53,3,52,3,53,2,55,2,58,1,61,1,63,1,0,1,3,1,6,2,9,2,10,2,11,3,11,3,10,4,10,4,10,4,12,5,13,6,13,7,12,7,13,8,13,8,13,8,12,9,11,9,11,10,11,11,10,11,10,12,10,12,10,12,9,12,8,13,6,13,4,14,2,14,0,14,63,14,60,13,57,13,56,12,55,12,53,12,52,11,52,11,52,11,53,10,53,10,53,9,52,8,51,8,51,8,51,7,51,7,52,6,52,6,53,5,54,4,55,4,55,4,55,4,55,3,56,3,57,2,60,2,61,2,62,2,62,2,0,2,2,3,3,2,4,3,6,3,6,4,7,4,7,4,8,5,9,5,9.0,6.0,9.0,6.0,9.0,7.0,9.0,7.0,9.0,8.0,10.0,8.0,9.0,8.0,9.0,9.0,9.0,9.0,8.0,10.0,10.0,10.0,7.0,10.0,7.0,11.0,5.0,11.0,4.0,12.0,2.0,12.0,3.0,12.0,3.0,13.0,1.0,13.0,63.0,12.0,61.0,12.0,59.0,12.0,58.0,12.0,57.0,12.0,57.0,12.0,57.0,12.0,57.0,11.0,56.0,11.0,55.0,10.0,53.0,9.0,52.0,9.0,52.0,9.0,53.0,9.0,53.0,9.0,53.0,8.0,53.0,8.0,52.0,7.0,53.0,7.0,54.0,6.0,55.0,6.0,56.0,5.0,55.0,5.0,55.0,5.0,54.0,4.0,55.0,4.0,56.0,3.0,57.0,3.0,57.0,3.0,58.0,3.0,59.0,2.0,60.0,2.0,61.0,2.0,0.0,2.0,3.0,3.0,5.0,3.0,6.0,3.0,6.0,3.0,6.0,3.0,7.0,4.0,8.0,4.0,9.0,5.0,9.0,5.0,9.0,6.0,10.0,6.0,10.0,6.0,10.0,6.0,10.0,7.0,10.0,8.0,11.0,8.0,12.0,9.0,12.0,9.0,11.0,9.0,10.0,10.0,10.0,10.0,10.0,10.0,9.0,11.0,8.0,12.0,6.0,12.0,6.0,13.0,7.0,13.0,5.0,13.0,2.0,14.0,62.0,14.0,60.0,14.0,58.0,14.0,56.0,13.0,57.0,13.0,57.0,13.0,56.0,12.0,55.0,12.0,53.0,11.0,52.0,11.0,51.0,11.0,50.0,11.0,50.0,10.0,50.0,10.0,50.0,9.0,50.0,9.0,50.0,8.0,51.0,7.0,50.0,7.0,51.0,6.0,51.0,6.0,51.0,6.0,51.0,5.0,50.0,4.0,50.0,4.0,51.0,3.0,51.0,2.0,53.0,2.0,55.0,2.0,56.0,1.0,58.0,1.0,62.0,0.0,4.0,1.0,9.0,1.0,10.0,2.0,9.0,2.0,10.0,3.0,10.0,3.0,11.0,3.0,12.0,4.0,13.0,5.0,13.0,5.0,13.0,5.0,12.0,6.0
1759560658.568539000,00:03:7f:25:14:25,00:03:7f:25:14:25,3a:c8:97:94:99:7a,3a:c8:97:94:99:7a,7,8,6,8,7,7,6,8,6,8,5,9,6,9,5,9,7,9,5,9,6,9,7,9,5,9,7,9,8,9,7,10,8,10,6,10,8,10,8,11,8,11,6,12,8,12,8,13,8,13,6,13,2,14,0,14,0,15,58,14,52,14,52,14,46,13,49,13,48,12,48,12,49,11,48,10,47,10,47,9,49,9,48,8,48,7,48,7,48,6,48,6,49,5,49,4,48,4,50,3,49,2,51,1,51,1,53,0,56,0,63,0,5,1,10,1,11,1,12,2,13,2,13,3,14,3,15,4,15,4,14,5,16,5,15,7,13,6,16,7,14,8,16,8,15,9,15,10,14,10,16,11,17,11,16,12,17,12,16,13,17,14,23,15,41,15,46,14,42,14,44,13,45,12,47,11,48,11,46,10,46,9,47,8,47,8,47,7,46,7,47,6,46,5,45,5,48,4,47,3,47,3,48,2,47,2,50,1,43,0,0,0,6,0,10,1,10.0,2.0,8.0,2.0,12.0,3.0,12.0,4.0,12.0,4.0,13.0,4.0,11.0,5.0,13.0,6.0,11.0,5.0,11.0,7.0,12.0,7.0,11.0,8.0,10.0,9.0,9.0,9.0,9.0,10.0,8.0,9.0,8.0,10.0,9.0,10.0,7.0,11.0,6.0,11.0,6.0,11.0,7.0,12.0,6.0,12.0,5.0,12.0,3.0,12.0,2.0,12.0,2.0,13.0,1.0,13.0,63.0,13.0,61.0,13.0,60.0,12.0,58.0,13.0,57.0,13.0,56.0,12.0,57.0,12.0,53.0,12.0,55.0,12.0,52.0,12.0,55.0,11.0,56.0,10.0,53.0,11.0,54.0,10.0,52.0,10.0,52.0,10.0,52.0,9.0,52.0,9.0,51.0,9.0,49.0,8.0,52.0,8.0,51.0,8.0,50.0,7.0,51.0,7.0,51.0,7.0,52.0,7.0,51.0,5.0,52.0,6.0,54.0,6.0,53.0,5.0,50.0,6.0,54.0,5.0,52.0,6.0,52.0,5.0,53.0,5.0,54.0,5.0,54.0,5.0,54.0,5.0,56.0,4.0,54.0,4.0,52.0,4.0,57.0,4.0,55.0,4.0,54.0,5.0,53.0,3.0,54.0,3.0,59.0,3.0,58.0,3.0,54.0,3.0,56.0,2.0,57.0,2.0,60.0,1.0,2.0,1.0,61.0,2.0,2.0,3.0,63.0,2.0,6.0,2.0,5.0,3.0,6.0,2.0,9.0,2.0,9.0,3.0,10.0,3.0,10.0,4.0,6.0,3.0,12.0,4.0,10.0,7.0,11.0,5.0,11.0,5.0,12.0,6.0,9.0,7.0,14.0,5.0,12.0,7.0,15.0,6.0,14.0,7.0,13.0,9.0,12.0,7.0,10.0,11.0,12.0,10.0,9.0,9.0,5.0,10.0,4.0,10.0,3.0,10.0,3.0,9.0,4.0,9.0,5.0,10.0,1.0,10.0,1.0,8.0,1.0,9.0,0.0,7.0,2.0,9.0,3.0,9.0,2.0,9.0,63.0,10.0,4.0,9.0,4.0,9.0,3.0,10.0,3.0,9.0,0.0,10.0
1759560658.778916000,00:03:7f:25:14:25,00:03:7f:25:14:25,0a:f5:a5:94:4b:df,0a:f5:a5:94:4b:df,9,13,7,13,6,14,5,14,3,14,63,14,61,14,58,14,55,13,55,12,54,12,53,12,53,12,53,11,53,11,53,10,52,10,52,9,52,9,51,8,51,8,51,7,51,7,52,6,52,5,52,5,52,5,52,5,52,5,53,4,53,3,54,2,56,2,57,2,59,2,61,2,63,2,1,2,4,2,7,2,9,2,10,3,10,3,9,3,9,4,9,4,11,5,12,6,12,6,12,7,12,7,12,7,12,8,12,8,11,9,11,9,10,10,10,11,10,11,9,11,9,11,9,12,8,12,7,13,5,13,4,13,2,13,1,13,63,13,60,13,58,12,57,12,55,12,54,12,53,11,53,11,54,11,54,10,53,9,53,9,52,9,52,8,52,8,52,7,52,7,53,6,54,5,55,5,55,5,55,5,55,4,55,4,56,3,57,3,59,3,60,3,60,3,60,3,62,3,0,3,1,3,2,3,3,3,4,3,5,4,6,4,6,4,8,5,8.0,5.0,8.0,6.0,8.0,6.0,8.0,7.0,9.0,7.0,9.0,7.0,8.0,7.0,9.0,8.0,9.0,8.0,8.0,10.0,10.0,10.0,8.0,10.0,8.0,10.0,7.0,11.0,5.0,11.0,4.0,12.0,5.0,12.0,5.0,12.0,4.0,12.0,2.0,12.0,63.0,13.0,61.0,13.0,60.0,13.0,59.0,13.0,58.0,12.0,58.0,12.0,57.0,12.0,56.0,11.0,55.0,11.0,54.0,10.0,52.0,10.0,52.0,10.0,52.0,10.0,52.0,10.0,53.0,9.0,52.0,8.0,52.0,8.0,53.0,7.0,53.0,7.0,54.0,6.0,54.0,6.0,54.0,6.0,53.0,5.0,53.0,5.0,53.0,4.0,55.0,4.0,55.0,3.0,55.0,3.0,56.0,3.0,57.0,2.0,57.0,2.0,59.0,2.0,62.0,2.0,2.0,2.0,4.0,2.0,6.0,2.0,6.0,2.0,7.0,3.0,8.0,3.0,9.0,4.0,10.0,4.0,10.0,5.0,9.0,5.0,10.0,6.0,10.0,6.0,11.0,6.0,11.0,7.0,11.0,7.0,12.0,8.0,13.0,8.0,13.0,9.0,11.0,9.0,10.0,10.0,11.0,10.0,11.0,10.0,10.0,11.0,9.0,11.0,8.0,12.0,7.0,12.0,8.0,13.0,6.0,13.0,3.0,14.0,63.0,14.0,60.0,14.0,59.0,14.0,57.0,14.0,57.0,13.0,57.0,13.0,56.0,12.0,54.0,12.0,53.0,11.0,52.0,11.0,51.0,11.0,50.0,11.0,50.0,10.0,50.0,10.0,50.0,9.0,50.0,9.0,50.0,8.0,50.0,7.0,51.0,7.0,51.0,6.0,51.0,6.0,51.0,6.0,51.0,5.0,50.0,4.0,50.0,4.0,51.0,3.0,51.0,2.0,52.0,2.0,54.0,2.0,55.0,1.0,56.0,1.0,59.0,1.0,1.0,0.0,7.0,1.0,9.0,1.0,9.0,2.0,9.0,2.0,9.0,3.0,11.0,3.0,12.0,4.0,13.0,4.0,13.0,5.0,13.0,5.0,12.0,6.0
1759560659.039197000,00:03:7f:25:14:25,00:03:7f:25:14:25,3a:c8:97:94:99:7a,3a:c8:97:94:99:7a,6,13,5,13,4,13,2,13,62,13,61,13,57,13,55,12,56,13,54,12,55,12,55,11,53,11,54,10,55,10,54,9,54,10,53,9,54,8,55,9,55,8,55,8,56,8,56,8,57,8,57,7,55,8,55,8,57,8,56,8,56,7,57,7,55,8,56,8,56,7,55,7,56,6,56,6,55,6,55,6,57,5,56,5,56,4,58,4,58,3,59,3,62,3,1,2,1,3,4,3,5,3,9,3,9,4,9,5,10,5,10,5,11,6,11,7,10,7,11,8,13,8,11,9,12,10,13,10,12,10,10,11,12,12,10,13,8,13,10,14,5,14,2,15,59,14,57,14,54,13,53,13,51,12,50,12,50,12,50,11,49,10,49,9,48,8,49,8,48,7,49,7,49,6,50,5,50,5,49,4,50,4,50,3,50,3,51,3,52,1,54,1,56,1,56,0,2,1,7,1,6,1,7,2,8,2,10,3,11,3,10,4,13,4,11,5,12.0,6.0,9.0,6.0,12.0,7.0,11.0,7.0,11.0,7.0,12.0,8.0,11.0,8.0,11.0,9.0,12.0,9.0,9.0,10.0,11.0,11.0,9.0,12.0,8.0,12.0,6.0,12.0,5.0,13.0,4.0,13.0,3.0,13.0,2.0,13.0,62.0,13.0,60.0,13.0,60.0,13.0,56.0,13.0,58.0,12.0,58.0,12.0,57.0,12.0,57.0,11.0,56.0,11.0,56.0,11.0,55.0,10.0,54.0,10.0,55.0,10.0,53.0,11.0,54.0,10.0,54.0,9.0,55.0,9.0,52.0,9.0,55.0,8.0,52.0,8.0,55.0,8.0,56.0,7.0,53.0,7.0,55.0,6.0,54.0,6.0,54.0,6.0,54.0,6.0,55.0,5.0,54.0,4.0,54.0,4.0,58.0,3.0,57.0,3.0,57.0,3.0,59.0,3.0,59.0,3.0,63.0,3.0,2.0,2.0,2.0,3.0,6.0,3.0,5.0,4.0,3.0,5.0,8.0,5.0,6.0,5.0,6.0,6.0,6.0,6.0,7.0,7.0,6.0,8.0,5.0,8.0,6.0,8.0,4.0,9.0,4.0,10.0,5.0,9.0,4.0,10.0,1.0,10.0,63.0,11.0,63.0,11.0,63.0,10.0,61.0,11.0,58.0,11.0,58.0,10.0,56.0,10.0,56.0,10.0,55.0,9.0,53.0,9.0,54.0,9.0,51.0,9.0,54.0,8.0,54.0,7.0,53.0,7.0,54.0,6.0,55.0,5.0,54.0,5.0,54.0,5.0,53.0,5.0,54.0,3.0,56.0,4.0,55.0,3.0,57.0,2.0,61.0,2.0,61.0,2.0,63.0,2.0,63.0,2.0,3.0,2.0,5.0,2.0,3.0,3.0,5.0,3.0,6.0,4.0,8.0,4.0,7.0,4.0,6.0,5.0,7.0,4.0,6.0,5.0,8.0,5.0,10.0,5.0,9.0,6.0,8.0,6.0,10.0,6.0,10.0,7.0,10.0,7.0,11.0,8.0,11.0,8.0,10.0,9.0,9.0,10.0,12.0,10.0,12.0,10.0,11.0,11.0,12.0,11.0,10.0,12.0
1759560659.624545000,00:03:7f:25:14:25,00:03:7f:25:14:25,3a:c8:97:94:99:7a,3a:c8:97:94:99:7a,13,9,12,10,13,10,12,10,11,11,10,12,12,12,10,13,11,13,8,13,8,13,7,13,5,13,2,14,1,14,62,14,60,14,59,14,58,13,55,14,54,13,54,13,54,13,53,12,52,12,52,12,49,12,50,11,51,11,50,11,49,11,50,10,47,10,48,10,48,9,47,9,49,8,49,8,47,8,47,7,48,7,48,6,47,5,48,6,47,5,47,4,48,4,48,3,46,3,47,2,45,1,44,1,41,0,38,0,25,0,20,0,18,1,16,2,16,2,16,3,18,3,17,4,18,4,18,5,18,5,17,6,19,6,18,7,16,7,18,8,16,9,18,9,17,10,17,10,17,11,18,11,19,11,19,12,20,12,19,13,19,13,23,14,27,15,32,15,36,14,40,14,43,13,44,13,45,12,44,12,45,11,45,11,45,10,45,10,44,9,45,8,44,8,42,8,45,7,44,6,45,6,44,5,43,5,43,4,42,3,42,3,44,3,42,1,40.0,1.0,38.0,1.0,33.0,1.0,27.0,1.0,23.0,1.0,24.0,1.0,20.0,1.0,21.0,3.0,20.0,2.0,18.0,4.0,19.0,5.0,17.0,5.0,18.0,6.0,16.0,6.0,16.0,6.0,16.0,7.0,17.0,7.0,17.0,8.0,17.0,8.0,16.0,9.0,15.0,9.0,17.0,10.0,16.0,10.0,16.0,11.0,17.0,11.0,16.0,12.0,17.0,12.0,18.0,12.0,16.0,13.0,16.0,13.0,18.0,14.0,18.0,14.0,26.0,14.0,23.0,15.0,17.0,15.0,36.0,15.0,39.0,15.0,39.0,14.0,41.0,14.0,45.0,13.0,42.0,13.0,44.0,12.0,42.0,12.0,44.0,11.0,44.0,11.0,43.0,10.0,43.0,10.0,41.0,9.0,43.0,9.0,43.0,8.0,42.0,8.0,42.0,8.0,42.0,7.0,43.0,7.0,42.0,6.0,42.0,5.0,45.0,6.0,42.0,5.0,40.0,5.0,42.0,4.0,40.0,4.0,38.0,4.0,39.0,3.0,38.0,3.0,37.0,3.0,37.0,2.0,36.0,2.0,31.0,3.0,29.0,3.0,32.0,2.0,29.0,3.0,29.0,3.0,24.0,4.0,27.0,4.0,25.0,3.0,24.0,4.0,23.0,5.0,24.0,5.0,22.0,6.0,22.0,7.0,23.0,7.0,24.0,8.0,23.0,8.0,23.0,9.0,23.0,10.0,24.0,10.0,25.0,10.0,29.0,10.0,26.0,11.0,27.0,10.0,29.0,11.0,28.0,11.0,29.0,11.0,26.0,12.0,32.0,11.0,33.0,11.0,32.0,11.0,33.0,11.0,33.0,9.0,37.0,10.0,35.0,8.0,36.0,8.0,38.0,8.0,40.0,5.0,38.0,8.0,36.0,6.0,39.0,5.0,37.0,5.0,36.0,4.0,34.0,4.0,39.0,2.0,35.0,3.0,31.0,2.0,34.0,2.0,34.0,1.0,31.0,2.0,27.0,1.0,23.0,2.0,23.0,3.0,18.0,3.0,20.0,4.0,20.0,4.0,20.0,4.0,19.0,5.0,20.0,5.0,18.0,6.0
1759560660.035733000,00:03:7f:25:14:25,00:03:7f:25:14:25,3a:c8:97:94:99:7a,3a:c8:97:94:99:7a,10,9,9,10,10,10,9,10,8,11,7,11,8,11,5,12,7,12,4,12,5,12,4,12,2,12,2,12,2,12,1,12,0,13,63,12,63,12,62,12,62,12,60,12,61,12,59,12,59,12,59,12,56,12,55,12,57,12,56,12,55,12,55,11,52,11,53,11,52,10,51,10,52,10,52,9,51,9,51,9,52,8,51,8,51,6,51,7,50,6,51,6,52,5,52,4,52,4,53,4,52,3,55,2,55,2,58,2,60,1,0,1,2,2,5,2,6,2,9,3,10,3,10,3,11,4,13,4,13,5,12,5,14,6,13,7,11,6,13,7,12,8,13,8,12,9,12,9,11,10,12,10,12,11,11,11,11,12,9,12,9,12,6,13,4,13,3,13,0,14,61,14,59,13,57,13,56,13,54,12,53,12,53,12,53,11,51,11,50,10,51,10,50,9,48,9,51,8,50,7,50,7,50,7,49,6,50,6,50,4,50,5,52,4,52,3,53.0,3.0,51.0,3.0,55.0,2.0,55.0,1.0,57.0,1.0,61.0,1.0,0.0,1.0,9.0,0.0,8.0,2.0,12.0,3.0,13.0,3.0,12.0,4.0,13.0,4.0,12.0,5.0,12.0,5.0,12.0,6.0,12.0,6.0,13.0,7.0,12.0,7.0,12.0,8.0,11.0,8.0,12.0,9.0,11.0,9.0,12.0,10.0,11.0,10.0,11.0,11.0,12.0,11.0,12.0,12.0,10.0,12.0,9.0,12.0,9.0,12.0,8.0,13.0,8.0,14.0,6.0,14.0,5.0,13.0,63.0,15.0,0.0,14.0,57.0,14.0,54.0,14.0,54.0,13.0,50.0,13.0,50.0,12.0,48.0,12.0,49.0,12.0,48.0,11.0,47.0,11.0,47.0,10.0,45.0,9.0,48.0,9.0,47.0,9.0,46.0,8.0,47.0,8.0,47.0,7.0,48.0,7.0,47.0,5.0,47.0,5.0,49.0,5.0,48.0,4.0,46.0,5.0,49.0,3.0,47.0,4.0,46.0,3.0,48.0,3.0,49.0,2.0,50.0,1.0,51.0,1.0,55.0,0.0,55.0,0.0,22.0,0.0,9.0,0.0,10.0,0.0,5.0,1.0,12.0,2.0,14.0,1.0,13.0,2.0,13.0,3.0,13.0,3.0,13.0,3.0,12.0,4.0,13.0,5.0,14.0,5.0,13.0,6.0,13.0,7.0,12.0,7.0,13.0,7.0,13.0,8.0,14.0,8.0,16.0,8.0,13.0,9.0,15.0,9.0,13.0,11.0,11.0,10.0,12.0,10.0,11.0,11.0,12.0,12.0,11.0,12.0,12.0,12.0,10.0,12.0,12.0,12.0,9.0,13.0,14.0,13.0,12.0,14.0,2.0,15.0,1.0,13.0,58.0,14.0,57.0,14.0,55.0,13.0,51.0,12.0,49.0,10.0,47.0,11.0,53.0,8.0,52.0,7.0,51.0,9.0,51.0,8.0,53.0,5.0,52.0,6.0,52.0,3.0,56.0,4.0,60.0,5.0,0.0,4.0,56.0,6.0,2.0,4.0,4.0,3.0,5.0,4.0,3.0,4.0,1.0,7.0
1759560660.323923000,00:03:7f:25:14:25,00:03:7f:25:14:25,0a:f5:a5:94:4b:df,0a:f5:a5:94:4b:df,5,13,3,13,1,14,63,14,61,14,59,13,58,13,56,13,55,12,54,12,54,11,53,11,53,11,54,10,54,10,54,9,53,9,52,8,52,8,52,7,52,7,52,7,52,6,53,5,53,5,53,5,53,4,53,4,53,4,54,3,55,3,56,2,59,2,61,2,62,2,0,2,2,2,3,2,5,2,7,2,9,3,10,3,10,3,10,4,9,4,9,5,11,6,12,6,12,7,12,7,12,8,12,8,12,9,11,9,11,10,11,10,10,11,9,11,9,12,9,12,9,12,8,12,7,13,5,13,3,13,1,13,63,13,61,13,60,13,58,13,56,12,55,12,53,11,53,11,53,11,53,10,53,10,53,9,53,9,52,8,52,8,51,7,52,7,52,6,52,6,53,5,54,5,55,4,55,4,55,4,56,3,56,3,58,3,59,2,62,2,0,2,0,3,0,3,2,3,3,3,4,3,4,3,5,4,6,4,6,4,7,5,8,5,9,6,8.0,6.0,8.0,7.0,8.0,7.0,9.0,8.0,9.0,8.0,9.0,8.0,8.0,8.0,9.0,9.0,8.0,9.0,7.0,11.0,8.0,11.0,6.0,11.0,6.0,11.0,4.0,12.0,3.0,12.0,1.0,12.0,1.0,12.0,1.0,13.0,63.0,12.0,61.0,12.0,60.0,12.0,58.0,12.0,57.0,12.0,57.0,12.0,57.0,11.0,56.0,11.0,56.0,10.0,55.0,10.0,54.0,10.0,53.0,9.0,53.0,9.0,52.0,9.0,53.0,9.0,53.0,8.0,54.0,8.0,53.0,7.0,53.0,7.0,54.0,6.0,55.0,6.0,56.0,5.0,56.0,5.0,56.0,5.0,55.0,4.0,56.0,4.0,56.0,4.0,59.0,3.0,59.0,3.0,59.0,3.0,60.0,3.0,62.0,3.0,63.0,2.0,0.0,2.0,2.0,2.0,3.0,3.0,5.0,3.0,6.0,3.0,6.0,4.0,7.0,4.0,8.0,4.0,8.0,5.0,9.0,5.0,9.0,6.0,8.0,6.0,9.0,7.0,9.0,7.0,9.0,7.0,9.0,8.0,9.0,8.0,10.0,9.0,11.0,9.0,11.0,10.0,10.0,10.0,8.0,10.0,9.0,10.0,8.0,11.0,8.0,11.0,6.0,12.0,5.0,12.0,4.0,12.0,4.0,13.0,2.0,13.0,63.0,13.0,60.0,13.0,59.0,13.0,58.0,13.0,57.0,13.0,58.0,12.0,57.0,12.0,56.0,11.0,55.0,11.0,53.0,11.0,53.0,10.0,52.0,10.0,51.0,10.0,51.0,10.0,51.0,9.0,52.0,8.0,51.0,8.0,51.0,7.0,52.0,7.0,52.0,6.0,52.0,5.0,53.0,5.0,53.0,5.0,52.0,5.0,53.0,4.0,53.0,3.0,54.0,2.0,55.0,2.0,56.0,2.0,59.0,2.0,61.0,1.0,63.0,1.0,1.0,1.0,3.0,1.0,7.0,2.0,8.0,2.0,9.0,3.0,9.0,3.0,9.0,4.0,10.0,4.0,11.0,5.0,12.0,5.0,12.0,6.0,12.0,6.0,11.0,7.0
1759560660.603116000,00:03:7f:25:14:25,00:03:7f:25:14:25,3a:c8:97:94:99:7a,3a:c8:97:94:99:7a,9,8,8,9,10,8,9,9,8,9,7,10,9,10,6,11,8,11,6,11,7,11,6,11,5,11,6,11,6,12,5,12,5,13,3,12,4,12,2,13,2,13,63,13,0,13,61,13,59,13,59,13,55,13,54,13,55,13,54,12,52,12,53,12,49,12,50,11,50,11,49,10,51,10,50,9,49,9,49,8,50,8,50,7,49,6,49,6,48,6,49,5,50,4,51,4,50,3,51,3,50,2,52,1,52,1,57,0,63,0,6,0,8,1,10,2,11,2,12,3,13,3,13,4,14,4,16,5,15,5,14,6,16,6,15,7,13,7,15,8,14,9,15,9,14,10,13,10,13,11,13,11,14,12,12,12,13,13,11,13,9,13,3,14,63,14,60,14,56,14,54,14,52,13,53,13,53,12,51,12,51,11,51,11,51,10,50,10,49,10,50,9,49,8,47,8,51,7,50,7,50,6,50,6,48,6,50,5,49,4,49,4,51,4,52,2,54.0,2.0,51.0,2.0,55.0,1.0,57.0,1.0,58.0,1.0,0.0,0.0,2.0,1.0,10.0,1.0,9.0,2.0,12.0,3.0,14.0,3.0,13.0,4.0,14.0,5.0,13.0,5.0,13.0,5.0,13.0,6.0,13.0,6.0,14.0,7.0,13.0,7.0,13.0,8.0,12.0,9.0,14.0,9.0,13.0,10.0,13.0,10.0,13.0,11.0,13.0,11.0,13.0,11.0,14.0,12.0,12.0,12.0,12.0,12.0,11.0,13.0,11.0,14.0,12.0,15.0,8.0,14.0,5.0,14.0,56.0,15.0,61.0,15.0,48.0,15.0,49.0,14.0,52.0,13.0,48.0,13.0,48.0,12.0,47.0,12.0,48.0,11.0,47.0,11.0,46.0,10.0,46.0,10.0,45.0,9.0,47.0,8.0,46.0,8.0,45.0,8.0,46.0,7.0,46.0,7.0,47.0,7.0,46.0,5.0,46.0,5.0,48.0,5.0,47.0,4.0,45.0,4.0,48.0,3.0,47.0,3.0,45.0,2.0,46.0,2.0,47.0,1.0,48.0,1.0,50.0,1.0,59.0,0.0,15.0,0.0,18.0,1.0,15.0,1.0,16.0,1.0,12.0,1.0,14.0,3.0,16.0,2.0,15.0,3.0,14.0,4.0,14.0,4.0,14.0,5.0,13.0,5.0,14.0,6.0,15.0,7.0,13.0,9.0,14.0,9.0,13.0,9.0,13.0,9.0,14.0,10.0,14.0,11.0,15.0,11.0,12.0,11.0,15.0,12.0,13.0,13.0,9.0,13.0,9.0,13.0,10.0,13.0,6.0,15.0,2.0,14.0,1.0,14.0,61.0,14.0,0.0,14.0,53.0,13.0,55.0,13.0,53.0,12.0,52.0,12.0,54.0,10.0,52.0,11.0,51.0,10.0,52.0,9.0,50.0,8.0,49.0,6.0,48.0,7.0,52.0,5.0,52.0,4.0,51.0,4.0,51.0,4.0,53.0,3.0,53.0,3.0,54.0,1.0,60.0,2.0,63.0,2.0,3.0,2.0,1.0,2.0,7.0,3.0,10.0,2.0,10.0,3.0,10.0,3.0,8.0,4.0
1759560661.158945000,00:03:7f:25:14:25,00:03:7f:25:14:25,3a:c8:97:94:99:7a,3a:c8:97:94:99:7a,7,9,5,9,7,8,6,9,5,9,5,10,6,10,3,11,5,11,3,10,4,11,4,10,2,10,3,11,3,11,2,11,2,11,1,11,2,11,1,12,1,12,0,12,0,12,63,12,62,12,62,12,58,13,57,13,60,13,57,12,56,12,56,12,52,12,53,12,52,11,51,11,52,10,52,10,50,10,50,9,52,8,51,8,50,7,51,7,50,7,50,6,52,5,52,4,51,4,53,4,52,3,55,2,55,2,57,2,59,1,62,1,2,1,5,2,6,2,8,2,10,3,10,3,11,3,13,4,13,4,11,5,14,5,12,7,11,6,13,7,12,8,13,8,12,9,11,9,11,10,12,10,12,10,11,11,11,11,10,12,9,12,5,13,4,13,3,13,2,14,63,14,60,13,59,13,58,13,56,13,54,12,54,12,54,11,52,11,51,11,51,10,51,10,49,9,52,9,51,8,51,8,51,8,50,7,51,7,50,5,50,6,52,5,52,4,53.0,4.0,50.0,4.0,53.0,3.0,54.0,2.0,54.0,2.0,56.0,2.0,59.0,1.0,60.0,0.0,1.0,1.0,10.0,2.0,12.0,3.0,12.0,3.0,13.0,4.0,11.0,4.0,11.0,5.0,12.0,5.0,12.0,5.0,13.0,6.0,12.0,6.0,12.0,7.0,11.0,8.0,13.0,8.0,12.0,8.0,12.0,9.0,12.0,10.0,13.0,10.0,13.0,10.0,13.0,11.0,12.0,11.0,11.0,11.0,11.0,12.0,11.0,13.0,12.0,13.0,11.0,13.0,9.0,13.0,7.0,14.0,9.0,14.0,4.0,15.0,61.0,15.0,56.0,14.0,49.0,14.0,48.0,13.0,47.0,13.0,49.0,13.0,48.0,12.0,46.0,11.0,46.0,11.0,45.0,10.0,47.0,10.0,47.0,9.0,45.0,9.0,46.0,8.0,47.0,8.0,47.0,8.0,46.0,6.0,47.0,6.0,49.0,6.0,47.0,5.0,45.0,6.0,48.0,4.0,46.0,4.0,45.0,3.0,47.0,3.0,47.0,2.0,48.0,2.0,49.0,2.0,51.0,1.0,47.0,1.0,40.0,0.0,0.0,0.0,7.0,0.0,61.0,0.0,14.0,1.0,17.0,1.0,13.0,1.0,15.0,2.0,15.0,2.0,16.0,3.0,14.0,3.0,15.0,4.0,16.0,4.0,14.0,6.0,15.0,6.0,14.0,6.0,15.0,7.0,15.0,7.0,15.0,8.0,18.0,8.0,15.0,9.0,17.0,9.0,16.0,10.0,13.0,9.0,14.0,10.0,13.0,11.0,15.0,12.0,14.0,12.0,15.0,12.0,12.0,13.0,15.0,11.0,15.0,14.0,19.0,13.0,21.0,14.0,27.0,15.0,39.0,15.0,47.0,14.0,40.0,14.0,46.0,12.0,46.0,12.0,44.0,9.0,43.0,10.0,49.0,7.0,46.0,6.0,43.0,7.0,46.0,7.0,49.0,4.0,46.0,4.0,45.0,2.0,48.0,2.0,53.0,1.0,3.0,2.0,52.0,2.0,9.0,2.0,18.0,1.0,16.0,3.0,16.0,3.0,12.0,4.0
1759560661.747084000,00:03:7f:25:14:25,00:03:7f:25:14:25,3a:c8:97:94:99:7a,3a:c8:97:94:99:7a,10,14,7,14,6,14,3,15,59,14,59,14,54,14,51,12,52,12,50,12,51,12,51,10,49,10,49,9,50,9,49,7,48,8,46,7,44,5,42,5,38,3,35,3,33,3,29,3,27,4,27,4,22,6,25,6,24,6,22,8,23,8,24,8,23,9,23,10,23,10,24,11,26,11,27,12,27,12,27,12,31,13,34,13,36,13,36,13,39,12,39,12,43,11,44,11,44,10,46,10,45,9,47,8,46,7,47,7,47,7,48,6,48,6,47,5,47,5,49,4,51,3,50,3,52,3,52,2,54,2,54,1,59,1,61,1,62,1,1,1,7,2,8,2,9,3,9,3,10,3,11,4,12,4,11,5,11,5,11,5,11,5,10,6,11,7,11,7,11,7,11,8,10,8,12,7,12,8,10,8,9,8,12,8,9,9,10,7,12,9,9,8,9,8,7,8,9,7,11,7,10,7,11,8,12,7,12,8,11,7,12,9,16,8,13,9,14.0,10.0,13.0,10.0,15.0,11.0,14.0,11.0,13.0,12.0,14.0,12.0,15.0,13.0,13.0,14.0,19.0,13.0,12.0,14.0,50.0,13.0,51.0,13.0,57.0,13.0,56.0,12.0,51.0,12.0,52.0,11.0,52.0,10.0,54.0,9.0,56.0,8.0,54.0,7.0,58.0,7.0,54.0,7.0,57.0,6.0,59.0,7.0,59.0,6.0,60.0,5.0,60.0,5.0,62.0,5.0,61.0,5.0,59.0,4.0,61.0,2.0,1.0,7.0,62.0,4.0,3.0,4.0,6.0,5.0,5.0,6.0,8.0,5.0,8.0,8.0,12.0,7.0,14.0,7.0,11.0,10.0,14.0,10.0,15.0,12.0,10.0,13.0,9.0,13.0,11.0,15.0,29.0,15.0,55.0,15.0,57.0,14.0,52.0,14.0,47.0,14.0,48.0,13.0,49.0,12.0,49.0,12.0,49.0,11.0,49.0,11.0,51.0,10.0,49.0,10.0,47.0,10.0,50.0,9.0,48.0,10.0,48.0,9.0,49.0,9.0,50.0,8.0,49.0,8.0,50.0,7.0,52.0,7.0,49.0,7.0,48.0,6.0,53.0,6.0,50.0,6.0,50.0,6.0,48.0,5.0,49.0,5.0,51.0,4.0,50.0,3.0,47.0,4.0,49.0,3.0,48.0,3.0,48.0,2.0,51.0,1.0,51.0,1.0,57.0,1.0,52.0,1.0,3.0,0.0,3.0,1.0,4.0,0.0,12.0,0.0,10.0,1.0,11.0,2.0,12.0,2.0,9.0,2.0,12.0,3.0,10.0,4.0,11.0,4.0,12.0,4.0,13.0,4.0,11.0,4.0,13.0,4.0,13.0,5.0,15.0,5.0,16.0,6.0,15.0,6.0,15.0,6.0,14.0,8.0,15.0,8.0,15.0,8.0,14.0,9.0,15.0,10.0,14.0,10.0,15.0,10.0,16.0,11.0,16.0,11.0,15.0,12.0,15.0,11.0,16.0,13.0,15.0,13.0,16.0,13.0,15.0,13.0,12.0,13.0,10.0,15.0,11.0,14.0,17.0,14.0,14.0,14.0,6.0,15.0,56.0,15.0
1759560661.859808000,00:03:7f:25:14:25,00:03:7f:25:14:25,0a:f5:a5:94:4b:df,0a:f5:a5:94:4b:df,6,13,3,13,2,13,1,14,63,14,61,13,59,13,57,13,56,12,55,12,55,11,54,11,54,11,54,11,55,10,55,10,54,9,53,9,53,8,52,8,52,8,52,7,52,6,53,6,53,5,53,5,53,5,53,5,54,4,54,4,55,3,55,3,58,2,59,2,61,2,62,2,0,2,1,2,4,2,6,2,8,2,9,3,9,3,9,4,8,4,8,5,11,6,11,6,11,7,11,7,11,7,12,8,12,8,11,9,10,9,10,10,10,10,9,11,9,11,9,11,9,12,8,12,7,12,6,13,4,13,2,13,1,13,0,13,61,13,59,13,57,12,56,12,54,12,53,11,53,11,53,11,53,10,54,10,53,9,53,8,52,8,51,8,52,7,52,7,52,6,53,6,54,5,55,5,55,4,55,4,56,4,56,4,57,3,58,3,60,3,61,2,61,3,62,3,63,3,1,3,2,3,3,3,5,3,5,4,6,4,6,4,7,5,8,5,8.0,6.0,8.0,6.0,8.0,7.0,8.0,7.0,9.0,8.0,9.0,7.0,9.0,7.0,9.0,8.0,9.0,9.0,7.0,10.0,10.0,10.0,7.0,10.0,7.0,11.0,5.0,11.0,4.0,12.0,2.0,12.0,2.0,12.0,3.0,13.0,1.0,12.0,63.0,12.0,61.0,12.0,59.0,12.0,58.0,12.0,57.0,12.0,57.0,12.0,57.0,11.0,57.0,11.0,56.0,11.0,55.0,10.0,54.0,9.0,52.0,9.0,52.0,9.0,53.0,9.0,53.0,9.0,53.0,8.0,53.0,8.0,52.0,7.0,53.0,6.0,54.0,6.0,55.0,5.0,56.0,5.0,55.0,5.0,55.0,5.0,55.0,4.0,55.0,4.0,57.0,3.0,57.0,3.0,58.0,3.0,59.0,3.0,60.0,2.0,61.0,2.0,62.0,2.0,1.0,2.0,3.0,3.0,5.0,3.0,6.0,3.0,6.0,3.0,7.0,3.0,7.0,4.0,8.0,4.0,9.0,5.0,9.0,5.0,9.0,6.0,9.0,6.0,10.0,6.0,10.0,7.0,10.0,7.0,10.0,8.0,11.0,8.0,12.0,9.0,12.0,9.0,10.0,10.0,9.0,10.0,10.0,10.0,10.0,10.0,9.0,11.0,7.0,12.0,6.0,12.0,6.0,12.0,6.0,13.0,4.0,13.0,0.0,13.0,60.0,13.0,59.0,13.0,58.0,13.0,57.0,13.0,57.0,13.0,57.0,12.0,56.0,12.0,55.0,11.0,53.0,11.0,53.0,11.0,51.0,10.0,51.0,10.0,50.0,10.0,50.0,9.0,51.0,9.0,50.0,8.0,50.0,8.0,51.0,7.0,51.0,6.0,52.0,6.0,52.0,6.0,52.0,6.0,52.0,5.0,51.0,4.0,51.0,3.0,52.0,3.0,53.0,2.0,54.0,2.0,56.0,2.0,58.0,1.0,60.0,1.0,0.0,1.0,4.0,1.0,7.0,1.0,9.0,2.0,9.0,2.0,9.0,3.0,9.0,3.0,10.0,4.0,12.0,4.0,12.0,5.0,13.0,5.0,12.0,6.0,11.0,6.0
1759560662.227963000,00:03:7f:25:14:25,00:03:7f:25:14:25,3a:c8:97:94:99:7a,3a:c8:97:94:99:7a,14,9,14,10,14,9,14,10,12,10,11,11,14,11,11,12,13,12,12,12,12,12,12,12,11,12,15,13,13,13,14,12,16,13,15,13,17,12,20,13,18,12,19,13,19,12,20,13,21,13,21,13,21,13,25,14,24,13,23,14,27,14,30,14,33,14,36,14,39,14,39,13,43,13,43,12,42,12,43,12,45,11,45,10,45,9,45,10,45,9,45,8,46,7,47,7,46,6,47,6,46,5,48,4,47,3,47,3,47,3,48,2,49,1,51,1,53,0,2,0,6,0,10,1,12,1,15,2,14,2,14,2,16,3,14,4,12,4,15,4,14,5,15,6,14,7,14,7,13,7,14,8,15,8,14,9,14,9,14,10,14,10,13,11,12,11,13,12,14,12,13,13,11,14,12,14,12,14,3,15,57,15,48,15,53,14,49,13,45,13,50,12,49,12,46,11,50,10,48,9,50,8,49,8,44,7,43,8,44,3,44,4,42,4,29,1,34.0,3.0,29.0,2.0,25.0,4.0,26.0,3.0,26.0,3.0,22.0,3.0,25.0,3.0,27.0,4.0,23.0,4.0,17.0,5.0,23.0,3.0,18.0,4.0,18.0,5.0,15.0,5.0,18.0,5.0,15.0,6.0,16.0,6.0,17.0,6.0,14.0,7.0,14.0,7.0,12.0,8.0,15.0,8.0,12.0,9.0,12.0,9.0,12.0,10.0,13.0,10.0,14.0,10.0,15.0,10.0,12.0,10.0,13.0,11.0,15.0,11.0,13.0,12.0,18.0,13.0,15.0,13.0,13.0,13.0,17.0,14.0,18.0,13.0,20.0,14.0,23.0,14.0,28.0,14.0,35.0,15.0,40.0,14.0,39.0,14.0,44.0,14.0,44.0,13.0,43.0,12.0,43.0,12.0,43.0,12.0,45.0,11.0,45.0,11.0,44.0,11.0,45.0,10.0,45.0,10.0,46.0,9.0,46.0,8.0,46.0,8.0,49.0,8.0,47.0,7.0,45.0,8.0,48.0,6.0,46.0,7.0,45.0,6.0,47.0,6.0,48.0,5.0,47.0,5.0,48.0,5.0,50.0,4.0,47.0,4.0,46.0,3.0,52.0,3.0,49.0,3.0,49.0,3.0,47.0,2.0,48.0,2.0,53.0,1.0,52.0,1.0,46.0,1.0,52.0,0.0,53.0,0.0,7.0,0.0,11.0,0.0,6.0,1.0,8.0,1.0,10.0,1.0,12.0,2.0,12.0,2.0,12.0,2.0,16.0,2.0,13.0,3.0,14.0,4.0,13.0,4.0,11.0,4.0,13.0,4.0,11.0,6.0,13.0,5.0,13.0,5.0,13.0,6.0,12.0,6.0,14.0,6.0,13.0,7.0,16.0,7.0,16.0,7.0,14.0,8.0,15.0,7.0,14.0,10.0,15.0,9.0,15.0,9.0,14.0,11.0,14.0,11.0,13.0,12.0,14.0,11.0,15.0,11.0,15.0,11.0,12.0,13.0,14.0,12.0,15.0,13.0,9.0,13.0,14.0,13.0,11.0,13.0,10.0,12.0,3.0,14.0,10.0,13.0,14.0,13.0,13.0,14.0,13.0,15.0,1.0,15.0
1759560662.762227000,00:03:7f:25:14:25,00:03:7f:25:14:25,0a:f5:a5:94:4b:df,0a:f5:a5:94:4b:df,6,13,3,13,1,14,0,14,62,14,60,14,59,13,57,13,56,12,55,12,55,11,54,11,54,11,54,11,54,10,54,10,53,9,53,9,53,8,52,8,52,8,52,7,52,6,53,6,53,5,53,5,53,5,53,5,54,4,54,4,55,3,55,2,58,2,59,2,61,2,63,2,0,2,2,2,4,2,6,2,8,3,9,3,9,3,9,4,9,4,9,5,11,5,12,6,11,7,11,7,11,7,12,8,12,8,11,9,10,9,10,10,10,10,9,11,10,11,9,11,9,12,8,12,7,12,6,13,4,13,2,13,0,13,0,13,62,13,59,13,57,12,56,12,54,12,53,12,53,11,53,11,53,10,53,10,53,9,53,9,52,8,52,8,52,7,52,7,52,6,53,6,54,5,55,5,55,4,55,4,55,4,56,4,56,3,57,3,59,3,61,2,61,3,62,3,63,3,1,3,3,3,3,3,5,3,5,4,6,4,7,4,7,4,8,5,8.0,6.0,8.0,6.0,8.0,7.0,9.0,7.0,9.0,7.0,10.0,7.0,9.0,8.0,9.0,8.0,9.0,9.0,8.0,10.0,10.0,10.0,7.0,10.0,7.0,11.0,6.0,11.0,4.0,12.0,3.0,12.0,3.0,12.0,3.0,13.0,1.0,13.0,63.0,12.0,61.0,12.0,59.0,12.0,58.0,12.0,58.0,12.0,57.0,12.0,57.0,11.0,57.0,11.0,56.0,11.0,55.0,10.0,53.0,10.0,52.0,9.0,52.0,9.0,53.0,9.0,53.0,9.0,53.0,8.0,53.0,8.0,52.0,7.0,53.0,7.0,54.0,6.0,55.0,6.0,55.0,5.0,55.0,5.0,54.0,5.0,54.0,4.0,55.0,4.0,56.0,3.0,57.0,3.0,58.0,3.0,59.0,3.0,60.0,2.0,61.0,2.0,62.0,2.0,1.0,2.0,3.0,3.0,5.0,3.0,7.0,3.0,6.0,3.0,7.0,3.0,8.0,4.0,8.0,4.0,9.0,5.0,9.0,5.0,9.0,6.0,10.0,6.0,10.0,6.0,10.0,7.0,10.0,7.0,11.0,8.0,11.0,8.0,12.0,9.0,12.0,9.0,10.0,10.0,10.0,10.0,10.0,10.0,10.0,10.0,9.0,11.0,7.0,12.0,6.0,12.0,6.0,13.0,6.0,13.0,4.0,13.0,1.0,14.0,61.0,14.0,59.0,13.0,58.0,13.0,57.0,13.0,57.0,13.0,56.0,12.0,56.0,12.0,54.0,11.0,53.0,11.0,52.0,11.0,51.0,10.0,50.0,10.0,50.0,10.0,50.0,9.0,51.0,9.0,50.0,8.0,50.0,8.0,51.0,7.0,51.0,6.0,51.0,6.0,52.0,6.0,52.0,5.0,51.0,5.0,51.0,4.0,51.0,3.0,52.0,2.0,53.0,2.0,55.0,2.0,57.0,1.0,59.0,1.0,61.0,1.0,1.0,1.0,4.0,1.0,7.0,1.0,9.0,2.0,9.0,2.0,9.0,3.0,10.0,3.0,11.0,4.0,12.0,4.0,12.0,5.0,13.0,5.0,13.0,6.0,12.0,6.0
1759560662.829573000,00:03:7f:25:14:25,00:03:7f:25:14:25,3a:c8:97:94:99:7a,3a:c8:97:94:99:7a,5,10,3,10,5,9,4,10,2,9,2,10,3,10,0,10,3,10,0,9,2,10,1,8,1,8,2,8,2,8,2,8,3,9,2,9,5,8,6,9,6,9,7,10,8,9,8,10,8,11,9,10,7,12,8,12,10,12,6,13,8,13,8,14,8,15,4,14,62,14,55,14,54,14,52,14,49,13,49,13,50,12,49,11,49,10,49,11,48,10,48,9,49,8,50,7,49,7,50,6,49,5,50,5,50,4,50,4,51,3,52,3,53,3,54,2,54,1,59,1,63,1,0,1,4,1,8,1,8,2,9,2,12,2,11,3,9,4,12,4,11,5,12,5,12,6,12,6,12,7,12,7,13,7,12,8,13,8,12,9,11,9,10,10,10,11,11,11,11,12,10,12,9,13,9,13,9,13,4,13,1,14,63,14,58,14,55,14,51,14,53,13,52,13,49,12,51,12,50,11,50,11,49,10,48,10,48,10,47,7,47,8,49,7,48,6,48.0,6.0,45.0,5.0,46.0,5.0,46.0,4.0,44.0,4.0,46.0,3.0,47.0,2.0,39.0,2.0,48.0,1.0,22.0,1.0,18.0,1.0,16.0,2.0,18.0,3.0,15.0,3.0,15.0,3.0,14.0,4.0,15.0,4.0,15.0,5.0,14.0,6.0,14.0,6.0,12.0,7.0,14.0,7.0,13.0,7.0,12.0,8.0,12.0,8.0,13.0,9.0,13.0,9.0,13.0,10.0,12.0,10.0,10.0,10.0,11.0,10.0,9.0,11.0,11.0,12.0,10.0,12.0,9.0,12.0,8.0,13.0,10.0,13.0,7.0,13.0,8.0,14.0,8.0,14.0,1.0,14.0,62.0,15.0,55.0,14.0,55.0,14.0,53.0,13.0,51.0,13.0,51.0,13.0,49.0,12.0,51.0,11.0,51.0,11.0,49.0,11.0,49.0,10.0,50.0,10.0,50.0,10.0,50.0,8.0,50.0,8.0,53.0,8.0,51.0,7.0,49.0,8.0,52.0,6.0,50.0,7.0,50.0,6.0,51.0,6.0,52.0,5.0,52.0,5.0,53.0,5.0,55.0,4.0,53.0,4.0,52.0,4.0,58.0,4.0,55.0,4.0,55.0,4.0,54.0,3.0,55.0,3.0,60.0,3.0,60.0,2.0,55.0,2.0,61.0,2.0,61.0,2.0,63.0,1.0,4.0,2.0,2.0,3.0,5.0,3.0,3.0,2.0,7.0,3.0,7.0,3.0,9.0,3.0,11.0,3.0,10.0,4.0,11.0,4.0,11.0,5.0,8.0,5.0,10.0,5.0,9.0,7.0,10.0,6.0,10.0,6.0,11.0,7.0,10.0,7.0,11.0,7.0,11.0,8.0,13.0,8.0,13.0,8.0,12.0,9.0,13.0,9.0,11.0,10.0,13.0,10.0,12.0,10.0,11.0,12.0,11.0,12.0,9.0,13.0,11.0,12.0,11.0,13.0,13.0,13.0,9.0,14.0,9.0,14.0,5.0,15.0,56.0,14.0,1.0,15.0,63.0,14.0,56.0,14.0,49.0,14.0,53.0,14.0,47.0,14.0,47.0,13.0,49.0,13.0,48.0,12.0
1759560663.303841000,00:03:7f:25:14:25,00:03:7f:25:14:25,0a:f5:a5:94:4b:df,0a:f5:a5:94:4b:df,6,12,4,13,2,14,1,14,0,14,62,14,60,13,58,13,56,12,55,12,54,11,53,11,53,11,53,11,54,11,55,10,53,9,53,9,52,8,52,8,52,8,52,7,52,7,52,6,52,5,52,5,52,5,52,5,53,5,53,4,53,3,54,3,56,2,57,2,59,2,60,2,61,2,62,2,2,1,6,2,9,2,10,3,9,3,9,3,8,4,9,4,11,5,12,6,12,7,12,7,12,7,12,7,12,8,12,8,11,9,11,9,11,10,10,11,10,11,10,11,10,11,10,12,9,12,7,13,6,13,4,14,4,14,2,14,63,14,59,13,57,12,55,12,53,12,52,12,52,11,52,11,53,11,53,10,53,9,52,9,51,8,50,8,51,8,51,7,51,7,51,6,53,5,54,4,54,4,54,5,54,4,54,4,55,3,56,2,59,2,60,2,61,2,61,2,62,2,0,2,2,2,4,2,6,3,6,3,7,4,7,4,8,4,9,5,9.0,5.0,9.0,6.0,9.0,7.0,9.0,7.0,10.0,8.0,10.0,7.0,10.0,7.0,10.0,8.0,10.0,9.0,9.0,10.0,11.0,10.0,8.0,10.0,8.0,11.0,6.0,11.0,4.0,12.0,2.0,13.0,3.0,13.0,3.0,13.0,2.0,13.0,63.0,13.0,60.0,13.0,58.0,12.0,56.0,12.0,56.0,12.0,56.0,12.0,56.0,12.0,56.0,12.0,55.0,11.0,54.0,10.0,53.0,9.0,51.0,9.0,51.0,9.0,52.0,9.0,52.0,9.0,53.0,8.0,52.0,8.0,51.0,7.0,52.0,6.0,53.0,6.0,54.0,5.0,55.0,5.0,54.0,5.0,54.0,5.0,54.0,4.0,54.0,4.0,56.0,3.0,56.0,3.0,57.0,3.0,58.0,3.0,59.0,2.0,60.0,2.0,62.0,1.0,2.0,2.0,4.0,2.0,6.0,3.0,8.0,3.0,7.0,3.0,8.0,3.0,9.0,4.0,9.0,4.0,10.0,5.0,9.0,6.0,9.0,6.0,10.0,6.0,10.0,7.0,11.0,7.0,10.0,7.0,11.0,8.0,12.0,9.0,13.0,9.0,13.0,9.0,11.0,10.0,10.0,10.0,10.0,10.0,10.0,11.0,9.0,11.0,7.0,12.0,6.0,13.0,6.0,13.0,7.0,13.0,4.0,13.0,0.0,14.0,59.0,13.0,57.0,13.0,56.0,13.0,54.0,13.0,56.0,13.0,56.0,13.0,56.0,12.0,55.0,12.0,53.0,11.0,52.0,10.0,50.0,10.0,49.0,10.0,49.0,10.0,50.0,9.0,50.0,9.0,50.0,8.0,49.0,7.0,50.0,6.0,51.0,6.0,52.0,6.0,52.0,6.0,52.0,6.0,51.0,5.0,51.0,4.0,50.0,3.0,51.0,2.0,53.0,2.0,54.0,2.0,56.0,2.0,57.0,1.0,58.0,1.0,0.0,0.0,7.0,1.0,10.0,2.0,10.0,2.0,10.0,2.0,9.0,3.0,9.0,3.0,11.0,4.0,12.0,4.0,13.0,5.0,13.0,6.0,12.0,6.0,11.0,7.0
1759560663.390043000,00:03:7f:25:14:25,00:03:7f:25:14:25,3a:c8:97:94:99:7a,3a:c8:97:94:99:7a,10,9,10,9,11,9,11,9,8,10,8,11,10,10,6,11,9,11,5,11,7,11,6,11,5,11,6,11,6,11,5,11,6,12,4,12,7,11,8,13,8,12,7,13,8,13,9,13,7,14,8,13,7,14,6,15,9,15,63,14,63,15,56,15,44,14,48,14,49,14,46,13,48,13,48,12,46,12,46,11,49,10,48,10,47,9,47,9,47,8,47,8,48,7,48,6,47,6,49,5,47,4,50,3,49,3,49,3,50,2,52,1,54,1,59,1,63,0,6,1,7,1,9,1,11,2,14,2,13,3,12,3,14,4,13,5,11,5,13,5,12,6,13,6,12,7,12,8,12,8,12,8,13,9,12,10,13,10,12,10,11,11,10,12,9,12,8,12,8,13,8,13,4,14,2,14,1,14,60,14,57,14,56,13,55,13,53,13,51,12,52,11,51,11,49,10,52,10,51,9,51,9,51,8,50,8,51,8,49,6,50,6,52,6,52,5,53.0,4.0,50.0,4.0,53.0,3.0,53.0,3.0,53.0,2.0,56.0,2.0,58.0,2.0,57.0,0.0,63.0,2.0,8.0,2.0,11.0,2.0,10.0,3.0,11.0,3.0,10.0,4.0,10.0,4.0,10.0,5.0,11.0,5.0,12.0,6.0,11.0,6.0,10.0,7.0,10.0,7.0,10.0,7.0,10.0,8.0,10.0,8.0,10.0,9.0,11.0,9.0,11.0,9.0,11.0,10.0,10.0,10.0,9.0,10.0,10.0,10.0,9.0,12.0,10.0,12.0,9.0,12.0,8.0,12.0,6.0,13.0,9.0,13.0,6.0,14.0,6.0,14.0,4.0,14.0,61.0,14.0,55.0,14.0,53.0,14.0,54.0,13.0,52.0,13.0,49.0,12.0,49.0,12.0,47.0,11.0,50.0,11.0,49.0,10.0,47.0,10.0,48.0,9.0,48.0,9.0,49.0,9.0,49.0,7.0,49.0,7.0,51.0,7.0,50.0,6.0,47.0,7.0,51.0,5.0,49.0,6.0,49.0,5.0,49.0,5.0,51.0,4.0,51.0,4.0,52.0,3.0,54.0,3.0,52.0,2.0,51.0,2.0,59.0,2.0,56.0,2.0,56.0,2.0,59.0,1.0,58.0,1.0,2.0,1.0,4.0,1.0,3.0,1.0,7.0,1.0,7.0,2.0,10.0,2.0,11.0,3.0,9.0,4.0,10.0,4.0,9.0,4.0,11.0,5.0,12.0,5.0,12.0,5.0,14.0,5.0,13.0,6.0,13.0,7.0,13.0,7.0,10.0,7.0,11.0,8.0,11.0,9.0,11.0,9.0,12.0,9.0,12.0,9.0,11.0,10.0,13.0,9.0,11.0,10.0,14.0,10.0,14.0,11.0,13.0,12.0,15.0,11.0,12.0,13.0,14.0,13.0,14.0,13.0,13.0,15.0,26.0,15.0,34.0,15.0,48.0,14.0,46.0,14.0,40.0,14.0,45.0,13.0,48.0,12.0,46.0,12.0,46.0,9.0,46.0,11.0,48.0,12.0,49.0,9.0,46.0,10.0,49.0,9.0,44.0,8.0,44.0,8.0,45.0,7.0,45.0,8.0
1759560663.438774000,00:03:7f:25:14:25,00:03:7f:25:14:25,0a:f5:a5:94:4b:df,0a:f5:a5:94:4b:df,6,12,4,13,2,14,1,14,0,14,62,14,60,14,58,13,56,12,55,12,54,11,53,11,53,11,54,11,55,11,55,10,53,9,53,9,52,8,52,8,52,8,52,7,52,7,52,6,53,5,52,5,52,5,53,5,53,5,53,4,53,3,54,3,56,2,57,2,59,2,61,2,62,2,63,2,2,1,6,2,9,2,10,3,9,3,8,4,8,4,8,4,11,5,12,6,12,7,12,7,12,7,12,7,12,7,12,8,11,9,11,9,11,10,10,11,10,11,11,11,10,11,10,12,9,12,7,13,6,13,5,14,4,14,3,14,0,14,60,13,58,12,56,12,53,12,52,12,52,12,52,11,53,11,53,10,53,9,52,9,51,8,50,8,51,8,51,7,51,7,51,6,53,5,54,4,55,4,55,5,54,4,54,4,55,3,56,2,58,2,60,2,60,2,61,2,62,2,0,2,2,2,3,2,6,3,6,3,7,4,7,4,7,4,9,5,9.0,5.0,9.0,6.0,9.0,7.0,9.0,7.0,10.0,8.0,10.0,7.0,10.0,7.0,9.0,8.0,9.0,9.0,9.0,10.0,11.0,10.0,8.0,10.0,8.0,11.0,6.0,11.0,4.0,12.0,3.0,12.0,3.0,13.0,4.0,13.0,2.0,13.0,63.0,13.0,61.0,12.0,58.0,12.0,56.0,12.0,56.0,12.0,56.0,12.0,55.0,12.0,56.0,11.0,55.0,11.0,54.0,10.0,53.0,9.0,51.0,9.0,51.0,9.0,52.0,9.0,52.0,9.0,52.0,8.0,52.0,8.0,51.0,7.0,52.0,6.0,53.0,6.0,55.0,5.0,55.0,5.0,54.0,5.0,53.0,5.0,53.0,4.0,54.0,4.0,56.0,3.0,56.0,3.0,57.0,3.0,58.0,3.0,59.0,2.0,59.0,1.0,62.0,1.0,2.0,2.0,5.0,2.0,6.0,3.0,7.0,3.0,7.0,3.0,7.0,3.0,8.0,4.0,9.0,4.0,10.0,5.0,9.0,6.0,9.0,6.0,10.0,6.0,10.0,6.0,11.0,7.0,10.0,7.0,11.0,8.0,12.0,9.0,13.0,9.0,13.0,9.0,11.0,10.0,10.0,10.0,10.0,10.0,10.0,11.0,9.0,11.0,7.0,12.0,6.0,13.0,6.0,13.0,6.0,13.0,5.0,13.0,1.0,14.0,60.0,13.0,57.0,13.0,55.0,13.0,55.0,13.0,56.0,13.0,56.0,13.0,56.0,12.0,55.0,11.0,53.0,11.0,52.0,10.0,50.0,10.0,50.0,10.0,50.0,10.0,50.0,9.0,50.0,9.0,50.0,8.0,50.0,7.0,51.0,6.0,51.0,6.0,52.0,6.0,52.0,6.0,52.0,6.0,51.0,5.0,51.0,4.0,51.0,3.0,51.0,2.0,53.0,2.0,54.0,2.0,56.0,2.0,57.0,1.0,58.0,1.0,0.0,0.0,7.0,1.0,10.0,2.0,10.0,2.0,9.0,3.0,9.0,3.0,9.0,3.0,11.0,4.0,12.0,4.0,13.0,5.0,13.0,6.0,13.0,6.0,12.0,7.0
1759560663.784470000,00:03:7f:25:14:25,00:03:7f:25:14:25,3a:c8:97:94:99:7a,3a:c8:97:94:99:7a,6,7,5,8,7,7,6,8,6,8,5,9,6,8,4,9,7,9,4,9,5,9,6,8,5,9,6,9,7,9,5,9,7,10,5,10,8,9,8,11,9,10,8,11,9,11,9,12,9,12,9,12,7,13,8,14,10,13,4,14,5,14,1,15,48,15,53,14,51,14,47,14,50,13,48,12,47,12,47,12,49,11,48,10,48,9,48,10,47,9,47,8,48,7,49,6,48,6,49,5,48,5,50,4,49,3,49,3,50,2,51,2,54,2,56,1,58,1,2,1,4,1,7,1,9,1,13,2,12,2,11,3,14,3,12,4,11,4,13,5,12,6,14,6,12,7,12,7,12,8,13,8,13,8,12,9,13,9,12,10,12,10,10,11,10,12,10,12,10,12,9,13,7,13,6,14,5,14,1,14,60,14,58,14,56,13,54,13,51,13,52,12,51,12,49,11,51,11,50,10,50,10,50,9,48,9,50,9,48,6,48,7,50,7,49,5,50.0,5.0,48.0,5.0,50.0,4.0,50.0,3.0,50.0,3.0,51.0,2.0,53.0,2.0,44.0,1.0,59.0,1.0,11.0,1.0,13.0,2.0,13.0,3.0,14.0,3.0,12.0,3.0,13.0,4.0,12.0,4.0,12.0,5.0,13.0,5.0,12.0,6.0,12.0,7.0,11.0,7.0,13.0,8.0,12.0,8.0,12.0,8.0,12.0,9.0,13.0,9.0,13.0,10.0,13.0,10.0,11.0,10.0,11.0,10.0,12.0,11.0,11.0,12.0,13.0,13.0,12.0,13.0,10.0,12.0,9.0,14.0,11.0,13.0,9.0,14.0,7.0,15.0,3.0,15.0,56.0,15.0,50.0,14.0,49.0,14.0,51.0,13.0,49.0,13.0,48.0,12.0,48.0,12.0,46.0,11.0,49.0,11.0,48.0,10.0,46.0,10.0,47.0,9.0,47.0,9.0,48.0,9.0,48.0,7.0,48.0,7.0,51.0,7.0,49.0,6.0,47.0,7.0,50.0,5.0,48.0,6.0,48.0,5.0,49.0,5.0,50.0,4.0,50.0,4.0,51.0,3.0,53.0,3.0,51.0,2.0,50.0,2.0,57.0,2.0,55.0,2.0,54.0,2.0,57.0,1.0,56.0,1.0,1.0,1.0,2.0,1.0,1.0,1.0,6.0,1.0,6.0,1.0,11.0,2.0,11.0,3.0,10.0,3.0,10.0,4.0,10.0,4.0,12.0,5.0,12.0,5.0,12.0,5.0,15.0,5.0,13.0,6.0,13.0,6.0,13.0,7.0,11.0,7.0,12.0,7.0,11.0,9.0,12.0,9.0,12.0,9.0,12.0,9.0,11.0,9.0,13.0,9.0,12.0,10.0,14.0,10.0,14.0,11.0,13.0,12.0,15.0,11.0,11.0,13.0,14.0,13.0,12.0,14.0,7.0,15.0,55.0,15.0,45.0,15.0,52.0,14.0,51.0,14.0,45.0,14.0,48.0,13.0,49.0,11.0,48.0,11.0,48.0,9.0,48.0,10.0,50.0,11.0,50.0,9.0,48.0,10.0,52.0,8.0,48.0,7.0,48.0,7.0,49.0,7.0,49.0,7.0
1759560664.369447000,00:03:7f:25:14:25,00:03:7f:25:14:25,3a:c8:97:94:99:7a,3a:c8:97:94:99:7a,12,12,11,12,11,12,9,12,7,13,6,13,6,14,0,14,1,14,60,14,62,13,59,13,58,13,56,12,58,12,56,11,55,12,54,12,56,11,55,12,56,11,56,11,57,11,56,12,56,12,57,11,55,13,54,13,56,13,56,14,54,14,52,14,45,14,48,13,49,13,46,13,48,12,47,12,45,12,46,11,47,10,47,10,47,9,47,9,46,8,46,8,48,7,48,6,47,6,48,5,46,4,48,3,47,3,48,2,48,2,49,1,51,1,56,0,4,0,10,1,12,1,13,1,14,1,17,2,15,3,14,3,16,4,15,5,14,5,16,5,14,6,16,7,15,7,15,8,15,8,15,9,16,9,15,10,16,10,15,11,15,11,15,13,14,13,16,13,18,14,21,14,28,15,42,15,44,15,46,14,46,13,45,13,47,12,45,11,45,11,46,10,45,10,44,9,46,8,46,8,46,7,46,7,45,6,45,6,44,4,45,4,46,4,46,2,46.0,2.0,43.0,2.0,44.0,1.0,41.0,0.0,30.0,0.0,28.0,0.0,22.0,0.0,20.0,1.0,19.0,1.0,17.0,4.0,18.0,3.0,16.0,4.0,17.0,5.0,15.0,5.0,16.0,6.0,15.0,6.0,15.0,6.0,16.0,7.0,15.0,8.0,15.0,8.0,14.0,9.0,15.0,9.0,15.0,9.0,15.0,10.0,14.0,11.0,15.0,11.0,15.0,11.0,16.0,12.0,14.0,12.0,13.0,12.0,13.0,13.0,13.0,13.0,16.0,14.0,12.0,14.0,9.0,14.0,2.0,15.0,7.0,15.0,49.0,15.0,50.0,15.0,51.0,14.0,48.0,14.0,48.0,13.0,46.0,13.0,48.0,12.0,48.0,12.0,46.0,11.0,46.0,11.0,45.0,10.0,47.0,9.0,47.0,9.0,45.0,9.0,46.0,8.0,47.0,8.0,47.0,8.0,46.0,6.0,47.0,6.0,49.0,6.0,48.0,5.0,46.0,6.0,49.0,5.0,47.0,5.0,46.0,4.0,47.0,4.0,48.0,3.0,48.0,3.0,49.0,2.0,52.0,2.0,49.0,2.0,47.0,1.0,56.0,1.0,54.0,0.0,54.0,1.0,5.0,0.0,60.0,0.0,9.0,1.0,10.0,1.0,11.0,1.0,12.0,1.0,11.0,2.0,14.0,3.0,15.0,3.0,13.0,4.0,13.0,4.0,13.0,4.0,14.0,5.0,14.0,5.0,15.0,6.0,17.0,6.0,14.0,6.0,15.0,7.0,15.0,8.0,13.0,7.0,14.0,8.0,12.0,9.0,14.0,9.0,14.0,9.0,14.0,9.0,13.0,9.0,14.0,9.0,14.0,10.0,17.0,10.0,17.0,10.0,15.0,11.0,16.0,11.0,15.0,13.0,18.0,12.0,18.0,12.0,19.0,14.0,22.0,13.0,24.0,14.0,27.0,14.0,27.0,13.0,26.0,13.0,34.0,14.0,38.0,12.0,36.0,12.0,39.0,11.0,37.0,12.0,34.0,13.0,34.0,12.0,40.0,12.0,39.0,11.0,35.0,10.0,34.0,11.0,38.0,11.0,38.0,11.0
1759560664.974804000,00:03:7f:25:14:25,00:03:7f:25:14:25,0a:f5:a5:94:4b:df,0a:f5:a5:94:4b:df,8,13,6,13,4,14,3,14,1,14,62,14,60,14,58,13,55,13,55,12,54,12,53,12,53,11,53,11,54,11,54,10,53,10,52,9,52,8,52,8,51,8,52,7,52,7,52,6,52,5,52,5,52,5,52,5,52,5,53,4,53,3,53,3,55,2,57,2,59,2,60,2,62,2,0,2,3,1,6,2,8,2,9,3,9,3,9,3,9,4,9,4,12,5,12,6,12,6,12,7,12,7,12,7,12,8,12,8,11,9,11,9,11,10,11,11,11,11,11,11,10,11,10,12,9,12,8,13,7,13,5,14,4,14,3,14,0,14,60,13,57,13,56,12,54,12,52,12,52,12,52,11,53,11,53,10,52,10,52,9,51,9,50,8,51,8,51,7,51,7,51,6,52,5,53,5,54,5,54,4,53,4,54,4,54,3,55,2,57,2,59,2,60,2,60,2,62,2,0,2,2,2,3,2,5,2,6,3,7,3,7,4,8,4,9,4,9.0,5.0,10.0,6.0,10.0,6.0,10.0,7.0,10.0,7.0,11.0,7.0,10.0,7.0,10.0,8.0,11.0,9.0,10.0,10.0,12.0,10.0,9.0,11.0,9.0,11.0,8.0,12.0,6.0,12.0,5.0,13.0,5.0,13.0,5.0,13.0,3.0,13.0,0.0,13.0,60.0,13.0,58.0,13.0,56.0,13.0,55.0,13.0,55.0,12.0,55.0,12.0,55.0,12.0,54.0,11.0,53.0,10.0,52.0,10.0,51.0,10.0,50.0,9.0,51.0,9.0,51.0,9.0,52.0,8.0,51.0,8.0,50.0,7.0,51.0,6.0,52.0,6.0,53.0,5.0,54.0,5.0,53.0,5.0,53.0,4.0,53.0,4.0,53.0,3.0,55.0,3.0,56.0,3.0,57.0,2.0,58.0,2.0,60.0,2.0,61.0,1.0,63.0,1.0,3.0,1.0,5.0,2.0,7.0,3.0,8.0,3.0,8.0,3.0,9.0,3.0,10.0,4.0,10.0,4.0,11.0,5.0,11.0,6.0,10.0,6.0,11.0,6.0,11.0,7.0,11.0,7.0,11.0,7.0,11.0,8.0,12.0,9.0,13.0,9.0,13.0,10.0,11.0,10.0,10.0,10.0,11.0,10.0,10.0,11.0,9.0,11.0,8.0,12.0,7.0,13.0,6.0,13.0,7.0,13.0,5.0,14.0,0.0,14.0,60.0,14.0,57.0,14.0,56.0,14.0,55.0,13.0,55.0,13.0,55.0,12.0,55.0,12.0,53.0,11.0,52.0,11.0,51.0,10.0,50.0,10.0,49.0,10.0,49.0,10.0,50.0,9.0,50.0,9.0,50.0,8.0,50.0,7.0,50.0,7.0,50.0,6.0,51.0,6.0,51.0,5.0,51.0,5.0,51.0,5.0,50.0,4.0,50.0,3.0,51.0,2.0,52.0,2.0,54.0,2.0,56.0,1.0,58.0,1.0,60.0,0.0,2.0,0.0,6.0,1.0,10.0,1.0,11.0,2.0,10.0,2.0,10.0,3.0,10.0,3.0,12.0,4.0,13.0,4.0,13.0,5.0,14.0,5.0,13.0,6.0,12.0,6.0
1759560665.140234000,00:03:7f:25:14:25,00:03:7f:25:14:25,3a:c8:97:94:99:7a,3a:c8:97:94:99:7a,14,12,13,12,14,12,13,13,10,13,8,14,10,14,62,15,62,15,54,14,56,14,54,13,52,13,52,12,53,12,51,11,51,11,50,11,51,10,50,10,50,9,50,9,51,9,50,8,51,8,50,7,48,8,50,8,51,8,51,8,50,8,50,8,48,9,50,8,50,8,48,9,50,9,49,9,47,10,47,9,49,9,48,8,47,7,48,8,47,8,47,7,48,6,48,5,48,5,49,4,48,3,50,2,49,2,49,1,51,1,56,1,0,0,6,1,8,1,10,2,12,2,12,3,14,3,15,4,15,4,13,5,15,5,14,7,12,6,15,7,13,8,15,8,14,9,13,10,13,10,14,10,15,11,14,12,14,12,13,13,13,13,11,14,8,14,8,15,3,15,55,15,50,14,52,14,50,13,49,13,48,12,48,11,49,11,47,11,47,10,47,9,47,9,45,8,48,8,47,7,47,6,47,6,46,5,48,4,46,3,47,3,49,3,50,2,53.0,1.0,51.0,1.0,62.0,0.0,6.0,1.0,8.0,1.0,11.0,1.0,11.0,2.0,14.0,2.0,13.0,3.0,13.0,5.0,14.0,5.0,13.0,6.0,14.0,6.0,13.0,7.0,12.0,7.0,12.0,8.0,13.0,8.0,13.0,8.0,12.0,9.0,12.0,9.0,11.0,10.0,12.0,11.0,11.0,11.0,11.0,11.0,10.0,11.0,10.0,12.0,10.0,12.0,10.0,12.0,7.0,12.0,6.0,13.0,5.0,13.0,4.0,14.0,1.0,14.0,0.0,14.0,0.0,13.0,58.0,14.0,61.0,13.0,55.0,13.0,57.0,13.0,57.0,12.0,53.0,12.0,53.0,12.0,52.0,12.0,52.0,11.0,52.0,11.0,50.0,10.0,50.0,10.0,48.0,9.0,50.0,9.0,50.0,8.0,48.0,8.0,49.0,8.0,49.0,7.0,50.0,7.0,49.0,5.0,50.0,5.0,52.0,5.0,51.0,4.0,48.0,5.0,52.0,4.0,50.0,4.0,50.0,3.0,51.0,3.0,54.0,2.0,54.0,2.0,55.0,2.0,59.0,1.0,59.0,1.0,61.0,1.0,3.0,1.0,3.0,1.0,0.0,1.0,7.0,2.0,8.0,1.0,8.0,2.0,9.0,2.0,8.0,2.0,11.0,3.0,9.0,3.0,12.0,4.0,13.0,5.0,11.0,5.0,12.0,6.0,11.0,6.0,12.0,7.0,13.0,7.0,14.0,7.0,16.0,7.0,14.0,8.0,14.0,8.0,14.0,9.0,12.0,9.0,13.0,9.0,12.0,10.0,13.0,10.0,14.0,10.0,14.0,11.0,12.0,11.0,15.0,10.0,14.0,12.0,16.0,11.0,17.0,12.0,16.0,13.0,18.0,12.0,16.0,14.0,21.0,13.0,21.0,14.0,29.0,14.0,31.0,14.0,31.0,13.0,37.0,13.0,36.0,13.0,33.0,12.0,37.0,12.0,39.0,10.0,38.0,11.0,39.0,9.0,38.0,10.0,38.0,10.0,38.0,9.0,38.0,9.0,39.0,8.0,36.0,7.0,36.0,8.0,37.0,7.0,37.0,7.0
1759560665.292421000,00:03:7f:25:14:25,00:03:7f:25:14:25,0a:f5:a5:94:4b:df,0a:f5:a5:94:4b:df,7,13,5,14,3,14,2,14,0,14,60,14,58,14,56,13,55,13,54,12,54,12,53,11,53,11,53,11,54,10,53,10,53,9,52,9,52,8,51,8,51,8,52,7,52,7,52,6,52,5,52,5,52,5,52,5,53,4,53,4,53,3,54,2,56,2,58,2,60,2,62,2,0,2,2,2,4,2,7,2,9,2,10,3,10,3,9,4,9,4,9,4,11,5,12,6,12,7,12,7,12,7,12,7,12,8,12,8,11,9,11,9,11,10,10,11,10,11,10,11,10,12,9,12,8,12,7,13,6,13,4,14,2,14,1,14,62,14,59,13,57,13,55,12,54,12,53,12,52,11,53,11,53,11,53,10,52,9,52,9,51,9,51,8,51,8,51,7,51,7,52,6,53,5,53,5,54,4,54,4,54,4,54,4,55,3,56,3,58,2,59,2,60,2,61,2,63,2,1,2,3,2,4,2,5,3,6,3,7,4,7,4,8,4,9,5,9.0,5.0,9.0,6.0,9.0,7.0,10.0,7.0,10.0,7.0,10.0,7.0,10.0,7.0,10.0,8.0,10.0,9.0,9.0,10.0,11.0,10.0,9.0,11.0,8.0,11.0,7.0,11.0,5.0,12.0,4.0,13.0,4.0,13.0,4.0,13.0,1.0,13.0,63.0,13.0,60.0,13.0,58.0,13.0,56.0,13.0,56.0,12.0,56.0,12.0,55.0,12.0,55.0,11.0,55.0,11.0,53.0,10.0,52.0,10.0,51.0,9.0,51.0,9.0,52.0,9.0,52.0,9.0,52.0,8.0,52.0,8.0,51.0,7.0,52.0,6.0,53.0,6.0,54.0,5.0,55.0,5.0,54.0,5.0,54.0,4.0,54.0,4.0,54.0,4.0,56.0,3.0,56.0,3.0,57.0,3.0,58.0,2.0,60.0,2.0,61.0,1.0,62.0,1.0,2.0,2.0,4.0,2.0,6.0,3.0,8.0,3.0,7.0,3.0,8.0,3.0,9.0,4.0,9.0,4.0,10.0,5.0,10.0,5.0,10.0,6.0,10.0,6.0,11.0,6.0,11.0,7.0,11.0,7.0,11.0,8.0,12.0,8.0,12.0,9.0,12.0,9.0,11.0,10.0,10.0,10.0,11.0,10.0,11.0,11.0,10.0,11.0,8.0,12.0,7.0,12.0,7.0,13.0,7.0,13.0,5.0,14.0,0.0,14.0,60.0,14.0,58.0,14.0,56.0,14.0,55.0,13.0,55.0,13.0,55.0,13.0,55.0,12.0,53.0,12.0,52.0,11.0,51.0,11.0,50.0,10.0,50.0,10.0,49.0,10.0,49.0,9.0,50.0,9.0,50.0,8.0,50.0,8.0,50.0,7.0,50.0,6.0,51.0,6.0,51.0,6.0,51.0,5.0,50.0,5.0,50.0,4.0,50.0,3.0,50.0,2.0,51.0,2.0,53.0,2.0,55.0,1.0,57.0,1.0,60.0,0.0,2.0,0.0,7.0,1.0,10.0,1.0,11.0,2.0,11.0,2.0,11.0,3.0,11.0,3.0,12.0,4.0,13.0,4.0,13.0,5.0,14.0,5.0,13.0,6.0,12.0,6.0
1759560665.581243000,00:03:7f:25:14:25,00:03:7f:25:14:25,3a:c8:97:94:99:7a,3a:c8:97:94:99:7a,15,12,14,12,15,12,14,13,12,14,11,14,15,14,0,15,63,15,52,14,54,14,52,14,51,13,51,13,52,12,50,12,50,12,49,11,50,10,49,10,49,9,50,9,50,9,49,9,50,8,50,8,48,8,49,8,50,8,50,8,49,7,49,7,47,8,48,8,48,7,46,7,49,8,48,8,46,8,46,8,48,7,48,7,47,6,47,7,46,7,46,6,48,6,48,5,47,4,48,4,47,3,49,2,47,2,48,1,50,1,57,0,4,0,10,1,11,1,12,2,14,2,13,3,15,3,16,4,16,4,14,5,16,5,15,7,13,6,16,7,14,8,16,8,15,9,15,10,14,10,15,10,16,11,15,12,16,12,15,13,14,13,14,14,12,14,13,14,22,15,43,15,46,15,48,14,47,14,47,13,46,12,46,12,47,12,46,11,45,10,46,9,45,9,43,9,47,8,46,7,46,6,46,6,45,6,46,5,43,3,44,3,47,3,45,1,47.0,1.0,45.0,1.0,19.0,0.0,14.0,0.0,14.0,1.0,18.0,1.0,15.0,2.0,17.0,2.0,15.0,3.0,15.0,5.0,16.0,5.0,15.0,6.0,16.0,6.0,14.0,7.0,14.0,7.0,14.0,8.0,14.0,8.0,15.0,8.0,14.0,9.0,13.0,10.0,13.0,10.0,14.0,11.0,13.0,11.0,13.0,11.0,12.0,12.0,12.0,12.0,12.0,13.0,12.0,13.0,10.0,13.0,8.0,14.0,5.0,14.0,6.0,14.0,62.0,15.0,63.0,14.0,63.0,14.0,54.0,14.0,57.0,14.0,51.0,14.0,53.0,13.0,54.0,12.0,51.0,12.0,51.0,11.0,49.0,11.0,50.0,11.0,50.0,10.0,48.0,10.0,48.0,10.0,46.0,9.0,49.0,8.0,48.0,8.0,46.0,7.0,47.0,7.0,47.0,7.0,48.0,7.0,47.0,4.0,48.0,5.0,50.0,5.0,49.0,4.0,47.0,4.0,50.0,3.0,48.0,3.0,48.0,2.0,49.0,2.0,51.0,1.0,52.0,1.0,53.0,1.0,59.0,0.0,0.0,0.0,11.0,0.0,9.0,1.0,10.0,1.0,7.0,1.0,11.0,2.0,14.0,2.0,12.0,2.0,12.0,3.0,12.0,3.0,13.0,4.0,11.0,4.0,13.0,5.0,14.0,5.0,12.0,7.0,13.0,7.0,13.0,7.0,13.0,8.0,14.0,8.0,14.0,8.0,16.0,8.0,14.0,9.0,15.0,9.0,15.0,10.0,12.0,9.0,13.0,10.0,12.0,11.0,14.0,11.0,14.0,11.0,13.0,11.0,12.0,11.0,14.0,11.0,14.0,12.0,17.0,12.0,17.0,12.0,16.0,13.0,18.0,13.0,16.0,14.0,22.0,13.0,23.0,14.0,29.0,14.0,33.0,14.0,31.0,13.0,38.0,13.0,36.0,13.0,34.0,12.0,37.0,12.0,39.0,10.0,38.0,10.0,38.0,8.0,38.0,10.0,37.0,10.0,36.0,8.0,37.0,10.0,38.0,8.0,35.0,7.0,34.0,7.0,37.0,7.0,36.0,8.0
1759560665.829222000,00:03:7f:25:14:25,00:03:7f:25:14:25,0a:f5:a5:94:4b:df,0a:f5:a5:94:4b:df,7,13,5,14,3,14,2,14,0,14,61,14,59,14,56,13,55,12,54,12,53,12,53,11,53,11,53,11,54,10,54,10,53,9,52,9,52,8,52,8,51,8,51,7,51,6,52,6,52,5,52,5,52,4,52,5,53,4,53,4,53,3,54,2,56,2,59,2,60,2,62,2,0,2,1,2,4,2,7,2,9,2,10,3,10,3,9,4,9,4,9,4,11,5,12,6,12,7,12,7,12,7,12,7,12,8,12,8,11,9,11,10,10,10,10,11,10,11,10,11,10,11,9,12,9,12,7,13,6,13,4,14,3,14,2,14,63,14,59,13,57,13,56,12,53,12,52,12,52,12,52,11,52,11,53,10,52,9,52,9,51,8,50,8,51,8,51,7,51,7,51,6,52,5,54,4,54,4,54,4,54,4,54,3,54,3,55,2,58,2,60,2,61,2,61,2,63,2,1,2,3,2,4,2,6,3,6,3,7,4,7,4,8,4,9,5,9.0,5.0,10.0,6.0,9.0,7.0,10.0,7.0,10.0,7.0,10.0,7.0,10.0,7.0,10.0,8.0,10.0,9.0,9.0,11.0,11.0,11.0,8.0,11.0,8.0,11.0,6.0,12.0,4.0,12.0,3.0,13.0,3.0,13.0,3.0,13.0,1.0,13.0,63.0,13.0,60.0,13.0,58.0,12.0,56.0,12.0,56.0,12.0,55.0,12.0,55.0,12.0,56.0,11.0,55.0,11.0,54.0,10.0,53.0,9.0,51.0,9.0,51.0,9.0,52.0,9.0,52.0,9.0,53.0,8.0,52.0,8.0,51.0,7.0,53.0,6.0,54.0,6.0,54.0,5.0,55.0,5.0,55.0,5.0,54.0,4.0,54.0,4.0,54.0,4.0,56.0,3.0,57.0,3.0,57.0,3.0,58.0,3.0,60.0,2.0,61.0,2.0,62.0,2.0,1.0,2.0,4.0,2.0,5.0,3.0,7.0,3.0,7.0,3.0,7.0,3.0,8.0,4.0,9.0,4.0,10.0,5.0,10.0,5.0,10.0,6.0,10.0,6.0,10.0,6.0,11.0,7.0,10.0,7.0,11.0,8.0,12.0,8.0,13.0,9.0,13.0,9.0,11.0,10.0,10.0,10.0,10.0,10.0,10.0,10.0,9.0,11.0,8.0,12.0,7.0,12.0,7.0,13.0,7.0,13.0,5.0,13.0,1.0,14.0,61.0,14.0,58.0,13.0,57.0,14.0,55.0,13.0,56.0,13.0,56.0,13.0,55.0,12.0,54.0,12.0,52.0,11.0,51.0,11.0,50.0,11.0,49.0,10.0,49.0,10.0,50.0,10.0,50.0,9.0,50.0,8.0,49.0,8.0,50.0,7.0,50.0,6.0,51.0,6.0,51.0,6.0,51.0,6.0,50.0,5.0,50.0,4.0,50.0,3.0,51.0,2.0,51.0,2.0,53.0,2.0,54.0,1.0,56.0,1.0,57.0,0.0,63.0,0.0,6.0,0.0,10.0,1.0,11.0,2.0,10.0,2.0,10.0,3.0,10.0,3.0,12.0,3.0,13.0,4.0,13.0,5.0,14.0,5.0,13.0,6.0,12.0,6.0
1759560666.135838000,00:03:7f:25:14:25,00:03:7f:25:14:25,3a:c8:97:94:99:7a,3a:c8:97:94:99:7a,17,11,16,12,17,12,16,12,16,13,14,14,20,14,25,15,25,15,39,15,45,15,49,14,47,14,48,13,49,13,47,12,47,12,47,12,48,11,47,11,47,10,47,10,48,10,47,9,47,9,48,8,45,9,46,8,47,8,46,8,45,7,46,7,44,8,46,8,45,7,44,7,46,7,45,7,43,7,44,8,45,7,45,7,45,6,45,7,44,6,45,5,46,5,46,4,45,4,46,3,44,3,45,2,43,1,44,1,42,0,35,0,18,0,15,1,16,1,16,2,16,3,16,3,17,4,18,4,17,5,16,5,18,6,16,7,15,7,17,7,16,8,17,8,16,9,16,10,16,10,17,11,18,11,17,12,18,12,18,13,17,13,19,14,19,15,26,15,31,15,37,14,41,14,44,13,45,13,44,13,44,12,45,11,45,11,45,10,44,10,45,9,44,9,43,8,45,7,44,6,45,6,45,5,43,5,44,4,41,3,42,3,44,2,41,1,37.0,0.0,36.0,0.0,24.0,0.0,20.0,1.0,19.0,1.0,20.0,2.0,17.0,2.0,18.0,3.0,17.0,4.0,17.0,6.0,18.0,6.0,16.0,6.0,17.0,7.0,15.0,7.0,16.0,8.0,15.0,8.0,15.0,9.0,16.0,9.0,16.0,10.0,15.0,10.0,14.0,11.0,16.0,11.0,15.0,12.0,14.0,12.0,14.0,13.0,13.0,13.0,15.0,13.0,15.0,14.0,12.0,14.0,11.0,14.0,7.0,15.0,8.0,15.0,52.0,15.0,54.0,15.0,57.0,14.0,48.0,14.0,51.0,14.0,47.0,13.0,49.0,13.0,51.0,12.0,48.0,12.0,48.0,11.0,47.0,11.0,48.0,11.0,48.0,10.0,47.0,10.0,46.0,9.0,45.0,9.0,47.0,8.0,46.0,8.0,45.0,7.0,46.0,7.0,46.0,6.0,46.0,6.0,45.0,4.0,46.0,4.0,48.0,5.0,46.0,3.0,44.0,4.0,46.0,3.0,45.0,3.0,43.0,2.0,44.0,2.0,43.0,1.0,42.0,1.0,43.0,0.0,39.0,0.0,25.0,0.0,25.0,1.0,20.0,0.0,20.0,1.0,18.0,1.0,17.0,2.0,19.0,2.0,17.0,3.0,16.0,3.0,17.0,3.0,17.0,4.0,15.0,4.0,17.0,5.0,17.0,6.0,17.0,7.0,16.0,7.0,16.0,7.0,16.0,8.0,17.0,8.0,17.0,8.0,20.0,9.0,17.0,9.0,18.0,9.0,17.0,10.0,15.0,10.0,17.0,10.0,15.0,11.0,17.0,11.0,17.0,11.0,17.0,12.0,15.0,12.0,18.0,11.0,19.0,12.0,20.0,12.0,21.0,12.0,21.0,13.0,23.0,12.0,24.0,14.0,25.0,13.0,27.0,13.0,29.0,13.0,32.0,12.0,32.0,13.0,36.0,12.0,35.0,11.0,32.0,11.0,35.0,11.0,37.0,9.0,37.0,9.0,37.0,8.0,35.0,9.0,35.0,10.0,34.0,7.0,35.0,9.0,35.0,8.0,33.0,7.0,33.0,7.0,35.0,7.0,34.0,8.0
1759560666.505518000,00:03:7f:25:14:25,00:03:7f:25:14:25,0a:f5:a5:94:4b:df,0a:f5:a5:94:4b:df,7,13,5,14,3,14,2,14,0,14,61,14,59,14,56,13,55,13,54,12,53,12,53,11,53,11,53,11,53,10,53,10,53,9,52,9,52,8,52,8,51,8,51,7,51,7,52,6,52,5,52,5,52,4,52,5,53,4,53,4,53,3,54,2,56,2,59,2,60,2,62,2,0,2,1,2,4,2,7,2,9,2,10,3,10,3,9,4,9,4,9,4,11,5,12,6,12,7,12,7,12,7,12,7,12,8,12,8,11,9,11,10,11,10,10,11,10,11,10,11,10,12,9,12,9,12,7,13,6,13,4,14,3,14,1,14,63,14,59,13,57,13,55,12,53,12,52,12,52,11,52,11,52,11,53,10,52,9,52,9,51,8,50,8,51,8,51,7,51,7,51,6,52,5,53,4,54,4,54,4,54,4,54,3,55,3,56,2,58,2,60,2,61,2,62,2,63,2,1,2,2,2,4,2,6,3,6,3,7,4,8,4,8,4,9,5,9.0,5.0,10.0,6.0,9.0,7.0,10.0,7.0,10.0,7.0,10.0,7.0,10.0,8.0,10.0,8.0,10.0,9.0,9.0,11.0,11.0,11.0,8.0,11.0,8.0,11.0,6.0,12.0,5.0,12.0,3.0,13.0,3.0,13.0,3.0,13.0,1.0,13.0,62.0,13.0,60.0,13.0,58.0,12.0,56.0,12.0,56.0,12.0,56.0,12.0,55.0,12.0,55.0,11.0,54.0,11.0,54.0,10.0,53.0,10.0,51.0,9.0,51.0,9.0,52.0,9.0,52.0,9.0,53.0,8.0,52.0,8.0,51.0,7.0,52.0,6.0,53.0,6.0,54.0,5.0,55.0,5.0,55.0,5.0,54.0,4.0,54.0,4.0,54.0,4.0,56.0,3.0,57.0,3.0,58.0,3.0,59.0,3.0,60.0,2.0,61.0,2.0,62.0,2.0,1.0,2.0,4.0,2.0,6.0,3.0,7.0,3.0,7.0,3.0,7.0,3.0,8.0,4.0,9.0,4.0,10.0,5.0,10.0,5.0,10.0,6.0,10.0,6.0,10.0,6.0,11.0,7.0,10.0,7.0,11.0,8.0,12.0,8.0,12.0,9.0,12.0,9.0,11.0,10.0,10.0,10.0,10.0,10.0,10.0,10.0,9.0,11.0,8.0,12.0,7.0,12.0,6.0,13.0,7.0,13.0,5.0,13.0,1.0,14.0,61.0,14.0,59.0,13.0,57.0,14.0,55.0,13.0,56.0,13.0,56.0,13.0,55.0,12.0,54.0,12.0,52.0,11.0,51.0,11.0,50.0,11.0,49.0,10.0,49.0,10.0,50.0,10.0,50.0,9.0,50.0,8.0,49.0,8.0,50.0,7.0,50.0,6.0,51.0,6.0,51.0,6.0,51.0,5.0,50.0,5.0,50.0,4.0,50.0,3.0,51.0,2.0,51.0,2.0,53.0,2.0,55.0,1.0,56.0,1.0,58.0,0.0,63.0,0.0,5.0,1.0,9.0,1.0,11.0,2.0,11.0,2.0,10.0,3.0,11.0,3.0,12.0,3.0,13.0,4.0,13.0,5.0,14.0,5.0,13.0,6.0,12.0,6.0
1759560666.553085000,00:03:7f:25:14:25,00:03:7f:25:14:25,3a:c8:97:94:99:7a,3a:c8:97:94:99:7a,17,12,16,12,17,13,16,13,16,14,15,14,23,14,40,15,36,15,44,14,46,14,48,13,46,13,48,13,49,12,48,12,48,11,47,11,48,10,47,10,47,9,47,9,48,8,47,8,48,8,48,7,45,7,46,7,47,7,46,7,45,6,46,6,43,7,45,7,44,6,44,7,45,7,45,7,42,8,44,8,45,8,45,8,45,6,45,7,45,7,44,6,47,6,47,5,46,4,48,4,46,3,47,2,46,2,46,1,48,1,56,0,7,0,12,1,13,1,13,2,14,2,14,3,15,3,16,4,16,4,15,5,17,5,15,7,14,7,16,7,14,8,16,8,15,9,15,10,15,10,16,11,16,11,15,12,16,12,16,13,16,13,15,14,14,15,16,15,28,15,40,15,44,14,47,14,47,13,46,13,46,12,46,11,47,11,45,10,45,10,46,9,45,9,44,8,47,7,46,6,46,6,46,5,45,5,46,4,43,3,44,2,45,2,47,1,48.0,0.0,43.0,0.0,16.0,0.0,15.0,1.0,14.0,1.0,17.0,2.0,15.0,2.0,16.0,3.0,16.0,4.0,15.0,6.0,17.0,6.0,15.0,6.0,15.0,7.0,15.0,8.0,14.0,8.0,14.0,8.0,14.0,9.0,15.0,9.0,15.0,10.0,14.0,10.0,13.0,11.0,15.0,11.0,14.0,12.0,14.0,12.0,13.0,12.0,13.0,13.0,13.0,13.0,13.0,14.0,9.0,14.0,8.0,14.0,5.0,14.0,5.0,15.0,55.0,15.0,57.0,15.0,58.0,14.0,50.0,14.0,53.0,14.0,48.0,13.0,50.0,13.0,52.0,12.0,49.0,12.0,49.0,11.0,48.0,11.0,49.0,10.0,48.0,10.0,47.0,10.0,47.0,9.0,45.0,9.0,47.0,8.0,47.0,8.0,45.0,7.0,46.0,7.0,46.0,6.0,47.0,6.0,45.0,4.0,46.0,4.0,48.0,5.0,47.0,3.0,44.0,4.0,47.0,3.0,45.0,3.0,42.0,2.0,44.0,2.0,45.0,1.0,44.0,1.0,45.0,1.0,42.0,0.0,28.0,0.0,25.0,1.0,20.0,0.0,21.0,1.0,18.0,1.0,17.0,2.0,20.0,2.0,17.0,2.0,16.0,3.0,16.0,3.0,17.0,4.0,16.0,4.0,17.0,5.0,17.0,5.0,17.0,7.0,17.0,6.0,16.0,7.0,17.0,8.0,17.0,8.0,18.0,8.0,20.0,9.0,17.0,9.0,19.0,9.0,18.0,10.0,16.0,10.0,17.0,10.0,16.0,11.0,18.0,11.0,18.0,11.0,19.0,11.0,17.0,11.0,19.0,10.0,20.0,12.0,21.0,11.0,22.0,12.0,23.0,12.0,25.0,12.0,24.0,13.0,26.0,12.0,27.0,13.0,28.0,13.0,30.0,12.0,30.0,12.0,34.0,11.0,33.0,11.0,31.0,11.0,34.0,11.0,36.0,9.0,35.0,10.0,35.0,8.0,34.0,9.0,34.0,10.0,33.0,8.0,34.0,9.0,34.0,8.0,32.0,7.0,32.0,8.0,34.0,7.0,33.0,8.0
1759560666.686138000,00:03:7f:25:14:25,00:03:7f:25:14:25,0a:f5:a5:94:4b:df,0a:f5:a5:94:4b:df,7,13,5,13,3,14,2,14,0,14,61,14,59,14,57,13,55,13,54,12,53,12,52,11,53,11,53,11,54,10,53,10,53,9,52,9,52,8,52,8,51,8,52,7,52,6,52,6,52,5,52,5,52,4,52,5,53,4,53,4,53,3,54,2,56,2,58,2,60,2,62,2,63,2,1,2,4,2,7,2,9,2,10,3,10,3,9,4,9,4,9,4,11,5,12,6,12,7,12,7,12,7,12,7,12,8,12,8,11,9,11,9,10,10,10,11,10,11,10,11,10,11,9,12,9,12,7,13,6,13,4,14,3,14,2,14,63,14,59,13,57,13,56,12,53,12,52,12,52,12,52,11,53,11,53,10,52,9,52,9,51,8,50,8,51,8,51,7,51,7,51,6,53,5,54,4,54,4,54,4,54,4,54,4,54,3,55,2,58,2,60,2,61,2,61,2,63,2,0,2,2,2,4,2,6,3,6,3,7,4,7,4,8,4,9,5,9.0,5.0,10.0,6.0,9.0,7.0,10.0,7.0,10.0,7.0,10.0,7.0,10.0,7.0,10.0,8.0,10.0,9.0,9.0,11.0,11.0,10.0,8.0,11.0,8.0,11.0,7.0,11.0,5.0,12.0,3.0,13.0,3.0,13.0,4.0,13.0,1.0,13.0,62.0,13.0,60.0,13.0,58.0,12.0,56.0,12.0,56.0,12.0,55.0,12.0,55.0,12.0,56.0,11.0,55.0,11.0,54.0,10.0,53.0,10.0,51.0,9.0,51.0,9.0,52.0,9.0,52.0,9.0,53.0,8.0,52.0,8.0,52.0,7.0,53.0,6.0,54.0,6.0,54.0,5.0,55.0,5.0,54.0,5.0,54.0,5.0,54.0,4.0,54.0,4.0,56.0,3.0,57.0,3.0,57.0,3.0,58.0,3.0,59.0,2.0,60.0,1.0,61.0,1.0,2.0,2.0,4.0,2.0,6.0,3.0,7.0,3.0,7.0,3.0,7.0,3.0,8.0,3.0,9.0,4.0,10.0,5.0,10.0,5.0,9.0,6.0,10.0,6.0,10.0,6.0,11.0,7.0,11.0,7.0,11.0,8.0,12.0,8.0,12.0,9.0,12.0,9.0,11.0,10.0,10.0,10.0,11.0,10.0,10.0,10.0,10.0,11.0,8.0,12.0,7.0,12.0,6.0,13.0,7.0,13.0,6.0,13.0,2.0,14.0,61.0,14.0,58.0,14.0,56.0,14.0,55.0,13.0,56.0,13.0,56.0,13.0,55.0,12.0,54.0,12.0,52.0,11.0,52.0,11.0,50.0,11.0,49.0,10.0,49.0,10.0,49.0,10.0,50.0,9.0,50.0,9.0,49.0,8.0,50.0,7.0,50.0,6.0,51.0,6.0,51.0,6.0,51.0,6.0,50.0,5.0,50.0,4.0,50.0,3.0,50.0,2.0,51.0,2.0,52.0,2.0,54.0,1.0,55.0,1.0,56.0,0.0,63.0,0.0,7.0,0.0,10.0,1.0,11.0,2.0,10.0,2.0,10.0,3.0,10.0,3.0,12.0,3.0,13.0,4.0,13.0,5.0,14.0,5.0,13.0,6.0,12.0,6.0
1759560667.158955000,00:03:7f:25:14:25,00:03:7f:25:14:25,3a:c8:97:94:99:7a,3a:c8:97:94:99:7a,16,12,15,12,16,12,15,13,15,13,13,14,18,14,9,15,29,15,49,15,53,15,51,14,49,14,50,13,51,13,49,12,49,12,49,11,49,11,48,11,48,10,49,9,49,9,48,9,49,9,49,8,47,8,48,8,49,8,48,8,48,7,48,7,46,8,47,8,47,7,46,7,47,8,48,7,45,8,45,8,47,7,46,7,46,6,46,7,46,6,46,6,47,5,47,4,46,4,47,4,46,3,47,2,46,1,45,1,44,0,50,0,15,0,15,1,15,1,14,2,15,2,15,3,17,3,17,4,17,5,16,5,17,5,16,7,15,6,17,7,16,8,17,8,16,9,16,10,16,10,16,10,17,11,17,12,18,12,17,13,17,13,18,14,20,15,22,15,29,15,36,14,41,14,44,14,45,13,44,13,44,12,45,11,45,11,45,10,44,10,45,9,44,9,42,8,45,7,44,6,45,6,44,6,43,5,44,4,42,3,42,3,44,3,41,1,38.0,1.0,36.0,0.0,28.0,0.0,21.0,1.0,20.0,1.0,21.0,2.0,17.0,2.0,19.0,3.0,18.0,3.0,17.0,5.0,18.0,6.0,17.0,6.0,17.0,7.0,16.0,7.0,16.0,8.0,15.0,8.0,16.0,8.0,17.0,9.0,16.0,10.0,15.0,10.0,15.0,11.0,16.0,11.0,14.0,11.0,15.0,12.0,15.0,12.0,14.0,13.0,15.0,13.0,16.0,14.0,12.0,14.0,12.0,14.0,9.0,14.0,9.0,15.0,53.0,15.0,57.0,15.0,59.0,14.0,48.0,14.0,52.0,14.0,48.0,14.0,49.0,13.0,51.0,12.0,48.0,12.0,48.0,11.0,47.0,11.0,48.0,11.0,48.0,10.0,46.0,10.0,46.0,10.0,44.0,9.0,47.0,8.0,46.0,8.0,45.0,8.0,45.0,7.0,46.0,7.0,46.0,6.0,45.0,5.0,46.0,5.0,48.0,5.0,46.0,4.0,44.0,5.0,47.0,3.0,45.0,3.0,43.0,2.0,44.0,2.0,44.0,2.0,44.0,1.0,46.0,1.0,47.0,0.0,32.0,0.0,28.0,1.0,18.0,0.0,22.0,0.0,16.0,0.0,17.0,2.0,20.0,1.0,16.0,2.0,16.0,3.0,16.0,3.0,16.0,3.0,15.0,4.0,16.0,4.0,17.0,5.0,15.0,6.0,16.0,6.0,15.0,7.0,15.0,7.0,16.0,7.0,17.0,8.0,19.0,8.0,16.0,9.0,18.0,9.0,17.0,10.0,14.0,9.0,16.0,10.0,15.0,11.0,17.0,11.0,17.0,11.0,17.0,11.0,16.0,11.0,18.0,10.0,18.0,12.0,21.0,11.0,22.0,11.0,20.0,12.0,22.0,11.0,21.0,13.0,23.0,12.0,25.0,12.0,27.0,13.0,28.0,12.0,29.0,12.0,33.0,12.0,31.0,11.0,29.0,11.0,33.0,11.0,35.0,9.0,35.0,10.0,35.0,8.0,34.0,9.0,34.0,10.0,32.0,8.0,33.0,10.0,34.0,8.0,32.0,8.0,31.0,8.0,34.0,8.0,33.0,9.0
1759560667.817568000,00:03:7f:25:14:25,00:03:7f:25:14:25,3a:c8:97:94:99:7a,3a:c8:97:94:99:7a,16,12,16,12,16,12,16,13,15,13,12,14,18,14,7,15,29,15,47,15,51,15,50,14,49,14,49,13,50,13,49,12,48,12,48,11,49,11,48,10,48,10,48,9,49,9,48,9,49,9,49,8,46,8,47,8,48,7,48,8,47,7,48,7,45,8,47,7,46,7,45,7,48,7,47,7,45,7,46,7,46,7,46,7,46,6,46,7,45,7,46,6,47,5,47,4,46,4,48,4,46,3,48,2,46,2,48,1,48,0,55,0,8,0,12,1,13,1,13,2,15,2,14,3,16,3,17,4,16,4,15,5,17,5,16,7,14,6,16,7,15,8,17,8,16,9,15,9,15,10,16,10,17,11,16,12,17,12,17,13,16,12,17,14,15,14,19,15,26,15,37,15,42,14,45,14,46,13,45,13,45,12,45,11,46,11,45,10,44,10,45,9,44,9,43,8,46,7,45,6,45,6,45,5,44,5,45,4,42,3,43,3,45,2,43,1,39.0,0.0,38.0,0.0,19.0,0.0,18.0,1.0,16.0,1.0,18.0,2.0,15.0,2.0,17.0,3.0,16.0,4.0,15.0,5.0,16.0,6.0,15.0,7.0,16.0,7.0,15.0,7.0,15.0,8.0,14.0,8.0,15.0,9.0,15.0,9.0,15.0,10.0,14.0,10.0,13.0,11.0,14.0,11.0,13.0,12.0,13.0,12.0,13.0,12.0,12.0,13.0,13.0,13.0,13.0,14.0,8.0,14.0,7.0,14.0,5.0,14.0,4.0,15.0,55.0,15.0,58.0,14.0,60.0,14.0,52.0,14.0,55.0,14.0,50.0,13.0,52.0,13.0,53.0,12.0,50.0,12.0,50.0,11.0,48.0,11.0,49.0,11.0,49.0,10.0,48.0,10.0,47.0,9.0,45.0,9.0,48.0,8.0,47.0,8.0,46.0,8.0,46.0,7.0,46.0,7.0,47.0,6.0,46.0,5.0,47.0,5.0,49.0,5.0,48.0,4.0,45.0,5.0,48.0,3.0,46.0,3.0,45.0,2.0,45.0,2.0,46.0,1.0,47.0,1.0,48.0,1.0,49.0,0.0,42.0,0.0,28.0,0.0,16.0,0.0,18.0,0.0,15.0,0.0,16.0,2.0,20.0,1.0,16.0,2.0,16.0,2.0,16.0,2.0,17.0,3.0,16.0,3.0,17.0,4.0,17.0,5.0,16.0,6.0,16.0,6.0,16.0,6.0,17.0,7.0,17.0,7.0,18.0,8.0,20.0,8.0,17.0,8.0,19.0,8.0,19.0,9.0,16.0,9.0,17.0,9.0,16.0,10.0,19.0,11.0,18.0,10.0,18.0,11.0,17.0,11.0,19.0,10.0,20.0,12.0,22.0,11.0,22.0,11.0,22.0,12.0,24.0,11.0,23.0,13.0,25.0,12.0,26.0,12.0,27.0,12.0,29.0,12.0,29.0,12.0,32.0,12.0,32.0,11.0,30.0,11.0,33.0,11.0,34.0,9.0,34.0,10.0,35.0,8.0,34.0,9.0,33.0,10.0,33.0,8.0,34.0,10.0,34.0,8.0,33.0,8.0,32.0,8.0,35.0,8.0,34.0,8.0
1759560668.069935000,00:03:7f:25:14:25,00:03:7f:25:14:25,0a:f5:a5:94:4b:df,0a:f5:a5:94:4b:df,6,13,3,14,2,14,0,14,62,14,59,14,58,13,56,13,54,12,54,12,53,11,53,11,53,11,53,11,54,10,54,10,53,9,52,8,52,8,52,8,52,8,52,7,52,6,52,6,52,5,52,5,52,4,53,4,53,4,54,4,54,3,55,2,57,2,59,2,61,2,62,2,0,2,1,2,4,2,7,2,9,3,10,3,10,3,9,4,9,4,9,5,11,6,12,6,12,7,11,7,11,7,12,8,12,8,12,8,11,9,11,10,10,10,10,11,10,11,10,11,10,12,9,12,8,12,6,13,5,13,4,14,2,14,1,14,62,14,59,13,57,13,55,12,53,12,52,12,52,11,52,11,52,11,53,10,52,9,52,9,51,8,50,8,51,7,51,7,51,6,51,6,52,5,53,4,54,4,54,4,54,4,54,3,55,3,56,2,58,2,60,2,61,2,62,2,63,2,1,2,3,2,5,2,7,3,7,3,7,4,8,4,9,4,10,5,9.0,6.0,10.0,6.0,10.0,7.0,10.0,7.0,10.0,8.0,11.0,8.0,10.0,8.0,10.0,9.0,11.0,9.0,9.0,11.0,11.0,11.0,8.0,11.0,8.0,11.0,6.0,12.0,4.0,12.0,2.0,13.0,2.0,13.0,2.0,13.0,0.0,13.0,61.0,13.0,59.0,13.0,57.0,12.0,56.0,12.0,55.0,12.0,56.0,12.0,55.0,11.0,55.0,11.0,55.0,10.0,54.0,10.0,53.0,9.0,51.0,9.0,51.0,9.0,52.0,9.0,52.0,8.0,53.0,8.0,52.0,7.0,52.0,7.0,53.0,6.0,54.0,5.0,55.0,5.0,56.0,5.0,55.0,5.0,55.0,4.0,55.0,4.0,55.0,4.0,57.0,3.0,57.0,3.0,58.0,3.0,59.0,3.0,61.0,2.0,62.0,2.0,63.0,2.0,2.0,2.0,4.0,3.0,5.0,3.0,7.0,3.0,7.0,3.0,7.0,4.0,8.0,4.0,9.0,4.0,10.0,5.0,9.0,6.0,9.0,6.0,10.0,6.0,10.0,7.0,10.0,7.0,10.0,7.0,10.0,8.0,11.0,8.0,12.0,9.0,12.0,9.0,11.0,10.0,10.0,10.0,10.0,10.0,10.0,10.0,9.0,11.0,7.0,12.0,6.0,12.0,6.0,13.0,7.0,13.0,5.0,13.0,1.0,14.0,61.0,14.0,58.0,13.0,57.0,13.0,56.0,13.0,56.0,13.0,56.0,13.0,56.0,12.0,54.0,12.0,53.0,11.0,52.0,11.0,51.0,11.0,50.0,10.0,50.0,10.0,50.0,10.0,50.0,9.0,50.0,8.0,49.0,8.0,50.0,7.0,50.0,6.0,51.0,6.0,51.0,6.0,51.0,6.0,50.0,5.0,50.0,4.0,50.0,3.0,51.0,2.0,51.0,2.0,53.0,2.0,54.0,1.0,56.0,1.0,58.0,0.0,0.0,0.0,6.0,1.0,10.0,1.0,11.0,2.0,11.0,2.0,11.0,3.0,11.0,3.0,12.0,4.0,13.0,4.0,14.0,5.0,14.0,5.0,13.0,6.0,12.0,6.0
1759560668.332435000,00:03:7f:25:14:25,00:03:7f:25:14:25,3a:c8:97:94:99:7a,3a:c8:97:94:99:7a,15,11,14,12,15,12,13,12,12,13,10,14,15,14,3,15,16,15,52,15,60,15,56,14,53,14,52,13,52,13,51,12,50,12,49,12,50,12,50,11,49,10,49,10,50,10,49,9,49,9,50,9,47,9,47,8,49,8,48,8,48,7,48,7,46,8,47,7,46,7,46,6,48,6,47,6,44,6,44,6,46,6,46,6,44,5,44,6,43,5,43,4,46,4,45,4,43,3,45,3,42,2,40,1,38,1,35,0,36,0,30,0,22,1,20,2,18,2,17,3,18,3,16,4,18,4,19,4,19,5,18,5,19,6,18,7,16,7,19,7,17,8,19,8,19,9,18,10,18,10,19,11,21,11,20,12,21,12,22,12,21,12,24,14,27,14,33,14,32,13,34,13,36,13,39,13,41,12,39,12,41,11,42,10,42,10,42,9,41,9,42,8,40,8,39,7,43,6,41,5,42,5,41,4,41,4,41,3,36,3,36,2,37,2,28,1,25.0,1.0,25.0,1.0,23.0,2.0,20.0,2.0,20.0,3.0,21.0,3.0,17.0,4.0,18.0,5.0,17.0,5.0,17.0,7.0,18.0,7.0,16.0,8.0,17.0,8.0,16.0,8.0,15.0,9.0,16.0,9.0,16.0,10.0,16.0,10.0,16.0,11.0,16.0,12.0,15.0,12.0,17.0,12.0,16.0,12.0,15.0,13.0,13.0,14.0,11.0,14.0,16.0,15.0,15.0,15.0,10.0,15.0,11.0,15.0,63.0,15.0,58.0,15.0,51.0,14.0,51.0,14.0,52.0,13.0,48.0,13.0,50.0,13.0,46.0,13.0,50.0,12.0,53.0,11.0,48.0,11.0,49.0,10.0,48.0,10.0,48.0,10.0,48.0,9.0,47.0,9.0,46.0,9.0,45.0,8.0,48.0,7.0,47.0,7.0,45.0,6.0,46.0,6.0,47.0,6.0,47.0,6.0,45.0,4.0,46.0,4.0,48.0,4.0,48.0,2.0,44.0,4.0,48.0,2.0,46.0,3.0,43.0,2.0,44.0,2.0,44.0,1.0,43.0,0.0,49.0,0.0,9.0,0.0,16.0,0.0,22.0,1.0,19.0,0.0,20.0,1.0,18.0,1.0,17.0,3.0,19.0,2.0,15.0,3.0,15.0,3.0,16.0,3.0,18.0,3.0,16.0,4.0,18.0,5.0,18.0,6.0,18.0,7.0,17.0,6.0,19.0,7.0,18.0,7.0,19.0,7.0,20.0,8.0,23.0,8.0,20.0,9.0,21.0,9.0,21.0,9.0,20.0,9.0,20.0,9.0,18.0,10.0,21.0,10.0,22.0,10.0,22.0,10.0,21.0,10.0,22.0,9.0,24.0,10.0,24.0,9.0,24.0,10.0,24.0,10.0,27.0,9.0,25.0,12.0,26.0,10.0,27.0,9.0,26.0,10.0,27.0,10.0,25.0,10.0,29.0,9.0,29.0,9.0,27.0,9.0,28.0,9.0,30.0,7.0,29.0,8.0,28.0,7.0,28.0,9.0,27.0,10.0,25.0,8.0,28.0,10.0,27.0,8.0,28.0,8.0,27.0,9.0,29.0,9.0,29.0,10.0
1759560668.953713000,00:03:7f:25:14:25,00:03:7f:25:14:25,3a:c8:97:94:99:7a,3a:c8:97:94:99:7a,14,12,13,12,13,13,12,13,11,14,8,14,10,15,61,15,63,15,53,14,55,14,54,13,52,13,52,13,53,12,51,12,51,12,50,11,51,11,50,10,50,10,50,9,50,9,50,9,50,9,50,8,48,8,48,8,49,8,48,8,48,7,48,7,46,8,47,7,46,7,45,7,47,7,46,7,43,7,43,7,45,7,45,7,43,6,44,7,43,7,44,6,45,5,45,4,43,4,45,4,43,3,44,2,42,2,40,1,39,1,37,0,26,0,19,1,19,1,17,2,18,2,17,3,19,3,19,4,19,4,18,5,19,5,18,7,16,6,19,7,17,8,20,8,18,9,18,9,18,10,19,10,21,10,20,11,21,11,22,12,21,12,25,13,26,13,30,13,31,13,34,13,36,13,39,12,40,12,39,11,40,10,41,10,42,10,41,9,41,9,41,8,41,7,39,7,42,6,41,5,41,5,41,4,41,4,40,3,36,3,37,2,39,2,32,1,29.0,1.0,27.0,1.0,23.0,1.0,20.0,2.0,19.0,2.0,20.0,2.0,18.0,3.0,19.0,4.0,18.0,4.0,17.0,6.0,18.0,6.0,16.0,7.0,16.0,7.0,15.0,8.0,15.0,8.0,15.0,9.0,15.0,9.0,16.0,9.0,15.0,10.0,15.0,11.0,14.0,11.0,16.0,11.0,14.0,12.0,14.0,12.0,13.0,13.0,13.0,13.0,15.0,13.0,14.0,13.0,11.0,14.0,11.0,14.0,9.0,14.0,10.0,15.0,54.0,15.0,58.0,15.0,61.0,14.0,51.0,14.0,54.0,14.0,49.0,14.0,52.0,13.0,53.0,13.0,49.0,12.0,49.0,11.0,48.0,12.0,49.0,11.0,48.0,11.0,48.0,10.0,47.0,10.0,46.0,9.0,48.0,9.0,48.0,9.0,46.0,8.0,47.0,8.0,47.0,7.0,48.0,7.0,47.0,5.0,47.0,6.0,50.0,6.0,49.0,5.0,46.0,6.0,49.0,4.0,47.0,5.0,46.0,4.0,48.0,4.0,50.0,3.0,49.0,3.0,50.0,3.0,53.0,2.0,49.0,2.0,47.0,2.0,56.0,1.0,51.0,1.0,52.0,2.0,52.0,0.0,48.0,0.0,63.0,1.0,62.0,0.0,52.0,0.0,10.0,0.0,7.0,0.0,18.0,1.0,17.0,1.0,14.0,1.0,13.0,2.0,18.0,2.0,16.0,3.0,16.0,3.0,17.0,3.0,22.0,3.0,17.0,4.0,19.0,4.0,19.0,5.0,16.0,4.0,18.0,4.0,16.0,6.0,18.0,6.0,18.0,5.0,18.0,6.0,16.0,6.0,18.0,6.0,19.0,7.0,20.0,6.0,20.0,7.0,19.0,7.0,20.0,6.0,19.0,9.0,20.0,8.0,20.0,8.0,19.0,9.0,20.0,9.0,19.0,9.0,20.0,9.0,22.0,9.0,21.0,9.0,20.0,10.0,23.0,9.0,23.0,10.0,23.0,10.0,23.0,10.0,23.0,11.0,22.0,11.0,24.0,12.0,25.0,11.0,26.0,11.0,26.0,11.0,28.0,11.0,29.0,12.0
1759560669.239529000,00:03:7f:25:14:25,00:03:7f:25:14:25,0a:f5:a5:94:4b:df,0a:f5:a5:94:4b:df,8,13,6,13,5,14,4,14,2,14,63,14,60,14,57,13,55,13,54,12,53,12,53,12,53,12,53,11,54,11,54,10,53,10,52,9,52,9,51,8,51,8,51,8,51,7,52,6,52,5,52,5,52,5,52,5,52,5,53,4,53,3,53,3,55,2,56,2,58,2,60,2,61,2,63,1,2,1,6,1,8,2,9,2,9,3,9,3,9,4,9,4,12,5,12,5,12,6,12,7,12,7,13,7,13,7,12,8,12,8,12,9,11,10,11,10,11,11,11,11,11,11,11,12,10,12,9,13,9,13,7,14,6,14,5,14,1,14,60,14,57,13,55,13,53,12,51,12,51,12,51,12,52,11,52,11,52,10,51,9,50,9,49,8,50,8,50,7,50,7,50,6,51,5,52,5,52,4,52,4,52,4,52,3,53,3,53,2,55,2,58,2,59,2,60,2,62,2,0,2,3,1,5,2,7,2,8,3,9,3,9,4,10,4,11,4,10.0,5.0,11.0,6.0,10.0,6.0,11.0,7.0,11.0,7.0,11.0,7.0,11.0,7.0,11.0,8.0,11.0,9.0,10.0,11.0,12.0,11.0,10.0,11.0,9.0,11.0,8.0,12.0,6.0,12.0,5.0,13.0,4.0,13.0,4.0,14.0,1.0,14.0,62.0,13.0,59.0,13.0,56.0,13.0,55.0,13.0,54.0,12.0,54.0,12.0,54.0,12.0,55.0,11.0,54.0,11.0,53.0,10.0,52.0,10.0,51.0,9.0,50.0,9.0,51.0,9.0,51.0,9.0,52.0,8.0,51.0,8.0,51.0,7.0,52.0,6.0,53.0,6.0,54.0,5.0,54.0,5.0,54.0,5.0,53.0,4.0,53.0,4.0,54.0,3.0,55.0,3.0,56.0,3.0,57.0,2.0,58.0,2.0,60.0,2.0,61.0,1.0,63.0,1.0,3.0,2.0,5.0,2.0,7.0,3.0,8.0,3.0,8.0,3.0,8.0,3.0,9.0,4.0,10.0,4.0,11.0,5.0,11.0,5.0,10.0,6.0,11.0,6.0,11.0,6.0,11.0,7.0,11.0,7.0,11.0,8.0,12.0,8.0,13.0,9.0,13.0,9.0,12.0,10.0,11.0,10.0,11.0,10.0,11.0,11.0,10.0,11.0,9.0,12.0,7.0,13.0,7.0,13.0,8.0,13.0,6.0,14.0,2.0,14.0,61.0,14.0,58.0,14.0,56.0,14.0,54.0,14.0,55.0,13.0,55.0,13.0,55.0,12.0,53.0,12.0,52.0,11.0,51.0,11.0,50.0,11.0,49.0,10.0,49.0,10.0,49.0,10.0,49.0,9.0,49.0,9.0,49.0,8.0,50.0,7.0,50.0,6.0,50.0,6.0,51.0,6.0,50.0,5.0,50.0,5.0,49.0,4.0,49.0,3.0,49.0,2.0,50.0,2.0,51.0,2.0,53.0,1.0,53.0,1.0,54.0,0.0,1.0,0.0,9.0,0.0,11.0,1.0,12.0,2.0,12.0,2.0,12.0,2.0,12.0,3.0,13.0,3.0,14.0,4.0,14.0,5.0,15.0,5.0,14.0,6.0,13.0,6.0
1759560669.353592000,00:03:7f:25:14:25,00:03:7f:25:14:25,3a:c8:97:94:99:7a,3a:c8:97:94:99:7a,13,10,12,11,13,10,13,11,11,12,11,13,13,13,8,14,11,14,4,15,5,14,0,14,61,15,55,14,56,14,54,13,52,13,52,13,52,12,50,12,51,11,51,11,51,11,50,10,51,10,51,9,49,9,49,8,51,8,51,9,51,7,52,6,49,7,52,6,54,4,51,4,55,5,58,4,59,4,60,4,3,5,1,7,1,6,2,9,63,9,0,9,63,9,63,9,61,8,62,7,60,6,63,5,62,4,63,4,1,3,2,3,5,3,6,3,7,3,10,3,13,3,12,4,15,4,16,5,16,5,16,5,18,6,17,7,16,6,18,7,17,8,19,8,18,9,18,9,19,10,20,10,21,10,21,11,22,11,23,11,22,11,24,12,24,12,26,12,27,12,29,12,31,12,33,12,34,12,34,12,35,11,37,11,38,12,37,11,38,11,38,10,38,10,37,10,39,9,39,9,39,9,39,8,38,8,39,7,38,6,38,6,41,6,38,5,39.0,5.0,37.0,5.0,38.0,4.0,37.0,4.0,35.0,3.0,37.0,3.0,35.0,2.0,33.0,3.0,32.0,2.0,25.0,3.0,25.0,3.0,23.0,3.0,24.0,4.0,22.0,5.0,22.0,5.0,20.0,5.0,21.0,5.0,21.0,6.0,20.0,6.0,20.0,7.0,18.0,8.0,20.0,8.0,18.0,8.0,18.0,9.0,18.0,9.0,18.0,10.0,18.0,10.0,19.0,10.0,16.0,11.0,15.0,11.0,16.0,11.0,14.0,12.0,16.0,13.0,14.0,13.0,11.0,12.0,8.0,14.0,10.0,13.0,5.0,14.0,6.0,14.0,5.0,13.0,0.0,14.0,62.0,14.0,60.0,14.0,59.0,13.0,58.0,13.0,55.0,13.0,54.0,13.0,51.0,12.0,55.0,12.0,54.0,12.0,52.0,12.0,52.0,11.0,52.0,11.0,52.0,11.0,51.0,9.0,51.0,10.0,54.0,10.0,52.0,9.0,50.0,10.0,53.0,9.0,50.0,9.0,50.0,9.0,50.0,9.0,51.0,8.0,50.0,8.0,51.0,8.0,52.0,7.0,50.0,7.0,49.0,7.0,54.0,6.0,51.0,6.0,51.0,7.0,48.0,6.0,49.0,6.0,52.0,5.0,50.0,5.0,47.0,5.0,49.0,4.0,48.0,4.0,47.0,3.0,48.0,3.0,48.0,3.0,50.0,2.0,45.0,2.0,46.0,1.0,46.0,1.0,44.0,1.0,43.0,1.0,36.0,0.0,32.0,1.0,29.0,1.0,28.0,1.0,24.0,2.0,20.0,2.0,22.0,2.0,22.0,3.0,22.0,3.0,19.0,3.0,21.0,4.0,20.0,4.0,22.0,5.0,21.0,5.0,20.0,6.0,20.0,5.0,19.0,7.0,20.0,7.0,20.0,7.0,18.0,8.0,19.0,8.0,18.0,9.0,19.0,8.0,20.0,9.0,19.0,9.0,19.0,9.0,21.0,9.0,21.0,10.0,21.0,10.0,22.0,10.0,22.0,11.0,22.0,11.0,22.0,12.0,25.0,11.0,25.0,11.0,25.0,11.0,27.0,11.0,27.0,12.0
1759560669.603635000,00:03:7f:25:14:25,00:03:7f:25:14:25,0a:f5:a5:94:4b:df,0a:f5:a5:94:4b:df,7,13,4,14,2,14,0,14,63,14,59,14,58,14,55,13,54,12,54,12,53,11,52,11,53,11,53,11,53,10,53,10,52,9,52,8,52,8,51,8,51,8,51,7,51,6,52,6,52,5,52,5,52,4,52,4,53,4,53,4,53,3,55,2,57,2,59,2,61,2,63,2,1,2,2,2,5,2,8,2,10,3,10,3,10,3,9,4,9,4,9,5,11,6,12,6,12,7,12,7,12,7,12,8,12,8,12,8,11,9,11,10,10,10,10,11,10,11,10,11,10,11,9,12,8,12,7,13,6,13,4,14,2,14,1,14,63,14,59,13,57,13,56,12,54,12,52,12,52,12,52,11,53,11,53,10,52,9,52,9,51,8,50,8,51,8,51,7,51,7,51,6,52,5,53,5,54,5,54,4,54,4,54,4,54,3,55,2,58,2,59,2,60,2,61,2,62,2,1,2,3,2,4,2,6,2,7,3,7,4,8,4,8,4,10,5,9.0,5.0,10.0,6.0,10.0,7.0,10.0,7.0,11.0,7.0,11.0,7.0,10.0,7.0,10.0,8.0,11.0,9.0,9.0,11.0,11.0,10.0,9.0,11.0,9.0,11.0,7.0,12.0,5.0,12.0,3.0,13.0,3.0,13.0,3.0,13.0,1.0,13.0,62.0,13.0,59.0,13.0,57.0,13.0,56.0,12.0,56.0,12.0,55.0,12.0,55.0,12.0,55.0,11.0,55.0,11.0,54.0,10.0,52.0,9.0,51.0,9.0,51.0,9.0,52.0,9.0,52.0,9.0,53.0,8.0,52.0,8.0,51.0,7.0,52.0,6.0,53.0,6.0,54.0,5.0,55.0,5.0,54.0,5.0,54.0,5.0,54.0,4.0,54.0,4.0,56.0,3.0,56.0,3.0,57.0,3.0,58.0,3.0,59.0,2.0,60.0,1.0,61.0,1.0,1.0,2.0,4.0,2.0,6.0,3.0,7.0,3.0,7.0,3.0,8.0,3.0,9.0,3.0,9.0,4.0,11.0,5.0,10.0,5.0,10.0,6.0,11.0,6.0,11.0,6.0,11.0,6.0,11.0,7.0,11.0,8.0,12.0,8.0,13.0,9.0,13.0,9.0,12.0,10.0,11.0,10.0,11.0,10.0,11.0,10.0,10.0,11.0,8.0,12.0,7.0,13.0,8.0,13.0,9.0,13.0,7.0,14.0,2.0,14.0,61.0,14.0,58.0,14.0,56.0,14.0,54.0,14.0,54.0,13.0,55.0,13.0,54.0,12.0,53.0,12.0,51.0,11.0,50.0,11.0,49.0,10.0,48.0,10.0,48.0,10.0,49.0,10.0,49.0,9.0,49.0,8.0,49.0,8.0,49.0,7.0,49.0,6.0,50.0,6.0,50.0,6.0,50.0,5.0,49.0,5.0,49.0,4.0,49.0,3.0,49.0,2.0,50.0,2.0,52.0,1.0,54.0,1.0,56.0,0.0,60.0,0.0,7.0,0.0,10.0,1.0,12.0,1.0,12.0,2.0,12.0,2.0,12.0,3.0,12.0,3.0,13.0,4.0,13.0,4.0,14.0,5.0,14.0,5.0,14.0,6.0,13.0,6.0
1759560669.757662000,00:03:7f:25:14:25,00:03:7f:25:14:25,0a:f5:a5:94:4b:df,0a:f5:a5:94:4b:df,8,13,5,14,2,14,0,15,61,15,57,14,55,14,54,13,52,13,52,12,52,12,51,11,51,11,52,11,52,10,52,10,52,9,51,8,51,8,51,7,51,7,51,7,51,6,51,5,51,5,51,4,51,4,52,4,52,4,53,3,53,2,54,2,56,1,60,1,62,1,0,1,2,1,4,1,7,2,9,2,11,3,11,3,11,3,10,4,10,4,10,5,12,6,13,6,13,7,13,7,13,8,13,8,13,8,13,9,12,9,12,10,11,11,11,11,11,12,11,12,10,12,10,12,8,13,6,14,4,14,2,14,0,14,62,14,59,14,56,13,55,12,54,12,52,12,51,11,51,11,51,11,51,10,52,10,51,9,51,8,50,8,50,8,50,7,50,7,51,6,51,5,52,5,53,4,54,4,54,4,54,3,54,3,54,2,56,2,59,2,62,2,63,2,63,2,1,2,3,2,5,2,6,2,8,3,8,3,8,4,9,4,10,4,11,5,10.0,6.0,10.0,6.0,10.0,7.0,10.0,8.0,11.0,8.0,11.0,8.0,10.0,8.0,10.0,9.0,11.0,9.0,9.0,11.0,11.0,11.0,8.0,11.0,8.0,12.0,6.0,12.0,4.0,13.0,2.0,13.0,1.0,13.0,1.0,13.0,63.0,13.0,60.0,13.0,58.0,13.0,56.0,12.0,55.0,12.0,55.0,12.0,55.0,12.0,55.0,11.0,55.0,11.0,54.0,10.0,53.0,10.0,52.0,9.0,51.0,9.0,51.0,9.0,52.0,9.0,52.0,8.0,52.0,8.0,52.0,7.0,51.0,7.0,52.0,6.0,53.0,5.0,54.0,5.0,55.0,5.0,55.0,5.0,54.0,4.0,54.0,4.0,55.0,3.0,57.0,3.0,58.0,3.0,58.0,3.0,59.0,2.0,61.0,2.0,62.0,2.0,63.0,2.0,3.0,2.0,5.0,3.0,6.0,3.0,8.0,3.0,7.0,3.0,8.0,3.0,9.0,4.0,9.0,4.0,10.0,5.0,10.0,6.0,10.0,6.0,10.0,6.0,11.0,7.0,11.0,7.0,11.0,7.0,11.0,8.0,12.0,9.0,13.0,9.0,13.0,9.0,11.0,10.0,10.0,10.0,11.0,11.0,11.0,11.0,10.0,11.0,8.0,12.0,7.0,13.0,6.0,13.0,7.0,13.0,5.0,14.0,0.0,14.0,59.0,14.0,56.0,14.0,54.0,14.0,53.0,13.0,54.0,13.0,54.0,13.0,54.0,12.0,52.0,12.0,51.0,11.0,50.0,10.0,50.0,10.0,49.0,10.0,49.0,10.0,49.0,9.0,49.0,8.0,49.0,8.0,49.0,7.0,50.0,6.0,49.0,6.0,50.0,5.0,50.0,5.0,50.0,5.0,50.0,4.0,49.0,3.0,49.0,3.0,50.0,2.0,52.0,1.0,54.0,1.0,56.0,1.0,60.0,0.0,2.0,0.0,8.0,0.0,10.0,1.0,12.0,2.0,12.0,2.0,12.0,3.0,11.0,3.0,11.0,4.0,12.0,4.0,13.0,5.0,14.0,5.0,14.0,6.0,14.0,6.0,13.0,7.0
1759560669.912076000,00:03:7f:25:14:25,00:03:7f:25:14:25,3a:c8:97:94:99:7a,3a:c8:97:94:99:7a,22,9,23,10,23,10,23,10,24,11,23,12,26,11,29,12,29,11,29,11,29,12,32,11,31,12,34,11,35,11,34,11,36,11,34,11,35,10,36,10,36,10,36,10,36,9,36,9,37,9,37,9,34,9,36,8,36,8,34,8,34,8,34,8,33,8,33,7,32,8,32,8,33,8,32,8,31,8,30,8,31,9,31,9,31,9,30,10,30,10,29,10,29,11,28,9,26,9,26,7,22,3,21,3,20,4,20,4,20,4,20,4,20,5,19,5,19,5,20,6,21,5,20,6,22,6,23,7,22,7,22,7,24,7,22,9,21,8,24,8,22,9,24,9,24,10,23,10,24,11,25,11,26,11,26,11,27,11,28,12,27,12,30,12,30,12,33,12,33,12,34,12,36,12,38,12,38,11,38,11,39,11,40,10,41,10,40,10,39,9,40,9,40,9,39,9,41,8,40,7,41,7,41,7,40,7,40,6,39,5,38,5,41,5,39,4,39.0,4.0,37.0,3.0,37.0,3.0,36.0,3.0,34.0,3.0,35.0,3.0,33.0,2.0,30.0,3.0,30.0,2.0,24.0,3.0,27.0,4.0,24.0,4.0,23.0,5.0,22.0,5.0,22.0,5.0,21.0,6.0,23.0,6.0,22.0,7.0,21.0,7.0,22.0,8.0,20.0,8.0,21.0,9.0,21.0,9.0,20.0,9.0,21.0,10.0,22.0,11.0,22.0,11.0,22.0,11.0,20.0,12.0,20.0,12.0,21.0,12.0,18.0,13.0,23.0,14.0,21.0,14.0,14.0,14.0,24.0,15.0,14.0,15.0,49.0,15.0,55.0,15.0,56.0,14.0,50.0,14.0,50.0,14.0,48.0,14.0,51.0,13.0,50.0,13.0,48.0,13.0,48.0,12.0,46.0,12.0,49.0,12.0,48.0,12.0,45.0,11.0,46.0,11.0,47.0,11.0,47.0,11.0,47.0,9.0,46.0,9.0,49.0,9.0,47.0,9.0,44.0,9.0,47.0,8.0,45.0,8.0,44.0,8.0,45.0,8.0,46.0,7.0,45.0,6.0,46.0,6.0,48.0,5.0,45.0,5.0,43.0,5.0,49.0,4.0,46.0,5.0,47.0,5.0,43.0,4.0,46.0,4.0,48.0,3.0,46.0,3.0,43.0,4.0,45.0,3.0,43.0,3.0,41.0,3.0,41.0,2.0,42.0,2.0,42.0,1.0,37.0,2.0,35.0,1.0,35.0,2.0,34.0,2.0,35.0,2.0,29.0,2.0,28.0,2.0,27.0,3.0,26.0,2.0,25.0,3.0,21.0,4.0,23.0,4.0,23.0,4.0,22.0,5.0,19.0,5.0,20.0,5.0,20.0,5.0,21.0,6.0,21.0,6.0,20.0,6.0,20.0,6.0,19.0,8.0,19.0,8.0,19.0,7.0,17.0,8.0,17.0,8.0,16.0,9.0,18.0,8.0,19.0,9.0,19.0,9.0,18.0,9.0,20.0,9.0,20.0,10.0,20.0,10.0,20.0,10.0,21.0,10.0,20.0,11.0,21.0,11.0,23.0,11.0,23.0,10.0,24.0,11.0,26.0,11.0,26.0,12.0
1759560670.487606000,00:03:7f:25:14:25,00:03:7f:25:14:25,3a:c8:97:94:99:7a,3a:c8:97:94:99:7a,43,12,41,11,40,11,36,12,41,12,44,13,40,11,42,11,39,11,40,11,40,12,43,11,40,12,43,11,45,11,44,10,45,11,46,11,44,9,45,10,46,8,45,8,47,8,46,7,47,7,47,6,44,6,45,6,47,5,45,5,44,4,44,3,41,3,41,3,39,2,37,2,37,2,32,2,28,2,27,3,27,3,27,4,26,5,25,6,25,7,25,7,27,8,29,8,28,9,31,9,30,9,33,9,33,9,34,9,34,9,35,8,35,8,34,8,35,7,36,7,37,6,36,6,36,5,36,5,36,5,34,4,35,4,34,5,31,3,32,4,28,4,28,4,26,4,25,4,24,5,24,5,23,5,23,6,23,6,22,7,21,7,20,8,20,9,20,9,21,10,21,10,21,11,22,11,23,11,21,12,23,12,25,13,27,14,28,13,30,13,32,14,34,14,37,14,39,13,41,13,41,12,42,12,41,12,42,11,43,10,43,10,46,9,44,9,46.0,8.0,44.0,8.0,46.0,7.0,46.0,6.0,45.0,6.0,48.0,6.0,47.0,5.0,45.0,5.0,48.0,4.0,45.0,2.0,49.0,2.0,47.0,1.0,43.0,1.0,46.0,0.0,39.0,0.0,31.0,0.0,29.0,0.0,22.0,0.0,15.0,1.0,16.0,1.0,12.0,3.0,15.0,3.0,13.0,3.0,12.0,4.0,12.0,5.0,14.0,5.0,13.0,6.0,12.0,6.0,10.0,6.0,10.0,7.0,10.0,6.0,8.0,9.0,9.0,8.0,8.0,8.0,7.0,8.0,6.0,9.0,8.0,8.0,5.0,9.0,7.0,9.0,8.0,8.0,5.0,10.0,7.0,9.0,6.0,10.0,4.0,10.0,3.0,10.0,4.0,11.0,3.0,11.0,62.0,11.0,2.0,11.0,0.0,11.0,63.0,12.0,61.0,11.0,60.0,11.0,60.0,12.0,58.0,10.0,58.0,10.0,60.0,10.0,58.0,10.0,54.0,11.0,57.0,10.0,55.0,10.0,55.0,10.0,55.0,9.0,57.0,8.0,55.0,8.0,56.0,8.0,58.0,7.0,56.0,8.0,55.0,7.0,60.0,7.0,57.0,7.0,57.0,7.0,55.0,7.0,56.0,6.0,58.0,6.0,57.0,6.0,54.0,6.0,56.0,5.0,55.0,5.0,55.0,4.0,56.0,3.0,56.0,4.0,58.0,4.0,55.0,3.0,61.0,2.0,61.0,2.0,63.0,2.0,7.0,1.0,8.0,2.0,10.0,2.0,11.0,3.0,7.0,3.0,11.0,3.0,9.0,5.0,11.0,5.0,11.0,5.0,11.0,6.0,10.0,6.0,11.0,6.0,11.0,7.0,13.0,7.0,13.0,7.0,11.0,8.0,13.0,8.0,12.0,9.0,13.0,9.0,12.0,9.0,11.0,10.0,12.0,10.0,12.0,11.0,14.0,11.0,14.0,11.0,15.0,12.0,14.0,12.0,17.0,12.0,19.0,13.0,20.0,14.0,21.0,14.0,22.0,14.0,28.0,14.0,34.0,14.0,35.0,13.0,34.0,13.0,36.0,12.0,39.0,12.0,39.0,11.0
1759560670.904752000,00:03:7f:25:14:25,00:03:7f:25:14:25,3a:c8:97:94:99:7a,3a:c8:97:94:99:7a,58,5,58,5,60,4,61,4,63,4,63,4,2,4,2,4,5,5,5,5,6,6,8,6,7,6,9,7,8,7,8,8,9,9,6,9,7,10,5,11,3,11,1,12,0,11,62,11,61,11,60,11,57,11,57,10,59,10,56,9,56,9,57,8,55,8,56,8,56,7,55,7,57,6,57,6,56,5,56,5,60,4,59,4,59,3,61,4,60,3,62,3,2,3,5,3,5,4,7,4,7,4,10,4,10,5,10,5,10,6,10,6,11,8,10,8,10,8,11,9,12,9,11,10,12,11,12,11,11,12,10,13,10,13,8,13,5,14,1,14,60,14,56,14,53,13,52,13,51,12,52,12,51,11,49,11,51,10,50,9,49,9,49,8,49,7,50,7,48,6,50,6,50,5,51,4,52,4,51,4,53,3,52,2,54,2,53,2,59,1,61,1,0,1,62,1,3,2,6,2,6,2,7,2,8,2,10,4,9,3,10,4,13,4,11,5,12.0,6.0,10.0,6.0,12.0,8.0,12.0,8.0,11.0,8.0,12.0,9.0,11.0,9.0,11.0,10.0,11.0,10.0,7.0,11.0,9.0,13.0,5.0,13.0,3.0,13.0,0.0,13.0,61.0,13.0,61.0,13.0,60.0,13.0,59.0,13.0,57.0,12.0,56.0,11.0,57.0,11.0,53.0,11.0,56.0,10.0,56.0,10.0,56.0,10.0,56.0,10.0,55.0,9.0,56.0,10.0,55.0,9.0,54.0,9.0,54.0,8.0,54.0,10.0,54.0,8.0,55.0,8.0,56.0,7.0,53.0,8.0,57.0,6.0,54.0,7.0,56.0,5.0,59.0,4.0,57.0,5.0,60.0,4.0,58.0,3.0,61.0,3.0,61.0,3.0,4.0,4.0,6.0,4.0,3.0,5.0,7.0,5.0,8.0,6.0,9.0,6.0,7.0,7.0,8.0,7.0,9.0,8.0,7.0,8.0,8.0,9.0,10.0,9.0,8.0,9.0,5.0,11.0,9.0,10.0,8.0,11.0,6.0,11.0,6.0,11.0,7.0,12.0,4.0,12.0,3.0,12.0,3.0,12.0,2.0,12.0,0.0,13.0,2.0,12.0,0.0,13.0,63.0,12.0,59.0,13.0,60.0,12.0,60.0,12.0,58.0,12.0,55.0,12.0,55.0,11.0,54.0,11.0,54.0,11.0,53.0,10.0,52.0,10.0,53.0,10.0,50.0,9.0,53.0,8.0,53.0,8.0,52.0,8.0,54.0,7.0,54.0,6.0,53.0,6.0,53.0,6.0,53.0,6.0,53.0,5.0,53.0,5.0,53.0,5.0,55.0,4.0,55.0,3.0,56.0,3.0,58.0,3.0,58.0,3.0,61.0,2.0,63.0,2.0,61.0,3.0,1.0,3.0,1.0,3.0,4.0,3.0,4.0,3.0,4.0,4.0,5.0,4.0,5.0,4.0,7.0,4.0,9.0,4.0,8.0,5.0,7.0,5.0,9.0,5.0,9.0,6.0,8.0,6.0,10.0,7.0,10.0,7.0,9.0,8.0,8.0,9.0,11.0,9.0,11.0,9.0,9.0,10.0,10.0,10.0,9.0,11.0
1759560671.162700000,00:03:7f:25:14:25,00:03:7f:25:14:25,0a:f5:a5:94:4b:df,0a:f5:a5:94:4b:df,15,12,15,13,16,14,16,14,17,14,17,15,15,15,52,15,50,14,50,14,48,13,48,13,48,13,48,12,49,12,50,11,49,10,48,10,48,9,48,9,48,8,48,8,48,7,48,6,48,6,48,5,48,5,48,5,48,5,48,4,47,3,47,2,47,2,48,1,52,1,55,0,58,0,0,0,14,0,16,1,16,2,15,2,14,3,13,3,13,3,13,4,15,5,15,6,15,6,15,7,15,7,15,7,15,8,15,8,14,9,14,10,14,10,13,11,14,11,13,11,13,12,13,12,12,13,11,14,11,14,8,15,6,15,2,15,60,15,55,14,53,13,52,13,50,12,49,12,49,12,50,11,50,11,50,10,50,9,50,9,49,8,49,8,49,7,49,7,49,6,50,6,51,5,52,4,52,4,53,4,52,4,53,3,53,3,54,2,57,1,60,1,61,2,62,2,0,2,2,2,4,2,6,2,7,2,8,3,8,4,9,4,9,4,10,5,10.0,5.0,10.0,6.0,10.0,7.0,10.0,7.0,11.0,7.0,11.0,7.0,10.0,7.0,10.0,8.0,11.0,9.0,10.0,11.0,12.0,10.0,9.0,11.0,9.0,11.0,8.0,12.0,6.0,12.0,5.0,13.0,5.0,13.0,6.0,13.0,3.0,13.0,0.0,13.0,61.0,13.0,58.0,13.0,55.0,13.0,55.0,13.0,55.0,13.0,54.0,12.0,54.0,12.0,54.0,11.0,53.0,10.0,51.0,10.0,50.0,10.0,50.0,10.0,50.0,9.0,51.0,9.0,51.0,8.0,50.0,8.0,50.0,7.0,51.0,6.0,52.0,6.0,53.0,5.0,53.0,5.0,53.0,5.0,52.0,5.0,52.0,4.0,52.0,4.0,54.0,3.0,54.0,2.0,55.0,2.0,57.0,2.0,58.0,1.0,59.0,1.0,62.0,1.0,4.0,1.0,6.0,2.0,8.0,3.0,9.0,3.0,9.0,3.0,10.0,3.0,11.0,4.0,11.0,4.0,12.0,5.0,11.0,5.0,11.0,6.0,11.0,6.0,12.0,7.0,12.0,7.0,11.0,7.0,12.0,8.0,12.0,9.0,13.0,9.0,13.0,10.0,12.0,10.0,11.0,10.0,12.0,10.0,11.0,11.0,10.0,11.0,9.0,12.0,8.0,13.0,8.0,13.0,8.0,13.0,6.0,14.0,2.0,14.0,60.0,14.0,58.0,14.0,55.0,14.0,54.0,13.0,54.0,13.0,55.0,13.0,55.0,12.0,53.0,12.0,52.0,11.0,51.0,11.0,50.0,11.0,49.0,10.0,49.0,10.0,49.0,10.0,50.0,9.0,49.0,8.0,49.0,8.0,50.0,7.0,50.0,6.0,51.0,6.0,51.0,6.0,50.0,6.0,50.0,5.0,50.0,4.0,50.0,4.0,50.0,3.0,50.0,2.0,51.0,2.0,53.0,1.0,53.0,1.0,53.0,0.0,57.0,0.0,5.0,0.0,10.0,1.0,11.0,1.0,11.0,2.0,11.0,2.0,11.0,3.0,12.0,3.0,13.0,4.0,14.0,4.0,14.0,5.0,14.0,5.0,13.0,6.0
1759560671.515186000,00:03:7f:25:14:25,00:03:7f:25:14:25,3a:c8:97:94:99:7a,3a:c8:97:94:99:7a,56,11,54,11,55,10,54,10,54,9,54,9,54,9,54,8,55,8,54,7,55,7,56,6,55,6,56,5,58,5,57,5,59,5,58,5,60,4,61,4,62,4,0,4,0,4,1,4,2,5,3,4,1,5,2,5,4,5,3,6,4,6,5,6,4,7,4,7,4,7,3,7,4,8,4,8,3,8,2,8,4,8,2,8,2,8,2,9,0,9,0,9,0,9,1,8,63,9,0,8,62,8,1,8,63,8,63,8,0,8,0,7,0,8,63,8,63,8,63,8,1,8,0,8,1,8,1,8,1,8,0,8,2,8,1,9,63,9,0,9,63,9,0,9,62,10,62,10,61,9,62,9,61,9,60,9,61,9,59,9,58,8,58,8,57,8,58,7,57,7,58,7,57,7,59,6,59,6,58,6,58,6,60,5,59,5,59,5,61,5,61,5,61,4,59,4,63,4,0,4,0,4,1,4,1,4,3,5,3,4,3,5,6,5,5,6,6.0,6.0,4.0,6.0,7.0,7.0,6.0,8.0,6.0,8.0,7.0,7.0,5.0,8.0,6.0,8.0,6.0,9.0,5.0,10.0,6.0,10.0,3.0,10.0,4.0,10.0,2.0,11.0,1.0,11.0,63.0,11.0,63.0,11.0,63.0,11.0,61.0,11.0,60.0,10.0,60.0,11.0,58.0,10.0,59.0,10.0,59.0,10.0,59.0,9.0,59.0,9.0,59.0,8.0,59.0,9.0,58.0,8.0,57.0,8.0,57.0,7.0,57.0,8.0,58.0,7.0,59.0,7.0,59.0,7.0,58.0,7.0,61.0,6.0,58.0,6.0,61.0,6.0,63.0,5.0,61.0,6.0,63.0,6.0,63.0,5.0,63.0,5.0,62.0,5.0,0.0,6.0,0.0,5.0,62.0,6.0,1.0,6.0,1.0,6.0,2.0,6.0,1.0,6.0,1.0,6.0,3.0,7.0,2.0,6.0,2.0,7.0,5.0,7.0,3.0,7.0,1.0,8.0,5.0,8.0,2.0,8.0,2.0,9.0,2.0,9.0,3.0,9.0,1.0,9.0,1.0,9.0,2.0,9.0,0.0,9.0,63.0,9.0,2.0,9.0,0.0,9.0,63.0,9.0,61.0,9.0,62.0,9.0,63.0,8.0,62.0,8.0,60.0,8.0,61.0,8.0,60.0,8.0,61.0,8.0,62.0,8.0,60.0,8.0,62.0,8.0,59.0,8.0,62.0,8.0,62.0,8.0,62.0,8.0,63.0,7.0,63.0,7.0,62.0,8.0,62.0,8.0,60.0,7.0,61.0,7.0,60.0,9.0,59.0,8.0,60.0,8.0,60.0,7.0,59.0,7.0,61.0,7.0,59.0,7.0,61.0,6.0,61.0,6.0,60.0,7.0,62.0,6.0,61.0,6.0,62.0,5.0,62.0,5.0,61.0,6.0,62.0,5.0,61.0,5.0,0.0,5.0,1.0,4.0,1.0,5.0,0.0,5.0,2.0,5.0,2.0,5.0,2.0,5.0,4.0,6.0,4.0,6.0,4.0,6.0,3.0,6.0,6.0,6.0,6.0,6.0,6.0,7.0,7.0,7.0,6.0,8.0
1759560671.794092000,00:03:7f:25:14:25,00:03:7f:25:14:25,0a:f5:a5:94:4b:df,0a:f5:a5:94:4b:df,7,13,5,13,3,14,2,14,0,14,61,14,58,14,56,13,55,13,55,12,54,12,53,11,53,11,53,11,54,10,54,10,53,9,52,9,52,8,52,8,52,8,52,7,52,6,52,6,52,5,52,5,52,4,52,4,53,4,54,4,54,3,55,2,57,2,59,2,61,2,63,2,1,2,3,2,5,2,7,2,9,3,10,3,10,4,9,4,9,4,9,5,11,6,12,6,11,7,11,7,11,8,12,8,12,8,11,9,10,9,10,10,10,10,9,11,9,12,9,12,9,12,8,12,7,12,5,13,4,13,2,13,0,14,63,14,61,13,58,13,56,12,56,12,54,11,53,11,53,11,53,11,53,10,53,10,53,9,52,8,52,8,51,7,52,7,52,6,52,6,53,5,54,5,55,4,56,4,56,4,56,4,56,3,57,3,59,3,61,3,62,3,62,3,63,3,0,3,2,3,3,3,3,3,4,3,5,4,5,4,6,5,7,5,8,5,7.0,6.0,8.0,6.0,8.0,7.0,8.0,7.0,9.0,8.0,9.0,7.0,8.0,7.0,8.0,8.0,9.0,9.0,7.0,10.0,9.0,10.0,7.0,10.0,7.0,10.0,5.0,11.0,4.0,12.0,3.0,12.0,3.0,12.0,3.0,12.0,2.0,13.0,0.0,12.0,62.0,12.0,60.0,12.0,59.0,12.0,58.0,12.0,58.0,12.0,57.0,12.0,57.0,11.0,56.0,11.0,55.0,10.0,54.0,10.0,52.0,10.0,52.0,10.0,52.0,10.0,53.0,9.0,53.0,9.0,53.0,8.0,52.0,8.0,53.0,7.0,54.0,6.0,55.0,6.0,55.0,6.0,54.0,5.0,54.0,5.0,54.0,4.0,54.0,4.0,56.0,4.0,56.0,3.0,56.0,3.0,58.0,3.0,59.0,2.0,60.0,2.0,61.0,2.0,0.0,2.0,3.0,2.0,5.0,3.0,6.0,3.0,6.0,3.0,7.0,3.0,8.0,4.0,8.0,4.0,9.0,5.0,9.0,5.0,9.0,6.0,10.0,6.0,10.0,6.0,10.0,7.0,10.0,7.0,10.0,8.0,11.0,8.0,12.0,9.0,12.0,9.0,11.0,10.0,10.0,10.0,10.0,10.0,10.0,10.0,9.0,11.0,7.0,12.0,6.0,12.0,6.0,13.0,7.0,13.0,5.0,13.0,1.0,14.0,61.0,14.0,59.0,13.0,58.0,13.0,57.0,13.0,57.0,13.0,57.0,13.0,56.0,12.0,55.0,12.0,53.0,11.0,52.0,11.0,51.0,11.0,51.0,10.0,51.0,10.0,51.0,10.0,51.0,9.0,51.0,8.0,51.0,8.0,51.0,7.0,52.0,6.0,52.0,6.0,52.0,6.0,52.0,6.0,52.0,5.0,51.0,4.0,51.0,4.0,52.0,3.0,53.0,3.0,54.0,2.0,56.0,2.0,57.0,2.0,58.0,1.0,60.0,1.0,0.0,1.0,5.0,1.0,8.0,2.0,8.0,2.0,8.0,3.0,8.0,3.0,10.0,3.0,11.0,4.0,12.0,4.0,12.0,5.0,12.0,5.0,11.0,6.0
1759560672.070747000,00:03:7f:25:14:25,00:03:7f:25:14:25,3a:c8:97:94:99:7a,3a:c8:97:94:99:7a,27,13,30,13,29,13,30,13,34,13,36,14,36,12,40,12,39,11,40,11,40,12,42,10,40,11,42,10,44,10,42,9,44,9,43,8,42,7,43,7,43,6,42,6,43,5,43,4,44,4,42,4,39,4,40,3,40,2,37,2,34,2,33,2,30,2,29,2,25,2,26,2,26,3,24,3,23,4,23,4,23,5,24,5,23,5,23,6,22,7,22,7,25,8,26,8,25,9,27,9,27,10,30,10,30,10,31,10,31,10,32,10,32,10,32,10,33,9,35,9,36,8,35,8,36,8,36,8,36,7,35,7,37,7,36,7,34,6,35,6,33,6,34,6,33,6,32,6,31,6,31,6,30,5,29,6,31,5,30,6,29,6,27,6,26,7,28,7,27,7,27,7,27,7,28,7,28,8,27,8,27,8,29,8,28,9,29,8,28,9,29,9,27,10,27,10,30,9,30,10,31,10,31,10,31,10,31,10,32,10,31,10,35,10,33,9,35.0,10.0,33.0,9.0,35.0,9.0,35.0,9.0,34.0,9.0,36.0,9.0,37.0,8.0,36.0,9.0,37.0,7.0,36.0,8.0,40.0,7.0,38.0,7.0,36.0,7.0,36.0,7.0,35.0,7.0,35.0,7.0,36.0,6.0,36.0,7.0,36.0,5.0,36.0,6.0,35.0,5.0,35.0,5.0,36.0,4.0,34.0,4.0,33.0,4.0,32.0,4.0,30.0,3.0,29.0,4.0,29.0,3.0,28.0,3.0,28.0,4.0,20.0,5.0,25.0,3.0,22.0,4.0,19.0,4.0,17.0,5.0,17.0,3.0,16.0,5.0,18.0,4.0,20.0,4.0,14.0,6.0,16.0,5.0,18.0,6.0,15.0,7.0,14.0,5.0,15.0,8.0,17.0,8.0,12.0,9.0,14.0,8.0,15.0,9.0,17.0,9.0,16.0,10.0,15.0,9.0,17.0,10.0,13.0,10.0,15.0,11.0,19.0,12.0,14.0,11.0,16.0,14.0,21.0,13.0,18.0,13.0,18.0,13.0,22.0,14.0,18.0,14.0,36.0,14.0,44.0,14.0,48.0,14.0,38.0,14.0,40.0,13.0,50.0,12.0,43.0,13.0,48.0,12.0,43.0,11.0,45.0,11.0,47.0,9.0,46.0,10.0,42.0,9.0,46.0,8.0,44.0,8.0,43.0,7.0,44.0,6.0,44.0,6.0,44.0,6.0,41.0,6.0,42.0,5.0,42.0,4.0,40.0,5.0,41.0,4.0,40.0,3.0,35.0,3.0,35.0,3.0,35.0,3.0,31.0,3.0,26.0,4.0,28.0,4.0,27.0,4.0,26.0,5.0,23.0,5.0,24.0,4.0,24.0,5.0,25.0,5.0,24.0,6.0,23.0,6.0,23.0,6.0,22.0,8.0,22.0,8.0,22.0,7.0,20.0,8.0,20.0,9.0,19.0,9.0,21.0,9.0,22.0,9.0,21.0,9.0,21.0,10.0,22.0,9.0,23.0,10.0,23.0,11.0,23.0,10.0,24.0,11.0,24.0,11.0,25.0,12.0,27.0,11.0,26.0,11.0,27.0,11.0,29.0,11.0,29.0,11.0
1759560672.472155000,00:03:7f:25:14:25,00:03:7f:25:14:25,3a:c8:97:94:99:7a,3a:c8:97:94:99:7a,53,15,47,14,50,14,48,14,48,13,50,13,47,12,48,11,48,11,47,10,48,10,49,9,47,9,48,8,49,8,48,7,49,7,48,7,48,5,48,6,48,4,48,4,49,3,49,3,50,2,49,2,48,1,48,1,50,0,51,0,16,0,21,0,18,1,15,1,16,2,17,2,18,3,18,4,18,4,17,5,19,5,19,6,19,6,19,7,18,8,18,9,21,10,22,10,21,11,23,12,23,12,26,12,27,12,30,12,31,12,33,13,33,12,33,12,35,11,37,11,39,10,38,10,39,9,39,9,40,9,39,8,40,8,41,8,38,7,39,6,37,6,39,6,37,5,37,5,36,5,36,5,35,4,33,5,34,4,33,4,31,4,29,4,27,5,28,5,27,5,27,5,27,5,27,5,27,6,25,6,26,6,27,7,26,8,27,7,26,8,26,8,25,9,24,9,26,9,27,9,27,9,27,10,28,9,28,10,29,10,28,10,32,10,31,10,33.0,10.0,30.0,10.0,34.0,11.0,35.0,11.0,35.0,11.0,38.0,11.0,37.0,11.0,37.0,10.0,39.0,11.0,43.0,9.0,43.0,9.0,43.0,9.0,43.0,9.0,44.0,8.0,42.0,8.0,43.0,8.0,45.0,8.0,43.0,7.0,46.0,5.0,46.0,6.0,49.0,4.0,44.0,4.0,49.0,3.0,53.0,3.0,54.0,2.0,56.0,1.0,62.0,1.0,3.0,1.0,1.0,2.0,0.0,2.0,5.0,1.0,5.0,5.0,4.0,3.0,5.0,5.0,5.0,5.0,3.0,5.0,6.0,5.0,4.0,6.0,6.0,5.0,8.0,5.0,5.0,7.0,6.0,6.0,7.0,6.0,5.0,7.0,4.0,6.0,6.0,8.0,6.0,7.0,3.0,8.0,6.0,7.0,6.0,8.0,7.0,8.0,5.0,9.0,5.0,9.0,7.0,10.0,5.0,9.0,4.0,10.0,7.0,10.0,5.0,10.0,1.0,12.0,6.0,12.0,5.0,12.0,3.0,12.0,2.0,12.0,1.0,12.0,61.0,12.0,59.0,12.0,61.0,11.0,58.0,12.0,56.0,12.0,59.0,11.0,56.0,12.0,56.0,11.0,52.0,10.0,53.0,10.0,55.0,9.0,54.0,9.0,50.0,9.0,52.0,8.0,51.0,8.0,51.0,7.0,51.0,6.0,50.0,6.0,52.0,6.0,48.0,6.0,50.0,4.0,50.0,4.0,49.0,4.0,50.0,3.0,52.0,2.0,48.0,1.0,46.0,1.0,50.0,1.0,29.0,0.0,13.0,1.0,19.0,1.0,18.0,1.0,18.0,3.0,15.0,3.0,16.0,3.0,16.0,4.0,18.0,4.0,18.0,5.0,16.0,5.0,16.0,5.0,15.0,7.0,16.0,7.0,16.0,7.0,14.0,8.0,14.0,8.0,14.0,9.0,16.0,9.0,16.0,9.0,16.0,9.0,15.0,10.0,17.0,10.0,17.0,11.0,17.0,11.0,18.0,11.0,18.0,12.0,18.0,12.0,19.0,13.0,22.0,13.0,23.0,12.0,24.0,13.0,27.0,13.0,29.0,13.0
1759560672.698679000,00:03:7f:25:14:25,00:03:7f:25:14:25,0a:f5:a5:94:4b:df,0a:f5:a5:94:4b:df,11,14,10,14,9,15,7,15,3,15,57,15,53,14,52,14,51,13,51,12,51,12,50,12,50,12,51,11,51,11,51,10,50,9,50,9,50,8,49,8,49,8,49,7,49,6,50,6,50,5,49,4,49,4,50,4,50,4,50,3,50,2,50,2,51,1,55,1,59,1,62,1,2,1,5,1,9,1,12,2,14,2,14,3,13,3,12,3,12,4,12,4,14,5,14,6,14,7,14,7,14,8,14,8,14,8,14,9,13,9,13,10,13,11,13,11,13,12,13,12,13,12,12,13,12,13,11,14,10,15,6,15,1,15,60,15,56,15,53,14,52,13,51,12,49,12,48,12,48,11,49,11,49,10,49,10,49,9,49,8,48,8,48,7,48,7,49,6,49,6,49,5,50,4,51,4,52,3,52,3,52,3,52,2,53,2,54,1,59,1,0,1,1,1,1,1,3,2,5,2,7,2,8,2,10,3,9,4,10,4,10,4,10,5,11,5,11.0,6.0,11.0,7.0,11.0,7.0,11.0,8.0,12.0,8.0,12.0,8.0,11.0,8.0,11.0,9.0,12.0,10.0,10.0,11.0,12.0,11.0,9.0,12.0,9.0,12.0,7.0,12.0,5.0,13.0,2.0,13.0,2.0,14.0,2.0,14.0,63.0,14.0,60.0,13.0,57.0,13.0,55.0,12.0,54.0,12.0,53.0,12.0,54.0,12.0,53.0,12.0,54.0,11.0,53.0,11.0,52.0,10.0,51.0,9.0,50.0,9.0,50.0,9.0,50.0,9.0,51.0,8.0,51.0,8.0,51.0,7.0,50.0,7.0,51.0,6.0,52.0,5.0,53.0,5.0,54.0,5.0,53.0,4.0,52.0,4.0,52.0,3.0,53.0,3.0,55.0,2.0,55.0,2.0,57.0,2.0,59.0,2.0,61.0,1.0,0.0,1.0,3.0,1.0,7.0,1.0,8.0,2.0,9.0,3.0,10.0,3.0,10.0,3.0,10.0,3.0,11.0,4.0,11.0,5.0,12.0,5.0,12.0,6.0,11.0,6.0,12.0,7.0,12.0,7.0,12.0,7.0,12.0,8.0,12.0,9.0,13.0,9.0,14.0,10.0,14.0,10.0,12.0,10.0,12.0,11.0,12.0,11.0,11.0,11.0,10.0,12.0,8.0,13.0,7.0,13.0,7.0,14.0,8.0,14.0,3.0,15.0,60.0,15.0,55.0,14.0,53.0,14.0,52.0,13.0,51.0,13.0,52.0,13.0,53.0,12.0,53.0,12.0,51.0,11.0,50.0,11.0,50.0,10.0,49.0,10.0,48.0,10.0,48.0,9.0,49.0,9.0,49.0,8.0,49.0,8.0,49.0,7.0,50.0,6.0,49.0,6.0,50.0,5.0,51.0,5.0,50.0,5.0,50.0,4.0,49.0,3.0,49.0,3.0,50.0,2.0,51.0,1.0,52.0,1.0,55.0,1.0,58.0,0.0,1.0,0.0,8.0,0.0,11.0,1.0,13.0,2.0,13.0,2.0,13.0,2.0,12.0,3.0,12.0,3.0,13.0,4.0,14.0,5.0,15.0,5.0,15.0,5.0,15.0,6.0,14.0,7.0
1759560673.614493000,00:03:7f:25:14:25,00:03:7f:25:14:25,3a:c8:97:94:99:7a,3a:c8:97:94:99:7a,31,13,32,13,34,13,34,13,36,13,38,13,38,11,40,11,40,11,40,10,41,11,42,10,40,10,43,9,44,9,43,8,43,8,43,8,42,7,42,7,42,5,42,5,42,5,42,4,43,4,41,4,38,4,39,3,40,3,37,3,34,2,34,2,32,3,31,2,27,3,28,3,28,3,26,3,25,4,24,4,25,5,26,5,25,5,24,6,24,7,24,7,26,7,27,7,26,8,27,8,26,9,29,9,29,9,29,9,29,9,30,9,30,9,29,9,30,9,31,9,33,8,32,9,33,8,33,8,34,8,33,8,35,8,34,8,32,7,34,7,32,7,34,7,33,7,33,7,32,7,32,7,32,6,31,7,32,6,32,6,31,6,30,7,29,7,30,7,29,7,29,6,30,7,30,7,30,7,28,7,30,7,30,7,30,8,30,7,29,8,29,8,28,8,27,9,29,8,29,8,30,8,30,9,30,8,30,9,30,9,29,9,33,9,30,9,33.0,9.0,30.0,9.0,32.0,9.0,32.0,9.0,32.0,9.0,33.0,10.0,34.0,8.0,33.0,10.0,35.0,8.0,34.0,8.0,38.0,8.0,36.0,8.0,34.0,8.0,35.0,8.0,34.0,8.0,34.0,7.0,36.0,7.0,35.0,8.0,35.0,6.0,36.0,7.0,34.0,6.0,34.0,6.0,35.0,5.0,33.0,5.0,32.0,5.0,31.0,5.0,30.0,5.0,30.0,5.0,29.0,5.0,27.0,5.0,27.0,5.0,20.0,7.0,27.0,6.0,22.0,7.0,18.0,7.0,19.0,9.0,17.0,6.0,16.0,9.0,18.0,8.0,19.0,6.0,13.0,9.0,15.0,7.0,19.0,10.0,13.0,10.0,9.0,8.0,14.0,12.0,17.0,11.0,8.0,13.0,11.0,9.0,13.0,11.0,19.0,11.0,15.0,13.0,10.0,14.0,18.0,13.0,10.0,10.0,13.0,14.0,36.0,15.0,11.0,12.0,44.0,15.0,34.0,13.0,29.0,14.0,24.0,14.0,37.0,13.0,39.0,14.0,44.0,11.0,45.0,10.0,49.0,9.0,43.0,11.0,41.0,10.0,51.0,7.0,45.0,9.0,48.0,10.0,43.0,8.0,44.0,7.0,48.0,5.0,46.0,6.0,41.0,6.0,44.0,5.0,43.0,5.0,40.0,4.0,39.0,3.0,41.0,4.0,40.0,3.0,37.0,4.0,34.0,3.0,35.0,3.0,34.0,4.0,35.0,4.0,30.0,3.0,29.0,4.0,28.0,5.0,27.0,4.0,25.0,5.0,21.0,6.0,24.0,6.0,24.0,6.0,23.0,7.0,21.0,6.0,22.0,6.0,22.0,7.0,23.0,7.0,23.0,8.0,21.0,8.0,22.0,8.0,21.0,10.0,21.0,9.0,21.0,9.0,20.0,10.0,20.0,10.0,20.0,10.0,22.0,10.0,22.0,11.0,21.0,10.0,22.0,11.0,24.0,11.0,24.0,11.0,25.0,12.0,26.0,12.0,26.0,12.0,27.0,12.0,29.0,12.0,31.0,12.0,30.0,11.0,31.0,11.0,33.0,11.0,33.0,11.0
1759560674.026601000,00:03:7f:25:14:25,00:03:7f:25:14:25,3a:c8:97:94:99:7a,3a:c8:97:94:99:7a,50,12,48,12,50,11,49,11,49,11,50,11,49,10,48,9,49,9,48,8,49,8,50,7,48,7,49,6,50,6,50,5,50,5,49,5,49,3,49,3,49,2,51,2,52,2,53,1,57,1,56,0,60,0,63,0,10,0,10,1,13,2,16,2,16,2,14,3,15,3,16,3,17,4,17,5,17,5,16,6,18,6,18,7,18,7,18,8,18,9,18,9,21,10,22,10,21,11,23,11,23,12,26,12,27,12,29,12,30,12,31,12,32,12,32,12,34,11,37,11,38,10,37,10,38,10,39,9,40,9,39,8,40,8,40,8,38,7,40,7,38,6,39,6,38,6,37,5,36,5,36,5,35,4,33,4,34,4,33,4,32,4,29,4,27,4,27,4,26,4,26,5,25,5,26,5,26,6,24,6,24,6,25,7,24,8,24,7,24,8,23,8,22,9,21,10,23,9,23,10,24,10,24,10,25,10,25,11,25,12,25,12,30,12,29,12,32.0,12.0,30.0,12.0,33.0,13.0,36.0,13.0,37.0,12.0,41.0,13.0,40.0,12.0,41.0,12.0,42.0,12.0,45.0,10.0,46.0,9.0,45.0,9.0,45.0,9.0,45.0,9.0,44.0,9.0,44.0,8.0,45.0,8.0,44.0,7.0,45.0,6.0,45.0,6.0,47.0,5.0,44.0,4.0,46.0,4.0,48.0,3.0,49.0,2.0,47.0,1.0,48.0,0.0,54.0,0.0,61.0,0.0,61.0,0.0,14.0,0.0,7.0,3.0,8.0,2.0,8.0,3.0,9.0,4.0,7.0,4.0,9.0,4.0,7.0,5.0,9.0,5.0,11.0,5.0,7.0,6.0,9.0,6.0,10.0,7.0,8.0,7.0,7.0,7.0,8.0,8.0,8.0,8.0,5.0,9.0,7.0,8.0,7.0,9.0,8.0,9.0,7.0,10.0,6.0,9.0,7.0,10.0,5.0,10.0,5.0,10.0,8.0,10.0,5.0,11.0,1.0,12.0,6.0,12.0,4.0,12.0,3.0,12.0,1.0,12.0,1.0,12.0,61.0,12.0,59.0,12.0,61.0,11.0,58.0,12.0,56.0,12.0,60.0,10.0,57.0,11.0,56.0,11.0,53.0,10.0,54.0,10.0,56.0,9.0,55.0,9.0,51.0,9.0,53.0,8.0,52.0,9.0,52.0,8.0,52.0,7.0,51.0,7.0,52.0,7.0,49.0,6.0,52.0,5.0,52.0,5.0,51.0,5.0,52.0,4.0,54.0,3.0,52.0,2.0,52.0,2.0,53.0,2.0,53.0,0.0,2.0,1.0,4.0,0.0,11.0,1.0,13.0,2.0,10.0,2.0,13.0,2.0,12.0,3.0,15.0,3.0,16.0,4.0,14.0,4.0,14.0,5.0,13.0,6.0,15.0,6.0,14.0,6.0,13.0,7.0,13.0,7.0,12.0,8.0,14.0,8.0,15.0,8.0,15.0,9.0,14.0,9.0,16.0,9.0,16.0,10.0,15.0,10.0,16.0,11.0,16.0,11.0,17.0,12.0,17.0,13.0,20.0,12.0,21.0,12.0,21.0,13.0,24.0,13.0,27.0,14.0
1759560674.258310000,00:03:7f:25:14:25,00:03:7f:25:14:25,0a:f5:a5:94:4b:df,0a:f5:a5:94:4b:df,9,14,7,14,4,15,2,15,62,15,56,15,54,14,53,14,51,13,51,12,51,12,50,11,51,11,51,11,51,10,52,10,51,9,50,8,50,8,50,7,50,7,50,7,49,6,50,5,50,5,50,4,50,4,50,4,50,4,51,3,50,2,51,1,53,1,58,0,63,1,1,1,4,1,7,1,11,1,13,2,13,3,13,3,13,3,13,4,12,4,12,5,14,6,15,7,14,7,14,8,14,8,14,8,14,9,14,9,13,10,13,10,13,11,13,12,13,12,13,12,12,13,12,13,11,14,8,14,5,15,62,15,59,15,57,15,55,14,53,13,52,13,51,12,49,12,49,11,49,11,49,10,49,10,50,9,50,9,49,8,49,8,48,7,49,7,49,6,49,6,49,5,50,4,52,3,52,3,52,3,53,3,53,2,53,1,55,1,61,1,3,1,3,1,3,1,5,2,7,2,9,2,10,2,11,3,10,4,11,4,11,5,12,5,12,6,12.0,6.0,12.0,7.0,12.0,8.0,12.0,8.0,12.0,9.0,12.0,9.0,11.0,9.0,11.0,10.0,12.0,10.0,9.0,12.0,12.0,12.0,8.0,12.0,7.0,12.0,5.0,13.0,2.0,13.0,63.0,14.0,61.0,14.0,60.0,14.0,58.0,13.0,56.0,13.0,55.0,12.0,53.0,12.0,52.0,12.0,53.0,11.0,53.0,11.0,53.0,11.0,53.0,10.0,52.0,10.0,52.0,9.0,51.0,8.0,50.0,8.0,50.0,8.0,51.0,8.0,51.0,7.0,51.0,7.0,51.0,6.0,51.0,6.0,52.0,5.0,53.0,4.0,54.0,4.0,55.0,4.0,55.0,3.0,55.0,3.0,55.0,3.0,56.0,2.0,60.0,2.0,61.0,2.0,62.0,2.0,0.0,2.0,2.0,2.0,5.0,2.0,6.0,2.0,7.0,2.0,8.0,3.0,9.0,4.0,10.0,4.0,10.0,4.0,10.0,5.0,10.0,5.0,10.0,6.0,11.0,6.0,11.0,7.0,10.0,7.0,10.0,8.0,11.0,8.0,11.0,8.0,10.0,9.0,10.0,9.0,11.0,10.0,11.0,10.0,12.0,11.0,10.0,11.0,9.0,11.0,9.0,11.0,9.0,12.0,7.0,12.0,5.0,13.0,3.0,13.0,2.0,13.0,2.0,14.0,63.0,14.0,59.0,14.0,56.0,13.0,55.0,13.0,53.0,13.0,53.0,12.0,54.0,12.0,54.0,12.0,54.0,11.0,53.0,10.0,52.0,10.0,51.0,10.0,50.0,9.0,50.0,9.0,50.0,9.0,50.0,8.0,50.0,8.0,50.0,7.0,50.0,7.0,51.0,6.0,51.0,5.0,52.0,5.0,52.0,5.0,52.0,5.0,52.0,4.0,51.0,3.0,52.0,3.0,54.0,2.0,56.0,1.0,58.0,1.0,61.0,1.0,0.0,1.0,3.0,1.0,7.0,1.0,8.0,1.0,10.0,2.0,11.0,3.0,11.0,3.0,10.0,3.0,10.0,4.0,11.0,4.0,12.0,5.0,13.0,6.0,13.0,6.0,13.0,7.0,12.0,7.0
1759560674.561252000,00:03:7f:25:14:25,00:03:7f:25:14:25,3a:c8:97:94:99:7a,3a:c8:97:94:99:7a,42,9,41,9,42,7,42,8,42,8,44,10,42,7,44,8,43,6,42,6,43,6,43,5,41,5,43,5,45,4,44,3,43,4,46,4,42,2,41,3,43,1,37,1,42,1,40,0,54,0,32,0,23,0,28,0,25,1,19,1,21,3,22,3,22,3,20,3,19,4,21,4,22,4,22,5,22,6,21,6,23,7,23,7,23,8,23,9,23,9,24,9,27,10,29,10,28,11,31,11,31,11,34,11,34,10,35,10,35,10,36,10,36,9,35,9,36,8,37,8,38,7,37,7,38,7,38,6,39,6,37,6,38,5,38,6,35,4,36,4,33,4,34,4,32,4,32,4,30,4,30,4,29,4,27,4,27,4,27,5,25,5,24,6,23,6,24,6,23,7,23,7,23,7,24,8,25,8,23,8,24,9,25,9,24,10,25,10,25,10,25,11,25,11,24,12,28,11,28,12,30,12,31,12,31,12,32,12,35,12,35,12,39,11,37,11,40.0,10.0,38.0,10.0,41.0,10.0,41.0,10.0,41.0,9.0,43.0,9.0,43.0,9.0,41.0,8.0,45.0,8.0,44.0,5.0,45.0,5.0,43.0,5.0,43.0,5.0,43.0,5.0,41.0,4.0,41.0,4.0,43.0,3.0,40.0,3.0,40.0,2.0,40.0,2.0,40.0,0.0,32.0,1.0,27.0,1.0,20.0,1.0,18.0,2.0,19.0,2.0,18.0,3.0,18.0,4.0,15.0,4.0,15.0,4.0,16.0,4.0,12.0,7.0,15.0,6.0,13.0,7.0,12.0,7.0,11.0,8.0,12.0,7.0,10.0,9.0,12.0,8.0,13.0,8.0,9.0,10.0,12.0,10.0,11.0,11.0,9.0,11.0,8.0,10.0,8.0,12.0,8.0,12.0,3.0,12.0,6.0,12.0,5.0,12.0,5.0,13.0,1.0,13.0,63.0,13.0,63.0,13.0,60.0,12.0,58.0,13.0,60.0,12.0,58.0,12.0,53.0,12.0,55.0,12.0,52.0,12.0,53.0,12.0,52.0,11.0,54.0,10.0,52.0,10.0,52.0,9.0,54.0,8.0,51.0,9.0,51.0,8.0,56.0,7.0,52.0,7.0,53.0,7.0,51.0,6.0,52.0,6.0,55.0,5.0,54.0,5.0,50.0,5.0,52.0,4.0,52.0,4.0,52.0,3.0,53.0,3.0,53.0,3.0,56.0,3.0,52.0,2.0,59.0,1.0,59.0,1.0,58.0,0.0,5.0,0.0,10.0,1.0,13.0,1.0,15.0,2.0,12.0,2.0,14.0,3.0,12.0,4.0,14.0,4.0,15.0,5.0,14.0,5.0,13.0,6.0,14.0,6.0,13.0,7.0,15.0,7.0,15.0,7.0,14.0,8.0,14.0,8.0,12.0,9.0,14.0,9.0,13.0,9.0,12.0,10.0,11.0,10.0,11.0,11.0,13.0,11.0,13.0,11.0,13.0,11.0,12.0,12.0,14.0,12.0,14.0,13.0,12.0,13.0,15.0,14.0,14.0,14.0,16.0,14.0,19.0,15.0,29.0,15.0,31.0,15.0,38.0,15.0,42.0,14.0,42.0,13.0
1759560675.137718000,00:03:7f:25:14:25,00:03:7f:25:14:25,3a:c8:97:94:99:7a,3a:c8:97:94:99:7a,39,10,39,9,40,9,39,9,39,8,41,10,41,7,41,8,40,6,40,6,40,6,41,5,39,5,40,5,42,4,40,3,40,3,40,3,35,2,37,2,32,1,29,1,27,1,24,1,21,1,23,2,20,2,22,2,21,2,19,3,19,4,21,4,20,5,19,5,19,6,19,6,21,6,22,7,21,7,20,8,22,8,23,8,23,9,23,9,23,10,24,10,27,11,28,10,28,11,31,11,31,11,33,11,33,10,34,10,34,10,35,10,35,9,34,9,35,9,36,8,38,8,36,8,37,7,37,7,38,7,37,6,38,6,38,7,36,5,37,5,34,5,35,5,34,5,33,4,32,4,32,5,31,4,30,5,30,4,30,4,28,5,27,5,26,5,26,6,26,6,25,6,25,6,26,6,26,7,24,7,25,7,26,8,25,9,26,8,25,9,25,9,24,10,24,10,26,9,27,10,27,10,27,10,28,10,29,11,30,11,29,11,33,11,32,11,35.0,11.0,33.0,11.0,36.0,11.0,36.0,10.0,37.0,10.0,39.0,11.0,38.0,9.0,39.0,10.0,40.0,9.0,40.0,8.0,42.0,7.0,41.0,7.0,40.0,7.0,40.0,7.0,39.0,6.0,39.0,5.0,40.0,5.0,39.0,5.0,39.0,4.0,39.0,4.0,37.0,3.0,35.0,3.0,36.0,3.0,33.0,2.0,31.0,2.0,29.0,3.0,27.0,3.0,26.0,3.0,24.0,3.0,23.0,3.0,23.0,3.0,18.0,5.0,21.0,4.0,19.0,5.0,17.0,5.0,16.0,6.0,17.0,6.0,15.0,7.0,17.0,7.0,19.0,7.0,15.0,8.0,17.0,8.0,17.0,9.0,15.0,9.0,15.0,9.0,16.0,10.0,16.0,10.0,13.0,11.0,15.0,11.0,15.0,12.0,17.0,12.0,15.0,12.0,16.0,13.0,18.0,13.0,15.0,14.0,16.0,14.0,19.0,14.0,17.0,15.0,33.0,15.0,39.0,15.0,34.0,14.0,38.0,14.0,44.0,14.0,44.0,13.0,45.0,12.0,45.0,12.0,48.0,11.0,45.0,11.0,45.0,11.0,50.0,10.0,47.0,10.0,47.0,10.0,45.0,9.0,46.0,8.0,48.0,7.0,47.0,7.0,45.0,7.0,47.0,6.0,46.0,6.0,45.0,6.0,46.0,5.0,46.0,5.0,47.0,4.0,44.0,4.0,45.0,3.0,46.0,3.0,45.0,3.0,45.0,2.0,44.0,1.0,41.0,1.0,36.0,1.0,39.0,0.0,27.0,1.0,19.0,1.0,21.0,1.0,20.0,2.0,19.0,2.0,16.0,3.0,17.0,3.0,17.0,4.0,18.0,4.0,18.0,5.0,16.0,5.0,16.0,5.0,15.0,6.0,16.0,7.0,15.0,6.0,14.0,8.0,14.0,8.0,13.0,8.0,14.0,8.0,15.0,9.0,15.0,9.0,14.0,10.0,15.0,9.0,15.0,10.0,14.0,11.0,16.0,11.0,16.0,11.0,15.0,12.0,15.0,13.0,18.0,13.0,19.0,13.0,19.0,14.0,20.0,14.0,24.0,15.0
1759560675.543088000,00:03:7f:25:14:25,00:03:7f:25:14:25,3a:c8:97:94:99:7a,3a:c8:97:94:99:7a,47,13,45,12,47,11,46,11,47,10,48,11,47,10,47,9,48,8,46,8,48,8,49,7,46,7,48,6,49,5,49,4,49,5,49,4,48,3,48,3,50,2,50,1,52,1,54,0,61,0,4,0,8,0,14,0,14,1,13,2,15,2,17,3,16,3,15,4,15,4,16,4,17,5,17,6,17,6,16,6,18,7,18,8,18,8,18,9,17,9,18,10,20,11,21,11,21,12,23,12,23,13,26,12,27,12,29,12,30,12,32,13,32,12,32,12,34,11,36,11,38,11,37,10,38,10,38,9,39,9,38,9,39,8,40,9,38,7,39,7,37,7,38,6,37,6,37,6,35,6,36,5,35,5,33,5,35,4,33,5,32,5,30,5,28,5,29,5,28,5,28,5,28,5,28,5,28,6,26,6,26,6,27,7,26,7,27,6,26,8,25,7,24,8,23,9,25,8,25,9,25,9,26,9,26,9,26,10,26,10,25,10,30,10,28,10,30.0,11.0,28.0,10.0,31.0,11.0,31.0,11.0,31.0,11.0,33.0,12.0,36.0,11.0,35.0,12.0,38.0,10.0,38.0,9.0,42.0,9.0,41.0,9.0,39.0,9.0,40.0,9.0,39.0,9.0,40.0,8.0,41.0,7.0,40.0,7.0,40.0,6.0,41.0,6.0,41.0,5.0,39.0,5.0,40.0,4.0,39.0,3.0,39.0,3.0,36.0,3.0,32.0,2.0,30.0,2.0,30.0,1.0,27.0,2.0,26.0,2.0,17.0,4.0,22.0,3.0,18.0,4.0,15.0,4.0,15.0,5.0,16.0,4.0,13.0,6.0,15.0,6.0,17.0,5.0,13.0,7.0,15.0,6.0,16.0,8.0,13.0,8.0,13.0,7.0,14.0,9.0,15.0,9.0,10.0,10.0,13.0,9.0,13.0,10.0,16.0,10.0,15.0,11.0,14.0,11.0,15.0,12.0,13.0,12.0,14.0,13.0,17.0,13.0,14.0,13.0,16.0,15.0,23.0,14.0,23.0,14.0,22.0,15.0,32.0,15.0,42.0,15.0,43.0,14.0,44.0,13.0,47.0,13.0,44.0,12.0,43.0,12.0,49.0,10.0,45.0,11.0,47.0,11.0,43.0,10.0,45.0,9.0,47.0,8.0,46.0,8.0,43.0,8.0,45.0,7.0,44.0,7.0,43.0,7.0,44.0,5.0,45.0,6.0,45.0,5.0,42.0,5.0,43.0,4.0,43.0,4.0,42.0,4.0,43.0,3.0,41.0,2.0,38.0,2.0,36.0,2.0,37.0,2.0,32.0,2.0,27.0,2.0,29.0,2.0,27.0,2.0,25.0,3.0,22.0,3.0,23.0,3.0,22.0,4.0,22.0,4.0,22.0,5.0,20.0,5.0,20.0,5.0,19.0,6.0,19.0,6.0,19.0,6.0,17.0,7.0,17.0,8.0,16.0,8.0,18.0,8.0,18.0,9.0,17.0,9.0,17.0,9.0,18.0,9.0,18.0,10.0,18.0,11.0,19.0,11.0,18.0,11.0,18.0,12.0,19.0,12.0,21.0,12.0,22.0,12.0,22.0,13.0,24.0,13.0,26.0,14.0
1759560675.819032000,00:03:7f:25:14:25,00:03:7f:25:14:25,0a:f5:a5:94:4b:df,0a:f5:a5:94:4b:df,12,14,11,14,11,15,8,15,62,15,54,15,52,14,51,14,50,13,50,12,50,12,49,12,50,11,50,11,51,11,51,10,50,9,50,9,49,8,49,8,49,7,49,7,49,6,49,5,49,5,49,4,49,4,49,4,49,4,49,3,48,2,48,2,49,1,54,0,60,0,0,0,4,0,8,0,13,1,14,2,15,2,15,3,14,3,13,4,13,4,13,4,15,6,15,6,15,7,14,7,15,8,15,8,15,8,15,9,14,10,14,10,14,11,14,11,14,12,14,12,14,12,13,13,13,13,12,14,13,15,8,15,61,15,56,15,54,15,51,14,50,13,50,12,48,12,48,11,48,11,48,11,48,10,49,10,49,9,48,8,48,8,47,7,48,7,48,6,48,6,48,5,49,4,50,3,51,3,51,3,51,3,51,2,50,2,51,1,57,0,2,0,3,1,3,1,5,1,8,1,10,2,11,2,12,3,11,3,11,4,11,4,12,5,13,5,12.0,6.0,13.0,7.0,12.0,7.0,13.0,8.0,13.0,8.0,13.0,8.0,12.0,8.0,12.0,10.0,13.0,10.0,12.0,12.0,13.0,12.0,10.0,12.0,10.0,12.0,8.0,13.0,6.0,14.0,3.0,14.0,1.0,15.0,63.0,15.0,59.0,14.0,56.0,14.0,53.0,13.0,52.0,13.0,51.0,12.0,51.0,12.0,51.0,12.0,51.0,11.0,51.0,11.0,51.0,10.0,50.0,9.0,49.0,9.0,48.0,8.0,48.0,8.0,49.0,8.0,49.0,8.0,50.0,7.0,49.0,6.0,49.0,6.0,50.0,5.0,51.0,4.0,52.0,4.0,53.0,4.0,52.0,3.0,52.0,3.0,51.0,2.0,52.0,2.0,56.0,1.0,59.0,1.0,61.0,1.0,0.0,1.0,4.0,1.0,8.0,1.0,9.0,1.0,10.0,2.0,10.0,3.0,11.0,3.0,12.0,4.0,12.0,4.0,12.0,4.0,12.0,5.0,12.0,6.0,13.0,6.0,12.0,7.0,12.0,7.0,12.0,8.0,13.0,8.0,13.0,8.0,12.0,9.0,12.0,9.0,13.0,10.0,14.0,10.0,14.0,11.0,13.0,11.0,11.0,12.0,11.0,12.0,11.0,12.0,9.0,13.0,7.0,13.0,5.0,14.0,4.0,14.0,4.0,14.0,60.0,15.0,55.0,14.0,52.0,14.0,51.0,13.0,50.0,13.0,50.0,12.0,51.0,12.0,52.0,12.0,52.0,11.0,51.0,11.0,50.0,10.0,49.0,9.0,48.0,9.0,48.0,9.0,48.0,9.0,48.0,8.0,49.0,7.0,48.0,7.0,48.0,6.0,49.0,5.0,49.0,5.0,50.0,4.0,50.0,4.0,50.0,4.0,49.0,3.0,49.0,3.0,49.0,2.0,51.0,1.0,55.0,1.0,59.0,0.0,0.0,0.0,7.0,0.0,11.0,1.0,12.0,1.0,13.0,2.0,13.0,2.0,13.0,3.0,13.0,3.0,12.0,4.0,12.0,4.0,13.0,5.0,14.0,5.0,14.0,6.0,15.0,6.0,15.0,7.0,14.0,8.0
1759560676.115864000,00:03:7f:25:14:25,00:03:7f:25:14:25,3a:c8:97:94:99:7a,3a:c8:97:94:99:7a,41,13,40,12,43,12,41,11,42,11,44,11,43,10,44,9,44,9,43,8,44,8,45,7,43,7,45,6,46,6,45,5,45,5,44,5,43,4,43,4,42,3,41,2,42,2,39,2,39,1,36,1,32,1,31,1,30,1,26,2,25,2,25,2,24,3,23,3,22,4,22,4,23,4,23,5,22,5,22,6,24,6,24,6,24,6,24,7,24,7,24,7,26,8,28,8,27,8,29,8,28,9,30,8,29,8,30,8,30,8,30,8,30,8,29,8,30,8,31,8,32,7,31,8,32,7,32,7,33,7,32,7,33,7,33,8,31,6,33,7,30,7,33,6,31,7,31,7,30,7,31,6,30,6,29,7,30,6,30,7,29,7,28,7,27,7,28,7,28,7,28,7,28,8,29,8,29,8,27,8,28,8,29,8,29,9,29,8,29,9,29,9,28,9,27,10,29,9,30,9,30,9,30,10,30,9,30,10,30,9,30,10,34,10,32,9,34.0,10.0,32.0,9.0,34.0,10.0,34.0,10.0,34.0,10.0,36.0,10.0,36.0,9.0,35.0,10.0,38.0,8.0,37.0,8.0,41.0,8.0,39.0,8.0,37.0,8.0,38.0,8.0,36.0,8.0,37.0,7.0,38.0,7.0,37.0,7.0,37.0,5.0,38.0,6.0,37.0,5.0,36.0,5.0,36.0,4.0,35.0,4.0,34.0,4.0,34.0,4.0,31.0,4.0,30.0,3.0,28.0,3.0,28.0,4.0,27.0,4.0,20.0,5.0,25.0,4.0,22.0,5.0,18.0,5.0,19.0,6.0,19.0,5.0,17.0,6.0,18.0,6.0,20.0,5.0,16.0,7.0,19.0,6.0,19.0,7.0,17.0,8.0,16.0,6.0,18.0,9.0,20.0,9.0,15.0,10.0,17.0,9.0,18.0,10.0,19.0,9.0,20.0,10.0,19.0,10.0,20.0,11.0,20.0,11.0,21.0,11.0,25.0,12.0,22.0,12.0,24.0,13.0,28.0,12.0,26.0,12.0,25.0,13.0,29.0,13.0,31.0,13.0,34.0,13.0,37.0,12.0,38.0,12.0,37.0,12.0,37.0,12.0,43.0,11.0,40.0,11.0,42.0,11.0,39.0,10.0,40.0,10.0,43.0,9.0,42.0,9.0,39.0,9.0,41.0,8.0,40.0,8.0,39.0,8.0,40.0,7.0,41.0,7.0,41.0,6.0,39.0,6.0,39.0,5.0,40.0,5.0,39.0,5.0,41.0,5.0,39.0,4.0,36.0,4.0,35.0,4.0,35.0,3.0,33.0,3.0,29.0,4.0,31.0,4.0,30.0,3.0,28.0,4.0,26.0,3.0,26.0,4.0,25.0,4.0,25.0,4.0,25.0,5.0,23.0,5.0,23.0,4.0,21.0,6.0,22.0,6.0,21.0,6.0,19.0,7.0,19.0,7.0,18.0,7.0,20.0,7.0,21.0,8.0,19.0,8.0,19.0,8.0,21.0,8.0,21.0,9.0,21.0,9.0,21.0,10.0,21.0,10.0,21.0,10.0,22.0,11.0,24.0,11.0,24.0,11.0,24.0,11.0,25.0,12.0,26.0,12.0
1759560676.296436000,00:03:7f:25:14:25,00:03:7f:25:14:25,0a:f5:a5:94:4b:df,0a:f5:a5:94:4b:df,10,14,6,15,62,15,54,15,51,15,51,15,51,14,51,13,50,12,50,12,50,11,49,11,50,11,50,11,51,10,51,10,50,9,49,8,49,8,49,7,49,7,49,6,49,6,50,5,50,4,49,4,50,3,50,4,50,3,50,3,50,2,50,1,53,1,59,0,1,0,3,1,5,1,8,1,12,1,14,2,14,3,14,3,14,4,13,4,12,4,12,5,14,6,15,7,14,7,14,8,14,8,15,8,14,9,14,9,13,10,13,11,13,11,13,12,13,12,13,12,13,13,12,13,10,14,8,14,3,15,59,15,56,15,55,15,54,14,52,13,51,12,51,12,49,11,48,11,48,11,49,10,49,10,49,9,49,9,49,8,48,7,48,7,48,6,48,6,48,5,49,5,50,4,51,3,52,3,53,3,53,2,52,2,52,1,55,1,63,0,4,1,5,1,5,2,6,2,8,2,10,2,10,3,11,3,10,4,10,5,11,5,11,5,12,6,11.0,7.0,12.0,7.0,11.0,8.0,12.0,9.0,12.0,9.0,12.0,9.0,11.0,9.0,11.0,10.0,11.0,10.0,10.0,12.0,12.0,12.0,8.0,12.0,8.0,12.0,5.0,13.0,1.0,14.0,62.0,14.0,60.0,14.0,59.0,14.0,58.0,14.0,55.0,13.0,53.0,12.0,52.0,12.0,52.0,12.0,52.0,11.0,52.0,11.0,52.0,11.0,52.0,10.0,52.0,10.0,51.0,9.0,50.0,8.0,49.0,8.0,49.0,8.0,50.0,7.0,50.0,7.0,51.0,6.0,50.0,6.0,50.0,5.0,51.0,5.0,53.0,4.0,54.0,4.0,55.0,3.0,54.0,3.0,54.0,3.0,54.0,2.0,55.0,2.0,60.0,1.0,63.0,2.0,0.0,2.0,2.0,2.0,5.0,2.0,7.0,1.0,9.0,2.0,9.0,3.0,9.0,4.0,10.0,4.0,11.0,4.0,11.0,5.0,11.0,5.0,11.0,6.0,11.0,6.0,11.0,7.0,11.0,7.0,11.0,8.0,11.0,8.0,11.0,8.0,11.0,9.0,11.0,9.0,10.0,10.0,11.0,10.0,12.0,11.0,12.0,11.0,11.0,11.0,9.0,12.0,9.0,12.0,8.0,12.0,6.0,13.0,3.0,13.0,1.0,14.0,63.0,14.0,0.0,14.0,60.0,14.0,56.0,13.0,54.0,13.0,53.0,12.0,52.0,12.0,52.0,12.0,53.0,12.0,54.0,11.0,54.0,11.0,52.0,10.0,51.0,9.0,51.0,9.0,50.0,9.0,49.0,9.0,50.0,8.0,50.0,8.0,50.0,7.0,50.0,7.0,50.0,6.0,51.0,5.0,51.0,4.0,52.0,4.0,53.0,4.0,52.0,4.0,52.0,3.0,52.0,2.0,53.0,2.0,56.0,1.0,60.0,1.0,62.0,1.0,1.0,1.0,4.0,1.0,8.0,1.0,9.0,2.0,10.0,2.0,11.0,3.0,11.0,3.0,11.0,4.0,11.0,4.0,11.0,5.0,11.0,5.0,12.0,6.0,13.0,6.0,13.0,7.0,13.0,7.0,12.0,8.0
1759560676.519338000,00:03:7f:25:14:25,00:03:7f:25:14:25,3a:c8:97:94:99:7a,3a:c8:97:94:99:7a,38,11,38,11,39,10,38,10,40,10,40,10,40,8,41,9,41,8,40,7,40,7,41,6,39,6,40,6,41,5,40,4,40,4,38,4,37,3,36,4,34,2,32,3,32,2,30,2,30,2,30,3,26,3,27,3,28,3,25,4,24,4,25,4,24,5,24,5,23,5,24,6,25,6,25,6,24,7,24,7,26,7,27,8,27,8,27,8,27,8,27,8,30,8,30,8,30,9,32,8,30,8,33,8,32,8,32,8,32,8,33,7,32,7,31,7,31,7,32,7,33,7,32,7,33,7,33,7,33,6,32,6,33,6,33,7,31,6,33,6,30,6,32,6,31,6,31,6,30,6,30,6,30,6,29,6,30,6,29,6,28,6,28,7,27,7,28,7,27,7,27,7,28,7,29,7,29,8,27,8,28,8,29,8,29,9,29,8,28,9,28,9,27,9,27,10,29,9,29,9,30,9,30,10,29,9,30,10,30,10,30,10,34,10,32,9,33.0,10.0,32.0,9.0,34.0,10.0,34.0,10.0,34.0,10.0,36.0,10.0,36.0,9.0,35.0,10.0,38.0,9.0,38.0,8.0,40.0,8.0,39.0,8.0,38.0,8.0,38.0,8.0,37.0,8.0,37.0,7.0,39.0,7.0,38.0,7.0,38.0,5.0,38.0,6.0,37.0,5.0,36.0,5.0,37.0,4.0,36.0,4.0,34.0,4.0,34.0,4.0,32.0,4.0,31.0,4.0,31.0,3.0,29.0,4.0,29.0,3.0,22.0,5.0,27.0,4.0,23.0,4.0,20.0,4.0,21.0,5.0,21.0,4.0,19.0,6.0,21.0,5.0,23.0,5.0,18.0,6.0,21.0,5.0,21.0,7.0,19.0,7.0,18.0,6.0,19.0,8.0,20.0,8.0,17.0,9.0,18.0,8.0,19.0,9.0,20.0,9.0,20.0,10.0,20.0,10.0,21.0,10.0,20.0,11.0,21.0,11.0,25.0,11.0,22.0,11.0,23.0,13.0,27.0,12.0,25.0,12.0,24.0,12.0,27.0,12.0,28.0,13.0,33.0,13.0,35.0,12.0,37.0,12.0,34.0,12.0,35.0,12.0,42.0,11.0,38.0,11.0,40.0,12.0,38.0,11.0,40.0,10.0,42.0,10.0,41.0,10.0,39.0,10.0,41.0,9.0,40.0,9.0,40.0,9.0,40.0,7.0,41.0,7.0,41.0,7.0,39.0,7.0,40.0,6.0,40.0,6.0,40.0,6.0,41.0,5.0,40.0,5.0,38.0,5.0,37.0,5.0,37.0,4.0,34.0,4.0,32.0,4.0,33.0,4.0,32.0,4.0,29.0,4.0,28.0,3.0,28.0,3.0,27.0,4.0,27.0,4.0,26.0,4.0,25.0,4.0,25.0,4.0,23.0,6.0,23.0,5.0,22.0,5.0,20.0,6.0,20.0,7.0,19.0,7.0,21.0,7.0,21.0,8.0,20.0,8.0,20.0,8.0,21.0,8.0,21.0,9.0,21.0,9.0,21.0,9.0,22.0,10.0,21.0,10.0,21.0,11.0,24.0,11.0,23.0,10.0,23.0,11.0,25.0,11.0,26.0,12.0
1759560676.928535000,00:03:7f:25:14:25,00:03:7f:25:14:25,3a:c8:97:94:99:7a,3a:c8:97:94:99:7a,32,9,31,9,32,8,32,8,31,9,32,9,32,8,33,9,33,8,33,8,32,8,33,8,31,8,34,8,34,8,33,7,34,8,32,7,32,7,32,8,32,7,31,7,32,7,31,7,31,6,31,6,29,7,30,7,31,6,30,7,29,6,30,7,29,7,29,7,28,6,28,7,30,7,29,7,28,7,28,7,30,7,30,7,29,7,29,7,29,8,29,7,31,7,31,7,30,7,32,7,31,7,32,7,31,7,31,7,31,7,31,6,31,6,29,6,29,6,30,6,31,6,30,6,31,6,30,6,30,6,29,6,30,6,30,7,28,6,30,6,27,7,29,7,28,7,27,7,27,7,28,7,28,7,27,8,28,8,28,8,27,8,27,8,26,9,27,9,27,9,28,9,28,9,30,9,30,9,29,9,30,9,31,10,31,10,32,10,32,10,32,10,32,10,31,10,33,10,33,9,34,9,34,10,35,9,35,9,35,8,35,9,38,9,36,8,38.0,8.0,35.0,8.0,37.0,8.0,37.0,7.0,36.0,7.0,38.0,7.0,38.0,6.0,37.0,7.0,38.0,5.0,36.0,4.0,39.0,5.0,36.0,5.0,35.0,5.0,34.0,5.0,33.0,5.0,32.0,4.0,34.0,4.0,32.0,4.0,31.0,4.0,32.0,4.0,28.0,3.0,29.0,5.0,28.0,4.0,26.0,4.0,26.0,5.0,26.0,5.0,26.0,5.0,25.0,6.0,24.0,6.0,24.0,6.0,23.0,7.0,19.0,8.0,24.0,8.0,22.0,8.0,19.0,8.0,19.0,9.0,20.0,8.0,18.0,10.0,21.0,9.0,22.0,9.0,19.0,11.0,23.0,10.0,22.0,11.0,20.0,12.0,20.0,11.0,22.0,12.0,24.0,12.0,20.0,13.0,21.0,12.0,23.0,13.0,25.0,12.0,26.0,13.0,28.0,13.0,29.0,13.0,30.0,13.0,32.0,13.0,36.0,13.0,33.0,13.0,34.0,13.0,38.0,12.0,35.0,12.0,35.0,12.0,37.0,11.0,38.0,11.0,39.0,10.0,40.0,10.0,42.0,10.0,40.0,10.0,39.0,10.0,45.0,8.0,41.0,9.0,42.0,9.0,40.0,8.0,41.0,8.0,43.0,6.0,41.0,6.0,39.0,7.0,41.0,6.0,40.0,6.0,39.0,5.0,39.0,4.0,39.0,5.0,39.0,4.0,37.0,4.0,36.0,3.0,37.0,3.0,36.0,3.0,38.0,3.0,34.0,3.0,32.0,3.0,31.0,4.0,30.0,3.0,28.0,3.0,24.0,4.0,26.0,4.0,26.0,4.0,24.0,5.0,22.0,5.0,23.0,5.0,23.0,5.0,23.0,5.0,23.0,6.0,22.0,6.0,22.0,6.0,21.0,7.0,21.0,8.0,21.0,7.0,19.0,8.0,19.0,9.0,18.0,9.0,20.0,9.0,20.0,9.0,19.0,9.0,19.0,10.0,21.0,10.0,22.0,11.0,21.0,11.0,22.0,11.0,22.0,11.0,22.0,12.0,23.0,12.0,26.0,12.0,26.0,12.0,26.0,12.0,29.0,12.0,30.0,13.0
1759560677.359685000,00:03:7f:25:14:25,00:03:7f:25:14:25,0a:f5:a5:94:4b:df,0a:f5:a5:94:4b:df,12,13,11,14,11,14,10,14,7,15,0,15,59,15,54,14,52,13,52,13,51,12,50,12,50,12,51,11,51,11,51,10,51,10,50,9,50,9,49,8,49,8,49,8,49,7,50,6,50,5,49,5,49,5,50,5,50,4,50,4,49,3,49,2,51,2,52,1,55,1,57,1,59,1,62,0,6,0,12,1,13,1,13,2,13,2,12,3,12,3,12,4,14,4,15,5,14,6,14,6,14,7,14,7,15,7,14,8,14,8,14,9,13,10,13,10,13,11,13,11,14,11,14,12,13,12,13,13,14,13,13,14,12,14,10,14,5,15,60,15,55,14,52,14,50,13,49,13,49,12,49,12,49,12,50,11,50,10,49,10,48,9,48,8,48,8,48,8,48,7,49,6,49,5,50,5,51,5,51,4,51,4,51,4,51,3,51,2,53,2,55,1,57,1,58,1,60,1,63,1,2,1,5,1,8,2,8,2,9,3,10,3,10,3,11,4,11.0,5.0,11.0,5.0,11.0,6.0,11.0,7.0,12.0,7.0,12.0,7.0,11.0,7.0,12.0,8.0,12.0,8.0,11.0,10.0,13.0,10.0,11.0,11.0,10.0,11.0,9.0,12.0,7.0,12.0,7.0,13.0,7.0,13.0,7.0,13.0,4.0,14.0,0.0,14.0,60.0,14.0,57.0,13.0,55.0,13.0,55.0,13.0,55.0,13.0,54.0,12.0,54.0,12.0,53.0,11.0,52.0,11.0,51.0,10.0,50.0,10.0,50.0,10.0,50.0,9.0,51.0,9.0,51.0,8.0,51.0,8.0,50.0,7.0,51.0,6.0,52.0,6.0,53.0,5.0,53.0,5.0,53.0,5.0,52.0,4.0,52.0,4.0,52.0,4.0,53.0,3.0,54.0,2.0,55.0,2.0,57.0,2.0,58.0,1.0,59.0,1.0,62.0,1.0,3.0,1.0,6.0,2.0,7.0,2.0,9.0,3.0,9.0,3.0,9.0,3.0,10.0,3.0,11.0,4.0,11.0,5.0,11.0,5.0,11.0,6.0,11.0,6.0,11.0,7.0,12.0,7.0,11.0,7.0,12.0,8.0,12.0,9.0,13.0,9.0,13.0,9.0,12.0,10.0,11.0,10.0,12.0,10.0,11.0,11.0,10.0,11.0,9.0,12.0,8.0,13.0,8.0,13.0,9.0,13.0,7.0,14.0,2.0,14.0,60.0,14.0,57.0,14.0,55.0,14.0,54.0,14.0,54.0,13.0,53.0,13.0,53.0,12.0,52.0,12.0,51.0,11.0,51.0,11.0,50.0,11.0,49.0,10.0,49.0,10.0,49.0,9.0,49.0,9.0,49.0,8.0,49.0,8.0,50.0,7.0,50.0,6.0,50.0,6.0,50.0,6.0,50.0,5.0,50.0,5.0,49.0,4.0,49.0,3.0,50.0,2.0,50.0,2.0,52.0,2.0,53.0,1.0,55.0,1.0,56.0,0.0,0.0,0.0,7.0,0.0,10.0,1.0,11.0,1.0,11.0,2.0,11.0,2.0,11.0,3.0,12.0,3.0,13.0,4.0,14.0,4.0,14.0,5.0,14.0,5.0,13.0,6.0
1759560677.505559000,00:03:7f:25:14:25,00:03:7f:25:14:25,3a:c8:97:94:99:7a,3a:c8:97:94:99:7a,41,10,40,10,41,9,40,9,41,9,42,9,41,7,42,7,42,6,41,6,41,6,42,5,40,5,41,4,42,4,40,3,40,3,38,2,36,2,35,2,30,1,27,2,26,1,23,2,21,2,22,2,18,3,20,3,19,3,17,3,17,4,18,4,17,5,16,5,16,5,16,5,17,5,17,6,16,6,16,6,17,6,17,7,17,7,17,7,16,8,16,8,18,8,19,8,18,9,21,9,19,9,22,9,21,9,23,10,23,10,23,10,24,10,24,10,25,10,27,11,28,10,28,11,31,10,31,10,32,10,32,10,34,10,35,11,33,9,35,9,34,9,36,9,35,8,35,8,34,8,35,8,35,7,34,7,35,7,35,7,34,7,33,6,32,6,33,6,32,6,32,6,32,6,33,6,32,6,30,6,31,5,31,6,30,7,30,5,29,7,28,6,27,7,26,7,28,6,27,7,27,7,27,7,27,7,26,8,26,8,26,8,29,8,27,8,28.0,9.0,26.0,9.0,29.0,9.0,29.0,10.0,29.0,10.0,30.0,10.0,31.0,10.0,30.0,11.0,34.0,10.0,35.0,9.0,38.0,10.0,37.0,10.0,36.0,10.0,37.0,10.0,36.0,9.0,37.0,9.0,38.0,9.0,37.0,9.0,38.0,7.0,38.0,7.0,38.0,7.0,37.0,7.0,38.0,6.0,37.0,6.0,37.0,5.0,36.0,5.0,35.0,5.0,34.0,4.0,33.0,4.0,32.0,4.0,31.0,4.0,25.0,5.0,30.0,4.0,27.0,4.0,24.0,4.0,24.0,5.0,24.0,4.0,22.0,5.0,23.0,5.0,25.0,5.0,21.0,6.0,22.0,5.0,23.0,7.0,21.0,7.0,20.0,6.0,20.0,8.0,21.0,8.0,18.0,9.0,19.0,8.0,20.0,9.0,20.0,9.0,20.0,10.0,21.0,10.0,22.0,10.0,20.0,11.0,22.0,11.0,25.0,12.0,22.0,12.0,23.0,13.0,28.0,12.0,26.0,12.0,26.0,13.0,30.0,13.0,32.0,13.0,36.0,13.0,38.0,12.0,41.0,12.0,39.0,12.0,39.0,12.0,45.0,11.0,42.0,11.0,43.0,11.0,41.0,10.0,43.0,10.0,45.0,9.0,44.0,9.0,41.0,9.0,44.0,8.0,42.0,8.0,42.0,8.0,43.0,7.0,44.0,7.0,44.0,6.0,42.0,6.0,43.0,5.0,43.0,5.0,43.0,5.0,44.0,4.0,43.0,3.0,41.0,3.0,39.0,3.0,40.0,3.0,36.0,2.0,33.0,2.0,33.0,2.0,31.0,2.0,27.0,2.0,24.0,2.0,24.0,2.0,23.0,2.0,23.0,3.0,22.0,3.0,20.0,4.0,19.0,3.0,18.0,5.0,19.0,5.0,18.0,5.0,16.0,6.0,16.0,7.0,15.0,7.0,17.0,7.0,17.0,8.0,16.0,8.0,16.0,8.0,17.0,8.0,17.0,9.0,16.0,10.0,17.0,10.0,17.0,10.0,17.0,11.0,16.0,12.0,19.0,12.0,19.0,12.0,19.0,12.0,21.0,13.0,21.0,13.0
1759560677.945372000,00:03:7f:25:14:25,00:03:7f:25:14:25,3a:c8:97:94:99:7a,3a:c8:97:94:99:7a,44,11,44,11,45,10,45,10,45,9,46,9,45,8,46,8,47,6,45,6,46,6,47,5,44,4,46,4,48,3,47,3,47,2,46,2,45,1,41,0,14,0,15,0,14,0,14,1,12,2,15,2,12,2,13,3,15,3,12,4,14,4,14,4,14,5,13,5,13,6,13,6,14,6,14,7,13,7,13,7,15,7,14,8,13,8,13,9,12,9,13,9,14,10,15,10,14,10,16,10,14,11,17,11,17,12,19,12,19,12,18,13,22,13,22,13,24,13,27,13,31,13,32,13,35,12,35,12,37,12,38,11,39,11,40,11,38,10,40,9,39,9,40,8,39,8,39,8,39,7,39,7,38,6,38,6,38,5,38,5,36,5,34,4,33,4,33,4,32,4,32,4,32,4,31,4,31,4,28,4,29,4,28,4,27,5,27,4,26,6,25,5,23,6,22,7,24,6,23,7,23,7,23,7,24,7,22,8,22,8,22,9,26,9,23,10,25.0,10.0,24.0,10.0,25.0,11.0,26.0,12.0,26.0,12.0,28.0,12.0,29.0,13.0,32.0,12.0,35.0,13.0,40.0,12.0,42.0,12.0,41.0,11.0,42.0,11.0,41.0,11.0,40.0,10.0,41.0,10.0,43.0,9.0,42.0,9.0,43.0,7.0,43.0,8.0,44.0,7.0,42.0,6.0,44.0,6.0,43.0,5.0,44.0,5.0,43.0,4.0,41.0,3.0,42.0,3.0,40.0,2.0,38.0,2.0,36.0,2.0,24.0,1.0,32.0,1.0,23.0,1.0,15.0,2.0,17.0,2.0,16.0,2.0,14.0,3.0,16.0,3.0,18.0,3.0,13.0,5.0,15.0,4.0,16.0,5.0,15.0,6.0,13.0,5.0,14.0,7.0,16.0,7.0,12.0,8.0,13.0,7.0,14.0,9.0,15.0,9.0,14.0,9.0,15.0,9.0,16.0,10.0,13.0,10.0,14.0,11.0,17.0,12.0,14.0,12.0,13.0,13.0,18.0,13.0,18.0,13.0,15.0,14.0,18.0,14.0,15.0,15.0,43.0,15.0,46.0,14.0,49.0,14.0,45.0,14.0,46.0,13.0,51.0,12.0,47.0,13.0,49.0,12.0,46.0,11.0,47.0,11.0,49.0,10.0,48.0,10.0,45.0,10.0,47.0,9.0,47.0,9.0,46.0,8.0,47.0,7.0,47.0,7.0,48.0,6.0,45.0,7.0,47.0,5.0,48.0,5.0,47.0,5.0,49.0,4.0,48.0,3.0,47.0,3.0,46.0,3.0,46.0,3.0,44.0,2.0,44.0,1.0,41.0,1.0,40.0,0.0,25.0,0.0,17.0,0.0,18.0,1.0,17.0,1.0,19.0,2.0,18.0,2.0,16.0,3.0,15.0,3.0,14.0,4.0,15.0,5.0,15.0,5.0,13.0,6.0,14.0,6.0,12.0,7.0,14.0,7.0,15.0,7.0,14.0,7.0,13.0,8.0,15.0,8.0,14.0,9.0,14.0,9.0,14.0,10.0,15.0,10.0,14.0,10.0,13.0,11.0,15.0,11.0,16.0,11.0,14.0,12.0,16.0,12.0,14.0,13.0
1759560678.519066000,00:03:7f:25:14:25,00:03:7f:25:14:25,3a:c8:97:94:99:7a,3a:c8:97:94:99:7a,45,9,45,8,46,8,45,7,45,6,46,7,46,5,46,5,46,4,45,4,46,3,47,2,45,2,45,1,48,1,55,0,62,0,2,0,13,1,12,1,11,2,12,3,11,3,12,3,12,4,12,4,10,5,11,5,12,5,10,6,11,6,12,6,11,7,10,7,10,7,10,7,11,7,11,8,10,8,10,8,11,8,10,8,10,8,11,9,10,9,10,9,12,10,14,9,13,10,15,10,13,11,17,11,17,11,19,12,20,12,20,13,24,13,23,13,27,13,31,13,33,13,34,13,36,12,37,11,39,11,38,10,40,10,41,11,39,9,41,9,39,8,41,8,40,7,40,7,39,7,39,6,39,5,38,5,39,5,38,5,36,5,35,4,32,4,33,4,32,3,30,3,30,3,29,3,29,4,26,4,26,4,26,5,25,5,25,4,24,6,23,6,21,7,20,7,22,6,22,7,22,7,22,8,22,8,22,9,21,9,21,10,25,10,23,10,25.0,11.0,24.0,11.0,26.0,12.0,28.0,12.0,28.0,12.0,29.0,13.0,33.0,13.0,33.0,13.0,37.0,12.0,40.0,11.0,44.0,11.0,43.0,10.0,42.0,10.0,43.0,10.0,41.0,10.0,42.0,9.0,43.0,8.0,43.0,8.0,44.0,7.0,44.0,7.0,44.0,6.0,42.0,5.0,44.0,5.0,44.0,4.0,44.0,3.0,43.0,3.0,41.0,2.0,39.0,2.0,39.0,1.0,36.0,1.0,31.0,1.0,17.0,2.0,23.0,1.0,18.0,2.0,15.0,3.0,14.0,3.0,14.0,3.0,13.0,4.0,14.0,4.0,17.0,4.0,13.0,6.0,14.0,5.0,15.0,6.0,13.0,7.0,12.0,6.0,12.0,8.0,14.0,8.0,10.0,9.0,12.0,8.0,12.0,9.0,13.0,9.0,12.0,10.0,11.0,10.0,13.0,11.0,10.0,11.0,11.0,12.0,13.0,12.0,11.0,12.0,8.0,14.0,13.0,14.0,13.0,14.0,8.0,14.0,2.0,15.0,62.0,15.0,52.0,14.0,51.0,13.0,53.0,13.0,49.0,13.0,49.0,12.0,53.0,11.0,50.0,12.0,51.0,11.0,48.0,10.0,49.0,10.0,51.0,9.0,50.0,9.0,47.0,9.0,49.0,8.0,48.0,8.0,48.0,8.0,49.0,7.0,49.0,6.0,50.0,6.0,47.0,6.0,49.0,5.0,49.0,5.0,49.0,5.0,50.0,4.0,50.0,3.0,48.0,3.0,48.0,2.0,48.0,2.0,45.0,1.0,49.0,0.0,44.0,0.0,39.0,0.0,20.0,0.0,12.0,1.0,15.0,1.0,15.0,1.0,17.0,2.0,17.0,3.0,15.0,3.0,14.0,3.0,14.0,5.0,15.0,5.0,14.0,5.0,13.0,6.0,13.0,6.0,12.0,7.0,14.0,7.0,15.0,7.0,14.0,8.0,13.0,8.0,14.0,8.0,14.0,9.0,13.0,9.0,14.0,10.0,15.0,10.0,14.0,11.0,13.0,12.0,16.0,12.0,16.0,12.0,15.0,12.0,16.0,13.0,15.0,14.0
1759560678.913590000,00:03:7f:25:14:25,00:03:7f:25:14:25,0a:f5:a5:94:4b:df,0a:f5:a5:94:4b:df,13,13,12,14,12,15,12,15,9,15,61,15,54,15,52,14,51,13,50,13,50,12,49,12,50,12,50,11,51,11,51,10,50,10,49,9,49,9,49,8,49,8,49,7,49,7,49,6,49,5,49,5,49,5,49,5,49,4,49,4,48,3,48,2,49,1,51,1,54,1,57,1,59,0,63,0,10,0,14,1,15,1,14,2,14,2,13,3,13,3,12,4,15,5,15,5,15,6,15,6,15,7,15,7,15,7,15,8,14,8,14,9,14,10,14,10,14,11,15,11,15,11,15,12,15,12,15,13,16,14,17,14,17,15,16,15,11,15,55,15,51,14,50,13,48,13,47,13,47,12,47,12,48,11,48,11,49,10,48,9,47,9,47,8,47,8,47,7,47,7,48,6,49,5,50,4,50,4,50,4,50,4,50,3,50,3,50,2,52,1,56,1,59,1,60,1,63,1,2,1,5,1,8,1,10,2,10,3,10,3,10,3,11,4,12,4,11.0,5.0,12.0,6.0,11.0,6.0,12.0,7.0,12.0,7.0,12.0,7.0,12.0,7.0,12.0,8.0,12.0,9.0,11.0,10.0,13.0,10.0,11.0,11.0,11.0,11.0,9.0,12.0,8.0,13.0,7.0,13.0,7.0,14.0,8.0,14.0,5.0,14.0,0.0,14.0,59.0,14.0,56.0,13.0,54.0,13.0,53.0,13.0,53.0,13.0,52.0,12.0,53.0,12.0,53.0,11.0,52.0,11.0,51.0,10.0,49.0,10.0,49.0,9.0,50.0,9.0,50.0,9.0,50.0,8.0,50.0,8.0,49.0,7.0,50.0,6.0,51.0,6.0,52.0,5.0,53.0,5.0,52.0,5.0,51.0,4.0,51.0,4.0,51.0,3.0,52.0,3.0,53.0,2.0,54.0,2.0,55.0,2.0,56.0,1.0,55.0,1.0,59.0,0.0,3.0,1.0,7.0,2.0,8.0,2.0,10.0,2.0,10.0,2.0,10.0,2.0,12.0,3.0,12.0,4.0,13.0,4.0,12.0,5.0,12.0,6.0,12.0,6.0,13.0,6.0,13.0,6.0,13.0,7.0,13.0,8.0,14.0,8.0,15.0,9.0,15.0,9.0,14.0,10.0,13.0,10.0,13.0,10.0,13.0,11.0,12.0,11.0,11.0,12.0,11.0,13.0,11.0,13.0,13.0,13.0,13.0,14.0,8.0,15.0,57.0,15.0,52.0,15.0,49.0,15.0,48.0,14.0,50.0,14.0,50.0,13.0,51.0,13.0,50.0,12.0,48.0,12.0,48.0,11.0,47.0,11.0,46.0,11.0,46.0,10.0,46.0,10.0,47.0,9.0,47.0,9.0,46.0,8.0,47.0,7.0,47.0,6.0,48.0,6.0,48.0,6.0,48.0,5.0,47.0,5.0,46.0,4.0,45.0,4.0,44.0,2.0,43.0,2.0,44.0,1.0,44.0,1.0,41.0,1.0,35.0,0.0,29.0,1.0,24.0,1.0,20.0,1.0,19.0,2.0,17.0,2.0,17.0,2.0,16.0,3.0,17.0,4.0,17.0,4.0,18.0,5.0,18.0,5.0,17.0,6.0,16.0,6.0
1759560679.106339000,00:03:7f:25:14:25,00:03:7f:25:14:25,3a:c8:97:94:99:7a,3a:c8:97:94:99:7a,41,12,41,12,42,11,43,11,43,10,44,11,43,9,45,9,45,8,44,8,45,7,46,6,44,6,45,5,46,5,45,4,46,4,45,3,45,2,45,2,48,0,35,0,8,0,11,0,10,1,14,1,11,2,13,2,13,2,12,3,13,4,14,4,14,5,13,5,13,5,13,5,15,6,15,6,14,7,13,7,15,7,15,8,14,8,15,9,14,9,15,10,16,10,17,11,16,11,18,12,17,12,19,12,20,13,23,13,23,14,24,14,30,14,30,14,34,14,38,13,39,13,39,12,41,12,40,11,42,11,41,10,43,10,43,10,41,9,43,8,41,8,43,7,42,7,42,6,41,6,41,5,41,4,39,4,40,4,39,4,38,3,35,3,32,2,32,2,30,2,28,2,28,2,27,3,26,3,23,3,23,3,24,4,22,5,23,4,22,6,21,6,19,7,19,7,21,7,20,8,20,8,20,8,20,8,20,9,20,10,20,10,23,10,22,11,23.0,12.0,22.0,12.0,24.0,13.0,26.0,13.0,27.0,13.0,29.0,14.0,31.0,14.0,36.0,13.0,38.0,14.0,45.0,12.0,45.0,12.0,44.0,11.0,45.0,11.0,45.0,10.0,44.0,10.0,44.0,10.0,46.0,9.0,45.0,9.0,46.0,7.0,47.0,7.0,48.0,6.0,45.0,6.0,47.0,5.0,48.0,5.0,48.0,4.0,48.0,3.0,47.0,2.0,49.0,2.0,50.0,1.0,47.0,1.0,48.0,0.0,3.0,1.0,1.0,0.0,8.0,1.0,8.0,2.0,7.0,3.0,9.0,3.0,7.0,4.0,10.0,4.0,12.0,4.0,8.0,5.0,10.0,5.0,10.0,6.0,9.0,6.0,8.0,6.0,9.0,8.0,9.0,7.0,6.0,8.0,8.0,8.0,9.0,9.0,9.0,8.0,8.0,9.0,7.0,9.0,9.0,10.0,7.0,10.0,7.0,11.0,10.0,11.0,7.0,11.0,4.0,12.0,8.0,12.0,7.0,13.0,4.0,13.0,3.0,13.0,2.0,13.0,61.0,13.0,59.0,13.0,61.0,12.0,57.0,13.0,55.0,12.0,59.0,11.0,55.0,12.0,55.0,11.0,52.0,11.0,53.0,10.0,55.0,9.0,53.0,9.0,51.0,9.0,52.0,8.0,51.0,8.0,51.0,8.0,52.0,7.0,51.0,7.0,53.0,7.0,50.0,7.0,52.0,5.0,52.0,5.0,52.0,5.0,53.0,4.0,53.0,4.0,52.0,3.0,52.0,3.0,52.0,3.0,52.0,2.0,55.0,2.0,53.0,1.0,58.0,1.0,3.0,0.0,4.0,1.0,8.0,1.0,8.0,1.0,14.0,2.0,14.0,2.0,12.0,3.0,12.0,3.0,12.0,4.0,14.0,5.0,13.0,5.0,12.0,6.0,12.0,6.0,11.0,7.0,13.0,7.0,14.0,7.0,13.0,7.0,12.0,8.0,14.0,8.0,13.0,9.0,13.0,9.0,13.0,10.0,14.0,10.0,13.0,10.0,12.0,11.0,15.0,11.0,16.0,11.0,14.0,12.0,15.0,12.0,15.0,13.0
1759560679.556046000,00:03:7f:25:14:25,00:03:7f:25:14:25,3a:c8:97:94:99:7a,3a:c8:97:94:99:7a,31,10,30,10,31,9,31,10,31,10,33,11,32,9,35,9,34,8,34,8,33,9,35,8,34,9,36,8,36,8,35,7,35,7,34,7,34,7,35,7,33,6,33,6,33,6,32,5,32,5,32,5,30,6,30,6,31,5,29,6,29,5,30,5,29,6,29,5,27,6,28,6,30,6,29,6,28,6,28,6,29,6,30,7,29,7,29,8,29,8,29,8,31,7,32,7,30,8,33,8,31,8,32,7,31,7,31,7,32,7,32,7,31,7,30,7,30,7,31,7,32,6,30,7,32,6,32,6,32,7,31,7,32,7,32,7,29,6,32,6,29,6,32,6,30,7,30,7,29,7,30,7,30,7,28,7,29,6,30,7,29,7,28,7,27,8,29,8,28,7,29,7,29,7,30,7,31,8,28,8,29,8,30,8,30,9,30,7,29,8,29,8,28,9,27,9,30,8,30,9,30,8,30,8,30,8,29,9,30,9,30,9,33,9,31,9,32.0,9.0,31.0,9.0,33.0,9.0,33.0,9.0,33.0,9.0,35.0,10.0,34.0,9.0,34.0,9.0,36.0,8.0,36.0,8.0,38.0,7.0,36.0,7.0,36.0,8.0,36.0,7.0,35.0,7.0,35.0,7.0,37.0,7.0,35.0,7.0,36.0,6.0,36.0,6.0,35.0,5.0,34.0,6.0,35.0,5.0,33.0,5.0,33.0,5.0,33.0,5.0,31.0,5.0,30.0,5.0,30.0,4.0,30.0,5.0,29.0,5.0,23.0,6.0,29.0,5.0,25.0,6.0,22.0,5.0,23.0,6.0,24.0,4.0,22.0,6.0,23.0,6.0,26.0,5.0,20.0,7.0,24.0,5.0,23.0,8.0,22.0,8.0,22.0,6.0,22.0,8.0,24.0,8.0,19.0,9.0,21.0,8.0,23.0,10.0,23.0,9.0,24.0,9.0,24.0,9.0,24.0,10.0,23.0,10.0,25.0,11.0,29.0,11.0,25.0,11.0,27.0,12.0,30.0,11.0,29.0,10.0,27.0,11.0,30.0,12.0,32.0,12.0,34.0,11.0,36.0,11.0,37.0,10.0,35.0,10.0,35.0,10.0,42.0,10.0,38.0,10.0,40.0,10.0,37.0,9.0,39.0,9.0,41.0,8.0,40.0,8.0,37.0,8.0,40.0,8.0,39.0,8.0,38.0,7.0,39.0,6.0,40.0,6.0,41.0,5.0,38.0,6.0,39.0,5.0,39.0,5.0,39.0,5.0,40.0,5.0,38.0,4.0,36.0,4.0,35.0,4.0,36.0,4.0,33.0,4.0,30.0,4.0,31.0,4.0,30.0,4.0,28.0,4.0,26.0,4.0,27.0,3.0,26.0,4.0,27.0,4.0,26.0,5.0,24.0,5.0,24.0,4.0,22.0,6.0,22.0,6.0,22.0,6.0,20.0,6.0,20.0,7.0,19.0,8.0,21.0,8.0,22.0,8.0,21.0,8.0,20.0,8.0,22.0,8.0,21.0,9.0,21.0,9.0,22.0,10.0,22.0,10.0,22.0,10.0,23.0,11.0,25.0,11.0,25.0,10.0,24.0,11.0,27.0,11.0,27.0,12.0
1759560680.094592000,00:03:7f:25:14:25,00:03:7f:25:14:25,3a:c8:97:94:99:7a,3a:c8:97:94:99:7a,30,9,30,10,30,9,30,9,30,9,32,10,30,9,33,9,32,8,33,8,31,9,33,8,31,8,34,8,34,8,33,7,34,8,32,8,32,7,33,8,32,7,32,7,33,7,32,6,32,6,32,6,30,7,31,6,32,6,30,7,29,6,31,6,29,6,29,6,29,7,29,7,31,7,30,7,29,7,29,7,31,7,31,7,31,7,31,8,31,8,31,7,33,7,33,7,32,7,34,7,33,7,34,7,33,7,33,7,33,7,33,6,32,6,31,6,30,6,31,6,32,5,31,6,32,6,31,6,31,6,30,6,31,6,31,6,28,5,30,6,28,6,30,6,28,6,28,6,28,7,28,7,28,7,27,7,28,7,28,7,27,7,27,8,26,8,27,8,27,8,28,8,28,9,29,8,30,9,28,9,29,9,30,9,30,10,31,9,30,9,30,9,30,10,29,10,32,9,31,9,32,9,32,9,32,9,32,9,32,9,32,9,36,9,34,9,36.0,9.0,34.0,9.0,35.0,9.0,36.0,9.0,35.0,8.0,38.0,9.0,36.0,8.0,36.0,8.0,38.0,7.0,37.0,7.0,38.0,6.0,37.0,6.0,37.0,6.0,36.0,6.0,35.0,6.0,34.0,6.0,36.0,5.0,35.0,5.0,34.0,4.0,34.0,5.0,32.0,4.0,32.0,5.0,32.0,4.0,30.0,4.0,29.0,4.0,29.0,5.0,27.0,5.0,27.0,5.0,26.0,5.0,26.0,5.0,25.0,5.0,20.0,7.0,26.0,6.0,22.0,7.0,20.0,7.0,21.0,8.0,21.0,6.0,20.0,8.0,21.0,7.0,24.0,7.0,19.0,9.0,23.0,7.0,22.0,9.0,21.0,9.0,21.0,8.0,22.0,10.0,23.0,10.0,20.0,11.0,21.0,10.0,23.0,11.0,24.0,10.0,25.0,11.0,26.0,11.0,26.0,11.0,26.0,11.0,29.0,11.0,32.0,12.0,29.0,11.0,31.0,12.0,35.0,11.0,32.0,11.0,32.0,11.0,34.0,11.0,36.0,11.0,37.0,10.0,38.0,10.0,40.0,10.0,38.0,10.0,37.0,10.0,43.0,8.0,40.0,9.0,41.0,9.0,38.0,8.0,40.0,8.0,42.0,7.0,41.0,7.0,39.0,7.0,40.0,6.0,39.0,6.0,39.0,6.0,39.0,5.0,40.0,5.0,40.0,4.0,38.0,5.0,37.0,4.0,38.0,4.0,37.0,4.0,39.0,4.0,35.0,4.0,34.0,4.0,33.0,4.0,33.0,3.0,30.0,4.0,27.0,4.0,28.0,4.0,28.0,4.0,26.0,4.0,25.0,4.0,25.0,4.0,25.0,5.0,25.0,5.0,25.0,5.0,23.0,6.0,24.0,5.0,22.0,7.0,22.0,7.0,22.0,7.0,20.0,8.0,20.0,8.0,20.0,8.0,21.0,8.0,22.0,9.0,21.0,9.0,21.0,9.0,22.0,9.0,22.0,10.0,23.0,10.0,23.0,10.0,23.0,11.0,23.0,11.0,24.0,11.0,27.0,11.0,26.0,11.0,26.0,11.0,28.0,11.0,29.0,12.0
1759560680.468984000,00:03:7f:25:14:25,00:03:7f:25:14:25,0a:f5:a5:94:4b:df,0a:f5:a5:94:4b:df,14,13,14,14,15,15,17,15,19,15,48,15,50,15,50,14,49,13,49,13,49,12,48,12,48,12,49,11,50,11,50,10,50,10,49,9,48,9,48,8,48,8,48,7,48,7,49,6,49,5,48,5,48,4,48,4,49,4,49,4,48,3,47,2,48,1,50,1,53,1,56,0,59,0,0,0,13,0,16,1,16,2,15,2,14,3,13,3,13,3,13,4,15,5,16,5,15,6,15,6,15,7,16,7,16,7,15,8,15,9,15,9,14,10,14,10,15,11,15,11,15,11,15,12,15,12,16,13,17,14,18,14,18,14,18,15,16,15,51,15,49,14,48,14,47,13,46,13,46,12,46,12,47,12,48,11,48,10,48,10,47,9,46,8,47,8,47,8,47,7,47,6,48,5,49,5,49,4,49,4,49,4,49,4,48,3,48,2,49,2,51,1,54,1,56,1,59,1,63,0,5,0,10,1,12,1,11,2,11,3,11,3,12,3,13,4,12.0,5.0,13.0,5.0,12.0,6.0,13.0,6.0,13.0,7.0,13.0,7.0,13.0,7.0,13.0,8.0,14.0,8.0,13.0,10.0,15.0,10.0,12.0,11.0,12.0,11.0,10.0,12.0,9.0,13.0,9.0,13.0,11.0,14.0,11.0,14.0,7.0,14.0,2.0,14.0,60.0,14.0,55.0,14.0,53.0,14.0,52.0,13.0,52.0,13.0,51.0,13.0,52.0,12.0,52.0,12.0,51.0,11.0,50.0,10.0,48.0,10.0,48.0,10.0,49.0,9.0,49.0,9.0,50.0,9.0,49.0,8.0,49.0,8.0,50.0,7.0,51.0,6.0,52.0,6.0,52.0,5.0,51.0,5.0,51.0,5.0,50.0,4.0,50.0,4.0,51.0,3.0,52.0,2.0,53.0,2.0,53.0,2.0,54.0,1.0,52.0,1.0,55.0,0.0,2.0,0.0,7.0,1.0,9.0,2.0,10.0,2.0,10.0,2.0,11.0,2.0,12.0,3.0,12.0,4.0,13.0,4.0,12.0,5.0,12.0,5.0,13.0,6.0,13.0,6.0,13.0,6.0,13.0,7.0,13.0,8.0,14.0,8.0,15.0,9.0,15.0,9.0,14.0,9.0,13.0,10.0,14.0,10.0,14.0,11.0,13.0,11.0,12.0,12.0,12.0,13.0,12.0,13.0,14.0,13.0,14.0,14.0,13.0,15.0,58.0,15.0,51.0,15.0,48.0,15.0,47.0,14.0,48.0,14.0,49.0,13.0,50.0,13.0,50.0,12.0,48.0,12.0,48.0,11.0,47.0,11.0,46.0,11.0,46.0,10.0,46.0,10.0,47.0,9.0,46.0,9.0,46.0,8.0,47.0,7.0,47.0,6.0,47.0,6.0,48.0,6.0,47.0,6.0,47.0,5.0,46.0,4.0,45.0,4.0,44.0,2.0,44.0,2.0,44.0,1.0,44.0,1.0,41.0,1.0,36.0,1.0,30.0,1.0,25.0,1.0,21.0,1.0,19.0,2.0,17.0,2.0,16.0,2.0,16.0,3.0,16.0,3.0,17.0,4.0,17.0,5.0,17.0,5.0,17.0,6.0,16.0,6.0
1759560680.691717000,00:03:7f:25:14:25,00:03:7f:25:14:25,3a:c8:97:94:99:7a,3a:c8:97:94:99:7a,31,11,32,11,33,11,32,11,33,11,34,12,34,10,36,10,35,9,35,9,35,9,37,9,35,9,37,8,37,8,36,7,36,8,35,7,34,7,34,7,33,6,33,7,34,6,32,6,32,6,33,6,30,6,31,6,32,6,30,7,29,6,30,6,29,7,29,7,28,7,29,7,30,7,30,7,29,8,29,8,30,8,31,8,30,8,30,9,30,9,30,9,33,9,33,9,32,9,35,9,33,9,35,8,34,8,34,8,35,8,34,7,34,7,32,7,32,7,34,7,35,6,33,7,34,6,34,6,34,6,33,6,34,6,34,6,31,5,33,5,30,6,32,5,30,6,30,6,29,6,30,6,29,6,28,6,29,6,28,6,27,6,26,7,26,7,27,7,26,7,27,7,27,7,28,8,28,8,26,8,27,8,28,8,28,9,28,8,28,9,27,9,27,9,26,10,28,9,29,10,29,10,30,10,30,10,30,10,31,10,30,10,34,10,32,10,34.0,10.0,32.0,10.0,34.0,10.0,35.0,10.0,35.0,10.0,37.0,10.0,37.0,9.0,36.0,9.0,38.0,9.0,39.0,8.0,40.0,8.0,38.0,8.0,38.0,7.0,38.0,7.0,37.0,7.0,37.0,7.0,38.0,7.0,37.0,6.0,37.0,5.0,37.0,6.0,36.0,4.0,35.0,5.0,35.0,5.0,34.0,4.0,33.0,4.0,32.0,4.0,30.0,4.0,29.0,4.0,28.0,4.0,27.0,4.0,27.0,4.0,21.0,6.0,26.0,5.0,23.0,5.0,21.0,5.0,20.0,6.0,22.0,5.0,20.0,7.0,22.0,6.0,24.0,5.0,20.0,7.0,23.0,6.0,23.0,8.0,21.0,8.0,22.0,7.0,22.0,8.0,23.0,8.0,20.0,9.0,21.0,8.0,23.0,9.0,23.0,9.0,24.0,10.0,25.0,9.0,26.0,10.0,25.0,10.0,26.0,10.0,30.0,11.0,27.0,10.0,28.0,11.0,31.0,10.0,30.0,10.0,29.0,11.0,31.0,11.0,33.0,11.0,34.0,10.0,36.0,10.0,37.0,10.0,35.0,10.0,35.0,10.0,40.0,9.0,37.0,9.0,38.0,10.0,36.0,9.0,38.0,8.0,40.0,7.0,39.0,8.0,37.0,8.0,39.0,7.0,38.0,7.0,37.0,7.0,38.0,6.0,38.0,6.0,38.0,5.0,36.0,6.0,36.0,5.0,37.0,5.0,36.0,5.0,38.0,5.0,35.0,4.0,34.0,4.0,33.0,4.0,32.0,4.0,31.0,4.0,27.0,4.0,29.0,5.0,28.0,4.0,27.0,5.0,25.0,4.0,25.0,5.0,25.0,5.0,26.0,5.0,25.0,6.0,24.0,6.0,24.0,5.0,22.0,7.0,22.0,7.0,22.0,7.0,20.0,8.0,21.0,8.0,20.0,8.0,21.0,8.0,22.0,9.0,21.0,9.0,21.0,10.0,22.0,9.0,23.0,10.0,23.0,10.0,23.0,11.0,23.0,11.0,24.0,11.0,25.0,12.0,27.0,11.0,26.0,11.0,27.0,12.0,29.0,12.0,30.0,12.0
1759560681.089186000,00:03:7f:25:14:25,00:03:7f:25:14:25,3a:c8:97:94:99:7a,3a:c8:97:94:99:7a,30,10,30,10,30,10,30,10,31,10,31,11,32,9,34,10,34,9,33,9,32,9,35,9,33,9,35,8,35,8,34,8,35,8,33,8,34,7,34,8,33,7,33,7,33,7,33,7,33,6,33,6,30,7,32,6,33,6,31,7,30,6,31,7,30,7,31,7,30,7,30,7,32,7,31,7,30,7,30,7,32,7,32,7,32,7,31,8,31,8,31,7,33,7,34,7,33,7,34,7,33,7,34,7,33,7,33,7,33,7,33,6,32,6,31,6,30,6,31,6,32,6,31,6,32,6,32,6,32,6,31,6,32,6,31,7,29,6,31,6,29,6,30,6,29,6,29,6,28,7,29,7,29,6,28,7,29,7,29,7,28,7,27,7,27,8,28,8,27,8,28,8,28,8,29,8,29,8,28,8,29,8,30,8,29,9,30,8,29,9,29,9,29,9,28,10,30,9,30,9,31,9,31,9,31,9,31,9,31,9,31,9,34,9,32,9,34.0,9.0,32.0,9.0,34.0,9.0,34.0,9.0,34.0,9.0,36.0,9.0,35.0,8.0,35.0,9.0,37.0,8.0,37.0,8.0,38.0,7.0,37.0,7.0,36.0,8.0,36.0,8.0,35.0,7.0,35.0,7.0,36.0,7.0,36.0,7.0,35.0,6.0,36.0,6.0,34.0,5.0,34.0,6.0,34.0,5.0,33.0,5.0,32.0,5.0,32.0,5.0,31.0,5.0,31.0,6.0,29.0,5.0,29.0,6.0,28.0,5.0,24.0,7.0,29.0,6.0,26.0,6.0,24.0,6.0,25.0,7.0,25.0,6.0,23.0,7.0,25.0,7.0,27.0,6.0,24.0,7.0,26.0,6.0,27.0,8.0,25.0,8.0,25.0,7.0,26.0,8.0,27.0,8.0,24.0,9.0,25.0,8.0,25.0,9.0,26.0,8.0,27.0,9.0,27.0,9.0,27.0,9.0,27.0,9.0,28.0,9.0,32.0,10.0,28.0,9.0,29.0,11.0,32.0,10.0,30.0,10.0,29.0,10.0,31.0,10.0,32.0,10.0,34.0,9.0,35.0,9.0,37.0,9.0,34.0,9.0,34.0,9.0,39.0,9.0,37.0,9.0,37.0,9.0,35.0,8.0,37.0,8.0,39.0,7.0,38.0,7.0,36.0,8.0,38.0,7.0,37.0,7.0,36.0,7.0,37.0,6.0,38.0,6.0,38.0,5.0,35.0,6.0,36.0,5.0,37.0,5.0,36.0,5.0,38.0,5.0,35.0,5.0,34.0,4.0,33.0,5.0,32.0,4.0,31.0,4.0,28.0,5.0,29.0,5.0,29.0,4.0,27.0,5.0,26.0,5.0,26.0,5.0,26.0,5.0,26.0,5.0,25.0,6.0,25.0,6.0,25.0,5.0,23.0,7.0,23.0,7.0,23.0,7.0,21.0,7.0,21.0,8.0,20.0,8.0,22.0,8.0,22.0,8.0,21.0,8.0,21.0,9.0,23.0,9.0,23.0,9.0,23.0,10.0,23.0,10.0,24.0,10.0,24.0,10.0,24.0,11.0,26.0,11.0,26.0,11.0,26.0,11.0,28.0,11.0,29.0,12.0
1759560681.501250000,00:03:7f:25:14:25,00:03:7f:25:14:25,3a:c8:97:94:99:7a,3a:c8:97:94:99:7a,28,9,28,9,29,9,28,9,29,10,29,11,30,9,32,10,31,9,32,9,31,9,33,9,31,9,34,9,34,9,33,8,34,8,32,8,33,8,34,8,33,7,33,8,33,7,33,7,33,7,34,7,31,7,32,7,33,6,31,7,31,6,32,6,30,6,31,6,30,6,30,6,31,6,31,6,30,6,30,6,30,6,31,6,31,6,30,7,30,7,29,6,31,7,32,6,30,7,32,7,30,7,32,7,30,6,31,6,30,7,30,6,30,6,29,7,28,6,30,7,31,6,30,7,30,6,30,7,31,6,29,7,31,7,31,7,28,6,31,6,28,7,30,7,29,7,29,7,29,7,29,7,29,7,28,7,29,7,29,7,28,7,28,8,27,8,28,8,28,8,28,8,29,8,30,8,30,8,28,8,29,8,30,8,30,9,30,8,30,9,30,9,29,9,28,9,30,9,30,9,31,9,31,9,30,9,30,9,31,9,31,9,34,9,32,9,34.0,9.0,32.0,9.0,34.0,9.0,34.0,9.0,34.0,9.0,36.0,9.0,35.0,8.0,35.0,9.0,36.0,8.0,36.0,8.0,39.0,7.0,37.0,7.0,36.0,8.0,36.0,7.0,35.0,7.0,35.0,7.0,36.0,7.0,36.0,7.0,35.0,6.0,36.0,6.0,35.0,5.0,34.0,5.0,35.0,5.0,33.0,5.0,33.0,5.0,32.0,5.0,31.0,5.0,30.0,5.0,30.0,4.0,28.0,5.0,29.0,5.0,23.0,6.0,28.0,5.0,25.0,6.0,23.0,5.0,23.0,6.0,24.0,5.0,21.0,6.0,24.0,6.0,26.0,6.0,21.0,7.0,24.0,6.0,24.0,7.0,23.0,8.0,23.0,7.0,23.0,8.0,24.0,8.0,21.0,9.0,22.0,8.0,23.0,9.0,23.0,9.0,24.0,9.0,24.0,9.0,25.0,10.0,24.0,10.0,26.0,10.0,30.0,11.0,26.0,10.0,27.0,11.0,31.0,10.0,29.0,10.0,28.0,11.0,31.0,11.0,31.0,11.0,34.0,10.0,35.0,10.0,37.0,10.0,35.0,10.0,35.0,10.0,41.0,10.0,38.0,10.0,39.0,10.0,37.0,9.0,39.0,9.0,40.0,8.0,39.0,8.0,37.0,8.0,39.0,7.0,38.0,8.0,38.0,8.0,39.0,6.0,39.0,6.0,39.0,6.0,38.0,6.0,38.0,5.0,38.0,5.0,38.0,5.0,39.0,5.0,37.0,4.0,35.0,4.0,35.0,4.0,35.0,4.0,33.0,4.0,30.0,4.0,31.0,4.0,30.0,4.0,28.0,4.0,27.0,4.0,27.0,4.0,27.0,4.0,27.0,4.0,26.0,5.0,25.0,5.0,24.0,4.0,23.0,6.0,23.0,6.0,23.0,6.0,21.0,7.0,21.0,7.0,20.0,7.0,22.0,7.0,22.0,8.0,21.0,8.0,21.0,8.0,22.0,8.0,22.0,9.0,22.0,9.0,22.0,9.0,23.0,10.0,22.0,10.0,23.0,11.0,25.0,10.0,24.0,10.0,25.0,11.0,27.0,11.0,27.0,11.0
1759560681.894815000,00:03:7f:25:14:25,00:03:7f:25:14:25,3a:c8:97:94:99:7a,3a:c8:97:94:99:7a,28,11,28,11,29,11,29,11,30,11,31,12,31,11,34,11,33,10,34,10,33,11,35,10,34,10,37,10,37,10,36,9,37,9,36,9,36,8,36,8,35,7,36,8,36,7,35,7,35,7,36,6,33,7,34,7,34,6,33,7,32,6,33,6,31,6,31,6,30,6,31,6,32,6,31,6,30,7,30,7,31,7,31,7,31,7,31,7,31,8,30,7,32,8,33,7,32,8,33,8,32,7,34,7,32,7,33,7,33,7,33,7,32,7,31,7,31,6,31,6,33,6,31,6,32,6,32,6,32,6,31,6,32,6,32,7,29,6,31,6,29,6,31,6,29,6,29,7,29,7,29,7,29,6,28,7,29,7,29,7,28,7,27,8,26,8,28,8,27,8,28,8,28,8,29,8,30,8,28,8,29,8,30,9,30,9,30,8,30,9,30,9,29,9,28,10,30,9,31,9,31,9,31,9,31,9,31,9,32,9,31,9,35,9,33,9,35.0,9.0,33.0,9.0,35.0,9.0,35.0,9.0,35.0,9.0,37.0,9.0,36.0,8.0,36.0,8.0,37.0,8.0,37.0,8.0,38.0,7.0,37.0,7.0,36.0,7.0,36.0,7.0,35.0,7.0,35.0,6.0,36.0,6.0,35.0,6.0,35.0,5.0,35.0,5.0,34.0,4.0,33.0,5.0,34.0,5.0,32.0,4.0,31.0,4.0,31.0,5.0,30.0,4.0,29.0,5.0,28.0,4.0,28.0,5.0,27.0,5.0,22.0,6.0,27.0,5.0,24.0,6.0,22.0,5.0,22.0,6.0,23.0,5.0,21.0,7.0,23.0,6.0,25.0,6.0,21.0,7.0,24.0,6.0,24.0,8.0,23.0,8.0,23.0,7.0,23.0,8.0,25.0,8.0,21.0,9.0,22.0,8.0,24.0,9.0,25.0,9.0,25.0,9.0,26.0,9.0,26.0,10.0,25.0,10.0,26.0,10.0,30.0,10.0,27.0,10.0,28.0,11.0,31.0,10.0,29.0,10.0,28.0,10.0,31.0,10.0,32.0,10.0,33.0,10.0,34.0,10.0,36.0,10.0,34.0,10.0,34.0,10.0,39.0,9.0,36.0,9.0,37.0,10.0,35.0,9.0,37.0,8.0,39.0,8.0,38.0,8.0,36.0,8.0,37.0,7.0,36.0,7.0,36.0,7.0,36.0,6.0,37.0,6.0,37.0,6.0,35.0,6.0,35.0,6.0,36.0,6.0,36.0,6.0,38.0,6.0,35.0,5.0,34.0,5.0,33.0,5.0,33.0,5.0,31.0,5.0,28.0,5.0,30.0,5.0,29.0,5.0,28.0,5.0,26.0,5.0,27.0,5.0,27.0,5.0,27.0,6.0,27.0,6.0,25.0,6.0,26.0,5.0,24.0,7.0,24.0,7.0,24.0,7.0,22.0,8.0,22.0,8.0,21.0,8.0,23.0,8.0,24.0,9.0,23.0,9.0,22.0,9.0,24.0,9.0,24.0,9.0,24.0,10.0,25.0,10.0,25.0,10.0,25.0,10.0,26.0,11.0,28.0,11.0,28.0,10.0,28.0,11.0,29.0,11.0,30.0,11.0
1759560682.025555000,00:03:7f:25:14:25,00:03:7f:25:14:25,0a:f5:a5:94:4b:df,0a:f5:a5:94:4b:df,12,13,11,14,11,14,11,14,10,15,4,15,59,15,55,14,53,13,52,13,51,12,50,12,50,12,51,12,52,11,52,11,51,10,50,9,50,9,49,8,49,8,49,8,49,7,50,6,50,5,49,5,49,5,50,5,50,5,50,4,49,3,49,2,50,2,52,1,54,1,56,1,58,1,60,0,5,0,12,1,14,1,13,2,13,2,12,3,11,3,11,3,14,4,15,5,14,6,14,6,14,6,15,7,15,7,15,8,14,8,14,9,14,10,13,10,14,10,14,11,14,11,14,11,14,12,14,13,14,13,15,14,14,14,14,14,9,15,61,15,55,14,52,13,50,13,48,13,48,13,48,12,49,12,50,11,50,10,49,10,48,9,47,9,48,8,48,8,48,7,49,7,49,6,50,5,51,5,51,4,50,4,50,4,50,3,50,2,52,2,54,1,55,1,57,1,59,1,61,1,0,1,4,1,8,1,8,2,9,3,9,3,10,3,11,4,11.0,4.0,11.0,5.0,11.0,6.0,12.0,6.0,12.0,7.0,12.0,7.0,12.0,7.0,12.0,8.0,12.0,8.0,12.0,10.0,14.0,10.0,11.0,10.0,11.0,11.0,10.0,11.0,8.0,12.0,7.0,13.0,8.0,13.0,9.0,14.0,6.0,14.0,2.0,14.0,61.0,14.0,58.0,13.0,55.0,13.0,54.0,13.0,54.0,13.0,53.0,13.0,54.0,12.0,53.0,12.0,52.0,11.0,51.0,10.0,50.0,10.0,49.0,10.0,50.0,9.0,50.0,9.0,51.0,9.0,50.0,8.0,50.0,7.0,50.0,7.0,51.0,6.0,52.0,6.0,53.0,5.0,52.0,5.0,51.0,5.0,51.0,4.0,52.0,4.0,53.0,3.0,53.0,2.0,54.0,2.0,55.0,2.0,56.0,1.0,56.0,1.0,58.0,0.0,2.0,1.0,6.0,2.0,7.0,2.0,9.0,2.0,8.0,2.0,9.0,3.0,10.0,3.0,11.0,4.0,12.0,5.0,11.0,5.0,11.0,6.0,11.0,6.0,12.0,6.0,12.0,6.0,12.0,7.0,12.0,8.0,13.0,8.0,14.0,9.0,14.0,9.0,12.0,10.0,12.0,10.0,12.0,10.0,12.0,10.0,11.0,11.0,10.0,12.0,9.0,12.0,9.0,13.0,10.0,13.0,9.0,14.0,4.0,14.0,61.0,14.0,58.0,14.0,55.0,14.0,53.0,14.0,53.0,14.0,54.0,13.0,54.0,13.0,52.0,12.0,51.0,11.0,50.0,11.0,49.0,11.0,48.0,11.0,48.0,10.0,48.0,10.0,49.0,9.0,49.0,9.0,49.0,8.0,49.0,7.0,49.0,6.0,50.0,6.0,50.0,6.0,50.0,6.0,49.0,5.0,49.0,4.0,48.0,4.0,48.0,3.0,48.0,2.0,49.0,2.0,51.0,2.0,51.0,1.0,49.0,0.0,48.0,0.0,8.0,0.0,13.0,1.0,13.0,1.0,12.0,1.0,12.0,2.0,12.0,2.0,13.0,3.0,14.0,4.0,15.0,4.0,15.0,5.0,15.0,5.0,14.0,6.0
1759560682.410699000,00:03:7f:25:14:25,00:03:7f:25:14:25,3a:c8:97:94:99:7a,3a:c8:97:94:99:7a,28,11,29,11,30,11,30,11,31,11,32,12,32,11,34,11,34,10,35,10,34,10,36,10,34,10,37,9,37,9,36,8,37,9,36,8,36,8,36,8,35,7,35,7,35,7,35,7,34,6,35,6,32,6,34,6,34,6,33,6,32,6,33,6,31,6,31,6,30,6,31,6,32,6,32,6,30,6,30,7,32,6,33,6,32,6,32,7,32,6,31,6,34,6,34,6,32,6,34,6,32,6,34,5,32,6,32,6,32,6,31,5,30,6,29,5,28,6,29,6,31,5,29,6,30,6,30,6,30,6,29,6,30,6,30,7,28,6,30,6,28,7,30,7,28,7,28,7,28,7,29,7,29,7,28,8,29,7,29,8,28,8,28,8,27,8,29,8,28,8,29,8,29,8,30,8,31,8,29,8,30,8,31,8,30,9,31,8,30,8,30,8,29,9,28,9,30,8,30,8,30,8,30,9,31,9,30,9,30,8,30,9,33,9,31,9,33.0,9.0,30.0,9.0,32.0,9.0,33.0,9.0,32.0,9.0,34.0,10.0,34.0,9.0,34.0,10.0,36.0,8.0,35.0,8.0,39.0,8.0,37.0,8.0,36.0,8.0,36.0,8.0,35.0,8.0,36.0,7.0,37.0,7.0,36.0,7.0,36.0,6.0,37.0,7.0,35.0,6.0,35.0,6.0,35.0,5.0,34.0,5.0,34.0,5.0,34.0,5.0,32.0,5.0,32.0,5.0,31.0,5.0,30.0,5.0,30.0,5.0,25.0,6.0,30.0,5.0,27.0,5.0,25.0,5.0,25.0,6.0,26.0,5.0,24.0,6.0,26.0,6.0,28.0,5.0,24.0,6.0,27.0,5.0,26.0,7.0,25.0,7.0,25.0,6.0,24.0,7.0,25.0,7.0,22.0,8.0,23.0,7.0,24.0,8.0,24.0,8.0,25.0,9.0,25.0,9.0,26.0,9.0,25.0,9.0,26.0,9.0,29.0,10.0,26.0,10.0,26.0,11.0,30.0,10.0,28.0,10.0,27.0,11.0,30.0,10.0,30.0,10.0,32.0,10.0,33.0,10.0,35.0,10.0,33.0,11.0,34.0,11.0,39.0,10.0,36.0,10.0,37.0,10.0,35.0,10.0,37.0,9.0,39.0,9.0,38.0,9.0,37.0,9.0,39.0,8.0,38.0,8.0,38.0,8.0,38.0,7.0,39.0,7.0,39.0,7.0,37.0,7.0,38.0,6.0,39.0,6.0,38.0,6.0,40.0,6.0,39.0,5.0,37.0,5.0,36.0,5.0,36.0,5.0,34.0,4.0,32.0,4.0,33.0,4.0,32.0,4.0,31.0,4.0,29.0,4.0,29.0,4.0,28.0,4.0,28.0,4.0,27.0,4.0,26.0,4.0,26.0,4.0,24.0,5.0,24.0,5.0,23.0,5.0,21.0,6.0,21.0,6.0,20.0,7.0,21.0,7.0,22.0,7.0,21.0,7.0,20.0,8.0,22.0,8.0,22.0,9.0,21.0,9.0,22.0,9.0,22.0,9.0,21.0,10.0,21.0,11.0,24.0,11.0,24.0,10.0,24.0,11.0,26.0,11.0,26.0,12.0
1759560682.838990000,00:03:7f:25:14:25,00:03:7f:25:14:25,3a:c8:97:94:99:7a,3a:c8:97:94:99:7a,32,11,33,11,33,10,33,10,34,10,34,11,34,9,36,10,36,9,35,9,35,9,36,8,34,8,37,8,37,8,35,7,36,7,34,7,34,6,34,7,33,6,33,6,33,6,32,6,32,6,32,6,29,6,31,6,31,6,29,6,29,6,30,6,28,7,28,7,28,7,28,7,30,7,30,7,29,8,29,8,31,8,32,8,32,8,32,8,32,8,32,8,34,8,34,7,33,7,35,7,33,7,35,7,33,6,33,7,33,6,33,6,32,6,31,6,31,6,32,6,33,6,32,6,32,6,32,6,33,6,31,6,32,6,32,7,30,6,32,6,29,6,31,6,30,6,29,6,29,6,30,6,29,6,28,7,29,6,29,7,28,7,27,7,27,7,28,7,27,7,28,7,28,8,29,7,29,8,28,8,28,8,29,8,29,9,29,8,29,9,28,8,28,9,27,9,29,8,29,9,29,9,30,9,30,9,30,9,30,9,30,9,33,9,31,9,33.0,9.0,31.0,9.0,33.0,10.0,34.0,10.0,33.0,9.0,35.0,10.0,35.0,9.0,35.0,10.0,37.0,9.0,37.0,8.0,39.0,8.0,38.0,7.0,37.0,8.0,37.0,8.0,36.0,7.0,36.0,7.0,37.0,6.0,37.0,6.0,36.0,5.0,37.0,6.0,36.0,5.0,34.0,5.0,35.0,5.0,34.0,4.0,33.0,4.0,33.0,4.0,31.0,4.0,31.0,4.0,30.0,4.0,29.0,4.0,28.0,4.0,24.0,5.0,28.0,5.0,25.0,5.0,24.0,5.0,23.0,6.0,24.0,5.0,22.0,6.0,24.0,6.0,26.0,5.0,22.0,6.0,24.0,6.0,24.0,7.0,23.0,7.0,23.0,6.0,22.0,8.0,24.0,8.0,20.0,9.0,22.0,8.0,23.0,9.0,23.0,9.0,23.0,9.0,24.0,9.0,24.0,10.0,24.0,10.0,25.0,11.0,28.0,11.0,25.0,11.0,26.0,12.0,30.0,11.0,28.0,11.0,28.0,12.0,31.0,12.0,32.0,12.0,34.0,11.0,35.0,11.0,37.0,11.0,35.0,11.0,36.0,11.0,41.0,11.0,39.0,11.0,40.0,11.0,38.0,10.0,40.0,10.0,42.0,9.0,41.0,9.0,39.0,9.0,41.0,8.0,40.0,8.0,40.0,8.0,41.0,7.0,41.0,7.0,42.0,6.0,39.0,6.0,40.0,6.0,41.0,5.0,41.0,5.0,42.0,5.0,40.0,4.0,39.0,4.0,38.0,4.0,38.0,4.0,35.0,3.0,32.0,3.0,33.0,3.0,32.0,3.0,29.0,3.0,27.0,3.0,27.0,3.0,26.0,3.0,26.0,3.0,25.0,4.0,24.0,4.0,23.0,3.0,22.0,5.0,21.0,5.0,21.0,5.0,19.0,6.0,19.0,7.0,18.0,7.0,19.0,7.0,20.0,7.0,19.0,8.0,18.0,8.0,20.0,8.0,20.0,9.0,19.0,9.0,20.0,10.0,20.0,10.0,19.0,10.0,20.0,11.0,22.0,11.0,22.0,11.0,22.0,12.0,24.0,12.0,25.0,13.0
1759560683.263827000,00:03:7f:25:14:25,00:03:7f:25:14:25,3a:c8:97:94:99:7a,3a:c8:97:94:99:7a,38,10,37,10,38,10,37,10,38,9,39,10,38,8,39,8,39,7,38,7,38,7,39,6,36,6,37,6,37,5,35,4,36,4,34,4,33,4,32,5,29,4,29,4,28,4,27,4,27,4,28,5,24,5,25,6,26,6,23,6,24,6,25,6,24,7,24,7,23,8,24,8,26,9,26,9,25,9,25,9,27,9,27,10,27,10,28,11,29,11,29,10,32,10,33,10,32,10,34,10,34,10,35,9,34,9,34,8,35,8,35,8,34,8,33,8,33,8,34,8,36,7,34,7,36,6,35,7,36,6,35,7,36,6,36,7,33,5,36,5,33,5,35,5,33,5,32,5,31,6,31,5,31,5,29,5,30,4,30,5,29,5,28,6,26,6,27,6,27,6,27,6,27,6,28,6,28,7,25,7,26,7,27,8,26,8,27,7,26,8,26,8,24,9,24,9,26,9,26,9,27,9,27,9,27,9,26,10,27,10,27,11,31,10,30,11,32.0,10.0,30.0,11.0,32.0,11.0,34.0,11.0,34.0,11.0,37.0,12.0,37.0,10.0,37.0,10.0,38.0,10.0,40.0,9.0,42.0,8.0,40.0,8.0,40.0,8.0,40.0,8.0,39.0,8.0,39.0,7.0,40.0,7.0,39.0,7.0,39.0,5.0,39.0,5.0,40.0,4.0,38.0,4.0,39.0,4.0,38.0,3.0,36.0,3.0,34.0,3.0,31.0,3.0,30.0,2.0,29.0,2.0,29.0,2.0,29.0,3.0,21.0,3.0,26.0,3.0,22.0,4.0,20.0,4.0,19.0,4.0,20.0,3.0,18.0,5.0,20.0,4.0,23.0,5.0,17.0,6.0,20.0,5.0,20.0,7.0,19.0,7.0,18.0,6.0,18.0,8.0,20.0,8.0,16.0,9.0,18.0,9.0,19.0,10.0,20.0,10.0,20.0,10.0,20.0,10.0,20.0,10.0,19.0,11.0,20.0,12.0,24.0,12.0,22.0,12.0,24.0,13.0,28.0,12.0,26.0,12.0,25.0,13.0,29.0,13.0,32.0,14.0,37.0,13.0,39.0,12.0,40.0,12.0,38.0,12.0,38.0,12.0,45.0,11.0,42.0,11.0,43.0,11.0,41.0,10.0,43.0,10.0,44.0,9.0,43.0,9.0,41.0,9.0,43.0,8.0,42.0,8.0,42.0,8.0,43.0,6.0,43.0,6.0,44.0,6.0,42.0,6.0,43.0,5.0,43.0,5.0,43.0,4.0,44.0,4.0,42.0,3.0,40.0,2.0,39.0,2.0,40.0,2.0,37.0,2.0,31.0,2.0,31.0,2.0,28.0,2.0,25.0,2.0,21.0,2.0,22.0,2.0,22.0,2.0,23.0,3.0,22.0,4.0,20.0,4.0,19.0,4.0,18.0,6.0,18.0,6.0,18.0,5.0,16.0,6.0,16.0,7.0,16.0,7.0,17.0,8.0,18.0,8.0,17.0,9.0,16.0,9.0,18.0,8.0,17.0,9.0,17.0,10.0,18.0,10.0,18.0,11.0,17.0,11.0,19.0,12.0,21.0,12.0,21.0,12.0,21.0,12.0,22.0,13.0,24.0,14.0
1759560683.585437000,00:03:7f:25:14:25,00:03:7f:25:14:25,0a:f5:a5:94:4b:df,0a:f5:a5:94:4b:df,11,13,10,14,10,14,10,14,9,14,4,15,62,15,56,14,54,13,53,13,52,13,51,12,51,12,51,12,52,11,52,11,51,10,50,9,50,9,50,9,49,9,50,8,50,7,50,7,50,6,50,5,50,5,50,5,50,5,50,4,49,3,49,3,50,2,51,2,53,1,55,1,56,1,57,1,0,0,10,0,13,1,13,2,12,2,11,2,11,3,11,3,14,4,15,5,14,5,14,6,14,6,15,6,15,7,15,7,14,8,14,9,14,9,13,10,14,10,14,10,14,11,14,11,14,12,14,13,15,13,15,14,14,14,13,14,10,14,2,15,57,14,53,14,50,13,48,13,48,13,49,13,49,12,50,12,50,11,49,10,48,10,48,9,48,9,48,8,48,8,49,7,50,6,50,5,51,5,51,5,50,5,50,4,50,4,50,3,51,2,52,2,53,2,55,2,56,1,59,1,60,1,0,1,5,1,7,2,8,2,9,2,9,3,11,3,11.0,4.0,11.0,5.0,11.0,5.0,11.0,6.0,12.0,6.0,12.0,6.0,11.0,6.0,12.0,7.0,12.0,8.0,12.0,10.0,14.0,10.0,12.0,10.0,11.0,10.0,10.0,11.0,9.0,12.0,9.0,13.0,9.0,13.0,10.0,13.0,8.0,13.0,5.0,14.0,0.0,14.0,59.0,14.0,56.0,14.0,55.0,14.0,54.0,13.0,54.0,13.0,54.0,13.0,53.0,12.0,52.0,11.0,51.0,11.0,49.0,10.0,49.0,10.0,50.0,10.0,50.0,10.0,51.0,9.0,50.0,9.0,49.0,8.0,50.0,7.0,51.0,6.0,52.0,6.0,52.0,6.0,51.0,5.0,51.0,5.0,51.0,4.0,51.0,4.0,51.0,3.0,52.0,3.0,53.0,3.0,53.0,2.0,53.0,2.0,52.0,1.0,53.0,1.0,62.0,0.0,4.0,1.0,7.0,2.0,9.0,2.0,9.0,2.0,10.0,2.0,11.0,3.0,11.0,3.0,12.0,4.0,12.0,5.0,12.0,5.0,12.0,6.0,12.0,6.0,13.0,6.0,12.0,7.0,13.0,8.0,14.0,8.0,15.0,9.0,15.0,9.0,13.0,9.0,12.0,10.0,13.0,10.0,13.0,10.0,12.0,11.0,11.0,12.0,10.0,13.0,11.0,13.0,11.0,13.0,11.0,14.0,6.0,15.0,61.0,15.0,56.0,14.0,53.0,14.0,51.0,14.0,51.0,14.0,52.0,13.0,53.0,13.0,51.0,12.0,50.0,11.0,50.0,11.0,48.0,11.0,48.0,11.0,48.0,10.0,48.0,10.0,48.0,9.0,48.0,9.0,48.0,8.0,49.0,7.0,49.0,6.0,50.0,6.0,50.0,6.0,49.0,6.0,49.0,5.0,48.0,4.0,48.0,4.0,48.0,3.0,48.0,2.0,49.0,2.0,50.0,1.0,50.0,1.0,47.0,0.0,44.0,0.0,18.0,0.0,14.0,0.0,14.0,1.0,13.0,2.0,13.0,2.0,13.0,2.0,14.0,3.0,15.0,4.0,15.0,4.0,16.0,5.0,15.0,5.0,14.0,6.0
1759560683.803225000,00:03:7f:25:14:25,00:03:7f:25:14:25,3a:c8:97:94:99:7a,3a:c8:97:94:99:7a,38,10,38,10,39,9,38,9,38,9,39,9,39,8,39,8,39,7,38,7,38,6,39,6,37,6,38,6,38,5,36,4,37,4,35,4,33,4,33,4,31,3,30,4,30,4,28,4,27,4,28,4,24,4,26,4,26,4,24,5,24,5,25,5,24,6,23,6,23,6,23,6,25,7,25,7,24,7,24,7,26,8,26,8,26,8,26,8,26,9,26,8,29,8,29,8,28,8,30,9,29,9,31,8,30,8,30,8,31,8,31,8,31,8,30,8,30,8,31,8,33,8,32,8,33,8,33,8,34,7,33,7,34,7,35,8,32,7,34,7,32,7,34,6,32,6,32,6,32,6,32,6,32,6,31,6,32,6,31,6,30,6,29,6,28,6,29,6,28,6,28,6,28,6,29,6,29,7,27,7,28,7,29,7,28,8,28,7,27,8,27,8,26,8,25,9,27,8,27,9,27,9,27,9,28,9,28,10,28,10,28,10,32,10,30,10,32.0,10.0,30.0,10.0,32.0,10.0,33.0,10.0,33.0,10.0,36.0,11.0,36.0,10.0,36.0,10.0,38.0,9.0,38.0,8.0,42.0,8.0,40.0,8.0,39.0,8.0,39.0,8.0,38.0,7.0,39.0,7.0,40.0,6.0,39.0,6.0,39.0,5.0,39.0,5.0,39.0,4.0,37.0,4.0,38.0,4.0,37.0,3.0,36.0,3.0,34.0,3.0,32.0,2.0,30.0,2.0,29.0,2.0,28.0,3.0,27.0,3.0,20.0,3.0,24.0,3.0,21.0,4.0,19.0,4.0,18.0,4.0,19.0,4.0,17.0,5.0,19.0,5.0,21.0,5.0,17.0,6.0,19.0,5.0,19.0,6.0,17.0,7.0,17.0,6.0,17.0,8.0,19.0,8.0,15.0,9.0,17.0,8.0,17.0,9.0,18.0,9.0,18.0,10.0,18.0,10.0,19.0,10.0,17.0,11.0,19.0,12.0,22.0,12.0,19.0,12.0,20.0,13.0,25.0,13.0,23.0,13.0,22.0,13.0,27.0,13.0,28.0,14.0,35.0,14.0,37.0,13.0,40.0,13.0,38.0,13.0,40.0,13.0,45.0,12.0,42.0,12.0,44.0,12.0,42.0,11.0,43.0,11.0,45.0,10.0,44.0,10.0,42.0,10.0,44.0,9.0,43.0,9.0,43.0,8.0,44.0,7.0,44.0,7.0,45.0,6.0,42.0,7.0,43.0,5.0,44.0,5.0,44.0,5.0,45.0,5.0,44.0,3.0,42.0,3.0,41.0,3.0,41.0,3.0,38.0,2.0,36.0,2.0,35.0,2.0,33.0,1.0,28.0,2.0,25.0,1.0,24.0,1.0,22.0,2.0,23.0,2.0,22.0,3.0,20.0,3.0,19.0,3.0,18.0,5.0,18.0,5.0,18.0,5.0,16.0,6.0,16.0,6.0,15.0,7.0,17.0,7.0,18.0,7.0,17.0,8.0,16.0,8.0,18.0,8.0,18.0,9.0,17.0,9.0,18.0,10.0,18.0,10.0,17.0,10.0,18.0,12.0,20.0,11.0,21.0,11.0,20.0,12.0,22.0,12.0,22.0,13.0
1759560684.231955000,00:03:7f:25:14:25,00:03:7f:25:14:25,3a:c8:97:94:99:7a,3a:c8:97:94:99:7a,38,12,38,11,39,11,38,10,39,10,39,11,40,9,40,9,41,8,40,8,40,8,41,7,39,7,40,6,41,6,39,5,40,5,38,5,37,4,37,4,36,3,34,4,34,3,32,3,32,3,32,3,28,3,29,3,30,3,27,4,27,4,27,4,26,5,26,4,25,5,25,5,27,5,27,5,25,6,25,6,27,6,28,6,27,6,27,7,27,7,27,7,29,7,30,7,29,7,30,7,29,7,31,7,30,7,30,7,30,8,30,7,30,7,29,8,29,7,30,8,32,7,30,8,32,7,32,7,33,7,32,7,33,7,33,8,31,7,33,7,31,7,33,7,32,7,31,7,31,7,32,7,32,6,31,7,32,6,32,6,30,6,30,6,29,7,29,7,29,7,29,7,29,7,30,6,30,7,28,7,29,7,29,7,28,8,29,7,28,8,28,8,27,8,25,8,28,8,27,8,28,8,28,9,28,9,28,9,28,9,28,9,31,9,29,9,31.0,10.0,29.0,10.0,32.0,10.0,32.0,10.0,32.0,10.0,34.0,10.0,34.0,10.0,35.0,10.0,37.0,10.0,38.0,9.0,39.0,9.0,38.0,8.0,38.0,9.0,38.0,8.0,37.0,8.0,37.0,8.0,39.0,7.0,38.0,7.0,38.0,6.0,38.0,6.0,38.0,5.0,37.0,5.0,37.0,5.0,36.0,4.0,36.0,4.0,35.0,4.0,33.0,4.0,33.0,3.0,32.0,3.0,31.0,3.0,30.0,3.0,24.0,4.0,28.0,3.0,25.0,4.0,23.0,4.0,22.0,4.0,23.0,4.0,20.0,5.0,22.0,5.0,24.0,4.0,20.0,5.0,22.0,5.0,22.0,6.0,20.0,6.0,20.0,6.0,20.0,7.0,21.0,7.0,17.0,8.0,19.0,8.0,19.0,9.0,20.0,9.0,20.0,9.0,20.0,9.0,21.0,10.0,20.0,11.0,21.0,11.0,24.0,11.0,21.0,11.0,21.0,12.0,26.0,12.0,24.0,12.0,24.0,13.0,27.0,13.0,29.0,13.0,32.0,13.0,35.0,13.0,38.0,13.0,37.0,13.0,38.0,13.0,44.0,12.0,41.0,12.0,42.0,12.0,40.0,11.0,42.0,11.0,44.0,10.0,44.0,10.0,41.0,10.0,44.0,9.0,43.0,9.0,43.0,9.0,43.0,8.0,44.0,7.0,45.0,7.0,42.0,7.0,43.0,6.0,44.0,6.0,44.0,6.0,45.0,5.0,44.0,4.0,42.0,4.0,41.0,4.0,42.0,4.0,39.0,3.0,38.0,2.0,38.0,2.0,36.0,2.0,32.0,2.0,30.0,1.0,29.0,1.0,27.0,2.0,26.0,2.0,24.0,2.0,22.0,2.0,21.0,2.0,20.0,4.0,20.0,4.0,19.0,4.0,17.0,5.0,17.0,6.0,16.0,6.0,17.0,6.0,18.0,6.0,17.0,7.0,16.0,7.0,18.0,7.0,18.0,8.0,18.0,8.0,18.0,9.0,18.0,9.0,18.0,10.0,17.0,11.0,20.0,11.0,20.0,11.0,20.0,11.0,21.0,12.0,22.0,13.0
1759560684.742517000,00:03:7f:25:14:25,00:03:7f:25:14:25,0a:f5:a5:94:4b:df,0a:f5:a5:94:4b:df,11,12,11,13,11,13,11,14,10,14,8,14,4,15,61,14,57,14,54,13,53,13,51,13,51,13,52,12,53,12,53,11,52,11,51,10,50,9,50,9,50,9,50,9,50,8,50,7,50,6,49,6,49,6,49,6,50,5,50,5,49,4,49,3,50,3,51,2,52,2,54,2,55,1,55,1,57,0,7,0,12,1,12,1,11,2,11,2,11,2,11,3,14,4,15,4,14,5,14,5,14,6,15,6,15,6,15,7,14,7,14,8,14,9,13,10,14,10,14,10,14,10,14,11,14,11,14,12,15,13,15,13,15,13,15,14,12,14,7,15,62,15,55,14,50,14,48,14,48,13,48,13,49,13,50,12,50,11,49,11,48,10,48,9,48,9,48,9,48,8,48,7,49,6,50,6,50,5,50,5,50,5,50,5,50,4,49,3,50,2,51,2,52,2,53,2,54,1,56,1,58,1,62,0,5,1,8,1,9,2,9,2,10,2,11,3,12.0,4.0,12.0,4.0,11.0,5.0,12.0,6.0,12.0,6.0,13.0,6.0,12.0,6.0,13.0,7.0,13.0,8.0,12.0,10.0,15.0,9.0,12.0,10.0,12.0,10.0,11.0,11.0,10.0,12.0,10.0,12.0,11.0,13.0,12.0,13.0,10.0,13.0,7.0,14.0,2.0,14.0,60.0,14.0,56.0,14.0,54.0,14.0,53.0,14.0,53.0,13.0,53.0,13.0,53.0,12.0,52.0,12.0,50.0,11.0,49.0,11.0,48.0,10.0,49.0,10.0,49.0,10.0,50.0,9.0,49.0,9.0,49.0,8.0,50.0,7.0,50.0,7.0,51.0,6.0,51.0,6.0,51.0,6.0,50.0,5.0,50.0,5.0,50.0,4.0,50.0,3.0,50.0,3.0,51.0,3.0,51.0,2.0,51.0,2.0,48.0,1.0,48.0,1.0,57.0,0.0,6.0,1.0,8.0,1.0,10.0,1.0,10.0,1.0,11.0,2.0,13.0,2.0,13.0,3.0,14.0,4.0,13.0,5.0,13.0,5.0,13.0,5.0,13.0,5.0,14.0,6.0,14.0,6.0,14.0,7.0,15.0,8.0,16.0,8.0,16.0,9.0,14.0,9.0,14.0,10.0,14.0,10.0,14.0,10.0,13.0,11.0,12.0,12.0,12.0,12.0,13.0,13.0,14.0,13.0,14.0,14.0,13.0,15.0,3.0,15.0,54.0,15.0,48.0,15.0,47.0,14.0,48.0,14.0,50.0,14.0,51.0,13.0,50.0,13.0,49.0,12.0,48.0,11.0,47.0,11.0,46.0,11.0,46.0,11.0,47.0,10.0,47.0,10.0,47.0,9.0,47.0,8.0,48.0,7.0,48.0,7.0,48.0,6.0,48.0,6.0,48.0,6.0,47.0,5.0,47.0,5.0,46.0,4.0,45.0,3.0,45.0,2.0,46.0,2.0,46.0,2.0,45.0,1.0,42.0,1.0,37.0,0.0,31.0,0.0,21.0,0.0,18.0,1.0,17.0,1.0,16.0,2.0,15.0,2.0,16.0,3.0,17.0,3.0,17.0,4.0,17.0,5.0,17.0,5.0,16.0,5.0
1759560684.871780000,00:03:7f:25:14:25,00:03:7f:25:14:25,3a:c8:97:94:99:7a,3a:c8:97:94:99:7a,30,13,31,12,33,12,34,12,34,12,36,12,36,11,39,11,38,10,39,10,39,10,40,9,38,9,40,9,41,8,40,8,41,8,39,7,39,6,39,7,39,5,38,5,37,5,36,5,36,4,36,4,33,4,34,4,34,4,32,4,31,4,31,4,30,4,29,4,28,4,28,5,29,5,29,5,27,5,27,6,29,6,29,6,28,6,28,6,28,7,28,6,30,7,31,7,30,7,31,7,30,7,31,6,31,7,30,7,30,7,30,7,30,7,29,7,28,7,30,7,31,7,30,7,31,7,31,7,31,7,30,7,31,7,32,8,30,7,32,7,30,7,32,7,30,7,30,7,30,7,31,7,30,7,30,7,31,7,31,7,30,7,29,7,28,7,29,7,29,7,29,7,29,7,30,7,30,7,28,7,29,7,30,7,29,8,30,7,29,8,29,8,27,8,27,9,29,8,28,8,29,8,29,9,29,9,28,9,28,9,28,9,32,9,29,9,31.0,10.0,29.0,9.0,31.0,10.0,32.0,10.0,31.0,10.0,33.0,10.0,34.0,10.0,34.0,10.0,36.0,9.0,36.0,8.0,40.0,9.0,38.0,9.0,37.0,9.0,37.0,9.0,36.0,8.0,37.0,8.0,38.0,7.0,38.0,7.0,38.0,6.0,39.0,6.0,37.0,5.0,37.0,6.0,38.0,5.0,37.0,5.0,36.0,4.0,36.0,4.0,34.0,4.0,34.0,4.0,32.0,4.0,31.0,4.0,31.0,4.0,25.0,4.0,30.0,4.0,26.0,4.0,24.0,4.0,24.0,5.0,23.0,4.0,22.0,5.0,23.0,5.0,25.0,4.0,20.0,5.0,23.0,5.0,23.0,6.0,22.0,7.0,21.0,6.0,21.0,7.0,22.0,7.0,19.0,8.0,20.0,8.0,21.0,9.0,21.0,8.0,21.0,9.0,22.0,9.0,22.0,10.0,21.0,10.0,22.0,11.0,26.0,11.0,23.0,11.0,23.0,12.0,28.0,11.0,26.0,12.0,25.0,12.0,28.0,12.0,29.0,12.0,32.0,12.0,34.0,12.0,36.0,12.0,35.0,12.0,36.0,12.0,42.0,11.0,38.0,11.0,40.0,12.0,38.0,11.0,40.0,10.0,42.0,10.0,41.0,9.0,39.0,10.0,41.0,8.0,41.0,9.0,40.0,8.0,41.0,7.0,42.0,7.0,42.0,7.0,40.0,7.0,41.0,6.0,42.0,6.0,41.0,6.0,43.0,5.0,41.0,4.0,40.0,4.0,39.0,4.0,39.0,4.0,36.0,3.0,34.0,3.0,34.0,3.0,34.0,3.0,31.0,3.0,29.0,3.0,28.0,2.0,28.0,3.0,27.0,3.0,26.0,3.0,24.0,3.0,24.0,3.0,22.0,5.0,22.0,5.0,21.0,5.0,19.0,6.0,19.0,6.0,18.0,6.0,19.0,6.0,20.0,7.0,19.0,7.0,18.0,8.0,20.0,8.0,20.0,8.0,20.0,9.0,20.0,9.0,20.0,10.0,20.0,10.0,20.0,11.0,22.0,11.0,22.0,11.0,22.0,11.0,24.0,12.0,24.0,12.0
1759560685.116000000,00:03:7f:25:14:25,00:03:7f:25:14:25,0a:f5:a5:94:4b:df,0a:f5:a5:94:4b:df,11,12,11,13,10,13,9,14,8,14,5,14,1,14,59,14,56,14,54,13,53,13,52,13,52,12,52,12,53,12,53,11,52,11,51,10,51,9,50,9,50,9,50,8,50,8,51,7,50,6,50,6,50,5,50,5,50,5,50,4,50,4,49,3,50,2,51,2,53,2,55,2,56,1,56,1,61,0,6,0,10,1,11,1,11,2,10,2,10,2,10,3,13,4,14,5,14,5,13,6,14,6,14,6,14,6,14,7,14,8,14,8,13,9,13,10,13,10,13,10,14,10,14,11,14,12,14,12,14,13,14,13,14,14,13,14,10,14,4,15,60,15,55,14,51,14,49,13,49,13,49,13,49,12,50,12,50,11,49,10,48,10,48,9,48,9,48,8,48,8,49,7,50,6,50,5,51,5,51,5,50,5,50,4,50,4,50,3,51,2,52,2,53,2,54,2,56,1,58,1,60,1,0,1,5,1,7,2,8,2,9,2,10,2,11,3,11.0,4.0,12.0,4.0,11.0,5.0,12.0,6.0,12.0,6.0,12.0,6.0,12.0,6.0,13.0,7.0,13.0,8.0,12.0,10.0,14.0,9.0,12.0,10.0,12.0,10.0,11.0,11.0,10.0,12.0,9.0,12.0,10.0,13.0,11.0,13.0,9.0,13.0,6.0,14.0,1.0,14.0,60.0,14.0,56.0,14.0,54.0,14.0,53.0,14.0,53.0,13.0,53.0,13.0,52.0,12.0,51.0,11.0,50.0,11.0,49.0,11.0,48.0,10.0,49.0,10.0,49.0,10.0,50.0,9.0,49.0,9.0,49.0,8.0,50.0,7.0,50.0,7.0,51.0,6.0,52.0,6.0,51.0,5.0,50.0,5.0,50.0,4.0,50.0,4.0,51.0,3.0,51.0,3.0,51.0,2.0,52.0,2.0,51.0,1.0,50.0,1.0,51.0,0.0,60.0,0.0,6.0,1.0,8.0,1.0,10.0,1.0,10.0,1.0,11.0,2.0,12.0,2.0,13.0,3.0,13.0,4.0,13.0,5.0,13.0,5.0,13.0,5.0,13.0,6.0,14.0,6.0,14.0,7.0,14.0,7.0,15.0,8.0,16.0,8.0,15.0,9.0,14.0,9.0,13.0,10.0,14.0,10.0,14.0,10.0,13.0,11.0,12.0,12.0,12.0,13.0,12.0,13.0,13.0,13.0,13.0,14.0,11.0,15.0,63.0,15.0,54.0,15.0,49.0,15.0,48.0,14.0,49.0,14.0,51.0,14.0,51.0,13.0,50.0,12.0,49.0,12.0,48.0,11.0,47.0,11.0,46.0,11.0,46.0,10.0,47.0,10.0,47.0,9.0,47.0,9.0,47.0,8.0,48.0,7.0,48.0,7.0,48.0,6.0,48.0,6.0,48.0,6.0,47.0,5.0,47.0,4.0,46.0,4.0,46.0,3.0,45.0,2.0,46.0,2.0,47.0,1.0,45.0,1.0,42.0,1.0,37.0,0.0,28.0,0.0,19.0,1.0,18.0,1.0,16.0,1.0,15.0,2.0,15.0,2.0,16.0,3.0,16.0,4.0,17.0,4.0,17.0,5.0,16.0,5.0,16.0,6.0
1759560685.742337000,00:03:7f:25:14:25,00:03:7f:25:14:25,3a:c8:97:94:99:7a,3a:c8:97:94:99:7a,29,12,30,12,31,11,31,12,32,11,33,12,34,11,36,11,36,10,36,10,36,10,38,9,36,9,38,9,39,9,38,8,39,8,37,8,37,7,37,7,37,6,36,6,36,6,36,5,36,5,35,5,33,5,34,5,34,5,32,5,31,5,32,5,30,5,30,5,29,5,30,5,31,5,31,5,29,6,29,6,31,6,31,6,31,5,30,6,30,6,29,6,32,6,32,5,31,6,32,6,30,6,32,5,30,6,30,6,30,6,29,5,29,6,27,6,27,6,28,6,29,6,28,6,29,6,29,7,29,7,28,7,29,7,29,8,27,7,30,7,27,7,30,7,29,8,29,8,29,8,29,8,29,8,29,8,30,8,30,8,29,8,29,8,29,9,30,9,30,8,30,8,31,8,32,8,32,8,31,8,32,8,32,8,32,9,32,8,32,8,31,8,31,8,30,9,32,8,31,8,32,8,31,8,31,8,31,8,31,8,30,8,33,8,31,8,32.0,8.0,30.0,8.0,32.0,8.0,32.0,8.0,32.0,8.0,33.0,9.0,33.0,8.0,33.0,9.0,34.0,8.0,35.0,9.0,36.0,8.0,34.0,8.0,35.0,8.0,35.0,8.0,34.0,8.0,34.0,8.0,35.0,7.0,35.0,8.0,35.0,6.0,36.0,7.0,34.0,6.0,34.0,6.0,35.0,6.0,33.0,6.0,34.0,6.0,33.0,6.0,32.0,5.0,32.0,6.0,32.0,5.0,31.0,5.0,31.0,5.0,26.0,7.0,31.0,6.0,28.0,6.0,26.0,6.0,26.0,7.0,27.0,5.0,26.0,7.0,27.0,6.0,29.0,5.0,24.0,7.0,27.0,5.0,27.0,7.0,25.0,7.0,25.0,6.0,25.0,8.0,26.0,8.0,23.0,9.0,23.0,7.0,25.0,9.0,25.0,8.0,25.0,9.0,26.0,9.0,26.0,9.0,25.0,9.0,26.0,9.0,30.0,10.0,26.0,10.0,27.0,11.0,31.0,10.0,28.0,10.0,28.0,10.0,30.0,11.0,31.0,11.0,33.0,10.0,34.0,10.0,36.0,10.0,33.0,10.0,34.0,10.0,40.0,10.0,37.0,10.0,38.0,10.0,36.0,9.0,38.0,9.0,40.0,8.0,39.0,8.0,37.0,9.0,39.0,8.0,38.0,8.0,38.0,8.0,38.0,6.0,39.0,7.0,39.0,6.0,37.0,6.0,38.0,6.0,39.0,6.0,39.0,6.0,40.0,5.0,38.0,5.0,36.0,5.0,36.0,5.0,35.0,4.0,34.0,4.0,31.0,4.0,32.0,4.0,31.0,4.0,29.0,4.0,28.0,4.0,28.0,4.0,27.0,4.0,27.0,4.0,26.0,4.0,25.0,5.0,25.0,4.0,23.0,6.0,23.0,6.0,22.0,5.0,21.0,6.0,20.0,7.0,19.0,7.0,21.0,7.0,21.0,7.0,20.0,8.0,19.0,8.0,21.0,8.0,21.0,9.0,21.0,9.0,21.0,9.0,22.0,10.0,21.0,10.0,21.0,11.0,24.0,11.0,23.0,10.0,23.0,11.0,25.0,11.0,25.0,12.0
1759560686.190302000,00:03:7f:25:14:25,00:03:7f:25:14:25,3a:c8:97:94:99:7a,3a:c8:97:94:99:7a,28,10,27,10,29,10,29,10,29,11,30,11,31,10,33,10,32,10,33,10,32,10,34,9,33,10,35,9,36,9,35,9,36,9,34,9,35,8,35,8,34,7,34,7,35,7,34,7,35,7,35,7,32,7,34,7,35,6,33,7,33,6,33,6,32,6,32,6,32,6,32,6,33,6,33,6,31,6,31,6,33,6,33,6,32,6,32,6,32,6,31,6,32,6,32,5,31,6,32,6,30,5,32,6,31,6,30,6,30,6,30,6,29,6,28,6,28,6,28,6,30,6,28,6,29,6,29,7,30,7,29,7,30,7,30,8,28,7,30,7,28,7,30,7,29,8,28,8,29,8,29,8,29,7,29,8,30,8,30,8,29,8,29,8,29,9,30,8,30,8,30,8,31,9,31,8,32,8,31,8,32,8,32,8,32,9,32,8,31,8,31,8,30,9,29,9,32,8,31,8,32,8,31,8,32,8,31,8,31,8,31,8,34,8,31,8,33.0,8.0,31.0,8.0,33.0,8.0,33.0,8.0,32.0,8.0,34.0,9.0,34.0,8.0,33.0,9.0,35.0,7.0,34.0,7.0,37.0,7.0,35.0,7.0,34.0,8.0,34.0,8.0,34.0,7.0,34.0,7.0,35.0,7.0,34.0,7.0,34.0,6.0,35.0,6.0,33.0,5.0,33.0,6.0,33.0,6.0,32.0,6.0,32.0,6.0,32.0,6.0,31.0,6.0,31.0,6.0,31.0,5.0,30.0,6.0,29.0,6.0,26.0,7.0,30.0,6.0,28.0,6.0,26.0,6.0,26.0,7.0,27.0,6.0,25.0,7.0,27.0,7.0,28.0,6.0,25.0,7.0,27.0,6.0,27.0,7.0,26.0,8.0,26.0,7.0,25.0,8.0,26.0,8.0,23.0,9.0,25.0,8.0,25.0,9.0,25.0,9.0,26.0,9.0,27.0,9.0,27.0,10.0,26.0,10.0,27.0,10.0,31.0,10.0,28.0,10.0,28.0,11.0,32.0,10.0,29.0,10.0,29.0,11.0,31.0,10.0,32.0,11.0,33.0,10.0,35.0,10.0,36.0,10.0,35.0,10.0,35.0,11.0,40.0,10.0,37.0,10.0,38.0,10.0,36.0,9.0,38.0,9.0,40.0,8.0,39.0,8.0,37.0,8.0,40.0,8.0,39.0,8.0,38.0,8.0,39.0,7.0,40.0,6.0,40.0,6.0,38.0,6.0,39.0,6.0,39.0,5.0,39.0,5.0,41.0,5.0,39.0,4.0,37.0,4.0,36.0,4.0,36.0,4.0,34.0,4.0,31.0,4.0,32.0,4.0,31.0,4.0,29.0,4.0,28.0,4.0,28.0,3.0,27.0,4.0,27.0,4.0,26.0,4.0,25.0,4.0,24.0,4.0,22.0,5.0,23.0,6.0,22.0,5.0,20.0,6.0,20.0,6.0,19.0,7.0,20.0,7.0,21.0,7.0,20.0,7.0,19.0,8.0,21.0,8.0,21.0,9.0,20.0,9.0,21.0,9.0,21.0,10.0,20.0,10.0,21.0,11.0,23.0,11.0,23.0,10.0,23.0,11.0,25.0,11.0,25.0,12.0
1759560686.671744000,00:03:7f:25:14:25,00:03:7f:25:14:25,0a:f5:a5:94:4b:df,0a:f5:a5:94:4b:df,14,12,14,13,14,13,14,13,13,14,12,14,9,15,61,15,55,14,53,14,51,14,50,13,50,13,50,13,51,12,51,12,50,11,49,10,49,10,49,9,48,9,49,9,49,8,49,7,49,6,48,6,48,6,48,6,49,5,49,5,48,4,48,3,48,3,49,2,50,2,52,1,52,1,52,1,55,0,8,0,13,0,13,1,13,1,12,2,12,2,11,2,14,3,15,4,15,5,14,5,14,5,15,6,15,6,15,7,14,7,14,8,14,8,14,9,14,9,14,10,14,10,15,10,15,11,15,12,16,12,16,13,15,13,15,13,13,14,11,14,5,15,56,15,50,14,48,14,48,14,48,13,48,13,49,12,49,12,49,11,48,11,47,10,47,10,48,9,48,9,48,8,48,7,49,6,49,6,49,6,49,5,49,5,49,4,48,4,49,3,49,2,49,2,50,2,51,2,53,1,53,1,55,0,0,0,7,1,9,1,10,1,11,2,12,2,12.0,3.0,13.0,4.0,12.0,4.0,13.0,5.0,13.0,5.0,13.0,5.0,13.0,5.0,14.0,7.0,14.0,7.0,14.0,9.0,15.0,9.0,14.0,9.0,14.0,10.0,13.0,11.0,12.0,11.0,12.0,12.0,13.0,12.0,15.0,13.0,14.0,13.0,12.0,14.0,8.0,14.0,1.0,15.0,54.0,15.0,52.0,15.0,52.0,14.0,51.0,14.0,51.0,13.0,50.0,13.0,50.0,12.0,49.0,12.0,47.0,11.0,47.0,11.0,48.0,10.0,48.0,10.0,49.0,10.0,48.0,9.0,48.0,8.0,48.0,8.0,49.0,7.0,50.0,6.0,50.0,6.0,49.0,6.0,49.0,5.0,49.0,5.0,49.0,4.0,48.0,3.0,48.0,3.0,48.0,3.0,49.0,2.0,48.0,2.0,46.0,1.0,45.0,1.0,47.0,0.0,7.0,0.0,12.0,1.0,14.0,1.0,14.0,1.0,15.0,1.0,16.0,2.0,15.0,3.0,15.0,3.0,15.0,4.0,15.0,5.0,15.0,5.0,15.0,5.0,15.0,6.0,15.0,6.0,15.0,7.0,16.0,8.0,17.0,8.0,17.0,8.0,16.0,9.0,15.0,9.0,16.0,10.0,16.0,10.0,15.0,11.0,15.0,12.0,15.0,12.0,15.0,13.0,16.0,13.0,18.0,14.0,19.0,14.0,23.0,15.0,33.0,15.0,37.0,15.0,41.0,14.0,44.0,14.0,46.0,14.0,47.0,13.0,47.0,13.0,46.0,12.0,46.0,12.0,45.0,11.0,44.0,11.0,44.0,11.0,45.0,10.0,45.0,9.0,45.0,9.0,45.0,8.0,46.0,8.0,46.0,7.0,46.0,6.0,47.0,6.0,46.0,6.0,45.0,5.0,45.0,5.0,44.0,4.0,43.0,3.0,42.0,3.0,42.0,2.0,42.0,2.0,40.0,1.0,37.0,1.0,34.0,1.0,31.0,1.0,26.0,1.0,23.0,1.0,21.0,2.0,19.0,2.0,19.0,2.0,19.0,3.0,19.0,4.0,19.0,4.0,19.0,5.0,19.0,5.0,18.0,6.0
1759560686.799513000,00:03:7f:25:14:25,00:03:7f:25:14:25,3a:c8:97:94:99:7a,3a:c8:97:94:99:7a,24,9,23,9,24,9,24,9,24,10,24,10,25,10,26,11,27,10,27,10,27,11,29,11,28,11,31,11,31,11,31,11,33,11,31,11,33,11,34,11,34,10,35,11,35,10,35,10,36,10,37,9,34,9,36,9,37,9,36,10,36,9,38,9,37,8,37,8,37,8,37,8,39,8,39,7,38,7,38,7,39,7,39,6,39,6,39,6,38,6,38,5,39,5,38,5,36,5,38,4,36,4,36,4,34,4,33,4,33,4,31,3,30,4,28,4,27,4,27,4,28,4,27,5,28,5,27,5,27,5,25,5,27,6,26,6,24,6,27,6,24,7,26,7,25,8,25,8,25,8,26,8,26,8,26,9,27,9,27,9,26,9,27,10,27,10,28,10,28,10,29,10,30,10,32,10,32,10,31,10,33,10,33,10,34,10,34,9,34,9,34,9,33,9,32,10,35,9,35,9,35,8,35,8,35,8,34,8,34,7,34,7,37,7,34,7,35.0,7.0,33.0,7.0,35.0,7.0,34.0,7.0,34.0,6.0,36.0,7.0,35.0,6.0,33.0,7.0,35.0,6.0,33.0,6.0,34.0,5.0,32.0,6.0,32.0,6.0,31.0,6.0,30.0,6.0,30.0,6.0,31.0,6.0,30.0,6.0,30.0,6.0,30.0,6.0,28.0,6.0,29.0,7.0,29.0,7.0,28.0,7.0,28.0,7.0,29.0,7.0,28.0,7.0,28.0,8.0,28.0,8.0,27.0,8.0,28.0,8.0,25.0,9.0,29.0,8.0,28.0,9.0,26.0,9.0,27.0,9.0,28.0,8.0,27.0,9.0,29.0,9.0,31.0,9.0,28.0,9.0,31.0,8.0,30.0,9.0,30.0,10.0,30.0,9.0,30.0,9.0,31.0,9.0,29.0,10.0,30.0,9.0,30.0,9.0,30.0,9.0,31.0,9.0,31.0,9.0,32.0,9.0,31.0,9.0,32.0,9.0,35.0,9.0,32.0,8.0,32.0,10.0,35.0,9.0,33.0,9.0,32.0,9.0,34.0,8.0,34.0,8.0,34.0,8.0,35.0,8.0,36.0,8.0,34.0,8.0,34.0,8.0,39.0,7.0,36.0,8.0,36.0,8.0,34.0,7.0,36.0,7.0,37.0,7.0,36.0,7.0,34.0,7.0,36.0,6.0,35.0,7.0,34.0,7.0,35.0,6.0,35.0,6.0,35.0,6.0,34.0,6.0,34.0,6.0,34.0,6.0,34.0,6.0,36.0,6.0,34.0,5.0,33.0,5.0,32.0,6.0,32.0,5.0,30.0,5.0,28.0,6.0,30.0,6.0,30.0,5.0,28.0,6.0,27.0,6.0,27.0,5.0,27.0,6.0,28.0,6.0,27.0,6.0,26.0,6.0,27.0,5.0,25.0,7.0,25.0,7.0,25.0,7.0,23.0,7.0,23.0,8.0,22.0,8.0,24.0,7.0,24.0,8.0,23.0,8.0,23.0,8.0,25.0,8.0,25.0,9.0,24.0,9.0,25.0,9.0,25.0,10.0,24.0,10.0,24.0,10.0,27.0,10.0,26.0,10.0,26.0,10.0,28.0,10.0,28.0,11.0
1759560687.365630000,00:03:7f:25:14:25,00:03:7f:25:14:25,3a:c8:97:94:99:7a,3a:c8:97:94:99:7a,35,11,35,11,36,10,36,10,36,10,37,11,37,9,38,9,38,8,38,8,38,8,39,7,37,7,38,7,38,7,37,6,37,6,36,6,35,5,35,6,34,5,33,5,33,5,31,5,31,5,32,5,29,5,30,5,30,5,28,6,28,6,29,6,28,6,28,6,27,7,28,7,29,7,29,7,29,7,28,8,30,8,31,8,31,8,31,8,31,9,31,8,34,8,35,8,33,8,35,8,34,7,35,7,35,7,34,7,34,7,34,6,33,6,32,6,31,6,32,6,33,5,32,6,33,6,32,6,33,6,31,6,32,6,32,7,29,5,31,5,29,6,31,6,29,6,29,6,28,6,29,6,28,6,28,7,28,6,28,7,27,7,27,7,26,8,27,8,27,8,27,8,27,8,29,8,29,8,27,8,29,9,29,9,29,10,29,9,29,9,29,9,28,10,28,10,30,9,30,10,31,9,30,10,31,9,30,10,31,9,31,10,34,10,32,9,34.0,10.0,32.0,10.0,35.0,10.0,35.0,10.0,35.0,10.0,37.0,10.0,37.0,9.0,36.0,9.0,39.0,9.0,39.0,8.0,41.0,8.0,39.0,8.0,39.0,8.0,39.0,7.0,37.0,7.0,38.0,7.0,39.0,7.0,38.0,6.0,38.0,5.0,38.0,5.0,38.0,4.0,36.0,5.0,37.0,4.0,35.0,4.0,34.0,4.0,34.0,4.0,32.0,4.0,31.0,4.0,30.0,3.0,30.0,4.0,30.0,4.0,23.0,5.0,29.0,5.0,25.0,5.0,23.0,5.0,23.0,6.0,23.0,4.0,22.0,6.0,24.0,5.0,26.0,5.0,21.0,6.0,24.0,5.0,24.0,7.0,23.0,7.0,22.0,6.0,22.0,8.0,23.0,8.0,20.0,9.0,21.0,8.0,22.0,9.0,23.0,9.0,23.0,10.0,24.0,9.0,24.0,10.0,23.0,11.0,25.0,11.0,28.0,11.0,25.0,11.0,26.0,12.0,30.0,11.0,28.0,11.0,27.0,12.0,30.0,12.0,31.0,12.0,34.0,12.0,36.0,11.0,37.0,11.0,35.0,11.0,36.0,11.0,41.0,10.0,38.0,10.0,39.0,11.0,38.0,10.0,39.0,9.0,41.0,9.0,40.0,9.0,38.0,9.0,40.0,8.0,39.0,8.0,39.0,8.0,40.0,6.0,40.0,6.0,40.0,6.0,38.0,6.0,39.0,6.0,40.0,5.0,39.0,5.0,40.0,5.0,38.0,4.0,37.0,4.0,36.0,4.0,36.0,4.0,33.0,4.0,30.0,4.0,31.0,4.0,30.0,3.0,28.0,4.0,26.0,3.0,26.0,3.0,26.0,4.0,26.0,4.0,25.0,4.0,23.0,5.0,23.0,4.0,21.0,6.0,22.0,6.0,21.0,6.0,19.0,7.0,19.0,7.0,19.0,8.0,20.0,8.0,20.0,8.0,19.0,8.0,19.0,9.0,21.0,9.0,20.0,9.0,20.0,10.0,21.0,10.0,21.0,10.0,21.0,11.0,21.0,12.0,24.0,11.0,23.0,11.0,23.0,12.0,25.0,12.0,26.0,13.0
1759560687.813881000,00:03:7f:25:14:25,00:03:7f:25:14:25,3a:c8:97:94:99:7a,3a:c8:97:94:99:7a,34,11,34,11,35,10,35,10,35,10,36,10,36,9,37,9,37,8,36,8,36,8,37,7,35,7,37,7,37,7,35,6,36,6,33,6,33,5,33,6,32,5,31,6,31,5,30,5,30,5,30,5,27,6,29,6,29,6,27,6,27,6,28,7,27,7,27,7,26,7,27,7,29,8,28,8,27,8,28,8,29,9,30,9,30,9,30,9,31,9,31,9,34,9,34,8,33,9,35,8,33,8,35,7,34,7,35,7,34,7,33,7,33,7,32,7,31,6,32,6,33,6,32,6,33,6,32,6,32,6,31,6,32,6,33,7,30,6,32,6,29,6,31,6,29,6,30,6,29,7,29,7,29,6,29,7,30,7,29,7,28,7,28,7,27,8,28,8,28,8,28,8,29,8,30,8,30,8,28,8,29,8,30,8,30,9,30,8,29,9,30,8,28,9,28,9,30,8,29,9,30,9,30,9,29,9,28,9,30,9,29,9,32,9,29,9,32.0,10.0,30.0,10.0,32.0,10.0,33.0,10.0,32.0,10.0,34.0,11.0,34.0,10.0,35.0,10.0,36.0,10.0,38.0,10.0,39.0,9.0,38.0,9.0,38.0,9.0,38.0,9.0,37.0,9.0,37.0,8.0,39.0,8.0,38.0,7.0,38.0,6.0,39.0,7.0,38.0,6.0,37.0,6.0,39.0,5.0,37.0,5.0,37.0,5.0,36.0,5.0,35.0,4.0,34.0,4.0,34.0,4.0,33.0,4.0,32.0,4.0,26.0,4.0,32.0,4.0,28.0,4.0,26.0,4.0,26.0,5.0,26.0,3.0,25.0,5.0,26.0,5.0,28.0,4.0,23.0,5.0,25.0,4.0,25.0,6.0,24.0,6.0,24.0,5.0,23.0,8.0,24.0,7.0,21.0,8.0,22.0,7.0,23.0,9.0,23.0,8.0,24.0,9.0,24.0,9.0,25.0,10.0,24.0,10.0,25.0,10.0,29.0,11.0,26.0,11.0,26.0,11.0,31.0,11.0,29.0,11.0,29.0,11.0,31.0,11.0,32.0,11.0,34.0,11.0,35.0,11.0,37.0,11.0,35.0,11.0,35.0,11.0,41.0,10.0,38.0,10.0,39.0,10.0,37.0,9.0,39.0,9.0,41.0,8.0,40.0,8.0,38.0,8.0,40.0,8.0,39.0,8.0,39.0,7.0,39.0,6.0,40.0,6.0,40.0,6.0,38.0,6.0,38.0,5.0,39.0,5.0,38.0,5.0,40.0,5.0,38.0,4.0,36.0,4.0,35.0,4.0,35.0,3.0,33.0,4.0,29.0,3.0,31.0,4.0,29.0,3.0,28.0,4.0,26.0,3.0,26.0,3.0,25.0,4.0,26.0,4.0,25.0,5.0,23.0,5.0,23.0,4.0,21.0,6.0,22.0,6.0,21.0,6.0,19.0,7.0,19.0,7.0,18.0,8.0,20.0,7.0,20.0,8.0,19.0,8.0,18.0,9.0,20.0,8.0,20.0,9.0,19.0,10.0,20.0,10.0,20.0,10.0,20.0,11.0,20.0,12.0,23.0,11.0,23.0,11.0,23.0,12.0,25.0,12.0,26.0,13.0
1759560688.227063000,00:03:7f:25:14:25,00:03:7f:25:14:25,0a:f5:a5:94:4b:df,0a:f5:a5:94:4b:df,13,12,13,13,13,14,13,14,13,14,11,14,7,15,60,15,54,14,53,14,51,13,50,13,50,13,50,12,51,12,51,11,51,11,50,10,49,10,49,9,49,9,49,8,49,8,49,7,49,6,48,6,48,5,49,6,49,5,49,5,48,4,48,3,49,2,49,2,51,2,53,2,53,1,53,1,56,0,11,0,14,0,13,1,12,1,11,2,11,2,12,2,15,4,15,4,15,5,14,5,15,5,15,6,15,6,15,7,15,7,15,8,14,9,14,9,14,10,14,10,15,10,15,11,15,11,15,12,16,13,17,13,16,13,16,14,15,14,11,15,0,15,52,15,47,14,46,14,46,13,47,13,48,13,48,12,49,11,48,11,47,10,46,9,47,9,47,9,47,8,47,7,48,7,49,6,49,5,49,5,49,5,49,5,48,4,48,3,48,2,49,2,50,2,51,2,52,1,54,1,55,0,59,0,8,0,10,1,10,2,11,2,11,2,12,3,13.0,4.0,13.0,4.0,13.0,5.0,13.0,5.0,13.0,6.0,13.0,6.0,13.0,6.0,13.0,7.0,14.0,8.0,13.0,9.0,15.0,9.0,13.0,10.0,13.0,10.0,12.0,11.0,11.0,12.0,11.0,13.0,13.0,13.0,14.0,13.0,12.0,14.0,9.0,14.0,3.0,15.0,58.0,15.0,53.0,14.0,51.0,14.0,51.0,14.0,51.0,13.0,51.0,13.0,51.0,12.0,51.0,12.0,49.0,11.0,48.0,11.0,47.0,10.0,48.0,10.0,48.0,10.0,49.0,9.0,48.0,9.0,48.0,8.0,49.0,7.0,49.0,7.0,50.0,6.0,51.0,6.0,50.0,5.0,49.0,5.0,49.0,5.0,49.0,4.0,49.0,3.0,49.0,3.0,49.0,2.0,50.0,2.0,49.0,1.0,45.0,1.0,44.0,1.0,48.0,0.0,9.0,0.0,11.0,1.0,13.0,1.0,13.0,1.0,14.0,2.0,15.0,2.0,15.0,3.0,15.0,4.0,14.0,5.0,14.0,5.0,14.0,5.0,15.0,5.0,15.0,6.0,15.0,6.0,15.0,7.0,16.0,8.0,17.0,9.0,17.0,9.0,15.0,9.0,15.0,10.0,15.0,10.0,15.0,10.0,15.0,11.0,14.0,12.0,14.0,13.0,15.0,13.0,17.0,13.0,18.0,14.0,18.0,15.0,24.0,15.0,42.0,15.0,41.0,15.0,42.0,14.0,44.0,14.0,46.0,13.0,47.0,13.0,47.0,13.0,47.0,12.0,46.0,11.0,45.0,11.0,44.0,11.0,44.0,10.0,45.0,10.0,45.0,9.0,45.0,9.0,45.0,8.0,46.0,7.0,46.0,7.0,46.0,6.0,47.0,6.0,46.0,6.0,46.0,5.0,45.0,5.0,44.0,4.0,42.0,3.0,41.0,2.0,42.0,2.0,41.0,1.0,39.0,1.0,35.0,1.0,32.0,1.0,28.0,1.0,24.0,1.0,22.0,2.0,20.0,2.0,19.0,2.0,19.0,3.0,19.0,3.0,19.0,4.0,19.0,5.0,19.0,5.0,18.0,5.0,17.0,6.0
1759560688.337737000,00:03:7f:25:14:25,00:03:7f:25:14:25,3a:c8:97:94:99:7a,3a:c8:97:94:99:7a,40,12,40,11,41,10,41,10,41,10,41,10,41,8,42,8,42,7,41,7,41,7,42,6,39,6,41,5,41,5,39,4,39,4,37,4,35,3,34,3,32,3,30,3,30,3,27,3,26,3,26,3,22,4,24,4,25,4,22,5,22,5,23,6,22,6,22,7,21,7,21,7,23,8,23,8,22,9,22,9,24,10,25,10,25,11,25,11,26,12,28,12,33,12,34,11,34,11,36,11,36,10,37,9,36,9,37,9,37,9,37,8,36,8,34,7,34,7,35,7,36,6,34,7,36,6,34,6,35,6,34,6,34,6,35,7,32,5,34,5,31,6,33,6,31,6,31,6,30,6,31,5,30,5,29,6,30,5,29,6,28,6,27,6,26,7,27,7,27,7,26,7,27,7,27,7,28,7,26,7,27,7,28,8,27,9,28,8,27,9,27,9,25,9,25,10,26,9,26,9,28,9,27,10,28,10,26,10,28,9,27,10,31,10,28,10,31.0,11.0,28.0,11.0,31.0,12.0,33.0,12.0,32.0,11.0,33.0,12.0,36.0,12.0,36.0,12.0,39.0,12.0,42.0,11.0,42.0,10.0,42.0,10.0,41.0,10.0,42.0,10.0,40.0,9.0,41.0,9.0,43.0,8.0,41.0,8.0,41.0,6.0,42.0,7.0,43.0,6.0,39.0,6.0,41.0,5.0,40.0,5.0,40.0,4.0,38.0,4.0,36.0,3.0,34.0,4.0,33.0,3.0,32.0,4.0,31.0,3.0,22.0,5.0,30.0,4.0,25.0,4.0,21.0,4.0,22.0,6.0,20.0,4.0,21.0,6.0,22.0,5.0,24.0,4.0,20.0,7.0,23.0,5.0,23.0,7.0,21.0,7.0,21.0,6.0,21.0,9.0,23.0,8.0,19.0,10.0,21.0,8.0,22.0,9.0,22.0,9.0,22.0,10.0,23.0,10.0,24.0,10.0,23.0,11.0,24.0,11.0,28.0,11.0,24.0,11.0,26.0,12.0,30.0,11.0,28.0,11.0,27.0,12.0,30.0,12.0,32.0,12.0,34.0,12.0,36.0,11.0,38.0,12.0,36.0,11.0,36.0,11.0,42.0,11.0,39.0,11.0,40.0,11.0,38.0,10.0,40.0,10.0,42.0,9.0,41.0,9.0,39.0,9.0,41.0,8.0,40.0,8.0,40.0,8.0,40.0,7.0,41.0,7.0,41.0,6.0,39.0,7.0,40.0,6.0,40.0,6.0,40.0,5.0,42.0,5.0,40.0,4.0,38.0,4.0,37.0,4.0,37.0,4.0,35.0,4.0,32.0,3.0,33.0,3.0,32.0,3.0,30.0,3.0,28.0,3.0,28.0,3.0,27.0,3.0,27.0,4.0,25.0,4.0,24.0,4.0,24.0,4.0,22.0,5.0,22.0,6.0,21.0,5.0,19.0,6.0,19.0,7.0,18.0,7.0,20.0,7.0,20.0,7.0,19.0,8.0,18.0,8.0,20.0,8.0,20.0,9.0,19.0,9.0,20.0,10.0,20.0,10.0,20.0,10.0,19.0,11.0,22.0,11.0,22.0,11.0,22.0,12.0,24.0,12.0,25.0,13.0
1759560688.734786000,00:03:7f:25:14:25,00:03:7f:25:14:25,3a:c8:97:94:99:7a,3a:c8:97:94:99:7a,42,11,42,10,43,10,42,9,43,9,43,9,42,8,43,8,43,6,42,6,42,5,43,5,41,5,42,4,42,4,41,3,40,3,37,2,34,2,32,2,28,1,25,2,25,2,23,3,22,3,22,3,19,4,20,4,21,4,19,5,19,5,20,6,19,7,18,7,18,8,18,8,20,8,20,9,19,9,18,10,21,11,21,11,20,11,20,12,20,13,22,13,28,14,29,14,32,14,35,14,37,13,39,13,39,12,40,12,39,12,42,11,39,11,38,10,38,10,40,9,41,9,40,9,40,8,40,8,41,7,40,6,41,6,42,8,39,6,40,6,37,5,39,5,37,5,37,4,36,4,36,4,34,3,33,4,33,3,32,3,30,4,27,4,25,4,25,4,25,4,24,4,24,5,24,5,24,5,22,5,22,5,24,6,22,7,22,6,22,8,20,8,19,8,19,9,20,8,20,9,20,10,20,10,21,10,20,11,20,11,20,12,23,12,20,12,22.0,14.0,20.0,14.0,24.0,14.0,30.0,15.0,32.0,15.0,21.0,15.0,50.0,14.0,44.0,14.0,49.0,13.0,47.0,11.0,51.0,11.0,49.0,11.0,48.0,11.0,48.0,10.0,45.0,10.0,47.0,9.0,48.0,8.0,47.0,9.0,48.0,7.0,48.0,7.0,49.0,6.0,45.0,6.0,48.0,5.0,49.0,4.0,50.0,4.0,49.0,3.0,48.0,2.0,47.0,2.0,49.0,1.0,46.0,1.0,40.0,0.0,6.0,2.0,52.0,0.0,9.0,1.0,9.0,2.0,9.0,2.0,11.0,2.0,10.0,4.0,13.0,3.0,16.0,3.0,11.0,5.0,13.0,4.0,16.0,5.0,14.0,6.0,12.0,5.0,14.0,8.0,16.0,7.0,12.0,9.0,14.0,8.0,15.0,9.0,16.0,9.0,16.0,9.0,16.0,10.0,17.0,11.0,16.0,11.0,17.0,12.0,20.0,12.0,17.0,12.0,17.0,13.0,23.0,13.0,21.0,13.0,21.0,14.0,26.0,14.0,27.0,14.0,36.0,14.0,39.0,14.0,42.0,13.0,40.0,13.0,40.0,13.0,47.0,12.0,42.0,12.0,44.0,12.0,42.0,11.0,43.0,11.0,46.0,10.0,44.0,10.0,42.0,10.0,44.0,9.0,43.0,9.0,43.0,8.0,44.0,7.0,44.0,7.0,44.0,7.0,42.0,7.0,43.0,6.0,44.0,5.0,43.0,5.0,45.0,5.0,43.0,4.0,42.0,4.0,40.0,3.0,40.0,3.0,38.0,2.0,35.0,2.0,35.0,2.0,34.0,2.0,30.0,2.0,27.0,2.0,27.0,2.0,25.0,2.0,24.0,3.0,23.0,3.0,21.0,3.0,20.0,3.0,19.0,5.0,20.0,5.0,19.0,5.0,17.0,6.0,17.0,6.0,16.0,7.0,17.0,7.0,18.0,7.0,17.0,8.0,16.0,8.0,18.0,8.0,18.0,9.0,17.0,9.0,18.0,10.0,18.0,10.0,17.0,10.0,17.0,11.0,19.0,11.0,19.0,12.0,19.0,12.0,21.0,12.0,22.0,13.0
1759560689.383925000,00:03:7f:25:14:25,00:03:7f:25:14:25,3a:c8:97:94:99:7a,3a:c8:97:94:99:7a,40,12,39,12,41,11,40,11,41,11,42,11,41,9,42,9,43,8,41,8,42,7,43,6,40,6,42,6,42,5,40,4,41,4,39,4,38,3,36,3,34,3,32,3,32,2,29,3,27,3,28,3,24,3,25,4,25,4,23,5,22,5,23,5,22,6,21,6,21,7,21,7,22,7,22,8,21,8,21,9,22,9,22,10,22,10,22,11,22,11,23,12,26,12,27,12,28,13,31,13,32,13,34,12,34,12,36,12,37,12,38,12,37,11,36,11,37,10,39,10,40,9,39,9,40,8,39,8,41,8,39,7,41,7,41,7,39,5,40,6,38,5,39,5,37,5,37,4,36,4,36,4,34,3,32,4,33,3,32,3,30,3,27,4,25,4,26,4,25,4,24,4,24,5,24,5,24,5,22,6,22,6,24,6,22,7,23,6,22,8,22,8,21,9,19,9,22,8,22,9,22,10,22,10,22,10,22,11,22,11,22,12,26,12,25,12,28.0,13.0,25.0,13.0,29.0,13.0,32.0,13.0,32.0,13.0,35.0,14.0,40.0,13.0,39.0,13.0,41.0,12.0,43.0,11.0,46.0,10.0,45.0,9.0,44.0,10.0,44.0,9.0,43.0,9.0,44.0,8.0,45.0,8.0,44.0,8.0,44.0,6.0,45.0,6.0,46.0,5.0,43.0,5.0,45.0,4.0,45.0,4.0,45.0,3.0,44.0,2.0,42.0,2.0,42.0,1.0,42.0,1.0,39.0,1.0,36.0,1.0,17.0,1.0,30.0,0.0,19.0,1.0,15.0,1.0,14.0,2.0,14.0,2.0,13.0,3.0,16.0,3.0,18.0,3.0,14.0,4.0,16.0,4.0,17.0,5.0,15.0,5.0,14.0,5.0,15.0,7.0,17.0,7.0,13.0,8.0,15.0,7.0,16.0,8.0,17.0,8.0,16.0,9.0,16.0,9.0,17.0,10.0,15.0,10.0,16.0,11.0,20.0,11.0,17.0,11.0,17.0,13.0,22.0,13.0,21.0,13.0,20.0,13.0,23.0,14.0,24.0,14.0,33.0,14.0,37.0,14.0,41.0,14.0,39.0,14.0,40.0,13.0,47.0,12.0,43.0,12.0,45.0,12.0,42.0,11.0,44.0,11.0,46.0,10.0,45.0,10.0,42.0,10.0,45.0,9.0,44.0,9.0,44.0,8.0,44.0,7.0,44.0,7.0,45.0,6.0,42.0,6.0,44.0,5.0,44.0,5.0,44.0,5.0,45.0,4.0,45.0,3.0,42.0,3.0,41.0,3.0,41.0,3.0,39.0,2.0,36.0,2.0,36.0,2.0,33.0,1.0,29.0,2.0,25.0,1.0,25.0,1.0,23.0,2.0,23.0,2.0,22.0,3.0,21.0,3.0,19.0,3.0,19.0,5.0,19.0,5.0,18.0,5.0,16.0,6.0,17.0,6.0,16.0,7.0,17.0,7.0,18.0,8.0,17.0,8.0,16.0,8.0,18.0,8.0,18.0,9.0,17.0,10.0,18.0,10.0,18.0,10.0,18.0,11.0,17.0,12.0,20.0,12.0,20.0,12.0,20.0,13.0,22.0,13.0,23.0,14.0
1759560689.784123000,00:03:7f:25:14:25,00:03:7f:25:14:25,0a:f5:a5:94:4b:df,0a:f5:a5:94:4b:df,14,13,15,14,16,15,19,15,22,15,37,15,50,15,50,14,50,13,50,13,49,12,48,12,48,12,49,12,50,11,50,10,49,10,49,9,49,9,48,8,48,8,48,7,48,7,49,6,49,5,48,5,48,4,48,5,48,4,48,4,47,3,46,2,47,2,48,1,51,0,54,0,55,0,55,0,17,0,18,1,17,1,16,2,15,2,14,3,14,3,14,3,16,4,16,5,16,6,16,6,16,6,16,6,16,7,16,7,16,8,16,9,15,10,15,10,16,10,16,10,16,11,16,11,16,12,17,13,19,13,21,14,21,14,21,14,20,15,32,15,46,15,47,14,45,13,44,13,44,13,45,12,46,12,47,11,47,10,47,10,46,9,45,9,46,8,46,8,46,7,46,7,47,6,48,5,48,5,48,4,47,4,47,4,46,3,46,2,46,2,45,1,47,0,50,0,53,0,59,0,15,0,17,0,16,1,14,2,13,3,13,3,14,3,14,4,14.0,5.0,14.0,5.0,14.0,6.0,14.0,7.0,14.0,7.0,14.0,7.0,14.0,7.0,14.0,8.0,15.0,9.0,14.0,11.0,16.0,10.0,13.0,11.0,13.0,11.0,12.0,12.0,11.0,13.0,11.0,14.0,13.0,14.0,15.0,14.0,9.0,15.0,62.0,15.0,55.0,14.0,51.0,14.0,50.0,13.0,50.0,13.0,50.0,13.0,50.0,12.0,51.0,12.0,50.0,11.0,50.0,10.0,49.0,10.0,47.0,9.0,47.0,9.0,48.0,9.0,49.0,9.0,49.0,8.0,48.0,7.0,48.0,7.0,49.0,6.0,50.0,5.0,51.0,5.0,52.0,4.0,51.0,4.0,50.0,4.0,49.0,3.0,49.0,3.0,51.0,2.0,52.0,1.0,54.0,1.0,55.0,1.0,56.0,0.0,53.0,0.0,12.0,0.0,12.0,1.0,11.0,2.0,12.0,2.0,13.0,3.0,13.0,3.0,13.0,3.0,14.0,4.0,13.0,4.0,14.0,5.0,14.0,6.0,13.0,6.0,13.0,7.0,14.0,7.0,14.0,7.0,14.0,8.0,14.0,8.0,15.0,9.0,16.0,10.0,16.0,10.0,15.0,10.0,14.0,11.0,14.0,11.0,14.0,11.0,13.0,12.0,11.0,13.0,11.0,14.0,12.0,14.0,14.0,14.0,13.0,15.0,56.0,15.0,51.0,14.0,49.0,14.0,47.0,14.0,47.0,13.0,48.0,13.0,49.0,13.0,50.0,12.0,49.0,12.0,48.0,11.0,47.0,10.0,46.0,10.0,46.0,10.0,46.0,9.0,46.0,9.0,47.0,8.0,46.0,8.0,46.0,7.0,47.0,6.0,47.0,6.0,48.0,5.0,48.0,5.0,48.0,5.0,47.0,4.0,45.0,3.0,45.0,3.0,43.0,1.0,42.0,1.0,42.0,1.0,42.0,0.0,36.0,0.0,29.0,0.0,25.0,1.0,22.0,1.0,19.0,2.0,18.0,2.0,17.0,3.0,16.0,3.0,16.0,4.0,17.0,4.0,17.0,5.0,17.0,5.0,18.0,6.0,17.0,6.0,16.0,7.0
1759560689.831410000,00:03:7f:25:14:25,00:03:7f:25:14:25,3a:c8:97:94:99:7a,3a:c8:97:94:99:7a,35,11,35,11,36,10,36,10,36,10,37,11,37,9,38,9,38,8,38,8,37,8,38,7,36,7,38,6,38,6,36,6,36,6,34,6,34,5,33,6,32,5,30,5,31,5,29,5,29,5,29,5,26,6,27,6,28,6,26,7,26,7,26,7,26,7,25,7,25,8,25,8,27,9,27,9,27,9,26,10,28,10,29,10,30,10,30,11,31,11,32,11,36,11,37,10,36,10,39,10,38,9,40,8,38,8,38,8,38,8,39,7,37,7,36,6,35,6,36,5,37,5,35,5,36,5,35,5,35,5,34,4,34,4,34,5,31,4,32,4,29,4,31,4,29,5,29,5,28,5,28,5,27,5,26,6,26,5,27,6,26,6,24,7,24,7,24,7,24,7,25,8,25,8,26,8,26,8,25,8,26,9,27,9,26,10,27,9,27,10,27,10,26,10,26,11,28,10,28,10,29,10,29,11,30,10,29,11,30,10,31,11,34,11,32,10,35.0,11.0,33.0,11.0,34.0,11.0,36.0,11.0,35.0,11.0,38.0,11.0,38.0,10.0,38.0,10.0,40.0,9.0,40.0,8.0,44.0,7.0,42.0,7.0,40.0,8.0,41.0,8.0,39.0,7.0,39.0,7.0,41.0,6.0,39.0,6.0,39.0,5.0,40.0,5.0,40.0,4.0,37.0,4.0,38.0,3.0,37.0,3.0,35.0,3.0,33.0,3.0,30.0,3.0,30.0,3.0,29.0,3.0,28.0,3.0,28.0,3.0,21.0,5.0,27.0,4.0,23.0,4.0,20.0,5.0,21.0,6.0,21.0,4.0,19.0,6.0,21.0,5.0,24.0,5.0,19.0,6.0,22.0,5.0,22.0,7.0,21.0,8.0,20.0,7.0,21.0,9.0,22.0,8.0,19.0,10.0,20.0,9.0,21.0,10.0,22.0,9.0,22.0,10.0,23.0,10.0,23.0,11.0,23.0,11.0,25.0,12.0,28.0,12.0,25.0,12.0,27.0,13.0,32.0,12.0,30.0,12.0,29.0,13.0,32.0,12.0,34.0,12.0,37.0,12.0,39.0,11.0,41.0,11.0,39.0,11.0,38.0,11.0,44.0,10.0,41.0,10.0,42.0,10.0,40.0,9.0,41.0,9.0,43.0,8.0,42.0,8.0,40.0,8.0,42.0,7.0,41.0,7.0,41.0,7.0,41.0,6.0,42.0,6.0,42.0,5.0,40.0,5.0,40.0,5.0,41.0,4.0,40.0,4.0,41.0,4.0,39.0,3.0,37.0,3.0,35.0,3.0,36.0,3.0,33.0,3.0,29.0,2.0,30.0,3.0,28.0,2.0,25.0,3.0,23.0,3.0,24.0,3.0,23.0,3.0,24.0,4.0,23.0,4.0,21.0,5.0,21.0,4.0,20.0,6.0,20.0,6.0,19.0,6.0,18.0,7.0,18.0,7.0,17.0,8.0,18.0,8.0,19.0,8.0,18.0,9.0,17.0,9.0,20.0,9.0,19.0,10.0,19.0,10.0,20.0,11.0,20.0,11.0,20.0,11.0,20.0,12.0,22.0,12.0,23.0,12.0,23.0,13.0,25.0,13.0,27.0,13.0
1759560690.337994000,00:03:7f:25:14:25,00:03:7f:25:14:25,3a:c8:97:94:99:7a,3a:c8:97:94:99:7a,34,11,34,11,35,10,34,10,36,10,36,11,36,9,37,9,37,9,37,9,36,8,38,7,36,8,37,7,37,7,36,6,37,6,35,6,34,6,34,6,33,5,32,6,32,5,31,5,31,5,31,5,28,6,29,6,29,6,27,6,27,6,28,7,27,7,27,7,26,8,27,8,28,8,28,8,27,9,27,9,29,9,30,10,30,10,30,10,31,10,32,10,35,10,35,10,35,10,37,9,36,9,38,8,37,8,37,8,37,8,37,7,36,7,35,7,35,6,35,6,37,6,35,6,36,6,35,5,35,5,34,5,35,5,34,6,32,4,33,5,30,5,32,5,30,5,29,5,29,5,29,5,28,5,27,6,28,5,27,6,26,6,25,6,24,7,25,7,25,7,25,7,25,8,26,7,27,8,25,8,26,8,27,8,26,10,27,9,27,9,26,10,25,10,25,10,27,10,27,10,28,10,28,11,28,10,28,11,29,11,28,11,33,11,30,11,33.0,11.0,31.0,11.0,33.0,11.0,34.0,11.0,34.0,11.0,36.0,12.0,38.0,11.0,36.0,11.0,41.0,10.0,40.0,9.0,43.0,10.0,42.0,9.0,40.0,9.0,41.0,9.0,39.0,8.0,40.0,8.0,42.0,7.0,41.0,7.0,41.0,6.0,41.0,6.0,41.0,5.0,39.0,6.0,41.0,5.0,40.0,4.0,40.0,4.0,38.0,4.0,36.0,3.0,36.0,3.0,36.0,3.0,34.0,3.0,33.0,3.0,26.0,3.0,32.0,3.0,28.0,3.0,24.0,3.0,24.0,4.0,25.0,3.0,23.0,4.0,24.0,4.0,26.0,4.0,21.0,5.0,23.0,4.0,24.0,6.0,22.0,6.0,21.0,5.0,21.0,7.0,23.0,7.0,20.0,8.0,20.0,7.0,22.0,9.0,22.0,9.0,22.0,9.0,23.0,9.0,23.0,10.0,23.0,10.0,24.0,10.0,27.0,11.0,25.0,11.0,25.0,12.0,30.0,11.0,27.0,11.0,28.0,12.0,31.0,12.0,31.0,12.0,34.0,12.0,36.0,11.0,38.0,11.0,36.0,11.0,37.0,11.0,42.0,10.0,39.0,10.0,40.0,11.0,38.0,10.0,40.0,9.0,42.0,8.0,41.0,8.0,39.0,9.0,41.0,8.0,40.0,8.0,40.0,7.0,40.0,6.0,41.0,6.0,41.0,6.0,39.0,6.0,39.0,5.0,40.0,5.0,39.0,5.0,40.0,4.0,38.0,4.0,36.0,3.0,35.0,3.0,35.0,3.0,32.0,3.0,28.0,3.0,29.0,3.0,29.0,3.0,26.0,3.0,24.0,3.0,24.0,3.0,24.0,4.0,24.0,4.0,23.0,5.0,22.0,5.0,22.0,4.0,20.0,6.0,20.0,6.0,20.0,6.0,18.0,7.0,18.0,8.0,17.0,8.0,19.0,8.0,19.0,8.0,18.0,9.0,17.0,9.0,19.0,9.0,19.0,10.0,19.0,10.0,20.0,10.0,20.0,11.0,19.0,11.0,20.0,12.0,22.0,12.0,22.0,12.0,23.0,12.0,25.0,13.0,26.0,13.0
1759560690.897066000,00:03:7f:25:14:25,00:03:7f:25:14:25,3a:c8:97:94:99:7a,3a:c8:97:94:99:7a,31,10,31,10,32,10,31,10,32,10,33,11,33,9,34,10,34,9,34,9,33,9,35,8,33,8,35,8,35,8,34,8,35,8,33,8,33,8,33,8,33,7,32,8,32,7,32,7,32,7,32,7,30,7,31,7,32,7,30,8,30,7,31,8,30,8,30,8,30,8,30,8,32,8,32,8,31,9,31,9,33,9,34,9,34,9,34,9,35,9,34,8,37,8,38,8,37,8,38,8,37,7,38,6,37,6,37,6,36,6,36,5,35,5,34,5,33,4,33,4,34,4,32,4,33,4,32,4,32,4,30,4,31,4,30,5,27,4,29,5,26,5,28,5,26,6,26,6,25,6,26,6,25,6,25,7,26,7,25,7,24,7,24,8,24,8,25,9,25,9,25,9,26,9,27,9,28,9,26,10,28,10,29,10,29,11,30,10,30,10,30,10,29,11,29,11,31,10,32,10,33,10,33,10,33,10,33,10,34,10,34,10,37,10,35,9,37.0,9.0,35.0,9.0,37.0,9.0,37.0,9.0,36.0,9.0,38.0,9.0,39.0,8.0,38.0,9.0,40.0,7.0,38.0,7.0,41.0,6.0,40.0,6.0,38.0,7.0,38.0,7.0,37.0,7.0,37.0,6.0,38.0,6.0,37.0,6.0,37.0,5.0,38.0,5.0,36.0,4.0,35.0,5.0,36.0,4.0,33.0,4.0,32.0,4.0,32.0,4.0,30.0,4.0,30.0,4.0,29.0,4.0,28.0,4.0,29.0,4.0,22.0,6.0,29.0,5.0,25.0,5.0,23.0,5.0,23.0,6.0,23.0,5.0,22.0,7.0,24.0,6.0,27.0,5.0,22.0,7.0,25.0,5.0,25.0,7.0,24.0,8.0,24.0,6.0,24.0,8.0,25.0,8.0,22.0,9.0,22.0,8.0,24.0,9.0,24.0,9.0,25.0,9.0,25.0,9.0,26.0,10.0,25.0,10.0,27.0,10.0,31.0,11.0,27.0,10.0,28.0,11.0,32.0,10.0,29.0,10.0,29.0,11.0,32.0,11.0,32.0,11.0,34.0,10.0,35.0,10.0,37.0,10.0,34.0,10.0,35.0,10.0,40.0,9.0,37.0,9.0,38.0,10.0,36.0,9.0,37.0,9.0,39.0,7.0,38.0,8.0,36.0,8.0,38.0,7.0,37.0,7.0,37.0,7.0,37.0,6.0,38.0,6.0,38.0,5.0,36.0,6.0,36.0,5.0,37.0,5.0,36.0,5.0,38.0,5.0,35.0,4.0,34.0,4.0,33.0,4.0,32.0,4.0,30.0,4.0,27.0,4.0,29.0,4.0,28.0,4.0,27.0,5.0,25.0,4.0,25.0,4.0,25.0,5.0,26.0,5.0,25.0,5.0,24.0,6.0,24.0,5.0,22.0,7.0,23.0,7.0,22.0,7.0,20.0,8.0,20.0,8.0,20.0,8.0,21.0,8.0,22.0,9.0,21.0,9.0,20.0,9.0,22.0,9.0,22.0,10.0,22.0,10.0,23.0,10.0,23.0,11.0,23.0,11.0,23.0,12.0,26.0,11.0,25.0,11.0,26.0,12.0,28.0,12.0,28.0,12.0
1759560691.339033000,00:03:7f:25:14:25,00:03:7f:25:14:25,0a:f5:a5:94:4b:df,0a:f5:a5:94:4b:df,12,13,12,14,11,15,10,15,6,15,56,15,53,15,51,14,51,13,51,12,50,12,49,12,49,12,50,11,51,11,51,10,50,10,49,9,49,8,49,8,49,8,49,7,49,7,49,6,49,5,49,5,49,4,49,4,49,4,49,4,48,3,48,2,48,1,50,1,54,1,56,0,59,0,0,0,12,0,15,1,15,1,15,2,14,2,14,3,13,3,13,3,15,4,16,5,15,6,15,6,16,6,16,7,16,7,16,8,15,8,15,9,15,9,14,10,15,10,15,11,15,11,16,12,16,12,16,13,18,13,19,14,19,14,19,14,18,15,47,15,48,15,48,14,46,13,45,13,45,12,46,12,46,12,47,11,48,10,47,10,47,9,46,8,46,8,46,7,46,7,47,6,48,5,48,5,49,4,49,4,48,4,48,3,47,3,46,2,47,1,47,0,51,0,55,0,61,0,5,0,11,0,13,1,14,1,13,2,13,3,13,3,13,3,14,4,13.0,5.0,14.0,5.0,13.0,6.0,14.0,7.0,14.0,7.0,14.0,7.0,13.0,7.0,14.0,9.0,14.0,9.0,13.0,11.0,15.0,11.0,12.0,11.0,12.0,12.0,11.0,12.0,9.0,13.0,8.0,14.0,9.0,14.0,9.0,15.0,0.0,15.0,58.0,14.0,55.0,14.0,52.0,13.0,51.0,13.0,51.0,12.0,51.0,12.0,51.0,12.0,52.0,11.0,51.0,11.0,50.0,10.0,49.0,9.0,48.0,9.0,48.0,9.0,49.0,8.0,49.0,8.0,50.0,7.0,49.0,7.0,49.0,6.0,50.0,6.0,51.0,5.0,52.0,5.0,53.0,4.0,52.0,4.0,51.0,4.0,51.0,3.0,52.0,3.0,54.0,2.0,55.0,2.0,57.0,1.0,59.0,1.0,63.0,1.0,3.0,0.0,6.0,1.0,8.0,1.0,9.0,2.0,10.0,3.0,11.0,3.0,11.0,3.0,11.0,3.0,12.0,4.0,12.0,5.0,12.0,5.0,12.0,6.0,12.0,7.0,12.0,7.0,12.0,7.0,13.0,7.0,12.0,8.0,12.0,9.0,13.0,9.0,14.0,10.0,14.0,10.0,12.0,10.0,12.0,11.0,12.0,11.0,12.0,11.0,10.0,12.0,9.0,13.0,8.0,13.0,7.0,14.0,8.0,14.0,3.0,14.0,60.0,14.0,55.0,14.0,54.0,14.0,52.0,14.0,51.0,13.0,52.0,13.0,52.0,12.0,52.0,12.0,51.0,11.0,50.0,11.0,49.0,10.0,49.0,10.0,48.0,10.0,48.0,9.0,48.0,9.0,48.0,8.0,48.0,8.0,48.0,7.0,49.0,6.0,49.0,6.0,50.0,5.0,50.0,5.0,50.0,5.0,49.0,4.0,49.0,3.0,48.0,3.0,49.0,2.0,49.0,1.0,51.0,1.0,53.0,1.0,55.0,0.0,3.0,0.0,12.0,0.0,13.0,0.0,14.0,1.0,14.0,2.0,14.0,2.0,13.0,3.0,13.0,3.0,14.0,4.0,15.0,4.0,15.0,5.0,16.0,5.0,16.0,6.0,15.0,6.0
1759560691.475581000,00:03:7f:25:14:25,00:03:7f:25:14:25,3a:c8:97:94:99:7a,3a:c8:97:94:99:7a,38,11,38,10,39,9,38,9,39,9,39,9,39,8,40,8,40,7,39,7,38,6,39,5,37,6,38,5,38,5,36,4,36,4,34,4,33,4,31,4,30,4,28,4,28,4,26,4,25,4,25,4,22,5,24,5,24,5,22,6,22,6,23,7,22,7,22,7,22,8,22,8,23,9,23,9,23,10,22,10,24,11,25,11,25,12,25,12,26,12,28,12,33,13,34,12,34,13,38,12,38,12,40,11,39,11,39,11,40,10,41,10,40,9,38,9,38,8,40,8,41,7,39,7,40,7,39,6,39,6,38,5,39,5,39,6,36,4,37,4,34,4,36,4,32,4,32,3,31,4,30,4,29,4,27,4,28,4,27,4,26,4,23,5,23,6,23,6,23,6,23,6,23,7,23,7,24,7,22,8,23,8,24,8,23,10,24,8,24,9,23,10,22,10,21,11,24,10,24,11,25,11,25,12,26,12,26,12,28,12,28,12,32,12,32,12,35.0,13.0,33.0,12.0,36.0,13.0,39.0,12.0,39.0,12.0,42.0,12.0,42.0,11.0,41.0,11.0,45.0,11.0,45.0,9.0,46.0,9.0,45.0,8.0,45.0,8.0,45.0,8.0,43.0,7.0,44.0,7.0,45.0,7.0,44.0,6.0,45.0,5.0,45.0,5.0,46.0,4.0,43.0,4.0,45.0,3.0,46.0,3.0,46.0,2.0,42.0,2.0,39.0,1.0,37.0,1.0,38.0,0.0,34.0,1.0,31.0,1.0,15.0,2.0,23.0,1.0,18.0,2.0,15.0,2.0,15.0,3.0,16.0,2.0,14.0,4.0,16.0,4.0,18.0,3.0,14.0,5.0,17.0,4.0,18.0,5.0,15.0,6.0,15.0,5.0,16.0,7.0,18.0,7.0,13.0,9.0,15.0,8.0,17.0,9.0,18.0,9.0,17.0,10.0,17.0,10.0,18.0,10.0,17.0,11.0,18.0,12.0,21.0,12.0,19.0,12.0,19.0,13.0,24.0,13.0,23.0,13.0,23.0,13.0,27.0,14.0,30.0,14.0,36.0,14.0,39.0,13.0,42.0,13.0,40.0,13.0,40.0,12.0,46.0,11.0,43.0,12.0,44.0,12.0,41.0,11.0,43.0,10.0,45.0,9.0,44.0,9.0,42.0,9.0,44.0,8.0,43.0,8.0,42.0,8.0,43.0,6.0,43.0,6.0,44.0,6.0,41.0,6.0,42.0,5.0,43.0,5.0,43.0,5.0,43.0,4.0,42.0,3.0,40.0,3.0,38.0,3.0,39.0,2.0,35.0,2.0,31.0,2.0,31.0,2.0,30.0,2.0,26.0,2.0,24.0,2.0,24.0,2.0,23.0,3.0,23.0,3.0,22.0,4.0,21.0,4.0,20.0,4.0,19.0,6.0,19.0,6.0,19.0,6.0,17.0,7.0,17.0,7.0,16.0,8.0,17.0,8.0,18.0,8.0,17.0,9.0,16.0,9.0,18.0,9.0,18.0,10.0,17.0,10.0,18.0,11.0,18.0,11.0,18.0,12.0,18.0,12.0,21.0,12.0,21.0,12.0,21.0,13.0,23.0,13.0,25.0,14.0
1759560691.995308000,00:03:7f:25:14:25,00:03:7f:25:14:25,3a:c8:97:94:99:7a,3a:c8:97:94:99:7a,38,11,37,11,39,10,39,10,39,10,39,10,39,9,40,9,40,8,39,7,39,7,40,6,38,6,40,6,39,6,38,5,38,5,36,4,35,4,34,4,32,4,31,4,30,4,29,4,28,4,28,4,24,5,26,5,26,5,24,6,24,6,25,6,23,7,23,7,23,7,23,8,25,8,25,9,24,9,23,9,26,10,27,10,27,11,27,11,28,11,29,11,33,12,34,11,34,11,37,11,36,10,38,10,37,10,37,9,38,9,38,8,37,8,36,8,36,7,37,7,38,6,36,7,37,6,36,6,37,6,36,5,36,5,37,6,34,4,35,5,32,5,33,5,31,5,31,4,30,5,30,5,29,4,28,5,28,5,28,5,27,5,25,6,24,6,25,6,25,6,24,7,24,7,25,7,25,7,24,8,25,8,26,8,25,9,25,8,25,9,25,9,24,10,23,10,25,9,26,10,26,10,26,11,28,11,27,11,28,11,28,11,32,11,31,11,34.0,12.0,31.0,12.0,34.0,12.0,36.0,12.0,36.0,12.0,39.0,12.0,39.0,11.0,39.0,12.0,41.0,10.0,42.0,9.0,45.0,8.0,44.0,8.0,43.0,9.0,43.0,8.0,42.0,8.0,42.0,7.0,44.0,7.0,42.0,7.0,43.0,5.0,43.0,6.0,44.0,4.0,41.0,5.0,42.0,4.0,43.0,3.0,43.0,3.0,40.0,2.0,38.0,2.0,36.0,2.0,36.0,1.0,34.0,2.0,32.0,2.0,20.0,2.0,31.0,2.0,24.0,2.0,19.0,2.0,20.0,2.0,20.0,2.0,18.0,4.0,19.0,3.0,22.0,3.0,18.0,4.0,20.0,3.0,21.0,5.0,19.0,6.0,18.0,5.0,19.0,7.0,20.0,7.0,16.0,8.0,18.0,7.0,19.0,8.0,19.0,8.0,19.0,9.0,20.0,9.0,20.0,10.0,19.0,10.0,20.0,11.0,24.0,11.0,21.0,11.0,20.0,12.0,26.0,12.0,24.0,12.0,23.0,13.0,27.0,13.0,29.0,13.0,32.0,13.0,35.0,13.0,37.0,13.0,37.0,13.0,37.0,12.0,43.0,11.0,39.0,12.0,41.0,12.0,39.0,11.0,41.0,11.0,43.0,10.0,43.0,10.0,40.0,10.0,43.0,9.0,42.0,9.0,41.0,8.0,42.0,7.0,42.0,7.0,43.0,6.0,40.0,7.0,41.0,6.0,42.0,5.0,42.0,5.0,43.0,5.0,41.0,4.0,40.0,4.0,39.0,4.0,38.0,3.0,36.0,3.0,33.0,2.0,34.0,3.0,32.0,2.0,30.0,3.0,27.0,2.0,27.0,3.0,25.0,3.0,25.0,3.0,24.0,4.0,22.0,4.0,22.0,3.0,20.0,5.0,21.0,5.0,20.0,5.0,18.0,6.0,18.0,7.0,17.0,7.0,18.0,7.0,19.0,8.0,18.0,8.0,17.0,8.0,19.0,8.0,19.0,9.0,19.0,10.0,19.0,10.0,19.0,10.0,19.0,11.0,19.0,12.0,21.0,12.0,22.0,11.0,22.0,12.0,24.0,12.0,25.0,13.0
1759560692.563220000,00:03:7f:25:14:25,00:03:7f:25:14:25,3a:c8:97:94:99:7a,3a:c8:97:94:99:7a,31,11,32,11,32,11,32,11,33,11,34,12,34,10,36,10,35,9,35,9,35,9,37,9,35,9,37,8,37,8,36,8,37,8,35,8,35,7,35,7,34,6,34,7,34,6,33,6,33,6,33,6,30,6,31,6,32,6,30,7,29,7,30,7,29,7,29,7,29,8,29,8,31,8,31,8,30,8,30,9,32,9,33,9,34,9,33,9,34,9,35,9,38,9,38,8,37,8,39,8,38,7,39,6,38,6,38,6,38,6,38,5,36,5,34,4,33,4,34,4,34,3,32,4,32,4,32,4,31,4,29,4,30,4,29,5,27,4,28,4,25,5,27,5,25,6,25,6,24,6,25,6,25,6,24,7,25,7,25,7,24,7,24,8,23,9,25,9,25,9,25,9,26,10,27,10,28,10,27,10,28,10,30,10,30,11,31,10,30,10,31,10,30,11,30,11,32,10,33,10,34,10,34,10,34,10,34,10,35,9,34,9,37,9,35,8,37.0,9.0,35.0,8.0,37.0,9.0,37.0,8.0,36.0,8.0,39.0,8.0,37.0,7.0,37.0,8.0,38.0,7.0,38.0,6.0,39.0,6.0,38.0,6.0,37.0,6.0,37.0,6.0,35.0,6.0,35.0,6.0,37.0,5.0,35.0,5.0,35.0,5.0,35.0,5.0,33.0,4.0,32.0,5.0,33.0,4.0,31.0,4.0,30.0,4.0,30.0,5.0,28.0,5.0,28.0,5.0,28.0,5.0,27.0,6.0,27.0,5.0,22.0,7.0,28.0,7.0,25.0,7.0,23.0,7.0,24.0,8.0,24.0,6.0,23.0,8.0,25.0,7.0,27.0,6.0,24.0,8.0,26.0,6.0,26.0,8.0,25.0,9.0,26.0,7.0,25.0,9.0,26.0,9.0,23.0,10.0,24.0,8.0,25.0,10.0,25.0,9.0,26.0,10.0,27.0,9.0,28.0,10.0,27.0,10.0,28.0,10.0,32.0,11.0,29.0,10.0,29.0,11.0,33.0,10.0,30.0,10.0,30.0,10.0,32.0,10.0,33.0,10.0,35.0,10.0,35.0,10.0,37.0,9.0,35.0,10.0,35.0,10.0,40.0,9.0,37.0,9.0,38.0,9.0,36.0,8.0,37.0,8.0,39.0,7.0,38.0,8.0,36.0,8.0,38.0,7.0,37.0,7.0,36.0,7.0,37.0,6.0,38.0,6.0,38.0,5.0,36.0,6.0,36.0,5.0,37.0,5.0,36.0,5.0,37.0,5.0,35.0,5.0,34.0,5.0,33.0,5.0,32.0,4.0,31.0,4.0,28.0,5.0,29.0,5.0,29.0,5.0,27.0,5.0,26.0,5.0,26.0,5.0,26.0,5.0,26.0,5.0,25.0,6.0,25.0,6.0,25.0,5.0,23.0,7.0,23.0,7.0,23.0,7.0,21.0,8.0,21.0,8.0,20.0,8.0,22.0,8.0,22.0,9.0,21.0,9.0,21.0,9.0,23.0,9.0,23.0,10.0,23.0,10.0,23.0,10.0,23.0,11.0,23.0,11.0,24.0,12.0,27.0,11.0,26.0,11.0,27.0,11.0,28.0,12.0,29.0,12.0
1759560692.909085000,00:03:7f:25:14:25,00:03:7f:25:14:25,0a:f5:a5:94:4b:df,0a:f5:a5:94:4b:df,14,13,15,14,15,14,15,15,15,15,10,15,52,15,50,14,49,14,50,13,49,12,48,12,49,12,49,12,50,11,50,11,49,10,49,9,49,9,48,8,48,8,48,8,49,7,49,6,49,5,48,5,48,5,48,5,48,5,49,4,48,3,47,2,48,2,48,1,50,1,53,1,53,0,54,0,10,0,16,0,16,1,15,2,15,2,14,2,13,3,13,3,15,4,16,5,15,5,15,6,15,6,16,6,16,6,16,7,15,8,15,8,15,9,15,10,15,10,15,10,16,10,16,11,16,12,17,12,18,13,19,13,18,14,19,14,18,14,19,15,43,15,46,14,45,14,44,13,44,13,45,13,46,12,47,12,47,11,47,10,46,10,45,9,46,9,46,8,46,8,46,7,47,6,48,5,48,5,47,4,47,4,47,4,47,3,46,3,46,2,45,1,45,1,47,1,48,0,50,0,28,0,20,0,18,1,15,2,14,2,14,3,14,3,15,4,14.0,5.0,15.0,5.0,14.0,6.0,15.0,6.0,15.0,7.0,15.0,7.0,14.0,7.0,15.0,8.0,15.0,9.0,15.0,10.0,16.0,10.0,14.0,11.0,14.0,12.0,13.0,12.0,12.0,13.0,12.0,14.0,13.0,14.0,15.0,14.0,10.0,15.0,60.0,15.0,53.0,14.0,51.0,14.0,49.0,13.0,49.0,13.0,50.0,13.0,50.0,12.0,51.0,12.0,50.0,11.0,49.0,10.0,48.0,10.0,47.0,9.0,47.0,9.0,48.0,9.0,48.0,8.0,49.0,8.0,48.0,7.0,48.0,7.0,49.0,6.0,50.0,5.0,51.0,5.0,51.0,4.0,50.0,4.0,50.0,4.0,49.0,3.0,50.0,3.0,50.0,2.0,51.0,1.0,53.0,1.0,55.0,1.0,56.0,0.0,53.0,0.0,12.0,0.0,12.0,1.0,11.0,2.0,12.0,2.0,13.0,2.0,12.0,3.0,13.0,3.0,13.0,4.0,13.0,4.0,14.0,5.0,13.0,6.0,13.0,6.0,14.0,7.0,14.0,7.0,14.0,7.0,13.0,8.0,14.0,8.0,14.0,9.0,15.0,10.0,15.0,10.0,14.0,10.0,13.0,11.0,14.0,11.0,14.0,11.0,13.0,12.0,12.0,13.0,11.0,13.0,11.0,14.0,12.0,14.0,12.0,15.0,57.0,15.0,50.0,15.0,50.0,14.0,48.0,14.0,48.0,13.0,49.0,13.0,50.0,13.0,50.0,12.0,49.0,12.0,48.0,11.0,48.0,10.0,47.0,10.0,46.0,10.0,46.0,10.0,47.0,9.0,47.0,8.0,47.0,8.0,47.0,7.0,47.0,6.0,47.0,6.0,48.0,5.0,48.0,5.0,48.0,5.0,47.0,4.0,46.0,4.0,46.0,3.0,45.0,2.0,44.0,1.0,44.0,1.0,43.0,0.0,39.0,0.0,31.0,0.0,24.0,0.0,20.0,1.0,18.0,2.0,17.0,2.0,16.0,2.0,15.0,3.0,15.0,3.0,16.0,4.0,16.0,5.0,17.0,5.0,17.0,6.0,17.0,6.0,16.0,7.0
1759560692.990263000,00:03:7f:25:14:25,00:03:7f:25:14:25,3a:c8:97:94:99:7a,3a:c8:97:94:99:7a,31,11,31,11,32,10,31,11,33,11,33,11,34,10,35,10,35,9,35,9,34,9,36,9,34,9,36,8,37,8,35,7,35,8,34,8,34,7,34,7,33,6,33,7,33,7,32,7,32,6,32,6,29,7,31,7,31,7,30,7,29,7,30,7,29,7,29,7,29,8,29,8,31,8,31,8,30,8,30,9,32,9,33,9,34,9,34,9,34,9,34,9,37,9,37,8,37,8,38,8,37,7,38,7,37,6,37,6,37,6,37,5,35,5,33,5,33,5,34,4,34,4,33,4,33,4,32,5,32,4,30,4,31,4,30,5,28,4,29,4,26,5,28,5,26,5,26,5,25,6,25,6,25,6,25,7,26,6,26,7,25,7,24,8,23,8,25,8,25,8,25,9,26,9,27,9,28,9,26,10,28,10,29,10,29,11,30,10,29,10,30,10,29,11,29,11,32,10,32,10,33,10,33,10,33,10,33,10,34,9,33,10,37,10,34,9,37.0,9.0,34.0,9.0,36.0,9.0,36.0,9.0,36.0,9.0,38.0,10.0,38.0,8.0,37.0,9.0,39.0,7.0,37.0,7.0,41.0,6.0,39.0,6.0,37.0,7.0,37.0,7.0,36.0,7.0,36.0,6.0,37.0,6.0,36.0,6.0,36.0,5.0,36.0,5.0,34.0,4.0,34.0,5.0,34.0,4.0,32.0,4.0,32.0,4.0,30.0,5.0,29.0,5.0,29.0,5.0,28.0,5.0,28.0,5.0,28.0,5.0,23.0,7.0,29.0,6.0,25.0,6.0,23.0,6.0,24.0,7.0,25.0,6.0,23.0,7.0,25.0,7.0,27.0,6.0,23.0,7.0,26.0,6.0,26.0,8.0,25.0,8.0,25.0,7.0,25.0,8.0,26.0,8.0,23.0,9.0,24.0,8.0,25.0,9.0,25.0,9.0,26.0,9.0,26.0,9.0,27.0,10.0,26.0,10.0,28.0,10.0,31.0,10.0,28.0,10.0,28.0,11.0,32.0,10.0,30.0,10.0,29.0,11.0,32.0,10.0,32.0,11.0,34.0,10.0,35.0,10.0,37.0,10.0,35.0,10.0,35.0,10.0,40.0,9.0,37.0,9.0,38.0,10.0,36.0,9.0,38.0,8.0,39.0,8.0,38.0,8.0,36.0,8.0,38.0,7.0,37.0,7.0,37.0,7.0,37.0,6.0,38.0,6.0,38.0,5.0,36.0,6.0,36.0,5.0,37.0,5.0,36.0,5.0,38.0,5.0,36.0,4.0,34.0,4.0,33.0,5.0,33.0,4.0,31.0,4.0,28.0,5.0,29.0,5.0,29.0,4.0,27.0,5.0,26.0,5.0,26.0,5.0,26.0,5.0,26.0,5.0,26.0,6.0,24.0,6.0,24.0,5.0,23.0,7.0,23.0,7.0,23.0,7.0,21.0,8.0,21.0,8.0,20.0,8.0,22.0,8.0,22.0,9.0,21.0,9.0,21.0,9.0,23.0,9.0,23.0,10.0,23.0,10.0,23.0,10.0,23.0,11.0,24.0,11.0,24.0,12.0,27.0,11.0,26.0,11.0,26.0,12.0,29.0,12.0,29.0,12.0
1759560694.045391000,00:03:7f:25:14:25,00:03:7f:25:14:25,3a:c8:97:94:99:7a,3a:c8:97:94:99:7a,36,12,36,11,37,11,37,10,37,10,38,11,38,9,39,9,39,8,38,8,38,8,39,7,37,7,39,7,39,7,38,6,38,6,36,6,36,5,35,5,33,4,33,5,32,5,31,5,30,4,30,4,27,5,28,5,29,5,26,6,26,6,26,6,25,7,25,7,24,7,24,7,26,8,26,8,25,8,24,9,27,9,27,9,27,10,27,10,28,11,28,10,32,11,32,10,32,11,34,11,34,10,36,10,36,10,36,9,36,9,37,9,36,9,35,8,35,8,36,7,37,7,36,7,37,7,36,6,37,6,36,6,36,6,37,7,34,5,36,5,33,5,35,5,32,5,32,5,31,5,31,5,31,4,29,5,30,5,29,5,28,5,26,5,26,6,26,6,26,6,26,6,26,6,27,6,27,7,25,7,26,7,27,7,26,9,26,7,26,8,26,8,25,9,23,9,26,9,26,9,26,9,26,10,27,10,26,10,27,10,27,11,30,10,28,10,31.0,11.0,29.0,11.0,32.0,11.0,33.0,11.0,33.0,11.0,35.0,12.0,35.0,12.0,36.0,11.0,39.0,11.0,41.0,10.0,42.0,10.0,41.0,9.0,41.0,10.0,41.0,9.0,39.0,9.0,40.0,8.0,42.0,8.0,41.0,8.0,41.0,7.0,42.0,7.0,42.0,6.0,39.0,6.0,41.0,5.0,41.0,5.0,41.0,4.0,40.0,4.0,38.0,3.0,37.0,3.0,37.0,3.0,35.0,3.0,34.0,3.0,27.0,3.0,34.0,3.0,29.0,3.0,24.0,2.0,26.0,3.0,25.0,2.0,23.0,4.0,24.0,3.0,25.0,3.0,21.0,4.0,23.0,3.0,23.0,5.0,22.0,5.0,21.0,4.0,21.0,7.0,23.0,6.0,19.0,8.0,20.0,7.0,21.0,8.0,22.0,8.0,22.0,8.0,22.0,8.0,22.0,9.0,21.0,10.0,23.0,10.0,26.0,10.0,23.0,10.0,23.0,12.0,28.0,11.0,26.0,11.0,26.0,12.0,28.0,12.0,30.0,12.0,32.0,12.0,34.0,12.0,36.0,12.0,35.0,12.0,36.0,12.0,41.0,11.0,38.0,11.0,39.0,11.0,38.0,10.0,39.0,10.0,42.0,9.0,41.0,9.0,39.0,9.0,41.0,8.0,40.0,8.0,40.0,8.0,41.0,7.0,41.0,7.0,42.0,6.0,39.0,6.0,40.0,5.0,41.0,5.0,40.0,5.0,42.0,5.0,40.0,4.0,38.0,4.0,37.0,4.0,37.0,3.0,34.0,3.0,31.0,3.0,32.0,3.0,31.0,3.0,28.0,3.0,26.0,3.0,26.0,3.0,25.0,4.0,25.0,4.0,24.0,4.0,22.0,4.0,22.0,4.0,21.0,6.0,21.0,6.0,20.0,6.0,19.0,7.0,19.0,7.0,17.0,8.0,19.0,7.0,19.0,8.0,18.0,8.0,18.0,9.0,20.0,9.0,19.0,10.0,19.0,10.0,20.0,10.0,20.0,11.0,19.0,11.0,20.0,12.0,22.0,12.0,22.0,12.0,23.0,12.0,25.0,13.0,26.0,13.0
1759560694.468122000,00:03:7f:25:14:25,00:03:7f:25:14:25,0a:f5:a5:94:4b:df,0a:f5:a5:94:4b:df,13,13,12,14,12,14,12,15,10,15,61,15,54,15,51,14,51,13,51,13,50,12,49,12,49,12,50,11,51,11,51,10,50,10,50,9,49,9,49,8,49,8,49,7,49,7,49,6,49,5,49,5,48,5,49,5,49,5,49,4,48,3,48,2,49,2,51,1,53,1,55,1,57,0,60,0,8,0,13,1,15,1,14,2,14,2,13,3,12,3,12,3,15,4,15,5,15,6,15,6,15,6,15,6,15,7,15,7,15,8,15,9,14,9,14,10,14,10,14,10,15,11,15,11,15,12,15,13,17,13,17,14,17,14,16,14,15,15,6,15,51,15,49,14,47,13,46,13,46,13,46,12,47,12,48,11,48,11,48,10,47,9,46,9,47,8,47,8,47,7,47,7,48,6,48,5,48,5,48,4,48,4,48,4,48,3,47,2,48,2,48,1,50,1,52,1,55,0,61,0,4,0,11,0,13,1,12,2,12,2,13,3,13,3,14,4,13.0,5.0,14.0,5.0,13.0,6.0,14.0,7.0,14.0,7.0,14.0,7.0,14.0,7.0,14.0,8.0,14.0,9.0,13.0,10.0,15.0,11.0,13.0,11.0,12.0,11.0,11.0,12.0,10.0,13.0,10.0,14.0,10.0,14.0,11.0,14.0,5.0,15.0,62.0,15.0,56.0,14.0,53.0,13.0,51.0,13.0,51.0,13.0,51.0,12.0,51.0,12.0,51.0,12.0,51.0,11.0,50.0,10.0,49.0,10.0,48.0,9.0,48.0,9.0,49.0,9.0,49.0,9.0,50.0,8.0,49.0,7.0,49.0,7.0,50.0,6.0,51.0,5.0,52.0,5.0,52.0,5.0,51.0,4.0,51.0,4.0,51.0,3.0,51.0,3.0,53.0,2.0,53.0,2.0,54.0,2.0,56.0,1.0,58.0,1.0,60.0,0.0,1.0,0.0,7.0,1.0,8.0,2.0,10.0,2.0,11.0,2.0,11.0,3.0,12.0,3.0,12.0,4.0,12.0,4.0,13.0,5.0,12.0,5.0,12.0,6.0,12.0,6.0,13.0,7.0,13.0,7.0,13.0,7.0,13.0,8.0,14.0,9.0,14.0,9.0,14.0,10.0,13.0,10.0,12.0,10.0,13.0,11.0,12.0,11.0,11.0,12.0,10.0,12.0,9.0,13.0,9.0,14.0,10.0,14.0,8.0,14.0,0.0,15.0,55.0,15.0,53.0,14.0,51.0,14.0,50.0,14.0,51.0,13.0,51.0,13.0,52.0,12.0,51.0,12.0,49.0,11.0,49.0,11.0,48.0,10.0,47.0,10.0,47.0,10.0,47.0,9.0,48.0,9.0,48.0,8.0,48.0,7.0,48.0,7.0,48.0,6.0,49.0,5.0,49.0,5.0,49.0,5.0,48.0,5.0,47.0,4.0,47.0,3.0,47.0,2.0,47.0,2.0,48.0,1.0,48.0,1.0,47.0,0.0,39.0,0.0,24.0,0.0,17.0,0.0,16.0,1.0,16.0,2.0,15.0,2.0,14.0,2.0,14.0,3.0,15.0,4.0,16.0,4.0,16.0,5.0,16.0,5.0,16.0,6.0,15.0,6.0
1759560694.630830000,00:03:7f:25:14:25,00:03:7f:25:14:25,3a:c8:97:94:99:7a,3a:c8:97:94:99:7a,34,11,34,11,35,11,35,11,36,11,37,11,37,9,38,9,38,9,38,8,37,9,39,8,36,8,38,7,39,7,37,6,38,6,36,6,36,6,35,6,34,5,33,5,33,5,32,5,32,5,32,5,28,5,29,5,30,5,27,6,27,6,28,6,27,6,27,6,25,7,26,7,27,7,27,7,26,8,26,8,27,8,27,8,27,9,28,9,28,10,29,10,31,10,32,9,31,10,34,10,33,10,35,9,34,9,34,8,34,8,35,8,34,8,33,7,33,7,34,7,35,6,33,7,35,6,34,6,35,6,33,6,34,6,34,7,32,5,33,5,30,5,32,5,31,5,30,5,29,6,30,6,29,5,28,6,29,5,29,6,28,6,27,6,25,7,27,7,26,7,27,7,27,7,28,7,28,8,26,8,27,8,28,8,28,9,29,8,28,9,28,9,27,10,26,10,28,9,28,9,29,9,29,10,30,9,29,10,30,10,30,10,33,10,31,10,34.0,10.0,32.0,10.0,33.0,10.0,34.0,10.0,33.0,10.0,36.0,11.0,36.0,9.0,36.0,10.0,38.0,9.0,38.0,8.0,41.0,8.0,40.0,8.0,38.0,8.0,39.0,8.0,37.0,8.0,38.0,7.0,39.0,7.0,38.0,7.0,39.0,5.0,39.0,6.0,39.0,5.0,38.0,5.0,39.0,4.0,37.0,4.0,36.0,4.0,35.0,4.0,34.0,3.0,33.0,3.0,32.0,3.0,32.0,4.0,31.0,3.0,24.0,5.0,30.0,4.0,26.0,4.0,23.0,4.0,24.0,5.0,24.0,3.0,22.0,5.0,24.0,5.0,26.0,5.0,21.0,6.0,24.0,5.0,23.0,7.0,22.0,7.0,22.0,6.0,22.0,7.0,23.0,8.0,19.0,9.0,21.0,7.0,22.0,9.0,22.0,9.0,23.0,9.0,23.0,9.0,23.0,10.0,22.0,10.0,24.0,11.0,28.0,11.0,25.0,11.0,25.0,12.0,29.0,11.0,28.0,11.0,27.0,12.0,30.0,12.0,31.0,12.0,33.0,11.0,35.0,11.0,37.0,11.0,35.0,11.0,35.0,11.0,41.0,10.0,38.0,10.0,39.0,11.0,37.0,9.0,39.0,9.0,41.0,8.0,40.0,8.0,38.0,9.0,40.0,8.0,39.0,8.0,39.0,8.0,40.0,6.0,40.0,6.0,41.0,6.0,39.0,6.0,39.0,5.0,40.0,5.0,39.0,5.0,40.0,4.0,39.0,3.0,37.0,3.0,35.0,3.0,36.0,3.0,33.0,3.0,30.0,3.0,31.0,3.0,29.0,3.0,27.0,4.0,25.0,3.0,26.0,3.0,25.0,4.0,26.0,4.0,24.0,5.0,23.0,5.0,22.0,4.0,21.0,6.0,21.0,6.0,21.0,6.0,19.0,7.0,19.0,7.0,18.0,8.0,19.0,8.0,20.0,8.0,19.0,9.0,19.0,9.0,20.0,9.0,20.0,9.0,19.0,10.0,20.0,10.0,20.0,11.0,20.0,11.0,20.0,12.0,23.0,12.0,23.0,11.0,23.0,12.0,25.0,12.0,26.0,13.0
1759560695.093951000,00:03:7f:25:14:25,00:03:7f:25:14:25,3a:c8:97:94:99:7a,3a:c8:97:94:99:7a,33,11,33,11,34,11,34,11,35,10,36,11,35,10,37,10,37,9,37,9,37,9,38,8,36,8,38,8,38,7,37,7,37,7,36,7,36,6,35,6,34,5,33,6,33,5,32,5,32,5,32,5,29,5,30,5,30,5,28,6,28,6,28,6,27,6,27,6,26,7,27,7,28,7,28,7,27,8,27,8,29,8,29,9,29,9,30,9,30,9,30,9,33,9,34,9,33,9,36,9,35,8,36,8,35,8,35,8,35,7,35,7,34,7,33,7,32,6,33,6,34,5,33,6,33,6,33,6,33,5,32,5,32,5,33,6,30,5,32,5,29,5,31,5,29,6,29,6,28,6,29,6,28,6,27,6,28,6,28,6,27,6,26,7,25,7,26,7,26,7,27,7,27,8,28,8,28,8,26,8,28,8,29,8,28,9,28,8,28,9,28,9,27,9,26,10,29,9,29,9,30,9,29,10,30,9,29,10,30,9,30,10,33,10,31,9,32.0,10.0,32.0,10.0,33.0,10.0,33.0,10.0,33.0,10.0,35.0,10.0,35.0,10.0,34.0,10.0,38.0,10.0,38.0,8.0,40.0,9.0,38.0,9.0,38.0,9.0,39.0,9.0,37.0,9.0,38.0,8.0,40.0,8.0,38.0,8.0,39.0,6.0,40.0,7.0,39.0,6.0,37.0,6.0,39.0,6.0,38.0,5.0,38.0,5.0,37.0,5.0,35.0,5.0,35.0,5.0,34.0,4.0,33.0,5.0,33.0,4.0,28.0,6.0,34.0,5.0,30.0,5.0,26.0,4.0,28.0,5.0,29.0,3.0,26.0,5.0,27.0,4.0,30.0,4.0,24.0,5.0,28.0,4.0,27.0,6.0,25.0,6.0,25.0,5.0,24.0,7.0,26.0,7.0,22.0,8.0,23.0,7.0,24.0,8.0,24.0,8.0,24.0,8.0,25.0,8.0,25.0,9.0,24.0,9.0,25.0,10.0,29.0,10.0,26.0,10.0,26.0,11.0,30.0,10.0,28.0,10.0,27.0,11.0,29.0,11.0,30.0,11.0,32.0,11.0,34.0,11.0,36.0,11.0,34.0,11.0,34.0,11.0,40.0,10.0,37.0,10.0,38.0,10.0,36.0,9.0,38.0,9.0,40.0,8.0,39.0,8.0,37.0,9.0,39.0,8.0,38.0,8.0,38.0,7.0,38.0,6.0,39.0,6.0,39.0,6.0,37.0,6.0,38.0,5.0,39.0,5.0,38.0,5.0,39.0,5.0,37.0,4.0,36.0,4.0,34.0,4.0,34.0,4.0,32.0,4.0,29.0,4.0,31.0,4.0,29.0,4.0,28.0,4.0,26.0,4.0,26.0,4.0,25.0,5.0,26.0,5.0,25.0,5.0,23.0,5.0,24.0,5.0,22.0,6.0,22.0,6.0,22.0,6.0,20.0,7.0,20.0,8.0,19.0,8.0,20.0,8.0,21.0,9.0,20.0,9.0,19.0,9.0,21.0,9.0,21.0,10.0,21.0,10.0,22.0,10.0,22.0,11.0,21.0,11.0,22.0,12.0,24.0,12.0,25.0,12.0,25.0,12.0,27.0,12.0,28.0,13.0
1759560695.647532000,00:03:7f:25:14:25,00:03:7f:25:14:25,3a:c8:97:94:99:7a,3a:c8:97:94:99:7a,31,7,31,7,31,7,30,7,30,7,30,8,30,6,31,7,30,7,30,7,28,7,30,6,28,7,30,7,30,7,29,7,29,7,27,7,27,7,28,8,27,7,27,8,27,8,27,8,27,8,27,8,25,8,27,8,27,8,26,8,26,8,27,8,27,9,27,9,27,9,28,9,29,9,29,9,29,9,29,9,31,9,32,9,32,9,32,9,33,9,33,8,35,8,35,8,34,7,35,7,34,7,36,6,34,6,34,6,34,6,34,6,33,6,31,5,31,5,31,5,33,5,31,5,32,5,31,5,31,5,30,5,31,5,31,6,29,5,30,5,28,6,29,6,28,6,27,6,27,6,28,6,28,6,27,7,28,7,28,7,27,7,27,8,26,8,27,8,27,8,27,8,28,8,29,8,29,8,28,9,29,8,30,8,29,10,30,8,30,9,30,9,29,9,28,10,30,9,30,9,31,9,31,9,31,9,31,9,31,9,31,9,34,9,32,9,34.0,9.0,32.0,9.0,34.0,9.0,34.0,9.0,34.0,9.0,35.0,9.0,35.0,8.0,35.0,9.0,36.0,8.0,36.0,8.0,37.0,7.0,35.0,7.0,35.0,7.0,35.0,7.0,34.0,7.0,34.0,7.0,35.0,6.0,34.0,6.0,34.0,6.0,34.0,6.0,32.0,6.0,32.0,6.0,32.0,6.0,30.0,6.0,30.0,6.0,30.0,6.0,29.0,6.0,29.0,6.0,28.0,6.0,28.0,7.0,28.0,7.0,24.0,8.0,29.0,7.0,26.0,8.0,24.0,8.0,25.0,9.0,26.0,8.0,24.0,9.0,26.0,9.0,28.0,8.0,25.0,9.0,28.0,8.0,27.0,10.0,27.0,10.0,27.0,9.0,28.0,10.0,28.0,10.0,27.0,11.0,28.0,10.0,28.0,11.0,29.0,10.0,30.0,11.0,31.0,11.0,31.0,11.0,32.0,11.0,33.0,11.0,36.0,11.0,33.0,11.0,33.0,11.0,37.0,10.0,35.0,10.0,35.0,10.0,37.0,10.0,37.0,10.0,38.0,9.0,39.0,9.0,41.0,9.0,38.0,9.0,38.0,9.0,43.0,7.0,40.0,8.0,41.0,8.0,38.0,7.0,40.0,7.0,42.0,6.0,40.0,7.0,38.0,7.0,40.0,6.0,39.0,6.0,38.0,6.0,39.0,5.0,39.0,5.0,39.0,5.0,37.0,5.0,36.0,4.0,37.0,4.0,36.0,4.0,38.0,4.0,35.0,4.0,33.0,4.0,32.0,4.0,31.0,3.0,29.0,4.0,26.0,4.0,27.0,4.0,27.0,4.0,25.0,5.0,23.0,5.0,24.0,5.0,23.0,5.0,24.0,5.0,24.0,6.0,22.0,6.0,23.0,6.0,21.0,7.0,22.0,7.0,21.0,7.0,20.0,8.0,20.0,9.0,19.0,9.0,21.0,9.0,21.0,9.0,20.0,9.0,20.0,10.0,22.0,10.0,22.0,10.0,22.0,11.0,23.0,11.0,23.0,11.0,23.0,11.0,23.0,12.0,26.0,12.0,27.0,12.0,27.0,12.0,29.0,12.0,31.0,12.0
1759560696.022289000,00:03:7f:25:14:25,00:03:7f:25:14:25,0a:f5:a5:94:4b:df,0a:f5:a5:94:4b:df,10,14,8,14,5,15,3,15,62,15,56,15,54,14,52,13,51,13,52,12,51,12,50,11,50,11,51,11,52,10,52,10,51,9,50,8,50,8,50,8,50,7,50,7,50,6,50,5,51,5,50,4,50,4,50,4,51,4,51,3,51,2,51,2,53,1,56,1,59,1,61,1,0,1,3,1,9,1,12,1,13,2,13,2,13,3,12,3,12,4,12,4,14,5,15,6,15,6,15,7,15,7,15,7,16,8,15,8,14,9,14,10,14,10,14,11,15,11,15,11,15,12,15,12,15,13,15,14,17,14,18,15,18,15,7,15,52,15,50,14,50,13,50,13,48,12,47,12,47,12,48,11,48,11,48,10,48,9,48,9,47,8,47,7,47,7,47,6,47,6,48,5,49,4,50,4,50,3,50,3,50,3,50,2,50,2,50,1,55,0,63,0,0,1,1,1,4,1,6,1,9,1,10,2,11,2,11,3,11,4,11,4,12,4,12,5,12.0,6.0,12.0,6.0,12.0,7.0,12.0,8.0,12.0,8.0,12.0,8.0,11.0,8.0,12.0,9.0,12.0,10.0,11.0,11.0,12.0,11.0,10.0,11.0,10.0,12.0,8.0,12.0,6.0,13.0,4.0,13.0,5.0,14.0,5.0,14.0,1.0,14.0,62.0,14.0,58.0,13.0,55.0,13.0,54.0,13.0,53.0,12.0,53.0,12.0,53.0,12.0,53.0,11.0,53.0,11.0,52.0,10.0,51.0,10.0,50.0,9.0,49.0,9.0,50.0,9.0,50.0,8.0,51.0,8.0,50.0,7.0,50.0,7.0,51.0,6.0,51.0,5.0,52.0,5.0,53.0,5.0,52.0,4.0,52.0,4.0,52.0,3.0,52.0,3.0,54.0,2.0,55.0,2.0,56.0,2.0,57.0,2.0,60.0,1.0,61.0,0.0,2.0,1.0,6.0,1.0,7.0,2.0,9.0,3.0,10.0,3.0,10.0,3.0,11.0,3.0,11.0,4.0,11.0,5.0,12.0,5.0,12.0,6.0,11.0,6.0,12.0,7.0,12.0,7.0,12.0,7.0,12.0,8.0,12.0,8.0,13.0,9.0,14.0,9.0,14.0,10.0,12.0,10.0,12.0,11.0,12.0,11.0,12.0,11.0,11.0,12.0,9.0,13.0,8.0,13.0,8.0,14.0,8.0,14.0,4.0,14.0,61.0,15.0,56.0,14.0,54.0,14.0,52.0,13.0,51.0,13.0,52.0,13.0,53.0,12.0,53.0,12.0,52.0,11.0,50.0,11.0,50.0,10.0,49.0,10.0,48.0,10.0,48.0,10.0,48.0,9.0,49.0,8.0,49.0,8.0,49.0,7.0,49.0,6.0,49.0,6.0,50.0,5.0,50.0,5.0,50.0,5.0,49.0,4.0,49.0,4.0,49.0,3.0,49.0,2.0,50.0,2.0,51.0,1.0,53.0,1.0,54.0,0.0,58.0,0.0,10.0,0.0,12.0,0.0,13.0,1.0,14.0,2.0,13.0,2.0,13.0,3.0,13.0,3.0,14.0,4.0,14.0,5.0,15.0,5.0,15.0,6.0,15.0,6.0,14.0,7.0
1759560696.124160000,00:03:7f:25:14:25,00:03:7f:25:14:25,3a:c8:97:94:99:7a,3a:c8:97:94:99:7a,16,6,16,7,17,6,17,7,16,8,14,10,17,8,16,10,17,10,17,10,15,11,17,11,16,11,19,12,15,12,15,12,18,14,9,14,17,13,32,15,35,15,43,15,47,14,44,14,48,13,44,12,40,12,42,10,40,10,39,11,36,9,37,9,34,9,36,9,34,9,34,9,37,9,36,9,34,9,35,10,37,9,37,9,37,9,37,10,38,9,37,9,39,8,40,8,39,8,41,8,39,7,40,6,39,6,39,6,39,5,39,5,38,4,36,4,36,4,36,3,36,3,34,3,34,3,32,3,32,3,30,3,30,3,29,4,26,3,27,4,24,4,26,4,24,5,23,5,23,6,24,6,24,6,23,7,23,7,23,7,23,8,23,9,22,9,23,9,24,9,24,10,25,10,27,10,27,11,27,11,28,11,30,11,31,12,31,11,32,11,33,11,33,12,33,12,36,11,36,11,37,10,38,10,37,10,38,10,38,9,38,9,41,9,39,8,41.0,8.0,38.0,7.0,40.0,7.0,40.0,7.0,39.0,6.0,41.0,7.0,40.0,5.0,39.0,6.0,40.0,4.0,36.0,4.0,38.0,3.0,35.0,3.0,33.0,4.0,32.0,4.0,31.0,4.0,30.0,3.0,31.0,3.0,29.0,4.0,28.0,3.0,28.0,4.0,24.0,4.0,25.0,5.0,25.0,5.0,24.0,5.0,23.0,5.0,24.0,6.0,23.0,6.0,23.0,7.0,22.0,7.0,21.0,7.0,22.0,8.0,19.0,9.0,23.0,9.0,21.0,9.0,20.0,9.0,20.0,10.0,21.0,10.0,19.0,11.0,22.0,11.0,24.0,11.0,22.0,12.0,25.0,11.0,25.0,12.0,24.0,13.0,25.0,12.0,27.0,13.0,29.0,13.0,29.0,13.0,30.0,13.0,31.0,13.0,31.0,12.0,34.0,13.0,35.0,12.0,36.0,12.0,38.0,12.0,39.0,11.0,42.0,11.0,39.0,11.0,39.0,11.0,42.0,10.0,39.0,10.0,39.0,10.0,41.0,10.0,41.0,9.0,42.0,8.0,42.0,8.0,44.0,7.0,41.0,7.0,40.0,7.0,46.0,6.0,43.0,6.0,43.0,6.0,40.0,5.0,41.0,5.0,43.0,4.0,41.0,4.0,39.0,5.0,40.0,4.0,38.0,4.0,37.0,4.0,36.0,3.0,36.0,3.0,35.0,2.0,32.0,3.0,31.0,3.0,31.0,3.0,31.0,3.0,31.0,3.0,28.0,3.0,27.0,4.0,26.0,4.0,24.0,4.0,24.0,5.0,21.0,5.0,23.0,6.0,22.0,6.0,22.0,7.0,20.0,7.0,21.0,6.0,21.0,7.0,22.0,7.0,22.0,8.0,21.0,8.0,22.0,8.0,20.0,10.0,21.0,9.0,21.0,9.0,20.0,10.0,20.0,10.0,19.0,11.0,22.0,11.0,22.0,11.0,21.0,11.0,22.0,11.0,24.0,11.0,25.0,12.0,26.0,12.0,27.0,12.0,27.0,12.0,28.0,12.0,30.0,12.0,32.0,12.0,32.0,11.0,32.0,12.0,35.0,11.0,35.0,11.0
1759560696.366138000,00:03:7f:25:14:25,00:03:7f:25:14:25,0a:f5:a5:94:4b:df,0a:f5:a5:94:4b:df,7,13,4,14,1,14,62,14,60,14,57,14,56,14,54,13,53,12,53,12,52,11,52,11,52,11,52,10,53,10,53,9,52,9,52,8,51,8,51,7,51,7,51,7,51,6,52,5,52,5,52,4,52,4,52,4,53,4,53,3,53,2,54,2,57,2,60,1,61,2,63,2,1,1,3,1,6,2,9,2,11,2,11,3,11,3,10,4,10,4,10,4,12,5,13,6,13,7,13,7,13,7,14,7,14,8,14,8,13,9,13,9,12,10,12,11,12,11,12,11,12,12,12,12,11,13,10,13,10,14,7,14,5,15,2,15,62,14,57,14,54,13,53,13,51,12,50,12,50,12,50,11,50,11,51,10,51,9,50,9,49,8,49,8,49,7,49,7,49,6,50,6,51,5,52,4,52,4,52,4,52,3,53,3,53,2,54,2,57,1,60,1,61,1,62,2,0,2,2,2,4,2,6,2,8,2,8,3,9,3,9,4,10,4,11,5,10.0,5.0,11.0,6.0,10.0,6.0,11.0,7.0,11.0,7.0,12.0,7.0,11.0,7.0,11.0,8.0,12.0,9.0,10.0,10.0,12.0,10.0,10.0,11.0,10.0,11.0,8.0,12.0,7.0,12.0,6.0,13.0,6.0,13.0,6.0,13.0,3.0,14.0,0.0,14.0,60.0,13.0,57.0,13.0,55.0,13.0,55.0,13.0,54.0,12.0,54.0,12.0,54.0,12.0,54.0,11.0,53.0,10.0,51.0,10.0,50.0,10.0,50.0,9.0,50.0,9.0,51.0,9.0,51.0,8.0,50.0,8.0,50.0,7.0,51.0,6.0,52.0,6.0,53.0,5.0,53.0,5.0,53.0,5.0,52.0,4.0,52.0,4.0,52.0,3.0,54.0,3.0,55.0,2.0,56.0,2.0,57.0,2.0,59.0,1.0,60.0,1.0,63.0,1.0,4.0,1.0,6.0,2.0,8.0,2.0,9.0,3.0,9.0,3.0,10.0,3.0,10.0,4.0,11.0,4.0,12.0,5.0,11.0,6.0,11.0,6.0,12.0,6.0,12.0,7.0,12.0,7.0,12.0,7.0,12.0,8.0,13.0,9.0,14.0,9.0,14.0,10.0,12.0,10.0,11.0,10.0,12.0,11.0,11.0,11.0,10.0,11.0,9.0,12.0,8.0,13.0,8.0,13.0,8.0,13.0,5.0,14.0,0.0,14.0,58.0,14.0,55.0,14.0,53.0,14.0,52.0,13.0,53.0,13.0,53.0,13.0,53.0,12.0,52.0,12.0,51.0,11.0,50.0,11.0,49.0,10.0,48.0,10.0,48.0,10.0,48.0,9.0,49.0,8.0,49.0,8.0,48.0,7.0,49.0,7.0,49.0,6.0,50.0,6.0,50.0,5.0,50.0,5.0,49.0,5.0,49.0,4.0,48.0,3.0,49.0,2.0,49.0,2.0,50.0,1.0,51.0,1.0,52.0,0.0,53.0,0.0,8.0,0.0,12.0,0.0,14.0,1.0,14.0,2.0,13.0,2.0,13.0,3.0,13.0,3.0,14.0,4.0,15.0,4.0,15.0,5.0,16.0,5.0,15.0,6.0,14.0,6.0
1759560696.764718000,00:03:7f:25:14:25,00:03:7f:25:14:25,3a:c8:97:94:99:7a,3a:c8:97:94:99:7a,36,10,36,11,35,9,35,9,36,9,37,11,35,7,38,8,35,7,36,6,33,7,36,5,33,5,34,5,34,5,32,4,32,5,30,5,28,4,29,6,27,5,26,6,26,5,26,6,26,6,26,6,23,7,25,7,25,7,23,8,24,8,25,8,25,9,25,9,24,10,25,10,27,10,28,11,27,11,28,11,30,12,32,12,34,12,34,12,36,12,36,11,40,11,40,10,40,10,41,9,40,9,42,8,40,8,40,7,40,7,40,6,39,6,38,6,37,5,38,5,39,4,37,5,37,4,36,4,36,4,34,4,35,4,35,4,31,3,33,4,29,4,31,4,28,4,27,4,27,5,27,5,26,5,25,5,25,5,25,5,24,6,23,6,22,7,24,7,24,7,24,8,24,8,25,8,25,8,23,8,25,9,26,9,26,10,26,9,27,10,26,10,25,11,25,11,27,10,27,11,29,11,29,11,29,11,29,12,31,11,31,12,36,11,33,11,37.0,12.0,35.0,11.0,37.0,11.0,38.0,11.0,38.0,11.0,41.0,11.0,42.0,10.0,39.0,11.0,44.0,9.0,42.0,8.0,45.0,8.0,43.0,8.0,41.0,8.0,42.0,7.0,40.0,8.0,40.0,7.0,42.0,6.0,40.0,6.0,40.0,4.0,41.0,5.0,40.0,3.0,37.0,4.0,38.0,3.0,35.0,3.0,33.0,2.0,31.0,3.0,28.0,3.0,27.0,3.0,26.0,3.0,25.0,4.0,24.0,4.0,19.0,6.0,24.0,5.0,21.0,6.0,19.0,6.0,19.0,7.0,20.0,6.0,18.0,8.0,20.0,7.0,23.0,7.0,18.0,9.0,22.0,7.0,22.0,9.0,21.0,9.0,20.0,8.0,22.0,10.0,23.0,10.0,20.0,11.0,21.0,10.0,22.0,11.0,23.0,10.0,23.0,11.0,24.0,11.0,25.0,11.0,25.0,12.0,26.0,12.0,30.0,12.0,27.0,12.0,28.0,13.0,33.0,12.0,31.0,12.0,30.0,12.0,33.0,12.0,34.0,12.0,36.0,11.0,37.0,11.0,39.0,11.0,37.0,11.0,37.0,11.0,43.0,10.0,40.0,10.0,40.0,10.0,38.0,9.0,40.0,9.0,42.0,8.0,41.0,8.0,38.0,8.0,40.0,8.0,39.0,8.0,39.0,7.0,39.0,6.0,40.0,6.0,40.0,6.0,38.0,6.0,38.0,5.0,39.0,5.0,38.0,5.0,40.0,5.0,38.0,4.0,36.0,4.0,35.0,4.0,35.0,4.0,33.0,4.0,30.0,4.0,31.0,4.0,30.0,4.0,29.0,4.0,27.0,4.0,27.0,4.0,27.0,4.0,27.0,5.0,26.0,5.0,25.0,5.0,25.0,4.0,23.0,6.0,23.0,6.0,23.0,6.0,21.0,7.0,21.0,7.0,20.0,8.0,22.0,7.0,22.0,8.0,21.0,8.0,21.0,9.0,22.0,9.0,22.0,9.0,22.0,10.0,23.0,10.0,23.0,10.0,23.0,10.0,23.0,11.0,25.0,11.0,26.0,11.0,26.0,11.0,27.0,11.0,28.0,12.0
1759560697.479329000,00:03:7f:25:14:25,00:03:7f:25:14:25,3a:c8:97:94:99:7a,3a:c8:97:94:99:7a,39,12,39,11,39,10,39,10,39,10,40,10,39,8,40,8,40,7,39,7,39,7,39,6,37,6,39,5,40,5,37,4,37,4,36,4,34,4,34,4,32,3,31,4,31,4,30,4,30,4,30,4,27,4,29,5,29,4,28,5,28,5,29,5,29,6,30,6,29,6,30,6,33,6,33,6,33,7,34,6,36,6,37,6,36,6,36,6,36,6,36,5,37,5,37,4,35,4,36,4,33,4,34,4,32,4,31,4,31,4,30,4,29,4,27,5,27,5,27,5,28,5,27,5,28,5,28,6,28,6,27,6,28,6,28,7,26,6,28,7,26,7,28,7,27,8,27,8,27,8,28,8,28,8,28,9,29,8,29,9,28,9,29,9,28,9,30,9,30,9,30,9,31,9,32,9,32,9,31,9,32,8,33,9,33,9,33,8,32,9,32,8,31,9,30,9,32,8,31,8,32,8,32,8,32,8,31,8,31,8,31,8,34,8,31,8,33.0,8.0,30.0,8.0,32.0,9.0,32.0,9.0,32.0,9.0,34.0,9.0,33.0,8.0,33.0,9.0,35.0,8.0,33.0,8.0,37.0,8.0,35.0,8.0,35.0,8.0,35.0,8.0,34.0,8.0,33.0,8.0,35.0,7.0,34.0,7.0,34.0,6.0,35.0,7.0,33.0,6.0,33.0,6.0,34.0,6.0,32.0,6.0,32.0,6.0,32.0,6.0,31.0,6.0,31.0,6.0,30.0,6.0,29.0,6.0,30.0,6.0,26.0,7.0,30.0,6.0,28.0,7.0,26.0,7.0,27.0,7.0,28.0,6.0,25.0,7.0,28.0,6.0,29.0,6.0,26.0,7.0,28.0,6.0,27.0,7.0,26.0,8.0,26.0,7.0,25.0,8.0,26.0,8.0,23.0,8.0,25.0,8.0,25.0,9.0,25.0,8.0,25.0,9.0,26.0,9.0,26.0,9.0,25.0,9.0,26.0,10.0,30.0,10.0,26.0,10.0,26.0,11.0,30.0,10.0,28.0,10.0,27.0,11.0,29.0,10.0,30.0,11.0,31.0,11.0,33.0,11.0,35.0,11.0,33.0,11.0,33.0,11.0,38.0,10.0,36.0,10.0,36.0,11.0,35.0,10.0,37.0,10.0,39.0,9.0,38.0,9.0,37.0,10.0,39.0,9.0,38.0,9.0,38.0,9.0,39.0,8.0,40.0,8.0,40.0,7.0,38.0,8.0,40.0,7.0,40.0,7.0,40.0,7.0,42.0,6.0,41.0,6.0,40.0,6.0,39.0,5.0,39.0,5.0,37.0,5.0,35.0,5.0,36.0,4.0,36.0,4.0,34.0,4.0,33.0,3.0,33.0,3.0,32.0,3.0,31.0,3.0,29.0,3.0,28.0,3.0,27.0,2.0,25.0,4.0,24.0,4.0,23.0,4.0,20.0,4.0,20.0,5.0,19.0,5.0,20.0,5.0,20.0,6.0,19.0,6.0,18.0,6.0,20.0,6.0,19.0,7.0,19.0,7.0,19.0,8.0,20.0,8.0,19.0,9.0,18.0,10.0,21.0,9.0,20.0,9.0,20.0,10.0,21.0,10.0,21.0,11.0
1759560697.556167000,00:03:7f:25:14:25,00:03:7f:25:14:25,0a:f5:a5:94:4b:df,0a:f5:a5:94:4b:df,11,13,10,13,9,14,9,14,8,14,3,15,62,15,57,14,54,13,53,13,52,13,51,12,51,12,51,12,52,11,52,11,51,10,51,9,51,9,50,9,50,8,50,8,50,7,51,6,51,6,50,5,50,5,50,5,51,5,51,4,51,3,50,3,52,2,53,2,55,2,57,2,58,1,59,1,0,1,7,1,10,1,11,2,11,2,10,2,10,3,10,3,13,4,14,5,14,5,14,6,14,6,14,6,15,7,15,7,14,8,14,9,14,9,13,10,14,10,14,10,14,11,14,11,14,12,14,13,15,13,15,14,14,14,13,14,8,15,61,15,54,14,52,14,49,13,48,13,48,12,48,12,49,12,50,11,50,10,49,10,48,9,48,9,48,8,48,8,48,7,49,6,50,6,50,5,50,5,50,4,50,4,50,4,50,3,50,2,52,2,54,1,56,1,57,1,60,1,63,1,2,1,6,1,9,1,9,2,10,3,10,3,11,3,12,4,11.0,5.0,12.0,5.0,12.0,6.0,12.0,7.0,13.0,7.0,13.0,7.0,12.0,7.0,12.0,8.0,13.0,8.0,12.0,10.0,13.0,10.0,11.0,11.0,11.0,11.0,9.0,12.0,8.0,12.0,7.0,13.0,8.0,13.0,9.0,14.0,5.0,14.0,2.0,14.0,61.0,14.0,57.0,14.0,55.0,13.0,54.0,13.0,54.0,13.0,53.0,13.0,54.0,12.0,53.0,12.0,52.0,11.0,51.0,10.0,49.0,10.0,49.0,10.0,50.0,10.0,50.0,9.0,50.0,9.0,50.0,8.0,49.0,8.0,50.0,7.0,51.0,6.0,52.0,5.0,52.0,5.0,51.0,5.0,51.0,5.0,51.0,4.0,51.0,4.0,52.0,3.0,52.0,2.0,53.0,2.0,55.0,2.0,55.0,1.0,53.0,0.0,58.0,0.0,4.0,0.0,7.0,1.0,9.0,2.0,11.0,2.0,10.0,2.0,11.0,3.0,12.0,3.0,12.0,4.0,13.0,5.0,12.0,5.0,12.0,6.0,13.0,6.0,13.0,6.0,13.0,7.0,13.0,7.0,13.0,8.0,14.0,9.0,15.0,9.0,15.0,9.0,13.0,10.0,12.0,10.0,13.0,10.0,13.0,11.0,12.0,11.0,10.0,12.0,10.0,13.0,10.0,13.0,11.0,13.0,10.0,14.0,4.0,15.0,58.0,15.0,54.0,14.0,51.0,14.0,50.0,14.0,51.0,13.0,52.0,13.0,52.0,12.0,51.0,12.0,50.0,11.0,49.0,11.0,48.0,10.0,47.0,10.0,47.0,10.0,48.0,9.0,48.0,9.0,48.0,8.0,48.0,8.0,49.0,7.0,49.0,6.0,49.0,5.0,50.0,5.0,49.0,5.0,49.0,5.0,48.0,4.0,48.0,3.0,48.0,2.0,48.0,2.0,49.0,1.0,50.0,1.0,50.0,1.0,46.0,0.0,34.0,0.0,15.0,0.0,15.0,1.0,15.0,1.0,14.0,2.0,13.0,2.0,13.0,3.0,15.0,3.0,15.0,4.0,16.0,4.0,16.0,5.0,16.0,5.0,15.0,6.0
1759560697.991904000,00:03:7f:25:14:25,00:03:7f:25:14:25,3a:c8:97:94:99:7a,3a:c8:97:94:99:7a,37,11,38,11,38,9,37,10,38,9,38,10,38,8,39,8,38,7,38,7,37,6,38,5,35,5,37,5,37,5,35,4,35,4,33,4,31,3,31,4,29,3,27,4,27,3,26,4,26,4,26,4,23,4,25,4,25,4,23,5,23,5,24,6,23,6,23,6,23,6,23,7,24,7,24,7,24,7,23,8,26,8,26,8,26,8,26,9,26,9,26,9,29,9,29,8,28,9,30,9,29,9,31,9,30,9,31,9,31,9,31,9,31,8,30,8,30,8,32,8,33,8,32,8,33,8,33,8,34,8,33,8,34,7,35,8,32,7,34,7,32,7,34,7,33,7,33,7,32,7,33,7,32,6,32,7,33,6,32,6,31,7,30,6,30,7,30,7,30,6,30,6,30,7,31,6,31,6,29,6,30,6,30,7,30,7,30,7,29,7,29,7,28,8,27,8,29,7,28,8,29,8,28,8,29,8,28,8,28,8,28,8,31,8,29,8,30.0,9.0,28.0,9.0,31.0,9.0,30.0,9.0,30.0,9.0,32.0,9.0,32.0,9.0,31.0,9.0,34.0,9.0,34.0,8.0,36.0,9.0,34.0,9.0,34.0,9.0,34.0,9.0,33.0,8.0,33.0,8.0,35.0,8.0,34.0,8.0,34.0,7.0,34.0,7.0,33.0,7.0,33.0,7.0,34.0,7.0,33.0,7.0,32.0,7.0,33.0,7.0,32.0,6.0,32.0,7.0,31.0,7.0,30.0,7.0,30.0,7.0,26.0,7.0,31.0,7.0,29.0,7.0,27.0,7.0,27.0,8.0,28.0,7.0,26.0,8.0,28.0,7.0,30.0,7.0,26.0,8.0,29.0,7.0,28.0,8.0,27.0,9.0,27.0,8.0,26.0,9.0,27.0,9.0,25.0,10.0,26.0,9.0,26.0,10.0,26.0,9.0,27.0,10.0,28.0,10.0,28.0,10.0,28.0,10.0,29.0,10.0,33.0,11.0,30.0,11.0,30.0,11.0,34.0,11.0,31.0,11.0,31.0,11.0,34.0,11.0,35.0,11.0,36.0,10.0,38.0,10.0,39.0,10.0,37.0,10.0,37.0,10.0,43.0,9.0,39.0,9.0,40.0,9.0,38.0,8.0,40.0,8.0,42.0,7.0,41.0,7.0,39.0,8.0,40.0,7.0,39.0,7.0,39.0,7.0,40.0,5.0,40.0,5.0,40.0,5.0,38.0,5.0,38.0,5.0,38.0,4.0,38.0,4.0,39.0,4.0,36.0,3.0,35.0,3.0,34.0,4.0,33.0,3.0,31.0,3.0,27.0,3.0,28.0,3.0,28.0,3.0,26.0,4.0,23.0,4.0,24.0,4.0,23.0,4.0,24.0,5.0,23.0,5.0,22.0,5.0,22.0,5.0,21.0,7.0,21.0,7.0,20.0,6.0,18.0,7.0,19.0,8.0,17.0,8.0,19.0,8.0,20.0,8.0,19.0,9.0,18.0,9.0,20.0,9.0,20.0,10.0,20.0,10.0,21.0,10.0,21.0,11.0,21.0,11.0,22.0,12.0,25.0,12.0,24.0,11.0,25.0,12.0,27.0,12.0,28.0,13.0
1759560698.448134000,00:03:7f:25:14:25,00:03:7f:25:14:25,3a:c8:97:94:99:7a,3a:c8:97:94:99:7a,27,14,30,14,31,13,33,14,35,14,38,14,37,12,41,12,39,12,40,11,39,12,42,10,39,10,42,10,42,10,41,8,42,9,40,8,40,7,40,8,39,6,39,6,39,6,38,6,39,5,38,5,36,5,36,5,37,5,34,5,33,5,34,5,32,6,33,5,31,6,31,6,34,6,33,6,32,7,32,8,35,8,36,8,36,8,36,9,37,8,37,8,39,8,40,7,39,7,40,7,39,6,40,5,38,5,38,5,38,5,37,4,36,4,34,4,32,4,32,3,32,3,30,4,31,4,30,4,29,4,27,4,28,5,28,5,25,5,27,5,24,6,26,6,25,6,24,7,24,7,25,7,25,7,24,8,25,8,26,8,25,9,25,9,25,10,26,10,27,10,28,10,29,10,30,10,31,11,29,11,32,11,33,11,34,11,34,10,34,10,35,10,34,10,33,10,36,10,36,10,37,9,37,9,36,9,36,9,37,8,37,8,40,8,37,7,38.0,7.0,37.0,7.0,38.0,7.0,37.0,6.0,37.0,6.0,38.0,6.0,37.0,5.0,36.0,6.0,38.0,5.0,35.0,5.0,35.0,4.0,32.0,4.0,32.0,5.0,31.0,5.0,30.0,5.0,29.0,5.0,30.0,5.0,28.0,5.0,27.0,5.0,28.0,5.0,25.0,5.0,26.0,6.0,25.0,6.0,24.0,6.0,24.0,6.0,24.0,7.0,24.0,7.0,24.0,7.0,22.0,7.0,22.0,8.0,22.0,8.0,19.0,9.0,23.0,9.0,21.0,9.0,20.0,9.0,20.0,10.0,22.0,10.0,20.0,11.0,22.0,10.0,24.0,11.0,21.0,11.0,25.0,11.0,24.0,12.0,24.0,12.0,25.0,12.0,26.0,12.0,27.0,12.0,26.0,13.0,28.0,12.0,29.0,12.0,29.0,12.0,31.0,12.0,32.0,12.0,33.0,12.0,34.0,12.0,35.0,11.0,39.0,12.0,36.0,11.0,36.0,11.0,39.0,10.0,37.0,10.0,36.0,10.0,38.0,10.0,39.0,10.0,39.0,9.0,40.0,9.0,42.0,8.0,39.0,8.0,39.0,8.0,44.0,7.0,41.0,8.0,41.0,8.0,38.0,7.0,40.0,7.0,42.0,6.0,40.0,6.0,38.0,6.0,39.0,6.0,38.0,6.0,37.0,5.0,38.0,5.0,38.0,5.0,38.0,4.0,36.0,5.0,35.0,4.0,36.0,4.0,35.0,4.0,37.0,4.0,34.0,4.0,32.0,4.0,31.0,4.0,31.0,4.0,29.0,4.0,26.0,4.0,28.0,5.0,27.0,5.0,26.0,5.0,24.0,5.0,25.0,5.0,25.0,6.0,25.0,6.0,25.0,6.0,24.0,6.0,24.0,6.0,23.0,7.0,23.0,7.0,23.0,7.0,21.0,8.0,21.0,8.0,21.0,8.0,23.0,8.0,23.0,9.0,22.0,9.0,22.0,9.0,24.0,9.0,23.0,10.0,24.0,10.0,24.0,10.0,24.0,10.0,24.0,10.0,25.0,11.0,28.0,11.0,27.0,10.0,27.0,11.0,29.0,11.0,30.0,11.0
1759560699.111609000,00:03:7f:25:14:25,00:03:7f:25:14:25,0a:f5:a5:94:4b:df,0a:f5:a5:94:4b:df,10,13,8,13,8,14,7,14,6,14,1,14,61,14,57,14,55,13,54,13,53,12,52,12,52,12,53,12,53,11,53,11,52,10,51,9,51,9,51,9,51,8,51,8,51,7,51,6,51,6,51,5,51,5,51,5,51,5,52,4,51,4,51,3,52,2,53,2,55,2,57,2,58,1,59,1,0,1,7,1,10,1,11,2,11,2,10,2,10,3,10,3,13,4,14,5,13,5,13,6,13,6,14,6,14,7,14,7,13,8,13,9,13,9,12,10,13,10,13,10,13,11,13,11,13,12,12,13,13,13,13,14,11,14,10,14,6,14,0,14,58,14,55,14,52,13,50,13,50,13,51,13,51,12,51,11,51,11,50,10,49,10,48,9,49,9,49,8,49,8,49,7,50,6,51,5,51,5,51,5,50,5,51,4,50,4,50,3,51,2,52,2,53,2,54,2,56,2,58,1,60,1,63,1,5,1,7,2,8,2,9,2,9,3,10,3,11.0,4.0,11.0,4.0,11.0,5.0,12.0,6.0,12.0,6.0,12.0,6.0,12.0,6.0,12.0,7.0,12.0,8.0,12.0,9.0,14.0,9.0,12.0,10.0,11.0,10.0,10.0,11.0,9.0,12.0,9.0,12.0,10.0,13.0,11.0,13.0,8.0,13.0,5.0,14.0,1.0,14.0,61.0,14.0,57.0,14.0,56.0,14.0,55.0,14.0,55.0,13.0,55.0,13.0,53.0,12.0,52.0,11.0,51.0,11.0,49.0,11.0,49.0,10.0,49.0,10.0,50.0,10.0,51.0,9.0,50.0,9.0,49.0,8.0,50.0,7.0,51.0,7.0,52.0,6.0,52.0,6.0,51.0,6.0,51.0,5.0,51.0,5.0,51.0,4.0,51.0,3.0,51.0,3.0,52.0,2.0,53.0,2.0,53.0,2.0,52.0,1.0,52.0,1.0,60.0,0.0,4.0,1.0,7.0,1.0,9.0,2.0,8.0,2.0,9.0,2.0,11.0,2.0,11.0,3.0,12.0,4.0,12.0,4.0,12.0,5.0,12.0,5.0,12.0,5.0,13.0,6.0,13.0,6.0,13.0,7.0,14.0,8.0,15.0,8.0,15.0,9.0,14.0,9.0,13.0,9.0,13.0,10.0,13.0,10.0,13.0,11.0,12.0,12.0,11.0,12.0,12.0,13.0,13.0,13.0,13.0,14.0,11.0,14.0,4.0,15.0,60.0,15.0,53.0,15.0,50.0,15.0,51.0,14.0,52.0,14.0,52.0,13.0,50.0,13.0,49.0,12.0,49.0,12.0,47.0,11.0,46.0,11.0,46.0,11.0,47.0,10.0,47.0,10.0,47.0,9.0,47.0,8.0,48.0,7.0,48.0,7.0,48.0,6.0,48.0,6.0,48.0,6.0,47.0,5.0,47.0,5.0,47.0,4.0,46.0,3.0,45.0,2.0,46.0,2.0,47.0,1.0,45.0,1.0,41.0,0.0,35.0,0.0,26.0,0.0,19.0,1.0,17.0,1.0,16.0,2.0,15.0,2.0,15.0,3.0,15.0,3.0,16.0,4.0,16.0,4.0,17.0,5.0,16.0,5.0,15.0,6.0
1759560699.508909000,00:03:7f:25:14:25,00:03:7f:25:14:25,3a:c8:97:94:99:7a,3a:c8:97:94:99:7a,40,9,39,8,40,7,39,7,39,7,39,8,39,6,39,6,39,5,38,5,37,5,38,4,36,4,37,4,37,4,35,3,35,4,33,3,32,3,30,4,28,3,27,4,28,3,26,4,25,4,25,4,22,4,23,5,25,4,22,5,23,5,24,6,23,6,22,6,22,7,23,7,24,7,24,7,23,8,23,8,25,8,26,8,25,8,26,8,25,8,25,8,27,8,28,7,26,8,27,7,26,7,28,7,27,8,27,8,27,8,26,8,27,8,26,8,26,8,27,9,29,8,28,9,30,9,30,9,31,9,31,9,32,9,33,10,30,9,33,9,32,9,34,9,33,9,33,9,33,9,34,9,34,8,34,9,35,8,35,8,33,8,34,7,33,8,34,7,33,7,33,7,34,7,35,6,35,6,33,6,34,6,33,6,33,7,33,6,31,6,31,6,30,6,28,7,31,6,30,6,30,6,29,7,29,7,28,7,28,6,28,7,31,7,28,7,29.0,7.0,28.0,7.0,29.0,8.0,29.0,8.0,29.0,8.0,31.0,8.0,30.0,8.0,30.0,9.0,32.0,8.0,33.0,9.0,34.0,8.0,32.0,8.0,33.0,9.0,33.0,9.0,32.0,9.0,32.0,8.0,34.0,8.0,33.0,8.0,33.0,7.0,33.0,7.0,33.0,7.0,32.0,7.0,33.0,7.0,32.0,6.0,31.0,6.0,32.0,7.0,31.0,6.0,31.0,6.0,30.0,6.0,29.0,7.0,29.0,6.0,25.0,7.0,29.0,7.0,27.0,7.0,25.0,7.0,25.0,8.0,26.0,7.0,23.0,8.0,25.0,7.0,27.0,7.0,23.0,8.0,26.0,7.0,25.0,8.0,23.0,8.0,24.0,8.0,23.0,9.0,24.0,9.0,21.0,10.0,22.0,9.0,23.0,10.0,23.0,10.0,23.0,10.0,24.0,10.0,25.0,10.0,24.0,11.0,25.0,11.0,29.0,11.0,26.0,11.0,26.0,12.0,30.0,11.0,28.0,11.0,28.0,12.0,30.0,12.0,32.0,12.0,33.0,12.0,35.0,12.0,37.0,12.0,36.0,12.0,36.0,12.0,42.0,11.0,39.0,11.0,40.0,11.0,38.0,10.0,39.0,10.0,42.0,9.0,41.0,9.0,39.0,9.0,41.0,9.0,40.0,9.0,40.0,8.0,40.0,7.0,41.0,7.0,41.0,7.0,39.0,7.0,40.0,6.0,41.0,6.0,40.0,6.0,42.0,6.0,40.0,5.0,39.0,5.0,37.0,5.0,37.0,4.0,35.0,4.0,32.0,4.0,33.0,4.0,33.0,3.0,30.0,3.0,29.0,3.0,28.0,3.0,27.0,3.0,27.0,4.0,26.0,4.0,24.0,4.0,24.0,3.0,22.0,5.0,22.0,5.0,21.0,5.0,19.0,6.0,19.0,6.0,18.0,7.0,19.0,6.0,20.0,7.0,19.0,7.0,18.0,8.0,20.0,8.0,20.0,9.0,20.0,9.0,20.0,9.0,20.0,10.0,20.0,10.0,20.0,11.0,22.0,11.0,23.0,11.0,22.0,11.0,25.0,12.0,25.0,12.0
1759560700.476008000,00:03:7f:25:14:25,00:03:7f:25:14:25,0a:f5:a5:94:4b:df,0a:f5:a5:94:4b:df,10,13,8,14,7,14,7,14,4,15,63,15,59,14,55,14,53,13,53,12,52,12,51,12,51,12,52,12,52,11,53,10,52,10,51,9,51,9,50,8,50,8,50,8,50,7,51,6,51,5,50,5,51,5,51,5,51,5,51,4,51,3,51,3,52,2,54,2,56,2,58,1,59,1,60,1,2,0,9,1,11,1,11,2,11,2,10,3,10,3,10,3,13,4,14,5,13,5,13,6,13,6,14,6,14,7,14,7,14,8,13,9,13,9,13,10,13,10,13,10,13,11,13,11,14,12,13,13,14,13,14,14,13,14,13,14,9,15,62,15,55,14,52,14,50,13,49,13,49,13,49,12,49,12,50,11,50,10,49,10,48,9,48,8,48,8,48,8,48,7,48,7,49,6,50,5,50,5,50,4,50,4,50,4,49,3,49,2,51,2,52,1,54,1,55,1,58,1,61,1,2,0,8,1,11,1,10,2,10,3,11,3,11,3,12,4,12.0,5.0,12.0,5.0,12.0,6.0,12.0,7.0,13.0,7.0,13.0,7.0,12.0,7.0,12.0,8.0,12.0,9.0,12.0,10.0,14.0,10.0,11.0,11.0,11.0,11.0,10.0,12.0,8.0,13.0,7.0,13.0,8.0,14.0,9.0,14.0,6.0,14.0,1.0,14.0,60.0,14.0,56.0,13.0,54.0,13.0,53.0,13.0,53.0,13.0,53.0,12.0,53.0,12.0,53.0,11.0,52.0,11.0,51.0,10.0,49.0,10.0,49.0,9.0,50.0,9.0,50.0,9.0,50.0,8.0,50.0,8.0,49.0,7.0,50.0,6.0,51.0,6.0,52.0,5.0,53.0,5.0,52.0,5.0,51.0,4.0,51.0,4.0,51.0,3.0,53.0,2.0,53.0,2.0,55.0,2.0,56.0,2.0,58.0,1.0,58.0,0.0,63.0,0.0,6.0,1.0,8.0,2.0,9.0,2.0,10.0,2.0,10.0,3.0,10.0,3.0,11.0,3.0,11.0,4.0,12.0,5.0,12.0,5.0,12.0,6.0,12.0,6.0,12.0,6.0,13.0,7.0,12.0,7.0,13.0,8.0,13.0,9.0,14.0,9.0,14.0,9.0,13.0,10.0,12.0,10.0,13.0,10.0,12.0,11.0,11.0,11.0,10.0,12.0,10.0,13.0,10.0,13.0,11.0,13.0,10.0,14.0,5.0,15.0,59.0,15.0,56.0,14.0,53.0,14.0,51.0,14.0,52.0,14.0,52.0,13.0,52.0,13.0,51.0,12.0,50.0,12.0,49.0,11.0,48.0,11.0,47.0,11.0,47.0,10.0,47.0,10.0,48.0,9.0,48.0,9.0,47.0,8.0,48.0,7.0,48.0,6.0,48.0,6.0,49.0,6.0,48.0,6.0,48.0,5.0,47.0,4.0,46.0,4.0,46.0,2.0,46.0,2.0,46.0,1.0,47.0,1.0,44.0,1.0,39.0,0.0,31.0,0.0,23.0,0.0,18.0,1.0,17.0,1.0,16.0,2.0,15.0,2.0,15.0,3.0,16.0,3.0,16.0,4.0,17.0,5.0,17.0,5.0,17.0,6.0,15.0,6.0
1759560700.485047000,00:03:7f:25:14:25,00:03:7f:25:14:25,3a:c8:97:94:99:7a,3a:c8:97:94:99:7a,41,11,40,11,40,10,39,10,41,9,41,10,39,8,41,8,39,7,39,7,38,6,39,5,36,5,37,5,38,5,35,4,36,4,34,4,33,4,32,4,29,4,28,4,28,4,27,4,27,4,27,5,24,5,25,5,26,5,24,6,24,6,25,7,24,7,25,7,24,8,25,8,27,9,27,9,27,9,28,10,30,10,32,10,33,10,34,10,35,10,35,9,38,9,38,8,37,8,39,8,37,7,37,6,36,6,36,6,36,6,35,5,34,6,32,6,32,6,32,5,34,5,32,6,33,5,32,6,32,5,31,6,32,6,32,7,29,5,32,6,29,6,31,6,30,6,29,6,29,6,29,6,29,6,28,7,29,6,29,6,28,7,27,7,26,8,27,7,27,7,27,7,28,8,29,7,29,8,27,8,28,8,29,8,28,9,29,8,28,9,28,9,27,9,26,10,29,9,28,9,29,9,29,9,29,9,28,10,29,10,29,10,33,10,30,10,33.0,10.0,31.0,10.0,32.0,11.0,33.0,11.0,33.0,11.0,36.0,11.0,35.0,10.0,36.0,11.0,38.0,10.0,39.0,10.0,41.0,9.0,39.0,8.0,39.0,9.0,39.0,9.0,38.0,8.0,38.0,8.0,39.0,8.0,39.0,7.0,39.0,6.0,39.0,6.0,39.0,5.0,37.0,5.0,38.0,5.0,37.0,5.0,36.0,4.0,35.0,4.0,34.0,4.0,33.0,3.0,32.0,3.0,31.0,4.0,31.0,4.0,24.0,4.0,29.0,4.0,26.0,4.0,23.0,4.0,23.0,4.0,24.0,4.0,22.0,5.0,24.0,4.0,26.0,4.0,21.0,5.0,23.0,5.0,23.0,6.0,22.0,6.0,21.0,5.0,22.0,7.0,23.0,7.0,19.0,8.0,21.0,7.0,21.0,8.0,22.0,8.0,22.0,8.0,22.0,8.0,22.0,9.0,22.0,10.0,23.0,10.0,26.0,10.0,23.0,10.0,23.0,11.0,28.0,11.0,25.0,11.0,24.0,11.0,27.0,11.0,28.0,12.0,31.0,12.0,32.0,12.0,34.0,12.0,32.0,12.0,33.0,12.0,39.0,11.0,36.0,11.0,37.0,12.0,36.0,11.0,38.0,11.0,40.0,10.0,39.0,10.0,37.0,10.0,39.0,9.0,39.0,9.0,39.0,9.0,39.0,8.0,40.0,8.0,40.0,7.0,38.0,8.0,39.0,7.0,40.0,7.0,40.0,7.0,41.0,6.0,40.0,5.0,38.0,5.0,38.0,5.0,38.0,5.0,36.0,5.0,34.0,5.0,34.0,5.0,34.0,4.0,32.0,4.0,30.0,4.0,30.0,3.0,30.0,4.0,30.0,4.0,28.0,4.0,27.0,4.0,26.0,3.0,24.0,5.0,24.0,5.0,23.0,5.0,22.0,6.0,21.0,6.0,20.0,6.0,22.0,6.0,22.0,7.0,21.0,7.0,21.0,7.0,22.0,7.0,22.0,8.0,22.0,8.0,22.0,9.0,22.0,10.0,22.0,10.0,22.0,11.0,24.0,10.0,24.0,10.0,24.0,11.0,26.0,11.0,26.0,12.0
1759560700.658097000,00:03:7f:25:14:25,00:03:7f:25:14:25,0a:f5:a5:94:4b:df,0a:f5:a5:94:4b:df,11,13,10,13,9,14,8,14,7,14,2,15,61,15,57,14,54,13,53,13,52,12,51,12,51,12,51,12,52,11,52,11,51,10,51,9,50,9,50,9,50,8,50,8,50,7,51,6,51,6,50,5,50,5,50,5,51,5,51,4,50,3,50,3,51,2,53,2,55,2,56,1,57,1,58,1,63,0,7,0,11,1,11,2,11,2,10,2,10,3,10,3,13,4,14,5,14,5,14,6,14,6,14,6,15,7,15,7,14,8,14,8,13,9,13,10,13,10,14,10,14,11,14,11,14,12,14,13,14,13,14,14,13,14,12,14,9,14,1,15,57,14,53,14,50,13,48,13,48,13,49,12,49,12,50,11,50,11,49,10,48,10,48,9,48,9,48,8,48,8,48,7,49,6,50,5,50,5,50,5,50,4,49,4,49,3,49,3,50,2,51,1,53,1,54,1,56,1,59,1,62,0,4,0,9,1,10,2,10,2,10,3,11,3,12,4,12.0,4.0,12.0,5.0,12.0,6.0,12.0,6.0,13.0,7.0,13.0,6.0,12.0,7.0,13.0,8.0,13.0,8.0,12.0,10.0,14.0,10.0,12.0,11.0,12.0,11.0,11.0,12.0,9.0,12.0,9.0,13.0,9.0,13.0,10.0,14.0,7.0,14.0,3.0,14.0,61.0,14.0,56.0,14.0,53.0,14.0,52.0,13.0,52.0,13.0,52.0,13.0,53.0,12.0,52.0,12.0,51.0,11.0,50.0,10.0,49.0,10.0,48.0,10.0,49.0,9.0,49.0,9.0,50.0,9.0,49.0,8.0,49.0,7.0,50.0,6.0,50.0,6.0,51.0,5.0,52.0,5.0,51.0,5.0,50.0,4.0,50.0,4.0,50.0,3.0,52.0,2.0,53.0,2.0,53.0,2.0,54.0,2.0,55.0,1.0,55.0,0.0,58.0,0.0,3.0,0.0,7.0,1.0,9.0,2.0,10.0,2.0,10.0,2.0,11.0,3.0,12.0,3.0,11.0,4.0,12.0,4.0,12.0,5.0,12.0,6.0,12.0,6.0,12.0,6.0,13.0,6.0,12.0,7.0,13.0,8.0,14.0,8.0,15.0,9.0,14.0,9.0,13.0,9.0,12.0,10.0,13.0,10.0,13.0,10.0,12.0,11.0,11.0,12.0,10.0,12.0,11.0,13.0,11.0,13.0,11.0,14.0,8.0,14.0,1.0,15.0,59.0,15.0,54.0,15.0,50.0,14.0,51.0,14.0,52.0,14.0,52.0,13.0,51.0,13.0,50.0,12.0,49.0,12.0,48.0,11.0,46.0,11.0,46.0,11.0,47.0,10.0,47.0,10.0,47.0,9.0,47.0,8.0,48.0,7.0,48.0,7.0,48.0,6.0,48.0,6.0,48.0,6.0,47.0,5.0,46.0,5.0,46.0,4.0,45.0,3.0,44.0,2.0,45.0,2.0,45.0,1.0,43.0,1.0,39.0,1.0,35.0,1.0,29.0,0.0,22.0,1.0,19.0,1.0,18.0,1.0,16.0,2.0,16.0,2.0,17.0,3.0,17.0,4.0,17.0,4.0,17.0,5.0,17.0,5.0,16.0,6.0
1759560701.109634000,00:03:7f:25:14:25,00:03:7f:25:14:25,3a:c8:97:94:99:7a,3a:c8:97:94:99:7a,42,11,41,10,42,9,42,9,42,9,42,9,42,7,42,7,42,6,41,6,41,5,41,5,39,5,40,4,40,4,38,3,38,3,35,3,33,3,31,3,29,3,27,3,27,3,25,3,24,4,26,4,22,5,23,5,24,5,22,6,22,6,23,7,23,7,23,8,22,8,23,9,25,9,26,10,25,10,27,11,29,11,32,11,34,11,34,11,37,11,37,10,41,9,40,8,40,8,41,7,39,6,40,5,38,5,37,5,35,4,35,3,32,4,30,4,28,4,29,4,29,4,28,5,29,5,28,5,28,5,27,6,28,6,28,8,26,6,28,7,26,7,28,7,27,8,27,8,27,8,27,8,28,8,28,9,29,8,29,9,28,9,29,9,28,9,29,9,29,9,30,9,31,9,33,9,33,9,31,9,33,8,33,8,33,9,33,8,33,8,33,8,32,9,31,8,33,7,32,7,33,7,33,8,33,7,32,8,32,7,31,7,34,7,31,7,33.0,7.0,30.0,7.0,31.0,8.0,31.0,8.0,30.0,8.0,31.0,8.0,33.0,7.0,30.0,9.0,34.0,7.0,32.0,7.0,36.0,8.0,35.0,8.0,32.0,8.0,33.0,9.0,33.0,9.0,33.0,8.0,35.0,7.0,34.0,8.0,34.0,6.0,35.0,7.0,32.0,6.0,33.0,6.0,33.0,6.0,31.0,6.0,30.0,6.0,30.0,6.0,28.0,6.0,29.0,6.0,27.0,6.0,26.0,6.0,27.0,6.0,20.0,9.0,27.0,7.0,23.0,8.0,19.0,8.0,21.0,9.0,21.0,7.0,20.0,10.0,22.0,8.0,25.0,7.0,19.0,9.0,23.0,7.0,24.0,9.0,21.0,10.0,21.0,8.0,22.0,10.0,23.0,9.0,20.0,11.0,21.0,9.0,22.0,10.0,23.0,10.0,23.0,11.0,24.0,10.0,24.0,11.0,23.0,11.0,25.0,12.0,29.0,12.0,25.0,12.0,27.0,13.0,31.0,12.0,29.0,12.0,28.0,13.0,31.0,12.0,32.0,13.0,36.0,12.0,38.0,12.0,40.0,12.0,37.0,12.0,37.0,12.0,44.0,11.0,40.0,11.0,41.0,11.0,39.0,10.0,40.0,10.0,43.0,9.0,42.0,9.0,39.0,9.0,42.0,8.0,41.0,8.0,41.0,8.0,41.0,7.0,42.0,7.0,42.0,6.0,40.0,7.0,41.0,6.0,41.0,6.0,40.0,6.0,42.0,5.0,40.0,4.0,39.0,4.0,38.0,4.0,38.0,4.0,35.0,3.0,32.0,3.0,33.0,3.0,32.0,3.0,29.0,3.0,28.0,3.0,28.0,3.0,27.0,3.0,27.0,3.0,25.0,4.0,24.0,4.0,23.0,3.0,21.0,5.0,21.0,5.0,21.0,5.0,19.0,6.0,19.0,6.0,18.0,6.0,19.0,6.0,20.0,7.0,18.0,7.0,18.0,8.0,20.0,7.0,19.0,8.0,19.0,9.0,19.0,9.0,20.0,10.0,19.0,10.0,19.0,11.0,22.0,11.0,21.0,11.0,21.0,11.0,23.0,12.0,23.0,12.0
1759560701.509003000,00:03:7f:25:14:25,00:03:7f:25:14:25,3a:c8:97:94:99:7a,3a:c8:97:94:99:7a,43,9,41,9,42,8,41,7,41,7,41,8,40,6,41,6,40,5,39,5,38,5,39,4,37,4,37,4,37,4,35,3,34,3,32,3,30,3,29,4,28,3,27,4,27,4,26,4,25,5,26,5,23,5,25,6,25,6,24,7,24,7,25,7,25,8,25,8,25,8,26,8,28,9,28,9,28,9,28,10,31,10,32,10,32,9,32,10,33,10,33,9,36,9,36,9,35,9,36,8,35,8,36,8,35,8,35,8,35,8,35,7,34,7,33,7,33,7,34,7,35,6,34,7,34,7,34,7,35,6,33,6,35,6,34,7,32,6,34,6,31,6,33,6,31,6,31,6,30,6,31,6,30,6,29,6,30,6,29,6,29,6,27,6,27,7,28,7,27,7,27,7,28,7,28,7,28,7,27,7,28,7,28,8,28,9,28,8,28,9,28,9,26,9,26,10,28,9,28,10,29,10,29,10,29,10,29,10,30,10,30,10,34,10,31,10,34.0,11.0,32.0,10.0,35.0,10.0,36.0,10.0,35.0,10.0,37.0,11.0,38.0,10.0,37.0,10.0,40.0,9.0,39.0,7.0,42.0,8.0,40.0,7.0,39.0,7.0,39.0,7.0,38.0,6.0,38.0,6.0,40.0,5.0,38.0,5.0,38.0,4.0,38.0,4.0,36.0,3.0,35.0,4.0,35.0,3.0,33.0,3.0,31.0,2.0,30.0,3.0,27.0,3.0,27.0,3.0,25.0,3.0,24.0,4.0,24.0,4.0,18.0,5.0,22.0,4.0,20.0,5.0,18.0,5.0,18.0,6.0,20.0,5.0,18.0,7.0,19.0,7.0,21.0,6.0,18.0,7.0,20.0,7.0,20.0,8.0,18.0,9.0,18.0,8.0,19.0,9.0,20.0,9.0,17.0,10.0,19.0,10.0,19.0,10.0,20.0,10.0,20.0,11.0,21.0,11.0,22.0,11.0,22.0,12.0,24.0,12.0,26.0,13.0,24.0,12.0,25.0,13.0,31.0,13.0,28.0,13.0,29.0,13.0,32.0,13.0,34.0,13.0,37.0,12.0,39.0,12.0,41.0,12.0,39.0,12.0,39.0,12.0,45.0,11.0,41.0,11.0,42.0,11.0,40.0,10.0,42.0,10.0,44.0,9.0,43.0,9.0,41.0,9.0,43.0,8.0,41.0,8.0,42.0,8.0,42.0,7.0,42.0,7.0,43.0,6.0,40.0,6.0,41.0,5.0,42.0,5.0,41.0,5.0,42.0,5.0,41.0,4.0,39.0,4.0,38.0,4.0,37.0,3.0,35.0,3.0,32.0,3.0,33.0,3.0,32.0,3.0,29.0,3.0,27.0,3.0,26.0,3.0,25.0,3.0,25.0,3.0,24.0,4.0,23.0,4.0,22.0,3.0,21.0,5.0,21.0,5.0,21.0,5.0,19.0,6.0,19.0,6.0,18.0,7.0,19.0,7.0,20.0,7.0,19.0,8.0,18.0,8.0,20.0,8.0,21.0,9.0,20.0,9.0,21.0,10.0,21.0,10.0,21.0,10.0,21.0,11.0,23.0,11.0,23.0,11.0,24.0,12.0,26.0,12.0,27.0,12.0
1759560702.123018000,00:03:7f:25:14:25,00:03:7f:25:14:25,3a:c8:97:94:99:7a,3a:c8:97:94:99:7a,40,10,39,9,39,8,39,8,39,8,39,9,39,7,40,7,39,6,38,6,37,6,39,5,37,5,38,5,37,4,36,4,36,4,34,4,32,3,32,4,30,3,29,4,28,4,28,4,26,4,27,4,24,4,25,4,26,4,24,5,24,5,25,5,24,6,24,5,24,6,24,6,25,6,25,6,24,6,24,6,26,7,27,7,26,6,27,7,26,7,26,6,28,7,28,6,26,7,29,7,27,7,28,7,27,7,27,7,27,7,27,7,27,7,26,8,26,8,27,8,29,8,28,8,29,8,29,8,30,8,29,8,31,8,31,9,29,8,31,8,30,8,32,8,31,8,31,8,31,8,32,8,32,8,31,8,32,8,32,8,31,8,31,8,31,8,32,8,31,8,32,8,32,8,33,7,33,7,32,7,32,7,33,7,32,8,33,7,31,8,32,7,31,8,29,8,32,7,31,7,31,7,31,7,31,7,30,8,30,7,30,7,33,8,30,7,32.0,8.0,30.0,7.0,32.0,8.0,32.0,8.0,31.0,8.0,33.0,8.0,33.0,8.0,32.0,8.0,34.0,8.0,33.0,7.0,36.0,7.0,34.0,7.0,33.0,8.0,33.0,8.0,32.0,7.0,33.0,7.0,34.0,7.0,33.0,7.0,33.0,6.0,33.0,7.0,32.0,6.0,32.0,6.0,32.0,6.0,31.0,6.0,31.0,6.0,31.0,6.0,30.0,6.0,30.0,6.0,29.0,6.0,28.0,6.0,28.0,6.0,24.0,7.0,29.0,7.0,26.0,7.0,25.0,7.0,25.0,8.0,26.0,6.0,24.0,8.0,26.0,7.0,27.0,7.0,23.0,8.0,26.0,7.0,25.0,8.0,24.0,9.0,24.0,8.0,24.0,9.0,25.0,9.0,22.0,10.0,23.0,9.0,24.0,10.0,24.0,10.0,24.0,10.0,25.0,10.0,25.0,11.0,25.0,11.0,27.0,11.0,30.0,12.0,27.0,11.0,27.0,12.0,32.0,11.0,29.0,11.0,29.0,12.0,32.0,11.0,32.0,12.0,34.0,11.0,36.0,11.0,37.0,11.0,36.0,11.0,36.0,11.0,42.0,10.0,38.0,10.0,39.0,11.0,37.0,10.0,39.0,10.0,41.0,9.0,40.0,9.0,38.0,9.0,40.0,8.0,39.0,8.0,39.0,8.0,39.0,7.0,40.0,7.0,40.0,7.0,38.0,7.0,39.0,6.0,39.0,6.0,39.0,6.0,41.0,6.0,39.0,5.0,37.0,5.0,36.0,5.0,36.0,4.0,34.0,4.0,32.0,4.0,33.0,4.0,32.0,4.0,30.0,4.0,29.0,4.0,29.0,4.0,28.0,4.0,28.0,4.0,27.0,4.0,26.0,5.0,26.0,4.0,24.0,6.0,24.0,6.0,24.0,6.0,22.0,6.0,22.0,7.0,20.0,7.0,22.0,7.0,22.0,7.0,21.0,8.0,21.0,8.0,23.0,8.0,22.0,9.0,22.0,9.0,23.0,9.0,23.0,10.0,22.0,10.0,23.0,11.0,25.0,11.0,25.0,10.0,25.0,11.0,27.0,11.0,27.0,11.0
1759560702.250157000,00:03:7f:25:14:25,00:03:7f:25:14:25,0a:f5:a5:94:4b:df,0a:f5:a5:94:4b:df,10,13,8,14,7,14,6,14,4,15,63,15,59,14,55,14,53,13,52,13,51,12,50,12,51,12,51,11,52,11,52,10,51,10,51,9,50,8,50,8,50,8,50,7,50,7,50,6,50,5,50,5,50,5,50,5,50,4,50,4,50,3,50,2,51,2,53,1,56,1,58,1,59,1,61,1,5,0,11,1,13,1,13,2,12,2,11,3,11,3,11,3,14,5,15,5,14,6,14,6,14,7,15,7,15,7,15,8,14,8,14,9,14,10,13,10,14,11,14,11,14,11,14,12,14,12,14,13,15,14,16,14,15,15,13,15,4,15,55,15,51,14,50,13,48,13,47,12,47,12,48,12,48,11,49,11,49,10,48,9,48,8,47,8,48,7,48,7,48,7,48,6,49,5,50,4,50,4,51,3,50,3,50,3,49,2,50,2,53,1,58,0,61,1,62,1,0,1,3,1,6,1,9,1,10,2,10,3,10,3,10,4,11,4,12,5,11.0,5.0,12.0,6.0,11.0,7.0,11.0,7.0,12.0,8.0,12.0,7.0,11.0,8.0,12.0,9.0,11.0,9.0,10.0,11.0,12.0,10.0,10.0,11.0,9.0,11.0,8.0,12.0,6.0,12.0,5.0,13.0,5.0,13.0,6.0,14.0,3.0,14.0,63.0,13.0,60.0,13.0,57.0,13.0,55.0,13.0,54.0,13.0,54.0,12.0,54.0,12.0,54.0,12.0,53.0,11.0,52.0,10.0,51.0,10.0,50.0,10.0,50.0,9.0,50.0,9.0,50.0,9.0,51.0,8.0,51.0,8.0,50.0,7.0,51.0,6.0,52.0,6.0,53.0,5.0,54.0,5.0,53.0,5.0,52.0,4.0,52.0,4.0,52.0,3.0,54.0,3.0,54.0,2.0,55.0,2.0,56.0,2.0,57.0,1.0,58.0,1.0,60.0,1.0,2.0,1.0,5.0,2.0,7.0,2.0,9.0,2.0,8.0,3.0,9.0,3.0,10.0,3.0,10.0,4.0,11.0,5.0,11.0,5.0,11.0,6.0,11.0,6.0,11.0,6.0,12.0,6.0,11.0,7.0,12.0,8.0,13.0,8.0,13.0,9.0,13.0,9.0,12.0,9.0,11.0,10.0,12.0,10.0,11.0,10.0,11.0,11.0,9.0,12.0,8.0,12.0,9.0,13.0,10.0,13.0,9.0,13.0,6.0,14.0,0.0,14.0,60.0,14.0,57.0,14.0,53.0,14.0,54.0,14.0,54.0,14.0,54.0,13.0,52.0,13.0,50.0,12.0,50.0,12.0,48.0,11.0,47.0,11.0,47.0,11.0,47.0,10.0,48.0,10.0,48.0,9.0,47.0,8.0,48.0,7.0,48.0,7.0,48.0,6.0,48.0,6.0,48.0,6.0,47.0,5.0,46.0,5.0,46.0,4.0,45.0,3.0,45.0,2.0,45.0,2.0,45.0,1.0,44.0,1.0,40.0,1.0,35.0,1.0,28.0,0.0,21.0,1.0,19.0,1.0,17.0,2.0,16.0,2.0,16.0,2.0,17.0,3.0,17.0,4.0,17.0,5.0,18.0,5.0,17.0,5.0,16.0,6.0
1759560702.713610000,00:03:7f:25:14:25,00:03:7f:25:14:25,3a:c8:97:94:99:7a,3a:c8:97:94:99:7a,28,10,29,10,29,9,28,10,29,10,30,11,30,10,32,10,32,9,32,9,31,10,33,9,31,9,34,9,34,9,33,9,34,9,32,9,33,9,34,9,33,8,33,9,34,8,33,8,34,8,34,8,32,8,34,8,35,8,34,8,34,8,35,8,34,8,35,8,35,8,36,8,37,8,37,8,37,8,37,8,38,7,39,7,39,7,39,7,39,7,38,6,40,6,40,5,38,5,40,5,37,5,38,4,36,4,36,4,35,4,34,4,33,4,30,4,29,4,29,4,30,4,28,4,29,4,28,5,28,5,27,5,27,5,27,6,25,5,27,6,25,6,26,6,25,7,25,7,25,8,25,8,25,8,25,9,26,8,26,9,25,9,26,10,25,10,27,10,27,10,29,10,29,11,31,11,32,11,31,11,33,11,34,11,35,11,34,10,34,10,35,10,35,10,34,10,37,10,36,9,37,9,37,9,37,9,36,9,37,8,37,8,40,8,37,7,39.0,7.0,37.0,7.0,38.0,7.0,37.0,6.0,37.0,6.0,38.0,6.0,37.0,5.0,36.0,6.0,38.0,5.0,35.0,5.0,36.0,4.0,33.0,4.0,32.0,5.0,32.0,4.0,31.0,5.0,29.0,4.0,30.0,4.0,29.0,4.0,28.0,4.0,27.0,4.0,24.0,4.0,26.0,5.0,24.0,5.0,23.0,5.0,22.0,5.0,23.0,6.0,22.0,6.0,22.0,6.0,21.0,7.0,20.0,7.0,21.0,7.0,17.0,9.0,21.0,8.0,19.0,9.0,18.0,9.0,17.0,10.0,19.0,9.0,17.0,10.0,20.0,10.0,21.0,9.0,18.0,11.0,22.0,10.0,22.0,11.0,21.0,12.0,21.0,11.0,24.0,12.0,24.0,12.0,24.0,12.0,24.0,12.0,26.0,12.0,26.0,11.0,28.0,12.0,29.0,12.0,30.0,12.0,31.0,12.0,33.0,12.0,37.0,12.0,33.0,12.0,34.0,12.0,37.0,11.0,34.0,11.0,34.0,12.0,36.0,11.0,37.0,11.0,38.0,10.0,39.0,10.0,41.0,10.0,38.0,10.0,38.0,10.0,43.0,9.0,40.0,10.0,40.0,10.0,38.0,9.0,39.0,9.0,41.0,8.0,40.0,8.0,38.0,9.0,39.0,8.0,38.0,8.0,37.0,8.0,38.0,7.0,39.0,7.0,38.0,6.0,36.0,7.0,37.0,7.0,37.0,6.0,37.0,6.0,38.0,6.0,37.0,5.0,35.0,6.0,35.0,6.0,34.0,5.0,33.0,5.0,30.0,6.0,32.0,6.0,32.0,5.0,30.0,6.0,29.0,5.0,29.0,5.0,30.0,5.0,30.0,5.0,29.0,6.0,28.0,6.0,28.0,5.0,26.0,7.0,26.0,6.0,26.0,6.0,24.0,6.0,24.0,7.0,24.0,7.0,25.0,6.0,25.0,7.0,24.0,7.0,24.0,7.0,25.0,7.0,25.0,8.0,25.0,8.0,25.0,8.0,26.0,9.0,25.0,8.0,26.0,9.0,28.0,9.0,27.0,9.0,27.0,9.0,29.0,9.0,28.0,10.0
1759560703.108572000,00:03:7f:25:14:25,00:03:7f:25:14:25,3a:c8:97:94:99:7a,3a:c8:97:94:99:7a,35,15,35,14,39,14,38,14,43,14,44,14,41,12,43,12,41,11,42,11,42,11,43,10,41,10,43,9,44,9,42,8,42,8,41,8,41,7,41,7,39,6,40,6,40,6,39,6,39,6,39,6,36,6,36,6,36,5,35,6,34,5,35,6,33,6,33,6,32,6,33,6,34,7,34,7,32,7,33,7,34,7,35,8,35,8,35,8,35,8,36,8,38,7,39,7,38,7,39,7,38,6,39,6,37,5,37,5,37,5,38,4,36,4,34,4,33,4,32,3,32,3,30,3,31,3,30,4,30,4,28,4,29,5,27,5,24,5,27,5,23,6,26,6,24,6,24,7,24,7,24,8,24,8,23,8,24,8,24,9,24,9,23,10,23,11,25,11,25,11,26,11,27,11,28,12,29,12,27,13,31,12,33,12,35,13,33,12,33,12,36,12,34,13,37,12,39,12,39,11,40,11,40,11,39,11,39,11,40,10,40,10,43,10,41,9,42.0,9.0,41.0,9.0,43.0,9.0,43.0,8.0,42.0,8.0,44.0,8.0,44.0,7.0,41.0,8.0,45.0,6.0,42.0,5.0,45.0,5.0,44.0,5.0,41.0,4.0,42.0,4.0,39.0,4.0,40.0,4.0,41.0,3.0,38.0,4.0,37.0,1.0,40.0,2.0,9.0,0.0,31.0,2.0,23.0,0.0,16.0,2.0,14.0,3.0,17.0,3.0,16.0,4.0,15.0,5.0,12.0,4.0,12.0,4.0,14.0,4.0,9.0,8.0,10.0,7.0,9.0,7.0,8.0,7.0,7.0,9.0,10.0,7.0,7.0,9.0,9.0,8.0,11.0,6.0,7.0,9.0,9.0,8.0,10.0,10.0,7.0,10.0,6.0,9.0,10.0,11.0,14.0,11.0,4.0,13.0,9.0,10.0,15.0,13.0,23.0,11.0,27.0,12.0,28.0,12.0,26.0,12.0,27.0,11.0,29.0,12.0,36.0,12.0,29.0,11.0,34.0,12.0,34.0,10.0,32.0,10.0,30.0,11.0,34.0,11.0,33.0,10.0,36.0,10.0,38.0,9.0,38.0,9.0,34.0,9.0,34.0,9.0,40.0,8.0,35.0,9.0,37.0,9.0,33.0,8.0,35.0,8.0,36.0,6.0,35.0,7.0,32.0,8.0,34.0,7.0,32.0,8.0,31.0,8.0,32.0,7.0,34.0,7.0,32.0,6.0,31.0,7.0,31.0,7.0,31.0,7.0,31.0,7.0,33.0,7.0,31.0,7.0,30.0,7.0,30.0,8.0,29.0,7.0,28.0,8.0,26.0,8.0,28.0,8.0,28.0,8.0,28.0,9.0,27.0,8.0,28.0,8.0,28.0,8.0,29.0,8.0,29.0,9.0,28.0,9.0,29.0,8.0,28.0,10.0,28.0,9.0,29.0,9.0,27.0,9.0,27.0,9.0,27.0,9.0,29.0,9.0,29.0,9.0,28.0,9.0,28.0,9.0,30.0,8.0,29.0,9.0,30.0,9.0,30.0,9.0,31.0,10.0,30.0,9.0,30.0,9.0,32.0,9.0,31.0,8.0,31.0,9.0,33.0,9.0,32.0,9.0
1759560703.674375000,00:03:7f:25:14:25,00:03:7f:25:14:25,3a:c8:97:94:99:7a,3a:c8:97:94:99:7a,46,14,44,13,45,12,44,12,44,12,45,12,44,10,44,10,44,10,43,9,43,9,44,8,42,8,43,7,44,7,43,6,43,6,41,6,41,5,40,5,39,4,38,4,38,4,36,4,35,3,34,4,31,4,32,4,32,4,30,5,29,5,30,5,28,5,28,6,28,6,28,6,30,7,30,7,29,7,29,8,31,8,32,8,32,8,32,9,33,9,33,8,36,8,37,8,36,8,38,8,36,7,38,6,36,6,36,6,36,6,36,5,35,5,33,5,32,4,33,4,33,4,31,5,31,4,31,5,30,4,28,5,30,5,29,6,26,5,27,5,25,6,27,6,25,7,25,7,24,7,25,7,25,7,24,8,25,8,25,9,24,9,23,10,23,10,24,10,24,10,25,11,26,11,28,12,29,12,28,12,30,12,32,12,33,13,34,12,34,12,36,12,36,12,37,12,39,12,39,11,40,11,41,11,41,11,41,11,41,9,41,10,44,9,42,8,44.0,8.0,42.0,8.0,43.0,8.0,43.0,7.0,43.0,7.0,45.0,7.0,45.0,6.0,42.0,6.0,46.0,5.0,43.0,3.0,48.0,3.0,45.0,3.0,40.0,2.0,44.0,2.0,39.0,2.0,39.0,1.0,42.0,1.0,30.0,0.0,17.0,0.0,15.0,1.0,10.0,2.0,17.0,3.0,13.0,3.0,12.0,4.0,11.0,5.0,13.0,5.0,13.0,6.0,13.0,6.0,11.0,6.0,11.0,7.0,11.0,6.0,9.0,9.0,10.0,9.0,9.0,9.0,8.0,9.0,6.0,10.0,8.0,9.0,6.0,10.0,7.0,9.0,9.0,9.0,6.0,11.0,7.0,10.0,8.0,11.0,4.0,11.0,3.0,10.0,6.0,12.0,7.0,13.0,1.0,13.0,6.0,11.0,5.0,12.0,16.0,14.0,8.0,15.0,59.0,14.0,19.0,15.0,54.0,15.0,37.0,14.0,42.0,13.0,32.0,14.0,38.0,13.0,39.0,11.0,36.0,13.0,35.0,12.0,39.0,11.0,39.0,11.0,40.0,10.0,41.0,10.0,42.0,9.0,39.0,10.0,38.0,10.0,44.0,7.0,40.0,9.0,41.0,10.0,37.0,8.0,39.0,8.0,41.0,6.0,38.0,7.0,36.0,7.0,38.0,6.0,36.0,7.0,35.0,7.0,34.0,6.0,36.0,6.0,34.0,5.0,33.0,6.0,32.0,6.0,33.0,6.0,32.0,6.0,34.0,6.0,31.0,6.0,30.0,6.0,30.0,7.0,28.0,6.0,28.0,6.0,25.0,7.0,27.0,7.0,27.0,7.0,26.0,7.0,25.0,7.0,26.0,7.0,26.0,8.0,27.0,8.0,26.0,8.0,26.0,8.0,27.0,7.0,25.0,9.0,25.0,9.0,25.0,9.0,25.0,9.0,25.0,9.0,24.0,9.0,26.0,9.0,26.0,10.0,25.0,9.0,26.0,10.0,28.0,10.0,28.0,10.0,28.0,10.0,28.0,10.0,29.0,10.0,29.0,10.0,29.0,11.0,32.0,10.0,31.0,10.0,31.0,10.0,33.0,10.0,32.0,10.0
1759560703.810178000,00:03:7f:25:14:25,00:03:7f:25:14:25,0a:f5:a5:94:4b:df,0a:f5:a5:94:4b:df,5,14,0,14,60,14,58,14,56,14,54,14,53,13,53,13,52,12,52,11,51,11,51,10,51,10,51,10,52,9,52,9,51,8,51,7,51,7,51,7,51,6,51,6,51,5,51,5,52,4,52,3,53,3,53,3,53,3,54,2,55,2,57,1,62,1,1,1,2,2,4,2,5,2,7,2,9,2,10,3,11,3,12,4,12,4,11,5,11,5,11,6,12,7,13,7,12,8,12,8,13,9,13,9,13,9,12,10,11,10,11,11,11,11,10,12,11,12,10,13,9,13,8,13,6,14,2,14,62,14,59,14,57,14,57,14,55,13,54,13,53,12,52,11,51,11,50,11,50,10,50,10,51,9,51,9,51,8,51,7,50,7,50,6,50,6,50,5,50,5,51,4,52,4,54,3,55,3,55,3,56,2,56,2,58,1,61,1,2,1,4,2,4,2,4,2,5,2,7,3,8,3,9,3,9,4,9,5,9,5,10,5,10,6,11,6,10.0,7.0,11.0,8.0,10.0,8.0,10.0,9.0,11.0,9.0,11.0,9.0,10.0,9.0,10.0,10.0,10.0,11.0,7.0,12.0,9.0,12.0,6.0,12.0,5.0,12.0,3.0,13.0,63.0,13.0,61.0,13.0,60.0,13.0,59.0,13.0,58.0,13.0,57.0,12.0,55.0,12.0,54.0,11.0,53.0,11.0,53.0,11.0,54.0,11.0,54.0,10.0,54.0,10.0,53.0,9.0,53.0,9.0,52.0,8.0,51.0,8.0,51.0,8.0,52.0,8.0,52.0,7.0,52.0,7.0,52.0,6.0,51.0,6.0,53.0,5.0,54.0,4.0,55.0,4.0,56.0,4.0,56.0,3.0,56.0,3.0,56.0,3.0,57.0,2.0,61.0,2.0,62.0,2.0,63.0,2.0,0.0,2.0,3.0,2.0,5.0,2.0,5.0,2.0,7.0,3.0,7.0,4.0,8.0,4.0,9.0,4.0,9.0,5.0,9.0,5.0,9.0,5.0,9.0,6.0,10.0,7.0,10.0,7.0,9.0,8.0,10.0,8.0,10.0,8.0,10.0,8.0,9.0,9.0,9.0,9.0,10.0,10.0,10.0,10.0,10.0,11.0,9.0,11.0,8.0,11.0,8.0,11.0,7.0,11.0,6.0,12.0,3.0,12.0,1.0,13.0,1.0,13.0,1.0,13.0,63.0,13.0,60.0,13.0,57.0,13.0,56.0,12.0,55.0,12.0,55.0,12.0,56.0,12.0,56.0,12.0,56.0,11.0,54.0,11.0,53.0,10.0,52.0,10.0,51.0,10.0,51.0,10.0,51.0,9.0,51.0,9.0,51.0,8.0,51.0,8.0,51.0,7.0,51.0,6.0,51.0,5.0,52.0,5.0,52.0,5.0,52.0,5.0,52.0,4.0,52.0,3.0,52.0,3.0,53.0,2.0,55.0,2.0,57.0,1.0,60.0,1.0,63.0,1.0,2.0,1.0,6.0,1.0,8.0,1.0,10.0,2.0,11.0,3.0,11.0,3.0,11.0,4.0,11.0,4.0,11.0,5.0,12.0,5.0,13.0,6.0,13.0,6.0,13.0,7.0,12.0,7.0
1759560704.073072000,00:03:7f:25:14:25,00:03:7f:25:14:25,3a:c8:97:94:99:7a,3a:c8:97:94:99:7a,51,8,49,9,50,7,49,8,50,7,50,8,49,6,49,6,50,6,48,5,49,5,50,4,48,4,48,4,50,4,50,3,49,3,48,3,47,2,45,2,46,2,43,1,44,2,40,1,41,1,38,1,33,1,34,2,34,1,30,2,28,2,29,2,28,3,28,3,27,3,27,4,28,4,28,4,27,5,26,5,28,5,29,5,28,6,28,6,28,7,28,6,30,7,31,7,29,7,32,7,30,7,32,7,31,7,31,7,32,7,31,7,31,7,30,7,30,7,31,7,32,6,31,6,32,6,32,6,32,6,31,6,32,6,32,7,30,6,31,6,29,6,31,6,29,7,29,6,28,7,29,7,28,6,28,7,28,7,28,7,27,7,27,8,26,8,27,8,27,8,27,8,27,9,28,9,29,9,27,9,28,9,29,9,29,10,30,9,30,10,30,10,29,10,28,11,31,10,31,10,32,10,32,10,33,10,33,10,34,10,34,10,37,10,36,9,38.0,9.0,36.0,9.0,38.0,10.0,38.0,9.0,38.0,9.0,40.0,9.0,39.0,8.0,39.0,8.0,40.0,8.0,40.0,7.0,41.0,6.0,39.0,6.0,39.0,6.0,39.0,6.0,37.0,5.0,37.0,5.0,38.0,5.0,37.0,4.0,37.0,3.0,36.0,4.0,35.0,2.0,33.0,3.0,32.0,3.0,30.0,2.0,27.0,2.0,27.0,3.0,25.0,3.0,23.0,3.0,22.0,3.0,22.0,3.0,22.0,4.0,17.0,5.0,20.0,4.0,18.0,5.0,17.0,5.0,16.0,6.0,18.0,5.0,16.0,6.0,18.0,6.0,20.0,6.0,17.0,7.0,19.0,6.0,19.0,8.0,18.0,8.0,18.0,7.0,19.0,9.0,20.0,9.0,17.0,10.0,18.0,9.0,20.0,10.0,21.0,10.0,20.0,10.0,21.0,10.0,22.0,11.0,21.0,11.0,23.0,12.0,26.0,12.0,24.0,12.0,25.0,13.0,29.0,12.0,27.0,12.0,27.0,13.0,30.0,12.0,32.0,13.0,35.0,12.0,36.0,12.0,38.0,12.0,36.0,12.0,36.0,12.0,42.0,11.0,39.0,11.0,40.0,12.0,38.0,11.0,39.0,10.0,41.0,10.0,40.0,10.0,38.0,10.0,40.0,9.0,39.0,9.0,38.0,9.0,39.0,8.0,39.0,7.0,39.0,7.0,37.0,7.0,37.0,7.0,38.0,6.0,37.0,6.0,39.0,6.0,37.0,5.0,36.0,5.0,35.0,6.0,34.0,5.0,33.0,5.0,30.0,5.0,31.0,5.0,31.0,5.0,30.0,5.0,28.0,5.0,28.0,4.0,28.0,5.0,28.0,5.0,27.0,5.0,27.0,5.0,27.0,5.0,25.0,6.0,25.0,6.0,24.0,6.0,23.0,6.0,23.0,7.0,22.0,7.0,24.0,7.0,24.0,7.0,23.0,7.0,23.0,8.0,25.0,7.0,24.0,8.0,24.0,8.0,25.0,9.0,25.0,9.0,25.0,9.0,25.0,10.0,27.0,9.0,27.0,9.0,26.0,10.0,28.0,10.0,28.0,10.0
1759560704.475927000,00:03:7f:25:14:25,00:03:7f:25:14:25,3a:c8:97:94:99:7a,3a:c8:97:94:99:7a,42,11,41,11,42,10,41,10,41,9,41,10,41,8,41,8,41,7,40,7,40,7,41,6,39,7,40,6,40,6,38,5,39,6,37,6,36,5,36,6,34,5,34,5,34,5,33,5,34,5,34,6,31,6,33,6,34,7,33,8,33,7,34,7,33,8,34,8,35,8,35,8,38,8,38,8,38,8,38,8,40,7,41,7,41,7,41,7,41,6,41,6,43,5,43,4,41,4,42,4,39,3,40,3,37,2,37,2,35,2,33,1,29,2,24,2,23,2,23,2,23,3,21,3,22,3,22,4,22,4,21,5,22,5,21,7,19,6,22,7,19,8,21,8,20,9,20,9,20,10,21,10,22,10,22,11,23,11,24,12,23,12,25,13,26,13,29,13,30,13,33,13,35,13,37,13,39,13,39,12,41,12,42,11,43,11,42,10,42,10,43,10,43,10,41,9,44,9,43,8,44,7,44,7,43,7,43,7,42,5,42,5,45,5,45,4,46.0,3.0,43.0,4.0,43.0,3.0,43.0,2.0,42.0,2.0,44.0,2.0,47.0,1.0,33.0,2.0,46.0,0.0,27.0,1.0,18.0,2.0,17.0,2.0,22.0,4.0,20.0,4.0,23.0,6.0,17.0,4.0,19.0,3.0,21.0,6.0,16.0,4.0,19.0,5.0,13.0,6.0,19.0,6.0,15.0,6.0,13.0,7.0,12.0,7.0,14.0,7.0,14.0,8.0,13.0,8.0,9.0,8.0,9.0,8.0,9.0,7.0,7.0,10.0,5.0,9.0,6.0,9.0,5.0,8.0,2.0,10.0,6.0,8.0,4.0,10.0,6.0,9.0,8.0,7.0,5.0,10.0,6.0,8.0,10.0,12.0,6.0,11.0,0.0,9.0,27.0,14.0,32.0,10.0,34.0,12.0,30.0,7.0,32.0,9.0,31.0,8.0,33.0,8.0,34.0,7.0,33.0,8.0,31.0,6.0,31.0,7.0,35.0,8.0,30.0,6.0,31.0,8.0,32.0,7.0,30.0,7.0,28.0,7.0,31.0,7.0,30.0,7.0,31.0,7.0,31.0,7.0,32.0,7.0,29.0,8.0,29.0,8.0,33.0,7.0,30.0,8.0,30.0,9.0,28.0,8.0,30.0,8.0,31.0,8.0,30.0,9.0,28.0,9.0,30.0,9.0,29.0,9.0,29.0,9.0,29.0,9.0,31.0,10.0,30.0,9.0,29.0,10.0,30.0,10.0,31.0,10.0,31.0,10.0,34.0,10.0,33.0,10.0,32.0,10.0,33.0,10.0,32.0,10.0,31.0,10.0,29.0,10.0,32.0,10.0,33.0,10.0,33.0,10.0,32.0,10.0,33.0,9.0,34.0,9.0,35.0,9.0,34.0,9.0,34.0,9.0,35.0,8.0,34.0,9.0,34.0,8.0,34.0,7.0,33.0,7.0,33.0,7.0,32.0,7.0,34.0,6.0,33.0,6.0,31.0,6.0,31.0,6.0,33.0,5.0,32.0,6.0,31.0,5.0,30.0,5.0,31.0,6.0,28.0,5.0,29.0,6.0,30.0,5.0,29.0,6.0,28.0,6.0,30.0,6.0,29.0,7.0
1759560704.988707000,00:03:7f:25:14:25,00:03:7f:25:14:25,3a:c8:97:94:99:7a,3a:c8:97:94:99:7a,52,13,49,13,50,13,48,12,48,12,49,12,47,11,47,10,47,10,47,9,47,9,48,8,45,8,46,7,47,7,46,6,46,6,45,6,43,4,42,5,41,3,36,3,37,2,30,3,25,3,27,4,20,10,26,12,18,12,11,14,17,15,58,15,38,15,49,14,51,13,49,12,51,12,50,11,49,11,49,10,50,9,49,9,49,8,50,8,49,7,49,6,50,5,51,5,50,4,51,4,50,3,52,2,54,1,56,1,62,1,2,1,8,1,9,2,10,2,11,3,12,3,12,4,13,4,15,5,14,5,13,6,15,7,14,8,12,8,14,9,13,9,14,10,13,11,13,11,12,12,12,12,12,12,12,13,11,14,7,14,6,14,60,14,57,14,56,14,53,13,53,13,52,12,53,11,53,11,51,11,51,10,51,10,51,9,51,9,50,9,51,8,50,8,49,7,52,7,51,6,52,6,51,6,51,5,52,5,51,3,52,4,55,3,57,3,59.0,3.0,56.0,2.0,60.0,2.0,62.0,2.0,0.0,2.0,3.0,2.0,3.0,2.0,6.0,2.0,7.0,3.0,9.0,4.0,12.0,5.0,10.0,5.0,11.0,6.0,9.0,6.0,10.0,7.0,10.0,7.0,11.0,7.0,11.0,8.0,10.0,8.0,10.0,9.0,9.0,9.0,10.0,10.0,10.0,10.0,10.0,10.0,9.0,10.0,9.0,11.0,9.0,11.0,9.0,12.0,5.0,11.0,5.0,11.0,5.0,11.0,3.0,12.0,2.0,12.0,1.0,12.0,2.0,11.0,62.0,12.0,1.0,12.0,61.0,13.0,62.0,12.0,62.0,12.0,56.0,12.0,56.0,12.0,52.0,12.0,53.0,11.0,51.0,11.0,48.0,11.0,48.0,10.0,46.0,9.0,48.0,8.0,47.0,8.0,44.0,8.0,45.0,7.0,45.0,7.0,45.0,6.0,44.0,4.0,44.0,5.0,45.0,5.0,43.0,3.0,40.0,4.0,41.0,3.0,38.0,3.0,33.0,3.0,35.0,3.0,31.0,2.0,30.0,2.0,28.0,2.0,28.0,2.0,24.0,4.0,25.0,4.0,26.0,4.0,24.0,5.0,23.0,5.0,22.0,6.0,23.0,6.0,23.0,6.0,22.0,7.0,21.0,8.0,22.0,8.0,21.0,9.0,21.0,9.0,23.0,10.0,25.0,12.0,25.0,11.0,24.0,12.0,25.0,12.0,27.0,12.0,28.0,12.0,34.0,13.0,34.0,13.0,33.0,12.0,37.0,13.0,37.0,13.0,37.0,12.0,34.0,13.0,38.0,12.0,40.0,11.0,40.0,11.0,40.0,11.0,40.0,10.0,42.0,10.0,42.0,9.0,42.0,9.0,42.0,9.0,43.0,7.0,41.0,8.0,41.0,6.0,42.0,6.0,40.0,5.0,38.0,5.0,38.0,4.0,40.0,3.0,37.0,3.0,34.0,2.0,35.0,2.0,34.0,2.0,31.0,2.0,29.0,2.0,24.0,3.0,24.0,3.0,19.0,3.0,21.0,4.0,22.0,4.0,22.0,5.0,21.0,6.0,22.0,6.0,21.0,7.0
1759560705.339807000,00:03:7f:25:14:25,00:03:7f:25:14:25,0a:f5:a5:94:4b:df,0a:f5:a5:94:4b:df,7,13,4,14,1,14,0,14,61,15,58,14,56,14,54,13,53,12,53,12,52,12,51,11,52,11,52,11,53,10,53,10,52,9,51,8,51,8,51,7,51,7,51,7,51,6,51,5,52,5,51,4,51,4,52,4,52,4,53,3,53,3,53,2,55,1,58,1,61,1,63,2,0,1,2,1,6,1,9,2,11,2,11,3,11,3,10,4,10,4,10,4,12,5,13,6,12,7,12,7,13,7,13,7,13,8,13,8,12,9,12,10,12,10,11,11,12,11,12,12,11,12,11,12,10,13,9,13,7,14,4,14,2,15,63,15,59,14,55,14,53,13,52,12,51,12,50,11,50,11,50,11,50,10,51,10,51,9,50,8,49,8,49,7,49,7,50,6,50,6,50,5,51,4,53,3,53,3,54,3,54,3,54,2,55,2,57,1,61,1,1,1,2,2,2,2,3,2,6,2,7,2,8,3,9,3,9,4,9,5,9,5,10,5,11,6,10.0,7.0,10.0,7.0,9.0,8.0,10.0,8.0,10.0,9.0,10.0,9.0,9.0,9.0,9.0,10.0,9.0,10.0,7.0,11.0,9.0,11.0,6.0,11.0,5.0,11.0,3.0,12.0,1.0,12.0,63.0,13.0,63.0,13.0,63.0,13.0,62.0,13.0,60.0,12.0,58.0,12.0,57.0,12.0,56.0,12.0,56.0,12.0,56.0,11.0,56.0,11.0,56.0,11.0,55.0,10.0,54.0,9.0,53.0,9.0,52.0,9.0,52.0,9.0,52.0,9.0,52.0,8.0,53.0,8.0,52.0,7.0,52.0,7.0,53.0,6.0,54.0,5.0,55.0,5.0,55.0,5.0,55.0,5.0,54.0,4.0,54.0,4.0,55.0,3.0,56.0,3.0,57.0,3.0,58.0,3.0,59.0,3.0,61.0,2.0,62.0,2.0,0.0,2.0,3.0,2.0,5.0,3.0,6.0,3.0,7.0,3.0,7.0,3.0,7.0,4.0,8.0,4.0,9.0,5.0,9.0,5.0,9.0,6.0,9.0,6.0,9.0,7.0,10.0,7.0,10.0,7.0,10.0,7.0,10.0,8.0,11.0,9.0,11.0,9.0,11.0,9.0,10.0,10.0,9.0,10.0,9.0,10.0,9.0,10.0,8.0,11.0,7.0,11.0,6.0,12.0,6.0,12.0,7.0,12.0,6.0,13.0,3.0,13.0,63.0,14.0,61.0,13.0,59.0,13.0,58.0,13.0,58.0,13.0,57.0,13.0,57.0,12.0,55.0,12.0,53.0,12.0,52.0,11.0,51.0,11.0,50.0,11.0,49.0,11.0,50.0,10.0,50.0,9.0,50.0,9.0,49.0,8.0,50.0,7.0,50.0,7.0,50.0,6.0,50.0,6.0,50.0,6.0,50.0,5.0,49.0,5.0,49.0,4.0,48.0,3.0,48.0,2.0,50.0,2.0,51.0,1.0,50.0,1.0,48.0,0.0,48.0,0.0,11.0,0.0,14.0,1.0,14.0,1.0,13.0,2.0,12.0,2.0,12.0,3.0,14.0,3.0,14.0,4.0,15.0,5.0,15.0,5.0,15.0,5.0,14.0,6.0
1759560705.556235000,00:03:7f:25:14:25,00:03:7f:25:14:25,3a:c8:97:94:99:7a,3a:c8:97:94:99:7a,47,11,45,11,47,10,46,10,45,9,46,10,45,8,45,8,46,7,44,7,44,6,44,5,42,5,43,5,44,4,42,4,41,4,39,3,36,2,33,3,29,3,26,4,24,4,23,5,22,7,23,6,20,10,23,11,22,11,18,14,21,13,23,15,35,14,45,14,48,14,47,13,49,12,49,11,48,11,48,10,50,9,50,9,49,8,50,8,49,7,49,6,51,5,51,5,50,4,52,4,51,3,54,2,53,1,56,1,60,1,1,1,4,1,7,2,8,2,10,3,12,3,11,4,13,4,14,5,14,5,12,6,14,6,13,8,12,8,13,8,12,9,13,10,12,10,11,11,11,11,11,12,11,12,9,13,9,13,5,13,3,13,62,14,59,13,59,13,56,13,56,13,54,12,55,11,55,11,54,11,53,10,53,10,53,10,52,9,52,9,52,8,51,8,49,8,53,7,52,6,52,6,52,6,51,6,53,5,52,4,53,4,55,4,56,3,59.0,3.0,56.0,3.0,61.0,2.0,63.0,2.0,0.0,2.0,3.0,2.0,4.0,2.0,6.0,2.0,9.0,3.0,11.0,4.0,13.0,5.0,12.0,6.0,13.0,6.0,12.0,7.0,12.0,7.0,12.0,8.0,13.0,8.0,13.0,9.0,13.0,9.0,12.0,10.0,11.0,11.0,13.0,12.0,11.0,12.0,11.0,12.0,10.0,13.0,8.0,13.0,7.0,14.0,4.0,14.0,1.0,13.0,61.0,14.0,59.0,13.0,56.0,14.0,54.0,13.0,55.0,12.0,56.0,12.0,52.0,12.0,55.0,11.0,52.0,11.0,53.0,10.0,54.0,10.0,51.0,10.0,52.0,9.0,49.0,9.0,50.0,9.0,49.0,9.0,48.0,8.0,47.0,8.0,45.0,7.0,47.0,6.0,46.0,6.0,45.0,6.0,45.0,5.0,46.0,5.0,46.0,5.0,44.0,3.0,44.0,3.0,46.0,4.0,44.0,2.0,41.0,3.0,42.0,2.0,41.0,2.0,33.0,1.0,35.0,1.0,29.0,1.0,26.0,1.0,24.0,1.0,23.0,2.0,20.0,3.0,20.0,3.0,22.0,3.0,20.0,4.0,19.0,4.0,18.0,5.0,20.0,5.0,19.0,5.0,18.0,7.0,17.0,7.0,18.0,8.0,17.0,8.0,17.0,9.0,19.0,10.0,19.0,11.0,19.0,11.0,18.0,12.0,18.0,12.0,20.0,13.0,21.0,13.0,24.0,14.0,21.0,14.0,27.0,14.0,33.0,14.0,35.0,15.0,41.0,15.0,34.0,15.0,41.0,14.0,45.0,13.0,45.0,13.0,45.0,13.0,45.0,13.0,46.0,12.0,46.0,11.0,47.0,10.0,47.0,11.0,49.0,9.0,47.0,10.0,47.0,9.0,48.0,8.0,47.0,7.0,47.0,6.0,46.0,6.0,50.0,5.0,48.0,4.0,48.0,4.0,48.0,4.0,49.0,2.0,48.0,2.0,48.0,1.0,53.0,1.0,53.0,0.0,7.0,1.0,6.0,0.0,14.0,1.0,16.0,2.0,16.0,3.0,17.0,3.0,16.0,4.0
1759560705.991502000,00:03:7f:25:14:25,00:03:7f:25:14:25,3a:c8:97:94:99:7a,3a:c8:97:94:99:7a,40,13,39,13,39,12,38,12,38,12,39,12,38,11,40,11,39,10,39,10,38,10,40,9,37,9,39,9,39,9,38,8,38,8,37,8,36,7,36,8,35,7,35,8,35,7,34,7,35,7,34,7,32,8,33,8,34,8,33,9,33,8,34,9,33,9,34,9,34,10,35,9,37,10,38,10,37,10,38,10,40,9,41,9,41,8,41,9,41,8,41,8,43,7,44,6,42,6,44,5,42,5,43,4,42,4,41,3,40,3,39,2,37,2,33,1,30,1,28,1,27,1,25,2,25,2,24,3,23,3,21,4,22,4,21,5,19,5,21,6,19,7,21,7,20,8,19,8,19,9,20,9,20,9,20,10,21,10,21,11,20,11,21,12,21,13,23,13,24,13,28,14,32,14,37,14,39,14,40,14,42,13,42,13,45,12,44,12,43,12,44,11,43,11,43,10,45,10,45,9,45,9,45,9,44,8,44,8,43,6,43,6,46,6,43,5,43.0,5.0,41.0,5.0,42.0,4.0,41.0,4.0,40.0,3.0,40.0,3.0,39.0,2.0,34.0,4.0,36.0,2.0,28.0,3.0,29.0,5.0,26.0,5.0,26.0,6.0,24.0,6.0,24.0,7.0,24.0,7.0,26.0,7.0,24.0,8.0,24.0,7.0,24.0,9.0,22.0,9.0,24.0,9.0,24.0,10.0,24.0,10.0,23.0,11.0,24.0,12.0,24.0,12.0,24.0,12.0,23.0,13.0,25.0,14.0,29.0,13.0,23.0,14.0,42.0,14.0,46.0,14.0,59.0,15.0,48.0,14.0,51.0,13.0,44.0,14.0,44.0,12.0,44.0,10.0,39.0,12.0,40.0,9.0,37.0,10.0,39.0,10.0,39.0,9.0,37.0,10.0,37.0,9.0,35.0,10.0,37.0,8.0,37.0,9.0,35.0,8.0,37.0,8.0,38.0,8.0,37.0,8.0,37.0,6.0,37.0,6.0,40.0,7.0,37.0,6.0,36.0,7.0,38.0,6.0,36.0,6.0,34.0,6.0,36.0,6.0,35.0,5.0,35.0,5.0,35.0,5.0,35.0,4.0,32.0,5.0,31.0,5.0,35.0,4.0,32.0,5.0,32.0,5.0,28.0,5.0,30.0,5.0,30.0,4.0,28.0,5.0,27.0,5.0,27.0,5.0,26.0,6.0,26.0,6.0,25.0,6.0,26.0,7.0,25.0,7.0,24.0,8.0,25.0,8.0,25.0,8.0,26.0,8.0,28.0,9.0,26.0,9.0,26.0,9.0,27.0,10.0,25.0,10.0,26.0,10.0,24.0,10.0,27.0,10.0,27.0,11.0,28.0,11.0,27.0,11.0,28.0,11.0,30.0,11.0,30.0,11.0,32.0,11.0,31.0,11.0,32.0,10.0,32.0,11.0,32.0,10.0,33.0,10.0,33.0,10.0,33.0,10.0,32.0,9.0,35.0,9.0,35.0,9.0,33.0,8.0,34.0,8.0,35.0,7.0,35.0,7.0,34.0,7.0,34.0,7.0,34.0,7.0,33.0,6.0,33.0,7.0,34.0,6.0,32.0,6.0,31.0,6.0,33.0,6.0,31.0,6.0
1759560706.499308000,00:03:7f:25:14:25,00:03:7f:25:14:25,3a:c8:97:94:99:7a,3a:c8:97:94:99:7a,40,9,37,9,37,8,36,9,37,8,36,9,35,8,37,8,35,7,35,7,34,8,36,7,33,8,35,7,36,7,34,7,35,7,33,7,33,7,33,8,32,7,33,7,33,7,32,7,33,7,33,7,31,8,32,8,33,8,32,9,32,8,33,8,33,9,33,9,33,9,34,9,37,9,37,9,36,9,37,9,39,9,39,9,40,8,40,9,40,8,40,7,42,7,43,6,41,6,42,6,41,5,42,4,40,4,40,4,39,3,39,3,37,3,34,2,32,2,30,2,30,2,28,2,27,2,27,3,26,3,24,4,25,4,23,5,21,5,23,5,21,6,22,6,21,7,21,7,21,8,21,8,22,8,21,9,22,9,22,10,21,10,22,11,21,12,24,12,25,12,25,12,27,13,30,13,31,13,32,14,35,13,37,13,39,13,38,12,38,12,40,12,40,12,40,11,42,11,42,10,43,10,42,9,42,9,42,9,42,8,42,8,44,8,42,7,43.0,6.0,41.0,6.0,43.0,6.0,42.0,5.0,41.0,5.0,43.0,5.0,42.0,4.0,40.0,5.0,42.0,3.0,35.0,3.0,38.0,2.0,34.0,2.0,31.0,3.0,31.0,3.0,30.0,4.0,28.0,3.0,29.0,3.0,28.0,4.0,26.0,4.0,26.0,4.0,23.0,4.0,25.0,5.0,24.0,5.0,22.0,6.0,22.0,6.0,23.0,7.0,22.0,7.0,22.0,8.0,21.0,7.0,21.0,8.0,21.0,8.0,18.0,9.0,22.0,10.0,20.0,10.0,18.0,10.0,19.0,11.0,20.0,9.0,19.0,11.0,22.0,10.0,24.0,10.0,21.0,11.0,25.0,10.0,25.0,11.0,25.0,12.0,26.0,11.0,28.0,12.0,28.0,11.0,29.0,12.0,30.0,11.0,31.0,11.0,31.0,11.0,33.0,10.0,34.0,10.0,34.0,10.0,34.0,10.0,35.0,10.0,39.0,10.0,35.0,9.0,35.0,9.0,38.0,8.0,35.0,8.0,34.0,8.0,35.0,8.0,35.0,8.0,36.0,7.0,37.0,6.0,38.0,6.0,34.0,6.0,34.0,7.0,38.0,6.0,35.0,6.0,35.0,6.0,32.0,6.0,33.0,6.0,34.0,5.0,32.0,5.0,30.0,6.0,31.0,5.0,29.0,6.0,29.0,6.0,28.0,6.0,28.0,6.0,27.0,6.0,26.0,6.0,26.0,7.0,27.0,7.0,27.0,7.0,29.0,8.0,27.0,8.0,27.0,8.0,27.0,8.0,25.0,8.0,25.0,9.0,23.0,9.0,26.0,10.0,26.0,10.0,26.0,10.0,25.0,10.0,26.0,10.0,27.0,11.0,28.0,10.0,28.0,11.0,28.0,11.0,30.0,10.0,29.0,12.0,30.0,11.0,30.0,11.0,30.0,11.0,30.0,11.0,30.0,11.0,33.0,11.0,34.0,11.0,32.0,10.0,33.0,10.0,35.0,10.0,34.0,10.0,35.0,9.0,35.0,9.0,36.0,10.0,35.0,9.0,35.0,9.0,37.0,8.0,35.0,8.0,35.0,8.0,36.0,8.0,35.0,8.0
1759560706.870984000,00:03:7f:25:14:25,00:03:7f:25:14:25,0a:f5:a5:94:4b:df,0a:f5:a5:94:4b:df,10,13,8,14,6,14,4,15,1,15,59,15,56,14,53,14,52,13,52,12,51,12,51,11,51,11,51,11,52,10,52,10,51,9,51,9,50,8,50,8,50,8,50,7,50,6,51,6,51,5,50,4,50,4,51,4,51,4,52,3,52,3,52,2,55,1,57,1,60,1,62,1,0,1,2,1,6,1,9,2,11,2,11,3,11,3,10,3,10,4,10,4,12,5,13,6,13,6,13,7,13,7,13,7,13,8,13,8,12,9,12,9,12,10,11,11,12,11,12,11,12,11,11,12,11,13,10,13,9,14,7,14,5,14,3,14,63,14,58,14,55,13,53,13,51,12,50,12,50,12,50,11,50,11,51,10,50,10,50,9,49,9,48,8,49,7,49,7,49,6,49,6,50,5,51,4,51,4,51,4,51,3,51,3,52,2,52,2,56,1,60,1,62,1,63,1,2,1,4,1,7,2,8,2,10,2,10,3,10,4,10,4,11,4,12,5,11.0,6.0,11.0,7.0,11.0,7.0,11.0,8.0,12.0,8.0,12.0,8.0,11.0,8.0,11.0,9.0,11.0,10.0,9.0,11.0,11.0,11.0,8.0,12.0,7.0,12.0,6.0,12.0,3.0,13.0,1.0,13.0,0.0,13.0,0.0,14.0,61.0,13.0,59.0,13.0,57.0,13.0,56.0,12.0,54.0,12.0,54.0,12.0,54.0,12.0,54.0,11.0,55.0,11.0,54.0,10.0,53.0,9.0,52.0,9.0,51.0,9.0,51.0,9.0,51.0,8.0,51.0,8.0,52.0,7.0,51.0,7.0,51.0,6.0,52.0,6.0,53.0,5.0,54.0,5.0,55.0,5.0,54.0,4.0,54.0,4.0,54.0,3.0,54.0,3.0,57.0,3.0,58.0,2.0,59.0,2.0,60.0,2.0,62.0,2.0,0.0,1.0,1.0,2.0,4.0,2.0,5.0,3.0,7.0,3.0,8.0,3.0,8.0,3.0,8.0,4.0,9.0,4.0,9.0,5.0,10.0,5.0,10.0,6.0,9.0,7.0,10.0,7.0,10.0,7.0,11.0,7.0,10.0,8.0,11.0,8.0,11.0,9.0,12.0,9.0,12.0,10.0,10.0,10.0,9.0,10.0,10.0,10.0,10.0,11.0,9.0,11.0,7.0,12.0,6.0,12.0,6.0,13.0,6.0,13.0,5.0,13.0,2.0,14.0,61.0,14.0,59.0,14.0,57.0,14.0,55.0,13.0,56.0,13.0,55.0,13.0,55.0,12.0,53.0,12.0,52.0,11.0,51.0,11.0,50.0,11.0,49.0,11.0,49.0,10.0,49.0,10.0,49.0,9.0,49.0,8.0,49.0,8.0,50.0,7.0,50.0,6.0,50.0,6.0,50.0,6.0,50.0,5.0,50.0,5.0,49.0,4.0,49.0,3.0,50.0,2.0,50.0,2.0,52.0,1.0,54.0,1.0,56.0,0.0,60.0,0.0,4.0,0.0,9.0,1.0,12.0,1.0,12.0,2.0,11.0,2.0,11.0,3.0,11.0,3.0,12.0,4.0,13.0,4.0,14.0,5.0,14.0,5.0,14.0,6.0,13.0,6.0
1759560706.896972000,00:03:7f:25:14:25,00:03:7f:25:14:25,3a:c8:97:94:99:7a,3a:c8:97:94:99:7a,42,10,40,10,40,9,40,9,39,9,40,10,39,8,39,8,39,7,38,7,37,7,38,6,36,7,37,6,37,6,36,6,36,6,34,6,33,5,33,6,32,6,31,6,32,6,31,6,31,6,31,6,29,7,30,7,31,7,30,8,30,8,31,8,31,9,32,9,32,9,33,9,35,10,36,9,35,9,36,10,39,9,40,9,40,9,40,9,40,8,41,8,43,7,43,7,42,7,43,6,41,5,43,5,41,4,41,4,41,4,40,3,39,3,36,2,33,2,32,2,31,2,29,2,29,2,27,3,26,3,24,3,25,4,24,4,21,4,22,4,20,5,22,5,21,6,20,7,20,7,21,8,21,8,21,9,21,9,21,9,20,9,21,11,20,11,21,12,23,12,24,12,25,13,26,13,28,13,28,14,33,13,35,13,39,14,38,13,38,13,41,12,41,13,41,12,43,11,43,11,44,10,44,10,42,10,44,10,43,8,44,9,46,8,45,7,46.0,7.0,44.0,7.0,46.0,7.0,46.0,6.0,45.0,6.0,47.0,5.0,46.0,5.0,44.0,5.0,48.0,5.0,45.0,2.0,46.0,2.0,42.0,2.0,41.0,2.0,41.0,1.0,37.0,2.0,33.0,2.0,38.0,2.0,31.0,2.0,28.0,1.0,29.0,1.0,18.0,1.0,27.0,2.0,22.0,2.0,18.0,3.0,18.0,4.0,18.0,4.0,19.0,5.0,18.0,5.0,16.0,5.0,16.0,5.0,16.0,5.0,12.0,8.0,16.0,7.0,13.0,7.0,11.0,7.0,12.0,8.0,13.0,6.0,11.0,8.0,14.0,7.0,16.0,6.0,12.0,8.0,16.0,6.0,17.0,8.0,16.0,9.0,16.0,8.0,19.0,10.0,21.0,10.0,17.0,11.0,19.0,9.0,22.0,11.0,24.0,10.0,24.0,10.0,26.0,10.0,26.0,11.0,26.0,10.0,28.0,11.0,32.0,11.0,29.0,10.0,30.0,11.0,33.0,10.0,31.0,10.0,29.0,10.0,32.0,10.0,33.0,10.0,34.0,9.0,35.0,9.0,36.0,9.0,33.0,9.0,33.0,9.0,38.0,8.0,35.0,8.0,35.0,9.0,32.0,8.0,34.0,8.0,35.0,7.0,34.0,7.0,31.0,7.0,33.0,7.0,32.0,7.0,31.0,7.0,31.0,6.0,32.0,7.0,31.0,6.0,30.0,7.0,30.0,7.0,30.0,7.0,30.0,7.0,32.0,7.0,30.0,7.0,29.0,7.0,29.0,8.0,28.0,8.0,27.0,8.0,25.0,8.0,27.0,8.0,28.0,9.0,27.0,9.0,26.0,9.0,27.0,8.0,28.0,9.0,28.0,9.0,28.0,10.0,28.0,10.0,29.0,9.0,28.0,11.0,28.0,10.0,29.0,10.0,28.0,10.0,28.0,10.0,28.0,10.0,31.0,10.0,31.0,10.0,30.0,10.0,30.0,10.0,32.0,10.0,32.0,10.0,33.0,10.0,33.0,10.0,33.0,10.0,33.0,9.0,33.0,10.0,35.0,9.0,34.0,9.0,34.0,9.0,36.0,9.0,35.0,9.0
1759560706.996208000,00:03:7f:25:14:25,00:03:7f:25:14:25,0a:f5:a5:94:4b:df,0a:f5:a5:94:4b:df,11,14,9,14,7,15,4,15,62,15,56,15,53,14,52,14,51,13,51,12,51,12,50,11,50,11,51,11,51,10,51,10,50,9,50,9,50,8,50,8,50,7,50,7,50,6,50,5,51,5,50,4,50,4,50,4,51,4,51,3,51,2,52,2,54,1,58,1,61,1,63,1,2,1,5,1,9,1,11,2,12,2,12,3,12,3,11,3,11,4,11,4,13,5,14,6,13,7,13,7,13,7,13,8,13,8,13,9,12,9,12,10,12,10,12,11,12,11,12,12,11,12,11,12,10,13,9,14,8,14,5,14,2,14,0,14,61,14,57,14,55,13,53,13,51,12,51,12,51,12,51,11,51,11,51,10,50,10,50,9,50,9,49,8,49,7,49,7,49,6,50,6,50,5,51,4,51,4,52,4,51,3,52,3,52,2,53,2,56,1,60,1,62,1,63,1,2,1,4,1,7,2,8,2,9,2,9,3,10,4,11,4,11,4,12,5,11.0,6.0,11.0,6.0,11.0,7.0,12.0,8.0,12.0,8.0,12.0,8.0,11.0,8.0,11.0,9.0,11.0,10.0,10.0,11.0,11.0,11.0,9.0,12.0,8.0,12.0,7.0,12.0,4.0,13.0,2.0,13.0,2.0,14.0,1.0,14.0,62.0,14.0,59.0,13.0,57.0,13.0,55.0,12.0,54.0,12.0,54.0,12.0,54.0,12.0,54.0,11.0,54.0,11.0,53.0,10.0,52.0,10.0,51.0,9.0,50.0,9.0,50.0,9.0,51.0,8.0,51.0,8.0,51.0,7.0,51.0,7.0,51.0,6.0,52.0,6.0,53.0,5.0,53.0,5.0,54.0,4.0,53.0,4.0,53.0,4.0,53.0,3.0,54.0,3.0,56.0,2.0,58.0,2.0,59.0,2.0,61.0,2.0,0.0,1.0,2.0,1.0,3.0,1.0,6.0,2.0,7.0,3.0,8.0,3.0,10.0,3.0,9.0,3.0,10.0,4.0,10.0,4.0,10.0,5.0,11.0,6.0,11.0,6.0,10.0,7.0,11.0,7.0,11.0,7.0,11.0,7.0,11.0,8.0,11.0,9.0,11.0,9.0,12.0,10.0,12.0,10.0,11.0,10.0,10.0,11.0,10.0,11.0,10.0,11.0,9.0,11.0,7.0,12.0,6.0,13.0,5.0,13.0,6.0,13.0,4.0,14.0,0.0,14.0,60.0,14.0,58.0,13.0,57.0,14.0,55.0,13.0,55.0,13.0,55.0,13.0,54.0,12.0,53.0,12.0,51.0,11.0,51.0,11.0,50.0,11.0,49.0,10.0,49.0,10.0,49.0,9.0,49.0,9.0,49.0,8.0,49.0,8.0,50.0,7.0,50.0,6.0,50.0,6.0,50.0,5.0,50.0,5.0,49.0,4.0,49.0,4.0,49.0,3.0,50.0,2.0,50.0,1.0,52.0,1.0,55.0,1.0,59.0,0.0,2.0,0.0,7.0,0.0,9.0,1.0,11.0,1.0,12.0,2.0,12.0,2.0,12.0,3.0,11.0,3.0,12.0,4.0,13.0,4.0,14.0,5.0,14.0,5.0,14.0,6.0,13.0,7.0
1759560707.471668000,00:03:7f:25:14:25,00:03:7f:25:14:25,3a:c8:97:94:99:7a,3a:c8:97:94:99:7a,42,8,41,8,40,7,39,7,38,6,39,8,37,6,38,6,36,5,35,6,34,6,35,5,33,5,34,5,34,5,32,5,33,5,31,5,30,5,30,6,29,5,29,6,29,6,28,6,28,6,29,6,26,7,28,7,29,7,26,8,27,8,29,8,28,9,28,9,28,9,29,9,31,10,32,10,31,10,32,11,35,11,36,10,37,10,37,10,38,10,38,10,41,9,41,8,40,8,42,8,41,7,42,6,41,6,40,6,41,5,41,5,39,4,37,4,36,4,37,3,37,3,34,3,34,3,32,3,32,3,29,3,30,3,28,4,24,3,27,4,23,5,25,5,23,5,22,5,22,6,23,6,23,6,22,7,23,7,23,8,23,8,22,9,22,10,23,10,23,10,24,11,25,11,26,11,28,12,26,12,29,12,30,12,33,13,33,12,33,12,35,12,36,13,36,12,38,12,39,11,40,11,40,11,40,10,41,11,41,9,41,10,43,9,42,9,44.0,8.0,41.0,8.0,43.0,8.0,44.0,8.0,43.0,7.0,46.0,8.0,45.0,6.0,43.0,7.0,45.0,5.0,42.0,5.0,46.0,4.0,44.0,3.0,42.0,4.0,43.0,4.0,40.0,4.0,40.0,3.0,41.0,3.0,37.0,3.0,39.0,1.0,38.0,2.0,21.0,0.0,31.0,2.0,25.0,1.0,14.0,1.0,12.0,2.0,18.0,3.0,17.0,3.0,16.0,4.0,13.0,4.0,12.0,4.0,15.0,4.0,10.0,7.0,10.0,6.0,10.0,6.0,8.0,6.0,7.0,8.0,9.0,6.0,8.0,8.0,9.0,7.0,11.0,6.0,8.0,8.0,10.0,7.0,12.0,8.0,9.0,9.0,8.0,8.0,11.0,10.0,13.0,10.0,8.0,11.0,11.0,10.0,12.0,11.0,16.0,11.0,14.0,12.0,13.0,13.0,18.0,13.0,15.0,14.0,20.0,14.0,29.0,15.0,24.0,14.0,34.0,14.0,36.0,13.0,31.0,13.0,33.0,13.0,38.0,13.0,39.0,13.0,41.0,12.0,41.0,11.0,43.0,11.0,40.0,11.0,40.0,11.0,45.0,9.0,41.0,10.0,43.0,10.0,39.0,9.0,40.0,8.0,43.0,7.0,40.0,7.0,39.0,8.0,40.0,7.0,38.0,7.0,37.0,7.0,37.0,5.0,37.0,6.0,37.0,5.0,34.0,6.0,34.0,5.0,34.0,5.0,34.0,5.0,35.0,5.0,32.0,5.0,31.0,5.0,30.0,6.0,29.0,5.0,28.0,5.0,25.0,6.0,26.0,6.0,27.0,6.0,26.0,7.0,24.0,6.0,24.0,6.0,25.0,7.0,25.0,7.0,25.0,7.0,25.0,8.0,25.0,7.0,24.0,9.0,24.0,9.0,25.0,8.0,23.0,9.0,24.0,9.0,23.0,9.0,25.0,9.0,26.0,10.0,25.0,10.0,25.0,10.0,28.0,10.0,28.0,10.0,29.0,10.0,29.0,10.0,29.0,10.0,30.0,10.0,30.0,10.0,32.0,10.0,31.0,10.0,32.0,10.0,34.0,10.0,33.0,10.0
1759560708.021370000,00:03:7f:25:14:25,00:03:7f:25:14:25,3a:c8:97:94:99:7a,3a:c8:97:94:99:7a,36,13,36,12,37,12,37,12,38,12,38,12,38,11,39,10,39,10,39,10,39,10,40,9,38,9,40,9,41,9,40,8,40,8,39,8,38,7,38,7,37,6,37,7,37,6,36,6,36,6,36,6,34,6,35,6,36,6,34,7,34,7,35,7,34,7,35,8,34,8,35,8,37,8,38,8,37,8,38,9,40,8,41,8,41,7,41,8,41,7,41,7,43,6,44,5,42,5,44,5,42,4,43,3,42,3,41,3,40,2,39,2,36,1,30,1,28,1,24,1,23,1,22,2,22,2,22,3,21,3,20,4,21,4,19,5,17,5,20,6,18,7,20,7,19,8,18,8,18,9,19,9,20,9,19,10,20,11,20,11,19,11,20,13,20,13,22,14,25,14,27,14,32,14,38,14,40,14,41,14,43,13,43,12,45,12,44,12,43,12,45,11,44,11,43,10,46,9,45,9,46,9,46,9,45,8,45,8,45,6,45,6,48,6,47,5,48.0,5.0,46.0,4.0,48.0,4.0,49.0,3.0,48.0,3.0,51.0,2.0,53.0,2.0,46.0,1.0,57.0,2.0,6.0,1.0,7.0,2.0,7.0,3.0,12.0,3.0,9.0,4.0,13.0,5.0,9.0,5.0,8.0,5.0,12.0,6.0,10.0,5.0,8.0,7.0,8.0,7.0,12.0,8.0,8.0,8.0,8.0,9.0,7.0,9.0,8.0,9.0,9.0,9.0,8.0,10.0,5.0,9.0,3.0,10.0,4.0,8.0,3.0,11.0,0.0,11.0,1.0,10.0,2.0,9.0,62.0,10.0,1.0,8.0,62.0,10.0,1.0,9.0,2.0,7.0,63.0,9.0,1.0,7.0,1.0,9.0,63.0,9.0,61.0,7.0,63.0,10.0,59.0,10.0,56.0,10.0,2.0,5.0,58.0,11.0,32.0,7.0,41.0,8.0,39.0,5.0,34.0,7.0,30.0,3.0,34.0,4.0,37.0,6.0,29.0,4.0,33.0,9.0,32.0,6.0,30.0,7.0,28.0,7.0,31.0,7.0,29.0,7.0,31.0,7.0,33.0,6.0,32.0,6.0,29.0,7.0,29.0,8.0,33.0,6.0,31.0,7.0,31.0,8.0,28.0,8.0,30.0,7.0,31.0,6.0,29.0,7.0,29.0,8.0,30.0,7.0,29.0,8.0,28.0,8.0,29.0,7.0,30.0,8.0,29.0,7.0,28.0,8.0,28.0,8.0,29.0,8.0,29.0,8.0,32.0,9.0,29.0,9.0,29.0,8.0,29.0,9.0,28.0,9.0,28.0,9.0,26.0,10.0,29.0,10.0,29.0,10.0,29.0,10.0,28.0,10.0,29.0,9.0,30.0,10.0,31.0,10.0,31.0,10.0,31.0,10.0,32.0,9.0,31.0,10.0,31.0,10.0,32.0,9.0,31.0,9.0,31.0,9.0,30.0,9.0,33.0,8.0,33.0,9.0,32.0,8.0,32.0,8.0,33.0,8.0,33.0,8.0,33.0,7.0,33.0,7.0,33.0,8.0,32.0,7.0,32.0,7.0,33.0,7.0,32.0,6.0,31.0,7.0,32.0,7.0,31.0,7.0
1759560708.426984000,00:03:7f:25:14:25,00:03:7f:25:14:25,0a:f5:a5:94:4b:df,0a:f5:a5:94:4b:df,8,13,5,14,3,14,1,14,62,14,58,14,57,14,55,13,53,13,53,12,52,12,51,11,51,11,52,11,52,10,52,10,52,9,51,8,51,8,51,8,51,7,51,7,51,6,52,5,52,5,51,4,52,4,52,4,52,4,53,3,53,3,54,2,56,1,59,1,61,2,63,2,1,2,3,1,6,2,9,2,10,2,11,3,10,3,10,4,10,4,10,5,12,6,12,6,12,7,12,7,12,7,13,8,13,8,12,8,11,9,11,10,11,10,11,11,11,11,11,11,10,12,10,12,9,13,7,13,5,14,2,14,1,14,63,14,60,14,57,13,55,12,54,12,52,12,52,11,51,11,52,11,52,10,52,10,52,9,51,8,51,8,50,7,51,7,51,6,51,6,52,5,53,5,54,4,54,4,55,4,55,4,55,3,56,3,57,2,60,2,63,2,63,2,0,2,1,2,3,2,4,2,5,3,6,3,7,4,7,4,8,4,8,5,9,5,9.0,6.0,9.0,6.0,9.0,7.0,9.0,8.0,10.0,8.0,10.0,8.0,9.0,8.0,9.0,9.0,9.0,9.0,8.0,11.0,10.0,11.0,7.0,11.0,7.0,11.0,5.0,11.0,3.0,12.0,2.0,12.0,2.0,13.0,2.0,13.0,0.0,13.0,62.0,13.0,59.0,12.0,58.0,12.0,56.0,12.0,56.0,12.0,56.0,12.0,56.0,11.0,56.0,11.0,55.0,10.0,54.0,10.0,53.0,9.0,52.0,9.0,51.0,9.0,52.0,9.0,52.0,9.0,53.0,8.0,52.0,7.0,52.0,7.0,53.0,6.0,54.0,5.0,55.0,5.0,56.0,5.0,55.0,5.0,54.0,4.0,54.0,4.0,55.0,3.0,57.0,3.0,58.0,3.0,59.0,3.0,60.0,3.0,62.0,2.0,63.0,2.0,0.0,2.0,3.0,2.0,4.0,3.0,6.0,3.0,7.0,4.0,7.0,4.0,7.0,4.0,8.0,4.0,8.0,5.0,9.0,5.0,9.0,6.0,8.0,6.0,9.0,7.0,9.0,7.0,10.0,7.0,9.0,7.0,9.0,8.0,10.0,9.0,11.0,9.0,11.0,9.0,9.0,10.0,8.0,10.0,9.0,10.0,9.0,10.0,8.0,11.0,6.0,11.0,5.0,12.0,5.0,12.0,5.0,12.0,4.0,13.0,2.0,13.0,63.0,13.0,61.0,13.0,60.0,13.0,58.0,13.0,59.0,13.0,58.0,13.0,58.0,12.0,56.0,12.0,54.0,11.0,53.0,11.0,52.0,11.0,51.0,11.0,51.0,11.0,51.0,10.0,51.0,9.0,51.0,9.0,51.0,8.0,51.0,7.0,51.0,7.0,51.0,7.0,52.0,6.0,51.0,6.0,51.0,6.0,50.0,5.0,50.0,4.0,50.0,3.0,51.0,3.0,52.0,2.0,53.0,2.0,54.0,2.0,54.0,1.0,56.0,1.0,63.0,0.0,7.0,1.0,8.0,1.0,9.0,2.0,9.0,2.0,9.0,3.0,11.0,3.0,12.0,4.0,13.0,4.0,13.0,5.0,13.0,5.0,12.0,6.0
1759560708.448774000,00:03:7f:25:14:25,00:03:7f:25:14:25,3a:c8:97:94:99:7a,3a:c8:97:94:99:7a,59,13,56,13,57,13,53,13,54,13,52,13,48,12,48,11,49,12,46,10,47,11,46,10,44,10,45,9,47,9,45,8,44,8,43,8,43,6,41,7,41,6,40,6,40,5,39,5,39,5,37,5,34,5,35,5,36,5,34,6,32,6,33,6,32,7,32,7,32,7,33,8,35,8,35,8,35,9,35,9,38,8,38,8,39,8,39,8,39,8,39,7,41,7,41,6,40,6,41,6,39,5,40,4,38,4,38,4,37,3,36,3,35,3,31,2,29,2,28,3,28,3,26,3,26,3,25,4,25,4,23,4,24,5,24,6,21,5,23,6,21,7,23,7,22,8,22,9,21,9,22,10,23,10,23,11,24,11,25,11,24,11,26,13,27,13,29,13,30,13,33,13,35,13,38,13,39,12,39,12,41,11,42,11,43,11,42,10,42,10,43,10,42,9,41,9,44,8,43,8,44,7,44,7,43,7,44,6,43,5,43,5,45,5,43,3,46.0,3.0,43.0,3.0,44.0,2.0,42.0,2.0,43.0,1.0,41.0,1.0,43.0,0.0,28.0,1.0,24.0,0.0,18.0,3.0,17.0,2.0,15.0,3.0,18.0,5.0,17.0,5.0,17.0,6.0,15.0,6.0,16.0,6.0,16.0,7.0,16.0,7.0,15.0,8.0,12.0,9.0,17.0,9.0,13.0,9.0,13.0,10.0,12.0,10.0,12.0,11.0,12.0,11.0,13.0,12.0,9.0,12.0,8.0,12.0,5.0,12.0,5.0,13.0,0.0,13.0,1.0,12.0,1.0,11.0,60.0,12.0,0.0,11.0,60.0,11.0,63.0,10.0,0.0,9.0,61.0,10.0,62.0,9.0,60.0,11.0,61.0,10.0,60.0,9.0,59.0,11.0,55.0,11.0,55.0,11.0,59.0,9.0,56.0,11.0,49.0,11.0,50.0,10.0,50.0,9.0,49.0,11.0,50.0,6.0,48.0,7.0,47.0,8.0,47.0,6.0,43.0,10.0,43.0,6.0,40.0,7.0,37.0,7.0,39.0,7.0,38.0,6.0,38.0,5.0,40.0,5.0,40.0,4.0,35.0,6.0,34.0,6.0,39.0,3.0,34.0,5.0,36.0,6.0,30.0,6.0,33.0,5.0,33.0,4.0,31.0,5.0,29.0,6.0,30.0,5.0,28.0,6.0,28.0,6.0,28.0,6.0,28.0,7.0,27.0,7.0,26.0,7.0,26.0,8.0,27.0,7.0,27.0,8.0,29.0,8.0,27.0,8.0,26.0,8.0,27.0,9.0,25.0,9.0,25.0,9.0,23.0,10.0,25.0,10.0,26.0,10.0,25.0,10.0,25.0,10.0,25.0,10.0,27.0,11.0,27.0,11.0,28.0,11.0,28.0,11.0,29.0,10.0,29.0,11.0,29.0,11.0,29.0,10.0,29.0,10.0,30.0,10.0,29.0,10.0,32.0,10.0,32.0,10.0,31.0,9.0,31.0,9.0,34.0,9.0,33.0,9.0,33.0,8.0,33.0,8.0,34.0,9.0,32.0,8.0,33.0,8.0,35.0,7.0,33.0,7.0,33.0,7.0,34.0,7.0,33.0,7.0
1759560708.846626000,00:03:7f:25:14:25,00:03:7f:25:14:25,3a:c8:97:94:99:7a,3a:c8:97:94:99:7a,35,15,39,14,39,14,38,14,42,13,44,13,40,12,43,11,40,11,41,10,41,11,42,9,40,9,42,8,43,8,41,7,42,7,41,7,40,6,39,7,39,5,37,6,38,5,36,5,37,5,36,5,33,6,35,6,35,6,34,7,33,7,35,7,33,8,35,9,36,9,37,9,40,9,40,9,40,9,41,9,43,8,43,8,43,7,44,7,43,7,43,6,44,5,44,5,43,5,44,4,41,3,41,3,39,2,38,2,36,2,34,1,30,1,26,2,24,2,23,2,23,3,22,3,22,3,23,4,22,4,21,5,23,6,22,7,20,6,22,7,20,8,22,8,21,9,21,9,21,10,22,10,23,10,24,11,25,11,25,11,25,11,27,12,28,13,30,13,31,12,33,12,35,12,37,12,39,12,38,12,40,11,40,10,41,11,41,10,40,10,41,9,40,9,39,9,42,8,41,8,42,7,41,7,40,7,40,6,39,5,39,6,41,5,39,4,39.0,4.0,37.0,4.0,36.0,4.0,35.0,4.0,34.0,4.0,34.0,4.0,33.0,3.0,31.0,5.0,31.0,3.0,28.0,5.0,28.0,5.0,25.0,5.0,27.0,7.0,26.0,7.0,26.0,8.0,25.0,7.0,26.0,7.0,26.0,8.0,26.0,8.0,27.0,8.0,24.0,9.0,27.0,9.0,27.0,9.0,25.0,10.0,25.0,10.0,27.0,11.0,27.0,10.0,28.0,11.0,28.0,11.0,29.0,11.0,30.0,11.0,23.0,13.0,36.0,12.0,33.0,13.0,26.0,14.0,36.0,13.0,36.0,11.0,34.0,12.0,37.0,10.0,39.0,7.0,34.0,10.0,38.0,5.0,34.0,8.0,36.0,8.0,37.0,6.0,33.0,7.0,33.0,7.0,30.0,7.0,31.0,5.0,31.0,7.0,30.0,6.0,31.0,6.0,32.0,6.0,31.0,6.0,29.0,6.0,29.0,6.0,33.0,7.0,28.0,6.0,28.0,7.0,31.0,6.0,28.0,6.0,27.0,7.0,29.0,7.0,28.0,7.0,28.0,7.0,29.0,7.0,29.0,7.0,27.0,7.0,27.0,8.0,31.0,7.0,28.0,8.0,28.0,8.0,26.0,8.0,28.0,8.0,29.0,8.0,28.0,8.0,27.0,8.0,28.0,9.0,27.0,9.0,27.0,9.0,28.0,9.0,30.0,10.0,29.0,9.0,28.0,9.0,29.0,10.0,30.0,10.0,31.0,10.0,34.0,10.0,32.0,10.0,32.0,10.0,33.0,10.0,32.0,10.0,32.0,10.0,29.0,10.0,32.0,10.0,33.0,10.0,33.0,10.0,32.0,9.0,33.0,9.0,34.0,9.0,34.0,9.0,34.0,8.0,34.0,9.0,35.0,7.0,33.0,9.0,33.0,8.0,33.0,7.0,32.0,7.0,31.0,7.0,30.0,7.0,32.0,6.0,32.0,6.0,30.0,6.0,30.0,6.0,31.0,6.0,30.0,6.0,30.0,6.0,29.0,6.0,29.0,7.0,27.0,6.0,27.0,7.0,29.0,6.0,28.0,6.0,27.0,7.0,29.0,7.0,27.0,7.0
1759560708.859932000,00:03:7f:25:14:25,00:03:7f:25:14:25,0a:f5:a5:94:4b:df,0a:f5:a5:94:4b:df,7,13,4,14,2,14,1,14,63,14,60,14,58,14,56,13,54,12,53,12,53,12,53,11,53,11,53,11,53,10,53,10,53,9,52,8,52,8,52,8,51,8,51,7,52,6,52,6,52,5,52,5,52,5,52,5,53,4,53,4,53,3,54,2,56,2,58,2,60,2,62,2,63,2,1,2,4,2,7,2,9,2,10,3,10,3,9,4,9,4,9,4,11,5,12,6,12,6,12,7,12,7,12,7,12,8,12,8,11,9,11,9,11,10,11,11,11,11,11,11,11,12,10,12,9,12,8,13,6,14,5,14,3,14,1,14,61,14,58,13,56,13,54,12,52,12,51,12,51,11,51,11,52,11,52,10,52,9,51,9,51,8,50,8,50,7,50,7,51,6,51,5,52,5,53,4,54,4,54,4,54,3,54,3,54,2,56,2,59,2,62,2,63,2,63,2,1,2,3,2,5,2,6,2,7,3,7,4,8,4,9,4,9,5,10,5,9.0,6.0,10.0,7.0,10.0,7.0,10.0,8.0,10.0,8.0,10.0,8.0,9.0,8.0,9.0,9.0,10.0,9.0,8.0,11.0,10.0,11.0,7.0,11.0,7.0,11.0,5.0,12.0,3.0,12.0,1.0,13.0,1.0,13.0,1.0,13.0,63.0,13.0,61.0,13.0,59.0,12.0,57.0,12.0,56.0,12.0,56.0,12.0,56.0,12.0,55.0,11.0,56.0,11.0,55.0,10.0,54.0,9.0,53.0,9.0,52.0,9.0,51.0,9.0,52.0,9.0,52.0,8.0,53.0,8.0,52.0,7.0,52.0,7.0,53.0,6.0,54.0,5.0,55.0,5.0,56.0,5.0,55.0,5.0,55.0,4.0,55.0,4.0,56.0,3.0,58.0,3.0,58.0,3.0,59.0,3.0,60.0,3.0,62.0,2.0,63.0,2.0,0.0,2.0,2.0,2.0,4.0,3.0,5.0,4.0,7.0,4.0,6.0,4.0,6.0,4.0,7.0,4.0,8.0,5.0,9.0,5.0,8.0,6.0,8.0,6.0,9.0,7.0,9.0,7.0,9.0,7.0,9.0,7.0,9.0,8.0,10.0,8.0,11.0,9.0,11.0,9.0,9.0,10.0,8.0,10.0,9.0,10.0,9.0,10.0,8.0,10.0,6.0,11.0,5.0,12.0,5.0,12.0,6.0,12.0,5.0,13.0,2.0,13.0,63.0,13.0,62.0,13.0,60.0,13.0,59.0,13.0,59.0,13.0,59.0,13.0,58.0,12.0,56.0,12.0,54.0,11.0,53.0,11.0,52.0,11.0,50.0,11.0,50.0,11.0,50.0,10.0,50.0,10.0,50.0,9.0,50.0,8.0,51.0,7.0,51.0,7.0,51.0,6.0,51.0,6.0,50.0,6.0,50.0,5.0,50.0,5.0,50.0,4.0,50.0,3.0,50.0,2.0,51.0,2.0,53.0,2.0,54.0,1.0,55.0,1.0,58.0,0.0,3.0,0.0,8.0,1.0,10.0,1.0,10.0,2.0,10.0,2.0,10.0,3.0,11.0,3.0,12.0,4.0,13.0,4.0,14.0,5.0,13.0,5.0,12.0,6.0
1759560709.668898000,00:03:7f:25:14:25,00:03:7f:25:14:25,3a:c8:97:94:99:7a,3a:c8:97:94:99:7a,0,12,61,13,62,13,59,13,58,12,57,13,55,13,52,12,53,12,50,11,51,11,52,10,49,10,50,9,51,9,49,8,49,8,47,8,48,7,47,7,47,6,46,6,47,5,45,5,46,5,45,5,41,6,43,5,43,6,44,8,41,8,43,9,41,9,44,10,44,9,44,9,46,9,46,9,45,9,45,8,47,7,46,7,46,6,47,6,45,6,46,5,47,4,47,4,45,3,47,3,44,2,44,1,42,1,39,1,33,0,25,0,20,1,17,2,17,2,17,3,18,3,17,4,19,4,19,5,19,5,17,6,19,6,18,7,16,7,19,8,17,9,19,9,18,10,18,11,18,11,18,11,20,12,19,13,21,13,22,14,21,14,28,14,34,15,38,15,39,14,42,14,44,13,45,12,46,12,45,12,45,11,46,10,47,10,46,9,45,9,46,8,45,8,43,8,46,7,45,6,46,6,46,6,44,5,45,5,43,3,44,3,45,3,45,2,45.0,1.0,42.0,1.0,39.0,0.0,25.0,0.0,22.0,0.0,23.0,1.0,18.0,1.0,20.0,2.0,18.0,2.0,17.0,5.0,19.0,5.0,17.0,5.0,18.0,7.0,17.0,7.0,17.0,8.0,16.0,8.0,17.0,8.0,18.0,9.0,17.0,9.0,17.0,11.0,16.0,11.0,19.0,11.0,17.0,12.0,17.0,12.0,17.0,13.0,16.0,13.0,19.0,14.0,20.0,14.0,15.0,15.0,18.0,15.0,54.0,15.0,36.0,15.0,47.0,14.0,48.0,14.0,53.0,14.0,48.0,13.0,50.0,13.0,47.0,13.0,49.0,12.0,50.0,11.0,47.0,11.0,48.0,10.0,46.0,10.0,46.0,10.0,46.0,9.0,44.0,8.0,43.0,8.0,42.0,7.0,43.0,6.0,42.0,7.0,41.0,6.0,41.0,6.0,41.0,5.0,40.0,5.0,38.0,3.0,39.0,3.0,41.0,4.0,36.0,3.0,35.0,4.0,36.0,3.0,34.0,3.0,29.0,3.0,31.0,3.0,30.0,3.0,28.0,3.0,28.0,3.0,28.0,3.0,25.0,4.0,25.0,5.0,28.0,4.0,25.0,5.0,25.0,5.0,23.0,6.0,24.0,6.0,24.0,6.0,23.0,7.0,22.0,7.0,23.0,7.0,22.0,8.0,22.0,8.0,24.0,9.0,25.0,10.0,24.0,9.0,24.0,10.0,24.0,10.0,26.0,11.0,26.0,11.0,29.0,11.0,28.0,11.0,29.0,11.0,30.0,12.0,29.0,12.0,30.0,12.0,28.0,12.0,32.0,12.0,34.0,12.0,34.0,12.0,34.0,12.0,34.0,11.0,37.0,11.0,37.0,11.0,38.0,10.0,37.0,10.0,39.0,9.0,38.0,10.0,38.0,9.0,38.0,8.0,37.0,8.0,36.0,7.0,35.0,7.0,38.0,6.0,37.0,6.0,35.0,6.0,35.0,5.0,36.0,4.0,35.0,5.0,33.0,4.0,32.0,4.0,32.0,4.0,28.0,3.0,29.0,4.0,29.0,4.0,27.0,4.0,26.0,4.0,27.0,5.0,24.0,5.0
1759560709.960492000,00:03:7f:25:14:25,00:03:7f:25:14:25,0a:f5:a5:94:4b:df,0a:f5:a5:94:4b:df,7,13,4,14,1,14,63,14,61,14,57,14,55,14,54,13,53,12,53,12,52,11,52,11,52,11,52,11,53,10,53,9,52,9,51,8,51,8,51,7,51,7,51,7,51,6,52,5,52,5,52,4,52,4,53,4,53,4,54,3,54,3,55,2,58,2,60,2,62,2,63,2,1,2,3,2,5,2,8,2,9,3,10,3,10,4,9,4,9,4,9,5,11,5,12,6,12,7,11,7,12,7,12,8,12,8,12,8,11,9,11,10,10,10,10,11,10,11,10,11,10,12,9,12,8,13,7,13,5,14,3,14,2,14,0,14,61,14,58,13,56,12,55,12,53,12,52,12,52,11,52,11,52,10,52,10,52,9,52,9,51,8,50,8,51,7,51,7,51,6,52,6,53,5,54,4,54,4,54,4,55,4,55,3,55,3,56,2,59,2,62,2,62,2,63,2,0,2,2,2,4,2,5,3,6,3,7,4,7,4,8,4,8,5,9,5,9.0,6.0,9.0,6.0,9.0,7.0,9.0,8.0,10.0,8.0,10.0,8.0,9.0,8.0,9.0,9.0,9.0,9.0,8.0,11.0,10.0,11.0,7.0,11.0,7.0,11.0,5.0,12.0,3.0,12.0,2.0,12.0,2.0,13.0,2.0,13.0,0.0,13.0,62.0,13.0,60.0,12.0,58.0,12.0,57.0,12.0,56.0,12.0,56.0,12.0,56.0,11.0,56.0,11.0,55.0,11.0,54.0,10.0,53.0,9.0,52.0,9.0,51.0,9.0,52.0,9.0,52.0,9.0,53.0,8.0,52.0,7.0,52.0,7.0,53.0,6.0,54.0,6.0,54.0,5.0,55.0,5.0,55.0,5.0,54.0,4.0,54.0,4.0,54.0,3.0,56.0,3.0,57.0,3.0,58.0,3.0,60.0,3.0,61.0,2.0,62.0,2.0,0.0,2.0,2.0,2.0,4.0,3.0,6.0,3.0,7.0,3.0,7.0,3.0,7.0,4.0,8.0,4.0,8.0,5.0,9.0,5.0,9.0,6.0,9.0,6.0,9.0,6.0,10.0,7.0,10.0,7.0,9.0,7.0,10.0,8.0,10.0,8.0,11.0,9.0,11.0,9.0,10.0,10.0,9.0,10.0,9.0,10.0,9.0,10.0,9.0,11.0,7.0,11.0,6.0,12.0,6.0,12.0,6.0,12.0,5.0,13.0,3.0,13.0,63.0,13.0,61.0,13.0,60.0,13.0,59.0,14.0,58.0,13.0,58.0,13.0,57.0,12.0,55.0,12.0,53.0,12.0,52.0,11.0,51.0,11.0,50.0,11.0,50.0,11.0,50.0,10.0,50.0,10.0,50.0,9.0,50.0,8.0,50.0,8.0,50.0,7.0,50.0,6.0,51.0,6.0,50.0,6.0,50.0,6.0,49.0,5.0,49.0,4.0,49.0,3.0,49.0,2.0,50.0,2.0,52.0,2.0,52.0,1.0,53.0,1.0,55.0,0.0,4.0,0.0,10.0,1.0,11.0,1.0,10.0,2.0,10.0,2.0,11.0,3.0,12.0,3.0,13.0,4.0,14.0,4.0,14.0,5.0,14.0,5.0,13.0,6.0
1759560710.348908000,00:03:7f:25:14:25,00:03:7f:25:14:25,3a:c8:97:94:99:7a,3a:c8:97:94:99:7a,32,10,31,10,30,9,29,10,29,10,30,11,30,10,32,10,31,9,32,10,31,11,33,10,31,10,34,10,35,10,34,10,35,10,34,10,35,10,36,10,36,10,36,10,37,10,37,10,38,9,39,9,37,10,39,10,40,9,40,10,40,9,41,9,40,9,42,9,42,9,42,9,45,9,45,8,44,8,44,8,46,7,45,7,46,6,46,7,45,6,45,5,47,5,47,5,46,4,47,4,45,3,46,2,44,2,45,1,44,1,43,0,35,0,21,0,20,1,18,1,19,2,17,2,19,2,20,3,19,3,18,4,20,5,18,6,16,6,19,6,17,7,19,7,18,8,18,9,18,9,19,10,19,10,19,11,20,11,20,12,19,12,20,13,20,14,23,14,25,14,29,14,34,14,40,14,41,14,43,14,44,13,44,12,46,12,44,12,44,11,45,11,44,11,43,10,46,10,45,9,46,9,46,9,44,8,44,8,44,6,44,7,46,6,45,5,46.0,5.0,44.0,5.0,45.0,5.0,44.0,4.0,43.0,3.0,45.0,3.0,41.0,3.0,40.0,3.0,40.0,2.0,30.0,3.0,32.0,2.0,28.0,3.0,27.0,4.0,26.0,4.0,27.0,5.0,25.0,5.0,26.0,6.0,26.0,6.0,26.0,6.0,26.0,7.0,23.0,7.0,26.0,8.0,25.0,8.0,24.0,9.0,24.0,9.0,26.0,10.0,26.0,9.0,26.0,10.0,25.0,11.0,27.0,11.0,30.0,11.0,22.0,13.0,36.0,12.0,36.0,13.0,31.0,14.0,38.0,13.0,40.0,11.0,37.0,12.0,41.0,10.0,41.0,8.0,41.0,10.0,42.0,6.0,38.0,8.0,41.0,8.0,41.0,7.0,38.0,8.0,37.0,7.0,36.0,7.0,38.0,5.0,36.0,6.0,35.0,5.0,37.0,5.0,37.0,5.0,36.0,5.0,33.0,4.0,34.0,4.0,37.0,5.0,32.0,3.0,32.0,5.0,33.0,4.0,31.0,4.0,28.0,4.0,30.0,4.0,28.0,4.0,29.0,4.0,28.0,4.0,28.0,4.0,25.0,5.0,25.0,6.0,28.0,4.0,26.0,5.0,25.0,6.0,24.0,6.0,25.0,6.0,25.0,6.0,24.0,7.0,23.0,7.0,24.0,7.0,23.0,8.0,23.0,8.0,24.0,8.0,25.0,9.0,24.0,8.0,23.0,9.0,24.0,10.0,25.0,10.0,25.0,10.0,28.0,10.0,27.0,11.0,27.0,10.0,27.0,11.0,25.0,11.0,26.0,11.0,25.0,12.0,28.0,12.0,29.0,12.0,29.0,12.0,29.0,12.0,30.0,12.0,33.0,12.0,33.0,12.0,34.0,11.0,34.0,12.0,36.0,11.0,36.0,12.0,36.0,11.0,36.0,10.0,35.0,10.0,35.0,10.0,35.0,9.0,37.0,9.0,37.0,9.0,35.0,8.0,36.0,8.0,37.0,7.0,36.0,8.0,36.0,6.0,36.0,7.0,36.0,7.0,35.0,6.0,34.0,6.0,36.0,6.0,34.0,6.0,33.0,6.0,35.0,6.0,33.0,6.0
1759560710.810994000,00:03:7f:25:14:25,00:03:7f:25:14:25,3a:c8:97:94:99:7a,3a:c8:97:94:99:7a,30,12,32,12,32,11,31,11,31,12,32,12,32,10,36,11,34,10,34,10,33,10,36,10,33,10,36,9,36,10,36,9,36,9,35,9,35,8,36,9,35,8,36,8,36,8,35,8,36,8,37,7,34,8,35,8,36,8,35,8,35,8,36,8,35,8,36,8,36,8,36,8,38,8,38,8,37,8,38,8,40,7,40,7,40,7,40,7,40,7,40,6,41,6,41,5,40,5,41,5,39,4,40,4,38,3,38,3,37,3,36,3,34,3,31,2,29,3,28,3,28,3,26,3,27,3,26,4,26,4,24,4,25,5,24,6,21,5,24,6,22,7,23,7,22,8,22,8,22,8,23,9,23,9,23,10,24,10,24,10,24,10,25,11,25,12,27,12,27,12,29,12,31,12,33,12,35,12,34,12,36,12,37,12,39,12,39,11,38,11,40,11,39,11,38,10,41,10,41,9,41,9,41,9,40,9,40,8,40,7,40,7,43,7,41,6,42.0,6.0,39.0,6.0,41.0,5.0,40.0,5.0,39.0,5.0,40.0,5.0,39.0,4.0,37.0,5.0,39.0,3.0,33.0,3.0,34.0,3.0,31.0,4.0,30.0,4.0,29.0,4.0,28.0,4.0,27.0,4.0,28.0,4.0,27.0,5.0,26.0,5.0,26.0,6.0,23.0,5.0,25.0,6.0,25.0,6.0,24.0,7.0,24.0,7.0,25.0,8.0,24.0,8.0,24.0,8.0,23.0,9.0,23.0,9.0,23.0,9.0,20.0,10.0,25.0,10.0,23.0,11.0,20.0,11.0,22.0,11.0,23.0,11.0,22.0,12.0,25.0,12.0,27.0,11.0,24.0,12.0,28.0,11.0,29.0,12.0,29.0,12.0,30.0,12.0,32.0,12.0,32.0,11.0,32.0,12.0,33.0,11.0,34.0,11.0,33.0,10.0,35.0,10.0,35.0,9.0,35.0,10.0,35.0,9.0,36.0,9.0,39.0,9.0,35.0,8.0,35.0,9.0,37.0,8.0,35.0,8.0,33.0,8.0,35.0,8.0,35.0,7.0,35.0,7.0,36.0,7.0,37.0,6.0,33.0,7.0,33.0,7.0,37.0,6.0,34.0,7.0,34.0,7.0,31.0,7.0,33.0,6.0,34.0,5.0,32.0,6.0,31.0,7.0,32.0,6.0,30.0,7.0,29.0,7.0,30.0,6.0,31.0,7.0,30.0,6.0,29.0,7.0,29.0,7.0,30.0,7.0,30.0,8.0,32.0,8.0,29.0,8.0,29.0,8.0,29.0,8.0,28.0,8.0,28.0,8.0,25.0,9.0,28.0,9.0,28.0,9.0,27.0,9.0,26.0,9.0,27.0,9.0,28.0,9.0,29.0,9.0,29.0,9.0,28.0,10.0,29.0,9.0,28.0,10.0,29.0,10.0,29.0,9.0,28.0,10.0,28.0,10.0,28.0,9.0,30.0,9.0,30.0,9.0,29.0,9.0,29.0,9.0,31.0,8.0,30.0,9.0,31.0,8.0,31.0,9.0,31.0,9.0,31.0,8.0,31.0,9.0,33.0,8.0,32.0,8.0,31.0,8.0,33.0,8.0,32.0,8.0
1759560711.269440000,00:03:7f:25:14:25,00:03:7f:25:14:25,3a:c8:97:94:99:7a,3a:c8:97:94:99:7a,28,11,29,11,28,11,28,11,29,11,29,12,30,11,33,12,32,11,33,11,33,11,35,11,32,11,35,11,37,11,36,10,37,10,36,10,36,10,38,10,38,9,38,9,38,9,38,9,39,8,39,8,37,8,39,8,40,8,38,8,38,7,39,7,38,7,39,7,39,6,39,6,40,6,40,6,39,6,39,6,41,6,41,6,40,5,41,5,40,5,40,5,41,5,41,4,40,4,41,4,39,4,40,3,38,3,37,3,36,3,35,2,33,2,29,2,28,2,28,3,28,2,26,3,26,3,26,4,25,4,23,4,25,5,24,6,22,5,23,6,22,7,23,7,22,8,22,8,22,8,23,9,23,9,23,10,24,10,24,10,24,10,25,11,25,12,27,12,27,12,29,12,31,12,33,12,34,12,35,12,36,12,37,12,39,12,39,11,39,11,40,10,39,10,38,10,41,10,41,9,41,9,41,9,40,8,40,8,40,7,40,7,42,7,40,6,41.0,6.0,39.0,5.0,40.0,5.0,39.0,5.0,38.0,5.0,40.0,4.0,38.0,4.0,36.0,4.0,37.0,4.0,32.0,4.0,33.0,3.0,30.0,3.0,29.0,4.0,28.0,4.0,27.0,5.0,25.0,5.0,27.0,5.0,26.0,5.0,26.0,5.0,25.0,6.0,24.0,6.0,25.0,7.0,25.0,7.0,24.0,7.0,24.0,8.0,25.0,9.0,25.0,9.0,26.0,9.0,24.0,9.0,24.0,10.0,25.0,10.0,23.0,11.0,28.0,11.0,26.0,11.0,25.0,11.0,26.0,12.0,29.0,11.0,28.0,12.0,31.0,12.0,33.0,11.0,32.0,12.0,35.0,11.0,34.0,11.0,35.0,11.0,36.0,11.0,36.0,10.0,36.0,10.0,35.0,10.0,36.0,9.0,36.0,9.0,35.0,9.0,36.0,8.0,37.0,8.0,37.0,8.0,36.0,7.0,37.0,7.0,39.0,7.0,36.0,6.0,35.0,7.0,37.0,6.0,35.0,6.0,33.0,6.0,34.0,6.0,33.0,5.0,34.0,5.0,34.0,5.0,34.0,5.0,31.0,5.0,31.0,6.0,34.0,4.0,31.0,5.0,31.0,5.0,28.0,6.0,30.0,5.0,30.0,5.0,28.0,6.0,27.0,6.0,28.0,6.0,27.0,6.0,26.0,7.0,27.0,6.0,27.0,7.0,27.0,7.0,26.0,8.0,26.0,8.0,27.0,8.0,27.0,8.0,30.0,9.0,28.0,9.0,28.0,9.0,28.0,10.0,26.0,9.0,27.0,10.0,25.0,10.0,28.0,10.0,28.0,10.0,27.0,11.0,27.0,11.0,28.0,10.0,29.0,11.0,30.0,11.0,31.0,11.0,31.0,11.0,32.0,10.0,31.0,12.0,32.0,11.0,33.0,11.0,32.0,11.0,32.0,10.0,32.0,10.0,34.0,10.0,34.0,10.0,32.0,10.0,33.0,10.0,35.0,9.0,34.0,9.0,35.0,8.0,35.0,8.0,35.0,9.0,34.0,8.0,34.0,9.0,36.0,8.0,34.0,8.0,34.0,7.0,35.0,7.0,34.0,7.0
1759560711.520691000,00:03:7f:25:14:25,00:03:7f:25:14:25,0a:f5:a5:94:4b:df,0a:f5:a5:94:4b:df,7,13,3,14,1,14,63,14,60,14,56,14,55,14,53,13,52,12,52,12,52,11,51,11,51,11,52,11,52,10,53,9,52,9,51,8,51,8,51,7,51,7,51,6,51,6,52,5,52,5,52,4,52,4,52,4,53,4,53,3,54,2,55,2,57,2,60,1,62,2,0,2,1,2,3,1,6,2,9,2,10,3,11,3,11,3,10,4,10,4,10,5,12,6,12,6,12,7,12,7,12,8,13,8,13,8,12,9,11,9,11,10,11,10,11,11,11,11,11,12,10,12,10,12,9,13,7,14,5,14,2,14,0,14,62,14,59,14,56,13,54,12,53,12,52,12,51,11,50,11,51,11,51,10,51,10,51,9,51,8,50,8,50,7,50,7,50,6,50,6,51,5,52,4,53,4,54,4,54,3,55,3,55,3,56,2,58,2,62,1,0,2,0,2,1,2,2,2,4,2,5,2,6,3,8,3,8,4,8,4,8,5,9,5,10,6,9.0,6.0,9.0,7.0,9.0,8.0,10.0,8.0,10.0,8.0,10.0,8.0,9.0,8.0,9.0,9.0,9.0,10.0,7.0,11.0,9.0,11.0,7.0,11.0,6.0,11.0,4.0,12.0,2.0,12.0,1.0,12.0,0.0,13.0,1.0,13.0,63.0,13.0,61.0,12.0,59.0,12.0,57.0,12.0,56.0,12.0,56.0,12.0,56.0,11.0,56.0,11.0,56.0,11.0,55.0,10.0,54.0,9.0,53.0,9.0,52.0,9.0,52.0,9.0,52.0,9.0,53.0,8.0,53.0,8.0,52.0,7.0,52.0,7.0,53.0,6.0,54.0,5.0,55.0,5.0,56.0,5.0,55.0,5.0,55.0,4.0,55.0,4.0,55.0,3.0,57.0,3.0,58.0,3.0,59.0,3.0,60.0,3.0,62.0,2.0,63.0,2.0,0.0,2.0,3.0,2.0,5.0,3.0,6.0,3.0,7.0,3.0,7.0,4.0,7.0,4.0,8.0,4.0,8.0,5.0,9.0,5.0,9.0,6.0,9.0,7.0,9.0,7.0,9.0,7.0,10.0,7.0,9.0,8.0,10.0,8.0,10.0,9.0,11.0,9.0,11.0,9.0,10.0,10.0,9.0,10.0,9.0,10.0,9.0,10.0,8.0,11.0,6.0,12.0,5.0,12.0,5.0,12.0,5.0,12.0,4.0,13.0,1.0,13.0,61.0,13.0,59.0,13.0,58.0,13.0,57.0,13.0,57.0,13.0,57.0,13.0,57.0,12.0,55.0,12.0,53.0,11.0,52.0,11.0,51.0,11.0,50.0,11.0,50.0,10.0,50.0,10.0,50.0,9.0,50.0,9.0,50.0,8.0,51.0,7.0,51.0,6.0,51.0,6.0,51.0,6.0,51.0,6.0,51.0,5.0,50.0,4.0,50.0,4.0,50.0,3.0,51.0,2.0,53.0,2.0,55.0,1.0,56.0,1.0,57.0,1.0,62.0,0.0,4.0,1.0,9.0,1.0,10.0,2.0,10.0,2.0,10.0,3.0,10.0,3.0,11.0,4.0,12.0,4.0,13.0,5.0,13.0,5.0,13.0,6.0,12.0,6.0
1759560711.843268000,00:03:7f:25:14:25,00:03:7f:25:14:25,3a:c8:97:94:99:7a,3a:c8:97:94:99:7a,42,11,41,10,41,10,41,10,41,9,42,10,40,9,42,8,41,7,40,7,40,8,41,7,38,7,40,6,41,6,39,6,39,6,37,6,37,5,36,6,35,5,34,5,35,5,34,5,34,5,33,5,31,5,31,5,33,5,31,6,30,6,31,6,31,6,31,6,30,7,30,7,33,7,33,7,32,7,32,7,34,7,34,8,34,8,35,8,35,8,35,7,38,7,38,7,37,7,39,7,37,6,39,6,37,5,37,5,37,5,37,5,36,5,34,4,33,4,33,4,34,4,32,4,33,4,31,4,31,4,29,4,30,4,30,5,26,4,28,5,25,5,27,5,26,6,25,6,25,7,25,7,26,7,25,8,26,7,26,8,25,8,25,9,24,10,26,10,26,10,27,10,28,10,29,10,30,10,28,11,31,11,32,11,33,11,33,11,33,11,34,11,33,11,34,11,37,11,37,10,38,10,37,10,37,10,38,10,38,9,38,9,41,9,39,8,41.0,8.0,38.0,8.0,40.0,8.0,39.0,7.0,39.0,7.0,41.0,7.0,40.0,6.0,39.0,7.0,41.0,5.0,37.0,4.0,40.0,5.0,38.0,5.0,35.0,5.0,35.0,5.0,34.0,5.0,33.0,4.0,35.0,4.0,33.0,4.0,32.0,4.0,32.0,4.0,30.0,3.0,30.0,4.0,30.0,4.0,28.0,4.0,27.0,4.0,27.0,5.0,26.0,5.0,25.0,5.0,24.0,5.0,24.0,5.0,24.0,5.0,19.0,7.0,24.0,7.0,21.0,7.0,19.0,7.0,19.0,8.0,20.0,7.0,19.0,8.0,21.0,8.0,23.0,7.0,18.0,9.0,22.0,8.0,22.0,9.0,21.0,10.0,21.0,9.0,22.0,10.0,23.0,10.0,21.0,11.0,22.0,10.0,24.0,11.0,25.0,10.0,26.0,10.0,26.0,10.0,26.0,11.0,27.0,11.0,28.0,11.0,32.0,11.0,28.0,11.0,29.0,12.0,33.0,10.0,30.0,11.0,29.0,11.0,32.0,11.0,32.0,11.0,34.0,10.0,36.0,10.0,36.0,10.0,34.0,10.0,34.0,10.0,40.0,9.0,36.0,10.0,37.0,10.0,34.0,9.0,37.0,9.0,38.0,8.0,37.0,8.0,35.0,9.0,36.0,8.0,35.0,8.0,35.0,8.0,35.0,7.0,36.0,7.0,36.0,6.0,34.0,7.0,34.0,7.0,35.0,7.0,34.0,7.0,36.0,7.0,34.0,6.0,32.0,6.0,32.0,6.0,31.0,6.0,30.0,6.0,27.0,7.0,29.0,7.0,29.0,7.0,28.0,7.0,27.0,7.0,27.0,6.0,28.0,7.0,28.0,7.0,28.0,7.0,26.0,8.0,28.0,7.0,26.0,9.0,26.0,8.0,26.0,8.0,25.0,9.0,24.0,9.0,24.0,9.0,26.0,9.0,26.0,9.0,25.0,9.0,25.0,9.0,27.0,9.0,27.0,9.0,27.0,9.0,27.0,10.0,28.0,10.0,27.0,10.0,29.0,10.0,31.0,10.0,30.0,10.0,30.0,10.0,32.0,10.0,32.0,10.0
1759560712.292133000,00:03:7f:25:14:25,00:03:7f:25:14:25,3a:c8:97:94:99:7a,3a:c8:97:94:99:7a,46,9,44,9,45,8,44,8,44,7,44,8,43,6,43,6,43,5,42,5,42,5,42,4,39,4,40,4,40,4,39,3,39,3,37,3,34,3,33,4,31,3,30,3,30,3,28,4,28,4,29,4,25,5,27,5,27,5,25,6,26,6,27,6,26,7,26,7,25,8,26,8,28,8,29,8,28,9,28,9,30,9,31,9,32,9,32,10,32,10,33,9,36,9,37,9,36,9,38,9,38,8,39,8,38,7,38,7,39,7,39,6,38,6,37,6,36,5,37,5,38,4,36,5,37,4,36,4,36,4,34,4,34,4,34,4,31,3,32,4,28,4,30,4,28,4,27,4,26,5,27,5,26,5,25,6,26,5,26,6,25,6,24,7,23,8,24,8,24,8,24,8,25,9,26,9,27,10,25,10,26,10,28,10,28,11,29,10,29,11,29,11,29,12,29,12,32,11,34,11,34,11,35,11,35,11,35,11,37,10,37,11,41,10,39,10,40.0,10.0,39.0,10.0,41.0,9.0,42.0,9.0,41.0,8.0,43.0,8.0,43.0,8.0,41.0,7.0,44.0,7.0,42.0,5.0,44.0,6.0,42.0,5.0,41.0,5.0,41.0,5.0,39.0,5.0,39.0,4.0,40.0,4.0,38.0,4.0,39.0,3.0,38.0,3.0,36.0,2.0,34.0,3.0,34.0,2.0,30.0,2.0,28.0,2.0,27.0,3.0,24.0,3.0,23.0,3.0,20.0,3.0,20.0,3.0,22.0,3.0,16.0,5.0,19.0,4.0,17.0,5.0,15.0,6.0,14.0,6.0,16.0,6.0,14.0,7.0,16.0,6.0,18.0,6.0,14.0,7.0,16.0,7.0,17.0,8.0,15.0,8.0,15.0,7.0,16.0,10.0,17.0,9.0,13.0,10.0,16.0,9.0,17.0,11.0,18.0,10.0,18.0,11.0,19.0,11.0,20.0,12.0,19.0,12.0,20.0,12.0,24.0,13.0,22.0,13.0,24.0,14.0,29.0,13.0,26.0,13.0,26.0,13.0,30.0,14.0,32.0,14.0,37.0,13.0,39.0,13.0,40.0,13.0,37.0,13.0,38.0,12.0,44.0,11.0,41.0,12.0,42.0,12.0,40.0,11.0,41.0,10.0,43.0,9.0,41.0,10.0,40.0,10.0,41.0,8.0,40.0,9.0,40.0,8.0,40.0,7.0,40.0,7.0,40.0,6.0,37.0,7.0,38.0,6.0,39.0,6.0,38.0,6.0,39.0,5.0,37.0,5.0,35.0,5.0,34.0,5.0,34.0,4.0,32.0,4.0,28.0,5.0,30.0,5.0,29.0,5.0,27.0,5.0,25.0,5.0,26.0,5.0,26.0,5.0,26.0,5.0,26.0,6.0,24.0,6.0,24.0,6.0,23.0,7.0,23.0,7.0,23.0,7.0,21.0,8.0,21.0,8.0,20.0,9.0,22.0,9.0,23.0,9.0,22.0,9.0,22.0,10.0,24.0,9.0,24.0,10.0,25.0,10.0,25.0,11.0,25.0,11.0,26.0,11.0,27.0,12.0,29.0,11.0,28.0,11.0,29.0,11.0,31.0,12.0,32.0,11.0
1759560712.845773000,00:03:7f:25:14:25,00:03:7f:25:14:25,3a:c8:97:94:99:7a,3a:c8:97:94:99:7a,43,8,42,8,42,7,41,7,41,6,41,7,40,5,40,5,40,5,38,5,37,4,38,4,35,4,36,4,36,4,33,3,34,4,31,4,30,4,30,5,28,4,28,5,28,5,27,5,27,5,28,5,25,6,27,7,27,6,26,7,27,7,28,7,27,8,28,8,27,8,29,8,31,9,31,8,31,9,31,9,34,9,35,9,35,8,35,9,35,9,35,8,38,8,38,7,37,7,38,7,37,6,38,6,37,6,36,6,36,6,36,5,35,5,33,5,33,5,33,5,34,5,33,5,34,5,33,5,33,5,31,5,32,5,32,6,29,5,32,5,28,5,30,6,29,6,28,6,28,6,28,6,28,6,27,7,28,6,28,7,27,7,26,8,25,8,26,8,26,8,27,9,27,9,28,9,29,9,27,10,29,10,30,10,30,11,30,10,30,10,31,11,30,11,30,12,33,11,33,11,34,11,35,11,34,11,34,11,37,10,36,11,39,10,38,10,40.0,10.0,37.0,10.0,40.0,10.0,40.0,10.0,41.0,10.0,44.0,10.0,42.0,9.0,42.0,10.0,43.0,8.0,42.0,8.0,45.0,6.0,44.0,6.0,42.0,7.0,43.0,7.0,41.0,7.0,41.0,6.0,42.0,6.0,42.0,5.0,42.0,4.0,43.0,4.0,44.0,3.0,39.0,3.0,42.0,2.0,41.0,1.0,42.0,1.0,32.0,1.0,24.0,1.0,23.0,1.0,17.0,1.0,18.0,1.0,20.0,1.0,11.0,4.0,14.0,2.0,12.0,3.0,10.0,4.0,9.0,4.0,11.0,4.0,10.0,5.0,12.0,4.0,14.0,4.0,10.0,6.0,12.0,5.0,14.0,6.0,13.0,6.0,11.0,6.0,13.0,8.0,15.0,7.0,11.0,9.0,13.0,7.0,14.0,8.0,16.0,9.0,16.0,9.0,16.0,9.0,17.0,10.0,16.0,10.0,17.0,11.0,20.0,12.0,18.0,11.0,18.0,13.0,24.0,12.0,22.0,13.0,21.0,13.0,25.0,13.0,26.0,14.0,33.0,14.0,37.0,14.0,39.0,13.0,37.0,13.0,38.0,13.0,45.0,12.0,41.0,12.0,44.0,12.0,40.0,11.0,42.0,11.0,45.0,10.0,44.0,10.0,40.0,10.0,43.0,9.0,41.0,9.0,41.0,9.0,41.0,7.0,42.0,7.0,42.0,6.0,40.0,7.0,40.0,6.0,41.0,5.0,40.0,5.0,42.0,5.0,39.0,4.0,37.0,4.0,36.0,4.0,36.0,3.0,32.0,3.0,28.0,3.0,30.0,3.0,29.0,3.0,27.0,4.0,24.0,3.0,24.0,4.0,24.0,4.0,24.0,4.0,24.0,5.0,22.0,5.0,22.0,4.0,21.0,6.0,21.0,6.0,21.0,6.0,19.0,7.0,19.0,7.0,18.0,8.0,20.0,8.0,21.0,8.0,20.0,8.0,20.0,9.0,21.0,9.0,22.0,10.0,22.0,10.0,22.0,10.0,22.0,11.0,22.0,11.0,23.0,12.0,26.0,11.0,26.0,11.0,27.0,12.0,29.0,12.0,30.0,12.0
1759560713.060840000,00:03:7f:25:14:25,00:03:7f:25:14:25,0a:f5:a5:94:4b:df,0a:f5:a5:94:4b:df,7,13,4,14,2,14,0,14,61,14,58,14,56,14,54,13,53,12,53,12,52,12,51,11,52,11,52,11,52,10,52,10,52,9,51,8,51,8,51,7,51,7,51,7,51,6,51,5,52,5,51,4,51,4,52,4,52,4,53,3,53,3,54,2,56,1,59,1,61,1,63,2,1,1,3,1,6,2,9,2,10,2,11,3,11,3,10,4,10,4,10,5,12,6,12,6,12,7,12,7,12,8,13,8,13,8,12,9,12,9,12,10,11,10,11,11,11,11,11,12,11,12,10,12,9,13,8,13,6,14,3,14,1,14,63,14,60,14,56,13,54,13,53,12,52,12,51,11,51,11,51,11,51,10,51,10,51,9,51,8,50,8,50,7,50,7,51,6,51,6,51,5,52,4,53,4,54,4,54,3,55,3,55,3,56,2,57,2,61,2,63,2,0,2,0,2,2,2,3,2,5,2,6,3,7,3,7,4,8,4,8,5,9,5,10,5,9.0,6.0,9.0,7.0,9.0,7.0,9.0,8.0,10.0,8.0,10.0,8.0,9.0,8.0,9.0,9.0,10.0,9.0,8.0,11.0,10.0,11.0,7.0,11.0,7.0,11.0,5.0,12.0,3.0,12.0,2.0,13.0,2.0,13.0,2.0,13.0,63.0,13.0,61.0,13.0,59.0,12.0,57.0,12.0,56.0,12.0,56.0,12.0,56.0,12.0,55.0,11.0,55.0,11.0,55.0,10.0,54.0,10.0,52.0,9.0,51.0,9.0,51.0,9.0,52.0,9.0,52.0,8.0,53.0,8.0,52.0,7.0,51.0,7.0,53.0,6.0,53.0,5.0,55.0,5.0,55.0,5.0,55.0,5.0,54.0,4.0,54.0,4.0,55.0,3.0,57.0,3.0,58.0,3.0,59.0,3.0,60.0,3.0,62.0,2.0,63.0,2.0,0.0,2.0,3.0,2.0,4.0,3.0,6.0,3.0,7.0,3.0,7.0,3.0,7.0,4.0,8.0,4.0,8.0,5.0,9.0,5.0,9.0,6.0,9.0,6.0,9.0,7.0,10.0,7.0,10.0,7.0,9.0,7.0,10.0,8.0,10.0,9.0,11.0,9.0,11.0,9.0,10.0,10.0,9.0,10.0,9.0,10.0,9.0,10.0,8.0,11.0,6.0,11.0,5.0,12.0,5.0,12.0,6.0,12.0,4.0,13.0,2.0,13.0,63.0,13.0,61.0,13.0,60.0,13.0,58.0,13.0,59.0,13.0,58.0,13.0,57.0,12.0,56.0,12.0,54.0,11.0,53.0,11.0,52.0,11.0,51.0,11.0,50.0,11.0,50.0,10.0,51.0,9.0,50.0,9.0,50.0,8.0,51.0,7.0,50.0,7.0,51.0,6.0,51.0,6.0,51.0,6.0,50.0,5.0,50.0,5.0,50.0,4.0,50.0,3.0,50.0,2.0,51.0,2.0,53.0,2.0,54.0,1.0,54.0,1.0,58.0,0.0,3.0,0.0,9.0,1.0,10.0,1.0,10.0,2.0,10.0,2.0,10.0,3.0,12.0,3.0,13.0,4.0,13.0,4.0,14.0,5.0,13.0,5.0,13.0,6.0
1759560713.598683000,00:03:7f:25:14:25,00:03:7f:25:14:25,3a:c8:97:94:99:7a,3a:c8:97:94:99:7a,42,6,41,6,40,4,38,4,38,4,37,4,35,3,36,4,33,3,32,3,29,3,31,3,28,3,30,4,28,4,26,3,27,5,24,5,25,5,24,6,23,6,23,7,23,6,23,7,23,7,24,7,22,8,24,8,24,8,23,9,24,9,25,10,25,10,25,10,25,11,27,11,29,11,30,11,29,12,30,12,34,12,35,12,36,12,36,12,38,12,38,11,41,11,42,10,41,10,43,10,42,9,43,9,42,8,42,8,42,8,43,7,42,7,40,6,40,6,41,5,42,5,40,5,40,5,40,4,40,4,38,3,38,3,38,4,35,3,36,3,31,3,32,3,29,3,28,3,27,3,27,3,26,3,24,4,25,4,24,5,24,5,22,6,21,7,22,7,22,7,22,8,22,8,23,8,23,9,22,9,23,10,24,10,23,11,25,10,24,11,24,12,23,12,24,13,26,12,27,13,29,13,30,13,32,13,32,13,36,13,36,13,40,13,39,13,42.0,12.0,40.0,12.0,42.0,12.0,43.0,11.0,43.0,11.0,46.0,11.0,46.0,10.0,43.0,10.0,47.0,9.0,45.0,7.0,48.0,8.0,46.0,7.0,45.0,7.0,45.0,6.0,43.0,6.0,44.0,6.0,45.0,5.0,43.0,5.0,44.0,4.0,44.0,4.0,46.0,2.0,41.0,3.0,44.0,2.0,46.0,1.0,47.0,0.0,35.0,0.0,23.0,0.0,19.0,1.0,16.0,1.0,17.0,1.0,19.0,2.0,11.0,4.0,14.0,3.0,13.0,4.0,12.0,4.0,11.0,5.0,12.0,4.0,11.0,5.0,13.0,5.0,15.0,5.0,11.0,6.0,13.0,6.0,14.0,7.0,12.0,7.0,12.0,7.0,13.0,9.0,14.0,8.0,11.0,10.0,13.0,8.0,14.0,10.0,15.0,10.0,14.0,11.0,14.0,11.0,16.0,12.0,13.0,12.0,15.0,13.0,18.0,13.0,16.0,13.0,18.0,14.0,25.0,14.0,24.0,14.0,24.0,14.0,35.0,15.0,39.0,15.0,42.0,14.0,43.0,13.0,46.0,13.0,43.0,13.0,43.0,12.0,48.0,11.0,45.0,11.0,46.0,11.0,43.0,10.0,44.0,10.0,47.0,9.0,45.0,9.0,43.0,9.0,45.0,7.0,43.0,8.0,43.0,7.0,43.0,6.0,44.0,6.0,44.0,5.0,41.0,5.0,41.0,4.0,42.0,4.0,41.0,3.0,42.0,3.0,39.0,2.0,36.0,2.0,33.0,2.0,33.0,2.0,28.0,2.0,23.0,2.0,25.0,3.0,24.0,3.0,22.0,4.0,20.0,4.0,21.0,4.0,20.0,5.0,21.0,5.0,21.0,5.0,19.0,6.0,19.0,5.0,18.0,7.0,19.0,7.0,18.0,7.0,17.0,8.0,17.0,9.0,17.0,9.0,18.0,9.0,19.0,10.0,18.0,10.0,18.0,10.0,20.0,10.0,20.0,11.0,20.0,12.0,22.0,12.0,21.0,12.0,22.0,12.0,24.0,13.0,27.0,13.0,28.0,13.0,30.0,13.0,33.0,13.0,34.0,13.0
1759560714.092812000,00:03:7f:25:14:25,00:03:7f:25:14:25,3a:c8:97:94:99:7a,3a:c8:97:94:99:7a,44,6,42,6,44,6,43,5,41,5,42,3,44,3,44,2,41,2,39,1,42,1,37,2,33,2,24,1,21,0,17,1,19,1,15,2,13,4,15,2,13,4,12,5,14,4,11,4,11,6,15,4,11,4,13,5,13,5,12,7,13,7,11,6,11,7,13,7,10,9,16,8,15,10,13,10,14,9,16,10,15,11,14,10,16,12,17,10,14,12,20,12,17,13,22,13,24,15,16,15,27,14,36,14,39,14,42,14,41,13,43,11,44,10,45,10,44,10,41,8,45,7,43,9,43,8,41,7,43,6,43,6,42,5,42,5,43,5,39,7,40,6,40,4,38,3,36,3,36,4,33,3,30,3,27,4,26,4,26,3,23,3,21,5,25,4,24,5,22,5,21,4,20,6,21,7,19,5,21,8,18,7,18,7,17,8,20,8,21,9,19,9,19,9,22,9,21,10,21,10,22,11,23,11,23,11,27,11,26,11,28,12,31,13,30,12,,,,,,,,,,,,,,,,,,,,,,,,,,,,,,,,,,,,,,,,,,,,,,,,,,,,,,,,,,,,,,,,,,,,,,,,,,,,,,,,,,,,,,,,,,,,,,,,,,,,,,,,,,,,,,,,,,,,,,,,,,,,,,,,,,,,,,,,,,,,,,,,,,,,,,,,,,,,,,,,,,,,,,,,,,,,,,,,,,,,,,,,,,,,,,,,,,,,,,,,,,,,,,,,,,,,,,,,,,,,,,,,,,,,,,,,,,,,,,,,,,,,,,,,,,,,
1759560714.129695000,00:03:7f:25:14:25,00:03:7f:25:14:25,3a:c8:97:94:99:7a,3a:c8:97:94:99:7a,44,8,42,8,42,7,41,7,41,7,41,8,40,6,41,6,40,5,38,5,37,5,38,4,35,5,36,4,36,4,34,4,34,4,32,4,31,4,31,5,29,4,28,5,28,5,28,5,28,5,29,5,26,6,28,6,28,6,26,7,26,7,28,6,27,7,27,7,27,7,27,8,29,8,29,8,28,8,29,9,31,9,31,9,31,9,32,9,32,10,32,9,35,9,36,9,35,9,37,9,36,8,38,8,37,8,37,8,37,8,37,7,36,7,35,7,35,6,36,6,37,6,36,6,37,5,36,5,36,5,35,5,35,5,35,6,32,4,34,5,31,5,32,5,30,5,30,5,29,5,29,5,28,5,27,6,28,5,27,6,26,6,25,7,24,7,25,7,25,8,25,8,25,8,27,8,27,9,25,9,27,9,28,10,28,11,28,10,28,10,28,11,27,11,27,12,30,11,31,11,32,11,32,11,32,11,33,11,35,11,35,11,39,11,37,10,39.0,10.0,38.0,11.0,40.0,11.0,40.0,10.0,40.0,10.0,43.0,10.0,41.0,9.0,41.0,9.0,43.0,9.0,43.0,7.0,44.0,6.0,42.0,6.0,42.0,6.0,42.0,6.0,40.0,6.0,40.0,5.0,41.0,5.0,40.0,4.0,41.0,3.0,41.0,3.0,41.0,2.0,37.0,3.0,39.0,2.0,36.0,1.0,31.0,1.0,28.0,1.0,24.0,1.0,22.0,2.0,20.0,1.0,21.0,2.0,20.0,2.0,13.0,4.0,17.0,3.0,15.0,4.0,14.0,4.0,13.0,5.0,14.0,4.0,12.0,5.0,15.0,5.0,17.0,5.0,13.0,6.0,15.0,6.0,15.0,7.0,14.0,7.0,13.0,6.0,14.0,8.0,16.0,8.0,12.0,9.0,14.0,8.0,15.0,9.0,16.0,9.0,16.0,10.0,16.0,10.0,17.0,11.0,15.0,11.0,16.0,12.0,20.0,12.0,17.0,12.0,18.0,13.0,24.0,13.0,22.0,13.0,20.0,13.0,24.0,14.0,25.0,14.0,34.0,14.0,39.0,14.0,41.0,13.0,39.0,13.0,39.0,13.0,46.0,12.0,42.0,12.0,44.0,13.0,41.0,11.0,42.0,11.0,45.0,10.0,44.0,10.0,41.0,10.0,43.0,9.0,42.0,9.0,42.0,9.0,42.0,7.0,43.0,7.0,43.0,6.0,40.0,7.0,41.0,6.0,42.0,5.0,41.0,5.0,42.0,5.0,40.0,4.0,38.0,4.0,37.0,3.0,36.0,3.0,34.0,3.0,30.0,3.0,31.0,3.0,29.0,3.0,26.0,4.0,24.0,3.0,24.0,3.0,24.0,4.0,24.0,4.0,24.0,5.0,22.0,5.0,22.0,4.0,20.0,6.0,21.0,7.0,20.0,6.0,19.0,7.0,19.0,8.0,18.0,8.0,20.0,8.0,21.0,8.0,19.0,9.0,19.0,9.0,21.0,9.0,21.0,10.0,21.0,10.0,22.0,11.0,22.0,11.0,23.0,11.0,24.0,12.0,27.0,12.0,26.0,11.0,27.0,12.0,30.0,12.0,31.0,12.0
1759560714.618162000,00:03:7f:25:14:25,00:03:7f:25:14:25,0a:f5:a5:94:4b:df,0a:f5:a5:94:4b:df,8,13,6,14,3,14,0,15,61,15,57,14,55,14,53,13,52,13,52,12,51,12,51,11,51,11,51,11,52,10,52,10,51,9,51,8,50,8,50,8,50,7,50,7,50,6,51,5,51,5,51,4,51,4,51,4,51,4,52,3,52,2,52,2,55,1,58,1,60,1,63,1,1,1,3,1,7,1,10,2,11,2,12,3,12,3,11,4,11,4,11,4,13,5,13,6,13,7,13,7,13,7,13,7,13,8,13,8,12,9,12,10,12,10,12,11,12,11,12,12,12,12,12,12,11,13,9,14,8,14,5,15,2,15,62,15,58,14,54,14,53,13,52,12,50,12,49,12,49,11,50,11,50,10,50,10,50,9,50,8,49,8,49,7,49,7,49,6,49,6,50,5,51,4,52,4,52,3,53,3,53,3,53,3,53,2,55,1,60,1,0,1,1,1,1,2,3,2,5,2,7,2,8,2,9,3,9,4,9,4,10,5,10,5,11,5,10.0,6.0,11.0,7.0,10.0,8.0,11.0,8.0,11.0,8.0,11.0,8.0,10.0,8.0,10.0,9.0,11.0,10.0,9.0,11.0,10.0,11.0,8.0,11.0,7.0,12.0,6.0,12.0,3.0,13.0,1.0,13.0,1.0,13.0,0.0,14.0,61.0,13.0,59.0,13.0,57.0,12.0,56.0,12.0,54.0,12.0,54.0,12.0,55.0,11.0,54.0,11.0,54.0,11.0,54.0,10.0,53.0,9.0,52.0,9.0,51.0,9.0,51.0,9.0,51.0,8.0,52.0,8.0,52.0,7.0,51.0,7.0,51.0,7.0,52.0,6.0,53.0,5.0,54.0,5.0,55.0,5.0,54.0,4.0,54.0,4.0,54.0,3.0,55.0,3.0,57.0,2.0,58.0,2.0,59.0,2.0,61.0,2.0,63.0,2.0,0.0,1.0,2.0,2.0,4.0,2.0,6.0,3.0,7.0,3.0,9.0,3.0,8.0,3.0,9.0,4.0,9.0,4.0,10.0,5.0,10.0,5.0,10.0,6.0,10.0,7.0,10.0,7.0,10.0,7.0,11.0,7.0,10.0,8.0,10.0,8.0,11.0,9.0,12.0,9.0,11.0,10.0,10.0,10.0,9.0,10.0,10.0,10.0,10.0,11.0,8.0,11.0,6.0,12.0,5.0,12.0,5.0,13.0,6.0,13.0,4.0,13.0,0.0,14.0,61.0,14.0,58.0,13.0,57.0,13.0,56.0,13.0,56.0,13.0,56.0,13.0,55.0,12.0,54.0,12.0,52.0,11.0,52.0,11.0,51.0,11.0,50.0,11.0,49.0,10.0,49.0,10.0,50.0,9.0,50.0,8.0,50.0,8.0,50.0,7.0,50.0,6.0,50.0,6.0,51.0,6.0,50.0,6.0,50.0,5.0,49.0,4.0,49.0,3.0,50.0,2.0,50.0,2.0,51.0,2.0,53.0,1.0,54.0,1.0,56.0,0.0,0.0,0.0,8.0,0.0,11.0,1.0,11.0,2.0,11.0,2.0,11.0,2.0,12.0,3.0,13.0,3.0,14.0,4.0,14.0,5.0,15.0,5.0,14.0,5.0,13.0,6.0
1759560714.714657000,00:03:7f:25:14:25,00:03:7f:25:14:25,3a:c8:97:94:99:7a,3a:c8:97:94:99:7a,43,8,42,8,42,7,40,7,40,6,41,7,39,5,40,6,39,4,38,5,36,4,38,4,34,4,35,4,35,4,33,3,33,4,30,4,29,3,29,4,27,4,26,5,26,4,26,5,25,5,26,5,23,6,25,6,26,5,24,7,24,6,26,7,25,7,25,7,25,8,25,8,27,8,28,9,26,9,27,9,29,9,30,9,30,10,31,10,31,10,31,10,34,10,35,9,34,10,36,9,35,9,37,9,36,8,36,8,37,8,37,8,36,7,35,7,35,7,36,7,37,6,36,6,36,6,36,6,36,6,34,5,35,5,35,6,32,5,34,5,31,5,33,5,30,5,30,5,29,5,29,5,29,5,27,6,28,5,28,6,27,6,26,7,25,7,26,8,26,8,26,8,27,8,27,8,28,9,26,9,27,9,28,10,28,10,29,10,29,10,29,10,28,11,28,11,31,11,32,11,33,11,33,11,33,11,33,11,35,10,35,11,38,10,37,10,39.0,10.0,37.0,10.0,40.0,10.0,40.0,9.0,40.0,9.0,42.0,9.0,41.0,8.0,40.0,9.0,44.0,8.0,42.0,6.0,44.0,7.0,42.0,6.0,41.0,6.0,41.0,6.0,40.0,6.0,40.0,5.0,41.0,5.0,39.0,5.0,40.0,3.0,40.0,4.0,39.0,2.0,36.0,3.0,37.0,2.0,35.0,1.0,30.0,1.0,26.0,2.0,23.0,2.0,22.0,2.0,19.0,2.0,19.0,2.0,19.0,3.0,14.0,5.0,17.0,4.0,15.0,5.0,13.0,5.0,12.0,6.0,14.0,5.0,12.0,6.0,14.0,6.0,16.0,6.0,12.0,7.0,14.0,6.0,14.0,8.0,13.0,8.0,12.0,7.0,14.0,9.0,14.0,9.0,11.0,10.0,13.0,9.0,14.0,10.0,15.0,10.0,15.0,11.0,15.0,11.0,16.0,12.0,14.0,12.0,15.0,13.0,19.0,13.0,16.0,13.0,15.0,15.0,24.0,14.0,24.0,14.0,21.0,14.0,29.0,15.0,38.0,15.0,43.0,14.0,44.0,13.0,47.0,13.0,43.0,13.0,43.0,12.0,49.0,11.0,45.0,12.0,47.0,12.0,43.0,11.0,45.0,10.0,47.0,9.0,46.0,9.0,42.0,9.0,45.0,8.0,43.0,8.0,43.0,7.0,43.0,6.0,44.0,6.0,44.0,5.0,41.0,6.0,42.0,4.0,42.0,4.0,41.0,4.0,42.0,4.0,39.0,2.0,37.0,2.0,34.0,2.0,35.0,2.0,30.0,2.0,25.0,3.0,26.0,3.0,25.0,3.0,23.0,4.0,20.0,4.0,21.0,4.0,21.0,4.0,22.0,5.0,21.0,5.0,19.0,6.0,19.0,5.0,18.0,7.0,19.0,7.0,18.0,7.0,17.0,8.0,17.0,8.0,16.0,9.0,18.0,9.0,19.0,9.0,18.0,9.0,18.0,10.0,20.0,10.0,20.0,11.0,20.0,11.0,21.0,11.0,21.0,12.0,23.0,12.0,24.0,13.0,27.0,13.0,27.0,12.0,28.0,13.0,32.0,13.0,33.0,13.0
1759560715.047894000,00:03:7f:25:14:25,00:03:7f:25:14:25,0a:f5:a5:94:4b:df,0a:f5:a5:94:4b:df,8,13,6,14,4,14,2,15,63,15,58,15,55,14,53,13,52,13,52,12,51,12,51,11,51,11,51,11,52,10,52,10,51,9,51,8,50,8,50,8,50,7,50,7,50,6,51,5,51,5,51,4,51,4,51,4,52,4,52,3,52,2,53,2,55,1,58,1,60,1,62,1,0,1,2,1,7,1,10,2,11,2,12,3,11,3,11,4,10,4,10,4,12,5,13,6,13,7,13,7,13,7,13,7,13,8,13,8,12,9,12,10,12,10,11,11,12,11,12,11,12,12,11,12,10,13,9,14,8,14,5,14,2,15,0,15,60,14,56,14,54,13,53,12,51,12,50,12,50,11,50,11,50,10,51,10,51,9,50,8,49,8,49,7,49,7,50,6,50,6,50,5,51,4,52,4,53,4,53,3,53,3,53,3,53,2,55,1,59,1,63,1,63,2,0,2,2,2,4,2,6,2,7,2,9,3,9,4,9,4,10,4,10,5,11,5,10.0,6.0,11.0,7.0,10.0,7.0,11.0,8.0,11.0,8.0,11.0,8.0,10.0,8.0,10.0,9.0,11.0,10.0,9.0,11.0,11.0,11.0,8.0,11.0,8.0,12.0,6.0,12.0,3.0,13.0,1.0,13.0,1.0,13.0,1.0,14.0,63.0,13.0,60.0,13.0,57.0,13.0,56.0,12.0,54.0,12.0,54.0,12.0,54.0,12.0,54.0,11.0,54.0,11.0,54.0,10.0,53.0,10.0,52.0,9.0,51.0,9.0,50.0,9.0,51.0,8.0,51.0,8.0,52.0,8.0,51.0,7.0,51.0,7.0,52.0,6.0,53.0,5.0,54.0,5.0,55.0,5.0,54.0,4.0,54.0,4.0,54.0,3.0,54.0,3.0,57.0,2.0,58.0,2.0,59.0,2.0,60.0,2.0,62.0,2.0,63.0,1.0,2.0,1.0,5.0,2.0,6.0,3.0,7.0,3.0,9.0,3.0,8.0,3.0,9.0,4.0,9.0,4.0,9.0,5.0,10.0,6.0,10.0,6.0,10.0,7.0,10.0,7.0,10.0,7.0,11.0,7.0,10.0,8.0,10.0,8.0,11.0,9.0,12.0,9.0,12.0,10.0,10.0,10.0,9.0,10.0,10.0,11.0,9.0,11.0,8.0,11.0,6.0,12.0,5.0,13.0,4.0,13.0,5.0,13.0,4.0,13.0,0.0,14.0,60.0,13.0,58.0,13.0,56.0,13.0,56.0,13.0,56.0,13.0,56.0,13.0,56.0,12.0,54.0,12.0,53.0,11.0,52.0,11.0,51.0,11.0,50.0,10.0,50.0,10.0,50.0,10.0,50.0,9.0,50.0,8.0,50.0,8.0,50.0,7.0,50.0,6.0,51.0,6.0,51.0,6.0,51.0,6.0,50.0,5.0,50.0,4.0,50.0,4.0,50.0,3.0,51.0,2.0,52.0,2.0,54.0,1.0,55.0,1.0,55.0,0.0,62.0,0.0,6.0,0.0,10.0,1.0,11.0,2.0,10.0,2.0,10.0,2.0,11.0,3.0,12.0,3.0,13.0,4.0,14.0,5.0,14.0,5.0,14.0,6.0,13.0,6.0
1759560715.365347000,00:03:7f:25:14:25,00:03:7f:25:14:25,3a:c8:97:94:99:7a,3a:c8:97:94:99:7a,44,7,43,7,43,6,42,5,41,5,42,6,40,4,40,4,41,4,38,4,36,3,37,3,34,3,35,3,33,2,31,2,31,3,27,2,26,3,26,3,24,3,24,4,24,4,23,4,23,5,24,5,21,6,23,6,24,6,22,7,22,7,24,7,23,8,24,8,24,8,25,8,27,9,27,9,27,9,27,10,29,10,31,10,31,10,32,10,32,10,32,9,36,9,36,9,35,9,37,8,35,8,37,8,36,7,36,7,36,7,36,7,35,7,34,6,33,6,34,6,35,6,34,6,35,6,34,6,35,5,33,5,34,5,34,6,31,5,33,5,30,5,32,5,30,5,29,5,29,5,29,6,28,5,27,6,28,6,27,6,26,6,25,7,24,7,26,7,25,8,26,8,26,8,27,8,27,9,25,9,27,9,28,9,27,11,28,10,28,10,29,11,28,11,28,11,30,11,30,11,32,11,32,11,32,11,32,12,34,11,34,11,38,11,36,11,39.0,11.0,37.0,11.0,39.0,11.0,40.0,10.0,39.0,10.0,42.0,10.0,42.0,9.0,41.0,10.0,44.0,8.0,43.0,6.0,46.0,7.0,44.0,7.0,42.0,6.0,42.0,6.0,41.0,6.0,41.0,5.0,43.0,5.0,41.0,4.0,41.0,3.0,42.0,3.0,43.0,2.0,38.0,2.0,40.0,1.0,36.0,1.0,31.0,0.0,25.0,1.0,22.0,1.0,21.0,2.0,19.0,2.0,19.0,2.0,19.0,2.0,13.0,4.0,16.0,3.0,14.0,4.0,13.0,4.0,12.0,5.0,13.0,5.0,12.0,6.0,14.0,6.0,16.0,5.0,12.0,7.0,14.0,6.0,15.0,7.0,13.0,8.0,13.0,7.0,14.0,9.0,15.0,8.0,11.0,10.0,13.0,9.0,14.0,10.0,15.0,10.0,15.0,11.0,15.0,11.0,16.0,12.0,13.0,12.0,15.0,13.0,18.0,13.0,16.0,13.0,15.0,14.0,24.0,14.0,22.0,14.0,22.0,14.0,31.0,15.0,39.0,15.0,43.0,14.0,44.0,13.0,47.0,13.0,43.0,13.0,44.0,13.0,49.0,12.0,45.0,12.0,47.0,12.0,44.0,11.0,45.0,10.0,47.0,9.0,46.0,9.0,43.0,9.0,45.0,8.0,44.0,8.0,44.0,8.0,44.0,6.0,44.0,6.0,45.0,6.0,42.0,6.0,43.0,5.0,43.0,4.0,43.0,4.0,44.0,4.0,42.0,3.0,40.0,2.0,37.0,2.0,38.0,2.0,32.0,2.0,27.0,1.0,28.0,2.0,25.0,2.0,23.0,2.0,20.0,3.0,20.0,3.0,19.0,3.0,21.0,4.0,20.0,4.0,18.0,5.0,18.0,4.0,17.0,6.0,18.0,6.0,17.0,6.0,16.0,7.0,16.0,8.0,15.0,8.0,16.0,8.0,17.0,8.0,16.0,9.0,16.0,9.0,18.0,9.0,18.0,10.0,17.0,10.0,18.0,11.0,18.0,11.0,18.0,11.0,18.0,12.0,22.0,12.0,22.0,12.0,23.0,13.0,26.0,13.0,28.0,14.0
1759560715.866127000,00:03:7f:25:14:25,00:03:7f:25:14:25,3a:c8:97:94:99:7a,3a:c8:97:94:99:7a,44,7,43,7,43,6,42,6,42,5,42,6,41,4,41,4,42,3,40,3,39,3,39,2,36,2,36,2,35,2,32,2,31,2,27,2,26,2,26,3,22,3,22,4,22,3,21,4,21,4,22,4,20,5,21,5,22,5,20,6,21,7,23,7,22,7,22,8,22,8,23,8,25,9,25,9,26,10,26,10,28,10,29,10,30,10,30,10,31,11,31,10,35,10,34,9,34,10,36,9,34,9,37,8,35,8,36,8,35,8,36,8,35,8,34,8,34,7,35,7,36,7,35,7,36,7,36,7,36,6,35,6,36,6,37,7,34,5,35,6,33,5,34,5,33,5,33,5,31,5,32,5,31,5,30,6,30,5,30,5,28,6,27,6,26,6,26,6,26,6,26,7,26,7,27,7,27,7,25,8,26,8,27,8,27,9,27,9,27,9,27,10,25,10,25,11,28,10,28,11,29,11,29,11,30,11,29,12,32,11,32,12,37,12,34,12,38.0,12.0,37.0,12.0,40.0,12.0,40.0,11.0,39.0,11.0,42.0,11.0,43.0,10.0,41.0,10.0,46.0,9.0,45.0,7.0,47.0,8.0,45.0,8.0,44.0,7.0,44.0,7.0,42.0,7.0,43.0,6.0,45.0,6.0,43.0,5.0,45.0,4.0,44.0,4.0,46.0,3.0,41.0,3.0,45.0,2.0,44.0,1.0,42.0,0.0,28.0,0.0,21.0,0.0,21.0,1.0,17.0,1.0,17.0,1.0,17.0,2.0,11.0,4.0,15.0,3.0,13.0,4.0,12.0,4.0,11.0,5.0,12.0,4.0,10.0,5.0,13.0,5.0,15.0,5.0,12.0,6.0,13.0,6.0,14.0,7.0,13.0,7.0,12.0,7.0,13.0,8.0,15.0,8.0,11.0,9.0,13.0,8.0,14.0,9.0,14.0,9.0,14.0,10.0,15.0,10.0,16.0,11.0,13.0,11.0,14.0,12.0,18.0,12.0,15.0,13.0,14.0,14.0,22.0,14.0,20.0,14.0,17.0,14.0,23.0,15.0,27.0,15.0,42.0,14.0,43.0,14.0,47.0,13.0,43.0,13.0,44.0,13.0,49.0,12.0,45.0,12.0,47.0,12.0,44.0,11.0,45.0,11.0,47.0,10.0,46.0,9.0,43.0,10.0,45.0,9.0,44.0,8.0,43.0,8.0,43.0,7.0,44.0,7.0,44.0,6.0,42.0,6.0,42.0,5.0,43.0,5.0,42.0,5.0,43.0,4.0,41.0,3.0,39.0,3.0,36.0,3.0,36.0,2.0,32.0,2.0,28.0,2.0,29.0,2.0,26.0,2.0,24.0,3.0,21.0,3.0,22.0,3.0,21.0,4.0,22.0,4.0,22.0,5.0,19.0,5.0,19.0,4.0,18.0,6.0,19.0,6.0,18.0,6.0,16.0,7.0,17.0,8.0,16.0,8.0,18.0,8.0,18.0,9.0,17.0,9.0,17.0,9.0,19.0,9.0,19.0,10.0,18.0,11.0,20.0,11.0,20.0,11.0,20.0,12.0,21.0,13.0,24.0,12.0,24.0,12.0,25.0,13.0,28.0,13.0,30.0,13.0
1759560716.152719000,00:03:7f:25:14:25,00:03:7f:25:14:25,0a:f5:a5:94:4b:df,0a:f5:a5:94:4b:df,7,14,3,14,0,14,61,14,59,14,56,14,55,14,53,13,52,12,52,12,52,11,51,11,52,11,52,10,52,10,52,9,52,9,51,8,51,8,51,7,51,7,51,7,51,6,51,5,52,5,52,4,52,4,52,4,52,4,53,3,53,2,54,2,56,2,59,1,61,2,63,2,1,1,3,1,6,1,9,2,10,2,11,3,11,3,10,4,10,4,10,4,12,5,13,6,13,7,13,7,13,7,13,8,13,8,13,9,12,9,12,10,12,10,12,11,12,11,12,12,12,12,11,12,10,13,9,14,7,14,4,14,1,15,62,15,59,14,55,14,53,13,52,12,51,12,50,12,50,11,50,11,50,10,50,10,50,9,50,8,49,8,49,7,49,7,49,6,49,6,50,5,51,4,52,4,52,4,53,3,53,3,53,2,53,2,55,1,59,1,0,1,1,1,1,2,4,2,6,2,7,2,8,2,9,3,9,4,10,4,10,5,10,5,11,5,11.0,6.0,11.0,7.0,11.0,8.0,11.0,8.0,11.0,8.0,11.0,8.0,10.0,9.0,10.0,9.0,11.0,10.0,9.0,12.0,10.0,12.0,7.0,12.0,7.0,12.0,5.0,12.0,2.0,13.0,0.0,13.0,63.0,13.0,63.0,14.0,61.0,13.0,59.0,13.0,56.0,12.0,55.0,12.0,54.0,12.0,54.0,12.0,54.0,11.0,54.0,11.0,54.0,10.0,53.0,10.0,53.0,9.0,52.0,9.0,51.0,8.0,51.0,8.0,51.0,8.0,52.0,8.0,52.0,7.0,51.0,7.0,51.0,6.0,52.0,5.0,53.0,5.0,54.0,5.0,55.0,4.0,55.0,4.0,54.0,3.0,54.0,3.0,55.0,3.0,58.0,2.0,59.0,2.0,60.0,2.0,62.0,2.0,0.0,2.0,2.0,1.0,4.0,2.0,6.0,2.0,7.0,3.0,8.0,4.0,9.0,4.0,9.0,4.0,9.0,4.0,9.0,5.0,10.0,5.0,10.0,6.0,10.0,6.0,10.0,7.0,10.0,7.0,10.0,8.0,10.0,8.0,10.0,8.0,10.0,9.0,11.0,9.0,11.0,10.0,11.0,10.0,10.0,11.0,9.0,11.0,9.0,11.0,9.0,11.0,7.0,12.0,5.0,12.0,4.0,13.0,3.0,13.0,4.0,13.0,1.0,13.0,61.0,13.0,58.0,13.0,56.0,13.0,56.0,13.0,55.0,13.0,56.0,12.0,56.0,12.0,55.0,11.0,54.0,11.0,53.0,10.0,52.0,10.0,51.0,10.0,50.0,10.0,50.0,10.0,50.0,9.0,51.0,8.0,50.0,8.0,50.0,7.0,51.0,6.0,51.0,6.0,51.0,5.0,52.0,5.0,52.0,5.0,51.0,4.0,51.0,4.0,51.0,3.0,52.0,2.0,53.0,2.0,55.0,1.0,58.0,1.0,60.0,1.0,0.0,1.0,4.0,1.0,7.0,1.0,9.0,2.0,10.0,2.0,10.0,3.0,10.0,3.0,10.0,3.0,11.0,4.0,12.0,5.0,13.0,5.0,13.0,6.0,13.0,6.0,12.0,7.0
1759560716.513608000,00:03:7f:25:14:25,00:03:7f:25:14:25,3a:c8:97:94:99:7a,3a:c8:97:94:99:7a,43,9,41,9,42,8,40,8,41,8,41,8,40,6,41,6,41,5,39,6,39,5,40,5,37,5,38,4,38,4,36,3,36,3,35,3,33,3,32,4,28,3,28,4,28,3,27,4,26,4,27,4,24,5,25,5,25,5,24,6,24,6,25,7,25,7,25,7,24,8,25,8,27,9,28,9,27,9,28,9,30,9,31,9,32,9,32,10,33,10,34,9,36,8,36,8,35,8,37,8,35,7,36,7,35,6,35,6,35,6,35,6,33,6,31,6,31,6,32,6,33,5,32,6,33,6,32,6,33,6,31,6,32,6,32,7,29,5,32,6,29,6,31,6,29,6,29,6,28,7,29,7,29,6,27,7,28,6,29,7,27,7,27,8,26,8,28,8,27,8,27,8,28,9,29,9,29,9,27,9,29,9,30,9,30,10,31,9,30,10,30,10,29,11,29,11,31,10,32,10,32,10,32,11,32,10,32,11,34,10,33,11,37,10,36,10,37.0,10.0,36.0,10.0,37.0,11.0,39.0,11.0,39.0,11.0,42.0,11.0,40.0,9.0,40.0,10.0,41.0,9.0,41.0,8.0,44.0,6.0,43.0,6.0,42.0,7.0,43.0,7.0,40.0,7.0,41.0,6.0,42.0,6.0,40.0,5.0,41.0,3.0,42.0,4.0,42.0,2.0,38.0,3.0,39.0,2.0,36.0,1.0,29.0,0.0,26.0,2.0,21.0,2.0,20.0,2.0,17.0,2.0,18.0,2.0,20.0,2.0,13.0,5.0,17.0,4.0,14.0,5.0,13.0,5.0,12.0,6.0,13.0,5.0,12.0,6.0,14.0,6.0,16.0,5.0,12.0,7.0,14.0,6.0,15.0,8.0,13.0,8.0,12.0,7.0,14.0,9.0,15.0,9.0,11.0,10.0,13.0,9.0,14.0,10.0,15.0,10.0,15.0,11.0,14.0,11.0,16.0,11.0,13.0,12.0,14.0,13.0,17.0,13.0,15.0,13.0,15.0,14.0,22.0,14.0,21.0,14.0,19.0,14.0,25.0,15.0,43.0,15.0,45.0,14.0,45.0,13.0,47.0,13.0,44.0,13.0,43.0,13.0,50.0,12.0,46.0,12.0,48.0,12.0,44.0,11.0,46.0,11.0,48.0,10.0,46.0,10.0,43.0,10.0,45.0,9.0,44.0,9.0,44.0,8.0,44.0,7.0,45.0,7.0,45.0,6.0,42.0,6.0,43.0,5.0,44.0,5.0,43.0,5.0,44.0,4.0,43.0,3.0,40.0,3.0,38.0,2.0,40.0,2.0,35.0,2.0,29.0,2.0,31.0,2.0,28.0,2.0,25.0,2.0,21.0,2.0,22.0,2.0,21.0,3.0,22.0,3.0,21.0,4.0,19.0,4.0,18.0,4.0,18.0,6.0,18.0,6.0,18.0,6.0,16.0,7.0,16.0,7.0,16.0,7.0,17.0,8.0,18.0,8.0,17.0,8.0,16.0,9.0,18.0,8.0,18.0,9.0,18.0,10.0,19.0,10.0,18.0,11.0,19.0,11.0,19.0,12.0,22.0,12.0,23.0,12.0,23.0,12.0,25.0,13.0,28.0,14.0
1759560716.927437000,00:03:7f:25:14:25,00:03:7f:25:14:25,3a:c8:97:94:99:7a,3a:c8:97:94:99:7a,41,9,40,9,40,8,39,8,39,7,39,8,38,6,39,7,38,5,37,5,36,5,36,4,34,5,35,4,35,4,32,3,32,4,30,4,29,4,28,4,27,4,26,5,26,5,25,5,25,5,25,5,22,6,24,6,24,6,23,7,23,7,24,7,24,8,24,8,23,8,24,8,26,9,26,9,26,9,26,10,29,10,29,10,30,10,30,10,31,10,31,9,34,9,34,9,33,9,35,8,34,8,36,8,34,8,34,7,34,7,34,7,33,7,32,7,32,7,33,7,34,6,32,7,34,7,33,7,34,6,32,6,33,6,33,7,31,6,33,6,30,6,32,6,31,6,30,6,30,7,30,7,30,6,29,7,30,7,30,7,29,7,28,7,27,8,29,8,28,8,29,8,29,8,30,8,30,8,29,8,29,8,30,9,30,10,30,9,30,9,30,9,29,10,28,10,31,9,31,10,31,10,31,10,31,9,31,10,32,9,31,10,35,10,33,9,35.0,10.0,33.0,10.0,35.0,10.0,35.0,10.0,35.0,10.0,38.0,10.0,37.0,9.0,37.0,9.0,38.0,8.0,38.0,8.0,40.0,7.0,38.0,7.0,38.0,7.0,38.0,7.0,37.0,7.0,37.0,6.0,38.0,6.0,37.0,6.0,37.0,5.0,37.0,5.0,35.0,4.0,34.0,5.0,34.0,4.0,33.0,3.0,32.0,4.0,31.0,4.0,29.0,4.0,28.0,4.0,27.0,4.0,26.0,4.0,26.0,4.0,21.0,5.0,25.0,5.0,23.0,5.0,21.0,5.0,20.0,6.0,21.0,5.0,19.0,7.0,21.0,6.0,23.0,6.0,19.0,7.0,21.0,6.0,21.0,8.0,19.0,8.0,19.0,7.0,20.0,9.0,21.0,9.0,17.0,10.0,19.0,9.0,20.0,10.0,21.0,10.0,21.0,11.0,21.0,11.0,23.0,11.0,21.0,12.0,23.0,12.0,27.0,12.0,25.0,12.0,26.0,13.0,31.0,12.0,28.0,12.0,28.0,13.0,32.0,13.0,33.0,13.0,36.0,12.0,38.0,12.0,40.0,12.0,38.0,12.0,39.0,11.0,44.0,11.0,41.0,11.0,42.0,11.0,40.0,10.0,41.0,10.0,43.0,9.0,42.0,9.0,40.0,9.0,42.0,8.0,41.0,8.0,40.0,8.0,41.0,7.0,41.0,6.0,42.0,6.0,39.0,6.0,40.0,5.0,40.0,5.0,40.0,5.0,41.0,5.0,39.0,4.0,37.0,4.0,36.0,4.0,35.0,3.0,33.0,3.0,30.0,3.0,31.0,3.0,30.0,3.0,28.0,4.0,25.0,3.0,26.0,3.0,25.0,4.0,25.0,4.0,24.0,4.0,23.0,5.0,23.0,4.0,21.0,6.0,21.0,6.0,21.0,6.0,19.0,7.0,19.0,7.0,19.0,7.0,20.0,7.0,21.0,8.0,20.0,8.0,19.0,9.0,21.0,8.0,21.0,9.0,21.0,10.0,21.0,10.0,22.0,10.0,22.0,10.0,22.0,12.0,25.0,11.0,24.0,11.0,25.0,12.0,27.0,12.0,28.0,12.0
1759560717.514934000,00:03:7f:25:14:25,00:03:7f:25:14:25,3a:c8:97:94:99:7a,3a:c8:97:94:99:7a,39,9,38,9,38,8,38,8,36,7,38,8,36,7,37,7,36,6,36,6,34,6,35,5,32,6,34,6,34,6,33,5,33,6,31,6,30,5,30,6,29,5,28,6,28,6,27,6,27,6,28,6,26,7,27,7,28,7,26,8,26,8,27,8,27,8,27,8,27,9,27,9,29,9,29,9,28,10,28,10,31,10,32,10,32,10,32,11,33,11,33,10,37,10,37,10,36,10,38,10,37,9,40,9,39,9,38,9,39,8,39,8,39,7,38,7,37,7,38,6,39,6,38,6,39,5,38,5,38,5,36,4,37,4,37,5,34,4,35,4,31,4,33,4,30,4,29,4,28,4,28,4,27,4,27,5,27,5,26,5,25,6,24,6,23,7,24,7,24,7,24,8,24,8,25,8,26,9,24,9,26,9,26,10,26,11,27,10,27,11,27,11,27,11,26,12,29,11,30,12,31,12,32,12,33,12,33,12,35,11,35,11,38,11,37,11,40.0,11.0,38.0,10.0,40.0,10.0,40.0,10.0,40.0,10.0,43.0,10.0,41.0,9.0,41.0,9.0,43.0,8.0,42.0,7.0,43.0,6.0,42.0,6.0,41.0,6.0,41.0,6.0,39.0,5.0,39.0,5.0,41.0,5.0,39.0,4.0,39.0,3.0,39.0,3.0,38.0,2.0,35.0,3.0,34.0,2.0,30.0,1.0,27.0,1.0,26.0,2.0,24.0,2.0,23.0,3.0,21.0,3.0,21.0,3.0,20.0,3.0,15.0,5.0,18.0,4.0,16.0,5.0,14.0,5.0,14.0,6.0,15.0,5.0,13.0,6.0,15.0,6.0,17.0,6.0,13.0,7.0,16.0,6.0,16.0,7.0,15.0,8.0,14.0,7.0,15.0,9.0,17.0,9.0,13.0,10.0,15.0,9.0,16.0,10.0,17.0,10.0,17.0,11.0,18.0,11.0,19.0,11.0,18.0,12.0,19.0,13.0,23.0,13.0,20.0,13.0,21.0,14.0,29.0,13.0,27.0,13.0,25.0,14.0,31.0,14.0,34.0,14.0,38.0,13.0,40.0,12.0,42.0,12.0,40.0,12.0,40.0,12.0,46.0,11.0,42.0,11.0,44.0,12.0,41.0,10.0,42.0,10.0,45.0,9.0,44.0,9.0,41.0,9.0,43.0,8.0,42.0,8.0,41.0,7.0,41.0,6.0,42.0,6.0,42.0,5.0,39.0,6.0,39.0,5.0,40.0,4.0,39.0,4.0,40.0,4.0,37.0,3.0,35.0,3.0,34.0,4.0,33.0,3.0,30.0,3.0,26.0,4.0,28.0,4.0,27.0,4.0,25.0,4.0,23.0,4.0,23.0,4.0,23.0,5.0,23.0,5.0,23.0,6.0,21.0,6.0,22.0,5.0,20.0,8.0,21.0,8.0,21.0,7.0,19.0,9.0,19.0,9.0,19.0,9.0,20.0,9.0,21.0,10.0,20.0,10.0,20.0,10.0,23.0,10.0,23.0,11.0,24.0,11.0,25.0,12.0,25.0,12.0,26.0,12.0,27.0,13.0,30.0,12.0,30.0,12.0,31.0,12.0,34.0,12.0,34.0,12.0
1759560717.718293000,00:03:7f:25:14:25,00:03:7f:25:14:25,0a:f5:a5:94:4b:df,0a:f5:a5:94:4b:df,9,14,7,14,4,15,1,15,60,15,55,15,53,14,51,13,51,13,51,12,50,12,50,11,50,11,51,11,51,10,51,10,51,9,50,8,50,8,50,8,50,7,50,7,50,6,50,5,51,5,50,4,50,4,51,4,51,4,51,3,51,2,51,2,54,1,57,1,60,1,62,1,1,1,3,1,8,1,11,2,12,2,13,3,12,3,11,3,11,4,11,4,13,5,14,6,14,7,13,7,14,7,14,7,14,8,14,8,13,9,13,10,13,10,12,11,13,11,13,12,13,12,12,12,12,13,10,14,10,14,7,15,3,15,63,15,58,15,54,14,52,13,52,12,50,12,49,12,49,11,49,11,49,11,50,10,50,9,49,8,48,8,48,7,48,7,49,6,49,6,49,5,50,4,51,4,52,3,52,3,52,3,52,2,52,2,53,1,58,1,0,1,1,1,2,1,4,1,6,2,8,2,9,2,10,3,10,4,10,4,10,4,11,5,12,5,11.0,6.0,11.0,7.0,11.0,7.0,11.0,8.0,12.0,8.0,12.0,8.0,11.0,8.0,11.0,9.0,11.0,10.0,10.0,12.0,11.0,11.0,8.0,12.0,8.0,12.0,6.0,12.0,3.0,13.0,1.0,13.0,0.0,14.0,63.0,14.0,61.0,14.0,58.0,13.0,56.0,13.0,55.0,12.0,54.0,12.0,53.0,12.0,54.0,12.0,53.0,11.0,54.0,11.0,53.0,10.0,52.0,9.0,51.0,9.0,50.0,9.0,50.0,8.0,51.0,8.0,51.0,8.0,51.0,7.0,51.0,7.0,51.0,6.0,52.0,5.0,52.0,5.0,54.0,5.0,54.0,4.0,54.0,4.0,53.0,4.0,53.0,3.0,54.0,3.0,57.0,2.0,58.0,2.0,59.0,2.0,61.0,2.0,0.0,1.0,2.0,1.0,4.0,1.0,6.0,2.0,7.0,3.0,9.0,3.0,10.0,3.0,9.0,3.0,10.0,4.0,10.0,4.0,10.0,5.0,11.0,6.0,11.0,6.0,10.0,7.0,11.0,7.0,11.0,7.0,11.0,7.0,11.0,8.0,11.0,9.0,11.0,9.0,12.0,10.0,12.0,10.0,11.0,10.0,10.0,11.0,10.0,11.0,10.0,11.0,9.0,12.0,7.0,12.0,5.0,13.0,5.0,13.0,6.0,13.0,3.0,14.0,62.0,14.0,58.0,14.0,56.0,13.0,54.0,13.0,53.0,13.0,54.0,13.0,55.0,12.0,54.0,12.0,53.0,11.0,51.0,11.0,51.0,10.0,50.0,10.0,49.0,10.0,49.0,10.0,49.0,9.0,49.0,8.0,49.0,8.0,49.0,7.0,50.0,6.0,50.0,6.0,50.0,5.0,51.0,5.0,50.0,5.0,50.0,5.0,49.0,4.0,49.0,3.0,50.0,2.0,50.0,2.0,52.0,1.0,55.0,1.0,56.0,0.0,60.0,0.0,6.0,0.0,10.0,1.0,12.0,1.0,12.0,2.0,12.0,2.0,12.0,3.0,12.0,3.0,13.0,4.0,14.0,4.0,14.0,5.0,15.0,5.0,14.0,6.0,13.0,6.0
1759560717.980723000,00:03:7f:25:14:25,00:03:7f:25:14:25,3a:c8:97:94:99:7a,3a:c8:97:94:99:7a,41,9,40,9,40,8,39,8,39,7,39,8,38,6,39,6,38,6,37,6,36,6,37,5,34,5,36,5,35,5,34,4,34,5,32,5,31,5,32,6,30,5,29,6,30,5,29,5,29,5,29,6,27,6,28,6,29,6,28,7,27,7,28,7,28,7,28,7,28,8,28,8,31,8,30,8,30,9,30,9,32,9,33,9,33,9,33,9,33,9,34,9,36,8,37,8,36,9,38,8,36,8,38,8,37,7,37,7,37,7,37,7,37,7,35,6,35,6,36,6,37,5,36,5,36,5,35,5,35,5,34,5,35,5,34,5,31,4,32,4,29,4,31,4,29,5,29,5,28,5,28,5,27,5,26,6,27,6,27,6,26,6,25,7,24,8,25,8,25,8,25,8,26,9,27,9,27,9,25,10,27,10,28,10,27,11,28,10,28,11,29,11,28,12,28,12,32,11,32,11,33,12,34,12,34,11,34,12,36,11,36,11,40,11,38,10,40.0,10.0,37.0,10.0,40.0,11.0,40.0,10.0,40.0,10.0,43.0,10.0,41.0,8.0,41.0,9.0,42.0,8.0,41.0,8.0,45.0,6.0,42.0,6.0,41.0,6.0,42.0,6.0,40.0,6.0,40.0,5.0,42.0,5.0,41.0,5.0,40.0,3.0,40.0,3.0,41.0,2.0,37.0,3.0,38.0,2.0,34.0,1.0,30.0,1.0,26.0,2.0,22.0,2.0,22.0,2.0,19.0,2.0,19.0,2.0,19.0,2.0,13.0,5.0,17.0,3.0,14.0,5.0,12.0,5.0,11.0,6.0,12.0,5.0,10.0,6.0,13.0,5.0,15.0,4.0,10.0,6.0,13.0,5.0,14.0,7.0,12.0,7.0,11.0,6.0,13.0,8.0,14.0,7.0,10.0,9.0,13.0,8.0,14.0,9.0,16.0,9.0,15.0,10.0,15.0,10.0,16.0,10.0,14.0,10.0,15.0,12.0,19.0,12.0,16.0,12.0,17.0,14.0,23.0,13.0,21.0,13.0,19.0,13.0,23.0,14.0,22.0,14.0,36.0,14.0,40.0,14.0,43.0,14.0,38.0,14.0,39.0,14.0,48.0,12.0,43.0,13.0,46.0,13.0,42.0,11.0,43.0,11.0,46.0,10.0,44.0,10.0,41.0,10.0,44.0,9.0,43.0,9.0,42.0,8.0,42.0,6.0,42.0,7.0,43.0,6.0,40.0,6.0,41.0,5.0,41.0,5.0,40.0,5.0,41.0,4.0,39.0,3.0,36.0,3.0,35.0,3.0,35.0,3.0,31.0,3.0,27.0,3.0,28.0,3.0,27.0,3.0,24.0,4.0,22.0,3.0,23.0,3.0,23.0,4.0,23.0,5.0,23.0,5.0,21.0,5.0,21.0,5.0,20.0,7.0,20.0,7.0,20.0,6.0,18.0,8.0,19.0,8.0,18.0,9.0,20.0,9.0,21.0,9.0,20.0,9.0,20.0,10.0,22.0,10.0,22.0,10.0,22.0,11.0,23.0,11.0,24.0,12.0,24.0,12.0,26.0,12.0,29.0,12.0,28.0,12.0,29.0,12.0,32.0,12.0,33.0,12.0
1759560718.452476000,00:03:7f:25:14:25,00:03:7f:25:14:25,3a:c8:97:94:99:7a,3a:c8:97:94:99:7a,38,7,37,7,37,7,36,7,36,7,36,8,35,6,35,6,35,6,34,6,32,6,34,5,32,6,33,6,33,6,32,6,32,6,31,6,30,6,31,7,30,6,29,7,30,7,29,7,30,7,30,7,28,8,30,8,31,7,29,8,30,8,31,8,30,8,31,8,31,8,31,8,33,9,34,8,33,8,33,8,35,8,35,8,35,8,35,8,35,8,35,8,37,8,37,8,36,8,38,8,36,7,38,7,37,7,37,7,37,7,37,6,36,6,35,6,34,5,35,5,36,5,35,5,35,5,35,5,35,5,33,5,34,5,33,5,31,4,32,4,29,5,31,5,28,5,28,5,27,5,28,5,27,5,26,6,26,6,27,6,25,7,25,7,24,8,25,8,25,8,25,8,25,9,26,9,27,9,25,10,27,10,27,10,27,11,28,10,28,11,29,11,28,12,28,12,31,12,31,12,33,12,33,12,34,11,34,11,36,11,36,11,39,11,38,11,40.0,10.0,37.0,10.0,40.0,10.0,40.0,10.0,40.0,10.0,42.0,10.0,41.0,8.0,41.0,9.0,42.0,8.0,41.0,7.0,44.0,6.0,41.0,6.0,41.0,6.0,41.0,6.0,39.0,5.0,39.0,5.0,40.0,5.0,39.0,4.0,39.0,3.0,39.0,3.0,37.0,2.0,35.0,3.0,34.0,2.0,30.0,1.0,28.0,1.0,27.0,2.0,24.0,2.0,22.0,2.0,20.0,2.0,20.0,3.0,20.0,3.0,15.0,5.0,18.0,4.0,16.0,5.0,14.0,5.0,14.0,6.0,15.0,5.0,14.0,6.0,15.0,6.0,17.0,5.0,13.0,7.0,15.0,6.0,16.0,7.0,14.0,8.0,13.0,7.0,15.0,9.0,16.0,8.0,12.0,10.0,14.0,9.0,15.0,10.0,16.0,10.0,16.0,10.0,15.0,11.0,17.0,11.0,15.0,12.0,16.0,12.0,19.0,12.0,16.0,12.0,16.0,14.0,23.0,13.0,22.0,13.0,20.0,14.0,23.0,14.0,28.0,15.0,38.0,14.0,41.0,14.0,43.0,14.0,41.0,14.0,41.0,13.0,48.0,12.0,43.0,13.0,46.0,12.0,42.0,11.0,44.0,11.0,46.0,10.0,45.0,10.0,42.0,10.0,44.0,9.0,43.0,9.0,43.0,9.0,43.0,7.0,44.0,7.0,44.0,6.0,41.0,7.0,42.0,6.0,43.0,5.0,42.0,5.0,43.0,4.0,41.0,3.0,40.0,3.0,38.0,3.0,39.0,3.0,35.0,2.0,30.0,2.0,31.0,2.0,29.0,2.0,26.0,3.0,23.0,2.0,24.0,3.0,23.0,3.0,23.0,3.0,22.0,4.0,21.0,4.0,20.0,4.0,19.0,6.0,20.0,6.0,19.0,6.0,17.0,7.0,18.0,7.0,17.0,8.0,19.0,8.0,19.0,8.0,19.0,8.0,18.0,9.0,20.0,9.0,20.0,10.0,20.0,10.0,21.0,11.0,21.0,11.0,22.0,11.0,23.0,12.0,25.0,12.0,26.0,12.0,27.0,12.0,29.0,12.0,31.0,13.0
1759560718.915765000,00:03:7f:25:14:25,00:03:7f:25:14:25,3a:c8:97:94:99:7a,3a:c8:97:94:99:7a,43,7,41,7,42,6,41,6,40,6,40,6,40,5,39,5,39,4,37,5,35,4,36,3,33,4,34,4,34,4,31,3,31,4,29,4,28,4,28,5,26,5,26,5,26,5,26,6,26,6,26,6,24,7,26,7,27,7,25,8,26,8,27,8,27,9,27,9,28,9,28,9,30,9,31,9,30,10,30,10,33,10,34,10,34,9,34,10,34,10,35,9,37,9,37,9,36,9,38,8,37,8,39,8,37,8,37,8,37,8,38,7,37,7,36,6,36,6,37,6,38,5,36,6,37,5,36,5,36,5,35,5,36,4,35,5,32,4,34,4,30,5,32,4,29,5,29,4,28,5,28,5,27,5,26,6,27,5,26,6,25,6,24,7,24,7,24,8,24,8,25,8,25,9,26,9,26,9,24,10,26,10,27,10,26,11,27,10,28,11,28,11,27,12,28,12,30,12,31,12,32,12,33,12,34,12,34,12,37,11,36,11,40,11,38,11,41.0,11.0,39.0,11.0,41.0,10.0,42.0,9.0,41.0,9.0,44.0,10.0,43.0,9.0,42.0,9.0,45.0,8.0,43.0,6.0,45.0,6.0,43.0,6.0,42.0,5.0,42.0,5.0,41.0,5.0,41.0,4.0,42.0,4.0,40.0,3.0,40.0,2.0,40.0,3.0,39.0,1.0,35.0,2.0,33.0,1.0,26.0,1.0,23.0,1.0,23.0,2.0,21.0,2.0,20.0,2.0,18.0,2.0,17.0,3.0,18.0,3.0,13.0,5.0,16.0,4.0,15.0,5.0,14.0,5.0,13.0,6.0,14.0,5.0,12.0,7.0,14.0,6.0,16.0,6.0,13.0,7.0,15.0,7.0,15.0,8.0,14.0,8.0,13.0,8.0,14.0,10.0,15.0,9.0,12.0,10.0,14.0,10.0,14.0,10.0,15.0,10.0,14.0,11.0,14.0,12.0,16.0,12.0,13.0,13.0,16.0,13.0,18.0,13.0,14.0,14.0,13.0,15.0,25.0,15.0,24.0,15.0,25.0,15.0,38.0,15.0,44.0,15.0,44.0,14.0,46.0,13.0,49.0,13.0,46.0,13.0,46.0,12.0,50.0,11.0,46.0,12.0,48.0,12.0,45.0,11.0,46.0,10.0,48.0,10.0,47.0,9.0,44.0,9.0,46.0,8.0,45.0,8.0,45.0,8.0,45.0,7.0,45.0,6.0,46.0,6.0,43.0,6.0,44.0,5.0,44.0,4.0,44.0,4.0,44.0,4.0,43.0,3.0,40.0,2.0,38.0,2.0,39.0,2.0,33.0,1.0,26.0,1.0,28.0,1.0,25.0,1.0,23.0,2.0,20.0,2.0,20.0,3.0,19.0,3.0,20.0,4.0,19.0,4.0,18.0,4.0,18.0,4.0,17.0,6.0,18.0,6.0,17.0,6.0,15.0,7.0,16.0,8.0,15.0,8.0,17.0,8.0,17.0,8.0,16.0,8.0,16.0,9.0,18.0,9.0,18.0,10.0,18.0,11.0,19.0,11.0,19.0,11.0,19.0,12.0,19.0,13.0,22.0,13.0,23.0,13.0,25.0,13.0,28.0,13.0,31.0,14.0
1759560719.273586000,00:03:7f:25:14:25,00:03:7f:25:14:25,0a:f5:a5:94:4b:df,0a:f5:a5:94:4b:df,9,14,6,14,4,15,1,15,60,15,55,15,54,14,53,13,52,12,52,12,51,12,50,11,50,11,51,11,52,10,52,10,51,9,51,8,50,8,50,7,50,7,50,7,50,6,51,5,51,5,51,4,51,4,51,4,52,4,52,3,52,2,53,2,56,1,58,1,61,1,63,1,0,1,2,1,7,1,9,2,11,2,11,3,11,3,10,3,10,4,10,4,13,5,13,6,13,7,13,7,13,7,14,7,14,8,13,8,12,9,12,10,12,10,12,11,12,11,12,11,12,12,12,12,11,13,10,14,10,14,7,15,4,15,2,15,60,15,56,14,53,13,52,12,50,12,49,12,49,11,49,11,50,11,50,10,50,9,49,9,49,8,48,7,49,7,49,6,49,6,49,5,50,4,51,3,52,3,52,3,52,3,52,2,53,2,55,1,60,1,0,1,1,1,1,1,3,2,5,2,7,2,8,2,10,3,9,4,10,4,10,4,11,5,11,5,11.0,6.0,11.0,7.0,11.0,8.0,11.0,8.0,11.0,8.0,11.0,8.0,11.0,8.0,10.0,9.0,10.0,10.0,9.0,12.0,10.0,11.0,8.0,12.0,7.0,12.0,5.0,12.0,2.0,13.0,0.0,13.0,63.0,13.0,63.0,13.0,62.0,13.0,59.0,13.0,57.0,12.0,56.0,12.0,55.0,12.0,55.0,12.0,55.0,11.0,54.0,11.0,55.0,11.0,54.0,10.0,53.0,9.0,52.0,9.0,51.0,9.0,51.0,9.0,52.0,8.0,52.0,8.0,52.0,8.0,52.0,7.0,51.0,7.0,52.0,6.0,53.0,5.0,54.0,5.0,55.0,5.0,55.0,4.0,54.0,4.0,54.0,4.0,55.0,3.0,57.0,3.0,58.0,3.0,59.0,2.0,60.0,2.0,62.0,2.0,63.0,1.0,1.0,1.0,3.0,2.0,5.0,3.0,7.0,3.0,8.0,3.0,8.0,3.0,8.0,4.0,9.0,4.0,9.0,5.0,10.0,5.0,10.0,6.0,10.0,6.0,10.0,7.0,10.0,7.0,11.0,7.0,10.0,7.0,10.0,8.0,11.0,9.0,12.0,9.0,12.0,9.0,11.0,10.0,10.0,10.0,10.0,10.0,10.0,11.0,9.0,11.0,7.0,12.0,6.0,12.0,6.0,13.0,7.0,13.0,5.0,13.0,2.0,14.0,62.0,14.0,60.0,14.0,58.0,14.0,56.0,14.0,56.0,13.0,55.0,13.0,55.0,12.0,53.0,12.0,52.0,12.0,51.0,11.0,50.0,11.0,49.0,11.0,49.0,10.0,49.0,10.0,49.0,9.0,49.0,9.0,49.0,8.0,49.0,7.0,49.0,6.0,50.0,6.0,50.0,6.0,50.0,6.0,49.0,5.0,48.0,4.0,48.0,4.0,48.0,2.0,48.0,2.0,49.0,2.0,51.0,1.0,50.0,1.0,48.0,0.0,48.0,0.0,11.0,0.0,13.0,1.0,14.0,1.0,13.0,2.0,13.0,2.0,13.0,3.0,14.0,3.0,15.0,4.0,15.0,5.0,15.0,5.0,15.0,5.0,14.0,6.0
1759560719.481215000,00:03:7f:25:14:25,00:03:7f:25:14:25,3a:c8:97:94:99:7a,3a:c8:97:94:99:7a,39,12,38,11,39,11,38,11,39,11,40,11,38,9,40,9,39,8,39,8,38,8,40,7,37,7,39,7,39,7,37,5,38,6,36,6,36,5,35,5,33,4,33,5,32,4,31,4,31,4,31,4,28,5,29,5,30,5,27,6,27,6,28,6,27,7,27,7,27,7,28,7,30,8,30,8,29,8,30,9,32,9,33,9,34,9,34,9,35,9,35,8,38,8,38,7,37,7,39,7,37,6,39,6,37,5,37,5,36,5,36,4,35,4,33,4,32,4,32,4,33,4,30,4,31,4,30,4,30,4,29,5,29,5,28,6,26,5,28,5,25,6,27,6,26,7,25,7,25,7,26,7,26,7,25,8,26,8,27,8,26,8,26,9,26,10,27,10,27,10,28,10,29,10,30,10,31,10,30,11,32,10,33,10,34,11,34,10,34,10,35,10,34,10,34,11,36,10,36,9,37,9,37,9,36,9,36,9,36,8,36,8,39,8,37,7,38.0,7.0,36.0,7.0,38.0,8.0,37.0,7.0,37.0,7.0,39.0,7.0,38.0,6.0,36.0,6.0,38.0,6.0,36.0,6.0,37.0,5.0,34.0,5.0,34.0,5.0,34.0,5.0,33.0,5.0,32.0,5.0,33.0,5.0,31.0,5.0,31.0,4.0,31.0,5.0,29.0,4.0,29.0,5.0,29.0,5.0,27.0,5.0,26.0,5.0,27.0,6.0,26.0,6.0,26.0,6.0,25.0,6.0,25.0,6.0,25.0,6.0,20.0,8.0,25.0,7.0,23.0,8.0,21.0,8.0,22.0,9.0,23.0,7.0,21.0,9.0,23.0,8.0,25.0,8.0,21.0,9.0,24.0,8.0,24.0,9.0,23.0,10.0,23.0,9.0,24.0,10.0,25.0,10.0,22.0,11.0,23.0,10.0,25.0,11.0,25.0,10.0,26.0,10.0,27.0,11.0,27.0,11.0,27.0,11.0,29.0,11.0,32.0,12.0,29.0,11.0,30.0,12.0,33.0,11.0,31.0,11.0,31.0,12.0,33.0,11.0,34.0,11.0,36.0,11.0,37.0,10.0,39.0,10.0,36.0,10.0,36.0,10.0,42.0,9.0,39.0,10.0,39.0,10.0,37.0,9.0,39.0,9.0,40.0,8.0,39.0,8.0,37.0,8.0,39.0,8.0,37.0,8.0,37.0,8.0,38.0,6.0,38.0,7.0,38.0,6.0,36.0,6.0,37.0,6.0,37.0,6.0,37.0,6.0,38.0,6.0,36.0,5.0,34.0,5.0,33.0,5.0,33.0,5.0,32.0,5.0,28.0,5.0,30.0,5.0,29.0,5.0,28.0,5.0,26.0,5.0,27.0,5.0,27.0,5.0,27.0,5.0,27.0,6.0,25.0,6.0,25.0,5.0,23.0,7.0,24.0,7.0,24.0,6.0,22.0,7.0,22.0,8.0,21.0,8.0,23.0,8.0,23.0,8.0,22.0,8.0,22.0,8.0,24.0,8.0,23.0,9.0,23.0,9.0,24.0,9.0,24.0,10.0,24.0,10.0,24.0,11.0,26.0,10.0,26.0,10.0,26.0,11.0,28.0,11.0,28.0,11.0
1759560720.046869000,00:03:7f:25:14:25,00:03:7f:25:14:25,3a:c8:97:94:99:7a,3a:c8:97:94:99:7a,15,10,18,12,18,10,19,10,17,11,17,13,24,11,30,13,26,12,29,12,25,13,30,12,28,12,33,11,33,12,33,10,35,10,35,11,33,9,35,9,35,8,34,8,33,8,33,7,33,7,33,6,29,8,31,7,31,7,29,8,29,7,30,8,29,8,29,8,29,9,29,9,31,10,32,10,31,10,32,11,35,11,36,10,38,10,37,10,38,10,39,9,41,9,42,8,40,8,42,7,40,7,42,6,40,5,40,5,39,5,39,4,38,4,36,4,34,3,34,3,34,3,31,3,32,3,30,3,30,3,27,4,28,4,27,4,24,4,26,4,23,5,25,5,23,6,23,6,23,7,23,7,23,7,23,8,24,8,24,9,23,9,23,10,23,10,25,10,25,10,26,11,27,11,29,11,30,11,29,12,31,11,33,11,34,12,34,11,34,11,36,11,35,11,35,11,37,10,37,10,39,10,38,10,38,9,38,9,38,8,38,9,41,8,39,7,40.0,7.0,38.0,7.0,39.0,7.0,39.0,6.0,38.0,6.0,40.0,6.0,38.0,5.0,37.0,6.0,38.0,4.0,35.0,4.0,37.0,4.0,33.0,4.0,32.0,5.0,32.0,4.0,31.0,5.0,29.0,4.0,30.0,4.0,30.0,5.0,28.0,4.0,28.0,5.0,25.0,5.0,27.0,5.0,26.0,5.0,24.0,6.0,24.0,6.0,25.0,7.0,24.0,7.0,24.0,7.0,23.0,7.0,22.0,8.0,23.0,8.0,20.0,9.0,24.0,9.0,23.0,10.0,21.0,10.0,21.0,10.0,22.0,10.0,21.0,11.0,24.0,10.0,26.0,10.0,23.0,11.0,26.0,10.0,26.0,11.0,26.0,12.0,26.0,11.0,28.0,11.0,28.0,11.0,28.0,12.0,28.0,11.0,29.0,11.0,29.0,11.0,31.0,11.0,32.0,11.0,32.0,11.0,33.0,11.0,34.0,10.0,38.0,11.0,35.0,10.0,34.0,11.0,37.0,10.0,35.0,10.0,34.0,10.0,36.0,10.0,37.0,9.0,38.0,9.0,38.0,8.0,40.0,8.0,36.0,8.0,36.0,8.0,41.0,7.0,38.0,8.0,39.0,8.0,36.0,7.0,38.0,7.0,39.0,6.0,37.0,6.0,35.0,7.0,37.0,6.0,35.0,6.0,35.0,7.0,35.0,6.0,35.0,6.0,35.0,5.0,33.0,6.0,33.0,6.0,33.0,5.0,33.0,6.0,34.0,6.0,32.0,5.0,31.0,5.0,31.0,6.0,29.0,5.0,29.0,6.0,26.0,6.0,28.0,6.0,28.0,6.0,27.0,7.0,25.0,7.0,26.0,6.0,26.0,7.0,27.0,7.0,27.0,7.0,26.0,8.0,26.0,7.0,25.0,9.0,25.0,8.0,25.0,8.0,24.0,9.0,24.0,9.0,23.0,9.0,25.0,9.0,25.0,9.0,24.0,9.0,24.0,10.0,26.0,9.0,26.0,10.0,27.0,10.0,27.0,10.0,27.0,10.0,28.0,10.0,28.0,11.0,30.0,10.0,29.0,10.0,29.0,10.0,31.0,10.0,31.0,10.0
1759560720.667478000,00:03:7f:25:14:25,00:03:7f:25:14:25,3a:c8:97:94:99:7a,3a:c8:97:94:99:7a,30,2,28,5,26,4,24,5,23,6,23,8,25,6,26,7,25,6,27,7,23,8,26,7,25,8,26,8,26,9,27,8,28,9,25,9,27,8,28,9,27,8,28,9,28,9,28,9,29,9,29,8,27,9,29,9,29,9,28,10,28,9,30,10,30,10,30,10,30,10,31,10,33,10,33,10,33,10,34,11,36,10,37,10,37,10,37,10,38,10,38,9,40,9,40,8,39,8,41,8,39,7,41,7,40,6,39,6,39,6,39,5,38,5,36,4,36,4,36,4,37,4,34,4,35,4,33,4,33,3,30,3,31,3,30,4,27,3,29,4,26,4,27,4,25,5,25,5,24,6,24,6,24,6,24,7,25,7,24,7,24,7,23,8,23,9,24,9,24,9,24,9,25,10,26,10,27,10,26,11,27,11,29,11,29,12,30,11,30,11,32,11,31,12,31,12,34,11,34,11,36,11,36,11,35,11,36,11,37,10,37,10,40,10,38,9,40.0,9.0,38.0,9.0,40.0,9.0,39.0,8.0,39.0,8.0,41.0,8.0,40.0,7.0,39.0,7.0,41.0,6.0,38.0,5.0,40.0,5.0,38.0,5.0,37.0,5.0,36.0,5.0,35.0,4.0,34.0,4.0,35.0,4.0,33.0,4.0,32.0,3.0,32.0,4.0,28.0,3.0,29.0,4.0,28.0,4.0,26.0,4.0,26.0,4.0,26.0,5.0,25.0,5.0,24.0,5.0,23.0,5.0,23.0,5.0,23.0,5.0,19.0,7.0,22.0,6.0,21.0,7.0,20.0,7.0,19.0,8.0,21.0,7.0,19.0,8.0,21.0,8.0,23.0,8.0,20.0,9.0,22.0,8.0,22.0,9.0,22.0,10.0,21.0,9.0,23.0,10.0,23.0,10.0,21.0,11.0,23.0,10.0,24.0,11.0,24.0,11.0,26.0,11.0,26.0,11.0,28.0,11.0,29.0,12.0,30.0,12.0,33.0,12.0,31.0,11.0,31.0,12.0,35.0,11.0,33.0,11.0,33.0,11.0,35.0,11.0,36.0,11.0,37.0,10.0,38.0,10.0,40.0,10.0,38.0,10.0,38.0,10.0,43.0,9.0,39.0,9.0,40.0,10.0,38.0,8.0,39.0,8.0,41.0,8.0,40.0,7.0,37.0,8.0,39.0,7.0,38.0,7.0,37.0,7.0,38.0,6.0,38.0,6.0,38.0,5.0,36.0,6.0,36.0,5.0,36.0,5.0,36.0,5.0,37.0,5.0,35.0,5.0,33.0,5.0,33.0,5.0,31.0,5.0,30.0,5.0,27.0,5.0,29.0,5.0,28.0,5.0,27.0,6.0,25.0,5.0,26.0,5.0,26.0,6.0,27.0,6.0,26.0,6.0,25.0,7.0,25.0,6.0,24.0,8.0,24.0,8.0,24.0,8.0,23.0,8.0,23.0,9.0,22.0,9.0,24.0,9.0,25.0,9.0,23.0,9.0,24.0,10.0,26.0,9.0,26.0,10.0,26.0,10.0,27.0,10.0,27.0,11.0,27.0,10.0,28.0,11.0,31.0,11.0,30.0,10.0,30.0,11.0,32.0,11.0,32.0,11.0
1759560720.832982000,00:03:7f:25:14:25,00:03:7f:25:14:25,0a:f5:a5:94:4b:df,0a:f5:a5:94:4b:df,10,13,9,14,8,14,7,15,3,15,60,15,56,14,53,14,52,13,52,12,51,12,51,12,51,11,51,11,52,11,52,10,51,9,51,9,50,8,50,8,50,8,50,7,50,7,51,6,51,5,50,5,50,4,51,4,51,4,52,4,51,3,51,2,53,2,55,1,58,1,60,1,62,1,0,1,5,1,9,1,11,2,12,2,11,3,11,3,10,3,10,4,13,5,14,6,13,6,13,7,13,7,14,7,14,7,14,8,13,9,13,9,13,10,12,11,13,11,13,11,13,12,13,12,12,13,12,13,12,14,10,14,7,15,4,15,62,15,56,14,53,13,52,13,50,12,49,12,49,12,49,11,50,11,50,10,50,9,49,9,49,8,48,8,49,7,49,7,49,6,49,5,50,5,51,4,52,4,52,4,52,3,52,3,52,2,53,2,57,1,61,1,63,1,0,1,2,1,4,2,6,2,8,2,9,2,9,3,9,4,10,4,10,4,11,5,11.0,6.0,11.0,6.0,11.0,7.0,11.0,8.0,11.0,8.0,11.0,8.0,11.0,8.0,11.0,9.0,11.0,9.0,10.0,11.0,11.0,11.0,8.0,11.0,8.0,12.0,6.0,12.0,4.0,13.0,2.0,13.0,2.0,13.0,2.0,14.0,0.0,13.0,61.0,13.0,58.0,13.0,56.0,12.0,55.0,12.0,54.0,12.0,54.0,12.0,54.0,12.0,55.0,11.0,54.0,11.0,53.0,10.0,52.0,9.0,51.0,9.0,50.0,9.0,51.0,9.0,51.0,9.0,52.0,8.0,51.0,8.0,50.0,7.0,51.0,6.0,52.0,5.0,53.0,5.0,54.0,5.0,53.0,5.0,53.0,4.0,53.0,4.0,53.0,3.0,55.0,2.0,56.0,2.0,57.0,2.0,58.0,2.0,60.0,2.0,61.0,1.0,63.0,1.0,3.0,1.0,6.0,2.0,7.0,3.0,9.0,3.0,8.0,3.0,9.0,3.0,10.0,4.0,10.0,4.0,11.0,5.0,10.0,6.0,10.0,6.0,11.0,6.0,11.0,7.0,11.0,7.0,11.0,7.0,11.0,8.0,12.0,9.0,13.0,9.0,13.0,9.0,12.0,10.0,11.0,10.0,11.0,10.0,11.0,11.0,10.0,11.0,8.0,12.0,8.0,12.0,7.0,13.0,8.0,13.0,8.0,13.0,4.0,14.0,63.0,14.0,60.0,14.0,57.0,14.0,55.0,14.0,55.0,14.0,55.0,13.0,54.0,13.0,53.0,12.0,51.0,12.0,50.0,11.0,49.0,11.0,48.0,11.0,48.0,11.0,48.0,10.0,48.0,9.0,48.0,9.0,48.0,8.0,48.0,7.0,48.0,7.0,49.0,6.0,49.0,6.0,49.0,6.0,48.0,5.0,47.0,4.0,47.0,4.0,47.0,2.0,46.0,2.0,47.0,1.0,48.0,1.0,48.0,1.0,44.0,0.0,35.0,0.0,19.0,0.0,16.0,1.0,15.0,1.0,14.0,2.0,13.0,2.0,13.0,3.0,14.0,3.0,15.0,4.0,16.0,4.0,16.0,5.0,15.0,5.0,15.0,6.0
