timestamp,subcarrier_index,magnitude
0.4974,0,69.857
0.4974,1,1.0
0.4974,2,24.0208
0.4974,3,24.0
0.4974,4,24.0
0.4974,5,24.0208
0.4974,6,24.0208
0.4974,7,23.0868
0.4974,8,23.0868
0.4974,9,22.0907
0.4974,10,23.3452
0.4974,11,23.5372
0.4974,12,22.561
0.4974,13,22.561
0.4974,14,22.8035
0.4974,15,22.561
0.4974,16,22.561
0.4974,17,23.5372
0.4974,18,23.3452
0.4974,19,22.2036
0.4974,20,21.095
0.4974,21,21.095
0.4974,22,20.025
0.4974,23,21.0238
0.4974,24,20.0
0.4974,25,19.0263
0.4974,26,18.2483
0.4974,27,0.0
0.4974,28,0.0
0.4974,29,0.0
0.4974,30,0.0
0.4974,31,0.0
0.4974,32,0.0
0.4974,33,0.0
0.4974,34,0.0
0.4974,35,0.0
0.4974,36,0.0
0.4974,37,0.0
0.4974,38,12.1655
0.4974,39,13.0384
0.4974,40,13.0384
0.4974,41,14.0
0.4974,42,15.0
0.4974,43,15.0333
0.4974,44,16.1245
0.4974,45,16.2788
0.4974,46,16.2788
0.4974,47,17.4642
0.4974,48,18.4391
0.4974,49,18.4391
0.4974,50,18.4391
0.4974,51,18.4391
0.4974,52,18.4391
0.4974,53,19.4165
0.4974,54,18.4391
0.4974,55,19.4165
0.4974,56,20.2237
0.4974,57,21.095
0.4974,58,21.095
0.4974,59,21.095
0.4974,60,22.0907
0.4974,61,24.0
0.4974,62,23.0217
0.4974,63,24.0208
0.5413,0,69.857
0.5413,1,1.0
0.5413,2,24.5967
0.5413,3,25.0599
0.5413,4,23.7065
0.5413,5,23.7065
0.5413,6,24.1661
0.5413,7,22.8473
0.5413,8,22.4722
0.5413,9,21.5407
0.5413,10,22.1359
0.5413,11,22.8035
0.5413,12,22.8035
0.5413,13,22.8035
0.5413,14,23.7697
0.5413,15,22.8035
0.5413,16,22.8035
0.5413,17,22.8035
0.5413,18,23.0868
0.5413,19,23.0868
0.5413,20,22.1359
0.5413,21,21.5407
0.5413,22,20.1246
0.5413,23,20.6155
0.5413,24,20.5913
0.5413,25,19.7231
0.5413,26,19.4165
0.5413,27,0.0
0.5413,28,0.0
0.5413,29,0.0
0.5413,30,0.0
0.5413,31,0.0
0.5413,32,0.0
0.5413,33,0.0
0.5413,34,0.0
0.5413,35,0.0
0.5413,36,0.0
0.5413,37,0.0
0.5413,38,12.6491
0.5413,39,13.0
0.5413,40,13.4164
0.5413,41,14.7648
0.5413,42,15.2643
0.5413,43,15.8114
0.5413,44,15.8114
0.5413,45,16.4012
0.5413,46,17.0294
0.5413,47,18.4391
0.5413,48,19.2094
0.5413,49,19.105
0.5413,50,19.105
0.5413,51,19.105
0.5413,52,19.105
0.5413,53,19.8494
0.5413,54,19.8494
0.5413,55,19.2094
0.5413,56,21.4009
0.5413,57,20.8087
0.5413,58,21.095
0.5413,59,21.095
0.5413,60,21.095
0.5413,61,23.7065
0.5413,62,23.7065
0.5413,63,24.1868
0.5839,0,69.857
0.5839,1,1.0
0.5839,2,25.9615
0.5839,3,25.7099
0.5839,4,25.7099
0.5839,5,25.4951
0.5839,6,25.4951
0.5839,7,25.318
0.5839,8,24.1868
0.5839,9,24.1868
0.5839,10,24.0832
0.5839,11,24.0208
0.5839,12,24.0
0.5839,13,24.0
0.5839,14,25.0
0.5839,15,25.02
0.5839,16,25.0
0.5839,17,25.02
0.5839,18,25.0799
0.5839,19,24.0832
0.5839,20,23.0868
0.5839,21,23.1948
0.5839,22,21.3776
0.5839,23,21.3776
0.5839,24,21.587
0.5839,25,20.8806
0.5839,26,20.6155
0.5839,27,0.0
0.5839,28,0.0
0.5839,29,0.0
0.5839,30,0.0
0.5839,31,0.0
0.5839,32,0.0
0.5839,33,0.0
0.5839,34,0.0
0.5839,35,0.0
0.5839,36,0.0
0.5839,37,0.0
0.5839,38,13.1529
0.5839,39,13.3417
0.5839,40,14.3178
0.5839,41,15.5242
0.5839,42,15.8114
0.5839,43,16.5529
0.5839,44,17.4642
0.5839,45,17.8885
0.5839,46,18.3576
0.5839,47,19.2354
0.5839,48,20.5913
0.5839,49,20.5913
0.5839,50,20.5913
0.5839,51,20.5913
0.5839,52,20.5913
0.5839,53,21.4709
0.5839,54,20.5913
0.5839,55,21.4709
0.5839,56,21.9317
0.5839,57,22.4722
0.5839,58,22.4722
0.5839,59,23.4094
0.5839,60,24.3516
0.5839,61,25.9615
0.5839,62,26.6833
0.5839,63,27.2029
0.5867,0,69.857
0.5867,1,1.0
0.5867,2,23.1948
0.5867,3,23.1948
0.5867,4,22.3607
0.5867,5,22.3607
0.5867,6,22.3607
0.5867,7,21.8403
0.5867,8,21.587
0.5867,9,20.6155
0.5867,10,21.1896
0.5867,11,21.5407
0.5867,12,21.0238
0.5867,13,21.5407
0.5867,14,21.5407
0.5867,15,21.5407
0.5867,16,22.4722
0.5867,17,22.4722
0.5867,18,22.1359
0.5867,19,20.8806
0.5867,20,20.8806
0.5867,21,20.8806
0.5867,22,19.6469
0.5867,23,19.6469
0.5867,24,19.2354
0.5867,25,18.1108
0.5867,26,18.0278
0.5867,27,0.0
0.5867,28,0.0
0.5867,29,0.0
0.5867,30,0.0
0.5867,31,0.0
0.5867,32,0.0
0.5867,33,0.0
0.5867,34,0.0
0.5867,35,0.0
0.5867,36,0.0
0.5867,37,0.0
0.5867,38,11.7047
0.5867,39,12.3693
0.5867,40,12.1655
0.5867,41,13.1529
0.5867,42,14.0357
0.5867,43,14.0
0.5867,44,15.0
0.5867,45,15.0
0.5867,46,16.0312
0.5867,47,16.0312
0.5867,48,18.1108
0.5867,49,18.1108
0.5867,50,18.1108
0.5867,51,18.1108
0.5867,52,18.1108
0.5867,53,18.0278
0.5867,54,18.1108
0.5867,55,18.0278
0.5867,56,19.0
0.5867,57,20.0
0.5867,58,20.025
0.5867,59,21.0238
0.5867,60,21.0238
0.5867,61,22.2036
0.5867,62,23.1948
0.5867,63,23.1948
0.6077,0,69.857
0.6077,1,1.0
0.6077,2,24.4131
0.6077,3,25.2389
0.6077,4,24.4131
0.6077,5,24.4131
0.6077,6,23.8537
0.6077,7,24.1868
0.6077,8,23.3238
0.6077,9,22.8254
0.6077,10,22.3607
0.6077,11,23.7697
0.6077,12,22.8473
0.6077,13,22.8473
0.6077,14,23.4094
0.6077,15,22.8473
0.6077,16,23.7697
0.6077,17,23.2594
0.6077,18,23.2594
0.6077,19,22.8254
0.6077,20,21.4709
0.6077,21,21.095
0.6077,22,20.2485
0.6077,23,20.2485
0.6077,24,20.8087
0.6077,25,19.2094
0.6077,26,19.105
0.6077,27,0.0
0.6077,28,0.0
0.6077,29,0.0
0.6077,30,0.0
0.6077,31,0.0
0.6077,32,0.0
0.6077,33,0.0
0.6077,34,0.0
0.6077,35,0.0
0.6077,36,0.0
0.6077,37,0.0
0.6077,38,12.53
0.6077,39,13.8924
0.6077,40,13.6015
0.6077,41,15.0
0.6077,42,15.0
0.6077,43,16.2788
0.6077,44,16.2788
0.6077,45,16.9706
0.6077,46,17.6918
0.6077,47,18.3848
0.6077,48,19.105
0.6077,49,19.105
0.6077,50,19.105
0.6077,51,19.105
0.6077,52,19.105
0.6077,53,20.5183
0.6077,54,19.8494
0.6077,55,19.799
0.6077,56,21.9317
0.6077,57,21.2603
0.6077,58,22.0227
0.6077,59,22.8035
0.6077,60,22.0227
0.6077,61,24.4131
0.6077,62,24.4131
0.6077,63,25.0
0.6311,0,118.7266
0.6311,1,6.0
0.6311,2,30.2655
0.6311,3,28.4429
0.6311,4,29.2746
0.6311,5,29.1548
0.6311,6,28.1603
0.6311,7,28.0179
0.6311,8,28.0
0.6311,9,28.0
0.6311,10,28.0179
0.6311,11,28.0179
0.6311,12,28.0713
0.6311,13,27.1662
0.6311,14,28.1603
0.6311,15,28.0713
0.6311,16,28.0713
0.6311,17,28.0179
0.6311,18,29.0172
0.6311,19,28.0179
0.6311,20,27.0185
0.6311,21,27.0185
0.6311,22,26.0768
0.6311,23,25.318
0.6311,24,24.5153
0.6311,25,23.7697
0.6311,26,23.4094
0.6311,27,0.0
0.6311,28,0.0
0.6311,29,0.0
0.6311,30,0.0
0.6311,31,0.0
0.6311,32,0.0
0.6311,33,0.0
0.6311,34,0.0
0.6311,35,0.0
0.6311,36,0.0
0.6311,37,0.0
0.6311,38,14.0357
0.6311,39,15.0333
0.6311,40,15.1327
0.6311,41,16.1245
0.6311,42,17.2627
0.6311,43,17.4642
0.6311,44,18.6815
0.6311,45,19.9249
0.6311,46,21.1896
0.6311,47,21.1896
0.6311,48,21.5407
0.6311,49,21.5407
0.6311,50,22.4722
0.6311,51,22.4722
0.6311,52,23.4094
0.6311,53,22.4722
0.6311,54,23.4094
0.6311,55,23.4094
0.6311,56,25.0
0.6311,57,25.4951
0.6311,58,25.7099
0.6311,59,26.4764
0.6311,60,28.4429
0.6311,61,29.4279
0.6311,62,28.1603
0.6311,63,29.2746
7.3689,0,104.6566
7.3689,1,10.0
7.3689,2,31.7805
7.3689,3,30.8707
7.3689,4,30.8707
7.3689,5,30.0832
7.3689,6,29.1548
7.3689,7,29.1548
7.3689,8,28.7924
7.3689,9,27.5136
7.3689,10,28.4605
7.3689,11,27.5136
7.3689,12,26.2488
7.3689,13,25.2982
7.3689,14,24.0416
7.3689,15,24.7386
7.3689,16,23.7697
7.3689,17,22.8035
7.3689,18,21.8403
7.3689,19,21.8403
7.3689,20,20.8806
7.3689,21,19.6469
7.3689,22,18.6815
7.3689,23,18.0278
7.3689,24,18.0278
7.3689,25,17.088
7.3689,26,16.5529
7.3689,27,0.0
7.3689,28,0.0
7.3689,29,0.0
7.3689,30,0.0
7.3689,31,0.0
7.3689,32,0.0
7.3689,33,0.0
7.3689,34,0.0
7.3689,35,0.0
7.3689,36,0.0
7.3689,37,0.0
7.3689,38,20.2485
7.3689,39,21.0238
7.3689,40,21.9317
7.3689,41,22.3607
7.3689,42,23.7065
7.3689,43,23.3238
7.3689,44,25.5539
7.3689,45,26.0768
7.3689,46,27.4591
7.3689,47,28.0179
7.3689,48,28.6007
7.3689,49,29.2062
7.3689,50,29.2062
7.3689,51,30.6105
7.3689,52,30.0
7.3689,53,30.8058
7.3689,54,30.2324
7.3689,55,31.6228
7.3689,56,31.0644
7.3689,57,31.9061
7.3689,58,31.3847
7.3689,59,32.249
7.3689,60,32.7567
7.3689,61,32.249
7.3689,62,31.3847
7.3689,63,31.3847
7.5335,0,99.2975
7.5335,1,5.0
7.5335,2,16.1245
7.5335,3,18.3848
7.5335,4,19.9249
7.5335,5,21.8403
7.5335,6,22.1359
7.5335,7,23.0868
7.5335,8,23.4094
7.5335,9,23.7697
7.5335,10,22.8473
7.5335,11,21.0238
7.5335,12,19.6977
7.5335,13,18.7883
7.5335,14,17.088
7.5335,15,15.8114
7.5335,16,15.5242
7.5335,17,14.1421
7.5335,18,15.1327
7.5335,19,16.0312
7.5335,20,15.0
7.5335,21,16.0
7.5335,22,16.0
7.5335,23,16.0312
7.5335,24,16.0312
7.5335,25,15.1327
7.5335,26,15.2971
7.5335,27,0.0
7.5335,28,0.0
7.5335,29,0.0
7.5335,30,0.0
7.5335,31,0.0
7.5335,32,0.0
7.5335,33,0.0
7.5335,34,0.0
7.5335,35,0.0
7.5335,36,0.0
7.5335,37,0.0
7.5335,38,18.4391
7.5335,39,19.4165
7.5335,40,19.7231
7.5335,41,21.0238
7.5335,42,20.2485
7.5335,43,19.9249
7.5335,44,19.6469
7.5335,45,18.4391
7.5335,46,17.4642
7.5335,47,16.4924
7.5335,48,14.8661
7.5335,49,14.7648
7.5335,50,15.8114
7.5335,51,17.0294
7.5335,52,19.105
7.5335,53,21.2132
7.5335,54,22.6274
7.5335,55,24.7588
7.5335,56,25.4951
7.5335,57,25.6125
7.5335,58,25.0
7.5335,59,24.4131
7.5335,60,23.3238
7.5335,61,21.6333
7.5335,62,19.4165
7.5335,63,18.4391
7.5455,0,104.6566
7.5455,1,10.0
7.5455,2,22.0907
7.5455,3,23.0868
7.5455,4,22.2036
7.5455,5,22.2036
7.5455,6,21.095
7.5455,7,21.2132
7.5455,8,21.2132
7.5455,9,20.3961
7.5455,10,19.4165
7.5455,11,19.4165
7.5455,12,19.4165
7.5455,13,18.4391
7.5455,14,17.4642
7.5455,15,17.72
7.5455,16,17.72
7.5455,17,16.4924
7.5455,18,16.4924
7.5455,19,14.5602
7.5455,20,14.3178
7.5455,21,14.3178
7.5455,22,13.3417
7.5455,23,12.1655
7.5455,24,13.1529
7.5455,25,12.1655
7.5455,26,11.0454
7.5455,27,0.0
7.5455,28,0.0
7.5455,29,0.0
7.5455,30,0.0
7.5455,31,0.0
7.5455,32,0.0
7.5455,33,0.0
7.5455,34,0.0
7.5455,35,0.0
7.5455,36,0.0
7.5455,37,0.0
7.5455,38,15.2971
7.5455,39,15.1327
7.5455,40,15.1327
7.5455,41,16.0312
7.5455,42,17.0294
7.5455,43,17.0294
7.5455,44,18.0
7.5455,45,19.0
7.5455,46,19.0263
7.5455,47,20.025
7.5455,48,21.095
7.5455,49,21.095
7.5455,50,22.0907
7.5455,51,22.0907
7.5455,52,22.0907
7.5455,53,22.0907
7.5455,54,23.0217
7.5455,55,23.0217
7.5455,56,23.0217
7.5455,57,24.0
7.5455,58,24.0
7.5455,59,24.0
7.5455,60,24.0208
7.5455,61,24.0208
7.5455,62,24.0208
7.5455,63,24.0
7.5808,0,99.2975
7.5808,1,5.0
7.5808,2,11.4018
7.5808,3,12.6491
7.5808,4,14.3178
7.5808,5,15.2315
7.5808,6,16.5529
7.5808,7,17.088
7.5808,8,17.088
7.5808,9,17.088
7.5808,10,16.7631
7.5808,11,15.8114
7.5808,12,14.5602
7.5808,13,12.6491
7.5808,14,11.7047
7.5808,15,11.1803
7.5808,16,10.8167
7.5808,17,10.0
7.5808,18,10.6301
7.5808,19,10.6301
7.5808,20,10.6301
7.5808,21,12.0416
7.5808,22,12.0416
7.5808,23,12.0416
7.5808,24,12.7279
7.5808,25,12.0416
7.5808,26,12.2066
7.5808,27,0.0
7.5808,28,0.0
7.5808,29,0.0
7.5808,30,0.0
7.5808,31,0.0
7.5808,32,0.0
7.5808,33,0.0
7.5808,34,0.0
7.5808,35,0.0
7.5808,36,0.0
7.5808,37,0.0
7.5808,38,13.0
7.5808,39,14.7648
7.5808,40,15.0
7.5808,41,15.6205
7.5808,42,15.5563
7.5808,43,14.8661
7.5808,44,15.0
7.5808,45,13.0384
7.5808,46,12.2066
7.5808,47,10.6301
7.5808,48,9.8995
7.5808,49,9.434
7.5808,50,10.7703
7.5808,51,11.4018
7.5808,52,14.3178
7.5808,53,15.2971
7.5808,54,16.4924
7.5808,55,18.6815
7.5808,56,18.0278
7.5808,57,19.3132
7.5808,58,18.3848
7.5808,59,17.4642
7.5808,60,16.5529
7.5808,61,15.2315
7.5808,62,13.0
7.5808,63,11.4018
12.5999,0,69.857
12.5999,1,1.0
12.5999,2,24.8395
12.5999,3,23.4307
12.5999,4,24.8395
12.5999,5,23.4307
12.5999,6,23.4307
12.5999,7,23.6008
12.5999,8,22.8035
12.5999,9,22.2036
12.5999,10,22.4722
12.5999,11,23.3238
12.5999,12,21.9545
12.5999,13,21.9545
12.5999,14,22.8254
12.5999,15,23.3238
12.5999,16,22.8254
12.5999,17,23.3238
12.5999,18,22.4722
12.5999,19,22.2036
12.5999,20,21.6333
12.5999,21,21.4009
12.5999,22,20.6155
12.5999,23,20.6155
12.5999,24,20.5183
12.5999,25,19.105
12.5999,26,19.2094
12.5999,27,0.0
12.5999,28,0.0
12.5999,29,0.0
12.5999,30,0.0
12.5999,31,0.0
12.5999,32,0.0
12.5999,33,0.0
12.5999,34,0.0
12.5999,35,0.0
12.5999,36,0.0
12.5999,37,0.0
12.5999,38,10.2956
12.5999,39,10.2956
12.5999,40,11.4018
12.5999,41,12.2066
12.5999,42,12.8062
12.5999,43,13.4536
12.5999,44,14.1421
12.5999,45,14.8661
12.5999,46,16.2788
12.5999,47,16.2788
12.5999,48,17.0294
12.5999,49,17.0294
12.5999,50,17.8045
12.5999,51,17.8045
12.5999,52,17.8045
12.5999,53,19.2094
12.5999,54,19.2094
12.5999,55,19.2094
12.5999,56,19.8494
12.5999,57,20.5183
12.5999,58,20.5183
12.5999,59,21.2132
12.5999,60,22.6274
12.5999,61,22.6716
12.5999,62,24.0832
12.5999,63,24.0832
12.6283,0,153.522
12.6283,1,9.0
12.6283,2,30.4138
12.6283,3,29.4279
12.6283,4,30.5941
12.6283,5,29.2746
12.6283,6,28.2843
12.6283,7,29.1548
12.6283,8,29.0689
12.6283,9,28.0713
12.6283,10,29.0
12.6283,11,28.0
12.6283,12,29.0689
12.6283,13,29.0689
12.6283,14,29.1548
12.6283,15,29.0689
12.6283,16,28.0713
12.6283,17,30.0167
12.6283,18,29.0
12.6283,19,30.0
12.6283,20,27.0
12.6283,21,28.0
12.6283,22,27.0185
12.6283,23,27.1662
12.6283,24,26.1725
12.6283,25,24.5153
12.6283,26,25.7099
12.6283,27,0.0
12.6283,28,0.0
12.6283,29,0.0
12.6283,30,0.0
12.6283,31,0.0
12.6283,32,0.0
12.6283,33,0.0
12.6283,34,0.0
12.6283,35,0.0
12.6283,36,0.0
12.6283,37,0.0
12.6283,38,13.0384
12.6283,39,13.0384
12.6283,40,14.1421
12.6283,41,15.2971
12.6283,42,16.4924
12.6283,43,17.72
12.6283,44,18.0278
12.6283,45,19.3132
12.6283,46,19.6977
12.6283,47,21.5407
12.6283,48,21.9317
12.6283,49,21.9317
12.6283,50,21.9317
12.6283,51,21.9317
12.6283,52,22.8473
12.6283,53,22.8473
12.6283,54,22.8473
12.6283,55,24.6982
12.6283,56,24.3516
12.6283,57,25.9615
12.6283,58,27.2029
12.6283,59,27.8927
12.6283,60,27.8927
12.6283,61,29.8329
12.6283,62,29.6142
12.6283,63,30.0832
12.6543,0,69.857
12.6543,1,1.0
12.6543,2,26.0768
12.6543,3,26.0768
12.6543,4,26.0768
12.6543,5,25.0799
12.6543,6,25.1794
12.6543,7,25.318
12.6543,8,24.3311
12.6543,9,23.3452
12.6543,10,24.5153
12.6543,11,25.9615
12.6543,12,24.0416
12.6543,13,24.0416
12.6543,14,25.9615
12.6543,15,25.0
12.6543,16,25.0
12.6543,17,25.0
12.6543,18,25.7099
12.6543,19,25.7099
12.6543,20,23.5372
12.6543,21,23.3452
12.6543,22,22.2036
12.6543,23,22.2036
12.6543,24,23.0868
12.6543,25,22.0
12.6543,26,21.0238
12.6543,27,0.0
12.6543,28,0.0
12.6543,29,0.0
12.6543,30,0.0
12.6543,31,0.0
12.6543,32,0.0
12.6543,33,0.0
12.6543,34,0.0
12.6543,35,0.0
12.6543,36,0.0
12.6543,37,0.0
12.6543,38,11.4018
12.6543,39,13.1529
12.6543,40,13.0384
12.6543,41,14.0357
12.6543,42,14.0
12.6543,43,15.0333
12.6543,44,16.0312
12.6543,45,17.0294
12.6543,46,17.1172
12.6543,47,18.1108
12.6543,48,19.2354
12.6543,49,19.2354
12.6543,50,19.2354
12.6543,51,19.2354
12.6543,52,19.2354
12.6543,53,21.2132
12.6543,54,20.2237
12.6543,55,20.2237
12.6543,56,21.095
12.6543,57,22.0
12.6543,58,22.0
12.6543,59,23.0
12.6543,60,23.0
12.6543,61,25.02
12.6543,62,26.0192
12.6543,63,25.02
12.7162,0,69.857
12.7162,1,1.0
12.7162,2,29.7321
12.7162,3,30.0832
12.7162,4,28.1603
12.7162,5,29.7321
12.7162,6,29.4109
12.7162,7,28.7924
12.7162,8,28.7924
12.7162,9,26.9258
12.7162,10,28.6356
12.7162,11,30.0167
12.7162,12,27.7849
12.7162,13,27.7849
12.7162,14,29.1548
12.7162,15,28.6531
12.7162,16,30.0167
12.7162,17,29.5296
12.7162,18,29.5466
12.7162,19,29.1548
12.7162,20,27.8568
12.7162,21,27.8568
12.7162,22,26.2488
12.7162,23,26.2488
12.7162,24,26.6833
12.7162,25,25.7099
12.7162,26,25.1794
12.7162,27,0.0
12.7162,28,0.0
12.7162,29,0.0
12.7162,30,0.0
12.7162,31,0.0
12.7162,32,0.0
12.7162,33,0.0
12.7162,34,0.0
12.7162,35,0.0
12.7162,36,0.0
12.7162,37,0.0
12.7162,38,13.0384
12.7162,39,13.4164
12.7162,40,13.4164
12.7162,41,15.2315
12.7162,42,15.8114
12.7162,43,16.4924
12.7162,44,17.72
12.7162,45,18.4391
12.7162,46,19.2354
12.7162,47,19.2354
12.7162,48,21.3776
12.7162,49,21.2132
12.7162,50,21.2132
12.7162,51,22.2036
12.7162,52,22.0907
12.7162,53,23.3452
12.7162,54,22.2036
12.7162,55,22.3607
12.7162,56,24.3311
12.7162,57,24.5153
12.7162,58,25.7099
12.7162,59,26.9258
12.7162,60,26.9258
12.7162,61,29.1204
12.7162,62,29.4109
12.7162,63,29.1204
12.756,0,99.2975
12.756,1,5.0
12.756,2,30.4138
12.756,3,28.6531
12.756,4,29.0689
12.756,5,30.0167
12.756,6,26.9258
12.756,7,28.6531
12.756,8,27.4591
12.756,9,28.0179
12.756,10,27.0185
12.756,11,27.6586
12.756,12,27.5862
12.756,13,27.5862
12.756,14,28.3196
12.756,15,29.0689
12.756,16,28.3196
12.756,17,27.6586
12.756,18,28.4253
12.756,19,27.0185
12.756,20,27.8029
12.756,21,27.4591
12.756,22,26.0768
12.756,23,26.0768
12.756,24,25.9422
12.756,25,24.1661
12.756,26,24.6982
12.756,27,0.0
12.756,28,0.0
12.756,29,0.0
12.756,30,0.0
12.756,31,0.0
12.756,32,0.0
12.756,33,0.0
12.756,34,0.0
12.756,35,0.0
12.756,36,0.0
12.756,37,0.0
12.756,38,12.7279
12.756,39,14.2127
12.756,40,14.2127
12.756,41,13.6015
12.756,42,15.8114
12.756,43,16.6433
12.756,44,18.3576
12.756,45,18.7883
12.756,46,19.6977
12.756,47,20.6155
12.756,48,21.5407
12.756,49,21.5407
12.756,50,21.5407
12.756,51,21.5407
12.756,52,22.1359
12.756,53,23.7697
12.756,54,23.4094
12.756,55,24.1661
12.756,56,25.0799
12.756,57,25.9422
12.756,58,25.4951
12.756,59,26.8328
12.756,60,28.178
12.756,61,27.2947
12.756,62,30.0167
12.756,63,30.0167
12.7842,0,99.2975
12.7842,1,5.0
12.7842,2,28.4605
12.7842,3,31.3209
12.7842,4,31.0483
12.7842,5,31.3209
12.7842,6,28.6356
12.7842,7,28.4429
12.7842,8,28.6356
12.7842,9,28.4429
12.7842,10,27.1662
12.7842,11,29.1548
12.7842,12,29.1548
12.7842,13,28.1603
12.7842,14,29.0689
12.7842,15,28.0713
12.7842,16,30.1496
12.7842,17,28.1603
12.7842,18,29.2746
12.7842,19,29.4279
12.7842,20,27.4591
12.7842,21,27.4591
12.7842,22,26.6833
12.7842,23,25.9615
12.7842,24,25.2982
12.7842,25,25.632
12.7842,26,25.4951
12.7842,27,0.0
12.7842,28,0.0
12.7842,29,0.0
12.7842,30,0.0
12.7842,31,0.0
12.7842,32,0.0
12.7842,33,0.0
12.7842,34,0.0
12.7842,35,0.0
12.7842,36,0.0
12.7842,37,0.0
12.7842,38,14.0357
12.7842,39,15.1327
12.7842,40,15.1327
12.7842,41,16.2788
12.7842,42,16.2788
12.7842,43,17.72
12.7842,44,18.6815
12.7842,45,20.2485
12.7842,46,20.2485
12.7842,47,21.5407
12.7842,48,23.2594
12.7842,49,21.9317
12.7842,50,23.2594
12.7842,51,22.8473
12.7842,52,24.1661
12.7842,53,23.2594
12.7842,54,25.4951
12.7842,55,26.0
12.7842,56,25.632
12.7842,57,26.2488
12.7842,58,27.5136
12.7842,59,27.5136
12.7842,60,29.7321
12.7842,61,31.3209
12.7842,62,29.8329
12.7842,63,31.3209
12.8064,0,69.857
12.8064,1,1.0
12.8064,2,30.8058
12.8064,3,30.8058
12.8064,4,29.6142
12.8064,5,29.8329
12.8064,6,28.8617
12.8064,7,29.1204
12.8064,8,29.1204
12.8064,9,27.2029
12.8064,10,28.4605
12.8064,11,29.1548
12.8064,12,28.2312
12.8064,13,28.2312
12.8064,14,29.5466
12.8064,15,28.2312
12.8064,16,29.1548
12.8064,17,29.1548
12.8064,18,28.7924
12.8064,19,28.4605
12.8064,20,27.2029
12.8064,21,26.9258
12.8064,22,25.7099
12.8064,23,25.4951
12.8064,24,26.4764
12.8064,25,24.1868
12.8064,26,24.0
12.8064,27,0.0
12.8064,28,0.0
12.8064,29,0.0
12.8064,30,0.0
12.8064,31,0.0
12.8064,32,0.0
12.8064,33,0.0
12.8064,34,0.0
12.8064,35,0.0
12.8064,36,0.0
12.8064,37,0.0
12.8064,38,14.8661
12.8064,39,15.8114
12.8064,40,15.5242
12.8064,41,17.4642
12.8064,42,17.2627
12.8064,43,18.1108
12.8064,44,19.105
12.8064,45,19.0263
12.8064,46,20.025
12.8064,47,21.0
12.8064,48,23.0
12.8064,49,23.0
12.8064,50,23.0
12.8064,51,23.0
12.8064,52,23.0217
12.8064,53,24.0208
12.8064,54,24.0
12.8064,55,23.0217
12.8064,56,25.0799
12.8064,57,26.1725
12.8064,58,26.1725
12.8064,59,27.2947
12.8064,60,27.2947
12.8064,61,29.6142
12.8064,62,29.6142
12.8064,63,30.4138
26.5277,0,69.857
26.5277,1,1.0
26.5277,2,23.2594
26.5277,3,23.7697
26.5277,4,23.7697
26.5277,5,24.1661
26.5277,6,23.2594
26.5277,7,22.3607
26.5277,8,22.3607
26.5277,9,21.9545
26.5277,10,21.6333
26.5277,11,22.2036
26.5277,12,21.4009
26.5277,13,20.8087
26.5277,14,22.2036
26.5277,15,22.2036
26.5277,16,22.2036
26.5277,17,21.6333
26.5277,18,22.4722
26.5277,19,21.9545
26.5277,20,20.5913
26.5277,21,20.1246
26.5277,22,18.7883
26.5277,23,19.2354
26.5277,24,18.7883
26.5277,25,18.0278
26.5277,26,17.72
26.5277,27,0.0
26.5277,28,0.0
26.5277,29,0.0
26.5277,30,0.0
26.5277,31,0.0
26.5277,32,0.0
26.5277,33,0.0
26.5277,34,0.0
26.5277,35,0.0
26.5277,36,0.0
26.5277,37,0.0
26.5277,38,10.6301
26.5277,39,11.6619
26.5277,40,12.53
26.5277,41,13.8924
26.5277,42,13.4164
26.5277,43,15.2315
26.5277,44,14.8661
26.5277,45,15.8114
26.5277,46,16.7631
26.5277,47,16.7631
26.5277,48,18.6815
26.5277,49,18.6815
26.5277,50,18.6815
26.5277,51,18.6815
26.5277,52,18.4391
26.5277,53,19.4165
26.5277,54,19.6469
26.5277,55,18.6815
26.5277,56,20.8806
26.5277,57,20.8806
26.5277,58,21.1896
26.5277,59,22.1359
26.5277,60,22.1359
26.5277,61,24.1661
26.5277,62,24.1661
26.5277,63,25.0799
26.5714,0,69.857
26.5714,1,1.0
26.5714,2,24.0416
26.5714,3,25.2982
26.5714,4,24.3516
26.5714,5,24.0416
26.5714,6,23.0868
26.5714,7,23.7697
26.5714,8,22.561
26.5714,9,21.587
26.5714,10,22.3607
26.5714,11,23.1948
26.5714,12,22.2036
26.5714,13,22.2036
26.5714,14,23.0868
26.5714,15,22.2036
26.5714,16,23.1948
26.5714,17,22.2036
26.5714,18,23.3452
26.5714,19,21.3776
26.5714,20,20.3961
26.5714,21,20.3961
26.5714,22,19.6469
26.5714,23,18.6815
26.5714,24,19.9249
26.5714,25,18.3848
26.5714,26,17.8885
26.5714,27,0.0
26.5714,28,0.0
26.5714,29,0.0
26.5714,30,0.0
26.5714,31,0.0
26.5714,32,0.0
26.5714,33,0.0
26.5714,34,0.0
26.5714,35,0.0
26.5714,36,0.0
26.5714,37,0.0
26.5714,38,12.0416
26.5714,39,13.1529
26.5714,40,13.1529
26.5714,41,14.3178
26.5714,42,15.5242
26.5714,43,15.8114
26.5714,44,17.088
26.5714,45,17.088
26.5714,46,17.4642
26.5714,47,18.7883
26.5714,48,19.2354
26.5714,49,19.2354
26.5714,50,19.2354
26.5714,51,19.2354
26.5714,52,19.2354
26.5714,53,20.1246
26.5714,54,20.5913
26.5714,55,20.1246
26.5714,56,21.0238
26.5714,57,21.5407
26.5714,58,21.5407
26.5714,59,22.8473
26.5714,60,22.8473
26.5714,61,25.2982
26.5714,62,25.2982
26.5714,63,26.0
28.6744,0,69.857
28.6744,1,1.0
28.6744,2,27.8568
28.6744,3,26.9258
28.6744,4,26.9258
28.6744,5,26.5707
28.6744,6,26.2488
28.6744,7,25.9615
28.6744,8,25.0
28.6744,9,25.0
28.6744,10,24.7386
28.6744,11,25.4951
28.6744,12,24.3311
28.6744,13,24.5153
28.6744,14,25.318
28.6744,15,24.3311
28.6744,16,24.3311
28.6744,17,24.5153
28.6744,18,24.5153
28.6744,19,23.7697
28.6744,20,22.561
28.6744,21,21.8403
28.6744,22,21.1896
28.6744,23,21.1896
28.6744,24,20.6155
28.6744,25,19.2354
28.6744,26,19.7231
28.6744,27,0.0
28.6744,28,0.0
28.6744,29,0.0
28.6744,30,0.0
28.6744,31,0.0
28.6744,32,0.0
28.6744,33,0.0
28.6744,34,0.0
28.6744,35,0.0
28.6744,36,0.0
28.6744,37,0.0
28.6744,38,13.1529
28.6744,39,13.3417
28.6744,40,14.5602
28.6744,41,14.8661
28.6744,42,15.2315
28.6744,43,16.5529
28.6744,44,17.4642
28.6744,45,17.8885
28.6744,46,18.3576
28.6744,47,19.7231
28.6744,48,21.095
28.6744,49,20.2485
28.6744,50,21.095
28.6744,51,20.8087
28.6744,52,21.6333
28.6744,53,22.4722
28.6744,54,21.6333
28.6744,55,21.6333
28.6744,56,22.8254
28.6744,57,23.2594
28.6744,58,23.2594
28.6744,59,24.1661
28.6744,60,24.1661
28.6744,61,26.0
28.6744,62,26.9258
28.6744,63,27.313
28.711,0,69.857
28.711,1,1.0
28.711,2,22.8473
28.711,3,23.2594
28.711,4,23.2594
28.711,5,24.1661
28.711,6,22.8473
28.711,7,22.1359
28.711,8,22.1359
28.711,9,20.8806
28.711,10,21.8403
28.711,11,22.561
28.711,12,21.3776
28.711,13,21.3776
28.711,14,21.3776
28.711,15,21.587
28.711,16,21.587
28.711,17,21.587
28.711,18,21.8403
28.711,19,20.8806
28.711,20,19.9249
28.711,21,19.9249
28.711,22,18.3848
28.711,23,18.0278
28.711,24,18.3848
28.711,25,17.0
28.711,26,16.6433
28.711,27,0.0
28.711,28,0.0
28.711,29,0.0
28.711,30,0.0
28.711,31,0.0
28.711,32,0.0
28.711,33,0.0
28.711,34,0.0
28.711,35,0.0
28.711,36,0.0
28.711,37,0.0
28.711,38,11.1803
28.711,39,11.4018
28.711,40,11.7047
28.711,41,13.9284
28.711,42,13.0
28.711,43,14.3178
28.711,44,15.6525
28.711,45,15.2643
28.711,46,16.6433
28.711,47,16.6433
28.711,48,18.6011
28.711,49,17.8045
28.711,50,18.0278
28.711,51,17.8045
28.711,52,18.6011
28.711,53,19.4165
28.711,54,18.6011
28.711,55,18.6011
28.711,56,20.2485
28.711,57,20.5913
28.711,58,20.5913
28.711,59,21.0238
28.711,60,21.4709
28.711,61,23.2594
28.711,62,23.2594
28.711,63,23.7065
28.7464,0,69.857
28.7464,1,1.0
28.7464,2,26.8328
28.7464,3,27.2947
28.7464,4,26.8328
28.7464,5,26.8328
28.7464,6,25.0799
28.7464,7,25.632
28.7464,8,25.0799
28.7464,9,24.6982
28.7464,10,24.3516
28.7464,11,25.2982
28.7464,12,25.0
28.7464,13,24.0416
28.7464,14,25.0
28.7464,15,23.7697
28.7464,16,25.0
28.7464,17,24.0416
28.7464,18,24.3516
28.7464,19,23.4094
28.7464,20,22.4722
28.7464,21,22.4722
28.7464,22,20.6155
28.7464,23,21.0238
28.7464,24,21.9545
28.7464,25,19.7231
28.7464,26,19.2094
28.7464,27,0.0
28.7464,28,0.0
28.7464,29,0.0
28.7464,30,0.0
28.7464,31,0.0
28.7464,32,0.0
28.7464,33,0.0
28.7464,34,0.0
28.7464,35,0.0
28.7464,36,0.0
28.7464,37,0.0
28.7464,38,12.6491
28.7464,39,13.9284
28.7464,40,14.3178
28.7464,41,15.2315
28.7464,42,14.7648
28.7464,43,16.6433
28.7464,44,17.4929
28.7464,45,18.0278
28.7464,46,18.6011
28.7464,47,19.2094
28.7464,48,20.6155
28.7464,49,20.6155
28.7464,50,21.2603
28.7464,51,19.8494
28.7464,52,21.2603
28.7464,53,22.0227
28.7464,54,22.0227
28.7464,55,22.0227
28.7464,56,22.8035
28.7464,57,23.8537
28.7464,58,23.8537
28.7464,59,24.6982
28.7464,60,23.8537
28.7464,61,26.4197
28.7464,62,26.4197
28.7464,63,26.9258
28.778,0,69.857
28.778,1,1.0
28.778,2,25.2389
28.778,3,25.2389
28.778,4,25.2389
28.778,5,25.5539
28.778,6,24.6982
28.778,7,23.7065
28.778,8,23.7065
28.778,9,23.7065
28.778,10,23.2594
28.778,11,23.7697
28.778,12,22.4722
28.778,13,23.4094
28.778,14,24.6982
28.778,15,23.4094
28.778,16,23.4094
28.778,17,23.7697
28.778,18,24.1661
28.778,19,22.3607
28.778,20,22.3607
28.778,21,21.4709
28.778,22,19.7231
28.778,23,19.7231
28.778,24,20.2485
28.778,25,19.2094
28.778,26,19.105
28.778,27,0.0
28.778,28,0.0
28.778,29,0.0
28.778,30,0.0
28.778,31,0.0
28.778,32,0.0
28.778,33,0.0
28.778,34,0.0
28.778,35,0.0
28.778,36,0.0
28.778,37,0.0
28.778,38,11.1803
28.778,39,12.53
28.778,40,13.0384
28.778,41,14.4222
28.778,42,14.4222
28.778,43,15.6205
28.778,44,16.2788
28.778,45,16.9706
28.778,46,17.6918
28.778,47,18.3848
28.778,48,19.799
28.778,49,20.5183
28.778,50,20.5183
28.778,51,19.8494
28.778,52,20.5183
28.778,53,21.2132
28.778,54,20.5183
28.778,55,21.2132
28.778,56,21.9317
28.778,57,22.0227
28.778,58,22.0227
28.778,59,23.6008
28.778,60,23.4307
28.778,61,25.807
28.778,62,25.2389
28.778,63,26.4008
28.8402,0,69.857
28.8402,1,1.0
28.8402,2,26.0
28.8402,3,26.0192
28.8402,4,25.0
28.8402,5,26.0192
28.8402,6,25.0
28.8402,7,24.0832
28.8402,8,24.0832
28.8402,9,23.0868
28.8402,10,23.1948
28.8402,11,24.5153
28.8402,12,23.5372
28.8402,13,22.561
28.8402,14,23.5372
28.8402,15,23.5372
28.8402,16,24.5153
28.8402,17,23.3452
28.8402,18,24.3311
28.8402,19,23.1948
28.8402,20,22.0907
28.8402,21,21.095
28.8402,22,20.025
28.8402,23,20.025
28.8402,24,21.0
28.8402,25,20.025
28.8402,26,19.105
28.8402,27,0.0
28.8402,28,0.0
28.8402,29,0.0
28.8402,30,0.0
28.8402,31,0.0
28.8402,32,0.0
28.8402,33,0.0
28.8402,34,0.0
28.8402,35,0.0
28.8402,36,0.0
28.8402,37,0.0
28.8402,38,11.4018
28.8402,39,12.3693
28.8402,40,12.1655
28.8402,41,13.1529
28.8402,42,14.0357
28.8402,43,15.0
28.8402,44,16.0
28.8402,45,16.0312
28.8402,46,17.1172
28.8402,47,17.1172
28.8402,48,19.2354
28.8402,49,19.2354
28.8402,50,20.2237
28.8402,51,20.2237
28.8402,52,20.3961
28.8402,53,21.2132
28.8402,54,20.2237
28.8402,55,20.2237
28.8402,56,22.2036
28.8402,57,23.0868
28.8402,58,23.0217
28.8402,59,23.0217
28.8402,60,24.0832
28.8402,61,25.02
28.8402,62,26.0
28.8402,63,27.0185
28.977,0,69.857
28.977,1,1.0
28.977,2,23.7697
28.977,3,22.8473
28.977,4,22.8473
28.977,5,22.8473
28.977,6,22.4722
28.977,7,22.1359
28.977,8,21.1896
28.977,9,20.2485
28.977,10,20.6155
28.977,11,21.587
28.977,12,20.3961
28.977,13,20.3961
28.977,14,21.3776
28.977,15,20.6155
28.977,16,21.3776
28.977,17,20.6155
28.977,18,20.6155
28.977,19,20.6155
28.977,20,19.9249
28.977,21,18.9737
28.977,22,18.0278
28.977,23,18.3848
28.977,24,18.7883
28.977,25,17.0
28.977,26,17.4929
28.977,27,0.0
28.977,28,0.0
28.977,29,0.0
28.977,30,0.0
28.977,31,0.0
28.977,32,0.0
28.977,33,0.0
28.977,34,0.0
28.977,35,0.0
28.977,36,0.0
28.977,37,0.0
28.977,38,9.0554
28.977,39,10.198
28.977,40,10.198
28.977,41,11.4018
28.977,42,11.4018
28.977,43,13.0
28.977,44,13.4164
28.977,45,14.3178
28.977,46,14.7648
28.977,47,15.6525
28.977,48,17.0
28.977,49,16.6433
28.977,50,17.4929
28.977,51,16.6433
28.977,52,17.4929
28.977,53,18.3576
28.977,54,17.4929
28.977,55,17.4929
28.977,56,19.2354
28.977,57,20.1246
28.977,58,20.1246
28.977,59,20.6155
28.977,60,20.1246
28.977,61,22.8473
28.977,62,22.8473
28.977,63,24.1661
29.0432,0,69.857
29.0432,1,1.0
29.0432,2,25.0
29.0432,3,26.0
29.0432,4,24.0208
29.0432,5,25.02
29.0432,6,24.0832
29.0432,7,24.1868
29.0432,8,23.0868
29.0432,9,22.2036
29.0432,10,22.3607
29.0432,11,22.561
29.0432,12,22.561
29.0432,13,22.561
29.0432,14,23.7697
29.0432,15,22.561
29.0432,16,23.5372
29.0432,17,21.587
29.0432,18,22.561
29.0432,19,22.3607
29.0432,20,21.3776
29.0432,21,21.2132
29.0432,22,20.0998
29.0432,23,19.105
29.0432,24,20.025
29.0432,25,19.0
29.0432,26,19.0263
29.0432,27,0.0
29.0432,28,0.0
29.0432,29,0.0
29.0432,30,0.0
29.0432,31,0.0
29.0432,32,0.0
29.0432,33,0.0
29.0432,34,0.0
29.0432,35,0.0
29.0432,36,0.0
29.0432,37,0.0
29.0432,38,11.1803
29.0432,39,12.0416
29.0432,40,12.0416
29.0432,41,13.0384
29.0432,42,13.0
29.0432,43,15.0333
29.0432,44,15.0333
29.0432,45,16.0312
29.0432,46,16.1245
29.0432,47,17.1172
29.0432,48,18.2483
29.0432,49,19.2354
29.0432,50,19.2354
29.0432,51,19.2354
29.0432,52,19.4165
29.0432,53,20.2237
29.0432,54,20.2237
29.0432,55,19.2354
29.0432,56,21.095
29.0432,57,22.0227
29.0432,58,22.0227
29.0432,59,23.0217
29.0432,60,23.0217
29.0432,61,24.0
29.0432,62,25.0
29.0432,63,25.0
29.0604,0,69.857
29.0604,1,1.0
29.0604,2,24.3311
29.0604,3,24.3311
29.0604,4,23.3452
29.0604,5,23.5372
29.0604,6,22.8035
29.0604,7,22.8035
29.0604,8,22.1359
29.0604,9,20.8806
29.0604,10,21.1896
29.0604,11,22.4722
29.0604,12,21.0238
29.0604,13,20.6155
29.0604,14,22.3607
29.0604,15,21.0238
29.0604,16,21.9317
29.0604,17,22.8473
29.0604,18,21.5407
29.0604,19,21.5407
29.0604,20,20.2485
29.0604,21,18.9737
29.0604,22,18.6815
29.0604,23,18.6815
29.0604,24,18.4391
29.0604,25,17.2627
29.0604,26,17.0294
29.0604,27,0.0
29.0604,28,0.0
29.0604,29,0.0
29.0604,30,0.0
29.0604,31,0.0
29.0604,32,0.0
29.0604,33,0.0
29.0604,34,0.0
29.0604,35,0.0
29.0604,36,0.0
29.0604,37,0.0
29.0604,38,9.4868
29.0604,39,10.4403
29.0604,40,11.4018
29.0604,41,12.1655
29.0604,42,13.1529
29.0604,43,14.0357
29.0604,44,15.0333
29.0604,45,15.0333
29.0604,46,15.0
29.0604,47,16.0
29.0604,48,18.0278
29.0604,49,18.0
29.0604,50,18.0278
29.0604,51,18.0278
29.0604,52,18.0278
29.0604,53,19.0
29.0604,54,19.0263
29.0604,55,19.0
29.0604,56,20.025
29.0604,57,21.095
29.0604,58,21.095
29.0604,59,21.2132
29.0604,60,22.0907
29.0604,61,23.3452
29.0604,62,24.3311
29.0604,63,24.1868
29.0745,0,69.857
29.0745,1,1.0
29.0745,2,15.6525
29.0745,3,16.5529
29.0745,4,15.6525
29.0745,5,15.6525
29.0745,6,16.1245
29.0745,7,15.2643
29.0745,8,15.2643
29.0745,9,15.2643
29.0745,10,14.4222
29.0745,11,15.0
29.0745,12,15.0
29.0745,13,15.0
29.0745,14,15.6205
29.0745,15,15.0
29.0745,16,15.8114
29.0745,17,15.0
29.0745,18,15.8114
29.0745,19,14.4222
29.0745,20,13.8924
29.0745,21,13.0384
29.0745,22,12.53
29.0745,23,12.53
29.0745,24,13.4164
29.0745,25,11.7047
29.0745,26,11.7047
29.0745,27,0.0
29.0745,28,0.0
29.0745,29,0.0
29.0745,30,0.0
29.0745,31,0.0
29.0745,32,0.0
29.0745,33,0.0
29.0745,34,0.0
29.0745,35,0.0
29.0745,36,0.0
29.0745,37,0.0
29.0745,38,7.0711
29.0745,39,7.0711
29.0745,40,7.8102
29.0745,41,8.6023
29.0745,42,8.6023
29.0745,43,9.434
29.0745,44,9.434
29.0745,45,10.2956
29.0745,46,10.7703
29.0745,47,10.7703
29.0745,48,11.7047
29.0745,49,11.7047
29.0745,50,11.7047
29.0745,51,11.7047
29.0745,52,12.6491
29.0745,53,12.6491
29.0745,54,12.6491
29.0745,55,13.0
29.0745,56,13.9284
29.0745,57,14.3178
29.0745,58,14.3178
29.0745,59,14.3178
29.0745,60,15.2315
29.0745,61,15.6525
29.0745,62,16.5529
29.0745,63,17.4642
29.0859,0,69.857
29.0859,1,1.0
29.0859,2,23.4094
29.0859,3,24.3516
29.0859,4,23.4094
29.0859,5,25.0
29.0859,6,24.0416
29.0859,7,22.8035
29.0859,8,22.8035
29.0859,9,21.587
29.0859,10,21.2132
29.0859,11,23.1948
29.0859,12,21.095
29.0859,13,22.0907
29.0859,14,22.0907
29.0859,15,21.095
29.0859,16,23.0868
29.0859,17,22.2036
29.0859,18,23.1948
29.0859,19,21.3776
29.0859,20,20.3961
29.0859,21,20.3961
29.0859,22,18.6815
29.0859,23,19.4165
29.0859,24,19.6469
29.0859,25,18.0278
29.0859,26,17.4642
29.0859,27,0.0
29.0859,28,0.0
29.0859,29,0.0
29.0859,30,0.0
29.0859,31,0.0
29.0859,32,0.0
29.0859,33,0.0
29.0859,34,0.0
29.0859,35,0.0
29.0859,36,0.0
29.0859,37,0.0
29.0859,38,11.0454
29.0859,39,12.1655
29.0859,40,12.3693
29.0859,41,13.3417
29.0859,42,13.6015
29.0859,43,14.8661
29.0859,44,15.2315
29.0859,45,15.6525
29.0859,46,17.0
29.0859,47,17.0
29.0859,48,18.3576
29.0859,49,19.2354
29.0859,50,19.2354
29.0859,51,18.3576
29.0859,52,19.7231
29.0859,53,19.2354
29.0859,54,19.7231
29.0859,55,19.2354
29.0859,56,21.0238
29.0859,57,21.9317
29.0859,58,21.9317
29.0859,59,22.4722
29.0859,60,22.4722
29.0859,61,24.3516
29.0859,62,25.0
29.0859,63,25.632
32.3239,0,104.6566
32.3239,1,10.0
32.3239,2,25.0
32.3239,3,24.0416
32.3239,4,23.7697
32.3239,5,22.8035
32.3239,6,22.8035
32.3239,7,22.561
32.3239,8,21.587
32.3239,9,21.3776
32.3239,10,21.2132
32.3239,11,20.2237
32.3239,12,20.2237
32.3239,13,19.2354
32.3239,14,20.2237
32.3239,15,19.2354
32.3239,16,18.2483
32.3239,17,18.2483
32.3239,18,17.2627
32.3239,19,17.2627
32.3239,20,15.2971
32.3239,21,15.2971
32.3239,22,14.5602
32.3239,23,13.6015
32.3239,24,13.3417
32.3239,25,12.6491
32.3239,26,13.0
32.3239,27,0.0
32.3239,28,0.0
32.3239,29,0.0
32.3239,30,0.0
32.3239,31,0.0
32.3239,32,0.0
32.3239,33,0.0
32.3239,34,0.0
32.3239,35,0.0
32.3239,36,0.0
32.3239,37,0.0
32.3239,38,16.2788
32.3239,39,16.4924
32.3239,40,16.7631
32.3239,41,17.72
32.3239,42,18.0278
32.3239,43,18.3848
32.3239,44,19.3132
32.3239,45,19.6977
32.3239,46,21.0238
32.3239,47,21.9317
32.3239,48,21.9317
32.3239,49,21.9317
32.3239,50,22.3607
32.3239,51,22.3607
32.3239,52,23.2594
32.3239,53,23.2594
32.3239,54,23.2594
32.3239,55,22.8473
32.3239,56,23.7697
32.3239,57,23.7697
32.3239,58,24.6982
32.3239,59,24.6982
32.3239,60,25.2982
32.3239,61,25.2982
32.3239,62,25.0
32.3239,63,24.6982
32.4678,0,99.2975
32.4678,1,5.0
32.4678,2,15.0
32.4678,3,16.6433
32.4678,4,19.2354
32.4678,5,21.4709
32.4678,6,22.3607
32.4678,7,22.8254
32.4678,8,23.3238
32.4678,9,23.0217
32.4678,10,21.6333
32.4678,11,20.0
32.4678,12,18.6011
32.4678,13,17.2047
32.4678,14,15.2643
32.4678,15,14.3178
32.4678,16,12.6491
32.4678,17,13.1529
32.4678,18,12.0416
32.4678,19,13.0
32.4678,20,13.0384
32.4678,21,14.0357
32.4678,22,14.1421
32.4678,23,15.0333
32.4678,24,15.0333
32.4678,25,15.0
32.4678,26,15.0333
32.4678,27,0.0
32.4678,28,0.0
32.4678,29,0.0
32.4678,30,0.0
32.4678,31,0.0
32.4678,32,0.0
32.4678,33,0.0
32.4678,34,0.0
32.4678,35,0.0
32.4678,36,0.0
32.4678,37,0.0
32.4678,38,20.025
32.4678,39,21.0
32.4678,40,22.2036
32.4678,41,21.587
32.4678,42,22.8035
32.4678,43,21.5407
32.4678,44,20.6155
32.4678,45,18.7883
32.4678,46,16.5529
32.4678,47,14.8661
32.4678,48,13.3417
32.4678,49,13.0384
32.4678,50,15.2971
32.4678,51,17.088
32.4678,52,19.6977
32.4678,53,22.8473
32.4678,54,24.6982
32.4678,55,26.5707
32.4678,56,27.2029
32.4678,57,27.8927
32.4678,58,26.4764
32.4678,59,24.3311
32.4678,60,23.1948
32.4678,61,21.2132
32.4678,62,18.4391
32.4678,63,14.8661
32.5073,0,104.6566
32.5073,1,10.0
32.5073,2,25.0599
32.5073,3,25.0599
32.5073,4,24.5967
32.5073,5,25.0599
32.5073,6,23.3238
32.5073,7,23.3238
32.5073,8,22.4722
32.5073,9,23.0217
32.5073,10,21.6333
32.5073,11,21.095
32.5073,12,20.8087
32.5073,13,20.8087
32.5073,14,20.8087
32.5073,15,19.4165
32.5073,16,20.0
32.5073,17,18.6011
32.5073,18,18.0278
32.5073,19,17.2047
32.5073,20,16.4012
32.5073,21,15.8114
32.5073,22,14.4222
32.5073,23,14.4222
32.5073,24,13.8924
32.5073,25,13.4164
32.5073,26,13.4164
32.5073,27,0.0
32.5073,28,0.0
32.5073,29,0.0
32.5073,30,0.0
32.5073,31,0.0
32.5073,32,0.0
32.5073,33,0.0
32.5073,34,0.0
32.5073,35,0.0
32.5073,36,0.0
32.5073,37,0.0
32.5073,38,16.6433
32.5073,39,17.0
32.5073,40,17.8885
32.5073,41,18.7883
32.5073,42,18.7883
32.5073,43,19.3132
32.5073,44,20.2485
32.5073,45,21.5407
32.5073,46,21.5407
32.5073,47,22.1359
32.5073,48,22.8035
32.5073,49,23.7697
32.5073,50,23.7697
32.5073,51,24.0416
32.5073,52,24.0416
32.5073,53,24.0416
32.5073,54,25.2982
32.5073,55,25.2982
32.5073,56,25.632
32.5073,57,25.0799
32.5073,58,25.0799
32.5073,59,25.0799
32.5073,60,26.0
32.5073,61,26.0
32.5073,62,26.0
32.5073,63,25.632
32.5315,0,104.6566
32.5315,1,10.0
32.5315,2,24.0416
32.5315,3,24.7588
32.5315,4,24.7588
32.5315,5,23.3452
32.5315,6,22.6716
32.5315,7,22.6716
32.5315,8,21.2603
32.5315,9,22.0227
32.5315,10,21.4009
32.5315,11,20.8087
32.5315,12,20.0
32.5315,13,20.0
32.5315,14,19.2094
32.5315,15,18.6011
32.5315,16,17.8045
32.5315,17,17.2047
32.5315,18,17.0294
32.5315,19,16.4012
32.5315,20,15.6205
32.5315,21,14.8661
32.5315,22,14.2127
32.5315,23,13.4536
32.5315,24,12.7279
32.5315,25,12.7279
32.5315,26,12.0416
32.5315,27,0.0
32.5315,28,0.0
32.5315,29,0.0
32.5315,30,0.0
32.5315,31,0.0
32.5315,32,0.0
32.5315,33,0.0
32.5315,34,0.0
32.5315,35,0.0
32.5315,36,0.0
32.5315,37,0.0
32.5315,38,16.4012
32.5315,39,17.0294
32.5315,40,17.6918
32.5315,41,18.3848
32.5315,42,18.3848
32.5315,43,19.8494
32.5315,44,19.8494
32.5315,45,20.6155
32.5315,46,22.0227
32.5315,47,22.8035
32.5315,48,22.8035
32.5315,49,22.8035
32.5315,50,23.6008
32.5315,51,23.6008
32.5315,52,24.4131
32.5315,53,23.6008
32.5315,54,24.2074
32.5315,55,25.0
32.5315,56,24.8395
32.5315,57,24.8395
32.5315,58,24.8395
32.5315,59,24.7588
32.5315,60,25.4951
32.5315,61,25.4951
32.5315,62,24.7588
32.5315,63,25.4951
32.5971,0,99.2975
32.5971,1,5.0
32.5971,2,17.6918
32.5971,3,20.6155
32.5971,4,22.2036
32.5971,5,25.2389
32.5971,6,25.807
32.5971,7,27.2029
32.5971,8,27.8029
32.5971,9,26.2488
32.5971,10,25.4951
32.5971,11,24.0832
32.5971,12,21.9317
32.5971,13,19.8494
32.5971,14,17.8045
32.5971,15,15.2643
32.5971,16,15.2315
32.5971,17,14.5602
32.5971,18,15.2971
32.5971,19,15.1327
32.5971,20,16.0312
32.5971,21,16.1245
32.5971,22,16.0312
32.5971,23,16.0312
32.5971,24,16.0312
32.5971,25,16.1245
32.5971,26,15.1327
32.5971,27,0.0
32.5971,28,0.0
32.5971,29,0.0
32.5971,30,0.0
32.5971,31,0.0
32.5971,32,0.0
32.5971,33,0.0
32.5971,34,0.0
32.5971,35,0.0
32.5971,36,0.0
32.5971,37,0.0
32.5971,38,24.0
32.5971,39,26.0768
32.5971,40,26.4764
32.5971,41,26.9258
32.5971,42,26.5707
32.5971,43,26.4008
32.5971,44,25.0599
32.5971,45,22.8254
32.5971,46,20.5913
32.5971,47,18.3848
32.5971,48,16.4924
32.5971,49,17.0294
32.5971,50,18.1108
32.5971,51,20.6155
32.5971,52,24.0416
32.5971,53,27.2029
32.5971,54,30.0832
32.5971,55,31.7805
32.5971,56,32.7567
32.5971,57,32.3883
32.5971,58,32.1403
32.5971,59,30.0666
32.5971,60,28.0713
32.5971,61,25.02
32.5971,62,22.0907
32.5971,63,19.4165
44.7972,0,69.857
44.7972,1,1.0
44.7972,2,25.0799
44.7972,3,24.0832
44.7972,4,25.1794
44.7972,5,24.1868
44.7972,6,24.1868
44.7972,7,23.3452
44.7972,8,23.3452
44.7972,9,22.561
44.7972,10,22.8035
44.7972,11,22.8035
44.7972,12,22.1359
44.7972,13,22.1359
44.7972,14,22.4722
44.7972,15,22.1359
44.7972,16,22.1359
44.7972,17,23.0868
44.7972,18,22.8035
44.7972,19,22.561
44.7972,20,20.6155
44.7972,21,20.3961
44.7972,22,20.2237
44.7972,23,20.2237
44.7972,24,20.0998
44.7972,25,19.0
44.7972,26,18.0278
44.7972,27,0.0
44.7972,28,0.0
44.7972,29,0.0
44.7972,30,0.0
44.7972,31,0.0
44.7972,32,0.0
44.7972,33,0.0
44.7972,34,0.0
44.7972,35,0.0
44.7972,36,0.0
44.7972,37,0.0
44.7972,38,13.0
44.7972,39,14.8661
44.7972,40,15.5242
44.7972,41,15.5242
44.7972,42,16.2788
44.7972,43,17.1172
44.7972,44,18.1108
44.7972,45,18.0278
44.7972,46,19.0263
44.7972,47,20.0
44.7972,48,21.0238
44.7972,49,21.0238
44.7972,50,21.0238
44.7972,51,21.095
44.7972,52,20.0998
44.7972,53,22.0227
44.7972,54,21.095
44.7972,55,22.0227
44.7972,56,22.0227
44.7972,57,23.0
44.7972,58,23.0217
44.7972,59,23.0217
44.7972,60,24.0208
44.7972,61,25.0799
44.7972,62,25.0799
44.7972,63,26.0768
44.7973,0,69.857
44.7973,1,1.0
44.7973,2,24.8395
44.7973,3,24.8395
44.7973,4,24.8395
44.7973,5,24.2074
44.7973,6,23.6008
44.7973,7,23.0217
44.7973,8,23.0217
44.7973,9,22.4722
44.7973,10,22.8254
44.7973,11,23.7065
44.7973,12,22.3607
44.7973,13,22.3607
44.7973,14,22.3607
44.7973,15,22.8254
44.7973,16,22.3607
44.7973,17,22.3607
44.7973,18,23.3238
44.7973,19,21.9545
44.7973,20,21.095
44.7973,21,21.095
44.7973,22,19.4165
44.7973,23,19.4165
44.7973,24,20.0
44.7973,25,18.4391
44.7973,26,18.3848
44.7973,27,0.0
44.7973,28,0.0
44.7973,29,0.0
44.7973,30,0.0
44.7973,31,0.0
44.7973,32,0.0
44.7973,33,0.0
44.7973,34,0.0
44.7973,35,0.0
44.7973,36,0.0
44.7973,37,0.0
44.7973,38,13.6015
44.7973,39,14.3178
44.7973,40,14.7648
44.7973,41,16.1245
44.7973,42,16.6433
44.7973,43,17.8045
44.7973,44,17.8045
44.7973,45,18.4391
44.7973,46,18.3848
44.7973,47,19.799
44.7973,48,21.2603
44.7973,49,20.5183
44.7973,50,21.2603
44.7973,51,20.6155
44.7973,52,19.8494
44.7973,53,21.2603
44.7973,54,20.6155
44.7973,55,21.2603
44.7973,56,21.9317
44.7973,57,22.6274
44.7973,58,22.6716
44.7973,59,23.3452
44.7973,60,23.3452
44.7973,61,25.4951
44.7973,62,24.8395
44.7973,63,25.4951
44.8112,0,69.857
44.8112,1,1.0
44.8112,2,25.4558
44.8112,3,26.1725
44.8112,4,24.7588
44.8112,5,25.4558
44.8112,6,24.0832
44.8112,7,24.0832
44.8112,8,24.0832
44.8112,9,23.4307
44.8112,10,22.8035
44.8112,11,23.0217
44.8112,12,22.4722
44.8112,13,22.4722
44.8112,14,23.3238
44.8112,15,22.4722
44.8112,16,23.3238
44.8112,17,23.3238
44.8112,18,23.0217
44.8112,19,22.2036
44.8112,20,21.4009
44.8112,21,21.4009
44.8112,22,19.8494
44.8112,23,20.5183
44.8112,24,20.5183
44.8112,25,19.105
44.8112,26,18.6011
44.8112,27,0.0
44.8112,28,0.0
44.8112,29,0.0
44.8112,30,0.0
44.8112,31,0.0
44.8112,32,0.0
44.8112,33,0.0
44.8112,34,0.0
44.8112,35,0.0
44.8112,36,0.0
44.8112,37,0.0
44.8112,38,13.4164
44.8112,39,14.4222
44.8112,40,15.8114
44.8112,41,16.4012
44.8112,42,16.4012
44.8112,43,17.6918
44.8112,44,18.3848
44.8112,45,18.4391
44.8112,46,19.8494
44.8112,47,20.6155
44.8112,48,22.2036
44.8112,49,20.8087
44.8112,50,21.6333
44.8112,51,21.6333
44.8112,52,20.8087
44.8112,53,22.2036
44.8112,54,20.8087
44.8112,55,22.2036
44.8112,56,22.8035
44.8112,57,22.6716
44.8112,58,23.4307
44.8112,59,23.3452
44.8112,60,23.4307
44.8112,61,26.1725
44.8112,62,26.1725
44.8112,63,26.1725
44.9622,0,69.857
44.9622,1,1.0
44.9622,2,24.2074
44.9622,3,24.2074
44.9622,4,24.2074
44.9622,5,25.0
44.9622,6,23.0217
44.9622,7,23.3238
44.9622,8,22.4722
44.9622,9,21.9545
44.9622,10,21.9545
44.9622,11,22.3607
44.9622,12,21.0238
44.9622,13,21.9317
44.9622,14,21.9317
44.9622,15,21.5407
44.9622,16,22.8473
44.9622,17,21.5407
44.9622,18,23.2594
44.9622,19,21.0238
44.9622,20,21.0238
44.9622,21,20.1246
44.9622,22,18.868
44.9622,23,18.868
44.9622,24,19.4165
44.9622,25,17.8045
44.9622,26,19.105
44.9622,27,0.0
44.9622,28,0.0
44.9622,29,0.0
44.9622,30,0.0
44.9622,31,0.0
44.9622,32,0.0
44.9622,33,0.0
44.9622,34,0.0
44.9622,35,0.0
44.9622,36,0.0
44.9622,37,0.0
44.9622,38,13.4164
44.9622,39,13.8924
44.9622,40,14.4222
44.9622,41,15.8114
44.9622,42,15.6205
44.9622,43,17.0294
44.9622,44,17.6918
44.9622,45,18.3848
44.9622,46,19.105
44.9622,47,19.2094
44.9622,48,22.0227
44.9622,49,20.6155
44.9622,50,21.4009
44.9622,51,21.4009
44.9622,52,20.6155
44.9622,53,20.6155
44.9622,54,21.4009
44.9622,55,21.2603
44.9622,56,22.6716
44.9622,57,22.6274
44.9622,58,21.9317
44.9622,59,22.6716
44.9622,60,22.6274
44.9622,61,25.4951
44.9622,62,24.8395
44.9622,63,25.4951
44.9623,0,153.522
44.9623,1,9.0
44.9623,2,17.0294
44.9623,3,18.3848
44.9623,4,21.2603
44.9623,5,22.0227
44.9623,6,24.0832
44.9623,7,24.7588
44.9623,8,24.0416
44.9623,9,24.0416
44.9623,10,22.6716
44.9623,11,21.2603
44.9623,12,19.8494
44.9623,13,18.3848
44.9623,14,16.9706
44.9623,15,16.4012
44.9623,16,15.2643
44.9623,17,15.6525
44.9623,18,15.2315
44.9623,19,16.1555
44.9623,20,16.1555
44.9623,21,16.1555
44.9623,22,15.8114
44.9623,23,16.1555
44.9623,24,15.2315
44.9623,25,15.6525
44.9623,26,16.1245
44.9623,27,0.0
44.9623,28,0.0
44.9623,29,0.0
44.9623,30,0.0
44.9623,31,0.0
44.9623,32,0.0
44.9623,33,0.0
44.9623,34,0.0
44.9623,35,0.0
44.9623,36,0.0
44.9623,37,0.0
44.9623,38,18.0278
44.9623,39,20.0
44.9623,40,20.2237
44.9623,41,21.587
44.9623,42,20.8806
44.9623,43,20.6155
44.9623,44,19.6977
44.9623,45,17.8885
44.9623,46,16.5529
44.9623,47,15.2315
44.9623,48,14.5602
44.9623,49,14.0357
44.9623,50,15.0333
44.9623,51,17.4642
44.9623,52,19.6469
44.9623,53,21.8403
44.9623,54,23.7697
44.9623,55,25.7099
44.9623,56,26.4764
44.9623,57,27.2947
44.9623,58,26.0768
44.9623,59,25.0799
44.9623,60,23.0217
44.9623,61,21.0238
44.9623,62,19.105
44.9623,63,16.4924
44.9624,0,69.857
44.9624,1,1.0
44.9624,2,23.0868
44.9624,3,24.0832
44.9624,4,23.0868
44.9624,5,23.0868
44.9624,6,23.0868
44.9624,7,23.1948
44.9624,8,22.2036
44.9624,9,22.2036
44.9624,10,21.587
44.9624,11,22.8035
44.9624,12,21.8403
44.9624,13,21.8403
44.9624,14,22.8035
44.9624,15,22.8035
44.9624,16,22.8035
44.9624,17,22.8035
44.9624,18,23.5372
44.9624,19,22.3607
44.9624,20,22.3607
44.9624,21,21.2132
44.9624,22,20.0998
44.9624,23,20.0998
44.9624,24,21.0238
44.9624,25,20.0
44.9624,26,20.0998
44.9624,27,0.0
44.9624,28,0.0
44.9624,29,0.0
44.9624,30,0.0
44.9624,31,0.0
44.9624,32,0.0
44.9624,33,0.0
44.9624,34,0.0
44.9624,35,0.0
44.9624,36,0.0
44.9624,37,0.0
44.9624,38,10.7703
44.9624,39,11.4018
44.9624,40,11.4018
44.9624,41,13.1529
44.9624,42,13.1529
44.9624,43,14.0357
44.9624,44,15.0333
44.9624,45,15.0
44.9624,46,16.0312
44.9624,47,17.0294
44.9624,48,18.0278
44.9624,49,18.0278
44.9624,50,18.0278
44.9624,51,18.0278
44.9624,52,18.1108
44.9624,53,19.0263
44.9624,54,19.105
44.9624,55,19.105
44.9624,56,20.025
44.9624,57,20.025
44.9624,58,21.0
44.9624,59,21.0238
44.9624,60,21.0
44.9624,61,23.0868
44.9624,62,24.0832
44.9624,63,24.0208
44.9792,0,69.857
44.9792,1,1.0
44.9792,2,24.1868
44.9792,3,24.6982
44.9792,4,23.3238
44.9792,5,24.6982
44.9792,6,24.1868
44.9792,7,23.2594
44.9792,8,22.3607
44.9792,9,22.3607
44.9792,10,21.5407
44.9792,11,22.4722
44.9792,12,22.1359
44.9792,13,22.1359
44.9792,14,22.1359
44.9792,15,22.1359
44.9792,16,22.1359
44.9792,17,22.4722
44.9792,18,22.4722
44.9792,19,21.5407
44.9792,20,20.6155
44.9792,21,20.6155
44.9792,22,19.2354
44.9792,23,19.2354
44.9792,24,19.7231
44.9792,25,18.0278
44.9792,26,17.8045
44.9792,27,0.0
44.9792,28,0.0
44.9792,29,0.0
44.9792,30,0.0
44.9792,31,0.0
44.9792,32,0.0
44.9792,33,0.0
44.9792,34,0.0
44.9792,35,0.0
44.9792,36,0.0
44.9792,37,0.0
44.9792,38,11.1803
44.9792,39,12.3693
44.9792,40,12.6491
44.9792,41,13.9284
44.9792,42,14.3178
44.9792,43,14.7648
44.9792,44,16.1245
44.9792,45,16.6433
44.9792,46,17.2047
44.9792,47,17.2047
44.9792,48,19.2094
44.9792,49,19.2094
44.9792,50,19.2094
44.9792,51,19.2094
44.9792,52,19.105
44.9792,53,19.8494
44.9792,54,19.8494
44.9792,55,19.8494
44.9792,56,21.4009
44.9792,57,21.6333
44.9792,58,21.6333
44.9792,59,22.4722
44.9792,60,22.2036
44.9792,61,24.6982
44.9792,62,24.6982
44.9792,63,25.2389
45.0081,0,99.2975
45.0081,1,5.0
45.0081,2,30.4631
45.0081,3,31.7805
45.0081,4,30.4631
45.0081,5,31.3847
45.0081,6,30.0832
45.0081,7,29.4109
45.0081,8,29.1204
45.0081,9,28.1603
45.0081,10,27.8927
45.0081,11,27.8927
45.0081,12,28.6356
45.0081,13,28.6356
45.0081,14,28.6356
45.0081,15,28.4429
45.0081,16,29.4279
45.0081,17,29.4279
45.0081,18,28.6356
45.0081,19,27.6586
45.0081,20,26.6833
45.0081,21,26.6833
45.0081,22,25.9615
45.0081,23,25.2982
45.0081,24,24.6982
45.0081,25,24.5967
45.0081,26,23.7065
45.0081,27,0.0
45.0081,28,0.0
45.0081,29,0.0
45.0081,30,0.0
45.0081,31,0.0
45.0081,32,0.0
45.0081,33,0.0
45.0081,34,0.0
45.0081,35,0.0
45.0081,36,0.0
45.0081,37,0.0
45.0081,38,15.0333
45.0081,39,16.1245
45.0081,40,16.2788
45.0081,41,18.6815
45.0081,42,18.0278
45.0081,43,19.3132
45.0081,44,21.0238
45.0081,45,21.0238
45.0081,46,22.3607
45.0081,47,24.1868
45.0081,48,23.8537
45.0081,49,23.8537
45.0081,50,24.4131
45.0081,51,24.4131
45.0081,52,24.6982
45.0081,53,24.4131
45.0081,54,26.0768
45.0081,55,27.4591
45.0081,56,27.7849
45.0081,57,27.7308
45.0081,58,28.6356
45.0081,59,29.5466
45.0081,60,29.9666
45.0081,61,32.2025
45.0081,62,29.9666
45.0081,63,32.6956
45.0276,0,69.857
45.0276,1,1.0
45.0276,2,25.0
45.0276,3,24.4131
45.0276,4,24.4131
45.0276,5,23.6008
45.0276,6,24.2074
45.0276,7,23.4307
45.0276,8,22.6716
45.0276,9,22.6716
45.0276,10,22.6274
45.0276,11,23.3452
45.0276,12,22.6716
45.0276,13,21.9317
45.0276,14,22.6716
45.0276,15,22.6716
45.0276,16,22.6716
45.0276,17,22.6716
45.0276,18,22.6274
45.0276,19,21.9317
45.0276,20,21.9317
45.0276,21,21.2603
45.0276,22,19.8494
45.0276,23,20.6155
45.0276,24,20.0
45.0276,25,19.4165
45.0276,26,18.3576
45.0276,27,0.0
45.0276,28,0.0
45.0276,29,0.0
45.0276,30,0.0
45.0276,31,0.0
45.0276,32,0.0
45.0276,33,0.0
45.0276,34,0.0
45.0276,35,0.0
45.0276,36,0.0
45.0276,37,0.0
45.0276,38,12.2066
45.0276,39,13.4536
45.0276,40,14.1421
45.0276,41,14.1421
45.0276,42,14.8661
45.0276,43,16.4012
45.0276,44,17.2047
45.0276,45,16.6433
45.0276,46,17.4929
45.0276,47,18.3576
45.0276,48,19.2354
45.0276,49,20.1246
45.0276,50,20.1246
45.0276,51,19.6977
45.0276,52,20.1246
45.0276,53,20.1246
45.0276,54,20.1246
45.0276,55,20.1246
45.0276,56,21.4709
45.0276,57,22.4722
45.0276,58,22.4722
45.0276,59,22.4722
45.0276,60,23.3238
45.0276,61,24.4131
45.0276,62,24.4131
45.0276,63,25.2389
50.021,0,69.857
50.021,1,1.0
50.021,2,23.1948
50.021,3,23.1948
50.021,4,23.1948
50.021,5,23.0868
50.021,6,23.0868
50.021,7,22.0227
50.021,8,22.0227
50.021,9,21.0238
50.021,10,22.0227
50.021,11,22.0907
50.021,12,21.095
50.021,13,20.0998
50.021,14,22.0907
50.021,15,21.095
50.021,16,22.0907
50.021,17,22.0227
50.021,18,22.0227
50.021,19,21.0
50.021,20,20.0
50.021,21,20.025
50.021,22,19.0263
50.021,23,18.0278
50.021,24,19.105
50.021,25,17.4642
50.021,26,17.72
50.021,27,0.0
50.021,28,0.0
50.021,29,0.0
50.021,30,0.0
50.021,31,0.0
50.021,32,0.0
50.021,33,0.0
50.021,34,0.0
50.021,35,0.0
50.021,36,0.0
50.021,37,0.0
50.021,38,10.198
50.021,39,12.0416
50.021,40,11.0
50.021,41,13.0
50.021,42,13.0384
50.021,43,14.1421
50.021,44,14.3178
50.021,45,14.3178
50.021,46,15.5242
50.021,47,16.7631
50.021,48,16.7631
50.021,49,17.72
50.021,50,17.72
50.021,51,17.088
50.021,52,17.72
50.021,53,17.72
50.021,54,18.0278
50.021,55,17.72
50.021,56,19.6469
50.021,57,20.3961
50.021,58,20.3961
50.021,59,20.3961
50.021,60,20.3961
50.021,61,22.2036
50.021,62,23.1948
50.021,63,23.1948
50.0211,0,88.0227
50.0211,1,5.0
50.0211,2,28.7924
50.0211,3,27.8568
50.0211,4,28.2312
50.0211,5,27.8568
50.0211,6,27.5136
50.0211,7,25.9615
50.0211,8,26.6833
50.0211,9,25.9615
50.0211,10,26.4764
50.0211,11,24.5153
50.0211,12,26.1725
50.0211,13,27.6586
50.0211,14,27.2947
50.0211,15,26.3059
50.0211,16,26.3059
50.0211,17,26.4764
50.0211,18,26.4764
50.0211,19,24.7386
50.0211,20,25.7099
50.0211,21,24.7386
50.0211,22,24.0416
50.0211,23,23.4094
50.0211,24,22.4722
50.0211,25,21.9317
50.0211,26,21.9545
50.0211,27,0.0
50.0211,28,0.0
50.0211,29,0.0
50.0211,30,0.0
50.0211,31,0.0
50.0211,32,0.0
50.0211,33,0.0
50.0211,34,0.0
50.0211,35,0.0
50.0211,36,0.0
50.0211,37,0.0
50.0211,38,15.1327
50.0211,39,15.2971
50.0211,40,16.4924
50.0211,41,16.7631
50.0211,42,18.0278
50.0211,43,18.3848
50.0211,44,19.6977
50.0211,45,20.5913
50.0211,46,20.5913
50.0211,47,21.9545
50.0211,48,22.4722
50.0211,49,22.4722
50.0211,50,23.0217
50.0211,51,22.4722
50.0211,52,23.3238
50.0211,53,23.8537
50.0211,54,23.8537
50.0211,55,24.1868
50.0211,56,24.5967
50.0211,57,25.4951
50.0211,58,25.4951
50.0211,59,26.4008
50.0211,60,26.4008
50.0211,61,28.2312
50.0211,62,28.2312
50.0211,63,28.2312
50.0212,0,88.0227
50.0212,1,5.0
50.0212,2,19.7231
50.0212,3,20.8087
50.0212,4,19.4165
50.0212,5,20.8087
50.0212,6,20.2485
50.0212,7,19.7231
50.0212,8,19.7231
50.0212,9,18.3576
50.0212,10,18.3848
50.0212,11,18.7883
50.0212,12,19.3132
50.0212,13,19.3132
50.0212,14,19.3132
50.0212,15,19.3132
50.0212,16,19.6977
50.0212,17,18.3848
50.0212,18,18.7883
50.0212,19,18.7883
50.0212,20,18.3576
50.0212,21,17.4929
50.0212,22,17.4929
50.0212,23,16.1245
50.0212,24,15.8114
50.0212,25,16.4012
50.0212,26,16.2788
50.0212,27,0.0
50.0212,28,0.0
50.0212,29,0.0
50.0212,30,0.0
50.0212,31,0.0
50.0212,32,0.0
50.0212,33,0.0
50.0212,34,0.0
50.0212,35,0.0
50.0212,36,0.0
50.0212,37,0.0
50.0212,38,10.4403
50.0212,39,11.7047
50.0212,40,11.1803
50.0212,41,12.53
50.0212,42,11.6619
50.0212,43,13.6015
50.0212,44,13.6015
50.0212,45,14.8661
50.0212,46,14.8661
50.0212,47,14.8661
50.0212,48,15.5563
50.0212,49,16.2788
50.0212,50,16.2788
50.0212,51,16.2788
50.0212,52,16.2788
50.0212,53,15.5563
50.0212,54,16.9706
50.0212,55,16.9706
50.0212,56,18.4391
50.0212,57,18.4391
50.0212,58,18.4391
50.0212,59,19.4165
50.0212,60,19.2094
50.0212,61,20.0
50.0212,62,20.2485
50.0212,63,20.8087
50.0213,0,69.857
50.0213,1,1.0
50.0213,2,23.4307
50.0213,3,24.2074
50.0213,4,23.4307
50.0213,5,23.6008
50.0213,6,23.6008
50.0213,7,23.0217
50.0213,8,21.6333
50.0213,9,21.6333
50.0213,10,21.095
50.0213,11,22.3607
50.0213,12,21.0238
50.0213,13,21.0238
50.0213,14,22.3607
50.0213,15,21.0238
50.0213,16,22.3607
50.0213,17,21.0238
50.0213,18,22.3607
50.0213,19,21.4709
50.0213,20,19.7231
50.0213,21,19.7231
50.0213,22,18.868
50.0213,23,18.0278
50.0213,24,19.4165
50.0213,25,18.4391
50.0213,26,18.3848
50.0213,27,0.0
50.0213,28,0.0
50.0213,29,0.0
50.0213,30,0.0
50.0213,31,0.0
50.0213,32,0.0
50.0213,33,0.0
50.0213,34,0.0
50.0213,35,0.0
50.0213,36,0.0
50.0213,37,0.0
50.0213,38,11.1803
50.0213,39,12.53
50.0213,40,13.0384
50.0213,41,13.6015
50.0213,42,13.6015
50.0213,43,15.6205
50.0213,44,16.2788
50.0213,45,16.2788
50.0213,46,17.6918
50.0213,47,17.6918
50.0213,48,19.105
50.0213,49,19.105
50.0213,50,19.105
50.0213,51,19.2094
50.0213,52,19.2094
50.0213,53,19.2094
50.0213,54,20.6155
50.0213,55,19.8494
50.0213,56,21.9317
50.0213,57,21.2132
50.0213,58,21.2132
50.0213,59,21.9317
50.0213,60,21.9317
50.0213,61,23.4307
50.0213,62,23.4307
50.0213,63,24.8395
57.3939,0,104.6566
57.3939,1,10.0
57.3939,2,16.1555
57.3939,3,16.5529
57.3939,4,16.5529
57.3939,5,16.5529
57.3939,6,15.6525
57.3939,7,15.6525
57.3939,8,15.6525
57.3939,9,14.7648
57.3939,10,14.7648
57.3939,11,13.8924
57.3939,12,13.8924
57.3939,13,13.8924
57.3939,14,13.0384
57.3939,15,13.0384
57.3939,16,13.0384
57.3939,17,11.6619
57.3939,18,12.53
57.3939,19,11.6619
57.3939,20,10.2956
57.3939,21,10.2956
57.3939,22,9.434
57.3939,23,8.9443
57.3939,24,8.9443
57.3939,25,8.544
57.3939,26,8.544
57.3939,27,0.0
57.3939,28,0.0
57.3939,29,0.0
57.3939,30,0.0
57.3939,31,0.0
57.3939,32,0.0
57.3939,33,0.0
57.3939,34,0.0
57.3939,35,0.0
57.3939,36,0.0
57.3939,37,0.0
57.3939,38,10.8167
57.3939,39,11.1803
57.3939,40,11.1803
57.3939,41,12.083
57.3939,42,12.083
57.3939,43,13.0
57.3939,44,12.6491
57.3939,45,13.6015
57.3939,46,14.5602
57.3939,47,14.5602
57.3939,48,15.5242
57.3939,49,15.5242
57.3939,50,15.5242
57.3939,51,15.5242
57.3939,52,16.4924
57.3939,53,15.5242
57.3939,54,15.5242
57.3939,55,15.8114
57.3939,56,16.7631
57.3939,57,16.7631
57.3939,58,16.7631
57.3939,59,16.7631
57.3939,60,17.088
57.3939,61,16.7631
57.3939,62,16.7631
57.3939,63,17.088
57.4962,0,99.2975
57.4962,1,5.0
57.4962,2,16.9706
57.4962,3,19.8494
57.4962,4,22.0227
57.4962,5,22.8035
57.4962,6,24.0832
57.4962,7,24.0832
57.4962,8,24.0832
57.4962,9,24.0416
57.4962,10,22.6274
57.4962,11,21.2132
57.4962,12,19.105
57.4962,13,17.0294
57.4962,14,15.8114
57.4962,15,15.6525
57.4962,16,15.2315
57.4962,17,14.5602
57.4962,18,15.5242
57.4962,19,16.2788
57.4962,20,16.2788
57.4962,21,16.2788
57.4962,22,16.1245
57.4962,23,16.1245
57.4962,24,16.1245
57.4962,25,16.2788
57.4962,26,15.5242
57.4962,27,0.0
57.4962,28,0.0
57.4962,29,0.0
57.4962,30,0.0
57.4962,31,0.0
57.4962,32,0.0
57.4962,33,0.0
57.4962,34,0.0
57.4962,35,0.0
57.4962,36,0.0
57.4962,37,0.0
57.4962,38,21.095
57.4962,39,21.587
57.4962,40,22.1359
57.4962,41,21.9317
57.4962,42,21.9545
57.4962,43,20.2485
57.4962,44,19.4165
57.4962,45,17.2047
57.4962,46,14.4222
57.4962,47,13.4164
57.4962,48,12.3693
57.4962,49,14.0
57.4962,50,16.1245
57.4962,51,19.4165
57.4962,52,21.587
57.4962,53,23.5372
57.4962,54,26.3059
57.4962,55,27.1662
57.4962,56,27.074
57.4962,57,27.0
57.4962,58,25.02
57.4962,59,24.0208
57.4962,60,22.0227
57.4962,61,19.0263
57.4962,62,17.1172
57.4962,63,16.4924
57.5095,0,104.6566
57.5095,1,10.0
57.5095,2,23.3452
57.5095,3,23.3452
57.5095,4,22.6274
57.5095,5,22.6274
57.5095,6,22.6274
57.5095,7,21.2132
57.5095,8,20.5183
57.5095,9,21.2603
57.5095,10,20.6155
57.5095,11,20.6155
57.5095,12,19.8494
57.5095,13,19.2094
57.5095,14,19.2094
57.5095,15,18.4391
57.5095,16,17.8045
57.5095,17,17.8045
57.5095,18,16.4012
57.5095,19,15.6205
57.5095,20,14.8661
57.5095,21,14.8661
57.5095,22,14.1421
57.5095,23,14.1421
57.5095,24,13.4536
57.5095,25,12.8062
57.5095,26,12.0416
57.5095,27,0.0
57.5095,28,0.0
57.5095,29,0.0
57.5095,30,0.0
57.5095,31,0.0
57.5095,32,0.0
57.5095,33,0.0
57.5095,34,0.0
57.5095,35,0.0
57.5095,36,0.0
57.5095,37,0.0
57.5095,38,15.6205
57.5095,39,16.2788
57.5095,40,16.2788
57.5095,41,16.9706
57.5095,42,17.6918
57.5095,43,18.4391
57.5095,44,19.2094
57.5095,45,19.2094
57.5095,46,20.6155
57.5095,47,21.4009
57.5095,48,21.4009
57.5095,49,22.2036
57.5095,50,22.2036
57.5095,51,22.2036
57.5095,52,22.2036
57.5095,53,22.2036
57.5095,54,22.8035
57.5095,55,23.6008
57.5095,56,23.6008
57.5095,57,23.4307
57.5095,58,23.4307
57.5095,59,23.4307
57.5095,60,24.8395
57.5095,61,24.0832
57.5095,62,24.0832
57.5095,63,23.4307
57.6619,0,99.2975
57.6619,1,5.0
57.6619,2,15.5242
57.6619,3,18.0278
57.6619,4,19.6977
57.6619,5,21.9317
57.6619,6,24.1661
57.6619,7,25.0799
57.6619,8,24.6982
57.6619,9,24.3516
57.6619,10,23.0868
57.6619,11,20.8806
57.6619,12,18.9737
57.6619,13,15.8114
57.6619,14,15.2315
57.6619,15,13.8924
57.6619,16,12.8062
57.6619,17,12.8062
57.6619,18,13.0384
57.6619,19,14.7648
57.6619,20,14.7648
57.6619,21,15.6525
57.6619,22,15.6525
57.6619,23,15.6525
57.6619,24,15.6525
57.6619,25,16.1245
57.6619,26,15.2643
57.6619,27,0.0
57.6619,28,0.0
57.6619,29,0.0
57.6619,30,0.0
57.6619,31,0.0
57.6619,32,0.0
57.6619,33,0.0
57.6619,34,0.0
57.6619,35,0.0
57.6619,36,0.0
57.6619,37,0.0
57.6619,38,19.8494
57.6619,39,20.8087
57.6619,40,21.9545
57.6619,41,22.8473
57.6619,42,23.4094
57.6619,43,22.8035
57.6619,44,20.3961
57.6619,45,18.2483
57.6619,46,16.2788
57.6619,47,14.5602
57.6619,48,12.53
57.6619,49,12.0416
57.6619,50,14.4222
57.6619,51,17.8885
57.6619,52,20.6155
57.6619,53,22.8473
57.6619,54,25.4951
57.6619,55,26.8328
57.6619,56,28.6531
57.6619,57,28.8444
57.6619,58,27.2029
57.6619,59,25.807
57.6619,60,23.6008
57.6619,61,21.4009
57.6619,62,18.0278
57.6619,63,15.2315
60.496,0,69.857
60.496,1,1.0
60.496,2,26.9258
60.496,3,26.9258
60.496,4,26.0768
60.496,5,26.0768
60.496,6,25.9422
60.496,7,24.5967
60.496,8,24.5967
60.496,9,24.1661
60.496,10,23.7697
60.496,11,24.3516
60.496,12,24.3516
60.496,13,24.3516
60.496,14,24.0416
60.496,15,24.0416
60.496,16,24.3516
60.496,17,24.0416
60.496,18,24.3516
60.496,19,23.4094
60.496,20,23.4094
60.496,21,22.4722
60.496,22,21.9317
60.496,23,21.4709
60.496,24,21.9545
60.496,25,20.2485
60.496,26,20.0
60.496,27,0.0
60.496,28,0.0
60.496,29,0.0
60.496,30,0.0
60.496,31,0.0
60.496,32,0.0
60.496,33,0.0
60.496,34,0.0
60.496,35,0.0
60.496,36,0.0
60.496,37,0.0
60.496,38,12.1655
60.496,39,12.3693
60.496,40,13.6015
60.496,41,13.9284
60.496,42,15.2315
60.496,43,16.1245
60.496,44,17.0
60.496,45,17.4929
60.496,46,18.0278
60.496,47,18.6011
60.496,48,20.6155
60.496,49,20.6155
60.496,50,21.2603
60.496,51,21.2603
60.496,52,20.6155
60.496,53,22.0227
60.496,54,21.2603
60.496,55,22.0227
60.496,56,22.8035
60.496,57,23.0217
60.496,58,23.8537
60.496,59,23.8537
60.496,60,24.4131
60.496,61,26.0768
60.496,62,26.9258
60.496,63,26.6271
60.5286,0,69.857
60.5286,1,1.0
60.5286,2,25.4951
60.5286,3,26.1725
60.5286,4,24.7588
60.5286,5,24.8395
60.5286,6,24.0832
60.5286,7,24.0832
60.5286,8,23.4307
60.5286,9,23.4307
60.5286,10,22.2036
60.5286,11,23.8537
60.5286,12,21.9545
60.5286,13,22.4722
60.5286,14,24.1868
60.5286,15,22.4722
60.5286,16,23.8537
60.5286,17,22.4722
60.5286,18,23.8537
60.5286,19,22.2036
60.5286,20,21.4009
60.5286,21,21.4009
60.5286,22,19.8494
60.5286,23,20.6155
60.5286,24,19.8494
60.5286,25,19.799
60.5286,26,19.8494
60.5286,27,0.0
60.5286,28,0.0
60.5286,29,0.0
60.5286,30,0.0
60.5286,31,0.0
60.5286,32,0.0
60.5286,33,0.0
60.5286,34,0.0
60.5286,35,0.0
60.5286,36,0.0
60.5286,37,0.0
60.5286,38,10.4403
60.5286,39,12.083
60.5286,40,12.53
60.5286,41,13.8924
60.5286,42,13.8924
60.5286,43,15.0
60.5286,44,16.2788
60.5286,45,16.2788
60.5286,46,17.6918
60.5286,47,18.3848
60.5286,48,19.105
60.5286,49,19.105
60.5286,50,19.8494
60.5286,51,19.8494
60.5286,52,20.6155
60.5286,53,20.6155
60.5286,54,21.4009
60.5286,55,20.0
60.5286,56,22.6716
60.5286,57,21.9317
60.5286,58,22.6274
60.5286,59,22.6274
60.5286,60,23.3452
60.5286,61,25.4951
60.5286,62,25.4951
60.5286,63,26.1725
60.5583,0,69.857
60.5583,1,1.0
60.5583,2,25.0799
60.5583,3,24.6982
60.5583,4,24.6982
60.5583,5,24.3516
60.5583,6,23.4094
60.5583,7,23.0868
60.5583,8,23.7697
60.5583,9,21.587
60.5583,10,22.3607
60.5583,11,23.1948
60.5583,12,21.2132
60.5583,13,22.2036
60.5583,14,23.1948
60.5583,15,22.2036
60.5583,16,23.0868
60.5583,17,23.1948
60.5583,18,23.1948
60.5583,19,22.3607
60.5583,20,21.3776
60.5583,21,21.3776
60.5583,22,19.4165
60.5583,23,19.6469
60.5583,24,19.9249
60.5583,25,18.9737
60.5583,26,18.3848
60.5583,27,0.0
60.5583,28,0.0
60.5583,29,0.0
60.5583,30,0.0
60.5583,31,0.0
60.5583,32,0.0
60.5583,33,0.0
60.5583,34,0.0
60.5583,35,0.0
60.5583,36,0.0
60.5583,37,0.0
60.5583,38,11.0
60.5583,39,12.0416
60.5583,40,12.0416
60.5583,41,13.1529
60.5583,42,13.3417
60.5583,43,14.5602
60.5583,44,15.2315
60.5583,45,16.1555
60.5583,46,16.5529
60.5583,47,17.0
60.5583,48,18.868
60.5583,49,18.868
60.5583,50,19.7231
60.5583,51,18.868
60.5583,52,18.868
60.5583,53,19.7231
60.5583,54,19.7231
60.5583,55,19.7231
60.5583,56,21.4709
60.5583,57,22.3607
60.5583,58,22.3607
60.5583,59,23.2594
60.5583,60,22.3607
60.5583,61,25.0799
60.5583,62,24.6982
60.5583,63,25.4951
60.644,0,69.857
60.644,1,1.0
60.644,2,26.0768
60.644,3,26.0192
60.644,4,26.0192
60.644,5,25.02
60.644,6,25.0799
60.644,7,25.1794
60.644,8,24.0832
60.644,9,24.1868
60.644,10,23.3452
60.644,11,23.7697
60.644,12,23.7697
60.644,13,24.0416
60.644,14,24.0416
60.644,15,23.7697
60.644,16,24.7386
60.644,17,23.7697
60.644,18,23.5372
60.644,19,22.3607
60.644,20,22.3607
60.644,21,22.3607
60.644,22,21.095
60.644,23,21.095
60.644,24,21.095
60.644,25,20.025
60.644,26,20.025
60.644,27,0.0
60.644,28,0.0
60.644,29,0.0
60.644,30,0.0
60.644,31,0.0
60.644,32,0.0
60.644,33,0.0
60.644,34,0.0
60.644,35,0.0
60.644,36,0.0
60.644,37,0.0
60.644,38,11.6619
60.644,39,13.0
60.644,40,13.9284
60.644,41,13.9284
60.644,42,14.5602
60.644,43,16.1245
60.644,44,16.1245
60.644,45,17.0294
60.644,46,17.0294
60.644,47,19.0
60.644,48,20.0
60.644,49,20.025
60.644,50,20.0
60.644,51,20.025
60.644,52,20.0998
60.644,53,22.0227
60.644,54,21.095
60.644,55,21.095
60.644,56,22.0227
60.644,57,23.0
60.644,58,23.0
60.644,59,24.0
60.644,60,24.0
60.644,61,26.0768
60.644,62,26.0768
60.644,63,26.0192
60.6441,0,69.857
60.6441,1,1.0
60.6441,2,24.0
60.6441,3,24.0208
60.6441,4,24.0
60.6441,5,23.0
60.6441,6,23.0217
60.6441,7,23.0217
60.6441,8,22.0907
60.6441,9,21.095
60.6441,10,22.3607
60.6441,11,22.561
60.6441,12,20.6155
60.6441,13,21.587
60.6441,14,22.8035
60.6441,15,21.8403
60.6441,16,21.8403
60.6441,17,22.8035
60.6441,18,21.3776
60.6441,19,21.3776
60.6441,20,20.3961
60.6441,21,20.2237
60.6441,22,19.105
60.6441,23,19.105
60.6441,24,19.0263
60.6441,25,18.0278
60.6441,26,18.0278
60.6441,27,0.0
60.6441,28,0.0
60.6441,29,0.0
60.6441,30,0.0
60.6441,31,0.0
60.6441,32,0.0
60.6441,33,0.0
60.6441,34,0.0
60.6441,35,0.0
60.6441,36,0.0
60.6441,37,0.0
60.6441,38,10.7703
60.6441,39,11.7047
60.6441,40,12.3693
60.6441,41,13.3417
60.6441,42,14.1421
60.6441,43,14.0357
60.6441,44,16.0
60.6441,45,16.0
60.6441,46,17.0294
60.6441,47,18.1108
60.6441,48,19.105
60.6441,49,19.105
60.6441,50,18.2483
60.6441,51,19.2354
60.6441,52,18.2483
60.6441,53,20.3961
60.6441,54,19.4165
60.6441,55,20.3961
60.6441,56,20.2237
60.6441,57,21.095
60.6441,58,21.095
60.6441,59,22.0227
60.6441,60,23.1948
60.6441,61,24.0208
60.6441,62,24.0
60.6441,63,25.02
60.7901,0,69.857
60.7901,1,1.0
60.7901,2,25.4951
60.7901,3,26.2488
60.7901,4,24.7588
60.7901,5,25.4951
60.7901,6,24.2074
60.7901,7,25.0
60.7901,8,24.2074
60.7901,9,22.2036
60.7901,10,23.0217
60.7901,11,23.3238
60.7901,12,23.3238
60.7901,13,23.3238
60.7901,14,23.7065
60.7901,15,22.8254
60.7901,16,24.1868
60.7901,17,23.3238
60.7901,18,23.3238
60.7901,19,22.4722
60.7901,20,21.6333
60.7901,21,21.6333
60.7901,22,20.0
60.7901,23,20.0
60.7901,24,20.6155
60.7901,25,19.105
60.7901,26,19.105
60.7901,27,0.0
60.7901,28,0.0
60.7901,29,0.0
60.7901,30,0.0
60.7901,31,0.0
60.7901,32,0.0
60.7901,33,0.0
60.7901,34,0.0
60.7901,35,0.0
60.7901,36,0.0
60.7901,37,0.0
60.7901,38,11.7047
60.7901,39,13.4164
60.7901,40,13.8924
60.7901,41,15.2643
60.7901,42,14.4222
60.7901,43,16.4012
60.7901,44,17.0294
60.7901,45,17.6918
60.7901,46,18.3848
60.7901,47,19.105
60.7901,48,19.8494
60.7901,49,19.8494
60.7901,50,20.6155
60.7901,51,20.6155
60.7901,52,20.6155
60.7901,53,21.2603
60.7901,54,21.4009
60.7901,55,21.4009
60.7901,56,22.6716
60.7901,57,22.6274
60.7901,58,24.0416
60.7901,59,23.3452
60.7901,60,23.3452
60.7901,61,26.1725
60.7901,62,25.4951
60.7901,63,25.4558
60.8568,0,69.857
60.8568,1,1.0
60.8568,2,24.5153
60.8568,3,24.7386
60.8568,4,23.5372
60.8568,5,24.5153
60.8568,6,23.5372
60.8568,7,23.3452
60.8568,8,22.2036
60.8568,9,22.0907
60.8568,10,22.0227
60.8568,11,22.0227
60.8568,12,22.0
60.8568,13,22.0
60.8568,14,22.0227
60.8568,15,22.0227
60.8568,16,23.0217
60.8568,17,23.0
60.8568,18,23.0
60.8568,19,21.0
60.8568,20,21.0238
60.8568,21,20.025
60.8568,22,19.105
60.8568,23,19.105
60.8568,24,19.2354
60.8568,25,18.4391
60.8568,26,18.0278
60.8568,27,0.0
60.8568,28,0.0
60.8568,29,0.0
60.8568,30,0.0
60.8568,31,0.0
60.8568,32,0.0
60.8568,33,0.0
60.8568,34,0.0
60.8568,35,0.0
60.8568,36,0.0
60.8568,37,0.0
60.8568,38,11.1803
60.8568,39,12.0416
60.8568,40,12.0416
60.8568,41,13.0
60.8568,42,14.0357
60.8568,43,15.1327
60.8568,44,15.2971
60.8568,45,16.4924
60.8568,46,16.7631
60.8568,47,17.088
60.8568,48,18.3848
60.8568,49,18.3848
60.8568,50,18.7883
60.8568,51,18.3848
60.8568,52,18.7883
60.8568,53,20.2485
60.8568,54,19.6977
60.8568,55,19.3132
60.8568,56,20.2485
60.8568,57,21.8403
60.8568,58,22.1359
60.8568,59,22.8035
60.8568,60,22.1359
60.8568,61,24.0416
60.8568,62,25.0
60.8568,63,24.7386
60.8568,0,69.857
60.8568,1,1.0
60.8568,2,15.2971
60.8568,3,16.2788
60.8568,4,15.2971
60.8568,5,15.5242
60.8568,6,15.5242
60.8568,7,14.5602
60.8568,8,14.8661
60.8568,9,13.9284
60.8568,10,13.9284
60.8568,11,14.3178
60.8568,12,14.7648
60.8568,13,14.3178
60.8568,14,14.7648
60.8568,15,13.4164
60.8568,16,14.3178
60.8568,17,14.3178
60.8568,18,14.3178
60.8568,19,14.3178
60.8568,20,13.4164
60.8568,21,13.0
60.8568,22,13.0
60.8568,23,13.0
60.8568,24,12.6491
60.8568,25,12.3693
60.8568,26,12.1655
60.8568,27,0.0
60.8568,28,0.0
60.8568,29,0.0
60.8568,30,0.0
60.8568,31,0.0
60.8568,32,0.0
60.8568,33,0.0
60.8568,34,0.0
60.8568,35,0.0
60.8568,36,0.0
60.8568,37,0.0
60.8568,38,7.2111
60.8568,39,7.6158
60.8568,40,7.6158
60.8568,41,9.4868
60.8568,42,9.2195
60.8568,43,10.198
60.8568,44,10.198
60.8568,45,11.0454
60.8568,46,11.0454
60.8568,47,11.0454
60.8568,48,12.0
60.8568,49,12.0416
60.8568,50,12.0
60.8568,51,12.0
60.8568,52,12.0
60.8568,53,12.0
60.8568,54,13.0
60.8568,55,12.0
60.8568,56,14.0357
60.8568,57,14.0357
60.8568,58,14.1421
60.8568,59,14.1421
60.8568,60,14.1421
60.8568,61,15.2971
60.8568,62,15.2971
60.8568,63,16.2788
60.9297,0,69.857
60.9297,1,1.0
60.9297,2,24.0208
60.9297,3,25.0
60.9297,4,25.0
60.9297,5,24.0208
60.9297,6,24.0208
60.9297,7,24.0832
60.9297,8,23.1948
60.9297,9,22.2036
60.9297,10,22.3607
60.9297,11,23.5372
60.9297,12,22.8035
60.9297,13,22.8035
60.9297,14,22.8035
60.9297,15,22.8035
60.9297,16,23.7697
60.9297,17,23.7697
60.9297,18,23.5372
60.9297,19,22.561
60.9297,20,21.3776
60.9297,21,21.3776
60.9297,22,20.2237
60.9297,23,20.2237
60.9297,24,20.0998
60.9297,25,19.0263
60.9297,26,19.0263
60.9297,27,0.0
60.9297,28,0.0
60.9297,29,0.0
60.9297,30,0.0
60.9297,31,0.0
60.9297,32,0.0
60.9297,33,0.0
60.9297,34,0.0
60.9297,35,0.0
60.9297,36,0.0
60.9297,37,0.0
60.9297,38,11.7047
60.9297,39,12.6491
60.9297,40,12.3693
60.9297,41,14.1421
60.9297,42,14.1421
60.9297,43,16.0312
60.9297,44,16.0
60.9297,45,17.0
60.9297,46,17.0294
60.9297,47,18.1108
60.9297,48,20.0998
60.9297,49,19.2354
60.9297,50,20.2237
60.9297,51,19.2354
60.9297,52,19.4165
60.9297,53,20.2237
60.9297,54,20.2237
60.9297,55,20.2237
60.9297,56,21.095
60.9297,57,22.0227
60.9297,58,22.0227
60.9297,59,23.0217
60.9297,60,23.0217
60.9297,61,25.0
60.9297,62,25.0
60.9297,63,25.02
60.9339,0,69.857
60.9339,1,1.0
60.9339,2,24.2074
60.9339,3,24.2074
60.9339,4,24.2074
60.9339,5,23.4307
60.9339,6,23.3452
60.9339,7,23.3452
60.9339,8,22.6274
60.9339,9,22.6274
60.9339,10,22.6716
60.9339,11,22.0227
60.9339,12,22.2036
60.9339,13,22.0227
60.9339,14,22.2036
60.9339,15,22.8035
60.9339,16,22.2036
60.9339,17,22.8035
60.9339,18,22.0227
60.9339,19,22.0227
60.9339,20,21.2603
60.9339,21,20.6155
60.9339,22,19.799
60.9339,23,20.5183
60.9339,24,19.8494
60.9339,25,18.4391
60.9339,26,18.6011
60.9339,27,0.0
60.9339,28,0.0
60.9339,29,0.0
60.9339,30,0.0
60.9339,31,0.0
60.9339,32,0.0
60.9339,33,0.0
60.9339,34,0.0
60.9339,35,0.0
60.9339,36,0.0
60.9339,37,0.0
60.9339,38,11.6619
60.9339,39,12.2066
60.9339,40,12.8062
60.9339,41,13.4536
60.9339,42,14.1421
60.9339,43,14.2127
60.9339,44,15.6205
60.9339,45,16.4012
60.9339,46,16.6433
60.9339,47,18.0278
60.9339,48,18.868
60.9339,49,19.7231
60.9339,50,19.2354
60.9339,51,18.3576
60.9339,52,18.3576
60.9339,53,20.5913
60.9339,54,19.2354
60.9339,55,20.5913
60.9339,56,21.095
60.9339,57,20.8087
60.9339,58,21.6333
60.9339,59,22.2036
60.9339,60,23.0217
60.9339,61,25.0
60.9339,62,24.2074
60.9339,63,25.0
61.0433,0,69.857
61.0433,1,1.0
61.0433,2,25.632
61.0433,3,25.2982
61.0433,4,25.632
61.0433,5,25.0
61.0433,6,25.2982
61.0433,7,24.0416
61.0433,8,23.0868
61.0433,9,22.8035
61.0433,10,22.561
61.0433,11,23.1948
61.0433,12,22.2036
61.0433,13,23.1948
61.0433,14,23.1948
61.0433,15,22.2036
61.0433,16,23.1948
61.0433,17,23.1948
61.0433,18,23.3452
61.0433,19,22.561
61.0433,20,20.3961
61.0433,21,20.6155
61.0433,22,18.9737
61.0433,23,19.6469
61.0433,24,19.9249
61.0433,25,18.0278
61.0433,26,17.8885
61.0433,27,0.0
61.0433,28,0.0
61.0433,29,0.0
61.0433,30,0.0
61.0433,31,0.0
61.0433,32,0.0
61.0433,33,0.0
61.0433,34,0.0
61.0433,35,0.0
61.0433,36,0.0
61.0433,37,0.0
61.0433,38,11.0
61.0433,39,12.1655
61.0433,40,13.1529
61.0433,41,13.3417
61.0433,42,14.5602
61.0433,43,14.8661
61.0433,44,16.5529
61.0433,45,16.5529
61.0433,46,17.8885
61.0433,47,18.3576
61.0433,48,19.2354
61.0433,49,19.2354
61.0433,50,19.7231
61.0433,51,19.7231
61.0433,52,19.7231
61.0433,53,20.5913
61.0433,54,21.095
61.0433,55,19.7231
61.0433,56,21.4709
61.0433,57,22.3607
61.0433,58,22.3607
61.0433,59,22.8473
61.0433,60,23.2594
61.0433,61,26.0
61.0433,62,25.2982
61.0433,63,26.0
61.0433,0,69.857
61.0433,1,1.0
61.0433,2,24.5967
61.0433,3,26.8328
61.0433,4,24.5967
61.0433,5,25.4951
61.0433,6,24.1661
61.0433,7,25.0799
61.0433,8,23.7697
61.0433,9,23.4094
61.0433,10,23.4094
61.0433,11,23.7697
61.0433,12,23.7697
61.0433,13,22.8035
61.0433,14,23.7697
61.0433,15,22.8035
61.0433,16,23.7697
61.0433,17,22.8035
61.0433,18,24.0416
61.0433,19,23.0868
61.0433,20,22.1359
61.0433,21,21.1896
61.0433,22,20.2485
61.0433,23,19.3132
61.0433,24,19.6977
61.0433,25,19.2354
61.0433,26,18.868
61.0433,27,0.0
61.0433,28,0.0
61.0433,29,0.0
61.0433,30,0.0
61.0433,31,0.0
61.0433,32,0.0
61.0433,33,0.0
61.0433,34,0.0
61.0433,35,0.0
61.0433,36,0.0
61.0433,37,0.0
61.0433,38,12.1655
61.0433,39,12.3693
61.0433,40,13.3417
61.0433,41,13.9284
61.0433,42,13.9284
61.0433,43,15.6525
61.0433,44,15.6525
61.0433,45,16.6433
61.0433,46,16.6433
61.0433,47,17.2047
61.0433,48,19.4165
61.0433,49,19.4165
61.0433,50,18.6011
61.0433,51,18.6011
61.0433,52,20.0
61.0433,53,20.0
61.0433,54,20.0
61.0433,55,20.0
61.0433,56,21.6333
61.0433,57,21.9545
61.0433,58,22.4722
61.0433,59,23.7065
61.0433,60,22.4722
61.0433,61,25.0599
61.0433,62,25.9422
61.0433,63,25.9422
61.0469,0,99.2975
61.0469,1,5.0
61.0469,2,27.8927
61.0469,3,29.6142
61.0469,4,26.6833
61.0469,5,28.1603
61.0469,6,28.1603
61.0469,7,27.5136
61.0469,8,26.9258
61.0469,9,25.632
61.0469,10,26.4008
61.0469,11,26.8328
61.0469,12,26.8328
61.0469,13,26.4197
61.0469,14,27.2947
61.0469,15,26.4197
61.0469,16,28.178
61.0469,17,25.9422
61.0469,18,27.313
61.0469,19,26.8328
61.0469,20,25.0799
61.0469,21,25.0799
61.0469,22,23.4094
61.0469,23,22.4722
61.0469,24,22.8035
61.0469,25,23.7697
61.0469,26,21.2132
61.0469,27,0.0
61.0469,28,0.0
61.0469,29,0.0
61.0469,30,0.0
61.0469,31,0.0
61.0469,32,0.0
61.0469,33,0.0
61.0469,34,0.0
61.0469,35,0.0
61.0469,36,0.0
61.0469,37,0.0
61.0469,38,13.4536
61.0469,39,13.6015
61.0469,40,14.4222
61.0469,41,15.2643
61.0469,42,15.6525
61.0469,43,17.4642
61.0469,44,18.0278
61.0469,45,19.6469
61.0469,46,19.6469
61.0469,47,20.3961
61.0469,48,21.3776
61.0469,49,21.2132
61.0469,50,21.2132
61.0469,51,23.1948
61.0469,52,23.1948
61.0469,53,22.2036
61.0469,54,23.1948
61.0469,55,23.3452
61.0469,56,25.318
61.0469,57,24.5153
61.0469,58,25.7099
61.0469,59,26.6833
61.0469,60,26.6833
61.0469,61,28.8617
61.0469,62,27.8927
61.0469,63,29.8329
61.0651,0,69.857
61.0651,1,1.0
61.0651,2,23.2594
61.0651,3,24.1661
61.0651,4,22.8473
61.0651,5,23.2594
61.0651,6,23.2594
61.0651,7,22.8254
61.0651,8,21.9545
61.0651,9,21.9545
61.0651,10,21.095
61.0651,11,22.2036
61.0651,12,21.4009
61.0651,13,21.4009
61.0651,14,22.8035
61.0651,15,21.4009
61.0651,16,22.8035
61.0651,17,21.4009
61.0651,18,22.2036
61.0651,19,21.6333
61.0651,20,20.8087
61.0651,21,20.2485
61.0651,22,18.868
61.0651,23,18.3576
61.0651,24,19.2354
61.0651,25,17.4642
61.0651,26,18.0278
61.0651,27,0.0
61.0651,28,0.0
61.0651,29,0.0
61.0651,30,0.0
61.0651,31,0.0
61.0651,32,0.0
61.0651,33,0.0
61.0651,34,0.0
61.0651,35,0.0
61.0651,36,0.0
61.0651,37,0.0
61.0651,38,10.6301
61.0651,39,11.3137
61.0651,40,12.0416
61.0651,41,12.8062
61.0651,42,13.6015
61.0651,43,13.8924
61.0651,44,14.7648
61.0651,45,15.6525
61.0651,46,16.1555
61.0651,47,16.1555
61.0651,48,18.0278
61.0651,49,18.0278
61.0651,50,17.72
61.0651,51,18.6815
61.0651,52,18.6815
61.0651,53,18.9737
61.0651,54,18.6815
61.0651,55,18.6815
61.0651,56,19.9249
61.0651,57,20.2485
61.0651,58,20.2485
61.0651,59,21.5407
61.0651,60,21.1896
61.0651,61,23.7697
61.0651,62,23.2594
61.0651,63,24.1661
61.1752,0,69.857
61.1752,1,1.0
61.1752,2,24.6982
61.1752,3,25.5539
61.1752,4,23.8537
61.1752,5,24.1868
61.1752,6,24.1868
61.1752,7,23.7065
61.1752,8,22.8254
61.1752,9,22.3607
61.1752,10,22.8473
61.1752,11,23.4094
61.1752,12,22.1359
61.1752,13,22.4722
61.1752,14,24.3516
61.1752,15,22.4722
61.1752,16,23.0868
61.1752,17,22.4722
61.1752,18,23.4094
61.1752,19,22.4722
61.1752,20,21.5407
61.1752,21,20.6155
61.1752,22,20.1246
61.1752,23,18.7883
61.1752,24,20.5913
61.1752,25,18.868
61.1752,26,18.6011
61.1752,27,0.0
61.1752,28,0.0
61.1752,29,0.0
61.1752,30,0.0
61.1752,31,0.0
61.1752,32,0.0
61.1752,33,0.0
61.1752,34,0.0
61.1752,35,0.0
61.1752,36,0.0
61.1752,37,0.0
61.1752,38,11.1803
61.1752,39,12.3693
61.1752,40,12.6491
61.1752,41,13.9284
61.1752,42,14.3178
61.1752,43,15.6525
61.1752,44,16.1245
61.1752,45,16.1245
61.1752,46,17.2047
61.1752,47,17.2047
61.1752,48,19.2094
61.1752,49,19.2094
61.1752,50,19.2094
61.1752,51,19.2094
61.1752,52,19.8494
61.1752,53,19.8494
61.1752,54,19.8494
61.1752,55,19.8494
61.1752,56,21.4009
61.1752,57,22.2036
61.1752,58,22.2036
61.1752,59,22.2036
61.1752,60,22.2036
61.1752,61,24.6982
61.1752,62,24.6982
61.1752,63,25.2389
61.1886,0,69.857
61.1886,1,1.0
61.1886,2,17.0294
61.1886,3,17.0
61.1886,4,16.0312
61.1886,5,16.0
61.1886,6,16.0312
61.1886,7,15.0333
61.1886,8,15.0333
61.1886,9,14.1421
61.1886,10,15.1327
61.1886,11,15.2971
61.1886,12,14.3178
61.1886,13,14.3178
61.1886,14,15.5242
61.1886,15,14.3178
61.1886,16,14.3178
61.1886,17,14.3178
61.1886,18,15.2971
61.1886,19,15.2971
61.1886,20,14.3178
61.1886,21,14.1421
61.1886,22,13.0384
61.1886,23,13.1529
61.1886,24,13.0384
61.1886,25,13.0
61.1886,26,12.0416
61.1886,27,0.0
61.1886,28,0.0
61.1886,29,0.0
61.1886,30,0.0
61.1886,31,0.0
61.1886,32,0.0
61.1886,33,0.0
61.1886,34,0.0
61.1886,35,0.0
61.1886,36,0.0
61.1886,37,0.0
61.1886,38,7.0711
61.1886,39,8.0623
61.1886,40,8.0623
61.1886,41,9.0
61.1886,42,9.0
61.1886,43,10.0499
61.1886,44,10.0499
61.1886,45,11.1803
61.1886,46,11.1803
61.1886,47,11.1803
61.1886,48,12.1655
61.1886,49,12.3693
61.1886,50,12.3693
61.1886,51,12.3693
61.1886,52,12.3693
61.1886,53,13.3417
61.1886,54,13.3417
61.1886,55,13.3417
61.1886,56,14.3178
61.1886,57,14.1421
61.1886,58,14.1421
61.1886,59,15.1327
61.1886,60,15.1327
61.1886,61,16.0312
61.1886,62,16.0312
61.1886,63,16.1245
61.1887,0,69.857
61.1887,1,1.0
61.1887,2,23.0868
61.1887,3,24.0416
61.1887,4,23.0868
61.1887,5,23.0868
61.1887,6,22.8035
61.1887,7,21.587
61.1887,8,21.587
61.1887,9,20.6155
61.1887,10,20.3961
61.1887,11,21.095
61.1887,12,20.0998
61.1887,13,20.0998
61.1887,14,21.0238
61.1887,15,21.095
61.1887,16,21.2132
61.1887,17,20.0998
61.1887,18,21.2132
61.1887,19,19.4165
61.1887,20,19.6469
61.1887,21,18.4391
61.1887,22,17.72
61.1887,23,17.4642
61.1887,24,17.72
61.1887,25,17.088
61.1887,26,16.5529
61.1887,27,0.0
61.1887,28,0.0
61.1887,29,0.0
61.1887,30,0.0
61.1887,31,0.0
61.1887,32,0.0
61.1887,33,0.0
61.1887,34,0.0
61.1887,35,0.0
61.1887,36,0.0
61.1887,37,0.0
61.1887,38,10.0499
61.1887,39,11.0
61.1887,40,11.0454
61.1887,41,13.1529
61.1887,42,13.1529
61.1887,43,13.6015
61.1887,44,14.8661
61.1887,45,14.8661
61.1887,46,15.6525
61.1887,47,16.1555
61.1887,48,17.4642
61.1887,49,17.4642
61.1887,50,17.8885
61.1887,51,17.8885
61.1887,52,17.8885
61.1887,53,19.2354
61.1887,54,18.3576
61.1887,55,18.7883
61.1887,56,19.6977
61.1887,57,20.6155
61.1887,58,20.2485
61.1887,59,20.6155
61.1887,60,21.5407
61.1887,61,23.0868
61.1887,62,23.0868
61.1887,63,24.3516
69.6821,0,104.6566
69.6821,1,10.0
69.6821,2,23.7697
69.6821,3,22.561
69.6821,4,22.8035
69.6821,5,22.8035
69.6821,6,21.8403
69.6821,7,22.1359
69.6821,8,21.1896
69.6821,9,21.1896
69.6821,10,20.2485
69.6821,11,20.2485
69.6821,12,19.9249
69.6821,13,19.3132
69.6821,14,19.3132
69.6821,15,18.3848
69.6821,16,18.3848
69.6821,17,18.0278
69.6821,18,17.088
69.6821,19,16.1555
69.6821,20,15.8114
69.6821,21,14.8661
69.6821,22,14.5602
69.6821,23,13.6015
69.6821,24,13.3417
69.6821,25,13.3417
69.6821,26,12.0416
69.6821,27,0.0
69.6821,28,0.0
69.6821,29,0.0
69.6821,30,0.0
69.6821,31,0.0
69.6821,32,0.0
69.6821,33,0.0
69.6821,34,0.0
69.6821,35,0.0
69.6821,36,0.0
69.6821,37,0.0
69.6821,38,15.2971
69.6821,39,15.2971
69.6821,40,15.1327
69.6821,41,16.1245
69.6821,42,17.0294
69.6821,43,17.0294
69.6821,44,18.0278
69.6821,45,19.0263
69.6821,46,20.025
69.6821,47,20.0
69.6821,48,21.0
69.6821,49,22.0
69.6821,50,22.0
69.6821,51,22.0
69.6821,52,22.0
69.6821,53,22.0
69.6821,54,23.0
69.6821,55,23.0217
69.6821,56,23.0868
69.6821,57,23.1948
69.6821,58,23.1948
69.6821,59,23.3452
69.6821,60,23.1948
69.6821,61,24.3311
69.6821,62,23.3452
69.6821,63,24.1868
69.7061,0,47.634
69.7061,1,94.0
69.7061,2,17.4642
69.7061,3,17.4642
69.7061,4,16.4924
69.7061,5,16.7631
69.7061,6,15.5242
69.7061,7,15.8114
69.7061,8,15.8114
69.7061,9,15.8114
69.7061,10,14.8661
69.7061,11,14.8661
69.7061,12,14.8661
69.7061,13,13.9284
69.7061,14,13.9284
69.7061,15,13.9284
69.7061,16,13.0
69.7061,17,12.6491
69.7061,18,12.6491
69.7061,19,11.4018
69.7061,20,11.4018
69.7061,21,11.4018
69.7061,22,10.4403
69.7061,23,10.198
69.7061,24,10.198
69.7061,25,9.2195
69.7061,26,9.0554
69.7061,27,0.0
69.7061,28,0.0
69.7061,29,0.0
69.7061,30,0.0
69.7061,31,0.0
69.7061,32,0.0
69.7061,33,0.0
69.7061,34,0.0
69.7061,35,0.0
69.7061,36,0.0
69.7061,37,0.0
69.7061,38,10.4403
69.7061,39,11.4018
69.7061,40,12.3693
69.7061,41,12.1655
69.7061,42,12.1655
69.7061,43,13.1529
69.7061,44,13.1529
69.7061,45,14.1421
69.7061,46,14.1421
69.7061,47,15.1327
69.7061,48,15.0333
69.7061,49,16.0312
69.7061,50,16.0312
69.7061,51,16.0312
69.7061,52,16.0312
69.7061,53,16.1245
69.7061,54,16.1245
69.7061,55,16.1245
69.7061,56,16.1245
69.7061,57,17.2627
69.7061,58,16.2788
69.7061,59,17.2627
69.7061,60,17.2627
69.7061,61,17.4642
69.7061,62,17.4642
69.7061,63,17.2627
69.7219,0,99.2975
69.7219,1,5.0
69.7219,2,22.1359
69.7219,3,24.3516
69.7219,4,25.2982
69.7219,5,26.2488
69.7219,6,27.2029
69.7219,7,25.9615
69.7219,8,24.7386
69.7219,9,23.5372
69.7219,10,21.3776
69.7219,11,19.4165
69.7219,12,18.9737
69.7219,13,17.4642
69.7219,14,17.4929
69.7219,15,17.8045
69.7219,16,19.2094
69.7219,17,19.2094
69.7219,18,19.8494
69.7219,19,20.8087
69.7219,20,19.4165
69.7219,21,18.868
69.7219,22,17.4929
69.7219,23,15.6525
69.7219,24,14.7648
69.7219,25,13.8924
69.7219,26,13.8924
69.7219,27,0.0
69.7219,28,0.0
69.7219,29,0.0
69.7219,30,0.0
69.7219,31,0.0
69.7219,32,0.0
69.7219,33,0.0
69.7219,34,0.0
69.7219,35,0.0
69.7219,36,0.0
69.7219,37,0.0
69.7219,38,21.5407
69.7219,39,21.9545
69.7219,40,22.2036
69.7219,41,22.0227
69.7219,42,20.5183
69.7219,43,19.799
69.7219,44,18.3848
69.7219,45,16.2788
69.7219,46,15.6205
69.7219,47,14.4222
69.7219,48,15.2315
69.7219,49,16.4924
69.7219,50,19.2354
69.7219,51,21.2132
69.7219,52,24.1868
69.7219,53,25.4951
69.7219,54,27.6586
69.7219,55,27.8927
69.7219,56,28.4605
69.7219,57,26.5707
69.7219,58,25.632
69.7219,59,23.7697
69.7219,60,21.1896
69.7219,61,19.6469
69.7219,62,18.2483
69.7219,63,18.0
69.8039,0,83.006
69.8039,1,20.0
69.8039,2,25.632
69.8039,3,27.5136
69.8039,4,28.4605
69.8039,5,28.4605
69.8039,6,27.8927
69.8039,7,27.8927
69.8039,8,25.7099
69.8039,9,23.5372
69.8039,10,21.8403
69.8039,11,19.3132
69.8039,12,18.7883
69.8039,13,18.868
69.8039,14,20.0
69.8039,15,21.2603
69.8039,16,22.6716
69.8039,17,23.4307
69.8039,18,22.8035
69.8039,19,23.0217
69.8039,20,20.5913
69.8039,21,19.2354
69.8039,22,17.8885
69.8039,23,15.6525
69.8039,24,13.8924
69.8039,25,13.6015
69.8039,26,14.2127
69.8039,27,0.0
69.8039,28,0.0
69.8039,29,0.0
69.8039,30,0.0
69.8039,31,0.0
69.8039,32,0.0
69.8039,33,0.0
69.8039,34,0.0
69.8039,35,0.0
69.8039,36,0.0
69.8039,37,0.0
69.8039,38,24.0416
69.8039,39,24.1661
69.8039,40,24.6982
69.8039,41,23.6008
69.8039,42,23.4307
69.8039,43,21.9317
69.8039,44,19.799
69.8039,45,18.4391
69.8039,46,17.2047
69.8039,47,15.6525
69.8039,48,16.7631
69.8039,49,19.2354
69.8039,50,22.0907
69.8039,51,25.1794
69.8039,52,27.1662
69.8039,53,28.2843
69.8039,54,30.5941
69.8039,55,30.0832
69.8039,56,30.0832
69.8039,57,28.4605
69.8039,58,26.2488
69.8039,59,24.0416
69.8039,60,22.8035
69.8039,61,20.2237
69.8039,62,20.0
69.8039,63,20.2237
69.9266,0,83.006
69.9266,1,20.0
69.9266,2,20.1246
69.9266,3,22.8254
69.9266,4,23.7065
69.9266,5,24.5967
69.9266,6,25.4951
69.9266,7,25.0799
69.9266,8,23.7697
69.9266,9,22.4722
69.9266,10,20.6155
69.9266,11,18.7883
69.9266,12,17.0
69.9266,13,16.4012
69.9266,14,16.2788
69.9266,15,16.2788
69.9266,16,17.0294
69.9266,17,17.8045
69.9266,18,18.6011
69.9266,19,18.4391
69.9266,20,17.6918
69.9266,21,17.6918
69.9266,22,16.2788
69.9266,23,15.5563
69.9266,24,14.1421
69.9266,25,13.4536
69.9266,26,13.4536
69.9266,27,0.0
69.9266,28,0.0
69.9266,29,0.0
69.9266,30,0.0
69.9266,31,0.0
69.9266,32,0.0
69.9266,33,0.0
69.9266,34,0.0
69.9266,35,0.0
69.9266,36,0.0
69.9266,37,0.0
69.9266,38,20.8806
69.9266,39,21.5407
69.9266,40,21.9545
69.9266,41,22.2036
69.9266,42,20.6155
69.9266,43,19.8494
69.9266,44,17.6918
69.9266,45,16.2788
69.9266,46,14.2127
69.9266,47,13.8924
69.9266,48,13.6015
69.9266,49,15.2971
69.9266,50,17.0294
69.9266,51,20.025
69.9266,52,23.0217
69.9266,53,25.0799
69.9266,54,26.1725
69.9266,55,27.2947
69.9266,56,26.4764
69.9266,57,26.6833
69.9266,58,25.0
69.9266,59,22.8035
69.9266,60,20.6155
69.9266,61,18.2483
69.9266,62,17.0294
69.9266,63,16.1245
69.9944,0,99.2975
69.9944,1,5.0
69.9944,2,25.4951
69.9944,3,26.4764
69.9944,4,26.4764
69.9944,5,25.4951
69.9944,6,25.318
69.9944,7,24.1868
69.9944,8,24.1868
69.9944,9,24.1868
69.9944,10,24.0832
69.9944,11,23.1948
69.9944,12,22.0907
69.9944,13,23.0217
69.9944,14,23.0868
69.9944,15,22.0227
69.9944,16,21.0238
69.9944,17,20.0998
69.9944,18,20.0998
69.9944,19,19.105
69.9944,20,19.2354
69.9944,21,17.2627
69.9944,22,17.2627
69.9944,23,15.2971
69.9944,24,15.5242
69.9944,25,14.5602
69.9944,26,14.8661
69.9944,27,0.0
69.9944,28,0.0
69.9944,29,0.0
69.9944,30,0.0
69.9944,31,0.0
69.9944,32,0.0
69.9944,33,0.0
69.9944,34,0.0
69.9944,35,0.0
69.9944,36,0.0
69.9944,37,0.0
69.9944,38,17.1172
69.9944,39,18.2483
69.9944,40,18.4391
69.9944,41,19.4165
69.9944,42,18.6815
69.9944,43,19.9249
69.9944,44,20.8806
69.9944,45,21.1896
69.9944,46,22.1359
69.9944,47,22.8473
69.9944,48,22.8473
69.9944,49,23.7697
69.9944,50,23.7697
69.9944,51,24.1661
69.9944,52,25.0799
69.9944,53,25.0799
69.9944,54,25.632
69.9944,55,25.2982
69.9944,56,25.2982
69.9944,57,25.0
69.9944,58,26.2488
69.9944,59,25.9615
69.9944,60,26.2488
69.9944,61,26.9258
69.9944,62,26.9258
69.9944,63,26.2488
76.8121,0,69.857
76.8121,1,1.0
76.8121,2,26.0
76.8121,3,25.0799
76.8121,4,23.7697
76.8121,5,25.0799
76.8121,6,23.7065
76.8121,7,23.7065
76.8121,8,22.8254
76.8121,9,21.9545
76.8121,10,22.4722
76.8121,11,23.0217
76.8121,12,22.2036
76.8121,13,22.2036
76.8121,14,22.8035
76.8121,15,21.4009
76.8121,16,22.8035
76.8121,17,22.8035
76.8121,18,22.2036
76.8121,19,21.6333
76.8121,20,20.8087
76.8121,21,20.2485
76.8121,22,18.868
76.8121,23,18.3576
76.8121,24,19.2354
76.8121,25,18.7883
76.8121,26,18.3848
76.8121,27,0.0
76.8121,28,0.0
76.8121,29,0.0
76.8121,30,0.0
76.8121,31,0.0
76.8121,32,0.0
76.8121,33,0.0
76.8121,34,0.0
76.8121,35,0.0
76.8121,36,0.0
76.8121,37,0.0
76.8121,38,13.4536
76.8121,39,13.6015
76.8121,40,14.4222
76.8121,41,15.2643
76.8121,42,15.6525
76.8121,43,17.4642
76.8121,44,18.0278
76.8121,45,18.0278
76.8121,46,18.6815
76.8121,47,19.6469
76.8121,48,20.6155
76.8121,49,20.3961
76.8121,50,21.587
76.8121,51,20.3961
76.8121,52,20.3961
76.8121,53,21.3776
76.8121,54,21.3776
76.8121,55,21.587
76.8121,56,22.8035
76.8121,57,22.8035
76.8121,58,23.0868
76.8121,59,24.0416
76.8121,60,24.0416
76.8121,61,24.6982
76.8121,62,26.0
76.8121,63,25.632
76.8527,0,153.522
76.8527,1,9.0
76.8527,2,31.8277
76.8527,3,29.6985
76.8527,4,29.0689
76.8527,5,29.0
76.8527,6,27.5862
76.8527,7,27.6586
76.8527,8,27.5862
76.8527,9,26.9072
76.8527,10,26.4008
76.8527,11,25.807
76.8527,12,28.0179
76.8527,13,28.0179
76.8527,14,27.4591
76.8527,15,27.4591
76.8527,16,26.6271
76.8527,17,26.6271
76.8527,18,27.2029
76.8527,19,26.4008
76.8527,20,25.6125
76.8527,21,25.4951
76.8527,22,24.0832
76.8527,23,23.3452
76.8527,24,24.0416
76.8527,25,23.3452
76.8527,26,22.8035
76.8527,27,0.0
76.8527,28,0.0
76.8527,29,0.0
76.8527,30,0.0
76.8527,31,0.0
76.8527,32,0.0
76.8527,33,0.0
76.8527,34,0.0
76.8527,35,0.0
76.8527,36,0.0
76.8527,37,0.0
76.8527,38,16.5529
76.8527,39,17.4929
76.8527,40,18.0278
76.8527,41,18.6011
76.8527,42,19.2094
76.8527,43,20.5183
76.8527,44,21.2132
76.8527,45,22.6716
76.8527,46,22.8035
76.8527,47,23.4307
76.8527,48,25.0
76.8527,49,23.6008
76.8527,50,24.4131
76.8527,51,24.4131
76.8527,52,25.2389
76.8527,53,25.2389
76.8527,54,25.807
76.8527,55,25.807
76.8527,56,27.0185
76.8527,57,27.0185
76.8527,58,28.4253
76.8527,59,27.6586
76.8527,60,29.2062
76.8527,61,29.7321
76.8527,62,29.7321
76.8527,63,29.7321
76.8806,0,69.857
76.8806,1,1.0
76.8806,2,14.7648
76.8806,3,15.6525
76.8806,4,14.7648
76.8806,5,14.7648
76.8806,6,14.7648
76.8806,7,13.8924
76.8806,8,13.0384
76.8806,9,13.0384
76.8806,10,12.8062
76.8806,11,13.4536
76.8806,12,13.4536
76.8806,13,13.4536
76.8806,14,14.1421
76.8806,15,13.4536
76.8806,16,13.4536
76.8806,17,13.4536
76.8806,18,14.2127
76.8806,19,13.6015
76.8806,20,12.8062
76.8806,21,12.8062
76.8806,22,12.2066
76.8806,23,12.2066
76.8806,24,13.0384
76.8806,25,11.6619
76.8806,26,12.083
76.8806,27,0.0
76.8806,28,0.0
76.8806,29,0.0
76.8806,30,0.0
76.8806,31,0.0
76.8806,32,0.0
76.8806,33,0.0
76.8806,34,0.0
76.8806,35,0.0
76.8806,36,0.0
76.8806,37,0.0
76.8806,38,7.8102
76.8806,39,8.6023
76.8806,40,8.6023
76.8806,41,9.434
76.8806,42,8.9443
76.8806,43,9.8489
76.8806,44,10.7703
76.8806,45,10.7703
76.8806,46,11.4018
76.8806,47,11.7047
76.8806,48,12.6491
76.8806,49,12.6491
76.8806,50,12.6491
76.8806,51,12.3693
76.8806,52,12.3693
76.8806,53,12.3693
76.8806,54,13.3417
76.8806,55,12.3693
76.8806,56,13.6015
76.8806,57,13.9284
76.8806,58,13.9284
76.8806,59,13.9284
76.8806,60,13.9284
76.8806,61,15.6525
76.8806,62,14.7648
76.8806,63,15.6525
76.9089,0,69.857
76.9089,1,1.0
76.9089,2,16.1555
76.9089,3,16.5529
76.9089,4,16.1555
76.9089,5,16.1555
76.9089,6,16.1555
76.9089,7,15.8114
76.9089,8,15.8114
76.9089,9,14.8661
76.9089,10,14.5602
76.9089,11,15.2971
76.9089,12,14.3178
76.9089,13,14.3178
76.9089,14,15.2971
76.9089,15,15.2971
76.9089,16,15.2971
76.9089,17,15.1327
76.9089,18,15.2971
76.9089,19,14.3178
76.9089,20,13.6015
76.9089,21,13.6015
76.9089,22,12.6491
76.9089,23,12.6491
76.9089,24,13.0
76.9089,25,12.083
76.9089,26,11.6619
76.9089,27,0.0
76.9089,28,0.0
76.9089,29,0.0
76.9089,30,0.0
76.9089,31,0.0
76.9089,32,0.0
76.9089,33,0.0
76.9089,34,0.0
76.9089,35,0.0
76.9089,36,0.0
76.9089,37,0.0
76.9089,38,8.0623
76.9089,39,8.2462
76.9089,40,9.2195
76.9089,41,9.4868
76.9089,42,9.4868
76.9089,43,9.8489
76.9089,44,11.1803
76.9089,45,11.1803
76.9089,46,11.6619
76.9089,47,12.53
76.9089,48,13.0384
76.9089,49,13.0384
76.9089,50,13.6015
76.9089,51,13.0384
76.9089,52,13.6015
76.9089,53,14.4222
76.9089,54,13.6015
76.9089,55,13.0384
76.9089,56,14.4222
76.9089,57,14.7648
76.9089,58,14.7648
76.9089,59,15.6525
76.9089,60,16.1245
76.9089,61,16.5529
76.9089,62,17.4642
76.9089,63,16.5529
76.9388,0,99.2975
76.9388,1,5.0
76.9388,2,17.2047
76.9388,3,19.8494
76.9388,4,21.2603
76.9388,5,23.3452
76.9388,6,24.0832
76.9388,7,23.4307
76.9388,8,24.2074
76.9388,9,23.6008
76.9388,10,21.6333
76.9388,11,20.0
76.9388,12,18.6011
76.9388,13,17.0294
76.9388,14,15.5563
76.9388,15,14.8661
76.9388,16,14.4222
76.9388,17,14.7648
76.9388,18,14.7648
76.9388,19,15.2315
76.9388,20,15.2315
76.9388,21,15.2315
76.9388,22,15.2315
76.9388,23,15.2315
76.9388,24,15.2315
76.9388,25,14.7648
76.9388,26,15.2643
76.9388,27,0.0
76.9388,28,0.0
76.9388,29,0.0
76.9388,30,0.0
76.9388,31,0.0
76.9388,32,0.0
76.9388,33,0.0
76.9388,34,0.0
76.9388,35,0.0
76.9388,36,0.0
76.9388,37,0.0
76.9388,38,20.0998
76.9388,39,21.3776
76.9388,40,20.8806
76.9388,41,21.5407
76.9388,42,21.4709
76.9388,43,21.095
76.9388,44,19.4165
76.9388,45,18.0278
76.9388,46,16.1245
76.9388,47,14.3178
76.9388,48,13.6015
76.9388,49,14.0357
76.9388,50,16.0312
76.9388,51,19.2354
76.9388,52,21.2132
76.9388,53,23.1948
76.9388,54,25.1794
76.9388,55,27.074
76.9388,56,27.0
76.9388,57,27.0185
76.9388,58,25.02
76.9388,59,24.0832
76.9388,60,22.2036
76.9388,61,20.025
76.9388,62,18.0278
76.9388,63,16.2788
76.9602,0,69.857
76.9602,1,1.0
76.9602,2,25.4951
76.9602,3,25.0599
76.9602,4,24.5967
76.9602,5,25.4951
76.9602,6,24.1661
76.9602,7,23.7697
76.9602,8,24.6982
76.9602,9,22.4722
76.9602,10,23.0868
76.9602,11,23.7697
76.9602,12,22.561
76.9602,13,23.5372
76.9602,14,23.7697
76.9602,15,23.7697
76.9602,16,24.7386
76.9602,17,23.7697
76.9602,18,24.0416
76.9602,19,23.0868
76.9602,20,21.8403
76.9602,21,22.1359
76.9602,22,20.2485
76.9602,23,20.6155
76.9602,24,21.0238
76.9602,25,20.1246
76.9602,26,20.2485
76.9602,27,0.0
76.9602,28,0.0
76.9602,29,0.0
76.9602,30,0.0
76.9602,31,0.0
76.9602,32,0.0
76.9602,33,0.0
76.9602,34,0.0
76.9602,35,0.0
76.9602,36,0.0
76.9602,37,0.0
76.9602,38,12.1655
76.9602,39,12.3693
76.9602,40,12.6491
76.9602,41,13.9284
76.9602,42,14.3178
76.9602,43,16.1245
76.9602,44,16.6433
76.9602,45,17.2047
76.9602,46,17.2047
76.9602,47,18.0278
76.9602,48,20.0
76.9602,49,19.2094
76.9602,50,19.2094
76.9602,51,20.0
76.9602,52,19.2094
76.9602,53,20.6155
76.9602,54,20.6155
76.9602,55,19.2094
76.9602,56,22.2036
76.9602,57,21.6333
76.9602,58,22.4722
76.9602,59,23.3238
76.9602,60,23.3238
76.9602,61,25.0599
76.9602,62,25.9422
76.9602,63,25.9422
76.9841,0,69.857
76.9841,1,1.0
76.9841,2,24.0208
76.9841,3,23.0217
76.9841,4,24.0208
76.9841,5,23.0217
76.9841,6,23.0
76.9841,7,22.0907
76.9841,8,22.0227
76.9841,9,21.0238
76.9841,10,21.095
76.9841,11,22.2036
76.9841,12,20.2237
76.9841,13,21.2132
76.9841,14,20.3961
76.9841,15,20.6155
76.9841,16,20.6155
76.9841,17,21.587
76.9841,18,21.3776
76.9841,19,20.3961
76.9841,20,19.2354
76.9841,21,19.2354
76.9841,22,18.1108
76.9841,23,18.0278
76.9841,24,19.0263
76.9841,25,17.0294
76.9841,26,17.1172
76.9841,27,0.0
76.9841,28,0.0
76.9841,29,0.0
76.9841,30,0.0
76.9841,31,0.0
76.9841,32,0.0
76.9841,33,0.0
76.9841,34,0.0
76.9841,35,0.0
76.9841,36,0.0
76.9841,37,0.0
76.9841,38,11.1803
76.9841,39,12.0416
76.9841,40,13.0384
76.9841,41,13.0
76.9841,42,14.0
76.9841,43,14.1421
76.9841,44,16.1245
76.9841,45,16.2788
76.9841,46,17.2627
76.9841,47,17.4642
76.9841,48,18.6815
76.9841,49,18.9737
76.9841,50,18.9737
76.9841,51,18.9737
76.9841,52,18.6815
76.9841,53,19.6469
76.9841,54,19.6469
76.9841,55,19.6469
76.9841,56,20.3961
76.9841,57,21.2132
76.9841,58,21.2132
76.9841,59,22.2036
76.9841,60,23.3452
76.9841,61,24.1868
76.9841,62,24.1868
76.9841,63,24.1868
77.0319,0,99.2975
77.0319,1,5.0
77.0319,2,27.2029
77.0319,3,28.1603
77.0319,4,27.5136
77.0319,5,28.1603
77.0319,6,26.9258
77.0319,7,26.6833
77.0319,8,26.4764
77.0319,9,26.4764
77.0319,10,25.318
77.0319,11,26.1725
77.0319,12,25.1794
77.0319,13,25.0799
77.0319,14,25.0799
77.0319,15,26.0768
77.0319,16,26.0768
77.0319,17,26.0768
77.0319,18,25.1794
77.0319,19,25.318
77.0319,20,25.318
77.0319,21,23.3452
77.0319,22,23.3452
77.0319,23,22.3607
77.0319,24,21.8403
77.0319,25,22.1359
77.0319,26,21.0238
77.0319,27,0.0
77.0319,28,0.0
77.0319,29,0.0
77.0319,30,0.0
77.0319,31,0.0
77.0319,32,0.0
77.0319,33,0.0
77.0319,34,0.0
77.0319,35,0.0
77.0319,36,0.0
77.0319,37,0.0
77.0319,38,14.0
77.0319,39,15.0333
77.0319,40,15.1327
77.0319,41,16.1245
77.0319,42,16.2788
77.0319,43,17.72
77.0319,44,18.9737
77.0319,45,19.3132
77.0319,46,20.6155
77.0319,47,21.0238
77.0319,48,22.3607
77.0319,49,21.4709
77.0319,50,22.3607
77.0319,51,22.3607
77.0319,52,22.8254
77.0319,53,22.3607
77.0319,54,23.2594
77.0319,55,23.2594
77.0319,56,24.6982
77.0319,57,26.0
77.0319,58,25.0799
77.0319,59,25.632
77.0319,60,27.5136
77.0319,61,28.1603
77.0319,62,28.4605
77.0319,63,29.7321
77.0472,0,69.857
77.0472,1,1.0
77.0472,2,23.1948
77.0472,3,25.1794
77.0472,4,23.1948
77.0472,5,24.1868
77.0472,6,23.0868
77.0472,7,23.0
77.0472,8,23.0
77.0472,9,22.0
77.0472,10,21.0238
77.0472,11,23.0217
77.0472,12,21.095
77.0472,13,21.095
77.0472,14,22.0907
77.0472,15,21.095
77.0472,16,22.0907
77.0472,17,21.095
77.0472,18,22.0907
77.0472,19,21.0238
77.0472,20,20.025
77.0472,21,19.0
77.0472,22,18.0
77.0472,23,18.0278
77.0472,24,18.1108
77.0472,25,17.2627
77.0472,26,16.4924
77.0472,27,0.0
77.0472,28,0.0
77.0472,29,0.0
77.0472,30,0.0
77.0472,31,0.0
77.0472,32,0.0
77.0472,33,0.0
77.0472,34,0.0
77.0472,35,0.0
77.0472,36,0.0
77.0472,37,0.0
77.0472,38,12.6491
77.0472,39,14.3178
77.0472,40,13.1529
77.0472,41,15.0333
77.0472,42,15.0
77.0472,43,16.0312
77.0472,44,17.0294
77.0472,45,17.1172
77.0472,46,18.2483
77.0472,47,18.4391
77.0472,48,19.4165
77.0472,49,19.6469
77.0472,50,19.6469
77.0472,51,19.6469
77.0472,52,19.6469
77.0472,53,19.6469
77.0472,54,20.6155
77.0472,55,19.6469
77.0472,56,21.587
77.0472,57,22.3607
77.0472,58,22.3607
77.0472,59,23.1948
77.0472,60,22.3607
77.0472,61,25.318
77.0472,62,25.1794
77.0472,63,25.1794
82.6938,0,104.6566
82.6938,1,10.0
82.6938,2,24.6982
82.6938,3,25.632
82.6938,4,25.632
82.6938,5,24.3516
82.6938,6,24.6982
82.6938,7,24.0416
82.6938,8,24.0416
82.6938,9,22.8035
82.6938,10,22.8035
82.6938,11,21.587
82.6938,12,21.587
82.6938,13,21.587
82.6938,14,20.6155
82.6938,15,20.6155
82.6938,16,19.4165
82.6938,17,19.4165
82.6938,18,18.4391
82.6938,19,17.4642
82.6938,20,16.4924
82.6938,21,15.5242
82.6938,22,15.5242
82.6938,23,14.8661
82.6938,24,13.9284
82.6938,25,13.9284
82.6938,26,13.0
82.6938,27,0.0
82.6938,28,0.0
82.6938,29,0.0
82.6938,30,0.0
82.6938,31,0.0
82.6938,32,0.0
82.6938,33,0.0
82.6938,34,0.0
82.6938,35,0.0
82.6938,36,0.0
82.6938,37,0.0
82.6938,38,16.7631
82.6938,39,17.088
82.6938,40,18.3848
82.6938,41,18.3848
82.6938,42,19.2354
82.6938,43,19.2354
82.6938,44,20.5913
82.6938,45,20.5913
82.6938,46,21.9545
82.6938,47,23.3238
82.6938,48,23.0217
82.6938,49,24.4131
82.6938,50,24.4131
82.6938,51,24.4131
82.6938,52,23.8537
82.6938,53,24.6982
82.6938,54,24.6982
82.6938,55,26.0768
82.6938,56,25.5539
82.6938,57,25.9422
82.6938,58,25.9422
82.6938,59,25.9422
82.6938,60,27.2947
82.6938,61,26.8328
82.6938,62,26.8328
82.6938,63,25.9422
82.8278,0,99.2975
82.8278,1,5.0
82.8278,2,10.7703
82.8278,3,14.7648
82.8278,4,18.0278
82.8278,5,21.6333
82.8278,6,23.0217
82.8278,7,23.8537
82.8278,8,24.6982
82.8278,9,23.7065
82.8278,10,22.3607
82.8278,11,20.1246
82.8278,12,17.0
82.8278,13,15.2643
82.8278,14,11.4018
82.8278,15,8.6023
82.8278,16,8.2462
82.8278,17,9.0554
82.8278,18,11.7047
82.8278,19,13.4164
82.8278,20,15.6525
82.8278,21,17.0
82.8278,22,17.8885
82.8278,23,17.4642
82.8278,24,18.0278
82.8278,25,17.72
82.8278,26,16.4924
82.8278,27,0.0
82.8278,28,0.0
82.8278,29,0.0
82.8278,30,0.0
82.8278,31,0.0
82.8278,32,0.0
82.8278,33,0.0
82.8278,34,0.0
82.8278,35,0.0
82.8278,36,0.0
82.8278,37,0.0
82.8278,38,19.7231
82.8278,39,21.6333
82.8278,40,22.6716
82.8278,41,24.0416
82.8278,42,24.0832
82.8278,43,22.8035
82.8278,44,20.8087
82.8278,45,18.868
82.8278,46,15.8114
82.8278,47,12.0416
82.8278,48,10.0
82.8278,49,8.0623
82.8278,50,10.4403
82.8278,51,13.8924
82.8278,52,18.868
82.8278,53,21.6333
82.8278,54,25.2389
82.8278,55,26.9258
82.8278,56,28.6531
82.8278,57,28.178
82.8278,58,26.8328
82.8278,59,25.0799
82.8278,60,22.8473
82.8278,61,19.6977
82.8278,62,15.6525
82.8278,63,11.4018
82.8544,0,104.6566
82.8544,1,10.0
82.8544,2,25.632
82.8544,3,25.2982
82.8544,4,24.3516
82.8544,5,24.3516
82.8544,6,23.7697
82.8544,7,22.8473
82.8544,8,22.8473
82.8544,9,22.8473
82.8544,10,22.3607
82.8544,11,21.4709
82.8544,12,20.5913
82.8544,13,20.5913
82.8544,14,20.1246
82.8544,15,19.7231
82.8544,16,18.3576
82.8544,17,17.8885
82.8544,18,17.8885
82.8544,19,17.8885
82.8544,20,16.1555
82.8544,21,16.1555
82.8544,22,15.2315
82.8544,23,14.8661
82.8544,24,14.8661
82.8544,25,13.9284
82.8544,26,13.6015
82.8544,27,0.0
82.8544,28,0.0
82.8544,29,0.0
82.8544,30,0.0
82.8544,31,0.0
82.8544,32,0.0
82.8544,33,0.0
82.8544,34,0.0
82.8544,35,0.0
82.8544,36,0.0
82.8544,37,0.0
82.8544,38,17.088
82.8544,39,18.0278
82.8544,40,18.0278
82.8544,41,18.6815
82.8544,42,19.6469
82.8544,43,20.6155
82.8544,44,20.6155
82.8544,45,21.3776
82.8544,46,22.3607
82.8544,47,22.3607
82.8544,48,23.3452
82.8544,49,23.1948
82.8544,50,24.3311
82.8544,51,24.1868
82.8544,52,25.318
82.8544,53,25.318
82.8544,54,25.318
82.8544,55,25.318
82.8544,56,25.4951
82.8544,57,25.7099
82.8544,58,25.7099
82.8544,59,25.7099
82.8544,60,25.9615
82.8544,61,25.9615
82.8544,62,25.9615
82.8544,63,25.0
82.9574,0,99.2975
82.9574,1,5.0
82.9574,2,13.8924
82.9574,3,17.2047
82.9574,4,19.105
82.9574,5,22.6716
82.9574,6,24.8395
82.9574,7,25.0
82.9574,8,25.0
82.9574,9,25.2389
82.9574,10,22.4722
82.9574,11,21.095
82.9574,12,18.868
82.9574,13,15.8114
82.9574,14,13.4536
82.9574,15,10.6301
82.9574,16,10.7703
82.9574,17,10.0499
82.9574,18,13.0384
82.9574,19,14.0357
82.9574,20,15.1327
82.9574,21,16.1245
82.9574,22,17.0294
82.9574,23,16.0312
82.9574,24,16.0
82.9574,25,16.0
82.9574,26,15.0333
82.9574,27,0.0
82.9574,28,0.0
82.9574,29,0.0
82.9574,30,0.0
82.9574,31,0.0
82.9574,32,0.0
82.9574,33,0.0
82.9574,34,0.0
82.9574,35,0.0
82.9574,36,0.0
82.9574,37,0.0
82.9574,38,19.3132
82.9574,39,21.8403
82.9574,40,21.3776
82.9574,41,23.1948
82.9574,42,22.0227
82.9574,43,22.0227
82.9574,44,20.0998
82.9574,45,18.1108
82.9574,46,15.0333
82.9574,47,12.0416
82.9574,48,10.4403
82.9574,49,11.4018
82.9574,50,12.8062
82.9574,51,15.6525
82.9574,52,19.6977
82.9574,53,21.9317
82.9574,54,25.4951
82.9574,55,25.9422
82.9574,56,28.6531
82.9574,57,27.4591
82.9574,58,26.6271
82.9574,59,25.0
82.9574,60,22.2036
82.9574,61,19.4165
82.9574,62,16.6433
82.9574,63,13.9284
87.9557,0,69.857
87.9557,1,1.0
87.9557,2,19.4165
87.9557,3,19.4165
87.9557,4,18.4391
87.9557,5,20.3961
87.9557,6,18.6815
87.9557,7,18.6815
87.9557,8,18.9737
87.9557,9,18.9737
87.9557,10,18.3848
87.9557,11,18.7883
87.9557,12,18.7883
87.9557,13,19.2354
87.9557,14,20.1246
87.9557,15,20.1246
87.9557,16,21.0238
87.9557,17,20.1246
87.9557,18,20.6155
87.9557,19,20.2485
87.9557,20,20.2485
87.9557,21,20.8806
87.9557,22,20.6155
87.9557,23,19.6469
87.9557,24,20.6155
87.9557,25,19.2354
87.9557,26,20.0998
87.9557,27,0.0
87.9557,28,0.0
87.9557,29,0.0
87.9557,30,0.0
87.9557,31,0.0
87.9557,32,0.0
87.9557,33,0.0
87.9557,34,0.0
87.9557,35,0.0
87.9557,36,0.0
87.9557,37,0.0
87.9557,38,9.2195
87.9557,39,10.198
87.9557,40,10.0499
87.9557,41,11.0454
87.9557,42,11.0454
87.9557,43,12.0
87.9557,44,12.0
87.9557,45,13.0384
87.9557,46,13.0384
87.9557,47,14.0357
87.9557,48,15.0333
87.9557,49,15.0333
87.9557,50,15.0333
87.9557,51,15.0333
87.9557,52,15.1327
87.9557,53,15.0333
87.9557,54,15.0333
87.9557,55,15.0333
87.9557,56,17.0
87.9557,57,17.0
87.9557,58,17.0294
87.9557,59,17.0294
87.9557,60,17.1172
87.9557,61,18.1108
87.9557,62,19.2354
87.9557,63,19.2354
88.0089,0,69.857
88.0089,1,1.0
88.0089,2,25.0599
88.0089,3,24.1868
88.0089,4,24.1868
88.0089,5,24.5967
88.0089,6,24.5967
88.0089,7,25.2982
88.0089,8,24.6982
88.0089,9,24.3516
88.0089,10,25.9615
88.0089,11,26.6833
88.0089,12,26.4764
88.0089,13,26.4764
88.0089,14,27.4591
88.0089,15,27.8927
88.0089,16,28.6356
88.0089,17,29.8329
88.0089,18,30.0832
88.0089,19,30.3645
88.0089,20,29.4109
88.0089,21,29.4109
88.0089,22,28.2312
88.0089,23,28.2312
88.0089,24,29.9666
88.0089,25,29.1548
88.0089,26,28.6007
88.0089,27,0.0
88.0089,28,0.0
88.0089,29,0.0
88.0089,30,0.0
88.0089,31,0.0
88.0089,32,0.0
88.0089,33,0.0
88.0089,34,0.0
88.0089,35,0.0
88.0089,36,0.0
88.0089,37,0.0
88.0089,38,8.6023
88.0089,39,9.2195
88.0089,40,10.0
88.0089,41,10.6301
88.0089,42,12.0416
88.0089,43,12.0416
88.0089,44,12.7279
88.0089,45,14.1421
88.0089,46,14.8661
88.0089,47,14.8661
88.0089,48,16.2788
88.0089,49,16.2788
88.0089,50,16.9706
88.0089,51,17.6918
88.0089,52,17.6918
88.0089,53,18.3848
88.0089,54,17.6918
88.0089,55,19.105
88.0089,56,19.8494
88.0089,57,20.6155
88.0089,58,20.0
88.0089,59,22.0227
88.0089,60,21.4009
88.0089,61,24.4131
88.0089,62,24.6982
88.0089,63,23.7065
88.0442,0,69.857
88.0442,1,1.0
88.0442,2,25.4951
88.0442,3,26.1725
88.0442,4,25.4558
88.0442,5,26.8701
88.0442,6,26.1725
88.0442,7,25.4951
88.0442,8,26.2488
88.0442,9,25.6125
88.0442,10,25.807
88.0442,11,26.8328
88.0442,12,26.8328
88.0442,13,26.4197
88.0442,14,28.6531
88.0442,15,28.6531
88.0442,16,31.305
88.0442,17,30.0167
88.0442,18,31.3847
88.0442,19,30.8058
88.0442,20,30.8058
88.0442,21,30.0
88.0442,22,29.2062
88.0442,23,29.8329
88.0442,24,30.4795
88.0442,25,29.0
88.0442,26,30.0
88.0442,27,0.0
88.0442,28,0.0
88.0442,29,0.0
88.0442,30,0.0
88.0442,31,0.0
88.0442,32,0.0
88.0442,33,0.0
88.0442,34,0.0
88.0442,35,0.0
88.0442,36,0.0
88.0442,37,0.0
88.0442,38,8.4853
88.0442,39,9.2195
88.0442,40,10.6301
88.0442,41,12.0416
88.0442,42,11.4018
88.0442,43,12.8062
88.0442,44,13.8924
88.0442,45,15.2643
88.0442,46,16.1245
88.0442,47,15.6525
88.0442,48,18.3576
88.0442,49,17.8885
88.0442,50,19.2354
88.0442,51,18.7883
88.0442,52,19.2354
88.0442,53,19.2354
88.0442,54,20.1246
88.0442,55,19.2354
88.0442,56,21.095
88.0442,57,21.6333
88.0442,58,21.6333
88.0442,59,22.2036
88.0442,60,23.0217
88.0442,61,25.4951
88.0442,62,24.7588
88.0442,63,26.2488
92.9437,0,69.857
92.9437,1,1.0
92.9437,2,23.8537
92.9437,3,23.0217
92.9437,4,23.8537
92.9437,5,22.4722
92.9437,6,23.0217
92.9437,7,21.6333
92.9437,8,21.095
92.9437,9,20.5913
92.9437,10,21.0238
92.9437,11,21.0238
92.9437,12,21.5407
92.9437,13,20.6155
92.9437,14,21.1896
92.9437,15,19.6977
92.9437,16,20.6155
92.9437,17,20.6155
92.9437,18,21.0238
92.9437,19,19.6977
92.9437,20,20.1246
92.9437,21,19.2354
92.9437,22,18.3576
92.9437,23,18.3576
92.9437,24,17.4929
92.9437,25,16.6433
92.9437,26,16.4012
92.9437,27,0.0
92.9437,28,0.0
92.9437,29,0.0
92.9437,30,0.0
92.9437,31,0.0
92.9437,32,0.0
92.9437,33,0.0
92.9437,34,0.0
92.9437,35,0.0
92.9437,36,0.0
92.9437,37,0.0
92.9437,38,10.0499
92.9437,39,11.1803
92.9437,40,11.4018
92.9437,41,11.7047
92.9437,42,13.0
92.9437,43,13.4164
92.9437,44,14.4222
92.9437,45,15.2643
92.9437,46,15.0
92.9437,47,16.4012
92.9437,48,17.8045
92.9437,49,17.8045
92.9437,50,17.8045
92.9437,51,17.0294
92.9437,52,17.6918
92.9437,53,19.105
92.9437,54,18.3848
92.9437,55,18.4391
92.9437,56,19.2094
92.9437,57,20.6155
92.9437,58,20.6155
92.9437,59,21.4009
92.9437,60,21.4009
92.9437,61,23.8537
92.9437,62,23.8537
92.9437,63,24.4131
93.0459,0,153.522
93.0459,1,9.0
93.0459,2,27.6586
93.0459,3,27.6586
93.0459,4,28.4253
93.0459,5,28.3196
93.0459,6,26.1725
93.0459,7,26.1725
93.0459,8,26.1725
93.0459,9,24.7588
93.0459,10,24.8395
93.0459,11,24.8395
93.0459,12,25.807
93.0459,13,25.807
93.0459,14,25.807
93.0459,15,26.0768
93.0459,16,25.2389
93.0459,17,25.6125
93.0459,18,25.0
93.0459,19,24.2074
93.0459,20,23.4307
93.0459,21,23.4307
93.0459,22,21.9317
93.0459,23,21.2603
93.0459,24,21.2132
93.0459,25,20.5183
93.0459,26,21.4009
93.0459,27,0.0
93.0459,28,0.0
93.0459,29,0.0
93.0459,30,0.0
93.0459,31,0.0
93.0459,32,0.0
93.0459,33,0.0
93.0459,34,0.0
93.0459,35,0.0
93.0459,36,0.0
93.0459,37,0.0
93.0459,38,11.7047
93.0459,39,13.4164
93.0459,40,13.4164
93.0459,41,14.4222
93.0459,42,15.0
93.0459,43,17.0294
93.0459,44,17.6918
93.0459,45,17.6918
93.0459,46,18.4391
93.0459,47,20.0
93.0459,48,20.8087
93.0459,49,20.8087
93.0459,50,21.6333
93.0459,51,21.6333
93.0459,52,21.6333
93.0459,53,22.2036
93.0459,54,22.2036
93.0459,55,22.8035
93.0459,56,24.2074
93.0459,57,25.6125
93.0459,58,24.8395
93.0459,59,25.4951
93.0459,60,26.2488
93.0459,61,27.6586
93.0459,62,27.6586
93.0459,63,27.6586
93.0582,0,69.857
93.0582,1,1.0
93.0582,2,24.7386
93.0582,3,25.7099
93.0582,4,23.7697
93.0582,5,24.7386
93.0582,6,23.7697
93.0582,7,23.7697
93.0582,8,22.8035
93.0582,9,21.1896
93.0582,10,22.4722
93.0582,11,23.2594
93.0582,12,21.0238
93.0582,13,21.9317
93.0582,14,22.3607
93.0582,15,21.0238
93.0582,16,21.9317
93.0582,17,21.0238
93.0582,18,21.5407
93.0582,19,21.5407
93.0582,20,20.2485
93.0582,21,18.9737
93.0582,22,18.9737
93.0582,23,18.0278
93.0582,24,18.6815
93.0582,25,17.4642
93.0582,26,17.1172
93.0582,27,0.0
93.0582,28,0.0
93.0582,29,0.0
93.0582,30,0.0
93.0582,31,0.0
93.0582,32,0.0
93.0582,33,0.0
93.0582,34,0.0
93.0582,35,0.0
93.0582,36,0.0
93.0582,37,0.0
93.0582,38,11.4018
93.0582,39,12.2066
93.0582,40,13.0384
93.0582,41,13.8924
93.0582,42,14.3178
93.0582,43,14.8661
93.0582,44,15.8114
93.0582,45,15.5242
93.0582,46,16.4924
93.0582,47,17.2627
93.0582,48,19.2354
93.0582,49,19.2354
93.0582,50,19.2354
93.0582,51,19.2354
93.0582,52,19.105
93.0582,53,19.105
93.0582,54,20.0998
93.0582,55,20.2237
93.0582,56,21.2132
93.0582,57,22.3607
93.0582,58,21.3776
93.0582,59,23.3452
93.0582,60,23.3452
93.0582,61,24.7386
93.0582,62,24.7386
93.0582,63,25.7099
93.1397,0,69.857
93.1397,1,1.0
93.1397,2,15.6205
93.1397,3,17.0294
93.1397,4,15.6205
93.1397,5,15.6205
93.1397,6,14.8661
93.1397,7,14.1421
93.1397,8,14.1421
93.1397,9,14.1421
93.1397,10,14.1421
93.1397,11,14.2127
93.1397,12,14.2127
93.1397,13,13.4536
93.1397,14,13.6015
93.1397,15,13.6015
93.1397,16,14.2127
93.1397,17,13.6015
93.1397,18,13.4536
93.1397,19,13.4536
93.1397,20,12.0416
93.1397,21,11.3137
93.1397,22,11.3137
93.1397,23,11.3137
93.1397,24,10.6301
93.1397,25,11.4018
93.1397,26,10.2956
93.1397,27,0.0
93.1397,28,0.0
93.1397,29,0.0
93.1397,30,0.0
93.1397,31,0.0
93.1397,32,0.0
93.1397,33,0.0
93.1397,34,0.0
93.1397,35,0.0
93.1397,36,0.0
93.1397,37,0.0
93.1397,38,8.0623
93.1397,39,8.6023
93.1397,40,9.2195
93.1397,41,9.2195
93.1397,42,10.6301
93.1397,43,10.6301
93.1397,44,11.3137
93.1397,45,11.4018
93.1397,46,11.4018
93.1397,47,12.2066
93.1397,48,13.6015
93.1397,49,13.0384
93.1397,50,13.0384
93.1397,51,13.0384
93.1397,52,13.0384
93.1397,53,13.0384
93.1397,54,13.0384
93.1397,55,13.0384
93.1397,56,14.4222
93.1397,57,15.0
93.1397,58,14.2127
93.1397,59,15.0
93.1397,60,15.0
93.1397,61,15.6205
93.1397,62,15.6205
93.1397,63,16.4012
93.1659,0,99.2975
93.1659,1,5.0
93.1659,2,25.4951
93.1659,3,27.6586
93.1659,4,28.1603
93.1659,5,28.4605
93.1659,6,27.8568
93.1659,7,26.5707
93.1659,8,23.7697
93.1659,9,21.5407
93.1659,10,18.9737
93.1659,11,17.4642
93.1659,12,16.0312
93.1659,13,16.1245
93.1659,14,17.72
93.1659,15,18.9737
93.1659,16,21.1896
93.1659,17,22.1359
93.1659,18,22.8035
93.1659,19,23.5372
93.1659,20,22.3607
93.1659,21,21.095
93.1659,22,19.0263
93.1659,23,16.0312
93.1659,24,15.0333
93.1659,25,13.1529
93.1659,26,12.3693
93.1659,27,0.0
93.1659,28,0.0
93.1659,29,0.0
93.1659,30,0.0
93.1659,31,0.0
93.1659,32,0.0
93.1659,33,0.0
93.1659,34,0.0
93.1659,35,0.0
93.1659,36,0.0
93.1659,37,0.0
93.1659,38,20.2485
93.1659,39,20.3961
93.1659,40,19.105
93.1659,41,18.0278
93.1659,42,17.0
93.1659,43,15.0
93.1659,44,13.0384
93.1659,45,12.6491
93.1659,46,12.53
93.1659,47,14.2127
93.1659,48,16.9706
93.1659,49,19.799
93.1659,50,22.6274
93.1659,51,24.7588
93.1659,52,26.2488
93.1659,53,27.2029
93.1659,54,27.4591
93.1659,55,26.9258
93.1659,56,25.9422
93.1659,57,23.7065
93.1659,58,21.4709
93.1659,59,19.4165
93.1659,60,17.0294
93.1659,61,15.6205
93.1659,62,16.1245
93.1659,63,18.9737
93.166,0,69.857
93.166,1,1.0
93.166,2,17.0
93.166,3,17.0
93.166,4,17.0
93.166,5,16.5529
93.166,6,16.5529
93.166,7,16.1555
93.166,8,15.2315
93.166,9,15.2315
93.166,10,14.8661
93.166,11,15.8114
93.166,12,14.5602
93.166,13,14.5602
93.166,14,15.2971
93.166,15,14.5602
93.166,16,15.5242
93.166,17,15.5242
93.166,18,15.5242
93.166,19,15.5242
93.166,20,14.5602
93.166,21,13.9284
93.166,22,12.6491
93.166,23,13.0
93.166,24,13.0
93.166,25,12.53
93.166,26,12.53
93.166,27,0.0
93.166,28,0.0
93.166,29,0.0
93.166,30,0.0
93.166,31,0.0
93.166,32,0.0
93.166,33,0.0
93.166,34,0.0
93.166,35,0.0
93.166,36,0.0
93.166,37,0.0
93.166,38,8.0623
93.166,39,8.2462
93.166,40,8.544
93.166,41,9.4868
93.166,42,9.8489
93.166,43,11.1803
93.166,44,11.6619
93.166,45,12.2066
93.166,46,12.2066
93.166,47,12.8062
93.166,48,14.2127
93.166,49,14.2127
93.166,50,14.2127
93.166,51,13.4536
93.166,52,13.4536
93.166,53,14.2127
93.166,54,14.8661
93.166,55,14.2127
93.166,56,15.0
93.166,57,15.8114
93.166,58,15.8114
93.166,59,15.2643
93.166,60,16.6433
93.166,61,17.4929
93.166,62,17.4929
93.166,63,17.4929
93.2386,0,69.857
93.2386,1,1.0
93.2386,2,23.3238
93.2386,3,24.1868
93.2386,4,22.8254
93.2386,5,23.3238
93.2386,6,21.9545
93.2386,7,21.6333
93.2386,8,21.6333
93.2386,9,21.6333
93.2386,10,20.6155
93.2386,11,22.0227
93.2386,12,19.8494
93.2386,13,19.8494
93.2386,14,21.2603
93.2386,15,20.5183
93.2386,16,21.2603
93.2386,17,20.6155
93.2386,18,20.6155
93.2386,19,20.0
93.2386,20,18.6011
93.2386,21,19.4165
93.2386,22,17.4929
93.2386,23,17.4929
93.2386,24,18.3576
93.2386,25,16.5529
93.2386,26,16.5529
93.2386,27,0.0
93.2386,28,0.0
93.2386,29,0.0
93.2386,30,0.0
93.2386,31,0.0
93.2386,32,0.0
93.2386,33,0.0
93.2386,34,0.0
93.2386,35,0.0
93.2386,36,0.0
93.2386,37,0.0
93.2386,38,10.0
93.2386,39,11.3137
93.2386,40,12.0416
93.2386,41,13.4536
93.2386,42,13.4536
93.2386,43,14.4222
93.2386,44,15.2643
93.2386,45,16.1245
93.2386,46,17.0
93.2386,47,17.0
93.2386,48,17.4642
93.2386,49,18.7883
93.2386,50,18.3848
93.2386,51,18.3848
93.2386,52,18.3848
93.2386,53,19.6977
93.2386,54,19.3132
93.2386,55,19.3132
93.2386,56,20.6155
93.2386,57,21.0238
93.2386,58,21.0238
93.2386,59,21.4709
93.2386,60,21.4709
93.2386,61,24.1868
93.2386,62,23.3238
93.2386,63,24.1868
93.2756,0,69.857
93.2756,1,1.0
93.2756,2,22.4722
93.2756,3,24.6982
93.2756,4,23.0217
93.2756,5,23.8537
93.2756,6,23.0217
93.2756,7,21.9545
93.2756,8,21.9545
93.2756,9,21.9545
93.2756,10,21.4709
93.2756,11,22.4722
93.2756,12,20.2485
93.2756,13,21.1896
93.2756,14,21.5407
93.2756,15,21.5407
93.2756,16,22.4722
93.2756,17,20.6155
93.2756,18,21.0238
93.2756,19,21.0238
93.2756,20,18.7883
93.2756,21,19.2354
93.2756,22,18.3576
93.2756,23,18.3576
93.2756,24,17.4929
93.2756,25,16.6433
93.2756,26,16.4012
93.2756,27,0.0
93.2756,28,0.0
93.2756,29,0.0
93.2756,30,0.0
93.2756,31,0.0
93.2756,32,0.0
93.2756,33,0.0
93.2756,34,0.0
93.2756,35,0.0
93.2756,36,0.0
93.2756,37,0.0
93.2756,38,11.0454
93.2756,39,12.3693
93.2756,40,12.3693
93.2756,41,13.6015
93.2756,42,13.9284
93.2756,43,14.7648
93.2756,44,15.2643
93.2756,45,15.8114
93.2756,46,15.8114
93.2756,47,17.2047
93.2756,48,18.6011
93.2756,49,18.6011
93.2756,50,18.4391
93.2756,51,18.4391
93.2756,52,19.105
93.2756,53,19.8494
93.2756,54,19.8494
93.2756,55,19.2094
93.2756,56,20.6155
93.2756,57,21.4009
93.2756,58,21.4009
93.2756,59,20.8087
93.2756,60,22.2036
93.2756,61,23.8537
93.2756,62,23.8537
93.2756,63,24.4131
93.2946,0,69.857
93.2946,1,1.0
93.2946,2,25.0799
93.2946,3,23.7697
93.2946,4,24.1661
93.2946,5,23.7697
93.2946,6,23.7697
93.2946,7,23.4094
93.2946,8,22.1359
93.2946,9,21.8403
93.2946,10,21.8403
93.2946,11,22.561
93.2946,12,21.3776
93.2946,13,21.3776
93.2946,14,22.2036
93.2946,15,21.3776
93.2946,16,21.3776
93.2946,17,21.3776
93.2946,18,21.3776
93.2946,19,20.6155
93.2946,20,19.6469
93.2946,21,19.6469
93.2946,22,18.9737
93.2946,23,18.6815
93.2946,24,18.9737
93.2946,25,17.088
93.2946,26,17.0
93.2946,27,0.0
93.2946,28,0.0
93.2946,29,0.0
93.2946,30,0.0
93.2946,31,0.0
93.2946,32,0.0
93.2946,33,0.0
93.2946,34,0.0
93.2946,35,0.0
93.2946,36,0.0
93.2946,37,0.0
93.2946,38,11.1803
93.2946,39,12.3693
93.2946,40,13.3417
93.2946,41,13.6015
93.2946,42,14.8661
93.2946,43,15.2315
93.2946,44,16.5529
93.2946,45,16.5529
93.2946,46,17.0
93.2946,47,18.3576
93.2946,48,18.868
93.2946,49,18.868
93.2946,50,19.4165
93.2946,51,19.4165
93.2946,52,19.4165
93.2946,53,20.2485
93.2946,54,20.2485
93.2946,55,20.2485
93.2946,56,21.9545
93.2946,57,21.4709
93.2946,58,22.3607
93.2946,59,22.3607
93.2946,60,22.3607
93.2946,61,24.1661
93.2946,62,24.1661
93.2946,63,25.0799
93.3563,0,69.857
93.3563,1,1.0
93.3563,2,25.02
93.3563,3,25.02
93.3563,4,23.0217
93.3563,5,24.0208
93.3563,6,23.0217
93.3563,7,23.0
93.3563,8,22.0
93.3563,9,21.0238
93.3563,10,21.0238
93.3563,11,22.2036
93.3563,12,21.2132
93.3563,13,22.2036
93.3563,14,22.2036
93.3563,15,21.2132
93.3563,16,21.3776
93.3563,17,21.2132
93.3563,18,21.095
93.3563,19,21.0238
93.3563,20,20.0998
93.3563,21,20.025
93.3563,22,18.0
93.3563,23,18.0
93.3563,24,19.0
93.3563,25,17.0294
93.3563,26,17.2627
93.3563,27,0.0
93.3563,28,0.0
93.3563,29,0.0
93.3563,30,0.0
93.3563,31,0.0
93.3563,32,0.0
93.3563,33,0.0
93.3563,34,0.0
93.3563,35,0.0
93.3563,36,0.0
93.3563,37,0.0
93.3563,38,11.7047
93.3563,39,12.3693
93.3563,40,13.1529
93.3563,41,14.1421
93.3563,42,14.0357
93.3563,43,16.0
93.3563,44,16.0
93.3563,45,17.0294
93.3563,46,17.1172
93.3563,47,18.1108
93.3563,48,19.105
93.3563,49,19.2354
93.3563,50,19.2354
93.3563,51,19.2354
93.3563,52,19.4165
93.3563,53,20.3961
93.3563,54,20.3961
93.3563,55,19.2354
93.3563,56,21.2132
93.3563,57,21.2132
93.3563,58,22.0907
93.3563,59,22.0907
93.3563,60,22.0907
93.3563,61,24.0832
93.3563,62,24.0208
93.3563,63,24.0208
93.382,0,99.2975
93.382,1,5.0
93.382,2,29.0
93.382,3,29.6985
93.382,4,29.6985
93.382,5,29.0689
93.382,6,28.3196
93.382,7,28.4253
93.382,8,26.9072
93.382,9,27.2029
93.382,10,25.6125
93.382,11,27.2029
93.382,12,28.8444
93.382,13,26.9258
93.382,14,26.4197
93.382,15,26.9258
93.382,16,26.0768
93.382,17,25.5539
93.382,18,25.807
93.382,19,23.8537
93.382,20,25.0
93.382,21,24.4131
93.382,22,23.6008
93.382,23,22.0227
93.382,24,22.6274
93.382,25,21.9317
93.382,26,21.2603
93.382,27,0.0
93.382,28,0.0
93.382,29,0.0
93.382,30,0.0
93.382,31,0.0
93.382,32,0.0
93.382,33,0.0
93.382,34,0.0
93.382,35,0.0
93.382,36,0.0
93.382,37,0.0
93.382,38,15.2315
93.382,39,13.4164
93.382,40,17.6918
93.382,41,17.8045
93.382,42,16.2788
93.382,43,17.6918
93.382,44,18.3848
93.382,45,21.4009
93.382,46,19.8494
93.382,47,22.8035
93.382,48,22.4722
93.382,49,22.2036
93.382,50,23.0217
93.382,51,23.0217
93.382,52,23.0217
93.382,53,23.6008
93.382,54,23.4307
93.382,55,25.0
93.382,56,25.6125
93.382,57,24.8395
93.382,58,26.9072
93.382,59,26.9072
93.382,60,27.5862
93.382,61,28.2843
93.382,62,29.0
93.382,63,29.0
107.703,0,104.6566
107.703,1,10.0
107.703,2,24.2074
107.703,3,24.2074
107.703,4,22.8035
107.703,5,23.4307
107.703,6,22.0227
107.703,7,21.2603
107.703,8,22.0227
107.703,9,21.9317
107.703,10,21.2132
107.703,11,21.2603
107.703,12,20.5183
107.703,13,19.8494
107.703,14,19.8494
107.703,15,19.105
107.703,16,19.105
107.703,17,17.6918
107.703,18,17.6918
107.703,19,16.9706
107.703,20,16.2788
107.703,21,15.5563
107.703,22,14.8661
107.703,23,14.8661
107.703,24,14.8661
107.703,25,13.4536
107.703,26,13.6015
107.703,27,0.0
107.703,28,0.0
107.703,29,0.0
107.703,30,0.0
107.703,31,0.0
107.703,32,0.0
107.703,33,0.0
107.703,34,0.0
107.703,35,0.0
107.703,36,0.0
107.703,37,0.0
107.703,38,15.5563
107.703,39,17.0294
107.703,40,16.4012
107.703,41,17.2047
107.703,42,17.2047
107.703,43,18.868
107.703,44,18.3576
107.703,45,19.7231
107.703,46,20.1246
107.703,47,20.5913
107.703,48,21.4709
107.703,49,21.4709
107.703,50,22.3607
107.703,51,23.2594
107.703,52,23.2594
107.703,53,22.8254
107.703,54,22.8254
107.703,55,23.3238
107.703,56,23.3238
107.703,57,23.3238
107.703,58,24.1868
107.703,59,24.6982
107.703,60,23.8537
107.703,61,24.4131
107.703,62,24.4131
107.703,63,25.2389
107.8914,0,99.2975
107.8914,1,5.0
107.8914,2,26.9258
107.8914,3,27.7849
107.8914,4,28.178
107.8914,5,28.6356
107.8914,6,28.2312
107.8914,7,26.0
107.8914,8,23.7697
107.8914,9,21.5407
107.8914,10,20.1246
107.8914,11,18.3576
107.8914,12,17.8045
107.8914,13,17.6918
107.8914,14,18.6011
107.8914,15,20.0
107.8914,16,21.6333
107.8914,17,22.2036
107.8914,18,22.0227
107.8914,19,21.9317
107.8914,20,21.2603
107.8914,21,19.2094
107.8914,22,17.8045
107.8914,23,15.6205
107.8914,24,14.2127
107.8914,25,12.7279
107.8914,26,12.7279
107.8914,27,0.0
107.8914,28,0.0
107.8914,29,0.0
107.8914,30,0.0
107.8914,31,0.0
107.8914,32,0.0
107.8914,33,0.0
107.8914,34,0.0
107.8914,35,0.0
107.8914,36,0.0
107.8914,37,0.0
107.8914,38,22.0907
107.8914,39,21.587
107.8914,40,21.1896
107.8914,41,19.3132
107.8914,42,17.8885
107.8914,43,16.5529
107.8914,44,14.8661
107.8914,45,15.2971
107.8914,46,15.0333
107.8914,47,17.0294
107.8914,48,19.2354
107.8914,49,22.2036
107.8914,50,24.1868
107.8914,51,26.0768
107.8914,52,28.0179
107.8914,53,28.0
107.8914,54,29.0689
107.8914,55,28.1603
107.8914,56,26.3059
107.8914,57,25.1794
107.8914,58,23.0868
107.8914,59,21.0238
107.8914,60,19.0263
107.8914,61,18.4391
107.8914,62,19.3132
107.8914,63,21.0238
107.8915,0,104.6566
107.8915,1,10.0
107.8915,2,27.6586
107.8915,3,26.6833
107.8915,4,26.4764
107.8915,5,25.4951
107.8915,6,25.4951
107.8915,7,25.4951
107.8915,8,24.3311
107.8915,9,24.3311
107.8915,10,23.0868
107.8915,11,23.0868
107.8915,12,23.0868
107.8915,13,23.0217
107.8915,14,22.0907
107.8915,15,21.095
107.8915,16,21.095
107.8915,17,21.095
107.8915,18,19.105
107.8915,19,19.105
107.8915,20,18.1108
107.8915,21,18.1108
107.8915,22,17.2627
107.8915,23,16.2788
107.8915,24,16.2788
107.8915,25,15.2971
107.8915,26,15.5242
107.8915,27,0.0
107.8915,28,0.0
107.8915,29,0.0
107.8915,30,0.0
107.8915,31,0.0
107.8915,32,0.0
107.8915,33,0.0
107.8915,34,0.0
107.8915,35,0.0
107.8915,36,0.0
107.8915,37,0.0
107.8915,38,18.1108
107.8915,39,18.4391
107.8915,40,19.6469
107.8915,41,19.6469
107.8915,42,20.8806
107.8915,43,21.1896
107.8915,44,21.1896
107.8915,45,23.4094
107.8915,46,23.7697
107.8915,47,24.6982
107.8915,48,24.6982
107.8915,49,24.6982
107.8915,50,25.0799
107.8915,51,26.0
107.8915,52,26.0
107.8915,53,26.4008
107.8915,54,26.0
107.8915,55,26.9258
107.8915,56,26.5707
107.8915,57,26.5707
107.8915,58,27.5136
107.8915,59,27.5136
107.8915,60,28.1603
107.8915,61,27.8927
107.8915,62,27.8927
107.8915,63,27.2029
107.9721,0,99.2975
107.9721,1,5.0
107.9721,2,23.0868
107.9721,3,25.1794
107.9721,4,25.1794
107.9721,5,26.4764
107.9721,6,25.4951
107.9721,7,23.5372
107.9721,8,21.587
107.9721,9,19.4165
107.9721,10,17.2627
107.9721,11,16.1245
107.9721,12,15.0
107.9721,13,14.3178
107.9721,14,15.8114
107.9721,15,17.4642
107.9721,16,18.3848
107.9721,17,19.3132
107.9721,18,20.2485
107.9721,19,20.6155
107.9721,20,19.2354
107.9721,21,17.1172
107.9721,22,16.0312
107.9721,23,14.0357
107.9721,24,12.0416
107.9721,25,10.0499
107.9721,26,9.2195
107.9721,27,0.0
107.9721,28,0.0
107.9721,29,0.0
107.9721,30,0.0
107.9721,31,0.0
107.9721,32,0.0
107.9721,33,0.0
107.9721,34,0.0
107.9721,35,0.0
107.9721,36,0.0
107.9721,37,0.0
107.9721,38,20.6155
107.9721,39,20.2485
107.9721,40,19.2354
107.9721,41,18.7883
107.9721,42,17.4642
107.9721,43,15.2315
107.9721,44,13.8924
107.9721,45,13.6015
107.9721,46,14.1421
107.9721,47,15.6205
107.9721,48,17.2047
107.9721,49,20.2485
107.9721,50,22.4722
107.9721,51,24.4131
107.9721,52,25.6125
107.9721,53,25.6125
107.9721,54,25.4951
107.9721,55,25.4558
107.9721,56,24.7588
107.9721,57,23.3452
107.9721,58,21.2132
107.9721,59,19.8494
107.9721,60,18.0278
107.9721,61,17.0
107.9721,62,17.088
107.9721,63,17.4642
108.4464,0,69.857
108.4464,1,1.0
108.4464,2,24.6982
108.4464,3,24.6982
108.4464,4,24.6982
108.4464,5,23.4094
108.4464,6,23.4094
108.4464,7,23.0868
108.4464,8,22.8035
108.4464,9,21.587
108.4464,10,22.561
108.4464,11,22.3607
108.4464,12,22.2036
108.4464,13,21.2132
108.4464,14,21.2132
108.4464,15,21.2132
108.4464,16,22.2036
108.4464,17,22.2036
108.4464,18,22.2036
108.4464,19,21.3776
108.4464,20,19.4165
108.4464,21,19.4165
108.4464,22,17.4642
108.4464,23,18.4391
108.4464,24,17.72
108.4464,25,17.088
108.4464,26,16.5529
108.4464,27,0.0
108.4464,28,0.0
108.4464,29,0.0
108.4464,30,0.0
108.4464,31,0.0
108.4464,32,0.0
108.4464,33,0.0
108.4464,34,0.0
108.4464,35,0.0
108.4464,36,0.0
108.4464,37,0.0
108.4464,38,12.1655
108.4464,39,13.3417
108.4464,40,14.5602
108.4464,41,14.5602
108.4464,42,14.8661
108.4464,43,16.1555
108.4464,44,16.5529
108.4464,45,17.0
108.4464,46,17.4929
108.4464,47,18.3576
108.4464,48,19.4165
108.4464,49,19.4165
108.4464,50,20.2485
108.4464,51,19.4165
108.4464,52,19.4165
108.4464,53,20.2485
108.4464,54,19.4165
108.4464,55,20.2485
108.4464,56,21.095
108.4464,57,21.4709
108.4464,58,22.3607
108.4464,59,22.3607
108.4464,60,22.3607
108.4464,61,25.0799
108.4464,62,24.1661
108.4464,63,25.4951
108.4846,0,69.857
108.4846,1,1.0
108.4846,2,24.6982
108.4846,3,23.7697
108.4846,4,23.7697
108.4846,5,22.8473
108.4846,6,23.2594
108.4846,7,22.8473
108.4846,8,22.3607
108.4846,9,21.4709
108.4846,10,21.6333
108.4846,11,21.6333
108.4846,12,20.8087
108.4846,13,20.8087
108.4846,14,21.4009
108.4846,15,20.8087
108.4846,16,21.4009
108.4846,17,20.8087
108.4846,18,20.8087
108.4846,19,20.8087
108.4846,20,19.4165
108.4846,21,18.868
108.4846,22,17.4929
108.4846,23,18.3576
108.4846,24,18.3576
108.4846,25,16.5529
108.4846,26,17.088
108.4846,27,0.0
108.4846,28,0.0
108.4846,29,0.0
108.4846,30,0.0
108.4846,31,0.0
108.4846,32,0.0
108.4846,33,0.0
108.4846,34,0.0
108.4846,35,0.0
108.4846,36,0.0
108.4846,37,0.0
108.4846,38,10.6301
108.4846,39,11.4018
108.4846,40,12.2066
108.4846,41,13.8924
108.4846,42,14.3178
108.4846,43,15.2315
108.4846,44,15.8114
108.4846,45,15.8114
108.4846,46,16.4924
108.4846,47,17.4642
108.4846,48,18.4391
108.4846,49,19.4165
108.4846,50,19.4165
108.4846,51,19.2354
108.4846,52,18.2483
108.4846,53,19.4165
108.4846,54,19.2354
108.4846,55,19.4165
108.4846,56,20.6155
108.4846,57,21.8403
108.4846,58,21.8403
108.4846,59,22.1359
108.4846,60,22.8035
108.4846,61,24.3516
108.4846,62,24.6982
108.4846,63,24.3516
109.154,0,69.857
109.154,1,1.0
109.154,2,25.4951
109.154,3,24.1661
109.154,4,25.0799
109.154,5,24.1661
109.154,6,22.8473
109.154,7,23.7697
109.154,8,22.8473
109.154,9,22.4722
109.154,10,23.0868
109.154,11,22.8035
109.154,12,21.587
109.154,13,22.561
109.154,14,22.561
109.154,15,22.561
109.154,16,21.587
109.154,17,21.587
109.154,18,21.587
109.154,19,20.8806
109.154,20,19.9249
109.154,21,20.2485
109.154,22,18.9737
109.154,23,19.3132
109.154,24,18.3848
109.154,25,17.4642
109.154,26,17.0
109.154,27,0.0
109.154,28,0.0
109.154,29,0.0
109.154,30,0.0
109.154,31,0.0
109.154,32,0.0
109.154,33,0.0
109.154,34,0.0
109.154,35,0.0
109.154,36,0.0
109.154,37,0.0
109.154,38,11.0454
109.154,39,12.1655
109.154,40,12.3693
109.154,41,13.6015
109.154,42,14.8661
109.154,43,15.2315
109.154,44,16.5529
109.154,45,17.0
109.154,46,17.4929
109.154,47,18.868
109.154,48,19.4165
109.154,49,19.4165
109.154,50,19.4165
109.154,51,19.4165
109.154,52,20.0
109.154,53,20.8087
109.154,54,20.8087
109.154,55,20.8087
109.154,56,21.6333
109.154,57,21.9545
109.154,58,21.9545
109.154,59,22.8254
109.154,60,23.3238
109.154,61,24.5967
109.154,62,25.4951
109.154,63,24.5967
109.1904,0,153.522
109.1904,1,9.0
109.1904,2,26.5707
109.1904,3,27.8568
109.1904,4,27.313
109.1904,5,26.0
109.1904,6,25.4951
109.1904,7,25.9422
109.1904,8,25.0599
109.1904,9,25.5539
109.1904,10,24.6982
109.1904,11,24.4131
109.1904,12,24.2074
109.1904,13,23.6008
109.1904,14,25.0
109.1904,15,24.4131
109.1904,16,24.2074
109.1904,17,23.8537
109.1904,18,24.4131
109.1904,19,23.0217
109.1904,20,21.095
109.1904,21,22.8254
109.1904,22,21.095
109.1904,23,21.0238
109.1904,24,20.6155
109.1904,25,18.3848
109.1904,26,18.9737
109.1904,27,0.0
109.1904,28,0.0
109.1904,29,0.0
109.1904,30,0.0
109.1904,31,0.0
109.1904,32,0.0
109.1904,33,0.0
109.1904,34,0.0
109.1904,35,0.0
109.1904,36,0.0
109.1904,37,0.0
109.1904,38,12.7279
109.1904,39,12.7279
109.1904,40,13.4536
109.1904,41,15.0
109.1904,42,15.8114
109.1904,43,17.4929
109.1904,44,17.8885
109.1904,45,18.3848
109.1904,46,19.3132
109.1904,47,20.2485
109.1904,48,21.1896
109.1904,49,21.1896
109.1904,50,21.8403
109.1904,51,21.8403
109.1904,52,21.8403
109.1904,53,21.3776
109.1904,54,22.8035
109.1904,55,23.4094
109.1904,56,23.4094
109.1904,57,24.6982
109.1904,58,24.6982
109.1904,59,26.4008
109.1904,60,26.5707
109.1904,61,26.4008
109.1904,62,27.313
109.1904,63,26.9258
109.2061,0,69.857
109.2061,1,1.0
109.2061,2,23.0
109.2061,3,23.0217
109.2061,4,23.0
109.2061,5,23.0217
109.2061,6,23.0
109.2061,7,22.0907
109.2061,8,21.095
109.2061,9,21.095
109.2061,10,20.0998
109.2061,11,21.2132
109.2061,12,20.3961
109.2061,13,20.2237
109.2061,14,20.3961
109.2061,15,20.3961
109.2061,16,20.3961
109.2061,17,21.3776
109.2061,18,21.2132
109.2061,19,20.2237
109.2061,20,19.2354
109.2061,21,19.105
109.2061,22,18.1108
109.2061,23,17.1172
109.2061,24,18.0278
109.2061,25,16.0
109.2061,26,16.1245
109.2061,27,0.0
109.2061,28,0.0
109.2061,29,0.0
109.2061,30,0.0
109.2061,31,0.0
109.2061,32,0.0
109.2061,33,0.0
109.2061,34,0.0
109.2061,35,0.0
109.2061,36,0.0
109.2061,37,0.0
109.2061,38,10.7703
109.2061,39,11.4018
109.2061,40,12.3693
109.2061,41,13.1529
109.2061,42,14.0357
109.2061,43,14.0
109.2061,44,15.0
109.2061,45,15.0333
109.2061,46,16.0312
109.2061,47,16.1245
109.2061,48,18.2483
109.2061,49,17.2627
109.2061,50,17.4642
109.2061,51,17.4642
109.2061,52,17.4642
109.2061,53,18.4391
109.2061,54,18.4391
109.2061,55,18.2483
109.2061,56,19.2354
109.2061,57,20.0998
109.2061,58,21.095
109.2061,59,21.095
109.2061,60,21.095
109.2061,61,23.0217
109.2061,62,23.0217
109.2061,63,24.0208
109.2534,0,69.857
109.2534,1,1.0
109.2534,2,24.0832
109.2534,3,22.6716
109.2534,4,22.6716
109.2534,5,22.6716
109.2534,6,21.9317
109.2534,7,21.2132
109.2534,8,21.2132
109.2534,9,20.5183
109.2534,10,20.5183
109.2534,11,21.4009
109.2534,12,20.6155
109.2534,13,20.6155
109.2534,14,20.8087
109.2534,15,20.0
109.2534,16,20.0
109.2534,17,20.0
109.2534,18,20.6155
109.2534,19,19.8494
109.2534,20,18.4391
109.2534,21,18.4391
109.2534,22,18.3848
109.2534,23,16.9706
109.2534,24,17.6918
109.2534,25,16.2788
109.2534,26,15.8114
109.2534,27,0.0
109.2534,28,0.0
109.2534,29,0.0
109.2534,30,0.0
109.2534,31,0.0
109.2534,32,0.0
109.2534,33,0.0
109.2534,34,0.0
109.2534,35,0.0
109.2534,36,0.0
109.2534,37,0.0
109.2534,38,10.8167
109.2534,39,11.4018
109.2534,40,11.4018
109.2534,41,12.8062
109.2534,42,12.7279
109.2534,43,14.1421
109.2534,44,14.2127
109.2534,45,15.0
109.2534,46,15.8114
109.2534,47,15.8114
109.2534,48,18.0278
109.2534,49,18.0278
109.2534,50,17.4929
109.2534,51,18.3576
109.2534,52,18.3576
109.2534,53,18.868
109.2534,54,18.3576
109.2534,55,18.868
109.2534,56,20.2485
109.2534,57,20.8087
109.2534,58,20.0
109.2534,59,20.8087
109.2534,60,20.8087
109.2534,61,22.0227
109.2534,62,23.4307
109.2534,63,24.2074
109.2923,0,69.857
109.2923,1,1.0
109.2923,2,24.2074
109.2923,3,24.2074
109.2923,4,23.4307
109.2923,5,22.8035
109.2923,6,23.6008
109.2923,7,22.2036
109.2923,8,21.6333
109.2923,9,21.6333
109.2923,10,21.4709
109.2923,11,21.9317
109.2923,12,20.6155
109.2923,13,20.6155
109.2923,14,21.9317
109.2923,15,20.6155
109.2923,16,21.5407
109.2923,17,20.6155
109.2923,18,21.0238
109.2923,19,20.1246
109.2923,20,20.1246
109.2923,21,19.2354
109.2923,22,18.0278
109.2923,23,17.0
109.2923,24,17.4929
109.2923,25,17.8045
109.2923,26,17.0294
109.2923,27,0.0
109.2923,28,0.0
109.2923,29,0.0
109.2923,30,0.0
109.2923,31,0.0
109.2923,32,0.0
109.2923,33,0.0
109.2923,34,0.0
109.2923,35,0.0
109.2923,36,0.0
109.2923,37,0.0
109.2923,38,9.4868
109.2923,39,10.7703
109.2923,40,11.1803
109.2923,41,12.53
109.2923,42,13.0384
109.2923,43,13.6015
109.2923,44,14.2127
109.2923,45,15.6205
109.2923,46,15.5563
109.2923,47,16.9706
109.2923,48,18.3848
109.2923,49,17.6918
109.2923,50,19.105
109.2923,51,18.4391
109.2923,52,18.4391
109.2923,53,19.105
109.2923,54,19.8494
109.2923,55,19.105
109.2923,56,20.5183
109.2923,57,20.5183
109.2923,58,21.9317
109.2923,59,21.9317
109.2923,60,21.9317
109.2923,61,24.8395
109.2923,62,24.2074
109.2923,63,24.8395
109.3197,0,69.857
109.3197,1,1.0
109.3197,2,24.3311
109.3197,3,24.5153
109.3197,4,24.5153
109.3197,5,24.3311
109.3197,6,23.3452
109.3197,7,23.1948
109.3197,8,23.1948
109.3197,9,22.0907
109.3197,10,22.0227
109.3197,11,23.0
109.3197,12,22.0227
109.3197,13,22.0227
109.3197,14,23.0217
109.3197,15,23.0217
109.3197,16,22.0227
109.3197,17,22.0
109.3197,18,22.0
109.3197,19,21.0
109.3197,20,21.0238
109.3197,21,20.025
109.3197,22,19.0263
109.3197,23,19.0263
109.3197,24,19.105
109.3197,25,18.2483
109.3197,26,17.72
109.3197,27,0.0
109.3197,28,0.0
109.3197,29,0.0
109.3197,30,0.0
109.3197,31,0.0
109.3197,32,0.0
109.3197,33,0.0
109.3197,34,0.0
109.3197,35,0.0
109.3197,36,0.0
109.3197,37,0.0
109.3197,38,11.0454
109.3197,39,12.0
109.3197,40,13.0
109.3197,41,14.0357
109.3197,42,14.1421
109.3197,43,15.2971
109.3197,44,15.2971
109.3197,45,16.4924
109.3197,46,16.7631
109.3197,47,18.0278
109.3197,48,18.3848
109.3197,49,19.3132
109.3197,50,19.3132
109.3197,51,19.3132
109.3197,52,19.3132
109.3197,53,20.2485
109.3197,54,20.2485
109.3197,55,20.6155
109.3197,56,21.1896
109.3197,57,21.8403
109.3197,58,22.8035
109.3197,59,22.8035
109.3197,60,23.0868
109.3197,61,24.7386
109.3197,62,25.7099
109.3197,63,25.7099
109.3631,0,69.857
109.3631,1,1.0
109.3631,2,25.632
109.3631,3,24.6982
109.3631,4,24.6982
109.3631,5,23.7697
109.3631,6,24.3516
109.3631,7,24.0416
109.3631,8,23.0868
109.3631,9,21.8403
109.3631,10,22.561
109.3631,11,22.561
109.3631,12,22.3607
109.3631,13,21.3776
109.3631,14,22.2036
109.3631,15,23.1948
109.3631,16,22.2036
109.3631,17,22.3607
109.3631,18,22.2036
109.3631,19,21.2132
109.3631,20,20.6155
109.3631,21,19.4165
109.3631,22,18.6815
109.3631,23,18.4391
109.3631,24,18.9737
109.3631,25,18.0278
109.3631,26,17.8885
109.3631,27,0.0
109.3631,28,0.0
109.3631,29,0.0
109.3631,30,0.0
109.3631,31,0.0
109.3631,32,0.0
109.3631,33,0.0
109.3631,34,0.0
109.3631,35,0.0
109.3631,36,0.0
109.3631,37,0.0
109.3631,38,11.1803
109.3631,39,12.3693
109.3631,40,13.3417
109.3631,41,13.6015
109.3631,42,13.6015
109.3631,43,15.2315
109.3631,44,16.1555
109.3631,45,16.5529
109.3631,46,17.0
109.3631,47,18.3576
109.3631,48,19.4165
109.3631,49,19.4165
109.3631,50,19.4165
109.3631,51,19.4165
109.3631,52,18.868
109.3631,53,21.095
109.3631,54,19.7231
109.3631,55,21.095
109.3631,56,21.9545
109.3631,57,22.3607
109.3631,58,22.3607
109.3631,59,23.2594
109.3631,60,23.2594
109.3631,61,25.4951
109.3631,62,25.0799
109.3631,63,25.4951
109.3751,0,69.857
109.3751,1,1.0
109.3751,2,15.6525
109.3751,3,16.5529
109.3751,4,15.6525
109.3751,5,15.6525
109.3751,6,15.6525
109.3751,7,15.2315
109.3751,8,14.3178
109.3751,9,13.9284
109.3751,10,13.6015
109.3751,11,14.8661
109.3751,12,14.5602
109.3751,13,14.3178
109.3751,14,14.5602
109.3751,15,13.6015
109.3751,16,14.5602
109.3751,17,14.5602
109.3751,18,13.6015
109.3751,19,13.9284
109.3751,20,13.0
109.3751,21,12.6491
109.3751,22,12.083
109.3751,23,12.083
109.3751,24,12.53
109.3751,25,11.6619
109.3751,26,12.2066
109.3751,27,0.0
109.3751,28,0.0
109.3751,29,0.0
109.3751,30,0.0
109.3751,31,0.0
109.3751,32,0.0
109.3751,33,0.0
109.3751,34,0.0
109.3751,35,0.0
109.3751,36,0.0
109.3751,37,0.0
109.3751,38,7.0711
109.3751,39,8.2462
109.3751,40,8.2462
109.3751,41,9.4868
109.3751,42,9.8489
109.3751,43,10.2956
109.3751,44,10.8167
109.3751,45,10.8167
109.3751,46,12.2066
109.3751,47,11.4018
109.3751,48,13.0384
109.3751,49,12.8062
109.3751,50,12.8062
109.3751,51,12.8062
109.3751,52,12.8062
109.3751,53,13.6015
109.3751,54,14.2127
109.3751,55,12.8062
109.3751,56,14.4222
109.3751,57,14.4222
109.3751,58,13.8924
109.3751,59,14.7648
109.3751,60,14.4222
109.3751,61,16.1245
109.3751,62,16.5529
109.3751,63,17.0
114.3869,0,69.857
114.3869,1,1.0
114.3869,2,23.8537
114.3869,3,24.4131
114.3869,4,23.0217
114.3869,5,24.4131
114.3869,6,23.0217
114.3869,7,22.0227
114.3869,8,22.0227
114.3869,9,20.6155
114.3869,10,21.9317
114.3869,11,21.9317
114.3869,12,19.8494
114.3869,13,21.2603
114.3869,14,20.5183
114.3869,15,21.2603
114.3869,16,21.2603
114.3869,17,20.5183
114.3869,18,21.9317
114.3869,19,20.5183
114.3869,20,19.799
114.3869,21,19.105
114.3869,22,18.4391
114.3869,23,17.6918
114.3869,24,18.4391
114.3869,25,17.2047
114.3869,26,16.1245
114.3869,27,0.0
114.3869,28,0.0
114.3869,29,0.0
114.3869,30,0.0
114.3869,31,0.0
114.3869,32,0.0
114.3869,33,0.0
114.3869,34,0.0
114.3869,35,0.0
114.3869,36,0.0
114.3869,37,0.0
114.3869,38,13.6015
114.3869,39,14.8661
114.3869,40,15.5563
114.3869,41,15.6205
114.3869,42,15.6205
114.3869,43,16.6433
114.3869,44,17.4929
114.3869,45,18.3576
114.3869,46,17.8885
114.3869,47,18.7883
114.3869,48,20.6155
114.3869,49,20.6155
114.3869,50,19.6977
114.3869,51,19.3132
114.3869,52,19.6977
114.3869,53,20.6155
114.3869,54,20.6155
114.3869,55,20.6155
114.3869,56,21.0238
114.3869,57,22.3607
114.3869,58,21.4709
114.3869,59,22.8254
114.3869,60,22.8254
114.3869,61,24.6982
114.3869,62,23.8537
114.3869,63,24.1868
114.41,0,88.0227
114.41,1,5.0
114.41,2,26.0192
114.41,3,25.02
114.41,4,25.0
114.41,5,25.02
114.41,6,23.0868
114.41,7,22.0907
114.41,8,23.1948
114.41,9,22.3607
114.41,10,22.3607
114.41,11,22.561
114.41,12,22.8035
114.41,13,21.8403
114.41,14,21.8403
114.41,15,23.0868
114.41,16,22.8035
114.41,17,22.8035
114.41,18,22.8035
114.41,19,21.587
114.41,20,21.3776
114.41,21,21.3776
114.41,22,20.2237
114.41,23,20.0998
114.41,24,20.0998
114.41,25,20.025
114.41,26,19.0
114.41,27,0.0
114.41,28,0.0
114.41,29,0.0
114.41,30,0.0
114.41,31,0.0
114.41,32,0.0
114.41,33,0.0
114.41,34,0.0
114.41,35,0.0
114.41,36,0.0
114.41,37,0.0
114.41,38,14.3178
114.41,39,15.8114
114.41,40,15.5242
114.41,41,16.2788
114.41,42,17.2627
114.41,43,18.0278
114.41,44,18.0278
114.41,45,19.0
114.41,46,20.025
114.41,47,20.025
114.41,48,21.095
114.41,49,21.095
114.41,50,21.2132
114.41,51,21.2132
114.41,52,21.095
114.41,53,21.2132
114.41,54,22.2036
114.41,55,22.0907
114.41,56,23.0868
114.41,57,23.0217
114.41,58,23.0217
114.41,59,24.0
114.41,60,25.02
114.41,61,25.02
114.41,62,25.02
114.41,63,27.0
114.4372,0,69.857
114.4372,1,1.0
114.4372,2,25.632
114.4372,3,25.632
114.4372,4,24.6982
114.4372,5,24.3516
114.4372,6,24.0416
114.4372,7,23.7697
114.4372,8,22.8035
114.4372,9,22.561
114.4372,10,22.2036
114.4372,11,23.1948
114.4372,12,21.095
114.4372,13,22.2036
114.4372,14,23.0217
114.4372,15,22.0907
114.4372,16,23.0868
114.4372,17,22.0907
114.4372,18,22.2036
114.4372,19,21.2132
114.4372,20,21.2132
114.4372,21,20.2237
114.4372,22,19.4165
114.4372,23,19.4165
114.4372,24,19.6469
114.4372,25,18.6815
114.4372,26,18.3848
114.4372,27,0.0
114.4372,28,0.0
114.4372,29,0.0
114.4372,30,0.0
114.4372,31,0.0
114.4372,32,0.0
114.4372,33,0.0
114.4372,34,0.0
114.4372,35,0.0
114.4372,36,0.0
114.4372,37,0.0
114.4372,38,14.0357
114.4372,39,16.2788
114.4372,40,16.2788
114.4372,41,17.4642
114.4372,42,16.7631
114.4372,43,18.3848
114.4372,44,19.6977
114.4372,45,20.1246
114.4372,46,20.5913
114.4372,47,20.5913
114.4372,48,21.9545
114.4372,49,22.4722
114.4372,50,22.4722
114.4372,51,22.4722
114.4372,52,22.4722
114.4372,53,22.4722
114.4372,54,22.4722
114.4372,55,21.9545
114.4372,56,23.3238
114.4372,57,23.2594
114.4372,58,23.2594
114.4372,59,24.1661
114.4372,60,24.1661
114.4372,61,26.0
114.4372,62,26.0
114.4372,63,26.0
120.5759,0,69.857
120.5759,1,1.0
120.5759,2,15.2315
120.5759,3,15.2315
120.5759,4,14.3178
120.5759,5,14.8661
120.5759,6,14.8661
120.5759,7,13.6015
120.5759,8,13.6015
120.5759,9,13.3417
120.5759,10,13.3417
120.5759,11,14.1421
120.5759,12,13.1529
120.5759,13,13.1529
120.5759,14,14.1421
120.5759,15,13.1529
120.5759,16,14.1421
120.5759,17,13.1529
120.5759,18,14.1421
120.5759,19,13.1529
120.5759,20,12.1655
120.5759,21,12.3693
120.5759,22,11.4018
120.5759,23,11.4018
120.5759,24,11.7047
120.5759,25,10.7703
120.5759,26,11.1803
120.5759,27,0.0
120.5759,28,0.0
120.5759,29,0.0
120.5759,30,0.0
120.5759,31,0.0
120.5759,32,0.0
120.5759,33,0.0
120.5759,34,0.0
120.5759,35,0.0
120.5759,36,0.0
120.5759,37,0.0
120.5759,38,8.0623
120.5759,39,9.2195
120.5759,40,8.544
120.5759,41,9.4868
120.5759,42,9.8489
120.5759,43,9.8489
120.5759,44,10.2956
120.5759,45,10.2956
120.5759,46,10.8167
120.5759,47,10.8167
120.5759,48,12.2066
120.5759,49,12.2066
120.5759,50,12.2066
120.5759,51,12.2066
120.5759,52,12.2066
120.5759,53,12.2066
120.5759,54,12.2066
120.5759,55,12.2066
120.5759,56,13.0384
120.5759,57,13.8924
120.5759,58,13.4164
120.5759,59,13.8924
120.5759,60,13.4164
120.5759,61,15.6525
120.5759,62,15.2315
120.5759,63,15.6525
120.5761,0,69.857
120.5761,1,1.0
120.5761,2,24.0416
120.5761,3,23.0868
120.5761,4,22.1359
120.5761,5,23.0868
120.5761,6,22.561
120.5761,7,21.587
120.5761,8,21.587
120.5761,9,20.3961
120.5761,10,20.2237
120.5761,11,21.2132
120.5761,12,21.095
120.5761,13,20.0998
120.5761,14,21.0238
120.5761,15,21.0238
120.5761,16,21.0238
120.5761,17,21.0238
120.5761,18,21.095
120.5761,19,20.0998
120.5761,20,19.2354
120.5761,21,19.2354
120.5761,22,18.2483
120.5761,23,18.4391
120.5761,24,18.4391
120.5761,25,17.72
120.5761,26,17.4642
120.5761,27,0.0
120.5761,28,0.0
120.5761,29,0.0
120.5761,30,0.0
120.5761,31,0.0
120.5761,32,0.0
120.5761,33,0.0
120.5761,34,0.0
120.5761,35,0.0
120.5761,36,0.0
120.5761,37,0.0
120.5761,38,13.1529
120.5761,39,14.3178
120.5761,40,14.5602
120.5761,41,15.5242
120.5761,42,15.8114
120.5761,43,16.5529
120.5761,44,17.4642
120.5761,45,17.8885
120.5761,46,17.8885
120.5761,47,18.3576
120.5761,48,19.7231
120.5761,49,19.7231
120.5761,50,19.7231
120.5761,51,20.2485
120.5761,52,19.7231
120.5761,53,20.5913
120.5761,54,19.7231
120.5761,55,19.7231
120.5761,56,21.4709
120.5761,57,21.0238
120.5761,58,21.0238
120.5761,59,21.9317
120.5761,60,21.5407
120.5761,61,23.7697
120.5761,62,23.7697
120.5761,63,23.7697
120.5761,0,69.857
120.5761,1,1.0
120.5761,2,25.6125
120.5761,3,25.6125
120.5761,4,24.8395
120.5761,5,24.2074
120.5761,6,24.4131
120.5761,7,23.6008
120.5761,8,23.8537
120.5761,9,22.4722
120.5761,10,22.8254
120.5761,11,23.7065
120.5761,12,22.3607
120.5761,13,22.3607
120.5761,14,23.2594
120.5761,15,22.3607
120.5761,16,22.3607
120.5761,17,23.2594
120.5761,18,23.7065
120.5761,19,21.9545
120.5761,20,21.9545
120.5761,21,21.095
120.5761,22,20.2485
120.5761,23,19.4165
120.5761,24,20.0
120.5761,25,18.4391
120.5761,26,18.3848
120.5761,27,0.0
120.5761,28,0.0
120.5761,29,0.0
120.5761,30,0.0
120.5761,31,0.0
120.5761,32,0.0
120.5761,33,0.0
120.5761,34,0.0
120.5761,35,0.0
120.5761,36,0.0
120.5761,37,0.0
120.5761,38,13.9284
120.5761,39,14.7648
120.5761,40,15.2643
120.5761,41,16.6433
120.5761,42,17.2047
120.5761,43,17.8045
120.5761,44,19.105
120.5761,45,19.105
120.5761,46,20.5183
120.5761,47,20.5183
120.5761,48,21.9317
120.5761,49,20.5183
120.5761,50,21.2603
120.5761,51,21.2603
120.5761,52,21.2603
120.5761,53,22.6716
120.5761,54,22.0227
120.5761,55,21.2603
120.5761,56,22.6274
120.5761,57,23.3452
120.5761,58,24.0416
120.5761,59,24.0832
120.5761,60,24.7588
120.5761,61,26.2488
120.5761,62,25.6125
120.5761,63,27.6586
120.6076,0,69.857
120.6076,1,1.0
120.6076,2,23.0868
120.6076,3,22.1359
120.6076,4,22.1359
120.6076,5,22.1359
120.6076,6,20.8806
120.6076,7,20.6155
120.6076,8,20.6155
120.6076,9,19.4165
120.6076,10,19.2354
120.6076,11,20.0998
120.6076,12,19.105
120.6076,13,20.0998
120.6076,14,20.025
120.6076,15,20.0998
120.6076,16,20.0998
120.6076,17,20.0998
120.6076,18,20.2237
120.6076,19,19.2354
120.6076,20,19.2354
120.6076,21,18.4391
120.6076,22,17.4642
120.6076,23,16.4924
120.6076,24,17.72
120.6076,25,15.8114
120.6076,26,16.5529
120.6076,27,0.0
120.6076,28,0.0
120.6076,29,0.0
120.6076,30,0.0
120.6076,31,0.0
120.6076,32,0.0
120.6076,33,0.0
120.6076,34,0.0
120.6076,35,0.0
120.6076,36,0.0
120.6076,37,0.0
120.6076,38,13.0
120.6076,39,13.0384
120.6076,40,13.1529
120.6076,41,14.3178
120.6076,42,14.5602
120.6076,43,15.8114
120.6076,44,16.1555
120.6076,45,16.1555
120.6076,46,17.0
120.6076,47,17.8885
120.6076,48,17.8885
120.6076,49,17.8885
120.6076,50,18.3576
120.6076,51,18.3576
120.6076,52,18.3576
120.6076,53,19.2354
120.6076,54,18.3576
120.6076,55,18.3576
120.6076,56,20.1246
120.6076,57,19.6977
120.6076,58,20.6155
120.6076,59,20.6155
120.6076,60,20.6155
120.6076,61,22.1359
120.6076,62,23.0868
120.6076,63,23.4094
120.6348,0,69.857
120.6348,1,1.0
120.6348,2,26.0768
120.6348,3,26.1725
120.6348,4,25.02
120.6348,5,26.0768
120.6348,6,25.1794
120.6348,7,24.3311
120.6348,8,23.1948
120.6348,9,23.3452
120.6348,10,22.561
120.6348,11,23.0868
120.6348,12,23.4094
120.6348,13,23.0868
120.6348,14,23.4094
120.6348,15,23.4094
120.6348,16,24.3516
120.6348,17,23.4094
120.6348,18,24.0416
120.6348,19,22.8035
120.6348,20,21.587
120.6348,21,21.587
120.6348,22,21.3776
120.6348,23,20.3961
120.6348,24,20.2237
120.6348,25,19.105
120.6348,26,19.0263
120.6348,27,0.0
120.6348,28,0.0
120.6348,29,0.0
120.6348,30,0.0
120.6348,31,0.0
120.6348,32,0.0
120.6348,33,0.0
120.6348,34,0.0
120.6348,35,0.0
120.6348,36,0.0
120.6348,37,0.0
120.6348,38,14.8661
120.6348,39,15.5242
120.6348,40,16.2788
120.6348,41,17.2627
120.6348,42,17.1172
120.6348,43,18.0
120.6348,44,19.0
120.6348,45,19.0263
120.6348,46,20.0998
120.6348,47,20.0998
120.6348,48,22.0907
120.6348,49,22.2036
120.6348,50,22.0907
120.6348,51,21.2132
120.6348,52,21.2132
120.6348,53,22.0907
120.6348,54,22.0907
120.6348,55,22.0907
120.6348,56,24.0832
120.6348,57,24.0208
120.6348,58,24.0208
120.6348,59,25.0
120.6348,60,24.0208
120.6348,61,26.0192
120.6348,62,26.0768
120.6348,63,27.0185
125.2858,0,69.857
125.2858,1,1.0
125.2858,2,22.561
125.2858,3,23.3452
125.2858,4,21.3776
125.2858,5,23.5372
125.2858,6,22.2036
125.2858,7,21.2132
125.2858,8,21.2132
125.2858,9,20.0998
125.2858,10,21.0238
125.2858,11,21.0
125.2858,12,21.0
125.2858,13,21.0
125.2858,14,21.0238
125.2858,15,20.0
125.2858,16,22.0
125.2858,17,21.0
125.2858,18,22.0
125.2858,19,21.0238
125.2858,20,20.0998
125.2858,21,20.025
125.2858,22,19.2354
125.2858,23,19.2354
125.2858,24,19.4165
125.2858,25,18.6815
125.2858,26,18.0278
125.2858,27,0.0
125.2858,28,0.0
125.2858,29,0.0
125.2858,30,0.0
125.2858,31,0.0
125.2858,32,0.0
125.2858,33,0.0
125.2858,34,0.0
125.2858,35,0.0
125.2858,36,0.0
125.2858,37,0.0
125.2858,38,13.0
125.2858,39,14.0357
125.2858,40,14.1421
125.2858,41,15.1327
125.2858,42,15.2971
125.2858,43,16.4924
125.2858,44,16.7631
125.2858,45,16.7631
125.2858,46,17.088
125.2858,47,18.3848
125.2858,48,19.6977
125.2858,49,19.6977
125.2858,50,19.6977
125.2858,51,18.7883
125.2858,52,19.2354
125.2858,53,19.6977
125.2858,54,19.6977
125.2858,55,19.6977
125.2858,56,20.6155
125.2858,57,21.1896
125.2858,58,21.1896
125.2858,59,20.8806
125.2858,60,21.1896
125.2858,61,22.8035
125.2858,62,22.8035
125.2858,63,22.8035
125.286,0,69.857
125.286,1,1.0
125.286,2,25.0799
125.286,3,25.1794
125.286,4,24.0832
125.286,5,24.0832
125.286,6,24.0208
125.286,7,23.0217
125.286,8,24.0
125.286,9,23.0217
125.286,10,23.0868
125.286,11,23.3452
125.286,12,22.3607
125.286,13,22.3607
125.286,14,23.3452
125.286,15,22.3607
125.286,16,24.3311
125.286,17,23.1948
125.286,18,24.1868
125.286,19,23.0868
125.286,20,22.0907
125.286,21,22.0227
125.286,22,20.0
125.286,23,21.0
125.286,24,21.0238
125.286,25,20.0998
125.286,26,19.2354
125.286,27,0.0
125.286,28,0.0
125.286,29,0.0
125.286,30,0.0
125.286,31,0.0
125.286,32,0.0
125.286,33,0.0
125.286,34,0.0
125.286,35,0.0
125.286,36,0.0
125.286,37,0.0
125.286,38,15.1327
125.286,39,16.0312
125.286,40,16.0
125.286,41,17.0294
125.286,42,17.1172
125.286,43,18.2483
125.286,44,18.4391
125.286,45,18.4391
125.286,46,19.9249
125.286,47,19.9249
125.286,48,21.1896
125.286,49,21.1896
125.286,50,21.1896
125.286,51,21.1896
125.286,52,21.1896
125.286,53,21.1896
125.286,54,21.1896
125.286,55,19.9249
125.286,56,21.8403
125.286,57,23.7697
125.286,58,22.561
125.286,59,23.5372
125.286,60,22.561
125.286,61,25.1794
125.286,62,26.1725
125.286,63,25.318
125.3073,0,69.857
125.3073,1,1.0
125.3073,2,23.0868
125.3073,3,24.0416
125.3073,4,22.1359
125.3073,5,23.0868
125.3073,6,22.4722
125.3073,7,21.5407
125.3073,8,21.5407
125.3073,9,20.6155
125.3073,10,21.4709
125.3073,11,21.9545
125.3073,12,21.095
125.3073,13,21.095
125.3073,14,22.4722
125.3073,15,21.095
125.3073,16,21.9545
125.3073,17,21.095
125.3073,18,22.8254
125.3073,19,21.4709
125.3073,20,21.0238
125.3073,21,19.6977
125.3073,22,19.3132
125.3073,23,19.6977
125.3073,24,20.2485
125.3073,25,18.6815
125.3073,26,18.2483
125.3073,27,0.0
125.3073,28,0.0
125.3073,29,0.0
125.3073,30,0.0
125.3073,31,0.0
125.3073,32,0.0
125.3073,33,0.0
125.3073,34,0.0
125.3073,35,0.0
125.3073,36,0.0
125.3073,37,0.0
125.3073,38,13.0384
125.3073,39,14.3178
125.3073,40,14.3178
125.3073,41,16.1555
125.3073,42,15.8114
125.3073,43,16.4924
125.3073,44,17.2627
125.3073,45,17.2627
125.3073,46,18.1108
125.3073,47,18.2483
125.3073,48,20.0998
125.3073,49,19.105
125.3073,50,19.105
125.3073,51,19.105
125.3073,52,19.105
125.3073,53,20.0998
125.3073,54,20.0998
125.3073,55,19.105
125.3073,56,21.2132
125.3073,57,20.3961
125.3073,58,21.3776
125.3073,59,21.3776
125.3073,60,21.3776
125.3073,61,23.0868
125.3073,62,23.0868
125.3073,63,23.7697
125.3433,0,69.857
125.3433,1,1.0
125.3433,2,21.9317
125.3433,3,22.6274
125.3433,4,21.9317
125.3433,5,21.9317
125.3433,6,21.9317
125.3433,7,21.2603
125.3433,8,21.2603
125.3433,9,20.6155
125.3433,10,20.0
125.3433,11,20.8087
125.3433,12,20.2485
125.3433,13,20.2485
125.3433,14,21.095
125.3433,15,20.8087
125.3433,16,20.8087
125.3433,17,20.8087
125.3433,18,21.4009
125.3433,19,20.6155
125.3433,20,19.8494
125.3433,21,19.8494
125.3433,22,18.3848
125.3433,23,18.3848
125.3433,24,19.105
125.3433,25,17.8045
125.3433,26,18.0278
125.3433,27,0.0
125.3433,28,0.0
125.3433,29,0.0
125.3433,30,0.0
125.3433,31,0.0
125.3433,32,0.0
125.3433,33,0.0
125.3433,34,0.0
125.3433,35,0.0
125.3433,36,0.0
125.3433,37,0.0
125.3433,38,12.53
125.3433,39,13.6015
125.3433,40,13.6015
125.3433,41,14.8661
125.3433,42,14.8661
125.3433,43,16.2788
125.3433,44,17.0294
125.3433,45,17.0294
125.3433,46,17.2047
125.3433,47,18.0278
125.3433,48,19.4165
125.3433,49,19.4165
125.3433,50,18.868
125.3433,51,18.868
125.3433,52,18.868
125.3433,53,19.7231
125.3433,54,19.7231
125.3433,55,18.868
125.3433,56,20.0
125.3433,57,20.0
125.3433,58,20.6155
125.3433,59,20.6155
125.3433,60,20.6155
125.3433,61,21.9317
125.3433,62,22.6274
125.3433,63,23.3452
125.3763,0,69.857
125.3763,1,1.0
125.3763,2,23.0217
125.3763,3,24.4131
125.3763,4,22.2036
125.3763,5,23.0217
125.3763,6,22.2036
125.3763,7,22.0227
125.3763,8,20.6155
125.3763,9,21.2603
125.3763,10,21.2132
125.3763,11,21.9317
125.3763,12,21.2603
125.3763,13,21.2603
125.3763,14,22.6716
125.3763,15,21.2603
125.3763,16,22.6716
125.3763,17,21.2603
125.3763,18,22.6716
125.3763,19,21.2132
125.3763,20,20.5183
125.3763,21,20.5183
125.3763,22,19.8494
125.3763,23,19.2094
125.3763,24,20.0
125.3763,25,18.868
125.3763,26,19.2354
125.3763,27,0.0
125.3763,28,0.0
125.3763,29,0.0
125.3763,30,0.0
125.3763,31,0.0
125.3763,32,0.0
125.3763,33,0.0
125.3763,34,0.0
125.3763,35,0.0
125.3763,36,0.0
125.3763,37,0.0
125.3763,38,12.0416
125.3763,39,14.1421
125.3763,40,13.4536
125.3763,41,15.6205
125.3763,42,15.0
125.3763,43,16.6433
125.3763,44,17.0
125.3763,45,17.8885
125.3763,46,17.8885
125.3763,47,18.7883
125.3763,48,19.6977
125.3763,49,19.6977
125.3763,50,19.6977
125.3763,51,19.3132
125.3763,52,20.6155
125.3763,53,19.6977
125.3763,54,20.6155
125.3763,55,19.6977
125.3763,56,21.4709
125.3763,57,21.4709
125.3763,58,21.4709
125.3763,59,21.9545
125.3763,60,21.9545
125.3763,61,23.8537
125.3763,62,24.4131
125.3763,63,24.6982
125.4727,0,69.857
125.4727,1,1.0
125.4727,2,23.6008
125.4727,3,22.8035
125.4727,4,23.6008
125.4727,5,22.2036
125.4727,6,23.0217
125.4727,7,22.4722
125.4727,8,21.095
125.4727,9,20.5913
125.4727,10,21.4709
125.4727,11,21.9317
125.4727,12,20.6155
125.4727,13,21.5407
125.4727,14,21.5407
125.4727,15,21.5407
125.4727,16,21.5407
125.4727,17,21.9317
125.4727,18,21.9317
125.4727,19,21.0238
125.4727,20,21.0238
125.4727,21,20.5913
125.4727,22,18.3576
125.4727,23,18.868
125.4727,24,19.4165
125.4727,25,18.4391
125.4727,26,17.6918
125.4727,27,0.0
125.4727,28,0.0
125.4727,29,0.0
125.4727,30,0.0
125.4727,31,0.0
125.4727,32,0.0
125.4727,33,0.0
125.4727,34,0.0
125.4727,35,0.0
125.4727,36,0.0
125.4727,37,0.0
125.4727,38,11.6619
125.4727,39,12.2066
125.4727,40,12.8062
125.4727,41,13.6015
125.4727,42,14.2127
125.4727,43,14.8661
125.4727,44,16.2788
125.4727,45,16.2788
125.4727,46,17.0294
125.4727,47,17.8045
125.4727,48,18.6011
125.4727,49,18.6011
125.4727,50,18.6011
125.4727,51,18.6011
125.4727,52,18.6011
125.4727,53,20.0
125.4727,54,18.6011
125.4727,55,19.2094
125.4727,56,19.8494
125.4727,57,20.5183
125.4727,58,21.2132
125.4727,59,21.9317
125.4727,60,21.9317
125.4727,61,23.4307
125.4727,62,23.4307
125.4727,63,24.0832
125.5271,0,69.857
125.5271,1,1.0
125.5271,2,23.0217
125.5271,3,25.02
125.5271,4,23.0217
125.5271,5,24.0208
125.5271,6,23.0868
125.5271,7,23.1948
125.5271,8,22.2036
125.5271,9,21.2132
125.5271,10,21.3776
125.5271,11,22.561
125.5271,12,21.587
125.5271,13,21.587
125.5271,14,21.8403
125.5271,15,21.587
125.5271,16,22.561
125.5271,17,21.587
125.5271,18,22.3607
125.5271,19,21.3776
125.5271,20,20.2237
125.5271,21,20.2237
125.5271,22,19.105
125.5271,23,19.0263
125.5271,24,19.0263
125.5271,25,18.0278
125.5271,26,18.1108
125.5271,27,0.0
125.5271,28,0.0
125.5271,29,0.0
125.5271,30,0.0
125.5271,31,0.0
125.5271,32,0.0
125.5271,33,0.0
125.5271,34,0.0
125.5271,35,0.0
125.5271,36,0.0
125.5271,37,0.0
125.5271,38,13.3417
125.5271,39,14.1421
125.5271,40,14.1421
125.5271,41,16.0312
125.5271,42,16.0312
125.5271,43,17.0294
125.5271,44,17.0294
125.5271,45,17.0294
125.5271,46,17.1172
125.5271,47,18.1108
125.5271,48,19.2354
125.5271,49,19.2354
125.5271,50,19.2354
125.5271,51,19.2354
125.5271,52,19.2354
125.5271,53,20.2237
125.5271,54,20.2237
125.5271,55,19.105
125.5271,56,21.095
125.5271,57,21.0238
125.5271,58,21.0238
125.5271,59,22.0227
125.5271,60,21.0238
125.5271,61,23.0
125.5271,62,24.0
125.5271,63,25.0
125.5466,0,99.2975
125.5466,1,5.0
125.5466,2,30.8058
125.5466,3,32.28
125.5466,4,31.0483
125.5466,5,30.5941
125.5466,6,29.4279
125.5466,7,28.4429
125.5466,8,30.2655
125.5466,9,29.2746
125.5466,10,29.0689
125.5466,11,29.0172
125.5466,12,30.0167
125.5466,13,30.0167
125.5466,14,30.0167
125.5466,15,29.0172
125.5466,16,30.0167
125.5466,17,29.0172
125.5466,18,30.0666
125.5466,19,30.2655
125.5466,20,30.2655
125.5466,21,29.2746
125.5466,22,27.6586
125.5466,23,27.6586
125.5466,24,26.9258
125.5466,25,26.2488
125.5466,26,27.313
125.5466,27,0.0
125.5466,28,0.0
125.5466,29,0.0
125.5466,30,0.0
125.5466,31,0.0
125.5466,32,0.0
125.5466,33,0.0
125.5466,34,0.0
125.5466,35,0.0
125.5466,36,0.0
125.5466,37,0.0
125.5466,38,15.0333
125.5466,39,16.1245
125.5466,40,16.2788
125.5466,41,16.4924
125.5466,42,17.4642
125.5466,43,19.9249
125.5466,44,19.9249
125.5466,45,21.5407
125.5466,46,21.9317
125.5466,47,21.9317
125.5466,48,23.2594
125.5466,49,23.2594
125.5466,50,24.1661
125.5466,51,24.1661
125.5466,52,24.1661
125.5466,53,24.1661
125.5466,54,25.0799
125.5466,55,25.0799
125.5466,56,26.9258
125.5466,57,26.2488
125.5466,58,27.5136
125.5466,59,28.1603
125.5466,60,29.1204
125.5466,61,30.0832
125.5466,62,30.8058
125.5466,63,31.0483
125.5747,0,69.857
125.5747,1,1.0
125.5747,2,24.3516
125.5747,3,25.2982
125.5747,4,24.3516
125.5747,5,24.3516
125.5747,6,24.0416
125.5747,7,23.7697
125.5747,8,22.8035
125.5747,9,22.561
125.5747,10,22.3607
125.5747,11,23.1948
125.5747,12,23.1948
125.5747,13,23.0868
125.5747,14,24.0832
125.5747,15,23.1948
125.5747,16,24.1868
125.5747,17,23.1948
125.5747,18,24.3311
125.5747,19,23.5372
125.5747,20,22.8035
125.5747,21,22.561
125.5747,22,21.1896
125.5747,23,20.8806
125.5747,24,21.1896
125.5747,25,20.6155
125.5747,26,20.5913
125.5747,27,0.0
125.5747,28,0.0
125.5747,29,0.0
125.5747,30,0.0
125.5747,31,0.0
125.5747,32,0.0
125.5747,33,0.0
125.5747,34,0.0
125.5747,35,0.0
125.5747,36,0.0
125.5747,37,0.0
125.5747,38,12.1655
125.5747,39,13.3417
125.5747,40,12.6491
125.5747,41,14.8661
125.5747,42,13.9284
125.5747,43,15.6525
125.5747,44,16.5529
125.5747,45,16.1245
125.5747,46,17.4929
125.5747,47,17.4929
125.5747,48,19.7231
125.5747,49,18.868
125.5747,50,19.7231
125.5747,51,19.7231
125.5747,52,19.7231
125.5747,53,19.7231
125.5747,54,19.7231
125.5747,55,19.7231
125.5747,56,21.4709
125.5747,57,21.4709
125.5747,58,21.9317
125.5747,59,21.9317
125.5747,60,22.8473
125.5747,61,23.7697
125.5747,62,25.2982
125.5747,63,24.6982
125.6387,0,99.2975
125.6387,1,5.0
125.6387,2,16.2788
125.6387,3,15.2971
125.6387,4,15.2971
125.6387,5,15.2971
125.6387,6,15.5242
125.6387,7,14.5602
125.6387,8,14.8661
125.6387,9,14.5602
125.6387,10,14.8661
125.6387,11,14.8661
125.6387,12,14.3178
125.6387,13,14.3178
125.6387,14,14.3178
125.6387,15,15.2315
125.6387,16,14.3178
125.6387,17,15.2315
125.6387,18,14.8661
125.6387,19,14.8661
125.6387,20,14.5602
125.6387,21,14.5602
125.6387,22,13.6015
125.6387,23,13.1529
125.6387,24,12.1655
125.6387,25,13.0384
125.6387,26,13.0
125.6387,27,0.0
125.6387,28,0.0
125.6387,29,0.0
125.6387,30,0.0
125.6387,31,0.0
125.6387,32,0.0
125.6387,33,0.0
125.6387,34,0.0
125.6387,35,0.0
125.6387,36,0.0
125.6387,37,0.0
125.6387,38,7.2801
125.6387,39,8.2462
125.6387,40,8.2462
125.6387,41,8.2462
125.6387,42,9.0554
125.6387,43,9.0554
125.6387,44,10.0
125.6387,45,10.0
125.6387,46,11.0
125.6387,47,12.0
125.6387,48,12.0416
125.6387,49,12.0416
125.6387,50,12.0416
125.6387,51,12.0416
125.6387,52,12.0416
125.6387,53,12.0416
125.6387,54,12.0
125.6387,55,13.0
125.6387,56,13.0
125.6387,57,14.0357
125.6387,58,13.0384
125.6387,59,15.1327
125.6387,60,14.1421
125.6387,61,15.1327
125.6387,62,16.1245
125.6387,63,15.1327
125.6388,0,69.857
125.6388,1,1.0
125.6388,2,23.1948
125.6388,3,23.1948
125.6388,4,23.1948
125.6388,5,23.1948
125.6388,6,23.3452
125.6388,7,22.561
125.6388,8,22.561
125.6388,9,21.587
125.6388,10,21.8403
125.6388,11,23.0868
125.6388,12,22.1359
125.6388,13,22.1359
125.6388,14,23.0868
125.6388,15,22.1359
125.6388,16,23.4094
125.6388,17,22.1359
125.6388,18,24.0416
125.6388,19,21.8403
125.6388,20,21.587
125.6388,21,21.587
125.6388,22,20.3961
125.6388,23,19.2354
125.6388,24,21.095
125.6388,25,19.0
125.6388,26,19.0263
125.6388,27,0.0
125.6388,28,0.0
125.6388,29,0.0
125.6388,30,0.0
125.6388,31,0.0
125.6388,32,0.0
125.6388,33,0.0
125.6388,34,0.0
125.6388,35,0.0
125.6388,36,0.0
125.6388,37,0.0
125.6388,38,11.4018
125.6388,39,12.3693
125.6388,40,12.1655
125.6388,41,13.1529
125.6388,42,13.1529
125.6388,43,15.0
125.6388,44,15.0
125.6388,45,15.0333
125.6388,46,16.0312
125.6388,47,17.1172
125.6388,48,18.1108
125.6388,49,18.1108
125.6388,50,18.1108
125.6388,51,18.2483
125.6388,52,18.2483
125.6388,53,18.1108
125.6388,54,18.1108
125.6388,55,19.0263
125.6388,56,20.025
125.6388,57,21.0
125.6388,58,21.0
125.6388,59,21.0238
125.6388,60,21.0
125.6388,61,23.0217
125.6388,62,24.0832
125.6388,63,24.0832
125.691,0,69.857
125.691,1,1.0
125.691,2,26.4197
125.691,3,27.7849
125.691,4,25.5539
125.691,5,26.4197
125.691,6,26.0768
125.691,7,25.807
125.691,8,24.4131
125.691,9,24.4131
125.691,10,24.2074
125.691,11,24.7588
125.691,12,24.7588
125.691,13,24.7588
125.691,14,26.1725
125.691,15,24.0832
125.691,16,25.4951
125.691,17,24.0832
125.691,18,24.8395
125.691,19,24.2074
125.691,20,22.8035
125.691,21,22.2036
125.691,22,21.6333
125.691,23,21.6333
125.691,24,21.9545
125.691,25,20.1246
125.691,26,20.2485
125.691,27,0.0
125.691,28,0.0
125.691,29,0.0
125.691,30,0.0
125.691,31,0.0
125.691,32,0.0
125.691,33,0.0
125.691,34,0.0
125.691,35,0.0
125.691,36,0.0
125.691,37,0.0
125.691,38,14.8661
125.691,39,16.4012
125.691,40,16.6433
125.691,41,17.4929
125.691,42,17.0
125.691,43,18.7883
125.691,44,19.6977
125.691,45,19.3132
125.691,46,20.2485
125.691,47,20.2485
125.691,48,22.1359
125.691,49,22.1359
125.691,50,21.8403
125.691,51,21.8403
125.691,52,21.8403
125.691,53,23.0868
125.691,54,23.0868
125.691,55,22.1359
125.691,56,23.4094
125.691,57,23.7697
125.691,58,24.1661
125.691,59,25.4951
125.691,60,25.0799
125.691,61,26.4197
125.691,62,27.7849
125.691,63,27.2947
132.7141,0,104.6566
132.7141,1,10.0
132.7141,2,15.1327
132.7141,3,15.2971
132.7141,4,15.2971
132.7141,5,15.1327
132.7141,6,14.1421
132.7141,7,13.3417
132.7141,8,13.3417
132.7141,9,13.3417
132.7141,10,12.6491
132.7141,11,12.6491
132.7141,12,12.6491
132.7141,13,11.4018
132.7141,14,11.7047
132.7141,15,11.7047
132.7141,16,11.7047
132.7141,17,10.4403
132.7141,18,10.4403
132.7141,19,9.4868
132.7141,20,9.4868
132.7141,21,8.2462
132.7141,22,7.6158
132.7141,23,7.2801
132.7141,24,7.2801
132.7141,25,7.2801
132.7141,26,6.0828
132.7141,27,0.0
132.7141,28,0.0
132.7141,29,0.0
132.7141,30,0.0
132.7141,31,0.0
132.7141,32,0.0
132.7141,33,0.0
132.7141,34,0.0
132.7141,35,0.0
132.7141,36,0.0
132.7141,37,0.0
132.7141,38,10.4403
132.7141,39,10.4403
132.7141,40,11.1803
132.7141,41,11.1803
132.7141,42,11.1803
132.7141,43,12.0416
132.7141,44,12.0416
132.7141,45,13.0384
132.7141,46,13.0
132.7141,47,14.0357
132.7141,48,14.0
132.7141,49,15.0
132.7141,50,15.0
132.7141,51,15.0
132.7141,52,15.0
132.7141,53,15.0
132.7141,54,15.0
132.7141,55,15.0
132.7141,56,16.0312
132.7141,57,16.0
132.7141,58,15.0333
132.7141,59,16.0312
132.7141,60,16.0312
132.7141,61,16.1245
132.7141,62,16.0312
132.7141,63,16.0312
132.8441,0,99.2975
132.8441,1,5.0
132.8441,2,15.0
132.8441,3,15.6205
132.8441,4,15.6205
132.8441,5,16.4012
132.8441,6,17.0294
132.8441,7,16.4012
132.8441,8,16.4012
132.8441,9,16.4012
132.8441,10,15.0
132.8441,11,15.0
132.8441,12,15.0
132.8441,13,14.2127
132.8441,14,14.2127
132.8441,15,13.4536
132.8441,16,14.2127
132.8441,17,13.4536
132.8441,18,13.4536
132.8441,19,12.8062
132.8441,20,12.8062
132.8441,21,12.2066
132.8441,22,11.4018
132.8441,23,11.4018
132.8441,24,10.8167
132.8441,25,10.8167
132.8441,26,10.8167
132.8441,27,0.0
132.8441,28,0.0
132.8441,29,0.0
132.8441,30,0.0
132.8441,31,0.0
132.8441,32,0.0
132.8441,33,0.0
132.8441,34,0.0
132.8441,35,0.0
132.8441,36,0.0
132.8441,37,0.0
132.8441,38,13.0384
132.8441,39,13.4164
132.8441,40,13.0
132.8441,41,13.9284
132.8441,42,12.6491
132.8441,43,12.6491
132.8441,44,12.6491
132.8441,45,12.6491
132.8441,46,12.6491
132.8441,47,13.0
132.8441,48,13.0
132.8441,49,13.4164
132.8441,50,14.3178
132.8441,51,14.7648
132.8441,52,15.6525
132.8441,53,16.1245
132.8441,54,17.0
132.8441,55,17.8885
132.8441,56,17.8885
132.8441,57,17.4642
132.8441,58,17.4642
132.8441,59,16.1555
132.8441,60,16.1555
132.8441,61,15.2315
132.8441,62,15.2315
132.8441,63,14.7648
132.8744,0,104.6566
132.8744,1,10.0
132.8744,2,28.2843
132.8744,3,28.2843
132.8744,4,28.1603
132.8744,5,27.2947
132.8744,6,26.1725
132.8744,7,26.1725
132.8744,8,26.1725
132.8744,9,25.0799
132.8744,10,25.02
132.8744,11,24.0
132.8744,12,24.0
132.8744,13,23.0217
132.8744,14,22.0
132.8744,15,21.0
132.8744,16,21.0
132.8744,17,21.0
132.8744,18,19.0263
132.8744,19,18.0278
132.8744,20,17.0294
132.8744,21,17.0294
132.8744,22,16.1245
132.8744,23,15.1327
132.8744,24,15.1327
132.8744,25,14.1421
132.8744,26,13.3417
132.8744,27,0.0
132.8744,28,0.0
132.8744,29,0.0
132.8744,30,0.0
132.8744,31,0.0
132.8744,32,0.0
132.8744,33,0.0
132.8744,34,0.0
132.8744,35,0.0
132.8744,36,0.0
132.8744,37,0.0
132.8744,38,19.0
132.8744,39,19.0263
132.8744,40,20.0998
132.8744,41,20.0998
132.8744,42,21.2132
132.8744,43,21.2132
132.8744,44,22.561
132.8744,45,23.5372
132.8744,46,24.7386
132.8744,47,25.7099
132.8744,48,25.7099
132.8744,49,25.9615
132.8744,50,26.9258
132.8744,51,27.8927
132.8744,52,28.1603
132.8744,53,28.1603
132.8744,54,27.8927
132.8744,55,27.8927
132.8744,56,28.6356
132.8744,57,28.6356
132.8744,58,28.6356
132.8744,59,29.6142
132.8744,60,29.4279
132.8744,61,30.4138
132.8744,62,30.4138
132.8744,63,28.6356
133.0055,0,99.2975
133.0055,1,5.0
133.0055,2,17.72
133.0055,3,20.2485
133.0055,4,22.4722
133.0055,5,23.7697
133.0055,6,24.6982
133.0055,7,24.3516
133.0055,8,24.0416
133.0055,9,22.8035
133.0055,10,22.8035
133.0055,11,20.6155
133.0055,12,19.9249
133.0055,13,18.0278
133.0055,14,16.5529
133.0055,15,16.1245
133.0055,16,15.8114
133.0055,17,16.4012
133.0055,18,17.0294
133.0055,19,17.0294
133.0055,20,17.0294
133.0055,21,17.0294
133.0055,22,17.0294
133.0055,23,16.4012
133.0055,24,16.4012
133.0055,25,15.8114
133.0055,26,15.2643
133.0055,27,0.0
133.0055,28,0.0
133.0055,29,0.0
133.0055,30,0.0
133.0055,31,0.0
133.0055,32,0.0
133.0055,33,0.0
133.0055,34,0.0
133.0055,35,0.0
133.0055,36,0.0
133.0055,37,0.0
133.0055,38,19.9249
133.0055,39,19.6977
133.0055,40,21.095
133.0055,41,20.8087
133.0055,42,20.6155
133.0055,43,20.5183
133.0055,44,19.105
133.0055,45,17.6918
133.0055,46,16.2788
133.0055,47,15.0
133.0055,48,14.7648
133.0055,49,15.8114
133.0055,50,17.4642
133.0055,51,19.2354
133.0055,52,21.2132
133.0055,53,24.3311
133.0055,54,25.4951
133.0055,55,26.6833
133.0055,56,26.9258
133.0055,57,27.2029
133.0055,58,25.632
133.0055,59,24.3516
133.0055,60,22.4722
133.0055,61,21.1896
133.0055,62,18.4391
133.0055,63,17.1172
