packet_id,timestamp,rx_id,activity,rssi,amplitude_0,amplitude_1,amplitude_2,amplitude_3,amplitude_4,amplitude_5,amplitude_6,amplitude_7,amplitude_8,amplitude_9,amplitude_10,amplitude_11,amplitude_12,amplitude_13,amplitude_14,amplitude_15,amplitude_16,amplitude_17,amplitude_18,amplitude_19,amplitude_20,amplitude_21,amplitude_22,amplitude_23,amplitude_24,amplitude_25,amplitude_26,amplitude_27,amplitude_28,amplitude_29,amplitude_30,amplitude_31,amplitude_32,amplitude_33,amplitude_34,amplitude_35,amplitude_36,amplitude_37,amplitude_38,amplitude_39,amplitude_40,amplitude_41,amplitude_42,amplitude_43,amplitude_44,amplitude_45,amplitude_46,amplitude_47,amplitude_48,amplitude_49,amplitude_50,amplitude_51,amplitude_52,amplitude_53,amplitude_54,amplitude_55,amplitude_56,amplitude_57,amplitude_58,amplitude_59,amplitude_60,amplitude_61,amplitude_62,amplitude_63,phase_0,phase_1,phase_2,phase_3,phase_4,phase_5,phase_6,phase_7,phase_8,phase_9,phase_10,phase_11,phase_12,phase_13,phase_14,phase_15,phase_16,phase_17,phase_18,phase_19,phase_20,phase_21,phase_22,phase_23,phase_24,phase_25,phase_26,phase_27,phase_28,phase_29,phase_30,phase_31,phase_32,phase_33,phase_34,phase_35,phase_36,phase_37,phase_38,phase_39,phase_40,phase_41,phase_42,phase_43,phase_44,phase_45,phase_46,phase_47,phase_48,phase_49,phase_50,phase_51,phase_52,phase_53,phase_54,phase_55,phase_56,phase_57,phase_58,phase_59,phase_60,phase_61,phase_62,phase_63
0,1760879462.867342,COMBINED,Walking,75.0,0.0,1.1948886,5.2133,3.8332238,0.6887633,7.7935843,2.2392344,5.567265,3.7968438,0.8936994,2.1291814,4.563374,5.3044267,1.9468719,2.5604107,0.0,3.291637,3.782454,5.186508,5.070207,5.055393,6.605738,5.6097827,7.0079317,6.960061,3.7923753,4.0154767,0.0,0.0,0.0,0.0,0.0,0.0,0.0,0.0,0.0,0.0,0.0,7.094312,5.665637,8.829122,6.935074,9.062775,10.125089,10.668265,11.795357,11.2326765,4.609902,3.9719312,0.5012952,3.0,7.0503855,7.803053,4.531317,7.8177404,10.19021,5.0937037,4.347993,4.1619506,2.3794622,4.801903,9.625879,9.982661,5.70053,0.0,-1.3070216,-0.7697388,-0.3800423,-1.9094971,-2.4814277,-1.0767103,0.20672955,0.176935,-0.46446225,1.6744708,-0.7197818,-0.28537974,-0.13068846,1.3212324,0.0,1.9468371,-3.1164293,-2.3568058,-2.9430604,-1.4920957,-1.766457,-1.3553221,-0.44237423,-0.8405916,-0.32112864,-0.15566874,0.0,0.0,0.0,0.0,0.0,0.0,0.0,0.0,0.0,0.0,0.0,-1.7340363,-1.7356757,-2.00936,-2.421456,-1.8509923,-1.5913963,-1.515748,-1.4087605,-1.3917899,-0.21454945,0.87138003,-0.041428495,-1.5707964,-1.6751127,-1.9654244,-1.5753968,-1.8501304,-1.9656199,-1.8531184,-1.7390486,-2.2459183,1.5592047,-2.3408341,-2.0073202,-1.297634,-1.215405
1,1760879463.2330184,COMBINED,Walking,81.5,0.0,1.9302409,1.7836993,4.3851266,5.0,7.1612535,8.031332,7.1625533,7.625747,11.392907,12.979918,4.592992,8.090304,3.7643483,11.049067,3.8923368,5.051597,6.1178145,8.20365,5.666667,5.089793,7.126001,2.7844963,9.1681595,8.392095,6.370765,4.9998193,0.0,0.0,0.0,0.0,0.0,0.0,0.0,0.0,0.0,0.0,0.0,15.947964,16.653975,17.921339,19.548754,19.698603,19.138334,17.077776,14.905397,15.968159,12.078268,11.053189,11.082977,13.066316,10.074864,9.522895,10.018951,12.079499,11.043913,15.374728,14.992309,14.691762,14.2271595,9.0949745,9.658044,6.652693,9.929608,0.0,2.534918,-1.4182134,-2.296646,3.1415925,-2.5809805,-2.6802528,-2.493577,-2.1738217,-2.468215,-2.98237,-2.7193224,-2.6668272,-1.3900399,-1.5830414,-2.0415971,-1.034798,-1.0194063,-0.30646768,0.0,-0.22135276,-0.4817071,-0.238571,-0.44610438,0.021643031,-0.20009981,0.2763353,0.0,0.0,0.0,0.0,0.0,0.0,0.0,0.0,0.0,0.0,0.0,2.4342299,2.5442164,2.5637403,2.7806585,2.8034935,2.7644188,2.8897154,2.8755066,3.0803373,2.7309778,2.5857604,2.2985682,1.5759131,1.9481663,1.5289931,1.5092789,1.1847633,1.105029,0.89459705,0.81650394,0.80833405,0.8838231,0.9912829,1.1939652,1.0883456,1.5556827
2,1760879463.5351336,COMBINED,Walking,87.0,0.0,5.022657,9.322486,8.015824,4.035493,8.515204,10.0083475,12.21879,8.893668,8.014346,14.058488,8.736101,6.081737,3.9905438,7.7048287,7.9056945,4.7428446,10.29776,9.407885,8.020816,7.315243,6.7178884,8.343918,7.149405,10.126515,4.554305,6.5840263,0.0,0.0,0.0,0.0,0.0,0.0,0.0,0.0,0.0,0.0,0.0,5.7716985,5.8399777,4.3055167,6.3529134,8.94796,7.4343157,12.962686,7.055435,7.3654203,9.651557,6.98736,7.806402,5.2071195,6.492289,12.015396,10.133769,8.654129,6.464076,10.842448,10.380765,9.739632,10.355972,7.2152205,8.605766,7.297694,10.302829,0.0,-0.9773088,-0.97491664,-1.2758107,-0.49352765,-0.82584983,-0.9077069,-0.94705385,-1.4642292,-1.2039391,-1.8864287,-1.6199028,-1.9560074,-1.5083505,-0.42782426,-0.9652517,-1.4391073,-0.7342082,-1.103564,-1.4314848,-1.3387842,-1.4778693,-1.752096,-0.86409885,-1.7386045,-1.2934121,-1.4342391,0.0,0.0,0.0,0.0,0.0,0.0,0.0,0.0,0.0,0.0,0.0,-1.2627436,-1.5985873,-1.4851724,-1.4064094,-1.6027814,-1.2321162,-0.96007293,-0.58421415,-1.6899402,-1.4424453,-1.3044108,-1.3541658,-1.3707732,-1.1896248,-1.4850743,-1.4100145,-0.9414033,-1.1249429,-1.2255169,-0.842865,-1.0041612,-0.84794194,-1.1957306,-0.60689455,-0.37174422,-1.2357244
3,1760879463.577795,COMBINED,Walking,88.0,0.0,8.406325,12.623433,11.701446,9.901008,9.661589,12.320909,14.044472,12.976577,12.532307,10.624707,0.8406378,8.878731,10.909678,5.9525766,8.565952,3.949819,4.9362664,1.4213785,0.7420895,1.9353157,1.8756086,10.293966,5.0342455,3.2139244,7.8315353,7.214426,0.0,0.0,0.0,0.0,0.0,0.0,0.0,0.0,0.0,0.0,0.0,9.673712,20.454893,16.617523,10.137605,15.448109,10.09019,12.374645,16.045809,11.24858,8.765814,4.6215186,17.723244,6.310238,7.6236024,6.849299,10.924521,3.5950353,6.7287307,7.7235355,7.062272,9.188967,11.080894,9.948394,8.901152,9.67166,12.095782,0.0,-2.280781,-2.306892,-2.3125112,-2.427673,-2.347975,-2.452072,-2.3872855,-2.1645164,-2.5697622,1.1394316,1.2767444,-2.5634332,-2.4861896,2.709337,-2.5689218,-2.7358634,-2.587223,-0.84296405,2.5290194,2.757396,2.710223,1.0548502,1.5899265,2.1984353,1.0914264,1.0838478,0.0,0.0,0.0,0.0,0.0,0.0,0.0,0.0,0.0,0.0,0.0,-0.3689419,-0.7719024,-0.26047942,-0.6294859,-0.5728605,-0.07077716,-0.18641227,-0.19900437,-0.41953295,-0.5317241,-1.0461805,-0.2759201,-0.43478677,-0.5212488,-1.3639586,-2.3863328,-1.528808,-1.7548518,-1.9231421,-1.6370683,-2.2077708,-1.8183612,-2.0173814,-1.9741751,-2.2454343,-2.152109
4,1760879463.624616,COMBINED,Walking,88.5,0.0,14.270784,11.217818,7.0746837,12.472368,10.1055565,14.283392,16.732998,16.001291,12.09908,7.098341,7.4656477,13.429298,12.430243,10.636023,12.065792,12.759152,10.878088,12.558222,12.676085,11.083948,8.964638,13.929114,11.52207,9.418183,7.8935127,11.2893,0.0,0.0,0.0,0.0,0.0,0.0,0.0,0.0,0.0,0.0,0.0,16.02113,12.727854,13.153486,8.280979,10.4566765,14.11255,17.13122,6.217945,11.699412,14.409276,12.38175,5.2141175,12.166565,3.847799,1.8837795,8.998444,3.8315604,3.532928,3.6841342,8.840111,7.3632073,6.3804717,2.9162605,13.748927,13.269893,13.600689,0.0,-0.22583672,0.038204685,-0.8046497,-0.27609703,-0.40539578,-0.50680655,-0.3525554,-0.123909794,-0.4002407,-2.2142038,-0.7338509,-0.70696974,-0.88379306,-0.57290924,-1.1219552,-0.6776974,-0.96281654,-1.0038054,-0.87443155,-0.8454335,-0.70197743,-0.92219305,-1.0683253,-1.0756216,-1.3910476,-0.63054687,0.0,0.0,0.0,0.0,0.0,0.0,0.0,0.0,0.0,0.0,0.0,2.754333,2.5008097,2.8108757,2.464152,2.829745,2.5007486,2.2985556,2.7499304,2.825783,2.510308,2.5670695,2.3390992,2.7501516,1.8788491,1.885308,2.5429983,2.0940216,-0.2538712,2.626194,0.04937408,0.26800305,1.2487432,1.0435266,-0.23051871,-0.13292615,-0.29327744
5,1760879463.786407,COMBINED,Walking,72.5,0.0,5.5281177,6.179871,7.148532,5.940172,8.984723,10.517645,11.248024,11.442273,11.26422,11.818442,9.122886,9.089107,8.280085,8.683669,7.5674963,6.5307975,6.1061788,5.4066863,4.984731,7.037001,8.210647,9.661638,6.401118,9.469704,11.146738,10.204978,0.0,0.0,0.0,0.0,0.0,0.0,0.0,0.0,0.0,0.0,0.0,5.0990195,4.6981816,4.740666,3.6867187,6.0422983,5.3198924,4.730549,4.323785,5.07786,1.5988551,3.84454,1.7814468,1.0178441,2.5104403,3.073173,3.535534,6.2075367,7.2152243,10.770611,9.13653,11.454424,10.727796,11.229725,9.784116,7.945755,6.0928802,0.0,3.0750272,-3.104139,3.0762277,2.8846037,3.0229924,-3.1175818,3.035321,-3.1363347,-3.0985107,2.968807,-3.0828369,-3.1173642,-3.0382814,3.0443294,3.1357121,2.5439394,2.5152967,2.3279662,2.294654,2.0447347,1.9401968,1.77947,2.3032968,2.026218,2.0298216,2.118146,0.0,0.0,0.0,0.0,0.0,0.0,0.0,0.0,0.0,0.0,0.0,-2.9441972,-2.589432,-2.2559893,-2.2915921,-1.7370613,-2.0577943,-1.5642307,-1.4881569,-0.97911865,0.4066303,-0.95563847,-1.7183149,3.0348418,3.0903451,2.4998848,2.9996955,-2.9304326,-2.6374695,-2.3511066,-2.616071,-2.2930288,-2.2149763,-2.194578,-2.123479,-2.2823403,-2.6831493
6,1760879464.0560522,COMBINED,Walking,77.5,0.0,2.5604107,9.001764,9.070928,9.816395,11.999954,10.339322,9.454451,9.9613695,8.605743,9.2483835,10.491396,10.57745,12.3941965,11.395942,12.22769,12.738819,11.913492,13.227735,14.74379,14.8930645,15.989628,15.939253,17.222826,16.90697,17.248478,16.920485,0.0,0.0,0.0,0.0,0.0,0.0,0.0,0.0,0.0,0.0,0.0,5.9238625,7.403662,7.523249,6.808968,6.733955,6.989114,6.56925,7.130968,7.05465,8.143684,9.040725,8.252082,6.988748,7.69818,9.113903,5.150081,5.3204885,5.433425,5.5451736,3.4987388,4.824217,5.2346444,4.709386,2.5298765,2.1864393,3.2306232,0.0,-1.3212324,-2.7178912,-2.6937308,-3.047298,-2.9102874,3.0277584,-2.982087,2.9593449,2.837043,2.8008304,2.383912,2.105228,2.1542554,2.050194,2.234634,2.3119924,2.5314581,2.4757729,2.7197328,2.6450691,2.8556268,3.0657244,-3.1286283,-3.0824108,-2.9943295,-2.8102283,0.0,0.0,0.0,0.0,0.0,0.0,0.0,0.0,0.0,0.0,0.0,-1.9955071,-1.745212,-1.7936597,-2.1832943,-2.0068858,-1.9576412,-2.308791,-2.6908982,-2.7483506,-2.749126,-3.0466409,-3.038424,3.1095736,3.0030081,2.959646,2.6188025,2.3985417,1.746589,1.2614468,1.6560614,0.7794109,0.78914756,0.18794668,0.53670466,-1.7969748,-1.133181
7,1760879464.6013284,COMBINED,Walking,74.5,0.0,5.1145077,3.0838106,5.623639,5.745324,6.3159394,4.452249,3.238992,2.6280503,3.0098517,8.314582,3.6494906,1.8030617,2.0470052,2.5109406,3.8493452,3.1688232,5.648966,8.014706,6.651457,7.807057,10.610839,8.132384,5.9606776,5.976392,4.0667233,3.3332486,0.0,0.0,0.0,0.0,0.0,0.0,0.0,0.0,0.0,0.0,0.0,7.881241,8.449577,8.972418,13.6974125,14.399061,12.705248,15.15968,14.169245,10.700458,9.751544,8.39312,4.286625,6.1172323,5.2712746,6.0269947,6.419863,6.922681,7.811956,9.858286,11.096229,12.213473,13.4030695,13.251168,10.470954,9.851269,9.229291,0.0,-1.5678276,-1.4399853,-0.999132,-0.6557504,-0.35110107,-0.5173303,-0.07618998,-0.26585582,0.34579825,0.06717035,0.8954592,0.99302053,0.32650435,0.8742037,0.047105476,-0.07997352,-0.7560487,-0.5768402,-0.53254324,-0.6803582,-0.6924385,-0.47939065,-0.5141535,-0.24951717,-0.38062823,-0.22573379,0.0,0.0,0.0,0.0,0.0,0.0,0.0,0.0,0.0,0.0,0.0,-2.8306637,-2.7787366,-2.6101077,-2.309038,-2.1748986,-2.0514286,-1.9527308,-1.8386105,-1.7163837,-1.6587842,-1.6902252,-1.7153987,-1.6507361,-1.8208895,-1.6312481,-1.9805015,-2.4540935,-2.544792,-2.5157423,-2.5702949,-2.4082582,-2.467261,-2.4200263,-2.035911,-1.8667607,-1.814877
8,1760879464.6232996,COMBINED,Walking,72.5,0.0,10.722254,15.8436365,8.200942,9.902682,7.9113374,6.1165013,5.3188467,4.3067865,7.5779424,5.9235687,5.921572,5.101249,6.5645533,5.4469314,5.9235687,10.147323,9.1059265,5.6790094,12.522217,10.517809,11.057163,14.79183,15.8900795,12.0,14.120403,13.784848,0.0,0.0,0.0,0.0,0.0,0.0,0.0,0.0,0.0,0.0,0.0,4.1471972,5.236905,7.4295816,9.715252,10.409782,10.432594,10.415024,10.774071,11.958804,11.065437,10.810464,7.9791408,8.949658,9.250215,9.737406,10.354002,8.501758,8.741338,11.107181,12.714741,12.363657,12.743623,12.5086,14.787528,5.079201,12.018469,0.0,-2.754902,-2.5488107,-3.1175034,2.9933975,2.9923086,2.6624951,2.4422798,2.5493567,2.3985045,1.959472,2.6200385,2.6005182,2.7106278,2.3983216,2.752917,2.7763803,3.012258,2.8175344,3.1397653,2.931468,-3.012924,3.133734,-3.0362818,3.1415925,-3.020782,-2.6657908,0.0,0.0,0.0,0.0,0.0,0.0,0.0,0.0,0.0,0.0,0.0,-2.842363,2.719923,3.0163085,3.0865242,-3.083154,-2.977115,-2.7537768,-2.8292935,-2.738429,-2.5206723,-2.5916665,-2.6409774,-2.4689097,-2.7589881,-2.800421,-2.8838968,-2.9377182,-2.9262538,2.993037,2.8047004,2.9403832,2.9347322,2.7931564,3.0093257,-1.9212784,-2.9207406
9,1760879465.1363,COMBINED,Walking,75.5,0.0,15.297664,17.214207,16.053583,16.113443,15.428074,15.40881,14.42261,15.014844,13.143593,16.320223,9.338849,9.57252,10.512631,10.279044,11.703785,10.312169,10.481757,9.359882,12.296363,8.295696,8.144451,7.5823627,6.9158335,2.1814127,3.0,4.8655353,0.0,0.0,0.0,0.0,0.0,0.0,0.0,0.0,0.0,0.0,0.0,11.756164,12.790745,13.264635,13.770343,12.84483,11.44302,9.324488,8.85718,7.8946557,9.2360735,11.860469,12.601516,14.545732,15.714571,17.344925,17.928476,19.173317,18.840683,20.780216,19.827944,19.02813,16.719576,16.370201,15.970477,15.817701,17.572649,0.0,2.5808074,2.5976942,2.4606726,2.5039663,2.4530866,2.5119762,2.4259481,2.6988165,2.6083596,2.2965202,2.4797194,2.3079505,2.5121374,2.40336,2.3889916,2.54053,2.5735226,2.8153176,2.7143226,2.761877,3.0430717,2.692328,-3.1021605,-2.8020773,1.5707964,0.8203212,0.0,0.0,0.0,0.0,0.0,0.0,0.0,0.0,0.0,0.0,0.0,-2.897914,-2.7788312,-2.7054925,-2.6010463,-2.47369,-2.3825176,-2.5418572,-2.6364508,-2.8487167,-3.0814824,2.9929245,3.0024328,3.043976,3.0845237,3.0531614,3.027156,3.1062546,3.0778952,-3.1061935,-3.1362503,3.1245182,3.0405457,2.9806275,2.9274154,2.818647,2.8530734
10,1760879465.769971,COMBINED,Walking,74.5,0.0,17.919003,16.202034,15.610877,12.410956,12.818409,10.588493,7.727654,5.0291767,4.8105636,9.26419,7.379493,7.4746737,7.407472,6.5195603,6.338673,12.208397,13.676812,7.7257743,7.973982,8.603648,10.486203,11.379552,15.187786,4.618019,9.46018,6.391676,0.0,0.0,0.0,0.0,0.0,0.0,0.0,0.0,0.0,0.0,0.0,5.379499,5.87954,4.433374,6.412605,7.10149,9.916451,11.6320505,13.939895,13.837258,12.546477,14.011934,11.843482,12.3791275,8.391333,7.7692237,7.9100747,7.845953,8.172208,11.705877,10.295905,12.2852125,14.770394,15.214786,16.085182,17.199663,17.199663,0.0,1.7555223,1.8694047,1.8455548,1.7924712,1.9300666,1.8697739,1.785839,1.4630276,1.4366106,1.4379805,1.4827211,0.784972,0.29060817,1.009422,0.6812656,0.6166023,0.8474221,0.44330752,0.70736283,0.9564161,1.2824162,1.7582078,2.174318,0.4871354,2.4427216,1.4414855,0.0,0.0,0.0,0.0,0.0,0.0,0.0,0.0,0.0,0.0,0.0,1.9537673,1.7345272,2.4029562,2.2473834,2.2279403,2.4917574,2.5988374,2.7550213,2.8121376,2.922576,3.006683,3.025157,3.0325484,2.7102513,2.5401502,2.160561,2.5910795,2.349997,1.9909166,2.035414,1.8624693,1.751317,1.7542564,1.7840195,1.7109199,1.7109199
11,1760879465.845387,COMBINED,Walking,70.0,0.0,17.83227,18.925728,17.168283,16.271404,15.833674,15.8808,16.348124,14.707436,12.011699,12.056008,10.651874,10.653317,10.016241,11.062792,9.973279,8.294082,7.59494,4.8427596,3.991529,5.756117,3.532928,3.6979,2.6630123,8.673143,13.310261,13.417034,0.0,0.0,0.0,0.0,0.0,0.0,0.0,0.0,0.0,0.0,0.0,5.7286525,7.815785,9.3192835,11.51055,12.350228,13.875279,15.272479,15.314705,15.885968,16.163383,15.550408,15.46187,14.195943,12.508419,11.726526,10.245358,8.239871,8.1326275,8.005251,7.935099,10.611251,13.171656,17.313704,20.114557,20.350857,19.861885,0.0,-1.7012213,-1.6940501,-1.8094902,-1.9902899,-2.0747585,-2.2849782,-2.3158405,-2.5101118,-2.4886525,-2.6883137,-2.8104217,-2.991001,-2.97385,-2.9122155,-3.0329146,-3.0286248,3.0867276,2.8846245,2.901584,1.5402666,1.3169252,2.0411575,0.9769897,1.0810152,1.8180735,1.3805325,0.0,0.0,0.0,0.0,0.0,0.0,0.0,0.0,0.0,0.0,0.0,-1.2704097,-1.3412305,-1.4585466,-1.3317896,-1.2005768,-1.1156229,-0.9531477,-0.8417651,-0.713663,-0.5632081,-0.49169308,-0.41839305,-0.33730003,-0.25163785,-0.3011496,-0.15671407,-0.24188161,-0.41582042,-0.54173,-0.86247164,-1.1923149,-1.3619698,-1.5058446,-1.5233206,-1.4990085,-1.5397053
12,1760879465.8995566,COMBINED,Walking,73.5,0.0,17.827711,16.407558,17.058168,14.488093,14.3991375,13.709796,10.458427,12.34955,10.890385,14.9290085,7.9530077,7.768571,10.518122,10.732096,9.963976,11.067971,12.487994,11.681422,12.146651,13.559228,12.216548,13.152946,13.956824,12.173322,13.043317,14.999243,0.0,0.0,0.0,0.0,0.0,0.0,0.0,0.0,0.0,0.0,0.0,8.640784,9.448386,6.806927,6.7435718,7.5008965,8.20757,7.8211884,9.710891,11.235333,11.977692,11.909001,12.992203,15.973004,11.367263,11.940804,11.211252,10.409834,9.373782,10.992447,12.314271,10.011823,9.605951,11.839509,12.997326,13.264366,14.582198,0.0,-2.3860383,-2.3911254,-2.4166706,-2.3676965,-2.399809,-2.399441,-2.668077,-2.5899923,-2.8846815,-2.9877985,-2.8451724,-2.8850045,3.0060198,3.0882435,2.8332193,2.819842,2.8909216,2.9719038,3.0259323,2.8533914,2.9530272,2.9889433,3.0320542,3.0765653,3.0060384,3.0803344,0.0,0.0,0.0,0.0,0.0,0.0,0.0,0.0,0.0,0.0,0.0,-1.9989656,-2.0450811,-1.8140198,-1.8686227,-2.2209313,-2.2424948,-2.3112717,-2.1875143,-1.7897416,-1.8891932,-1.9926136,-1.6099747,-1.4051719,-1.6526674,-1.8459064,-1.6702957,-1.9180353,-1.8953654,-2.0728886,-2.2319915,-2.1949282,-2.3534586,-2.4792802,-2.4874454,-2.358955,-2.5189223
13,1760879465.9687974,COMBINED,Walking,75.0,0.0,5.1834254,2.5405288,3.6841342,2.607,6.576473,6.3804717,5.4804864,5.9239497,7.9749684,11.197135,7.0731063,6.98769,3.9378724,6.0916357,2.3782067,2.9651663,3.5123472,7.863568,8.711002,13.946223,13.350387,12.969196,13.81573,12.961786,16.003933,13.603513,0.0,0.0,0.0,0.0,0.0,0.0,0.0,0.0,0.0,0.0,0.0,7.1937227,6.898784,8.763354,13.40855,10.824125,8.835332,12.73049,12.795582,10.560759,10.290212,5.6482778,6.188807,5.3145747,6.560353,4.834984,2.5885818,8.914096,7.7377715,8.896106,11.325738,11.4078045,9.53592,12.348255,11.646289,12.526197,8.04214,0.0,-2.9127731,-1.4695381,-0.51539874,0.83017415,0.15264933,0.3220532,0.5903757,0.4468552,0.3046685,0.07454923,1.207156,1.0970538,1.0239692,1.0919358,1.0346988,0.4381193,0.06465035,-0.39612716,-0.74277335,-0.79695034,-0.61757183,-0.4636476,-0.45205647,-0.2545743,-0.10435127,-0.104238026,0.0,0.0,0.0,0.0,0.0,0.0,0.0,0.0,0.0,0.0,0.0,-2.3170812,-2.3145158,-2.2206793,-2.1035883,-1.8568296,-1.8657608,-1.8753597,-1.7157124,-1.5966583,-1.6300942,-1.4114364,-1.6602876,-1.4839481,-1.924781,-1.1426092,-1.4720477,-2.7521198,-2.7753968,-2.7413971,-2.9372213,-2.9138436,-2.8395247,-2.9279811,-2.857225,-2.8928595,-2.9779606
14,1760879466.2507665,COMBINED,Walking,68.0,0.0,5.35127,7.082362,11.87143,12.249556,11.61583,13.521636,12.548974,11.530677,11.133147,12.52686,10.761544,10.34796,6.6349463,5.1428666,4.834463,4.159716,6.387596,4.946916,4.9808683,5.121605,3.0721653,3.9866889,6.4153447,6.380202,9.937389,11.540914,0.0,0.0,0.0,0.0,0.0,0.0,0.0,0.0,0.0,0.0,0.0,7.488566,7.609336,6.3120265,6.167145,7.042209,4.6098413,3.5796201,2.3440087,1.9150361,3.2698052,6.6852646,6.2825413,7.2959623,9.115286,10.185133,9.573727,9.867532,12.442523,13.9271755,15.989035,14.70831,16.872719,15.917975,13.614294,13.771799,12.412882,0.0,1.2526784,1.5537833,1.3740046,1.4025629,1.4158922,1.482517,1.646359,1.5292181,1.6481141,1.685374,1.662459,1.772141,1.7037225,1.425859,1.0114564,0.5228762,0.07494059,0.075729065,0.096295945,0.14134817,-0.9964823,-0.56088436,-1.08419,-0.74950397,-0.8602538,-0.7161437,0.0,0.0,0.0,0.0,0.0,0.0,0.0,0.0,0.0,0.0,0.0,-2.675202,-2.6150458,-2.3050153,-1.774006,-1.9150367,-1.3490592,-1.5173159,-0.9373956,-0.44990787,-2.7867146,-2.9828212,-3.0170276,-3.1173837,-2.9853551,-2.9422936,-2.9596741,-2.7617393,-2.532128,-2.6534874,-2.364263,-2.4343271,-2.229912,-2.2919743,-1.9820862,-2.0193372,-1.9869272
15,1760879466.4432385,COMBINED,Walking,80.0,0.0,2.0621078,2.6762156,2.917001,2.8536618,5.8803363,10.055894,13.341663,13.142802,12.118274,13.054831,11.14766,11.333744,11.657855,5.872385,7.510747,5.365434,7.142698,5.8906837,6.1504307,4.715567,5.680964,8.534021,10.649789,9.916946,11.898148,11.411501,0.0,0.0,0.0,0.0,0.0,0.0,0.0,0.0,0.0,0.0,0.0,1.2055497,5.7907233,4.542841,9.301558,4.6397295,6.900911,8.568918,6.9595823,8.747925,5.9852924,2.5262408,5.420485,0.75468355,4.7190046,2.0000002,6.2828536,8.244532,8.125557,6.793291,9.382452,8.038437,12.003198,6.695004,8.455931,12.102618,8.408094,0.0,-1.8289249,-0.1914589,-1.980622,-2.6065922,-2.8017683,-2.9527502,-2.9147937,-2.998985,-2.975794,-3.033824,-2.993035,-2.923571,-3.072546,-2.1881697,-2.3587976,-2.466977,-1.7057672,-1.3844255,-0.038391776,-0.24583082,0.11997446,0.33074528,0.7321714,0.613654,1.0664861,1.2931064,0.0,0.0,0.0,0.0,0.0,0.0,0.0,0.0,0.0,0.0,0.0,2.8889353,1.6076227,2.1588726,1.7792393,-2.2847822,1.5922947,1.7366424,2.1956253,2.6104195,1.9778495,2.0670955,-2.5527985,2.5536897,0.16672094,0.0,-0.2598652,-0.25561377,-0.3377161,-0.007857485,-0.2944926,-0.47586462,-0.3744242,-0.3219144,-0.30643764,-0.34758323,-0.06705685
16,1760879466.8571143,COMBINED,Walking,70.0,0.0,18.630053,13.383927,11.406174,8.740345,8.2010765,9.428468,9.955194,8.79582,6.1716433,5.0519347,2.136492,3.3100774,6.383851,10.103194,11.386668,12.001857,10.5272,8.455879,7.8711896,6.969466,6.297731,8.6168165,8.56762,7.21886,6.8133717,8.586131,0.0,0.0,0.0,0.0,0.0,0.0,0.0,0.0,0.0,0.0,0.0,13.7008095,14.013851,14.842818,14.944848,12.619999,12.250992,9.245945,8.210919,6.5398993,5.773167,5.8322425,5.1818795,5.34032,3.1538763,1.4304843,2.947219,4.0720987,3.4540217,5.8634443,2.6474755,3.6038628,5.335856,8.888027,10.605383,13.820696,14.933309,0.0,-0.33583203,-0.14750277,-0.06259989,0.11127346,0.45309162,0.829142,0.9510328,1.0116551,1.1327157,1.2915993,2.28865,-3.018663,-2.6188085,-2.6055944,-2.4599655,-2.37554,-2.2319188,-2.0570457,-1.7357961,-1.1892515,-0.8798609,-0.23424049,-0.074300826,0.37636894,0.91928935,1.4939963,0.0,0.0,0.0,0.0,0.0,0.0,0.0,0.0,0.0,0.0,0.0,-1.5251471,-1.3717815,-1.2824183,-1.1800716,-0.9701614,-0.8156443,-0.52515906,-0.22714962,0.1208434,0.52349794,0.7834034,0.9171597,1.2623532,1.2075499,1.7104732,-3.0531704,-2.8084366,-2.7150517,-2.6484616,-1.9209428,-1.4360517,-1.0813924,-0.7146985,-0.5966053,-0.4418441,-0.4433717
17,1760879467.4496305,COMBINED,Walking,59.0,0.0,13.677396,14.329971,15.795296,14.770394,15.210886,14.556561,13.550276,13.1031475,11.711509,10.323668,10.146752,10.150542,9.274471,9.676054,9.5441885,10.294922,10.294922,10.96952,10.960361,10.1282,9.861356,8.978879,7.922411,7.739945,6.806927,7.247524,0.0,0.0,0.0,0.0,0.0,0.0,0.0,0.0,0.0,0.0,0.0,14.931475,13.269434,12.972843,9.423465,7.1736903,3.7182062,0.7781097,3.3420424,4.0849085,5.6104245,6.5714226,7.7743964,8.955369,9.57761,9.337129,9.755201,9.052548,9.052548,10.208933,9.559124,8.038918,9.004861,9.822768,10.209184,10.333449,10.820173,0.0,0.1502103,0.21501438,0.13354413,0.18052071,0.16671127,0.07142939,0.07155807,0.07102659,-0.04834242,-0.19496234,-0.19840655,-0.3000319,-0.4654094,-0.5702562,-0.6468374,-0.70350367,-0.70350367,-0.70557934,-0.5348754,-0.45073515,-0.5472992,-0.30797884,-0.35958332,-0.2796611,-0.24322341,-0.05784852,0.0,0.0,0.0,0.0,0.0,0.0,0.0,0.0,0.0,0.0,0.0,-3.01512,-2.8594706,-2.712425,-2.5569503,-2.4966674,-2.6571317,-2.815179,1.4436617,1.6083617,1.445137,1.5859444,1.8540533,1.8710568,1.8801093,1.7998223,1.7283305,1.6236941,1.6236941,1.66636,1.4835128,1.1852636,0.96538955,0.6207764,0.5118088,0.39747608,0.37866443
18,1760879467.9864922,COMBINED,Walking,72.0,0.0,20.793055,17.950808,15.967347,10.146752,9.245143,7.3068132,7.4124603,7.569536,6.8224645,6.998262,8.225485,9.651557,11.545268,12.061388,11.646702,12.061388,11.048281,10.148378,8.7905035,8.357224,8.314874,5.763695,4.1584654,2.1706362,5.548686,5.669801,0.0,0.0,0.0,0.0,0.0,0.0,0.0,0.0,0.0,0.0,0.0,10.974885,9.249275,7.966561,9.630088,9.334935,9.872261,9.1925125,10.449297,10.516052,9.576856,10.226845,9.93067,8.373222,8.378791,7.2025366,7.694474,7.8514156,7.450561,10.7894745,11.65517,14.573552,15.633582,17.973095,19.34479,19.041016,20.236044,0.0,1.374645,1.437454,1.4193342,1.3723898,1.3145974,0.9915011,0.90075344,0.65565145,0.3204472,0.4073058,0.13086006,0.12835108,0.08265354,0.019399298,0.005182561,0.019399298,0.093522206,0.13410155,0.2390223,0.3485881,0.12055824,-0.054015603,-0.5017341,0.31642777,-0.4736835,-1.7267733,0.0,0.0,0.0,0.0,0.0,0.0,0.0,0.0,0.0,0.0,0.0,0.47303,0.72602284,0.7862787,0.8250672,0.97159785,1.0159163,1.1775197,1.3004102,1.6193986,1.5029713,1.8513308,1.8137856,1.971027,1.9628499,1.7522999,1.6672176,1.8656379,1.5792348,1.5707964,1.4301884,1.3725643,1.3039162,1.2696095,1.2736201,1.359123,1.384996
19,1760879468.11755,COMBINED,Walking,60.5,0.0,12.510003,10.269993,11.1630745,10.387578,10.454486,10.73431,9.11458,9.209067,5.3812876,5.6905603,6.962331,4.68927,6.0807643,3.7835093,4.578423,4.3677444,5.566008,4.6730256,5.3252587,4.7194347,4.3138633,4.0886526,4.319882,3.3829124,3.9578986,5.4066863,0.0,0.0,0.0,0.0,0.0,0.0,0.0,0.0,0.0,0.0,0.0,22.005123,19.524445,17.482409,18.894215,14.503497,15.164893,15.164893,14.3837185,13.928165,15.290061,15.887437,13.976391,14.187151,12.649105,12.630891,12.500688,11.8247795,10.567457,10.567457,9.7796135,9.804336,9.550314,12.11531,13.133333,11.992754,11.30851,0.0,-0.2183639,-0.24395272,-0.25690982,-0.27637267,-0.23955172,-0.18741365,-0.1944676,-0.23961642,-0.35990995,-0.6568392,-0.4279772,-0.41135463,-0.1967375,0.031912025,-0.030496677,0.5238271,0.17325383,0.61797464,0.8858265,1.4417732,0.993032,1.1438206,0.30574143,0.7184017,0.7878124,0.75716996,0.0,0.0,0.0,0.0,0.0,0.0,0.0,0.0,0.0,0.0,0.0,1.3624529,1.537101,1.5030437,1.5074874,1.5548366,1.395879,1.395879,1.3759956,1.2649915,1.2713149,1.3292453,1.2112843,1.1727748,1.008573,0.9972462,0.92393726,0.8338066,0.67165726,0.67165726,0.54810786,0.3378782,0.26553598,0.0826342,0.0,-0.09498507,-0.24619794
20,1760879468.206409,COMBINED,Walking,71.5,0.0,15.007079,14.744732,11.236476,10.673696,8.695675,7.0767236,6.4116526,6.4245505,5.8792667,5.8821797,6.7069364,7.4445,8.945826,8.412764,8.22721,8.375368,8.478441,7.072178,6.975503,5.3153067,4.646698,6.327597,6.722021,12.1655245,10.399823,10.55994,0.0,0.0,0.0,0.0,0.0,0.0,0.0,0.0,0.0,0.0,0.0,20.670015,23.198032,24.763031,25.087442,26.529993,24.770012,24.134398,23.417068,21.896885,19.463886,18.705961,15.50855,13.149352,12.401265,10.612043,10.669991,9.065038,9.495779,10.386904,11.453843,13.132185,15.202436,15.760225,17.089529,18.18541,17.906282,0.0,1.3472921,1.3958927,1.2833462,1.3401271,1.178907,0.91039175,0.8171675,0.5981872,0.45294222,0.2391649,0.0998218,-0.034933165,-0.1120181,-0.24003229,-0.27842802,-0.27955708,-0.21579793,-0.33556908,-0.33135423,-0.71443963,-0.77025014,-1.4853871,-1.2686924,-1.4056476,-1.3590615,-1.2520111,0.0,0.0,0.0,0.0,0.0,0.0,0.0,0.0,0.0,0.0,0.0,1.2377534,1.355923,1.3726249,1.4461716,1.5010933,1.6029437,1.690203,1.7386413,1.8684044,1.8214958,1.9056673,1.9361954,1.9051033,1.7874829,1.6996483,1.5061513,1.4770418,1.2633276,1.1094544,1.1986157,1.1194845,1.1979795,1.1919276,1.2245928,1.3085166,1.3299396
21,1760879468.3773365,COMBINED,Walking,71.5,0.0,9.294871,10.975681,11.139429,10.437437,11.817485,11.443027,16.306664,17.852234,17.762505,15.4045925,17.437428,15.662451,15.89262,11.488919,9.586481,7.787501,7.2708144,5.652101,5.497499,8.540132,10.018712,11.409087,11.843745,16.27882,18.59865,16.845154,0.0,0.0,0.0,0.0,0.0,0.0,0.0,0.0,0.0,0.0,0.0,10.438036,8.8430395,9.01593,10.352206,10.835481,12.721435,14.079748,15.715298,15.339527,15.714571,15.300906,15.037366,14.435575,13.581871,11.808737,10.607439,9.967092,10.701334,11.64496,10.1526,12.174382,10.393451,10.1229925,9.055386,8.631426,9.220866,0.0,3.0102515,2.7577088,2.8578968,2.8510535,2.9607103,2.9685235,3.111626,3.0922902,3.0427961,-3.141528,3.0762908,3.1083925,-3.0848582,3.1073933,3.0100405,2.7983663,2.656197,2.1131446,2.2531333,2.111855,2.2725563,2.275162,2.296456,2.3996453,2.5324457,2.593152,0.0,0.0,0.0,0.0,0.0,0.0,0.0,0.0,0.0,0.0,0.0,2.541139,2.7013922,2.5575461,2.6530225,2.634221,2.7275674,2.8194356,2.972948,3.0398324,-3.0845237,-3.107087,-3.053581,-2.9503899,-2.9188733,-2.8473518,-2.8786466,-2.8439128,-2.6479027,-2.5765119,-2.7665758,-2.6251488,-2.6912289,-2.7587507,-3.0309355,-2.969378,-2.9138083
22,1760879468.5627863,COMBINED,Walking,63.5,0.0,17.368782,17.04851,16.918198,14.289497,12.730919,11.522394,10.671872,12.256517,11.313708,7.1625533,2.9092972,1.9931626,5.9572387,9.719222,13.592376,16.987959,18.623096,15.951668,14.075836,12.727854,12.324052,12.876311,11.284212,14.552477,14.6422205,11.238339,0.0,0.0,0.0,0.0,0.0,0.0,0.0,0.0,0.0,0.0,0.0,9.9328785,12.35371,14.900322,14.230129,13.300756,12.711533,13.435029,14.440067,14.852556,15.030689,14.874044,14.776292,13.850275,13.666121,13.419474,13.104742,13.709519,15.732523,19.509016,20.490877,18.480223,14.940387,13.241403,12.259551,13.029268,14.767516,0.0,1.0784425,1.047052,1.000622,0.93937147,0.9209006,0.85467786,0.89605534,0.7853982,0.7853982,0.6480157,1.0309078,3.1381564,-2.720276,-2.5478363,-2.4831185,-2.4450243,-2.4271421,-2.3694263,-2.2867854,-2.2115793,-1.8748213,-1.6046059,-1.2394869,-0.93168974,-0.6915816,-0.42708978,0.0,0.0,0.0,0.0,0.0,0.0,0.0,0.0,0.0,0.0,0.0,-3.029585,-2.8531213,-2.7681081,-2.6981316,-2.5797915,-2.4608765,-2.3561945,-2.3104749,-2.2330692,-2.2979367,-2.2502153,-2.3555107,-2.4987001,-2.623346,-2.8556945,-3.081394,2.983045,2.8599908,2.7002282,2.6719928,2.6284947,2.436354,2.161179,1.783608,1.4956932,1.3784932
23,1760879468.65211,COMBINED,Walking,73.5,0.0,13.171584,12.753554,11.163112,11.880621,12.47411,13.936926,14.628308,15.06002,14.917385,16.117355,15.677162,16.81602,16.371899,14.132934,13.051557,12.477897,8.8317795,5.9926105,3.4219894,2.9869902,5.484797,8.4274845,9.888994,11.209782,11.868861,12.889738,0.0,0.0,0.0,0.0,0.0,0.0,0.0,0.0,0.0,0.0,0.0,5.906968,5.6888933,6.6189594,5.648035,6.6545334,4.6359553,4.649816,3.9757967,3.1177118,1.576963,4.0373836,5.6715436,8.167773,9.362945,10.38469,11.938039,12.523071,13.000303,14.322456,15.53393,15.663231,14.926384,15.028219,14.694019,14.515794,14.53905,0.0,-0.3944013,-0.4354659,-0.6056494,-0.806575,-0.8352022,-1.064618,-1.1863853,-1.2208679,-1.3457265,-1.4953666,-1.4323703,-1.3270594,-1.3390347,-1.263335,-1.2034957,-1.2212738,-1.1007699,-1.1691403,-1.0930759,2.3477268,2.6415963,3.0452328,2.954508,-3.0773141,-2.7597733,-2.514815,0.0,0.0,0.0,0.0,0.0,0.0,0.0,0.0,0.0,0.0,0.0,2.6902046,2.638525,2.7053576,3.024884,3.035681,-2.8655927,-2.5704687,-1.7844206,-1.3441429,-0.17513406,0.0932771,0.5480824,0.44688395,0.758434,0.6543014,0.71682924,0.59066606,0.6141618,0.5455804,0.41882265,0.33926558,0.27500886,0.20755872,0.08295006,0.012167984,-0.050134987
24,1760879468.827828,COMBINED,Walking,72.0,0.0,10.249472,11.800967,11.227201,10.151119,9.513316,10.828875,9.823442,9.827893,9.214826,8.502044,9.960253,7.8969364,8.409172,8.05671,8.483957,11.423562,14.192513,9.105556,7.023871,8.781807,8.82276,9.447377,13.274924,12.217855,10.23441,9.466966,0.0,0.0,0.0,0.0,0.0,0.0,0.0,0.0,0.0,0.0,0.0,13.55826,13.524148,13.485618,13.166898,11.973148,11.26038,10.5976925,10.792829,11.859229,13.133315,13.9432125,14.811157,16.939013,16.558876,16.906227,15.581869,12.896665,15.253374,15.434524,12.968858,12.991239,12.004286,11.479727,11.32081,11.135165,10.6683035,0.0,1.2912395,1.4067287,1.3192464,1.446245,1.5154645,1.310559,1.3134726,1.3263491,1.1510391,1.0728996,1.1970695,1.2468228,1.0264721,1.1892453,0.8159944,0.7587829,0.6474488,0.25887167,0.0033928491,0.44969925,0.12518992,0.18370284,0.41439,0.4711775,0.5704188,0.88436246,0.0,0.0,0.0,0.0,0.0,0.0,0.0,0.0,0.0,0.0,0.0,1.762084,1.9814945,2.0204954,2.1526809,2.1698077,2.1537473,2.114499,2.0149522,1.8377061,1.8140347,1.7326852,1.8050174,1.7488415,1.7451078,1.6831344,1.7557684,1.7408637,1.6433095,1.598567,1.5107553,1.525613,1.4663701,1.3526889,1.3466653,1.2151794,1.3705195
25,1760879468.8940501,COMBINED,Walking,60.5,0.0,8.850956,10.941458,11.637141,10.493841,10.942556,10.057074,9.205828,7.4812136,5.7254953,3.9052942,3.454482,2.3668084,2.0388217,0.51618904,1.0,2.1350074,3.108853,3.5534415,4.99785,6.258745,5.1818795,4.91773,6.590973,4.370168,3.3373249,4.3040876,0.0,0.0,0.0,0.0,0.0,0.0,0.0,0.0,0.0,0.0,0.0,14.44525,14.031093,12.557131,12.9444,12.943623,11.787972,11.361905,9.327055,8.201291,7.8117566,7.1813703,7.7846737,8.143142,9.404936,11.342494,12.09908,11.795286,13.89331,13.119964,13.65787,10.382862,10.061993,7.8102493,7.478878,6.851479,7.5197053,0.0,-0.15576251,-0.3065141,-0.3626209,-0.24591617,-0.25008896,-0.2427206,-0.24165067,-0.09167722,-0.35027364,-0.87089425,-0.25892538,-0.541831,-0.7266171,-1.7130345,3.1415925,2.846787,2.9241679,2.6487725,2.5627801,2.5708,2.487956,2.4854846,2.5999079,2.2341926,2.0672066,2.2172086,0.0,0.0,0.0,0.0,0.0,0.0,0.0,0.0,0.0,0.0,0.0,-0.22541925,-0.008500736,0.20124614,0.278024,0.37346172,0.48078182,0.56983346,0.70996284,0.90954727,0.86802274,1.0652169,1.0999955,1.1558123,1.1314936,1.1570932,1.1705556,1.1842552,1.157875,1.1648011,1.2347018,1.0960681,1.0249598,0.87605804,0.49370158,0.44871926,0.033146217
26,1760879468.9647574,COMBINED,Walking,61.0,0.0,19.196568,17.0,15.952015,13.60187,12.156335,11.636139,11.004823,10.43472,8.024309,9.651062,11.067677,8.614346,10.635329,13.064778,17.137428,16.055105,14.444323,15.096134,11.298578,12.401734,10.574847,6.306406,2.2231526,2.5396528,2.010473,4.2945414,0.0,0.0,0.0,0.0,0.0,0.0,0.0,0.0,0.0,0.0,0.0,12.469121,11.833452,10.818036,8.545314,8.496112,8.995276,9.734397,10.767512,11.867254,10.270161,10.083871,8.070215,5.8661766,6.4422007,7.8326936,6.2991657,7.0320215,8.755078,9.3599,10.540169,12.426906,13.121612,14.824343,15.981654,18.123228,18.774231,0.0,0.7881229,0.7871282,0.7193168,0.7333887,0.5844854,0.51281255,0.40845418,0.15711728,-0.07950597,-0.009709069,-0.21714735,-0.59430563,-0.87608343,-1.0209515,-1.011357,-1.1061732,-1.0575196,-0.95947236,-0.7623967,-0.78804183,-0.83006305,-0.5562027,0.013567464,-0.54422086,-1.2278677,-2.5216002,0.0,0.0,0.0,0.0,0.0,0.0,0.0,0.0,0.0,0.0,0.0,-0.18741888,-0.037526313,0.14129296,0.35259315,0.50603724,0.6646408,0.7889539,0.86802274,0.912623,1.030159,1.1542587,1.2182075,1.2602177,1.3621348,1.3258373,1.200947,1.0952523,0.9942967,0.74555933,0.72337794,0.7152805,0.67741096,0.66290903,0.65227056,0.68804455,0.7292071
27,1760879469.0177815,COMBINED,Walking,63.0,0.0,9.262259,11.920204,10.634548,13.409682,11.489707,11.551034,10.061221,6.6225405,5.5773687,3.2263606,3.0498471,4.8558245,6.779524,6.0777426,7.5007725,7.9207597,8.68371,8.155116,9.787335,9.12051,9.629341,11.596358,9.545215,6.7054834,5.8505664,7.6083612,0.0,0.0,0.0,0.0,0.0,0.0,0.0,0.0,0.0,0.0,0.0,4.6107955,4.8389797,4.6513057,6.1867204,9.554587,12.016764,15.895803,14.298479,13.24513,14.230768,14.655172,15.0,16.521795,16.263876,16.900364,17.360432,18.608791,17.673145,19.581396,18.730484,19.841389,20.579224,21.227121,19.44367,16.529991,13.520893,0.0,-2.700168,-2.3545148,-2.4211812,-1.9989942,-2.0724657,-2.0804117,-2.2675734,-2.1845756,-2.6247106,-2.7094316,2.3512592,1.6983501,1.5301361,1.2976873,0.93393445,0.79695445,0.76361305,0.65781504,0.6222523,0.45400903,0.35002846,0.39023536,0.43240783,0.37705818,0.5273506,0.74470466,0.0,0.0,0.0,0.0,0.0,0.0,0.0,0.0,0.0,0.0,0.0,1.3405019,1.8715566,2.062735,2.4385445,2.7754097,2.9077506,3.0202768,3.1124558,3.1184506,3.1415925,3.1415925,3.1415925,3.112213,3.08746,2.963136,2.8494432,2.813299,2.7029486,2.6902847,2.691632,2.6554036,2.6830828,2.5951383,2.6715999,2.7755997,3.0116472
28,1760879469.0299444,COMBINED,Walking,62.5,0.0,15.743105,14.168939,11.959398,13.2807255,12.209924,11.125075,11.203982,9.988894,9.29283,9.646657,11.967861,12.089121,11.902478,10.725679,9.634414,8.293099,7.762965,6.112863,4.0667233,1.5920964,3.0837786,8.3919325,8.974086,8.881978,9.834047,9.2483835,0.0,0.0,0.0,0.0,0.0,0.0,0.0,0.0,0.0,0.0,0.0,8.971603,9.006359,4.4737353,3.5029857,5.11308,5.876554,6.381579,5.9265184,3.9741278,4.3496075,4.144587,3.5553176,3.5656824,3.5673985,6.661926,10.277565,16.111834,12.383449,16.010569,15.883121,18.446108,20.940807,22.758175,20.765919,23.631102,22.026789,0.0,-0.86832625,-0.7238807,-0.7013938,-0.58624357,-0.46732208,-0.33405757,-0.42581487,0.11788294,-0.08166629,-0.15527365,0.089181125,0.15946795,-0.058201086,-0.06285818,-0.33570918,-0.19063891,-0.26666817,-0.47603533,-0.38062823,1.0321873,1.879778,2.4405549,2.5722518,2.7711923,2.9156108,-2.8008304,0.0,0.0,0.0,0.0,0.0,0.0,0.0,0.0,0.0,0.0,0.0,-0.6016522,-0.11126208,-0.6871806,-0.94756365,-1.4139217,-1.1720129,-1.8363326,-2.0015397,-1.6795485,-1.6545305,-1.5765579,-0.46996567,-0.14932248,-0.15258294,-0.25066885,-0.057143237,-0.19922177,-0.297692,-0.43703094,-0.49015552,-0.57384783,-0.5826745,-0.5734467,-0.5911189,-0.62096256,-0.68327695
29,1760879469.0920777,COMBINED,Walking,71.0,0.0,9.992471,8.36218,5.652101,12.244397,7.8296275,12.331126,10.827187,15.402043,10.645458,13.17285,13.553857,10.298212,6.6166635,6.4828835,7.130516,5.7560496,3.234344,0.85983443,1.843427,6.744973,10.11532,12.799098,12.529351,10.956444,9.0244255,7.149613,0.0,0.0,0.0,0.0,0.0,0.0,0.0,0.0,0.0,0.0,0.0,1.7810266,2.8412993,2.473982,3.0849686,2.5052733,4.0970564,4.466438,5.8856373,7.6206393,7.1587896,6.31545,11.22911,10.057167,9.887458,9.649589,10.952918,11.690366,11.689681,15.70057,15.916653,16.878042,15.780323,15.358267,15.8475,16.115377,13.946665,0.0,-0.06778548,-0.7161811,-1.0284481,-1.5070091,-1.0931057,-1.6524714,-1.4965175,-1.6172794,-1.8985665,-1.8516265,-1.8819754,-1.6590741,-1.7275558,-1.2571757,-0.91816396,-1.0386797,-1.0135146,-0.27972418,1.5260202,2.192027,2.3962393,2.4568582,2.68242,2.8249383,3.001977,-2.7205024,0.0,0.0,0.0,0.0,0.0,0.0,0.0,0.0,0.0,0.0,0.0,0.4680525,0.45536613,0.8706631,0.92533475,1.5338271,1.0451673,0.70972157,0.692713,0.58128786,0.52615887,0.55744314,0.4238108,0.26747406,0.34693304,0.1590038,0.1737921,0.17192678,0.057109747,-0.16078244,0.08485309,0.008943556,0.06341255,0.24374528,0.18403524,0.18724993,-0.011636197
30,1760879469.1228561,COMBINED,Walking,68.0,0.0,11.541447,14.503668,14.54525,15.209146,16.13307,16.613873,16.825867,14.769413,13.383601,11.23798,11.076772,9.937655,7.9530077,8.148645,5.606021,5.1488714,6.658906,4.4045434,7.7034116,5.229746,10.4437895,11.567831,9.989558,11.358292,9.848858,11.04208,0.0,0.0,0.0,0.0,0.0,0.0,0.0,0.0,0.0,0.0,0.0,10.645735,11.43935,12.53315,11.478651,11.280128,12.115244,12.1136055,12.299086,12.455487,11.994809,13.6362915,14.809538,15.697216,16.391872,14.584487,14.65863,14.301073,12.167165,12.085004,12.192289,12.67455,11.030989,9.717809,8.579695,10.285171,12.216565,0.0,-2.830989,-2.880267,-2.9144034,-2.7983348,-2.8153012,-2.721767,-2.7538714,-2.6539128,-2.9197874,-2.9691086,-2.8136408,-2.9036505,-2.8451724,-2.9502954,-2.9382486,-2.9585657,2.2927318,1.525373,2.3289528,1.8436471,1.9638411,1.8391677,2.2740328,2.5076902,2.7233684,2.6213908,0.0,0.0,0.0,0.0,0.0,0.0,0.0,0.0,0.0,0.0,0.0,-3.0259674,-2.9090266,-2.8898668,-2.8001916,-2.6443598,-2.811507,-2.7094486,-2.6778293,-2.5467756,-2.5476375,-2.5335207,-2.5063827,-2.5309012,-2.5155308,-2.472548,-2.4873972,-2.4399674,-2.417728,-2.2587094,-2.2472494,-2.2821367,-2.127783,-2.3820055,-2.199784,-2.5580845,-2.599556
31,1760879469.1977892,COMBINED,Walking,69.0,0.0,16.53354,11.426162,7.9519243,6.615694,12.27876,10.140449,12.479231,13.732416,8.188943,5.829894,4.6016827,5.1398177,4.1433682,2.520545,4.8233314,5.18515,6.713306,7.126132,8.194955,10.342557,12.374166,14.659712,13.442832,13.140684,10.439514,9.992568,0.0,0.0,0.0,0.0,0.0,0.0,0.0,0.0,0.0,0.0,0.0,9.785527,10.749051,11.428656,11.771892,14.43047,14.067465,13.268217,13.499248,13.830462,15.001513,13.989117,12.960791,12.095082,10.564401,4.6247177,8.493837,7.226829,8.5440035,10.804925,12.582809,12.359076,12.850069,15.001788,12.663308,16.438906,16.142853,0.0,2.0288494,2.3400984,2.5854611,2.9748368,-2.2867177,-2.1428943,-2.1449895,-2.1278207,-2.2141664,-2.1219656,-2.482194,-2.5170925,-3.008865,1.5773861,1.4368057,1.5356973,1.6770514,1.7592239,1.9588021,2.0426872,2.1691778,2.3026564,2.351568,2.5930374,2.6370778,2.8589108,0.0,0.0,0.0,0.0,0.0,0.0,0.0,0.0,0.0,0.0,0.0,2.6191032,2.756442,2.7264924,2.834702,2.7622082,2.846871,2.864286,2.8149264,2.9043024,2.7942963,2.8143225,2.820964,2.6673672,2.6297674,2.4142706,2.1176324,1.2926077,1.2120256,1.0338856,1.4657798,1.4849899,1.4315028,1.4224501,1.6218938,1.7911105,1.8803177
32,1760879469.282833,COMBINED,Walking,71.0,0.0,20.831394,19.893982,19.068544,17.220354,17.031176,16.712194,16.411913,14.603516,10.669611,6.244683,5.9147024,7.2458944,8.930925,10.6535225,11.904714,12.816267,12.345991,14.28,14.263405,15.39179,13.984197,14.254832,11.689912,11.010349,7.0536323,1.236991,0.0,0.0,0.0,0.0,0.0,0.0,0.0,0.0,0.0,0.0,0.0,11.2101555,8.663799,3.274144,4.2107286,6.9853244,10.978354,16.12453,19.02285,20.250614,18.616648,17.832886,16.77051,15.558174,13.961454,11.844825,10.377495,9.060643,9.101037,9.495779,10.043339,12.090647,14.375239,18.40267,19.419165,21.683186,21.295958,0.0,1.725212,1.7257596,1.6556114,1.5343878,1.478028,1.4428666,1.3352406,1.309156,1.2626436,1.0571549,0.61227405,-0.033384614,-0.1778583,-0.20903762,-0.3311985,-0.3578521,-0.3594226,-0.3470616,-0.3039064,-0.23450196,-0.094598494,-0.070692256,0.11727127,0.10430859,0.10939768,-0.8706631,0.0,0.0,0.0,0.0,0.0,0.0,0.0,0.0,0.0,0.0,0.0,-1.046749,-0.9282797,-1.3505689,-2.5663037,-2.9464898,-2.9583929,-2.9722445,-2.9401863,-2.8126786,-2.797914,-2.7030256,-2.6779451,-2.6827722,-2.7333453,-2.787308,-2.9023592,-3.0258307,3.05319,2.8341238,2.4464762,2.1357749,1.995147,1.8596581,1.8312072,1.7997633,1.8142536
33,1760879469.4486318,COMBINED,Walking,70.0,0.0,11.233598,17.535,19.06176,14.606335,13.432966,11.871697,11.870275,11.462268,11.903807,12.814497,12.57328,14.75214,12.6511135,12.451502,13.428915,11.520536,10.628302,9.553076,7.5250616,9.145438,8.147564,7.7552047,7.6653657,5.9488387,5.749745,8.711002,0.0,0.0,0.0,0.0,0.0,0.0,0.0,0.0,0.0,0.0,0.0,1.6598313,4.1661897,2.7849398,6.76858,9.024994,12.83181,9.474668,10.220636,9.662463,6.886142,5.042638,2.9158525,4.099313,6.722302,9.205539,12.364493,13.017101,11.53048,9.542008,11.749145,9.556876,9.274267,7.833868,6.558653,6.0489035,10.331187,0.0,-1.4166377,-1.3988642,-1.4571778,-1.3311665,-1.3959405,-1.5929016,-1.691822,-1.9652072,-1.9502548,-2.1831803,-2.456536,-2.4742172,-2.6394305,-2.7650094,-2.776806,-2.941437,-3.083335,3.0396593,3.0886161,2.8732982,3.072313,3.0509226,2.9218168,2.6482563,2.498124,2.3135695,0.0,0.0,0.0,0.0,0.0,0.0,0.0,0.0,0.0,0.0,0.0,-1.0696313,-2.230033,-2.936856,-3.1077886,-2.9876714,-2.9774454,-2.8475664,-2.700068,-2.63983,-2.2365024,-2.206872,-1.0395727,-0.32865968,-0.099463,0.12961364,0.41634417,0.3732907,0.32022372,0.1915076,0.15121117,0.28492415,0.31726518,0.058867797,0.017577562,-0.45173934,-0.82628596
34,1760879469.626204,COMBINED,Walking,70.5,0.0,9.014742,10.838566,11.641568,11.442567,11.161037,11.942718,11.525976,10.858417,9.552533,8.140203,6.9924183,6.037667,5.307198,2.2001233,4.3333335,7.754609,8.714656,9.103971,10.512661,10.637937,9.794101,8.757341,8.150092,7.396052,6.2785654,5.8754287,0.0,0.0,0.0,0.0,0.0,0.0,0.0,0.0,0.0,0.0,0.0,17.419075,16.384317,16.571285,15.408344,14.186548,12.612861,10.78206,9.4829855,9.116551,11.080909,10.929099,8.163219,9.043361,9.317773,10.142685,9.497088,8.437095,9.65139,11.077813,11.656945,10.786946,12.066274,10.874256,8.8317795,7.21886,6.500209,0.0,-3.1391442,-3.112164,-3.1321504,3.055101,2.8553803,2.774052,2.6802688,2.7017372,2.3918488,2.3942337,2.3075905,2.090797,2.0197718,1.1409744,0.39479113,0.11954472,0.080352,-0.017897883,0.07857747,0.06512518,0.0008967992,0.049867887,0.19221225,0.010385442,0.20124614,0.13970888,0.0,0.0,0.0,0.0,0.0,0.0,0.0,0.0,0.0,0.0,0.0,-2.3955302,-2.20947,-2.2303,-2.1041236,-2.002994,-2.0126083,-1.9391347,-1.9791363,-2.096753,-2.150413,-2.3366113,-2.563558,-2.5965533,-2.6141274,-2.6388052,-2.6303952,-2.7054281,-2.6152842,-2.6048868,-2.5857189,-2.5922697,-2.6037507,-2.6104681,-2.6715662,-2.7652237,-2.7447095
35,1760879469.7227278,COMBINED,Walking,68.5,0.0,9.691234,13.899501,15.607611,15.140576,16.253965,16.950897,15.794012,14.350292,11.927159,10.410372,7.438752,5.3696446,1.84895,1.9124763,4.527755,7.3376174,9.881619,11.527114,12.061252,14.475894,13.654313,13.285437,12.912466,11.031103,9.5366335,7.5179787,0.0,0.0,0.0,0.0,0.0,0.0,0.0,0.0,0.0,0.0,0.0,14.87661,14.564462,14.166769,12.657072,10.724915,9.036946,6.5397143,5.948888,6.393937,7.326175,9.317734,11.788803,13.365439,15.005172,15.963511,16.176043,16.83722,16.46285,17.638714,15.490906,13.281947,11.1382475,9.059211,5.701424,3.8417373,5.404893,0.0,2.0565145,2.1477692,2.0382864,2.097084,2.0621526,2.0704253,2.0758686,2.065995,2.1451886,2.1949968,2.2361853,2.3548374,2.6712315,-2.1818826,-1.0831542,-1.0692899,-1.0517837,-0.9658546,-0.7723293,-0.61918896,-0.500727,-0.34588793,-0.359557,-0.0028155688,0.049851015,0.49934673,0.0,0.0,0.0,0.0,0.0,0.0,0.0,0.0,0.0,0.0,0.0,0.3499819,0.4743364,0.56469077,0.5962352,0.6594151,0.6629127,0.47657177,0.13141398,-0.40955284,-0.69689804,-0.8676301,-1.0529099,-1.0942546,-1.169614,-1.1373305,-1.2583218,-1.2618272,-1.3286468,-1.3136798,-1.4049815,-1.3993063,-1.4806347,-1.6055229,-1.8900983,-2.801926,2.7256248
36,1760879469.8547494,COMBINED,Walking,68.5,0.0,2.3833578,2.3973732,6.102896,8.323583,8.279966,6.8187175,8.91123,7.8605175,8.438512,7.873432,6.756782,5.5938435,4.705744,4.3987646,2.610972,1.0288192,1.0520774,3.1714141,7.055218,9.343872,10.112372,11.112915,12.095617,10.997553,9.982444,9.307435,0.0,0.0,0.0,0.0,0.0,0.0,0.0,0.0,0.0,0.0,0.0,6.1449785,6.2927465,6.519336,6.930963,7.5402126,8.400857,7.587391,6.15607,7.5554733,7.103769,4.4233117,3.8980446,6.23913,5.2618933,4.846159,5.727467,4.6258445,5.766804,8.158616,9.048141,9.224143,9.716816,8.581321,7.881354,9.065241,7.2969255,0.0,-2.644363,-1.051376,-0.73949707,-0.7412075,-0.79535645,-0.77799094,-0.5365682,-0.546919,-0.6338452,-0.6620535,-0.46346244,-0.23690051,-0.39548728,-0.22211416,-0.15958518,-0.13386104,-2.0226912,-2.380672,-2.579164,-2.558675,-2.382491,-2.3601198,-2.1345112,-1.9338319,-1.6065576,-1.5909407,0.0,0.0,0.0,0.0,0.0,0.0,0.0,0.0,0.0,0.0,0.0,-2.4335198,-2.3997629,-2.3647113,-2.1726174,-2.001582,-1.8431811,-1.7287539,-1.752501,-1.565179,-1.49771,-2.069397,-1.8074529,-1.8150766,-2.3879232,-2.5267694,-2.8462715,-2.9809384,3.1109066,-3.0799778,-3.061915,-3.0635145,-3.0440874,-3.0034685,-3.021773,-2.812623,-2.7892911
37,1760879470.04386,COMBINED,Walking,69.0,0.0,16.655016,11.154064,12.416533,11.578483,8.141777,7.1486197,4.300393,3.274144,2.705304,1.9722775,4.2127285,5.3486943,3.2060318,5.6235743,2.8933384,2.6329417,3.9866853,1.7473228,3.328674,2.6537418,3.7085986,2.2889152,3.4342139,1.0384251,3.507985,1.7349012,0.0,0.0,0.0,0.0,0.0,0.0,0.0,0.0,0.0,0.0,0.0,4.1402683,3.7618203,5.6143436,7.8013043,8.232726,4.472136,6.121894,7.8648314,10.9691515,11.118534,15.980331,15.355951,19.538647,17.719337,16.521782,15.564631,13.566482,12.622521,10.992516,8.659636,6.5766697,4.618019,6.2585835,9.309741,10.006642,7.9671483,0.0,-0.48432568,-0.4067704,-0.38941425,-0.5332705,-1.4731095,-0.5686607,-1.1478443,-1.7910237,-1.5525645,-0.38255277,-1.9639906,-2.3192337,-2.3041048,-2.4480941,-0.45871243,-1.5134506,-1.8909357,-1.486187,-1.8974289,-1.8274969,-1.522699,-0.99348736,-2.0562685,0.15275092,-1.3393134,2.8790348,0.0,0.0,0.0,0.0,0.0,0.0,0.0,0.0,0.0,0.0,0.0,-0.6309391,-0.5337667,0.48742685,0.07986078,0.37298772,1.1071488,1.2180073,1.2807877,1.6819482,1.6376908,1.8915075,1.7917054,2.0145915,2.020165,2.087444,2.0057073,1.9260823,1.9852302,1.9041448,1.7597305,1.7212436,1.083661,0.26010773,-0.06725842,-0.32851863,-0.61245894
38,1760879470.1324086,COMBINED,Walking,71.0,0.0,19.345778,22.830252,16.283524,11.956288,2.953125,0.8905813,5.2905416,9.8816805,11.16128,6.7755847,8.966379,11.64098,11.5077305,12.291829,11.951115,11.21425,10.15198,8.062258,6.5870314,5.0869827,4.506962,2.5619316,3.206244,2.5030823,0.6296879,0.8760168,0.0,0.0,0.0,0.0,0.0,0.0,0.0,0.0,0.0,0.0,0.0,14.67514,18.108934,20.869282,20.046597,23.435518,19.137163,14.780836,13.926875,11.924199,11.722204,9.024914,8.141153,6.0296087,6.0140786,9.569325,5.2068324,6.7419286,4.941161,7.686855,10.586653,11.69785,13.201865,14.07766,15.064441,18.011705,19.912352,0.0,0.44681486,0.5224474,0.4985298,0.48301277,0.6811277,-2.8886027,-1.9754242,-2.239724,-2.2629833,-2.5100942,-2.0271275,-1.9741324,-2.0041997,-1.8883933,-1.7479105,-1.6616622,-1.6267791,-1.4464413,-1.1911714,-0.72108096,-0.5101781,-0.16326097,-0.06241881,0.9083569,2.8242471,1.836652,0.0,0.0,0.0,0.0,0.0,0.0,0.0,0.0,0.0,0.0,0.0,-1.521936,-1.5853078,-1.5687805,-1.5973566,-1.5469636,-1.6125611,-1.7128259,-1.775795,-1.8474278,-1.9257982,-2.0906582,-2.8278573,3.1188152,3.0237384,2.4528506,2.2655346,1.8719802,1.4597383,1.3841292,1.0162265,0.91087145,0.7690755,0.8488551,0.5440302,0.57630706,0.58526576
39,1760879470.2805781,COMBINED,Walking,69.0,0.0,7.071068,10.684914,11.964952,13.691687,14.253438,14.401731,14.578402,15.039128,10.44236,11.217309,7.281604,8.438277,5.4670877,7.6083612,4.9790983,4.068852,5.2095623,4.5009065,3.301265,4.6030645,5.4103293,4.0711136,7.8882103,6.8133717,6.808706,9.954359,0.0,0.0,0.0,0.0,0.0,0.0,0.0,0.0,0.0,0.0,0.0,21.568302,20.13603,16.69292,13.77117,12.1179085,11.198614,10.011396,11.376765,13.643525,14.42992,15.250133,17.541883,17.350336,17.409603,17.111923,15.135941,14.4670315,14.107538,15.629905,14.540899,14.492864,11.903595,10.622657,8.793502,8.253682,8.314874,0.0,-2.3561945,-2.3193681,-2.433442,-2.3482149,-2.4203317,-2.2381268,-2.3670764,-2.0762403,-2.2069535,-1.7215592,-2.1731675,-1.9580264,-1.8892326,-2.315501,-1.1897563,-2.5308666,-2.416083,2.9665246,2.1245453,1.465051,2.1460776,1.9583201,2.3196764,2.4900856,2.8600996,-3.0995538,0.0,0.0,0.0,0.0,0.0,0.0,0.0,0.0,0.0,0.0,0.0,1.1845219,1.2840177,1.4041361,1.1730769,1.1254487,1.1943976,0.7965141,0.26499656,0.38197342,0.09475038,0.1582257,0.16882618,0.03576837,-0.010495095,0.003711118,-0.12390566,-0.2736332,-0.3132103,-0.13386445,-0.464535,-0.5638551,-0.62440056,-0.8017145,-1.1770606,-1.4614697,-1.6913545
40,1760879470.728188,COMBINED,Walking,71.0,0.0,8.703529,11.451128,13.9160595,16.041285,15.855049,17.284916,16.796732,15.355172,11.027276,12.421379,7.9112515,7.1595187,4.750091,3.918147,7.9811897,9.466399,7.5155296,8.580568,7.8067183,5.6624236,2.6329417,1.8432026,2.2045183,5.558283,8.377616,7.5790596,0.0,0.0,0.0,0.0,0.0,0.0,0.0,0.0,0.0,0.0,0.0,6.9463043,6.6409845,9.88303,10.290515,8.354729,7.198475,7.6987185,11.3703785,10.44031,9.464307,9.898987,9.701213,7.86191,6.8099756,8.256237,10.362088,9.825734,8.308221,8.733845,8.8522005,6.424217,4.5178323,2.2494678,1.8422586,3.565893,3.5630667,0.0,-0.93444836,-1.0618871,-1.1109945,-1.0736984,-1.1622084,-1.1084255,-1.099,-1.0845118,-0.9952248,-0.8825114,-0.985205,-0.76479816,-0.68804115,0.18156259,0.83867186,0.6804015,0.72181857,0.8162404,0.73740685,0.84837776,1.628142,2.980774,-2.773367,-2.4911973,-2.3519075,-2.3160589,0.0,0.0,0.0,0.0,0.0,0.0,0.0,0.0,0.0,0.0,0.0,0.5256352,1.4550855,1.7549746,1.9262147,2.169329,2.7469091,2.762788,2.8172023,2.7181625,2.7354019,2.4749627,2.2231045,2.1041763,1.8414251,1.3558033,1.3823279,1.2932432,1.4473394,1.3466408,1.5098889,1.5930896,1.7495757,1.9721441,2.2758133,-2.341991,-1.4944822
41,1760879470.7728155,COMBINED,Walking,71.5,0.0,8.774348,3.7184474,4.9272304,8.927058,10.095419,13.291275,14.161936,15.42633,14.183918,13.429386,13.590329,13.952434,12.189227,11.073614,9.221429,6.953722,4.3011627,7.46689,8.090304,8.958808,7.3957653,5.2525725,4.4078183,6.082762,7.950626,8.309112,0.0,0.0,0.0,0.0,0.0,0.0,0.0,0.0,0.0,0.0,0.0,11.254152,9.076237,8.52302,11.016197,13.442155,14.103747,12.619408,12.710821,11.669301,13.156856,15.221092,16.910519,15.489767,17.490501,15.646344,16.42981,15.835398,16.46205,19.321056,20.608137,20.29931,20.80844,20.329546,18.918116,17.4141,16.21624,0.0,-1.5797185,-2.1047592,2.6943727,2.3661792,2.4708462,2.4102373,2.4090798,2.4080575,2.3747964,2.3232484,2.5121999,2.5309713,2.6040628,2.750879,2.865802,3.057508,-2.5213432,-1.9842492,-2.0455618,-1.9085275,-1.5092946,-1.0730526,-0.5107703,0.16514869,0.65908486,0.92510706,0.0,0.0,0.0,0.0,0.0,0.0,0.0,0.0,0.0,0.0,0.0,1.094534,0.6678156,0.45457545,0.029397564,-0.08427394,-0.018685462,-0.112981975,-0.29105774,-0.47359204,-0.7334214,-0.9108257,-1.0451262,-0.9591903,-1.0259941,-1.0931022,-1.2120802,-1.2374537,-1.2399492,-1.3261592,-1.271406,-1.3516556,-1.3686329,-1.4077471,-1.4109588,-1.4512745,-1.5053403
42,1760879470.905457,COMBINED,Walking,71.5,0.0,21.31079,20.138842,18.730078,14.7957535,14.74558,13.426664,11.913754,6.4609222,3.62454,6.4551244,5.0220866,4.702267,7.401171,5.095519,3.494718,3.7279038,3.9037442,8.35874,9.094305,11.093224,9.098228,7.587869,7.343677,7.708309,2.7159836,13.617657,0.0,0.0,0.0,0.0,0.0,0.0,0.0,0.0,0.0,0.0,0.0,15.4561615,13.792907,12.405975,11.777367,7.3840313,4.259573,3.7980022,1.9134784,2.8414564,5.169363,7.5138793,7.299518,8.052087,9.066071,12.066479,10.779328,11.233742,10.790821,11.714897,12.101171,14.789455,16.668291,19.248327,19.592873,20.802137,21.669352,0.0,-1.9129751,-1.8925298,-1.9311789,-1.8661696,-1.8394002,-1.7716124,-1.6548318,-1.5235708,-1.1407706,-0.2422922,-0.16013397,0.0017467918,-0.28337732,-0.17700848,-0.44998983,-0.8136201,3.021194,3.0951102,-2.931712,-3.051325,-2.9945142,-3.03081,2.3381565,2.9409306,2.691577,-2.9806104,0.0,0.0,0.0,0.0,0.0,0.0,0.0,0.0,0.0,0.0,0.0,1.255834,1.4303769,1.4391098,1.6090864,1.63974,1.8502194,2.0321631,-1.5908166,-1.2343782,-1.099982,-0.7268982,-0.8117698,-0.61558235,-0.7148099,-0.51952976,-0.5593739,-0.57477343,-0.72969425,-0.93660414,-1.0566941,-1.282174,-1.2895297,-1.5188204,-1.5901401,-1.6291147,-1.7165194
43,1760879471.0093226,COMBINED,Walking,72.5,0.0,16.709063,15.958038,17.268923,16.302189,16.284866,16.331522,14.611352,12.738779,9.108835,9.521242,5.3181877,2.7141256,1.7264599,3.0,4.2692657,6.729893,9.311926,8.902778,10.422117,10.445141,11.373758,9.089107,6.3533497,4.008894,4.9256034,5.452829,0.0,0.0,0.0,0.0,0.0,0.0,0.0,0.0,0.0,0.0,0.0,12.30839,8.884448,8.352844,8.766159,9.517621,8.612131,9.753502,12.115244,13.896717,15.132997,17.261486,16.336918,17.777195,17.719187,16.950974,15.906854,15.328924,14.349716,12.856429,11.259993,9.272231,6.717444,5.5717015,2.5763693,2.0356636,4.7575912,0.0,0.7430668,0.79377705,0.7855935,0.73138255,0.7913122,0.8094631,0.81731164,0.86749476,0.81107306,0.52180856,0.84024566,1.1409768,2.6411185,3.1415925,-2.784535,-2.645558,-2.5283267,-2.470908,-2.5228138,-2.323519,-2.442775,-2.52232,-2.5616322,-2.5446978,-3.0777628,2.6228952,0.0,0.0,0.0,0.0,0.0,0.0,0.0,0.0,0.0,0.0,0.0,-1.3769343,-1.4344236,-1.5779376,-1.8385649,-2.1322074,-2.3885903,-2.5994,-2.811507,-2.8932168,-3.007229,-2.9673111,-3.0666,3.1234338,-3.0616782,-3.1169748,-2.9948313,-3.102343,3.138185,-3.0542321,-3.0131116,3.0348725,-2.8545442,-2.7360651,3.0249283,0.64431286,0.5888762
44,1760879471.375723,COMBINED,Walking,74.0,0.0,17.976242,17.653028,11.789497,11.371855,7.8265915,6.052503,5.894243,7.158215,8.062258,6.2806807,6.6244516,8.607387,8.077228,8.6168165,7.615633,8.443269,8.175957,9.585091,11.981652,11.501272,13.929038,12.252179,12.44604,9.685016,8.685015,8.491779,0.0,0.0,0.0,0.0,0.0,0.0,0.0,0.0,0.0,0.0,0.0,19.069794,13.086164,8.202036,6.151876,9.872629,11.854496,11.394908,13.775443,16.475174,14.916076,15.077868,16.890568,15.738304,14.810365,15.057928,12.824911,13.295916,13.92707,14.271819,12.235298,13.167531,13.933942,14.185377,14.7206545,17.009403,17.96829,0.0,-1.8934276,-1.830784,-1.89318,-1.9795086,-2.256897,-3.0724213,-2.9593885,-3.118625,3.0172377,3.09913,3.0632784,-2.7794774,-2.9841692,-2.9073522,-2.893137,-2.6518354,-2.274087,-2.1014705,-1.823872,-1.940374,-1.6509824,-1.6677375,-1.4021803,-1.5146396,-1.4018303,-1.8960979,0.0,0.0,0.0,0.0,0.0,0.0,0.0,0.0,0.0,0.0,0.0,0.1327037,0.057889536,-0.15749195,-0.9036394,-0.8134282,-1.0921826,-1.3389722,-1.2591568,-1.2758614,-1.2408413,-1.312626,-1.245571,-1.2927597,-1.3078713,-1.3643024,-1.3626884,-1.3010353,-1.2945728,-1.2991924,-1.4383779,-1.4932414,-1.6399966,-1.6311282,-1.7230445,-1.7267733,-1.8339919
45,1760879471.4974854,COMBINED,Walking,72.5,0.0,7.1481767,7.500205,7.9390187,8.336914,6.994131,6.2368894,4.440675,1.6900243,3.7594233,4.4631853,6.314042,8.696568,10.092903,11.132645,12.38745,12.982948,11.858626,10.773395,10.312144,8.382395,5.699205,4.0571136,3.2719154,4.1231055,4.7869663,6.154324,0.0,0.0,0.0,0.0,0.0,0.0,0.0,0.0,0.0,0.0,0.0,20.539032,18.059587,16.084526,11.210189,11.139429,10.073278,11.324798,12.01603,12.7493725,13.489391,14.171413,13.750672,12.9782715,13.320566,12.212021,11.312286,10.89427,10.398214,9.8578,8.896232,9.585315,9.06094,8.724385,8.642182,7.3709536,5.703664,0.0,-2.4380834,-2.218399,-1.9723011,-2.0100584,-2.1607814,-2.2750995,-2.6456532,2.6251159,1.3244593,1.3634262,1.0946621,0.9171354,0.7484306,0.67998505,0.55503607,0.54134154,0.4852756,0.3851587,0.392305,0.30678445,0.500557,0.07142686,-0.9131412,-1.815775,-2.056289,-2.3490412,0.0,0.0,0.0,0.0,0.0,0.0,0.0,0.0,0.0,0.0,0.0,1.8948565,2.0514238,2.308415,2.598903,2.8578968,-3.075263,-2.5117881,-2.2801,-2.0555134,-1.9743459,-2.032407,-2.0257733,-2.0411844,-2.201967,-2.2810059,-2.4307673,-2.5253334,-2.5884109,-2.7144089,-2.8874068,3.0906253,2.9511163,3.0148346,2.9712055,-3.0011811,-2.6246
46,1760879471.594612,COMBINED,Walking,75.0,0.0,26.802094,24.754416,22.709574,18.838581,17.080982,14.144373,10.794792,7.8882103,7.2803607,10.927889,12.747065,14.082777,13.950741,14.084031,14.305945,15.098861,12.990839,13.52638,12.534848,12.670545,11.518906,9.678866,7.6020346,4.8594627,3.2662725,4.0469775,0.0,0.0,0.0,0.0,0.0,0.0,0.0,0.0,0.0,0.0,0.0,10.665166,10.707617,11.219447,11.429709,11.934063,12.537769,12.575112,12.667031,15.121711,14.678205,15.791648,14.93686,15.73864,14.551613,12.9711,9.985246,7.0738688,4.2428737,0.94464403,5.0007896,9.925054,13.783505,18.36685,22.033276,24.608437,24.544233,0.0,-1.2676923,-1.2139841,-1.2913846,-1.3915912,-1.4824442,-1.6012795,-1.7609017,-2.3927126,-3.0700178,2.6498547,2.430364,2.3304827,2.1481037,2.0403671,1.898023,1.8022846,1.7806259,1.606454,1.6159791,1.6051252,1.588593,1.6444505,1.4320772,1.266671,1.05371,0.35291582,0.0,0.0,0.0,0.0,0.0,0.0,0.0,0.0,0.0,0.0,0.0,-1.0231857,-0.7853982,-0.3390229,-0.21596381,0.16838206,0.4606964,0.76114184,1.144653,1.2801297,1.4625436,1.5973408,1.7439014,1.7988745,1.7980144,1.7967266,1.8759537,1.7154385,1.6622359,1.3881556,-1.2697741,-1.2035083,-1.1334393,-1.1889209,-1.1776285,-1.2440766,-1.2178341
47,1760879471.6936631,COMBINED,Walking,75.5,0.0,6.917865,8.502482,9.2651,9.346692,10.577818,11.900947,7.989056,5.828139,1.8882513,4.964471,11.521372,16.124516,12.154648,13.677958,15.680227,14.560609,12.505947,11.537491,12.044127,14.065315,9.3137665,9.976666,8.7000675,10.082854,14.869646,18.058527,0.0,0.0,0.0,0.0,0.0,0.0,0.0,0.0,0.0,0.0,0.0,18.495955,17.528,16.381506,19.782684,15.669418,12.926407,10.955811,6.849381,6.140025,7.7641993,8.456128,9.2382765,9.941739,10.432695,11.435173,11.188701,10.734243,10.546593,11.640427,9.015996,10.926654,10.342512,11.906092,11.575964,11.255056,9.724846,0.0,-2.411386,3.0936215,2.931052,2.815667,2.5539474,2.284438,2.4370832,2.1281526,0.02800414,-0.99252325,-0.82295173,-1.0516502,-1.129141,-1.1033652,-1.2189713,-1.2500159,-1.2255986,-1.1597159,-0.81622696,-0.7664162,-0.5765716,-0.48505566,0.11824124,0.7163828,0.9663167,1.0612935,0.0,0.0,0.0,0.0,0.0,0.0,0.0,0.0,0.0,0.0,0.0,2.7273135,2.7088861,2.6789327,2.6977031,2.5732977,2.7113378,2.7084155,-3.0384812,-2.7555597,-1.7931201,-1.7484028,-1.9212623,-1.7684938,-1.7656016,-1.8639019,-1.8514193,-1.9403508,-1.9068874,-2.0253475,-1.9082241,-1.730485,-1.6883323,-1.6084232,-1.6394616,-1.7658516,-1.9997342
48,1760879471.98395,COMBINED,Walking,73.0,0.0,17.788738,14.181662,14.188624,10.844769,8.002343,3.4722314,3.57659,8.052693,8.621389,7.8915734,11.966147,12.427034,11.289315,9.962226,8.616496,6.9150467,5.4010897,3.567023,3.5744872,3.2240794,7.870767,9.850066,15.645679,16.254679,16.58854,16.281218,0.0,0.0,0.0,0.0,0.0,0.0,0.0,0.0,0.0,0.0,0.0,16.251009,12.633069,10.596389,9.119976,7.486015,7.513109,8.175064,9.856668,11.21019,11.001569,10.381794,9.5264635,9.511158,7.646792,7.2652774,4.486942,3.7757776,4.0918756,5.252421,9.202208,11.69985,14.1926565,15.305352,17.250036,18.074392,18.531849,0.0,2.616825,2.664139,2.961773,2.8286486,3.0163016,3.1091387,-1.0632597,-0.93976045,-0.9838855,-0.6657322,-0.94593656,-0.80298525,-0.732337,-0.58484805,-0.4230384,-0.39539036,0.20031098,0.77628267,1.056434,2.532432,-3.111869,-2.9839888,-2.7416446,-2.726807,-2.6242683,-2.4822576,0.0,0.0,0.0,0.0,0.0,0.0,0.0,0.0,0.0,0.0,0.0,1.4036492,1.6037755,2.0053515,2.2446365,2.8241997,-2.9877567,-2.3015025,-2.1859655,-1.9554018,-1.7930659,-1.6936612,-1.6517966,-1.6546437,-1.5722588,-1.6943032,-1.811914,-2.7275617,2.534492,2.0605717,2.0632353,2.0746458,2.0940776,2.1564703,2.224572,2.3140328,2.352631
49,1760879472.063987,COMBINED,Walking,71.5,0.0,14.592724,11.150405,10.497718,6.364484,3.8955681,5.6358147,10.30648,12.485488,12.481178,14.252428,15.121711,14.516147,16.12176,15.637505,14.516224,14.087943,11.39554,10.150965,9.597253,6.302863,3.2313051,4.733711,11.14766,14.569216,13.167898,12.587674,0.0,0.0,0.0,0.0,0.0,0.0,0.0,0.0,0.0,0.0,0.0,1.0,1.2207915,3.9005167,4.1252623,4.8818407,4.765254,5.5783105,5.896408,5.71682,4.8828063,4.4779186,4.2637906,3.8095849,4.723706,5.1638846,6.0842857,7.8643413,9.842384,9.619252,10.099837,10.139933,11.513268,12.561661,14.608198,15.479309,14.547042,0.0,-2.7197063,-2.7372472,-2.5920339,-2.884072,2.618952,1.6594129,1.2625607,1.2400753,1.2942166,1.3637035,1.2801297,1.4061357,1.4179591,1.5427886,1.5814104,1.8050966,1.7827125,1.8219589,2.1428468,1.9744855,0.3263513,0.59108007,0.14855765,0.25658885,0.31887177,0.38850042,0.0,0.0,0.0,0.0,0.0,0.0,0.0,0.0,0.0,0.0,0.0,1.5707964,-0.28492412,-0.63070726,-0.37557238,0.05103382,0.2822432,0.306103,0.37758052,0.52135277,0.52087504,1.078735,1.4681625,1.1490493,2.0383427,2.3605921,2.41287,2.5086844,2.4573424,2.5792177,2.7232475,3.012491,3.087751,-3.0565052,-2.9041996,-2.846895,-2.7930253
50,1760879472.1668477,COMBINED,Walking,71.5,0.0,6.444869,8.879703,11.588003,13.329279,15.703045,16.186083,15.913941,15.018842,14.39695,12.9782715,10.982936,8.117156,6.155512,3.7401788,1.3743685,4.7617993,7.1280017,10.352176,12.125527,12.423141,14.080235,14.678105,14.048901,13.527052,12.308241,9.976666,0.0,0.0,0.0,0.0,0.0,0.0,0.0,0.0,0.0,0.0,0.0,1.8728281,0.54199487,0.0,1.2063642,1.84895,0.83603525,1.363933,2.777829,2.4939952,4.500906,3.7113202,5.2865367,6.525978,7.8288283,8.738742,9.916155,10.7200775,11.140331,12.4644785,12.623528,11.429549,11.900214,10.58347,8.14077,6.836578,4.9708695,0.0,2.514815,2.4321637,2.1227891,2.031326,1.9340235,1.9158844,2.0388532,1.9930766,1.9654797,2.0411844,2.0846732,2.1320674,2.4342396,2.6342297,-1.815775,-1.4358255,-1.2024213,-1.1287438,-0.8807214,-0.6924315,-0.5744011,-0.41852978,-0.21364628,0.10307497,0.2028577,0.48505566,0.0,0.0,0.0,0.0,0.0,0.0,0.0,0.0,0.0,0.0,0.0,-2.385367,-2.9241474,0.0,2.469856,2.0411575,2.069073,-2.8149068,-2.4535792,-2.600565,-2.3230236,-1.8705438,-1.9015472,-1.9750344,-2.0674953,-1.8199987,-1.8754996,-1.7947154,-1.9425958,-1.8735051,-1.9169618,-2.0186982,-1.9979708,-2.2517834,-2.2752328,-2.6103644,-2.943895
51,1760879472.2756224,COMBINED,Walking,71.5,0.0,10.283374,5.767444,7.7690697,9.409325,14.302787,16.171967,17.11997,14.756593,13.000219,12.684626,12.737239,11.133147,12.658988,11.8250475,11.785006,5.414442,2.6161895,1.9837761,7.7708673,10.164133,10.924398,11.157676,10.97718,11.447956,11.714645,11.594548,0.0,0.0,0.0,0.0,0.0,0.0,0.0,0.0,0.0,0.0,0.0,8.710774,9.031783,8.615943,9.466966,10.643956,11.446508,10.3944845,11.843745,9.8816805,9.704401,8.172882,7.2085013,7.6011243,9.464034,11.115813,12.211981,12.8439455,13.445898,15.368376,16.3018,15.987505,16.636751,18.123053,18.963415,20.735086,17.670198,0.0,0.58466685,-0.18274167,-1.0703223,-1.2478943,-1.4652364,-1.5079437,-1.5016665,-1.5103171,-1.5399308,-1.5360217,-1.4823594,-1.4934787,-1.4121411,-1.470215,-1.2930921,-1.3575464,-1.5979643,2.4242265,2.2237043,2.216604,2.2982376,2.3786986,2.4936345,2.6431937,2.7904944,2.8569446,0.0,0.0,0.0,0.0,0.0,0.0,0.0,0.0,0.0,0.0,0.0,1.709336,1.8951247,1.8961672,2.2572303,1.9613922,2.143822,2.0992794,2.296456,2.239724,2.1304379,1.985874,1.7503415,1.4349815,1.1368867,0.9403131,0.8967,0.8938211,0.8684464,0.85389715,0.8239575,0.8120154,0.87980926,0.83225816,0.8639632,0.8269561,0.7985677
52,1760879472.3744075,COMBINED,Walking,70.5,0.0,5.232744,5.237597,6.0547314,7.2408657,7.9226384,6.567544,6.567544,6.65331,4.712009,4.6252456,3.5115974,2.90531,2.368025,3.649759,4.4859962,3.730583,2.236068,3.169403,3.5716867,4.6280184,4.6238384,4.383272,4.3430376,3.442004,4.161935,2.3345542,0.0,0.0,0.0,0.0,0.0,0.0,0.0,0.0,0.0,0.0,0.0,8.15519,7.2804537,9.04296,9.070191,9.774943,12.145633,12.799647,10.850561,10.591778,7.4395256,5.0342455,3.311491,0.79553574,1.3539716,5.363638,6.217194,6.217194,9.330579,7.931954,7.931954,8.79556,5.7577395,3.6764967,1.7479017,1.0223691,4.367745,0.0,-0.24415196,-0.48298106,-0.78669816,-0.5362266,-0.45508987,-0.5097741,-0.5097741,-0.62517273,-0.7465873,-0.81666356,-1.2724819,-1.3983792,-1.5924224,-2.3298228,-2.3831403,-2.8603497,-2.6779451,-2.7833989,-2.4922512,-2.539134,-2.322011,-2.2011535,-1.8664033,-1.6325,-1.4076833,-1.5581952,0.0,0.0,0.0,0.0,0.0,0.0,0.0,0.0,0.0,0.0,0.0,-2.228773,-2.1607037,-2.4201567,-2.3205504,-2.0940619,-2.090169,-1.8446572,-1.7294517,-1.6958274,-1.6100518,-1.5899265,-1.5051014,-2.1012068,2.1916032,2.001355,1.994481,1.994481,1.9877344,1.9648738,1.9648738,1.9478725,1.913032,1.7886953,1.4306066,-0.11886693,-0.98993117
53,1760879472.671094,COMBINED,Walking,71.0,0.0,3.234344,8.46577,10.546032,11.051935,12.119143,13.828259,13.489243,13.445192,12.005376,11.562657,12.119732,10.877571,9.6601095,7.8784065,6.352886,4.7611313,1.8076231,4.169998,6.28748,8.567209,9.517621,11.313708,12.143416,13.257629,12.999408,11.880374,0.0,0.0,0.0,0.0,0.0,0.0,0.0,0.0,0.0,0.0,0.0,14.193176,12.230752,8.979477,8.979477,6.3774905,6.150131,4.5364647,4.8237658,5.301377,6.000062,5.483494,5.497499,6.272804,6.0035005,7.1103935,7.94932,8.030281,9.552088,9.752725,10.19738,9.527543,8.329502,6.7749705,6.365656,4.421911,5.661877,0.0,2.128078,2.4398174,2.2317204,2.2652009,2.3700013,2.4109225,2.5243278,2.7526104,2.838027,3.0279007,3.0451431,-3.0281959,-2.8803256,-2.6353128,-2.490842,-2.0776029,-1.0191665,0.03997869,0.06034238,0.35285035,0.561411,0.7853982,0.92761755,1.0790167,1.2488441,1.4972339,0.0,0.0,0.0,0.0,0.0,0.0,0.0,0.0,0.0,0.0,0.0,0.7202534,0.69812894,0.77539164,0.77539164,0.31408498,0.35724267,0.09795314,-0.45784315,-0.3489735,-0.4975593,-0.9002656,-0.88845944,-1.0457678,-1.3398042,-1.5213726,-1.6572062,-1.745127,-1.8312508,-1.7529509,-1.6406584,-1.6177993,-1.399764,-1.4368514,-1.1887206,-1.0717522,-0.558435
54,1760879472.859525,COMBINED,Walking,69.5,0.0,8.904478,10.270548,9.700593,9.549598,8.559123,6.822053,9.163467,9.654914,10.420585,11.313228,10.002542,8.225344,9.046246,8.35119,6.8385777,3.282011,3.428907,4.5195575,6.1463623,6.9180927,8.118866,8.161313,9.113118,7.500479,7.8657928,6.1880817,0.0,0.0,0.0,0.0,0.0,0.0,0.0,0.0,0.0,0.0,0.0,11.163456,11.48874,11.222179,11.742105,12.73458,13.106444,13.578227,15.5899315,14.554448,10.354693,7.2750955,4.1813197,4.138835,4.4053707,8.574003,8.59919,11.369687,11.453283,12.487031,10.054202,7.6580706,6.2269983,5.6538935,6.1115227,6.5564575,7.52242,0.0,-2.8604143,-2.88705,-3.0694792,3.0402975,2.8396714,2.556039,2.258187,1.8833797,1.7175306,1.6939439,1.7542758,1.6842239,1.6046238,1.386997,1.3287388,1.099555,0.39038303,0.028245196,-0.21866895,-0.34839115,0.005621591,-0.09478118,-0.049594633,0.1601102,0.13262828,0.3506468,0.0,0.0,0.0,0.0,0.0,0.0,0.0,0.0,0.0,0.0,0.0,1.2895368,1.2641821,1.2473179,1.2503159,1.2727566,1.2953534,1.2717706,1.4329569,1.2447453,1.3201308,1.0271804,0.8591208,0.19621208,-0.097543955,-0.78037024,-0.9357401,-0.8703678,-0.9329921,-0.85629106,-0.9613553,-1.1619211,-1.5183631,-2.314366,-2.6696823,-2.4629147,-2.8385594
55,1760879472.9672842,COMBINED,Walking,71.0,0.0,14.221123,11.747651,9.053861,3.6013486,2.5934627,5.131625,12.572699,17.019815,14.678671,14.062651,15.291895,13.462377,12.526484,13.66514,13.125744,12.955395,12.505947,11.029627,10.491597,9.974126,9.018342,7.4331684,5.8442144,6.1172495,4.2857857,3.599479,0.0,0.0,0.0,0.0,0.0,0.0,0.0,0.0,0.0,0.0,0.0,5.5728803,3.730583,5.1230025,4.610124,6.524541,7.4443655,8.904956,10.453595,12.063973,12.738349,13.879661,13.901813,13.625057,12.249906,10.3944845,8.586264,6.808968,3.6152463,3.5886424,0.0,2.4046888,3.2654653,5.9994464,9.297271,12.307528,12.2196045,0.0,0.9654295,0.9874876,1.0020503,0.77583444,-1.5547588,-1.5538884,-1.9476241,-1.8894302,-1.9941132,-1.938894,-1.9392945,-1.9233309,-1.9242648,-1.9388459,-1.8820534,-1.912942,-1.915994,-1.9619657,-1.8361055,-1.8935683,-1.9277374,-2.0517457,-2.1621919,-2.2497215,-2.1904478,-2.8145072,0.0,0.0,0.0,0.0,0.0,0.0,0.0,0.0,0.0,0.0,0.0,2.0452654,1.8520392,1.8395705,2.4387891,2.2510254,2.7064986,2.816979,3.0979724,-2.9881124,-2.8138528,-2.786822,-2.7137966,-2.6313107,-2.6609502,-2.6131096,-2.688281,-2.5290947,-2.5899627,-2.0525727,0.0,0.9190884,0.68070793,0.5526317,0.6898159,0.8446772,0.8788949
56,1760879473.0623856,COMBINED,Walking,70.5,0.0,14.693774,16.463112,16.499884,16.358952,15.717039,15.586808,14.410352,14.390001,13.624884,12.48553,13.552102,15.341363,15.28464,11.384698,8.673372,4.6534243,3.0559201,3.8570125,5.6823626,7.80158,8.540132,9.856315,8.861188,8.088993,8.481841,5.8792667,0.0,0.0,0.0,0.0,0.0,0.0,0.0,0.0,0.0,0.0,0.0,23.715405,23.600718,20.138805,18.575455,15.39407,16.40205,13.209473,14.565981,12.003658,12.766699,11.941494,11.206961,10.732338,10.573324,10.299526,10.4911375,9.324199,9.714825,9.397949,8.635578,8.61369,8.236539,8.08406,9.081894,10.46541,11.14271,0.0,-2.2181294,-2.1582613,-2.1836596,-2.1449282,-2.099481,-2.0811188,-2.0286703,-1.9809495,-1.9564567,-2.0720854,-1.9486716,-1.8903376,-1.8706421,-1.8839985,-1.9315059,-2.0611265,2.9220686,2.4173427,2.3081374,2.3819625,2.600534,2.7377393,2.849746,3.041983,-3.086285,-2.6886504,0.0,0.0,0.0,0.0,0.0,0.0,0.0,0.0,0.0,0.0,0.0,-2.609024,-2.5053048,-2.4610631,-2.4910953,-2.4916866,-2.6352065,-2.6085875,-2.615758,-2.4645028,-2.4060004,-2.1903846,-1.9396183,-1.7903911,-1.4698524,-1.3290377,-1.2636013,-1.0313292,-1.0122972,-1.1525346,-1.0780994,-1.2463069,-1.3943642,-1.5440885,-1.624027,-1.8239369,-1.9379702
57,1760879473.1612604,COMBINED,Walking,65.0,0.0,5.786656,6.578262,5.5867124,5.207947,5.8661766,5.0204253,5.069545,3.9146242,3.0,4.583426,5.6808114,7.2542696,7.1261334,8.227322,8.684183,9.734347,8.775364,8.381584,7.861253,6.269304,5.2235837,4.2409205,4.414224,7.0750303,8.945686,11.638775,0.0,0.0,0.0,0.0,0.0,0.0,0.0,0.0,0.0,0.0,0.0,4.4424276,4.4574313,4.2926207,8.225101,13.044508,13.879632,16.147243,18.74651,18.855967,20.140436,19.679367,19.061024,17.981394,15.916839,13.744921,11.127926,9.015217,5.656854,6.8883605,7.2723255,6.1703024,5.673864,5.7628613,6.1873384,6.57619,6.443994,0.0,2.0761676,1.7970158,1.7565104,1.4577745,1.2602177,1.2778533,1.4265345,1.7835027,1.5707964,1.603306,1.5396965,1.5119584,1.6471105,1.6802968,1.688829,1.7419199,1.7532839,1.8719281,2.0770278,2.0859485,2.6037593,-3.086285,-2.5170758,-2.1217833,-1.8620636,-1.6258682,0.0,0.0,0.0,0.0,0.0,0.0,0.0,0.0,0.0,0.0,0.0,-2.2316296,-0.6364116,0.035490192,0.24264297,0.10393931,0.21929763,0.13514952,0.16484974,0.13656174,0.16945867,0.109938264,0.03905365,-0.033650134,-0.11416621,-0.22387041,-0.39423856,-0.41668797,-0.7853982,-1.4004468,-1.8255101,-2.0998921,-2.458962,-2.9763308,3.0790634,2.6615636,2.5109189
58,1760879473.2361555,COMBINED,Walking,64.0,0.0,17.103073,15.119485,15.610017,15.386731,14.634227,12.6707325,9.574049,7.4401903,7.158215,7.488184,10.747157,10.329228,11.080909,7.7222695,4.9693975,4.9693975,6.7608585,8.70249,11.4684725,12.494276,11.760052,9.953825,8.654642,7.282312,6.7854986,5.387439,0.0,0.0,0.0,0.0,0.0,0.0,0.0,0.0,0.0,0.0,0.0,9.329713,8.992979,10.597564,11.500452,11.874889,11.777367,10.9025135,8.312292,5.731823,5.147815,7.3678484,9.805441,11.897942,14.52842,14.882626,13.248583,10.185574,8.915295,10.296116,12.73742,14.81627,17.313951,18.747818,18.640713,18.97667,17.18233,0.0,-1.1395569,-1.0568627,-1.0336784,-0.97249186,-0.9867429,-0.9631862,-0.70600957,-0.3768974,0.02296772,0.2182258,0.5584987,0.588393,0.5796167,0.7213437,1.1624609,1.9791317,2.5682328,2.7896428,2.9500988,3.095045,-2.9870703,-2.9606445,-2.8143735,-2.8552074,-2.941274,-3.0191388,0.0,0.0,0.0,0.0,0.0,0.0,0.0,0.0,0.0,0.0,0.0,2.2314446,2.5232358,2.8436985,3.0152957,3.1282544,-3.1033027,3.1195729,2.9924672,2.623988,2.077895,1.4487928,1.1894975,1.1057193,1.0429573,0.9744503,0.8889599,0.6749461,0.28381994,-0.19549084,-0.5451965,-0.7305968,-0.8719751,-0.9350144,-0.98170054,-1.0766655,-1.1263665
59,1760879473.3717136,COMBINED,Walking,72.5,0.0,19.280865,18.047749,16.397593,15.355437,12.278043,10.5496,8.6515665,7.108363,8.221948,8.993571,13.838519,13.785784,15.382609,18.457767,17.315395,15.90518,16.279753,14.556561,12.5253315,10.714722,9.280255,9.057935,7.0256395,2.7137184,7.772655,7.8092113,0.0,0.0,0.0,0.0,0.0,0.0,0.0,0.0,0.0,0.0,0.0,18.015163,18.181038,15.306378,11.177149,7.214426,5.2997584,5.8156343,9.617435,12.099104,12.213614,14.153447,13.105525,13.208628,10.856098,9.293153,6.5015388,6.799669,6.655712,5.7045197,6.636384,8.5945015,11.742817,14.978421,16.841965,17.549597,18.553795,0.0,-1.1035182,-0.99658394,-1.1273824,-1.2222505,-1.3453848,-1.4685925,-1.7697383,-2.266187,-2.7914293,-2.7335997,-3.0591965,2.9380152,3.0553234,3.1101933,3.0587945,-3.1151786,-3.080128,-3.0701632,3.1058135,-2.891209,-2.9940677,-2.8971226,-3.0561335,2.8278575,2.5787575,1.5941995,0.0,0.0,0.0,0.0,0.0,0.0,0.0,0.0,0.0,0.0,0.0,-2.7554734,-2.6216166,-2.6229134,-2.4264557,-2.654644,2.917216,2.3761456,2.0759563,2.105841,2.2285779,2.231201,2.327782,2.2882764,2.3992887,2.4915283,2.7553427,-3.0299792,-2.63079,-2.4415545,-1.6731149,-1.40927,-1.0933788,-1.0292941,-1.0266377,-1.1171468,-1.007774
60,1760879473.457984,COMBINED,Walking,71.0,0.0,18.055876,17.250677,17.670837,14.577202,13.408302,13.941035,15.59013,16.813734,20.365896,23.793959,18.743435,15.635501,9.635242,6.6948204,1.5670455,5.098611,5.7405825,12.926892,12.4274,9.6752405,10.929052,10.18848,11.111503,10.835548,9.817939,13.938486,0.0,0.0,0.0,0.0,0.0,0.0,0.0,0.0,0.0,0.0,0.0,9.880459,8.570581,9.811146,9.598176,10.877456,12.08069,14.078381,15.085373,15.642376,16.045301,16.65178,16.613407,16.708647,15.118379,13.680453,12.082153,11.090523,9.752343,11.55315,10.326204,9.511158,7.900613,4.9799333,4.153836,6.308917,7.8035755,0.0,0.8681544,0.9676772,1.0235474,1.0486741,1.1421311,1.212582,1.3526292,1.3781822,1.4320313,1.4488821,1.5030395,1.5266093,1.5177377,1.6338029,-2.9769683,-1.7610499,-1.4752601,-1.5507233,-1.4091587,-1.2131047,-0.96754104,-0.5577573,-0.45211956,0.022224233,-0.2782129,0.13543004,0.0,0.0,0.0,0.0,0.0,0.0,0.0,0.0,0.0,0.0,0.0,-2.4880354,-2.7516007,-2.9319024,-3.064861,3.0887215,3.122122,-3.0818822,-3.096793,-3.1237078,-3.0210834,-3.0467496,-2.9620273,-3.0221307,-2.998864,-2.9243517,-3.128173,-3.1334634,3.0536113,-3.075421,-3.118105,3.0577452,3.0190802,2.6389782,1.9548274,1.4664692,1.1574795
61,1760879473.5432034,COMBINED,Walking,70.0,0.0,4.0509796,3.8577306,3.8577306,4.036508,4.8371825,5.3597565,5.964078,5.628638,7.2571025,8.72182,7.492669,7.087534,7.774417,10.81293,11.8250475,15.358076,14.768407,13.551083,11.35723,10.126515,7.386289,4.434288,4.302157,5.820072,6.280442,6.088826,0.0,0.0,0.0,0.0,0.0,0.0,0.0,0.0,0.0,0.0,0.0,12.13425,12.35536,11.653152,10.493841,8.281698,8.937798,6.771749,3.6588917,1.8182654,4.1365576,8.85736,11.714689,14.985056,15.236161,16.140762,18.90015,16.681057,16.681057,16.180529,14.389981,12.510003,9.976666,6.8337507,5.5913687,5.2213387,6.0892105,0.0,-0.46336788,-0.31406894,-0.31406894,-0.54845256,-0.8772985,-1.377624,-1.3211397,-1.294578,-1.577911,-1.737856,-1.588565,-1.5420241,-1.5045412,-1.4258157,-1.470215,-1.412129,-1.3113663,-1.3334389,-1.3561376,-1.4029881,-1.4594889,-2.0611205,-2.2023885,-2.5982287,-2.5040355,-2.5029504,0.0,0.0,0.0,0.0,0.0,0.0,0.0,0.0,0.0,0.0,0.0,0.5776362,0.81458044,1.0978096,1.3248801,1.3692665,1.6970091,1.8426943,1.693323,1.0568348,-0.29458264,-0.53666484,-0.54455304,-0.48474625,-0.43443692,-0.41462722,-0.40734863,-0.39885703,-0.39885703,-0.3747647,-0.41123113,-0.4251372,-0.48505566,-0.4385919,-0.19054186,-0.280145,0.028493362
62,1760879473.626505,COMBINED,Walking,59.5,0.0,11.91116,11.221477,12.905887,15.057387,13.486946,12.156386,9.601906,14.637976,7.105477,7.297694,7.1135135,7.1281075,10.854265,11.8773575,11.852068,13.12061,12.911579,12.809421,15.664006,14.127366,14.319196,11.731601,13.407632,9.690233,10.598819,9.491574,0.0,0.0,0.0,0.0,0.0,0.0,0.0,0.0,0.0,0.0,0.0,7.897886,6.0454216,7.2213984,4.757715,5.96933,4.545321,9.667708,5.357977,6.271226,5.306081,1.1184664,1.805181,2.6313705,5.242327,9.352103,3.849368,8.977743,4.0592694,3.1439486,9.758835,8.18989,8.449943,10.556001,9.753417,9.469704,10.211737,0.0,-2.4748745,-2.267019,-2.1820865,-2.246505,-1.7845637,-2.0624232,-1.9080406,-1.7596372,-2.4041939,-1.9425405,-2.4330766,-3.0393858,2.7823155,2.8221173,2.9471562,2.9253588,2.9641883,3.0087552,3.083578,-3.059431,3.0716994,-2.9581985,-2.8299594,-2.792368,-2.798769,-3.03604,0.0,0.0,0.0,0.0,0.0,0.0,0.0,0.0,0.0,0.0,0.0,-2.9126832,-2.404609,-1.3225359,-1.2062191,-0.7601989,-1.0090853,-0.19807498,-0.47664008,-0.20415916,-0.033450924,-1.0911335,0.2407211,-0.7509616,-2.34921,-2.5153615,-1.8914075,-2.3954165,-2.2653966,-1.8866998,-2.4569337,-2.5019457,-2.4545693,-2.8102417,-2.72338,-2.686171,-2.48302
63,1760879473.802451,COMBINED,Walking,54.0,0.0,13.618696,13.939895,12.905176,13.052738,11.736837,14.0827465,14.68851,15.122,13.092415,14.581276,14.640616,14.191352,13.0941105,12.858197,12.649326,11.897776,11.432662,9.403334,7.3985205,6.7314563,6.3683248,6.607649,7.222891,7.4622383,7.164091,7.461043,0.0,0.0,0.0,0.0,0.0,0.0,0.0,0.0,0.0,0.0,0.0,2.139142,4.6719303,4.7232203,7.165114,5.5102,5.1398177,4.1211452,2.5045779,3.571596,6.012164,9.735911,11.3731785,11.083819,9.403752,9.772004,10.5815325,11.280261,12.369384,14.460719,13.386126,12.667137,12.970145,12.063735,10.313263,9.856181,11.635004,0.0,2.0192251,1.9573677,1.9151429,1.8027064,1.6561016,1.6088852,1.5026633,1.4769692,1.4519104,1.4704974,1.4358128,1.4494693,1.4625956,1.4528854,1.3996115,1.4393823,1.3949542,1.4196383,1.1569421,1.0240074,0.7483781,0.64544713,0.7711739,0.77990234,0.9467223,1.2717012,0.0,0.0,0.0,0.0,0.0,0.0,0.0,0.0,0.0,0.0,0.0,-2.2629812,-1.547722,-1.3881556,-1.0446928,-0.9117142,-0.62450016,-0.3321565,0.6780136,1.5183334,2.062686,2.2646766,2.368169,2.471286,2.843571,2.7892184,-3.1400523,-2.9919174,-3.085035,-2.930639,-3.0052755,-2.9584682,-2.9401262,3.0919237,2.7266233,2.5452144,2.2026384
64,1760879473.8501463,COMBINED,Walking,66.0,0.0,7.896532,8.05998,10.412017,9.378872,8.217135,7.8209863,8.6586685,7.065295,6.52817,6.10334,5.3449917,4.682124,5.1738234,3.6513789,4.596194,3.4923854,1.1348822,1.8830339,4.214459,4.6502686,5.1738234,4.5209823,6.140025,6.803361,6.2713275,7.3744645,0.0,0.0,0.0,0.0,0.0,0.0,0.0,0.0,0.0,0.0,0.0,5.9898005,4.0388865,2.6364522,1.6041504,2.412784,2.975352,4.93198,5.45423,4.88184,5.4517527,8.170526,12.519427,10.13909,10.066162,8.967989,8.763813,6.5124817,4.4774623,4.609818,5.181898,4.9104257,7.332318,7.0876384,6.2501717,6.2435427,4.8567114,0.0,1.1362691,1.4341764,1.4104788,1.4807267,1.6028985,1.6865859,1.9589086,2.1390193,2.2361732,2.5284092,2.3649008,2.83854,-3.1323488,3.0794373,-2.7509856,-2.6545417,-1.9464893,-1.7623879,-0.6687872,-0.63274884,-0.009243982,0.185822,0.38603288,0.5125432,1.0497249,1.0329609,0.0,0.0,0.0,0.0,0.0,0.0,0.0,0.0,0.0,0.0,0.0,-1.8463869,-1.5200795,-1.0986302,-0.4185436,1.069534,1.4976667,1.7325146,1.8496782,2.2653313,2.7886994,3.0453806,-3.1057076,-2.997331,-2.9415762,-2.8333185,-2.848935,-2.5327842,-2.0970767,-1.7869469,-1.1960676,-0.9607967,-0.6740144,-0.48549876,-0.40714228,-0.4097487,-0.29992586
65,1760879473.9187515,COMBINED,Walking,65.5,0.0,15.026622,16.668074,15.185514,16.091345,14.773159,14.519928,14.753936,14.623723,12.11958,11.69785,11.01615,10.976474,8.674352,5.898103,3.1340714,1.1227031,3.0109398,3.5714288,3.5560007,4.286058,5.51042,4.333769,2.7240913,1.4115582,2.0207129,4.9022093,0.0,0.0,0.0,0.0,0.0,0.0,0.0,0.0,0.0,0.0,0.0,9.579507,9.816379,10.378825,9.402361,8.28298,6.591843,6.1346087,7.624966,10.685983,14.087243,16.70955,18.021448,17.164307,16.007105,14.433748,14.087943,14.57175,15.984698,17.584085,17.05883,17.454077,17.232643,15.222474,15.328469,13.60851,13.792503,0.0,-1.646161,-1.7593489,-1.8373505,-1.8867531,-2.0131981,-2.0732257,-2.1626267,-2.31724,-2.2834806,-2.2307212,-2.4390082,-2.5601828,-2.4272995,-2.4714553,-2.3459685,1.9831964,1.811286,1.5707964,1.683394,1.9632188,1.7216797,1.7275968,2.0374835,0.78351516,1.3454486,-0.825884,0.0,0.0,0.0,0.0,0.0,0.0,0.0,0.0,0.0,0.0,0.0,0.84671277,1.135734,1.2520242,1.2940774,1.3102099,1.02433,0.6210207,0.29841775,-0.024918968,-0.08292507,-0.060166184,-0.08497925,-0.11441421,-0.1277272,-0.16086265,-0.23430033,-0.2741262,-0.33416313,-0.33613804,-0.3672802,-0.44499967,-0.5195849,-0.6570983,-0.7624368,-0.9552959,-1.2518631
66,1760879473.9639912,COMBINED,Walking,64.5,0.0,7.5490074,8.529345,6.0710545,3.455378,3.495933,4.861287,5.921883,4.8473854,5.425315,3.680001,3.680001,0.7791471,1.1231244,3.5211957,5.051799,7.4927773,8.552514,5.8219585,5.121173,5.1435256,6.292074,6.3448753,6.2680745,6.5977163,6.5025268,6.4310336,0.0,0.0,0.0,0.0,0.0,0.0,0.0,0.0,0.0,0.0,0.0,13.625842,14.731983,14.7226925,15.7429695,17.089128,15.722733,15.1831875,13.776435,12.385965,10.74489,9.450793,9.804336,9.661513,8.373314,6.8234015,6.883448,6.273244,7.4537935,7.616287,7.827638,9.216834,9.18055,9.456188,8.747427,8.500093,7.942739,0.0,1.7573191,1.9016612,1.9064983,2.5504448,3.0478685,-2.846248,-2.864775,-2.772095,-2.9102297,-2.9234548,-2.9234548,2.591783,1.9797492,1.2387873,1.1235987,1.2199533,1.2596234,1.6601453,1.5302491,1.4767264,1.2029217,1.2914969,1.1785573,1.2023363,1.1515547,1.2477695,0.0,0.0,0.0,0.0,0.0,0.0,0.0,0.0,0.0,0.0,0.0,2.4261508,2.5476673,2.5427253,2.71764,2.6002674,2.8822083,2.8368957,2.7908754,2.9124575,2.8545437,2.8327363,2.8037145,2.628327,2.4350798,2.1633348,1.8241764,1.4166776,1.2678998,1.1722212,1.0968357,1.009953,1.0478785,0.9757582,1.0223488,1.2532057,1.4482043
67,1760879474.007133,COMBINED,Walking,65.5,0.0,13.579224,19.223846,12.5322275,7.450561,7.298341,9.209554,5.274157,6.6740284,6.0317903,1.1676955,1.5824572,3.2961614,6.6619935,11.963528,11.373822,13.352402,11.549055,13.657608,5.598658,6.314042,8.926603,8.973047,6.134814,4.170877,6.2338467,5.3447185,0.0,0.0,0.0,0.0,0.0,0.0,0.0,0.0,0.0,0.0,0.0,4.93198,6.230318,4.8947506,4.042776,6.106226,5.314736,5.7028227,4.667603,6.9342227,12.184391,11.792302,7.9338813,6.9119396,3.9345303,4.4725666,5.155884,5.7549267,7.830173,5.0,6.0733995,4.9060006,4.9060006,0.9964554,4.6397295,7.695984,10.956033,0.0,-0.32656738,-0.25815448,-0.5094781,-0.008438474,-0.30478546,0.40824187,-0.32637694,-0.014040163,0.23618008,-0.94272006,-1.2724925,-1.4068093,-2.7428336,-2.2517314,-2.1818876,-2.488491,-2.2334337,-2.268409,-2.022852,-2.0469306,-2.3489268,-2.2608562,-1.9675295,-2.4416063,-2.3619306,-2.30706,0.0,0.0,0.0,0.0,0.0,0.0,0.0,0.0,0.0,0.0,0.0,-1.409078,-1.3084126,-0.7235441,0.081324615,0.21386419,1.0973489,0.25176388,0.83365905,1.1648948,1.6731013,1.7526526,1.6063133,1.6574392,1.9490433,2.6994834,2.5165672,2.7722888,2.9974048,3.1415925,2.976187,-2.793121,-2.793121,3.0930815,-0.71398574,-0.7113641,-0.3558918
68,1760879474.1270509,COMBINED,Walking,67.0,0.0,3.7757776,4.0356874,2.9459405,0.5037675,2.5772684,3.1979864,3.986607,5.8799496,5.628638,5.212471,6.7526503,5.4010897,4.3576994,4.2774625,4.959982,8.363472,8.137704,7.4323616,7.187791,8.650344,9.235478,10.327959,11.026932,10.846492,10.093762,9.626664,0.0,0.0,0.0,0.0,0.0,0.0,0.0,0.0,0.0,0.0,0.0,3.6967635,3.641967,4.630338,4.6409755,4.7921057,5.901527,6.9759316,8.079878,8.104641,7.9547896,6.791539,5.123863,5.5486856,7.473152,8.176534,7.372534,8.027227,6.100108,7.8325973,7.1560946,7.4207153,6.22029,6.519202,6.695691,5.4723806,5.231885,0.0,1.9848272,2.2476938,1.4446348,0.070238166,-1.3161947,-1.0389028,-1.3608382,-1.3119903,-1.294578,-0.9563801,-1.1811364,-1.1276062,-0.53201896,-0.33998224,0.3166279,0.61548775,0.9600704,1.1553042,1.4695525,1.7423366,1.9016328,2.0761566,2.1872716,2.3175044,2.4858062,2.5525174,0.0,0.0,0.0,0.0,0.0,0.0,0.0,0.0,0.0,0.0,0.0,-2.6765864,-2.4909716,-2.5764217,-2.3991349,-2.4322505,-2.6865053,-2.8210473,-2.8456287,-2.8922446,-2.8874447,-3.0309355,-2.9783316,-2.971775,-2.9599252,-2.9317327,-3.0197034,-3.0848105,2.9182506,2.9489079,2.7085433,2.523086,2.437564,2.1375256,1.7138352,1.8533379,1.8258038
69,1760879474.1704655,COMBINED,Walking,54.5,0.0,13.965729,13.869456,13.755761,12.056672,11.464171,12.450623,12.858786,13.067161,13.016221,13.016221,13.016221,13.202697,12.502981,11.49779,11.813049,12.6511135,13.892444,10.968305,8.373314,6.8234015,5.4010897,5.3498187,5.308548,4.7530785,4.722134,4.8333664,0.0,0.0,0.0,0.0,0.0,0.0,0.0,0.0,0.0,0.0,0.0,1.4213785,2.6585636,4.97194,4.6219525,3.8074422,4.510368,1.9109764,1.0441325,3.3246531,6.9865475,8.85833,10.421842,12.543603,11.443005,11.01886,12.51033,13.090442,15.153319,16.507256,18.23786,18.718304,18.334332,18.225218,17.528795,16.616875,15.40028,0.0,-2.0079877,-2.124129,-2.2568853,-2.4217029,-2.67228,-2.8717287,-2.922019,-3.040163,-3.0916624,-3.0916624,-3.0916624,-3.0108917,-2.9708667,-2.8745165,-2.7377765,-2.6394305,-2.6135182,-2.5890403,-2.4350798,-2.1633348,-1.7711073,-1.6551951,-1.378203,-0.9442621,-1.037958,-1.131653,0.0,0.0,0.0,0.0,0.0,0.0,0.0,0.0,0.0,0.0,0.0,-0.84296405,0.6140419,0.98717624,1.3584142,1.3975283,1.6587245,2.0202763,-2.9774816,-1.9420755,-1.6051787,-1.4969836,-1.493835,-1.5054115,-1.4080496,-1.3190795,-1.2986494,-1.259345,-1.2087362,-1.3520541,-1.3286786,-1.3554134,-1.4072243,-1.4434372,-1.5119635,-1.6086975,-1.7044309
70,1760879474.2204394,COMBINED,Walking,55.0,0.0,10.483043,11.813355,11.073835,10.8896055,11.464342,13.088497,14.6158905,15.117646,15.085373,15.085373,15.063455,14.520228,13.534776,12.423891,11.143527,11.26933,11.911469,11.369817,8.3821745,6.4954715,5.5543933,3.7491395,3.5378666,3.3488927,3.1458135,3.2831454,0.0,0.0,0.0,0.0,0.0,0.0,0.0,0.0,0.0,0.0,0.0,10.204969,12.018469,13.701035,15.239447,15.757693,16.036638,15.592566,14.879265,13.826424,12.934073,11.977622,12.904474,11.280958,9.505246,5.3127937,3.4241638,3.9568973,6.588206,7.639858,8.008601,8.15704,8.214909,6.5887733,4.917422,3.6602664,3.3069313,0.0,-2.69827,-2.74074,-2.8672557,-2.925231,-2.980192,-3.0252395,-3.0301208,-3.0655823,-3.096793,-3.096793,3.1182473,3.1119177,3.0968034,3.0326922,3.043614,2.887119,2.8613954,2.8476586,2.8782215,2.7784648,2.7294097,2.4306977,2.4097443,2.3778205,2.3193052,2.6297636,0.0,0.0,0.0,0.0,0.0,0.0,0.0,0.0,0.0,0.0,0.0,2.9408298,2.9207406,3.0012887,3.0523837,3.1212668,-3.0013533,-2.9085646,-2.7860866,-2.6770294,-2.5041237,-2.3792305,-2.228239,-2.1720634,-2.1137137,-1.8870916,-1.2200997,-0.54034543,-0.13984588,-0.10502019,-0.041563768,-0.12651423,-0.20054288,-0.3781892,-0.5619806,-1.2329601,-1.8034463
71,1760879474.374069,COMBINED,Walking,55.5,0.0,12.059356,10.4911375,9.135131,8.586824,9.387035,12.09908,10.128019,9.800756,8.739184,9.433981,10.410474,11.325031,11.191545,11.191545,9.958706,8.652891,6.935074,6.5939736,9.02158,8.459702,6.843414,5.7748394,5.9884105,6.1406446,6.9373736,6.768592,0.0,0.0,0.0,0.0,0.0,0.0,0.0,0.0,0.0,0.0,0.0,6.55356,9.219544,6.5141044,6.9697175,8.142444,10.243986,12.489839,14.509197,16.092863,16.471035,16.191813,14.5031395,13.032218,10.780536,8.296424,7.315218,8.467736,9.831724,9.55744,9.6816435,11.564727,13.464134,14.552924,15.841311,16.212711,16.056715,0.0,-0.49867976,-0.307195,-0.14270467,0.08255581,0.31642777,0.4002407,0.4355025,0.65092856,0.8712047,1.012197,1.1287203,1.061141,1.1283494,1.1283494,1.0983453,0.9037282,0.8506598,0.47859257,0.2046418,0.1414196,0.06340817,-0.28374404,-0.424703,-0.66736555,-0.86839694,-0.82865214,0.0,0.0,0.0,0.0,0.0,0.0,0.0,0.0,0.0,0.0,0.0,0.50377417,0.7086263,0.9894824,1.4005672,1.7431453,2.1153162,2.1939664,2.3400464,2.4491174,2.4702885,2.4539635,2.4438436,2.3802273,2.2042632,2.03609,1.5486444,1.097288,0.90674865,0.5910508,0.20749468,0.00032503207,-0.18659262,-0.29883444,-0.3952553,-0.440956,-0.4665606
72,1760879474.509571,COMBINED,Walking,61.0,0.0,12.351473,13.287461,11.26027,17.584908,12.2565155,12.068626,14.071428,12.5821,15.281978,16.635048,18.273533,21.821806,19.587994,18.882595,18.635101,13.518313,13.664774,10.70514,9.98759,12.010735,9.568989,9.814586,8.90791,15.873386,10.780536,12.770152,0.0,0.0,0.0,0.0,0.0,0.0,0.0,0.0,0.0,0.0,0.0,15.6918545,15.521598,9.767567,11.68931,12.50672,12.131543,12.449757,14.29353,14.476802,13.959002,15.692759,13.703902,14.020949,11.413384,11.477298,11.291419,9.596144,11.078196,15.537044,12.624586,13.365284,14.657223,11.728214,13.632894,14.591951,15.116469,0.0,-2.1170685,-2.4804769,-2.466147,-2.7626224,-2.7509856,-2.9651134,3.1415925,3.0040789,2.974933,3.119406,3.0538962,-3.0980318,3.1027062,-3.1183548,3.1350584,-3.136231,-3.125683,3.104625,2.9925132,3.0993114,2.7391126,2.6802106,2.6301234,1.8632482,2.5081258,2.4429975,0.0,0.0,0.0,0.0,0.0,0.0,0.0,0.0,0.0,0.0,0.0,-2.2105167,-2.0895398,-2.480122,-2.3962188,-2.2065234,-2.3057413,-2.2957346,-2.311506,-2.3073308,-2.1953254,-2.1061103,-2.1183102,-2.1780019,-2.0972972,-2.3977292,-2.2191725,-2.155876,-2.4039829,-2.5620441,-2.4345932,-2.2003372,-2.2596025,-2.1655557,-2.2464252,-2.1274107,-2.1661758
73,1760879474.575001,COMBINED,Walking,53.5,0.0,1.464213,3.0951788,5.6845174,8.061432,6.3055387,6.6867723,4.5182962,2.1156113,2.925959,5.902244,8.34085,10.932918,11.5084505,10.893319,11.178401,11.479969,11.564891,12.164849,13.152946,12.66786,12.759604,11.904558,11.293848,11.028614,10.551888,9.884958,0.0,0.0,0.0,0.0,0.0,0.0,0.0,0.0,0.0,0.0,0.0,9.05659,7.529652,6.2925544,4.3495092,4.314913,6.75745,11.24707,15.231546,13.275209,12.553634,13.606585,13.463128,14.30987,14.841166,15.301474,15.381691,15.4709835,15.213252,15.444621,14.270923,13.200406,12.633342,12.216872,13.868181,12.641168,7.746385,0.0,2.5039713,-3.0550451,-2.779407,-2.6145425,-2.5640032,-2.7225034,-2.4503257,-1.4536827,0.12541378,0.09754757,0.074739784,0.14355515,0.13633,0.13342433,0.1114814,0.13914694,0.08657672,0.12044374,0.15264933,0.15643835,0.1959798,0.25475085,0.32175055,0.3199654,0.44372737,0.52633584,0.0,0.0,0.0,0.0,0.0,0.0,0.0,0.0,0.0,0.0,0.0,2.704697,2.7036114,2.796926,2.2725549,1.5701083,1.1784575,1.106407,1.1659045,1.2188038,1.1896794,1.0549117,1.0252987,0.9820771,0.87696755,0.84051466,0.7968185,0.75699854,0.7172592,0.70426595,0.6767144,0.65133905,0.70746356,0.7817129,0.7789902,0.8267195,0.9067939
74,1760879474.5949407,COMBINED,Walking,60.5,0.0,6.1263537,5.863127,6.5884676,6.0382633,7.273112,8.153437,8.733454,10.9770355,11.887175,11.447405,11.153157,9.704401,9.704401,8.185355,7.5072937,7.090711,6.714597,6.8389783,6.191821,5.720198,3.8379495,4.6803207,3.8341634,6.1716433,9.847225,7.488548,0.0,0.0,0.0,0.0,0.0,0.0,0.0,0.0,0.0,0.0,0.0,21.555555,23.318712,24.258612,24.367895,22.940271,21.438543,20.841593,18.972303,17.807205,15.404933,13.651223,12.779516,10.372045,8.806857,7.0008807,6.4338865,5.248599,5.017877,6.0805387,4.929788,5.407506,6.3398356,5.722475,6.3125854,5.722475,5.722475,0.0,0.1014862,0.38108245,0.47920746,0.47323015,0.64046085,0.743822,0.79301953,0.8664422,0.8217956,0.8589905,0.8819883,1.0111549,1.0111549,1.3248637,1.3336946,1.6753606,1.5273808,1.9238932,1.7905862,1.7933882,1.9060673,1.5664347,1.2488906,1.1327157,1.1454812,1.0539061,0.0,0.0,0.0,0.0,0.0,0.0,0.0,0.0,0.0,0.0,0.0,1.5707964,1.6340784,1.6909394,1.7289784,1.763711,1.7551361,1.7450798,1.806208,1.7815048,1.7974371,1.723526,1.7630196,1.8053967,1.7295473,1.5418432,1.3113006,1.0851457,0.6890084,0.20376237,0.44371077,0.42996946,0.2842146,0.21867172,0.020344568,0.21867172,0.21867172
75,1760879474.6145325,COMBINED,Walking,54.0,0.0,14.169245,13.597675,12.414669,12.040918,13.274789,14.439995,15.528443,15.672273,15.339261,15.339261,14.47372,14.178212,13.510194,13.152435,12.173309,13.212645,13.869758,10.747621,8.542036,7.28011,6.0480666,4.95049,3.964088,3.9908845,4.057085,4.099772,0.0,0.0,0.0,0.0,0.0,0.0,0.0,0.0,0.0,0.0,0.0,10.815905,12.707446,13.2747555,14.729066,15.027292,15.183497,15.046209,14.176169,13.319323,13.034755,12.828358,13.429298,11.268889,8.045644,5.331485,3.6452265,4.051669,5.563023,7.541358,7.906239,7.5022187,6.062433,4.9765964,4.116457,5.3648734,8.184952,0.0,-1.3029821,-1.4405141,-1.5366467,-1.636796,-1.7542797,-1.81829,-1.8324275,-1.8647552,-1.9021683,-1.9021683,-1.9181617,-1.9312018,-1.9195018,-1.9331558,-1.8650051,-1.9164829,-1.9153486,-1.9219742,-1.9185209,-1.849096,-1.795032,-1.6495814,-1.6466528,-1.6091229,-1.4263608,-1.3858962,0.0,0.0,0.0,0.0,0.0,0.0,0.0,0.0,0.0,0.0,0.0,-2.100379,-2.1180325,-2.0126247,-1.9683785,-1.8226529,-1.7264221,-1.6491885,-1.4577248,-1.2805729,-1.1594987,-1.0027826,-0.86382663,-0.8236598,-0.79878074,-0.5991165,0.0063279127,0.5938836,0.93689466,1.1027685,1.0403371,0.91383857,0.7205542,0.42634,-0.23843259,-0.8434843,-1.0236113
76,1760879474.6262865,COMBINED,Walking,54.0,0.0,12.735296,12.454907,8.83795,5.7786064,4.4418526,5.7113667,6.0805387,6.8021464,7.0918875,6.008555,5.386503,5.2587576,4.747653,6.161845,8.319617,9.858268,11.853099,10.235414,10.133769,10.546593,11.195912,11.943791,12.103845,12.758447,12.049782,11.402366,0.0,0.0,0.0,0.0,0.0,0.0,0.0,0.0,0.0,0.0,0.0,4.4450755,6.606309,9.215097,7.788739,6.624199,5.89857,3.7363396,1.455548,3.4621086,8.0457735,11.231555,13.367878,11.793801,11.026932,12.19678,13.450817,14.614587,16.439604,17.838213,18.174332,18.570219,17.969511,17.553381,16.335577,15.266711,13.720567,0.0,2.101482,2.0294626,1.88083,1.5219866,0.9459932,0.20295915,0.20376237,0.027404223,0.14891478,0.095851816,0.36831784,0.61808646,0.84561336,1.2613391,1.4704632,1.4691838,1.5028888,1.6085109,1.7315782,1.9068874,2.0180976,2.1637573,2.2404013,2.3121338,2.425547,2.4777207,0.0,0.0,0.0,0.0,0.0,0.0,0.0,0.0,0.0,0.0,0.0,-1.320773,-1.0110648,-0.879107,-0.66035604,-0.504166,-0.5214649,-0.136719,0.65013707,2.3167064,2.5880685,2.664281,2.6530168,2.7414093,2.8307726,2.797087,2.8214953,2.788439,2.7302928,2.7089841,2.6535206,2.6005878,2.577715,2.4826322,2.4501984,2.3641171,2.37329
77,1760879474.6891732,COMBINED,Walking,54.5,0.0,5.4586344,4.438754,6.5741534,9.001816,11.802794,12.227032,11.93765,12.043108,12.777347,12.832408,13.720773,14.094517,13.691259,12.99089,12.611482,12.008249,10.801548,11.409087,12.044127,13.161561,12.001857,9.542445,8.093816,6.8630185,5.437512,4.420818,0.0,0.0,0.0,0.0,0.0,0.0,0.0,0.0,0.0,0.0,0.0,10.141601,10.218195,12.164849,13.5291195,15.645162,17.263458,18.403963,19.17336,18.783037,18.314539,16.661903,15.189364,13.716184,12.203891,11.111464,10.798161,10.594985,8.40706,5.5468493,4.051669,4.0558596,4.99552,6.569842,7.2918973,7.2918973,5.5865407,0.0,2.5559342,-2.69322,-2.267956,-2.0516312,-2.040306,-2.1127465,-2.13353,-2.074924,-2.0744746,-2.0373037,-2.0015852,-2.0553768,-2.081247,-2.0635128,-2.0939188,-2.1575167,-2.2636538,-2.275162,-2.3253658,-2.3597426,-2.336849,-2.342983,-2.351641,-2.4167318,-2.56857,-2.7017293,0.0,0.0,0.0,0.0,0.0,0.0,0.0,0.0,0.0,0.0,0.0,-1.769305,-1.7453771,-1.6912401,-1.6091788,-1.5707964,-1.512838,-1.4314415,-1.3836296,-1.3258177,-1.2942787,-1.2988709,-1.2707682,-1.267875,-1.2949811,-1.3480229,-1.4105012,-1.5835662,-1.6756262,-2.0411575,-2.547709,-3.079465,2.599211,2.398828,2.3063405,2.3063405,2.2907195
78,1760879474.727231,COMBINED,Walking,61.0,0.0,11.134144,10.77498,10.551748,10.198038,10.162152,11.008582,11.20825,10.390832,11.175415,10.158972,8.90791,9.0062065,9.25012,8.554792,8.628718,8.628718,8.514693,7.071068,8.202036,7.3632073,7.3632073,7.2574935,6.568033,7.1842785,3.1528368,6.6751723,0.0,0.0,0.0,0.0,0.0,0.0,0.0,0.0,0.0,0.0,0.0,8.609958,8.609958,7.39486,5.9028707,5.82293,6.362726,7.532569,10.158562,11.511774,12.007617,12.818477,13.15479,11.779276,11.607897,10.849813,10.297344,9.596144,9.829071,9.958425,10.0053625,11.080894,11.360457,11.080894,11.740678,11.752085,11.293549,0.0,1.7178034,1.8232824,1.8335866,1.7681919,1.737017,1.7105612,1.7326491,1.7479889,1.7218047,1.7927212,2.0822656,1.9013901,2.244411,2.228629,2.1575625,2.1575625,2.2730532,2.3561945,1.7282883,1.8387994,1.8387994,1.8702193,1.8911579,1.8103567,1.8486323,1.8352904,0.0,0.0,0.0,0.0,0.0,0.0,0.0,0.0,0.0,0.0,0.0,-1.6546985,-1.6546985,-1.757549,-1.9673002,-2.354623,-2.8784225,-3.0878773,2.8564174,2.8167803,2.8431492,2.7379897,2.740133,2.6621501,2.6272547,2.4403439,2.3422582,2.155876,2.1404243,1.9632472,1.8680794,1.8183612,1.9639205,1.8183612,1.8209823,1.8972131,1.9465001
79,1760879474.8236635,COMBINED,Walking,59.0,0.0,15.911263,16.737225,16.322666,16.539785,15.236302,14.416138,13.947776,12.796625,11.662867,11.580885,12.348101,11.541561,10.213908,8.401047,7.5777264,7.911973,9.60566,9.850121,10.669773,11.585797,10.328838,10.321412,9.900449,9.684496,9.233449,9.4746275,0.0,0.0,0.0,0.0,0.0,0.0,0.0,0.0,0.0,0.0,0.0,5.042952,6.014016,5.578443,7.3958225,8.160064,8.940111,10.571214,11.562549,12.032599,12.510857,12.542895,11.912747,12.485397,10.782798,10.095977,10.568133,9.513346,8.836011,9.901021,9.764455,11.142088,12.270629,12.620246,12.773966,13.361671,13.9895315,0.0,-1.2614464,-1.2401457,-1.2594689,-1.2903045,-1.2974137,-1.3552964,-1.3153061,-1.4220488,-1.424211,-1.5446395,-1.5819498,-1.6166824,-1.7744671,-2.0200813,-2.4283252,-2.5166638,-2.6701865,-2.615957,-2.6239963,-2.5017016,-2.2264462,-2.051409,-1.860664,-1.7179743,-1.4448049,-1.2305976,0.0,0.0,0.0,0.0,0.0,0.0,0.0,0.0,0.0,0.0,0.0,-0.7122694,-0.5321132,-0.40284535,-0.3286459,-0.19839327,-0.41565454,-0.094738126,-0.0821075,0.017225657,0.035361066,0.08811497,0.27644166,0.27975598,0.24251896,0.13799685,0.08929734,-0.0498376,-0.29241854,-0.45726228,-0.6106105,-0.8111414,-0.9220167,-0.97804457,-1.0262316,-1.0759652,-1.1126498
80,1760879474.8624153,COMBINED,Walking,53.5,0.0,16.045635,13.419791,12.010833,10.849907,12.698031,12.258697,8.63822,4.775963,5.6891174,3.5884154,3.591611,2.73695,3.5546467,3.021456,2.1407685,2.2298589,5.99005,9.907515,12.036316,12.372225,11.643917,11.805639,12.911579,12.3881035,12.837521,12.302396,0.0,0.0,0.0,0.0,0.0,0.0,0.0,0.0,0.0,0.0,0.0,7.64186,6.5184045,6.5884676,7.923054,10.204168,9.829249,11.97356,12.111134,11.832529,8.958727,10.647184,8.950297,7.9679747,8.288185,9.164697,10.625815,9.656031,10.762044,12.373902,14.616346,16.305761,17.508308,19.124374,20.494354,20.367207,19.800472,0.0,-1.3284042,-1.3670205,-1.2927331,-1.2334846,-1.2130036,-1.2626947,-1.1669652,-0.9991143,-1.0153501,-0.2381086,-0.24117689,0.40120155,0.09844909,0.067544006,-0.39772975,-1.105756,-1.3420473,-1.5937613,-1.4980123,-1.5121509,-1.4814473,-1.4282105,-1.3933918,-1.3198231,-1.207583,-1.1097378,0.0,0.0,0.0,0.0,0.0,0.0,0.0,0.0,0.0,0.0,0.0,-0.6850773,-0.38540363,0.47920746,0.675288,0.8715585,0.948697,1.0518596,1.0728731,0.99921477,0.9507942,0.9661546,0.7176321,0.26364452,0.062281247,-0.24047598,-0.46749446,-0.5564094,-0.83806956,-1.0037106,-1.1286408,-1.1488267,-1.297363,-1.3258305,-1.3514589,-1.3808491,-1.339118
81,1760879474.864681,COMBINED,Walking,53.5,0.0,9.778893,8.731323,7.2993736,8.932874,9.297628,9.725963,8.965682,9.009343,9.280376,10.462192,10.462192,10.860193,10.041838,10.130256,9.015295,7.8159347,8.217297,9.158911,10.25609,11.254218,9.521656,8.930369,8.518575,9.356807,9.009201,8.737166,0.0,0.0,0.0,0.0,0.0,0.0,0.0,0.0,0.0,0.0,0.0,8.635124,9.393306,10.263497,12.919384,14.823849,16.022654,17.574791,17.418814,18.333448,18.001144,16.711681,15.624055,13.003976,11.336536,10.37577,10.072781,11.175697,7.488184,7.0651236,8.276692,8.660632,9.96903,11.861534,12.243121,11.619176,13.476819,0.0,0.6186459,0.7617567,1.483375,1.554245,1.58887,1.6351724,1.7744193,1.9270484,2.020771,2.2297916,2.2297916,2.295927,2.2540016,2.1595678,2.166465,2.024912,1.8216686,1.429537,1.3511637,1.3989903,1.2681279,1.2764786,1.1238536,1.2204303,1.1554811,1.1436881,0.0,0.0,0.0,0.0,0.0,0.0,0.0,0.0,0.0,0.0,0.0,2.0524263,2.3058655,2.3835678,2.4988117,2.6077237,2.697525,2.74459,2.8069713,2.852984,2.836712,2.8328059,2.9483812,2.7427356,2.6511056,2.4243972,2.3940513,2.2928803,1.7890221,1.5055025,1.1377169,0.65753436,0.5948572,0.39056948,0.4814498,0.5896982,0.31914306
82,1760879474.8779469,COMBINED,Walking,54.0,0.0,3.20168,6.179729,8.933921,11.8752365,14.334801,13.339533,12.427301,11.823071,12.634057,12.500792,13.793848,14.166769,13.9219,13.895687,13.275353,12.424504,12.851307,12.193941,13.501502,12.911521,10.565625,7.0157013,4.546644,4.1878586,4.0482473,4.4035134,0.0,0.0,0.0,0.0,0.0,0.0,0.0,0.0,0.0,0.0,0.0,12.4277525,12.779177,13.508952,14.328223,15.851402,16.783455,18.284704,18.23088,18.40712,17.5961,16.569742,15.271998,13.699329,13.1578455,12.544887,12.707954,12.159674,9.620313,6.864065,2.5829482,0.851635,3.7551777,4.6219525,6.3264503,6.1934786,5.2782593,0.0,2.4619637,-2.5854175,-2.511648,-2.4286351,-2.4550111,-2.5019817,-2.4932768,-2.4876714,-2.511048,-2.496963,-2.5521984,-2.576902,-2.6036417,-2.617291,-2.6443725,-2.6660707,-2.7138767,-2.7416131,-2.723006,-2.7125888,-2.673409,-2.7683952,-3.1163247,2.7714682,2.6735172,2.4034584,0.0,0.0,0.0,0.0,0.0,0.0,0.0,0.0,0.0,0.0,0.0,-2.2319267,-2.1774268,-2.1438496,-2.083715,-2.058945,-2.014654,-2.0264986,-2.0599825,-1.9980949,-1.9953297,-1.9929065,-1.9818245,-1.9773452,-1.9428751,-1.919982,-1.8910037,-1.8733466,-1.9049798,-1.9933778,-2.1283607,2.0553153,1.3772756,1.3584142,1.3371729,1.3179185,1.3118658
83,1760879474.881303,COMBINED,Walking,57.0,0.0,11.362729,12.446528,12.513721,12.432604,12.020815,11.313708,11.352167,9.407349,8.878586,7.55826,7.014105,7.129197,6.8697925,6.484383,6.730262,6.7740107,7.435737,7.7781744,8.846919,8.566756,8.517777,8.205256,7.5054526,7.342446,6.648816,5.9367657,0.0,0.0,0.0,0.0,0.0,0.0,0.0,0.0,0.0,0.0,0.0,11.640991,11.27036,11.789167,11.338782,11.537217,11.313868,11.615939,11.586744,11.758932,12.391977,12.339283,11.817485,12.539415,12.655788,12.675619,12.358862,12.337626,12.155474,11.790099,10.922404,9.643022,9.185418,8.865164,9.013925,9.560713,10.847549,0.0,-2.066858,-2.0699658,-2.194488,-2.2527037,-2.3561945,-2.3561945,-2.4385314,-2.5703804,-2.7123423,-2.5567038,-2.6308618,-2.8712769,-2.846342,-2.5492167,-2.4254982,-2.4708285,-2.4177501,-2.3561945,-2.3086605,-2.2181675,-2.259812,-2.2102032,-2.233255,-2.3791564,-2.3776815,-2.3662264,0.0,0.0,0.0,0.0,0.0,0.0,0.0,0.0,0.0,0.0,0.0,-2.598344,-2.451467,-2.2999508,-2.163508,-2.011662,-1.8223021,-1.6800545,-1.6250463,-1.5857313,-1.5671602,-1.6739014,-1.7516787,-1.8263084,-1.9033433,-2.0284195,-2.0657544,-2.1367047,-2.1754928,-2.185943,-2.1731677,-2.079926,-1.9955856,-1.8726751,-1.9116075,-1.7398721,-1.8078887
84,1760879474.9065204,COMBINED,Walking,57.0,0.0,17.72584,16.838793,15.923308,14.129999,13.456306,12.4204855,11.75543,11.68931,11.785398,11.423688,12.247426,13.242672,13.523031,14.077643,14.711119,14.711119,15.466525,15.808727,14.756381,14.417139,14.443504,13.731072,12.805651,11.9542675,12.228642,11.528706,0.0,0.0,0.0,0.0,0.0,0.0,0.0,0.0,0.0,0.0,0.0,10.747223,10.542719,10.901572,10.838043,10.63462,12.06722,12.540667,14.044146,15.040253,15.532981,15.045382,15.511867,15.041227,13.593785,13.157961,12.202587,11.4428215,10.9178705,10.956795,10.994946,11.711073,12.764563,14.257741,14.917633,16.142893,15.811388,0.0,2.6897085,2.7311718,2.6329224,2.4972532,2.5044837,2.4446304,2.464584,2.3962188,2.4622629,2.4517212,2.4490821,2.5170758,2.536915,2.53113,2.524751,2.524751,2.5154135,2.4870465,2.520439,2.4994032,2.5513818,2.564224,2.6113474,2.6678135,2.8457046,2.985566,0.0,0.0,0.0,0.0,0.0,0.0,0.0,0.0,0.0,0.0,0.0,2.8713634,2.8890476,3.1173038,3.0653446,3.084244,3.0756657,3.0645068,3.062283,3.0684142,3.0796099,3.127302,3.1158693,3.128239,-3.139294,3.1118376,-3.1210961,-3.138697,-3.104677,-3.1129193,-3.1242557,3.0336351,2.9984112,2.970679,2.9056828,2.8569746,2.819842
85,1760879474.9218192,COMBINED,Walking,60.5,0.0,14.914514,11.793304,9.442603,7.066117,6.9547157,6.2359986,8.573759,10.45865,9.148594,6.00014,5.885913,3.8291876,4.625457,5.566008,5.8670506,7.5913773,9.812976,9.612793,10.279334,9.7796135,13.769618,10.9903345,13.04485,14.099134,12.350228,13.202178,0.0,0.0,0.0,0.0,0.0,0.0,0.0,0.0,0.0,0.0,0.0,14.723789,15.211872,13.270722,12.383132,10.804868,10.18848,10.756593,10.849907,11.376765,12.046207,11.82005,11.793891,11.141799,11.775863,11.116332,10.329403,9.827245,9.585992,11.413188,10.750001,11.267971,11.818354,10.321412,11.704215,12.606739,12.758974,0.0,1.6998454,1.6886685,1.8960645,2.1409273,2.6389725,2.8450916,-2.9907424,3.0483875,-3.1336584,3.0154197,3.1220167,3.1183395,2.2336328,1.7440501,1.4958439,1.3737563,1.1919243,1.0869567,1.0440342,1.0226884,0.91281253,0.73008513,0.9171354,0.8757448,1.2005768,1.2350475,0.0,0.0,0.0,0.0,0.0,0.0,0.0,0.0,0.0,0.0,0.0,2.2174652,2.3149374,2.3719616,2.333492,2.1999807,2.1285536,2.019893,1.9081081,1.8357929,1.8224863,1.7350067,1.7446595,1.6569184,1.6138482,1.5287268,1.2965063,1.3005829,1.1834501,0.94440895,0.9447694,0.9563671,0.9686379,1.0901836,1.2396469,1.3663892,1.4551584
86,1760879475.0260487,COMBINED,Walking,60.5,0.0,15.30718,13.235963,11.321211,7.7103004,3.477048,4.0312304,4.5162,7.1488056,5.776934,5.988242,6.2041187,5.194857,6.853747,8.952919,10.454486,12.714139,11.916243,11.958887,12.777861,13.795495,14.54736,15.110752,14.805223,14.326101,12.701826,11.885157,0.0,0.0,0.0,0.0,0.0,0.0,0.0,0.0,0.0,0.0,0.0,7.5103064,7.634648,7.6899967,7.1728516,7.0530286,7.3880334,8.274142,9.5196905,10.625044,12.199248,12.806727,14.093878,14.315911,14.076831,15.009988,14.30702,14.623706,13.955534,15.281978,15.7249,15.656067,15.081354,15.540973,14.677292,14.416138,14.084239,0.0,2.8436978,2.8976219,2.849697,2.6474857,2.2725039,1.6402352,1.0334632,0.60958695,0.82296354,1.1088817,1.0224181,1.4777021,1.9488221,2.174545,2.2585397,2.3744562,2.4477189,2.5421193,2.686312,2.8227084,2.9739223,3.1047661,3.1231165,-3.0470774,-2.9818237,-2.884236,0.0,0.0,0.0,0.0,0.0,0.0,0.0,0.0,0.0,0.0,0.0,-2.2419918,-2.1356726,-2.185325,-2.0354683,-2.18606,-2.2655156,-2.4211469,-2.687176,-2.7479815,-2.8007383,-2.83416,-2.7440546,-2.7784414,-2.7499175,-2.7394323,-2.7513852,-2.8645332,-2.889039,-2.974933,-3.0428972,-3.106531,-3.1015399,3.080224,2.997798,2.9260926,2.9097736
87,1760879475.100946,COMBINED,Walking,71.5,0.0,10.663649,8.142545,3.724772,3.9242902,3.2693923,4.1902223,6.193031,9.359812,10.802546,12.147537,11.747936,13.071148,11.156434,11.340934,9.414196,9.062503,7.322129,7.217669,6.523487,6.757733,9.684217,14.726937,14.240983,13.828476,15.499669,14.553345,0.0,0.0,0.0,0.0,0.0,0.0,0.0,0.0,0.0,0.0,0.0,18.938467,19.098967,16.043423,18.843819,15.554073,16.522188,15.64298,13.81587,12.993892,9.782452,10.821971,8.9362545,6.6730666,6.052173,3.6623745,3.3329916,4.161969,5.466886,7.5340834,9.836424,10.354124,12.301981,14.320534,13.246458,13.718011,13.995319,0.0,-0.6330474,-1.0022633,-0.9475591,-1.678681,-2.3490276,-3.1180384,2.8700023,2.6625068,2.596736,2.5795696,2.5365026,2.5167224,2.534071,2.5999973,2.6701372,2.8517723,3.1218145,-2.9704347,-2.7192695,-2.6411185,-2.5635247,-2.4494698,-2.4178798,-2.3772852,-2.4036262,-2.438542,0.0,0.0,0.0,0.0,0.0,0.0,0.0,0.0,0.0,0.0,0.0,-1.1022645,-0.9682715,-1.0506393,-1.1102747,-1.0020912,-0.96888596,-0.8587951,-0.6466746,-0.35627928,-0.26294613,-0.13054682,-0.11213858,-0.14363363,-0.3669914,-0.2849241,-0.38535407,-0.76582223,-0.9285389,-0.9027594,-1.0430605,-0.83504665,-0.9448925,-0.87246627,-0.8531089,-0.88952607,-0.93898433
88,1760879475.179808,COMBINED,Walking,65.0,0.0,14.8364315,16.673597,18.235218,17.875273,18.295994,17.462046,15.788161,13.124431,11.042459,7.9488854,5.870616,4.1231055,4.0345726,4.373719,6.541132,9.560965,10.653317,13.038855,14.009129,14.009129,14.606372,13.356661,12.279459,12.202325,8.885802,6.4116526,0.0,0.0,0.0,0.0,0.0,0.0,0.0,0.0,0.0,0.0,0.0,11.036893,11.063629,10.13647,9.995774,8.14511,6.2585835,1.961971,3.2151992,5.837985,6.6545334,10.366302,11.651798,13.245889,14.345295,15.227754,15.425148,15.407133,14.508273,13.431947,11.684389,9.394147,6.564022,3.4004257,4.4835873,8.456499,10.313561,0.0,0.7587487,0.7865539,0.81472385,0.7918548,0.80889803,0.8215079,0.8448736,0.8667561,0.8619034,0.62992007,0.449279,0.24497867,-0.6682894,-1.3190268,-1.6344993,-1.6695199,-1.7213881,-1.6480154,-1.6068997,-1.5346929,-1.4633482,-1.3391823,-1.2232903,-1.0496132,-1.0262395,-0.7536288,0.0,0.0,0.0,0.0,0.0,0.0,0.0,0.0,0.0,0.0,0.0,-0.7643973,-0.6520476,-0.5190648,-0.28676665,-0.27909353,-0.26010773,0.019575922,2.3163502,2.6457362,3.035681,3.0740738,-3.116829,-2.9366527,-2.9038374,-2.807379,-2.7688446,-2.7108839,-2.7552435,-2.7076097,-2.74668,-2.70175,-2.6703513,-3.0765724,1.2782385,0.92215943,0.7654227
89,1760879475.276637,COMBINED,Walking,61.0,0.0,8.098234,9.005166,6.9684467,5.690637,3.6232176,2.0505877,2.8737655,5.4475174,5.435872,7.366589,4.4166384,3.4410872,3.04156,2.473982,3.0715733,4.9032335,4.5744815,6.272804,8.486696,9.159271,10.510368,9.971306,10.276362,8.150691,8.049275,5.4804864,0.0,0.0,0.0,0.0,0.0,0.0,0.0,0.0,0.0,0.0,0.0,14.383437,13.654313,12.865978,12.836123,13.170111,14.147322,14.049635,12.249556,10.650516,9.651062,9.177654,9.398795,8.41164,9.145723,9.135131,10.41829,10.160852,10.877571,12.347386,13.054053,13.054053,14.0,13.569049,13.576515,12.180687,10.943302,0.0,-2.1324606,-2.3655033,-2.4411123,-2.721572,-2.282388,-1.696745,-0.2710004,-0.46281764,-0.46311063,-0.60521406,-0.78207755,-0.8701898,-1.7420838,-2.2709296,2.954184,2.6755953,2.1469994,2.0958247,1.8023162,1.680324,1.4819837,1.5519047,1.6041697,1.602269,1.5179931,2.1611722,0.0,0.0,0.0,0.0,0.0,0.0,0.0,0.0,0.0,0.0,0.0,-2.7213662,-2.6408656,-2.5166225,-2.2790325,-2.153648,-2.0311027,-1.8786029,-1.7390299,-1.5694306,-1.5610873,-1.5214535,-1.3462179,-1.3050712,-1.5200102,-1.4280916,-1.7338055,-1.5953534,-1.6841931,-1.70922,-1.6085249,-1.6085249,-1.5707964,-1.6180182,-1.5681973,-1.7553242,-1.8699205
90,1760879475.3364124,COMBINED,Walking,71.5,0.0,12.295511,11.871939,14.147711,13.587682,11.358019,8.982728,10.546169,12.818476,13.419704,15.404933,15.711659,17.480104,16.030195,16.714943,15.756755,14.716953,16.785593,12.516961,10.372644,11.03134,10.6179285,11.604085,9.474437,12.02758,9.826442,8.245039,0.0,0.0,0.0,0.0,0.0,0.0,0.0,0.0,0.0,0.0,0.0,11.07037,11.559282,10.925432,13.54318,12.809656,14.817527,15.042714,14.5260515,13.206664,12.191083,10.001582,7.841371,5.3238535,2.6225085,1.7249085,2.231934,6.533107,8.454189,10.960693,11.991598,9.751764,10.929691,9.643122,4.7463346,2.9246886,4.3423796,0.0,-2.7433906,-3.1373403,-2.874255,-2.8554022,-2.8175344,-2.4757564,-1.9646566,-1.7876498,-1.6846113,-1.7974371,-1.8485916,-1.9129559,-1.940584,-1.8401802,-2.0225892,-2.0797806,-2.1815588,-2.0511413,-2.0516396,-1.7531062,-1.5582242,-1.8096195,-1.2254903,-1.3018625,-1.2093999,-1.2797182,0.0,0.0,0.0,0.0,0.0,0.0,0.0,0.0,0.0,0.0,0.0,2.7151647,2.55282,2.3868182,2.3574224,2.3348305,2.1879566,2.2718587,2.2631702,2.2581148,2.4258792,2.3866777,2.340327,2.1694148,2.0831857,1.3101939,0.42926276,0.18020347,0.062478792,0.041841995,0.027244858,-0.012768861,-0.02803708,-0.0074072434,-0.53859097,-0.98488283,-2.263344
91,1760879475.376254,COMBINED,Walking,53.0,0.0,13.078329,11.202589,11.264365,11.227809,10.659925,9.428468,8.498775,8.119698,8.655274,8.175538,8.741023,8.820463,8.820463,8.198908,7.215064,6.646304,5.9809055,7.3375845,8.793502,8.971941,7.8292484,7.678256,8.238038,8.063571,8.521039,8.514971,0.0,0.0,0.0,0.0,0.0,0.0,0.0,0.0,0.0,0.0,0.0,8.509493,6.361548,5.873746,5.822131,6.5016794,7.696338,9.051733,9.690823,10.340253,10.310825,10.313823,9.657543,9.14202,8.7498865,9.713897,12.383331,11.342494,10.460406,11.789167,12.701747,14.340851,14.577447,15.50855,15.831412,15.831412,14.094325,0.0,2.0007346,2.2086332,2.2437623,2.239334,2.1937308,2.3124506,2.5386107,2.7086308,3.002805,3.0034864,3.0451784,-3.1407807,-3.1407807,3.015376,2.992314,2.6448154,2.3965526,2.1020617,1.9645321,1.9188823,1.7835027,1.6603907,1.6023941,1.4540662,1.5420216,1.6261307,0.0,0.0,0.0,0.0,0.0,0.0,0.0,0.0,0.0,0.0,0.0,2.4084666,2.6317246,2.8803027,-2.9831765,-2.7588856,-2.521738,-2.5062983,-2.3985023,-2.4191914,-2.4470866,-2.4761753,-2.5176904,-2.737546,-2.9540179,3.0603902,2.8525999,2.7278895,2.530709,2.2999508,2.1239192,2.0224612,1.9566104,1.9361954,1.8739761,1.8739761,1.8413101
92,1760879475.3954225,COMBINED,Walking,53.0,0.0,15.987505,13.453625,11.2603245,10.011473,9.734833,7.308962,4.45725,3.291637,3.4251814,4.1988993,5.3648734,6.138322,6.9580383,5.639643,4.4256496,2.9762862,2.8057156,4.3351607,5.9680367,9.346928,10.384047,9.461269,10.119824,10.1417265,11.05647,11.186351,0.0,0.0,0.0,0.0,0.0,0.0,0.0,0.0,0.0,0.0,0.0,6.778679,3.9465816,2.7800539,3.1439483,3.2781987,4.2134275,4.468173,3.707102,3.9003434,2.196069,1.0755123,2.1054826,3.7121403,6.654206,9.789366,11.7919035,11.111503,11.949293,13.7644005,15.611633,17.598991,19.6207,20.674765,21.579576,20.705486,19.74463,0.0,2.3295772,2.3036115,2.3094406,2.2583108,2.1718078,2.162234,2.3578055,2.765552,-2.606669,-2.3666668,-2.2981083,-2.1935244,-2.1143408,-2.047268,-2.353606,-2.3475842,2.3643224,1.949164,1.6259135,1.6167495,1.7039837,1.5808997,1.6413664,1.6563203,1.6719085,1.7428758,0.0,0.0,0.0,0.0,0.0,0.0,0.0,0.0,0.0,0.0,0.0,2.331567,2.0859017,1.3307437,0.3275977,0.3151384,0.20554225,0.08212993,0.0015754364,-0.12645254,-0.35564518,-1.3626418,-2.44067,-2.9746614,3.104031,2.9424896,2.821807,2.6894732,2.632394,2.5631573,2.563108,2.458892,2.4645226,2.4048407,2.363487,2.3416357,2.3430052
93,1760879475.450978,COMBINED,Walking,60.0,0.0,18.412657,14.341604,15.755649,16.393648,14.985935,12.655788,12.218212,11.998892,10.631552,11.908508,11.519291,7.0295544,3.5896616,4.469729,1.9342659,0.0,1.1564363,1.2003417,2.883329,1.6394573,1.5395924,1.9468719,6.4453807,8.055955,8.753366,9.26419,0.0,0.0,0.0,0.0,0.0,0.0,0.0,0.0,0.0,0.0,0.0,11.157623,9.915804,10.235123,10.794792,9.952686,10.450691,10.7488575,11.689359,12.568291,11.035324,11.820779,10.915667,11.159037,11.460674,10.680824,10.459092,11.584887,12.56969,13.301625,12.107939,13.265909,11.56322,12.104452,13.658886,14.758538,15.420701,0.0,-2.6648624,-2.6464126,-2.645775,-2.8030057,-2.7625165,-2.8090456,-3.0583115,2.8695767,2.8081093,2.687689,2.7231877,2.7243934,2.6069875,2.6964483,-1.2444615,0.0,0.96116966,-1.2720851,-1.5120153,-1.7421923,1.6992842,3.0109043,2.8228014,2.8152528,2.8906515,3.008777,0.0,0.0,0.0,0.0,0.0,0.0,0.0,0.0,0.0,0.0,0.0,2.8201382,2.7750313,2.7110515,2.9514873,2.6286612,2.7010324,2.671584,2.8446393,2.8334231,2.916543,2.8460338,-3.117292,3.059884,-2.9951615,-2.8488047,-2.90554,-2.8755507,-2.8580139,-2.9407876,-2.940526,-3.0412037,-2.9040656,-2.875697,-2.8022373,-2.739893,-2.787012
94,1760879475.4687834,COMBINED,Walking,77.0,0.0,10.293404,12.548977,13.275353,13.642084,12.661803,14.008171,12.277769,12.876795,10.609658,4.2716665,9.755173,9.395608,9.620133,7.7672634,10.771359,11.312186,7.0,11.062076,10.798594,11.285831,13.857499,14.905523,13.119066,13.066148,11.956442,11.856471,0.0,0.0,0.0,0.0,0.0,0.0,0.0,0.0,0.0,0.0,0.0,7.1653852,8.019366,7.276772,7.291304,4.4078183,3.58874,3.3446558,4.4473786,4.0,4.6061673,3.5571785,4.5637507,6.113581,5.4396906,5.745596,5.610157,4.7090383,8.593555,5.011447,4.760115,3.8251858,2.5362191,0.6845209,7.0738406,12.019281,11.047723,0.0,-2.6348836,-2.7271981,-2.6443725,-2.811744,-2.8022518,-2.7870543,-2.8265173,3.1187127,-2.9066665,-2.418967,-2.4850972,-2.4536386,-2.5531912,-2.6328194,-1.8756618,-2.0238552,-1.5707964,-1.4648073,-1.2447166,-1.3412794,-1.2511182,-1.0345948,-1.4802645,-1.0144356,-0.7961793,-0.8504073,0.0,0.0,0.0,0.0,0.0,0.0,0.0,0.0,0.0,0.0,0.0,-2.0225108,-1.847448,-1.773369,-1.721317,-2.0815666,-1.8521401,-1.5407424,-3.011813,3.1415925,2.9375083,-3.0529714,2.9588583,2.0708377,2.4979098,2.4153967,2.723452,2.3211858,1.4247024,2.5355542,2.1429086,1.4425181,2.9362898,-2.8037956,-2.5574725,-2.6316073,-2.6541786
95,1760879475.5393333,COMBINED,Walking,79.0,0.0,7.1509223,4.760767,8.192829,9.605068,7.366589,5.1872745,9.414962,5.1258736,6.6501064,9.751974,6.3916197,5.532552,4.546979,5.452829,3.2344668,5.9190187,6.4563704,2.5837007,4.920573,5.800076,8.937798,7.964835,4.445806,9.126884,8.90791,11.076804,0.0,0.0,0.0,0.0,0.0,0.0,0.0,0.0,0.0,0.0,0.0,8.907984,9.139295,9.379259,8.480009,5.7947087,7.366021,4.459287,4.24359,7.4012003,8.7533655,6.7675457,6.0325403,7.7479815,6.3245554,9.615715,10.526738,9.194565,9.467258,11.948445,10.936179,9.41911,10.492696,8.464284,6.426219,4.8752403,2.692813,0.0,-2.034844,-2.2261546,-2.1674304,-2.00033,-2.1760104,-2.489251,-2.6251118,-2.7862203,2.9357486,3.0254638,2.3844397,2.4328768,1.6106406,2.0894938,0.7673777,0.62401676,0.8862242,-0.919667,-0.20680003,0.896676,-0.12621273,0.7825351,0.94257545,0.7534601,1.0593271,1.2701772,0.0,0.0,0.0,0.0,0.0,0.0,0.0,0.0,0.0,0.0,0.0,1.7404944,1.943103,1.7573588,1.7133152,1.9681888,1.8873643,1.9635209,2.1633508,2.1962814,2.4652386,2.7344973,3.0886195,2.6526792,2.819842,3.0774665,2.676841,2.7424445,2.5513403,2.4570363,2.4466074,2.3155718,2.0415673,2.2240434,1.8819832,2.087201,-2.7685163
96,1760879475.5570354,COMBINED,Walking,80.5,0.0,17.282885,16.93534,17.41249,16.438362,16.18716,13.131065,12.743847,9.722164,9.048676,11.665863,13.312283,12.138812,12.11127,10.9691515,11.314278,8.021516,7.973982,9.660745,7.807395,11.864184,11.472464,7.0738487,5.8214164,6.5330606,4.619251,3.5560007,0.0,0.0,0.0,0.0,0.0,0.0,0.0,0.0,0.0,0.0,0.0,8.827365,11.913692,9.835284,11.989947,7.80493,2.8536618,4.625279,3.954821,6.186651,7.930997,7.074997,9.941509,9.616185,10.198778,10.622562,8.85647,8.651075,6.1808367,6.524541,3.92265,8.722624,9.173088,7.6610045,14.399836,12.532679,15.162112,0.0,-1.8409783,-1.6599131,-1.8569778,-1.7338369,-1.7831588,-2.085096,-1.9111375,-2.1509008,-2.5087368,-2.49804,-2.652784,-2.634895,-3.0360725,-3.0304408,3.0798082,2.3533497,2.2781591,2.2018757,2.407483,2.2377446,2.3424506,2.512687,2.7291822,2.5081124,-2.7627976,3.028995,0.0,0.0,0.0,0.0,0.0,0.0,0.0,0.0,0.0,0.0,0.0,-2.0162652,-1.7845008,-1.5898676,-1.972671,-1.4306126,-0.53500044,-0.8491011,-2.6226053,2.9051797,2.151864,2.4949276,2.0520918,2.2445812,2.0524309,2.0175455,2.1812434,2.2762547,2.4526088,2.2510254,2.3975685,-3.086394,-2.472711,-2.430508,2.997816,-2.0068338,-2.0701075
97,1760879475.5768175,COMBINED,Walking,78.0,0.0,9.552701,12.431335,11.614147,9.147441,9.843857,7.0295696,7.665599,4.978947,4.008894,9.49106,8.467758,12.4274,8.550488,6.186651,10.219856,7.6677556,11.430964,9.444586,10.548732,7.7921524,11.029627,10.209263,14.947992,7.4454927,11.999954,9.291867,0.0,0.0,0.0,0.0,0.0,0.0,0.0,0.0,0.0,0.0,0.0,9.0290165,8.366417,6.911887,8.885802,4.717543,6.319088,7.362022,5.977829,5.7650123,4.5209823,6.2713275,4.9664574,6.6399913,6.49261,6.475907,4.7508326,2.1407688,5.795474,4.1322045,4.9664755,8.028294,9.292508,5.013349,5.400928,11.028186,8.898589,0.0,1.3948153,1.5596243,1.7760993,1.78112,1.4455975,1.3772337,1.8888403,1.336179,0.59689486,0.14686392,-0.15941256,-0.16163763,-0.11722063,-0.23641297,-0.36460266,-0.5224048,-0.61399287,-0.5537841,-0.58292025,-0.2595736,-0.39116937,-0.13324457,-0.45367447,-0.39497206,-0.23130535,-0.23684293,0.0,0.0,0.0,0.0,0.0,0.0,0.0,0.0,0.0,0.0,0.0,0.28761786,0.32254872,0.35113925,0.5445568,0.55485404,0.9396305,0.8788631,0.23056108,0.16551307,-0.185822,-0.5210714,-0.34770277,-1.1583085,-1.3437124,-0.8809678,-0.4933337,-0.092227675,-0.26913896,0.15962194,-0.36214888,0.5667571,0.75375503,1.4917542,0.4940824,0.7314619,1.2390834
98,1760879475.5860028,COMBINED,Walking,79.5,0.0,12.172059,14.20298,13.661985,11.49981,11.813412,10.711787,6.8347907,6.9351196,8.19085,17.802444,9.819747,15.264338,5.9541817,8.1234045,7.129106,11.344752,8.006238,10.706244,7.333697,7.071068,6.5628104,6.09468,5.298465,3.234647,3.7191956,4.4473786,0.0,0.0,0.0,0.0,0.0,0.0,0.0,0.0,0.0,0.0,0.0,10.98247,8.422423,6.9924,7.8878956,6.24182,2.2008133,4.077789,5.254378,6.871843,7.4213624,10.528213,11.395801,11.860469,12.5821,11.771964,11.138896,10.057604,10.792273,10.626524,9.438613,11.06222,12.272938,9.721185,9.7406845,9.72232,9.802828,0.0,0.9641308,0.91365224,0.95039666,1.2748878,1.1790385,1.3598725,1.2765001,1.9421734,2.48498,2.6138065,2.5646362,2.5899377,2.9530768,-3.0179296,-2.876838,3.118991,-2.0421104,-2.5096881,-2.815446,-2.3561945,-2.0111492,-1.9748431,-1.6325845,-1.7799915,-3.1226714,3.011813,0.0,0.0,0.0,0.0,0.0,0.0,0.0,0.0,0.0,0.0,0.0,-2.0021183,-1.8338305,-1.7551098,-1.5779151,-1.7909905,-1.8738748,-2.628973,2.8291562,-2.896614,2.9088838,2.9888918,3.0722594,2.9929245,3.0040789,3.0565426,2.8360386,2.6929152,2.9261518,2.611309,2.5779731,2.1712968,2.1531494,1.8934853,1.9265313,1.9127828,1.574674
99,1760879475.597221,COMBINED,Walking,60.5,0.0,16.99867,16.047962,16.28665,14.6582365,13.665416,13.153339,12.651499,11.992543,11.580885,11.727152,10.974453,11.419818,11.548125,11.560765,12.2069845,12.889022,11.085177,11.458291,10.859223,10.2661295,7.955894,7.235328,6.239692,6.885492,6.87789,7.611869,0.0,0.0,0.0,0.0,0.0,0.0,0.0,0.0,0.0,0.0,0.0,11.286731,10.179985,8.601671,6.53923,4.7677383,2.747385,1.8431026,2.9757235,2.1970727,2.8132033,3.3722148,4.2122593,4.2029247,4.213649,4.3377647,4.6417193,5.5087166,6.1797237,9.399305,12.103719,13.466836,12.96907,12.931766,13.715594,13.707893,14.632441,0.0,-1.8012974,-1.6481302,-1.7586899,-1.725013,-1.7336547,-1.7212436,-1.5825373,-1.5714182,-1.5969532,-1.5513952,-1.4273223,-1.3548356,-1.1920013,-1.0065794,-0.96323043,-0.7819588,-0.6940989,-0.5795607,-0.49443018,-0.5474441,-0.5541134,-0.62606144,-0.96199954,-1.0657365,-1.1049081,-1.150043,0.0,0.0,0.0,0.0,0.0,0.0,0.0,0.0,0.0,0.0,0.0,-1.5599031,-1.3749887,-1.4041064,-1.3755418,-1.5310154,-1.7276083,-2.6724572,2.8080895,2.1410453,2.2966964,1.8616083,1.4216604,1.2602363,1.0841472,0.69285536,-0.0018105918,-0.17992479,-0.55477554,-0.81764495,-0.9025069,-1.037168,-1.1331506,-1.325431,-1.4395548,-1.4845876,-1.5275065
100,1760879475.6470685,COMBINED,Walking,61.5,0.0,6.10334,6.0301843,6.045013,6.52817,5.409046,5.592161,4.0322595,3.3681092,4.448569,3.1986258,3.6055508,2.5482807,2.9116235,2.6593044,1.8808157,1.2172735,1.9955003,2.3292825,1.25045,1.9931626,3.960967,6.003538,7.1303115,7.843977,8.100858,8.757075,0.0,0.0,0.0,0.0,0.0,0.0,0.0,0.0,0.0,0.0,0.0,16.174221,15.634557,15.819342,15.361722,14.516872,13.138793,12.809421,12.565328,13.542941,14.374253,14.031658,11.717377,10.526462,8.630209,8.142227,7.276093,7.9212594,7.8958454,8.119699,8.895143,8.43326,9.183958,8.417106,7.666037,7.8687634,7.1445,0.0,-0.95761293,-0.8747826,-0.7950556,-0.6653767,-0.9917329,-1.1216809,-1.0648892,-1.1583964,-2.0641327,-2.138439,-2.55359,-2.855288,-3.0505776,2.6897721,1.9967273,1.811868,1.5730537,1.245524,1.7849935,3.1381564,-2.9870799,-2.7047858,-2.763839,-2.6278043,-2.6633582,-2.8762376,0.0,0.0,0.0,0.0,0.0,0.0,0.0,0.0,0.0,0.0,0.0,-1.3904773,-1.3698786,-1.4351991,-1.4688193,-1.563963,-1.6601706,-1.7036338,-1.7050227,-1.7190169,-1.7103869,-1.6342013,-1.5297229,-1.4900694,-1.3274722,-1.1832725,-0.9258618,-1.0040172,-0.8702732,-1.0764631,-1.2152009,-1.4480784,-1.450386,-1.6191987,-1.5262245,-1.437131,-1.5069495
101,1760879475.7153053,COMBINED,Walking,61.5,0.0,7.0598702,6.0697374,8.016571,5.722361,6.066074,7.2059693,7.2059693,9.167518,10.052743,9.027546,12.263769,12.605191,13.251932,12.59458,12.800506,12.202587,11.285162,11.321879,10.81725,11.27259,12.041595,10.653741,12.165519,12.657191,13.815822,13.972713,0.0,0.0,0.0,0.0,0.0,0.0,0.0,0.0,0.0,0.0,0.0,13.313591,12.660868,12.752705,10.588914,10.536167,10.797347,10.713394,9.466114,8.277418,6.3745627,6.053133,4.717695,4.8687916,2.8741612,3.9514341,4.937575,4.1143656,3.1228054,2.412784,1.6532897,0.0,3.371377,4.0160074,5.233192,4.004923,5.726164,0.0,-0.5550502,0.15173267,-0.30369562,-0.29547784,-0.14773105,-0.23966815,-0.23966815,-0.1381116,0.090007424,0.078140356,-0.07488994,-0.002049027,-0.067094296,-0.002832083,-0.038276516,-0.020496551,0.23206562,0.19720644,0.50660825,0.572996,0.7266423,0.7853982,0.9102027,0.98989385,1.0854834,1.2476033,0.0,0.0,0.0,0.0,0.0,0.0,0.0,0.0,0.0,0.0,0.0,2.131634,2.127409,2.0449705,1.7478381,1.6449484,1.4780481,1.4366122,1.2471923,1.1252508,0.76340574,0.46046466,0.09987717,-0.60679764,-0.90486205,-1.6541601,-1.6273563,-1.8163061,-2.3421755,-2.0720587,-2.341999,0.0,1.180895,0.6359603,0.73039085,0.39667317,0.5090971
102,1760879475.7225704,COMBINED,Walking,61.0,0.0,17.182898,16.567009,15.908561,15.033591,12.822272,12.789861,11.467477,11.29848,10.905422,11.325475,9.994491,10.071944,10.60063,10.60063,11.543425,10.796851,10.198039,8.17869,7.609545,6.52466,5.819434,5.207658,4.1796823,3.7427576,2.5109406,2.5112765,0.0,0.0,0.0,0.0,0.0,0.0,0.0,0.0,0.0,0.0,0.0,8.220908,6.808753,2.5052733,4.6534243,6.2715316,11.057163,11.603941,12.21961,12.980834,14.654792,15.516129,16.59219,16.832666,16.023886,15.641467,14.482834,13.228953,12.53406,11.80205,11.576759,11.53749,12.016732,12.928491,13.524148,14.275739,15.061522,0.0,-0.484289,-0.4342999,-0.48948494,-0.5207401,-0.5396623,-0.54012084,-0.5228756,-0.588414,-0.54164577,-0.6046814,-0.4877426,-0.5079645,-0.35111326,-0.35111326,-0.3089808,-0.22306554,-0.19739556,-0.23163556,-0.18469283,0.09782827,0.37316734,-0.04066919,0.15432665,-0.30776542,0.6965927,0.5896305,0.0,0.0,0.0,0.0,0.0,0.0,0.0,0.0,0.0,0.0,0.0,-2.3234956,-2.1850498,-1.5338271,-0.49033007,-0.25122258,-0.12866871,-0.084919706,0.0069983043,0.016374448,-0.00702529,0.0,-0.09397404,-0.18998635,-0.26011512,-0.39162472,-0.47127178,-0.529561,-0.49204403,-0.6401532,-0.57181466,-0.51621485,-0.5066297,-0.49824584,-0.41069824,-0.40761346,-0.37768474
103,1760879475.777229,COMBINED,Walking,75.0,0.0,16.326881,16.998243,18.298012,17.339235,18.025173,17.653997,14.944529,14.19408,10.923065,11.490959,12.357085,13.409318,14.007531,13.719506,14.490445,14.065002,8.826237,10.838085,10.882376,10.84247,8.529206,10.806221,10.665166,11.228525,11.083388,8.621177,0.0,0.0,0.0,0.0,0.0,0.0,0.0,0.0,0.0,0.0,0.0,15.949279,12.163474,9.791563,9.034108,5.2390747,3.04734,2.0,2.9232674,1.5093671,2.5838408,0.8567819,2.3953977,2.8625453,3.7570446,3.0039208,4.3847766,4.378894,2.7248151,0.5422649,2.0662348,3.477048,5.7156096,7.2197933,11.44302,12.801365,13.876128,0.0,-2.444366,-2.3925498,-2.4539564,-2.4068499,-2.3898497,-2.5593395,-2.4670842,-2.2549236,-1.8399866,-1.6615688,-1.4470538,-1.3608681,-1.2690876,-1.171315,-1.1179488,-1.0972923,-0.93479455,-0.6139211,-0.45456907,-0.17439765,0.0068022986,0.2318357,0.5476106,0.7930136,0.77947056,1.1520635,0.0,0.0,0.0,0.0,0.0,0.0,0.0,0.0,0.0,0.0,0.0,1.0527824,1.1855854,1.0804093,0.88629127,0.6462162,0.40404683,0.0,-0.5804827,-0.98289347,-1.8487455,-1.8535885,-2.8243866,-3.0488114,3.0978293,3.0119653,-3.0616071,3.068209,3.097276,-1.7892393,-1.7135372,-2.2725039,-2.4059303,-2.0993845,-2.3825176,-2.2835138,-2.2857864
104,1760879475.8641233,COMBINED,Walking,62.0,0.0,14.087179,13.518061,11.736574,11.244463,11.115572,12.1494055,7.434936,4.4925027,0.9161194,0.6983598,5.2765665,7.0971236,10.076386,9.619715,8.836159,6.379849,3.5875597,4.040359,7.4597197,9.87356,10.5272,10.33087,11.517995,12.073205,13.921889,15.989481,0.0,0.0,0.0,0.0,0.0,0.0,0.0,0.0,0.0,0.0,0.0,22.374125,19.127409,16.04142,13.951202,13.057423,12.363479,10.145693,9.217105,8.568314,10.348662,9.677168,11.733749,11.739006,11.755401,9.46758,8.950297,8.5234585,9.055777,9.967258,10.740917,11.848142,11.997736,13.282047,13.094924,14.5246525,14.00895,0.0,3.0790293,-3.1337605,3.0596883,2.9085164,2.8559453,2.724716,2.8180952,2.902173,2.9159267,-1.2313967,-0.10326681,-0.12867564,-0.21017481,-0.16337417,-0.039572608,-0.071307436,0.42873737,1.5275995,2.1693857,2.4278722,2.4804702,2.8226476,-3.1223185,-3.1084924,-2.8659866,-2.759856,0.0,0.0,0.0,0.0,0.0,0.0,0.0,0.0,0.0,0.0,0.0,-2.9342737,-2.9923997,-2.8866343,-2.9475987,-2.886368,-2.9503915,3.127904,2.7873583,2.5865202,2.2104971,2.1171186,1.977779,2.0378067,1.9150257,2.1399212,2.4239604,2.4166462,2.8938365,2.9853935,3.0537677,-3.1018274,3.1095412,3.1304135,-3.0942028,-3.1083055,-3.105848
105,1760879475.9544096,COMBINED,Walking,71.5,0.0,11.869693,14.229267,15.842702,17.313704,13.978156,7.9853716,4.004002,2.3199286,5.6879125,9.9238825,10.534142,11.450488,12.088687,11.611502,9.834201,6.2142906,5.1635566,6.256303,4.6385117,3.80668,3.449817,5.594748,6.7023716,7.291225,8.902553,9.079617,0.0,0.0,0.0,0.0,0.0,0.0,0.0,0.0,0.0,0.0,0.0,6.5330606,7.6135592,10.849813,11.258759,16.90648,16.840118,17.305824,17.524809,16.968817,16.35128,15.403423,14.790826,14.667513,15.699849,16.667313,16.377283,14.078922,10.133506,9.205683,6.855398,6.251981,10.91938,13.465382,14.962395,14.640786,13.443869,0.0,2.8356092,2.9312978,3.0422702,3.0766408,3.0699914,3.108351,-3.031951,-1.071749,-0.42514738,-0.41582388,-0.32424316,-0.3045765,-0.23053297,-0.28155178,-0.2915072,-0.33965555,-0.52270824,-0.5952712,-0.6156491,-1.1392598,-1.8313987,-2.1538897,-2.099715,-2.1252902,-2.0817509,-2.0054665,0.0,0.0,0.0,0.0,0.0,0.0,0.0,0.0,0.0,0.0,0.0,-0.6334803,-0.8993103,-0.8695475,-0.85214806,-0.95299286,-0.84406435,-0.75336355,-0.7601675,-0.81334686,-0.7564755,-0.8379815,-0.8790469,-0.971184,-1.0002217,-0.991736,-1.0029916,-1.0515066,-1.2720166,-1.4858437,-2.131781,-2.7960577,3.029513,2.8674843,2.7716327,2.779438,2.792231
106,1760879476.0544033,COMBINED,Walking,60.5,0.0,9.501031,6.6627045,11.117135,4.8371634,6.763745,4.9159436,0.851635,2.6439364,6.589525,8.721023,10.970916,9.661178,11.88655,13.096245,14.117696,12.844675,12.240405,13.4484005,13.968107,11.195697,10.470359,9.473658,10.621877,10.2259865,6.2355156,6.5440083,0.0,0.0,0.0,0.0,0.0,0.0,0.0,0.0,0.0,0.0,0.0,4.5730295,8.130942,1.7588288,1.2614454,2.950503,7.5907426,10.671771,12.802492,12.802492,11.423688,10.128262,11.858626,11.803493,11.079656,13.688298,12.053186,12.895148,12.086469,12.755725,11.755707,12.223846,12.09157,9.452505,7.401171,1.4983442,0.0,0.0,2.8645606,-3.083013,2.90478,2.6407857,2.9979959,2.6012955,-2.6570737,-1.3882364,-0.59846145,-0.3139822,-0.49824515,-0.5123777,-0.47367877,-0.32232055,-0.31602255,-0.36349055,-0.23703918,-0.47781876,-0.23683098,-0.36607668,-0.6109825,-0.46461302,-0.4732178,-0.45646665,-0.5019261,-0.9634054,0.0,0.0,0.0,0.0,0.0,0.0,0.0,0.0,0.0,0.0,0.0,2.7220614,2.9888117,2.136602,-2.6081126,0.677564,0.5596455,0.5147239,0.6038334,0.6038334,0.68987143,0.5499557,0.4852756,0.63652176,0.42327315,0.4154101,0.29687265,0.23924303,0.08627849,0.09878674,0.08138849,0.18731727,0.20485142,0.1536886,0.28337732,0.7725944,0.0
107,1760879476.103366,COMBINED,Walking,52.5,0.0,7.8586226,7.0375385,5.3361716,4.6000376,5.190214,6.5010223,7.5765476,8.059459,7.393666,7.393666,6.7123394,5.8468924,3.7835093,3.0334017,2.607,3.8376837,7.6752796,8.792762,9.98563,10.216429,9.442916,9.731554,9.692945,9.632207,9.450498,8.962311,0.0,0.0,0.0,0.0,0.0,0.0,0.0,0.0,0.0,0.0,0.0,11.424969,13.014154,13.3137455,14.171477,14.223455,14.138436,12.97622,12.908272,11.581172,11.752435,11.182917,9.370365,6.985444,4.8867216,3.6924722,4.0312304,4.6846776,5.904835,7.452791,8.534497,8.104718,7.879725,6.591999,6.5604706,5.594436,4.766344,0.0,2.2008798,2.381737,2.588594,3.0286205,-2.8420594,-2.5634737,-2.484739,-2.3378525,-2.4262035,-2.4262035,-2.323539,-2.3629081,-2.5300035,-3.0584085,2.4009705,1.8963199,1.6416013,1.6497077,1.6651895,1.8556994,1.9415914,2.1155205,2.2699857,2.4445002,2.6015143,2.7007363,0.0,0.0,0.0,0.0,0.0,0.0,0.0,0.0,0.0,0.0,0.0,1.9709392,2.0284288,2.1706905,2.3165736,2.4299593,2.5692239,2.6516128,2.802254,2.871106,2.965835,2.921545,2.899776,2.8003473,2.48059,1.8722787,1.6402352,1.2532068,1.1618555,0.7916221,0.7527563,0.8936733,0.838204,1.0969085,1.1065373,1.4120651,1.6285627
108,1760879476.2310376,COMBINED,Walking,74.5,0.0,4.827851,6.2660685,9.54639,9.955777,10.715615,11.526332,10.910088,9.886913,9.224365,6.8347907,6.059788,4.1888647,4.075046,3.1776657,3.0,1.5418893,0.9353392,1.1598318,2.0000005,0.51138294,1.8889301,2.6634455,5.011717,5.720543,8.601637,7.6133404,0.0,0.0,0.0,0.0,0.0,0.0,0.0,0.0,0.0,0.0,0.0,14.758839,12.393313,13.885728,17.625372,20.53028,21.59335,24.408314,23.966148,25.997402,23.214447,22.146027,18.714691,16.416468,16.578598,14.703212,15.511428,15.931918,15.746512,20.180199,18.648945,18.594776,16.804396,13.976143,10.835548,7.465821,5.4969454,0.0,2.554745,2.5857112,2.4125476,2.217633,2.3263197,2.3100052,2.3518996,2.5135012,2.5861669,2.8472965,3.0691175,-2.8030498,2.9493804,-2.7718427,3.1415925,-2.832611,-1.7701702,-2.0504816,1.5707964,3.0211682,-2.0229113,-1.6014419,-1.2708969,-1.2224633,-0.9442975,-0.58212304,0.0,0.0,0.0,0.0,0.0,0.0,0.0,0.0,0.0,0.0,0.0,-0.41796756,-0.45844987,-0.7053652,-0.798498,-0.9212188,-0.8155794,-0.8632892,-0.84624493,-0.89469326,-0.8357564,-0.83037084,-0.88249594,-0.8430818,-1.072288,-1.2037793,-1.2813882,-1.3118349,-1.4251698,-1.4941407,-1.4863582,-1.498008,-1.5588468,-1.6311045,-1.5485721,-1.7296386,-1.9431818
109,1760879476.3090763,COMBINED,Walking,60.0,0.0,3.1228054,3.805552,2.445926,4.6167703,2.8160498,3.5849516,2.4325368,2.1520872,1.6803775,4.5088215,5.637216,6.627482,8.4893055,8.879566,7.5786314,8.352844,8.741497,9.359812,10.706244,10.797744,10.070053,10.46809,9.245729,7.3503585,5.1057687,4.3166943,0.0,0.0,0.0,0.0,0.0,0.0,0.0,0.0,0.0,0.0,0.0,11.582685,11.631492,10.615615,10.6814165,9.952356,8.757341,9.132924,9.582995,9.919443,9.576244,9.276872,11.280965,10.786907,10.424485,9.854461,9.585992,9.823442,8.441333,9.062503,7.896009,7.3304873,6.297397,6.072894,5.437002,3.1301053,2.3986921,0.0,-2.3702135,-2.2857342,-2.106521,-2.6597648,-2.3517895,-2.5497544,-2.4933689,-1.9785762,-2.0840263,-0.40860683,-0.40229568,-0.38398415,-0.41094357,-0.31017345,-0.090674214,0.0071412195,0.20985717,0.47908583,0.6319045,0.8196367,0.9800562,1.2220817,1.2102838,1.5027199,1.2918113,0.6554673,0.0,0.0,0.0,0.0,0.0,0.0,0.0,0.0,0.0,0.0,0.0,-0.33212212,-0.052995708,-0.057212733,0.12963717,0.12197423,0.049867887,0.020555686,-0.14342965,-0.27466738,-0.34867677,-0.39426407,-0.55340517,-0.47590128,-0.43926018,-0.44721988,-0.38734624,-0.2573237,-0.245913,-0.28982025,-0.08915352,-0.20867945,-0.11891209,-0.018621724,0.040574595,-0.54960734,-0.25693384
110,1760879476.3617907,COMBINED,Walking,63.0,0.0,2.979342,1.8917807,2.6620712,4.448569,4.0592694,6.0498595,7.5721283,10.551787,11.74937,10.382795,10.154344,9.127527,9.704124,10.612713,10.78865,11.545268,11.062995,11.121339,11.223574,10.781499,12.341926,9.214149,6.2240376,6.742662,7.7810183,6.309651,0.0,0.0,0.0,0.0,0.0,0.0,0.0,0.0,0.0,0.0,0.0,10.547917,11.694069,12.772235,14.418983,14.509609,15.723556,15.545712,15.182298,13.951972,11.808737,12.062023,10.431885,10.077792,10.00953,11.045155,11.411617,12.104383,12.753868,12.779761,13.13483,12.137278,9.8799925,10.195292,6.409702,5.4602585,4.8134,0.0,-0.9909407,-1.2520027,-1.2404355,-1.07746,-0.8761961,-0.8798967,-0.7483384,-0.79901266,-0.78978217,-0.8505845,-1.0057724,-1.1247369,-1.2414287,-1.2779765,-1.3582761,-1.4881428,-1.3394558,-1.3217089,-1.1237417,-1.0508454,-0.95266014,-0.8475827,0.057706602,-0.4264187,1.5891185,1.7545022,0.0,0.0,0.0,0.0,0.0,0.0,0.0,0.0,0.0,0.0,0.0,0.09785395,0.1907967,0.21412903,0.241659,0.2658186,0.3045472,0.3730938,0.30069682,0.3633868,0.29424095,0.25135282,0.21960633,0.1699667,0.10007173,0.017715294,-0.06201299,-0.070904285,-0.13584875,-0.14994517,-0.13490073,-0.13795625,-0.20383796,-0.20803,-0.30497324,-0.35061002,-0.49419728
111,1760879476.3794026,COMBINED,Walking,53.5,0.0,5.529065,5.4237757,6.5467634,5.713813,4.837071,2.9586937,2.0576384,3.7712426,7.434938,8.913741,10.81365,10.6103735,9.917047,10.469058,11.44468,12.514019,12.981208,13.125744,14.080681,13.470169,12.275182,11.749145,10.679798,9.379324,9.181974,8.380776,0.0,0.0,0.0,0.0,0.0,0.0,0.0,0.0,0.0,0.0,0.0,0.829713,2.3236752,4.7801433,7.3135247,9.916081,13.09576,14.171303,13.041149,12.916812,12.519688,13.206437,13.877696,14.990411,16.03174,16.567041,15.981654,16.072155,15.31152,15.24909,14.060892,13.72497,12.935933,13.030755,10.320081,6.9334946,3.8028877,0.0,-0.059390735,-0.04505589,-0.040132675,-0.086774476,-0.243787,-0.2832885,-1.7046573,-2.5417147,-2.821589,-2.9152935,-2.9653609,-3.060681,3.1115181,3.0068407,2.881867,2.853983,2.8692954,2.8303356,2.8526342,2.883076,2.9440935,2.9903815,3.0774748,3.1388323,-2.9889612,-2.935318,0.0,0.0,0.0,0.0,0.0,0.0,0.0,0.0,0.0,0.0,0.0,-2.8403425,-2.816138,-2.511533,-2.4021394,-2.2490568,-2.1019735,-1.9704217,-1.9460357,-1.9682723,-1.9655062,-1.9977094,-2.022578,-2.0752885,-2.1144955,-2.166077,-2.2230668,-2.2473843,-2.2409542,-2.2860074,-2.2774265,-2.304652,-2.2325416,-2.2876866,-2.2182605,-2.0939922,-1.4529995
112,1760879476.3834324,COMBINED,Walking,53.0,0.0,2.3765206,4.073463,4.530055,4.6219525,3.495614,1.9184651,2.3473566,4.350032,7.375166,8.124417,12.005527,11.1815405,10.162152,10.436742,11.527112,12.574031,13.567525,14.191352,14.6158905,14.567946,14.010005,12.541421,11.127023,10.324206,8.904478,8.638021,0.0,0.0,0.0,0.0,0.0,0.0,0.0,0.0,0.0,0.0,0.0,1.8247471,2.714088,5.195396,7.0548625,9.57568,12.016764,13.3887005,12.44243,11.662867,12.383513,13.244226,14.330533,15.833016,16.539785,16.729538,16.833902,16.738438,15.705957,15.013049,14.385916,13.819423,13.019327,12.994338,10.076671,6.400332,3.145813,0.0,0.010868355,0.11646035,0.2343067,0.21238218,0.041997474,-0.78950095,-1.8550298,-2.4801064,-2.618268,-2.681003,-2.7445133,-2.8275645,-2.9753718,-3.0644538,3.1030333,3.0538044,3.0609055,3.0202658,3.0301208,3.063275,3.103798,-3.0884593,-3.0664957,-2.9495552,-2.8604143,-2.6512187,0.0,0.0,0.0,0.0,0.0,0.0,0.0,0.0,0.0,0.0,0.0,2.4650328,3.1366138,-2.3607125,-2.0394082,-1.9323874,-1.8046384,-1.7331344,-1.6868055,-1.7173816,-1.7117095,-1.7631353,-1.7554053,-1.8354131,-1.8512881,-1.8846543,-1.9084522,-1.9374102,-1.9627781,-2.0202127,-2.0158882,-1.991052,-2.00912,-2.0462272,-2.0317912,-1.8654788,-1.2384659
113,1760879476.4196267,COMBINED,Walking,66.0,0.0,18.824211,19.647013,21.364592,21.662907,19.326778,19.08272,16.255367,13.544428,10.352206,7.664356,5.5654917,4.633579,4.544193,5.9885497,8.654642,11.174587,12.045783,13.547204,13.420435,13.668368,13.715215,12.150085,10.0424385,8.664502,6.207407,3.251655,0.0,0.0,0.0,0.0,0.0,0.0,0.0,0.0,0.0,0.0,0.0,12.565328,11.441176,10.038048,7.80663,5.303447,2.5914724,2.1109774,6.384904,9.193656,12.530463,15.69697,17.762146,19.48838,20.223774,21.036156,20.58388,20.16118,18.215996,16.504261,13.552058,11.293848,6.911887,2.6225085,4.3011627,7.9905295,11.377127,0.0,-0.29486987,-0.25784442,-0.28189316,-0.32793772,-0.37632173,-0.3947565,-0.35857698,-0.43640226,-0.48857018,-0.43496314,0.05019469,0.5982481,1.5201254,1.936803,1.8980155,1.9659415,1.9760128,1.942436,1.921084,1.9480352,1.9928105,2.0175536,1.9785527,2.0972233,2.0373228,2.4014947,0.0,0.0,0.0,0.0,0.0,0.0,0.0,0.0,0.0,0.0,0.0,0.13422635,0.323874,0.44809815,0.63864505,0.69278663,1.5045412,2.8158972,-2.7925968,-2.7490132,-2.641145,-2.6093032,-2.5804646,-2.6362677,-2.6308675,-2.6480727,-2.6915226,-2.731784,-2.7741406,-2.7961721,-2.8772602,-2.819842,-2.7904534,-2.6292033,-0.6202495,-0.44394132,-0.32112867
114,1760879476.4962866,COMBINED,Walking,52.5,0.0,10.389655,8.845868,8.998253,10.840821,8.846301,9.144519,8.88117,10.2661295,10.19297,11.675683,11.801648,11.666488,11.224428,10.916333,9.900449,8.276811,7.964114,8.087532,9.980146,8.924636,6.2694044,4.543536,3.908572,4.3047504,4.4801207,5.5273685,0.0,0.0,0.0,0.0,0.0,0.0,0.0,0.0,0.0,0.0,0.0,4.097114,2.7802026,0.75062984,0.75506645,2.9128678,2.9954958,5.2486467,5.321565,4.472536,3.6402106,2.3372295,1.9468646,4.103114,8.485281,11.423562,10.241451,10.905385,11.965766,14.265463,15.370266,17.511915,18.901587,19.903252,18.95543,17.262535,14.642887,0.0,2.4473364,2.1697402,1.8166376,1.5610713,1.4014399,1.0838623,0.86510116,0.5474441,0.4753598,0.32751393,0.26755512,0.214222,0.24441172,0.21572366,0.28986767,0.44010296,0.663707,0.9484935,1.1169713,1.1364747,1.3466727,1.7162992,2.1281683,2.8493094,-3.0369089,-2.7460115,0.0,0.0,0.0,0.0,0.0,0.0,0.0,0.0,0.0,0.0,0.0,1.8784571,1.7811216,0.9759711,-0.33349556,-0.54019576,-0.50314635,-0.50675946,-0.46729124,-0.2459875,-0.23042272,0.26170474,1.8976525,2.2518947,2.3561945,2.3295794,2.44516,2.4850233,2.6197894,2.782829,2.758663,2.7949283,2.8327363,2.8455873,2.83051,2.7936468,2.757509
115,1760879476.5236773,COMBINED,Walking,66.0,0.0,10.964857,8.062258,5.050628,6.824715,7.391712,9.845249,9.348446,11.704699,10.560697,10.123119,11.058951,10.606784,11.353901,8.156071,9.520444,5.2194314,2.221365,1.9845408,6.0605125,9.324401,9.4081745,9.890489,9.673957,10.106625,10.132883,10.200842,0.0,0.0,0.0,0.0,0.0,0.0,0.0,0.0,0.0,0.0,0.0,3.9085836,7.1505365,6.7940283,7.037418,6.319309,8.91777,8.728631,9.8047285,11.6039,10.956995,11.525674,9.713547,6.841428,7.6248884,8.445107,10.944135,8.347101,7.360178,8.249749,8.084804,8.068249,8.631664,8.808523,9.806028,9.532365,9.06074,0.0,0.051169608,0.124354996,-0.83935136,-1.0514448,-1.3094778,-1.4534811,-1.8231771,-1.9195673,-2.1695838,-2.283168,-2.3067143,-2.4992218,-2.5848157,-2.586506,-2.6254098,-2.4735794,-2.0210257,0.0705751,0.12426097,0.50362635,0.621452,0.7021346,0.9033006,1.0984539,1.2196529,1.2338022,0.0,0.0,0.0,0.0,0.0,0.0,0.0,0.0,0.0,0.0,0.0,2.016529,2.4399674,2.5010507,2.6711192,2.7971435,2.9368384,3.0099566,3.0375547,3.0920258,3.098353,3.1051726,3.1242929,3.1086771,3.0100644,3.0011687,2.8829813,2.8150444,2.528935,2.1561744,1.8348416,1.4675905,1.3913721,1.0803517,0.7308704,0.62941426,0.42323893
116,1760879476.564436,COMBINED,Walking,52.0,0.0,13.04266,10.750157,10.660601,12.149405,7.7347827,4.531317,2.842021,3.8605905,3.994338,3.3483186,3.9941363,4.7327056,4.1259236,4.0447855,4.3217235,4.1378617,5.560039,7.594975,9.47142,10.485993,10.320299,9.718254,10.662857,11.64098,11.483365,11.693406,0.0,0.0,0.0,0.0,0.0,0.0,0.0,0.0,0.0,0.0,0.0,10.212709,9.89181,10.555035,11.47348,12.234552,13.041151,13.01893,12.735807,12.326278,11.715605,11.470706,11.766903,11.454659,12.608207,13.126346,10.474869,9.187699,9.869312,11.912866,14.457212,16.029541,18.666817,18.274725,18.623323,17.370893,16.977987,0.0,-0.5445813,-0.5041108,-0.3370209,-0.22662438,-0.26380605,-0.0046004206,0.7300706,1.3745294,1.3962479,1.2982514,1.2193515,1.3315052,1.0557195,1.0216013,0.56587416,0.19159378,-0.19215532,-0.47363442,-0.5595114,-0.5816918,-0.59275836,-0.54041946,-0.4738786,-0.40333614,-0.2643143,-0.17188163,0.0,0.0,0.0,0.0,0.0,0.0,0.0,0.0,0.0,0.0,0.0,0.043828115,0.3868657,0.56135786,0.7874008,0.8666536,0.9901566,1.0520978,1.0341963,0.9838619,0.8733311,0.7831824,0.56144327,0.44515312,0.37765637,0.32694253,0.19410479,-0.1413454,-0.51527137,-0.842825,-0.9195306,-0.9648234,-1.0350486,-0.9845126,-0.96124125,-0.9456827,-0.8770474
117,1760879476.5731134,COMBINED,Walking,51.5,0.0,12.888185,12.090911,12.137336,12.348101,9.541031,8.651075,10.011823,12.306868,12.306868,12.75386,13.71131,12.926885,12.376117,11.663886,10.215991,9.092863,8.692269,8.785865,8.744051,6.7831764,5.011631,3.0956814,3.1979864,3.3557749,3.6981225,4.119459,0.0,0.0,0.0,0.0,0.0,0.0,0.0,0.0,0.0,0.0,0.0,8.055605,2.9117908,1.3033382,3.864499,4.885501,6.1109133,6.2986727,6.956435,5.6091733,4.114275,2.895924,3.543398,6.872988,9.413547,11.963822,11.560277,10.120057,11.135901,12.795428,14.62066,16.6525,17.333735,18.333202,18.01845,17.409603,15.453994,0.0,2.0840726,1.960446,1.7103094,1.5596428,1.295824,0.8653379,0.6241319,0.45236987,0.45236987,0.42845717,0.38875768,0.38310468,0.42074332,0.5472964,0.62854594,0.74893916,1.0040671,1.1279949,1.1981024,1.2861588,1.4486673,1.702376,2.1026897,2.6602051,2.9617524,3.1311712,0.0,0.0,0.0,0.0,0.0,0.0,0.0,0.0,0.0,0.0,0.0,1.7155355,1.7070975,2.1376219,-1.4250898,-1.0469847,-1.061774,-0.6991653,-0.5409409,-0.331465,0.023437347,0.9074034,1.5179116,2.0277681,2.1627846,2.2147748,2.2212176,2.2481863,2.4081707,2.568755,2.6334965,2.6441464,2.597674,2.564386,2.5186682,2.4875965,2.4008927
118,1760879476.5933738,COMBINED,Walking,60.5,0.0,18.191525,19.625172,16.79165,15.720503,14.697761,12.582118,10.993147,11.004823,12.035374,13.025379,9.383062,6.9324226,6.007096,6.2228885,5.37116,5.732674,6.0556846,5.8950887,6.6206007,6.6206007,8.051893,8.713411,9.723814,10.258724,8.300155,6.9663916,0.0,0.0,0.0,0.0,0.0,0.0,0.0,0.0,0.0,0.0,0.0,10.457724,10.657568,10.508756,11.546598,12.034497,12.500031,14.223955,14.813788,15.087529,16.034983,16.008997,16.529308,14.069768,13.6431675,13.074847,11.78099,11.339191,10.933194,10.800984,11.268713,11.689103,12.69942,14.184281,15.743344,16.412369,18.11158,0.0,-1.2193712,-1.231505,-1.2164426,-1.1753191,-1.1318523,-1.1476,-1.184542,-1.1623422,-1.2292068,-1.2449203,-1.3867767,-1.5549816,-1.6998209,-1.9263726,-2.2104733,-2.1748893,-1.968053,-1.8681614,-1.5977604,-1.5977604,-1.3103932,-1.2482961,-1.0865654,-0.9443305,-0.7616937,-0.49116355,0.0,0.0,0.0,0.0,0.0,0.0,0.0,0.0,0.0,0.0,0.0,-0.4967758,-0.35311416,-0.3124364,-0.30432722,-0.28554028,-0.28422356,-0.17272413,-0.20949143,-0.10776875,-0.066067494,0.03352623,0.037697054,-0.014558962,0.01234122,-0.01675347,-0.10898843,-0.1983065,-0.36700514,-0.58897007,-0.71874785,-0.87875944,-1.0311987,-1.0622066,-1.2004082,-1.1870669,-1.2522565
119,1760879476.6524572,COMBINED,Walking,62.0,0.0,18.492132,18.636929,17.422445,17.27219,14.673529,13.038855,11.853204,12.019045,12.959569,10.093929,6.1847086,2.3314877,1.2318324,0.9918995,3.9303987,3.876824,3.9880528,1.6633846,3.5248616,6.502188,10.218093,11.5084505,10.79808,11.51055,11.898148,13.04485,0.0,0.0,0.0,0.0,0.0,0.0,0.0,0.0,0.0,0.0,0.0,8.363472,5.978735,5.437512,4.8389797,6.528863,7.190851,8.616496,9.241167,10.17379,10.5732155,10.310734,11.820738,10.875305,9.093469,7.1276298,5.7185154,5.5385447,7.723237,8.98274,12.519579,13.39206,12.786992,13.71683,14.923758,16.945557,17.481182,0.0,-1.6664847,-1.6109394,-1.7016606,-1.6304432,-1.6157042,-1.6480154,-1.6552621,-1.6540939,-1.7186457,-1.7474898,-1.7788347,-2.0533655,1.0564585,1.497658,1.6457582,1.7634109,1.9016625,2.643976,-2.439596,-1.9390491,-1.8375803,-1.7071264,-1.526801,-1.3317896,-1.0664861,-0.9171354,0.0,0.0,0.0,0.0,0.0,0.0,0.0,0.0,0.0,0.0,0.0,-1.2589889,-1.0501451,-0.57302284,-0.30076033,0.10564889,0.26099044,0.4230384,0.4512804,0.6498011,0.7082204,0.7523208,0.9659262,0.8747602,0.84427583,0.47696415,0.30834717,0.05050812,-0.6950402,-0.8313141,-1.0412182,-1.1008966,-1.1828742,-1.2777563,-1.3289274,-1.4161074,-1.4595771
120,1760879476.7264,COMBINED,Walking,62.5,0.0,14.326739,15.311827,15.072079,15.530965,13.615476,17.023607,16.183691,15.54607,14.6417885,14.982405,13.211325,14.148749,12.805183,11.066157,11.4661455,9.866998,8.596115,8.034282,7.2574925,6.9806423,5.364069,4.7563467,2.741304,1.5044967,0.718595,2.3292825,0.0,0.0,0.0,0.0,0.0,0.0,0.0,0.0,0.0,0.0,0.0,18.503977,18.2391,17.997446,17.679413,15.603177,15.035565,13.476885,9.734348,8.660632,7.652488,7.6957064,8.651097,11.953153,11.823058,10.747983,10.861787,11.03795,11.226704,12.321549,13.079429,13.477135,13.44154,14.119891,14.974393,13.6426,13.525551,0.0,-2.0815678,-2.1205437,-2.0030804,-2.1022043,-2.1932073,-2.0988204,-2.014215,-2.0750427,-2.083733,-1.883235,-2.0901272,-2.0204914,-2.083651,-2.1399632,-2.0410295,-2.0144687,-2.123181,-2.339844,-2.4473784,-2.1440814,-2.526503,-2.4095113,-2.4961598,-0.12824196,-0.683052,0.32527232,0.0,0.0,0.0,0.0,0.0,0.0,0.0,0.0,0.0,0.0,0.0,-2.748702,-2.7804387,-2.8680046,-2.8681684,-2.773446,-2.7573094,-2.8418736,-2.5029325,-2.2283306,-2.0653594,-1.8975619,-1.6772692,-1.5216063,-1.5790948,-1.7005225,-1.7559848,-1.8190765,-1.9066399,-2.02115,-2.047368,-2.134674,-2.225281,-2.0894997,-2.057217,-2.2698002,-2.1147685
121,1760879477.0540304,COMBINED,Walking,54.0,0.0,7.8107357,8.278891,8.949224,9.219544,9.850121,9.923331,9.627711,9.184101,8.305047,8.5843525,10.005553,10.622562,10.624944,10.758889,10.271448,10.4437895,10.591079,10.743678,11.671922,11.783819,11.783819,12.043345,11.454668,10.858164,10.443718,9.461929,0.0,0.0,0.0,0.0,0.0,0.0,0.0,0.0,0.0,0.0,0.0,12.876579,12.876579,13.340876,15.203036,12.127637,13.185455,13.459414,12.498372,12.46336,13.170256,10.459092,6.7023716,2.3040378,2.3040378,1.8105173,3.2198114,4.3547482,4.4181285,5.5889187,3.447061,3.0472615,3.54818,5.4594593,7.0548625,8.784266,9.756018,0.0,-1.7177114,-2.2247143,-2.5237072,-2.4329665,-2.615957,-2.6617815,-2.6760988,-2.613093,-2.3902905,-2.2772899,-2.0940747,-2.0175455,-1.9846444,-2.01882,-2.006611,-1.9638411,-2.0624626,-2.1009583,-2.1078057,-2.0951598,-2.0951598,-2.027967,-1.9939562,-1.9056737,-1.697529,-1.6340519,0.0,0.0,0.0,0.0,0.0,0.0,0.0,0.0,0.0,0.0,0.0,-0.67721033,-0.67721033,-0.7039642,-0.4939777,-0.7611468,-0.8363845,-0.74971104,-0.69079053,-0.6905063,-0.75235236,-0.63084376,-0.52891874,0.32700902,0.32700902,0.6409331,1.249642,1.4978584,1.3573635,1.3997113,0.82754093,0.200539,-0.09284794,-0.9090247,-1.1021843,-1.2045335,-1.3519996
122,1760879477.0728111,COMBINED,Walking,54.0,0.0,11.619339,11.601591,12.107862,12.758447,13.125042,12.822202,12.772871,12.066686,12.229812,11.919381,12.141931,11.147325,11.423562,9.034465,7.0375385,4.3460817,3.0386643,2.9677598,3.5234728,3.1592724,4.127479,4.218727,5.0751066,6.0310335,7.7327228,8.396452,0.0,0.0,0.0,0.0,0.0,0.0,0.0,0.0,0.0,0.0,0.0,4.568,5.2777543,5.7213206,2.563444,2.4925852,2.035105,3.98918,8.038123,10.922152,11.243883,11.122023,9.941808,9.6721945,10.406127,11.524869,12.656122,13.221657,13.732461,13.16773,12.17527,11.717636,11.297981,11.14476,11.963149,13.115811,12.102412,0.0,-0.19153991,-0.108992875,-0.11246287,-0.18595771,-0.31219462,-0.35114074,-0.46106988,-0.52550673,-0.6658776,-0.7107982,-0.76926684,-0.7884695,-0.8120134,-0.8301791,-0.75985575,-0.68293804,-0.29947925,-0.28834215,-0.27860716,0.013589029,-0.28003833,-0.28990415,-0.30362177,-0.30631164,-0.37947893,-0.32867134,0.0,0.0,0.0,0.0,0.0,0.0,0.0,0.0,0.0,0.0,0.0,2.4386897,2.555007,2.709072,2.5920575,2.6171744,0.44758135,0.21577513,0.08308754,0.1615785,0.12631327,0.10673086,-0.044033594,-0.2418108,-0.56642264,-0.73138964,-0.837051,-0.883236,-0.9714044,-0.9866611,-0.9448525,-0.86802274,-0.7244977,-0.5510212,-0.3913368,-0.2948591,-0.26946813
123,1760879477.0844889,COMBINED,Walking,65.0,0.0,7.638553,8.290805,11.000247,13.685826,12.205297,11.005051,11.931308,11.247508,9.895831,10.752907,10.154344,11.036098,7.2068305,6.4361196,2.9310968,4.5911264,8.314613,10.984848,10.300585,9.726778,9.428524,9.178852,7.831818,7.820961,8.753366,9.403334,0.0,0.0,0.0,0.0,0.0,0.0,0.0,0.0,0.0,0.0,0.0,9.310069,10.026698,11.077729,11.360286,11.867457,10.381187,12.048012,10.57745,13.458153,14.049635,11.851819,10.214761,7.2194104,8.831313,11.353552,10.848858,9.762296,9.658803,2.9183416,2.5298765,10.01866,12.150043,13.539994,17.876427,20.247395,16.180529,0.0,-1.8113378,-2.292679,-2.6398761,-2.7947261,-2.9883196,3.1112988,3.0619614,2.7647872,2.698069,2.834547,2.5765686,2.5770535,2.5655184,3.0759387,-2.6580913,-2.0145335,-1.5246612,-1.4165579,-1.3957692,-1.2535259,-1.2011737,-1.0594994,-1.1187595,-0.52576697,-0.2509412,-0.1511581,0.0,0.0,0.0,0.0,0.0,0.0,0.0,0.0,0.0,0.0,0.0,-0.5773073,-0.07904213,-0.17176293,-0.2420987,-0.036636215,0.12572733,0.7013507,1.0363648,0.92719895,1.2351018,1.0400554,1.3459959,1.7344503,1.842553,1.9878317,1.8901577,1.7596467,1.8104764,1.7028496,-1.0340917,-1.1889265,-1.19925,-1.3193762,-1.12276,-1.195614,-1.1960316
124,1760879477.0888386,COMBINED,Walking,53.5,0.0,13.97671,14.504436,12.490023,9.664159,8.034688,7.4395957,7.1776247,7.089136,7.1941013,7.786736,8.377609,9.426349,10.3421335,10.842149,11.429988,13.193513,12.641168,11.922124,8.958865,7.301692,6.344875,6.0432878,5.737406,5.8418427,5.4010897,5.871506,0.0,0.0,0.0,0.0,0.0,0.0,0.0,0.0,0.0,0.0,0.0,6.610182,7.500633,9.249616,10.622536,11.389207,11.112618,9.708233,9.081066,8.183751,8.957795,10.65194,13.146497,14.382195,13.418333,12.585672,12.694265,13.518518,14.68851,15.980975,16.86395,17.340044,17.222849,17.06081,17.051538,16.299234,15.652116,0.0,-2.0100422,-1.9348987,-1.886168,-1.8192688,-1.647724,-1.5838882,-1.5168538,-1.5725555,-1.6902252,-1.7688068,-1.8307588,-2.039359,-2.1665218,-2.2571495,-2.3154378,-2.4141166,-2.3975158,-2.3642921,-2.5214155,-2.768129,-2.9899662,-3.1274657,3.08008,-3.061229,-2.9412816,-2.690327,0.0,0.0,0.0,0.0,0.0,0.0,0.0,0.0,0.0,0.0,0.0,-3.0414329,3.033063,2.903966,2.8943913,2.8905847,3.0412316,-3.0773103,-2.8633559,-2.534492,-2.1176603,-1.8247246,-1.5983218,-1.5498607,-1.475316,-1.5189143,-1.5266181,-1.5707964,-1.6389295,-1.6868579,-1.7746619,-1.8887892,-1.9211733,-1.9899971,-1.9970973,-2.022246,-1.9811169
125,1760879477.1164083,COMBINED,Walking,75.5,0.0,4.550085,6.890141,9.039413,9.706263,7.6316824,11.246662,10.52478,11.170883,11.208071,20.597628,14.430192,11.410766,7.8425217,10.081922,8.412997,15.725347,12.027124,10.843155,10.808096,8.529169,8.364072,5.8664966,4.154838,8.000685,5.924705,5.2548637,0.0,0.0,0.0,0.0,0.0,0.0,0.0,0.0,0.0,0.0,0.0,20.776138,12.040656,11.22266,12.386867,12.20237,14.256997,13.491683,12.478735,9.653445,8.944272,7.9981017,9.790955,7.0334077,10.666972,5.693246,8.56532,9.094246,9.974624,9.935619,15.294082,11.948427,12.609319,11.859368,8.389889,6.722365,7.7766604,0.0,1.611521,1.8653051,2.2778895,2.9452407,2.8003504,2.3826087,2.803936,2.1475265,2.0751786,2.1138563,2.108665,1.9289505,2.2824185,2.144202,2.2247806,1.9908506,2.2763152,2.28293,2.7130082,2.049883,1.982224,1.8643601,2.965301,1.9851503,2.5010295,2.0559328,0.0,0.0,0.0,0.0,0.0,0.0,0.0,0.0,0.0,0.0,0.0,-2.867944,-2.2814174,-1.7912204,-2.1593587,-2.4397917,-2.183147,-1.8456616,-1.7582201,-2.295373,-2.0344439,-2.4769206,2.964663,2.405824,2.2518682,2.6447742,1.8771174,1.4267044,1.0541404,1.0695912,0.74450433,0.90925556,0.91582316,0.89171803,1.0887464,0.9359358,2.167845
126,1760879477.125802,COMBINED,Walking,67.0,0.0,15.955366,13.607147,14.401731,12.90591,13.580151,12.297295,11.230967,10.631295,10.844655,12.6954775,16.436092,19.416216,20.723398,19.321867,18.46209,14.840075,11.597884,11.074993,9.334963,9.544389,9.752949,8.363472,4.795377,5.941047,9.707133,15.318797,0.0,0.0,0.0,0.0,0.0,0.0,0.0,0.0,0.0,0.0,0.0,8.445973,9.190358,11.05115,11.843568,7.959108,6.2713275,10.110461,15.497179,21.927803,19.443619,18.632391,17.500727,16.091652,14.106495,13.338195,12.068149,11.977692,11.756164,12.638934,10.337996,6.0741854,5.9235687,10.95992,17.207586,18.208061,17.221607,0.0,1.8955405,2.19127,2.2381268,2.3698924,2.445333,2.4723926,2.71256,3.0236263,-2.9468143,-2.6820633,-2.654117,-2.5976946,-2.5716078,-2.651147,-2.661247,-2.518334,-2.3802838,-2.150024,-1.7278255,-1.4841467,-1.3009472,-1.2589889,-0.8948925,0.35951036,0.8723082,1.0628632,0.0,0.0,0.0,0.0,0.0,0.0,0.0,0.0,0.0,0.0,0.0,2.346798,2.7227287,3.081704,-3.057058,-2.7046309,-2.0918677,-1.4662346,-1.2176042,-1.1666578,-1.131011,-1.0478293,-0.96257967,-0.89518344,-0.7882695,-0.6219601,-0.51779556,-0.31839684,-0.24367863,-0.10682499,-0.09988373,0.25790656,1.1821207,1.5233647,1.612339,1.6808599,1.6764216
127,1760879477.1849744,COMBINED,Walking,73.0,0.0,12.188512,15.292811,12.053725,13.366428,10.565174,6.733153,5.493562,4.1507306,2.3476088,1.4394319,3.8376398,2.917001,2.6148992,4.388756,6.052173,4.307672,2.8045866,2.90531,3.6308668,4.7135625,4.4582553,6.1769233,7.239933,7.462245,8.534018,6.4864535,0.0,0.0,0.0,0.0,0.0,0.0,0.0,0.0,0.0,0.0,0.0,17.824738,17.064533,17.549723,17.972284,17.560322,17.436705,17.07084,13.20737,10.271479,9.58162,13.316813,16.547575,17.20277,16.647532,15.062102,14.709038,13.822472,13.1200075,13.282531,13.819899,12.738524,12.981562,12.703035,10.600358,6.564022,5.5828857,0.0,-0.9797393,-0.9616298,-1.0215778,-0.98067456,-1.0990554,-1.3870066,-1.2858722,-1.2952213,-2.5893855,-3.0005076,3.0707877,2.731767,2.36658,2.3234322,2.1311002,2.4626853,2.8101277,-2.9691756,-2.6193697,-1.9708405,-1.8603,-1.3662633,-1.1666533,-1.0789315,-0.9535846,-0.8155976,0.0,0.0,0.0,0.0,0.0,0.0,0.0,0.0,0.0,0.0,0.0,-2.0129929,-2.0345166,-2.0791314,-2.154153,-2.2248147,-2.2246609,-2.3253841,-2.4287312,-2.6148949,-3.072457,2.8155308,2.66523,2.5935154,2.4105403,2.3548288,2.1381154,1.9372451,1.6564606,1.5681033,1.2897518,1.1362638,0.9565035,0.81239915,0.80345494,0.47124133,-0.38209555
128,1760879477.2569885,COMBINED,Walking,66.5,0.0,15.939152,14.760655,12.4082365,11.124675,10.304649,9.51441,8.738742,8.757075,7.793274,7.198475,7.596476,8.18145,11.401754,8.613498,6.048445,4.4743676,3.2018063,4.6412125,4.4582553,3.3903975,5.208965,3.3015068,3.3023791,3.1340296,1.8615633,2.0811825,0.0,0.0,0.0,0.0,0.0,0.0,0.0,0.0,0.0,0.0,0.0,12.13027,10.391464,9.418886,6.810233,5.6683764,2.487539,1.5712669,8.446721,12.231847,14.307437,17.233177,19.393015,20.99297,21.417265,21.348158,20.192022,19.708382,17.8392,15.658248,14.025884,10.815233,8.756973,9.118227,11.036098,16.120733,14.687203,0.0,2.2398047,2.2421246,2.0229332,1.8924391,1.7794887,1.5102285,1.321594,1.3054413,1.3493617,1.1761129,1.2499682,1.2938852,1.3045443,1.1949785,1.2720044,1.2477394,2.2386289,2.882883,2.8520892,2.875615,-2.9614086,3.0643034,3.0625567,3.0339394,2.6940756,1.8904549,0.0,0.0,0.0,0.0,0.0,0.0,0.0,0.0,0.0,0.0,0.0,-1.1990163,-0.7777286,-0.6214788,-0.2715152,-0.096355475,0.3046047,-2.822986,-2.730915,-2.757367,-2.6700442,-2.5173178,-2.3639436,-2.312786,-2.2699838,-2.212003,-2.1824286,-2.1943007,-2.2352378,-2.2635272,-2.3211963,-2.4675384,-2.7095752,2.9336274,2.5770535,2.4367092,2.4366632
129,1760879477.2768924,COMBINED,Walking,66.0,0.0,15.963511,17.365189,17.472897,16.96181,16.873688,15.919969,14.111128,12.504963,9.566904,7.4331365,6.6920834,8.840871,11.7919035,10.964237,10.343659,10.918109,11.07651,11.1060095,12.17527,11.849475,12.062009,10.783858,10.054728,8.347345,7.8170724,6.7657757,0.0,0.0,0.0,0.0,0.0,0.0,0.0,0.0,0.0,0.0,0.0,11.707704,9.999607,9.838537,7.8964486,8.633971,6.871843,5.598117,7.4323616,7.5823627,6.3058147,6.1168814,4.0814104,3.464131,4.378234,6.283861,7.7130284,8.60394,9.636104,8.44009,8.317446,7.7531404,4.2512426,2.0422392,8.755078,13.725393,13.64943,0.0,-0.43346584,-0.3063477,-0.23820359,-0.18507195,-0.12197151,-0.20725396,-0.27658272,-0.2945413,-0.40811995,-0.83073,-1.2193079,-1.6724993,-1.8905821,-1.9442384,-2.1508396,-2.2680612,-2.410418,-2.5267644,-2.5156488,-2.6309934,-2.6467729,-2.5740068,-2.4224625,-2.398617,-2.2803986,-2.268057,0.0,0.0,0.0,0.0,0.0,0.0,0.0,0.0,0.0,0.0,0.0,0.3379892,0.44944614,0.4209616,0.3867948,0.14257437,0.24497867,0.47922704,0.4154921,0.44926462,0.5806439,0.73276913,1.2379153,1.6653349,2.4952257,2.8251512,2.9406292,2.9859977,3.086068,3.1107707,-3.1391299,-3.0115085,-2.8480842,-1.4569108,-0.5764996,-0.6347128,-0.51935154
130,1760879477.319052,COMBINED,Walking,63.0,0.0,23.58319,23.268005,22.500406,19.31444,17.269926,14.237166,11.016022,7.2918053,4.931394,4.1786237,6.2410913,8.832029,11.016022,14.157439,15.148629,16.39557,15.632152,16.071373,15.081354,13.561137,11.385025,8.903482,6.466668,4.561267,3.206244,2.7141256,0.0,0.0,0.0,0.0,0.0,0.0,0.0,0.0,0.0,0.0,0.0,9.863475,7.905694,5.7222896,4.932928,5.493197,7.539427,10.200842,13.666096,16.147926,17.950901,19.70583,19.949839,19.89844,19.177439,18.083208,15.65833,13.164538,10.162161,8.751078,6.5971036,7.465646,10.129989,12.24299,16.177898,18.080273,20.141077,0.0,-2.9675374,-2.818471,-2.7830496,-2.7694204,-2.7555823,-2.8160143,-2.8484018,-2.957257,2.9887652,2.0236874,1.4214,1.3182142,1.2776054,1.2735566,1.28664,1.3506856,1.4444501,1.4765168,1.610849,1.6477152,1.7965204,1.8595084,1.8852303,1.9362402,1.5083776,0.4298195,0.0,0.0,0.0,0.0,0.0,0.0,0.0,0.0,0.0,0.0,0.0,0.282633,0.32175055,0.10919024,-0.49585855,-0.99305886,-1.0987301,-1.2338022,-1.1617199,-1.0445282,-1.0359046,-0.9451332,-0.881597,-0.84318835,-0.8052108,-0.79064506,-0.8087151,-0.8506925,-0.97590697,-1.176986,-1.6955463,-2.4077415,-2.6433952,-2.8791618,-2.9107485,-2.936868,-2.895198
131,1760879477.3516254,COMBINED,Walking,54.5,0.0,15.116294,14.241136,12.095782,11.321787,10.676489,10.564508,11.059449,11.617828,12.225881,12.96398,12.661758,11.654196,11.180341,10.707228,11.3568535,13.53293,16.11762,13.107338,10.493693,8.632488,6.9625382,6.513617,6.569559,6.279174,6.190291,5.163829,0.0,0.0,0.0,0.0,0.0,0.0,0.0,0.0,0.0,0.0,0.0,1.5249515,3.4087133,5.6879125,7.831692,8.2442665,9.614396,9.611756,6.8955383,4.7658815,4.134557,6.985444,11.043891,12.357325,12.020299,11.520156,12.181831,13.215743,13.966502,15.4404,15.112605,15.241216,14.539072,12.945821,11.275258,9.572966,9.9652605,0.0,-0.8518561,-0.91106075,-0.98948365,-1.1133857,-1.4085313,-1.6915122,-1.8728837,-1.9963492,-2.0917213,-2.128439,-2.17798,-2.1467512,-2.0344439,-1.8177781,-1.6730986,-1.5455981,-1.4532875,-1.2892944,-1.1064783,-0.8023086,-0.532078,0.033588342,0.41947377,0.48277646,0.63052773,0.72324276,0.0,0.0,0.0,0.0,0.0,0.0,0.0,0.0,0.0,0.0,0.0,-1.4675758,-2.6685789,-2.7164452,-2.7530189,-2.6761491,-2.644031,-2.507213,-2.3434255,-1.9715232,-1.2850722,-0.34124532,-0.16530028,-0.12204451,0.012178214,0.16671053,0.32473475,0.44300538,0.4801718,0.49400395,0.54783076,0.5133625,0.4694207,0.36122113,0.2374382,-0.07622375,-0.44377473
132,1760879477.387803,COMBINED,Walking,64.5,0.0,18.956577,16.591799,15.091184,14.311764,12.138812,8.018401,3.7643483,11.313708,9.604687,12.72545,13.212808,14.415788,15.477968,16.982754,17.677792,17.043308,15.435993,15.450989,13.648823,11.989947,7.6495113,4.0162563,4.337969,8.299833,10.75792,10.997931,0.0,0.0,0.0,0.0,0.0,0.0,0.0,0.0,0.0,0.0,0.0,13.913155,11.061964,10.820173,11.710212,13.677669,15.123856,16.387049,17.723883,17.714249,17.674143,17.19223,16.139198,14.944043,14.97576,14.390216,12.988454,10.492955,7.8244452,9.074072,11.254773,14.317133,15.984822,17.255991,18.143604,18.587788,18.537691,0.0,1.4418976,1.3524668,1.3562161,1.191748,1.0640987,1.1010038,-0.18075642,-0.7853982,-0.8960554,-1.0312396,-1.174421,-1.2268786,-1.3074298,-1.3406478,-1.3861692,-1.4320861,-1.3683708,-1.355428,-1.2933214,-1.1689216,-1.1905972,-1.190218,-2.7529278,-2.9638329,-2.9861355,-2.9453673,0.0,0.0,0.0,0.0,0.0,0.0,0.0,0.0,0.0,0.0,0.0,-1.696447,-1.793848,-1.835633,-1.915558,-1.9091861,-1.8791015,-1.9557377,-1.9201568,-1.9806464,-2.017404,-2.123181,-2.205602,-2.2620575,-2.4579442,-2.6099994,-2.682117,-2.891908,2.977115,2.5622768,2.2713413,2.1295335,2.0452144,1.8922837,1.7958813,1.655116,1.5215896
133,1760879477.408133,COMBINED,Walking,53.5,0.0,11.483022,9.802946,9.249891,8.203607,6.253247,6.4899373,7.8836603,10.022505,13.695394,12.824867,11.343132,11.357566,11.422847,11.674244,12.488124,12.637436,12.483701,11.937034,11.085177,10.28851,9.862459,10.180127,11.331794,12.667631,12.341926,10.331661,0.0,0.0,0.0,0.0,0.0,0.0,0.0,0.0,0.0,0.0,0.0,5.2519,5.806272,7.671713,10.0708685,11.605744,12.018503,13.594077,15.552616,17.695803,18.890442,20.33335,20.575068,20.575068,19.765898,18.923143,17.058279,15.388304,13.405715,12.622854,12.482102,12.476431,10.759098,6.2859507,4.5178323,5.330892,6.880867,0.0,1.5219352,1.6200778,1.7684432,1.8280101,2.1513038,2.5535479,3.096046,-2.9058588,-2.8970947,-2.8461816,-2.7234862,-2.5878599,-2.4553783,-2.3809333,-2.2828655,-2.2555635,-2.2049024,-2.2445023,-2.2648952,-2.422251,-2.4955368,-2.6514525,-2.6846166,-2.6916142,-2.5234566,-2.5072517,0.0,0.0,0.0,0.0,0.0,0.0,0.0,0.0,0.0,0.0,0.0,-1.3384987,-1.726238,-2.0494392,-2.1871557,-2.184057,-2.158799,-2.1616118,-2.147627,-2.1184974,-2.0572703,-2.0594208,-2.041733,-2.041733,-2.0434735,-2.0680346,-2.1048417,-2.124369,-2.1682827,-2.2486515,-2.2511053,-2.344816,-2.4144042,-2.708995,2.9628131,2.0106165,1.75465
134,1760879477.4126663,COMBINED,Walking,54.0,0.0,18.950903,18.240273,17.349377,15.888943,14.061761,12.653493,11.39554,11.849002,13.355879,11.159221,7.076825,4.8720355,1.7518685,2.5157475,2.5157475,4.0832186,4.0832186,3.3614666,3.2095761,3.9788077,7.054458,9.522263,11.454816,11.987019,10.88376,10.026849,0.0,0.0,0.0,0.0,0.0,0.0,0.0,0.0,0.0,0.0,0.0,13.209343,11.307089,10.119178,9.7852545,11.327895,9.999944,7.330364,3.8639283,2.7699318,5.0387154,7.5204444,9.59809,9.999333,10.76933,8.660616,7.0800357,4.3778768,2.7018423,5.2580786,9.272173,14.035668,11.6500025,12.474989,14.439886,15.957366,17.66454,0.0,0.19996738,0.16483477,0.10723099,0.038019035,-0.020954927,-0.13766566,-0.21191616,-0.38362604,-0.42796966,-0.4380691,-0.48565975,-0.5182095,-1.2889245,-2.890414,-2.890414,-2.9338934,-2.9338934,-2.6448302,-1.7963352,-1.0846146,-0.6557657,-0.50680655,-0.3175302,-0.15942265,-0.09200978,0.06661405,0.0,0.0,0.0,0.0,0.0,0.0,0.0,0.0,0.0,0.0,0.0,0.13185664,0.23359275,0.15952738,0.21016963,0.10018546,0.14233379,0.0895221,-0.37964272,-1.3234013,-1.756151,-2.087761,-2.1909084,-2.1882982,-2.2336667,-2.240404,-2.106655,-1.8812186,-1.2373618,-0.15294196,-0.005463605,0.071307465,0.106780894,0.12006242,0.24047488,0.23141603,0.20473048
135,1760879477.444977,COMBINED,Walking,65.5,0.0,1.5811388,2.7601168,1.5815934,2.2345126,2.7031453,4.955571,6.0069814,8.180275,7.3490314,5.4801393,5.4813266,6.907465,7.8010335,8.958865,8.831282,7.7654324,8.498056,4.9441,2.1350071,1.2990294,4.564898,6.3872066,8.485281,8.741549,7.055218,6.466131,0.0,0.0,0.0,0.0,0.0,0.0,0.0,0.0,0.0,0.0,0.0,9.216308,5.6293793,4.0507693,5.987594,5.2334185,2.9834814,1.9933289,1.6106428,2.6249018,3.707102,5.0983377,4.34459,5.52859,5.7745166,5.1339927,5.209555,3.168398,3.3169343,1.1823324,2.0,1.2005974,2.2221067,2.7101936,3.1042063,3.6750753,5.3629627,0.0,1.2490457,1.8076686,1.2628621,-0.4421656,-0.61799246,-0.56811595,-0.868702,-0.7977958,-0.8990119,-1.1828742,-1.1485921,-1.0583265,-0.94008905,-0.95061916,-0.93774694,-0.9082474,-0.86870253,-0.7273078,-0.63248956,1.3862084,2.0097616,2.283564,2.3561945,2.4500315,2.579164,2.8577187,0.0,0.0,0.0,0.0,0.0,0.0,0.0,0.0,0.0,0.0,0.0,2.2884278,2.4229443,2.0558078,1.8826863,2.072817,1.8989744,1.9031181,0.52083254,0.02175548,0.0015754364,-0.20673941,-0.32865313,-0.36163267,-0.43683907,-0.58507377,-0.5936074,-0.77257746,-0.7823074,-1.2836746,-1.5707964,-2.6385164,2.674801,2.4896784,2.3704565,2.2861238,2.5381153
136,1760879477.5102434,COMBINED,Walking,64.5,0.0,14.00058,13.357007,10.614948,7.3688307,4.843098,4.791742,5.523835,5.606937,6.733256,6.435108,4.348284,5.6293793,8.47905,9.319724,8.649392,7.922451,6.261799,5.502025,3.345627,3.3265479,4.8744392,5.8172736,7.332962,10.30499,8.329264,7.326175,0.0,0.0,0.0,0.0,0.0,0.0,0.0,0.0,0.0,0.0,0.0,13.104269,13.858951,14.533911,16.27882,11.780132,7.4972787,7.42826,11.641955,17.071878,19.291836,17.840254,16.50762,14.577905,14.087004,13.5836735,12.951904,13.724087,14.040372,18.44757,17.988522,13.592797,10.615147,10.077873,13.118062,16.321072,17.969973,0.0,-2.3926525,-2.497263,-2.6334007,-2.73199,2.9320464,2.485528,1.7690158,1.548861,1.2922047,1.2744502,0.9171354,0.71864825,0.6558578,0.6471518,0.6960611,0.75094223,0.87661517,0.9730892,1.5074675,2.396778,3.002086,-3.1260946,-2.9532657,-2.7990777,-2.686323,-2.4446945,0.0,0.0,0.0,0.0,0.0,0.0,0.0,0.0,0.0,0.0,0.0,2.4389083,2.362666,2.3867664,2.3996453,2.369364,2.007221,1.2831419,0.86892146,0.79131526,0.8412928,0.8309924,0.716852,0.5738444,0.30070102,0.10660414,-0.15428166,-0.3881872,-0.5758584,-0.7782831,-0.89546007,-0.95270973,-1.1865901,-1.6173269,-2.063311,-2.1744921,-2.1902504
137,1760879477.574576,COMBINED,Walking,60.5,0.0,17.148159,15.3117895,14.492474,13.529683,13.428972,13.671925,14.931642,12.686503,7.0674553,2.5772684,4.0367365,9.378386,12.993555,13.167957,13.068707,14.095185,14.582538,14.840429,14.978046,14.964749,15.579397,15.332473,14.203056,11.010349,4.9371433,3.4159489,0.0,0.0,0.0,0.0,0.0,0.0,0.0,0.0,0.0,0.0,0.0,8.128144,8.975274,9.736772,10.707671,12.3653345,14.598806,16.95181,19.207767,20.392586,22.068882,21.724424,17.367477,13.816911,8.057204,2.741304,2.6537418,5.4404263,8.164974,10.756513,10.195239,10.209884,12.134512,14.9702635,18.705067,20.156103,20.544004,0.0,-0.97309804,-0.86484647,-0.6221372,-0.51093584,-0.37644172,-0.20072992,-0.15884225,-0.15830825,-0.15827845,0.25460166,2.5243986,2.6302414,2.6090543,2.6779451,2.666311,2.691768,2.7555566,2.823382,2.8478608,2.8481724,2.8807733,2.9170718,3.0047152,3.0372841,2.7351656,1.692236,0.0,0.0,0.0,0.0,0.0,0.0,0.0,0.0,0.0,0.0,0.0,1.3106194,1.19029,1.0315176,0.9229034,0.81516856,0.81829095,0.8506908,0.85909206,0.9710345,1.0294883,1.0849596,1.077246,1.0916687,1.0707711,0.92536354,-1.8274969,-1.9730693,-2.0374963,-2.0627844,-1.9444376,-1.7861661,-1.4251858,-1.3317516,-1.1793259,-1.2130579,-1.1597764
138,1760879477.588898,COMBINED,Walking,64.0,0.0,15.607277,12.928913,11.897192,11.262959,12.290641,13.431381,14.814452,10.278818,4.8034997,5.289702,7.6410713,10.709906,13.095471,10.941571,10.269777,8.5870285,7.591212,9.55744,11.507292,14.411459,15.493792,12.027124,9.880034,8.269276,8.614008,10.224751,0.0,0.0,0.0,0.0,0.0,0.0,0.0,0.0,0.0,0.0,0.0,12.381871,13.950269,16.088203,13.14883,9.282928,7.0419936,8.370994,11.761565,16.562876,20.09139,19.523092,16.850155,15.432448,13.255702,12.763957,12.713304,13.081475,14.126683,15.037618,9.103971,6.762033,7.325415,12.299196,16.750948,20.950802,20.120808,0.0,-2.3529367,-2.5498688,-2.7354074,-3.0199015,2.991923,2.8992429,2.8185723,2.6282356,2.1575794,1.4054989,0.9065476,0.65857315,0.6291265,0.5090223,0.41387218,-0.0007975765,-0.16944934,-0.5910508,-0.6539295,-0.7244434,-0.6586355,-0.7055189,-0.88422096,-1.0956278,-1.4503975,-1.5925426,0.0,0.0,0.0,0.0,0.0,0.0,0.0,0.0,0.0,0.0,0.0,3.060278,3.0332742,3.0793953,3.0177693,2.8274357,2.4566307,1.605764,1.3571203,1.2693745,1.2211789,1.2422395,1.1889312,1.1483629,1.0035532,0.8297808,0.6177558,0.4551008,0.32452407,0.2583366,-0.017897883,-0.5093232,-1.4067644,-1.885836,-2.0099037,-2.0331743,-2.0924523
139,1760879477.6748595,COMBINED,Walking,64.0,0.0,8.698883,15.379406,11.852386,7.7866387,8.515761,7.6687,9.4746275,6.7107253,7.747191,5.422361,8.177498,8.387682,9.200983,9.764817,9.673881,8.308944,7.2801046,7.1492014,6.66678,7.328884,6.5278,4.032746,5.288707,6.524541,8.715102,10.212709,0.0,0.0,0.0,0.0,0.0,0.0,0.0,0.0,0.0,0.0,0.0,9.618095,15.338356,16.611,15.099528,11.719918,15.340317,15.95018,17.112713,17.123962,16.871727,17.28208,16.126917,14.671923,12.333222,11.467477,14.860985,17.167128,21.365206,18.392057,12.448032,8.005022,9.7729,2.5545893,5.2827,6.599226,10.524088,0.0,-2.1431806,-2.3102007,-2.3518486,-2.0241668,-1.8520669,-1.8003024,-1.9109951,-1.4228928,-1.4840488,-1.2507318,-0.78572315,-0.62162876,-0.5638643,-0.45737773,-0.42546812,-0.3897587,-0.40585026,-0.060453307,-0.15056568,0.23066178,0.35667354,1.8126844,1.9652269,2.4613636,2.5863562,3.0977645,0.0,0.0,0.0,0.0,0.0,0.0,0.0,0.0,0.0,0.0,0.0,2.4082842,1.9811816,2.0285263,2.1355484,2.0783672,1.962189,1.9321455,1.8272988,1.7445687,1.7065591,1.5724148,1.4920126,1.3648719,1.3029627,1.0479207,0.68492216,0.49466026,0.46454364,0.52231175,0.25655478,0.13922755,0.1644108,-0.52609366,-1.352894,-1.8989481,-2.1671627
140,1760879477.7386835,COMBINED,Walking,64.5,0.0,22.02606,17.746931,15.682581,12.167403,8.258976,5.9522576,2.784828,7.159756,9.276882,11.065542,12.824911,14.184509,14.480378,15.319462,14.886919,13.541133,11.624554,10.722217,9.892083,6.6026835,4.0358,7.0332866,9.468466,10.749915,12.073656,12.678347,0.0,0.0,0.0,0.0,0.0,0.0,0.0,0.0,0.0,0.0,0.0,2.1012568,2.474912,6.256303,7.9675426,10.410004,13.10932,16.189636,18.124826,20.450119,20.901363,21.058983,20.116669,18.74376,16.03253,13.0030775,9.185744,6.346501,4.1229763,4.0,8.526808,13.03975,16.466787,19.655302,21.999002,23.099651,23.664156,0.0,-0.6873686,-0.70983547,-0.75151587,-0.78570145,-0.7576072,-0.73298514,0.8545376,1.6798575,1.7584429,1.7869892,1.7789042,1.7724621,1.7647661,1.7628815,1.788434,1.8212444,1.9448947,2.089244,2.224571,2.546489,-2.6452081,-1.9522121,-1.8345883,-1.636067,-1.4327863,-1.2701073,0.0,0.0,0.0,0.0,0.0,0.0,0.0,0.0,0.0,0.0,0.0,0.27174747,2.1000633,2.1660676,2.204142,2.4766822,2.5316026,2.5844722,2.7127018,2.7853382,2.7861598,2.848491,2.8356662,2.8221543,2.8221207,2.7553427,2.645232,2.4133728,1.5238198,0.0,-0.3056472,-0.34698477,-0.4635335,-0.4961955,-0.5422493,-0.59175676,-0.62771994
141,1760879477.807518,COMBINED,Walking,63.5,0.0,5.5250254,6.793264,9.719348,11.9866705,13.830165,13.362172,9.770966,7.5791044,7.558023,10.37966,12.37816,13.459742,12.287722,12.378667,11.676999,11.553021,10.874488,12.001861,12.397328,13.161902,9.367589,6.0422983,1.3057655,3.2887824,7.7016497,10.653322,0.0,0.0,0.0,0.0,0.0,0.0,0.0,0.0,0.0,0.0,0.0,10.96495,10.379388,4.4656234,1.3824028,10.043099,14.52344,17.80241,18.61609,19.793734,19.287506,18.60077,16.835823,15.541231,14.281203,13.739157,12.912743,14.312229,14.377838,11.20051,8.887124,10.191529,13.27121,13.495055,12.250382,8.698336,6.236592,0.0,-1.4637126,-2.3182662,-2.4820435,-2.630443,-2.6822176,-2.7735097,-2.8474414,3.0521812,2.4879243,2.3172202,2.1467104,2.0467687,1.878959,1.7949623,1.6176775,1.5025712,1.4076091,1.2967373,1.27333,1.2971163,1.3218488,1.4045314,0.74551916,-1.2084368,-1.2021097,-1.1467733,0.0,0.0,0.0,0.0,0.0,0.0,0.0,0.0,0.0,0.0,0.0,0.2771329,0.36208135,0.4342999,-2.4767942,-2.4424896,-2.377543,-2.3394108,-2.2472444,-2.1403785,-2.0488951,-1.8793564,-1.759055,-1.6502285,-1.447635,-1.168203,-0.97046053,-0.78143924,-0.7853982,-0.68484724,-0.47722867,-0.04634878,0.056543436,0.013211573,-0.07855541,-0.2276339,-0.4548206
142,1760879477.8690453,COMBINED,Walking,62.0,0.0,16.32344,13.832503,9.579466,2.9603472,3.879357,8.233669,10.334779,12.454832,12.921394,13.482105,13.923341,14.604503,13.844146,12.945256,11.457956,10.207798,8.112929,5.7970896,3.9207888,6.0827622,4.0356874,3.5201716,1.7357323,1.6633846,2.0768502,1.642943,0.0,0.0,0.0,0.0,0.0,0.0,0.0,0.0,0.0,0.0,0.0,6.522033,8.314574,9.620811,7.2594247,6.0594587,5.385165,6.953852,9.179483,11.413929,13.062807,15.745488,15.725777,16.304148,12.974298,9.96289,7.7647467,9.8118105,14.370579,13.394524,13.621021,13.576579,14.804752,16.509949,17.27813,17.925964,18.13149,0.0,2.860596,2.950613,2.9104228,2.8529735,-0.20108968,-0.18580545,-0.3139466,-0.38876894,-0.46984506,-0.5516807,-0.6402013,-0.668333,-0.72338134,-0.78673446,-0.84072304,-0.93852496,-1.0364485,-1.074371,-1.1544124,-1.4056476,-1.8211939,-2.1750574,-2.5901618,-2.643976,2.9888418,2.913039,0.0,0.0,0.0,0.0,0.0,0.0,0.0,0.0,0.0,0.0,0.0,-3.0758367,2.8473675,2.7803888,2.660351,2.396493,1.9513025,1.4782252,1.1709903,1.0607983,0.98641396,0.8959953,0.8443816,0.8072438,0.85253716,0.93063295,1.3197956,1.7209365,1.7723789,1.8562763,2.0295186,2.2594209,2.4743345,2.5210757,2.6506019,2.7330115,2.742145
143,1760879477.8854685,COMBINED,Walking,55.0,0.0,12.031508,9.795859,9.076548,9.209182,11.63398,15.05283,13.960348,11.240712,8.327195,7.1182866,7.1776237,8.102278,8.773948,8.49629,8.500386,7.8299623,7.3702703,8.692269,11.0379715,12.479341,11.603941,10.518972,9.8849745,10.404372,10.716721,10.96952,0.0,0.0,0.0,0.0,0.0,0.0,0.0,0.0,0.0,0.0,0.0,9.491571,14.133293,11.906092,9.319241,9.716297,11.181771,13.462913,16.348518,18.313059,20.07506,19.302551,18.225536,15.271448,13.042423,11.024219,10.453687,12.295409,15.393582,13.608337,12.331508,12.587877,13.459786,15.190191,16.37271,16.935661,16.19977,0.0,-1.2564003,-1.4508299,-1.964487,-2.3762543,-2.6535792,-2.7928367,-2.7530484,-2.9450524,3.1056,2.7246838,2.26824,2.0292888,1.9040576,1.9420947,1.9023854,2.0202157,2.252077,2.5748634,2.789039,2.9160502,3.056673,-3.0211687,-2.8054304,-2.5259218,-2.3824563,-2.2763755,0.0,0.0,0.0,0.0,0.0,0.0,0.0,0.0,0.0,0.0,0.0,-1.6572092,-1.7039275,-1.6084232,-1.8023793,-2.153583,-2.3619468,-2.5948038,-2.7006707,-2.7386458,-2.7803044,-2.8041635,-2.779936,-2.7563188,-2.661986,-2.4713593,-2.168988,-1.9234971,-1.7554514,-1.6995463,-1.5150012,-1.2759042,-1.0747617,-0.9353405,-0.91736764,-0.8736474,-0.89472497
144,1760879477.8993049,COMBINED,Walking,54.5,0.0,10.103608,7.0419936,5.6521015,6.319937,9.006476,11.436647,12.103719,9.671096,8.358046,6.818113,6.517478,6.629956,7.2068834,8.005251,7.6875806,7.629753,8.180627,8.616895,10.99098,12.649985,12.987335,10.635152,9.494604,8.715907,8.803213,9.048476,0.0,0.0,0.0,0.0,0.0,0.0,0.0,0.0,0.0,0.0,0.0,11.454816,12.396909,11.518679,11.09358,11.205644,12.249861,12.899249,13.860364,16.158298,15.8309555,15.903691,14.572491,13.323012,11.709651,10.689903,11.783498,12.69965,14.108589,11.437496,9.978538,9.731431,10.87188,11.770709,13.963534,13.385646,13.977658,0.0,-1.8182805,-2.2557583,-2.7566457,2.949668,2.7002778,2.5184264,2.4733033,2.3960648,2.2285888,1.8523322,1.607169,1.355477,1.3049536,1.0290663,1.1063893,1.1914932,1.430724,1.5655855,1.8033694,1.8641207,2.0123894,2.2012384,2.3502052,2.7334561,2.863661,3.119581,0.0,0.0,0.0,0.0,0.0,0.0,0.0,0.0,0.0,0.0,0.0,-2.8240623,-2.7335398,-2.7237878,-2.7962873,-2.9497168,-3.0848727,3.071146,3.007123,2.8548806,2.8334343,2.8458364,2.8918939,2.926599,2.972545,-3.0872674,-2.9267197,-2.8255155,-2.8047407,-2.661187,-2.3387246,-2.1267955,-1.8917875,-1.7484995,-1.6207901,-1.6657789,-1.6552455
145,1760879477.9025636,COMBINED,Walking,54.5,0.0,14.428334,10.800407,6.4065495,4.8427596,6.7700243,10.254173,8.965132,8.129544,8.516399,8.174726,10.705088,12.176025,12.06536,12.513254,11.116813,10.341726,9.446771,9.89618,11.115572,12.621064,11.216003,10.319526,10.670318,11.239113,12.140256,12.868326,0.0,0.0,0.0,0.0,0.0,0.0,0.0,0.0,0.0,0.0,0.0,6.4151106,10.579048,10.501275,9.626451,9.969444,13.138525,16.067043,19.66905,23.54753,24.098846,25.343021,22.978897,20.329386,16.95812,14.1181345,11.077918,11.211372,13.592676,10.636602,9.285342,11.388631,13.3314495,16.606558,19.615889,21.009592,20.193243,0.0,1.5512193,1.4862124,1.149011,0.25696823,-0.47261217,-0.59486234,-0.78483295,-1.0829202,-1.5021513,-1.7310652,-2.0667818,-2.2353532,-2.264187,-2.2627003,-2.228044,-2.1295753,-1.7833012,-1.5166866,-1.2851491,-1.123438,-1.0334325,-0.7757287,-0.50207436,-0.35625857,-0.13855432,-0.024188042,0.0,0.0,0.0,0.0,0.0,0.0,0.0,0.0,0.0,0.0,0.0,0.85313785,0.6335581,0.7093251,0.54217476,0.32220194,0.007849796,-0.09821032,-0.15471683,-0.23061255,-0.24890052,-0.24562614,-0.26955333,-0.27679813,-0.225565,-0.15884186,0.037901253,0.3076893,0.4965546,0.64960384,1.0064743,1.476728,1.6700295,1.7524452,1.8387066,1.7997813,1.7341028
146,1760879477.9205918,COMBINED,Walking,64.5,0.0,16.464085,13.734024,12.3401375,5.255534,2.7305882,8.124417,10.560308,11.455382,11.584386,12.568846,11.839618,12.589678,11.556814,10.627812,9.954155,8.585655,7.8709087,7.8102493,2.154795,6.851645,8.5556345,8.421488,8.604053,9.020337,10.206441,9.930627,0.0,0.0,0.0,0.0,0.0,0.0,0.0,0.0,0.0,0.0,0.0,3.1133811,3.5970237,5.8309517,8.139502,11.097171,14.711653,17.310656,20.405489,22.36761,24.102148,22.745031,23.771666,22.458488,16.42531,10.241282,4.5410886,6.95157,13.451186,13.499073,14.134845,16.366184,17.29649,18.257763,19.229698,20.293995,19.10598,0.0,2.2542887,2.176753,2.1433809,1.9916646,-0.2284786,-0.4605895,-0.6146294,-0.73242176,-0.86112654,-1.1239706,-1.3067034,-1.4513674,-1.5684761,-1.6409885,-1.801233,-2.0717251,-2.1743407,-2.2655346,2.7602413,2.2528079,2.2839136,2.1595285,2.0385501,1.9623189,1.8869029,1.8500841,0.0,0.0,0.0,0.0,0.0,0.0,0.0,0.0,0.0,0.0,0.0,2.8146024,0.55363554,0.5404195,0.18710895,0.09601969,0.10651192,0.040659603,0.035263762,-0.005851484,-0.052411,-0.076939926,-0.12442325,-0.15847655,-0.21253182,-0.3724673,-1.0344696,-2.3081508,-2.557601,-2.7206063,-2.9670215,-3.0569112,2.9906752,2.8329332,2.7573187,2.5875473,2.4910164
147,1760879477.9524403,COMBINED,Walking,66.5,0.0,6.849299,5.3482633,3.6639593,3.30788,1.4142132,2.603071,4.187383,2.6280503,3.4810052,4.631879,2.227317,1.8048961,2.3735654,2.222432,2.9157717,1.6455355,2.2263517,2.784828,4.2426405,4.307173,5.8325205,7.3992405,8.33485,8.582819,8.877441,10.512631,0.0,0.0,0.0,0.0,0.0,0.0,0.0,0.0,0.0,0.0,0.0,9.3621645,11.904496,12.760672,15.515055,16.062748,16.952963,17.7657,17.168402,16.175037,15.560511,14.080388,11.6220255,9.941509,10.067082,3.9533691,4.161969,4.8830185,9.245999,11.338761,10.884488,10.788761,13.927614,11.561406,11.885005,9.319293,9.148659,0.0,0.20683771,0.43962184,0.18665628,-0.2874287,2.3561945,1.843278,2.4812412,1.8366522,2.4055524,1.5813537,0.95804775,0.5601709,0.27499422,0.9535831,-0.06291911,0.16584137,-0.6447847,-0.8545376,-0.7853982,-0.9764907,-0.66860396,-1.2334759,-1.0224005,-0.81922626,-0.71440345,-0.6294552,0.0,0.0,0.0,0.0,0.0,0.0,0.0,0.0,0.0,0.0,0.0,1.3811142,1.4358255,1.4950582,1.5843898,1.670622,1.766286,1.872901,1.9003326,1.9759423,2.0645053,2.0826492,2.0761893,2.0520918,1.8505079,1.4791874,-0.76582223,0.30729878,-1.0846833,-0.5331755,-0.67456406,-0.41080776,-0.5969937,-0.27968577,-0.2527191,-0.14287925,-0.12799986
148,1760879477.9620464,COMBINED,Walking,55.0,0.0,9.02813,6.2624664,4.7213626,4.0479627,4.6102395,3.8130834,3.1285648,2.1407688,3.1967077,5.3906546,6.7046084,10.46771,12.971478,12.899808,11.894685,12.026376,11.454668,11.413067,12.1295395,11.778314,12.413617,11.547952,11.2472515,10.310325,9.524515,8.961002,0.0,0.0,0.0,0.0,0.0,0.0,0.0,0.0,0.0,0.0,0.0,6.7123394,7.42477,6.887707,6.512841,3.7662609,1.5827423,4.8134,9.2608595,12.793842,14.126686,13.632983,13.583883,14.117198,14.166769,14.160453,14.954334,14.2320175,14.44594,13.897489,13.487327,12.895148,12.266382,13.364336,14.588687,16.17898,14.161417,0.0,1.8334104,2.2636378,2.5512187,2.9659903,-2.756923,-2.9231522,3.1084735,3.049365,1.701043,1.3373705,1.2631983,1.2445352,1.2084424,1.2127681,1.2278273,1.1659975,1.1476364,1.0697612,1.0341685,0.9994672,0.9971103,1.0302778,1.0818185,1.1664532,1.2744783,1.4080633,0.0,0.0,0.0,0.0,0.0,0.0,0.0,0.0,0.0,0.0,0.0,-2.323539,-2.1059067,-1.8901289,-1.8761034,-1.8869311,-2.794015,2.0649936,2.0368793,2.0735793,2.1735675,2.1999576,2.248555,2.1794848,2.135487,2.1237912,2.041422,1.9819473,1.9446688,1.8892167,1.8284609,1.8100394,1.7532084,1.6979806,1.6949012,1.6912934,1.7619356
149,1760879477.9732742,COMBINED,Walking,55.0,0.0,10.713384,10.442189,10.02934,9.46182,9.261216,8.778264,7.9108458,7.1776247,7.1159434,7.6881986,10.418958,13.10902,14.791488,13.337932,11.62759,12.051479,11.103467,11.134508,12.349447,12.259075,12.452038,11.45829,10.755603,9.223011,7.7910776,7.273112,0.0,0.0,0.0,0.0,0.0,0.0,0.0,0.0,0.0,0.0,0.0,10.211737,10.382361,10.657048,9.761872,8.438662,6.2405324,6.2791743,8.913595,12.756943,15.093713,13.880184,12.912353,12.197077,12.747938,13.764456,14.3991375,14.921812,14.966456,14.94464,14.033913,13.810858,12.869584,12.535442,14.704045,16.676271,15.661513,0.0,-1.7136387,-1.4461135,-1.2446631,-0.9745414,-0.9926687,-1.1074773,-1.2306967,-1.5168538,-1.8479075,-2.2023377,-2.361979,-2.4763176,-2.4948575,-2.55425,-2.7063577,-2.7602289,-2.9992008,-3.1027365,3.1377006,3.0056703,3.083618,3.0776522,-3.1241784,-2.9346094,-2.8418078,-2.5011318,0.0,0.0,0.0,0.0,0.0,0.0,0.0,0.0,0.0,0.0,0.0,-0.6585726,-0.42596823,-0.21933746,-0.19115494,-0.17595369,-0.5007676,-1.1262776,-1.5838784,-1.6560516,-1.6370976,-1.5736752,-1.7426736,-1.8776802,-2.0197124,-2.114025,-2.31258,-2.3541708,-2.4523845,-2.3553166,-2.4358509,-2.3967934,-2.31547,-2.237788,-2.0907729,-2.0364087,-1.9318361
150,1760879477.9816651,COMBINED,Walking,55.0,0.0,18.694056,18.131765,18.30997,16.776423,15.216005,13.846542,11.930355,11.129337,10.016726,9.922081,10.616214,9.183198,7.3113294,6.758384,4.7046013,4.527693,4.700616,5.2071958,6.0375843,4.9807606,4.265102,3.570968,3.5505166,5.2534604,7.0503855,7.560075,0.0,0.0,0.0,0.0,0.0,0.0,0.0,0.0,0.0,0.0,0.0,7.7053804,6.5853977,6.175094,5.3755884,7.2652774,9.9453335,8.623196,7.7426567,7.923054,8.740578,10.228854,11.50867,12.862567,12.862567,12.015078,11.700829,9.862777,7.7341743,5.6021233,6.574094,9.268977,11.61781,12.364363,13.498344,15.019256,15.706354,0.0,1.4336586,1.4828517,1.4791933,1.4454957,1.4340671,1.3524039,1.3112669,1.2189404,1.1518103,1.0168811,0.9576884,0.9436469,0.7213867,0.59500784,0.16022553,-0.11065733,-0.58505267,-0.54391015,-0.7110287,-0.4222113,-0.30132383,0.21932389,0.5643294,1.1802416,1.46648,1.6361495,0.0,0.0,0.0,0.0,0.0,0.0,0.0,0.0,0.0,0.0,0.0,-0.023939073,0.2226411,0.37278435,0.92787886,1.4472895,1.7256786,1.8378327,2.1313362,2.4663045,2.9329283,-3.0889955,-2.8526914,-2.6937556,-2.6937556,-2.6581655,-2.5550225,-2.6377716,-2.860165,2.99666,2.2365427,1.8075498,1.618394,1.5539099,1.523332,1.4649321,1.4781096
151,1760879477.9998975,COMBINED,Walking,65.5,0.0,10.67678,9.084521,9.382919,10.961776,13.072967,13.3133955,13.161052,11.731121,9.819681,9.244188,9.146133,8.676413,8.243938,7.6025634,6.3407497,4.4187336,1.2938439,2.8016934,3.6492214,6.0044427,6.4922214,6.4922214,7.095142,5.749745,4.5278544,3.6623745,0.0,0.0,0.0,0.0,0.0,0.0,0.0,0.0,0.0,0.0,0.0,14.061761,14.037102,14.68851,14.761237,16.097647,17.34477,19.37553,22.11937,21.948473,21.407164,18.55928,16.950146,15.356512,13.883873,13.6603365,13.490775,14.225615,14.781955,16.123924,15.426501,15.214742,15.522461,15.889473,17.136946,17.164785,15.280177,0.0,1.8823295,1.5783658,1.2598771,0.8543244,0.7657465,0.6638759,0.6731287,0.710864,0.7714007,0.8068902,0.79373187,0.9060165,0.9191374,0.9058378,1.077956,0.9952253,0.73904884,-0.9069543,-1.0562611,-1.0406772,-0.9555365,-0.9555365,-0.82202196,-0.6434688,-0.42599362,-0.2849241,0.0,0.0,0.0,0.0,0.0,0.0,0.0,0.0,0.0,0.0,0.0,3.1206377,-3.068871,-3.0734596,-3.0119429,-3.0327017,-3.0479481,-2.9986007,-2.9514658,-2.9039972,-2.8942456,-2.9188077,-2.9851751,-3.0519981,2.9593673,2.8070211,2.6442409,2.5746536,2.4758492,2.4313433,2.4174116,2.3334823,2.219104,2.22229,2.2131188,2.2166815,2.181446
152,1760879478.1593246,COMBINED,Walking,61.0,0.0,14.1161175,9.911421,6.434792,4.9464774,7.071068,9.204889,12.550998,15.180566,16.139553,16.875927,17.423782,17.423782,17.248478,16.93362,15.281978,13.784082,10.223577,8.123979,5.5596023,3.9547274,4.2791734,6.5633035,8.115675,10.097948,12.109582,13.307855,0.0,0.0,0.0,0.0,0.0,0.0,0.0,0.0,0.0,0.0,0.0,6.692867,8.821454,9.89618,11.566975,12.645435,13.966486,13.862111,15.152496,14.71202,13.24011,12.104654,9.89181,7.198475,4.178623,2.695515,4.2165637,6.3245554,9.852452,13.663463,17.026728,19.944073,21.527262,22.192362,21.944347,21.782864,20.014893,0.0,1.1725065,1.0123116,0.74467355,-0.093619,-0.7853982,-1.1670603,-1.1986336,-1.3041531,-1.320348,-1.362575,-1.3667223,-1.3667223,-1.4235332,-1.3867812,-1.4041364,-1.4485269,-1.4183512,-1.5556495,-1.6535245,-2.2377446,-2.7783792,-3.0590754,3.1000578,-3.1225543,-3.082072,-2.9667528,0.0,0.0,0.0,0.0,0.0,0.0,0.0,0.0,0.0,0.0,0.0,3.1089478,-3.0707319,-3.087483,-2.941944,-2.8906045,-2.9403298,-2.9018273,-2.8259919,-2.8189824,-2.6832488,-2.692431,-2.754727,-2.7469091,-3.0834928,2.7732542,1.6648213,1.2490457,1.1439,1.1465366,1.133644,1.1124066,1.1214664,1.1773794,1.1395221,1.1531588,1.1700011
153,1760879478.2737005,COMBINED,Walking,71.5,0.0,6.259844,6.769793,9.0458765,9.520444,9.142736,9.215935,8.446134,8.974194,8.063259,9.951697,8.0,6.6166635,6.381138,5.4282513,3.640802,3.3848965,0.70710677,6.227354,9.713067,6.966736,11.874283,11.605197,13.071255,12.178562,12.612862,12.904533,0.0,0.0,0.0,0.0,0.0,0.0,0.0,0.0,0.0,0.0,0.0,8.336246,6.0847554,4.1587787,3.0056858,1.441422,2.1914525,2.7934172,3.961371,3.7835093,4.0404196,3.6441684,7.930997,7.66427,6.885492,5.4947786,4.297459,4.743367,4.6897593,6.5700426,7.847884,7.946838,9.301277,9.784844,8.386663,9.765761,9.852855,0.0,-1.1760864,-1.2708907,-1.1434859,-1.0546135,-0.81451434,-0.6722574,-0.46141395,-0.26992247,-0.06030919,-0.23460187,0.0,0.15675941,0.34737015,0.4298195,0.6023712,1.2708907,0.7853982,1.8245746,2.391685,2.7830908,2.9829895,-3.015309,3.1159742,-2.8043678,-3.0934472,-2.5218287,0.0,0.0,0.0,0.0,0.0,0.0,0.0,0.0,0.0,0.0,0.0,-0.2863537,-0.08439904,0.15268058,-0.091884136,1.9097197,2.5639732,3.0512745,-3.131793,-3.1096807,-2.9164093,-2.8385835,-2.151864,-2.6540434,-2.6365328,-2.5494468,-2.492142,-2.4098897,-1.8669684,-1.9041924,-1.5903722,-1.6713299,-1.478971,-1.4136418,-1.5093268,-1.43322,-1.425731
154,1760879478.6134615,COMBINED,Walking,52.0,0.0,13.822313,13.648103,11.35175,9.96903,8.35167,8.983162,10.138363,12.35371,11.500927,8.270191,7.0753937,7.3498435,8.167843,8.544741,8.542284,8.132237,7.8503246,5.37211,3.8028877,4.410999,6.0131564,8.627403,10.093003,10.897229,10.17646,10.447895,0.0,0.0,0.0,0.0,0.0,0.0,0.0,0.0,0.0,0.0,0.0,10.020994,9.349125,10.094119,12.874733,12.1655245,10.788569,9.902557,10.5559,11.524869,14.006442,15.892498,16.685627,17.519562,17.281141,15.813988,14.647182,13.202484,12.07586,13.240296,12.191185,10.774855,7.298606,2.7042105,3.7884219,8.051984,10.801004,0.0,-2.9445224,-2.8539195,-2.658791,-2.5467355,-2.0998147,-1.745834,-1.4430324,-1.2823249,-1.2647887,-1.0659593,-0.75720733,-0.20908391,-0.10675187,0.021587124,0.20508648,0.21317676,0.3032923,0.16957805,-0.11779682,-0.9423986,-1.361783,-1.4416491,-1.4011247,-1.3680916,-1.2362764,-1.0846779,0.0,0.0,0.0,0.0,0.0,0.0,0.0,0.0,0.0,0.0,0.0,-0.06474168,-0.09783786,-0.30530635,-0.15961471,-0.16514868,-0.3046438,-0.3692007,-0.53192055,-0.73138964,-0.75897306,-0.806332,-0.79682606,-0.81114054,-0.7783998,-0.70929396,-0.6759775,-0.6475676,-0.6444707,-0.53264004,-0.4911636,-0.54846084,-0.7056492,-1.3576456,-2.532332,-2.9448938,-3.025761
155,1760879478.6333652,COMBINED,Walking,70.0,0.0,19.641682,16.343714,14.563831,11.353176,8.490154,5.933992,3.9583256,7.465821,8.041544,10.449071,11.885126,13.3137455,14.090988,14.74685,16.280096,14.709174,12.547688,12.614428,10.837411,7.466541,6.846154,6.1917567,6.268641,6.957403,6.104687,6.3633995,0.0,0.0,0.0,0.0,0.0,0.0,0.0,0.0,0.0,0.0,0.0,4.721615,5.2466526,3.11766,1.1319752,0.0,7.581668,6.0155473,8.356337,9.074716,8.840571,10.844702,9.780164,8.570539,6.7911735,6.135603,7.071068,7.9928284,8.959787,11.569611,13.531851,13.772305,16.790632,17.616724,19.063734,18.875303,18.44583,0.0,-1.145131,-1.2337255,-1.0199884,-1.1995816,-1.1085057,-1.3115362,-2.7917304,2.9827504,2.860948,2.72579,2.5355825,2.5416985,2.3800402,2.4401703,2.2400079,2.3183515,2.2621331,2.1129265,2.0056686,1.749961,1.5707964,1.4298831,1.3228415,1.0652705,0.9700758,1.154402,0.0,0.0,0.0,0.0,0.0,0.0,0.0,0.0,0.0,0.0,0.0,1.7207012,2.0762465,1.9879688,0.37370327,0.0,-0.82940334,-0.57673746,-0.5771045,-0.38519794,-0.30444524,-0.27831295,-0.16116965,-0.26704353,-0.27503026,-0.40114135,-0.7853982,-1.2192873,-1.4025896,-1.645805,-1.7225716,-1.7121868,-1.7416793,-1.633792,-1.6691959,-1.5101637,-1.4164749
156,1760879478.6901212,COMBINED,Walking,63.0,0.0,9.340922,8.518575,8.845524,10.895587,13.660916,11.579694,10.147323,8.21294,8.685836,11.640426,12.255141,14.983747,7.788407,9.729096,9.282643,8.757075,7.779657,8.367519,7.9575524,4.469906,1.577944,2.87285,4.265813,6.6387486,7.556474,7.9702463,0.0,0.0,0.0,0.0,0.0,0.0,0.0,0.0,0.0,0.0,0.0,21.782028,22.692522,22.049902,20.209127,19.039314,17.12908,15.971913,12.805651,10.804868,9.632917,8.547309,8.365518,8.66675,8.033566,9.171221,9.518572,9.447377,9.952135,10.41829,11.056246,11.280128,11.564268,11.134568,11.832078,10.484716,9.692945,0.0,-0.9214562,-1.1238536,-1.1596878,-1.5608001,-1.6440634,-1.674043,-1.9360087,-2.2060883,-2.4556618,-2.6879854,-2.8299742,-2.9230933,-2.222854,-2.822008,-2.9753675,-2.8762376,-2.5039072,-2.472956,-2.1816018,-2.0522876,-1.0325164,0.05670527,0.499396,0.41934487,0.6133464,0.6967816,0.0,0.0,0.0,0.0,0.0,0.0,0.0,0.0,0.0,0.0,0.0,-0.64358884,-0.6122617,-0.4883677,-0.4469524,-0.42255336,-0.4485061,-0.4636476,-0.5302451,-0.62918437,-0.7890185,-0.82033485,-1.080609,-1.3608478,-1.4793485,-1.4399735,-1.5449295,-1.3870934,-1.3526688,-1.4077871,-1.2396594,-1.0735635,-1.0181121,-1.0172268,-0.9430764,-0.9243714,-0.871607
157,1760879478.7366076,COMBINED,Walking,52.5,0.0,7.288715,2.981895,9.078091,9.004373,9.004373,9.605424,8.164754,7.4808936,6.052503,6.018534,6.5335464,6.895784,10.008402,9.259955,8.656995,9.734983,11.098383,11.355221,12.298802,12.298802,12.644281,11.683492,10.856641,11.121339,9.506026,9.1769705,0.0,0.0,0.0,0.0,0.0,0.0,0.0,0.0,0.0,0.0,0.0,10.52478,10.81103,10.857553,10.370082,11.222179,11.3703785,12.136985,12.870216,11.737142,8.574017,7.870317,7.8102493,9.228425,10.2661295,11.221722,11.493396,11.588003,11.588003,11.529168,11.102552,9.428226,9.403254,10.420176,10.989035,6.708391,7.6176214,0.0,-2.6269572,-1.9226788,-2.3256454,-2.5403347,-2.5403347,-2.4528747,-2.7207382,-2.7810829,3.0724213,2.603155,2.2863076,2.04837,1.8293123,1.6999227,1.4906082,1.4305773,1.3801924,1.4252067,1.439059,1.439059,1.5184635,1.6105773,1.7210323,1.8198837,2.0006726,2.129691,0.0,0.0,0.0,0.0,0.0,0.0,0.0,0.0,0.0,0.0,0.0,-2.803936,-2.729299,-2.8100793,-2.7688994,-2.8181143,-2.8172023,-2.8472774,-2.8452466,-2.869629,-3.0602005,2.8865292,2.4468544,2.3180525,2.1182404,2.0509167,2.179136,2.1227891,2.1227891,2.146437,2.2013412,2.2773013,2.5363371,2.7195044,2.798226,-2.868235,2.9275646
158,1760879478.7615457,COMBINED,Walking,61.5,0.0,11.512703,11.494455,10.390832,11.961611,6.492885,3.4578652,4.313428,5.558518,5.544506,5.02882,4.559357,4.8853755,6.8212204,8.258157,9.350479,11.353552,10.303958,8.8975525,10.61817,10.367572,11.012833,11.071309,10.164235,9.677853,9.359116,11.115788,0.0,0.0,0.0,0.0,0.0,0.0,0.0,0.0,0.0,0.0,0.0,11.724559,7.851488,3.6807227,6.01361,8.258157,9.059641,9.24828,9.629774,9.580505,9.628852,10.030731,9.916155,9.709333,6.825516,6.190509,8.534678,8.124417,13.025379,12.421806,11.828449,13.089266,15.317222,15.317222,15.30573,14.6649685,15.299379,0.0,-1.6805413,-1.7371179,-1.7479889,-1.7272213,-2.1191263,-2.44038,-2.5795364,2.4739,3.0021129,-3.0821154,-3.0516791,-2.6151197,-2.222204,-2.0463233,-1.9742005,-1.9878317,-1.8600208,-1.5055004,-1.2041557,-1.1223811,-0.8862321,-0.79296416,-0.84132123,-0.8370479,-0.99147797,-0.96634996,0.0,0.0,0.0,0.0,0.0,0.0,0.0,0.0,0.0,0.0,0.0,2.508129,2.8311229,-2.4407997,-1.4391482,-1.0952693,-0.9684576,-0.563526,-0.425848,-0.10905005,-0.076666944,0.07829787,0.30470324,0.18854533,-0.28687966,-0.39700156,-0.931631,-1.1102068,-1.2449203,-1.3248788,-1.5314015,-1.6521819,-1.7533209,-1.7533209,-1.7574956,-1.6916476,-1.7725915
159,1760879478.789282,COMBINED,Walking,53.0,0.0,9.144469,10.432027,10.865966,11.130392,11.895515,11.267422,11.637203,10.433746,9.893882,9.240535,9.77603,10.349939,10.552763,11.548855,11.994046,10.994066,10.8642,11.069478,11.330025,11.643096,12.9711,12.432667,12.335574,12.349621,11.900942,11.3972025,0.0,0.0,0.0,0.0,0.0,0.0,0.0,0.0,0.0,0.0,0.0,7.9540944,8.957795,9.18923,8.915675,8.655274,7.840897,8.046951,9.616071,9.556755,8.935985,6.877007,4.313135,3.535534,5.623709,5.8249164,6.449506,6.376437,6.052293,6.980084,4.452249,0.8769422,0.6887633,2.6066818,6.5431266,8.667901,8.979477,0.0,-0.80135775,-0.64120054,-0.55176574,-0.3750689,-0.4969072,-0.46681815,-0.57527524,-0.6118218,-1.0014832,-1.1931516,-1.2862012,-1.4212915,-1.5140146,-1.586597,-1.6235343,-1.7316979,-1.8227322,-1.8227932,-1.8213835,-1.8186524,-1.7967266,-1.7204052,-1.6046785,-1.5234936,-1.4632535,-1.2767954,0.0,0.0,0.0,0.0,0.0,0.0,0.0,0.0,0.0,0.0,0.0,-2.7665663,-2.5947287,-2.2602024,-2.0822897,-1.709584,-1.4254078,-1.2709037,-0.8638348,-0.6446325,-0.485358,-0.25948477,-0.00493529,0.7853982,1.6500864,1.652795,1.7517183,1.9475876,2.0543847,2.007024,2.0881267,1.8370048,-0.33870083,-0.6245795,-0.8124186,-0.8856742,-0.77539164
160,1760879478.8417811,COMBINED,Walking,60.0,0.0,22.78965,21.403835,20.568518,16.803965,14.169295,12.656319,10.831078,12.223846,13.396935,9.488504,8.72966,8.184705,7.619797,9.205828,9.6290045,10.346298,9.963194,9.398182,9.711967,10.262817,9.851302,11.11329,12.574694,13.097607,12.252551,12.4274,0.0,0.0,0.0,0.0,0.0,0.0,0.0,0.0,0.0,0.0,0.0,13.725208,12.205128,10.767199,10.214196,9.698412,9.1681595,5.795801,3.6436875,0.0,2.8267186,4.9230676,7.051694,5.6468024,6.4724054,6.3833184,2.105017,1.4119631,3.949819,8.935985,13.676773,12.77601,13.344861,14.704449,16.848587,18.45616,20.870518,0.0,-2.563111,-2.506618,-2.4853818,-2.579988,-2.6414502,-2.8288357,-3.0633812,2.9542754,2.9257345,2.788268,2.607893,2.4030957,1.9919329,1.812447,1.8118716,1.7559206,1.9231206,2.0233452,2.3892949,2.5057695,2.5515316,2.8682547,2.9117417,3.0753503,-3.1211872,-2.979955,0.0,0.0,0.0,0.0,0.0,0.0,0.0,0.0,0.0,0.0,0.0,2.9132526,3.0101774,-3.0276806,-2.8939059,-2.7465775,-2.6954882,-2.6026895,-2.6394784,0.0,0.80537945,0.7427685,0.70485175,0.6805512,0.6101375,0.7188663,0.9162222,2.9981003,-2.7358634,-2.6562347,-2.6705356,-2.7098289,-2.644539,-2.617138,-2.6044323,-2.5738444,-2.4807281
161,1760879478.898735,COMBINED,Walking,53.5,0.0,9.097169,11.659268,9.742105,7.7714515,7.6567,8.514419,9.036371,9.157318,9.74617,9.74617,9.618127,8.55902,8.193959,8.332043,8.339863,9.822768,10.777295,11.164728,11.874636,12.059203,12.526484,12.500153,13.281336,13.256861,13.338481,12.823139,0.0,0.0,0.0,0.0,0.0,0.0,0.0,0.0,0.0,0.0,0.0,12.061308,14.492483,16.408838,17.434671,18.592735,18.877245,18.579304,17.940197,16.719193,15.122,12.966534,12.225348,12.020299,9.212335,6.6659064,5.465391,6.179871,7.2324877,9.02335,9.7647705,10.497718,9.995024,9.884247,8.353904,7.1728425,6.0697374,0.0,-2.17223,-2.120304,-2.1529655,-1.8855908,-1.66636,-1.5991895,-1.4810444,-1.4280696,-1.4125166,-1.4125166,-1.4952744,-1.6830773,-1.8122543,-2.0394964,-2.2685592,-2.5208163,-2.6016285,-2.6490703,-2.7156153,-2.7557673,-2.7881243,-2.7500343,-2.6987183,-2.616505,-2.5348802,-2.4607906,0.0,0.0,0.0,0.0,0.0,0.0,0.0,0.0,0.0,0.0,0.0,-2.3086982,-2.2313523,-2.2078624,-2.0596313,-1.9904436,-1.8899914,-1.8386301,-1.7502784,-1.7247711,-1.6646235,-1.6201273,-1.5899523,-1.5829746,-1.7748805,-2.0008948,-2.6695356,3.104139,2.8378625,2.6782477,2.6310668,2.5920339,2.664826,2.5750594,2.735426,2.9599738,-2.98986
162,1760879478.9304128,COMBINED,Walking,60.5,0.0,14.224852,12.848036,12.964593,10.498748,9.794339,9.872121,7.227165,8.142658,9.79321,12.234547,11.552882,11.6799555,11.268152,12.107862,12.6735115,13.657162,12.591495,13.153339,11.823726,11.191546,11.177738,10.690912,11.538373,10.740846,9.730114,10.024429,0.0,0.0,0.0,0.0,0.0,0.0,0.0,0.0,0.0,0.0,0.0,14.507295,13.372425,10.86969,9.9429245,8.884448,9.5367,11.613548,13.186306,12.6511135,10.174445,10.183353,11.021419,12.232472,13.683447,13.442882,13.329135,12.539415,11.552743,11.824765,11.548125,11.585316,13.942753,12.22659,7.283753,5.4503217,6.4440584,0.0,1.5245758,1.5960836,1.5928068,1.6615335,1.8332361,1.7829095,2.1931148,2.7600503,2.924523,2.9832354,3.0638807,-3.1138017,-3.0985787,-3.0291297,-2.969063,-2.9841275,-3.0175238,-2.9911454,-3.0201883,-3.0442429,3.1258154,3.1350856,3.1159713,-3.0843604,-3.0136364,-3.0092494,0.0,0.0,0.0,0.0,0.0,0.0,0.0,0.0,0.0,0.0,0.0,2.1893735,2.437637,2.5967383,2.8112957,-3.00522,-2.72862,-2.367294,-2.1946194,-2.0729585,-1.851044,-1.5967864,-1.5084424,-1.4198164,-1.4230647,-1.5184957,-1.6163194,-1.8263084,-1.8935972,-2.0767124,-2.1192966,-2.3632023,-2.581571,-2.5657701,-3.024679,2.81146,2.2718139
163,1760879478.9906025,COMBINED,Walking,71.0,0.0,11.005818,9.7511635,12.144797,14.021976,14.219924,16.319357,19.001228,21.347586,16.156328,11.450488,11.901075,10.025699,6.7179093,7.745249,8.669658,7.5670743,8.7336445,8.191944,9.169534,10.186556,8.688842,10.927889,13.429298,12.831819,11.014794,9.520922,0.0,0.0,0.0,0.0,0.0,0.0,0.0,0.0,0.0,0.0,0.0,4.6290655,4.6793947,6.9002953,10.014689,12.7672205,13.9334345,13.904267,15.861519,14.115423,12.293194,10.942222,5.877135,4.842858,1.8823688,4.009092,4.2878313,8.587584,7.3924375,10.090369,10.928014,11.355914,11.291419,12.386754,11.805567,10.185728,10.647318,0.0,0.49736497,0.59256494,0.19210835,-0.08258782,-0.05116774,-0.09801446,-0.17025144,-0.17345752,-0.16547616,-0.3045765,-0.33575112,-0.22714016,-1.0789065,-0.9341701,-1.7432288,-1.5095242,-1.7358418,-1.708828,-1.6889452,-1.7624736,-1.5290583,-1.0790583,-0.86382663,-0.6394251,-0.35939866,0.023586614,0.0,0.0,0.0,0.0,0.0,0.0,0.0,0.0,0.0,0.0,0.0,-2.385971,-2.5165637,-1.7878395,-1.8963492,-1.7604824,-1.5253665,-1.4529599,-1.5797923,-1.6871148,-1.7679726,-1.5467112,-1.678505,-1.5438768,-1.1157591,0.957294,0.89755934,0.9301807,1.0249499,0.85553306,0.7853982,0.9831016,0.9224201,0.810522,1.0750732,0.66386485,0.8129563
164,1760879479.0383382,COMBINED,Walking,66.0,0.0,6.2228885,3.868902,5.228382,4.5506372,6.526752,9.872121,14.209463,12.52949,9.924717,6.3533497,8.080912,8.274142,9.711061,10.804661,8.944271,11.07902,11.436903,9.856235,11.472457,12.279041,8.347114,7.8466315,8.561654,8.122639,7.6765003,8.153669,0.0,0.0,0.0,0.0,0.0,0.0,0.0,0.0,0.0,0.0,0.0,8.713411,9.49454,11.08044,10.635828,13.975798,12.84629,11.130403,6.634013,7.659111,8.596895,6.1179395,9.199041,7.207494,5.0006104,0.77664745,2.064343,3.1425338,7.7548304,7.3280444,9.959108,6.580471,3.405266,4.903791,4.443912,7.1393795,5.55509,0.0,-2.7860162,-2.8357105,-2.7300763,3.0155683,-2.600052,-2.9294794,-2.9330814,-2.97808,-2.427502,-2.1507568,-2.4350975,-2.2912421,-2.7203746,-2.8016806,-2.677945,-2.2246227,-2.1758754,-2.1562452,-1.9085416,-2.049847,-2.0786011,-2.089658,-2.0790515,-2.0339582,-1.8234246,-1.501205,0.0,0.0,0.0,0.0,0.0,0.0,0.0,0.0,0.0,0.0,0.0,-1.2482961,-1.4097748,-1.0537109,-1.0638599,-0.83601487,-0.7159049,-0.44382814,-0.54392767,-0.43304953,-0.26815236,0.64721453,-0.62156194,-0.6041201,-2.3088977,1.89768,1.250458,-1.2521896,-1.6856638,2.6498778,-0.96961015,-0.63440394,2.3679516,-0.4193397,2.8107607,3.0140712,2.6842568
165,1760879479.04815,COMBINED,Walking,67.0,0.0,1.9517906,3.2337165,0.7300014,5.3670783,2.8984,4.408347,1.8156275,2.1905324,3.4721293,6.4708557,3.2186668,7.2546,3.3350093,5.3611574,6.8309183,6.488854,5.278201,4.7329726,6.30207,8.093816,10.995555,9.637258,9.547633,9.853389,9.974624,11.570318,0.0,0.0,0.0,0.0,0.0,0.0,0.0,0.0,0.0,0.0,0.0,11.148745,11.144268,10.107236,12.095567,11.757248,10.112353,7.0143833,5.6410713,9.88303,10.929441,7.2136307,8.009697,7.070376,5.99005,6.0,3.0641487,3.2769866,3.414781,1.9376752,8.6776085,6.8329906,7.8444295,6.427849,9.992278,9.210547,6.2986727,0.0,0.73261416,-0.5951403,-0.9276359,0.18162441,0.091688246,-0.13803464,-1.0508732,-0.28425485,0.27149263,-1.9221139,-1.8933588,-2.17055,-2.370995,-1.9580914,-1.8618401,-1.9150355,-0.95678365,-1.7396241,-2.2442906,-2.360748,-2.4674804,-2.1777222,-2.2085183,-1.8180869,-2.0874522,-2.0792832,0.0,0.0,0.0,0.0,0.0,0.0,0.0,0.0,0.0,0.0,0.0,-1.9021457,-1.9710175,-2.1246192,-1.5760546,-1.3963051,-1.0990802,-1.1690246,-1.9864831,-1.386618,-1.4059981,-1.6587884,-1.1892751,-1.4215474,-1.3420473,-1.5707964,1.3895911,0.797762,-2.0457184,-1.1223403,-1.7061458,-1.372166,0.3150369,-0.627639,0.4645134,0.48009104,0.6991653
166,1760879479.0602388,COMBINED,Walking,66.0,0.0,4.374961,3.0008607,4.959243,3.4493098,6.246864,0.95362556,0.9360194,9.414843,0.6479959,5.306081,2.4697354,6.227673,1.4713744,1.460577,1.7196689,2.5920575,0.0,3.7835093,3.8089397,8.06165,5.7400746,6.198153,7.1929336,10.083448,8.611033,6.2222834,0.0,0.0,0.0,0.0,0.0,0.0,0.0,0.0,0.0,0.0,0.0,6.531892,10.571428,9.908088,9.584023,8.532914,8.441458,12.146651,8.660565,8.617886,6.299114,4.006449,2.061862,6.771383,6.023773,6.502188,7.747191,5.7349825,4.236401,6.393896,5.365096,5.942267,6.32951,2.033342,8.030281,8.138577,4.729069,0.0,3.0806851,-2.5610776,-2.502205,2.809207,-2.122403,-1.7423782,-1.770332,-2.0943127,-2.8128974,-1.5373454,-1.5725214,-2.3369179,-2.8049722,-1.4369746,-1.8505205,-0.792759,0.0,1.6027083,1.1135893,1.0453616,1.2799218,1.0309347,1.2124392,1.4415691,1.6564202,1.834494,0.0,0.0,0.0,0.0,0.0,0.0,0.0,0.0,0.0,0.0,0.0,1.1493707,1.5707964,1.4195569,2.0450153,2.61206,2.4923894,2.0812478,2.123687,2.1175044,2.800411,1.9467989,-2.9065175,2.3593097,2.1445043,1.9390491,2.301045,-2.988641,-2.847116,-2.7077057,2.5141523,-2.9394224,2.840734,-1.8015355,-2.967262,-3.034291,-2.2951314
167,1760879479.0699248,COMBINED,Walking,66.0,0.0,12.092456,11.03024,10.044175,9.723399,10.037817,12.008664,11.671509,9.379377,3.1285648,13.112212,5.4444423,6.8964105,5.2225065,3.5894437,6.4093757,2.7800539,3.2058663,2.9374244,3.9587348,5.5695977,6.3804717,6.7029505,9.638558,11.010349,7.1650867,7.743172,0.0,0.0,0.0,0.0,0.0,0.0,0.0,0.0,0.0,0.0,0.0,4.049324,8.161175,6.5301933,9.013011,11.15162,10.89427,10.358028,10.621877,8.544453,10.071591,7.8654866,8.529128,8.190846,9.626664,9.097418,8.726176,10.640896,12.506242,11.060832,10.7474,9.0243225,12.163877,11.628436,11.060409,13.119555,13.711085,0.0,-2.3808625,-3.0070448,-2.7302616,-2.7096794,-2.7904673,-2.7884386,-2.664435,-2.6905413,3.1084735,-2.2532732,3.0039947,-2.934813,2.9031003,-3.022468,-3.035526,2.90154,2.4375877,-3.0680573,2.8890538,1.9820106,1.8928496,1.8740214,1.5916791,1.675105,2.7299008,2.1948066,0.0,0.0,0.0,0.0,0.0,0.0,0.0,0.0,0.0,0.0,0.0,2.190292,2.3532143,2.4763243,2.1807625,2.451431,2.5253334,2.6870086,2.6683748,2.954664,3.0222893,2.9642344,2.8510141,2.9905803,2.5525174,2.8008294,2.936447,2.9673088,-2.944356,-3.0966697,-3.0017815,3.1088557,-3.0007277,-2.7307878,-2.7644567,-2.6312315,-2.6230845
168,1760879479.0830026,COMBINED,Walking,52.5,0.0,20.66568,20.022614,17.73779,15.684369,12.386754,10.69628,8.930295,10.379388,8.246211,5.6685586,2.7194123,2.3219895,3.3069313,3.4040468,3.8593545,2.8999388,2.6474755,1.8928059,2.461265,4.4108205,7.1929336,9.839475,11.219553,10.1471,9.858303,10.729077,0.0,0.0,0.0,0.0,0.0,0.0,0.0,0.0,0.0,0.0,0.0,11.233258,9.907449,9.684217,12.071545,6.1282587,1.6402497,1.4826409,3.4388382,4.763776,6.6570277,7.861466,7.861466,7.581669,7.4793797,5.5486283,3.849368,2.5540318,4.7672243,7.0058284,9.324488,9.9339,11.7730665,14.553726,16.879082,18.385836,20.04337,0.0,2.3868413,2.423959,2.4307349,2.3643239,2.3310707,2.2747815,2.1650517,1.9328777,1.815775,1.600178,1.1071033,0.6163984,-0.23264998,-0.25895005,-0.48332906,-0.27623352,0.0446445,0.7608105,1.3177744,1.6420733,1.9291534,1.9701763,2.0824077,2.1442091,2.3123593,2.4729288,0.0,0.0,0.0,0.0,0.0,0.0,0.0,0.0,0.0,0.0,0.0,2.2272985,2.356997,2.5635247,2.5798419,2.7509856,2.8358796,-1.2349386,-0.8126804,-0.7560707,-0.7700804,-0.72788244,-0.72788244,-0.82540345,-0.8188963,-0.96840334,-1.2501851,-2.330162,2.9981837,2.7875953,2.5418572,2.5014212,2.4321103,2.4352226,2.4406636,2.3990545,2.4358575
169,1760879479.084858,COMBINED,Walking,67.5,0.0,3.5164971,6.402782,5.54564,3.010047,5.82355,4.0270987,5.938229,4.7696023,2.2392344,7.8541555,0.96921486,3.29373,4.4249306,4.328816,1.6458855,5.9599404,6.3226423,6.008172,6.1116786,4.019206,6.3220863,7.6605453,5.011717,6.198153,6.7893753,7.809697,0.0,0.0,0.0,0.0,0.0,0.0,0.0,0.0,0.0,0.0,0.0,9.617693,9.617693,10.48035,10.973541,12.091637,14.565577,13.15078,13.629953,10.372027,12.898466,11.756164,9.185288,7.9239273,6.5769196,7.3162255,5.679844,4.344151,3.4188201,3.2866688,4.3163133,4.7753587,3.9074993,7.4257855,3.7540457,3.7970433,5.2136116,0.0,-1.4329656,-1.6731362,-1.3984139,-1.0757778,-1.002023,-0.7037008,-0.57894564,-0.33037585,0.49408597,1.9718262,1.711766,1.2555125,1.9524676,1.6557229,1.0653957,1.8459319,1.9060543,1.8209606,1.6884022,2.1913512,1.8774042,2.0703564,1.8706957,2.110658,2.3503904,2.259324,0.0,0.0,0.0,0.0,0.0,0.0,0.0,0.0,0.0,0.0,0.0,2.6546934,2.6546934,2.6008005,2.7384086,2.7938042,2.826972,2.9782243,3.0202067,-2.9895911,-3.05203,-2.897914,-2.7463446,-2.6522589,-2.361952,-2.947585,-2.7367728,-2.47263,-2.8791835,-2.5933614,-2.8178532,3.0988393,-2.4665496,3.0218172,-1.787087,-1.9828922,-1.8966924
170,1760879479.087133,COMBINED,Walking,63.0,0.0,10.3802805,11.813355,13.135,11.309325,9.337629,9.568252,9.027546,9.954518,9.272231,10.587049,8.781922,8.349073,7.5204496,8.555866,9.707133,13.377795,12.903488,10.862476,10.55632,13.453625,10.6196785,11.652552,7.2197933,8.899504,8.193928,9.620706,0.0,0.0,0.0,0.0,0.0,0.0,0.0,0.0,0.0,0.0,0.0,12.025781,8.97783,7.3361692,5.537779,3.6893268,3.9096937,5.410608,6.6071725,8.870255,9.601906,10.185673,11.182469,11.018249,11.676927,10.0652485,10.3109255,8.3569,6.607649,5.9551716,4.2278543,3.7068846,3.405963,6.4974494,6.0454216,6.9625382,7.9928956,0.0,0.9890226,1.1699438,1.2123712,1.1979681,1.2820946,1.482659,1.6489366,1.7958275,1.6775165,1.7089857,1.7460828,1.2537789,1.488033,1.0044607,0.6984881,0.65757227,0.6202495,0.5616612,0.6283097,0.8379812,0.12295874,0.42843434,0.52858835,0.72543496,0.5818282,0.6288466,0.0,0.0,0.0,0.0,0.0,0.0,0.0,0.0,0.0,0.0,0.0,-1.6813443,-1.531157,-1.8287858,-1.9776721,-2.4298627,-2.900689,3.1233609,2.841136,2.6835003,2.8043482,2.7526166,2.810079,2.6559794,2.6231306,2.6890287,2.6579409,2.5289803,2.4961455,2.3376467,1.9297647,1.5777808,1.1654345,0.92255473,0.8338127,0.532078,0.7217258
171,1760879479.089459,COMBINED,Walking,62.5,0.0,9.349757,9.655579,12.03952,11.164331,9.637977,9.920902,11.798649,13.6182785,13.278698,14.629984,14.998722,14.1638775,12.712836,12.958689,12.418983,12.911825,13.237385,9.272173,8.131367,7.453849,7.4346423,7.1715302,7.9207597,8.319366,9.002199,7.961244,0.0,0.0,0.0,0.0,0.0,0.0,0.0,0.0,0.0,0.0,0.0,23.116344,19.960743,17.660791,15.919822,14.38016,14.135868,13.955505,15.955651,15.93851,18.275036,19.015467,18.576023,18.647173,17.597483,17.657993,15.599799,13.184538,11.671922,10.296524,10.104207,8.43898,7.7185426,6.2681427,6.402764,6.5873246,6.2222567,0.0,0.49118105,0.5149556,0.45688292,0.42683968,0.27260208,0.1786543,0.21569692,0.20354672,0.16589552,0.34318858,0.19936638,0.15226595,0.13874775,0.08397907,0.06971863,0.013485133,-0.017775904,-0.005463605,-0.14192937,-0.25130305,-0.84348625,-0.95297676,-0.77384186,-0.7336533,-0.51315707,-0.16235977,0.0,0.0,0.0,0.0,0.0,0.0,0.0,0.0,0.0,0.0,0.0,1.968652,1.9808983,1.9803916,1.8598953,1.6724261,1.4452147,1.2565451,1.2262574,1.062405,1.0645107,1.0777643,1.0907152,1.0211797,1.052641,1.011287,1.0655768,1.0016048,1.0337868,1.061743,1.0862004,0.9781835,0.76109725,0.79562426,0.8486152,0.5898091,0.5451061
172,1760879479.091776,COMBINED,Walking,62.0,0.0,12.218499,11.460493,12.273001,10.988549,9.636207,8.608605,9.0281725,11.69785,11.718529,12.333414,13.222431,13.224648,12.15334,12.458262,12.290257,12.894431,12.028302,10.036404,5.971685,3.0071583,1.0087173,1.57348,2.4250052,2.90904,3.3672166,3.751267,0.0,0.0,0.0,0.0,0.0,0.0,0.0,0.0,0.0,0.0,0.0,26.902937,24.556292,21.107748,18.556765,17.450829,15.689538,14.383437,14.844792,16.211311,16.29717,16.222872,16.15724,15.778031,14.852466,14.784394,11.350695,10.923065,10.963846,11.075863,9.964853,10.551888,11.041694,10.941131,10.568207,10.502975,10.158561,0.0,2.084101,2.1174994,1.9915332,1.8968551,1.735593,1.4764801,0.96053344,0.91087145,1.0027759,1.0925632,1.0480075,1.0664095,1.1349869,1.2008728,1.2743608,1.3359859,1.4183017,1.4959571,1.5095639,1.4236107,-0.07544049,-0.8024041,-1.0660454,-0.27690274,0.5133342,1.3478773,0.0,0.0,0.0,0.0,0.0,0.0,0.0,0.0,0.0,0.0,0.0,2.2816453,2.3718803,2.3689637,2.3040183,2.2643874,2.1058578,1.9910228,1.8504951,1.7819653,1.7242085,1.7255709,1.728337,1.7208438,1.7760028,1.6442817,1.749663,1.8399866,1.8189324,1.9041576,1.9639823,2.0145237,2.082512,2.0777688,2.2349522,2.2381024,2.2129164
173,1760879479.0935607,COMBINED,Walking,65.0,0.0,9.229127,9.729791,10.96927,8.625438,8.796419,8.366743,10.185776,7.8404512,7.9729676,6.0432878,7.914374,7.1611342,8.532914,9.772684,9.483845,9.414196,7.3168907,8.053071,7.1209574,5.2765403,5.8156343,7.6955967,4.853689,4.6530957,2.5262408,4.8558245,0.0,0.0,0.0,0.0,0.0,0.0,0.0,0.0,0.0,0.0,0.0,10.810464,11.436103,10.909678,9.341262,8.14583,9.830978,9.52769,7.366202,10.146727,11.004705,6.825432,10.779134,11.466486,10.290868,9.103657,8.918819,6.470104,5.8202767,7.994547,6.576561,7.288715,7.0382895,8.762362,8.810533,11.134549,11.46206,0.0,1.189636,1.4726936,1.1593525,0.91339797,0.7418483,0.81716055,0.58857876,0.83546776,0.60024244,-0.014126896,0.39393353,0.44436145,0.5295325,0.65047127,0.8148622,0.47145548,0.7946421,1.0662479,1.1014843,0.81535184,0.765447,1.484058,1.4235765,1.4198022,1.0744972,1.6983501,0.0,0.0,0.0,0.0,0.0,0.0,0.0,0.0,0.0,0.0,0.0,2.1207223,2.7245328,2.4861896,1.8459682,2.416914,2.5488153,2.520829,1.8874391,2.3585916,2.3468199,1.7273887,2.2418416,2.2367048,2.3649569,2.1724164,2.3941867,2.0077796,1.8284159,1.9004762,1.4155052,1.0561609,1.1316103,1.1208715,0.973066,0.79396313,1.199717
174,1760879479.09514,COMBINED,Walking,64.5,0.0,13.0896845,14.111349,11.296644,11.190626,11.036699,12.335537,10.570345,10.298742,9.590431,9.651557,10.986418,11.77527,11.046437,11.516055,12.243621,11.18034,12.1796465,11.558961,11.761174,10.37966,9.997675,8.418028,8.901178,9.019174,8.907121,9.04296,0.0,0.0,0.0,0.0,0.0,0.0,0.0,0.0,0.0,0.0,0.0,10.792273,11.269821,9.009343,11.548144,9.210215,7.776379,1.8432026,9.086744,8.80099,9.675446,7.5712347,12.573117,9.511158,8.264967,11.175021,10.223763,7.917571,7.979732,9.986541,4.867333,6.8050146,8.4601555,9.506251,8.736593,10.305782,9.936466,0.0,0.5994352,0.45976543,0.6072667,0.6747982,0.3747095,0.28291854,0.5251031,0.49901292,0.6055216,0.12835108,0.52881014,0.20416057,0.29609153,0.45289555,0.47734538,0.4636476,0.67513585,0.75148994,0.74762326,0.82437235,0.5821373,0.8295206,0.7680553,0.9406373,0.9747818,0.7214359,0.0,0.0,0.0,0.0,0.0,0.0,0.0,0.0,0.0,0.0,0.0,1.3553554,1.5471321,1.2145442,1.4891268,1.6310694,1.6201272,1.4099777,1.820314,1.8000463,1.6295394,1.4025494,1.6642079,1.486949,1.3767936,1.7644659,1.6740091,1.3543501,1.0307583,1.630996,1.0387783,0.64656323,0.065105505,1.1347598,0.3977055,0.5257549,0.5834766
175,1760879479.16628,COMBINED,Walking,51.0,0.0,3.9501433,1.8029876,2.731597,4.5787115,4.5787115,6.0015893,5.1018,4.651463,2.7659957,3.3075554,5.772147,7.845804,11.961611,12.959569,12.645259,12.446055,12.738778,13.40479,13.205922,12.759604,12.374058,12.020958,11.067971,10.798934,10.186731,10.062505,0.0,0.0,0.0,0.0,0.0,0.0,0.0,0.0,0.0,0.0,0.0,4.7310557,4.2418313,3.788918,1.7196689,0.7605024,2.5799937,4.7667785,9.073152,11.175697,10.608429,11.564268,12.398296,13.877696,15.015806,16.39912,16.028591,16.311155,15.824721,14.6136265,13.307963,12.042164,11.2603245,10.761359,11.548689,12.009191,8.777233,0.0,-0.048243124,-0.97398525,-1.9067429,-2.2347639,-2.2347639,-2.4383922,-2.3735042,-2.2219462,-1.8072816,-0.7739493,-0.38097942,-0.16546597,-0.15642492,-0.14784937,-0.04505444,-0.028945794,0.059800472,0.1394032,0.1471995,0.1959798,0.24650656,0.29499358,0.32175055,0.37436995,0.40353042,0.48078123,0.0,0.0,0.0,0.0,0.0,0.0,0.0,0.0,0.0,0.0,0.0,-2.2111216,-2.212313,-2.0354862,-1.8505205,-0.99355346,0.62786674,0.80734307,0.9396328,0.84871227,0.93550533,1.0181121,1.091281,1.1190146,1.1281998,1.0980959,1.0872319,1.0581766,1.0713984,0.9915011,0.92586464,0.84495157,0.7386443,0.630149,0.47713274,0.46009654,0.36926737
176,1760879479.1769211,COMBINED,Walking,52.5,0.0,13.157697,15.034321,15.622414,15.969098,16.368275,16.072674,15.38083,14.711517,13.320835,12.3552065,11.835377,11.23135,11.475181,13.502453,12.573281,11.267222,10.003933,8.833261,8.489993,7.657205,7.905674,7.3235745,7.0751934,7.461043,7.5674963,7.789087,0.0,0.0,0.0,0.0,0.0,0.0,0.0,0.0,0.0,0.0,0.0,14.4360075,14.991483,14.240449,14.40359,13.126364,11.681086,10.376957,10.0716505,11.9908,11.280958,8.028294,6.012164,2.8984,2.518792,3.0129793,4.905072,5.281863,4.905072,5.413466,3.9678812,2.6593044,1.8466313,4.631443,8.791737,11.488247,12.550127,0.0,-2.4638844,-2.431686,-2.416102,-2.3623536,-2.381117,-2.3981564,-2.402014,-2.4549637,-2.5365448,-2.594398,-2.7915478,-2.9317043,-3.0082738,-3.0761814,3.1000373,3.097423,2.9851003,2.8940325,2.8794727,2.7192512,2.718966,2.6412427,2.707302,2.8424976,3.1357121,-2.9839828,0.0,0.0,0.0,0.0,0.0,0.0,0.0,0.0,0.0,0.0,0.0,2.9884658,3.124375,-3.0068388,-2.9225562,-2.791023,-2.5821702,-2.4981892,-2.2965899,-2.2045705,-2.1720634,-2.1375535,-2.062686,-1.6624845,-0.5738538,-0.13231051,0.19084801,0.32719296,0.19084801,0.32101253,-0.008127835,-0.45182052,-1.5309174,-2.223707,-2.430571,-2.514506,-2.5335462
177,1760879479.28396,COMBINED,Walking,67.0,0.0,12.3401375,12.140486,10.184865,10.354583,10.333929,11.675916,12.132682,13.456103,11.796919,12.302607,12.302607,12.045482,10.759542,11.081745,9.635112,12.999939,12.735296,11.9908,9.494604,9.161791,8.680657,9.936466,9.441483,9.683019,9.722164,9.583917,0.0,0.0,0.0,0.0,0.0,0.0,0.0,0.0,0.0,0.0,0.0,11.431126,13.102771,14.404072,15.458048,15.523924,15.94662,14.605939,13.438868,11.7926235,10.991467,8.747603,9.273468,8.467758,4.506634,6.03485,5.2017736,7.5707545,8.932827,11.92158,12.101859,12.80289,12.180997,11.663219,9.340705,7.7738147,7.0532045,0.0,0.9982117,1.1347388,1.2613726,1.3122668,1.5706232,1.7529718,1.9080335,1.8319046,1.7781494,1.7930504,1.7930504,1.6440042,1.4375044,1.3220485,1.2126902,1.0511458,1.0401108,0.93702227,0.7913875,0.73798525,0.5790633,0.5834766,0.5752282,0.43964833,0.5801045,0.7147262,0.0,0.0,0.0,0.0,0.0,0.0,0.0,0.0,0.0,0.0,0.0,1.3348871,1.4483085,1.5965927,1.7005424,1.7159785,1.7628891,1.8508341,1.8970233,1.9041451,1.8324894,1.8483396,1.678841,1.7302089,1.2665225,0.95207006,-0.14054683,-0.24855542,-0.42784545,-0.5962737,-0.5743458,-0.6051077,-0.55513626,-0.5444558,-0.4291321,-0.19735657,0.12290471
178,1760879479.3453722,COMBINED,Walking,60.5,0.0,9.863064,9.432586,9.537461,6.470104,7.51143,10.541018,11.902193,14.214252,13.308446,14.85191,11.181213,9.757717,8.416593,7.3830724,7.1728516,8.880289,10.535939,11.640589,12.632549,13.951972,14.823647,15.854411,16.213026,15.820888,14.885495,14.799601,0.0,0.0,0.0,0.0,0.0,0.0,0.0,0.0,0.0,0.0,0.0,8.245117,9.741612,11.635032,12.088078,13.969061,12.178562,13.245697,12.3739195,13.348216,13.685742,14.208474,12.302433,11.6544075,12.215249,12.926407,12.705248,9.85609,5.2647443,4.7046013,5.834469,7.6095285,7.6095285,8.934387,8.85683,7.5517244,7.6385064,0.0,-2.7228143,-2.5741062,-2.3488886,-2.0077796,-1.5995891,-1.2138152,-1.219167,-1.1519363,-1.1212608,-1.013442,-1.186764,-1.2341936,-1.4109792,-1.7621179,-2.0354683,-2.705615,-2.7936573,-2.855665,-2.819405,-2.7782059,-2.720574,-2.619603,-2.5175953,-2.3933966,-2.3463392,-2.1608188,0.0,0.0,0.0,0.0,0.0,0.0,0.0,0.0,0.0,0.0,0.0,-2.2076292,-2.185845,-2.0777664,-2.108504,-1.8141398,-1.9080212,-1.7546096,-1.8110837,-1.792575,-1.69971,-1.6433078,-1.7452927,-1.8609602,-2.0135682,-2.001051,-2.0514286,-2.1099563,-2.3662617,-2.981367,2.3843293,2.3115516,2.3115516,2.2296011,2.3105822,2.5377812,2.6974363
179,1760879479.4172258,COMBINED,Walking,63.5,0.0,7.4986916,6.1531205,6.0871477,8.064094,10.456732,14.429731,13.993265,16.121836,15.990204,14.812649,14.531519,14.360875,13.762057,11.703785,10.001582,8.552244,6.5637517,5.188456,6.997309,8.125822,8.840111,9.417989,10.735166,10.384556,10.254283,10.314279,0.0,0.0,0.0,0.0,0.0,0.0,0.0,0.0,0.0,0.0,0.0,8.444797,10.288014,11.827736,12.892257,12.131001,11.994974,12.931369,11.079864,9.80515,8.013382,7.1413145,6.2041025,7.1280017,8.463843,10.171014,11.552399,13.039255,14.647169,17.892801,19.053816,19.183218,19.552706,19.278751,18.126974,15.150581,13.542514,0.0,-1.9694347,-2.5881045,2.9721766,2.6184907,2.5142047,2.3789716,2.3551323,2.3123202,2.2345476,2.249762,2.1704683,2.2315776,2.3251479,2.3233974,2.3866777,2.6085036,2.9484751,-2.8874598,-2.2945516,-1.8948041,-1.5214223,-1.2916875,-1.0525403,-0.8678555,-0.6231015,-0.38094312,0.0,0.0,0.0,0.0,0.0,0.0,0.0,0.0,0.0,0.0,0.0,-0.83055747,-0.63187826,-0.47359067,-0.33907428,-0.1551486,-0.09115167,0.0017696151,0.08222557,0.14954557,0.04105721,-0.019597499,-0.22366004,-0.36837503,-0.58690137,-0.78373593,-1.0160751,-1.0563099,-1.1567012,-1.242198,-1.3213184,-1.2948698,-1.3252726,-1.4005378,-1.4523666,-1.4296902,-1.5012157
180,1760879479.450777,COMBINED,Walking,53.0,0.0,11.059156,10.484271,9.483765,5.369953,3.2198114,2.8110456,3.5151117,4.8929844,5.599566,5.6406503,3.5390015,3.5390015,0.0,2.8254511,4.2245765,7.625522,8.46717,9.8192215,9.935619,9.668382,10.41829,10.59365,10.691683,10.989195,10.790102,10.343646,0.0,0.0,0.0,0.0,0.0,0.0,0.0,0.0,0.0,0.0,0.0,13.971734,15.442976,15.876564,16.87213,17.199005,17.29494,16.169052,14.952778,14.3178215,12.940623,12.966733,13.432966,12.730671,10.743243,10.396418,8.982873,8.909407,9.410932,10.735625,11.96306,12.368974,12.753118,12.751005,11.86653,10.835525,10.227708,0.0,2.6989956,2.8067217,2.8329937,3.0555637,-2.8204384,-1.789255,-1.2354785,-1.0973356,-0.99655104,-0.8885194,-0.8738672,-0.69692916,0.0,2.3299215,2.4953043,2.4512975,2.48211,2.580534,2.6403875,2.8874228,2.9785836,3.1387196,-2.9436502,-2.8173025,-2.7354977,-2.592351,0.0,0.0,0.0,0.0,0.0,0.0,0.0,0.0,0.0,0.0,0.0,2.7878375,2.9014978,2.9845452,3.1155303,-3.0821102,-3.0373445,-2.9549716,-2.93959,-2.9304993,-2.9423323,-2.966695,-2.9667368,-3.0248373,3.1173983,3.0817075,2.711211,2.4559267,2.250283,2.0399754,1.9058045,1.8917311,1.880865,1.899493,2.0326257,2.1332982,2.3895507
181,1760879479.5442827,COMBINED,Walking,60.0,0.0,13.750649,13.399072,14.186672,11.674974,9.3032875,7.1715302,7.8269205,9.555348,8.288816,5.7690396,7.12773,5.0564656,7.7714515,8.645909,11.143559,10.195239,11.550416,12.4166355,10.938815,11.574899,11.244057,10.664344,10.4437895,10.271448,11.077515,10.850462,0.0,0.0,0.0,0.0,0.0,0.0,0.0,0.0,0.0,0.0,0.0,12.649112,12.523107,12.895148,16.293732,16.126621,19.161406,21.081848,19.800272,18.375566,17.435648,18.135769,14.910469,13.837982,13.020016,12.451502,12.311305,12.911521,7.0085826,8.618498,4.648335,5.1999884,7.350138,7.6699047,5.697285,9.048676,7.3329496,0.0,1.4107304,1.4209723,1.4425758,1.4776181,2.1921015,2.1886158,2.2972605,2.20114,2.0327823,1.766408,2.2133672,1.2494459,1.2560018,1.2854396,0.9126499,1.1971551,0.95646554,0.9570854,0.91210186,0.9598218,1.0734435,1.1147294,1.1777517,1.1349816,1.3265886,1.5776991,0.0,0.0,0.0,0.0,0.0,0.0,0.0,0.0,0.0,0.0,0.0,1.8925469,1.8487675,1.8100394,1.9738293,1.8778254,1.8917933,1.8925469,1.9068812,2.0771382,2.1521025,2.0217295,2.1265953,1.9840833,2.0256515,1.9473797,1.9855136,1.9998002,1.6697316,1.8268436,0.77874696,0.43069103,-0.20178281,0.50186783,0.5673932,0.9379406,0.81420785
182,1760879479.5857794,COMBINED,Walking,60.0,0.0,12.962686,13.588846,12.904996,10.861023,8.798581,7.2814455,5.0406814,8.037159,4.7508326,8.519766,5.8857536,6.734623,5.5127296,4.284102,6.237575,8.736101,8.186276,9.417922,10.793857,14.658839,9.7056265,10.523623,7.1937227,7.554385,9.141909,6.730814,0.0,0.0,0.0,0.0,0.0,0.0,0.0,0.0,0.0,0.0,0.0,8.513344,12.035374,9.074182,9.046702,8.758958,7.3235745,7.8717318,8.476001,7.3027577,7.1259317,5.2033906,7.140983,9.831004,9.94454,13.964239,8.876551,11.182917,13.217678,10.853401,11.424402,14.73118,13.798329,15.401415,14.866371,15.305245,13.423114,0.0,-2.5308692,-2.3351483,-2.3807,-2.434278,-2.5095708,-2.640708,3.1382213,2.0308704,2.648259,1.9756161,1.9477304,2.383363,2.0523627,2.6711953,2.920607,-3.0924861,-2.9594257,-2.7598615,-2.62777,-2.676113,-2.4629574,-2.4661465,-2.3170812,-1.5540175,-2.1303117,-1.4127882,0.0,0.0,0.0,0.0,0.0,0.0,0.0,0.0,0.0,0.0,0.0,-2.0905318,-1.912386,-1.8693544,-1.3667364,-0.48422217,-1.0704464,-0.5701799,-0.16355214,-0.062155355,-0.64616907,-1.4249085,-1.0134616,-1.5227526,-1.481467,-1.6512605,-1.7173368,-1.7908438,-1.7176396,-1.9589441,-2.216875,-2.416992,-2.3348846,-2.3460834,-2.3081853,-2.4721675,-2.250642
183,1760879479.6187453,COMBINED,Walking,61.0,0.0,16.823114,15.187568,14.438956,11.921518,10.928969,11.346894,12.135369,9.25058,9.811146,10.415024,11.7298155,14.051508,14.352148,15.2331915,15.039623,15.649049,13.663895,12.9144335,12.319718,12.482101,12.090992,12.144677,8.913741,3.7824292,3.9884727,1.1391944,0.0,0.0,0.0,0.0,0.0,0.0,0.0,0.0,0.0,0.0,0.0,19.677767,16.288996,13.87473,11.835612,9.514001,8.171299,6.769883,6.689542,6.3713403,7.0461297,8.3015375,7.841876,6.726721,6.1850157,4.59191,4.687753,4.4364524,8.219036,9.92949,10.924398,10.628061,11.439565,12.532762,15.3626995,16.331516,17.365107,0.0,-1.9833467,-2.1331327,-2.1408246,-2.2569764,-2.5549872,-2.8009927,-2.9242651,3.0968404,2.9319024,2.7537768,2.4302883,2.3761413,2.356687,2.339931,2.4135432,2.4674149,2.6575282,2.7599065,2.819529,3.1047847,-3.0733984,-2.99681,-2.9152935,-2.5399885,-2.525362,-1.8357556,0.0,0.0,0.0,0.0,0.0,0.0,0.0,0.0,0.0,0.0,0.0,2.9029667,3.0586503,3.064862,3.1012049,-3.094384,-3.1151683,3.000975,2.4552047,2.375885,2.2448633,2.0849166,2.1415627,1.9787105,2.15128,2.551184,3.0236244,-3.039763,-2.4848104,-2.4129126,-2.4141514,-2.4643202,-2.2565846,-2.1898253,-2.051365,-2.0914884,-1.9714768
184,1760879479.641223,COMBINED,Walking,53.0,0.0,6.438886,6.941653,8.179153,9.304758,9.6075325,8.543972,6.6601815,4.942625,4.1433682,5.8206525,8.601637,11.0901,9.986653,10.188333,9.8013,10.226811,9.628852,10.022422,10.125486,9.709333,9.579788,9.063139,8.72075,7.957312,8.558923,9.487277,0.0,0.0,0.0,0.0,0.0,0.0,0.0,0.0,0.0,0.0,0.0,4.2447395,4.1264935,3.6237795,4.7673435,5.5420814,8.233669,11.010349,12.849011,12.684211,13.287044,13.435646,13.981195,13.984315,14.839397,14.717763,14.1928835,14.072397,13.076691,13.189441,12.167739,11.023329,10.497186,11.808752,12.53895,10.548755,8.352739,0.0,0.953822,1.050059,1.2079172,1.3742293,1.3855704,1.3262125,1.174516,0.90351087,-0.1327276,-0.7201056,-0.9442975,-0.97786474,-1.0839431,-1.1445167,-1.3416606,-1.4742696,-1.4941294,-1.599797,-1.7283956,-1.7593416,-1.6778598,-1.62552,-1.3302128,-1.2119019,-0.84082156,-0.59513426,0.0,0.0,0.0,0.0,0.0,0.0,0.0,0.0,0.0,0.0,0.0,-1.1956351,-0.9577794,-0.9017909,-0.5911339,-0.38880718,-0.18580545,-0.10430859,-0.07790578,0.0,0.07533252,0.17553645,0.21625558,0.21620658,0.2067742,0.16903739,0.13714471,0.028423475,-0.005847678,-0.12406135,-0.16623701,-0.23558255,-0.29239902,-0.33566982,-0.36869776,-0.25138047,-0.05395879
185,1760879479.6777985,COMBINED,Walking,52.5,0.0,10.056983,11.141488,11.633604,11.340309,11.410184,11.348727,9.624235,8.19223,7.756262,8.863966,11.168117,11.788757,12.23646,13.295916,14.058488,14.719701,14.89626,14.89626,14.870884,14.430901,13.699329,12.750543,11.962222,11.163112,10.671872,11.158375,0.0,0.0,0.0,0.0,0.0,0.0,0.0,0.0,0.0,0.0,0.0,11.134986,10.482047,10.018841,9.617413,8.806596,9.768965,11.1195,11.142797,10.27071,8.206742,6.4144354,5.2033906,4.419247,4.1072054,4.3126063,4.893885,5.623824,4.5928736,4.859132,3.553745,3.4914508,5.7572713,8.907007,10.212161,10.389198,10.282636,0.0,-1.6891949,-1.8974092,-2.1071477,-2.2248416,-2.3917038,-2.4622629,-2.4045587,-2.1767604,-1.885112,-1.6305447,-1.3917007,-1.3356884,-1.332345,-1.3010353,-1.255164,-1.2567981,-1.2221417,-1.2221417,-1.2304152,-1.2240819,-1.1642475,-1.122826,-1.0795488,-0.96514696,-0.89605534,-0.7219856,0.0,0.0,0.0,0.0,0.0,0.0,0.0,0.0,0.0,0.0,0.0,-0.32142538,-0.2515291,-0.21735829,-0.17760961,-0.31452116,-0.35452658,-0.36534387,-0.34977177,-0.37645188,-0.2966953,-0.084436625,0.14588785,0.47568828,0.94445133,1.4885569,1.3848505,1.4793105,1.2322053,1.4652549,0.72890353,-0.13239352,-0.6264732,-0.7356745,-0.8215796,-0.98926675,-1.152449
186,1760879479.689293,COMBINED,Walking,62.5,0.0,12.937713,12.771474,9.827245,9.753897,9.055098,9.56478,9.446792,9.550314,8.541648,9.298612,7.6066074,8.923424,9.22076,8.423967,9.577214,7.811225,7.649054,5.7428813,4.2107286,4.33274,4.5202155,4.117224,5.4804864,6.0252953,8.731323,9.936735,0.0,0.0,0.0,0.0,0.0,0.0,0.0,0.0,0.0,0.0,0.0,16.45077,12.420637,10.95551,6.3575664,4.9990497,6.1649327,6.335848,9.92593,11.996258,15.396657,15.370264,15.246406,15.740821,14.685397,13.035295,12.6434965,9.858973,8.202397,7.3307114,9.404106,9.467241,8.831313,10.151805,11.188535,11.788445,13.124435,0.0,-0.5205397,-0.37123704,-0.27021345,-0.16709566,0.12787698,0.28590465,0.23731357,0.26553598,0.23854615,0.03808649,0.3330539,0.41239274,0.5451977,0.61613613,0.78862625,0.679339,0.98551786,0.5661163,0.57528883,0.37631226,-0.09496445,-0.70344794,-0.5903757,-0.864502,-0.8090396,-0.59809226,0.0,0.0,0.0,0.0,0.0,0.0,0.0,0.0,0.0,0.0,0.0,-2.041911,-1.9868644,-2.1407468,-2.4002264,-2.851128,2.793603,2.4608784,2.433488,2.3415616,2.3688433,2.2680898,2.320244,2.1916635,2.1354747,2.0935605,2.012557,1.8639038,1.5408936,1.2996451,0.76280564,0.6230602,0.2717567,-0.04227695,-0.16416338,-0.4029234,-0.33542338
187,1760879479.742207,COMBINED,Walking,61.0,0.0,11.572133,10.9661665,11.51868,11.314892,13.341663,10.107024,9.114171,10.335476,9.969593,12.373902,12.808011,14.012552,13.895687,13.323439,12.946573,12.929237,11.91758,11.552541,11.13517,7.465093,8.210647,4.545321,8.909792,5.3198924,6.006485,3.9754565,0.0,0.0,0.0,0.0,0.0,0.0,0.0,0.0,0.0,0.0,0.0,6.799247,4.7508326,4.033333,4.984909,7.6029863,8.051898,11.458099,8.922024,9.3343935,7.6905713,5.108106,3.564233,2.3005092,2.737452,7.8102493,7.8643413,10.556793,8.50237,8.788023,9.842596,10.806845,12.211152,12.324086,13.110798,13.110798,12.710476,0.0,2.3924584,2.3327343,2.0802867,1.9151046,1.7975951,1.6132915,1.4655447,1.0893844,1.1501523,1.0037106,0.89192593,0.9579922,1.0464946,1.1298627,1.1475445,1.2411004,1.3732656,1.5491644,1.5319208,1.7019293,1.9401968,2.5798817,1.5978252,2.0577943,2.1299474,2.272677,0.0,0.0,0.0,0.0,0.0,0.0,0.0,0.0,0.0,0.0,0.0,1.3243432,1.0774627,0.34477943,0.083401196,-0.12012913,-0.20146504,-0.21433735,-0.2076356,-0.07208503,-0.034170702,0.20307934,0.4318049,1.2410096,2.1665704,2.4468544,2.5086844,2.5203145,2.6094108,2.7148767,2.9095025,2.7948139,2.9079065,2.8686476,2.7959692,2.7959692,2.7137184
188,1760879479.765461,COMBINED,Walking,52.0,0.0,8.279696,8.925718,10.638845,10.070053,9.753304,9.678963,9.134859,8.554792,8.041684,9.309798,11.4684725,13.107083,12.287019,10.440582,8.827837,9.240535,8.3919325,8.982728,8.612445,8.166983,7.7692237,7.037816,8.0977545,8.302248,8.721821,10.056391,0.0,0.0,0.0,0.0,0.0,0.0,0.0,0.0,0.0,0.0,0.0,1.4258183,1.4572462,2.8411188,1.475843,5.2597365,9.81799,9.177837,11.413059,11.4046,12.846302,13.087405,15.54933,16.015642,15.301928,13.651223,14.401018,13.998725,14.375275,11.725552,9.876943,9.454696,10.646378,10.918144,11.678294,9.165716,10.258206,0.0,-0.7274242,-0.8548556,-1.0358355,-0.9800562,-1.0286752,-1.0907819,-0.94185257,-0.91296357,-0.5661876,-0.23023222,-0.19149381,-0.07636884,-0.09256746,0.09750949,0.2616549,0.37764475,0.526138,0.66583616,0.7047229,0.7899305,0.60144246,0.69841033,0.49314606,0.4154788,0.47644144,0.4712652,0.0,0.0,0.0,0.0,0.0,0.0,0.0,0.0,0.0,0.0,0.0,-1.9096841,1.2334703,0.5645974,-0.94799966,0.766477,0.8348808,1.0512831,0.8700481,1.01368,1.1961908,1.460347,1.3229467,1.3743207,1.4286387,1.4180666,1.3811964,1.3848392,1.3658504,1.2365267,1.0222292,0.83362496,0.63081205,0.5311005,0.38370162,0.27595234,0.16682117
189,1760879479.789801,COMBINED,Walking,52.0,0.0,10.524024,10.48789,11.135778,13.3016,11.794191,9.810062,10.142036,10.799078,11.769716,13.148862,13.577568,13.584867,13.584867,13.538619,12.631041,11.765293,11.715148,11.167364,13.1758795,13.254956,12.408021,10.6265745,9.418331,8.890774,8.143736,8.305047,0.0,0.0,0.0,0.0,0.0,0.0,0.0,0.0,0.0,0.0,0.0,8.85647,8.319366,9.341923,11.49817,13.364671,14.333274,15.307657,14.79441,14.656888,13.687853,12.351473,11.501272,11.552191,12.470107,14.346512,11.678296,8.7731695,8.702097,8.795683,10.510441,11.53404,12.667572,13.205503,12.953217,12.288141,12.020749,0.0,-1.1508512,-1.5017451,-1.7478768,-1.9542041,-2.054122,-2.320095,-2.6350586,-2.895712,-2.9225843,-3.062138,-3.0959578,3.138857,3.138857,-3.0619905,-3.0163474,-2.947796,-2.6883724,-2.5788538,-2.3924677,-2.3597176,-2.234169,-2.1581132,-2.0318694,-1.8031886,-1.5346763,-1.3948032,0.0,0.0,0.0,0.0,0.0,0.0,0.0,0.0,0.0,0.0,0.0,-2.1812434,-2.4079394,-2.551855,-2.6940749,-2.636932,-2.6377604,-2.5944805,-2.469476,-2.4032102,-2.243373,-2.1170685,-1.940374,-1.6389048,-1.4831268,-1.3775947,-1.3109969,-1.1853044,-0.9882627,-0.5189405,-0.4225963,-0.35270998,-0.4031821,-0.42928004,-0.5502439,-0.5986039,-0.76980484
190,1760879479.801065,COMBINED,Walking,51.5,0.0,14.708792,13.004833,11.903807,10.9305725,11.652894,7.4409046,3.5611327,2.0768502,3.0143685,5.0800896,4.520828,5.14093,4.495306,5.1795135,4.26073,3.8436797,4.5684433,6.49261,8.7395115,11.0,11.242696,10.505885,10.628061,11.301625,11.520866,12.05026,0.0,0.0,0.0,0.0,0.0,0.0,0.0,0.0,0.0,0.0,0.0,5.6888933,4.2721477,5.6018124,6.9214964,10.217509,10.406954,10.581125,9.439675,8.016343,5.7895837,4.0360937,3.7926025,6.2264256,9.204502,12.892012,11.756891,10.628061,11.060079,12.400115,14.2320175,17.044163,17.941856,19.27205,19.503542,19.000124,17.635658,0.0,0.15466051,0.26502138,0.37945843,0.3576055,0.32373875,0.33071393,0.5963413,1.7235472,2.0553136,2.359468,2.2259479,2.1809213,2.0300088,1.8362048,1.6264465,1.0892872,0.46729934,0.22708392,0.06361585,0.0,-0.02611085,-0.010351088,-0.03377146,-0.050373852,-0.035019685,0.091364935,0.0,0.0,0.0,0.0,0.0,0.0,0.0,0.0,0.0,0.0,0.0,1.0677288,1.9250166,2.6027853,2.9518533,-3.0356812,-2.969823,-2.8972223,-2.8749819,-2.9360964,-3.0557756,2.5886788,1.9858937,1.4746382,1.168645,1.0931507,1.0908458,0.89352375,0.7074026,0.53742373,0.41115096,0.30530548,0.2673067,0.1810494,0.20395666,0.18487918,0.17515503
191,1760879479.8259382,COMBINED,Walking,52.5,0.0,16.113834,17.377378,17.708784,17.630726,16.697094,15.522461,14.769853,12.767144,11.070511,10.21467,11.2298565,11.556373,9.746646,7.494156,6.079169,6.179871,6.1263537,6.7277517,7.174485,7.113622,7.113622,6.15632,4.9245534,5.6162643,6.120257,7.681409,0.0,0.0,0.0,0.0,0.0,0.0,0.0,0.0,0.0,0.0,0.0,7.495484,7.164091,6.992409,7.2149925,7.0202017,8.688473,10.269623,11.823533,11.376585,10.532537,9.112884,7.9540944,6.725868,6.4186935,5.7312846,5.60692,4.9618263,4.294735,5.3498187,4.609902,5.310738,6.8227787,10.925832,12.061746,12.560217,12.825821,0.0,1.121414,1.210273,1.1176469,1.0956837,0.99875873,0.9224885,0.8812951,0.7884656,0.7503365,0.7061806,0.6741713,0.6627731,0.7121051,0.8886975,1.2624242,1.5333427,1.6722826,2.1031542,2.0634305,2.3446207,2.3446207,2.0994864,1.985168,1.5516675,1.265807,1.1485759,0.0,0.0,0.0,0.0,0.0,0.0,0.0,0.0,0.0,0.0,0.0,1.981465,2.1948702,1.9662896,2.044639,1.8618118,1.6024922,1.5494479,1.509426,1.4679729,1.515469,1.3243583,1.1957699,0.9543632,0.7122269,0.34344664,0.23001136,0.1612994,0.091115385,-0.08439882,0.21454945,0.6138721,1.0057217,1.1373626,1.1069328,1.1256707,1.1769419
192,1760879479.8392448,COMBINED,Walking,53.0,0.0,11.426445,11.913589,12.569588,12.129945,12.280472,12.171448,10.912441,9.702461,9.952135,9.737406,11.570318,13.342424,12.998915,13.358419,13.695393,14.76585,14.182538,14.579272,15.054225,14.800316,14.11366,13.200607,11.932135,11.614972,11.593736,10.937155,0.0,0.0,0.0,0.0,0.0,0.0,0.0,0.0,0.0,0.0,0.0,12.490376,12.043345,10.882148,11.094877,10.8642,11.60119,12.126752,13.913155,13.311867,10.787731,10.249946,8.607474,7.7853513,7.9130363,7.8481417,7.849177,8.065561,7.6699047,8.003041,6.7745633,7.0521083,9.383062,11.519291,13.534166,11.644647,10.865707,0.0,-2.9058595,-2.9998484,3.138591,2.9471612,2.8523111,2.8224,2.9318964,2.957628,-2.923465,-2.800421,-2.6331058,-2.5585997,-2.4862146,-2.3699532,-2.2781005,-2.206537,-2.1443558,-2.1149075,-2.078465,-2.049584,-2.038478,-2.0019681,-1.980863,-2.0651162,-1.9950893,-2.0109954,0.0,0.0,0.0,0.0,0.0,0.0,0.0,0.0,0.0,0.0,0.0,-2.1036124,-2.027967,-1.9279606,-1.8620791,-1.8227322,-1.7696654,-1.7212181,-1.696447,-1.6121309,-1.5425996,-1.3854635,-1.127714,-0.8916017,-0.68698543,-0.50201577,-0.4246906,-0.5047605,-0.50186783,-0.527901,-0.8990148,-1.3923266,-1.754816,-1.9892013,-2.033201,-2.1570303,-2.315479
193,1760879479.857297,COMBINED,Walking,52.5,0.0,16.33154,16.23467,17.370508,18.094913,17.803595,16.3411,15.645436,14.067893,12.412122,12.7286215,12.425894,12.754168,13.333332,11.472585,9.758491,8.687167,8.406422,8.103006,8.646173,7.681384,8.140677,7.650547,6.369598,7.317609,6.8468394,7.28011,0.0,0.0,0.0,0.0,0.0,0.0,0.0,0.0,0.0,0.0,0.0,11.047359,10.02983,9.769849,9.721023,9.655261,10.872618,12.038617,10.920003,9.730938,7.441654,5.5156236,3.629906,2.0815616,1.0945987,1.6373296,3.1349118,3.1051126,2.993753,3.1544168,1.0101991,3.6017919,5.954676,10.653322,12.414814,12.952686,13.477135,0.0,-0.70372856,-0.70802826,-0.7849833,-0.8907003,-0.94849575,-1.0046428,-1.0167387,-1.0676016,-1.0031092,-1.0187347,-0.9408118,-0.9090612,-0.92729515,-0.83707184,-0.5683549,-0.30347613,-0.21123354,-0.011039264,0.20354088,0.24428762,0.19419856,0.18568356,0.012116393,-0.14569733,-0.30338743,-0.27829966,0.0,0.0,0.0,0.0,0.0,0.0,0.0,0.0,0.0,0.0,0.0,-0.07486305,-0.023712901,0.023843791,0.031381216,0.00436516,-0.072705135,-0.07722571,-0.09170355,-0.05432174,-0.18903181,-0.26887402,-0.31013566,-0.7088098,-1.7993494,-2.3716304,-2.8949068,-2.927823,-3.104675,-2.8190114,-1.4893409,-0.50307614,-0.513342,-0.42402303,-0.4665264,-0.48163,-0.56387764
194,1760879479.8719544,COMBINED,Walking,58.5,0.0,9.729791,10.734068,10.311863,10.089712,10.9861765,11.831512,11.255585,11.109618,10.408469,10.416728,11.389717,11.785052,12.0732565,13.270687,12.541002,13.3500595,12.585672,12.719917,12.314055,12.068626,12.106518,11.803633,11.637806,11.291584,11.32027,11.451639,0.0,0.0,0.0,0.0,0.0,0.0,0.0,0.0,0.0,0.0,0.0,14.138436,15.140576,15.9094515,15.28899,15.008643,14.215346,13.730379,13.075646,12.876611,13.96283,14.973163,12.797231,9.998481,6.758237,3.507783,2.5151742,3.547452,3.6910808,4.8828063,4.463846,3.1646678,3.8387048,6.633823,7.9758177,11.200341,12.75002,0.0,3.04349,2.9517155,2.7559798,2.644741,2.3897643,2.2981074,2.2938247,2.3234284,2.5145223,2.6667507,2.7164826,2.818843,2.859423,2.939271,2.9543283,3.0410745,3.0897107,-3.1305523,-3.084211,-2.9651134,-2.9238625,-2.8827627,-2.8377793,-2.7412322,-2.6397793,-2.5346942,0.0,0.0,0.0,0.0,0.0,0.0,0.0,0.0,0.0,0.0,0.0,-2.143165,-2.097084,-2.0696843,-2.011074,-2.0633748,-2.1489778,-2.150314,-2.270892,-2.3214018,-2.3239121,-2.320286,-2.2299263,-2.2230675,-2.0484574,-1.7067466,-0.98985076,-0.4378689,-0.40595618,-0.52087504,-0.6150445,-1.2270088,-2.0499816,-2.5368798,-2.699424,-2.788519,-2.7550645
195,1760879479.8792562,COMBINED,Walking,52.0,0.0,13.659312,13.946178,14.3438835,15.292637,13.804483,13.463264,12.508043,11.786881,9.690082,9.870907,10.782593,12.256452,11.913692,12.60643,12.262948,13.624092,13.651223,13.651223,14.17534,13.848399,13.289717,12.984598,11.46425,10.837256,10.182009,10.046765,0.0,0.0,0.0,0.0,0.0,0.0,0.0,0.0,0.0,0.0,0.0,10.32964,10.169822,10.248752,9.549442,8.949658,9.910721,10.445385,10.709906,9.769668,7.798334,6.3523617,3.5373006,1.5795575,1.4189477,2.0470052,2.8189096,2.9325378,4.665566,3.2198114,1.9341935,3.567023,5.745636,8.692557,11.216123,11.057106,11.383171,0.0,1.1488407,0.9926619,0.9434757,0.7037507,0.68966097,0.662646,0.67749345,0.70331705,0.88880247,1.1104064,1.2624241,1.2949699,1.3570918,1.4503237,1.5633857,1.617484,1.723526,1.723526,1.728244,1.7810652,1.7799841,1.8380725,1.81143,1.853791,1.8473957,1.973722,0.0,0.0,0.0,0.0,0.0,0.0,0.0,0.0,0.0,0.0,0.0,2.4390483,2.4419007,2.523848,2.456699,2.4689097,2.3760462,2.2942433,2.2293694,2.2806606,2.294709,2.3976283,2.4435263,2.8203428,-2.3092482,-1.8973007,-1.9598005,-1.9315575,-1.7041333,-1.8919506,-2.3497336,2.36531,2.0184784,1.8169816,1.7751269,1.6051432,1.4529513
196,1760879479.8951416,COMBINED,Walking,52.0,0.0,7.96726,8.062531,8.209542,8.874405,8.427332,8.308221,7.14007,6.362726,6.768592,8.347114,10.259449,12.707954,12.708144,12.901222,13.642084,14.47372,14.721856,15.339939,15.182298,15.041774,14.439995,14.257741,13.205922,12.34305,11.934236,11.8579,0.0,0.0,0.0,0.0,0.0,0.0,0.0,0.0,0.0,0.0,0.0,12.550998,11.903366,10.800397,11.134568,10.84315,11.365047,11.96226,11.737142,11.133602,9.608093,8.192645,7.7945313,7.433513,8.172609,8.63544,8.55902,8.7559185,8.514419,8.514419,8.193959,6.9806423,8.552702,10.568658,11.956718,9.550734,8.565457,0.0,2.110758,2.0723028,1.8750433,1.5843583,1.5156378,1.4473394,1.6099699,1.8339665,2.3994484,2.6337876,2.788614,2.8213851,2.8213902,2.826349,2.811744,2.7942274,2.834489,2.8079958,2.840896,2.8719795,2.894099,2.970679,2.994393,3.0732515,-3.0039983,-2.90957,0.0,0.0,0.0,0.0,0.0,0.0,0.0,0.0,0.0,0.0,0.0,-2.76943,-2.6938503,-2.5822115,-2.5880232,-2.5538955,-2.498953,-2.5006475,-2.4862611,-2.415484,-2.336879,-2.1098828,-1.9156842,-1.6704425,-1.529496,-1.411694,-1.4585153,-1.313854,-1.5424031,-1.5424031,-1.8122543,-2.1440814,-2.5171926,-2.8202565,-2.8992686,-2.9974554,3.0409462
197,1760879480.0164804,COMBINED,Walking,64.0,0.0,10.077141,9.522581,8.123844,6.0298233,4.979531,8.787499,8.48879,8.65019,7.350138,7.509705,8.290379,8.047084,8.047084,7.995813,7.6157737,7.6431184,7.2532506,6.4086065,6.121146,6.824715,10.461461,9.041458,9.56808,8.545136,7.943358,7.0800357,0.0,0.0,0.0,0.0,0.0,0.0,0.0,0.0,0.0,0.0,0.0,9.019174,7.6189885,7.078831,6.8493524,9.473273,11.547802,13.059056,14.675169,16.433321,16.963264,13.722963,12.624509,7.5976133,3.6529756,5.007511,9.456804,10.788548,10.621892,12.200822,11.5296,11.871542,12.094616,11.715405,11.948389,11.348594,11.041545,0.0,-2.9822187,-2.7922926,-2.7010508,-2.5644772,-2.1243756,-2.194557,-2.0237126,-1.9548846,-1.7725791,-1.5844505,-1.4088466,-1.4519725,-1.4519725,-1.5289681,-1.1659046,-1.2101234,-0.9289632,-0.7306745,-0.6383588,-0.51935154,-0.25881588,0.08473775,0.2978745,0.51012844,0.85471576,1.0349377,0.0,0.0,0.0,0.0,0.0,0.0,0.0,0.0,0.0,0.0,0.0,-0.9406373,-0.66294444,-0.069713995,0.33924323,0.59557354,0.80546975,0.9425094,1.039531,1.1755831,1.2011466,1.2792588,1.299412,1.3175554,2.0723646,2.603396,2.745132,2.7333212,2.7832026,2.7151206,2.9172697,2.8795917,3.0100598,3.0136502,3.0166602,-3.1011858,-3.0860412
198,1760879480.0314598,COMBINED,Walking,51.5,0.0,12.003122,10.504918,9.093124,10.022288,11.316411,9.986541,8.20418,7.863597,8.5313,9.79415,11.248605,11.205538,11.222641,10.787966,9.472089,7.4931607,6.5119257,6.0916243,8.039318,10.356345,10.087833,9.348727,8.546693,8.377005,8.902778,8.989501,0.0,0.0,0.0,0.0,0.0,0.0,0.0,0.0,0.0,0.0,0.0,9.934221,8.856941,8.761243,9.145979,11.056625,12.619104,14.336417,16.047625,16.233448,15.755202,14.923303,13.280877,10.37327,8.036484,7.0688076,9.477549,11.8977,10.799129,9.988894,10.7151375,12.170935,12.764002,14.572685,14.528311,14.948226,14.23092,0.0,0.58965206,0.90259695,1.0336945,1.3526332,1.4067512,1.5105966,1.7081568,2.007592,2.3032212,2.422612,2.5728536,2.5024133,2.5641603,2.5308151,2.4758816,2.2944064,1.9352003,1.662262,1.2126155,1.0901225,1.0218923,1.0064873,0.8596304,0.7440454,0.67068475,0.66910005,0.0,0.0,0.0,0.0,0.0,0.0,0.0,0.0,0.0,0.0,0.0,1.9481266,2.1341553,2.4963825,2.9450443,-3.0964491,-2.860768,-2.7358875,-2.6129475,-2.5265808,-2.5690706,-2.535062,-2.5804865,-2.7474875,-3.0462687,2.7649531,2.2683566,2.1400487,1.9857295,1.6886792,1.4870615,1.2095822,1.0900164,0.94418997,0.87952113,0.7427661,0.7314441
199,1760879480.0346215,COMBINED,Walking,52.5,0.0,7.873432,10.488953,11.86085,11.86085,10.745428,9.151428,6.9415774,4.893885,4.6733317,7.330364,8.90477,9.05019,8.451895,8.14077,9.396774,11.053713,11.435173,12.197077,12.087252,12.259233,11.692652,10.710406,10.054728,9.764817,9.352237,9.843012,0.0,0.0,0.0,0.0,0.0,0.0,0.0,0.0,0.0,0.0,0.0,4.9778743,5.4605327,5.3145747,7.133341,8.843865,10.946388,13.554634,14.164998,12.843877,12.277724,12.360841,12.6331415,13.959002,15.060032,15.881106,15.86802,16.165827,16.053915,16.541025,15.012489,14.42243,13.4956875,12.95701,11.41126,8.511518,5.6348214,0.0,-0.9087428,-0.7354289,-0.78867227,-0.78867227,-0.8983419,-1.0086734,-1.2649974,-1.7567421,-2.7333314,3.0520706,2.944382,2.8300307,2.6057117,2.2752328,2.000891,1.8624462,1.8639019,1.8776802,1.8886014,1.9342568,2.083234,2.2403145,2.4224625,2.6842148,2.8925607,3.0863993,0.0,0.0,0.0,0.0,0.0,0.0,0.0,0.0,0.0,0.0,0.0,2.2995293,2.6265786,3.0547445,-2.9378912,-2.6844447,-2.4348369,-2.2844615,-2.1893766,-2.1390924,-2.08284,-2.0914345,-2.1580756,-2.1953254,-2.2260125,-2.3199062,-2.4095628,-2.48023,-2.5277822,-2.5913465,-2.6178346,-2.5890918,-2.600063,-2.636152,-2.556458,-2.4648945,-1.7675139
200,1760879480.1516275,COMBINED,Walking,52.5,0.0,6.196347,9.365103,11.38026,10.648811,11.203089,9.287207,7.607269,6.556231,6.47147,7.2720165,9.0680275,10.118966,10.544931,10.869869,10.758894,12.553866,13.038855,14.087179,14.522375,15.06808,15.066516,14.556561,13.597431,12.220815,11.110512,10.57206,0.0,0.0,0.0,0.0,0.0,0.0,0.0,0.0,0.0,0.0,0.0,9.712748,9.563982,10.181727,10.34355,11.741727,13.448777,13.8130045,13.913155,12.020299,9.51465,9.356807,9.205139,10.243826,10.248608,10.925433,10.887632,11.205644,11.047493,11.516029,11.740398,11.641477,12.282629,12.009155,11.386668,8.045644,4.6094623,0.0,-2.9207325,-3.0814118,-3.1389709,-3.0646124,-3.138736,-3.081132,-2.8879728,-2.6321945,-1.9882134,-1.8314744,-1.6228858,-1.5906875,-1.5690925,-1.6368945,-1.663877,-1.6478881,-1.6480154,-1.6333597,-1.602076,-1.5977498,-1.5663911,-1.499367,-1.4614575,-1.4119536,-1.2973882,-1.2179434,0.0,0.0,0.0,0.0,0.0,0.0,0.0,0.0,0.0,0.0,0.0,-1.3741087,-1.204285,-0.97090966,-0.7433394,-0.51167434,-0.35550588,-0.2765698,-0.12565064,0.012178214,0.20639072,0.35036606,0.54247546,0.5367931,0.527588,0.53222764,0.4065936,0.19187596,0.0826246,-0.021064777,-0.11889477,-0.37301615,-0.48874515,-0.6301251,-0.6816271,-0.7720156,-1.2533783
201,1760879480.1783834,COMBINED,Walking,53.0,0.0,11.285169,11.225978,10.48931,7.90932,5.6314054,2.9762852,1.9396676,3.7350526,5.6304913,6.050763,6.337866,6.0830507,5.295296,4.123106,4.943996,6.1031623,9.538833,10.594184,11.797247,11.613575,10.52441,9.14154,8.876647,7.962018,8.503318,8.084141,0.0,0.0,0.0,0.0,0.0,0.0,0.0,0.0,0.0,0.0,0.0,11.563586,12.693622,14.618165,15.603761,16.37774,15.651714,15.317999,13.270151,12.3270645,10.707465,9.246463,9.882322,10.816013,11.959692,10.836078,11.645503,11.421589,12.2069845,13.519824,13.987102,14.779419,15.157209,15.4225445,15.007549,13.213968,12.339129,0.0,0.19213872,0.35984302,0.38756755,0.3529812,0.16193171,-0.13328695,-1.8974326,-2.101012,-2.3203745,-2.28302,-2.252122,-2.1069465,-1.9530668,-1.3258175,-0.8791224,-0.55200094,-0.16416752,-0.113929644,0.011674365,0.11669761,0.1961024,0.48590595,0.67211664,0.9138792,1.068776,1.1731268,0.0,0.0,0.0,0.0,0.0,0.0,0.0,0.0,0.0,0.0,0.0,1.128297,1.4312062,1.5661926,1.7617047,1.8511798,1.9636817,2.0141904,2.0774846,2.0390775,1.9573389,1.6147358,1.4597383,1.2094795,1.1103519,1.0183429,0.8608927,0.68182576,0.6075659,0.38139248,0.31075284,0.24019432,0.20249937,0.12882869,0.114816375,0.13114037,0.17673568
202,1760879480.2427673,COMBINED,Walking,52.5,0.0,15.883821,16.714943,17.5709,18.097221,17.43704,16.737751,15.573277,13.541479,11.640427,10.639515,10.4437895,10.769415,10.377657,10.124592,10.060101,9.997911,10.52307,10.970129,11.708759,11.899319,11.897823,11.194125,10.321412,9.396893,8.570581,8.440276,0.0,0.0,0.0,0.0,0.0,0.0,0.0,0.0,0.0,0.0,0.0,9.187217,9.7372675,10.249546,10.459191,10.020475,11.153157,9.831434,8.9362545,5.761302,4.461886,3.8777096,4.504974,5.036715,5.212471,4.661453,3.9101553,3.2079344,2.5151742,2.1290107,2.5389276,4.340449,6.3820367,7.1689053,8.753943,9.799404,11.68507,0.0,-1.7800289,-1.8401802,-1.8806725,-1.8981159,-1.9557178,-2.0061495,-2.0241668,-2.0664384,-2.0253475,-1.9810265,-1.9638411,-1.9634953,-1.8589996,-1.8478478,-1.6824461,-1.5252441,-1.411151,-1.3328081,-1.2113193,-1.2022448,-1.0540152,-1.126087,-1.0901836,-1.1438273,-1.1808044,-1.2498232,0.0,0.0,0.0,0.0,0.0,0.0,0.0,0.0,0.0,0.0,0.0,-0.8562764,-0.8052225,-0.7275497,-0.72389644,-0.70291185,-0.688808,-0.71341294,-0.75563973,-1.0016522,-1.2651868,-1.8712612,-1.9681711,-2.2805703,-2.5271764,-2.3622391,-2.2941291,-2.2097566,-2.151742,-2.4048202,-1.7744733,-1.4081264,-1.2823113,-1.3011353,-1.3863534,-1.527716,-1.6750726
203,1760879480.2824316,COMBINED,Walking,70.5,0.0,1.9983723,3.432309,4.0763907,3.9010074,3.858914,3.8088825,4.4394736,2.252487,3.3059983,3.1119244,4.4092226,3.111558,0.9115863,4.5182962,6.7205114,3.9773092,3.440525,2.1411273,2.9913528,2.4209454,3.0,3.372314,2.777829,3.3333335,3.640802,3.5239086,0.0,0.0,0.0,0.0,0.0,0.0,0.0,0.0,0.0,0.0,0.0,20.57325,17.45408,15.861824,13.140787,12.656936,12.254982,13.72497,13.527159,13.152952,11.333465,10.443434,10.37232,9.434816,11.38789,12.033086,12.6098585,12.287965,11.015507,11.358418,11.0108795,13.424168,18.003887,14.965664,12.801815,8.468088,5.6200233,0.0,3.1407776,1.6287066,1.567594,1.2473143,1.7655467,1.5977846,1.7066939,1.9681711,2.5802903,1.8037089,-2.2505558,-2.2809706,-1.1124145,-2.2620633,-2.1832101,-2.1603665,-1.9893693,-1.1171381,1.5275117,-2.2203755,3.1415925,-2.335771,2.4535792,3.1415925,-2.5392215,-2.8269317,0.0,0.0,0.0,0.0,0.0,0.0,0.0,0.0,0.0,0.0,0.0,0.16364078,0.17793079,0.24803425,0.11976104,-0.09497883,-0.15426792,-0.1934396,-0.23773177,-0.22448274,-0.33453566,-0.6060732,-0.89002895,-1.2131231,-1.4294046,-1.6485633,-1.7798659,-1.8946556,-1.9368514,-1.9500506,-1.9681683,-2.0760624,-2.1721127,-2.244738,-2.259292,-2.3205905,-2.4503922
204,1760879480.3819594,COMBINED,Walking,53.0,0.0,5.506636,6.6231766,6.9574003,8.211308,8.3368,7.695704,7.7567725,6.6411996,5.140824,4.757715,3.6452265,4.7658815,5.6064324,6.5335464,7.782158,8.440339,8.26528,8.306136,9.147317,9.147317,9.67305,9.194565,8.8733,8.66675,8.127057,7.0989876,0.0,0.0,0.0,0.0,0.0,0.0,0.0,0.0,0.0,0.0,0.0,7.954094,8.490279,8.324992,8.083937,8.03654,8.5326,8.131367,8.861748,7.9782805,5.4793096,2.5666418,2.2295303,4.4782705,5.081323,5.9584527,5.9636474,5.8461137,4.882956,3.947145,3.0496984,1.6479151,1.6232945,3.4830446,4.1024237,5.0721307,5.486691,0.0,-2.4519114,-2.481299,-2.3900204,-2.2007527,-2.1894214,-2.1835744,-2.2618816,-2.2116404,-2.3674765,-2.7770154,-3.1352646,2.7408657,2.4767592,2.2863076,2.2161987,2.2563486,2.2403634,2.3158185,2.4894845,2.4894845,2.6139944,2.7424445,2.8341675,2.9316442,2.9645343,3.0722806,0.0,0.0,0.0,0.0,0.0,0.0,0.0,0.0,0.0,0.0,0.0,1.0185275,1.4072568,1.7473437,2.126315,2.3797593,2.7986715,2.9996634,-3.1093457,-2.9445155,-2.784401,-2.4943695,-1.1130481,-0.40028757,-0.1503503,-0.06595969,-0.061919026,0.11120009,0.14749081,0.32441214,0.44823045,1.0885172,2.372495,2.7000036,2.8399124,3.0192816,-3.0871296
205,1760879480.4109793,COMBINED,Walking,64.0,0.0,15.984275,17.35959,17.67864,18.354408,16.77578,15.212337,14.1181345,10.909818,7.587869,3.2158465,3.3218396,7.879147,7.6025634,9.699693,10.072408,12.0476465,10.29563,10.3789835,9.6475315,6.9056315,10.380514,9.7310705,3.8948674,4.2684717,5.5963063,6.339695,0.0,0.0,0.0,0.0,0.0,0.0,0.0,0.0,0.0,0.0,0.0,8.269918,8.16863,7.939293,6.5500216,5.598658,5.5226803,6.485584,6.022391,4.2969203,2.3631809,3.148202,3.2756114,5.6983094,7.240628,8.378721,9.722756,7.997543,8.951731,8.423967,7.4346423,8.702097,10.535939,14.398702,17.061382,16.318869,15.525121,0.0,-0.01505433,0.1973836,0.13853909,0.19683327,0.23290813,0.18756478,0.15884186,0.17239639,0.110782474,-0.7246379,-1.6186844,-2.0064228,-2.235755,-2.477965,-2.4343882,-2.4965515,-2.634494,-2.4032776,-2.6837494,-2.6634932,3.0700905,3.0346186,-3.0792549,2.9181402,2.6581357,2.5598176,0.0,0.0,0.0,0.0,0.0,0.0,0.0,0.0,0.0,0.0,0.0,1.9803404,1.9967839,2.085716,1.9835305,2.022852,1.6614562,1.6382122,1.3430002,1.252005,0.91253275,0.30805582,-0.6794753,-0.93116003,-0.95438087,-1.1457465,-1.2933761,-1.0996425,-1.2405112,-0.9546602,-0.7273101,-0.5825336,-0.34793547,-0.28150615,-0.2679128,-0.24526611,-0.19004464
206,1760879480.4442449,COMBINED,Walking,52.5,0.0,17.718021,19.236647,18.929363,18.727966,18.599163,17.153036,15.367629,13.882251,11.860994,11.561413,11.409087,13.170256,12.497583,10.377298,6.8996177,4.4099355,3.1788547,3.3538592,2.5980735,3.1489375,2.1307416,1.997619,2.7711751,4.4569974,6.7000837,9.680333,0.0,0.0,0.0,0.0,0.0,0.0,0.0,0.0,0.0,0.0,0.0,9.588905,8.78986,7.9606533,7.6020446,8.10803,9.713547,12.104383,13.621747,12.074229,10.931824,10.429935,8.222432,7.150974,4.7487807,4.376438,4.2100663,4.992668,5.279775,5.410608,5.3480597,7.7426567,10.380555,13.186694,15.606266,15.479447,16.206177,0.0,-1.7190881,-1.7278135,-1.7547967,-1.7316777,-1.7875531,-1.8573855,-1.9652866,-2.0123026,-2.138571,-2.252082,-2.275162,-2.3231487,-2.3569725,-2.29825,-2.096265,-1.9013739,-1.4761591,-0.5078201,-0.48958606,-0.33029637,-0.8390819,-1.2223629,-1.4165351,-1.8141445,-2.008848,-1.9113352,0.0,0.0,0.0,0.0,0.0,0.0,0.0,0.0,0.0,0.0,0.0,-1.1947899,-1.0659343,-1.1674538,-1.1613638,-1.4513067,-1.5880961,-1.6417006,-1.5771214,-1.5782988,-1.594018,-1.5652483,-1.6765096,-1.821952,-2.1467085,-2.6243618,-2.7820318,3.094711,3.10481,-3.1233609,-2.4899306,-2.1313362,-1.9970547,-1.9325255,-1.9195673,-1.825601,-1.755529
207,1760879480.4808009,COMBINED,Walking,58.5,0.0,12.9648285,11.565855,10.7474,7.918995,7.671713,6.1716433,1.8425132,0.5555941,2.1959465,4.6565704,3.35614,4.6418047,3.8115957,3.4946156,3.2161984,3.363793,4.917729,5.5495844,6.9731984,7.5395393,8.695128,7.6605453,6.863753,6.555082,7.0964537,7.408009,0.0,0.0,0.0,0.0,0.0,0.0,0.0,0.0,0.0,0.0,0.0,13.114022,11.549687,11.339191,10.941329,11.25553,12.400015,15.103151,15.898875,18.168053,18.803009,18.801918,19.273163,17.46425,16.33816,14.095296,12.689566,11.224064,9.670276,7.948384,5.885408,8.07523,11.830226,12.14735,13.989165,14.081663,15.078721,0.0,1.2907876,1.6590955,1.7106075,1.8537987,2.0494392,2.008877,1.7892759,-0.24396047,-1.2151449,-1.1306489,-0.7954348,-0.85497284,-0.47964558,-0.2783627,-0.0177856,0.506678,1.3094795,1.6264149,1.801724,1.9024484,1.9454515,2.0703564,2.077895,2.2784545,2.3356285,2.4290469,0.0,0.0,0.0,0.0,0.0,0.0,0.0,0.0,0.0,0.0,0.0,3.0096283,3.0778298,2.9432862,2.8638456,2.7782712,2.6779451,2.6483302,2.605948,2.6779451,2.7281342,2.786198,2.8791625,2.910502,2.9569256,2.9992208,2.9833229,2.8906388,2.7151456,2.5527349,1.9085941,1.174446,0.9183995,1.0091321,1.0086248,1.1762899,1.1211357
208,1760879480.5914512,COMBINED,Walking,62.5,0.0,13.462934,14.101966,14.191758,14.835404,14.277867,14.142136,13.54079,13.756524,12.6733265,13.583078,16.200678,15.984028,13.152681,8.7817545,4.587255,0.60307777,5.765224,8.914732,12.63027,12.46326,9.631878,6.925645,8.24843,7.515738,10.575884,10.27959,0.0,0.0,0.0,0.0,0.0,0.0,0.0,0.0,0.0,0.0,0.0,6.960621,6.619695,5.976392,3.9383419,3.2267747,1.5943658,1.8830339,2.0997496,3.1159148,4.8105636,7.523249,9.201408,11.019879,11.939843,11.944033,12.500689,12.058814,12.042937,13.149121,12.742462,14.171821,16.053877,16.103043,15.00574,13.885728,13.413417,0.0,1.1383348,1.1083499,1.0433822,1.0072664,0.923395,0.7853982,0.687576,0.44698566,0.23998374,0.11065722,0.07940333,0.116503485,0.15565225,0.11567171,0.04238626,-1.8725498,-2.6842296,-2.719414,-2.6788976,-2.6451302,-2.3797493,-2.0937548,-1.4540021,-1.066863,-0.5687062,-0.16859666,0.0,0.0,0.0,0.0,0.0,0.0,0.0,0.0,0.0,0.0,0.0,-2.9947855,-2.883539,-2.8920755,-3.0724533,-3.1384294,2.889963,1.7623879,0.836558,0.07445998,0.13418579,0.22286339,0.28792116,0.18604665,0.16976407,0.22349693,0.28043613,0.323485,0.3136951,0.4211767,0.4929211,0.65725756,0.71942157,0.7725088,0.77390075,0.86543113,0.91559243
209,1760879480.6525855,COMBINED,Walking,51.5,0.0,16.415226,18.193031,18.980536,18.788431,17.97149,17.435648,15.881633,13.8265705,11.0169935,9.67295,8.80572,9.3054905,9.604736,6.589525,5.7598276,3.568966,3.1439486,2.9201057,3.303135,4.405934,4.2874265,4.3315983,3.3903975,2.654445,1.3057652,2.987227,0.0,0.0,0.0,0.0,0.0,0.0,0.0,0.0,0.0,0.0,0.0,11.528706,11.926134,11.557711,11.214304,11.364736,10.494275,9.336525,7.80564,4.6502686,1.7642306,1.5811388,1.1564363,1.8443388,2.365196,2.983064,3.0743768,3.6522577,3.645635,4.3815837,3.665879,2.9189346,4.6920037,7.0,9.099864,9.458195,10.899214,0.0,1.0214514,1.0747217,1.0590647,1.0344523,1.0040864,0.9894901,0.9148553,0.91994727,0.87965024,0.8260613,0.72797257,0.6159121,0.5282434,0.59846145,0.6619728,1.0390668,1.2548928,2.1433222,2.384392,2.8550274,2.8408678,2.9973173,2.875615,2.9662871,1.7525725,1.066405,0.0,0.0,0.0,0.0,0.0,0.0,0.0,0.0,0.0,0.0,0.0,1.726823,1.8619983,2.045308,2.1454628,2.2939348,2.423626,2.3936982,2.34536,2.508844,2.8564494,-2.819842,-2.531966,-2.0270987,-2.4938262,-2.2046905,-3.0595918,-2.8170283,-2.8320293,-2.659243,-2.7969291,2.6805003,2.0742624,1.5707964,1.3629018,1.2480363,1.0942099
210,1760879480.6648312,COMBINED,Walking,63.0,0.0,18.185093,19.649805,20.170723,19.593058,19.142683,17.650341,16.514902,13.542514,10.603244,9.786924,8.379025,10.139442,8.485281,7.746385,6.8996177,4.1211452,3.3707952,1.6181884,0.59173274,1.7294234,2.0779579,3.7950966,3.5384831,3.9583256,2.8536618,1.5486213,0.0,0.0,0.0,0.0,0.0,0.0,0.0,0.0,0.0,0.0,0.0,9.219544,9.989558,10.003961,10.142082,9.297556,9.589171,8.85718,10.29563,7.199958,3.7521422,1.803482,3.6806645,5.2850204,6.3527603,6.62358,6.579815,6.406676,5.409185,5.845338,7.1724615,8.358778,12.4876795,14.952519,15.960878,15.013095,15.60511,0.0,-3.1108627,-3.0516188,-3.0113943,-3.0555093,-3.0512855,-3.095818,-3.1362643,3.072012,3.0275724,2.8971953,2.6895602,2.4359503,2.3561945,2.2347987,2.096265,1.9029528,1.9028164,1.3707517,1.8621981,-0.7799191,-0.91908634,-0.60377383,-0.6006925,-0.34986234,-0.108500645,0.5841903,0.0,0.0,0.0,0.0,0.0,0.0,0.0,0.0,0.0,0.0,0.0,-2.2794225,-2.2740328,-2.2115524,-2.2327504,-2.0626473,-2.0567803,-2.0759382,-2.077895,-2.1350374,-2.4001048,2.5376804,1.8042588,1.5352565,1.583957,1.5674639,1.6860384,1.7070568,2.1684413,2.3512635,2.6859412,2.8304515,3.0687292,3.0668824,3.033885,3.1209443,-3.0963728
211,1760879480.717274,COMBINED,Walking,66.0,0.0,9.115147,15.893796,19.581835,19.327265,18.301872,17.000658,15.678789,14.849042,12.488869,12.832811,13.580156,14.745219,11.278958,10.038587,5.7103395,5.5491414,5.594436,7.9243655,10.31595,12.243788,13.540099,14.912251,15.453212,17.130491,17.265095,16.821236,0.0,0.0,0.0,0.0,0.0,0.0,0.0,0.0,0.0,0.0,0.0,7.147392,6.2593284,4.4656973,1.6781499,0.0,2.4939952,3.428907,3.6408014,5.123863,6.4522285,8.092119,9.536215,10.505638,11.45129,12.584842,12.297246,12.589662,12.763957,13.875836,13.355377,13.558925,14.466376,13.593806,11.038842,7.330364,0.92794895,0.0,2.6749856,2.5931487,2.564205,2.5285163,2.4520187,2.371998,2.28612,2.1452062,2.000862,1.7852123,1.7201172,1.620139,1.7688235,1.8742803,2.1239378,2.7331285,-2.9828615,-2.7844038,-2.7624545,-2.7888036,-2.783022,-2.7626574,-2.7370245,-2.7263284,-2.6881332,-2.5588658,0.0,0.0,0.0,0.0,0.0,0.0,0.0,0.0,0.0,0.0,0.0,-2.097055,-1.9629354,-1.7987514,-1.437111,0.0,1.0297686,1.1804132,1.2458724,1.4075353,1.1941714,1.2140431,1.2338562,1.2592796,1.1476959,1.0427377,0.9978302,0.8980768,0.8297808,0.7216952,0.6550685,0.50609034,0.3654835,0.097959645,-0.010834557,-0.0895221,-0.21063742
212,1760879480.7659235,COMBINED,Walking,52.0,0.0,14.453676,17.59027,18.155125,18.364933,18.650623,17.401659,16.194246,14.142138,11.978264,10.446202,10.220766,9.2193775,8.318659,8.179086,7.540254,8.269833,8.895143,9.373782,10.409834,10.804661,10.455616,10.230148,9.493956,8.390038,7.293697,7.084015,0.0,0.0,0.0,0.0,0.0,0.0,0.0,0.0,0.0,0.0,0.0,10.79429,11.339191,11.395515,10.894269,11.644694,11.20825,10.718605,9.262315,6.50735,3.8259008,1.7357323,2.5666418,3.371377,3.4366987,3.4830446,2.2741396,1.7210914,1.9637187,3.3595426,6.098057,7.429887,9.938616,11.238611,9.789842,7.7072444,10.134575,0.0,-2.8498616,-2.8983412,-3.0339835,-3.0329604,-3.05854,-3.035575,-3.0428724,-2.9996955,-2.8760667,-2.7985961,-2.733394,-2.6379027,-2.5953593,-2.5558434,-2.2606266,-1.9866635,-1.9263917,-1.8953654,-1.9180353,-1.9107084,-1.894305,-1.8613532,-1.8759886,-1.8931692,-2.063243,-2.1423664,0.0,0.0,0.0,0.0,0.0,0.0,0.0,0.0,0.0,0.0,0.0,-1.8064586,-1.7691028,-1.6390127,-1.5980381,-1.4848144,-1.4089435,-1.3006196,-1.2781477,-1.1960436,-0.96058303,0.55143076,0.92357326,1.180895,1.1531638,1.1292074,0.65922123,0.26983473,-0.8101682,-1.259384,-1.5772201,-1.6494807,-1.7424994,-1.8077505,-1.9093084,-2.5451772,-2.5535269
213,1760879480.7878094,COMBINED,Walking,65.0,0.0,16.3199,17.364727,18.12943,18.124908,18.689884,17.979525,17.476568,15.6683855,11.673704,9.734983,8.9430685,5.384239,2.6632714,3.1720788,6.4765015,9.051931,9.953118,12.040918,13.449412,14.257741,14.456168,14.080681,13.493521,12.505948,10.967516,9.493355,0.0,0.0,0.0,0.0,0.0,0.0,0.0,0.0,0.0,0.0,0.0,7.156551,7.1945634,7.071068,5.819748,4.460006,3.1119244,0.0,1.5742686,2.359845,3.9238358,6.1124983,7.140983,7.579863,9.143236,9.391573,8.148609,8.960966,8.394495,7.523836,5.8950887,3.3569787,2.227094,4.4473786,5.1022987,7.2048073,9.031334,0.0,0.47829592,0.56490904,0.47881734,0.42490226,0.34239277,0.28094867,0.2960032,0.13255659,0.21124694,0.14021903,-0.13130827,-0.23231173,-0.2359416,3.114647,-3.0455058,-3.068912,-3.0721836,-3.075593,-2.9687355,-2.970679,-2.901481,-2.8526342,-2.750951,-2.5594952,-2.4468646,-2.2331216,0.0,0.0,0.0,0.0,0.0,0.0,0.0,0.0,0.0,0.0,0.0,-1.1924278,-0.94633305,-0.7853982,-0.5729367,-0.5019575,-0.23291263,0.0,-1.7114098,-2.8526046,-2.7646585,-2.7942214,-2.5842578,-2.637903,-2.6254313,-2.6385274,-2.3374534,-2.4775374,-2.5947921,-2.5392332,-2.8442276,-2.7006838,-3.1026258,1.4410167,1.1680133,0.6644462,0.57126915
214,1760879480.791017,COMBINED,Walking,52.5,0.0,6.103287,7.851488,7.645221,7.6459155,7.4348207,6.625956,5.5127296,5.3778415,5.736832,7.5976133,9.410216,8.896539,8.674352,8.193928,9.494697,10.603663,11.014358,10.986245,11.616514,11.699862,10.158212,9.396774,8.813138,7.878442,8.399041,8.892456,0.0,0.0,0.0,0.0,0.0,0.0,0.0,0.0,0.0,0.0,0.0,1.5988551,1.9575111,1.654091,3.6137326,5.2653594,7.1625533,9.241106,10.8091755,10.04741,8.554831,9.074072,9.895318,10.803845,11.904714,12.8451395,13.063218,13.362021,13.257449,14.23484,13.435742,12.60035,12.381637,12.813036,11.633376,8.595948,6.4155498,0.0,1.4947181,1.8812662,1.7931036,1.7080582,1.6093565,1.2473775,1.0892301,0.44559592,0.043512076,-0.25324094,-0.3788163,-0.505813,-0.71429324,-0.98896813,-1.2329674,-1.250208,-1.4728758,-1.409605,-1.4382659,-1.3249674,-1.251104,-1.1407017,-0.85985816,-0.69927603,-0.35757047,-0.16323836,0.0,0.0,0.0,0.0,0.0,0.0,0.0,0.0,0.0,0.0,0.0,-1.164166,-0.7651187,-0.12838987,0.23497614,0.49573177,0.6480157,0.6487486,0.76763034,0.79962975,0.7340562,0.5793158,0.5430812,0.47296587,0.3311985,0.3066038,0.2618958,0.22056721,0.18260211,0.18189614,0.21826862,0.27240032,0.3291574,0.34210306,0.32527077,0.39373502,0.7190928
215,1760879480.8304114,COMBINED,Walking,59.5,0.0,15.001993,14.460431,11.966169,9.848858,9.044043,7.3801217,6.808732,5.6714725,3.5175917,4.0918937,4.7648234,5.3704457,8.28705,8.292093,8.613413,7.8958592,8.03654,8.840621,9.063725,11.131753,9.730938,9.94674,7.856888,7.897886,5.8668733,5.2350655,0.0,0.0,0.0,0.0,0.0,0.0,0.0,0.0,0.0,0.0,0.0,11.060079,10.942096,10.8957615,11.768305,11.168123,10.4150505,12.06172,11.442247,12.499733,12.73116,14.01876,13.427308,12.13086,11.906608,11.718125,10.869354,10.319526,9.979734,9.654166,6.470104,5.580405,6.818737,8.800035,12.292536,13.79088,14.48046,0.0,2.2746208,2.4106462,2.5950193,2.7233684,2.933556,2.9880595,3.038391,3.0584793,2.4741585,1.074832,1.0995764,1.3980775,1.2702205,1.5289435,1.6148404,1.9681722,2.3797593,2.7233577,2.79848,3.0118513,3.087271,-3.091963,-3.0442078,-2.9126832,-2.9986691,-3.0992799,0.0,0.0,0.0,0.0,0.0,0.0,0.0,0.0,0.0,0.0,0.0,-2.43419,-2.369872,-2.3591788,-2.3301268,-2.2371192,-2.3213713,-2.438574,-2.4756982,-2.5767674,-2.5961967,-2.613633,-2.517216,-2.5416262,-2.5006595,-2.4535153,-2.5194554,-2.365864,-2.3030417,-2.3753927,-2.7046094,3.1293976,2.5838459,2.099172,2.0911024,2.1330943,2.102268
216,1760879480.8408337,COMBINED,Walking,59.0,0.0,18.21463,16.211496,10.636247,9.112079,7.9236946,10.794503,11.741147,13.163403,14.27708,15.884168,15.923203,15.907337,15.531052,12.421533,13.985354,9.243358,8.514923,8.617572,10.784936,11.20051,13.320128,10.976672,10.962784,11.127666,11.17054,9.799404,0.0,0.0,0.0,0.0,0.0,0.0,0.0,0.0,0.0,0.0,0.0,1.2716933,2.531356,3.7302725,4.935808,4.9343767,6.686535,7.377456,9.396714,11.200381,9.680357,14.550048,7.324127,7.7933598,7.403318,4.8830185,5.9586954,6.36047,9.867788,10.231271,11.227388,12.431696,13.938393,18.314833,16.026766,20.578676,20.756035,0.0,2.8805618,2.7275229,2.664139,2.2266562,1.7587627,1.5874327,1.4790766,1.4263604,1.4561446,1.3355577,1.458809,1.4286842,1.51396,1.5208421,1.6963059,1.3238353,1.6329793,1.2406543,0.8121165,0.8859491,0.8812473,1.0405715,0.9990843,1.1329031,1.3031168,1.527716,0.0,0.0,0.0,0.0,0.0,0.0,0.0,0.0,0.0,0.0,0.0,2.1120915,2.5908659,2.430438,2.54034,2.9210403,-2.9512327,-2.5825074,-2.525764,-2.3917139,-2.602729,-1.9699945,-1.8444515,-2.3058178,-2.0488915,2.8342938,2.27316,2.5953116,2.1392686,2.2631488,2.3801205,2.4266672,2.6257608,2.7359543,2.5139987,2.6367683,2.8971403
217,1760879480.8807025,COMBINED,Walking,59.0,0.0,6.7300406,3.682013,2.035105,2.562266,4.1641045,6.447693,6.338673,7.1776237,7.801951,8.83247,8.044684,7.695112,6.958431,6.253526,5.66807,4.498503,5.859475,7.069593,9.655304,10.245751,10.75792,10.326204,10.526025,9.77603,8.719445,9.210213,0.0,0.0,0.0,0.0,0.0,0.0,0.0,0.0,0.0,0.0,0.0,4.979259,4.7428446,4.8378334,3.571431,3.5115974,3.2169356,4.0399694,4.21365,5.210821,6.165123,5.625929,4.4634886,4.3815837,4.123106,3.9740074,3.9465816,5.682665,4.6908245,4.170877,3.3952546,3.2306232,5.532028,6.6612434,7.9251738,7.677818,7.6126018,0.0,-0.15251179,-0.16133124,-0.44758135,-2.495069,-2.683285,-2.7980728,-2.4603271,-2.444149,-2.3964655,-2.0748818,-2.0796716,-1.9157267,-1.8919356,-1.8571502,-1.7816229,-2.5385432,3.1206088,3.019955,2.910586,2.9782963,2.9861355,3.118105,-2.9959912,-2.8569975,-2.6427317,-2.644897,0.0,0.0,0.0,0.0,0.0,0.0,0.0,0.0,0.0,0.0,0.0,2.9776926,3.0099037,-3.1177616,2.8669198,2.8432784,2.411409,2.3031812,2.238765,2.180316,2.0501175,2.1345556,2.387602,2.659243,2.8966138,-2.8888736,-2.6264873,-2.48095,-2.4030304,-2.2707827,-1.8257881,-1.133181,-0.7346174,-0.68190145,-0.4587698,-0.39147753,-0.39223662
218,1760879480.883861,COMBINED,Walking,52.0,0.0,9.229195,9.850877,10.994365,11.429908,11.373762,9.771613,8.972004,7.905911,9.370211,10.127543,12.099495,13.817303,12.307091,10.059322,8.697599,8.079018,7.3167706,7.849177,8.382084,8.382084,8.747925,8.247386,8.020288,7.453626,8.221805,9.241481,0.0,0.0,0.0,0.0,0.0,0.0,0.0,0.0,0.0,0.0,0.0,0.7124347,0.80637455,2.3066113,4.846159,6.851544,8.649392,11.51253,12.782902,12.414814,12.075334,11.059393,11.572377,11.67548,12.117279,12.957361,12.236884,13.323439,12.631479,13.566945,12.822419,12.297626,12.229289,13.302117,13.60147,12.172941,10.104311,0.0,-0.017882047,0.010265788,0.14037743,0.16940643,0.0632996,-0.013955422,-0.2981919,-0.6092779,-1.1358048,-1.3460103,-1.4985155,-1.6254785,-1.5965806,-1.7103827,-1.9989518,-2.2129314,-2.4675453,-2.716902,-2.784729,-2.784729,-2.6104195,-2.4324698,-2.2344005,-1.9992133,-1.6120261,-1.3870949,0.0,0.0,0.0,0.0,0.0,0.0,0.0,0.0,0.0,0.0,0.0,-2.2859569,-1.2567067,-1.2450918,-0.955973,-0.8195521,-0.6960611,-0.6128953,-0.58531106,-0.4665264,-0.5200006,-0.58864963,-0.669345,-0.7613281,-0.8728443,-0.9935504,-1.045993,-1.1298627,-1.1844751,-1.213087,-1.2060449,-1.1409028,-1.0164851,-0.9757348,-0.94200003,-0.85547274,-0.6118835
219,1760879480.9281807,COMBINED,Walking,58.0,0.0,12.268292,10.195003,10.5449915,8.167358,4.922378,2.8577197,0.70710677,3.031256,6.518831,9.710149,7.8171673,7.8514037,7.879699,8.083936,7.898882,6.862706,5.501662,4.7474847,3.6981225,3.962704,6.851544,8.896305,10.556793,10.870305,10.559777,9.82344,0.0,0.0,0.0,0.0,0.0,0.0,0.0,0.0,0.0,0.0,0.0,10.186619,9.242684,7.2432513,5.757993,4.8916135,3.7284896,3.390212,1.9002851,0.59173274,0.83045864,1.6428403,4.0277214,6.7060843,6.3055387,7.140113,5.2777543,4.0999174,2.7659957,2.8815114,3.1514187,4.941195,6.4598823,5.6410713,6.272592,6.827223,7.9740663,0.0,-2.9015622,-2.7581713,-2.6321213,-2.5543613,-2.53748,-2.5815423,2.3561945,1.2423322,1.0274726,0.9014471,1.1250635,1.2867811,1.4218097,1.6587787,1.925552,1.9396026,2.0619588,1.9152857,1.7506365,1.2469156,0.8195521,0.8512044,0.94951814,0.994334,1.1988511,1.3134726,0.0,0.0,0.0,0.0,0.0,0.0,0.0,0.0,0.0,0.0,0.0,-0.6845316,-0.4542293,-0.30427054,-0.044123713,0.18888488,0.7295691,1.259015,1.7479202,2.8501909,-2.0695133,-1.697536,-1.2043744,-1.093071,-0.9932069,-1.0600542,-0.98421055,-0.7053167,-0.23648532,-0.4527076,1.2478969,1.4854046,1.6062402,1.9864831,2.2657738,2.7777572,2.9855826
220,1760879481.0045075,COMBINED,Walking,65.0,0.0,9.976921,14.357392,15.355227,16.921597,18.211937,19.166136,18.76048,18.564384,16.566399,14.889767,13.964184,12.381324,10.861787,8.340884,5.3230467,4.8984785,5.850036,7.703412,9.151885,10.603244,12.184859,12.615659,12.946573,12.695903,12.684982,10.946492,0.0,0.0,0.0,0.0,0.0,0.0,0.0,0.0,0.0,0.0,0.0,11.240561,10.060664,9.7226925,8.892222,7.8211884,6.0719466,5.245017,5.1513104,5.4801393,5.668268,6.9478436,9.153694,10.756748,11.648751,12.540907,12.9158535,13.289899,13.520757,14.612487,14.258189,13.431608,13.144296,11.128197,10.824831,10.198038,9.487354,0.0,-2.5808396,-2.6951697,-2.7974184,-2.8059657,-2.8725185,-2.9336,-2.9373386,-2.9115617,-2.9502113,-2.8833048,-2.9360669,-2.9262667,-2.9564042,-3.0790515,3.0756388,2.1765957,1.7425791,1.7399352,1.6576132,1.6848165,1.7261959,1.8329153,1.9940481,2.1547887,2.3431258,2.5109608,0.0,0.0,0.0,0.0,0.0,0.0,0.0,0.0,0.0,0.0,0.0,0.67136943,0.7879731,0.8225048,0.78764737,0.8303211,0.7861958,0.5123894,0.04584283,-0.3879221,-0.49048692,-0.5243017,-0.59646285,-0.5978334,-0.708013,-0.75924855,-0.7819676,-0.8054974,-0.8749415,-0.89264417,-1.0606393,-1.126013,-1.27353,-1.4058306,-1.5544803,-1.7681919,-1.9430044
221,1760879481.0144725,COMBINED,Walking,53.5,0.0,14.704656,15.671641,16.203226,16.309486,16.753246,16.847616,15.833016,15.931253,14.925711,13.514699,12.790907,12.463122,12.233977,13.312283,13.093304,10.871816,10.320654,9.209182,8.417338,8.250849,8.544744,8.283728,8.501199,8.331507,8.27372,8.2875805,0.0,0.0,0.0,0.0,0.0,0.0,0.0,0.0,0.0,0.0,0.0,3.139148,3.499538,2.979342,2.1750925,3.0443094,4.323785,8.128609,10.965487,10.748309,11.140019,10.513567,10.913714,11.708759,11.960425,12.528377,12.750414,12.40095,12.40095,11.386817,10.429066,8.753821,9.014229,9.838419,11.096605,12.041595,13.179182,0.0,-1.6936555,-1.6541381,-1.7293434,-1.7375964,-1.8041462,-1.8283772,-1.8354131,-1.8614626,-1.9123936,-1.9547037,-1.98445,-2.0308676,-2.071007,-2.059605,-2.1517115,-2.2024243,-2.272363,-2.3361347,-2.4971886,-2.6603997,-2.7762992,-2.68418,-2.659922,-2.5471582,-2.3169563,-2.2264738,0.0,0.0,0.0,0.0,0.0,0.0,0.0,0.0,0.0,0.0,0.0,1.8235706,2.0224977,2.561737,-3.0762348,-1.9135007,-1.4881569,-1.240121,-1.1862168,-1.0536218,-0.9254999,-0.64645576,-0.44734848,-0.35947707,-0.2097066,-0.07037208,-0.09250486,-0.08200453,-0.08200453,-0.15671459,-0.24756268,-0.5210405,-0.7385303,-1.1512825,-1.414153,-1.487655,-1.527791
222,1760879481.0469046,COMBINED,Walking,58.5,0.0,14.790635,15.057482,16.450386,16.529627,16.584665,16.475174,15.96869,15.036759,13.412819,12.774692,11.934236,12.544566,12.538009,12.936008,11.203386,11.019606,9.873846,10.781086,11.075946,10.364999,10.381187,11.022994,10.980061,11.325472,11.407449,12.320909,0.0,0.0,0.0,0.0,0.0,0.0,0.0,0.0,0.0,0.0,0.0,8.695952,9.35821,10.274607,8.280304,8.195218,6.265145,4.3777475,4.71969,5.8938518,8.693755,10.6770115,10.702123,11.650312,12.222415,13.04753,13.013834,13.013834,12.652752,13.26362,12.8271885,11.784209,11.665296,10.701334,11.888074,13.419361,13.575398,0.0,-2.7305374,-2.677688,-2.8038566,-2.8175693,-2.8177521,-2.8466578,-2.8296447,-2.9097376,-2.9160178,-2.9427814,-3.0039983,-3.032368,-3.0547435,-3.0967531,-3.1087928,3.0197911,3.0615642,3.0444076,3.0345132,3.0075908,3.0158653,-3.0542195,-2.897792,-2.718053,-2.6713161,-2.452072,0.0,0.0,0.0,0.0,0.0,0.0,0.0,0.0,0.0,0.0,0.0,-0.77895176,-0.5164076,-0.31322125,-0.27023703,-0.19356012,-0.32493722,-0.64864236,-1.2818083,-1.5203693,-1.7641007,-1.7992226,-1.6981355,-1.6858647,-1.5885197,-1.5553802,-1.5246824,-1.5246824,-1.5203685,-1.5080737,-1.5351521,-1.6948047,-1.93033,-2.0644863,-2.326696,-2.4225478,-2.4656005
223,1760879481.0858803,COMBINED,Walking,52.0,0.0,13.462933,14.156766,14.915557,15.750701,15.216685,15.431616,14.12138,13.181149,12.279974,11.353176,10.854166,11.428541,12.044981,11.282822,9.072741,5.4862394,4.78806,3.6928,2.321989,3.2614045,2.7434864,2.5626342,2.5187516,3.6669865,5.2367787,7.517197,0.0,0.0,0.0,0.0,0.0,0.0,0.0,0.0,0.0,0.0,0.0,4.482212,3.7345452,4.3077865,5.9852924,8.27812,9.730114,12.137278,13.384762,13.186696,11.990703,10.830905,9.997911,10.463056,10.148137,10.988298,11.55133,11.832834,11.490543,12.182898,11.024219,11.459592,11.453843,13.343401,13.674892,13.283625,11.798985,0.0,-2.878001,-2.7161186,-2.716329,-2.7327259,-2.810383,-2.8919337,-2.9665108,-3.1219375,2.9276469,2.7703779,2.6548324,2.5121315,2.4459121,2.4189067,2.3682606,2.1551049,2.0482159,1.7039294,1.2598993,0.7882936,1.2990817,0.8024611,1.888142,2.336848,2.5623837,2.8214684,0.0,0.0,0.0,0.0,0.0,0.0,0.0,0.0,0.0,0.0,0.0,-1.9980009,-2.3014877,-2.4908729,-2.7345395,-2.9050589,-3.0136364,-3.0036364,-2.896745,-2.8598208,-2.9480913,-3.0205383,3.0960405,2.8770278,2.7596898,2.56884,2.490278,2.3798084,2.4340189,2.4300234,2.4713593,2.6040864,2.769412,2.8967125,3.0098495,3.0663495,-3.067436
224,1760879481.1048493,COMBINED,Walking,63.0,0.0,10.507088,12.147018,14.05202,14.870176,15.36815,16.383116,16.594973,16.579542,14.851618,14.021367,15.239596,16.01418,14.082777,12.525943,8.586264,7.5570426,9.298181,10.794607,8.669915,5.2466526,1.9833511,1.577944,3.3595426,7.3966465,9.847385,9.876458,0.0,0.0,0.0,0.0,0.0,0.0,0.0,0.0,0.0,0.0,0.0,3.8392055,2.808579,2.9834814,1.4685551,3.1582487,4.4721355,4.457366,5.083659,5.6316867,6.73775,7.8415775,9.487354,11.062995,11.940246,12.720677,13.23227,14.143423,14.839831,16.093475,15.843882,15.112605,16.2815,14.742942,13.886733,8.180275,3.5948987,0.0,-2.4824123,-2.2944758,-2.2821329,-2.2256176,-2.1747916,-2.1257992,-2.0504057,-1.880928,-1.8351277,-1.7173357,-1.5476271,-1.4138957,-1.4031874,-1.29054,-1.1174848,-0.80324423,-0.6084437,-0.60836196,-0.58319235,-0.50545025,-0.85106915,-2.6033127,-2.8301804,-2.9653738,-2.8659291,-2.6855729,0.0,0.0,0.0,0.0,0.0,0.0,0.0,0.0,0.0,0.0,0.0,-1.1260699,-1.4848145,-1.2426182,-2.5089457,3.065916,2.6779451,2.719414,2.3992748,2.1737251,2.0431387,1.9871802,1.9430044,1.8021368,1.7565125,1.652282,1.581135,1.4325279,1.3498017,1.2000434,1.1116444,1.0229656,0.92731327,0.86153406,0.83002615,0.7977958,0.631284
225,1760879481.151453,COMBINED,Walking,50.5,0.0,15.535851,16.56804,17.60012,17.215193,16.834019,15.852594,14.884686,12.701826,11.1138935,9.969593,9.721023,10.0,10.544931,10.476686,9.555491,10.520288,11.340616,11.69303,12.17527,12.05766,11.722505,10.730035,9.844446,9.217338,8.079534,8.6878605,0.0,0.0,0.0,0.0,0.0,0.0,0.0,0.0,0.0,0.0,0.0,9.961967,9.66112,9.64151,9.129993,8.61461,8.271628,7.044698,7.137455,7.7029934,7.1940475,7.054458,5.343958,4.4988837,3.3389447,2.0633168,1.9914535,2.6050653,1.7091978,3.7551777,2.778467,2.2703717,2.7528164,5.4262753,7.4042263,9.345029,11.844923,0.0,-1.5101422,-1.4801364,-1.5340202,-1.6116393,-1.6289197,-1.72094,-1.7345977,-1.7305652,-1.694156,-1.6611431,-1.6021775,-1.5707964,-1.5725001,-1.5159949,-1.3232781,-1.1500802,-1.1471575,-1.0408075,-0.9448525,-0.86359435,-0.8884038,-0.89803547,-0.965154,-0.91052216,-1.007094,-1.1203847,0.0,0.0,0.0,0.0,0.0,0.0,0.0,0.0,0.0,0.0,0.0,-0.283155,-0.1568908,-0.001950202,0.15428787,0.073828995,0.12547326,-0.064502664,-0.34686816,-0.4069882,-0.55363554,-0.6557657,-0.8025869,-0.91894186,-1.0465192,-1.7920594,-2.3958716,-2.8905647,-3.0081794,2.948072,2.9298685,-2.8709357,-1.2371513,-1.2635592,-1.3279517,-1.2868444,-1.3070316
226,1760879481.1850443,COMBINED,Walking,71.0,0.0,17.992653,16.562027,17.573608,12.999591,9.780739,9.965818,10.770131,12.577265,8.052475,6.9536495,8.870688,11.58603,13.855737,16.694332,17.61065,14.906997,10.453727,13.075175,9.211805,5.445315,4.6486354,3.4012423,2.9206772,4.6078196,4.6602983,4.996941,0.0,0.0,0.0,0.0,0.0,0.0,0.0,0.0,0.0,0.0,0.0,17.653543,15.648083,17.284279,15.180722,16.885918,14.902845,12.557711,12.341851,11.359707,10.982533,12.008654,9.185318,9.180762,9.497087,8.995283,11.411617,10.399823,11.613053,9.885228,6.674322,2.8815114,5.8758044,8.568918,15.69088,17.489153,20.636211,0.0,-2.0799584,-1.9208511,-1.8815782,-1.7856344,-1.420413,-1.247245,-1.0338538,-0.8903902,-0.7078613,-0.52990276,-0.22238186,-0.050292086,-0.11360012,-0.07825971,-0.11381321,-0.13457097,-0.18540137,-0.134661,-0.14084338,-0.31921113,-0.1199677,0.31387115,-1.6986792,2.0112581,3.006399,2.478692,0.0,0.0,0.0,0.0,0.0,0.0,0.0,0.0,0.0,0.0,0.0,2.2965004,2.4113169,2.433904,2.4934466,2.68463,2.6721518,2.5802598,2.5580165,2.4075384,2.3968716,2.4586112,2.08445,2.080388,1.885179,1.6351064,1.5087833,1.3590615,1.2658046,1.13172,0.8100896,0.4527076,-0.857544,-1.4049503,-1.8021253,-1.6689234,-1.9040469
227,1760879481.248513,COMBINED,Walking,52.0,0.0,0.0,4.9220524,6.9814157,11.033782,12.666503,11.633029,9.977112,10.773462,10.757343,12.156335,12.896847,13.327396,13.58368,13.17058,13.096318,12.395166,12.3513775,11.814088,12.784174,12.071545,9.723814,5.653055,3.281659,1.5528845,0.79301983,0.0,0.0,0.0,0.0,0.0,0.0,0.0,0.0,0.0,0.0,0.0,0.0,11.666673,11.325472,12.016355,12.096141,12.691891,13.337638,14.236104,14.472453,13.986355,14.238508,13.476459,13.082249,12.857596,13.837403,15.210593,14.446907,10.690277,7.500447,3.1856055,5.357977,8.3559265,10.578093,10.969783,11.107911,10.170234,8.060729,0.0,0.0,1.6216304,1.5309558,1.5016572,1.4917657,1.4493979,1.3098849,1.1937096,1.0781233,0.9863109,0.86235124,0.81553066,0.79086244,0.760705,0.75764996,0.7853982,0.82420385,0.8897165,0.98570585,1.0090455,1.0865654,1.2136656,1.5046544,1.6973423,2.104136,0.0,0.0,0.0,0.0,0.0,0.0,0.0,0.0,0.0,0.0,0.0,0.0,1.9355515,1.9943359,2.0637305,2.0938985,2.1413338,2.1103637,2.117912,2.124911,2.1113071,2.1288102,2.1169734,2.0975795,2.1389804,2.1387541,2.2274466,2.235666,2.3215663,2.5279617,-2.8881261,-2.0474365,-1.7174176,-1.6993418,-1.6929553,-1.6895478,-1.7281258,-1.7059785
228,1760879481.255474,COMBINED,Walking,51.5,0.0,6.8393283,8.332164,10.209167,11.22292,12.742068,12.589833,10.981028,10.003423,7.1939554,4.7214456,4.298622,6.7831764,8.213731,9.329176,7.944346,7.7349153,8.42485,8.554797,8.097165,7.6831565,7.2539234,7.540273,6.3663993,5.163987,4.7214456,5.0317316,0.0,0.0,0.0,0.0,0.0,0.0,0.0,0.0,0.0,0.0,0.0,4.722134,4.294735,4.573373,3.274144,3.5421777,5.071919,6.4120636,8.107635,9.319089,10.552209,12.398622,13.353175,14.672906,15.658248,16.01123,16.345488,15.994666,15.272136,15.146484,13.630807,12.165519,10.171442,9.401632,9.299271,8.063105,7.1256156,0.0,1.2147727,1.6524467,1.7572386,1.8426398,1.8502866,1.8683637,1.7536039,1.6911998,1.4351991,1.0352496,0.47702602,-0.28463757,-0.50617886,-0.58246285,-0.8178069,-0.9510594,-1.0407798,-1.1866491,-1.2260076,-1.23404,-1.5474074,-1.664381,-1.5330333,-1.5873289,-1.0352496,-0.50828695,0.0,0.0,0.0,0.0,0.0,0.0,0.0,0.0,0.0,0.0,0.0,-0.5328383,-0.091115385,0.25716466,0.22022745,0.43652123,0.70634854,0.7333086,0.7400612,0.7423928,0.7853982,0.83266187,0.8614108,0.904493,0.8780654,0.89506084,0.86895615,0.8432869,0.7981442,0.7596705,0.71035504,0.6605937,0.5752993,0.51563716,0.44464925,0.46848232,0.62602425
229,1760879481.310161,COMBINED,Walking,81.5,0.0,11.322498,3.6669865,5.383279,8.341178,7.255659,9.696318,2.6033196,4.6330104,3.2583253,8.455919,1.1257824,4.6595445,3.8417373,5.9105215,7.6788363,8.934501,7.6831107,8.333334,8.783542,7.4070086,6.434792,5.6334543,4.7306347,3.3848965,8.873655,4.8389287,0.0,0.0,0.0,0.0,0.0,0.0,0.0,0.0,0.0,0.0,0.0,8.196436,8.400857,8.864491,8.910299,7.865967,7.73512,10.141043,3.2058663,8.306911,3.8083646,3.9626899,6.796941,6.015841,3.8089573,8.227322,4.78416,4.837407,6.443305,5.140824,6.0325403,5.714067,7.4759474,2.5225315,3.6806645,3.328674,3.289372,0.0,-1.2516314,-0.7660517,-1.1754831,-1.4555353,-1.2269129,-0.9850858,-0.5589201,-0.6826247,-1.6839371,-2.1881595,-2.8948035,-2.3992,2.801926,-2.402677,-2.5274203,-2.495318,-2.4919157,-2.2142975,-2.110277,-1.8442044,-2.396919,-1.749253,-1.5606929,-1.8707019,-1.8946273,-2.4131083,0.0,0.0,0.0,0.0,0.0,0.0,0.0,0.0,0.0,0.0,0.0,1.250847,1.8431811,1.5810224,1.6520982,2.4337478,1.6886749,2.5385444,2.2748013,2.0686364,1.966768,1.4657286,1.3245075,1.4475389,1.0422843,1.6802968,1.5037998,1.4894944,1.3823355,2.3449125,1.5178231,1.4918933,2.2842107,2.2036116,-2.9081302,2.81496,-2.1180599
230,1760879481.372262,COMBINED,Walking,72.0,0.0,12.69942,14.064445,13.233953,12.634057,13.727612,15.426791,16.013716,16.092083,12.815328,10.104311,9.698838,7.421874,6.52268,6.698938,8.309112,9.343872,8.034137,9.224411,9.357258,10.332579,14.88995,14.8831215,17.323034,15.30718,13.290221,10.99098,0.0,0.0,0.0,0.0,0.0,0.0,0.0,0.0,0.0,0.0,0.0,15.524402,12.756355,12.172941,10.031985,11.339253,12.925099,16.487337,16.34072,18.425745,19.284927,19.332346,19.62083,18.781998,16.428434,14.7144985,13.467167,13.00592,12.926503,14.390406,14.65235,13.925089,13.21016,11.494102,11.269795,11.031639,11.964232,0.0,1.0311987,1.0861431,1.0628277,0.94025177,0.9449123,0.9103792,0.853082,0.85869104,0.7757915,0.6118835,0.619761,0.33878824,0.09321882,-0.11039998,-0.64568925,-0.58291763,-0.7695307,-0.86874783,-0.95666736,-1.0233816,-0.73789144,-0.5539152,-0.47713274,-0.29789478,-0.04732823,0.23257303,0.0,0.0,0.0,0.0,0.0,0.0,0.0,0.0,0.0,0.0,0.0,2.2481709,2.3263583,2.28612,2.3430734,2.2361338,2.1725993,2.1285715,2.2064934,2.2222319,2.2999856,2.36385,2.4533412,2.522722,2.574861,2.5961325,2.5980074,2.5390964,2.534338,2.4323127,2.4446945,2.2328455,2.1685865,2.0024545,1.7492069,1.550821,1.3085257
231,1760879481.440639,COMBINED,Walking,63.5,0.0,2.4625278,2.5408914,4.7120795,6.634742,6.524558,6.8357496,7.0428824,7.9618354,8.682545,10.467408,10.145958,12.087081,12.044981,9.177491,6.9536495,6.966048,9.070288,9.8118105,10.311956,11.444579,12.2033825,13.515215,14.626925,13.94076,13.148727,12.130897,0.0,0.0,0.0,0.0,0.0,0.0,0.0,0.0,0.0,0.0,0.0,7.9467072,6.6702332,5.9517922,5.0329843,4.53651,4.0918756,6.3916197,7.1103396,8.439108,8.557698,9.097732,9.5724,10.067099,11.049155,11.68838,12.587079,13.187975,13.795729,15.743662,16.54032,16.659964,16.196814,16.209738,15.825844,14.041457,11.095127,0.0,-2.6024551,2.4168005,2.5034716,1.9880118,2.2068253,2.4571722,2.8436146,3.1134274,-2.8251648,-2.6318772,-2.4669833,-2.410286,-2.4459121,-2.302449,-2.6116898,-2.72579,-2.8603222,-2.9914525,-3.1262503,3.0324025,3.1079414,3.1122382,-3.1333396,-3.0281057,-2.8480456,-2.6594644,0.0,0.0,0.0,0.0,0.0,0.0,0.0,0.0,0.0,0.0,0.0,-2.7832842,-2.5566554,-2.4045968,-2.060158,-1.7137177,-1.3584868,-0.8136434,-0.5525645,-0.5666308,-0.51593006,-0.520462,-0.46233678,-0.46917734,-0.50141424,-0.56062376,-0.6572716,-0.7267695,-0.8057369,-0.9398085,-1.031227,-1.1155872,-1.2090138,-1.2669456,-1.3016655,-1.3554835,-1.4115183
232,1760879481.449518,COMBINED,Walking,73.0,0.0,7.7479815,6.4954877,4.123955,7.9471054,11.548855,12.750505,14.415152,15.137718,15.21886,15.063207,14.264584,14.2043915,11.858894,9.514093,8.360294,6.021083,5.066443,3.22879,3.7098958,6.97758,10.313599,10.235414,11.175415,12.157645,12.482102,10.1449,0.0,0.0,0.0,0.0,0.0,0.0,0.0,0.0,0.0,0.0,0.0,11.813355,13.382569,13.873014,15.44408,17.235771,18.686115,18.24805,17.782728,18.526775,15.572552,14.827789,11.675419,8.258123,4.2107286,3.0,4.7673435,6.8018384,8.322436,11.630538,12.374273,13.36405,14.006588,14.256965,14.625408,13.765256,13.155972,0.0,-2.6526792,2.8091953,2.3854048,1.6969627,1.5549958,1.4741529,1.3817887,1.4070543,1.4155471,1.4173971,1.5033026,1.6203264,1.6865872,1.7181923,1.8123649,1.6545044,1.7198862,0.9922359,0.1958992,-0.2169257,-0.12078073,0.03771447,0.15100846,0.40433165,0.68030906,0.86969584,0.0,0.0,0.0,0.0,0.0,0.0,0.0,0.0,0.0,0.0,0.0,-0.40085253,-0.5505687,-0.59285355,-0.6167828,-0.5467081,-0.48590356,-0.4719097,-0.3765329,-0.25811955,-0.27226946,-0.2138938,-0.3179489,-0.35234022,-0.57528883,-1.5707964,-2.5504587,-2.9185696,-2.774744,-2.9753294,-2.9312444,-3.0051894,-2.886865,-3.0162504,-2.9149735,-2.961121,-2.9340045
233,1760879481.5763476,COMBINED,Walking,59.5,0.0,12.61698,12.681593,11.217309,9.094246,8.881978,9.267036,7.996894,5.0787535,5.2602205,4.3217235,4.074583,4.7853217,5.4407177,5.337434,6.139107,5.5883017,5.373712,5.7887993,6.885848,7.359141,7.7347827,6.2991657,4.4687624,4.1304607,3.5913,3.5322964,0.0,0.0,0.0,0.0,0.0,0.0,0.0,0.0,0.0,0.0,0.0,12.31018,10.995626,10.608319,11.404349,13.220076,15.29068,17.053616,18.85263,20.923101,21.18642,21.863462,20.315788,19.401596,17.808811,14.678037,12.075604,9.618115,9.310758,10.409814,10.285024,10.181727,10.763915,11.886209,13.018035,11.885077,13.113469,0.0,0.015220286,0.16790439,0.15076289,0.1440919,0.37040037,0.37214836,0.18788521,-0.3615535,-0.32490385,-1.0049222,-1.3627864,-1.1058472,-1.3816171,-1.2078143,-1.3253294,-1.118338,-0.6400005,-0.27490985,-0.0026548658,0.1583231,0.26380605,0.36984926,0.48536178,0.65751535,0.63832766,0.86958927,0.0,0.0,0.0,0.0,0.0,0.0,0.0,0.0,0.0,0.0,0.0,1.6308084,1.6678368,1.4240874,1.3085003,1.2701191,1.2749591,1.2651491,1.3126937,1.385493,1.4627734,1.4952519,1.5707964,1.6037432,1.6580321,1.6413416,1.5441523,1.4422747,1.1748979,1.0754828,0.86364454,0.59988666,0.523091,0.24916418,0.24292272,0.15599541,0.10332567
234,1760879481.6566963,COMBINED,Walking,59.0,0.0,9.13939,6.7610955,6.4043837,7.8995986,8.614791,11.715028,12.313756,11.605722,11.466433,11.63813,11.523822,11.66065,11.91357,11.871697,11.206691,9.823664,9.780279,9.402311,10.301057,11.666066,11.111463,11.549359,10.3554535,10.262956,10.827098,9.59023,0.0,0.0,0.0,0.0,0.0,0.0,0.0,0.0,0.0,0.0,0.0,6.3517118,1.4142135,0.70710677,3.9526951,5.703492,7.8795757,10.117179,12.916897,15.638962,17.311737,15.735027,15.429573,13.067409,8.746499,4.91368,0.8454859,2.815251,7.922451,9.419778,10.324609,9.626451,10.30884,11.390038,11.993553,12.355812,10.293176,0.0,1.3381925,1.32057,0.8856447,0.3933446,0.04304906,-0.06766936,-0.10937289,-0.07906776,-0.12088567,-0.13686563,-0.036365733,-0.010870584,-0.029075371,-0.022105284,-0.03583548,-0.25507447,-0.25352937,-0.5000033,-0.56122684,-0.6315597,-0.5530708,-0.5158972,-0.4204479,-0.3143562,-0.23565066,-0.11100769,0.0,0.0,0.0,0.0,0.0,0.0,0.0,0.0,0.0,0.0,0.0,-2.1096954,-0.7853982,2.3561945,1.582837,2.2153158,2.7617218,3.043607,-3.0653303,-2.9254007,-2.8142571,-2.7030222,-2.61484,-2.5609674,-2.5642328,-2.318812,-2.8506098,0.7302435,0.75094223,0.86928284,0.89075977,1.0286216,1.3314701,1.3994836,1.4202317,1.5706804,1.5435054
235,1760879481.675332,COMBINED,Walking,59.5,0.0,13.370972,12.891658,11.788942,10.9376955,10.850649,12.052447,12.05371,11.53749,11.363981,12.4204855,12.763957,13.720567,13.993265,13.321957,13.585843,13.27665,12.519936,11.761815,10.97718,10.732294,10.460406,9.660745,9.279461,9.5894785,9.692745,9.450498,0.0,0.0,0.0,0.0,0.0,0.0,0.0,0.0,0.0,0.0,0.0,6.14641,5.5491414,5.5111284,7.6184382,9.564839,11.869102,13.642035,15.7013,17.760382,18.43993,18.337547,17.761024,16.0379,12.3547125,8.648728,6.8347907,6.549676,8.341837,10.326203,11.247361,11.943396,13.138793,14.611235,14.911932,14.911932,14.879011,0.0,0.45680463,0.49162585,0.1991314,0.13344787,-0.07561088,-0.26150754,-0.31065384,-0.51621485,-0.57227916,-0.6969623,-0.74101555,-0.7683025,-0.7864604,-0.72176534,-0.74356455,-0.65389293,-0.64032656,-0.7020958,-0.6479582,-0.61230487,-0.61088365,-0.6310794,-0.7142626,-0.687569,-0.62799686,-0.5400784,0.0,0.0,0.0,0.0,0.0,0.0,0.0,0.0,0.0,0.0,0.0,2.3584075,1.9792603,1.6051264,1.3796321,1.4891303,1.6740621,1.7290771,1.8747491,2.0277221,2.1760688,2.3060582,2.3855813,2.4299984,2.405301,2.2735388,1.8650926,1.1581825,0.7448905,0.62001336,0.5985288,0.6051455,0.55412686,0.6071353,0.56758136,0.56758136,0.5617401
236,1760879481.70941,COMBINED,Walking,59.5,0.0,10.95403,11.790744,13.339297,13.680569,13.96497,13.619205,13.90393,13.125622,11.744904,10.756748,10.14675,9.370632,9.13278,7.7185426,7.1212783,7.0399904,5.6275706,6.190509,5.871506,6.6286306,7.184979,7.3204784,8.104388,8.595948,9.764653,10.042606,0.0,0.0,0.0,0.0,0.0,0.0,0.0,0.0,0.0,0.0,0.0,10.070555,10.761992,11.134036,9.699916,9.155936,6.1711664,5.8540506,6.4118624,7.1303115,9.212618,8.981901,9.250095,10.760121,11.429251,12.50672,13.167193,14.326316,14.938682,15.858143,15.2758,14.928447,13.795729,12.70057,11.742439,11.305896,11.02448,0.0,2.857424,2.7421186,2.5253375,2.4811118,2.45741,2.4991505,2.4780893,2.440948,2.5498762,2.5437593,2.5700576,2.6231437,2.5187895,2.3804953,2.308588,2.2391956,2.0743892,1.9677979,2.022062,2.0898771,2.3261244,2.456256,2.5761786,2.7478576,2.9353125,3.0560958,0.0,0.0,0.0,0.0,0.0,0.0,0.0,0.0,0.0,0.0,0.0,-1.2547102,-0.9756769,-0.78175956,-0.7210121,-0.6423711,-0.85242105,-1.208883,-1.738361,-1.94855,-2.1146445,-2.1611743,-2.2270365,-2.072272,-2.0581028,-2.2065234,-2.2548232,-2.222131,-2.2467127,-2.1822112,-2.2694001,-2.2842793,-2.3358557,-2.615558,-2.6253185,-2.7799644,-2.952766
237,1760879481.8122244,COMBINED,Walking,63.5,0.0,12.744986,12.014562,13.830339,15.033614,14.893739,13.836729,12.108967,12.681119,12.67129,15.880359,17.166582,15.6777,12.973293,9.573453,7.6791353,5.589582,4.047962,5.045544,5.945716,7.912509,8.191364,4.5195575,4.5172424,7.879147,11.100773,8.47315,0.0,0.0,0.0,0.0,0.0,0.0,0.0,0.0,0.0,0.0,0.0,3.7021132,6.346501,13.941552,7.610389,9.881011,11.494931,12.648389,14.620458,15.0188675,13.00592,13.581638,11.7730665,11.930925,10.600558,10.606602,9.177491,5.772489,4.0314226,6.762367,10.7123575,13.089469,14.898657,16.538633,15.399715,14.040388,12.103979,0.0,-3.0412805,-2.3435438,-2.1599674,-2.0917017,-2.0278256,-2.0715039,-2.0892074,-2.0834782,-1.998739,-1.9323837,-2.0445833,-2.193749,-2.1727722,-2.4124784,-2.5199163,-2.949486,2.5711992,1.9498924,1.8739802,1.6031213,1.7645106,1.5425512,0.65761244,0.4356264,0.53739315,0.574071,0.0,0.0,0.0,0.0,0.0,0.0,0.0,0.0,0.0,0.0,0.0,-0.24284467,0.7282198,0.38460472,1.4355056,0.16734092,0.52522117,0.52236205,0.44538283,0.59579945,0.60249645,0.6661954,0.70948243,0.7161448,0.7630704,0.7853982,0.73165256,0.8422728,1.4528252,2.3332357,2.5101693,2.5744405,2.5833266,2.5895696,2.666527,2.663622,2.8038216
238,1760879481.8854208,COMBINED,Walking,59.0,0.0,9.931505,8.73986,6.751066,6.989219,5.7653575,5.164206,5.722475,6.1210093,5.386503,5.1263366,5.553145,6.501439,6.9334946,7.273298,9.067931,8.323583,8.052895,5.9428096,5.292079,4.7594624,3.8535042,3.964065,3.6113546,3.2645495,3.084983,4.0766296,0.0,0.0,0.0,0.0,0.0,0.0,0.0,0.0,0.0,0.0,0.0,13.269811,14.682106,16.517326,17.849487,17.801538,18.953707,18.455954,18.603643,16.630337,15.274029,14.09119,12.946573,11.441176,11.216492,10.319445,10.040316,10.965899,12.8585205,14.028199,15.863365,16.414366,16.414366,15.902918,14.8774395,13.36523,12.732108,0.0,-2.0983815,-2.2322123,-2.5441713,-2.4617388,-2.9814224,3.0313342,2.922921,2.627666,2.773275,-3.003208,-2.8451886,-2.7377524,-2.6183968,-2.52215,-2.4537823,-2.3120039,-2.3544142,-2.1231487,-2.00246,-1.8476626,-1.8859918,-1.5066909,-1.5090576,-1.8743666,-2.016679,-1.8988314,0.0,0.0,0.0,0.0,0.0,0.0,0.0,0.0,0.0,0.0,0.0,-1.6172944,-1.4865756,-1.4156202,-1.3327594,-1.2723236,-1.1657212,-1.1159116,-1.0353609,-1.0479888,-1.0122206,-1.0937716,-1.1475445,-1.2469224,-1.4372644,-1.6233635,-1.7749375,-1.9944272,-2.1358082,-2.1942601,-2.1976838,-2.2374225,-2.2374225,-2.1470416,-2.1388872,-2.1050818,-1.9770057
239,1760879481.97364,COMBINED,Walking,65.5,0.0,2.660585,6.207082,11.656945,16.563549,19.540129,18.29428,16.338505,15.490671,13.564338,14.04716,16.147648,16.72955,17.261036,15.416403,10.4387245,8.382448,6.2100043,6.841133,10.137967,11.114811,9.535826,5.2114005,1.8675101,4.812135,7.375166,10.214367,0.0,0.0,0.0,0.0,0.0,0.0,0.0,0.0,0.0,0.0,0.0,3.22879,4.430874,6.397791,8.000943,9.422829,12.448357,13.248583,13.968462,13.000244,12.451318,11.0409975,10.067559,9.748483,10.298212,11.736931,13.024276,12.423255,11.086323,11.948883,11.879596,14.552999,16.167072,16.806412,17.360395,14.899037,11.320064,0.0,2.885154,2.7119174,2.5857189,2.4529526,2.4566479,2.4010339,2.3474848,2.1704707,2.0813367,1.8312792,1.6363449,1.5326895,1.4054644,1.3608776,1.2101756,0.9052924,0.5448101,-0.13964859,-0.31624296,-0.2200229,-0.045555446,-0.093553305,-1.1303954,-1.9488487,-2.094121,-2.095822,0.0,0.0,0.0,0.0,0.0,0.0,0.0,0.0,0.0,0.0,0.0,2.5630322,-3.1093457,-2.9966767,-2.8138986,-2.6060772,-2.598165,-2.4597561,-2.3970804,-2.3155289,-2.2488592,-2.0869555,-1.9232583,-1.5925707,-1.4825186,-1.3087676,-1.1936401,-1.1953076,-1.1637679,-0.99032223,-0.89013094,-0.65495706,-0.53890204,-0.54323757,-0.5706665,-0.6297691,-0.6624867
240,1760879482.03788,COMBINED,Walking,65.5,0.0,19.498186,14.241879,11.504949,8.013877,3.6850166,3.5936682,10.517874,12.840427,13.34023,16.420538,17.112198,18.184238,17.64624,16.561064,15.90633,11.8702755,9.692945,6.525719,2.5522332,0.0,3.56838,10.370988,3.5505166,12.644911,11.973863,11.660548,0.0,0.0,0.0,0.0,0.0,0.0,0.0,0.0,0.0,0.0,0.0,2.2259667,2.7126575,3.5123472,4.755322,5.2435794,4.21784,5.6141367,5.367326,4.585002,2.7503989,3.5214002,3.56459,2.8240411,4.75845,5.5199604,6.740614,7.4615383,8.826236,11.621654,13.817307,16.279003,17.975101,20.2779,21.507446,21.551992,20.374756,0.0,2.603151,2.6955545,2.526708,2.3561945,2.4497478,-1.0270187,-0.82390964,-0.74290216,-0.7539279,-0.82563263,-0.8240536,-0.9033091,-0.8977611,-0.85963076,-0.94030523,-0.8062695,-0.871607,-0.5505343,0.09556366,0.0,1.6077639,2.4832377,2.5772634,2.449176,2.7152297,2.6673107,0.0,0.0,0.0,0.0,0.0,0.0,0.0,0.0,0.0,0.0,0.0,-2.7302177,-2.9102297,3.0769422,-3.1060805,-2.948797,-2.994056,-2.833827,-2.690605,-2.4857821,-2.5636957,-2.3582022,-2.3627841,-2.5625184,-2.501992,-2.572825,-2.8779721,3.1415925,3.0165818,3.0192788,2.9167197,2.9544837,2.93612,2.8821287,2.8390238,2.7490072,2.6960733
241,1760879482.0546288,COMBINED,Walking,52.0,0.0,6.9453487,5.0059867,7.4027224,8.375999,10.918144,12.018503,13.523031,14.705618,15.498967,16.74369,17.792858,18.628315,18.887493,17.70641,16.75485,15.417571,13.176577,10.976514,9.874015,9.253554,9.511381,7.310878,4.921168,4.638953,4.773812,5.601009,0.0,0.0,0.0,0.0,0.0,0.0,0.0,0.0,0.0,0.0,0.0,7.93138,7.149613,7.4622383,8.139936,9.359116,9.716297,10.603384,11.470603,11.22353,11.653929,11.192613,9.936466,9.29034,8.171669,8.70249,9.174118,7.3076663,5.8832893,6.779068,7.434151,8.887255,9.816047,10.687917,10.357534,10.750659,8.565808,0.0,1.3092041,2.0672064,2.4000487,2.5019064,2.6104922,2.55359,2.536915,2.524877,2.5220242,2.5015373,2.4645367,2.4165285,2.4083774,2.3478897,2.348869,2.3251877,2.3226998,2.324983,2.3854454,2.4174628,2.4995515,2.674536,2.9810236,-2.8204534,-2.1389165,-1.8691593,0.0,0.0,0.0,0.0,0.0,0.0,0.0,0.0,0.0,0.0,0.0,-2.9324656,-2.7205024,-2.3616903,-2.307232,-2.1501148,-2.153583,-2.0716593,-2.0271559,-1.9946816,-1.98665,-2.0542533,-2.1542728,-2.3483448,-2.4632998,-2.7896428,-2.965809,3.1178346,2.6252677,2.2810154,1.9045992,1.620242,1.4805366,1.3365194,1.1704984,1.0181818,1.0332855
242,1760879482.15234,COMBINED,Walking,62.0,0.0,18.199034,22.528084,21.895973,22.115808,21.99654,19.693823,19.262892,15.820888,15.139446,11.439312,11.850294,9.8323,11.616865,9.212889,11.739006,19.964102,14.316426,15.505269,20.10377,12.0759735,21.137411,11.366543,9.368391,9.998509,8.542013,16.220898,0.0,0.0,0.0,0.0,0.0,0.0,0.0,0.0,0.0,0.0,0.0,16.291965,19.934147,22.21481,25.05887,25.542646,25.508883,24.626047,21.07441,18.564383,16.783958,14.337929,11.893721,10.120439,9.764812,3.9843104,3.2785285,1.6723751,2.6286316,2.7448084,4.4988837,6.688223,9.840769,14.71435,14.33462,12.938662,14.110688,0.0,3.0604699,3.055315,2.9612825,2.9031057,2.6853607,2.6089945,2.533813,2.3189924,2.2848918,1.8812506,1.9016212,1.6154944,1.0874127,1.0167514,0.46701047,0.1115666,0.3636414,0.18866268,0.121876836,0.47404957,0.50838315,1.3649702,0.8637125,1.9776087,2.2767699,2.8821762,0.0,0.0,0.0,0.0,0.0,0.0,0.0,0.0,0.0,0.0,0.0,-3.1231027,-2.9651182,-2.9985337,-2.84349,-2.8121564,-2.8464046,-2.879518,-2.740871,-2.7281225,-2.7408857,-2.843354,-2.9117646,-2.8922563,-3.0748353,3.0918925,2.7833457,1.0646727,2.5632977,1.0801876,2.2226508,2.3730567,2.5869296,2.6244857,2.6904194,2.7977066,3.0162568
243,1760879482.1714046,COMBINED,Walking,65.0,0.0,10.049751,8.078199,10.785653,12.027842,16.223349,12.937793,11.039921,7.7088814,5.8530345,7.811269,8.817049,11.975922,15.041891,16.023172,16.327038,13.017812,10.150542,8.309703,7.727654,8.208131,7.6286697,6.9002953,5.9190187,5.39137,7.641652,9.047052,0.0,0.0,0.0,0.0,0.0,0.0,0.0,0.0,0.0,0.0,0.0,8.025677,9.255689,5.451736,3.6998498,0.98674613,6.082762,8.470382,10.309242,11.496183,10.291802,9.40523,9.073945,8.739184,10.402513,10.780487,15.322628,17.250046,15.548601,17.81089,16.487581,16.190153,16.257126,17.441515,17.838947,19.200502,15.569262,0.0,0.95586485,0.37516305,-0.4895518,-0.671673,-0.7770843,-0.7987094,-1.0020287,-1.3031489,-1.9112942,-2.6348631,-2.899965,-3.1156664,3.0689702,2.980924,2.9636178,2.9240806,2.8415608,2.9092164,2.9265501,3.0463457,-2.9788458,-2.9245493,-2.194813,-1.6128772,-1.2017846,-0.9403251,0.0,0.0,0.0,0.0,0.0,0.0,0.0,0.0,0.0,0.0,0.0,2.04673,2.222888,2.3002505,2.3290265,-0.09326615,-0.16514868,-0.06383006,-0.0736162,-0.021528779,0.013547862,0.11082163,0.3901649,0.69959164,1.0463177,1.0929364,1.3066847,1.3519112,1.3670088,1.3658172,1.429426,1.4551141,1.4688437,1.5255927,1.4919262,1.4366784,1.2858263
244,1760879482.265898,COMBINED,Walking,64.5,0.0,3.7196558,1.544724,4.1130166,9.055386,11.749649,17.672924,9.444315,10.735888,10.923467,11.984718,15.075412,16.300138,12.453629,15.455835,14.231306,12.755996,9.698412,7.3307114,7.0334735,6.6260376,6.1262755,1.9518721,4.301343,7.26421,8.071037,10.547686,0.0,0.0,0.0,0.0,0.0,0.0,0.0,0.0,0.0,0.0,0.0,9.696484,5.738908,8.736718,9.486833,11.146625,12.607723,15.139446,15.597731,14.665626,16.143385,16.40926,15.01048,15.117059,14.827984,17.036686,14.401887,13.591139,10.352355,11.690451,7.427427,5.953853,9.534687,12.161403,11.831324,12.097033,15.198539,0.0,-2.1645882,-2.3395689,1.3656665,1.4601392,1.0595165,1.4002191,1.5100781,1.0844665,1.2844111,1.1625929,0.7648315,0.6902719,0.6833713,0.63128394,0.5097832,0.49011713,0.39501512,0.27115124,-0.36247215,-0.2669492,0.020405332,0.12039872,-2.8719316,-2.6137536,-2.7132716,-2.5869477,0.0,0.0,0.0,0.0,0.0,0.0,0.0,0.0,0.0,0.0,0.0,2.6301763,2.3157444,1.9844068,2.819842,2.5644882,2.3657742,2.427497,2.4070554,2.4114614,2.45202,2.489601,2.5028982,2.5038865,2.4342597,2.552095,2.7090025,2.5214365,2.6469111,3.02852,-2.850463,-2.4892101,-1.9806105,-1.8824426,-1.7472122,-1.6785802,-1.7102246
245,1760879482.387711,COMBINED,Walking,52.5,0.0,14.332585,10.785082,8.733391,7.383743,8.451763,7.9782805,5.6645937,5.465519,5.8423467,6.6684427,7.1898494,7.424798,7.6710234,7.7962513,7.7962513,6.0321608,3.7290277,3.4288416,5.083914,6.9119396,9.297628,11.5084505,10.210951,10.685938,11.510886,12.0971775,0.0,0.0,0.0,0.0,0.0,0.0,0.0,0.0,0.0,0.0,0.0,9.221484,9.480421,9.908809,11.823242,13.060465,14.010761,15.705503,16.379257,16.279736,16.263456,15.9181795,14.512507,12.804553,12.044544,11.344413,10.608429,9.848253,9.024678,7.6023474,9.0381155,10.304649,12.3992,14.031313,14.758617,15.724587,15.995951,0.0,-3.0408196,3.0838559,2.9185855,2.4808772,2.0239143,1.7678736,1.3686769,1.0093392,0.5740919,0.27578282,0.12591563,-0.09033154,-0.19466485,-0.3932976,-0.3932976,-0.43252316,-0.034842372,0.579948,1.1878786,1.4841534,1.58887,1.7071264,1.7815809,1.8817364,1.940211,1.9999864,0.0,0.0,0.0,0.0,0.0,0.0,0.0,0.0,0.0,0.0,0.0,1.9809551,2.0296984,2.0379786,2.114626,2.1401742,2.1794982,2.2182667,2.25994,2.311472,2.3561945,2.374538,2.386781,2.4257424,2.4780324,2.4795384,2.5063016,2.4684415,2.5765512,3.0007071,-3.0497212,-2.9329002,-2.8422496,-2.7831159,-2.8845818,-2.9011087,-2.9890501
246,1760879482.433172,COMBINED,Walking,63.0,0.0,12.694026,13.038404,11.884365,10.976514,9.9404745,9.589171,10.82945,10.973541,9.918723,5.803689,8.719431,3.4545014,3.5358493,4.707455,3.303265,4.6016827,1.9933289,4.416157,3.91386,4.596499,6.5946755,8.94554,10.220766,11.458192,14.851103,17.410767,0.0,0.0,0.0,0.0,0.0,0.0,0.0,0.0,0.0,0.0,0.0,11.855223,15.359524,17.114742,18.731207,19.393461,19.907148,18.340998,18.116081,16.373777,15.36524,14.501395,13.469698,10.206213,9.907152,10.033305,10.055894,8.771381,9.080372,9.556508,10.285024,12.206555,12.439367,12.173718,12.631539,12.809269,12.661262,0.0,0.97943884,1.0040671,0.9321662,0.7541865,0.6718039,0.4859839,0.47367588,0.40318412,0.42543676,0.32833683,0.26971555,-0.4666518,-1.2841806,-1.7555317,-2.1295924,-2.230195,-1.9031181,-1.5882424,-0.37702206,-0.00047605924,0.086540654,0.29125854,0.40819865,0.5100132,0.56887025,0.7234198,0.0,0.0,0.0,0.0,0.0,0.0,0.0,0.0,0.0,0.0,0.0,2.400888,2.401172,2.3243341,2.533415,2.4020138,2.4300117,2.3253393,2.2583609,2.3174264,2.163373,1.9519889,2.0598764,1.9066978,1.67959,1.4959108,1.381954,1.1900319,0.9432271,0.8920157,0.86364454,0.9600704,0.9517913,0.8884353,0.9523834,1.0650424,1.1270971
247,1760879482.5672426,COMBINED,Walking,61.5,0.0,1.4199768,0.70973855,4.824217,6.1525936,4.6016827,4.4775004,2.9997408,3.3672166,4.506464,3.1898077,10.542008,9.942411,9.978243,10.297743,11.985358,11.694875,14.191352,12.041595,12.574031,11.2957945,11.102911,10.00953,11.087728,10.492955,4.886584,7.1373653,0.0,0.0,0.0,0.0,0.0,0.0,0.0,0.0,0.0,0.0,0.0,9.3376255,9.711844,10.567461,11.026655,12.456872,13.156586,13.807412,14.880499,16.37703,15.264511,15.532613,15.669331,16.475697,14.596924,14.397522,13.34249,11.011401,11.827063,11.714897,11.561413,12.109301,12.8692045,11.825392,9.788107,9.724882,6.264962,0.0,0.8371243,0.8349862,-0.7913855,-0.82880646,-0.65939873,-0.31656656,-0.29556274,0.5133342,0.9596551,0.7647493,1.6191827,1.4835684,1.4645106,1.3877693,1.4820915,1.5818646,1.4494693,1.6539376,1.483008,1.7859477,1.8788099,1.670868,2.4426093,1.8204811,2.5297096,2.3469484,0.0,0.0,0.0,0.0,0.0,0.0,0.0,0.0,0.0,0.0,0.0,2.5997286,2.461765,2.3954577,2.381382,2.343065,2.3463016,2.3903816,2.3719995,2.3269124,2.4114442,2.4841697,2.3610537,2.316579,2.3501449,2.378476,2.285304,2.259071,2.218382,2.2049885,2.252082,2.106889,2.2188683,2.2066593,2.1735547,2.2407894,2.2280204
248,1760879482.5712214,COMBINED,Walking,61.0,0.0,17.311996,15.069004,14.913355,14.063325,14.469782,13.251623,13.159899,11.60159,11.515137,10.131182,11.319232,9.487972,10.532537,6.447693,5.0006104,4.2100654,4.4442053,3.187841,3.2166889,1.5860214,1.9937755,3.004261,7.6752796,9.713547,9.73938,10.917439,0.0,0.0,0.0,0.0,0.0,0.0,0.0,0.0,0.0,0.0,0.0,3.427837,3.7827,4.0680165,4.657664,5.2361383,7.2942953,7.924855,8.554441,9.662527,12.141363,12.141363,13.142461,12.518011,11.1458435,10.757367,8.516321,7.45402,6.576561,6.8194375,7.947431,10.687413,12.061986,12.341876,13.490885,13.709522,14.482401,0.0,1.9870577,2.0140157,1.8731551,1.902112,1.7398199,1.7288955,1.7268419,1.8565946,1.5648823,1.6812184,1.6814536,1.7468895,1.6261237,1.9143162,2.4034913,-3.1063623,-2.90505,2.748554,-2.6283472,-2.3393478,1.5255612,1.2773583,1.4999913,1.5880961,1.6098205,1.7470171,0.0,0.0,0.0,0.0,0.0,0.0,0.0,0.0,0.0,0.0,0.0,1.8450558,2.3970137,2.6534157,2.8742363,-3.0668929,-2.895845,-2.5952904,-2.8079338,-2.6066206,-2.3207042,-2.3207042,-2.066709,-2.053709,-2.085499,-2.199291,-2.268505,-2.568556,-2.9863014,2.9159355,2.6008742,2.2990818,2.3390877,2.2411077,2.2269034,2.2115865,2.1460402
249,1760879482.6219485,COMBINED,Walking,72.0,0.0,4.5410886,7.9166512,6.1333904,4.4321866,2.0147738,3.627994,2.2319043,0.9984417,2.506136,3.0135388,1.1384398,0.9466225,1.4142135,4.320494,1.5943658,6.396957,5.747793,6.1338887,8.432331,10.115796,11.045361,10.830905,11.1451235,9.789152,8.321658,6.2410917,0.0,0.0,0.0,0.0,0.0,0.0,0.0,0.0,0.0,0.0,0.0,15.455239,14.696941,12.049782,13.124431,13.945754,13.843508,12.560884,10.06843,11.794693,11.481812,11.5130825,10.98122,10.490762,13.124817,12.521368,11.768601,11.903947,11.12018,12.265602,12.021925,12.542895,11.134508,10.507259,9.21517,10.743243,9.090728,0.0,2.1071231,2.7917304,2.517244,2.2485409,1.6399997,0.71847194,2.0306988,-0.03217988,1.6105791,0.7778258,-1.8347577,-2.9585328,-0.7853982,-1.9047925,-2.889963,2.449923,2.6868699,2.8094625,2.9561975,2.9647582,-3.050933,-3.0205383,-2.7592425,-2.706199,-2.5702553,-2.4812055,0.0,0.0,0.0,0.0,0.0,0.0,0.0,0.0,0.0,0.0,0.0,-2.4922652,-2.5115979,-2.425547,-2.4375525,-2.1290126,-2.338017,-2.2083535,-2.2612686,-2.3021715,-2.3618162,-2.5787454,-2.6933334,-2.8982794,-2.682921,-3.0860934,-2.927532,-2.860813,-3.031345,-2.920423,-3.1198373,3.0534778,3.1027365,-3.1402128,-3.11756,3.1173983,-2.8958325
250,1760879482.6903582,COMBINED,Walking,61.5,0.0,11.454565,8.045901,7.5517244,6.779068,6.170029,5.701292,6.073124,6.337134,8.171644,9.045508,9.150459,6.178135,7.432449,5.6356,5.784899,4.9040446,4.9040446,4.774258,4.5277176,6.502188,9.209067,11.371563,9.627666,10.461604,10.605698,11.832078,0.0,0.0,0.0,0.0,0.0,0.0,0.0,0.0,0.0,0.0,0.0,7.174786,10.669608,11.51822,12.387906,13.143518,14.3609295,15.496496,13.764123,13.869543,13.267796,12.766878,11.672872,10.308103,9.605106,8.746428,7.247821,7.502338,8.022689,8.168955,9.940589,10.872924,10.735643,11.406327,10.841368,10.945378,11.793946,0.0,0.63508445,0.7528033,0.966985,0.8605773,0.7283716,0.9033694,0.6571329,1.3456502,1.673389,1.7044069,1.7279549,1.7752111,1.9353261,2.0503156,2.2018728,2.2290545,2.2290545,2.1445355,1.9848859,1.9390491,1.8104128,1.8173703,1.8660233,1.9307065,2.1568282,2.1985164,0.0,0.0,0.0,0.0,0.0,0.0,0.0,0.0,0.0,0.0,0.0,1.1149199,1.0905584,1.2624757,1.3727553,1.5706788,1.6821983,1.8514069,2.1205134,2.0909722,2.1805778,2.2780542,2.3285985,2.2566333,2.2495904,2.1112158,2.076716,1.9778279,1.6126186,1.3670594,1.2583835,1.2954005,1.0521264,1.0272863,0.919721,1.0018325,0.9890821
251,1760879482.813023,COMBINED,Walking,79.0,0.0,20.174417,18.147923,13.500048,12.879191,10.058676,12.279228,12.186604,13.73251,13.671934,16.70284,14.390001,14.925711,14.533525,14.238508,14.082327,12.791904,9.67305,11.822898,6.9940677,7.658749,4.692903,1.7332902,1.0384251,4.98081,4.2115784,5.7162066,0.0,0.0,0.0,0.0,0.0,0.0,0.0,0.0,0.0,0.0,0.0,13.825794,14.221956,12.073474,12.690266,9.350333,10.220766,6.3811646,9.831434,11.080909,11.5721855,7.7257595,12.711781,8.505527,13.35815,16.037146,15.220305,16.096973,11.9340725,15.072346,16.152552,18.34589,17.895792,13.18479,12.102036,24.555212,19.948,0.0,1.7961636,0.4178779,0.946982,0.785876,1.0283475,0.36765245,0.32145283,0.2624523,0.403055,0.58897954,0.41015324,0.34159717,0.35120782,0.5580138,0.46910304,0.7432963,0.5275982,0.047482852,1.0483886,0.51484185,0.48010698,2.3576622,-1.7235472,-0.8853704,-1.1994234,-0.697416,0.0,0.0,0.0,0.0,0.0,0.0,0.0,0.0,0.0,0.0,0.0,-1.9900607,-2.05505,-1.9977843,-1.8744534,-2.1962023,-1.978995,-2.3185854,-2.4281797,-2.561976,-2.7711444,3.0849166,-3.0114908,2.973531,3.05512,3.0165567,2.8867834,2.794651,2.4383218,2.5290098,2.4423387,2.522449,2.433937,2.313534,2.104797,0.9807695,1.7865574
252,1760879482.906441,COMBINED,Walking,73.0,0.0,16.729538,17.088007,18.848532,17.184952,17.01956,16.552946,15.652476,18.372633,16.13821,9.388889,11.807735,7.9727936,8.126076,12.079181,10.180367,12.265095,12.104452,9.0281725,10.294922,10.784354,13.678861,12.488869,8.965271,9.959062,8.705325,9.219544,0.0,0.0,0.0,0.0,0.0,0.0,0.0,0.0,0.0,0.0,0.0,10.838598,11.8388605,11.758162,11.146655,10.077792,8.18145,3.1429074,6.25,4.938978,4.0456038,5.382255,7.190927,10.260291,11.353552,10.6770115,11.097371,11.4946,10.807051,10.765603,9.097283,6.3029,8.451678,12.058466,13.338718,9.737803,15.863004,0.0,0.31385794,0.35877067,0.38021624,0.3613333,0.4238705,0.43662718,0.4636476,0.47862864,0.25046962,0.067411005,0.3918325,0.29190657,0.13044886,-0.0812483,-0.2374585,-0.21174821,-0.2658957,-0.6102629,-0.86729264,-0.8246852,-0.3552362,-0.43006566,-0.47919813,-0.55357915,-0.47741967,-0.21866895,0.0,0.0,0.0,0.0,0.0,0.0,0.0,0.0,0.0,0.0,0.0,3.0128047,3.0877647,-3.108686,-2.9611897,-2.971626,-2.8646815,-2.881757,3.1415925,2.8432453,2.7117727,2.1419868,1.4008601,2.0613441,1.9878317,1.7992226,1.7406139,1.8845947,1.7725483,1.8758401,1.5437413,1.0142573,0.8255705,0.6645528,0.61595076,0.42329872,0.71128404
253,1760879483.0058537,COMBINED,Walking,65.0,0.0,14.6974745,14.704045,16.032785,15.680227,15.395239,14.742907,13.285425,11.897685,8.604329,6.925579,5.7716985,6.171525,6.30032,7.3865795,8.483587,8.869208,8.012051,7.350827,6.10354,4.980069,3.1523316,2.7509341,2.1290076,1.9343696,1.4296112,2.2425282,0.0,0.0,0.0,0.0,0.0,0.0,0.0,0.0,0.0,0.0,0.0,19.778505,20.114578,17.85133,16.287369,16.10735,14.662641,16.237225,15.326969,13.963485,11.807294,10.896061,9.4582405,8.361001,8.848646,8.266536,6.9516487,8.388965,9.1449795,11.346821,11.189471,12.216288,12.567826,11.350019,9.675355,6.209005,5.67441,0.0,0.5131852,0.5199765,0.40064803,0.35182506,0.26283637,0.25972223,0.24905412,0.39767697,0.5242287,0.905319,1.2627436,1.5024552,1.8001436,2.0131981,2.1342454,2.318794,2.335713,2.4495788,2.4687364,2.654173,2.829446,2.7361078,2.9500458,2.4065166,2.8081918,-3.117115,0.0,0.0,0.0,0.0,0.0,0.0,0.0,0.0,0.0,0.0,0.0,-2.9214637,-2.8482761,-2.7945166,-2.749126,-2.7754593,-2.7117975,-2.8472583,-3.0009418,-2.96472,-3.017915,-3.0147853,-2.9525356,-2.9228528,-2.8234692,-2.8801167,-2.8842127,-2.9769943,3.1289732,3.0191793,2.9079165,2.7600255,2.6257472,2.5237617,2.4719722,1.9656001,1.3029883
254,1760879483.037372,COMBINED,Walking,64.0,0.0,15.685733,16.241364,17.584225,16.801735,16.775618,15.173476,14.189588,11.605722,8.357246,6.490639,4.2852907,4.099082,4.6407166,5.89125,6.806927,8.118565,8.730098,7.274137,7.5785284,8.94577,6.0,6.55526,5.9680367,4.010624,3.7573504,4.8011174,0.0,0.0,0.0,0.0,0.0,0.0,0.0,0.0,0.0,0.0,0.0,12.329228,12.702018,13.699949,15.917757,17.402464,18.28139,17.02104,15.462595,11.979572,7.864661,5.870461,4.092623,2.9375997,2.2690291,3.3398387,3.4739792,3.9211786,3.9577777,2.0892115,1.5045203,2.381067,4.6079674,6.339695,7.217513,9.224621,11.023329,0.0,0.102222376,0.1402549,0.05689985,0.021176856,0.0044618025,-0.061288018,-0.061497428,-0.07906776,0.058099814,0.081921585,0.38999194,0.9978302,1.3910404,1.5894305,1.8140198,1.7351047,1.739351,1.9457736,1.773478,1.6030538,1.5707964,1.5160255,1.6259135,1.031058,1.130726,0.9328267,0.0,0.0,0.0,0.0,0.0,0.0,0.0,0.0,0.0,0.0,0.0,2.5423987,2.4721706,2.4474041,2.4375644,2.447723,2.3762674,2.4212935,2.493819,2.492813,2.571919,2.7055373,2.9752958,-2.6710482,-2.156165,-1.7023659,-1.7110866,-1.4589401,-1.48882,-1.3081686,0.044416748,0.51601195,0.6722574,0.5817752,0.4203819,0.2211313,0.23558255
255,1760879483.0889654,COMBINED,Walking,51.5,0.0,17.281141,18.650333,19.987951,19.260275,19.07845,17.88343,16.522188,15.086833,13.206253,11.995133,11.607184,11.888284,11.751694,11.855599,13.185232,14.1466875,14.129448,14.4183655,14.714278,14.438719,13.97267,12.5377655,11.688211,10.3887825,9.318082,8.199092,0.0,0.0,0.0,0.0,0.0,0.0,0.0,0.0,0.0,0.0,0.0,2.0901475,3.5807602,4.667679,5.6247616,7.5907426,9.43714,7.07707,8.4545765,5.839375,4.1834235,6.648816,7.9239273,8.277418,9.297756,8.950871,9.000675,8.478914,8.602934,6.763753,5.725758,7.650981,10.062652,11.550101,10.209578,11.330649,13.663463,0.0,-2.3491962,-2.415053,-2.4737089,-2.4946568,-2.5554707,-2.5783637,-2.5396824,-2.468792,-2.4112518,-2.3008869,-2.2434087,-2.1767957,-2.1238182,-2.0500138,-2.0130317,-2.000964,-2.0410602,-2.0360193,-2.0696363,-2.0900903,-2.0778878,-2.0633993,-2.032171,-1.969087,-1.890135,-1.6951792,0.0,0.0,0.0,0.0,0.0,0.0,0.0,0.0,0.0,0.0,0.0,0.16407944,-0.2303299,-0.701427,-1.0866592,-1.0111508,-0.9290317,-0.685316,-0.95346016,-1.1377383,-1.7252887,-2.3776815,-2.6522589,-2.696047,-2.7101507,-2.6875396,-2.918831,-2.8713193,-2.5274475,-2.3524659,-2.271553,-1.9686698,-1.686458,-1.668692,-1.8197719,-1.890331,-1.9950562
256,1760879483.103632,COMBINED,Walking,51.5,0.0,15.442526,15.722733,16.605322,15.339398,15.313123,14.368671,12.439045,10.9903345,8.877441,8.147357,8.250431,8.896106,7.9353004,6.488596,5.924705,6.3897038,6.1263537,7.2542696,7.472445,7.299387,7.5286965,6.9147224,5.5600033,4.540883,4.2915387,3.9726574,0.0,0.0,0.0,0.0,0.0,0.0,0.0,0.0,0.0,0.0,0.0,8.030439,7.704963,6.967398,6.988714,7.5279245,8.483957,9.435497,10.626218,11.214304,12.043108,13.058678,13.79995,14.442389,14.411451,14.330062,13.684567,13.126079,12.313326,12.425236,11.357815,11.2603245,11.342781,12.147945,12.78919,12.811658,12.434613,0.0,1.124989,1.311412,1.272524,1.2572727,1.2265018,1.060896,1.0180849,0.8407112,0.71440345,0.48442054,0.39171433,0.29858047,0.36115167,0.5670422,0.93023324,1.1725899,1.4693102,1.6296343,1.7468508,1.6380008,1.7515527,1.7375486,1.539187,1.4198387,1.2654121,1.0939045,0.0,0.0,0.0,0.0,0.0,0.0,0.0,0.0,0.0,0.0,0.0,0.08709683,0.24749227,0.38918757,0.53840625,0.7194442,0.7548019,0.76728606,0.91888136,0.9961299,1.0666686,1.1278565,1.1754898,1.2130996,1.2164831,1.1365415,1.0693749,0.99365616,0.94779056,0.8690743,0.78927404,0.7386443,0.7375608,0.7188871,0.78061897,0.8201247,0.97025865
257,1760879483.107429,COMBINED,Walking,51.0,0.0,10.432401,11.518229,12.772429,12.339129,12.095287,11.924906,9.730035,8.415232,6.1390734,5.941047,5.8074126,5.7021,6.1387844,5.450328,2.792436,1.8605353,1.8431026,2.1290107,3.2477584,4.1130996,3.255636,3.3015068,1.8720477,1.3707105,3.084983,4.472136,0.0,0.0,0.0,0.0,0.0,0.0,0.0,0.0,0.0,0.0,0.0,9.873213,9.060621,9.051623,8.1094675,8.9836235,9.1684,9.915271,10.452334,11.913488,11.704341,13.2214,13.090182,13.9717245,14.300676,14.025033,13.793848,13.256861,12.13908,11.791851,10.930552,10.307306,10.290826,9.651062,9.41346,8.983162,9.455061,0.0,2.2217107,2.378017,2.3772385,2.4054022,2.377266,2.3377416,2.2296932,2.0842946,1.5564027,1.211286,1.0119777,0.8346455,0.7410157,0.8351861,0.9902999,1.6057043,2.0399318,2.4048202,2.8438618,-3.1411576,2.8451824,3.0643034,2.706341,1.7262522,1.1249136,1.1071488,0.0,0.0,0.0,0.0,0.0,0.0,0.0,0.0,0.0,0.0,0.0,1.2576598,1.343561,1.4059608,1.4538908,1.585869,1.6509547,1.6993171,1.754344,1.8506716,1.9404706,2.078175,2.1464837,2.2045681,2.2086532,2.1863055,2.1601906,2.095884,2.0074682,1.9393549,1.857171,1.6735625,1.6192831,1.5805054,1.6089373,1.745834,1.878326
258,1760879483.1510415,COMBINED,Walking,58.5,0.0,7.0341883,6.0853367,6.1964946,4.5903354,3.6158414,2.946711,2.8992665,1.9223068,2.127723,2.2604136,3.013811,4.932695,6.815078,9.144491,11.092695,11.903366,13.107266,13.39572,13.549346,13.066628,12.500774,10.804868,9.899495,8.240624,6.5500216,5.452402,0.0,0.0,0.0,0.0,0.0,0.0,0.0,0.0,0.0,0.0,0.0,9.791496,9.297141,9.005577,8.717217,7.0334735,6.42427,5.4071016,4.827546,5.2703757,5.4282513,6.652693,8.166542,9.711261,11.775863,12.165528,13.335937,13.707812,14.082156,14.277982,12.701826,10.312175,7.0797853,5.1044664,3.0573776,2.8683167,4.029004,0.0,2.2516317,2.7814512,2.838544,2.805031,2.5965521,2.6840723,-2.805,3.1241317,-2.8046284,1.5591459,2.17479,2.006963,2.0835924,2.0723205,2.0001018,2.0185387,2.0462718,1.9889463,2.021474,2.128009,2.2123754,2.1999807,2.3561945,2.4999194,2.7288585,2.8427327,0.0,0.0,0.0,0.0,0.0,0.0,0.0,0.0,0.0,0.0,0.0,-0.019294811,0.10571033,0.2487981,0.4525512,0.36247215,0.50813866,0.54217017,0.3304453,0.26171347,0.4298195,0.48245066,0.14970137,0.02586502,-0.043051835,-0.022346346,-0.12209112,-0.096284576,-0.22728784,-0.15814406,-0.15976888,-0.24668342,-0.12295873,0.09556366,0.8680376,1.4064445,2.1011024
259,1760879483.2142053,COMBINED,Walking,58.5,0.0,14.780002,17.210932,18.194399,17.19257,16.143242,14.582159,13.039674,11.031639,9.075392,7.0989876,7.087534,6.841428,6.841428,8.10631,8.598687,9.510446,10.4435005,11.4428215,11.867457,12.277948,12.494442,11.940246,10.482047,8.82302,8.162414,6.6901274,0.0,0.0,0.0,0.0,0.0,0.0,0.0,0.0,0.0,0.0,0.0,11.336037,11.165313,11.07214,10.208138,8.841296,6.8059187,4.6461916,2.58969,1.3808932,2.201245,1.3707105,1.2990294,0.70973855,0.0,2.1405969,2.38017,2.984375,4.21784,4.9598584,4.133204,3.328674,2.234037,1.6455355,4.983559,6.889893,10.028482,0.0,-3.0851967,-3.0129516,-3.0189607,-3.0073407,-3.035212,-3.048823,-3.0706222,-3.1216173,3.0870183,3.0722806,-3.1128204,3.1086771,-3.1086771,-3.0997722,3.141338,-3.1394007,-3.1382697,-3.138697,-3.1049564,-3.0710142,-2.98083,-2.9558766,-2.8900635,-2.7664404,-2.6642473,-2.346091,0.0,0.0,0.0,0.0,0.0,0.0,0.0,0.0,0.0,0.0,0.0,0.060433406,0.1611721,0.27438018,0.2982869,0.43395102,0.45648167,0.5256191,0.500474,1.9069037,2.577863,-2.9861367,-2.9570048,-2.3066065,0.0,-0.33834958,-0.028894681,-0.08465121,-0.14753675,-0.17786089,-0.13449995,-0.32663256,-1.0827928,-2.9757512,-2.9688287,-2.9081066,-2.872801
260,1760879483.2933571,COMBINED,Walking,68.0,0.0,4.6409755,3.1636791,5.0583897,6.701076,7.5722423,7.1354327,7.453369,7.8453,8.589165,7.5474677,11.236476,13.300713,13.068898,10.833842,5.720089,1.9575111,5.775042,8.295745,8.161313,9.4808035,9.636546,11.361905,13.339961,14.383641,15.7724,15.758275,0.0,0.0,0.0,0.0,0.0,0.0,0.0,0.0,0.0,0.0,0.0,10.82159,10.574478,11.081891,10.299104,8.588641,7.7263107,6.154324,3.5239086,1.1051039,0.9574025,2.5658958,2.6272142,4.004923,7.248852,7.248852,8.753524,10.0369005,9.068312,9.66026,6.8515368,6.0863676,7.467154,13.53307,12.765453,13.885477,10.512675,0.0,-2.3991349,-1.8755385,-0.7599887,-0.48957944,-0.12368065,0.15224415,0.2379139,0.74402416,1.1664178,1.3245041,1.2833462,1.462753,1.4341466,1.4857001,1.7657754,2.335915,-2.2439423,-1.9890782,-1.6655775,-1.1878558,-0.8596329,-0.56983346,-0.3104323,-0.05269158,0.21857087,0.38067073,0.0,0.0,0.0,0.0,0.0,0.0,0.0,0.0,0.0,0.0,0.0,1.1474835,1.5057559,1.6924405,1.9809664,2.258582,2.1965058,2.3633478,2.5289583,-2.9044516,1.4062053,-0.26141685,0.5656798,0.39667317,0.8697848,0.8697848,1.0263433,1.1785367,1.2575527,1.4213626,1.6554004,2.3744512,2.9807189,3.0449364,-3.1218853,-3.0498264,-2.9123712
261,1760879483.351089,COMBINED,Walking,66.0,0.0,14.726286,13.664542,14.485825,15.161812,14.787618,13.890303,14.339829,14.95048,14.719284,15.0986,16.442703,15.990421,15.272906,12.060658,8.353896,4.3757696,4.136921,3.5813498,6.050634,5.096294,3.1445348,1.491915,3.5322964,6.402582,8.333487,10.542982,0.0,0.0,0.0,0.0,0.0,0.0,0.0,0.0,0.0,0.0,0.0,16.731188,13.623943,11.570387,10.084112,8.271713,7.3997736,6.9489017,6.10334,6.1657605,6.5574446,8.276881,9.138273,11.846402,12.090715,11.646621,11.665231,8.865901,6.8340497,6.9771457,9.493199,13.554792,16.694288,18.158392,18.077202,17.180862,15.6263685,0.0,1.7513759,1.9725289,2.1254268,2.3785307,2.4040303,2.5020442,2.631623,2.6728878,2.630556,2.5819445,2.4930456,2.4285603,2.3697844,2.252055,2.129485,1.7310108,0.92978257,0.3150399,0.16603374,0.21556267,0.38183203,-0.60508037,-2.2720034,-2.2526286,-2.2588098,-2.2050104,0.0,0.0,0.0,0.0,0.0,0.0,0.0,0.0,0.0,0.0,0.0,-1.0498732,-0.96911347,-0.95458627,-0.8829231,-0.63053674,-0.5296475,-0.5133023,-0.6131834,-1.1154656,-1.3804116,-1.5583355,-1.7932255,-1.8946003,-2.031899,-2.1349828,-2.2875865,-2.4297194,-2.7512743,2.7287738,2.1701035,1.9124619,1.7761949,1.6693084,1.6254474,1.5655397,1.5304961
262,1760879483.5545254,COMBINED,Walking,66.0,0.0,13.117376,12.433729,11.910775,12.522739,10.395639,9.162499,8.124268,8.990137,10.45364,9.861713,11.496183,11.674974,9.167079,7.703412,6.5559635,8.478441,8.894784,7.546254,7.1416636,7.217545,9.704993,8.753542,13.331781,11.723027,10.493401,12.059057,0.0,0.0,0.0,0.0,0.0,0.0,0.0,0.0,0.0,0.0,0.0,12.095567,12.040725,11.372611,10.464311,8.52411,6.45758,4.0918756,1.8713788,1.4142137,1.8389752,4.1533656,8.406326,9.222863,10.666192,10.768677,10.845138,9.02813,7.2029047,5.267052,1.5024624,3.5784717,7.006293,10.366866,12.509995,11.181609,10.950657,0.0,-1.2299554,-1.2999654,-1.3783607,-1.3727891,-1.6641806,-1.8157547,-2.1559474,-2.5277836,-2.8239515,-3.065037,3.1200638,3.0484145,2.9671142,2.9724538,2.8860972,2.9257948,2.9766076,2.791831,2.7745395,2.675937,1.8999056,1.7273198,1.7880275,1.9781666,2.1017306,2.1056802,0.0,0.0,0.0,0.0,0.0,0.0,0.0,0.0,0.0,0.0,0.0,3.1363344,-2.9989247,-2.8730454,-2.727548,-2.676095,-2.5630322,-2.177897,-1.2630309,-0.7853982,0.6976542,1.0466882,1.3534857,1.2882414,1.3567581,1.3573086,1.3574717,1.3081822,1.2894329,1.265844,0.032919165,-0.97774035,-1.3747001,-1.4256759,-1.5308176,-1.4676659,-1.486343
263,1760879483.621889,COMBINED,Walking,71.5,0.0,17.184952,19.329967,18.29454,18.808197,18.470957,18.36685,16.241554,15.082823,11.089664,11.065437,8.878597,8.841296,9.543263,8.14583,8.903444,7.478878,7.045304,7.288715,7.1054764,8.150952,9.301943,9.535775,10.739289,7.781572,14.162947,17.27448,0.0,0.0,0.0,0.0,0.0,0.0,0.0,0.0,0.0,0.0,0.0,3.1033,10.0,5.099474,8.618885,8.723864,4.8049874,2.636364,9.02654,5.669712,3.913019,5.0927467,5.326716,7.8611236,11.169138,8.609958,9.283277,10.306928,9.752192,7.690151,8.990012,7.5195765,6.172824,8.83624,8.856887,10.992874,12.526484,0.0,2.7802594,2.7726674,2.8648407,2.7817638,2.8107562,2.7597172,2.854678,2.903805,2.7725785,2.5206723,2.6474419,2.7076416,2.7325122,2.416914,2.3514647,2.064498,1.6842626,2.0854318,1.664694,1.7317215,2.0311618,2.5643668,2.3548374,2.6303513,2.6246238,2.9079163,0.0,0.0,0.0,0.0,0.0,0.0,0.0,0.0,0.0,0.0,0.0,-0.91976535,0.0,0.67237496,0.29885095,0.108213395,2.3557413,0.76101273,2.375902,1.7426922,-2.4805202,2.8309777,-2.160874,-2.042011,-1.5447094,-1.6546985,-1.9185252,-1.8611468,-1.7675824,-1.9643337,-2.0256083,-2.3274732,-2.8206453,2.8915894,2.7960372,2.640402,2.7881243
264,1760879484.088809,COMBINED,Walking,60.5,0.0,12.117307,11.316965,12.756782,12.143674,13.149215,11.936562,11.313708,10.259181,9.816379,10.52441,11.0215845,10.736395,10.749862,10.749862,10.420655,11.521657,10.126379,11.538337,10.319445,12.086466,10.950657,10.704942,10.533017,10.815638,10.292359,11.003888,0.0,0.0,0.0,0.0,0.0,0.0,0.0,0.0,0.0,0.0,0.0,9.405613,9.717121,9.459355,10.798594,11.100559,11.991979,12.652629,12.301796,13.0922985,13.092415,14.678925,12.995595,14.75635,14.155832,14.040842,13.555134,15.966433,12.999591,15.893193,14.118569,15.079085,14.597317,13.165146,12.59458,11.615939,11.075863,0.0,1.1516343,1.1575766,1.1617805,1.021404,0.97679216,0.95015746,0.7853982,0.8186826,0.4350624,0.1961024,0.15167974,0.19362998,0.026210694,0.026210694,-0.05768961,-0.003745252,-0.064976625,-0.049628075,0.052567195,0.06832911,0.084453344,0.12974672,0.079199076,0.06336252,0.15927725,0.21401994,0.0,0.0,0.0,0.0,0.0,0.0,0.0,0.0,0.0,0.0,0.0,1.1171255,1.1842067,1.2072155,1.2447166,1.353094,1.3964459,1.5503784,1.5808381,1.6375864,1.6896822,1.7840276,1.7732872,1.8737495,1.8934547,1.9343876,1.848438,1.8989829,1.7856344,1.85221,1.7522199,1.7366176,1.7777885,1.5913959,1.5736284,1.4615381,1.237435
265,1760879484.1009505,COMBINED,Walking,60.5,0.0,14.4946785,14.847093,15.490714,14.947673,15.74897,16.137259,15.124049,15.513486,12.920595,12.932262,11.889172,11.779276,11.291887,9.25861,8.644806,8.979323,9.879452,10.09998,11.854496,10.503865,10.936179,10.628061,10.723506,9.006386,9.0136795,6.92012,0.0,0.0,0.0,0.0,0.0,0.0,0.0,0.0,0.0,0.0,0.0,11.581882,11.823597,12.311188,13.400811,13.376482,13.728886,13.336234,13.437095,13.268438,13.720278,14.008171,15.310657,15.484904,15.297899,17.74155,17.905727,18.746183,18.3079,19.864231,19.442953,19.500711,18.300804,17.360432,16.424515,14.480741,13.244226,0.0,2.910159,2.9903586,2.8230088,2.736264,2.7721756,2.7143488,2.7667708,2.7798247,2.7865362,2.8577187,2.7035623,2.6621501,2.6401641,2.3194299,2.2342734,2.072065,2.0169845,2.0631943,2.04941,2.1348162,2.2657816,2.4643202,2.4027085,2.38775,2.5981827,2.425585,0.0,0.0,0.0,0.0,0.0,0.0,0.0,0.0,0.0,0.0,0.0,-3.0453382,-2.919749,-2.833614,-2.7570193,-2.6549745,-2.612232,-2.572816,-2.589232,-2.6056864,-2.7548735,-2.7870543,-2.7765763,-2.7729328,-2.7108605,-2.7576864,-2.7998936,-2.801117,-2.7957163,-2.8232903,-2.7839925,-2.819842,-2.8004353,-2.8494432,-2.9285018,-2.8995621,-2.9492536
266,1760879484.3952508,COMBINED,Walking,57.5,0.0,18.462347,17.669355,17.414837,16.41514,15.776421,13.796018,12.860926,12.288416,10.420383,9.611473,4.9389052,5.6963964,9.321905,10.951992,10.48351,9.209379,7.764569,7.0969815,4.3461933,2.5962696,2.8766196,4.204824,4.921169,5.6290703,6.5308657,6.013188,0.0,0.0,0.0,0.0,0.0,0.0,0.0,0.0,0.0,0.0,0.0,3.0692978,5.096294,5.5730114,4.3855853,4.357171,4.931754,6.417368,8.203279,9.568629,10.816654,11.534364,13.036886,13.088226,13.462543,13.3021755,14.170295,13.274331,13.028479,13.1103945,10.993891,6.1338887,1.0705637,5.5834336,11.3435755,13.761589,15.289612,0.0,-2.6280363,-2.5460546,-2.4613194,-2.4698942,-2.3927126,-2.2578545,-2.124757,-1.94912,-1.9449297,-1.8596399,-1.5072358,-0.77848047,-0.66681147,-0.675005,-0.771313,-0.73348224,-0.8174619,-0.8851986,-1.092327,-1.4984293,-2.459331,-2.6479473,-2.9073708,-2.8341055,-2.84333,-2.7367938,0.0,0.0,0.0,0.0,0.0,0.0,0.0,0.0,0.0,0.0,0.0,1.7562456,1.786359,1.7686126,1.5684466,1.5598074,1.1780908,0.89328563,0.9842673,0.9711794,0.98279375,0.89715123,0.8502372,0.763718,0.7214564,0.6516455,0.5113487,0.55155104,0.4447769,0.4133564,0.37238544,0.33213007,-0.4536582,-2.7161903,-2.7812204,-2.6677375,-2.692451
267,1760879484.5032864,COMBINED,Walking,59.0,0.0,6.6771097,8.126621,8.581626,8.5504875,9.466939,9.160003,9.175881,8.773203,8.421885,7.528179,6.6244516,6.7741036,4.6061673,3.1714141,3.352157,4.407267,5.0138907,6.8789325,8.739184,9.838759,10.390575,12.1619425,11.736396,11.093241,11.28517,10.6099615,0.0,0.0,0.0,0.0,0.0,0.0,0.0,0.0,0.0,0.0,0.0,5.427437,6.6765385,6.629956,6.519853,6.725006,6.4101086,5.900901,4.550085,4.152321,5.0144453,5.451736,4.941195,3.5373006,2.8635287,3.500195,2.2130685,1.8227512,1.8081927,2.08607,2.8160498,2.9275918,4.3321934,3.11242,3.70012,6.917621,7.791683,0.0,-2.4512215,-2.3634026,-2.250297,-1.9796011,-1.9283997,-1.6888632,-1.679981,-1.6521865,-1.5522486,-1.5464352,-1.6491106,-1.5103267,-1.7748805,-2.380672,-3.0413873,2.495188,2.2516303,2.2735167,2.270388,2.4257772,2.390475,2.489957,2.6359096,2.5752742,2.6902304,2.8063881,0.0,0.0,0.0,0.0,0.0,0.0,0.0,0.0,0.0,0.0,0.0,-0.3137352,-0.20593268,-0.2153194,-0.03748804,-0.10991526,-0.033012964,-0.044643246,0.04072462,-0.118812904,-0.43917006,-0.72945416,-0.7288928,-0.87273,-1.0124398,-1.0397403,-1.2348126,-1.6189569,-1.6250088,-2.8295062,-2.9952908,3.0515954,2.9825165,3.054064,-2.780604,-2.6518848,-2.7015493
268,1760879484.598674,COMBINED,Walking,64.0,0.0,8.626608,8.08101,9.856181,10.111564,11.594399,12.082582,11.996258,11.41797,9.761301,10.122301,8.655774,10.231271,11.167364,11.427051,11.720066,11.856471,11.692413,12.375596,11.854496,12.780139,13.257629,12.714081,12.8702545,11.805567,11.216288,11.013394,0.0,0.0,0.0,0.0,0.0,0.0,0.0,0.0,0.0,0.0,0.0,8.9797735,9.046344,8.788023,7.4674587,6.767679,4.740409,4.945107,6.0973854,5.8393993,7.3227882,7.1373653,7.1536055,7.861253,9.396774,10.451952,11.053713,11.59485,11.990208,12.483027,11.933306,10.966201,10.788589,12.061986,12.138527,13.942753,12.446481,0.0,2.9090846,-2.775944,-2.5452144,-2.4044762,-2.3947392,-2.4201708,-2.3708274,-2.5162666,-2.8839402,-3.013425,3.0556517,2.753106,2.5788538,2.4493835,2.374999,2.2911854,2.2631748,2.215672,2.04941,2.111159,2.062576,2.0244405,2.0703647,2.0665195,2.1555707,2.2540734,0.0,0.0,0.0,0.0,0.0,0.0,0.0,0.0,0.0,0.0,0.0,-2.9269705,-2.8169463,-2.7148767,-2.5786965,-2.6138947,-2.5308685,-2.8957303,2.9646678,2.8317215,2.5939271,2.3654406,2.1869864,2.0770278,2.000891,1.9028786,1.8624462,1.9127806,1.9124058,1.8891131,1.9250094,1.9907954,2.1831253,2.3733013,2.4305434,2.581571,2.5854445
269,1760879484.723033,COMBINED,Walking,58.0,0.0,1.7868761,2.5769093,3.487162,4.3253527,3.4739792,4.673478,4.897654,5.271957,5.5614552,4.302173,6.580967,7.51667,7.4790525,7.9217653,8.656454,8.087064,5.4808345,4.1984153,4.32101,2.554955,2.9762862,4.0160074,4.726119,7.602968,9.337395,9.34534,0.0,0.0,0.0,0.0,0.0,0.0,0.0,0.0,0.0,0.0,0.0,6.9959965,4.965991,3.2139885,4.9793587,6.3154593,5.5628004,7.801131,7.054999,6.0352764,7.031456,5.1576443,4.63654,2.5838408,1.7811626,1.8227686,1.365124,1.3755612,0.0,1.1343057,1.3019927,1.3707105,1.53184,1.7253566,0.96921486,1.2848911,0.0,0.0,-2.0355518,-1.8207918,-1.7109644,-1.6396018,-1.7110866,-1.683056,-1.8248981,-1.8793355,-1.9454358,-2.223698,-2.1556294,-2.1152632,-2.10578,-2.1590898,-2.0908015,-2.0029373,-1.9206113,-1.8409232,-1.9410048,-2.2163532,-2.3475842,-2.5056324,-2.350713,-2.1479309,-2.0455937,-1.8576336,0.0,0.0,0.0,0.0,0.0,0.0,0.0,0.0,0.0,0.0,0.0,2.2804654,2.553188,2.1347015,2.4490128,2.326298,2.269623,2.289118,2.3205993,2.578652,2.5314467,2.6940227,2.7144413,2.8636434,2.8886027,2.910776,2.5054538,2.4891214,0.0,1.2039416,0.1833088,1.4153404,1.0013307,1.4347718,1.711766,2.1217747,0.0
270,1760879485.260187,COMBINED,Walking,57.5,0.0,4.301415,2.9158525,4.115515,2.7401686,3.6531844,3.8705187,1.8720477,2.4169292,3.6095421,4.330053,4.5281377,6.0214005,5.904835,7.5739775,7.955241,8.560905,7.093673,5.731823,5.620095,3.737164,3.616381,3.3026474,4.2698274,5.7013445,6.330351,8.044132,0.0,0.0,0.0,0.0,0.0,0.0,0.0,0.0,0.0,0.0,0.0,9.411319,8.992646,8.002343,7.1842785,7.014458,6.0300765,5.828482,6.972503,6.853084,6.974003,6.042155,7.1509414,6.235123,5.3197727,4.3628254,4.123106,2.5092587,2.4389977,0.99717516,2.0000005,2.1956463,2.821135,3.6298037,4.0278726,3.9858592,4.245606,0.0,-2.184907,-2.10202,-1.4357532,-1.8456323,-1.4410583,-1.4192474,-2.006048,3.1050253,2.8515594,-2.6927428,-3.0387015,-3.05077,-2.7326517,-2.5656886,-2.3584452,-2.1718993,-2.1395288,-2.088401,-2.1034756,-2.1759198,-2.5103328,-2.9794273,-3.03712,-2.8686624,-2.797709,-2.4328048,0.0,0.0,0.0,0.0,0.0,0.0,0.0,0.0,0.0,0.0,0.0,-3.1290665,-3.0301602,-3.0163016,-2.9020324,-2.9985425,-2.9749875,-3.0228815,3.0942504,-3.1324465,-3.0897462,-3.0408697,-2.9667022,-2.913511,-2.8485913,-2.8020773,-2.896614,-2.6114569,-2.6326923,-3.0983055,3.1415925,2.785926,2.9508932,2.909252,3.0226681,3.018387,-2.9942317
271,1760879485.2691774,COMBINED,Walking,57.5,0.0,11.107117,11.031885,10.704162,9.509596,9.309089,7.583195,7.0382895,6.0269947,7.029259,7.771562,8.736593,10.455616,11.968903,13.2089615,13.427343,14.135554,12.43539,11.427946,10.356459,9.164488,8.514923,7.5169783,8.291061,8.64174,9.192101,10.8420315,0.0,0.0,0.0,0.0,0.0,0.0,0.0,0.0,0.0,0.0,0.0,9.497342,8.633971,7.8183513,6.925205,6.808158,6.8018384,7.7501435,7.800087,8.655306,9.678981,8.65749,9.698614,8.823777,9.199553,7.7467566,7.210011,6.504898,5.9882812,5.6171184,4.3120937,5.110658,5.270838,6.0035005,7.532569,8.423041,8.554859,0.0,-2.860943,-2.5676453,-2.5085227,-2.5201738,-2.4326766,-2.5329428,-2.7024066,-3.0811408,3.097607,2.9037087,2.7438872,2.818084,2.8848896,2.997973,3.0349882,-3.0476887,-3.1098506,-3.0141296,-2.9695816,-3.0012908,3.0794098,3.0706341,2.8533533,2.986368,3.023367,-3.0961504,0.0,0.0,0.0,0.0,0.0,0.0,0.0,0.0,0.0,0.0,0.0,-3.0988257,-2.9990182,-2.942178,-2.902014,-2.9991462,-2.9185696,-2.9852672,-2.9131813,-2.9546537,-2.8627312,-2.652333,-2.655011,-2.5666077,-2.4454265,-2.2207196,-2.2373145,-2.2103667,-2.2304034,-1.9832627,-2.229833,-2.6077967,-2.7490773,-2.9106007,-3.0878773,-3.0003014,-2.9416502
272,1760879485.307681,COMBINED,Walking,63.5,0.0,11.234611,10.179586,11.381933,10.031967,9.670845,7.8109293,3.1817348,2.9954958,6.606309,12.039672,16.566946,18.670237,19.543308,18.242918,15.56317,15.548492,11.801345,11.05647,10.608319,10.201185,9.9782295,10.475746,12.861289,15.027869,16.729015,18.55196,0.0,0.0,0.0,0.0,0.0,0.0,0.0,0.0,0.0,0.0,0.0,12.885225,13.381455,12.270289,11.783498,10.645735,9.290322,7.8297553,8.345025,7.687756,6.1576867,2.880621,0.58506495,1.9002851,5.7213206,9.831346,9.469383,11.023604,9.553853,10.727464,7.3248744,5.913529,6.566956,8.926748,12.079799,12.999998,8.89542,0.0,1.1668495,1.7921491,1.8450587,1.8304275,2.0187168,1.9831585,1.6869693,-0.50314635,-0.55973154,-0.71763533,-0.46004876,-0.4670451,-0.40739548,-0.35127714,-0.26655707,-0.24282047,-0.121386856,-0.10111216,-0.14670892,-0.2058509,-0.3256327,-0.49478993,-0.5755174,-0.61005986,-0.4492133,-0.27544206,0.0,0.0,0.0,0.0,0.0,0.0,0.0,0.0,0.0,0.0,0.0,-0.6407592,-0.49112168,-0.33205947,-0.21487306,-0.11562521,0.047403444,0.3071765,0.517843,0.7342406,0.82103306,0.57944626,0.28440914,-1.7479202,-2.0033169,-1.9573019,-1.9250667,-1.8371692,-1.7329911,-1.6943094,-1.5079949,-1.0522618,-0.19526511,0.10441146,0.41576192,0.39479113,0.59690696
273,1760879485.421123,COMBINED,Walking,62.0,0.0,8.109452,6.02167,5.8012314,4.429967,4.8764977,2.3386488,4.2854786,4.836038,4.7582583,4.3081503,2.06363,4.4994617,2.8859932,4.4798884,7.755315,6.8959856,6.123999,5.606772,5.606772,1.9756013,2.7366927,7.7396226,9.535826,6.2368894,5.2172694,6.0393796,0.0,0.0,0.0,0.0,0.0,0.0,0.0,0.0,0.0,0.0,0.0,7.1709433,8.735234,6.5464873,9.006905,9.321843,9.325286,11.69186,11.12544,10.179844,11.324781,11.905661,10.286695,8.644225,9.568252,10.527967,12.49201,9.935343,9.013011,11.725583,9.513316,8.156702,9.848581,7.786736,10.043755,9.582556,11.067971,0.0,2.7210908,3.0673575,-2.9739912,-2.7923503,2.149415,-2.6366308,2.7386417,2.277993,2.1526911,-3.0711634,2.870911,2.616877,2.0233133,2.6454606,1.7456686,1.7707111,1.7310565,1.5310353,1.5310353,1.4816144,1.8299145,1.5548896,1.6163517,2.2750995,1.8165946,-2.8372922,0.0,0.0,0.0,0.0,0.0,0.0,0.0,0.0,0.0,0.0,0.0,2.957183,3.0326674,-3.111816,2.644082,2.652375,2.8347871,2.9174736,3.1195276,3.0384688,3.075333,-2.5240178,-2.7156608,3.1382785,3.0534554,-2.5960884,-3.0868685,2.830468,2.5316265,3.007629,3.0862608,2.4963574,2.6152089,2.943582,2.6816528,2.4609127,2.819842
274,1760879485.501621,COMBINED,Walking,63.0,0.0,11.766616,14.665479,15.970421,18.021322,18.73206,18.681541,18.731232,17.360432,14.891815,14.264175,12.953431,10.241417,8.208131,7.21886,5.728978,8.666667,10.430474,10.962653,13.453373,13.969005,14.8364315,15.381691,15.6918545,12.535871,11.543397,9.678254,0.0,0.0,0.0,0.0,0.0,0.0,0.0,0.0,0.0,0.0,0.0,12.020816,11.752435,11.3568535,10.646093,9.599193,8.461074,8.112592,8.327813,8.595059,8.865818,9.57252,11.155062,12.8476715,13.464311,14.620458,15.861574,15.10107,15.071765,16.259083,15.867378,14.103839,13.148919,12.593442,11.580885,9.379259,8.992979,0.0,0.3573912,0.28201923,0.24231067,0.2478839,0.23991512,0.27094686,0.27021006,0.29214948,0.28247312,0.27440682,0.23170154,0.19855057,0.09524699,-0.37636894,-0.7300733,-1.1760052,-1.0408936,-1.1485921,-1.1016833,-1.0334008,-0.7587487,-0.7968185,-0.63972044,-0.45289096,-0.30805278,-0.0099503305,0.0,0.0,0.0,0.0,0.0,0.0,0.0,0.0,0.0,0.0,0.0,2.8461518,2.965835,3.0392904,3.0756388,2.9444597,2.8779979,2.6116898,2.6256018,2.489008,2.4052863,2.3079505,2.1207175,2.0567036,2.0040395,2.016179,1.9959663,1.9907733,1.9895622,1.9457115,1.9029701,1.8496163,1.7780764,1.6785389,1.5446395,1.384234,0.9524394
275,1760879485.5522726,COMBINED,Walking,64.0,0.0,4.903648,2.9757235,4.3709226,2.2869148,3.0842626,3.8907557,3.4132836,2.6120634,2.35578,3.3079703,4.0818925,6.9005384,8.252228,9.548418,11.094931,10.42384,11.501258,10.242396,9.103287,9.345001,7.9354515,6.8830867,5.325206,4.4963183,3.049847,6.2114143,0.0,0.0,0.0,0.0,0.0,0.0,0.0,0.0,0.0,0.0,0.0,11.736931,10.709906,10.21471,8.965682,8.485281,6.1676903,3.6055512,2.6632714,15.411009,3.1133811,6.388331,8.722624,7.8522267,9.380793,10.633276,9.545868,9.950817,9.545868,9.259836,7.037937,5.3262815,4.245788,3.1259904,2.5214674,0.98780066,0.0,0.0,2.5345662,2.8080895,2.6651657,2.8108974,2.8143456,2.8181581,3.006709,3.0666962,-2.8548837,-2.3284233,-1.941313,-1.864848,-2.068846,-2.0246499,-2.0984194,-1.9885647,-1.9134169,-1.7951059,-1.6469202,-1.582559,-1.3705429,-1.2969618,-1.1202073,-1.2843275,-1.4338344,-1.9899316,0.0,0.0,0.0,0.0,0.0,0.0,0.0,0.0,0.0,0.0,0.0,-0.26202875,-0.06426494,0.11284253,0.203623,0.7853982,0.48941576,0.98279375,-0.2359416,-2.1534898,-1.2438061,-1.6155772,-1.625995,0.12450861,-1.5375091,-1.5516315,-1.4770014,-1.5349636,-1.4770014,-1.277387,-1.1090326,-1.2485112,-1.0854913,-0.34553483,-0.014203467,-0.08918198,0.0
276,1760879485.64655,COMBINED,Walking,58.0,0.0,15.74013,15.8181715,15.90492,15.171356,14.880356,14.831704,14.103236,13.596301,13.090396,14.485679,14.485679,16.301964,16.301964,17.220875,16.59352,17.478642,17.012398,15.761186,15.427545,14.580485,14.745946,13.052384,14.437534,13.622,12.062771,11.751612,0.0,0.0,0.0,0.0,0.0,0.0,0.0,0.0,0.0,0.0,0.0,9.959658,9.837652,10.050813,9.995606,9.870576,10.431504,10.883638,11.120354,10.751699,10.217147,11.131542,10.389655,11.347624,12.84912,12.452783,12.452783,12.448525,12.384802,13.100573,12.061308,12.181148,12.690025,12.559589,13.215743,13.46348,13.955027,0.0,-1.4005241,-1.3997549,-1.396905,-1.4193397,-1.4687954,-1.5475602,-1.6351639,-1.67023,-1.6780646,-1.8304778,-1.8304778,-1.9452865,-1.9452865,-1.9789922,-1.8896058,-1.9227914,-1.8487558,-1.8531427,-1.7737606,-1.6572994,-1.7386692,-1.6328131,-1.7825764,-1.4824908,-1.6105349,-1.4424485,0.0,0.0,0.0,0.0,0.0,0.0,0.0,0.0,0.0,0.0,0.0,-1.1075199,-0.9313817,-0.81958014,-0.6438308,-0.6060504,-0.5355791,-0.55089617,-0.46634653,-0.515896,-0.5143088,-0.62039846,-0.69425625,-0.70806426,-0.69751394,-0.7174613,-0.7174613,-0.77875894,-0.7619578,-0.82009536,-0.8328944,-0.87988245,-0.9600576,-1.053103,-1.1277909,-1.19299,-1.2216666
277,1760879485.7481241,COMBINED,Walking,60.5,0.0,8.450271,10.202265,11.878459,13.174558,13.829444,14.934127,15.312823,14.716627,12.136423,12.083683,9.279461,7.1303945,4.9628954,2.5495098,3.6408014,5.1955624,7.0194244,9.130721,11.102212,12.245495,13.126607,13.718614,13.303806,11.999135,11.036046,9.791672,0.0,0.0,0.0,0.0,0.0,0.0,0.0,0.0,0.0,0.0,0.0,10.570345,10.983561,11.885157,11.245063,10.5560055,9.10482,8.123979,6.1993117,4.544193,3.116408,2.260414,2.821135,3.3886936,3.8992705,3.7294993,3.68002,3.68002,2.528012,2.9158525,1.6785847,1.9796215,2.4482715,2.818957,3.0420842,4.618019,7.513927,0.0,-2.525337,-2.5611007,-2.4121618,-2.3818953,-2.2774642,-2.2399578,-2.2458556,-2.22017,-2.1611772,-2.1692657,-2.285059,-2.399135,-2.5081275,2.9441972,1.8957204,1.5338309,1.496384,1.4013803,1.4349976,1.406736,1.4882791,1.4893965,1.5482134,1.6219252,1.6236943,1.6600468,0.0,0.0,0.0,0.0,0.0,0.0,0.0,0.0,0.0,0.0,0.0,-0.5251031,-0.40411255,-0.25735655,-0.20915297,-0.071915254,-0.03291861,-0.015146772,0.09463337,0.050670996,-0.13899355,-0.6551515,-1.3800969,-1.5142148,-1.7820009,-1.9682888,-1.9767474,-1.9767474,-2.4132118,-2.610369,-3.010109,2.8100142,2.8359835,2.5661526,-2.9877868,-2.6544573,-2.7717612
278,1760879485.7546668,COMBINED,Walking,60.0,0.0,8.03152,7.198708,6.2845025,5.768672,4.488161,4.7245994,5.555693,5.556601,5.6245265,6.6031585,5.292079,3.7128928,1.961971,1.7249085,3.979554,5.0506577,6.957403,9.259488,11.032824,12.709158,13.92943,14.163046,13.771524,12.762763,12.092731,10.481757,0.0,0.0,0.0,0.0,0.0,0.0,0.0,0.0,0.0,0.0,0.0,12.08069,12.263136,12.176609,11.053189,10.507794,8.391558,6.5205755,4.4565988,1.4394319,1.952489,5.654306,7.9236946,9.941739,11.518771,12.156743,12.784471,13.309413,13.015077,12.349089,11.42366,10.089712,8.50215,7.274043,6.109251,6.021554,9.444026,0.0,-3.0167592,-2.914442,-2.8177168,-2.5946827,-2.260126,-1.9125376,-1.492143,-1.6003336,-1.2318333,-1.0694162,-1.1391326,-1.451021,-1.5903722,2.8809903,2.0077581,2.1559622,2.076322,2.1295023,2.2231064,2.2582397,2.299285,2.3170981,2.3910291,2.464123,2.459191,2.5735226,0.0,0.0,0.0,0.0,0.0,0.0,0.0,0.0,0.0,0.0,0.0,-0.019470558,0.1995084,0.33210355,0.55583227,0.6499302,0.82203436,0.9901566,1.1024858,1.4297112,-1.9485569,-1.7554177,-1.7587627,-1.7684938,-1.7191048,-1.8038095,-1.8314533,-1.8912096,-1.9861505,-1.943784,-1.9756881,-2.067648,-2.2314906,-2.4502645,-2.5446393,-2.637465,-2.8474762
279,1760879485.7891314,COMBINED,Walking,64.5,0.0,10.121496,13.0535965,15.862664,17.067682,18.819403,20.050428,21.386755,21.964525,19.02914,17.39147,17.599655,15.987674,13.993035,13.271623,10.076349,4.54418,4.9443793,7.102113,9.490039,11.722444,12.351473,12.543856,12.98149,11.30291,10.930182,11.050384,0.0,0.0,0.0,0.0,0.0,0.0,0.0,0.0,0.0,0.0,0.0,6.481945,6.7972713,8.47499,8.657666,8.72075,9.030005,8.0,7.1620574,5.873731,4.6500206,5.276879,4.9077554,4.953802,3.9133599,2.9229338,3.8547287,2.9433308,2.3161318,2.5852227,2.8432376,4.1533713,4.776349,6.242866,6.92231,9.999944,10.869926,0.0,2.3344946,2.3014486,2.2178319,2.1578166,2.0917974,2.0595555,2.019281,1.9793949,1.9729886,1.9263009,1.8394749,1.8236756,1.8809372,1.7609233,1.7080761,1.0770787,-0.38990486,-0.5645694,-0.60051966,-0.49201328,-0.38102305,-0.24817336,-0.11489747,0.05997257,0.42661896,0.77438843,0.0,0.0,0.0,0.0,0.0,0.0,0.0,0.0,0.0,0.0,0.0,-2.323685,-2.279878,-2.1086104,-2.0034056,-1.8113798,-1.6523398,-1.5707964,-1.3478796,-1.2501498,-1.1261865,-0.7207186,-0.4197348,-0.27577665,-0.20496726,-0.108543776,-0.18927309,-0.2812241,-0.65820503,-1.7154429,-2.0132658,-2.4454927,-2.572877,-2.8154771,-2.9487538,2.9992588,2.7277296
280,1760879485.792118,COMBINED,Walking,59.5,0.0,9.331598,9.5724945,9.678048,6.871508,7.056853,7.58309,8.59852,9.272152,8.914917,7.9685826,7.988162,7.3803334,7.3069935,7.159529,7.9914136,8.902715,9.947538,11.395086,13.417505,14.233642,15.359209,15.878653,16.155924,14.2719555,14.83126,13.638954,0.0,0.0,0.0,0.0,0.0,0.0,0.0,0.0,0.0,0.0,0.0,8.46577,8.345362,8.898552,8.038918,10.7788925,10.526738,11.41765,11.560765,11.794749,11.674244,11.422847,11.055301,10.027725,10.209184,10.507213,9.955194,7.3081093,4.572909,5.0351424,3.6672285,5.331655,5.4759927,5.711588,5.2858586,4.926481,5.6369348,0.0,-2.6425943,-2.4831672,-2.4196026,-2.0370104,-1.6978178,-1.4920957,-1.2647128,-1.1411641,-1.228656,-1.3308536,-1.1913047,-1.4056756,-1.5817921,-2.0099022,-2.2460225,-2.2320478,-2.4545164,-2.380612,-2.3105245,-2.253251,-2.1814785,-2.073629,-2.0680842,-1.9801432,-1.8376895,-1.803264,0.0,0.0,0.0,0.0,0.0,0.0,0.0,0.0,0.0,0.0,0.0,-2.4398174,-2.4125066,-2.4714057,-2.75606,-2.77824,-2.676841,-2.6510859,-2.5773757,-2.4898853,-2.3314557,-2.2570107,-2.1552768,-2.107523,-2.0826051,-2.1066306,-2.1905599,-2.2612882,-2.4921536,-2.8993871,2.9321387,2.4902668,2.4474082,2.565124,2.5088837,2.7073448,2.6078243
281,1760879485.866951,COMBINED,Walking,64.5,0.0,12.314005,12.815157,12.739308,11.378462,11.368165,10.653773,9.85299,7.3701243,3.6075172,3.1248796,6.851544,11.983079,14.98244,15.860996,16.713434,15.648498,13.637072,12.709652,11.073811,9.68431,8.293973,6.9448457,5.5510178,2.4127283,2.166234,4.7221994,0.0,0.0,0.0,0.0,0.0,0.0,0.0,0.0,0.0,0.0,0.0,9.938616,10.925411,8.992646,11.039207,9.262315,5.1695714,3.493845,3.586388,4.0427246,4.049324,3.5332377,3.8165374,5.1551495,6.0937366,6.5484085,8.817518,9.200443,9.507265,10.151078,8.244532,5.626185,3.8061018,7.104137,10.569972,13.397055,11.793146,0.0,-1.7027911,-1.559989,-1.30791,-1.0148984,-0.7593569,-0.58931214,-0.38294312,-0.2705608,-0.017309673,1.8805063,2.3220406,2.342765,2.470124,2.4953947,2.5911336,2.6964502,2.8240063,3.054073,-3.0051963,-2.8040714,-2.5126472,-2.4090717,-2.0529022,-2.469856,2.4853244,2.0356607,0.0,0.0,0.0,0.0,0.0,0.0,0.0,0.0,0.0,0.0,0.0,2.9698896,3.0894399,-3.0301602,-3.0629728,-2.848944,-2.823251,-2.66785,-1.649846,-1.2179974,-0.9513008,-0.52912253,0.36716887,0.47752872,0.9842554,1.0537841,1.4085935,1.5562702,1.6476642,1.7631714,1.82641,2.1331997,-2.9304495,-2.5178285,-2.339922,-2.2595382,-2.026855
282,1760879485.9076786,COMBINED,Walking,59.0,0.0,13.403658,15.054164,15.504045,15.01141,15.260852,14.919917,14.5586815,14.275672,13.435007,14.623567,13.976474,13.316813,11.18034,9.168865,8.15342,8.80572,11.175697,9.636193,6.9480753,4.734225,1.4073638,1.3859956,1.9588331,4.96057,7.6206393,8.037592,0.0,0.0,0.0,0.0,0.0,0.0,0.0,0.0,0.0,0.0,0.0,7.9928956,7.2393236,5.9973507,5.338443,4.4035134,3.8342388,5.954676,5.3574686,6.390207,5.3020635,6.7299747,9.506026,11.549359,13.292435,14.825261,15.456583,16.53036,16.293152,18.751694,18.218748,17.018875,15.731794,15.36028,12.780843,6.6785035,2.2425284,0.0,-0.33992144,-0.33856514,-0.41286552,-0.56990266,-0.69834507,-0.8715569,-1.0387771,-1.2976941,-1.5040917,-1.6837188,-1.8100163,-1.8968582,-2.0344439,-2.1812968,-2.3146162,-2.41362,-2.4195087,-2.385405,-2.5265083,-2.505614,-2.802836,0.89936984,0.7295035,0.9972397,0.9895085,1.0912114,0.0,0.0,0.0,0.0,0.0,0.0,0.0,0.0,0.0,0.0,0.0,-2.2925222,-2.0730598,-1.7811174,-1.5339959,-0.8326621,-0.574661,0.13015908,0.4350311,0.79022086,1.3387038,1.7947835,2.0006726,2.0866935,2.1842241,2.1712742,2.2585032,2.3248777,2.3455954,2.3804827,2.3964717,2.3912206,2.391087,2.396247,2.3942266,2.215126,1.0641184
283,1760879486.0188308,COMBINED,Walking,67.5,0.0,17.233147,18.451647,19.518692,17.60191,17.0576,15.5576105,13.304583,10.655589,9.124513,9.680357,10.21033,12.401271,12.1241665,12.362351,11.731183,11.933083,12.075221,12.136498,13.356552,13.476563,13.364169,13.091104,12.216095,11.313708,12.588988,10.708563,0.0,0.0,0.0,0.0,0.0,0.0,0.0,0.0,0.0,0.0,0.0,1.5943658,2.1853728,3.5454154,5.4671245,8.2967205,9.486833,9.623373,9.734833,8.601027,8.013969,8.190846,8.573363,8.538531,8.870457,8.647175,8.409463,6.4712796,5.528798,4.685643,4.855674,7.428414,10.097749,11.859229,12.5713415,14.356946,14.792339,0.0,-2.6496868,-2.4873872,-2.4455993,-2.4832337,-2.4793587,-2.5524762,-2.662619,-2.9298189,2.980815,2.602729,2.4711072,2.3140066,2.2304392,2.2773683,2.295882,2.1479733,2.2047522,2.1424098,2.1480262,2.1918075,2.2606304,2.2413194,2.2852736,2.3561945,2.2640593,2.2488098,0.0,0.0,0.0,0.0,0.0,0.0,0.0,0.0,0.0,0.0,0.0,1.8224262,2.4836946,2.664139,-3.079627,-2.934437,-2.819842,-2.6497347,-2.5405812,-2.310473,-2.021659,-1.7218086,-1.4282055,-1.2137387,-1.2646086,-1.0725833,-0.9634801,-1.005111,-1.353011,-1.692421,-2.2565951,-2.7979193,-2.9364488,-2.874683,-2.8279686,-2.7711978,-2.6656523
284,1760879486.137722,COMBINED,Walking,65.0,0.0,9.816699,12.603023,12.165669,10.941571,9.796121,8.9994335,7.971043,7.475446,7.7512717,8.79438,8.299261,9.069448,8.721023,7.310571,7.281604,7.340607,8.021516,8.307604,9.71585,10.8128805,10.341536,11.415497,10.275667,10.175006,9.637258,9.582556,0.0,0.0,0.0,0.0,0.0,0.0,0.0,0.0,0.0,0.0,0.0,10.932918,10.8691845,8.470382,7.8326936,5.954676,4.0688477,3.5651102,4.2909713,6.7511954,6.9258733,8.016143,8.417904,9.228845,11.454753,14.392937,13.42021,11.908998,11.284843,9.913325,8.965742,5.2225065,5.7246847,7.428414,9.268883,9.114171,8.357246,0.0,0.110007785,0.07069121,0.07013586,-0.02713308,-0.18189578,-0.37809986,-0.58939743,-0.8895328,-1.2680364,-1.5630512,-1.6143973,-1.6745172,-1.8847785,-1.9936502,-2.1731675,-2.2304673,-2.3590393,-2.398761,-2.4987915,-2.3842247,-2.4103901,-2.4211352,-2.2811337,-2.2927916,-2.1777222,-2.2514763,0.0,0.0,0.0,0.0,0.0,0.0,0.0,0.0,0.0,0.0,0.0,2.9980376,3.1246395,-3.0777626,-2.8966336,-3.0114336,2.966419,2.2860737,2.2805142,1.7184726,1.8585875,1.8657075,2.024996,1.988894,2.0269969,2.0267198,2.010639,1.9445231,1.9707628,1.9393085,1.7960641,1.332304,0.8610507,0.34367326,0.25623107,0.10525164,0.058099814
285,1760879486.1737425,COMBINED,Walking,64.0,0.0,4.562765,5.7348,7.163013,6.7082033,5.112888,3.611505,2.7024736,3.3269608,5.988084,8.684923,8.915579,9.590336,10.388589,8.305369,6.747786,5.9168324,5.110658,4.6746635,5.913529,5.3875265,5.679152,5.964078,6.8014727,7.336205,8.542016,10.98123,0.0,0.0,0.0,0.0,0.0,0.0,0.0,0.0,0.0,0.0,0.0,10.022288,10.371003,9.796957,9.872629,9.628965,9.15445,8.946987,9.343975,8.75866,5.051799,3.5283964,0.77238595,2.806564,6.7413387,7.757166,8.993214,8.210777,7.3582835,8.02756,7.28011,8.106444,9.247869,11.137562,11.106476,8.6776085,6.014568,0.0,-0.43770096,0.1593685,0.37719518,0.4636476,0.76833653,1.0366617,2.4274783,3.0114484,-3.1239898,-3.0012712,-2.9395952,-2.8360393,-2.7948878,-2.8230019,-2.7270634,-2.7590399,-2.6077967,-2.5238507,-2.623058,-2.9678996,-2.7500913,-2.891936,-2.728899,-2.8860183,-2.904796,-2.8648815,0.0,0.0,0.0,0.0,0.0,0.0,0.0,0.0,0.0,0.0,0.0,-2.9234295,-2.6977365,-2.5357933,-2.3281643,-2.0747013,-1.8418462,-1.5253338,-1.2514883,-1.1379641,-1.1235987,-0.8673353,2.8134227,2.2856195,2.3659866,2.4259017,2.4984689,2.7028303,2.9035203,3.0263624,-2.863293,-2.4369242,-2.16094,-1.9381479,-1.7279103,-1.7061458,-1.41721
286,1760879486.213882,COMBINED,Walking,64.5,0.0,4.1725826,5.158816,5.2020507,6.121871,6.9691787,4.949095,4.8974676,5.045197,5.049141,2.9994276,2.7676814,1.7369896,1.4088833,6.1716433,4.8498893,5.0627165,5.27666,5.42997,4.651561,6.2874975,4.45177,5.006066,2.9457629,3.2866688,3.1365004,2.8113127,0.0,0.0,0.0,0.0,0.0,0.0,0.0,0.0,0.0,0.0,0.0,7.853738,7.54629,7.541123,6.202786,6.561429,6.6326504,6.0514026,5.226939,4.224821,1.8728281,2.8413086,3.980425,5.0527544,5.049141,5.27036,4.776349,3.5842724,4.776349,3.2530239,1.9384778,3.774871,4.330231,1.6634804,3.9482393,3.107468,2.926598,0.0,-1.9209703,-1.9377021,-1.9390764,-1.8764769,-1.688017,-1.6318907,-1.7208846,-1.4553772,-1.4515766,-1.7146778,-1.3059671,-1.4305061,0.8351061,0.43808067,0.51013047,0.78852314,0.6022523,1.0059743,1.2988292,1.0278589,1.6082745,2.187234,2.5130153,2.5933614,-2.8239558,-2.5698187,0.0,0.0,0.0,0.0,0.0,0.0,0.0,0.0,0.0,0.0,0.0,1.6135912,1.6899292,2.167974,2.6200445,2.7844832,-2.8514423,-2.7198088,-2.7269695,-2.4058807,-2.327022,-0.08233084,0.05514141,0.12296413,0.11921969,0.30715248,0.5687157,0.9917593,0.5687157,1.2067962,0.94085383,2.4343176,2.7669566,2.3679473,2.7384448,-3.0254326,-2.5524065
287,1760879486.277793,COMBINED,Walking,63.5,0.0,13.1760025,13.60633,14.615446,15.305019,15.139062,14.93629,14.235204,14.194366,12.180764,10.124366,10.507897,10.407564,7.876388,8.7815485,9.43168,10.562209,10.745756,12.115279,13.536154,14.464163,16.136383,16.604767,13.960433,14.450605,11.813042,10.3283415,0.0,0.0,0.0,0.0,0.0,0.0,0.0,0.0,0.0,0.0,0.0,5.682665,6.2534604,4.3460817,4.377261,2.2244158,3.3602562,4.123955,7.2430434,6.9005094,6.4366107,6.416092,8.16922,8.8681965,9.660745,10.276003,10.158561,10.802319,9.368391,9.584893,9.261209,9.006171,9.293273,9.910711,10.330369,9.788831,9.680011,0.0,-0.9371622,-0.9195839,-0.9968184,-0.9933358,-1.1512235,-1.188004,-1.2380965,-1.3328497,-1.4591241,-1.5947907,-1.7173698,-1.8907553,-2.0506403,-2.286476,-2.5407436,-2.603575,-2.6690629,-2.7362611,-2.7158802,-2.6698759,-2.5930388,-2.52905,-2.434124,-2.2764099,-2.189555,-2.0953388,0.0,0.0,0.0,0.0,0.0,0.0,0.0,0.0,0.0,0.0,0.0,2.2314389,2.3585966,2.2537344,2.218073,1.8125226,1.063264,0.8146085,0.64405006,0.7439671,0.744842,0.87529045,0.8536233,0.9539677,0.93971694,0.93883014,0.92867637,0.79275024,0.7070838,0.5366964,0.4500119,0.037020132,-0.059599537,-0.34302393,-0.4722623,-0.6153707,-0.6914161
288,1760879486.3319635,COMBINED,Walking,65.0,0.0,4.3217235,6.9567695,7.7243433,7.7313447,7.7313447,7.472328,8.631175,7.8472347,7.1433,5.5901823,4.495089,1.7060567,4.210592,8.057419,8.4898615,10.42384,7.9642143,10.001804,8.150691,8.171738,7.2103653,6.793291,5.0018315,3.560036,2.195005,3.517911,0.0,0.0,0.0,0.0,0.0,0.0,0.0,0.0,0.0,0.0,0.0,4.6763697,4.6135373,4.0464005,3.41885,2.3353243,1.5877417,1.2526952,1.7349012,1.1844803,0.9912259,0.56252885,1.0554515,1.6715788,2.5962703,2.9899623,4.6403875,3.938926,3.6232176,3.938926,3.1440125,3.2299278,3.0002477,0.7036819,0.78142637,2.0617619,2.236068,0.0,2.5757184,2.9388642,3.092376,-2.998452,-2.998452,-3.0111003,-2.9081955,-2.737592,-2.5554888,-2.4380672,-2.441873,-1.0409566,-0.6552391,-0.53539294,-0.5328572,-0.41776836,-0.21126793,-0.15308224,0.031472784,0.19187057,0.4573051,0.7651705,0.94200075,1.495835,-0.0142619,0.48079357,0.0,0.0,0.0,0.0,0.0,0.0,0.0,0.0,0.0,0.0,0.0,2.1886563,2.4110658,2.5748663,2.5715086,2.5183597,2.7685943,-2.8296418,-2.8790348,-2.6487725,3.0657203,-1.3158087,-1.3892667,-0.77295375,-1.008472,-1.0906677,-0.77590835,-0.93836564,-0.85920465,-0.93836564,-0.7718307,-0.775534,-0.6902864,-1.2320397,-2.1190538,2.2932754,2.6779451
289,1760879486.400704,COMBINED,Walking,64.5,0.0,13.31967,14.302935,15.188807,15.517118,16.109638,15.606175,15.724305,15.603641,13.792503,13.032067,12.331508,11.016819,10.353607,8.203279,6.8743134,8.286827,8.141871,10.790676,11.217309,12.387616,16.049976,13.58123,12.818825,14.586024,15.508254,10.740354,0.0,0.0,0.0,0.0,0.0,0.0,0.0,0.0,0.0,0.0,0.0,6.5481534,6.2436223,5.6171184,6.0489035,7.273112,8.304041,9.22284,9.324488,8.3041315,8.044589,6.7313843,8.286273,11.081578,12.842851,12.502879,12.004286,11.654039,11.518771,12.356219,12.523301,12.884444,13.440446,13.875997,12.95701,11.058856,9.696348,0.0,-1.9908849,-2.0266826,-2.1577384,-2.253107,-2.352413,-2.5225215,-2.6331034,-2.7554255,-2.8226595,-2.8517962,-3.0857975,3.0277932,2.880854,2.5550637,2.3852422,1.99605,1.7480587,1.6474842,1.7215592,1.7244364,1.6852328,1.7840989,1.7255358,1.8936698,1.8724235,1.877236,0.0,0.0,0.0,0.0,0.0,0.0,0.0,0.0,0.0,0.0,0.0,1.6122346,1.4408567,1.1583301,1.1190569,0.93033546,0.9237212,0.8720401,0.9710609,0.9336778,1.0503948,0.82728153,0.40959308,0.32603732,0.2626364,0.24360006,0.104426205,-0.028158624,-0.14830846,-0.35829005,-0.54281586,-0.6542526,-0.83709836,-0.9355384,-1.0653557,-1.1576304,-1.392859
290,1760879486.563525,COMBINED,Walking,66.5,0.0,17.427753,15.552853,15.711375,14.843364,14.156096,14.261595,14.310106,15.504276,10.833206,8.4668,8.203165,11.199367,13.643525,16.63535,17.189627,16.168406,14.105146,12.537956,11.805567,11.931067,11.277184,10.848967,10.428282,9.033637,10.01343,10.619182,0.0,0.0,0.0,0.0,0.0,0.0,0.0,0.0,0.0,0.0,0.0,11.217309,9.928829,9.394107,9.364135,9.0336,8.554581,9.039413,12.977604,13.807319,14.475063,16.061016,14.966853,16.327642,14.320591,13.672048,13.007519,11.520968,11.455077,12.834184,12.354114,11.276899,9.204889,9.403813,11.880472,14.007531,14.6716795,0.0,1.7882019,1.7107643,1.6035624,1.3695934,1.3187239,1.1313113,0.97767586,0.9173606,0.859814,0.3590353,0.051624037,-0.3341102,-0.38197342,-0.36541545,-0.36949077,-0.380187,-0.4102294,-0.49843118,-0.49572307,-0.5822295,-0.7018796,-0.76061004,-0.821824,-0.8545338,-1.1931719,-1.2422973,0.0,0.0,0.0,0.0,0.0,0.0,0.0,0.0,0.0,0.0,0.0,-1.7215592,-2.0271702,-1.9136397,-1.9053671,-2.0295057,-2.2845454,-2.2778895,-2.369448,-2.3481178,-2.393909,-2.4584968,-2.3964002,-2.4308066,-2.3887062,-2.515088,-2.7615433,-2.7934663,-2.9282541,-3.1177,2.9456007,2.855538,2.7378566,2.3232768,2.02603,1.8725051,1.8751551
291,1760879486.629704,COMBINED,Walking,63.5,0.0,10.451743,13.0069895,12.3064,11.614147,10.713822,10.308845,9.862785,10.544103,8.864166,7.9500475,7.2903886,8.655804,4.2852907,4.941161,4.813245,5.245017,5.3499956,6.1459436,6.8190074,8.117565,6.484383,6.475907,7.3880334,6.1115227,7.9854703,4.3117414,0.0,0.0,0.0,0.0,0.0,0.0,0.0,0.0,0.0,0.0,0.0,4.108172,4.5825706,5.221188,5.419393,6.559037,5.938988,7.2978044,6.7741036,6.740614,5.5789847,5.855106,6.6177597,7.9675426,8.893835,8.543265,9.224642,9.220097,8.589067,10.342667,11.531843,12.527923,11.805168,10.966198,11.39465,7.160145,7.7781744,0.0,-2.7943773,-2.8194954,-2.8799403,-2.9362895,3.0340977,2.7505002,2.6959238,2.4271822,2.297786,2.2377486,2.0393808,1.9107277,1.9607882,1.4597383,1.3068463,1.058407,0.7741928,0.8256079,0.5916475,0.38247654,0.5923759,0.6898285,0.8760772,0.47191042,0.63386947,0.71281195,0.0,0.0,0.0,0.0,0.0,0.0,0.0,0.0,0.0,0.0,0.0,-0.22998814,0.55049926,0.30216363,-0.09835325,-0.17668584,-0.05115981,-0.08383142,-0.060469627,-0.26362064,-0.34358516,-0.3447616,-0.5265007,-0.6333457,-0.597028,-0.7786338,-0.70815265,-1.3576292,-1.4972268,-1.3656526,-1.5652021,-1.9071115,-2.0986235,-2.202327,-2.0527186,-2.240914,-2.3561945
292,1760879486.7155225,COMBINED,Walking,67.5,0.0,12.442523,17.310719,16.55421,13.730705,14.180381,15.759385,16.145042,14.679597,12.507207,11.695652,12.361315,15.460004,16.496973,20.615528,15.905758,8.101208,7.298606,3.665879,4.6112127,6.888253,7.7631044,9.928783,11.158413,10.253578,7.7766604,6.825432,0.0,0.0,0.0,0.0,0.0,0.0,0.0,0.0,0.0,0.0,0.0,3.3859587,3.8092525,6.401246,3.4450705,4.6103487,6.0232944,8.078272,10.516571,10.5201435,14.224003,14.811054,15.794131,17.186995,17.06081,16.153025,14.77346,13.470169,11.545385,10.1685915,7.7721014,5.6780944,7.894374,11.093224,13.969549,15.407162,13.992379,0.0,0.96133184,1.0916609,0.9258527,0.8580287,0.5946081,0.36669964,0.23216198,0.18603064,0.08715493,0.0,0.061013248,0.23011357,0.2642123,0.24497867,0.32100898,0.46726787,0.7056492,1.9154598,2.3508463,3.1236408,-3.1194806,-2.960983,-2.743871,-2.6237996,-2.167845,-1.7273887,0.0,0.0,0.0,0.0,0.0,0.0,0.0,0.0,0.0,0.0,0.0,-2.509698,-2.3636587,-2.5377593,-2.8470838,-2.9273064,-3.053615,-3.0022733,-3.1033149,-3.1211264,-3.028995,-2.943652,-2.9575508,-2.894574,-2.7223918,-2.8654237,-2.7236266,-2.883076,-2.8329988,-3.0324087,2.8683658,2.302241,1.9293549,1.4805287,1.717548,1.4035953,1.5305308
293,1760879486.753114,COMBINED,Walking,69.0,0.0,7.261125,11.158413,10.709883,9.058835,6.4019604,6.4539957,5.219759,4.0844784,3.6676667,4.0376167,5.8856373,6.31545,8.338066,7.423221,5.7863455,4.6758933,6.5212116,6.09468,7.7609777,8.758958,7.9470143,7.935095,8.080216,7.577739,6.1263537,5.612262,0.0,0.0,0.0,0.0,0.0,0.0,0.0,0.0,0.0,0.0,0.0,7.462634,8.750325,9.034003,9.983365,10.139442,8.988941,5.6064324,5.215224,4.0,7.089823,9.121237,9.7056265,9.530006,11.793385,10.042066,10.222559,10.470501,8.845868,11.731633,12.577364,14.5391655,14.790501,12.517167,10.316311,5.519282,4.972678,0.0,0.18111607,0.39772165,0.5038701,0.48833394,0.7635148,0.7572968,1.2546507,1.6846819,1.737336,1.972705,2.4488797,2.5841496,2.615545,2.5478783,2.334059,2.3579526,2.661986,2.7375457,2.7400784,2.6573706,2.9309337,2.5798018,2.6567624,2.8996127,3.0401065,-3.035747,0.0,0.0,0.0,0.0,0.0,0.0,0.0,0.0,0.0,0.0,0.0,-1.6354759,-1.2466669,-1.217162,-1.0607841,-0.865154,-0.8581388,-0.9059629,-0.92710143,-1.5707964,-2.388521,-2.4752128,-2.4629574,-2.6728358,-2.703772,-2.5411973,-2.3501933,-2.3836086,-2.1697402,-2.1456683,-1.9395467,-1.8089657,-1.7750463,-1.8309041,-1.5016762,-1.4888114,-0.83749557
294,1760879486.8165889,COMBINED,Walking,69.5,0.0,19.0,17.911316,17.40994,17.065046,18.257788,17.518938,12.779711,7.8410654,2.9460092,2.55523,5.13428,9.183192,10.407398,12.001722,11.724532,9.694095,8.478525,8.362605,9.007498,9.212335,9.167757,6.944463,4.9422784,2.2164476,1.6242073,3.149636,0.0,0.0,0.0,0.0,0.0,0.0,0.0,0.0,0.0,0.0,0.0,4.0154767,2.7666113,2.6379204,8.602325,10.225936,10.769415,10.323668,12.738778,14.64099,14.847093,15.541148,15.528443,14.846035,14.090408,13.1578455,12.014862,11.165189,9.778665,8.2162485,6.3542943,8.293099,11.198714,13.91633,15.755556,17.132385,16.991991,0.0,0.0,0.049666613,0.10636969,0.072982825,0.12372571,0.10642036,0.06038284,-0.19360192,-0.64138216,-1.4116195,-2.3560307,-2.4048798,-2.5145175,-2.5556908,-2.6305034,-2.5147421,-2.2128887,-2.1103442,-1.921662,-1.7748805,-1.637439,-1.5383424,-1.2353879,-1.0312765,1.8815974,1.8905389,0.0,0.0,0.0,0.0,0.0,0.0,0.0,0.0,0.0,0.0,0.0,2.985924,2.9638329,1.0666411,0.95054686,1.1683171,1.1780974,1.375834,1.5109959,1.585355,1.7220303,1.8354633,1.8324275,1.8685484,1.9254619,1.9428751,1.8850648,1.79918,1.669996,1.5276896,0.87909293,0.19063891,-0.07727107,-0.19218968,-0.099785805,-0.14274186,-0.113217615
295,1760879487.233185,COMBINED,Walking,65.5,0.0,10.117304,10.0633,10.0420685,15.499547,16.860432,11.900947,11.527651,9.582995,10.28678,8.47533,12.33771,14.6201315,18.61374,17.22834,12.510003,8.7336445,7.593572,7.964469,9.252056,6.718568,5.3762994,5.011717,3.9636602,5.636453,6.8331113,5.112614,0.0,0.0,0.0,0.0,0.0,0.0,0.0,0.0,0.0,0.0,0.0,8.633149,9.617693,8.433127,7.433146,6.910235,8.899504,12.209331,12.9473505,13.525602,10.380514,8.420194,7.652488,7.610389,8.818351,10.698523,13.42021,14.243772,9.925005,9.142736,10.032243,9.50681,11.396875,12.590615,16.209118,16.65245,14.404904,0.0,-0.3835955,0.14937352,0.19090855,0.57226986,0.6515987,0.71364146,0.85878825,1.4273667,1.9954654,2.3126986,2.425214,2.4560783,2.6298745,2.6682067,2.7164555,2.9765472,-3.0459206,-2.644355,-2.215277,-2.1910992,-1.9832228,-1.8706957,-0.7902118,0.59468526,1.1564246,0.59687525,0.0,0.0,0.0,0.0,0.0,0.0,0.0,0.0,0.0,0.0,0.0,-0.5659866,-0.48689923,-0.0940249,0.34082466,0.5555153,0.72543496,1.1102962,1.42576,1.4029293,1.4992943,1.7730142,2.0653594,3.0063019,-2.8581207,-2.754495,-2.70175,-2.679515,-2.5575464,-2.3853106,-2.4567237,-1.759195,-1.2633547,-1.1609598,-1.1900142,-1.1348586,-0.93710387
296,1760879487.3407736,COMBINED,Walking,69.0,0.0,17.555977,17.352922,17.060795,16.831732,15.953691,16.308567,17.2717,17.614716,15.939074,14.039442,12.723053,13.165146,13.155885,14.511146,15.130664,14.953335,13.235899,13.835242,14.3782215,9.696484,9.216963,8.485281,8.91674,10.536046,10.585275,12.049782,0.0,0.0,0.0,0.0,0.0,0.0,0.0,0.0,0.0,0.0,0.0,3.1010773,5.741595,7.26172,6.011514,6.6879535,7.2648497,8.534021,9.727552,10.434266,11.431274,10.795878,10.338334,9.224197,9.186868,9.812943,11.958401,12.870928,15.454368,18.136585,18.878681,17.19843,15.915401,14.885421,14.640616,16.003794,17.189365,0.0,-0.4015538,-0.44499502,-0.5645099,-0.65339833,-0.79162467,-0.95971155,-1.0769285,-1.1384138,-1.2317297,-1.3975538,-1.4074631,-1.5501968,-1.7248906,-1.8432041,-1.938464,-1.99586,-1.9584907,-2.0605042,-2.1202102,-2.0822127,-1.9448969,-2.3561945,-2.4553812,-2.3751242,-2.2725024,-2.286842,0.0,0.0,0.0,0.0,0.0,0.0,0.0,0.0,0.0,0.0,0.0,0.7877479,0.8820544,0.7640497,1.0228747,1.1081582,1.1267763,1.240051,1.3020847,1.3908912,1.3898666,1.3837869,1.3613904,1.1075106,1.0374421,0.78497046,0.5443155,0.42112726,0.29366007,0.22237697,0.25235698,0.21284361,0.13032219,-0.036935784,-0.13498347,-0.20335354,-0.25942227
297,1760879487.42876,COMBINED,Walking,66.0,0.0,3.9051247,5.6969547,6.970703,7.641652,8.975067,8.828813,9.448666,8.332496,6.368768,5.231885,4.2721477,3.384074,3.838454,6.9189253,7.0738487,8.654642,9.553544,10.523699,12.751805,14.184509,14.849597,14.908226,14.66146,12.772227,11.146625,9.043578,0.0,0.0,0.0,0.0,0.0,0.0,0.0,0.0,0.0,0.0,0.0,16.123028,14.83088,16.275927,14.654205,14.298351,12.531746,9.986781,8.539869,7.345787,5.0220866,5.499272,5.0315237,5.065149,5.407202,5.1991587,5.7471023,5.3597145,5.8140893,6.4018016,5.7335424,7.03664,5.7062783,7.569819,6.319783,6.6402364,7.1828117,0.0,0.87605804,1.1669492,1.0026143,1.2017846,1.2016519,1.1950208,1.2538332,1.3503181,1.4808658,1.8258038,1.9250166,2.646033,-2.9853652,-2.4893675,-2.199702,-1.8980155,-1.6394358,-1.5663122,-1.4573628,-1.3691305,-1.2518129,-1.1108018,-0.9379858,-0.82296455,-0.5771045,-0.36926615,0.0,0.0,0.0,0.0,0.0,0.0,0.0,0.0,0.0,0.0,0.0,-2.5472162,-2.5141995,-2.5028598,-2.538218,-2.4607563,-2.4492025,-2.5329883,-2.644774,-2.8675356,-2.9814587,2.7715368,2.3716621,1.9767065,1.5633599,1.4016951,1.1335056,0.96995735,0.8405971,0.7335084,0.65180594,0.46575788,0.42421305,0.34397995,0.30003637,0.38640994,0.49642277
298,1760879487.5243695,COMBINED,Walking,67.0,0.0,17.321836,18.907637,17.403814,15.579397,11.952092,11.806639,9.704124,9.986729,7.7714515,5.737406,6.6554294,8.580731,7.69101,11.123742,11.126521,11.006108,8.858099,5.9740252,4.4941926,4.9687047,7.172776,10.01831,11.291643,11.224202,12.766655,13.233953,0.0,0.0,0.0,0.0,0.0,0.0,0.0,0.0,0.0,0.0,0.0,17.375938,16.48342,16.151585,17.607723,17.905027,18.077143,15.166746,12.786992,10.555479,10.174299,10.001579,9.511158,8.804315,5.277736,3.1571722,1.9914535,6.6544776,7.018124,11.151185,14.63903,13.760942,13.447007,10.689841,7.9470143,7.4841075,9.807275,0.0,1.7252065,1.8233584,1.9012215,1.8316157,1.8245116,1.9535538,1.9001639,2.0003374,1.8855908,1.5092838,0.89291894,0.53948236,0.39863345,0.30545267,0.14949875,0.369979,0.22402495,0.14130914,0.16490985,-0.73741823,-1.4917467,-1.3569682,-1.2512944,-1.1091017,-0.7943793,-0.50796866,0.0,0.0,0.0,0.0,0.0,0.0,0.0,0.0,0.0,0.0,0.0,-3.096395,-3.0998855,3.1140392,3.0356767,2.994966,2.8443983,2.812783,2.7536705,2.7069652,2.7186697,2.8405704,3.0577452,-3.1155493,-3.0406854,-2.787315,-0.7457209,-0.14603512,-0.25760356,-0.27238545,-0.2608666,-0.25213835,-0.2699502,-0.14989366,0.21065894,0.79939115,1.2546382
299,1760879487.579927,COMBINED,Walking,68.0,0.0,13.690931,12.392522,10.106038,8.122004,8.558662,8.614751,9.003649,9.936877,8.665463,8.9267845,8.655274,9.04128,8.768795,10.101256,9.097765,10.1900425,8.743248,8.761493,10.2515135,11.723941,15.247665,15.071074,12.953828,11.6192465,10.72128,9.4586,0.0,0.0,0.0,0.0,0.0,0.0,0.0,0.0,0.0,0.0,0.0,13.108981,14.418983,14.843749,15.991778,14.955818,14.515794,13.125622,11.439565,9.725255,7.878442,7.3985205,10.629977,11.010349,10.407257,11.934502,12.394152,13.640575,13.726643,16.31038,15.582157,15.732447,15.023086,13.688733,13.372222,11.677575,12.410771,0.0,-2.2231078,-2.0376406,-2.0061986,-1.5873771,-1.4521241,-1.3949405,-1.2505908,-1.3289943,-1.5360365,-1.4824256,-1.709584,-1.94531,-2.27419,-2.4101477,-2.5597246,-2.6080525,-2.7362134,-2.9878316,3.1077008,2.9880543,2.9028952,2.9520094,2.907879,2.8573108,2.794343,2.8428128,0.0,0.0,0.0,0.0,0.0,0.0,0.0,0.0,0.0,0.0,0.0,-1.5049485,-1.3291373,-1.1272727,-0.9921175,-0.8607204,-0.74884474,-0.70064473,-0.68578833,-0.72639483,-0.8715203,-1.1569421,-1.5608783,-1.675105,-1.8426986,-2.0090442,-2.0776474,-2.1554575,-2.2558658,-2.228773,-2.2224352,-2.3150444,-2.2644327,-2.3103876,-2.2805812,-2.1317468,-1.9751444
