packet_id,timestamp,rx_id,activity,rssi,amplitude_0,amplitude_1,amplitude_2,amplitude_3,amplitude_4,amplitude_5,amplitude_6,amplitude_7,amplitude_8,amplitude_9,amplitude_10,amplitude_11,amplitude_12,amplitude_13,amplitude_14,amplitude_15,amplitude_16,amplitude_17,amplitude_18,amplitude_19,amplitude_20,amplitude_21,amplitude_22,amplitude_23,amplitude_24,amplitude_25,amplitude_26,amplitude_27,amplitude_28,amplitude_29,amplitude_30,amplitude_31,amplitude_32,amplitude_33,amplitude_34,amplitude_35,amplitude_36,amplitude_37,amplitude_38,amplitude_39,amplitude_40,amplitude_41,amplitude_42,amplitude_43,amplitude_44,amplitude_45,amplitude_46,amplitude_47,amplitude_48,amplitude_49,amplitude_50,amplitude_51,amplitude_52,amplitude_53,amplitude_54,amplitude_55,amplitude_56,amplitude_57,amplitude_58,amplitude_59,amplitude_60,amplitude_61,amplitude_62,amplitude_63,phase_0,phase_1,phase_2,phase_3,phase_4,phase_5,phase_6,phase_7,phase_8,phase_9,phase_10,phase_11,phase_12,phase_13,phase_14,phase_15,phase_16,phase_17,phase_18,phase_19,phase_20,phase_21,phase_22,phase_23,phase_24,phase_25,phase_26,phase_27,phase_28,phase_29,phase_30,phase_31,phase_32,phase_33,phase_34,phase_35,phase_36,phase_37,phase_38,phase_39,phase_40,phase_41,phase_42,phase_43,phase_44,phase_45,phase_46,phase_47,phase_48,phase_49,phase_50,phase_51,phase_52,phase_53,phase_54,phase_55,phase_56,phase_57,phase_58,phase_59,phase_60,phase_61,phase_62,phase_63
1,1760879462.9549289,RX1,Walking,66,0.0,17.691807,17.691807,17.804493,15.811389,15.0,14.422205,13.892444,12.083046,10.770329,10.198039,8.0,8.062258,10.440307,10.770329,11.704699,12.649111,13.152946,13.038405,12.041595,10.770329,10.0,7.2111025,5.0990195,3.1622777,3.0,2.828427,0.0,0.0,0.0,0.0,0.0,0.0,0.0,0.0,0.0,0.0,0.0,8.062258,9.848858,10.770329,11.18034,12.1655245,12.0,13.0,13.152946,13.152946,12.1655245,12.1655245,12.041595,11.0,11.045361,11.401754,12.999999,13.416409,14.764824,17.492855,17.20465,18.027756,19.416489,20.0,19.416489,19.209373,17.804493,0.0,-2.3961732,-2.3961732,-2.4756234,-2.536048,-2.4980915,-2.55359,-2.6135182,-2.714965,-2.7610862,-2.9441972,3.1415925,3.0172377,2.8501358,2.7610862,2.7928216,2.819842,2.9889433,3.0648208,-3.0584514,-2.7610862,-2.4980915,-2.158799,-1.7681919,-1.2490457,0.0,0.7853982,0.0,0.0,0.0,0.0,0.0,0.0,0.0,0.0,0.0,0.0,0.0,-2.0899425,-1.9890207,-1.9513026,-1.7506498,-1.735945,-1.5707964,-1.5707964,-1.418147,-1.418147,-1.4056476,-1.4056476,-1.487655,-1.5707964,-1.6614562,-1.8370484,-1.9655875,-2.0344439,-2.0647378,-2.1112158,-2.1910458,-2.158799,-2.1730838,-2.2142975,-2.1730838,-2.2455373,-2.2367656
2,1760879463.514957,RX1,Walking,91,0.0,4.472136,4.472136,5.0990195,8.602325,5.3851647,7.2111025,5.656854,6.4031243,1.4142135,15.033297,5.0,1.0,7.071068,14.035668,5.0990195,7.2111025,8.062258,10.770329,8.246211,9.219544,12.041595,9.433981,15.811389,14.142136,10.440307,11.045361,0.0,0.0,0.0,0.0,0.0,0.0,0.0,0.0,0.0,0.0,0.0,14.0,12.649111,16.27882,13.0,15.033297,17.029385,14.035668,14.142136,8.944272,12.999999,12.806249,13.892444,16.03122,12.529964,10.440307,11.18034,10.198039,9.433981,10.049876,5.0,7.0,11.045361,9.219544,11.18034,7.615773,13.152946,0.0,2.0344439,1.1071488,1.7681919,2.1910458,1.9513026,2.158799,0.7853982,-0.8960554,0.7853982,3.0750246,0.9272952,-1.5707964,-0.7853982,-1.4994888,-1.7681919,-0.98279375,-1.0516502,-0.38050637,-0.24497867,-0.7086263,-0.7266423,-1.012197,-0.6055447,-0.14189705,-0.2914568,0.09065989,0.0,0.0,0.0,0.0,0.0,0.0,0.0,0.0,0.0,0.0,0.0,1.5707964,1.2490457,1.3854483,1.5707964,1.6373645,1.6295521,1.4994888,1.4288993,2.0344439,1.9655875,2.2455373,2.0988708,1.5083776,2.070143,1.8622531,2.0344439,1.7681919,2.1293957,1.670465,2.4980915,1.5707964,1.4801364,2.2794225,1.7506498,1.9756881,1.7234457
3,1760879463.5778182,RX1,Walking,91,0.0,10.198039,12.369316,13.341663,11.401754,13.152946,16.03122,13.892444,8.062258,10.198039,11.18034,8.062258,5.0990195,8.062258,17.0,11.18034,9.219544,18.439089,17.262676,11.401754,10.770329,13.601471,10.630146,15.231546,7.2111025,11.313708,15.0,0.0,0.0,0.0,0.0,0.0,0.0,0.0,0.0,0.0,0.0,0.0,4.2426405,4.472136,3.1622777,4.2426405,5.8309517,7.8102493,16.27882,13.038405,3.6055512,10.630146,5.8309517,7.071068,9.848858,8.062258,9.219544,7.8102493,10.049876,8.602325,11.704699,13.601471,13.152946,14.3178215,7.28011,13.341663,14.86607,9.055386,0.0,0.19739556,0.24497867,0.22679885,0.66104317,0.15264933,-0.06241881,-0.52807444,-0.5191461,-0.19739556,-1.7506498,0.124354996,-0.19739556,0.124354996,0.0,-0.1798535,0.21866895,-0.21866895,-0.1746722,-0.26625204,-0.38050637,0.29849893,0.71883,0.4048918,0.5880026,0.7853982,0.9272952,0.0,0.0,0.0,0.0,0.0,0.0,0.0,0.0,0.0,0.0,0.0,-0.7853982,-2.0344439,-0.32175055,-0.7853982,-1.0303768,-0.87605804,-0.7419473,0.07677189,-0.98279375,-0.8519663,-1.0303768,0.7853982,0.41822433,-0.124354996,-0.86217004,-0.69473827,-0.09966865,0.6202495,-0.348771,-0.29849893,-0.15264933,-0.21109334,0.27829966,0.22679885,0.34302393,-0.11065722
4,1760879463.639874,RX1,Walking,91,0.0,4.472136,5.0,5.3851647,6.4031243,5.0990195,2.828427,5.0990195,5.656854,2.0,19.849434,10.0,5.0990195,2.0,13.341663,6.7082043,10.0,9.848858,12.041595,11.401754,10.0,12.206555,16.124516,12.369316,7.615773,15.0,13.60147,0.0,0.0,0.0,0.0,0.0,0.0,0.0,0.0,0.0,0.0,0.0,12.1655245,24.04163,26.925825,12.206555,16.643316,16.763054,16.492422,19.235384,16.155495,12.999999,7.2111025,21.587034,10.198039,15.033297,10.816654,7.2111025,10.049876,8.246211,4.2426405,11.661903,3.6055512,10.816654,10.770329,9.219544,9.433981,7.8102493,0.0,-0.4636476,-0.9272952,0.38050637,0.8960554,-0.19739556,-2.3561945,-1.7681919,-0.7853982,1.5707964,0.85670567,0.9272952,0.19739556,1.5707964,1.3439975,0.4636476,0.6435011,0.41822433,0.7266423,0.66104317,0.9272952,0.9600704,1.0516502,1.3258177,1.1659045,0.9272952,0.94200003,0.0,0.0,0.0,0.0,0.0,0.0,0.0,0.0,0.0,0.0,0.0,-0.16514868,-0.7853982,-0.5467888,-0.61072594,-0.57133746,-0.30288488,-0.24497867,-0.15660188,-0.38050637,-0.39479113,-0.5880026,-0.23374318,-0.19739556,-0.066568166,-0.98279375,-0.5880026,-0.09966865,-1.3258177,-0.7853982,-0.5404195,-0.5880026,-0.98279375,-0.38050637,-0.86217004,-0.5585993,-0.87605804
5,1760879463.682282,RX1,Walking,91,0.0,3.1622777,10.049876,8.246211,4.1231055,10.198039,6.0,6.0,7.8102493,1.0,17.029387,5.8309517,3.1622777,9.486833,8.062258,9.055386,8.246211,10.440307,10.198039,7.28011,12.529964,7.28011,16.124516,12.529964,8.5440035,6.3245554,5.0,0.0,0.0,0.0,0.0,0.0,0.0,0.0,0.0,0.0,0.0,0.0,19.313208,14.866069,15.652476,9.219544,12.999999,15.0,20.615528,7.615773,12.649111,19.416489,19.416489,11.661903,17.088007,9.899495,8.602325,15.264338,12.806249,7.8102493,15.524176,5.656854,7.615773,14.3178215,12.7279215,8.062258,8.246211,7.28011,0.0,0.32175055,1.4711276,2.896614,-2.896614,2.9441972,3.1415925,1.5707964,0.87605804,-1.5707964,-2.4393358,-2.1112158,1.2490457,-1.2490457,-1.0516502,-1.6814536,-1.3258177,-1.2793396,-1.3734008,-1.2924967,-1.0714496,-1.2924967,-1.0516502,-1.0714496,-0.35877067,-1.2490457,-0.6435011,0.0,0.0,0.0,0.0,0.0,0.0,0.0,0.0,0.0,0.0,0.0,2.7707014,2.4037776,2.6779451,2.2794225,2.7468016,2.4980915,2.2531128,2.7367008,2.819842,2.5393052,2.5393052,2.6011732,2.782822,2.3561945,2.5213432,2.5899377,2.4668517,2.4468544,2.8809903,2.3561945,1.9756881,1.7818897,2.3561945,2.0899425,1.3258177,2.863293
6,1760879463.994642,RX1,Walking,61,0.0,13.892444,15.0,14.866069,14.21267,15.264338,17.0,17.888544,18.788294,17.888544,17.492855,17.0,16.124516,15.264338,14.764824,13.416409,12.529964,10.770329,9.848858,9.486833,9.486833,9.219544,9.219544,10.198039,8.5440035,7.071068,6.7082043,0.0,0.0,0.0,0.0,0.0,0.0,0.0,0.0,0.0,0.0,0.0,7.2111025,8.062258,9.486833,11.18034,12.041595,13.0,13.152946,12.649111,12.649111,10.770329,9.486833,9.219544,9.0,9.219544,10.440307,11.18034,13.892444,16.124516,19.723083,20.59126,21.470911,22.84732,22.472204,22.135942,19.924858,18.681541,0.0,-2.0988708,-2.2142975,-2.3086114,-2.4558632,-2.5899377,-2.6516354,-2.6779451,-2.70175,-2.6779451,-2.6011732,-2.6516354,-2.6224465,-2.5899377,-2.6476512,-2.6779451,-2.642246,-2.7610862,-2.7233684,-2.819842,-2.819842,-2.9229238,-2.9229238,-2.9441972,-2.782822,-2.9996955,-2.6779451,0.0,0.0,0.0,0.0,0.0,0.0,0.0,0.0,0.0,0.0,0.0,-2.158799,-2.0899425,-1.8925469,-1.7506498,-1.6539376,-1.5707964,-1.418147,-1.2490457,-1.2490457,-1.19029,-1.2490457,-1.3521274,-1.5707964,-1.7894653,-1.8622531,-2.0344439,-2.0988708,-2.0899425,-2.1025205,-2.077895,-2.0552742,-1.9756881,-1.9347752,-1.8925469,-1.8766752,-1.8417432
7,1760879464.4728901,RX1,Walking,72,0.0,11.045361,8.062258,5.0990195,3.6055512,3.1622777,6.3245554,8.5440035,12.369316,11.704699,12.649111,14.56022,15.524176,16.492422,15.297058,16.155495,16.552946,15.264338,16.40122,17.029387,17.492855,18.384775,18.681541,19.104973,19.026297,18.248287,17.088007,0.0,0.0,0.0,0.0,0.0,0.0,0.0,0.0,0.0,0.0,0.0,9.055386,9.055386,9.0,8.062258,8.0,7.0,6.0827622,5.3851647,3.6055512,4.1231055,4.472136,5.8309517,6.4031243,8.5440035,9.055386,11.0,12.369316,13.928389,15.811389,16.970562,17.804493,18.027756,18.027756,17.720043,15.132746,16.0,0.0,-0.09065989,-0.124354996,-0.19739556,0.98279375,1.8925469,1.8925469,1.929567,1.815775,1.9195673,1.8925469,1.849096,1.8313987,1.815775,1.7681919,1.9513026,2.0074234,2.1224513,2.226492,2.4393358,2.6011732,2.7509856,2.8706458,3.0367157,-3.0890095,-2.976444,-2.782822,0.0,0.0,0.0,0.0,0.0,0.0,0.0,0.0,0.0,0.0,0.0,-1.6814536,-1.6814536,-1.5707964,-1.6951513,-1.5707964,-1.5707964,-1.735945,-1.9513026,-2.55359,-2.896614,2.6779451,2.6011732,2.2455373,1.929567,1.6814536,1.5707964,1.3258177,1.2036225,0.9652517,0.7853982,0.66596925,0.5880026,0.33929262,0.28605142,0.13255154,0.0
8,1760879465.548606,RX1,Walking,63,0.0,14.142136,14.035668,13.038405,12.369316,12.999999,14.422205,15.0,15.0,14.21267,14.21267,14.866069,13.453625,14.142136,12.7279215,12.041595,10.630146,9.219544,7.8102493,6.4031243,5.0,3.6055512,2.236068,3.0,4.1231055,5.3851647,6.0827622,0.0,0.0,0.0,0.0,0.0,0.0,0.0,0.0,0.0,0.0,0.0,10.770329,11.661903,14.21267,14.866069,15.811389,15.652476,16.155495,15.524176,13.341663,12.1655245,10.198039,8.944272,8.602325,10.0,10.29563,12.649111,14.56022,17.46425,20.615528,21.84033,23.086794,24.351591,23.409397,22.472204,20.615528,19.697716,0.0,-2.9996955,-3.070285,3.0648208,2.896614,2.7468016,2.55359,2.4980915,2.4980915,2.4558632,2.4558632,2.4037776,2.4087775,2.3561945,2.3561945,2.4149504,2.4227626,2.4329665,2.4468544,2.4668517,2.4980915,2.55359,2.0344439,1.5707964,1.3258177,1.19029,1.4056476,0.0,0.0,0.0,0.0,0.0,0.0,0.0,0.0,0.0,0.0,0.0,-2.7610862,-2.6011732,-2.4558632,-2.3086114,-2.176341,-2.0344439,-1.9513026,-1.8313987,-1.7975951,-1.735945,-1.7681919,-2.0344439,-2.1910458,-2.4980915,-2.634494,-2.819842,-2.863293,-2.910502,-2.896614,-2.863293,-2.83354,-2.806856,-2.7928216,-2.7776136,-2.7430701,-2.7233684
9,1760879465.56674,RX1,Walking,63,0.0,5.8309517,17.804493,8.062258,9.055386,9.0,9.486833,10.198039,11.401754,10.198039,11.18034,10.440307,9.219544,9.219544,8.5440035,8.246211,7.28011,6.3245554,5.0990195,4.1231055,3.1622777,2.236068,2.236068,2.236068,2.0,3.0,4.1231055,0.0,0.0,0.0,0.0,0.0,0.0,0.0,0.0,0.0,0.0,0.0,7.071068,8.602325,10.29563,11.704699,13.152946,12.0,13.038405,12.1655245,11.18034,9.486833,8.246211,7.071068,7.0,6.7082043,7.8102493,9.899495,9.219544,12.806249,14.866069,17.691807,16.40122,17.691807,17.804493,18.867962,11.18034,11.661903,0.0,2.6011732,-2.4756234,2.0899425,1.6814536,1.5707964,1.2490457,1.3734008,1.3045443,1.3734008,1.3909428,1.2793396,1.3521274,1.3521274,1.2120256,1.3258177,1.2924967,1.2490457,1.3734008,1.3258177,1.2490457,1.1071488,0.4636476,0.4636476,0.0,0.0,0.24497867,0.0,0.0,0.0,0.0,0.0,0.0,0.0,0.0,0.0,0.0,0.0,2.3561945,2.5213432,2.634494,2.7928216,2.9889433,3.1415925,-3.0648208,-2.976444,-2.961739,-2.819842,-2.896614,-2.9996955,3.1415925,2.6779451,2.4468544,2.3561945,2.2794225,2.2455373,2.3086114,2.3162158,2.485897,2.3162158,2.4756234,2.5829933,-0.1798535,2.6011732
10,1760879466.579581,RX1,Walking,66,0.0,16.27882,15.620499,16.970562,17.029387,17.029387,16.40122,16.40122,14.422205,13.038404,12.529964,11.18034,10.29563,9.848858,10.29563,9.433981,8.602325,7.071068,5.0,3.1622777,2.236068,1.0,3.6055512,4.1231055,6.0827622,6.7082043,7.071068,0.0,0.0,0.0,0.0,0.0,0.0,0.0,0.0,0.0,0.0,0.0,16.03122,16.492422,16.155495,16.124516,15.0,14.21267,11.401754,10.29563,9.486833,11.045361,14.035668,15.132746,17.117243,19.104973,21.023798,22.022717,23.0,23.0,25.01999,24.020824,23.021729,21.023798,19.026297,17.117243,15.524176,14.86607,0.0,2.3996453,2.4468544,2.3561945,2.2730532,2.2730532,2.226492,2.226492,2.158799,2.1375256,2.070143,2.0344439,2.077895,1.9890207,2.077895,2.1293957,2.1910458,2.3561945,2.4980915,2.819842,-2.6779451,-1.5707964,-0.5880026,-0.24497867,0.16514868,0.4636476,0.7853982,0.0,0.0,0.0,0.0,0.0,0.0,0.0,0.0,0.0,0.0,0.0,-3.0791738,-2.896614,-2.7610862,-2.6224465,-2.4980915,-2.4558632,-2.4805496,-2.634494,-2.819842,-3.050933,3.070285,3.009041,3.024484,3.0367157,3.0940096,3.0961695,3.1415925,3.1415925,-3.101614,-3.09995,-3.0981417,-3.0940096,3.0890095,3.024484,2.8809903,2.7985687
11,1760879467.565386,RX1,Walking,66,0.0,21.84033,19.697716,18.384775,14.86607,12.649111,9.219544,7.0,5.3851647,4.2426405,6.0827622,8.0,10.049876,11.045361,12.0,14.035668,14.035668,12.1655245,12.369316,10.770329,9.848858,6.4031243,4.472136,2.236068,2.828427,6.3245554,8.062258,0.0,0.0,0.0,0.0,0.0,0.0,0.0,0.0,0.0,0.0,0.0,6.0827622,6.7082043,8.062258,10.29563,11.661903,14.317821,15.811388,17.720043,19.235384,18.027758,19.0,18.027758,17.029385,15.033297,13.0,12.041595,10.440307,10.29563,11.313708,12.206555,14.317821,15.811388,17.46425,19.416489,20.615528,20.615528,0.0,1.849096,1.9890207,1.9614034,1.9138203,1.8925469,1.7894653,1.5707964,1.19029,0.7853982,0.16514868,0.0,-0.09966865,-0.09065989,0.0,-0.071307465,0.071307465,0.16514868,0.24497867,0.38050637,0.41822433,0.67474097,0.4636476,0.4636476,-0.7853982,-1.2490457,-1.0516502,0.0,0.0,0.0,0.0,0.0,0.0,0.0,0.0,0.0,0.0,0.0,2.976444,2.6779451,2.6224465,2.634494,2.6011732,2.709185,2.819842,2.8555412,2.9849908,3.0860941,3.1415925,-3.0860941,-3.0828369,-3.0750246,3.1415925,3.0584514,2.8501358,2.634494,2.3561945,2.1815224,2.003204,1.8925469,1.801887,1.7782925,1.815775,1.815775
12,1760879467.6968,RX1,Walking,65,0.0,23.194828,23.345236,20.396078,17.262676,15.132746,12.041595,10.049876,8.5440035,7.8102493,8.062258,9.848858,11.401754,12.369316,13.601471,14.56022,14.86607,15.231546,13.892444,12.806249,10.630146,7.8102493,7.2111025,3.1622777,3.1622777,5.656854,8.602325,0.0,0.0,0.0,0.0,0.0,0.0,0.0,0.0,0.0,0.0,0.0,7.071068,7.8102493,8.602325,10.816654,12.806249,14.866069,16.970562,17.804493,18.867962,19.235384,18.788294,18.384775,17.088007,14.86607,14.317821,12.529964,10.630146,11.401754,12.529964,13.601471,16.27882,18.110771,20.024984,21.023798,23.086792,24.08319,0.0,-1.4410938,-1.3986055,-1.3734008,-1.3961241,-1.4382448,-1.487655,-1.670465,-1.929567,-2.2655346,-2.6224465,-2.7233684,-2.8753407,-2.896614,-2.8430936,-2.863293,-2.7985687,-2.7367008,-2.6135182,-2.4668517,-2.2896264,-2.2655346,-2.158799,-2.819842,-2.819842,2.3561945,2.5213432,0.0,0.0,0.0,0.0,0.0,0.0,0.0,0.0,0.0,0.0,0.0,-0.7853982,-0.87605804,-0.95054686,-0.98279375,-0.8960554,-0.8329813,-0.7853982,-0.66596925,-0.5585993,-0.48689923,-0.43984258,-0.39060703,-0.35877067,-0.34302393,-0.43240777,-0.49934673,-0.71883,-0.90975314,-1.0714496,-1.2722974,-1.3854483,-1.4601392,-1.5208379,-1.5232133,-1.484058,-1.487655
13,1760879467.79657,RX1,Walking,63,0.0,22.022717,22.472204,22.472204,19.723083,19.235384,17.888544,15.652476,13.892444,10.816654,9.219544,7.8102493,7.615773,8.062258,9.0,10.049876,11.18034,11.18034,12.041595,13.0,13.038405,12.369316,10.770329,9.433981,8.602325,6.4031243,5.0,0.0,0.0,0.0,0.0,0.0,0.0,0.0,0.0,0.0,0.0,0.0,11.0,10.049876,10.049876,9.055386,10.049876,10.0,11.045361,13.038405,15.033297,17.0,18.027758,18.110771,19.416489,18.681541,18.681541,17.46425,16.492422,15.524176,15.297058,14.035668,13.0,12.369316,14.317821,15.264338,15.811389,17.804493,0.0,-2.2597208,-2.1341126,-2.1341126,-2.1025205,-2.0576956,-2.0344439,-2.0344439,-2.0988708,-2.158799,-2.2794225,-2.4468544,-2.7367008,-3.0172377,3.1415925,3.041924,2.961739,2.961739,3.0584514,3.1415925,-3.0648208,-2.896614,-2.7610862,-2.5829933,-2.5213432,-2.4668517,-2.4980915,0.0,0.0,0.0,0.0,0.0,0.0,0.0,0.0,0.0,0.0,0.0,-1.5707964,-1.4711276,-1.4711276,-1.4601392,-1.4711276,-1.5707964,-1.6614562,-1.6475682,-1.6373645,-1.5707964,-1.5152978,-1.4601392,-1.3633001,-1.2998495,-1.2998495,-1.3397057,-1.3258177,-1.3101939,-1.3734008,-1.4994888,-1.5707964,-1.815775,-2.003204,-2.1224513,-2.176341,-2.2367656
14,1760879467.93171,RX1,Walking,67,0.0,17.117243,14.035668,12.041595,9.486833,8.485281,10.29563,10.770329,12.1655245,12.1655245,13.038405,14.142136,14.142136,13.341663,13.341663,12.649111,10.770329,7.2111025,5.656854,2.0,2.0,4.2426405,6.7082043,10.440307,12.0,13.341663,14.317821,0.0,0.0,0.0,0.0,0.0,0.0,0.0,0.0,0.0,0.0,0.0,13.60147,14.866069,16.970562,18.601074,18.35756,19.723083,19.697716,18.973665,18.027756,15.811388,14.86607,13.416409,13.038404,13.453625,13.038404,15.652476,16.763054,18.681541,22.561028,23.345236,25.317976,25.317976,25.495096,24.5153,23.537203,21.37756,0.0,-3.024484,-3.070285,3.0584514,2.819842,2.3561945,2.077895,1.9513026,1.735945,1.735945,1.6475682,1.7126933,1.7126933,1.7975951,1.7975951,1.8925469,1.9513026,2.158799,2.3561945,3.1415925,-1.5707964,-0.7853982,-0.4636476,-0.2914568,0.0,0.22679885,0.43240777,0.0,0.0,0.0,0.0,0.0,0.0,0.0,0.0,0.0,0.0,0.0,-2.5127964,-2.4037776,-2.3561945,-2.203545,-2.0831857,-2.1025205,-1.9890207,-1.8925469,-1.9100889,-1.8925469,-1.9138203,-2.0344439,-2.1375256,-2.4087775,-2.5748634,-2.6779451,-2.8387077,-2.8706458,-2.918116,-2.9694018,-2.9829373,-2.9829373,-2.9441972,-2.9361973,-2.927532,-2.953371
15,1760879468.029045,RX1,Walking,66,0.0,9.219544,8.602325,4.1231055,5.0,6.7082043,9.219544,12.369316,12.0,13.152946,15.132746,13.152946,12.369316,9.486833,8.5440035,9.055386,6.3245554,2.828427,4.1231055,3.6055512,4.1231055,9.219544,9.219544,12.369316,10.816654,12.806249,13.453625,0.0,0.0,0.0,0.0,0.0,0.0,0.0,0.0,0.0,0.0,0.0,15.264338,14.86607,16.27882,18.681541,15.811388,17.029385,15.0,15.132746,14.142136,10.0,7.615773,7.2111025,7.8102493,9.486833,11.045361,12.1655245,14.035668,18.681541,19.697716,23.769728,21.470911,25.079872,23.323807,20.880613,20.615528,20.248457,0.0,-1.7894653,-2.1910458,-2.896614,2.4980915,2.0344439,1.7894653,1.815775,1.5707964,1.7234457,1.7033478,1.7234457,1.815775,1.8925469,1.929567,1.6814536,1.8925469,2.3561945,-2.896614,-2.158799,-1.815775,-1.7894653,-1.3521274,-1.3258177,-0.98279375,-0.8960554,-0.7328151,0.0,0.0,0.0,0.0,0.0,0.0,0.0,0.0,0.0,0.0,0.0,-0.551655,-0.34302393,-0.18534794,-0.27094686,-0.32175055,-0.058755822,0.0,0.13255154,0.14189705,0.0,-0.4048918,-0.5880026,-0.87605804,-1.2490457,-1.6614562,-1.735945,-1.6421038,-1.8417432,-1.9890207,-1.959115,-2.0552742,-1.9809237,-2.1112158,-1.8622531,-1.9693187,-1.9237868
16,1760879468.032856,RX1,Walking,68,0.0,8.944272,7.2111025,5.0,5.0,7.615773,11.18034,13.341663,14.142136,14.142136,15.033297,14.142136,14.142136,13.038405,11.401754,9.486833,7.615773,4.2426405,3.1622777,3.6055512,5.3851647,7.0,10.198039,10.770329,12.529964,13.453625,12.806249,0.0,0.0,0.0,0.0,0.0,0.0,0.0,0.0,0.0,0.0,0.0,12.206555,13.416409,16.763054,17.46425,19.235384,18.027758,18.0,16.124516,15.033297,13.0,10.198039,7.615773,6.4031243,8.246211,10.0,13.341663,15.524176,18.384775,21.931713,24.166092,25.495096,25.495096,24.596748,23.259407,21.023798,18.788294,0.0,-0.4636476,-0.98279375,-1.5707964,-2.4980915,-2.7367008,-2.961739,-2.9147937,-2.9996955,-2.9996955,-3.0750246,-2.9996955,-2.9996955,-3.0648208,-2.8753407,-2.819842,-2.7367008,-2.3561945,-1.8925469,-0.98279375,-0.38050637,0.0,0.19739556,0.38050637,0.49934673,0.7328151,0.8960554,0.0,0.0,0.0,0.0,0.0,0.0,0.0,0.0,0.0,0.0,0.0,0.9600704,1.1071488,1.2679114,1.3397057,1.4141945,1.5152978,1.5707964,1.6951513,1.6373645,1.5707964,1.3734008,1.1659045,0.67474097,0.24497867,0.0,-0.22679885,-0.26060238,-0.39060703,-0.42285392,-0.4266275,-0.44610557,-0.44610557,-0.4636476,-0.4444192,-0.44237423,-0.43984258
17,1760879468.166518,RX1,Walking,67,0.0,22.472204,19.924858,16.763054,12.649111,9.848858,6.4031243,4.472136,6.0827622,6.4031243,7.8102493,10.0,11.401754,12.806249,14.422205,14.21267,14.866069,13.453625,11.401754,10.29563,8.246211,6.0,2.236068,2.236068,4.472136,8.0,11.401754,0.0,0.0,0.0,0.0,0.0,0.0,0.0,0.0,0.0,0.0,0.0,7.8102493,9.219544,10.630146,13.453625,15.0,16.643316,18.788294,19.697716,19.924858,19.646885,18.681541,16.492422,15.524176,12.999999,11.661903,9.219544,8.944272,10.198039,12.041595,15.297058,18.027756,20.248457,22.84732,24.166092,24.698177,24.698177,0.0,-0.36397895,-0.30587888,-0.30288488,-0.32175055,-0.41822433,-0.67474097,-1.1071488,-1.735945,-2.2455373,-2.4468544,-2.4980915,-2.4805496,-2.4668517,-2.55359,-2.4558632,-2.4037776,-2.3036115,-2.2318394,-2.077895,-1.815775,-1.5707964,-1.1071488,0.4636476,1.1071488,1.5707964,1.8370484,0.0,0.0,0.0,0.0,0.0,0.0,0.0,0.0,0.0,0.0,0.0,0.87605804,0.7086263,0.8519663,0.8379812,0.9272952,0.99945885,1.1309538,1.152572,1.2649175,1.3134726,1.2998495,1.3258177,1.3101939,1.1760052,1.0303768,0.86217004,0.4636476,0.19739556,-0.08314123,-0.19739556,-0.33929262,-0.3529904,-0.4048918,-0.4266275,-0.37298772,-0.37298772
18,1760879468.31123,RX1,Walking,45,0.0,13.038405,14.035668,14.035668,14.0,15.033297,14.0,14.0,14.0,13.038405,12.1655245,12.1655245,12.369316,11.401754,11.704699,12.083046,12.999999,12.999999,13.928389,13.601471,13.341663,12.1655245,12.041595,11.0,11.0,10.049876,10.198039,0.0,0.0,0.0,0.0,0.0,0.0,0.0,0.0,0.0,0.0,0.0,11.401754,12.999999,12.529964,13.60147,13.453625,13.453625,13.453625,12.806249,11.401754,12.041595,11.313708,11.313708,12.041595,12.806249,13.60147,13.60147,14.422205,14.422205,14.422205,14.422205,13.892444,13.892444,13.416409,12.999999,12.649111,12.649111,0.0,0.07677189,0.071307465,0.071307465,0.0,0.066568166,0.0,0.0,0.0,-0.07677189,-0.16514868,-0.16514868,-0.24497867,-0.26625204,-0.348771,-0.4266275,-0.39479113,-0.39479113,-0.36717382,-0.29849893,-0.22679885,-0.16514868,-0.08314123,0.0,0.0,0.09966865,0.19739556,0.0,0.0,0.0,0.0,0.0,0.0,0.0,0.0,0.0,0.0,0.0,0.26625204,0.39479113,0.49934673,0.6287963,0.7328151,0.8379812,0.8379812,0.8960554,0.90975314,0.844154,0.7853982,0.7853982,0.7266423,0.67474097,0.6287963,0.6287963,0.5880026,0.5880026,0.5880026,0.5880026,0.52807444,0.52807444,0.4636476,0.39479113,0.32175055,0.32175055
19,1760879468.407883,RX1,Walking,67,0.0,23.537203,20.22375,18.248287,12.1655245,11.18034,8.062258,5.656854,6.0827622,7.071068,8.5440035,10.770329,11.704699,12.369316,13.601471,13.601471,13.601471,11.045361,11.045361,8.062258,6.0827622,4.1231055,3.1622777,2.0,3.1622777,5.0,7.28011,0.0,0.0,0.0,0.0,0.0,0.0,0.0,0.0,0.0,0.0,0.0,7.071068,8.5440035,9.433981,11.401754,13.416409,16.552946,17.20465,19.209373,20.518286,19.209373,19.209373,19.416489,16.643316,15.0,12.806249,11.401754,10.816654,9.219544,13.0,14.3178215,17.46425,18.973665,21.189621,23.409397,24.041632,24.738632,0.0,1.3567356,1.4219064,1.4056476,1.4056476,1.3909428,1.0516502,0.7853982,0.16514868,-0.14189705,-0.35877067,-0.38050637,-0.348771,-0.24497867,-0.29849893,-0.29849893,-0.29849893,-0.09065989,-0.09065989,0.124354996,0.16514868,0.24497867,-0.32175055,-1.5707964,-1.8925469,-1.5707964,-1.849096,0.0,0.0,0.0,0.0,0.0,0.0,0.0,0.0,0.0,0.0,0.0,2.3561945,1.929567,2.1293957,1.8370484,2.0344439,2.0074234,2.1910458,2.2455373,2.3217254,2.4668517,2.4668517,2.5393052,2.5702553,2.4980915,2.4668517,2.2318394,2.158799,1.7894653,1.5707964,1.359703,1.3397057,1.2490457,1.2341216,1.2220253,1.2753555,1.3258177
20,1760879468.439109,RX1,Walking,45,0.0,16.124516,15.033297,16.03122,15.132746,14.142136,14.142136,13.152946,12.369316,11.704699,12.529964,12.529964,13.038404,13.038404,13.60147,14.422205,13.892444,14.764824,14.317821,13.928389,12.649111,12.649111,11.401754,11.401754,11.18034,10.198039,11.045361,0.0,0.0,0.0,0.0,0.0,0.0,0.0,0.0,0.0,0.0,0.0,13.038405,13.038405,13.341663,12.649111,12.083046,11.704699,11.704699,11.704699,11.704699,12.649111,13.928389,13.928389,13.928389,14.86607,14.317821,14.317821,14.317821,13.928389,13.928389,12.649111,12.369316,12.1655245,13.038405,14.0,14.035668,15.132746,0.0,-0.124354996,-0.066568166,-0.06241881,-0.13255154,-0.14189705,-0.14189705,-0.15264933,-0.24497867,-0.348771,-0.49934673,-0.49934673,-0.5667292,-0.5667292,-0.6287963,-0.5880026,-0.52807444,-0.49394137,-0.43240777,-0.36717382,-0.32175055,-0.32175055,-0.26625204,-0.26625204,-0.1798535,-0.19739556,-0.09065989,0.0,0.0,0.0,0.0,0.0,0.0,0.0,0.0,0.0,0.0,0.0,-0.07677189,0.07677189,0.22679885,0.32175055,0.4266275,0.348771,0.348771,0.348771,0.348771,0.32175055,0.36717382,0.36717382,0.36717382,0.34302393,0.43240777,0.43240777,0.43240777,0.36717382,0.36717382,0.32175055,0.24497867,0.16514868,0.07677189,0.0,-0.071307465,-0.13255154
21,1760879468.486911,RX1,Walking,68,0.0,21.095024,20.024984,17.117243,15.033297,12.1655245,9.848858,8.062258,7.8102493,7.2111025,7.615773,8.062258,9.0,10.049876,10.198039,10.198039,11.045361,11.045361,10.049876,10.0,8.062258,7.28011,4.472136,2.828427,0.0,3.1622777,5.0990195,0.0,0.0,0.0,0.0,0.0,0.0,0.0,0.0,0.0,0.0,0.0,6.3245554,8.246211,9.219544,11.18034,14.3178215,16.155495,18.35756,19.416489,20.615528,19.79899,20.615528,18.601074,17.20465,15.0,13.453625,11.401754,11.18034,11.18034,13.0,15.132746,17.46425,20.396078,21.587034,23.537203,24.331049,24.186773,0.0,1.4758446,1.5208379,1.4536875,1.5042281,1.4056476,1.152572,1.0516502,0.69473827,0.5880026,0.4048918,0.124354996,0.0,-0.09966865,-0.19739556,-0.19739556,-0.09065989,-0.09065989,-0.09966865,0.0,0.124354996,0.27829966,0.4636476,0.7853982,0.0,-1.8925469,-1.7681919,0.0,0.0,0.0,0.0,0.0,0.0,0.0,0.0,0.0,0.0,0.0,1.8925469,1.815775,1.7894653,1.7506498,1.7818897,1.9513026,2.0831857,2.1730838,2.2531128,2.3561945,2.4592762,2.508844,2.5213432,2.4980915,2.4087775,2.2318394,2.0344439,1.7506498,1.5707964,1.4382448,1.3397057,1.3734008,1.3370532,1.3567356,1.4056476,1.4464413
22,1760879468.588473,RX1,Walking,66,0.0,20.808653,19.849434,18.439089,15.620499,13.453625,10.816654,8.062258,7.071068,5.0990195,5.0,7.071068,7.8102493,8.602325,11.401754,11.401754,12.806249,10.630146,12.041595,10.816654,9.848858,7.28011,5.0,2.236068,0.0,2.236068,5.656854,0.0,0.0,0.0,0.0,0.0,0.0,0.0,0.0,0.0,0.0,0.0,8.062258,8.062258,9.486833,11.401754,12.649111,15.524176,17.262676,19.104973,19.0,19.104973,19.235384,18.248287,17.46425,16.27882,13.341663,12.041595,11.045361,10.440307,12.529964,13.453625,14.866069,17.029387,18.601074,20.248457,21.633308,21.400934,0.0,2.1854594,2.284887,2.2794225,2.2655346,2.3036115,2.158799,2.0899425,1.7126933,1.3734008,0.9272952,0.7853982,0.69473827,0.6202495,0.66104317,0.66104317,0.67474097,0.71883,0.844154,0.98279375,1.152572,1.2924967,1.5707964,2.0344439,0.0,-1.1071488,-0.7853982,0.0,0.0,0.0,0.0,0.0,0.0,0.0,0.0,0.0,0.0,0.0,3.0172377,3.0172377,2.819842,2.8753407,2.819842,2.8809903,2.9669204,3.0367157,3.1415925,-3.0367157,-2.9849908,-2.976444,-2.910502,-2.9562447,-2.9147937,-3.0584514,3.050933,2.8501358,2.642246,2.4087775,2.3086114,2.2730532,2.203545,2.145101,2.158799,2.223643
23,1760879468.714558,RX1,Walking,69,0.0,9.486833,10.049876,11.18034,9.848858,10.816654,12.806249,12.806249,14.142136,12.7279215,12.806249,12.041595,11.401754,9.433981,7.615773,5.0990195,3.0,1.4142135,5.8309517,8.944272,9.848858,14.035668,16.124516,14.317821,16.40122,15.620499,14.764824,0.0,0.0,0.0,0.0,0.0,0.0,0.0,0.0,0.0,0.0,0.0,15.297058,15.811388,16.155495,16.552946,16.124516,14.422205,13.892444,12.999999,11.401754,13.038405,13.0,14.142136,15.524176,17.46425,18.973665,19.313208,19.697716,20.615528,22.36068,22.36068,22.36068,20.59126,19.416489,16.40122,14.21267,13.453625,0.0,1.8925469,1.670465,1.3909428,1.152572,0.98279375,0.8960554,0.8960554,0.7853982,0.7853982,0.67474097,0.844154,0.90975314,1.012197,1.1659045,1.3734008,1.5707964,-2.3561945,-2.1112158,-2.0344439,-1.9890207,-1.6421038,-1.4464413,-1.1383885,-0.9151007,-0.69473827,-0.49394137,0.0,0.0,0.0,0.0,0.0,0.0,0.0,0.0,0.0,0.0,0.0,-2.9441972,-2.819842,-2.7610862,-2.7049656,-2.6224465,-2.55359,-2.6135182,-2.7468016,-2.8753407,-3.0648208,3.1415925,2.9996955,2.8809903,2.910502,2.819842,2.7707014,2.7233684,2.7430701,2.6779451,2.6779451,2.6779451,2.634494,2.5393052,2.485897,2.4558632,2.4087775
24,1760879468.816642,RX1,Walking,71,0.0,11.045361,11.18034,8.944272,7.8102493,8.944272,11.18034,13.038405,13.0,14.035668,15.132746,15.033297,14.0,13.152946,9.486833,7.2111025,5.8309517,4.1231055,5.8309517,9.055386,13.341663,15.652476,17.691807,19.209373,18.788294,18.248287,18.0,0.0,0.0,0.0,0.0,0.0,0.0,0.0,0.0,0.0,0.0,0.0,13.038404,12.206555,12.806249,11.401754,12.041595,10.816654,11.18034,10.198039,10.049876,13.038405,13.152946,14.3178215,15.231546,17.088007,16.552946,18.35756,18.027756,18.601074,19.849434,20.518286,20.615528,19.416489,18.867962,17.888544,16.155495,14.86607,0.0,-0.09065989,-0.1798535,-0.4636476,-0.87605804,-1.1071488,-1.3909428,-1.4940244,-1.5707964,-1.6421038,-1.7033478,-1.6373645,-1.5707964,-1.418147,-1.2490457,-0.98279375,-0.5404195,0.24497867,1.0303768,1.4601392,1.7975951,2.0344439,2.3162158,2.4668517,2.70175,2.976444,3.1415925,0.0,0.0,0.0,0.0,0.0,0.0,0.0,0.0,0.0,0.0,0.0,2.1375256,2.1815224,2.2455373,2.2318394,2.2974386,2.158799,2.0344439,1.7681919,1.670465,1.6475682,1.418147,1.359703,1.1659045,1.2120256,1.1341692,1.0584068,0.98279375,0.93804747,0.85670567,0.75092906,0.68231654,0.60228735,0.5585993,0.4636476,0.38050637,0.34302393
25,1760879468.942025,RX1,Walking,69,0.0,18.439089,19.209373,18.384775,15.556349,14.21267,16.40122,13.892444,13.038404,12.529964,10.29563,10.0,7.2111025,7.8102493,5.8309517,4.0,2.236068,2.236068,6.7082043,8.062258,10.049876,9.848858,10.630146,10.816654,9.219544,8.0,7.8102493,0.0,0.0,0.0,0.0,0.0,0.0,0.0,0.0,0.0,0.0,0.0,11.18034,10.440307,11.401754,11.18034,12.1655245,12.041595,14.035668,15.033297,17.0,18.027758,19.026297,19.235384,20.22375,19.235384,19.104973,18.248287,16.124516,17.029385,18.0,16.124516,17.262676,16.763054,17.0,17.492855,17.804493,17.20465,0.0,0.7086263,0.8960554,0.7853982,0.7853982,0.6857295,0.6556956,0.52807444,0.5667292,0.49934673,0.5070985,0.6435011,0.5880026,0.69473827,1.0303768,1.5707964,2.6779451,-2.0344439,-2.0344439,-1.6951513,-1.4711276,-1.152572,-0.8519663,-0.5880026,-0.21866895,0.0,0.69473827,0.0,0.0,0.0,0.0,0.0,0.0,0.0,0.0,0.0,0.0,0.0,1.7506498,1.8622531,1.8370484,1.7506498,1.735945,1.6539376,1.6421038,1.6373645,1.5707964,1.6262949,1.6233793,1.7273982,1.7196863,1.7273982,1.6756732,1.735945,1.6951513,1.6295521,1.5707964,1.4464413,1.3961241,1.2679114,1.080839,1.0303768,0.90482706,0.95054686
26,1760879468.971658,RX1,Walking,45,0.0,13.892444,15.264338,14.764824,15.652476,15.652476,15.652476,15.652476,14.764824,12.529964,11.704699,10.770329,10.440307,10.049876,10.049876,11.0,12.041595,12.041595,12.0,12.041595,12.041595,12.1655245,11.401754,10.770329,9.848858,8.944272,8.062258,0.0,0.0,0.0,0.0,0.0,0.0,0.0,0.0,0.0,0.0,0.0,11.401754,12.529964,12.649111,13.341663,13.152946,13.0,12.041595,12.041595,11.045361,10.0,10.049876,10.198039,10.440307,11.704699,12.999999,12.999999,13.928389,15.231546,16.155495,15.811388,15.231546,14.317821,13.416409,13.038404,12.206555,11.313708,0.0,0.52807444,0.551655,0.49394137,0.4636476,0.4636476,0.4636476,0.4636476,0.49394137,0.49934673,0.348771,0.38050637,0.2914568,0.09966865,0.09966865,0.0,-0.08314123,-0.08314123,0.0,0.08314123,0.08314123,0.16514868,0.26625204,0.38050637,0.41822433,0.4636476,0.5191461,0.0,0.0,0.0,0.0,0.0,0.0,0.0,0.0,0.0,0.0,0.0,0.90975314,1.0714496,1.2490457,1.3439975,1.418147,1.5707964,1.6539376,1.6539376,1.6614562,1.5707964,1.4711276,1.3734008,1.2793396,1.2220253,1.1760052,1.1760052,1.2036225,1.1659045,1.19029,1.2490457,1.1659045,1.1383885,1.1071488,1.0040671,0.9600704,0.7853982
27,1760879468.987369,RX1,Walking,46,0.0,17.691807,17.691807,16.27882,14.866069,13.60147,13.038404,13.416409,13.928389,12.369316,13.601471,14.56022,14.56022,14.56022,14.86607,13.928389,13.928389,12.083046,11.18034,11.18034,11.18034,9.848858,10.29563,10.29563,10.816654,10.630146,10.630146,0.0,0.0,0.0,0.0,0.0,0.0,0.0,0.0,0.0,0.0,0.0,11.313708,10.630146,10.0,10.0,10.630146,11.313708,12.041595,12.806249,15.0,15.264338,15.652476,15.231546,15.231546,14.86607,13.601471,12.999999,12.083046,11.661903,12.806249,13.453625,14.866069,15.620499,16.40122,17.804493,18.439089,19.104973,0.0,0.7454195,0.82537687,0.7419473,0.7378151,0.6287963,0.5667292,0.4636476,0.36717382,0.24497867,0.29849893,0.27829966,0.27829966,0.27829966,0.34302393,0.36717382,0.36717382,0.4266275,0.4636476,0.4636476,0.4636476,0.41822433,0.5070985,0.5070985,0.5880026,0.71883,0.8519663,0.0,0.0,0.0,0.0,0.0,0.0,0.0,0.0,0.0,0.0,0.0,0.7853982,0.8519663,0.9272952,0.9272952,0.8519663,0.7853982,0.844154,0.8960554,0.9272952,1.0191413,1.1071488,1.1659045,1.1659045,1.2277724,1.2722974,1.1760052,1.1441689,1.0303768,0.8960554,0.8379812,0.7378151,0.69473827,0.6556956,0.66596925,0.7086263,0.74837804
28,1760879469.063736,RX1,Walking,69,0.0,20.59126,19.313208,18.35756,14.764824,14.866069,12.806249,14.142136,11.18034,10.630146,10.29563,9.486833,10.198039,11.18034,10.049876,11.18034,11.401754,10.770329,9.433981,8.602325,6.4031243,4.1231055,1.4142135,2.236068,5.0,6.3245554,9.219544,0.0,0.0,0.0,0.0,0.0,0.0,0.0,0.0,0.0,0.0,0.0,13.038404,13.416409,13.928389,14.56022,15.524176,16.27882,17.117243,17.0,16.0,17.0,16.0,15.0,16.03122,14.142136,15.297058,15.811388,17.088007,17.888544,21.023798,21.023798,23.706537,24.596748,24.698177,22.825424,22.36068,22.84732,0.0,2.634494,2.7707014,2.629203,2.6476512,2.4037776,2.4668517,2.3561945,2.0344439,2.2896264,2.077895,1.8925469,1.7681919,1.7506498,1.670465,1.7506498,1.8370484,1.9513026,2.1293957,2.1910458,2.4668517,2.896614,-2.3561945,-0.4636476,0.0,0.32175055,0.7086263,0.0,0.0,0.0,0.0,0.0,0.0,0.0,0.0,0.0,0.0,0.0,2.5748634,2.6779451,2.7744188,2.863293,2.8809903,2.9562447,3.024484,3.1415925,3.1415925,3.1415925,3.1415925,3.1415925,3.0791738,2.9996955,2.9441972,2.819842,2.782822,2.6779451,2.6992185,2.6992185,2.6590793,2.6779451,2.5872853,2.6387494,2.6779451,2.7367008
29,1760879469.07181,RX1,Walking,67,0.0,15.231546,16.492422,14.317821,16.124516,14.764824,13.892444,15.556349,9.899495,11.661903,12.649111,10.29563,8.944272,11.704699,10.198039,13.152946,9.486833,10.0,9.433981,7.8102493,4.2426405,4.472136,1.0,3.6055512,6.4031243,7.071068,12.649111,0.0,0.0,0.0,0.0,0.0,0.0,0.0,0.0,0.0,0.0,0.0,13.038404,15.033297,11.18034,12.0,13.152946,17.029385,14.0,14.142136,16.492422,16.124516,15.0,17.262676,15.297058,12.1655245,12.041595,13.0,19.235384,15.297058,18.973665,16.492422,18.973665,21.84033,24.738632,22.022717,26.683327,24.738632,0.0,-0.4048918,-0.24497867,-0.43240777,-0.5191461,-0.49394137,-0.52807444,-0.7853982,-0.7853982,-1.0303768,-1.2490457,-1.0636978,-1.1071488,-1.2220253,-1.3734008,-1.418147,-1.2490457,-0.9272952,-1.012197,-0.87605804,-0.7853982,-0.4636476,3.1415925,-2.55359,-2.4668517,-2.3561945,-1.8925469,0.0,0.0,0.0,0.0,0.0,0.0,0.0,0.0,0.0,0.0,0.0,-0.5667292,-0.066568166,-0.1798535,0.0,-0.15264933,-0.058755822,0.0,0.14189705,0.24497867,0.124354996,0.0,0.1746722,0.19739556,0.16514868,-0.08314123,0.0,-0.15660188,-0.19739556,-0.32175055,-0.24497867,-0.32175055,-0.27829966,-0.24497867,-0.04542328,-0.22679885,-0.24497867
30,1760879469.1207092,RX1,Walking,69,0.0,15.033297,15.0,13.038405,12.041595,12.369316,12.369316,11.401754,10.770329,9.433981,9.219544,9.899495,9.219544,9.219544,9.899495,9.899495,9.899495,9.219544,7.2111025,6.7082043,4.1231055,2.0,1.4142135,2.828427,5.0,6.7082043,9.055386,0.0,0.0,0.0,0.0,0.0,0.0,0.0,0.0,0.0,0.0,0.0,10.198039,12.041595,12.0,13.152946,13.341663,13.601471,13.928389,13.416409,13.892444,12.529964,12.083046,12.083046,12.649111,11.704699,12.649111,13.341663,14.142136,14.035668,16.03122,19.026297,19.026297,19.026297,19.104973,19.026297,19.235384,18.110771,0.0,0.066568166,0.0,-0.07677189,-0.08314123,-0.24497867,-0.24497867,-0.26625204,-0.38050637,-0.5585993,-0.7086263,-0.7853982,-0.7086263,-0.7086263,-0.7853982,-0.7853982,-0.7853982,-0.7086263,-0.5880026,-0.4636476,-0.24497867,0.0,-0.7853982,-2.3561945,-2.2142975,-2.0344439,-1.6814536,0.0,0.0,0.0,0.0,0.0,0.0,0.0,0.0,0.0,0.0,0.0,-0.19739556,-0.08314123,0.0,0.15264933,0.22679885,0.29849893,0.36717382,0.4636476,0.52807444,0.49934673,0.4266275,0.4266275,0.32175055,0.348771,0.32175055,0.22679885,0.14189705,0.071307465,0.06241881,0.05258306,0.05258306,0.05258306,0.10487694,0.05258306,0.15660188,0.11065722
31,1760879469.173985,RX1,Walking,67,0.0,16.27882,17.262676,18.110771,19.104973,18.110771,18.248287,18.110771,16.124516,14.142136,12.041595,11.045361,11.045361,9.0,8.0,7.0,7.071068,5.3851647,4.472136,5.0,5.656854,6.4031243,7.8102493,9.219544,9.433981,9.848858,9.219544,0.0,0.0,0.0,0.0,0.0,0.0,0.0,0.0,0.0,0.0,0.0,13.601471,14.317821,14.764824,13.892444,14.21267,14.21267,14.21267,14.21267,15.0,14.422205,16.40122,17.20465,18.027756,18.601074,19.416489,19.416489,20.0,20.808653,22.022717,22.803509,20.615528,20.0,18.601074,18.027756,17.0,16.155495,0.0,-2.9562447,-2.9669204,-3.0309355,-3.0367157,-3.0309355,-2.976444,-3.0309355,-3.0172377,-2.9996955,-3.0584514,-3.050933,-3.050933,3.1415925,3.1415925,3.1415925,2.9996955,2.7610862,2.6779451,2.4980915,2.3561945,2.2455373,2.2655346,2.4329665,2.5829933,2.7233684,2.9229238,0.0,0.0,0.0,0.0,0.0,0.0,0.0,0.0,0.0,0.0,0.0,-2.8430936,-2.709185,-2.6476512,-2.6135182,-2.4558632,-2.4558632,-2.4558632,-2.4558632,-2.4980915,-2.55359,-2.485897,-2.5213432,-2.55359,-2.508844,-2.5393052,-2.5393052,-2.4980915,-2.5269296,-2.4526682,-2.4805496,-2.4592762,-2.4980915,-2.508844,-2.55359,-2.6516354,-2.7610862
32,1760879469.2715242,RX1,Walking,64,0.0,22.36068,20.0,17.0,14.764824,9.848858,12.041595,10.198039,9.219544,10.770329,13.038404,12.083046,11.704699,10.198039,11.704699,10.770329,9.848858,9.219544,8.062258,7.071068,4.472136,5.0990195,2.0,3.6055512,3.1622777,3.1622777,3.6055512,0.0,0.0,0.0,0.0,0.0,0.0,0.0,0.0,0.0,0.0,0.0,8.062258,10.0,13.60147,13.892444,17.804493,17.029387,16.643316,17.20465,17.888544,18.788294,17.464249,14.86607,13.416409,12.529964,11.18034,13.453625,11.313708,12.083046,15.231546,19.235384,18.867962,20.248457,21.84033,20.248457,22.472204,21.540659,0.0,2.0344439,2.2142975,2.0607536,2.0647378,1.9890207,1.6539376,1.7681919,1.3521274,1.19029,1.0040671,1.1441689,1.2220253,1.3734008,1.2220253,1.19029,1.152572,1.3521274,1.0516502,1.4288993,1.1071488,1.7681919,1.5707964,0.98279375,0.32175055,0.32175055,0.5880026,0.0,0.0,0.0,0.0,0.0,0.0,0.0,0.0,0.0,0.0,0.0,1.6951513,2.2142975,2.1995926,2.0988708,2.2367656,2.4393358,2.5702553,2.5213432,2.6779451,2.70175,2.7291822,2.7985687,2.6779451,2.642246,2.6779451,2.4087775,2.3561945,1.9974238,1.9756881,2.0576956,2.1293957,1.9237868,1.849096,1.9237868,1.9347752,1.9513026
33,1760879469.3927832,RX1,Walking,67,0.0,25.0,22.472204,20.248457,16.155495,12.649111,9.219544,6.0,5.0,4.1231055,5.0990195,7.28011,9.219544,10.770329,12.369316,13.341663,13.152946,11.045361,11.0,9.055386,8.246211,6.7082043,4.2426405,3.1622777,2.236068,3.0,5.3851647,0.0,0.0,0.0,0.0,0.0,0.0,0.0,0.0,0.0,0.0,0.0,7.28011,8.062258,11.0,13.038405,15.033297,17.117243,19.235384,20.396078,22.135942,21.189621,21.023798,20.124613,18.788294,16.552946,12.999999,11.18034,9.055386,8.944272,10.630146,13.416409,15.811388,18.681541,22.561028,23.537203,25.70992,25.70992,0.0,1.8545904,1.9347752,1.9237868,1.9513026,1.8925469,1.7894653,1.5707964,0.9272952,0.24497867,-0.19739556,-0.27829966,-0.21866895,-0.38050637,-0.24497867,-0.22679885,-0.15264933,-0.09065989,0.0,0.11065722,0.24497867,0.4636476,0.7853982,1.2490457,2.0344439,3.1415925,-2.7610862,0.0,0.0,0.0,0.0,0.0,0.0,0.0,0.0,0.0,0.0,0.0,-2.863293,-3.0172377,3.1415925,-3.0648208,-3.0750246,-3.024484,-2.9849908,-2.9441972,-2.819842,-2.8049178,-2.6992185,-2.6779451,-2.70175,-2.7049656,-2.7468016,-2.961739,3.0309355,2.6779451,2.2896264,2.0344439,1.8925469,1.8417432,1.7942729,1.784857,1.8063413,1.8063413
34,1760879469.500382,RX1,Walking,64,0.0,14.035668,20.22375,22.090721,17.720043,16.492422,14.56022,14.3178215,10.198039,7.071068,7.071068,3.1622777,2.0,3.6055512,5.0,5.3851647,6.4031243,9.219544,10.29563,8.062258,10.770329,9.055386,9.055386,8.5440035,5.656854,5.3851647,2.0,0.0,0.0,0.0,0.0,0.0,0.0,0.0,0.0,0.0,0.0,0.0,9.433981,5.8309517,5.8309517,7.071068,8.246211,7.615773,12.369316,12.649111,15.524176,16.763054,17.088007,18.384775,17.888544,16.763054,17.088007,17.0,15.231546,13.928389,11.045361,13.038405,8.246211,7.8102493,9.433981,9.219544,11.18034,16.763054,0.0,-1.4994888,-1.4219064,-1.4801364,-1.2847449,-1.3258177,-1.2924967,-1.359703,-1.3734008,-1.4288993,-1.4288993,-1.2490457,-1.5707964,2.55359,2.4980915,2.7610862,2.4668517,2.4329665,2.634494,2.6224465,2.7610862,3.0309355,-3.0309355,-2.782822,-2.3561945,-1.9513026,-1.5707964,0.0,0.0,0.0,0.0,0.0,0.0,0.0,0.0,0.0,0.0,0.0,1.012197,0.5404195,0.5404195,0.7853982,0.24497867,0.4048918,0.24497867,0.32175055,0.26060238,0.30288488,0.35877067,0.39060703,0.4636476,0.30288488,0.35877067,0.48995733,0.4048918,0.36717382,0.09065989,-0.07677189,-0.24497867,-0.87605804,-1.012197,-1.3521274,-1.3909428,-1.2679114
35,1760879469.626719,RX1,Walking,66,0.0,9.486833,9.848858,11.401754,12.041595,14.035668,15.033297,15.033297,14.035668,13.038405,10.198039,9.486833,7.615773,6.7082043,4.472136,4.1231055,4.472136,5.3851647,8.246211,9.0,11.18034,11.704699,11.661903,11.313708,11.661903,9.219544,8.0,0.0,0.0,0.0,0.0,0.0,0.0,0.0,0.0,0.0,0.0,0.0,18.027758,18.027758,17.029385,16.124516,15.132746,13.038405,12.0,11.401754,11.18034,13.038404,15.620499,16.27882,18.439089,20.615528,21.400934,21.400934,21.633308,21.633308,23.853722,22.472204,19.723083,18.35756,14.764824,11.704699,9.219544,7.0,0.0,1.8925469,1.9890207,1.8370484,1.6539376,1.6421038,1.6373645,1.6373645,1.6421038,1.6475682,1.7681919,1.8925469,1.9756881,2.0344439,2.6779451,2.896614,-2.6779451,-1.9513026,-1.815775,-1.5707964,-1.3909428,-1.2220253,-1.0303768,-0.7853982,-0.5404195,-0.21866895,0.0,0.0,0.0,0.0,0.0,0.0,0.0,0.0,0.0,0.0,0.0,0.0,-1.6262949,-1.5152978,-1.5120405,-1.4464413,-1.4382448,-1.4940244,-1.5707964,-1.8370484,-2.0344439,-2.1375256,-2.2655346,-2.3996453,-2.4329665,-2.4592762,-2.488746,-2.488746,-2.55359,-2.55359,-2.5652175,-2.5782764,-2.6098685,-2.629203,-2.6476512,-2.7928216,-2.9229238,3.1415925
36,1760879469.7229388,RX1,Walking,66,0.0,7.615773,11.18034,12.806249,13.60147,15.620499,16.40122,15.811389,15.0,13.038404,11.661903,9.433981,7.615773,5.0,5.3851647,4.472136,7.071068,8.246211,11.18034,11.661903,11.401754,14.21267,13.416409,11.704699,13.152946,10.0,8.944272,0.0,0.0,0.0,0.0,0.0,0.0,0.0,0.0,0.0,0.0,0.0,15.811389,15.620499,14.866069,13.453625,11.313708,10.0,7.615773,7.071068,7.615773,9.433981,12.041595,14.866069,17.029387,18.601074,20.0,20.248457,21.095022,20.59126,22.36068,19.697716,17.464249,14.86607,12.369316,9.055386,6.0827622,4.2426405,0.0,2.7367008,2.6779451,2.4668517,2.5127964,2.4468544,2.485897,2.536048,2.4980915,2.5748634,2.6011732,2.5829933,2.7367008,3.1415925,-2.7610862,-2.0344439,-1.7126933,-1.3258177,-1.1071488,-1.0303768,-0.90975314,-0.6857295,-0.4636476,-0.348771,-0.15264933,0.0,0.4636476,0.0,0.0,0.0,0.0,0.0,0.0,0.0,0.0,0.0,0.0,0.0,0.6055447,0.69473827,0.7378151,0.7328151,0.7853982,0.6435011,0.4048918,0.14189705,-0.4048918,-0.5585993,-0.7266423,-0.8329813,-0.8685394,-0.93804747,-0.9272952,-0.9964915,-1.022247,-1.0636978,-1.1071488,-1.152572,-1.1583859,-1.2277724,-1.3258177,-1.4601392,-1.735945,-2.3561945
37,1760879469.856699,RX1,Walking,65,0.0,9.219544,8.062258,5.3851647,4.472136,7.071068,11.0,13.038405,13.152946,13.152946,12.1655245,12.1655245,12.041595,11.045361,10.049876,8.062258,7.0,5.0990195,3.1622777,2.236068,2.236068,3.1622777,4.1231055,5.0990195,7.28011,8.602325,8.602325,0.0,0.0,0.0,0.0,0.0,0.0,0.0,0.0,0.0,0.0,0.0,15.033297,16.03122,17.262676,18.973665,19.697716,20.124613,18.867962,16.40122,15.264338,12.529964,9.486833,8.062258,9.219544,9.219544,12.7279215,15.264338,17.492855,20.124613,24.596748,25.495096,26.400757,26.832817,24.596748,23.259407,21.470911,18.35756,0.0,-2.9229238,-3.0172377,2.7610862,2.0344439,1.7126933,1.5707964,1.4940244,1.418147,1.418147,1.4056476,1.4056476,1.487655,1.4801364,1.4711276,1.4464413,1.5707964,1.7681919,1.8925469,2.6779451,-2.6779451,-1.8925469,-1.815775,-1.3734008,-1.2924967,-0.95054686,-0.95054686,0.0,0.0,0.0,0.0,0.0,0.0,0.0,0.0,0.0,0.0,0.0,-1.6373645,-1.5083776,-1.3961241,-1.2490457,-1.152572,-1.1071488,-1.012197,-0.9151007,-1.0191413,-1.0714496,-1.2490457,-1.4464413,-1.7894653,-2.2794225,-2.3561945,-2.5899377,-2.6011732,-2.6779451,-2.6779451,-2.695487,-2.7118304,-2.6779451,-2.6779451,-2.6971734,-2.6571147,-2.629203
38,1760879469.951474,RX1,Walking,64,0.0,23.345236,22.022717,23.021729,23.021729,19.026297,18.0,15.0,11.0,6.0,4.1231055,2.236068,3.6055512,5.0,6.4031243,6.7082043,10.816654,11.313708,12.041595,12.041595,12.529964,10.816654,9.486833,9.219544,6.0,4.1231055,2.828427,0.0,0.0,0.0,0.0,0.0,0.0,0.0,0.0,0.0,0.0,0.0,11.045361,9.055386,7.28011,6.3245554,7.071068,8.062258,9.486833,12.649111,15.811388,17.088007,19.313208,20.615528,22.36068,21.023798,20.124613,18.788294,16.552946,15.231546,12.649111,10.198039,7.28011,6.4031243,8.246211,12.0,15.132746,16.27882,0.0,-0.17219082,-0.04542328,-0.043450896,-0.043450896,0.05258306,0.0,0.0,0.0,0.0,0.24497867,-0.4636476,-2.55359,-2.4980915,-2.4668517,-2.6779451,-2.55359,-2.3561945,-2.4149504,-2.4149504,-2.070143,-2.158799,-1.8925469,-1.7894653,-1.5707964,-1.3258177,-0.7853982,0.0,0.0,0.0,0.0,0.0,0.0,0.0,0.0,0.0,0.0,0.0,3.050933,3.0309355,2.863293,2.819842,2.3561945,2.0899425,1.8925469,1.8925469,1.8925469,1.929567,1.9416876,1.9693187,2.0344439,2.0131705,2.0344439,2.010639,2.0074234,1.9756881,1.8925469,1.7681919,1.2924967,0.8960554,0.24497867,0.0,-0.13255154,-0.18534794
39,1760879470.086965,RX1,Walking,63,0.0,24.698177,24.186775,19.235384,14.764824,10.770329,7.2111025,5.0990195,3.1622777,4.1231055,5.0,9.486833,12.999999,13.416409,14.86607,14.3178215,14.3178215,13.152946,11.18034,9.055386,7.28011,5.8309517,2.828427,1.0,3.0,3.6055512,5.8309517,0.0,0.0,0.0,0.0,0.0,0.0,0.0,0.0,0.0,0.0,0.0,7.2111025,6.4031243,6.4031243,10.29563,10.770329,15.811389,17.804493,17.804493,19.104973,19.104973,19.79899,19.209373,17.691807,14.866069,14.142136,8.944272,8.246211,6.3245554,9.433981,13.453625,14.764824,17.0,18.788294,19.924858,23.409397,25.495096,0.0,0.37298772,0.5191461,0.48689923,0.49394137,0.38050637,0.5880026,-0.19739556,-1.2490457,-1.815775,-2.2142975,-1.8925469,-1.9655875,-2.0344439,-1.9138203,-1.7818897,-1.7818897,-1.7234457,-1.7506498,-1.4601392,-1.2924967,-1.0303768,-0.7853982,-1.5707964,1.5707964,2.158799,2.1112158,0.0,0.0,0.0,0.0,0.0,0.0,0.0,0.0,0.0,0.0,0.0,2.55359,2.4668517,2.2455373,2.077895,1.9513026,2.176341,2.2367656,2.2367656,2.3932147,2.3191743,2.3561945,2.4668517,2.3162158,2.3086114,2.3561945,2.0344439,1.815775,1.2490457,1.012197,0.7328151,0.49394137,0.48995733,0.43984258,0.30587888,0.348771,0.44610557
40,1760879470.136091,RX1,Walking,63,0.0,7.615773,13.038404,14.764824,16.124516,16.643316,16.643316,18.35756,15.811389,13.60147,12.7279215,10.0,7.8102493,5.8309517,3.6055512,2.0,1.0,2.0,4.472136,6.0827622,7.28011,8.246211,8.0,9.0,8.5440035,7.8102493,8.602325,0.0,0.0,0.0,0.0,0.0,0.0,0.0,0.0,0.0,0.0,0.0,13.341663,12.041595,11.0,12.369316,11.704699,8.246211,7.0,7.071068,4.472136,9.219544,9.899495,12.041595,14.866069,17.029387,17.691807,19.849434,19.209373,18.601074,20.518286,19.104973,18.384775,17.029387,13.60147,10.770329,9.055386,10.049876,0.0,-2.7367008,-2.5748634,-2.6476512,-2.6224465,-2.5702553,-2.5702553,-2.629203,-2.536048,-2.5127964,-2.3561945,-2.4980915,-2.4468544,-2.6011732,-2.55359,3.1415925,1.5707964,1.5707964,1.1071488,1.4056476,1.2924967,1.3258177,1.5707964,1.5707964,1.929567,2.2655346,2.1910458,0.0,0.0,0.0,0.0,0.0,0.0,0.0,0.0,0.0,0.0,0.0,-0.22679885,-0.08314123,0.0,0.24497867,0.348771,0.24497867,0.0,-0.14189705,-0.4636476,-0.7086263,-0.7853982,-0.844154,-0.8329813,-0.8685394,-0.82537687,-0.85670567,-0.8960554,-0.93804747,-0.81986725,-0.8224183,-0.7853982,-0.8685394,-0.94200003,-1.19029,-1.4601392,-1.670465
41,1760879470.1536388,RX1,Walking,63,0.0,11.401754,13.453625,15.0,17.492855,17.492855,18.601074,17.804493,17.804493,13.453625,14.866069,9.219544,8.485281,6.4031243,3.6055512,1.4142135,2.0,5.0,5.0990195,8.0,9.0,10.049876,11.18034,10.440307,10.29563,10.630146,8.485281,0.0,0.0,0.0,0.0,0.0,0.0,0.0,0.0,0.0,0.0,0.0,12.041595,13.341663,14.3178215,13.601471,12.083046,8.062258,8.246211,7.28011,7.28011,8.602325,10.0,13.453625,14.142136,15.556349,18.439089,21.260292,19.849434,19.209373,21.260292,21.400934,17.804493,16.27882,14.21267,10.0,7.071068,7.28011,0.0,-0.66104317,-0.8379812,-0.9272952,-1.0303768,-1.0303768,-0.93804747,-0.90482706,-0.90482706,-0.8379812,-0.8329813,-0.86217004,-0.7853982,-0.8960554,-0.98279375,-0.7853982,3.1415925,3.1415925,-2.9441972,3.1415925,3.1415925,-3.041924,-2.961739,-2.8501358,-2.634494,-2.4227626,-2.3561945,0.0,0.0,0.0,0.0,0.0,0.0,0.0,0.0,0.0,0.0,0.0,1.487655,1.7975951,1.7818897,1.8692952,1.9974238,2.0899425,1.815775,1.849096,1.2924967,0.95054686,0.9272952,0.8379812,0.7853982,0.7853982,0.7086263,0.8519663,0.85670567,0.8960554,0.8519663,0.9179497,0.90482706,0.8288491,0.6857295,0.6435011,0.14189705,-0.27829966
42,1760879470.178171,RX1,Walking,64,0.0,12.041595,8.5440035,6.4031243,7.0,9.486833,12.083046,14.764824,17.492855,16.643316,16.643316,17.0,17.0,14.764824,12.999999,11.704699,9.486833,6.0827622,3.0,1.0,2.236068,4.1231055,7.071068,8.246211,10.770329,10.816654,11.313708,0.0,0.0,0.0,0.0,0.0,0.0,0.0,0.0,0.0,0.0,0.0,10.816654,12.529964,13.928389,15.297058,16.124516,17.0,16.03122,15.132746,13.152946,11.045361,10.0,7.28011,7.2111025,8.062258,10.198039,13.038405,16.0,18.0,23.0,25.01999,26.019222,27.0,26.0,25.0,23.0,20.0,0.0,-1.6539376,-1.929567,-2.4668517,3.1415925,2.819842,2.714965,2.6476512,2.6011732,2.5702553,2.5702553,2.6516354,2.6516354,2.6476512,2.7468016,2.7928216,2.819842,2.976444,3.1415925,3.1415925,-0.4636476,-0.24497867,0.14189705,0.24497867,0.38050637,0.5880026,0.7853982,0.0,0.0,0.0,0.0,0.0,0.0,0.0,0.0,0.0,0.0,0.0,-0.5880026,-0.49934673,-0.36717382,-0.19739556,-0.124354996,0.0,0.06241881,0.13255154,0.15264933,0.09065989,0.0,-0.27829966,-0.5880026,-1.0516502,-1.3734008,-1.4940244,-1.5707964,-1.5707964,-1.5707964,-1.610775,-1.6092389,-1.5707964,-1.5707964,-1.5707964,-1.5707964,-1.5707964
43,1760879470.3442292,RX1,Walking,65,0.0,19.646885,21.37756,21.37756,18.110771,19.104973,17.117243,15.033297,12.041595,9.219544,6.3245554,5.656854,4.472136,6.0,7.071068,8.246211,10.440307,10.198039,11.045361,13.0,13.038405,11.18034,10.770329,8.944272,8.062258,5.656854,3.6055512,0.0,0.0,0.0,0.0,0.0,0.0,0.0,0.0,0.0,0.0,0.0,7.615773,7.615773,6.7082043,7.2111025,7.8102493,9.899495,11.313708,13.453625,14.866069,17.029387,18.601074,18.867962,18.35756,17.492855,17.888544,15.652476,14.764824,13.60147,13.453625,12.041595,11.661903,11.704699,12.041595,14.035668,16.27882,18.110771,0.0,-1.82812,-1.7590178,-1.7590178,-1.6814536,-1.6756732,-1.6879051,-1.6373645,-1.6539376,-1.7894653,-1.8925469,-2.3561945,-2.6779451,3.1415925,2.9996955,2.896614,2.8501358,2.9441972,3.050933,3.1415925,-3.0648208,-2.961739,-2.7610862,-2.6779451,-2.6224465,-2.3561945,-2.158799,0.0,0.0,0.0,0.0,0.0,0.0,0.0,0.0,0.0,0.0,0.0,-0.4048918,-0.4048918,-0.4636476,-0.5880026,-0.69473827,-0.7853982,-0.7853982,-0.8379812,-0.7378151,-0.7022569,-0.63274884,-0.5585993,-0.5123895,-0.5404195,-0.4636476,-0.4636476,-0.49394137,-0.6287963,-0.7328151,-0.844154,-1.0303768,-1.2220253,-1.487655,-1.6421038,-1.7561443,-1.6814536
44,1760879470.424837,RX1,Walking,65,0.0,17.691807,19.849434,20.518286,19.79899,19.849434,19.849434,17.804493,15.0,11.18034,9.433981,6.0827622,3.1622777,4.0,4.2426405,6.4031243,8.944272,11.401754,12.1655245,13.038405,13.152946,12.369316,11.18034,9.899495,7.2111025,4.1231055,3.6055512,0.0,0.0,0.0,0.0,0.0,0.0,0.0,0.0,0.0,0.0,0.0,12.529964,11.661903,10.29563,9.848858,9.486833,9.055386,10.049876,12.1655245,14.56022,17.088007,18.027756,19.924858,21.189621,21.189621,21.189621,20.248457,19.313208,18.788294,17.888544,16.124516,14.21267,12.041595,9.848858,9.0,9.486833,11.661903,0.0,0.7454195,0.85670567,0.81986725,0.7853982,0.85670567,0.85670567,0.90482706,0.9272952,1.1071488,1.012197,1.4056476,1.8925469,3.1415925,-2.3561945,-2.2455373,-2.0344439,-1.8370484,-1.735945,-1.6475682,-1.418147,-1.3258177,-1.1071488,-0.7853982,-0.5880026,-0.24497867,0.5880026,0.0,0.0,0.0,0.0,0.0,0.0,0.0,0.0,0.0,0.0,0.0,-2.642246,-2.6011732,-2.634494,-2.7233684,-2.819842,-3.0309355,3.041924,2.976444,2.863293,2.782822,2.8023,2.8357139,2.8049178,2.8049178,2.8049178,2.7886024,2.7707014,2.70175,2.6779451,2.6224465,2.4558632,2.2974386,1.9890207,1.5707964,1.2490457,1.0303768
45,1760879471.134457,RX1,Walking,67,0.0,18.973665,19.646885,17.720043,15.811388,14.317821,13.038404,12.041595,12.041595,11.401754,11.401754,11.18034,11.18034,10.440307,10.198039,10.049876,11.18034,10.049876,11.045361,12.1655245,12.649111,11.18034,10.0,5.8309517,5.0,2.236068,1.0,0.0,0.0,0.0,0.0,0.0,0.0,0.0,0.0,0.0,0.0,0.0,2.236068,4.472136,6.3245554,8.246211,10.0,13.038405,13.341663,15.231546,14.764824,14.422205,13.453625,13.453625,12.041595,10.630146,10.29563,8.246211,9.055386,11.045361,12.1655245,14.56022,16.155495,18.027756,19.313208,20.248457,21.84033,20.880613,0.0,-1.8925469,-1.82812,-1.8568478,-1.8925469,-2.003204,-2.1375256,-2.2974386,-2.4149504,-2.4805496,-2.4805496,-2.6779451,-2.6779451,-2.8501358,-2.9441972,-3.041924,-2.961739,-3.041924,-3.050933,-2.976444,-2.819842,-2.6779451,-2.4980915,-2.1112158,-2.2142975,-2.0344439,1.5707964,0.0,0.0,0.0,0.0,0.0,0.0,0.0,0.0,0.0,0.0,0.0,-2.0344439,-2.0344439,-1.8925469,-1.815775,-1.5707964,-1.4940244,-1.3439975,-1.1659045,-1.076855,-0.98279375,-0.8379812,-0.8379812,-0.844154,-0.8519663,-1.0636978,-1.3258177,-1.4601392,-1.6614562,-1.735945,-1.849096,-1.9513026,-1.9100889,-1.9416876,-1.9237868,-1.849096,-1.8622531
46,1760879471.302816,RX1,Walking,67,0.0,25.079872,23.086794,20.248457,15.811388,12.999999,10.0,7.071068,6.0827622,5.3851647,7.8102493,8.485281,10.0,11.661903,12.206555,13.038404,14.422205,12.206555,11.401754,10.630146,9.219544,7.8102493,5.8309517,2.828427,0.0,2.0,5.0,0.0,0.0,0.0,0.0,0.0,0.0,0.0,0.0,0.0,0.0,0.0,3.0,6.3245554,9.433981,12.041595,14.21267,16.124516,18.384775,18.681541,19.235384,19.104973,18.027758,17.0,15.0,13.0,11.045361,8.5440035,7.071068,7.615773,10.049876,12.1655245,15.524176,18.384775,20.615528,23.769728,24.698177,25.079872,0.0,2.7314653,2.83354,2.7886024,2.819842,2.7468016,2.4980915,2.3561945,1.735945,1.19029,0.87605804,0.7853982,0.6435011,0.5404195,0.61072594,0.5667292,0.5880026,0.61072594,0.66104317,0.71883,0.7086263,0.87605804,1.0303768,0.7853982,0.0,-1.5707964,-1.5707964,0.0,0.0,0.0,0.0,0.0,0.0,0.0,0.0,0.0,0.0,0.0,3.1415925,-2.819842,-2.5829933,-2.4149504,-2.2565258,-2.0899425,-1.9614034,-1.8417432,-1.7273982,-1.6756732,-1.6262949,-1.5707964,-1.5707964,-1.5707964,-1.6614562,-1.929567,-2.3561945,-2.7367008,-3.041924,2.976444,2.8809903,2.7509856,2.7430701,2.753274,2.768605,2.7314653
47,1760879471.3678179,RX1,Walking,74,0.0,28.160255,26.925823,25.298222,21.587034,20.22375,17.029385,14.0,10.440307,6.7082043,4.472136,3.0,3.1622777,5.0,6.3245554,9.219544,11.045361,11.045361,13.038405,13.152946,14.56022,13.416409,13.038404,11.401754,10.440307,11.045361,10.29563,0.0,0.0,0.0,0.0,0.0,0.0,0.0,0.0,0.0,0.0,0.0,9.433981,7.071068,5.0,3.0,3.6055512,4.1231055,8.062258,9.486833,10.770329,12.083046,13.038404,14.422205,14.422205,13.416409,11.704699,9.486833,7.28011,5.0,3.1622777,4.1231055,7.8102493,11.401754,15.264338,19.235384,21.931713,23.769728,0.0,-1.2827408,-1.19029,-1.2490457,-1.3370532,-1.4219064,-1.5120405,-1.5707964,-1.8622531,-2.0344439,-2.0344439,3.1415925,2.819842,2.2142975,1.8925469,1.7894653,1.6614562,1.6614562,1.6475682,1.7234457,1.849096,2.0344439,2.1375256,2.4805496,2.8501358,-3.050933,-2.634494,0.0,0.0,0.0,0.0,0.0,0.0,0.0,0.0,0.0,0.0,0.0,-1.012197,-0.7853982,-0.6435011,0.0,0.5880026,1.3258177,1.6951513,1.8925469,1.9513026,1.9974238,2.1375256,2.158799,2.158799,2.0344439,1.9195673,1.8925469,1.849096,1.5707964,1.2490457,-0.24497867,-0.69473827,-0.90975314,-1.0191413,-1.0838971,-1.1479424,-1.1824776
48,1760879471.466764,RX1,Walking,71,0.0,20.59126,24.207438,23.600847,22.803509,22.022717,19.416489,16.40122,13.038404,9.433981,6.7082043,2.0,0.0,3.6055512,6.4031243,8.062258,11.401754,11.401754,13.60147,14.142136,16.27882,12.806249,14.21267,13.038404,11.401754,7.615773,3.6055512,0.0,0.0,0.0,0.0,0.0,0.0,0.0,0.0,0.0,0.0,0.0,5.0990195,4.0,3.0,1.4142135,1.0,3.0,4.1231055,7.28011,9.055386,11.401754,12.369316,12.369316,14.56022,14.3178215,15.297058,15.132746,14.035668,13.0,12.041595,9.219544,7.615773,5.656854,5.0990195,8.602325,12.041595,15.620499,0.0,2.077895,2.2390857,2.2058232,2.2318394,2.2597208,2.1730838,2.226492,2.1375256,2.1293957,2.0344439,1.5707964,0.0,-0.98279375,-0.8960554,-1.0516502,-0.90975314,-0.90975314,-0.94200003,-0.7853982,-0.7419473,-0.67474097,-0.6857295,-0.5667292,-0.26625204,-0.4048918,0.98279375,0.0,0.0,0.0,0.0,0.0,0.0,0.0,0.0,0.0,0.0,0.0,1.3734008,1.5707964,1.5707964,2.3561945,-1.5707964,-1.5707964,-1.3258177,-1.2924967,-1.4601392,-1.3045443,-1.3258177,-1.3258177,-1.2924967,-1.359703,-1.3734008,-1.4382448,-1.4994888,-1.5707964,-1.6539376,-1.7894653,-1.9756881,-2.3561945,2.9441972,2.5213432,2.2974386,2.2655346
49,1760879471.594177,RX1,Walking,70,0.0,28.071337,24.0,22.022717,17.029385,13.038405,8.246211,5.8309517,5.0990195,6.3245554,10.29563,10.630146,12.806249,13.453625,15.620499,15.620499,15.0,13.60147,13.416409,11.18034,9.848858,8.062258,5.0990195,2.236068,1.4142135,5.0,7.28011,0.0,0.0,0.0,0.0,0.0,0.0,0.0,0.0,0.0,0.0,0.0,2.0,4.472136,5.8309517,7.615773,10.440307,12.1655245,15.033297,17.029385,18.027758,17.117243,16.27882,15.524176,15.297058,13.341663,11.045361,9.0,7.615773,7.2111025,8.246211,13.0,16.27882,20.22375,23.537203,26.305893,27.45906,28.442924,0.0,3.070285,3.1415925,-3.0961695,3.0828369,3.0648208,2.896614,2.6011732,1.7681919,1.2490457,1.0636978,0.8519663,0.8960554,0.8379812,0.87605804,0.87605804,0.9272952,0.94200003,1.1071488,1.1071488,1.152572,1.4464413,1.7681919,2.6779451,-2.3561945,-1.5707964,-1.2924967,0.0,0.0,0.0,0.0,0.0,0.0,0.0,0.0,0.0,0.0,0.0,-1.5707964,-2.0344439,-2.1112158,-1.9756881,-1.8622531,-1.735945,-1.6373645,-1.6295521,-1.5152978,-1.4536875,-1.3854483,-1.3101939,-1.3734008,-1.3439975,-1.4801364,-1.5707964,-1.9756881,-2.55359,-2.896614,3.1415925,2.9562447,2.9927027,2.927532,2.9889433,2.9584818,2.9648838
50,1760879471.625034,RX1,Walking,70,0.0,26.627052,24.186775,21.954498,17.0,13.038404,8.485281,5.3851647,5.3851647,7.071068,9.433981,10.770329,12.649111,13.601471,14.86607,15.811388,15.811388,13.928389,12.999999,11.661903,10.816654,7.8102493,5.3851647,3.0,1.0,4.2426405,6.7082043,0.0,0.0,0.0,0.0,0.0,0.0,0.0,0.0,0.0,0.0,0.0,0.0,2.828427,5.656854,7.071068,10.0,11.18034,12.999999,14.86607,15.524176,16.27882,15.132746,15.132746,15.132746,12.1655245,9.486833,7.615773,6.4031243,6.0827622,9.486833,12.083046,16.643316,20.808653,22.203604,26.400757,27.802877,28.301943,0.0,-2.1692152,-2.0899425,-2.095592,-2.0607536,-2.1375256,-2.3561945,-2.7610862,2.7610862,2.3561945,2.1293957,1.9513026,1.8925469,1.8692952,1.9138203,1.8925469,1.8925469,1.9379702,1.9655875,2.1112158,2.158799,2.4468544,2.7610862,3.1415925,-1.5707964,-0.7853982,-0.4636476,0.0,0.0,0.0,0.0,0.0,0.0,0.0,0.0,0.0,0.0,0.0,0.0,-0.7853982,-0.7853982,-0.7853982,-0.6435011,-0.4636476,-0.39479113,-0.34302393,-0.26060238,-0.18534794,-0.13255154,-0.13255154,-0.13255154,-0.16514868,-0.32175055,-0.4048918,-0.8960554,-1.4056476,-1.8925469,-1.9974238,-2.1421337,-2.1854594,-2.1962814,-2.221873,-2.228685,-2.1293957
51,1760879471.6915252,RX1,Walking,69,0.0,9.0,12.041595,14.3178215,15.811388,17.464249,18.384775,18.788294,17.888544,16.124516,14.422205,12.529964,10.29563,8.062258,4.472136,1.0,2.828427,5.8309517,8.944272,12.649111,14.3178215,17.117243,18.0,18.248287,18.027756,17.0,14.21267,0.0,0.0,0.0,0.0,0.0,0.0,0.0,0.0,0.0,0.0,0.0,6.3245554,6.0827622,5.0990195,5.0,5.0,4.1231055,3.1622777,2.236068,3.0,4.472136,6.7082043,8.602325,10.0,11.313708,12.7279215,14.142136,15.620499,15.620499,17.804493,16.643316,15.264338,14.764824,10.770329,9.219544,7.0,5.3851647,0.0,3.1415925,3.0584514,2.9304993,2.819842,2.7291822,2.7509856,2.70175,2.6779451,2.6224465,2.55359,2.642246,2.634494,2.6224465,2.6779451,3.1415925,-0.7853982,-0.5404195,-0.4636476,-0.32175055,-0.21109334,-0.11710875,0.0,0.16514868,0.33929262,0.48995733,0.6857295,0.0,0.0,0.0,0.0,0.0,0.0,0.0,0.0,0.0,0.0,0.0,1.2490457,1.4056476,1.3734008,1.5707964,1.5707964,1.3258177,1.2490457,0.4636476,0.0,-0.4636476,-0.4636476,-0.6202495,-0.6435011,-0.7853982,-0.7853982,-0.7853982,-0.87605804,-0.87605804,-0.90482706,-0.99945885,-1.0191413,-1.076855,-1.19029,-1.3521274,-1.5707964,-1.9513026
52,1760879471.821148,RX1,Walking,66,0.0,12.041595,16.0,18.0,19.0,20.0,20.0,20.024984,18.0,15.0,14.0,11.0,8.062258,5.0990195,3.6055512,2.0,4.2426405,5.8309517,8.602325,10.0,11.401754,12.041595,13.453625,13.038404,12.083046,11.401754,10.049876,0.0,0.0,0.0,0.0,0.0,0.0,0.0,0.0,0.0,0.0,0.0,8.602325,9.219544,8.485281,7.8102493,7.2111025,5.0,4.2426405,2.236068,3.1622777,5.656854,7.8102493,10.0,12.041595,14.21267,15.620499,16.27882,16.27882,16.27882,17.691807,17.029387,14.866069,12.806249,9.433981,6.0827622,5.3851647,6.7082043,0.0,-1.487655,-1.5707964,-1.5707964,-1.5707964,-1.5707964,-1.5707964,-1.5208379,-1.5707964,-1.5707964,-1.5707964,-1.5707964,-1.6951513,-1.7681919,-2.158799,3.1415925,2.3561945,2.1112158,2.1910458,2.2142975,2.2318394,2.2974386,2.4087775,2.5748634,2.714965,2.8753407,3.041924,0.0,0.0,0.0,0.0,0.0,0.0,0.0,0.0,0.0,0.0,0.0,2.1910458,2.2794225,2.3561945,2.4468544,2.55359,2.4980915,2.3561945,2.0344439,1.2490457,0.7853982,0.69473827,0.6435011,0.7266423,0.6857295,0.69473827,0.7419473,0.7419473,0.7419473,0.7454195,0.7022569,0.7378151,0.67474097,0.5585993,0.16514868,-0.38050637,-1.1071488
53,1760879471.920058,RX1,Walking,65,0.0,11.18034,13.928389,15.524176,18.439089,19.416489,20.880613,20.880613,20.880613,16.763054,14.86607,12.999999,10.770329,8.5440035,6.0827622,3.1622777,3.1622777,5.0,8.062258,10.049876,12.041595,14.035668,15.132746,14.86607,13.892444,13.60147,12.041595,0.0,0.0,0.0,0.0,0.0,0.0,0.0,0.0,0.0,0.0,0.0,9.055386,9.0,9.055386,9.055386,9.219544,8.246211,7.071068,6.0,5.3851647,6.4031243,7.8102493,10.0,11.661903,13.416409,15.652476,17.0,17.0,17.888544,19.235384,19.235384,17.888544,15.652476,12.999999,11.401754,8.0,6.7082043,0.0,0.4636476,0.36717382,0.26060238,0.21866895,0.20749623,0.2914568,0.2914568,0.2914568,0.30288488,0.34302393,0.39479113,0.38050637,0.35877067,0.16514868,-0.32175055,-1.2490457,-1.5707964,-1.6951513,-1.670465,-1.6539376,-1.4994888,-1.4382448,-1.2277724,-1.0427219,-0.94200003,-0.7266423,0.0,0.0,0.0,0.0,0.0,0.0,0.0,0.0,0.0,0.0,0.0,3.0309355,3.1415925,-3.0309355,-3.0309355,-2.9229238,-2.896614,-2.9996955,3.1415925,2.7610862,2.4668517,2.2655346,2.2142975,2.1112158,2.0344439,2.0344439,2.0607536,2.0607536,2.0344439,2.0576956,2.0576956,2.0344439,2.0344439,1.9655875,1.8370484,1.5707964,1.1071488
54,1760879472.3742568,RX1,Walking,66,0.0,9.219544,12.041595,15.0,16.643316,18.867962,21.095022,21.095022,20.808653,18.601074,17.804493,15.620499,12.806249,10.630146,7.071068,4.2426405,2.0,3.0,5.0,8.062258,11.0,12.1655245,13.341663,12.999999,13.60147,12.041595,10.816654,0.0,0.0,0.0,0.0,0.0,0.0,0.0,0.0,0.0,0.0,0.0,7.071068,7.615773,6.7082043,6.7082043,6.7082043,6.3245554,6.0827622,7.0,6.0827622,7.615773,8.944272,10.816654,11.661903,13.60147,15.0,16.40122,17.691807,18.439089,19.849434,19.849434,19.104973,17.691807,15.556349,13.453625,10.816654,8.5440035,0.0,2.4329665,2.4149504,2.2142975,2.1421337,2.1293957,2.1193457,2.1193457,2.1854594,2.203545,2.2367656,2.2655346,2.2455373,2.2896264,2.3561945,2.3561945,1.5707964,0.0,0.0,-0.124354996,0.0,0.16514868,0.22679885,0.39479113,0.6287963,0.844154,0.98279375,0.0,0.0,0.0,0.0,0.0,0.0,0.0,0.0,0.0,0.0,0.0,-1.4288993,-1.1659045,-1.1071488,-1.1071488,-1.1071488,-1.2490457,-1.4056476,-1.5707964,-1.735945,-1.9756881,-2.0344439,-2.158799,-2.1112158,-2.1995926,-2.2142975,-2.226492,-2.3162158,-2.2794225,-2.284887,-2.284887,-2.3191743,-2.3162158,-2.3561945,-2.4087775,-2.55359,-2.782822
55,1760879472.504322,RX1,Walking,63,0.0,11.18034,16.124516,18.35756,18.35756,19.723083,18.35756,18.35756,17.0,14.317821,12.999999,10.770329,9.486833,7.071068,6.0,4.1231055,3.1622777,2.236068,4.0,4.472136,6.3245554,8.246211,7.071068,8.0,9.055386,9.219544,8.5440035,0.0,0.0,0.0,0.0,0.0,0.0,0.0,0.0,0.0,0.0,0.0,11.045361,11.704699,9.848858,9.433981,8.602325,6.4031243,5.0,3.0,3.6055512,6.4031243,9.433981,12.529964,14.422205,17.20465,20.0,20.0,21.260292,20.615528,22.627417,21.213203,18.384775,16.27882,12.041595,9.433981,8.062258,8.246211,0.0,-2.6779451,-2.6224465,-2.629203,-2.629203,-2.6098685,-2.629203,-2.629203,-2.6516354,-2.709185,-2.7468016,-2.7610862,-2.819842,-2.9996955,3.1415925,2.896614,2.819842,2.0344439,1.5707964,1.1071488,1.2490457,1.3258177,1.4288993,1.5707964,1.6814536,1.7894653,1.929567,0.0,0.0,0.0,0.0,0.0,0.0,0.0,0.0,0.0,0.0,0.0,0.09065989,0.348771,0.41822433,0.5585993,0.6202495,0.67474097,0.6435011,0.0,-0.5880026,-0.8960554,-1.012197,-1.0714496,-0.98279375,-0.95054686,-0.9272952,-0.9272952,-0.8519663,-0.88847977,-0.7853982,-0.7853982,-0.7853982,-0.8288491,-0.844154,-1.012197,-1.4464413,-1.815775
56,1760879472.6418612,RX1,Walking,68,0.0,25.495096,24.596748,21.931713,18.788294,15.652476,13.038404,8.062258,4.2426405,2.0,3.0,6.0827622,8.246211,10.198039,11.18034,13.152946,14.3178215,14.142136,13.0,12.041595,11.401754,9.848858,8.485281,6.7082043,5.0,6.4031243,7.615773,0.0,0.0,0.0,0.0,0.0,0.0,0.0,0.0,0.0,0.0,0.0,2.236068,3.1622777,4.1231055,7.071068,9.219544,11.401754,13.601471,16.552946,17.0,17.492855,18.35756,17.492855,16.643316,14.764824,12.529964,10.440307,8.062258,6.3245554,6.4031243,9.219544,12.041595,15.297058,18.027756,21.540659,24.166092,25.079872,0.0,1.1246908,1.1071488,1.1479424,1.1309538,1.1071488,1.0040671,1.0516502,0.7853982,0.0,-1.5707964,-1.735945,-1.815775,-1.7681919,-1.7506498,-1.7234457,-1.7818897,-1.7126933,-1.5707964,-1.487655,-1.3045443,-1.152572,-0.7853982,-0.4636476,0.0,0.67474097,1.1659045,0.0,0.0,0.0,0.0,0.0,0.0,0.0,0.0,0.0,0.0,0.0,-2.0344439,-2.819842,-2.896614,-2.9996955,-2.9229238,-2.8753407,-2.8430936,-2.7049656,-2.6516354,-2.6011732,-2.629203,-2.6011732,-2.5702553,-2.6476512,-2.642246,-2.8501358,-3.0172377,2.819842,2.2455373,1.7894653,1.487655,1.3734008,1.2315037,1.19029,1.1441689,1.160669
57,1760879472.7314491,RX1,Walking,65,0.0,22.022717,23.345234,23.345234,22.627417,20.518286,19.79899,16.27882,14.142136,9.899495,7.8102493,5.3851647,4.1231055,3.6055512,5.3851647,7.071068,9.055386,10.198039,11.18034,12.369316,12.649111,12.529964,11.661903,10.630146,8.602325,6.3245554,4.0,0.0,0.0,0.0,0.0,0.0,0.0,0.0,0.0,0.0,0.0,0.0,6.3245554,5.0,4.1231055,2.828427,4.472136,4.2426405,7.8102493,10.0,12.806249,14.866069,17.691807,17.804493,18.601074,18.601074,18.027756,17.20465,15.264338,15.0,13.453625,11.313708,9.848858,9.055386,9.486833,12.206555,14.866069,16.970562,0.0,-2.4526682,-2.3864882,-2.3864882,-2.3561945,-2.3217254,-2.3561945,-2.3127437,-2.3561945,-2.3561945,-2.4468544,-2.7610862,2.896614,2.158799,1.9513026,1.7126933,1.6814536,1.7681919,1.7506498,1.815775,1.8925469,2.070143,2.1112158,2.2896264,2.5213432,2.819842,3.1415925,0.0,0.0,0.0,0.0,0.0,0.0,0.0,0.0,0.0,0.0,0.0,0.32175055,0.6435011,0.24497867,0.7853982,-0.4636476,-0.7853982,-0.87605804,-0.9272952,-0.8960554,-0.8329813,-0.7454195,-0.66596925,-0.63274884,-0.63274884,-0.5880026,-0.6202495,-0.551655,-0.6435011,-0.7328151,-0.7853982,-1.152572,-1.4601392,-1.8925469,-2.1815224,-2.3086114,-2.3561945
58,1760879472.828296,RX1,Walking,70,0.0,24.41311,19.416489,18.601074,14.422205,9.433981,6.7082043,3.0,2.236068,5.8309517,8.485281,12.041595,14.866069,15.620499,16.970562,16.970562,17.029387,15.0,13.038404,10.770329,8.246211,5.0990195,3.1622777,5.0,8.602325,10.770329,14.142136,0.0,0.0,0.0,0.0,0.0,0.0,0.0,0.0,0.0,0.0,0.0,5.0990195,8.0,7.2111025,11.18034,15.811388,16.124516,17.464249,19.697716,18.35756,18.867962,17.492855,15.264338,13.038404,10.770329,8.062258,7.071068,5.8309517,6.3245554,10.0,12.369316,14.86607,18.384775,20.124613,23.323807,23.853722,24.41311,0.0,-2.1815224,-2.1730838,-2.203545,-2.158799,-2.1293957,-2.0344439,-1.5707964,0.4636476,0.5404195,0.7853982,0.7266423,0.7378151,0.69473827,0.7853982,0.7853982,0.8685394,0.9272952,1.0040671,1.19029,1.3258177,1.7681919,2.819842,-2.4980915,-2.1910458,-1.9513026,-1.7126933,0.0,0.0,0.0,0.0,0.0,0.0,0.0,0.0,0.0,0.0,0.0,0.19739556,0.0,0.5880026,0.4636476,0.32175055,0.5191461,0.41241044,0.41822433,0.5123895,0.5585993,0.5404195,0.551655,0.5667292,0.38050637,0.124354996,-0.14189705,-0.5404195,-1.2490457,-1.5707964,-1.815775,-1.9138203,-1.9614034,-2.0344439,-2.1112158,-2.1471715,-2.1815224
59,1760879472.9657369,RX1,Walking,68,0.0,18.35756,18.027756,18.867962,18.027756,17.492855,17.0,15.264338,12.529964,10.29563,7.615773,3.6055512,2.0,2.0,5.0,8.062258,10.29563,11.704699,12.369316,14.142136,15.0,14.3178215,12.649111,10.816654,8.485281,5.8309517,4.0,0.0,0.0,0.0,0.0,0.0,0.0,0.0,0.0,0.0,0.0,0.0,11.401754,9.486833,7.615773,7.071068,6.3245554,7.2111025,9.219544,12.041595,14.866069,16.27882,19.209373,20.0,19.416489,18.867962,18.027756,17.20465,15.811389,13.453625,12.7279215,10.816654,9.486833,9.055386,9.486833,10.816654,12.7279215,12.806249,0.0,-1.0584068,-0.98279375,-1.012197,-0.98279375,-1.0303768,-1.080839,-1.0191413,-1.0714496,-1.0636978,-1.1659045,-0.98279375,-1.5707964,3.1415925,2.4980915,2.6224465,2.634494,2.7928216,2.896614,2.9996955,3.1415925,-2.9304993,-2.819842,-2.55359,-2.3561945,-2.1112158,-1.5707964,0.0,0.0,0.0,0.0,0.0,0.0,0.0,0.0,0.0,0.0,0.0,1.8370484,1.8925469,1.9756881,1.7126933,1.2490457,0.98279375,0.86217004,0.7266423,0.7378151,0.8288491,0.8960554,0.9272952,0.96850896,1.012197,0.98279375,0.95054686,0.9652517,0.8379812,0.7853982,0.5880026,0.32175055,0.11065722,-0.32175055,-0.5880026,-0.7853982,-0.8960554
60,1760879473.217598,RX1,Walking,70,0.0,26.076809,24.698177,21.400934,18.439089,14.866069,12.806249,9.848858,9.0,6.3245554,7.2111025,9.433981,9.486833,11.401754,12.1655245,13.038405,13.038405,14.035668,14.0,13.038405,13.152946,11.045361,10.440307,8.062258,6.4031243,4.2426405,2.236068,0.0,0.0,0.0,0.0,0.0,0.0,0.0,0.0,0.0,0.0,0.0,6.0827622,4.1231055,4.1231055,4.472136,6.7082043,10.198039,13.038405,16.124516,18.439089,18.027756,19.697716,18.35756,17.492855,14.422205,12.206555,8.062258,4.472136,1.4142135,5.0990195,11.18034,14.422205,19.723083,22.472204,25.23886,25.23886,26.925825,0.0,-0.5667292,-0.55430746,-0.65284663,-0.7086263,-0.8329813,-0.8960554,-1.152572,-1.5707964,-1.8925469,-2.158799,-2.5829933,-2.819842,-2.8753407,-2.976444,-3.0648208,-3.0648208,-3.070285,3.1415925,-3.0648208,-2.9889433,-3.050933,-2.8501358,-2.6224465,-2.4668517,-2.3561945,-2.0344439,0.0,0.0,0.0,0.0,0.0,0.0,0.0,0.0,0.0,0.0,0.0,-1.735945,-1.3258177,-0.24497867,0.4636476,1.1071488,1.3734008,1.4940244,1.6951513,1.7894653,1.9100889,1.9890207,2.0831857,2.1112158,2.158799,2.1815224,2.0899425,2.0344439,0.7853982,-0.19739556,-0.4636476,-0.5880026,-0.53172404,-0.5633162,-0.5880026,-0.5880026,-0.5467888
61,1760879473.292894,RX1,Walking,70,0.0,24.758837,23.430748,22.203604,19.209373,16.40122,14.21267,10.0,5.656854,2.236068,1.4142135,5.3851647,8.5440035,11.704699,13.601471,14.56022,16.27882,15.033297,15.0,14.142136,11.401754,9.848858,7.8102493,5.3851647,4.1231055,4.472136,5.0990195,0.0,0.0,0.0,0.0,0.0,0.0,0.0,0.0,0.0,0.0,0.0,10.049876,8.246211,6.7082043,6.4031243,7.28011,11.401754,13.601471,16.27882,17.262676,18.439089,19.416489,19.924858,19.416489,17.720043,15.811388,13.152946,12.041595,8.246211,6.3245554,6.3245554,8.062258,10.440307,13.60147,16.40122,19.209373,21.260292,0.0,0.8139618,0.87605804,0.9453113,0.8960554,0.9151007,0.8850668,0.9272952,0.7853982,1.1071488,-0.7853982,-1.9513026,-1.929567,-1.9195673,-1.8692952,-1.849096,-1.7561443,-1.6373645,-1.5707964,-1.4288993,-1.3045443,-1.152572,-0.87605804,-0.38050637,0.24497867,1.1071488,1.7681919,0.0,0.0,0.0,0.0,0.0,0.0,0.0,0.0,0.0,0.0,0.0,-1.670465,-1.815775,-2.0344439,-2.4668517,-2.863293,-2.8753407,-2.8430936,-2.9562447,-2.9669204,-2.9229238,-2.9340963,-2.8357139,-2.9340963,-2.8555412,-2.819842,-2.9889433,-3.0584514,2.896614,2.819842,1.8925469,1.4464413,1.2793396,0.94200003,0.9151007,0.8960554,0.8519663
62,1760879473.393003,RX1,Walking,67,0.0,15.811388,17.720043,17.720043,18.681541,18.681541,18.973665,17.720043,15.811388,13.601471,12.649111,10.440307,8.5440035,6.7082043,5.3851647,3.6055512,2.236068,3.1622777,4.472136,5.8309517,7.2111025,8.944272,9.486833,9.055386,9.055386,8.5440035,7.2111025,0.0,0.0,0.0,0.0,0.0,0.0,0.0,0.0,0.0,0.0,0.0,19.0,18.439089,17.088007,14.317821,12.083046,8.944272,8.062258,8.246211,8.944272,13.038404,16.643316,18.027756,20.59126,20.124613,21.023798,21.931713,19.697716,19.697716,19.697716,17.888544,16.124516,14.21267,11.401754,10.770329,11.18034,12.0,0.0,-1.8925469,-1.8568478,-1.8568478,-1.8417432,-1.8417432,-1.8925469,-1.8568478,-1.8925469,-1.8692952,-1.8925469,-1.8622531,-1.929567,-2.0344439,-1.9513026,-2.158799,-2.6779451,2.819842,2.6779451,2.6011732,2.55359,2.6779451,2.819842,3.0309355,-3.0309355,-2.782822,-2.55359,0.0,0.0,0.0,0.0,0.0,0.0,0.0,0.0,0.0,0.0,0.0,0.0,0.21866895,0.35877067,0.43240777,0.4266275,0.4636476,0.124354996,-0.24497867,-0.4636476,-0.5667292,-0.57133746,-0.5880026,-0.5070985,-0.4636476,-0.44237423,-0.42285392,-0.41822433,-0.41822433,-0.41822433,-0.4636476,-0.5191461,-0.6857295,-0.90975314,-1.19029,-1.3909428,-1.5707964
63,1760879473.49576,RX1,Walking,46,0.0,18.027758,19.104973,19.104973,17.117243,17.262676,15.132746,15.033297,14.0,12.041595,12.1655245,12.649111,12.999999,14.317821,15.231546,14.86607,15.811388,14.56022,14.3178215,14.142136,13.038405,12.041595,11.0,11.0,11.0,11.0,11.045361,0.0,0.0,0.0,0.0,0.0,0.0,0.0,0.0,0.0,0.0,0.0,14.56022,14.317821,13.892444,13.60147,12.041595,12.041595,11.401754,12.206555,12.529964,12.529964,13.892444,15.264338,15.811389,15.811389,16.40122,16.40122,15.620499,14.21267,15.811389,14.422205,13.892444,13.928389,13.601471,15.297058,15.132746,17.117243,0.0,-3.0860941,-3.0367157,-3.0367157,-3.024484,-2.9669204,-3.009041,-3.0750246,3.1415925,3.0584514,2.976444,2.819842,2.7468016,2.709185,2.7367008,2.7985687,2.819842,2.863293,2.9304993,2.9996955,3.0648208,3.0584514,3.1415925,3.1415925,3.1415925,3.1415925,-3.050933,0.0,0.0,0.0,0.0,0.0,0.0,0.0,0.0,0.0,0.0,0.0,-2.863293,-2.709185,-2.6135182,-2.5127964,-2.4149504,-2.4149504,-2.4805496,-2.5308666,-2.642246,-2.642246,-2.6135182,-2.5899377,-2.536048,-2.536048,-2.485897,-2.485897,-2.4468544,-2.4558632,-2.536048,-2.55359,-2.6135182,-2.7744188,-2.8430936,-2.9441972,-3.009041,-3.024484
64,1760879473.5247009,RX1,Walking,46,0.0,18.681541,17.720043,15.524176,15.297058,13.038405,13.0,13.038405,14.3178215,13.601471,14.56022,14.56022,15.524176,15.297058,15.297058,15.297058,14.142136,13.152946,12.041595,11.18034,11.18034,11.18034,11.18034,12.041595,12.0,12.1655245,12.649111,0.0,0.0,0.0,0.0,0.0,0.0,0.0,0.0,0.0,0.0,0.0,11.704699,10.770329,11.18034,9.848858,11.18034,11.704699,12.999999,14.317821,14.764824,15.811389,16.40122,16.27882,15.556349,14.866069,14.142136,13.453625,11.401754,12.206555,13.416409,13.601471,14.56022,15.297058,17.262676,18.439089,18.439089,18.681541,0.0,1.8417432,1.8568478,1.8313987,1.7681919,1.6475682,1.5707964,1.4940244,1.359703,1.2722974,1.2924967,1.2924967,1.3101939,1.3734008,1.3734008,1.3734008,1.4288993,1.418147,1.487655,1.3909428,1.3909428,1.3909428,1.3909428,1.487655,1.5707964,1.735945,1.8925469,0.0,0.0,0.0,0.0,0.0,0.0,0.0,0.0,0.0,0.0,0.0,1.9195673,1.9513026,2.0344439,1.9890207,2.0344439,1.9195673,1.9655875,2.003204,2.0647378,2.176341,2.226492,2.3127437,2.3561945,2.4037776,2.3561945,2.3036115,2.2318394,2.1815224,2.0344439,1.8692952,1.849096,1.7681919,1.7454685,1.7894653,1.7894653,1.8417432
65,1760879473.527231,RX1,Walking,70,0.0,13.341663,14.142136,17.46425,18.681541,18.973665,20.248457,20.396078,18.681541,16.492422,15.297058,14.56022,11.401754,8.0,7.28011,2.236068,1.0,2.236068,4.0,7.8102493,10.0,10.816654,10.816654,11.401754,12.041595,10.198039,11.18034,0.0,0.0,0.0,0.0,0.0,0.0,0.0,0.0,0.0,0.0,0.0,18.35756,17.088007,17.46425,16.124516,13.038405,12.1655245,9.219544,7.2111025,8.062258,9.219544,12.041595,16.03122,16.124516,18.110771,19.104973,21.023798,20.099752,19.026297,21.0,19.0,18.110771,14.142136,12.649111,11.661903,9.433981,8.602325,0.0,1.3439975,1.4288993,1.3397057,1.2998495,1.2490457,1.217806,1.3734008,1.2998495,1.3258177,1.3734008,1.2924967,1.3045443,1.5707964,1.2924967,1.1071488,0.0,-1.1071488,-1.5707964,-0.87605804,-0.9272952,-0.5880026,-0.5880026,-0.26625204,-0.08314123,0.19739556,0.4636476,0.0,0.0,0.0,0.0,0.0,0.0,0.0,0.0,0.0,0.0,0.0,-2.0831857,-1.929567,-1.801887,-1.6951513,-1.6475682,-1.735945,-1.7894653,-2.158799,-2.6224465,-2.9229238,-3.0584514,-3.0791738,-3.0172377,-3.0309355,-3.0367157,-3.0940096,-3.041924,-3.0890095,3.1415925,3.1415925,3.0309355,2.9996955,2.819842,2.6011732,2.5829933,2.1910458
66,1760879473.623342,RX1,Walking,71,0.0,19.416489,19.416489,18.439089,19.646885,18.439089,17.46425,17.262676,15.297058,12.0,12.0,9.055386,8.246211,5.8309517,5.0,4.1231055,4.2426405,4.0,4.0,3.6055512,5.8309517,6.3245554,7.2111025,8.062258,11.045361,9.055386,14.764824,0.0,0.0,0.0,0.0,0.0,0.0,0.0,0.0,0.0,0.0,0.0,10.440307,9.055386,9.055386,11.401754,12.083046,15.231546,18.384775,19.924858,20.880613,22.561028,22.203604,22.203604,20.22375,19.235384,17.262676,15.811388,14.317821,13.038404,14.142136,13.60147,14.317821,15.811388,16.124516,17.117243,18.027758,19.104973,0.0,-1.7782925,-1.7782925,-1.7894653,-1.82812,-1.7894653,-1.801887,-1.7454685,-1.7681919,-1.5707964,-1.5707964,-1.4601392,-1.3258177,-1.0303768,-0.6435011,-0.24497867,0.7853982,1.5707964,1.5707964,2.158799,2.6011732,2.819842,-2.55359,-2.0899425,-1.4801364,-1.4601392,-1.076855,0.0,0.0,0.0,0.0,0.0,0.0,0.0,0.0,0.0,0.0,0.0,0.2914568,0.11065722,-0.11065722,-0.26625204,-0.4266275,-0.4048918,-0.39060703,-0.30587888,-0.2914568,-0.2234766,-0.13552772,-0.13552772,-0.14888994,-0.15660188,-0.1746722,-0.32175055,-0.43240777,-0.5667292,-0.7853982,-0.94200003,-1.1383885,-1.2490457,-1.4464413,-1.4536875,-1.6262949,-1.6756732
67,1760879473.69772,RX1,Walking,68,0.0,12.999999,12.649111,10.198039,8.062258,8.246211,7.2111025,9.219544,10.0,10.0,11.661903,11.661903,13.038404,12.206555,12.7279215,11.401754,11.18034,9.486833,7.071068,6.3245554,5.656854,4.1231055,5.3851647,5.8309517,6.0827622,7.28011,6.4031243,0.0,0.0,0.0,0.0,0.0,0.0,0.0,0.0,0.0,0.0,0.0,18.027756,19.416489,18.027758,20.099752,19.235384,19.646885,17.46425,15.297058,14.3178215,13.038405,12.041595,12.369316,12.999999,13.892444,14.422205,17.029387,16.27882,17.691807,19.104973,19.849434,20.0,20.808653,20.248457,18.867962,18.35756,17.888544,0.0,1.9655875,1.8925469,1.7681919,1.6951513,1.3258177,0.98279375,0.86217004,0.6435011,0.6435011,0.5404195,0.5404195,0.5667292,0.61072594,0.7853982,0.90975314,1.1071488,1.2490457,1.7126933,1.8925469,2.3561945,2.896614,-2.7610862,-2.1112158,-1.735945,-1.2924967,-0.8960554,0.0,0.0,0.0,0.0,0.0,0.0,0.0,0.0,0.0,0.0,0.0,2.8023,2.9340963,3.0860941,-3.041924,2.9849908,-2.884269,-2.910502,-2.9441972,-2.9304993,-3.0648208,3.0584514,2.896614,2.7468016,2.6135182,2.55359,2.4393358,2.3996453,2.3162158,2.3191743,2.284887,2.2142975,2.1854594,2.145101,2.1293957,2.0831857,2.0344439
68,1760879473.759417,RX1,Walking,69,0.0,21.189621,22.803509,15.264338,9.219544,9.219544,2.236068,9.848858,8.062258,8.5440035,13.928389,13.416409,13.453625,17.088007,19.79899,17.029387,17.20465,12.806249,15.620499,6.0827622,5.3851647,1.0,3.1622777,7.2111025,10.198039,9.219544,9.486833,0.0,0.0,0.0,0.0,0.0,0.0,0.0,0.0,0.0,0.0,0.0,9.219544,10.049876,14.142136,18.027758,19.416489,21.213203,17.029385,17.117243,18.027758,21.37756,18.439089,13.0,12.041595,9.486833,8.602325,11.313708,12.083046,11.401754,15.0,15.033297,17.720043,17.720043,20.099752,23.409397,24.166092,24.041632,0.0,-0.3366748,-0.26625204,-0.551655,-0.21866895,-0.86217004,1.1071488,-1.9890207,-2.0899425,-2.782822,-2.7744188,-2.6779451,-2.4087775,-2.782822,-2.3561945,-2.2730532,-2.5213432,-2.2455373,-2.2655346,-1.735945,-1.19029,0.0,0.32175055,0.5880026,1.3734008,1.7894653,1.8925469,0.0,0.0,0.0,0.0,0.0,0.0,0.0,0.0,0.0,0.0,0.0,1.3521274,1.4711276,1.4288993,1.5152978,1.3633001,1.7126933,1.5120405,1.6879051,1.6262949,1.7590178,1.7894653,1.5707964,1.487655,1.2490457,0.95054686,0.7853982,0.4266275,0.26625204,0.0,0.066568166,-0.28605142,-0.28605142,-0.09966865,-0.348771,-0.4266275,-0.29544082
69,1760879473.996834,RX1,Walking,72,0.0,7.615773,7.071068,7.0,7.071068,8.062258,10.630146,11.401754,11.401754,12.206555,13.60147,12.083046,11.18034,12.529964,11.18034,11.401754,11.401754,10.0,8.944272,8.246211,9.055386,7.615773,7.8102493,8.062258,8.062258,8.0,6.3245554,0.0,0.0,0.0,0.0,0.0,0.0,0.0,0.0,0.0,0.0,0.0,12.083046,14.21267,15.556349,17.20465,16.643316,15.231546,12.649111,9.486833,7.28011,4.472136,3.0,5.656854,8.062258,12.083046,15.652476,17.888544,21.023798,21.023798,24.698177,24.351591,24.041632,23.086794,20.615528,17.262676,15.132746,13.038405,0.0,2.7367008,2.3561945,1.5707964,1.4288993,1.0516502,0.8519663,0.90975314,0.66104317,0.61072594,0.6287963,0.4266275,0.4636476,0.49934673,0.4636476,0.66104317,0.66104317,0.9272952,1.1071488,1.3258177,1.6814536,1.9756881,2.2655346,2.6224465,3.0172377,3.1415925,-2.819842,0.0,0.0,0.0,0.0,0.0,0.0,0.0,0.0,0.0,0.0,0.0,-1.1441689,-0.8850668,-0.7853982,-0.6202495,-0.57133746,-0.4048918,-0.32175055,-0.32175055,-0.27829966,-0.4636476,-1.5707964,-2.3561945,-2.6224465,-2.714965,-2.6779451,-2.6779451,-2.6992185,-2.6992185,-2.768605,-2.806856,-2.8461518,-2.83354,-2.896614,-2.9669204,-3.009041,3.0648208
70,1760879474.0810099,RX1,Walking,47,0.0,17.0,16.643316,16.40122,15.620499,15.556349,16.27882,16.40122,16.40122,15.811389,15.811389,15.811389,16.643316,16.124516,15.264338,15.264338,15.264338,13.892444,13.892444,13.892444,14.422205,13.60147,14.21267,14.142136,13.453625,13.60147,13.892444,0.0,0.0,0.0,0.0,0.0,0.0,0.0,0.0,0.0,0.0,0.0,12.206555,12.529964,12.529964,13.892444,15.231546,15.231546,16.763054,17.46425,17.262676,18.027758,17.0,16.0,16.0,15.0,14.035668,14.142136,13.341663,13.601471,16.552946,17.464249,17.888544,19.235384,19.235384,20.124613,20.124613,19.235384,0.0,-2.0607536,-2.1421337,-2.226492,-2.2655346,-2.3561945,-2.3996453,-2.485897,-2.485897,-2.536048,-2.536048,-2.536048,-2.5702553,-2.6224465,-2.5899377,-2.5899377,-2.5899377,-2.6135182,-2.6135182,-2.6135182,-2.55359,-2.5127964,-2.4558632,-2.3561945,-2.3036115,-2.1995926,-2.0988708,0.0,0.0,0.0,0.0,0.0,0.0,0.0,0.0,0.0,0.0,0.0,-2.1815224,-2.070143,-2.070143,-2.0988708,-1.9756881,-1.9756881,-1.8736812,-1.801887,-1.7454685,-1.6262949,-1.5707964,-1.5707964,-1.5707964,-1.5707964,-1.6421038,-1.7126933,-1.7975951,-1.8692952,-2.0074234,-1.9832067,-2.0344439,-2.0576956,-2.0576956,-2.0344439,-2.0344439,-2.0576956
71,1760879474.085257,RX1,Walking,47,0.0,14.86607,14.86607,13.341663,13.152946,13.038405,13.0,14.035668,14.035668,14.142136,14.142136,14.3178215,14.3178215,14.3178215,14.3178215,13.341663,13.601471,13.601471,13.601471,13.341663,13.341663,14.3178215,14.142136,14.035668,14.0,13.038405,13.341663,0.0,0.0,0.0,0.0,0.0,0.0,0.0,0.0,0.0,0.0,0.0,11.661903,11.661903,12.206555,13.038404,13.60147,15.620499,16.27882,16.970562,17.029387,17.20465,15.811389,15.811389,14.422205,14.422205,13.60147,13.453625,13.453625,12.806249,13.60147,13.892444,15.652476,15.652476,16.552946,16.552946,16.552946,15.652476,0.0,-2.7985687,-2.7985687,-2.9147937,-2.9889433,-3.0648208,3.1415925,3.070285,3.070285,2.9996955,2.9996955,2.9304993,2.9304993,2.9304993,2.9304993,2.9147937,2.8430936,2.8430936,2.8430936,2.9147937,2.9147937,2.9304993,2.9996955,3.070285,3.1415925,-3.0648208,-2.9147937,0.0,0.0,0.0,0.0,0.0,0.0,0.0,0.0,0.0,0.0,0.0,-2.6011732,-2.6011732,-2.5308666,-2.5748634,-2.5127964,-2.4468544,-2.3996453,-2.3561945,-2.2730532,-2.1910458,-2.176341,-2.176341,-2.158799,-2.158799,-2.1995926,-2.3036115,-2.4087775,-2.4668517,-2.5127964,-2.6135182,-2.6779451,-2.6779451,-2.7049656,-2.7049656,-2.7049656,-2.6779451
72,1760879474.1743748,RX1,Walking,47,0.0,13.453625,14.142136,13.60147,12.529964,12.083046,12.999999,13.601471,14.56022,13.341663,13.341663,13.341663,14.3178215,13.341663,13.341663,12.369316,12.369316,11.18034,10.198039,11.18034,11.18034,11.401754,11.401754,11.704699,11.18034,10.816654,10.630146,0.0,0.0,0.0,0.0,0.0,0.0,0.0,0.0,0.0,0.0,0.0,9.219544,9.219544,9.899495,12.041595,12.806249,13.038404,14.764824,15.231546,14.86607,14.56022,14.3178215,13.341663,12.1655245,12.369316,10.440307,10.770329,10.29563,12.206555,14.21267,14.21267,15.620499,16.27882,16.27882,16.27882,16.27882,15.620499,0.0,0.7328151,0.7853982,0.6287963,0.49934673,0.4266275,0.39479113,0.29849893,0.27829966,0.22679885,0.22679885,0.22679885,0.21109334,0.22679885,0.22679885,0.24497867,0.24497867,0.1798535,0.19739556,0.1798535,0.1798535,0.26625204,0.26625204,0.348771,0.4636476,0.5880026,0.71883,0.0,0.0,0.0,0.0,0.0,0.0,0.0,0.0,0.0,0.0,0.0,0.7086263,0.7086263,0.7853982,0.844154,0.8960554,1.0040671,1.076855,1.1659045,1.2277724,1.2924967,1.359703,1.3439975,1.4056476,1.3258177,1.2793396,1.19029,1.0636978,0.9600704,0.8850668,0.8850668,0.87605804,0.8288491,0.8288491,0.8288491,0.8288491,0.87605804
73,1760879474.207386,RX1,Walking,47,0.0,15.811388,15.811388,14.56022,14.3178215,14.142136,14.0,15.0,15.033297,14.142136,15.132746,14.035668,14.035668,14.142136,14.142136,13.152946,13.152946,12.1655245,12.369316,12.369316,12.1655245,13.152946,13.038405,13.0,13.038405,12.369316,11.704699,0.0,0.0,0.0,0.0,0.0,0.0,0.0,0.0,0.0,0.0,0.0,11.18034,10.29563,11.661903,12.529964,13.038404,14.21267,15.620499,15.556349,16.27882,15.811389,15.811389,15.264338,14.422205,13.60147,12.806249,12.7279215,12.806249,12.206555,15.264338,15.652476,16.552946,17.0,17.888544,17.888544,17.888544,17.0,0.0,-2.819842,-2.819842,-2.863293,-2.9304993,-2.9996955,3.1415925,3.1415925,3.0750246,2.9996955,3.009041,3.070285,3.070285,2.9996955,2.9996955,2.9889433,2.9889433,2.976444,2.896614,2.896614,2.976444,2.9889433,3.0648208,3.1415925,-3.0648208,-2.896614,-2.7928216,0.0,0.0,0.0,0.0,0.0,0.0,0.0,0.0,0.0,0.0,0.0,-2.6779451,-2.634494,-2.6011732,-2.642246,-2.5748634,-2.4558632,-2.4468544,-2.3561945,-2.3127437,-2.176341,-2.176341,-2.1224513,-2.158799,-2.1995926,-2.2455373,-2.3561945,-2.4668517,-2.5308666,-2.5899377,-2.6779451,-2.7049656,-2.6516354,-2.6779451,-2.6779451,-2.6779451,-2.6516354
74,1760879474.2247272,RX1,Walking,47,0.0,13.453625,13.453625,12.806249,11.661903,12.083046,11.704699,12.649111,13.341663,13.341663,13.152946,13.152946,13.152946,13.152946,13.152946,13.152946,13.152946,12.041595,13.038405,13.152946,13.038405,13.152946,12.369316,12.649111,12.999999,12.529964,12.206555,0.0,0.0,0.0,0.0,0.0,0.0,0.0,0.0,0.0,0.0,0.0,9.899495,10.630146,10.630146,11.401754,12.206555,13.038404,14.764824,15.231546,15.811388,15.524176,15.524176,14.3178215,13.341663,12.369316,12.369316,11.704699,11.18034,11.661903,12.206555,13.453625,13.453625,14.866069,14.866069,15.556349,14.866069,14.866069,0.0,0.7328151,0.7328151,0.67474097,0.5404195,0.4266275,0.348771,0.32175055,0.22679885,0.22679885,0.15264933,0.15264933,0.15264933,0.15264933,0.15264933,0.15264933,0.15264933,0.08314123,0.07677189,0.15264933,0.07677189,0.15264933,0.24497867,0.32175055,0.39479113,0.49934673,0.61072594,0.0,0.0,0.0,0.0,0.0,0.0,0.0,0.0,0.0,0.0,0.0,0.7853982,0.8519663,0.8519663,0.90975314,0.9600704,1.0040671,1.076855,1.1659045,1.2490457,1.3101939,1.3101939,1.359703,1.3439975,1.3258177,1.3258177,1.2220253,1.1071488,1.0303768,0.9600704,0.8379812,0.8379812,0.8329813,0.8329813,0.7853982,0.8329813,0.8329813
75,1760879474.245325,RX1,Walking,47,0.0,13.341663,13.152946,13.341663,11.704699,12.083046,12.529964,12.206555,12.806249,13.453625,13.453625,13.453625,13.453625,13.453625,13.453625,12.7279215,12.7279215,12.7279215,12.7279215,12.7279215,12.7279215,12.7279215,12.806249,12.806249,12.529964,12.083046,11.704699,0.0,0.0,0.0,0.0,0.0,0.0,0.0,0.0,0.0,0.0,0.0,10.0,10.0,11.0,12.041595,13.038405,14.142136,15.297058,15.811388,15.231546,15.652476,14.764824,14.764824,13.892444,12.529964,12.083046,11.704699,11.401754,12.1655245,13.038405,13.0,14.035668,15.033297,15.033297,15.033297,15.033297,15.033297,0.0,1.3439975,1.418147,1.3439975,1.2220253,1.1441689,1.0714496,0.9600704,0.8960554,0.8379812,0.8379812,0.8379812,0.8379812,0.8379812,0.8379812,0.7853982,0.7853982,0.7853982,0.7853982,0.7853982,0.7853982,0.7853982,0.8960554,0.8960554,1.0714496,1.1441689,1.2220253,0.0,0.0,0.0,0.0,0.0,0.0,0.0,0.0,0.0,0.0,0.0,1.5707964,1.5707964,1.5707964,1.6539376,1.6475682,1.7126933,1.7681919,1.8925469,1.9756881,2.0344439,2.0647378,2.0647378,2.0988708,2.070143,1.9974238,1.9195673,1.8370484,1.735945,1.6475682,1.5707964,1.4994888,1.5042281,1.5042281,1.5042281,1.5042281,1.5042281
76,1760879474.256644,RX1,Walking,47,0.0,15.524176,15.132746,15.033297,14.0,14.035668,14.142136,15.297058,15.297058,15.524176,15.524176,15.524176,15.811388,15.811388,15.811388,14.56022,14.86607,14.86607,14.86607,14.86607,14.56022,15.524176,15.132746,15.132746,15.033297,14.035668,14.142136,0.0,0.0,0.0,0.0,0.0,0.0,0.0,0.0,0.0,0.0,0.0,12.1655245,12.1655245,12.369316,13.341663,14.56022,15.811388,16.155495,17.0,17.20465,17.20465,17.029387,16.27882,14.866069,14.21267,13.60147,13.038404,13.416409,12.999999,13.601471,14.56022,15.524176,16.492422,16.492422,17.46425,17.46425,17.720043,0.0,-1.3101939,-1.4382448,-1.5042281,-1.5707964,-1.6421038,-1.7126933,-1.7681919,-1.7681919,-1.8313987,-1.8313987,-1.8313987,-1.8925469,-1.8925469,-1.8925469,-1.849096,-1.9138203,-1.9138203,-1.9138203,-1.9138203,-1.849096,-1.8313987,-1.7033478,-1.7033478,-1.6373645,-1.4994888,-1.4288993,0.0,0.0,0.0,0.0,0.0,0.0,0.0,0.0,0.0,0.0,0.0,-1.4056476,-1.4056476,-1.3258177,-1.3439975,-1.2924967,-1.2490457,-1.19029,-1.080839,-0.95054686,-0.95054686,-0.8685394,-0.8288491,-0.8329813,-0.8850668,-0.94200003,-1.0040671,-1.1071488,-1.1760052,-1.2722974,-1.2924967,-1.3101939,-1.3258177,-1.3258177,-1.3397057,-1.3397057,-1.2847449
77,1760879474.2596421,RX1,Walking,47,0.0,13.892444,13.416409,12.999999,12.649111,12.369316,12.1655245,13.038405,13.038405,14.0,14.035668,14.0,14.0,13.0,13.0,13.0,12.041595,13.038405,13.038405,13.038405,13.0,13.0,13.038405,13.341663,13.601471,12.999999,12.529964,0.0,0.0,0.0,0.0,0.0,0.0,0.0,0.0,0.0,0.0,0.0,11.401754,10.630146,11.401754,11.401754,12.806249,13.453625,14.866069,14.866069,15.620499,16.643316,16.124516,16.124516,14.764824,13.416409,13.038404,12.206555,12.041595,12.7279215,12.806249,13.60147,14.422205,14.422205,16.643316,16.643316,16.643316,15.811389,0.0,2.0988708,2.0344439,1.9655875,1.8925469,1.815775,1.735945,1.6475682,1.6475682,1.5707964,1.6421038,1.5707964,1.5707964,1.5707964,1.5707964,1.5707964,1.487655,1.4940244,1.4940244,1.4940244,1.5707964,1.5707964,1.6475682,1.7975951,1.8692952,1.9655875,2.070143,0.0,0.0,0.0,0.0,0.0,0.0,0.0,0.0,0.0,0.0,0.0,2.2318394,2.2896264,2.2318394,2.2318394,2.2455373,2.3036115,2.3086114,2.4037776,2.4468544,2.5702553,2.6224465,2.6224465,2.6476512,2.6779451,2.5748634,2.5308666,2.4149504,2.3561945,2.2455373,2.1995926,2.158799,2.158799,2.1421337,2.1421337,2.1421337,2.176341
78,1760879474.3566022,RX1,Walking,46,0.0,14.56022,15.524176,14.86607,13.928389,14.317821,13.892444,14.422205,14.422205,15.0,14.21267,15.0,14.866069,14.866069,14.142136,14.142136,14.142136,13.453625,14.142136,14.142136,14.142136,14.866069,14.21267,14.422205,13.892444,12.999999,12.649111,0.0,0.0,0.0,0.0,0.0,0.0,0.0,0.0,0.0,0.0,0.0,12.1655245,12.041595,13.038405,13.0,14.0,15.033297,16.124516,16.27882,16.492422,16.763054,15.811388,14.86607,14.86607,13.928389,13.601471,13.341663,14.035668,14.035668,15.0,15.033297,16.03122,16.03122,16.124516,16.124516,16.124516,16.124516,0.0,-1.849096,-1.8313987,-1.9138203,-1.9379702,-2.003204,-2.0988708,-2.158799,-2.158799,-2.2142975,-2.2565258,-2.2142975,-2.3086114,-2.3086114,-2.3561945,-2.3561945,-2.3561945,-2.4087775,-2.3561945,-2.3561945,-2.3561945,-2.3086114,-2.2565258,-2.158799,-2.0988708,-1.9655875,-1.8925469,0.0,0.0,0.0,0.0,0.0,0.0,0.0,0.0,0.0,0.0,0.0,-1.735945,-1.6539376,-1.6475682,-1.5707964,-1.5707964,-1.5042281,-1.4464413,-1.3854483,-1.3258177,-1.2679114,-1.2490457,-1.2277724,-1.2277724,-1.2036225,-1.2722974,-1.3439975,-1.4994888,-1.4994888,-1.5707964,-1.6373645,-1.6332152,-1.6332152,-1.6951513,-1.6951513,-1.6951513,-1.6951513
79,1760879474.4139771,RX1,Walking,46,0.0,14.317821,13.892444,13.416409,12.649111,12.369316,13.152946,13.152946,13.038405,14.035668,13.038405,13.0,14.0,13.0,13.038405,12.041595,12.041595,12.041595,12.1655245,13.038405,13.038405,13.038405,13.0,13.038405,12.1655245,12.369316,12.083046,0.0,0.0,0.0,0.0,0.0,0.0,0.0,0.0,0.0,0.0,0.0,11.401754,11.401754,12.041595,12.806249,13.453625,14.866069,15.0,15.811389,16.124516,15.652476,15.652476,15.231546,14.317821,14.317821,13.892444,13.038404,12.806249,13.453625,13.453625,13.453625,15.0,15.620499,15.0,15.811389,15.811389,15.0,0.0,2.003204,2.0988708,2.0344439,1.8925469,1.815775,1.7234457,1.7234457,1.6475682,1.6421038,1.6475682,1.5707964,1.5707964,1.5707964,1.4940244,1.487655,1.487655,1.487655,1.4056476,1.4940244,1.4940244,1.4940244,1.5707964,1.6475682,1.735945,1.815775,1.9974238,0.0,0.0,0.0,0.0,0.0,0.0,0.0,0.0,0.0,0.0,0.0,2.2318394,2.2318394,2.2974386,2.2455373,2.3036115,2.4037776,2.4980915,2.536048,2.6224465,2.6779451,2.6779451,2.7367008,2.709185,2.709185,2.6135182,2.5748634,2.4668517,2.4087775,2.3036115,2.3036115,2.2142975,2.2655346,2.2142975,2.176341,2.176341,2.2142975
80,1760879474.474462,RX1,Walking,46,0.0,14.764824,14.317821,12.999999,13.601471,13.341663,13.152946,14.035668,14.035668,14.035668,14.0,14.0,14.0,14.035668,14.035668,13.038405,13.038405,13.038405,13.038405,13.038405,13.038405,14.0,13.038405,13.152946,13.152946,12.649111,12.083046,0.0,0.0,0.0,0.0,0.0,0.0,0.0,0.0,0.0,0.0,0.0,11.18034,11.661903,11.661903,12.206555,13.60147,14.21267,15.556349,15.620499,15.811389,15.811389,15.264338,13.892444,13.892444,13.038404,12.206555,12.806249,12.7279215,12.041595,13.60147,13.60147,14.422205,15.264338,15.264338,15.264338,15.264338,15.264338,0.0,-1.076855,-1.1383885,-1.1760052,-1.2722974,-1.3439975,-1.418147,-1.4994888,-1.4994888,-1.4994888,-1.5707964,-1.5707964,-1.5707964,-1.6421038,-1.6421038,-1.6475682,-1.6475682,-1.6475682,-1.6475682,-1.6475682,-1.6475682,-1.5707964,-1.4940244,-1.418147,-1.418147,-1.2490457,-1.1441689,0.0,0.0,0.0,0.0,0.0,0.0,0.0,0.0,0.0,0.0,0.0,-1.1071488,-1.0303768,-1.0303768,-0.9600704,-0.94200003,-0.8850668,-0.7853982,-0.69473827,-0.6055447,-0.6055447,-0.551655,-0.52807444,-0.52807444,-0.5667292,-0.61072594,-0.67474097,-0.7853982,-0.844154,-0.94200003,-0.94200003,-0.98279375,-1.0191413,-1.0191413,-1.0191413,-1.0191413,-1.0191413
81,1760879474.496265,RX1,Walking,46,0.0,14.21267,13.038404,13.416409,12.999999,13.928389,13.601471,14.56022,14.3178215,14.3178215,14.3178215,15.297058,14.142136,14.142136,14.142136,13.038405,13.038405,13.038405,14.0,14.035668,14.035668,14.142136,14.3178215,14.56022,12.999999,13.416409,12.206555,0.0,0.0,0.0,0.0,0.0,0.0,0.0,0.0,0.0,0.0,0.0,12.041595,12.041595,12.041595,12.041595,12.041595,14.21267,15.0,15.264338,15.652476,15.652476,15.231546,14.86607,13.928389,13.928389,12.999999,12.529964,11.661903,12.806249,13.453625,14.142136,14.866069,14.866069,15.620499,15.620499,15.620499,15.620499,0.0,-0.8850668,-1.0040671,-1.1071488,-1.1760052,-1.2036225,-1.2722974,-1.2924967,-1.359703,-1.359703,-1.359703,-1.3734008,-1.4288993,-1.4288993,-1.4288993,-1.4940244,-1.4940244,-1.4940244,-1.5707964,-1.4994888,-1.4994888,-1.4288993,-1.359703,-1.2924967,-1.1760052,-1.1071488,-0.9600704,0.0,0.0,0.0,0.0,0.0,0.0,0.0,0.0,0.0,0.0,0.0,-0.844154,-0.7266423,-0.7266423,-0.7266423,-0.7266423,-0.6857295,-0.6435011,-0.551655,-0.4636476,-0.4636476,-0.4048918,-0.34302393,-0.36717382,-0.36717382,-0.39479113,-0.49934673,-0.5404195,-0.67474097,-0.7328151,-0.7853982,-0.8329813,-0.8329813,-0.87605804,-0.87605804,-0.87605804,-0.87605804
82,1760879474.498604,RX1,Walking,46,0.0,13.928389,12.649111,12.369316,12.1655245,12.041595,12.0,13.038405,13.038405,13.152946,13.152946,13.152946,13.152946,13.152946,13.152946,12.1655245,12.1655245,12.1655245,12.369316,12.369316,12.1655245,13.152946,13.038405,13.0,13.038405,12.1655245,11.704699,0.0,0.0,0.0,0.0,0.0,0.0,0.0,0.0,0.0,0.0,0.0,10.770329,11.18034,11.18034,12.529964,13.038404,13.60147,14.21267,14.866069,14.866069,15.620499,15.0,14.422205,13.60147,12.806249,12.041595,12.041595,12.041595,12.206555,13.038404,13.416409,13.416409,14.317821,14.317821,15.652476,15.231546,14.317821,0.0,1.9379702,1.8925469,1.815775,1.735945,1.6539376,1.5707964,1.4940244,1.4940244,1.418147,1.418147,1.418147,1.418147,1.418147,1.418147,1.4056476,1.4056476,1.4056476,1.3258177,1.3258177,1.4056476,1.418147,1.4940244,1.5707964,1.6475682,1.735945,1.9195673,0.0,0.0,0.0,0.0,0.0,0.0,0.0,0.0,0.0,0.0,0.0,1.9513026,2.0344439,2.0344439,2.070143,2.1375256,2.1995926,2.2565258,2.3086114,2.4037776,2.4468544,2.4980915,2.55359,2.5127964,2.4668517,2.4149504,2.4149504,2.2974386,2.1815224,2.1375256,2.0344439,2.0344439,2.003204,2.003204,2.0344439,1.9756881,2.003204
83,1760879474.522431,RX1,Walking,46,0.0,15.620499,16.970562,16.27882,16.27882,15.620499,15.0,15.0,13.60147,13.892444,12.529964,12.999999,13.928389,13.601471,14.56022,14.56022,14.56022,15.811388,14.86607,15.231546,14.317821,14.764824,13.892444,13.038404,13.038404,12.806249,12.041595,0.0,0.0,0.0,0.0,0.0,0.0,0.0,0.0,0.0,0.0,0.0,15.0,15.264338,15.231546,14.56022,14.3178215,14.142136,14.142136,13.341663,13.152946,13.341663,14.56022,14.56022,14.56022,15.524176,15.524176,15.524176,15.524176,15.524176,15.811388,14.86607,14.317821,13.416409,13.892444,13.60147,14.21267,14.21267,0.0,-2.4468544,-2.3561945,-2.3996453,-2.3996453,-2.4468544,-2.4980915,-2.4980915,-2.5127964,-2.6135182,-2.642246,-2.7468016,-2.7744188,-2.8430936,-2.863293,-2.863293,-2.863293,-2.819842,-2.7985687,-2.7367008,-2.709185,-2.6476512,-2.6135182,-2.5748634,-2.5748634,-2.4668517,-2.4149504,0.0,0.0,0.0,0.0,0.0,0.0,0.0,0.0,0.0,0.0,0.0,-2.2142975,-2.1224513,-1.9756881,-1.849096,-1.7818897,-1.7126933,-1.7126933,-1.7975951,-1.7234457,-1.7975951,-1.849096,-1.849096,-1.849096,-1.8313987,-1.8313987,-1.8313987,-1.8313987,-1.8313987,-1.8925469,-1.9138203,-2.003204,-2.0344439,-2.0988708,-2.1995926,-2.2565258,-2.2565258
84,1760879474.526742,RX1,Walking,46,0.0,15.132746,16.27882,16.27882,15.297058,15.132746,14.142136,14.142136,13.0,13.0,12.1655245,12.1655245,13.341663,13.601471,13.601471,13.601471,14.56022,14.56022,14.3178215,15.132746,14.142136,14.035668,13.0,13.0,13.038405,12.041595,12.1655245,0.0,0.0,0.0,0.0,0.0,0.0,0.0,0.0,0.0,0.0,0.0,14.56022,14.317821,15.264338,15.0,14.866069,14.142136,13.453625,13.453625,12.7279215,12.7279215,13.453625,13.453625,14.21267,14.866069,15.620499,15.620499,15.620499,15.620499,15.620499,15.0,13.60147,13.892444,13.416409,13.928389,13.601471,14.56022,0.0,-3.009041,-2.9562447,-2.9562447,-2.9441972,-3.009041,-2.9996955,-2.9996955,3.1415925,3.1415925,2.976444,2.976444,2.9147937,2.8430936,2.8430936,2.8430936,2.863293,2.863293,2.9304993,3.009041,2.9996955,3.070285,3.1415925,3.1415925,-3.0648208,-3.0584514,-2.976444,0.0,0.0,0.0,0.0,0.0,0.0,0.0,0.0,0.0,0.0,0.0,-2.863293,-2.709185,-2.5899377,-2.4980915,-2.4037776,-2.3561945,-2.3036115,-2.3036115,-2.3561945,-2.3561945,-2.4087775,-2.4087775,-2.4558632,-2.4037776,-2.4468544,-2.4468544,-2.4468544,-2.4468544,-2.4468544,-2.4980915,-2.5127964,-2.6135182,-2.6779451,-2.7744188,-2.8430936,-2.863293
85,1760879474.574229,RX1,Walking,46,0.0,17.262676,17.029385,16.124516,14.142136,13.152946,13.601471,12.999999,12.529964,13.892444,13.60147,14.21267,15.0,15.0,15.0,15.0,14.422205,14.422205,14.422205,13.892444,13.038404,13.892444,13.892444,13.416409,12.999999,13.601471,13.341663,0.0,0.0,0.0,0.0,0.0,0.0,0.0,0.0,0.0,0.0,0.0,15.033297,14.142136,14.56022,13.601471,12.649111,13.601471,13.601471,14.56022,15.524176,16.763054,17.088007,17.464249,17.464249,17.0,16.552946,15.652476,15.231546,13.928389,13.601471,13.341663,13.038405,14.0,15.033297,15.132746,16.124516,16.124516,0.0,2.9669204,3.0828369,3.0172377,2.9996955,2.9889433,2.8430936,2.7468016,2.642246,2.6135182,2.5127964,2.4558632,2.4980915,2.4980915,2.4980915,2.4980915,2.55359,2.55359,2.55359,2.6135182,2.5748634,2.6135182,2.6135182,2.6779451,2.7468016,2.8430936,2.9147937,0.0,0.0,0.0,0.0,0.0,0.0,0.0,0.0,0.0,0.0,0.0,-3.0750246,-2.9996955,-2.863293,-2.8430936,-2.819842,-2.8430936,-2.8430936,-2.863293,-2.8809903,-2.8387077,-2.782822,-2.7291822,-2.7291822,-2.6516354,-2.7049656,-2.6779451,-2.7367008,-2.7744188,-2.8430936,-2.9147937,-3.0648208,3.1415925,3.0750246,3.009041,3.0172377,3.0172377
86,1760879474.5778902,RX1,Walking,46,0.0,16.124516,15.033297,15.033297,14.0,13.0,12.041595,12.369316,11.704699,12.083046,12.529964,13.416409,13.892444,14.764824,14.764824,14.317821,14.317821,13.928389,13.928389,12.649111,12.649111,12.649111,12.369316,12.369316,12.1655245,13.038405,13.038405,0.0,0.0,0.0,0.0,0.0,0.0,0.0,0.0,0.0,0.0,0.0,14.035668,14.3178215,12.649111,12.999999,12.083046,12.083046,12.999999,12.999999,13.928389,15.231546,15.652476,16.124516,16.124516,16.643316,15.811389,14.422205,14.422205,13.038404,12.083046,11.704699,12.369316,13.152946,13.038405,15.033297,16.0,17.029385,0.0,1.6951513,1.6373645,1.6373645,1.5707964,1.5707964,1.487655,1.3258177,1.2220253,1.1441689,1.0714496,1.1071488,1.0427219,1.076855,1.076855,1.1383885,1.1383885,1.2036225,1.2036225,1.2490457,1.2490457,1.2490457,1.3258177,1.3258177,1.4056476,1.4940244,1.6475682,0.0,0.0,0.0,0.0,0.0,0.0,0.0,0.0,0.0,0.0,0.0,1.6421038,1.7818897,1.8925469,1.9655875,1.9974238,1.9974238,1.9655875,1.9655875,1.9379702,1.9756881,2.0344439,2.0899425,2.0899425,2.1421337,2.176341,2.158799,2.158799,2.1375256,1.9974238,1.9195673,1.815775,1.7234457,1.6475682,1.6373645,1.5707964,1.6295521
87,1760879474.660149,RX1,Walking,46,0.0,17.720043,16.27882,16.27882,14.56022,13.601471,13.928389,13.416409,13.038404,13.038404,12.806249,13.453625,14.21267,14.866069,14.866069,14.142136,14.866069,14.21267,14.21267,13.60147,13.60147,13.60147,13.038404,13.892444,13.416409,12.999999,13.341663,0.0,0.0,0.0,0.0,0.0,0.0,0.0,0.0,0.0,0.0,0.0,16.124516,15.0,15.033297,14.142136,13.152946,13.152946,14.142136,14.142136,15.132746,16.124516,16.27882,17.46425,17.46425,16.763054,16.763054,15.811388,15.524176,14.3178215,14.142136,14.035668,14.0,14.035668,15.297058,15.524176,15.524176,16.492422,0.0,2.8555412,2.9562447,2.9562447,2.863293,2.8430936,2.7744188,2.6779451,2.5748634,2.5748634,2.4668517,2.4087775,2.4558632,2.4037776,2.4037776,2.3561945,2.4037776,2.4558632,2.4558632,2.5127964,2.5127964,2.5127964,2.5748634,2.6135182,2.6779451,2.7468016,2.9147937,0.0,0.0,0.0,0.0,0.0,0.0,0.0,0.0,0.0,0.0,0.0,3.0172377,3.1415925,-3.0750246,-2.9996955,-2.9889433,-2.9889433,-2.9996955,-2.9996955,-3.009041,-3.0172377,-2.9562447,-2.910502,-2.910502,-2.8387077,-2.8387077,-2.819842,-2.8809903,-2.9304993,-2.9996955,-3.070285,3.1415925,3.070285,2.9441972,2.8809903,2.8809903,2.896614
88,1760879474.706985,RX1,Walking,68,0.0,18.681541,16.124516,13.038405,11.18034,10.770329,11.401754,11.313708,13.038404,13.416409,12.999999,13.928389,15.811388,15.231546,15.652476,14.764824,14.764824,12.206555,10.630146,7.8102493,5.8309517,3.6055512,1.0,2.236068,4.472136,7.2111025,9.899495,0.0,0.0,0.0,0.0,0.0,0.0,0.0,0.0,0.0,0.0,0.0,5.8309517,8.602325,10.0,13.453625,15.620499,17.492855,18.384775,18.973665,18.248287,15.033297,14.035668,12.041595,10.198039,8.944272,8.485281,9.848858,12.369316,15.132746,18.248287,21.213203,22.36068,24.331049,25.70992,24.5153,24.5153,23.769728,0.0,-1.2998495,-1.4464413,-1.6475682,-1.7506498,-1.9513026,-2.2318394,-2.3561945,-2.5748634,-2.6779451,-2.7468016,-2.7744188,-2.819842,-2.7367008,-2.6779451,-2.6476512,-2.6476512,-2.5308666,-2.4227626,-2.2655346,-2.1112158,-2.158799,3.1415925,2.0344439,2.0344439,2.158799,2.3561945,0.0,0.0,0.0,0.0,0.0,0.0,0.0,0.0,0.0,0.0,0.0,-1.0303768,-0.95054686,-0.9272952,-0.8379812,-0.69473827,-0.5404195,-0.39060703,-0.32175055,-0.16514868,-0.066568166,-0.071307465,-0.08314123,-0.19739556,-0.4636476,-0.7853982,-1.152572,-1.3258177,-1.4382448,-1.4056476,-1.4288993,-1.3909428,-1.4056476,-1.3352513,-1.3654009,-1.3654009,-1.315614
89,1760879474.811266,RX1,Walking,69,0.0,18.35756,20.248457,21.633308,20.59126,21.095022,19.723083,18.027756,13.892444,12.529964,10.198039,8.062258,6.0,5.0,5.8309517,7.071068,10.049876,10.0,13.0,14.035668,14.142136,15.297058,13.928389,13.416409,14.21267,10.630146,8.062258,0.0,0.0,0.0,0.0,0.0,0.0,0.0,0.0,0.0,0.0,0.0,10.630146,10.0,8.602325,5.3851647,3.6055512,2.0,4.472136,7.2111025,10.630146,12.041595,16.40122,17.804493,18.027756,18.867962,18.35756,17.888544,16.124516,16.124516,13.60147,12.041595,8.485281,6.3245554,6.0,8.062258,10.630146,12.806249,0.0,0.5123895,0.5743048,0.5880026,0.5070985,0.5485494,0.53172404,0.5880026,0.52807444,0.49934673,0.19739556,0.124354996,0.0,-0.6435011,-1.0303768,-1.4288993,-1.4711276,-1.5707964,-1.5707964,-1.4994888,-1.4288993,-1.3734008,-1.2036225,-1.1071488,-0.8850668,-0.8519663,-0.5191461,0.0,0.0,0.0,0.0,0.0,0.0,0.0,0.0,0.0,0.0,0.0,-2.4227626,-2.2142975,-2.1910458,-1.9513026,-2.158799,3.1415925,2.0344439,2.158799,2.2896264,2.2974386,2.485897,2.4756234,2.55359,2.5829933,2.629203,2.6779451,2.6224465,2.6224465,2.5127964,2.4149504,2.3561945,1.8925469,1.5707964,1.0516502,0.8519663,0.67474097
90,1760879474.92639,RX1,Walking,47,0.0,13.416409,14.764824,15.231546,14.86607,15.811388,15.524176,15.524176,15.297058,14.3178215,13.341663,13.152946,13.038405,13.038405,12.0,12.041595,12.041595,11.045361,12.041595,12.041595,12.041595,12.0,12.041595,12.1655245,11.18034,10.440307,10.770329,0.0,0.0,0.0,0.0,0.0,0.0,0.0,0.0,0.0,0.0,0.0,13.60147,14.21267,14.866069,15.811389,16.124516,16.552946,15.811388,15.524176,14.3178215,13.601471,12.649111,12.999999,12.083046,13.038404,13.60147,15.0,15.0,16.40122,17.804493,17.804493,17.804493,17.804493,16.27882,16.27882,15.556349,14.866069,0.0,-2.6779451,-2.6476512,-2.7367008,-2.7985687,-2.819842,-2.8809903,-2.8809903,-2.9441972,-2.9304993,-2.9147937,-2.9889433,-3.0648208,-3.0648208,3.1415925,3.0584514,3.0584514,3.050933,3.0584514,3.0584514,3.0584514,3.1415925,-3.0584514,-2.976444,-2.961739,-2.8501358,-2.7610862,0.0,0.0,0.0,0.0,0.0,0.0,0.0,0.0,0.0,0.0,0.0,-2.5127964,-2.4558632,-2.3086114,-2.176341,-2.0899425,-2.0074234,-1.8925469,-1.8313987,-1.7818897,-1.8692952,-1.8925469,-1.9655875,-1.9974238,-2.1375256,-2.1995926,-2.2142975,-2.2142975,-2.226492,-2.2367656,-2.2367656,-2.2367656,-2.2367656,-2.3127437,-2.3127437,-2.3561945,-2.4037776
91,1760879474.95,RX1,Walking,69,0.0,11.18034,10.198039,7.615773,7.8102493,10.198039,12.041595,15.0,17.0,16.0,16.0,17.029385,17.0,16.0,15.0,13.038405,11.045361,8.062258,7.071068,5.3851647,3.6055512,3.6055512,5.0,6.0827622,8.062258,9.0,11.0,0.0,0.0,0.0,0.0,0.0,0.0,0.0,0.0,0.0,0.0,0.0,6.3245554,9.219544,11.18034,13.038405,14.142136,17.720043,17.464249,17.0,16.124516,14.142136,12.041595,8.602325,6.7082043,4.0,5.0,7.615773,11.401754,14.3178215,19.416489,21.587034,22.803509,25.0,24.041632,23.086794,22.472204,20.248457,0.0,0.1798535,0.19739556,-0.4048918,-0.87605804,-1.3734008,-1.487655,-1.5707964,-1.5707964,-1.5707964,-1.5707964,-1.6295521,-1.5707964,-1.5707964,-1.5707964,-1.6475682,-1.6614562,-1.6951513,-1.7126933,-1.9513026,-2.158799,-2.55359,3.1415925,2.976444,3.0172377,3.1415925,3.1415925,0.0,0.0,0.0,0.0,0.0,0.0,0.0,0.0,0.0,0.0,0.0,1.2490457,1.3521274,1.3909428,1.6475682,1.7126933,1.8568478,1.9832067,2.0607536,2.0899425,2.3561945,2.2974386,2.1910458,2.0344439,1.5707964,0.6435011,0.4048918,0.26625204,0.21109334,0.20749623,0.23374318,0.26625204,0.2837941,0.29544082,0.30805278,0.36397895,0.3529904
92,1760879474.973048,RX1,Walking,47,0.0,17.029387,15.0,14.142136,12.806249,13.038404,13.892444,13.892444,14.317821,13.416409,13.928389,13.928389,12.999999,12.999999,12.999999,11.704699,11.704699,10.770329,10.770329,10.770329,10.770329,10.770329,11.18034,11.661903,10.816654,10.630146,11.313708,0.0,0.0,0.0,0.0,0.0,0.0,0.0,0.0,0.0,0.0,0.0,11.313708,11.313708,12.7279215,13.453625,14.21267,15.811389,17.0,17.464249,18.027756,17.720043,17.46425,16.27882,15.297058,14.3178215,13.341663,13.601471,12.999999,13.416409,15.264338,15.811389,17.20465,17.20465,18.601074,18.601074,18.601074,17.20465,0.0,2.4393358,2.4980915,2.3561945,2.2455373,2.1375256,2.0988708,2.0988708,2.003204,2.0344439,1.9379702,1.9379702,1.9655875,1.9655875,1.9655875,1.9195673,1.9195673,1.9513026,1.9513026,1.9513026,1.9513026,1.9513026,2.0344439,2.1112158,2.158799,2.2896264,2.3561945,0.0,0.0,0.0,0.0,0.0,0.0,0.0,0.0,0.0,0.0,0.0,2.3561945,2.3561945,2.3561945,2.4087775,2.4558632,2.536048,2.6516354,2.7291822,2.8023,2.8555412,2.910502,2.9562447,2.9441972,2.9304993,2.9147937,2.8430936,2.7468016,2.6779451,2.5899377,2.536048,2.5213432,2.5213432,2.508844,2.508844,2.508844,2.5213432
93,1760879474.993263,RX1,Walking,47,0.0,14.866069,13.453625,12.806249,12.206555,12.529964,12.083046,12.649111,12.649111,13.601471,13.341663,13.341663,13.341663,12.369316,12.1655245,12.1655245,12.041595,12.1655245,12.1655245,12.041595,12.041595,12.1655245,12.1655245,12.369316,11.704699,12.083046,11.661903,0.0,0.0,0.0,0.0,0.0,0.0,0.0,0.0,0.0,0.0,0.0,12.041595,12.041595,13.453625,13.60147,15.264338,16.124516,17.464249,18.027756,17.720043,17.46425,17.262676,16.124516,15.132746,14.142136,13.341663,12.649111,13.416409,13.892444,14.422205,14.422205,15.620499,16.40122,17.029387,17.029387,15.620499,15.620499,0.0,2.4037776,2.3036115,2.2455373,2.1815224,2.070143,1.9974238,1.8925469,1.8925469,1.8692952,1.7975951,1.7975951,1.7975951,1.815775,1.735945,1.735945,1.6539376,1.735945,1.735945,1.6539376,1.6539376,1.735945,1.735945,1.815775,1.9195673,1.9974238,2.1112158,0.0,0.0,0.0,0.0,0.0,0.0,0.0,0.0,0.0,0.0,0.0,2.4149504,2.4149504,2.4087775,2.5127964,2.5899377,2.6224465,2.7291822,2.8023,2.8555412,2.910502,2.9669204,3.0172377,3.009041,2.9996955,2.9147937,2.819842,2.6779451,2.6135182,2.55359,2.55359,2.4468544,2.485897,2.4393358,2.4393358,2.4468544,2.4468544
94,1760879475.021893,RX1,Walking,47,0.0,19.0,17.0,16.0,16.03122,15.132746,14.3178215,14.56022,14.86607,12.999999,13.416409,14.317821,14.764824,14.764824,14.317821,15.231546,14.317821,12.999999,12.649111,12.649111,11.704699,11.401754,12.369316,12.369316,12.1655245,12.041595,13.038405,0.0,0.0,0.0,0.0,0.0,0.0,0.0,0.0,0.0,0.0,0.0,14.3178215,14.035668,14.0,14.0,14.0,14.035668,15.033297,16.03122,16.124516,17.262676,17.46425,17.720043,17.088007,16.155495,16.155495,14.86607,14.86607,14.56022,15.297058,15.132746,16.03122,16.0,17.029385,18.027758,19.026297,19.026297,0.0,3.1415925,3.1415925,3.1415925,3.0791738,3.009041,2.9304993,2.863293,2.7985687,2.7468016,2.6779451,2.709185,2.6476512,2.6476512,2.709185,2.7367008,2.709185,2.7468016,2.819842,2.819842,2.7928216,2.8753407,2.896614,2.896614,2.976444,3.0584514,-3.0648208,0.0,0.0,0.0,0.0,0.0,0.0,0.0,0.0,0.0,0.0,0.0,2.9304993,3.070285,3.1415925,3.1415925,3.1415925,-3.070285,-3.0750246,-3.0791738,-3.0172377,-2.9669204,-2.910502,-2.8555412,-2.782822,-2.7610862,-2.7610862,-2.7985687,-2.7985687,-2.863293,-2.9441972,-3.009041,-3.0791738,3.1415925,3.0828369,3.0860941,3.0890095,3.0890095
95,1760879475.040812,RX1,Walking,71,0.0,9.055386,12.369316,14.56022,15.524176,16.124516,17.029385,17.0,16.124516,13.152946,10.440307,10.198039,9.055386,6.0,4.1231055,3.0,6.3245554,7.28011,12.529964,13.892444,15.811389,16.643316,18.027756,17.804493,19.79899,15.620499,14.142136,0.0,0.0,0.0,0.0,0.0,0.0,0.0,0.0,0.0,0.0,0.0,9.055386,11.0,11.045361,10.049876,8.246211,7.615773,5.8309517,2.828427,2.0,3.1622777,5.0,7.0,10.049876,11.0,12.041595,13.038405,13.341663,14.56022,14.86607,13.928389,12.529964,10.816654,8.062258,4.472136,2.0,2.0,0.0,-3.0309355,-2.896614,-2.863293,-2.8809903,-3.0172377,-3.0828369,3.1415925,3.0172377,2.9889433,2.8501358,2.9441972,3.0309355,3.1415925,-2.896614,-1.5707964,-1.2490457,-1.2924967,-1.0714496,-1.0427219,-0.9652517,-0.99945885,-0.98279375,-0.90482706,-0.7853982,-0.69473827,-0.7853982,0.0,0.0,0.0,0.0,0.0,0.0,0.0,0.0,0.0,0.0,0.0,-1.6814536,-1.5707964,-1.4801364,-1.4711276,-1.3258177,-1.1659045,-1.0303768,-0.7853982,0.0,1.2490457,1.5707964,1.5707964,1.670465,1.5707964,1.487655,1.4940244,1.3439975,1.2924967,1.2277724,1.2036225,1.0714496,0.98279375,1.0516502,1.1071488,1.5707964,3.1415925
96,1760879475.161679,RX1,Walking,75,0.0,18.110771,20.099752,18.248287,21.37756,19.646885,15.811388,16.643316,13.038404,8.5440035,11.18034,5.656854,6.0827622,5.8309517,3.6055512,6.4031243,8.944272,7.28011,9.219544,10.630146,9.486833,13.892444,10.198039,8.485281,10.049876,10.049876,8.602325,0.0,0.0,0.0,0.0,0.0,0.0,0.0,0.0,0.0,0.0,0.0,12.041595,12.041595,12.0,10.0,7.071068,7.071068,2.236068,3.1622777,5.3851647,5.0,6.4031243,9.899495,10.29563,11.401754,12.083046,13.601471,11.401754,11.045361,11.0,9.055386,7.28011,4.1231055,5.0,7.0,9.0,12.1655245,0.0,-1.6814536,-1.670465,-1.735945,-1.7590178,-1.82812,-1.8925469,-2.1421337,-2.1375256,-1.929567,-2.0344439,-2.3561945,-1.735945,-1.0303768,-2.158799,-0.8960554,-0.4636476,-0.27829966,-1.3521274,-0.8519663,-0.32175055,-0.52807444,-0.19739556,-0.7853982,-0.09966865,0.09966865,0.6202495,0.0,0.0,0.0,0.0,0.0,0.0,0.0,0.0,0.0,0.0,0.0,1.487655,1.6539376,1.5707964,1.5707964,1.7126933,1.4288993,2.0344439,2.819842,-2.7610862,-2.4980915,-2.4668517,-2.3561945,-2.634494,-2.4805496,-2.714965,-2.8430936,-2.8753407,-3.050933,3.1415925,3.0309355,2.863293,2.896614,-2.2142975,-1.5707964,-1.5707964,-1.4056476
97,1760879475.182879,RX1,Walking,75,0.0,23.194828,24.738632,25.70992,24.331049,22.36068,19.235384,17.262676,13.038405,10.198039,7.071068,3.6055512,2.236068,5.0,7.28011,8.246211,11.401754,10.770329,12.999999,12.999999,13.416409,13.60147,10.630146,10.0,7.615773,6.0,4.1231055,0.0,0.0,0.0,0.0,0.0,0.0,0.0,0.0,0.0,0.0,0.0,12.206555,14.56022,12.041595,14.317821,11.0,2.236068,5.0,4.472136,7.071068,10.29563,11.401754,12.083046,13.416409,14.86607,14.56022,13.601471,12.1655245,11.045361,11.0,8.062258,4.1231055,2.236068,6.4031243,8.5440035,13.601471,15.524176,0.0,-1.4410938,-1.3258177,-1.3352513,-1.4056476,-1.3909428,-1.4141945,-1.3961241,-1.4940244,-1.3734008,-1.4288993,-2.158799,2.6779451,2.2142975,1.849096,1.815775,1.8370484,1.9513026,1.9655875,1.9655875,2.0344439,2.1995926,2.2896264,2.4980915,2.7367008,3.1415925,-2.896614,0.0,0.0,0.0,0.0,0.0,0.0,0.0,0.0,0.0,0.0,0.0,-2.1815224,-1.849096,-1.6539376,-2.003204,-1.5707964,2.0344439,-0.6435011,2.6779451,2.3561945,2.077895,2.2318394,1.9974238,2.0344439,1.9138203,1.849096,1.8692952,1.735945,1.6614562,1.5707964,1.4464413,1.3258177,0.4636476,-0.8960554,-1.2120256,-1.2722974,-1.3101939
98,1760879475.196842,RX1,Walking,73,0.0,17.888544,21.095022,20.248457,19.209373,17.804493,17.492855,13.453625,12.083046,7.2111025,5.0,2.0,2.0,6.0827622,7.071068,9.219544,8.062258,9.219544,9.848858,8.062258,8.246211,13.0,9.219544,9.433981,6.4031243,3.1622777,2.236068,0.0,0.0,0.0,0.0,0.0,0.0,0.0,0.0,0.0,0.0,0.0,11.045361,10.049876,8.246211,7.071068,5.0990195,3.0,4.472136,5.3851647,6.0,9.055386,10.198039,12.041595,13.038405,14.0,13.152946,12.369316,12.369316,10.770329,8.944272,9.433981,6.4031243,5.0990195,5.3851647,7.071068,10.630146,14.21267,0.0,2.0344439,2.1193457,2.145101,2.2455373,2.2367656,2.1112158,2.3036115,1.9974238,2.55359,1.5707964,1.5707964,-1.5707964,-0.16514868,-0.7853982,-0.21866895,-1.0516502,-0.7086263,-0.41822433,-0.5191461,-0.24497867,0.0,0.21866895,0.5585993,0.67474097,1.2490457,2.0344439,0.0,0.0,0.0,0.0,0.0,0.0,0.0,0.0,0.0,0.0,0.0,0.09065989,0.09966865,0.24497867,0.14189705,0.19739556,0.0,-0.4636476,-1.19029,-1.5707964,-1.6814536,-1.3734008,-1.6539376,-1.6475682,-1.5707964,-1.7234457,-1.815775,-1.815775,-1.9513026,-2.0344439,-2.1293957,-2.4668517,-2.9441972,2.7610862,2.3561945,2.2896264,2.2565258
99,1760879475.2102919,RX1,Walking,74,0.0,23.259407,23.323807,23.853722,21.095022,21.400934,18.867962,14.764824,13.892444,10.29563,4.472136,2.236068,0.0,8.5440035,10.440307,10.198039,6.7082043,14.0,17.088007,11.045361,12.1655245,11.045361,10.198039,10.0,7.8102493,4.472136,2.828427,0.0,0.0,0.0,0.0,0.0,0.0,0.0,0.0,0.0,0.0,0.0,13.152946,12.041595,12.0,10.049876,7.0,5.0990195,4.472136,5.0,8.246211,9.055386,12.1655245,14.0,14.035668,15.033297,14.035668,14.142136,13.152946,13.152946,11.704699,9.486833,7.8102493,5.0,7.2111025,8.485281,12.083046,14.317821,0.0,0.4444192,0.5404195,0.5763752,0.5485494,0.65284663,0.5585993,0.49394137,0.52807444,0.5070985,1.1071488,1.1071488,0.0,-1.929567,-1.8622531,-1.7681919,-2.0344439,-1.5707964,-1.929567,-1.6614562,-1.4056476,-1.4801364,-1.3734008,-0.9272952,-0.87605804,-0.4636476,0.7853982,0.0,0.0,0.0,0.0,0.0,0.0,0.0,0.0,0.0,0.0,0.0,-1.7234457,-1.6539376,-1.5707964,-1.4711276,-1.5707964,-1.3734008,-2.6779451,3.1415925,-2.896614,3.0309355,2.976444,3.1415925,3.070285,3.0750246,3.070285,2.9996955,2.9889433,2.9889433,2.7928216,2.819842,2.2655346,1.5707964,0.98279375,0.7853982,0.4266275,0.43240777
100,1760879475.229984,RX1,Walking,48,0.0,17.088007,17.888544,17.088007,16.155495,14.86607,14.56022,14.3178215,14.142136,14.0,14.0,14.0,15.0,15.0,15.0,15.0,15.0,13.038405,12.041595,12.041595,12.041595,11.045361,11.18034,11.18034,11.401754,11.704699,12.083046,0.0,0.0,0.0,0.0,0.0,0.0,0.0,0.0,0.0,0.0,0.0,14.56022,14.317821,13.416409,13.038404,13.892444,13.892444,14.422205,14.422205,15.620499,16.40122,16.27882,16.27882,16.27882,15.620499,14.866069,14.866069,14.866069,13.453625,15.0,15.0,15.264338,16.124516,16.552946,17.464249,16.552946,17.888544,0.0,-1.2120256,-1.1071488,-1.2120256,-1.19029,-1.2277724,-1.2924967,-1.359703,-1.4288993,-1.5707964,-1.5707964,-1.5707964,-1.5707964,-1.5707964,-1.5707964,-1.5707964,-1.5707964,-1.4940244,-1.487655,-1.487655,-1.487655,-1.4801364,-1.3909428,-1.3909428,-1.3045443,-1.2220253,-1.1441689,0.0,0.0,0.0,0.0,0.0,0.0,0.0,0.0,0.0,0.0,0.0,-1.2924967,-1.1383885,-1.1071488,-1.0040671,-1.0427219,-1.0427219,-0.98279375,-0.98279375,-0.87605804,-0.9151007,-0.8288491,-0.7419473,-0.7419473,-0.69473827,-0.7378151,-0.7378151,-0.7378151,-0.8379812,-0.9272952,-0.9272952,-1.0191413,-1.0516502,-1.1341692,-1.1583859,-1.1341692,-1.1071488
101,1760879475.233185,RX1,Walking,48,0.0,15.264338,16.552946,16.124516,14.764824,14.422205,14.21267,13.453625,12.7279215,14.21267,13.60147,14.422205,14.422205,14.422205,15.264338,15.0,15.0,14.21267,12.806249,12.806249,12.806249,12.806249,13.453625,13.453625,13.453625,13.60147,13.038404,0.0,0.0,0.0,0.0,0.0,0.0,0.0,0.0,0.0,0.0,0.0,14.764824,13.928389,14.56022,13.341663,14.3178215,14.3178215,14.3178215,15.132746,16.124516,16.124516,16.03122,17.0,17.0,16.0,16.0,15.0,15.033297,14.035668,14.3178215,14.3178215,14.86607,14.86607,15.231546,16.552946,16.552946,16.552946,0.0,-2.1224513,-2.0074234,-2.0899425,-2.0647378,-2.158799,-2.2565258,-2.3036115,-2.3561945,-2.4558632,-2.5127964,-2.55359,-2.55359,-2.55359,-2.5899377,-2.4980915,-2.4980915,-2.4558632,-2.4668517,-2.4668517,-2.4668517,-2.4668517,-2.4087775,-2.4087775,-2.3036115,-2.1995926,-2.1375256,0.0,0.0,0.0,0.0,0.0,0.0,0.0,0.0,0.0,0.0,0.0,-2.0647378,-1.9379702,-1.849096,-1.7975951,-1.7818897,-1.7818897,-1.7818897,-1.7033478,-1.6951513,-1.6951513,-1.6332152,-1.5707964,-1.5707964,-1.5707964,-1.5707964,-1.5707964,-1.6373645,-1.6421038,-1.7818897,-1.7818897,-1.9138203,-1.9138203,-1.9756881,-2.0074234,-2.0074234,-2.0074234
102,1760879475.235948,RX1,Walking,48,0.0,14.317821,15.231546,14.317821,13.416409,12.529964,12.206555,12.206555,12.041595,12.7279215,12.041595,12.806249,13.60147,13.60147,14.21267,13.453625,12.806249,12.806249,12.041595,12.041595,12.041595,12.041595,11.313708,11.313708,12.041595,12.206555,12.083046,0.0,0.0,0.0,0.0,0.0,0.0,0.0,0.0,0.0,0.0,0.0,13.928389,13.601471,13.341663,13.152946,13.038405,13.038405,13.038405,14.035668,15.0,15.0,16.0,16.03122,15.033297,15.132746,15.132746,14.142136,13.038405,13.0,13.038405,13.152946,13.152946,13.341663,13.928389,15.231546,15.231546,14.86607,0.0,1.1383885,1.1659045,1.1383885,1.1071488,1.0714496,0.9600704,0.9600704,0.844154,0.7853982,0.7266423,0.67474097,0.6287963,0.6287963,0.6857295,0.7328151,0.67474097,0.67474097,0.7266423,0.7266423,0.7266423,0.7266423,0.7853982,0.7853982,0.844154,0.9600704,1.1441689,0.0,0.0,0.0,0.0,0.0,0.0,0.0,0.0,0.0,0.0,0.0,1.2036225,1.2722974,1.3439975,1.418147,1.4940244,1.4940244,1.4940244,1.4994888,1.5707964,1.5707964,1.5707964,1.6332152,1.6373645,1.7033478,1.7033478,1.7126933,1.6475682,1.5707964,1.4940244,1.418147,1.418147,1.3439975,1.2036225,1.1659045,1.1659045,1.2277724
103,1760879475.239004,RX1,Walking,48,0.0,15.264338,16.124516,15.264338,14.422205,13.60147,13.453625,12.7279215,12.806249,13.60147,13.892444,13.892444,14.764824,14.764824,14.764824,15.264338,14.422205,14.422205,13.038404,13.038404,12.206555,12.206555,12.806249,12.806249,12.806249,12.7279215,12.806249,0.0,0.0,0.0,0.0,0.0,0.0,0.0,0.0,0.0,0.0,0.0,14.317821,13.928389,13.341663,13.341663,14.3178215,13.152946,14.142136,15.132746,15.033297,16.03122,16.0,16.0,16.0,16.0,15.0,14.0,14.035668,14.035668,13.152946,13.341663,13.601471,13.928389,14.764824,15.652476,15.652476,15.652476,0.0,-0.551655,-0.5191461,-0.551655,-0.5880026,-0.6287963,-0.7328151,-0.7853982,-0.8960554,-0.94200003,-1.0427219,-1.0427219,-1.076855,-1.076855,-1.076855,-1.0191413,-0.98279375,-0.98279375,-1.0040671,-1.0040671,-0.9600704,-0.9600704,-0.8960554,-0.8960554,-0.8960554,-0.7853982,-0.67474097,0.0,0.0,0.0,0.0,0.0,0.0,0.0,0.0,0.0,0.0,0.0,-0.43240777,-0.36717382,-0.22679885,-0.22679885,-0.21109334,-0.15264933,-0.14189705,-0.13255154,-0.066568166,-0.06241881,0.0,0.0,0.0,0.0,0.0,0.0,-0.071307465,-0.071307465,-0.15264933,-0.22679885,-0.29849893,-0.36717382,-0.49394137,-0.4636476,-0.4636476,-0.4636476
104,1760879475.2660081,RX1,Walking,75,0.0,16.643316,19.209373,21.633308,20.808653,22.203604,22.36068,20.124613,19.416489,13.60147,12.083046,10.630146,8.062258,6.0827622,8.485281,8.602325,11.401754,7.615773,12.649111,12.369316,12.041595,9.055386,11.18034,9.433981,9.433981,5.8309517,7.2111025,0.0,0.0,0.0,0.0,0.0,0.0,0.0,0.0,0.0,0.0,0.0,9.848858,10.198039,8.246211,5.3851647,3.1622777,4.0,5.3851647,7.8102493,12.806249,14.21267,16.40122,17.691807,19.104973,18.439089,17.804493,16.124516,15.652476,13.928389,14.3178215,13.0,11.045361,8.246211,7.071068,4.1231055,7.615773,10.0,0.0,-2.5702553,-2.4668517,-2.55359,-2.5269296,-2.5161076,-2.6779451,-2.6779451,-2.5393052,-2.5127964,-2.714965,-2.2896264,-2.0899425,-1.735945,-0.7853982,-0.95054686,-0.90975314,-0.4048918,-0.32175055,-0.24497867,-0.08314123,0.11065722,0.1798535,0.5585993,1.012197,1.0303768,2.158799,0.0,0.0,0.0,0.0,0.0,0.0,0.0,0.0,0.0,0.0,0.0,2.7233684,2.9441972,2.896614,2.7610862,2.819842,1.5707964,1.19029,0.69473827,0.8960554,0.8850668,0.9151007,0.82537687,0.8224183,0.7086263,0.66596925,0.5191461,0.4636476,0.36717382,0.21109334,0.0,-0.09065989,-0.24497867,-0.7853982,-1.3258177,-1.9756881,-2.2142975
105,1760879475.309929,RX1,Walking,48,0.0,13.341663,13.341663,13.601471,13.928389,13.928389,14.317821,14.317821,14.317821,13.416409,13.038404,13.038404,12.206555,11.401754,12.041595,12.041595,12.7279215,12.041595,13.453625,13.453625,13.453625,13.453625,13.60147,13.038404,12.529964,11.704699,11.401754,0.0,0.0,0.0,0.0,0.0,0.0,0.0,0.0,0.0,0.0,0.0,14.0,14.035668,15.297058,15.524176,16.155495,16.552946,16.124516,16.124516,15.811389,14.422205,14.422205,13.892444,13.416409,12.999999,13.928389,14.86607,14.56022,15.524176,15.524176,15.297058,15.297058,15.297058,15.132746,14.142136,14.035668,14.0,0.0,2.9147937,2.9147937,2.8430936,2.7744188,2.7744188,2.709185,2.709185,2.709185,2.6779451,2.5748634,2.5748634,2.5308666,2.4805496,2.4149504,2.2974386,2.3561945,2.2974386,2.3036115,2.3036115,2.4087775,2.4087775,2.5127964,2.5748634,2.642246,2.7928216,2.8753407,0.0,0.0,0.0,0.0,0.0,0.0,0.0,0.0,0.0,0.0,0.0,3.1415925,-3.070285,-2.9441972,-2.8809903,-2.7610862,-2.7049656,-2.6224465,-2.6224465,-2.536048,-2.55359,-2.55359,-2.6135182,-2.6779451,-2.7468016,-2.7744188,-2.7985687,-2.863293,-2.8809903,-2.8809903,-2.9441972,-2.9441972,-2.9441972,-3.009041,-2.9996955,-3.070285,3.1415925
106,1760879475.391424,RX1,Walking,72,0.0,14.0,18.0,19.026297,20.024984,20.024984,19.026297,18.0,16.03122,13.0,9.219544,9.219544,7.28011,5.3851647,4.472136,5.0,4.472136,5.656854,7.2111025,7.615773,8.5440035,8.0,7.071068,7.28011,6.4031243,5.0,4.0,0.0,0.0,0.0,0.0,0.0,0.0,0.0,0.0,0.0,0.0,0.0,7.615773,7.28011,7.071068,6.0,5.0990195,5.0,5.656854,8.062258,10.29563,12.206555,13.892444,16.643316,17.492855,18.867962,19.416489,19.416489,19.416489,18.867962,19.235384,16.552946,15.231546,12.369316,10.0,7.615773,8.485281,8.944272,0.0,3.1415925,3.1415925,3.0890095,3.0916343,3.0916343,3.0890095,3.1415925,-3.0791738,3.1415925,-2.9229238,-2.9229238,-2.863293,-2.7610862,-2.0344439,-1.5707964,-1.1071488,-0.7853982,-0.5880026,-0.4048918,-0.35877067,0.0,0.14189705,0.27829966,0.67474097,0.9272952,1.5707964,0.0,0.0,0.0,0.0,0.0,0.0,0.0,0.0,0.0,0.0,0.0,-0.4048918,-0.27829966,-0.14189705,0.0,-0.19739556,-0.6435011,-0.7853982,-1.0516502,-1.0636978,-0.9600704,-1.0427219,-0.99945885,-1.0303768,-1.012197,-0.96850896,-0.96850896,-0.96850896,-1.012197,-1.0838971,-1.1341692,-1.1659045,-1.3258177,-1.5707964,-1.9756881,-2.3561945,-2.6779451
107,1760879475.467516,RX1,Walking,48,0.0,11.0,12.649111,11.704699,13.601471,13.928389,12.999999,14.317821,12.999999,12.529964,12.529964,12.529964,11.661903,11.401754,11.401754,11.313708,11.313708,12.041595,12.041595,12.7279215,13.453625,12.806249,12.206555,12.529964,11.18034,10.440307,10.198039,0.0,0.0,0.0,0.0,0.0,0.0,0.0,0.0,0.0,0.0,0.0,13.038405,13.0,14.142136,14.3178215,14.86607,14.317821,14.764824,14.422205,14.422205,13.60147,12.206555,12.206555,11.661903,12.083046,12.999999,12.649111,13.601471,14.3178215,14.3178215,14.56022,14.3178215,14.3178215,14.3178215,13.341663,13.152946,14.035668,0.0,0.0,-0.32175055,-0.348771,-0.29849893,-0.36717382,-0.39479113,-0.43240777,-0.39479113,-0.49934673,-0.49934673,-0.49934673,-0.5404195,-0.66104317,-0.66104317,-0.7853982,-0.7853982,-0.844154,-0.844154,-0.7853982,-0.7328151,-0.67474097,-0.61072594,-0.49934673,-0.4636476,-0.2914568,-0.19739556,0.0,0.0,0.0,0.0,0.0,0.0,0.0,0.0,0.0,0.0,0.0,-0.07677189,0.0,0.14189705,0.21109334,0.34302393,0.43240777,0.49394137,0.5880026,0.5880026,0.6287963,0.61072594,0.61072594,0.5404195,0.4266275,0.39479113,0.32175055,0.29849893,0.21109334,0.21109334,0.27829966,0.21109334,0.21109334,0.21109334,0.22679885,0.15264933,0.071307465
108,1760879475.470058,RX1,Walking,48,0.0,12.806249,12.806249,13.038404,12.529964,13.416409,13.416409,13.416409,12.999999,12.999999,12.999999,11.704699,11.401754,11.18034,11.18034,11.045361,11.0,12.0,12.0,13.0,13.152946,12.1655245,12.369316,11.704699,11.18034,10.29563,10.29563,0.0,0.0,0.0,0.0,0.0,0.0,0.0,0.0,0.0,0.0,0.0,12.806249,13.60147,14.422205,15.652476,16.155495,16.492422,15.297058,16.124516,15.033297,15.033297,14.142136,13.152946,13.152946,13.341663,12.649111,13.928389,14.317821,15.652476,15.652476,14.764824,16.124516,14.764824,15.264338,14.422205,13.60147,12.806249,0.0,2.2455373,2.2455373,2.1375256,2.070143,2.0344439,2.0344439,2.0344439,1.9655875,1.9655875,1.9655875,1.9195673,1.8370484,1.7506498,1.7506498,1.6614562,1.5707964,1.5707964,1.5707964,1.5707964,1.7234457,1.735945,1.815775,1.9195673,2.0344439,2.077895,2.077895,0.0,0.0,0.0,0.0,0.0,0.0,0.0,0.0,0.0,0.0,0.0,2.4668517,2.5127964,2.55359,2.6779451,2.7610862,2.896614,2.9441972,3.0172377,3.0750246,3.0750246,2.9996955,2.9889433,2.9889433,2.9147937,2.819842,2.7744188,2.709185,2.6779451,2.6779451,2.6476512,2.6224465,2.6476512,2.5899377,2.55359,2.5127964,2.4668517
109,1760879475.4945412,RX1,Walking,72,0.0,5.8309517,7.8102493,12.041595,13.416409,16.124516,17.492855,17.492855,17.0,15.811389,14.764824,12.206555,8.602325,6.4031243,5.0,4.0,3.6055512,5.3851647,8.062258,9.0,12.041595,13.152946,14.56022,13.928389,13.416409,13.60147,12.041595,0.0,0.0,0.0,0.0,0.0,0.0,0.0,0.0,0.0,0.0,0.0,6.0,7.0,7.071068,7.071068,7.615773,7.615773,6.3245554,6.0827622,4.1231055,5.656854,6.7082043,8.944272,11.704699,14.56022,16.27882,17.46425,19.235384,19.104973,23.086792,22.090721,22.090721,20.024984,16.03122,13.0,9.055386,7.28011,0.0,2.6011732,2.4468544,2.2974386,2.0344439,2.0899425,2.1112158,2.1112158,2.0607536,2.176341,2.0647378,2.1815224,2.1910458,2.2455373,2.4980915,3.1415925,-2.55359,-1.9513026,-1.6951513,-1.5707964,-1.487655,-1.418147,-1.2924967,-1.2036225,-1.1071488,-0.94200003,-0.7266423,0.0,0.0,0.0,0.0,0.0,0.0,0.0,0.0,0.0,0.0,0.0,0.0,0.0,0.14189705,0.14189705,0.4048918,0.4048918,0.32175055,0.16514868,-0.24497867,-0.7853982,-1.1071488,-1.1071488,-1.2220253,-1.2924967,-1.3854483,-1.3397057,-1.4141945,-1.4659194,-1.484058,-1.4801364,-1.4801364,-1.5208379,-1.6332152,-1.5707964,-1.6814536,-1.849096
110,1760879475.527054,RX1,Walking,48,0.0,13.0,13.038405,14.0,13.038405,14.142136,14.142136,14.142136,14.3178215,13.341663,13.341663,12.649111,11.704699,12.083046,12.083046,11.661903,13.038404,13.038404,13.038404,13.416409,13.416409,12.999999,12.649111,12.369316,11.18034,10.049876,10.0,0.0,0.0,0.0,0.0,0.0,0.0,0.0,0.0,0.0,0.0,0.0,12.1655245,13.601471,12.999999,14.764824,14.422205,14.21267,14.866069,14.866069,14.21267,13.453625,12.806249,12.7279215,12.041595,12.806249,12.806249,13.038404,13.892444,13.892444,14.764824,14.764824,14.764824,14.317821,14.317821,13.928389,13.601471,12.649111,0.0,0.0,0.07677189,0.0,-0.07677189,-0.14189705,-0.14189705,-0.14189705,-0.21109334,-0.22679885,-0.22679885,-0.32175055,-0.348771,-0.4266275,-0.4266275,-0.5404195,-0.5667292,-0.5667292,-0.5667292,-0.4636476,-0.4636476,-0.39479113,-0.32175055,-0.24497867,-0.1798535,-0.09966865,0.0,0.0,0.0,0.0,0.0,0.0,0.0,0.0,0.0,0.0,0.0,0.0,0.16514868,0.29849893,0.39479113,0.49394137,0.5880026,0.6857295,0.7378151,0.8329813,0.8850668,0.8379812,0.8960554,0.7853982,0.7266423,0.67474097,0.67474097,0.5667292,0.52807444,0.52807444,0.49394137,0.49394137,0.49394137,0.43240777,0.43240777,0.36717382,0.29849893,0.32175055
111,1760879475.530915,RX1,Walking,48,0.0,13.892444,13.038404,12.806249,14.21267,14.21267,13.453625,14.21267,14.142136,12.7279215,12.7279215,12.806249,11.401754,11.661903,12.529964,12.083046,12.083046,12.999999,13.416409,13.892444,13.038404,13.60147,12.041595,12.041595,11.313708,10.0,10.0,0.0,0.0,0.0,0.0,0.0,0.0,0.0,0.0,0.0,0.0,0.0,12.083046,12.649111,13.341663,14.3178215,14.035668,15.033297,15.132746,15.297058,14.56022,13.341663,13.341663,12.369316,12.1655245,12.041595,13.0,13.038405,13.038405,14.142136,14.142136,15.132746,15.132746,14.142136,14.3178215,14.3178215,13.341663,12.999999,0.0,-0.52807444,-0.5667292,-0.67474097,-0.6857295,-0.6857295,-0.7328151,-0.6857295,-0.7853982,-0.7853982,-0.7853982,-0.8960554,-0.90975314,-1.0303768,-1.0714496,-1.1441689,-1.1441689,-1.1760052,-1.1071488,-1.0427219,-1.0040671,-0.94200003,-0.844154,-0.7266423,-0.7853982,-0.6435011,-0.6435011,0.0,0.0,0.0,0.0,0.0,0.0,0.0,0.0,0.0,0.0,0.0,-0.4266275,-0.32175055,-0.22679885,-0.21109334,-0.071307465,0.066568166,0.13255154,0.19739556,0.27829966,0.22679885,0.22679885,0.24497867,0.16514868,0.08314123,0.0,-0.07677189,-0.07677189,-0.14189705,-0.14189705,-0.13255154,-0.13255154,-0.14189705,-0.21109334,-0.21109334,-0.22679885,-0.39479113
112,1760879475.548032,RX1,Walking,48,0.0,12.999999,14.317821,13.928389,13.601471,14.56022,14.3178215,14.56022,14.3178215,14.3178215,13.152946,12.1655245,12.041595,12.0,12.041595,12.1655245,12.1655245,13.152946,13.152946,14.142136,14.035668,13.0,13.038405,12.1655245,11.18034,11.401754,10.440307,0.0,0.0,0.0,0.0,0.0,0.0,0.0,0.0,0.0,0.0,0.0,12.806249,13.453625,14.866069,15.620499,15.811389,17.0,16.155495,15.811388,15.811388,14.56022,13.601471,13.601471,12.999999,13.416409,13.892444,13.60147,15.0,15.0,15.620499,15.620499,16.27882,15.620499,14.866069,14.866069,14.142136,13.453625,0.0,-2.7468016,-2.709185,-2.7744188,-2.8430936,-2.863293,-2.9304993,-2.863293,-2.9304993,-2.9304993,-2.9889433,-2.976444,-3.0584514,3.1415925,3.0584514,2.976444,2.976444,2.9889433,2.9889433,2.9996955,3.070285,3.1415925,-3.0648208,-2.976444,-2.961739,-2.8753407,-2.8501358,0.0,0.0,0.0,0.0,0.0,0.0,0.0,0.0,0.0,0.0,0.0,-2.4668517,-2.4087775,-2.3086114,-2.2655346,-2.176341,-2.0607536,-1.9513026,-1.8925469,-1.8925469,-1.849096,-1.8692952,-1.8692952,-1.9655875,-2.0344439,-2.0988708,-2.1995926,-2.2142975,-2.2142975,-2.2655346,-2.2655346,-2.3127437,-2.2655346,-2.3086114,-2.3086114,-2.3561945,-2.4087775
113,1760879475.552712,RX1,Walking,48,0.0,13.60147,14.21267,14.422205,13.892444,14.764824,14.764824,14.764824,14.317821,14.317821,12.999999,12.999999,12.649111,12.369316,12.1655245,12.041595,12.041595,13.038405,13.038405,14.035668,14.142136,14.3178215,13.601471,12.649111,12.083046,11.18034,10.816654,0.0,0.0,0.0,0.0,0.0,0.0,0.0,0.0,0.0,0.0,0.0,13.60147,14.422205,15.652476,15.811388,16.492422,16.27882,16.124516,15.033297,14.035668,14.0,13.038405,13.038405,13.341663,13.601471,13.601471,13.928389,15.231546,15.231546,15.652476,16.552946,16.552946,15.652476,14.764824,13.892444,13.892444,13.038404,0.0,-2.5127964,-2.4558632,-2.55359,-2.6135182,-2.6476512,-2.6476512,-2.6476512,-2.709185,-2.709185,-2.7468016,-2.7468016,-2.819842,-2.896614,-2.976444,-3.0584514,-3.0584514,-3.0648208,-3.0648208,-3.070285,-2.9996955,-2.9304993,-2.8430936,-2.819842,-2.714965,-2.6779451,-2.55359,0.0,0.0,0.0,0.0,0.0,0.0,0.0,0.0,0.0,0.0,0.0,-2.1995926,-2.158799,-2.0344439,-1.8925469,-1.815775,-1.7561443,-1.6951513,-1.6373645,-1.6421038,-1.5707964,-1.6475682,-1.6475682,-1.7975951,-1.8692952,-1.8692952,-1.9379702,-1.9756881,-1.9756881,-2.0344439,-2.0074234,-2.0074234,-2.0344439,-2.0647378,-2.0988708,-2.0988708,-2.1375256
114,1760879475.6208909,RX1,Walking,74,0.0,19.235384,20.024984,22.090721,22.203604,19.235384,20.396078,18.110771,15.297058,11.401754,9.219544,7.071068,5.8309517,5.8309517,5.3851647,7.28011,7.071068,7.0,7.0,7.071068,8.062258,6.3245554,6.0827622,4.1231055,2.828427,2.0,3.6055512,0.0,0.0,0.0,0.0,0.0,0.0,0.0,0.0,0.0,0.0,0.0,7.071068,7.615773,5.8309517,5.0,2.828427,2.236068,2.236068,7.2111025,9.433981,12.806249,15.620499,17.691807,19.209373,19.209373,20.808653,20.248457,20.59126,18.788294,17.464249,14.56022,12.649111,8.246211,4.0,1.0,6.0827622,9.0,0.0,-0.15660188,-0.049958397,-0.09065989,-0.13552772,-0.15660188,-0.19739556,-0.11065722,-0.19739556,-0.26625204,-0.21866895,0.14189705,0.5404195,1.0303768,1.19029,1.2924967,1.4288993,1.5707964,1.5707964,1.4288993,1.6951513,1.8925469,1.735945,1.815775,2.3561945,3.1415925,-2.55359,0.0,0.0,0.0,0.0,0.0,0.0,0.0,0.0,0.0,0.0,0.0,0.14189705,0.4048918,0.5404195,0.9272952,0.7853982,2.0344439,-2.6779451,-2.55359,-2.5829933,-2.4668517,-2.4468544,-2.3961732,-2.4668517,-2.4668517,-2.5269296,-2.567288,-2.634494,-2.70175,-2.7291822,-2.863293,-2.819842,-2.896614,3.1415925,0.0,-0.16514868,0.0
115,1760879475.678713,RX1,Walking,48,0.0,11.18034,12.1655245,12.041595,12.0,12.0,13.038405,13.0,12.041595,11.045361,11.18034,10.198039,10.198039,10.440307,9.848858,10.29563,10.29563,11.18034,11.18034,12.083046,12.083046,11.704699,11.401754,11.18034,10.0,9.0,9.055386,0.0,0.0,0.0,0.0,0.0,0.0,0.0,0.0,0.0,0.0,0.0,11.704699,12.999999,13.892444,14.21267,14.866069,14.866069,14.21267,14.422205,13.60147,13.038404,12.206555,12.206555,12.041595,12.7279215,13.453625,13.453625,14.21267,14.21267,14.21267,14.422205,14.422205,14.422205,13.60147,13.038404,12.529964,12.083046,0.0,1.7506498,1.735945,1.6539376,1.5707964,1.5707964,1.4940244,1.5707964,1.487655,1.4801364,1.3909428,1.3734008,1.3734008,1.2793396,1.152572,1.0636978,1.0636978,1.1071488,1.1071488,1.1441689,1.1441689,1.2220253,1.3045443,1.3909428,1.5707964,1.5707964,1.6814536,0.0,0.0,0.0,0.0,0.0,0.0,0.0,0.0,0.0,0.0,0.0,1.9195673,1.9655875,2.0988708,2.2565258,2.3086114,2.4037776,2.4558632,2.55359,2.5127964,2.5748634,2.5308666,2.5308666,2.4149504,2.3561945,2.3036115,2.3036115,2.2565258,2.2565258,2.2565258,2.158799,2.158799,2.158799,2.1995926,2.1375256,2.070143,1.9974238
116,1760879475.722107,RX1,Walking,75,0.0,2.236068,0.0,6.7082043,8.602325,10.816654,15.264338,13.892444,16.552946,12.529964,12.806249,12.206555,9.899495,8.485281,8.5440035,6.4031243,7.28011,7.28011,8.062258,9.055386,11.18034,11.661903,12.206555,11.313708,10.816654,9.848858,9.433981,0.0,0.0,0.0,0.0,0.0,0.0,0.0,0.0,0.0,0.0,0.0,4.1231055,3.0,6.3245554,8.246211,10.770329,10.770329,10.770329,9.486833,7.615773,6.0827622,3.6055512,3.1622777,5.0990195,9.055386,10.049876,14.3178215,15.297058,16.763054,21.023798,21.954498,21.954498,22.472204,20.808653,17.20465,14.422205,10.29563,0.0,-2.0344439,0.0,-1.1071488,-0.95054686,-0.98279375,-1.0191413,-1.0427219,-1.1341692,-1.0714496,-0.8960554,-0.9600704,-0.7853982,-0.7853982,-0.35877067,-0.67474097,-0.27829966,-0.27829966,0.124354996,0.11065722,0.4636476,0.5404195,0.61072594,0.7853982,0.98279375,1.152572,1.012197,0.0,0.0,0.0,0.0,0.0,0.0,0.0,0.0,0.0,0.0,0.0,0.24497867,0.0,-0.32175055,-0.24497867,-0.38050637,-0.38050637,-0.38050637,-0.32175055,-0.4048918,-0.16514868,-0.5880026,-1.8925469,-2.9441972,3.0309355,3.041924,2.9304993,2.9441972,2.8387077,2.6992185,2.616797,2.616797,2.5782764,2.5269296,2.5213432,2.55359,2.634494
117,1760879475.7786071,RX1,Walking,47,0.0,17.262676,15.132746,14.3178215,14.3178215,12.649111,12.999999,12.529964,13.038404,13.60147,14.21267,15.0,15.0,15.0,14.422205,14.422205,13.60147,13.038404,12.206555,12.206555,12.206555,12.206555,11.661903,12.529964,12.999999,12.369316,12.1655245,0.0,0.0,0.0,0.0,0.0,0.0,0.0,0.0,0.0,0.0,0.0,13.152946,12.041595,12.0,11.0,12.0,12.0,13.0,14.0,15.033297,16.124516,16.27882,16.492422,15.524176,14.86607,14.86607,13.601471,13.341663,13.152946,12.041595,13.0,14.035668,14.142136,15.297058,16.492422,16.27882,17.262676,0.0,-0.1746722,-0.13255154,-0.21109334,-0.21109334,-0.32175055,-0.39479113,-0.49934673,-0.5667292,-0.6287963,-0.6857295,-0.6435011,-0.6435011,-0.6435011,-0.5880026,-0.5880026,-0.6287963,-0.5667292,-0.61072594,-0.61072594,-0.61072594,-0.61072594,-0.5404195,-0.49934673,-0.39479113,-0.24497867,-0.16514868,0.0,0.0,0.0,0.0,0.0,0.0,0.0,0.0,0.0,0.0,0.0,-0.15264933,-0.08314123,0.0,0.0,0.0,0.0,0.0,0.0,0.066568166,0.124354996,0.18534794,0.24497867,0.26060238,0.34302393,0.34302393,0.29849893,0.22679885,0.15264933,0.08314123,0.0,-0.071307465,-0.14189705,-0.19739556,-0.24497867,-0.18534794,-0.1746722
118,1760879475.782449,RX1,Walking,46,0.0,17.029385,16.124516,15.033297,14.0,13.038405,12.1655245,12.369316,12.999999,12.999999,13.928389,14.317821,14.317821,14.317821,14.317821,13.928389,12.999999,12.649111,11.704699,11.704699,11.704699,11.704699,11.704699,12.369316,12.1655245,12.041595,12.041595,0.0,0.0,0.0,0.0,0.0,0.0,0.0,0.0,0.0,0.0,0.0,13.152946,12.369316,11.704699,11.704699,11.704699,12.369316,13.601471,14.56022,15.231546,16.155495,17.0,16.124516,16.643316,15.811389,15.811389,14.422205,13.416409,13.416409,12.649111,12.369316,13.152946,14.035668,15.033297,16.0,17.029385,17.029385,0.0,1.6295521,1.6951513,1.6373645,1.5707964,1.4940244,1.4056476,1.3258177,1.1760052,1.1760052,1.2036225,1.1383885,1.1383885,1.1383885,1.1383885,1.2036225,1.1760052,1.2490457,1.2220253,1.2220253,1.2220253,1.2220253,1.2220253,1.3258177,1.4056476,1.487655,1.6539376,0.0,0.0,0.0,0.0,0.0,0.0,0.0,0.0,0.0,0.0,0.0,1.7234457,1.815775,1.9195673,1.9195673,1.9195673,1.815775,1.8692952,1.849096,1.9756881,1.9513026,2.0607536,2.0899425,2.1421337,2.176341,2.176341,2.158799,2.0344439,2.0344439,1.8925469,1.815775,1.7234457,1.6421038,1.6373645,1.5707964,1.6295521,1.6295521
119,1760879475.7980711,RX1,Walking,46,0.0,17.804493,15.620499,14.866069,14.142136,13.453625,13.60147,13.038404,13.416409,13.928389,14.86607,14.86607,15.231546,15.231546,15.231546,15.231546,14.317821,14.317821,13.416409,12.083046,12.083046,12.083046,12.083046,12.529964,12.206555,12.806249,12.7279215,0.0,0.0,0.0,0.0,0.0,0.0,0.0,0.0,0.0,0.0,0.0,12.206555,11.661903,11.661903,11.661903,12.206555,13.038404,14.764824,15.652476,16.155495,16.763054,16.492422,16.27882,15.297058,15.297058,14.3178215,13.341663,12.649111,12.999999,12.529964,13.038404,14.21267,14.866069,16.27882,16.27882,17.029387,17.029387,0.0,-0.66596925,-0.69473827,-0.7378151,-0.7853982,-0.8379812,-0.94200003,-1.0040671,-1.1071488,-1.2036225,-1.2277724,-1.2277724,-1.1659045,-1.1659045,-1.1659045,-1.1659045,-1.1383885,-1.1383885,-1.1071488,-1.1441689,-1.1441689,-1.1441689,-1.1441689,-1.0714496,-0.9600704,-0.8960554,-0.7853982,0.0,0.0,0.0,0.0,0.0,0.0,0.0,0.0,0.0,0.0,0.0,-0.61072594,-0.5404195,-0.5404195,-0.5404195,-0.61072594,-0.5667292,-0.49394137,-0.4636476,-0.38050637,-0.30288488,-0.24497867,-0.18534794,-0.19739556,-0.19739556,-0.21109334,-0.22679885,-0.32175055,-0.39479113,-0.49934673,-0.5667292,-0.6857295,-0.7378151,-0.7419473,-0.7419473,-0.7022569,-0.7022569
120,1760879475.886831,RX1,Walking,47,0.0,12.649111,13.341663,13.152946,13.152946,13.038405,13.0,14.035668,14.035668,14.142136,14.142136,14.142136,14.142136,13.152946,13.152946,12.1655245,12.369316,11.401754,11.401754,11.704699,12.369316,12.369316,13.152946,13.038405,13.0,12.041595,12.369316,0.0,0.0,0.0,0.0,0.0,0.0,0.0,0.0,0.0,0.0,0.0,11.401754,11.704699,12.999999,13.416409,13.892444,15.0,15.620499,15.556349,15.620499,15.0,13.60147,13.60147,12.806249,12.041595,12.7279215,12.806249,12.206555,13.038404,13.892444,14.764824,15.652476,15.652476,15.652476,15.652476,15.652476,15.652476,0.0,-1.2490457,-1.3439975,-1.418147,-1.418147,-1.4940244,-1.5707964,-1.6421038,-1.6421038,-1.7126933,-1.7126933,-1.7126933,-1.7126933,-1.7234457,-1.7234457,-1.735945,-1.815775,-1.8370484,-1.8370484,-1.9195673,-1.815775,-1.815775,-1.7234457,-1.6475682,-1.5707964,-1.487655,-1.3258177,0.0,0.0,0.0,0.0,0.0,0.0,0.0,0.0,0.0,0.0,0.0,-1.3045443,-1.2220253,-1.1760052,-1.1071488,-1.0427219,-0.9272952,-0.87605804,-0.7853982,-0.69473827,-0.6435011,-0.6287963,-0.6287963,-0.67474097,-0.7266423,-0.7853982,-0.8960554,-0.9600704,-1.0040671,-1.0427219,-1.076855,-1.1071488,-1.1071488,-1.1071488,-1.1071488,-1.1071488,-1.1071488
121,1760879475.900473,RX1,Walking,47,0.0,14.422205,14.422205,14.21267,13.453625,13.453625,15.0,15.0,14.422205,15.264338,14.422205,15.264338,15.264338,13.892444,13.892444,12.529964,13.416409,12.083046,12.083046,12.999999,12.999999,12.999999,13.416409,13.892444,13.60147,13.453625,12.806249,0.0,0.0,0.0,0.0,0.0,0.0,0.0,0.0,0.0,0.0,0.0,12.529964,12.529964,12.999999,13.928389,15.524176,16.27882,16.124516,17.029385,17.0,16.03122,15.033297,15.033297,14.035668,13.0,13.038405,13.152946,13.341663,13.601471,14.86607,15.231546,16.155495,16.552946,16.552946,16.552946,15.652476,15.652476,0.0,-2.158799,-2.158799,-2.2565258,-2.3036115,-2.4087775,-2.4980915,-2.4980915,-2.55359,-2.5899377,-2.55359,-2.5899377,-2.5899377,-2.6135182,-2.6135182,-2.642246,-2.6779451,-2.714965,-2.714965,-2.7468016,-2.7468016,-2.7468016,-2.6779451,-2.6135182,-2.5127964,-2.4087775,-2.2455373,0.0,0.0,0.0,0.0,0.0,0.0,0.0,0.0,0.0,0.0,0.0,-2.070143,-2.070143,-1.9655875,-1.9379702,-1.8313987,-1.7561443,-1.6951513,-1.6295521,-1.5707964,-1.5083776,-1.5042281,-1.5042281,-1.4994888,-1.5707964,-1.6475682,-1.7234457,-1.7975951,-1.8692952,-1.9138203,-1.9756881,-1.9513026,-2.0074234,-2.0074234,-2.0074234,-2.0344439,-2.0344439
122,1760879475.925196,RX1,Walking,47,0.0,13.341663,14.035668,13.0,13.038405,13.038405,14.142136,14.3178215,14.3178215,14.3178215,14.56022,14.56022,14.56022,13.601471,13.601471,12.649111,12.649111,12.083046,12.083046,12.083046,12.999999,12.999999,13.601471,13.341663,13.152946,13.0,12.041595,0.0,0.0,0.0,0.0,0.0,0.0,0.0,0.0,0.0,0.0,0.0,11.401754,11.401754,12.649111,12.999999,14.317821,14.764824,15.811389,15.620499,15.556349,15.556349,14.866069,13.453625,12.7279215,12.7279215,12.806249,12.206555,12.529964,13.416409,13.928389,14.86607,15.811388,15.811388,15.811388,15.811388,15.811388,15.811388,0.0,-1.3439975,-1.4994888,-1.5707964,-1.6475682,-1.6475682,-1.7126933,-1.7818897,-1.7818897,-1.7818897,-1.849096,-1.849096,-1.849096,-1.8692952,-1.8692952,-1.8925469,-1.8925469,-1.9974238,-1.9974238,-1.9974238,-1.9655875,-1.9655875,-1.8692952,-1.7975951,-1.7234457,-1.5707964,-1.487655,0.0,0.0,0.0,0.0,0.0,0.0,0.0,0.0,0.0,0.0,0.0,-1.3045443,-1.3045443,-1.2490457,-1.1760052,-1.1383885,-1.076855,-0.9652517,-0.87605804,-0.7853982,-0.7853982,-0.7378151,-0.7328151,-0.7853982,-0.7853982,-0.8960554,-0.9600704,-1.0714496,-1.1071488,-1.2036225,-1.2277724,-1.2490457,-1.2490457,-1.2490457,-1.2490457,-1.2490457,-1.2490457
123,1760879475.941057,RX1,Walking,47,0.0,13.928389,12.999999,12.529964,13.60147,14.21267,13.453625,14.142136,14.142136,14.866069,14.866069,14.866069,13.453625,13.453625,12.806249,12.806249,12.206555,12.206555,13.038404,12.206555,13.038404,13.60147,12.806249,12.7279215,12.806249,13.038404,12.083046,0.0,0.0,0.0,0.0,0.0,0.0,0.0,0.0,0.0,0.0,0.0,11.704699,11.401754,11.401754,13.341663,13.152946,15.033297,15.0,16.03122,16.27882,15.297058,15.524176,14.56022,13.601471,12.369316,12.1655245,12.0,13.038405,13.152946,14.142136,14.3178215,15.297058,15.524176,15.524176,15.524176,15.524176,14.56022,0.0,-0.36717382,-0.39479113,-0.49934673,-0.6287963,-0.6857295,-0.7328151,-0.7853982,-0.7853982,-0.8329813,-0.8329813,-0.8329813,-0.8379812,-0.8379812,-0.8960554,-0.8960554,-0.9600704,-0.9600704,-1.0040671,-0.9600704,-1.0040671,-0.94200003,-0.8960554,-0.7853982,-0.67474097,-0.5667292,-0.4266275,0.0,0.0,0.0,0.0,0.0,0.0,0.0,0.0,0.0,0.0,0.0,-0.348771,-0.26625204,-0.26625204,-0.22679885,-0.15264933,-0.066568166,0.0,0.06241881,0.18534794,0.19739556,0.26060238,0.27829966,0.29849893,0.24497867,0.16514868,0.0,-0.07677189,-0.15264933,-0.14189705,-0.21109334,-0.19739556,-0.26060238,-0.26060238,-0.26060238,-0.26060238,-0.27829966
124,1760879475.960628,RX1,Walking,69,0.0,11.704699,8.944272,6.0827622,1.4142135,5.656854,7.071068,10.29563,12.7279215,11.313708,12.999999,12.806249,13.60147,10.630146,10.770329,8.602325,7.28011,4.1231055,1.4142135,3.1622777,6.4031243,8.062258,10.0,8.602325,11.18034,12.041595,12.041595,0.0,0.0,0.0,0.0,0.0,0.0,0.0,0.0,0.0,0.0,0.0,5.8309517,10.770329,8.5440035,7.28011,11.401754,11.401754,17.0,15.524176,16.643316,15.811388,14.422205,12.999999,7.8102493,7.2111025,4.1231055,6.3245554,8.062258,7.2111025,13.601471,17.720043,23.086794,23.086794,21.587034,23.259407,23.769728,19.697716,0.0,-1.2220253,-1.1071488,-1.4056476,-2.3561945,2.3561945,2.3561945,2.634494,2.3561945,2.3561945,2.7468016,2.4668517,2.5127964,2.4227626,2.7610862,2.5213432,2.863293,-2.896614,-2.3561945,-1.2490457,-0.67474097,-0.5191461,-0.6435011,-0.6202495,-0.1798535,-0.08314123,-0.08314123,0.0,0.0,0.0,0.0,0.0,0.0,0.0,0.0,0.0,0.0,0.0,2.1112158,1.19029,1.2120256,1.2924967,0.66104317,0.90975314,1.080839,1.3101939,0.99945885,1.2490457,0.98279375,1.1760052,0.87605804,0.5880026,0.24497867,-0.32175055,-0.5191461,-0.98279375,-1.2722974,-1.2847449,-1.2627436,-1.2627436,-1.3370532,-1.1263771,-1.1824776,-1.152572
125,1760879475.963949,RX1,Walking,46,0.0,17.0,17.464249,16.552946,14.764824,13.892444,14.21267,14.142136,14.21267,15.0,15.0,15.811389,16.40122,16.40122,16.40122,15.620499,15.620499,14.866069,14.142136,13.453625,12.806249,12.806249,12.806249,12.7279215,13.453625,13.60147,13.892444,0.0,0.0,0.0,0.0,0.0,0.0,0.0,0.0,0.0,0.0,0.0,12.649111,12.369316,11.401754,12.369316,12.369316,13.601471,14.3178215,15.297058,16.124516,17.029385,17.0,17.029385,17.029385,16.124516,15.033297,14.035668,13.0,13.038405,13.341663,13.601471,14.317821,15.652476,16.124516,17.888544,17.888544,18.384775,0.0,-2.0607536,-1.9832067,-2.0074234,-2.0647378,-2.0988708,-2.2565258,-2.3561945,-2.4558632,-2.4980915,-2.4980915,-2.536048,-2.485897,-2.485897,-2.485897,-2.4468544,-2.4468544,-2.4037776,-2.3561945,-2.4087775,-2.4668517,-2.4668517,-2.4668517,-2.3561945,-2.3036115,-2.1995926,-2.0988708,0.0,0.0,0.0,0.0,0.0,0.0,0.0,0.0,0.0,0.0,0.0,-1.8925469,-1.815775,-1.8370484,-1.815775,-1.815775,-1.8692952,-1.7818897,-1.7681919,-1.6951513,-1.6295521,-1.5707964,-1.5120405,-1.5120405,-1.4464413,-1.5042281,-1.4994888,-1.5707964,-1.6475682,-1.7975951,-1.8692952,-2.003204,-2.0344439,-2.0899425,-2.0344439,-2.0344439,-1.9614034
126,1760879475.9658759,RX1,Walking,90,0.0,5.3851647,8.246211,10.630146,12.041595,7.2111025,9.219544,11.704699,5.0990195,8.5440035,24.698177,16.643316,12.649111,8.602325,12.206555,10.0,18.384775,15.811389,16.124516,16.27882,18.110771,19.026297,18.248287,13.0,19.0,15.132746,15.033297,0.0,0.0,0.0,0.0,0.0,0.0,0.0,0.0,0.0,0.0,0.0,27.294687,16.155495,10.29563,17.720043,21.023798,20.880613,15.652476,13.416409,17.0,12.649111,13.152946,15.811388,10.630146,13.453625,10.198039,12.041595,10.29563,5.8309517,7.2111025,1.0,7.8102493,10.049876,11.18034,11.313708,8.485281,15.264338,0.0,1.9513026,1.815775,2.2896264,-3.0584514,-2.55359,2.4329665,-2.7928216,1.7681919,1.929567,2.1251037,2.1421337,1.8925469,2.5213432,2.1815224,2.2142975,1.9614034,2.176341,2.0899425,2.3996453,1.6814536,1.6233793,1.4056476,1.5707964,1.5707964,1.7033478,1.5042281,0.0,0.0,0.0,0.0,0.0,0.0,0.0,0.0,0.0,0.0,0.0,-2.9945142,-2.7610862,-2.634494,-2.8555412,3.0940096,-2.8501358,-2.6779451,-2.6779451,3.1415925,-2.819842,-2.9889433,2.819842,2.4227626,2.3036115,2.9441972,2.2974386,2.077895,2.6011732,2.55359,3.1415925,2.2655346,1.670465,1.7506498,2.3561945,2.3561945,2.5899377
127,1760879475.9681191,RX1,Walking,74,0.0,20.22375,15.297058,14.3178215,9.486833,7.8102493,7.615773,9.219544,12.999999,15.264338,17.20465,19.723083,21.095022,22.472204,23.259407,23.769728,20.615528,17.088007,15.231546,9.848858,6.3245554,3.1622777,3.1622777,6.7082043,12.041595,15.264338,19.235384,0.0,0.0,0.0,0.0,0.0,0.0,0.0,0.0,0.0,0.0,0.0,11.661903,8.062258,4.2426405,2.236068,6.3245554,9.848858,14.86607,18.384775,22.84732,21.931713,23.259407,23.259407,21.931713,19.313208,17.088007,13.601471,10.198039,7.071068,3.1622777,3.1622777,7.28011,11.18034,15.033297,19.026297,20.099752,21.023798,0.0,1.7196863,1.7681919,1.7818897,1.8925469,2.2655346,2.7367008,-2.9229238,-2.7468016,-2.5899377,-2.5213432,-2.6098685,-2.5930433,-2.5782764,-2.6971734,-2.753274,-2.7430701,-2.782822,-2.7367008,-2.7233684,-2.819842,2.819842,1.2490457,1.1071488,0.844154,1.0191413,1.0838971,0.0,0.0,0.0,0.0,0.0,0.0,0.0,0.0,0.0,0.0,0.0,1.0303768,1.0516502,0.7853982,-0.4636476,-1.2490457,-1.152572,-1.2277724,-1.1801893,-1.1659045,-1.1479424,-1.1263771,-1.1263771,-1.1479424,-1.199905,-1.2120256,-1.2722974,-1.3734008,-1.4288993,-1.2490457,1.8925469,1.849096,1.7506498,1.6373645,1.6233793,1.670465,1.6183795
128,1760879476.061684,RX1,Walking,74,0.0,2.236068,2.0,5.3851647,5.0990195,8.246211,9.0,9.0,8.0,8.246211,6.7082043,6.0,5.0,3.1622777,3.6055512,3.1622777,6.0827622,7.615773,10.770329,11.704699,13.928389,13.416409,14.422205,14.21267,13.453625,12.041595,9.219544,0.0,0.0,0.0,0.0,0.0,0.0,0.0,0.0,0.0,0.0,0.0,16.124516,18.027756,20.615528,21.931713,21.931713,21.260292,20.518286,16.27882,12.806249,8.485281,4.472136,4.1231055,5.3851647,9.055386,10.198039,13.601471,15.231546,17.492855,18.867962,20.0,18.439089,17.691807,15.556349,13.453625,11.313708,6.4031243,0.0,2.0344439,3.1415925,-2.7610862,-2.9441972,-2.896614,3.1415925,3.1415925,3.1415925,2.896614,2.6779451,3.1415925,3.1415925,-2.819842,-2.55359,-1.8925469,-1.4056476,-1.1659045,-1.19029,-1.2220253,-1.2036225,-1.1071488,-0.98279375,-0.8850668,-0.8379812,-0.844154,-0.7086263,0.0,0.0,0.0,0.0,0.0,0.0,0.0,0.0,0.0,0.0,0.0,-2.6224465,-2.55359,-2.4592762,-2.3884413,-2.3884413,-2.2896264,-2.3217254,-2.3127437,-2.2455373,-2.3561945,-2.6779451,2.896614,1.9513026,1.4601392,1.3734008,1.2722974,1.1659045,1.0303768,1.012197,0.9272952,0.86217004,0.82537687,0.7853982,0.8379812,0.7853982,0.8960554
129,1760879476.194911,RX1,Walking,73,0.0,23.430748,23.853722,21.633308,19.416489,18.601074,15.620499,12.7279215,12.206555,11.18034,9.055386,10.049876,10.198039,11.401754,12.083046,11.661903,12.806249,10.816654,10.29563,11.18034,11.401754,9.433981,10.816654,9.433981,8.944272,8.062258,7.615773,0.0,0.0,0.0,0.0,0.0,0.0,0.0,0.0,0.0,0.0,0.0,22.203604,19.104973,16.492422,12.369316,9.486833,6.0827622,6.4031243,9.848858,13.928389,17.464249,21.095022,23.430748,24.758837,24.758837,23.430748,21.400934,20.0,17.029387,14.866069,12.041595,9.848858,9.0,12.083046,13.60147,17.029387,18.601074,0.0,2.4468544,2.5652175,2.55359,2.5393052,2.508844,2.4468544,2.3561945,2.1815224,2.0344439,1.6814536,1.4711276,1.3734008,1.3045443,1.1441689,1.0303768,0.8960554,0.98279375,1.0636978,1.1071488,0.90975314,1.012197,0.98279375,1.012197,1.1071488,1.0516502,1.1659045,0.0,0.0,0.0,0.0,0.0,0.0,0.0,0.0,0.0,0.0,0.0,-1.7063241,-1.4659194,-1.3258177,-1.3258177,-1.2490457,-1.735945,-2.4668517,-2.7233684,-2.7744188,-2.7291822,-2.5930433,-2.4468544,-2.3847582,-2.3276308,-2.2655346,-2.223643,-2.2142975,-2.2730532,-2.3086114,-2.4149504,-2.7233684,3.1415925,2.714965,2.5127964,2.4393358,2.508844
130,1760879476.206513,RX1,Walking,72,0.0,20.0,20.248457,18.867962,16.643316,15.652476,14.21267,12.7279215,10.816654,9.486833,10.0,10.049876,11.18034,12.649111,13.601471,13.928389,14.86607,14.56022,13.601471,14.3178215,12.369316,11.401754,11.045361,11.045361,9.0,9.055386,8.246211,0.0,0.0,0.0,0.0,0.0,0.0,0.0,0.0,0.0,0.0,0.0,18.027756,16.0,14.035668,11.401754,6.0827622,5.0,6.4031243,8.944272,11.18034,13.892444,17.20465,18.439089,19.104973,18.439089,17.804493,17.20465,15.811389,13.038404,12.806249,9.899495,7.615773,7.0,8.5440035,11.661903,15.0,17.20465,0.0,-0.6435011,-0.5743048,-0.5585993,-0.57133746,-0.4636476,-0.6857295,-0.7853982,-0.98279375,-1.2490457,-1.5707964,-1.670465,-1.7506498,-1.8925469,-1.8692952,-1.9379702,-1.9138203,-1.849096,-1.8692952,-1.7818897,-1.815775,-1.8370484,-1.6614562,-1.6614562,-1.5707964,-1.6814536,-1.815775,0.0,0.0,0.0,0.0,0.0,0.0,0.0,0.0,0.0,0.0,0.0,1.2315037,1.5707964,1.6421038,1.8370484,1.735945,1.5707964,0.8960554,0.4636476,0.4636476,0.52807444,0.6202495,0.7086263,0.74837804,0.86217004,0.90482706,0.95054686,0.9652517,1.0040671,0.8960554,0.7853982,0.4048918,0.0,-0.35877067,-0.5404195,-0.6435011,-0.6202495
131,1760879476.288316,RX1,Walking,68,0.0,26.019222,24.331049,23.537203,19.416489,17.46425,14.142136,10.049876,6.0827622,3.6055512,5.0990195,7.615773,9.848858,12.083046,15.231546,16.552946,17.088007,15.524176,16.27882,14.035668,13.0,10.198039,8.246211,5.3851647,3.1622777,1.0,3.1622777,0.0,0.0,0.0,0.0,0.0,0.0,0.0,0.0,0.0,0.0,0.0,10.198039,9.219544,7.28011,6.4031243,6.7082043,8.5440035,11.18034,14.3178215,15.811388,17.720043,20.248457,19.697716,19.697716,18.788294,17.888544,15.231546,12.999999,10.198039,10.0,8.062258,9.433981,11.704699,14.035668,18.027758,20.0,21.023798,0.0,3.1031501,-2.976444,-2.927532,-2.9340963,-2.910502,-2.9996955,-3.041924,2.976444,2.55359,1.7681919,1.1659045,1.152572,1.1441689,1.1659045,1.1341692,1.2120256,1.3101939,1.3854483,1.4994888,1.5707964,1.7681919,1.815775,1.9513026,1.8925469,0.0,-0.32175055,0.0,0.0,0.0,0.0,0.0,0.0,0.0,0.0,0.0,0.0,0.0,-0.19739556,-0.21866895,-0.27829966,-0.67474097,-1.1071488,-1.2120256,-1.3909428,-1.359703,-1.2490457,-1.2847449,-1.217806,-1.152572,-1.152572,-1.1309538,-1.1071488,-1.1659045,-1.1760052,-1.3734008,-1.5707964,-2.0899425,-2.5829933,-2.7928216,-3.070285,-3.0860941,3.1415925,-3.0940096
132,1760879476.35093,RX1,Walking,48,0.0,17.029387,17.029387,16.970562,16.970562,15.556349,14.866069,13.453625,12.806249,11.661903,11.704699,11.401754,12.1655245,13.038405,14.035668,15.033297,16.03122,17.117243,16.492422,16.763054,16.155495,14.317821,12.529964,11.661903,11.18034,10.29563,10.29563,0.0,0.0,0.0,0.0,0.0,0.0,0.0,0.0,0.0,0.0,0.0,14.3178215,13.038405,13.0,12.1655245,11.18034,10.198039,9.055386,10.0,10.049876,11.18034,13.152946,14.142136,14.142136,15.033297,15.033297,15.0,14.0,14.0,13.038405,11.045361,10.440307,9.848858,10.816654,11.313708,12.806249,14.21267,0.0,-0.8685394,-0.8685394,-0.7853982,-0.7853982,-0.7853982,-0.8329813,-0.8379812,-0.8960554,-1.0303768,-1.2220253,-1.3045443,-1.4056476,-1.4940244,-1.4994888,-1.5042281,-1.5083776,-1.4536875,-1.3258177,-1.2679114,-1.19029,-1.1383885,-1.0714496,-1.0303768,-1.1071488,-1.0636978,-1.0636978,0.0,0.0,0.0,0.0,0.0,0.0,0.0,0.0,0.0,0.0,0.0,-0.21109334,-0.07677189,0.0,0.16514868,0.1798535,0.19739556,0.11065722,0.0,-0.09966865,-0.1798535,-0.15264933,-0.14189705,-0.14189705,-0.066568166,-0.066568166,0.0,0.0,0.0,-0.07677189,-0.09065989,-0.2914568,-0.41822433,-0.5880026,-0.7853982,-0.8960554,-0.8850668
133,1760879476.4206872,RX1,Walking,68,0.0,24.698177,22.472204,20.124613,17.888544,13.892444,9.848858,5.3851647,0.0,4.2426405,7.2111025,12.083046,14.317821,17.088007,19.646885,21.37756,21.213203,19.0,19.104973,16.492422,14.317821,10.816654,8.602325,5.0990195,4.2426405,5.0990195,7.2111025,0.0,0.0,0.0,0.0,0.0,0.0,0.0,0.0,0.0,0.0,0.0,15.132746,13.341663,12.649111,11.661903,12.7279215,13.60147,17.0,19.235384,21.931713,23.259407,24.166092,23.769728,21.931713,21.540659,19.313208,16.155495,12.369316,9.0,7.28011,7.2111025,8.0,11.401754,15.652476,18.867962,21.633308,23.600847,0.0,1.0164888,1.00748,1.1071488,1.1071488,1.0427219,1.152572,1.19029,0.0,-2.3561945,-2.158799,-1.9974238,-2.003204,-1.929567,-1.82812,-1.7590178,-1.7126933,-1.5707964,-1.4659194,-1.3258177,-1.1383885,-0.98279375,-0.6202495,-0.19739556,0.7853982,1.7681919,2.158799,0.0,0.0,0.0,0.0,0.0,0.0,0.0,0.0,0.0,0.0,0.0,-1.7033478,-1.7975951,-1.8925469,-2.1112158,-2.3561945,-2.5127964,-2.6516354,-2.6546934,-2.7187388,-2.6971734,-2.714965,-2.753274,-2.7187388,-2.7610862,-2.7707014,-2.7610862,-2.896614,3.1415925,2.863293,2.158799,1.5707964,1.3045443,1.1071488,1.012197,0.98279375,0.93576956
134,1760879476.458613,RX1,Walking,48,0.0,14.422205,15.0,15.264338,14.764824,14.764824,14.86607,14.86607,14.86607,15.524176,14.56022,14.56022,14.56022,13.601471,13.341663,13.341663,13.152946,12.1655245,13.038405,13.038405,14.035668,14.142136,14.3178215,14.86607,14.317821,13.60147,13.453625,0.0,0.0,0.0,0.0,0.0,0.0,0.0,0.0,0.0,0.0,0.0,12.7279215,13.453625,12.806249,12.806249,13.60147,14.422205,15.264338,16.124516,15.652476,16.155495,16.155495,14.86607,14.86607,15.231546,14.317821,14.764824,13.892444,14.422205,15.0,15.0,14.866069,16.27882,16.27882,16.27882,15.556349,15.556349,0.0,-2.55359,-2.4980915,-2.5899377,-2.6476512,-2.6476512,-2.7985687,-2.7985687,-2.7985687,-2.8809903,-2.863293,-2.863293,-2.863293,-2.8430936,-2.9147937,-2.9147937,-2.9889433,-2.976444,-3.0648208,-3.0648208,-3.070285,-2.9996955,-2.9304993,-2.7985687,-2.709185,-2.5127964,-2.4087775,0.0,0.0,0.0,0.0,0.0,0.0,0.0,0.0,0.0,0.0,0.0,-2.3561945,-2.3036115,-2.2455373,-2.2455373,-2.1995926,-2.158799,-2.1224513,-2.0899425,-2.0344439,-1.9513026,-1.9513026,-1.9138203,-1.9138203,-1.9756881,-2.003204,-2.0647378,-2.0988708,-2.158799,-2.2142975,-2.2142975,-2.3086114,-2.3127437,-2.3127437,-2.3996453,-2.3561945,-2.3561945
135,1760879476.462261,RX1,Walking,48,0.0,15.033297,13.152946,13.341663,13.601471,13.601471,13.928389,13.928389,14.317821,14.317821,14.317821,14.317821,14.317821,13.416409,12.529964,12.529964,12.206555,12.206555,12.206555,12.806249,13.038404,13.892444,13.416409,13.601471,13.152946,13.038405,12.041595,0.0,0.0,0.0,0.0,0.0,0.0,0.0,0.0,0.0,0.0,0.0,12.041595,11.0,12.0,12.041595,13.038405,13.152946,14.3178215,14.56022,14.86607,14.86607,14.317821,13.416409,13.928389,12.999999,12.999999,13.601471,13.341663,13.341663,14.142136,14.035668,14.035668,14.035668,15.0,15.033297,15.033297,15.033297,0.0,-0.066568166,-0.15264933,-0.22679885,-0.29849893,-0.29849893,-0.36717382,-0.36717382,-0.43240777,-0.43240777,-0.43240777,-0.43240777,-0.43240777,-0.4636476,-0.49934673,-0.49934673,-0.61072594,-0.61072594,-0.61072594,-0.67474097,-0.5667292,-0.52807444,-0.4636476,-0.29849893,-0.15264933,-0.07677189,0.08314123,0.0,0.0,0.0,0.0,0.0,0.0,0.0,0.0,0.0,0.0,0.0,-0.08314123,0.0,0.0,0.08314123,0.07677189,0.15264933,0.21109334,0.27829966,0.34302393,0.34302393,0.43240777,0.4636476,0.36717382,0.39479113,0.39479113,0.29849893,0.22679885,0.22679885,0.14189705,0.071307465,0.071307465,0.071307465,0.0,0.066568166,0.066568166,-0.066568166
136,1760879476.516791,RX1,Walking,71,0.0,23.769728,23.345236,22.803509,21.931713,20.124613,18.35756,15.620499,13.453625,9.219544,6.7082043,5.0,4.472136,4.472136,5.0,6.3245554,8.602325,7.8102493,10.630146,12.041595,12.806249,13.60147,13.453625,12.7279215,10.630146,8.602325,7.615773,0.0,0.0,0.0,0.0,0.0,0.0,0.0,0.0,0.0,0.0,0.0,1.4142135,3.0,5.0,7.28011,9.433981,10.630146,13.60147,15.264338,16.552946,18.027756,18.439089,19.235384,18.110771,16.03122,15.0,12.0,11.0,7.0,5.0990195,0.0,3.0,7.071068,11.0,14.0,17.029385,18.110771,0.0,-0.2551824,-0.17219082,-0.26625204,-0.42285392,-0.4636476,-0.5123895,-0.69473827,-0.7328151,-0.86217004,-1.1071488,-1.5707964,-2.0344439,-2.6779451,3.1415925,2.819842,2.5213432,2.4468544,2.2896264,2.2974386,2.2455373,2.1995926,2.3036115,2.3561945,2.4227626,2.5213432,2.7367008,0.0,0.0,0.0,0.0,0.0,0.0,0.0,0.0,0.0,0.0,0.0,-0.7853982,1.5707964,1.5707964,1.849096,2.1293957,2.2896264,2.5127964,2.5899377,2.7049656,2.8023,2.9229238,2.9849908,3.0309355,3.0791738,3.1415925,3.1415925,3.1415925,3.1415925,2.9441972,0.0,0.0,0.14189705,0.0,0.0,-0.058755822,-0.11065722
137,1760879476.64312,RX1,Walking,69,0.0,10.440307,12.0,14.0,14.142136,15.132746,15.132746,14.3178215,11.401754,9.486833,7.28011,4.1231055,3.0,2.828427,3.0,5.0990195,7.28011,9.219544,10.198039,11.18034,12.369316,13.341663,12.369316,11.401754,11.704699,9.848858,9.433981,0.0,0.0,0.0,0.0,0.0,0.0,0.0,0.0,0.0,0.0,0.0,17.20465,17.804493,16.970562,16.27882,15.620499,12.806249,10.0,5.8309517,1.4142135,2.236068,6.4031243,10.29563,13.038404,17.20465,18.601074,19.849434,20.518286,19.79899,21.931713,19.209373,17.029387,14.21267,11.401754,6.4031243,4.1231055,4.2426405,0.0,1.2793396,1.5707964,1.5707964,1.4288993,1.4382448,1.4382448,1.359703,1.3045443,1.2490457,1.2924967,1.3258177,1.5707964,2.3561945,3.1415925,-2.9441972,-2.863293,-2.9229238,-2.9441972,-2.961739,-2.896614,-2.9147937,-2.896614,-2.8753407,-2.7928216,-2.7233684,-2.5829933,0.0,0.0,0.0,0.0,0.0,0.0,0.0,0.0,0.0,0.0,0.0,2.1910458,2.2367656,2.3561945,2.3996453,2.4468544,2.4668517,2.4980915,2.6011732,2.3561945,-0.4636476,-0.67474097,-0.5070985,-0.5667292,-0.6202495,-0.63274884,-0.7140907,-0.75092906,-0.7853982,-0.817645,-0.8960554,-0.8685394,-0.8850668,-0.90975314,-0.8960554,-0.24497867,0.7853982
138,1760879476.736473,RX1,Walking,59,0.0,11.0,13.0,16.0,17.0,18.027758,18.027758,18.110771,16.124516,12.1655245,10.198039,6.3245554,3.1622777,1.0,4.472136,8.062258,12.083046,14.317821,16.155495,17.088007,18.027756,18.681541,17.46425,15.132746,13.038405,10.0,7.071068,0.0,0.0,0.0,0.0,0.0,0.0,0.0,0.0,0.0,0.0,0.0,9.848858,10.770329,11.18034,11.18034,10.29563,8.944272,8.062258,5.8309517,3.6055512,1.4142135,2.0,4.1231055,6.3245554,8.944272,11.18034,12.529964,13.038404,13.60147,15.0,14.21267,12.7279215,9.899495,7.8102493,4.472136,3.0,4.472136,0.0,0.0,0.0,0.0,0.0,-0.055498507,-0.055498507,-0.11065722,-0.124354996,-0.16514868,-0.19739556,-0.32175055,-0.32175055,1.5707964,2.6779451,2.6224465,2.714965,2.709185,2.7610862,2.782822,2.8023,2.8706458,2.910502,3.009041,3.0648208,3.1415925,-2.9996955,0.0,0.0,0.0,0.0,0.0,0.0,0.0,0.0,0.0,0.0,0.0,1.152572,1.19029,1.1071488,1.1071488,1.0636978,1.1071488,1.0516502,1.0303768,0.98279375,0.7853982,-1.5707964,-1.815775,-1.8925469,-2.0344439,-2.0344439,-2.070143,-2.1375256,-2.1995926,-2.2142975,-2.2565258,-2.3561945,-2.3561945,-2.2655346,-2.0344439,-1.5707964,-0.4636476
139,1760879476.741338,RX1,Walking,66,0.0,11.18034,13.341663,14.56022,15.811388,17.088007,16.763054,15.811388,14.317821,9.848858,8.5440035,6.3245554,3.0,2.0,4.1231055,7.2111025,11.401754,11.401754,14.21267,15.556349,16.27882,16.40122,15.811389,14.422205,12.529964,9.848858,7.615773,0.0,0.0,0.0,0.0,0.0,0.0,0.0,0.0,0.0,0.0,0.0,15.297058,16.124516,17.029385,17.029385,16.0,15.033297,12.041595,9.0,6.0827622,2.828427,3.6055512,6.4031243,9.219544,11.661903,13.892444,15.652476,16.155495,15.811388,17.720043,15.524176,14.3178215,11.18034,7.28011,5.0990195,1.4142135,3.1622777,0.0,2.961739,2.9147937,2.863293,2.819842,2.782822,2.8387077,2.819842,2.709185,2.7233684,2.782822,2.819842,3.1415925,-1.5707964,-1.3258177,-0.98279375,-0.90975314,-0.90975314,-0.8850668,-0.7853982,-0.7419473,-0.6556956,-0.6055447,-0.5880026,-0.49934673,-0.41822433,-0.4048918,0.0,0.0,0.0,0.0,0.0,0.0,0.0,0.0,0.0,0.0,0.0,2.9441972,3.0172377,3.0828369,3.0828369,3.1415925,-3.0750246,-3.0584514,3.1415925,2.976444,2.3561945,0.98279375,0.8960554,0.7086263,0.5404195,0.52807444,0.4636476,0.38050637,0.32175055,0.28605142,0.26060238,0.21109334,0.1798535,0.27829966,0.19739556,0.7853982,2.819842
140,1760879476.861566,RX1,Walking,66,0.0,11.704699,1.0,1.0,7.0,10.198039,9.219544,12.083046,10.198039,12.649111,10.816654,11.045361,9.219544,10.049876,8.246211,8.062258,6.4031243,6.4031243,8.0,8.062258,8.246211,9.486833,7.615773,9.486833,9.219544,10.198039,7.071068,0.0,0.0,0.0,0.0,0.0,0.0,0.0,0.0,0.0,0.0,0.0,15.0,18.384775,17.888544,18.601074,15.556349,19.209373,19.104973,18.439089,14.866069,13.453625,10.770329,11.0,10.440307,10.29563,12.7279215,18.867962,20.124613,22.36068,23.323807,20.615528,19.235384,23.706537,19.209373,18.384775,15.652476,11.401754,0.0,0.348771,-1.5707964,-1.5707964,-1.5707964,-1.7681919,-1.7894653,-1.9974238,-1.7681919,-1.8925469,-2.158799,-1.6614562,-1.7894653,-1.4711276,-1.3258177,-1.0516502,-0.8960554,-0.67474097,0.0,-0.124354996,0.24497867,0.32175055,1.1659045,1.2490457,1.3521274,1.7681919,2.3561945,0.0,0.0,0.0,0.0,0.0,0.0,0.0,0.0,0.0,0.0,0.0,2.2142975,1.9614034,2.0344439,2.203545,2.3561945,2.2455373,2.3191743,2.2794225,2.3086114,2.3036115,1.9513026,1.5707964,1.2793396,1.0636978,0.7853982,0.5585993,0.4636476,0.4636476,0.5404195,0.39852244,0.48689923,0.4825133,0.67474097,0.39060703,0.4636476,0.26625204
141,1760879476.967757,RX1,Walking,67,0.0,21.931713,18.439089,17.029387,14.21267,10.0,7.8102493,3.6055512,1.0,4.1231055,6.0827622,8.246211,11.704699,12.999999,14.86607,16.155495,15.231546,13.892444,13.038404,11.401754,9.219544,6.3245554,4.1231055,4.1231055,6.3245554,9.219544,12.206555,0.0,0.0,0.0,0.0,0.0,0.0,0.0,0.0,0.0,0.0,0.0,7.0,6.7082043,7.2111025,10.770329,14.317821,18.027756,22.472204,24.166092,25.942244,26.41969,26.076809,24.698177,22.825424,18.867962,16.124516,11.704699,9.486833,6.0827622,4.472136,7.28011,11.18034,15.0,17.804493,19.849434,21.931713,22.627417,0.0,-0.817645,-0.86217004,-0.8685394,-0.8850668,-0.9272952,-0.87605804,-0.5880026,0.0,1.815775,1.735945,1.815775,1.9195673,1.9655875,1.9138203,1.9513026,1.9756881,2.0988708,2.1375256,2.2318394,2.4329665,2.819842,-2.896614,-1.815775,-1.2490457,-0.86217004,-0.61072594,0.0,0.0,0.0,0.0,0.0,0.0,0.0,0.0,0.0,0.0,0.0,3.1415925,2.6779451,2.158799,1.9513026,2.003204,1.9100889,1.9347752,1.9974238,2.0516837,2.0852478,2.1375256,2.1251037,2.0736396,2.1293957,2.0899425,1.9195673,1.8925469,1.4056476,0.4636476,-0.27829966,-0.4636476,-0.6435011,-0.66596925,-0.7140907,-0.7531513,-0.7853982
142,1760879477.091248,RX1,Walking,65,0.0,21.189621,22.472204,22.84732,20.615528,19.697716,16.155495,12.999999,10.440307,6.0827622,4.0,3.1622777,4.1231055,7.615773,9.848858,11.18034,13.416409,13.416409,15.231546,14.86607,14.56022,13.341663,12.041595,10.0,8.0,6.0,3.6055512,0.0,0.0,0.0,0.0,0.0,0.0,0.0,0.0,0.0,0.0,0.0,13.341663,11.704699,9.848858,8.062258,5.0990195,4.472136,6.4031243,9.433981,13.416409,16.124516,19.416489,20.615528,21.260292,21.931713,21.931713,19.849434,18.439089,15.556349,14.142136,11.401754,7.615773,6.0827622,7.071068,11.18034,14.86607,17.720043,0.0,-2.8049178,-2.7776136,-2.7367008,-2.7430701,-2.7233684,-2.7610862,-2.7468016,-2.8501358,-2.976444,3.1415925,1.8925469,1.3258177,1.1659045,1.152572,1.1071488,1.1071488,1.1071488,1.1659045,1.2277724,1.2924967,1.3439975,1.487655,1.5707964,1.5707964,1.5707964,0.98279375,0.0,0.0,0.0,0.0,0.0,0.0,0.0,0.0,0.0,0.0,0.0,0.22679885,0.348771,0.41822433,0.5191461,0.19739556,-0.4636476,-0.8960554,-1.012197,-1.1071488,-1.0516502,-0.96850896,-0.88847977,-0.8519663,-0.817645,-0.7531513,-0.7140907,-0.7086263,-0.7853982,-0.7853982,-0.90975314,-1.1659045,-1.735945,-2.3561945,-2.6779451,-2.7985687,-2.8555412
143,1760879477.1931462,RX1,Walking,62,0.0,10.198039,7.071068,6.4031243,7.28011,10.0,12.041595,14.142136,16.27882,16.27882,16.27882,16.27882,16.27882,15.297058,13.152946,12.1655245,10.198039,6.3245554,4.472136,4.472136,6.0827622,7.071068,9.219544,10.049876,12.0,12.0,13.152946,0.0,0.0,0.0,0.0,0.0,0.0,0.0,0.0,0.0,0.0,0.0,8.062258,10.770329,12.649111,14.3178215,16.03122,17.029385,17.262676,16.492422,15.811388,12.999999,10.770329,8.5440035,6.0,5.8309517,7.2111025,9.486833,12.369316,15.297058,18.248287,20.396078,21.37756,21.587034,22.561028,20.615528,18.681541,17.720043,0.0,1.7681919,1.4288993,0.8960554,0.27829966,0.0,-0.08314123,-0.14189705,-0.18534794,-0.18534794,-0.18534794,-0.18534794,-0.18534794,-0.19739556,-0.15264933,-0.16514868,-0.19739556,-0.32175055,-0.4636476,-1.1071488,-1.4056476,-1.7126933,-1.7894653,-1.670465,-1.5707964,-1.5707964,-1.418147,0.0,0.0,0.0,0.0,0.0,0.0,0.0,0.0,0.0,0.0,0.0,2.6224465,2.7610862,2.819842,2.9304993,3.0791738,-3.0828369,-2.9669204,-2.896614,-2.819842,-2.7468016,-2.7610862,-2.782822,3.1415925,2.6011732,2.158799,1.8925469,1.815775,1.7681919,1.735945,1.7681919,1.7590178,1.8045396,1.7942729,1.815775,1.8417432,1.8568478
144,1760879477.2112582,RX1,Walking,48,0.0,13.416409,14.764824,16.552946,16.155495,17.088007,18.027756,17.464249,17.088007,14.86607,13.928389,12.649111,11.401754,11.045361,11.0,11.18034,11.401754,11.401754,12.649111,13.601471,13.341663,14.142136,14.035668,13.0,12.041595,11.18034,10.198039,0.0,0.0,0.0,0.0,0.0,0.0,0.0,0.0,0.0,0.0,0.0,13.341663,15.132746,16.03122,15.297058,15.524176,15.231546,13.416409,12.529964,11.18034,10.440307,10.198039,10.0,11.045361,12.1655245,13.341663,14.3178215,15.524176,16.27882,17.46425,17.46425,17.46425,16.492422,14.56022,13.928389,12.083046,12.206555,0.0,-2.6779451,-2.6476512,-2.7049656,-2.7610862,-2.782822,-2.8023,-2.7291822,-2.782822,-2.7985687,-2.7744188,-2.819842,-2.8753407,-3.050933,3.1415925,2.961739,2.8753407,2.8753407,2.819842,2.8430936,2.9147937,2.9996955,3.070285,3.1415925,-3.0584514,-2.961739,-2.9441972,0.0,0.0,0.0,0.0,0.0,0.0,0.0,0.0,0.0,0.0,0.0,-1.7975951,-1.7033478,-1.5083776,-1.3734008,-1.3101939,-1.1659045,-1.1071488,-1.0714496,-1.1071488,-1.2793396,-1.3734008,-1.5707964,-1.6614562,-1.735945,-1.7975951,-1.7818897,-1.8313987,-1.7561443,-1.801887,-1.801887,-1.801887,-1.815775,-1.849096,-1.9379702,-1.9974238,-2.1815224
145,1760879477.215425,RX1,Walking,47,0.0,10.770329,12.529964,13.038404,13.60147,14.422205,15.0,15.0,14.422205,13.60147,12.206555,11.401754,10.630146,10.630146,9.433981,9.848858,10.440307,11.401754,12.369316,13.601471,13.601471,14.317821,13.892444,13.038404,12.041595,11.313708,10.630146,0.0,0.0,0.0,0.0,0.0,0.0,0.0,0.0,0.0,0.0,0.0,13.601471,14.317821,15.811389,15.620499,15.556349,15.0,13.892444,13.038404,10.816654,10.630146,9.899495,10.816654,11.18034,11.704699,12.999999,14.86607,14.86607,15.811388,15.811388,15.231546,14.86607,13.928389,12.649111,11.401754,11.045361,10.049876,0.0,2.7610862,2.642246,2.5748634,2.5127964,2.55359,2.4980915,2.4980915,2.55359,2.5127964,2.5308666,2.4805496,2.4227626,2.2896264,2.1293957,1.9890207,1.8622531,1.8370484,1.815775,1.8692952,1.8692952,2.003204,2.0988708,2.1375256,2.2974386,2.3561945,2.4227626,0.0,0.0,0.0,0.0,0.0,0.0,0.0,0.0,0.0,0.0,0.0,-2.8430936,-2.709185,-2.536048,-2.4468544,-2.3561945,-2.2142975,-2.0988708,-2.1375256,-2.158799,-2.2896264,-2.3561945,-2.55359,-2.6779451,-2.7928216,-2.7468016,-2.7985687,-2.7985687,-2.819842,-2.819842,-2.7367008,-2.7985687,-2.7744188,-2.819842,-2.8753407,-3.050933,3.041924
146,1760879477.219213,RX1,Walking,47,0.0,12.083046,12.083046,13.038404,13.892444,14.422205,15.264338,15.264338,14.422205,14.422205,13.038404,12.206555,10.630146,10.630146,10.816654,10.770329,11.704699,12.649111,13.601471,13.928389,14.317821,14.317821,13.892444,13.60147,12.806249,11.313708,10.630146,0.0,0.0,0.0,0.0,0.0,0.0,0.0,0.0,0.0,0.0,0.0,13.416409,14.422205,14.142136,14.21267,13.892444,13.416409,12.999999,11.704699,9.848858,8.944272,9.219544,9.219544,10.0,11.661903,12.529964,13.416409,14.317821,14.764824,14.764824,14.764824,14.764824,13.416409,12.083046,10.440307,10.198039,10.0,0.0,-0.4266275,-0.4266275,-0.5667292,-0.52807444,-0.5880026,-0.551655,-0.551655,-0.5880026,-0.5880026,-0.5667292,-0.61072594,-0.71883,-0.8519663,-0.98279375,-1.19029,-1.2220253,-1.2490457,-1.2722974,-1.2036225,-1.1383885,-1.1383885,-1.0427219,-0.94200003,-0.8960554,-0.7853982,-0.71883,0.0,0.0,0.0,0.0,0.0,0.0,0.0,0.0,0.0,0.0,0.0,0.4636476,0.5880026,0.7853982,0.8850668,1.0427219,1.1071488,1.1760052,1.2220253,1.152572,1.1071488,0.86217004,0.7086263,0.6435011,0.5404195,0.49934673,0.4636476,0.43240777,0.49394137,0.49394137,0.49394137,0.49394137,0.4636476,0.4266275,0.2914568,0.19739556,0.0
147,1760879477.252685,RX1,Walking,67,0.0,9.848858,5.656854,3.0,5.8309517,9.848858,12.999999,16.552946,17.888544,18.788294,19.723083,18.027756,17.804493,16.40122,14.21267,12.041595,7.8102493,3.6055512,0.0,3.6055512,7.8102493,11.313708,13.453625,15.620499,16.40122,17.804493,18.027756,0.0,0.0,0.0,0.0,0.0,0.0,0.0,0.0,0.0,0.0,0.0,4.1231055,5.8309517,8.485281,9.899495,10.630146,12.806249,13.038404,12.529964,11.18034,8.944272,7.28011,4.1231055,2.0,3.0,5.8309517,8.602325,11.401754,14.422205,17.492855,19.235384,22.36068,21.931713,21.540659,21.540659,19.646885,17.46425,0.0,-2.7233684,-2.3561945,-1.5707964,-0.5404195,-0.41822433,-0.39479113,-0.43662718,-0.4636476,-0.43984258,-0.53172404,-0.5880026,-0.66596925,-0.6556956,-0.6857295,-0.7266423,-0.69473827,-0.5880026,0.0,2.158799,2.2655346,2.3561945,2.4087775,2.4468544,2.485897,2.4756234,2.55359,0.0,0.0,0.0,0.0,0.0,0.0,0.0,0.0,0.0,0.0,0.0,0.24497867,0.5404195,0.7853982,0.7853982,0.8519663,0.8960554,1.0040671,1.0714496,1.1071488,1.1071488,1.2924967,1.3258177,1.5707964,3.1415925,-2.6011732,-2.5213432,-2.4805496,-2.55359,-2.6011732,-2.6546934,-2.6779451,-2.7187388,-2.7610862,-2.7610862,-2.884269,-2.910502
148,1760879477.3136508,RX1,Walking,66,0.0,6.7082043,3.6055512,3.6055512,5.0,11.313708,15.264338,17.691807,17.492855,18.439089,18.788294,15.652476,14.764824,12.529964,12.083046,8.246211,7.28011,4.0,3.6055512,7.071068,7.0,10.0,7.615773,10.440307,11.401754,11.18034,12.649111,0.0,0.0,0.0,0.0,0.0,0.0,0.0,0.0,0.0,0.0,0.0,4.1231055,7.071068,7.8102493,10.29563,9.219544,10.770329,11.18034,11.045361,11.18034,9.219544,9.055386,4.1231055,3.0,1.4142135,5.0990195,12.369316,9.486833,19.104973,20.615528,23.345236,21.37756,25.96151,20.615528,21.189621,17.46425,16.155495,0.0,-1.1071488,-2.55359,2.55359,2.2142975,2.3561945,2.1224513,2.3162158,2.1112158,2.2794225,2.010639,2.0344439,2.0647378,2.070143,1.9974238,1.815775,1.849096,1.5707964,0.5880026,0.14189705,0.0,0.0,-0.4048918,-0.2914568,-0.26625204,-0.1798535,-0.32175055,0.0,0.0,0.0,0.0,0.0,0.0,0.0,0.0,0.0,0.0,0.0,0.24497867,0.7853982,0.87605804,1.0636978,0.86217004,1.19029,1.3909428,1.4801364,1.3909428,1.7894653,1.6814536,1.815775,3.1415925,-2.3561945,-1.3734008,-1.3258177,-1.2490457,-1.4659194,-1.1722739,-1.3986055,-1.3825748,-1.2977877,-1.3258177,-1.2341216,-1.3397057,-1.19029
149,1760879477.330144,RX1,Walking,48,0.0,18.110771,17.46425,16.27882,15.297058,13.038405,13.0,13.038405,12.369316,12.649111,12.999999,12.999999,13.928389,13.928389,14.86607,14.56022,14.56022,13.341663,12.1655245,12.1655245,11.18034,11.045361,11.045361,11.045361,11.0,11.045361,11.18034,0.0,0.0,0.0,0.0,0.0,0.0,0.0,0.0,0.0,0.0,0.0,11.704699,11.18034,10.770329,10.29563,10.770329,12.083046,12.999999,14.317821,14.764824,15.811389,16.40122,16.27882,16.27882,14.866069,14.142136,13.453625,12.041595,12.206555,12.529964,12.999999,13.601471,14.3178215,16.124516,17.117243,17.117243,17.262676,0.0,1.6814536,1.801887,1.7561443,1.7681919,1.6475682,1.5707964,1.4940244,1.3258177,1.2490457,1.1760052,1.1760052,1.2036225,1.2036225,1.2277724,1.2924967,1.2924967,1.3439975,1.4056476,1.4056476,1.3909428,1.4801364,1.4801364,1.4801364,1.5707964,1.6614562,1.7506498,0.0,0.0,0.0,0.0,0.0,0.0,0.0,0.0,0.0,0.0,0.0,1.9195673,2.0344439,1.9513026,2.077895,1.9513026,1.9974238,1.9655875,2.003204,2.0647378,2.176341,2.226492,2.3127437,2.3127437,2.3086114,2.3561945,2.3036115,2.2974386,2.1815224,2.070143,1.9655875,1.8692952,1.7818897,1.6951513,1.6879051,1.6879051,1.7454685
150,1760879477.350522,RX1,Walking,48,0.0,17.888544,18.384775,17.464249,15.231546,14.764824,14.422205,14.21267,14.142136,14.21267,13.60147,14.21267,15.0,16.40122,16.40122,15.620499,16.27882,14.142136,13.453625,13.453625,12.041595,12.7279215,12.041595,12.041595,12.206555,11.661903,12.083046,0.0,0.0,0.0,0.0,0.0,0.0,0.0,0.0,0.0,0.0,0.0,12.649111,12.369316,11.18034,11.18034,11.401754,12.369316,14.3178215,15.297058,16.124516,16.03122,17.029385,17.029385,16.124516,15.132746,15.132746,13.038405,13.038405,12.041595,14.142136,13.601471,14.86607,15.231546,15.652476,17.888544,17.888544,18.384775,0.0,-2.0344439,-1.9614034,-1.9832067,-1.9756881,-2.0647378,-2.158799,-2.2565258,-2.3561945,-2.4558632,-2.5127964,-2.4558632,-2.4980915,-2.485897,-2.485897,-2.4468544,-2.3996453,-2.3561945,-2.3036115,-2.3036115,-2.2974386,-2.3561945,-2.2974386,-2.2974386,-2.1815224,-2.1112158,-1.9974238,0.0,0.0,0.0,0.0,0.0,0.0,0.0,0.0,0.0,0.0,0.0,-1.8925469,-1.815775,-1.7506498,-1.7506498,-1.8370484,-1.815775,-1.7818897,-1.7681919,-1.6951513,-1.6332152,-1.5120405,-1.5120405,-1.4464413,-1.4382448,-1.4382448,-1.4940244,-1.4940244,-1.6539376,-1.7126933,-1.8692952,-1.9138203,-1.9756881,-2.0344439,-2.0344439,-2.0344439,-1.9614034
151,1760879477.3651168,RX1,Walking,48,0.0,18.027758,17.0,16.0,15.033297,14.035668,13.341663,12.649111,12.999999,12.083046,11.661903,13.038404,13.892444,14.422205,15.264338,14.764824,14.317821,12.999999,12.999999,11.704699,11.704699,10.440307,10.440307,10.440307,11.18034,11.045361,11.0,0.0,0.0,0.0,0.0,0.0,0.0,0.0,0.0,0.0,0.0,0.0,12.041595,11.18034,10.198039,10.198039,11.045361,12.1655245,13.152946,14.3178215,15.524176,15.811388,16.552946,15.652476,15.264338,15.264338,13.892444,12.529964,12.083046,11.704699,12.369316,13.152946,14.035668,14.0,15.033297,16.03122,17.117243,17.029385,0.0,1.5152978,1.5707964,1.5707964,1.5042281,1.4994888,1.3439975,1.2490457,1.1760052,1.1441689,1.0303768,1.0040671,1.0427219,0.98279375,1.0191413,1.076855,1.1383885,1.1760052,1.1760052,1.2220253,1.2220253,1.2793396,1.2793396,1.2793396,1.3909428,1.4801364,1.5707964,0.0,0.0,0.0,0.0,0.0,0.0,0.0,0.0,0.0,0.0,0.0,1.6539376,1.7506498,1.7681919,1.7681919,1.6614562,1.735945,1.7234457,1.7818897,1.8313987,1.8925469,2.0074234,2.0344439,2.1224513,2.1224513,2.0988708,2.070143,1.9974238,1.9195673,1.815775,1.7234457,1.6421038,1.5707964,1.5042281,1.5083776,1.4536875,1.5120405
152,1760879477.389098,RX1,Walking,63,0.0,12.529964,15.652476,17.0,18.35756,18.867962,17.492855,16.643316,14.422205,11.661903,8.944272,7.615773,6.0827622,5.0990195,5.0,5.8309517,7.615773,8.246211,9.486833,10.440307,10.770329,11.18034,11.18034,10.816654,10.0,8.485281,8.485281,0.0,0.0,0.0,0.0,0.0,0.0,0.0,0.0,0.0,0.0,0.0,13.601471,14.035668,13.038405,13.341663,11.401754,9.486833,7.28011,5.0,5.8309517,7.071068,10.0,13.038404,14.422205,17.20465,17.804493,18.601074,18.439089,18.439089,19.104973,16.970562,14.866069,12.206555,8.062258,6.0827622,6.3245554,7.8102493,0.0,0.49934673,0.4636476,0.48995733,0.5123895,0.5585993,0.5404195,0.57133746,0.5880026,0.5404195,0.4636476,0.4048918,0.16514868,-0.19739556,-0.6435011,-1.0303768,-1.1659045,-1.3258177,-1.2490457,-1.2793396,-1.19029,-1.1071488,-1.1071488,-0.98279375,-0.9272952,-0.7853982,-0.7853982,0.0,0.0,0.0,0.0,0.0,0.0,0.0,0.0,0.0,0.0,0.0,2.8430936,3.070285,-3.0648208,-2.9147937,-2.8753407,-2.819842,-2.863293,3.1415925,2.6011732,2.3561945,2.2142975,2.1375256,2.158799,2.1910458,2.2367656,2.203545,2.2794225,2.2794225,2.3191743,2.3561945,2.3086114,2.1815224,2.0899425,1.735945,1.2490457,0.87605804
153,1760879477.418447,RX1,Walking,66,0.0,14.866069,11.401754,7.615773,6.0827622,8.485281,10.770329,13.928389,16.492422,17.46425,17.262676,18.439089,18.439089,18.248287,18.439089,16.27882,15.297058,11.18034,9.055386,6.0,4.472136,4.472136,7.071068,9.055386,11.18034,13.341663,14.86607,0.0,0.0,0.0,0.0,0.0,0.0,0.0,0.0,0.0,0.0,0.0,2.236068,4.2426405,7.2111025,9.899495,12.041595,15.0,16.643316,17.464249,18.027756,15.297058,14.3178215,12.041595,9.055386,5.0990195,2.828427,3.6055512,7.071068,11.401754,15.620499,19.104973,22.671568,24.04163,24.04163,24.04163,24.08319,22.022717,0.0,0.8329813,0.66104317,0.4048918,-0.16514868,-0.7853982,-1.19029,-1.2036225,-1.3258177,-1.3397057,-1.3961241,-1.3521274,-1.3521274,-1.4056476,-1.3521274,-1.3854483,-1.3734008,-1.3909428,-1.4601392,-1.5707964,-2.0344439,-2.6779451,-2.9996955,-3.0309355,-2.961739,-2.9147937,-2.7985687,0.0,0.0,0.0,0.0,0.0,0.0,0.0,0.0,0.0,0.0,0.0,2.6779451,2.3561945,2.158799,2.3561945,2.2974386,2.4980915,2.5702553,2.7291822,2.8023,2.9441972,2.9304993,3.0584514,3.0309355,2.9441972,2.3561945,0.98279375,0.7853982,0.66104317,0.69473827,0.74837804,0.72297937,0.7853982,0.7853982,0.7853982,0.844154,0.88187194
154,1760879477.552512,RX1,Walking,68,0.0,5.0,2.828427,4.2426405,6.4031243,9.433981,11.661903,13.892444,14.764824,12.206555,12.806249,12.041595,10.630146,9.219544,7.2111025,5.0,4.1231055,2.236068,3.1622777,5.0990195,8.062258,10.049876,11.401754,12.999999,12.529964,13.038404,12.806249,0.0,0.0,0.0,0.0,0.0,0.0,0.0,0.0,0.0,0.0,0.0,14.21267,16.27882,19.104973,19.104973,20.615528,20.615528,19.209373,15.811389,13.60147,10.816654,7.071068,2.828427,1.4142135,5.656854,8.485281,12.041595,14.21267,17.804493,21.633308,23.323807,22.36068,22.36068,21.023798,17.464249,16.155495,13.928389,0.0,-0.9272952,-0.7853982,0.7853982,0.8960554,1.012197,1.0303768,1.0427219,1.076855,0.9600704,0.8960554,0.844154,0.8519663,0.86217004,0.98279375,0.9272952,1.3258177,2.0344439,2.819842,2.9441972,-3.0172377,-3.041924,-2.8753407,-2.7468016,-2.642246,-2.5748634,-2.4668517,0.0,0.0,0.0,0.0,0.0,0.0,0.0,0.0,0.0,0.0,0.0,2.2565258,2.3127437,2.3191743,2.3932147,2.4592762,2.4592762,2.4668517,2.536048,2.5127964,2.55359,2.3561945,2.3561945,-0.7853982,-0.7853982,-0.7853982,-0.7266423,-0.8850668,-0.90482706,-0.98279375,-1.0303768,-1.1071488,-1.1071488,-1.1284221,-1.1583859,-1.19029,-1.2036225
155,1760879478.183306,RX1,Walking,48,0.0,12.206555,13.038404,14.317821,14.317821,14.86607,15.811388,15.811388,15.811388,14.56022,13.601471,13.341663,12.369316,12.1655245,12.041595,12.0,12.041595,11.045361,12.1655245,12.1655245,13.038405,13.038405,13.0,13.038405,13.152946,12.369316,11.704699,0.0,0.0,0.0,0.0,0.0,0.0,0.0,0.0,0.0,0.0,0.0,12.206555,12.529964,13.416409,15.297058,14.142136,14.142136,14.0,14.142136,12.1655245,12.1655245,11.045361,11.0,10.049876,11.401754,12.369316,12.649111,13.928389,14.317821,16.552946,16.155495,16.552946,16.552946,15.231546,14.764824,13.892444,13.038404,0.0,-0.9600704,-1.0040671,-1.1383885,-1.1383885,-1.2277724,-1.2490457,-1.2490457,-1.2490457,-1.2924967,-1.2722974,-1.3439975,-1.3258177,-1.4056476,-1.487655,-1.5707964,-1.6539376,-1.6614562,-1.735945,-1.735945,-1.6475682,-1.6475682,-1.5707964,-1.4940244,-1.418147,-1.3258177,-1.2220253,0.0,0.0,0.0,0.0,0.0,0.0,0.0,0.0,0.0,0.0,0.0,-0.61072594,-0.49934673,-0.4636476,-0.19739556,-0.14189705,-0.14189705,0.0,0.14189705,0.16514868,0.16514868,0.09065989,0.0,-0.09966865,-0.26625204,-0.24497867,-0.32175055,-0.36717382,-0.43240777,-0.43662718,-0.38050637,-0.43662718,-0.43662718,-0.4048918,-0.49394137,-0.52807444,-0.5667292
156,1760879478.192565,RX1,Walking,65,0.0,19.235384,17.262676,13.341663,10.770329,8.062258,7.2111025,8.062258,9.055386,10.198039,12.369316,13.601471,14.3178215,13.341663,13.152946,12.1655245,10.049876,8.062258,5.0990195,3.6055512,4.472136,5.0,7.0,8.0,9.055386,9.219544,10.440307,0.0,0.0,0.0,0.0,0.0,0.0,0.0,0.0,0.0,0.0,0.0,9.219544,9.219544,11.661903,17.20465,17.492855,25.0,23.430748,25.455843,25.0,25.23886,23.706537,22.36068,20.124613,17.0,14.422205,11.313708,10.770329,11.18034,13.038405,16.27882,17.720043,21.189621,23.086794,24.041632,24.738632,24.5153,0.0,-1.7273982,-1.7454685,-1.7975951,-1.9513026,-2.0899425,-2.55359,-3.0172377,3.0309355,2.9441972,2.896614,2.8430936,2.9304993,2.9147937,2.9889433,2.976444,3.041924,3.0172377,2.9441972,2.55359,2.0344439,1.5707964,1.5707964,1.5707964,1.6814536,1.7894653,1.8622531,0.0,0.0,0.0,0.0,0.0,0.0,0.0,0.0,0.0,0.0,0.0,-0.7086263,-0.86217004,-1.0303768,-0.95054686,-1.0303768,-0.9272952,-0.87605804,-0.7853982,-0.6435011,-0.5880026,-0.4825133,-0.4636476,-0.4636476,-0.48995733,-0.5880026,-0.7853982,-1.19029,-1.3909428,-1.6475682,-1.7561443,-1.8568478,-1.9074712,-1.8788491,-1.8662372,-1.815775,-1.7761917
157,1760879478.205369,RX1,Walking,47,0.0,12.1655245,13.0,14.0,14.035668,15.033297,15.033297,15.132746,14.142136,14.142136,13.152946,13.341663,12.649111,12.649111,12.083046,12.529964,13.038404,13.038404,14.422205,13.892444,14.764824,15.231546,14.86607,14.56022,14.142136,13.038405,12.0,0.0,0.0,0.0,0.0,0.0,0.0,0.0,0.0,0.0,0.0,0.0,12.083046,13.038404,14.21267,14.142136,15.0,14.422205,13.416409,13.416409,12.083046,11.18034,11.18034,10.816654,11.313708,11.313708,12.806249,12.806249,14.21267,14.21267,15.0,15.0,14.21267,13.60147,13.038404,12.529964,12.083046,11.704699,0.0,-1.4056476,-1.5707964,-1.5707964,-1.6421038,-1.6373645,-1.6373645,-1.7033478,-1.7126933,-1.7126933,-1.7234457,-1.7975951,-1.8925469,-1.8925469,-1.9974238,-2.070143,-2.1375256,-2.1375256,-2.158799,-2.0988708,-2.0647378,-1.9756881,-1.9138203,-1.849096,-1.7126933,-1.6475682,-1.5707964,0.0,0.0,0.0,0.0,0.0,0.0,0.0,0.0,0.0,0.0,0.0,-1.1441689,-1.0040671,-0.8850668,-0.7853982,-0.6435011,-0.5880026,-0.4636476,-0.4636476,-0.4266275,-0.4636476,-0.4636476,-0.5880026,-0.7853982,-0.7853982,-0.8960554,-0.8960554,-0.8850668,-0.8850668,-0.9272952,-0.9272952,-0.8850668,-0.94200003,-1.0040671,-1.0714496,-1.1441689,-1.2220253
158,1760879478.2091038,RX1,Walking,47,0.0,11.313708,12.041595,12.806249,13.60147,13.60147,14.422205,14.422205,13.038404,13.038404,12.529964,12.083046,10.770329,11.401754,11.18034,11.045361,12.041595,13.0,13.038405,14.142136,14.142136,14.3178215,13.601471,12.999999,13.416409,11.661903,11.401754,0.0,0.0,0.0,0.0,0.0,0.0,0.0,0.0,0.0,0.0,0.0,11.704699,12.369316,14.3178215,14.035668,15.0,15.132746,15.297058,14.56022,13.601471,12.369316,12.1655245,11.045361,12.0,12.041595,12.1655245,14.142136,14.3178215,14.3178215,15.297058,15.297058,14.3178215,14.3178215,13.601471,12.649111,12.083046,11.661903,0.0,2.3561945,2.2974386,2.2455373,2.1995926,2.1995926,2.158799,2.158799,2.1375256,2.1375256,2.070143,1.9974238,1.9513026,1.8370484,1.7506498,1.6614562,1.6539376,1.5707964,1.6475682,1.7126933,1.7126933,1.7818897,1.8692952,1.9655875,2.0344439,2.1112158,2.2318394,0.0,0.0,0.0,0.0,0.0,0.0,0.0,0.0,0.0,0.0,0.0,2.7928216,2.896614,2.9304993,3.070285,3.1415925,-3.009041,-2.9441972,-2.863293,-2.8430936,-2.896614,-2.976444,-3.050933,3.1415925,3.0584514,2.976444,2.9996955,2.9304993,2.9304993,2.9441972,2.9441972,2.9304993,2.9304993,2.8430936,2.819842,2.714965,2.6011732
159,1760879478.214334,RX1,Walking,47,0.0,14.3178215,14.0,13.038405,14.142136,14.3178215,14.56022,14.86607,15.231546,15.231546,16.155495,16.155495,15.231546,15.231546,15.231546,14.317821,14.764824,14.764824,13.892444,14.764824,14.764824,14.764824,14.764824,14.86607,14.56022,15.297058,15.033297,0.0,0.0,0.0,0.0,0.0,0.0,0.0,0.0,0.0,0.0,0.0,12.041595,13.152946,14.3178215,14.86607,15.231546,15.652476,16.643316,16.40122,15.620499,15.556349,14.866069,14.142136,13.453625,13.038404,13.038404,13.416409,12.999999,14.86607,14.56022,15.524176,16.492422,17.46425,17.46425,17.720043,16.492422,16.27882,0.0,-1.359703,-1.5707964,-1.6475682,-1.7126933,-1.7818897,-1.849096,-1.9138203,-1.9756881,-1.9756881,-1.9513026,-1.9513026,-1.9756881,-1.9756881,-1.9756881,-2.003204,-2.0647378,-2.0647378,-2.0988708,-2.0647378,-2.0647378,-2.0647378,-2.0647378,-1.9138203,-1.849096,-1.7681919,-1.6373645,0.0,0.0,0.0,0.0,0.0,0.0,0.0,0.0,0.0,0.0,0.0,-1.487655,-1.418147,-1.359703,-1.2277724,-1.1659045,-1.1071488,-0.99945885,-0.9151007,-0.87605804,-0.7853982,-0.8329813,-0.7853982,-0.8379812,-1.0040671,-1.0040671,-1.1071488,-1.1760052,-1.2277724,-1.2924967,-1.3101939,-1.3258177,-1.3397057,-1.3397057,-1.2847449,-1.3258177,-1.3854483
160,1760879478.2670841,RX1,Walking,47,0.0,13.416409,12.999999,12.649111,12.369316,13.152946,13.038405,14.035668,14.0,15.0,15.033297,15.033297,15.033297,14.035668,14.035668,14.035668,13.152946,13.152946,13.152946,13.152946,13.152946,14.142136,14.035668,14.0,14.035668,14.142136,13.601471,0.0,0.0,0.0,0.0,0.0,0.0,0.0,0.0,0.0,0.0,0.0,11.18034,11.661903,13.038404,13.60147,14.21267,14.866069,15.0,15.811389,15.264338,14.764824,14.317821,13.416409,12.529964,11.661903,12.206555,12.041595,12.7279215,13.453625,14.21267,14.422205,15.811389,15.811389,15.811389,15.811389,15.264338,14.422205,0.0,-1.1071488,-1.1760052,-1.2490457,-1.3258177,-1.418147,-1.4940244,-1.4994888,-1.5707964,-1.5707964,-1.6373645,-1.6373645,-1.6373645,-1.6421038,-1.6421038,-1.6421038,-1.7234457,-1.7234457,-1.7234457,-1.7234457,-1.7234457,-1.7126933,-1.6421038,-1.5707964,-1.4994888,-1.4288993,-1.2722974,0.0,0.0,0.0,0.0,0.0,0.0,0.0,0.0,0.0,0.0,0.0,-1.1071488,-1.0303768,-1.0040671,-0.94200003,-0.8850668,-0.7378151,-0.6435011,-0.6055447,-0.551655,-0.49394137,-0.43240777,-0.4636476,-0.49934673,-0.5404195,-0.61072594,-0.7266423,-0.7853982,-0.8379812,-0.8850668,-0.98279375,-0.9652517,-0.9652517,-0.9652517,-0.9652517,-1.0191413,-0.98279375
161,1760879478.283814,RX1,Walking,47,0.0,13.341663,14.3178215,13.152946,13.038405,13.0,14.035668,14.142136,14.3178215,14.3178215,14.3178215,14.3178215,14.3178215,13.341663,13.341663,13.601471,12.649111,12.649111,12.999999,12.999999,13.928389,13.601471,13.341663,14.3178215,14.035668,14.0,14.142136,0.0,0.0,0.0,0.0,0.0,0.0,0.0,0.0,0.0,0.0,0.0,11.704699,12.083046,13.416409,13.416409,14.422205,15.811389,15.620499,16.27882,15.556349,16.27882,15.620499,14.21267,14.21267,13.453625,12.7279215,12.806249,13.038404,13.892444,14.764824,15.652476,15.231546,16.155495,16.155495,16.155495,16.155495,15.231546,0.0,-2.9147937,-2.9304993,-2.9889433,-3.0648208,3.1415925,3.070285,2.9996955,2.9304993,2.9304993,2.9304993,2.9304993,2.9304993,2.9147937,2.9147937,2.8430936,2.819842,2.819842,2.7468016,2.7468016,2.7744188,2.8430936,2.9147937,2.9304993,3.070285,3.1415925,-2.9996955,0.0,0.0,0.0,0.0,0.0,0.0,0.0,0.0,0.0,0.0,0.0,-2.7928216,-2.714965,-2.6779451,-2.6779451,-2.55359,-2.536048,-2.4468544,-2.3996453,-2.3561945,-2.3127437,-2.2655346,-2.2565258,-2.2565258,-2.3036115,-2.3561945,-2.4668517,-2.5748634,-2.6135182,-2.6476512,-2.6779451,-2.7367008,-2.7610862,-2.7610862,-2.7610862,-2.7610862,-2.7367008
162,1760879478.312641,RX1,Walking,47,0.0,13.892444,15.264338,14.21267,12.806249,12.7279215,14.21267,14.21267,14.422205,14.422205,14.422205,14.422205,14.764824,13.892444,13.892444,13.416409,13.416409,13.416409,13.416409,14.317821,14.317821,14.317821,13.892444,14.422205,14.21267,14.142136,13.453625,0.0,0.0,0.0,0.0,0.0,0.0,0.0,0.0,0.0,0.0,0.0,12.083046,12.999999,12.999999,13.601471,14.56022,15.297058,15.132746,16.03122,16.03122,16.0,15.033297,15.033297,15.033297,14.0,14.0,13.152946,13.341663,14.3178215,14.56022,14.86607,15.231546,16.155495,15.231546,15.231546,15.231546,15.231546,0.0,-2.0988708,-2.1224513,-2.2565258,-2.2455373,-2.3561945,-2.4558632,-2.4558632,-2.55359,-2.55359,-2.55359,-2.55359,-2.6476512,-2.6135182,-2.6135182,-2.6779451,-2.6779451,-2.6779451,-2.6779451,-2.709185,-2.709185,-2.709185,-2.6135182,-2.55359,-2.4558632,-2.3561945,-2.3036115,0.0,0.0,0.0,0.0,0.0,0.0,0.0,0.0,0.0,0.0,0.0,-1.9974238,-1.9655875,-1.9655875,-1.8692952,-1.849096,-1.7681919,-1.7033478,-1.6332152,-1.6332152,-1.5707964,-1.5042281,-1.5042281,-1.5042281,-1.5707964,-1.5707964,-1.7234457,-1.7975951,-1.7818897,-1.849096,-1.9138203,-1.9756881,-1.9513026,-1.9756881,-1.9756881,-1.9756881,-1.9756881
163,1760879478.334762,RX1,Walking,47,0.0,13.601471,13.341663,14.142136,14.142136,14.142136,14.0,14.0,14.0,14.035668,13.152946,14.142136,14.142136,13.341663,13.341663,13.601471,14.56022,13.601471,14.56022,14.56022,14.3178215,14.3178215,14.142136,14.035668,14.0,14.035668,14.142136,0.0,0.0,0.0,0.0,0.0,0.0,0.0,0.0,0.0,0.0,0.0,12.083046,13.892444,13.60147,14.21267,14.866069,15.556349,15.620499,15.0,15.264338,14.422205,14.422205,13.60147,13.60147,12.806249,13.453625,14.142136,14.21267,14.21267,15.0,15.0,15.0,15.264338,14.422205,14.764824,14.764824,14.317821,0.0,-2.8430936,-2.9147937,-2.9996955,-2.9996955,-2.9996955,3.1415925,3.1415925,3.1415925,3.070285,2.9889433,2.9996955,2.9996955,2.9147937,2.9147937,2.8430936,2.863293,2.8430936,2.863293,2.863293,2.9304993,2.9304993,2.9996955,3.070285,3.1415925,-3.070285,-2.9996955,0.0,0.0,0.0,0.0,0.0,0.0,0.0,0.0,0.0,0.0,0.0,-2.714965,-2.6135182,-2.5127964,-2.4558632,-2.4037776,-2.3561945,-2.2655346,-2.2142975,-2.1224513,-2.158799,-2.158799,-2.1995926,-2.1995926,-2.2455373,-2.3036115,-2.3561945,-2.4558632,-2.4558632,-2.4980915,-2.4980915,-2.4980915,-2.5899377,-2.55359,-2.6476512,-2.6476512,-2.709185
164,1760879478.348616,RX1,Walking,69,0.0,14.035668,16.124516,18.248287,19.646885,20.615528,22.561028,23.537203,23.345236,20.22375,18.439089,17.117243,17.029385,14.035668,14.142136,11.18034,9.486833,8.602325,8.602325,9.433981,11.18034,13.892444,14.422205,16.27882,16.40122,16.552946,15.297058,0.0,0.0,0.0,0.0,0.0,0.0,0.0,0.0,0.0,0.0,0.0,8.5440035,8.062258,6.0827622,6.0827622,4.1231055,2.236068,2.236068,3.1622777,4.0,4.0,6.0827622,6.3245554,7.28011,7.615773,8.062258,8.062258,10.0,10.0,12.041595,12.7279215,12.7279215,12.7279215,12.806249,11.661903,12.083046,11.401754,0.0,-0.071307465,-0.124354996,-0.16514868,-0.2573237,-0.24497867,-0.2234766,-0.21406068,-0.17219082,-0.14888994,-0.21866895,-0.11710875,-0.058755822,-0.071307465,-0.14189705,-0.1798535,-0.32175055,-0.6202495,-0.95054686,-1.012197,-1.1071488,-1.0427219,-0.98279375,-0.8288491,-0.6556956,-0.43662718,-0.19739556,0.0,0.0,0.0,0.0,0.0,0.0,0.0,0.0,0.0,0.0,0.0,2.782822,3.0172377,2.976444,2.976444,2.896614,2.6779451,2.0344439,1.8925469,1.5707964,1.5707964,1.4056476,1.2490457,1.2924967,1.1659045,1.0516502,1.0516502,0.9272952,0.9272952,0.844154,0.7853982,0.7853982,0.7853982,0.67474097,0.5404195,0.4266275,0.26625204
165,1760879478.351927,RX1,Walking,47,0.0,12.649111,13.341663,13.341663,13.152946,13.038405,14.0,14.035668,14.035668,14.035668,14.035668,14.142136,14.142136,14.142136,13.341663,14.3178215,13.341663,14.56022,14.56022,14.56022,14.3178215,14.3178215,14.142136,15.033297,14.035668,14.035668,13.341663,0.0,0.0,0.0,0.0,0.0,0.0,0.0,0.0,0.0,0.0,0.0,12.083046,12.529964,13.892444,13.60147,14.866069,14.866069,15.0,14.422205,13.892444,13.892444,12.529964,13.038404,12.206555,12.041595,12.041595,12.7279215,12.806249,14.21267,13.60147,14.422205,14.422205,15.264338,15.264338,13.892444,13.892444,13.416409,0.0,-1.2490457,-1.3439975,-1.3439975,-1.418147,-1.4940244,-1.5707964,-1.6421038,-1.6421038,-1.6421038,-1.6421038,-1.7126933,-1.7126933,-1.7126933,-1.7975951,-1.7818897,-1.7975951,-1.849096,-1.849096,-1.849096,-1.7818897,-1.7818897,-1.7126933,-1.6373645,-1.4994888,-1.4994888,-1.3439975,0.0,0.0,0.0,0.0,0.0,0.0,0.0,0.0,0.0,0.0,0.0,-1.1441689,-1.0714496,-1.0427219,-0.94200003,-0.8329813,-0.7378151,-0.6435011,-0.5880026,-0.52807444,-0.52807444,-0.49934673,-0.5667292,-0.61072594,-0.7266423,-0.7266423,-0.7853982,-0.8960554,-0.8850668,-0.94200003,-0.98279375,-0.98279375,-1.0191413,-1.0191413,-1.0427219,-1.0427219,-1.1071488
166,1760879478.3553898,RX1,Walking,47,0.0,13.416409,13.892444,14.422205,12.806249,13.453625,14.142136,14.142136,14.21267,14.21267,14.21267,15.0,15.0,14.422205,14.422205,13.892444,13.892444,13.892444,13.892444,14.422205,14.422205,14.422205,15.0,14.21267,14.142136,14.21267,14.422205,0.0,0.0,0.0,0.0,0.0,0.0,0.0,0.0,0.0,0.0,0.0,12.083046,13.601471,14.3178215,15.132746,15.033297,15.033297,15.132746,15.132746,14.3178215,14.3178215,13.341663,13.152946,13.152946,13.038405,13.0,13.0,13.038405,14.142136,15.132746,15.297058,15.297058,15.297058,14.56022,14.56022,14.56022,13.601471,0.0,-2.0344439,-2.0988708,-2.158799,-2.2455373,-2.3036115,-2.3561945,-2.3561945,-2.4558632,-2.4558632,-2.4558632,-2.4980915,-2.4980915,-2.55359,-2.55359,-2.6135182,-2.6135182,-2.6135182,-2.6135182,-2.55359,-2.55359,-2.55359,-2.4980915,-2.4558632,-2.3561945,-2.2565258,-2.158799,0.0,0.0,0.0,0.0,0.0,0.0,0.0,0.0,0.0,0.0,0.0,-1.9974238,-1.8692952,-1.7818897,-1.7033478,-1.6373645,-1.5042281,-1.4382448,-1.4382448,-1.359703,-1.359703,-1.3439975,-1.418147,-1.418147,-1.4940244,-1.5707964,-1.5707964,-1.6475682,-1.7126933,-1.7033478,-1.7681919,-1.7681919,-1.7681919,-1.849096,-1.849096,-1.849096,-1.8692952
167,1760879478.358451,RX1,Walking,46,0.0,13.152946,13.601471,13.601471,13.928389,13.928389,13.928389,14.317821,13.416409,13.416409,12.529964,13.038404,13.038404,12.206555,12.806249,12.806249,12.806249,12.806249,13.60147,13.60147,13.892444,13.892444,13.416409,12.999999,13.601471,12.1655245,12.041595,0.0,0.0,0.0,0.0,0.0,0.0,0.0,0.0,0.0,0.0,0.0,11.18034,12.0,13.038405,13.341663,12.649111,12.999999,12.999999,12.529964,12.083046,12.083046,11.18034,12.083046,12.649111,12.649111,12.369316,12.649111,13.341663,13.341663,13.341663,13.341663,13.152946,13.152946,13.038405,13.038405,13.0,13.152946,0.0,1.418147,1.2722974,1.2722974,1.2036225,1.2036225,1.2036225,1.1383885,1.1071488,1.1071488,1.0714496,1.0040671,1.0040671,0.9600704,0.8960554,0.8960554,0.8960554,0.8960554,0.94200003,0.94200003,1.0427219,1.0427219,1.1071488,1.1760052,1.2722974,1.4056476,1.487655,0.0,0.0,0.0,0.0,0.0,0.0,0.0,0.0,0.0,0.0,0.0,1.3909428,1.5707964,1.6475682,1.7975951,1.8925469,1.9655875,1.9655875,2.070143,1.9974238,1.9974238,2.0344439,1.9974238,1.8925469,1.8925469,1.815775,1.8925469,1.7975951,1.7975951,1.7975951,1.7975951,1.7234457,1.7234457,1.6475682,1.6475682,1.5707964,1.418147
168,1760879478.360534,RX1,Walking,46,0.0,13.038405,14.142136,14.142136,14.035668,14.035668,14.0,14.035668,14.0,13.038405,13.038405,13.038405,12.1655245,12.369316,12.649111,12.649111,12.649111,12.999999,13.928389,13.601471,14.56022,14.3178215,14.142136,13.038405,13.038405,12.1655245,12.369316,0.0,0.0,0.0,0.0,0.0,0.0,0.0,0.0,0.0,0.0,0.0,12.529964,12.806249,13.453625,13.453625,13.60147,13.038404,12.529964,12.529964,11.661903,11.661903,10.816654,11.401754,12.041595,12.7279215,12.7279215,13.453625,14.142136,14.142136,14.142136,13.453625,13.60147,13.60147,12.206555,11.661903,12.083046,11.704699,0.0,1.6475682,1.7126933,1.7126933,1.6421038,1.6421038,1.5707964,1.6421038,1.5707964,1.4940244,1.4940244,1.4940244,1.4056476,1.3258177,1.2490457,1.2490457,1.2490457,1.1760052,1.2036225,1.2722974,1.2924967,1.359703,1.4288993,1.4940244,1.6475682,1.735945,1.815775,0.0,0.0,0.0,0.0,0.0,0.0,0.0,0.0,0.0,0.0,0.0,2.070143,2.2455373,2.3036115,2.4087775,2.5127964,2.5748634,2.642246,2.642246,2.6011732,2.6011732,2.55359,2.4805496,2.4149504,2.3561945,2.3561945,2.3036115,2.3561945,2.3561945,2.3561945,2.3036115,2.1995926,2.1995926,2.1815224,2.1112158,1.9974238,1.9195673
169,1760879478.3618739,RX1,Walking,47,0.0,17.029387,16.27882,14.866069,14.21267,12.206555,11.661903,11.18034,11.704699,12.369316,13.152946,13.152946,14.142136,14.035668,15.132746,15.132746,15.297058,15.297058,14.56022,13.601471,13.601471,12.999999,12.999999,12.529964,12.529964,12.206555,12.806249,0.0,0.0,0.0,0.0,0.0,0.0,0.0,0.0,0.0,0.0,0.0,12.806249,12.206555,11.661903,13.038404,11.661903,11.401754,13.60147,14.422205,16.124516,16.552946,17.088007,17.088007,16.763054,15.524176,14.56022,13.601471,12.649111,12.083046,11.18034,11.401754,12.041595,12.806249,14.21267,15.0,15.811389,16.40122,0.0,2.2730532,2.3127437,2.3086114,2.2565258,2.1815224,2.1112158,2.0344439,1.9195673,1.815775,1.7234457,1.7234457,1.7126933,1.6421038,1.7033478,1.7033478,1.7681919,1.7681919,1.849096,1.8692952,1.8692952,1.9655875,1.9655875,2.070143,2.070143,2.1815224,2.2455373,0.0,0.0,0.0,0.0,0.0,0.0,0.0,0.0,0.0,0.0,0.0,2.4668517,2.5308666,2.6011732,2.5748634,2.6011732,2.4805496,2.5127964,2.55359,2.6224465,2.7049656,2.782822,2.782822,2.8387077,2.8809903,2.863293,2.8430936,2.819842,2.714965,2.6779451,2.4805496,2.4149504,2.2455373,2.2565258,2.2142975,2.176341,2.226492
170,1760879478.363182,RX1,Walking,48,0.0,15.0,13.60147,12.041595,12.041595,12.206555,12.529964,12.999999,13.928389,14.56022,14.86607,14.56022,15.524176,15.811388,14.86607,14.86607,14.86607,14.86607,13.601471,13.601471,12.649111,13.601471,13.601471,13.928389,13.416409,14.422205,14.21267,0.0,0.0,0.0,0.0,0.0,0.0,0.0,0.0,0.0,0.0,0.0,11.18034,11.18034,12.529964,13.416409,13.928389,15.811388,16.492422,17.262676,17.029385,17.0,16.03122,15.033297,14.035668,13.0,12.041595,12.1655245,11.401754,12.083046,12.529964,13.892444,15.264338,15.811389,17.20465,16.643316,16.643316,16.643316,0.0,2.4980915,2.5127964,2.4149504,2.2974386,2.1815224,2.070143,1.9655875,1.9379702,1.849096,1.9138203,1.849096,1.8313987,1.8925469,1.9138203,1.9138203,1.9138203,1.9138203,1.8692952,1.8692952,1.8925469,1.8692952,1.8692952,1.9379702,2.0344439,2.158799,2.2565258,0.0,0.0,0.0,0.0,0.0,0.0,0.0,0.0,0.0,0.0,0.0,2.6779451,2.6779451,2.642246,2.6779451,2.7744188,2.819842,2.896614,2.9669204,3.0828369,3.1415925,-3.0791738,-3.0750246,-3.070285,3.1415925,3.0584514,2.976444,2.8753407,2.714965,2.642246,2.6135182,2.5899377,2.536048,2.5213432,2.5702553,2.5702553,2.5702553
171,1760879478.365061,RX1,Walking,47,0.0,15.231546,14.86607,14.86607,12.999999,12.083046,11.661903,11.401754,11.313708,11.401754,11.401754,12.206555,13.038404,13.892444,14.422205,15.264338,15.0,15.0,14.866069,14.142136,13.453625,12.7279215,12.041595,11.401754,12.206555,11.661903,12.529964,0.0,0.0,0.0,0.0,0.0,0.0,0.0,0.0,0.0,0.0,0.0,12.1655245,11.045361,11.0,11.045361,11.0,11.0,12.0,13.0,14.0,15.033297,15.132746,15.297058,15.297058,15.524176,14.56022,13.601471,12.369316,11.18034,11.045361,11.045361,11.18034,11.401754,12.999999,14.317821,14.317821,15.231546,0.0,1.1659045,1.2277724,1.2277724,1.1760052,1.1441689,1.0303768,0.90975314,0.7853982,0.66104317,0.66104317,0.61072594,0.5667292,0.52807444,0.5880026,0.551655,0.6435011,0.6435011,0.7378151,0.7853982,0.8379812,0.7853982,0.844154,0.90975314,0.9600704,1.0303768,1.0714496,0.0,0.0,0.0,0.0,0.0,0.0,0.0,0.0,0.0,0.0,0.0,1.4056476,1.4801364,1.5707964,1.6614562,1.5707964,1.5707964,1.5707964,1.5707964,1.5707964,1.6373645,1.7033478,1.7681919,1.7681919,1.8313987,1.849096,1.8692952,1.815775,1.7506498,1.6614562,1.4801364,1.3909428,1.3045443,1.1760052,1.1383885,1.1383885,1.1659045
172,1760879478.36703,RX1,Walking,47,0.0,15.652476,15.264338,14.764824,13.416409,12.083046,11.401754,11.18034,11.045361,12.0,12.041595,13.038405,14.142136,14.142136,15.033297,15.033297,15.0,15.0,14.035668,14.142136,13.152946,13.152946,12.1655245,11.401754,11.401754,11.704699,12.083046,0.0,0.0,0.0,0.0,0.0,0.0,0.0,0.0,0.0,0.0,0.0,11.661903,11.401754,11.313708,11.313708,11.313708,12.041595,12.041595,12.7279215,14.142136,15.620499,15.0,15.264338,15.264338,14.764824,13.892444,13.892444,11.661903,11.401754,10.630146,11.313708,11.401754,12.529964,13.416409,14.317821,15.652476,15.652476,0.0,0.4636476,0.551655,0.49394137,0.4636476,0.4266275,0.26625204,0.1798535,0.09065989,0.0,-0.08314123,-0.07677189,-0.14189705,-0.14189705,-0.066568166,-0.066568166,0.0,0.0,0.071307465,0.14189705,0.15264933,0.15264933,0.16514868,0.26625204,0.26625204,0.348771,0.4266275,0.0,0.0,0.0,0.0,0.0,0.0,0.0,0.0,0.0,0.0,0.0,0.5404195,0.66104317,0.7853982,0.7853982,0.7853982,0.7266423,0.7266423,0.7853982,0.7853982,0.87605804,0.9272952,1.0191413,1.0191413,1.076855,1.0427219,1.0427219,1.0303768,0.90975314,0.8519663,0.7853982,0.66104317,0.49934673,0.4636476,0.43240777,0.4636476,0.4636476
173,1760879478.369323,RX1,Walking,47,0.0,17.088007,16.552946,15.231546,13.928389,13.601471,12.369316,11.045361,12.0,12.041595,12.1655245,13.341663,14.3178215,14.3178215,15.297058,15.297058,15.297058,15.132746,15.033297,14.0,14.0,13.0,13.038405,12.041595,12.1655245,13.152946,12.649111,0.0,0.0,0.0,0.0,0.0,0.0,0.0,0.0,0.0,0.0,0.0,12.529964,12.206555,12.206555,12.806249,12.041595,12.806249,13.60147,14.21267,15.620499,15.556349,16.27882,17.029387,16.40122,15.811389,15.0,13.60147,13.60147,12.041595,12.7279215,12.206555,12.529964,13.416409,13.928389,14.86607,15.811388,15.811388,0.0,1.929567,2.0074234,1.9756881,1.9379702,1.8692952,1.815775,1.6614562,1.5707964,1.487655,1.4056476,1.3439975,1.359703,1.359703,1.3734008,1.3734008,1.3734008,1.4382448,1.5042281,1.5707964,1.5707964,1.5707964,1.6475682,1.6539376,1.735945,1.7234457,1.8925469,0.0,0.0,0.0,0.0,0.0,0.0,0.0,0.0,0.0,0.0,0.0,2.070143,2.1815224,2.1815224,2.2455373,2.2974386,2.2455373,2.1995926,2.2565258,2.2655346,2.3561945,2.3996453,2.4393358,2.485897,2.536048,2.4980915,2.5127964,2.5127964,2.4149504,2.3561945,2.1815224,2.070143,2.0344439,1.9379702,1.9138203,1.8925469,1.8925469
174,1760879478.370636,RX1,Walking,45,0.0,17.720043,16.155495,16.155495,15.231546,14.317821,12.999999,11.704699,11.18034,11.045361,10.049876,11.18034,11.401754,12.649111,13.601471,14.56022,15.524176,15.297058,15.132746,14.0,14.035668,13.038405,12.1655245,11.18034,10.198039,10.198039,10.198039,0.0,0.0,0.0,0.0,0.0,0.0,0.0,0.0,0.0,0.0,0.0,12.806249,12.7279215,12.806249,12.206555,11.661903,10.816654,11.401754,11.401754,12.806249,13.453625,14.21267,15.620499,15.620499,15.811389,15.811389,15.264338,15.264338,13.892444,12.806249,12.041595,11.313708,11.401754,12.083046,12.999999,13.601471,15.524176,0.0,1.8568478,1.9513026,1.9513026,1.9756881,2.003204,1.9655875,1.9195673,1.7506498,1.6614562,1.4711276,1.3909428,1.3045443,1.2490457,1.2722974,1.2924967,1.3101939,1.3734008,1.4382448,1.5707964,1.6421038,1.6475682,1.735945,1.7506498,1.7681919,1.7681919,1.7681919,0.0,0.0,0.0,0.0,0.0,0.0,0.0,0.0,0.0,0.0,0.0,2.2455373,2.3561945,2.4668517,2.5308666,2.6011732,2.55359,2.4805496,2.4805496,2.4668517,2.4087775,2.4558632,2.4468544,2.4468544,2.536048,2.536048,2.5899377,2.5899377,2.6135182,2.4668517,2.4149504,2.3561945,2.2318394,1.9974238,1.9655875,1.8692952,1.8313987
175,1760879478.371907,RX1,Walking,45,0.0,16.552946,15.811388,15.811388,14.86607,13.928389,12.999999,12.083046,11.661903,11.401754,10.630146,11.401754,12.806249,13.60147,14.422205,15.0,15.620499,14.866069,14.866069,14.21267,12.806249,12.206555,11.661903,10.816654,10.816654,10.29563,11.18034,0.0,0.0,0.0,0.0,0.0,0.0,0.0,0.0,0.0,0.0,0.0,13.152946,13.0,13.038405,12.1655245,11.18034,11.18034,11.18034,11.18034,12.1655245,13.152946,14.142136,15.132746,15.297058,15.297058,15.297058,14.56022,14.3178215,13.341663,13.152946,12.041595,12.0,12.041595,12.369316,12.649111,13.928389,13.928389,0.0,1.1341692,1.2490457,1.2490457,1.2277724,1.2036225,1.1760052,1.1441689,1.0303768,0.90975314,0.71883,0.66104317,0.67474097,0.6287963,0.5880026,0.6435011,0.69473827,0.7378151,0.8329813,0.8850668,0.8960554,0.9600704,1.0303768,0.98279375,0.98279375,1.0636978,1.1071488,0.0,0.0,0.0,0.0,0.0,0.0,0.0,0.0,0.0,0.0,0.0,1.418147,1.5707964,1.6475682,1.735945,1.7506498,1.7506498,1.7506498,1.7506498,1.735945,1.7234457,1.7126933,1.7033478,1.7681919,1.7681919,1.7681919,1.849096,1.7818897,1.7975951,1.7234457,1.6539376,1.5707964,1.487655,1.3258177,1.2490457,1.2036225,1.2036225
176,1760879478.373294,RX1,Walking,45,0.0,16.155495,15.652476,15.652476,14.317821,14.317821,12.999999,12.649111,12.1655245,12.041595,13.0,13.038405,13.038405,14.142136,14.142136,15.033297,15.033297,15.0,15.033297,14.035668,13.152946,12.1655245,12.1655245,11.18034,11.401754,11.704699,12.083046,0.0,0.0,0.0,0.0,0.0,0.0,0.0,0.0,0.0,0.0,0.0,12.529964,12.806249,12.7279215,12.806249,12.206555,12.206555,11.401754,12.206555,12.041595,12.806249,13.60147,13.60147,14.422205,14.422205,15.264338,14.422205,14.422205,13.038404,12.806249,12.041595,12.041595,12.806249,13.038404,13.416409,13.416409,14.317821,0.0,0.38050637,0.4636476,0.4636476,0.43240777,0.43240777,0.39479113,0.32175055,0.16514868,0.08314123,0.0,-0.07677189,-0.07677189,-0.14189705,-0.14189705,-0.066568166,-0.066568166,0.0,0.066568166,0.071307465,0.15264933,0.16514868,0.16514868,0.1798535,0.26625204,0.348771,0.4266275,0.0,0.0,0.0,0.0,0.0,0.0,0.0,0.0,0.0,0.0,0.0,0.49934673,0.67474097,0.7853982,0.8960554,0.9600704,0.9600704,0.90975314,0.9600704,0.844154,0.8960554,0.94200003,0.94200003,0.98279375,0.98279375,1.0191413,0.98279375,0.98279375,1.0040671,0.8960554,0.844154,0.7266423,0.67474097,0.5667292,0.4636476,0.4636476,0.43240777
177,1760879478.3751411,RX1,Walking,45,0.0,15.652476,17.0,17.0,15.652476,15.652476,15.231546,14.317821,13.928389,13.601471,13.341663,14.142136,14.035668,14.035668,15.033297,15.0,15.033297,15.033297,15.132746,15.297058,14.3178215,14.56022,13.601471,12.649111,12.649111,13.416409,12.529964,0.0,0.0,0.0,0.0,0.0,0.0,0.0,0.0,0.0,0.0,0.0,14.422205,14.866069,14.21267,14.21267,13.60147,13.892444,13.038404,13.038404,14.422205,14.422205,14.422205,15.811389,15.811389,15.264338,16.124516,15.264338,15.264338,15.264338,14.422205,14.422205,14.21267,14.142136,14.21267,15.0,14.422205,15.264338,0.0,-2.6779451,-2.6516354,-2.6516354,-2.6779451,-2.6779451,-2.7367008,-2.709185,-2.7744188,-2.8430936,-2.9147937,-2.9996955,-3.070285,-3.070285,-3.0750246,3.1415925,-3.0750246,-3.0750246,-3.009041,-2.9441972,-2.9304993,-2.863293,-2.8430936,-2.819842,-2.819842,-2.6779451,-2.642246,0.0,0.0,0.0,0.0,0.0,0.0,0.0,0.0,0.0,0.0,0.0,-2.55359,-2.4037776,-2.2565258,-2.2565258,-2.1995926,-2.0988708,-2.1375256,-2.1375256,-2.158799,-2.158799,-2.158799,-2.176341,-2.176341,-2.1224513,-2.0899425,-2.1224513,-2.1224513,-2.1224513,-2.158799,-2.158799,-2.2565258,-2.3561945,-2.4558632,-2.4980915,-2.55359,-2.5899377
178,1760879478.3769841,RX1,Walking,74,0.0,15.264338,15.652476,14.764824,15.811389,15.264338,15.264338,13.892444,15.264338,14.21267,13.892444,13.892444,15.264338,15.0,15.264338,13.038404,15.264338,13.892444,14.422205,13.038404,13.416409,12.999999,13.928389,12.649111,11.704699,12.369316,12.041595,0.0,0.0,0.0,0.0,0.0,0.0,0.0,0.0,0.0,0.0,0.0,10.049876,10.049876,10.049876,11.18034,11.045361,12.0,11.045361,11.18034,10.049876,12.041595,10.198039,11.045361,10.198039,9.055386,12.041595,9.0,10.198039,11.18034,11.18034,11.401754,11.704699,12.649111,12.999999,13.928389,13.416409,13.892444,0.0,1.0191413,1.1071488,1.076855,0.9652517,1.0191413,1.0191413,1.0427219,1.0191413,0.8850668,1.0427219,1.0427219,1.0191413,0.9272952,1.0191413,1.0040671,1.0191413,1.0427219,0.98279375,1.0040671,1.1071488,1.1760052,1.2036225,1.2490457,1.2220253,1.3258177,1.487655,0.0,0.0,0.0,0.0,0.0,0.0,0.0,0.0,0.0,0.0,0.0,1.4711276,1.4711276,1.670465,1.7506498,1.6614562,1.5707964,1.6614562,1.7506498,1.670465,1.6539376,1.7681919,1.6614562,1.7681919,1.6814536,1.487655,1.5707964,1.3734008,1.3909428,1.3909428,1.3045443,1.2220253,1.2490457,1.1760052,1.2036225,1.1071488,1.0427219
179,1760879478.381925,RX1,Walking,45,0.0,15.264338,16.643316,15.811389,15.264338,15.264338,14.764824,13.892444,13.416409,12.999999,12.649111,13.341663,13.152946,13.152946,14.142136,14.142136,14.142136,15.132746,14.3178215,14.56022,14.56022,13.928389,12.999999,13.416409,12.529964,12.529964,12.206555,0.0,0.0,0.0,0.0,0.0,0.0,0.0,0.0,0.0,0.0,0.0,14.21267,14.142136,14.422205,13.892444,13.892444,12.529964,13.416409,12.529964,13.416409,13.892444,13.892444,14.764824,14.764824,14.764824,15.652476,15.652476,15.652476,14.764824,14.764824,13.892444,13.60147,13.60147,13.453625,13.453625,14.21267,13.60147,0.0,-2.5899377,-2.5702553,-2.536048,-2.5899377,-2.5899377,-2.6476512,-2.6135182,-2.6779451,-2.7468016,-2.819842,-2.9147937,-2.9889433,-2.9889433,-2.9996955,-2.9996955,-2.9996955,-3.009041,-2.9304993,-2.863293,-2.863293,-2.7744188,-2.7468016,-2.6779451,-2.642246,-2.642246,-2.5308666,0.0,0.0,0.0,0.0,0.0,0.0,0.0,0.0,0.0,0.0,0.0,-2.4558632,-2.3561945,-2.158799,-2.0988708,-2.0988708,-2.070143,-2.0344439,-2.070143,-2.0344439,-2.0988708,-2.0988708,-2.0647378,-2.0647378,-2.0647378,-2.0344439,-2.0344439,-2.0344439,-2.0647378,-2.0647378,-2.0988708,-2.1995926,-2.1995926,-2.3036115,-2.4087775,-2.4558632,-2.5127964
180,1760879478.385705,RX1,Walking,70,0.0,5.0990195,4.472136,6.3245554,8.485281,11.313708,16.40122,15.811389,18.027756,18.35756,17.0,17.464249,17.0,15.811389,13.60147,12.041595,10.29563,8.062258,7.615773,9.219544,11.704699,14.035668,15.132746,16.763054,17.0,17.029387,16.40122,0.0,0.0,0.0,0.0,0.0,0.0,0.0,0.0,0.0,0.0,0.0,3.6055512,4.1231055,4.472136,5.0990195,5.0990195,5.0990195,4.1231055,4.1231055,3.6055512,5.0,6.0827622,7.071068,9.055386,10.440307,12.999999,14.422205,15.811389,16.970562,20.518286,21.400934,21.400934,21.633308,21.023798,19.313208,16.155495,13.601471,0.0,-1.7681919,-2.6779451,2.819842,2.3561945,2.3561945,2.226492,2.176341,2.158799,2.0831857,2.0607536,1.9832067,2.0607536,2.176341,2.1995926,2.2974386,2.634494,3.0172377,-2.7367008,-2.2794225,-1.9195673,-1.6421038,-1.4382448,-1.2679114,-1.080839,-0.8685394,-0.6556956,0.0,0.0,0.0,0.0,0.0,0.0,0.0,0.0,0.0,0.0,0.0,2.158799,1.815775,2.0344439,1.7681919,1.7681919,1.7681919,1.3258177,1.3258177,0.98279375,0.6435011,0.16514868,0.14189705,-0.11065722,-0.2914568,-0.39479113,-0.5880026,-0.6055447,-0.7853982,-0.81986725,-0.9179497,-0.9179497,-0.98279375,-1.1284221,-1.199905,-1.19029,-1.2722974
181,1760879478.393439,RX1,Walking,47,0.0,15.811388,16.492422,16.763054,14.56022,14.56022,13.928389,13.416409,12.529964,13.038404,12.806249,13.453625,13.453625,14.142136,14.866069,14.142136,15.556349,14.142136,14.866069,14.866069,14.21267,15.0,14.422205,13.892444,13.416409,13.928389,13.601471,0.0,0.0,0.0,0.0,0.0,0.0,0.0,0.0,0.0,0.0,0.0,15.132746,15.0,14.142136,14.3178215,13.601471,13.341663,13.341663,13.341663,14.3178215,14.3178215,15.297058,16.492422,16.492422,15.524176,16.763054,15.524176,14.56022,14.56022,14.3178215,13.152946,13.038405,13.0,13.152946,14.3178215,14.3178215,15.297058,0.0,2.819842,2.896614,2.8387077,2.863293,2.863293,2.7744188,2.6779451,2.642246,2.5748634,2.4668517,2.4087775,2.3036115,2.3561945,2.3086114,2.3561945,2.3561945,2.3561945,2.4037776,2.4037776,2.4558632,2.4980915,2.55359,2.6135182,2.6779451,2.7744188,2.8430936,0.0,0.0,0.0,0.0,0.0,0.0,0.0,0.0,0.0,0.0,0.0,3.009041,3.1415925,-2.9996955,-2.9304993,-2.8430936,-2.9147937,-2.9147937,-2.9147937,-2.9304993,-2.9304993,-2.9441972,-2.896614,-2.896614,-2.8809903,-2.8387077,-2.8809903,-2.863293,-2.863293,-2.9304993,-2.9889433,-3.0648208,3.1415925,2.9889433,2.9304993,2.9304993,2.9441972
182,1760879478.4006882,RX1,Walking,47,0.0,16.27882,15.132746,15.132746,14.142136,14.3178215,13.341663,12.369316,12.649111,12.083046,12.529964,12.206555,12.806249,12.806249,14.21267,14.21267,14.21267,14.21267,15.0,13.892444,13.892444,13.416409,12.999999,12.649111,12.649111,13.341663,13.038405,0.0,0.0,0.0,0.0,0.0,0.0,0.0,0.0,0.0,0.0,0.0,13.038405,13.152946,13.601471,12.649111,11.401754,10.770329,12.649111,13.601471,13.601471,14.86607,14.86607,16.155495,15.231546,15.652476,15.652476,14.317821,14.317821,12.999999,12.999999,12.369316,12.1655245,12.041595,13.0,14.035668,14.142136,14.142136,0.0,1.3854483,1.4382448,1.4382448,1.4288993,1.359703,1.3439975,1.3258177,1.2490457,1.1441689,1.0714496,0.9600704,0.8960554,0.8960554,0.8850668,0.8850668,0.8850668,0.8850668,0.9272952,1.0427219,1.0427219,1.1071488,1.1760052,1.2490457,1.2490457,1.3439975,1.4940244,0.0,0.0,0.0,0.0,0.0,0.0,0.0,0.0,0.0,0.0,0.0,1.6475682,1.7234457,1.8692952,1.8925469,1.8370484,1.9513026,1.8925469,1.8692952,1.8692952,1.9138203,1.9138203,1.9513026,1.9756881,2.0344439,2.0344439,2.003204,2.003204,1.9655875,1.9655875,1.815775,1.735945,1.6539376,1.5707964,1.4994888,1.4288993,1.4288993
183,1760879478.40723,RX1,Walking,47,0.0,16.27882,17.029387,16.27882,15.620499,14.866069,14.142136,13.453625,12.806249,13.038404,13.416409,13.416409,13.928389,14.86607,14.86607,15.811388,14.86607,16.155495,15.231546,15.652476,15.652476,14.764824,14.422205,13.60147,13.453625,14.142136,13.453625,0.0,0.0,0.0,0.0,0.0,0.0,0.0,0.0,0.0,0.0,0.0,14.317821,13.928389,12.649111,12.649111,12.369316,13.601471,12.999999,13.928389,14.56022,15.524176,16.27882,16.27882,16.124516,16.124516,16.03122,15.033297,14.142136,14.142136,13.341663,12.649111,13.416409,13.892444,13.60147,15.0,15.620499,15.620499,0.0,-2.3127437,-2.2730532,-2.3127437,-2.2655346,-2.3086114,-2.3561945,-2.4087775,-2.4668517,-2.5748634,-2.6779451,-2.6779451,-2.7744188,-2.7985687,-2.7985687,-2.819842,-2.7985687,-2.7610862,-2.7367008,-2.6779451,-2.6779451,-2.6476512,-2.55359,-2.5127964,-2.4087775,-2.3561945,-2.3036115,0.0,0.0,0.0,0.0,0.0,0.0,0.0,0.0,0.0,0.0,0.0,-2.003204,-1.9379702,-1.8925469,-1.8925469,-1.815775,-1.8692952,-1.9655875,-1.9379702,-1.849096,-1.8313987,-1.7561443,-1.7561443,-1.6951513,-1.6951513,-1.6332152,-1.6373645,-1.7126933,-1.7126933,-1.7975951,-1.8925469,-2.0344439,-2.0988708,-2.1995926,-2.2142975,-2.2655346,-2.2655346
184,1760879478.413613,RX1,Walking,47,0.0,16.763054,17.088007,17.088007,15.231546,14.86607,13.601471,13.341663,12.1655245,13.0,13.038405,13.152946,14.142136,14.3178215,14.3178215,15.297058,15.132746,15.132746,16.124516,15.033297,15.0,14.035668,14.142136,13.152946,13.341663,13.601471,12.999999,0.0,0.0,0.0,0.0,0.0,0.0,0.0,0.0,0.0,0.0,0.0,13.892444,12.806249,12.041595,12.041595,12.041595,12.806249,12.806249,14.21267,14.866069,15.556349,16.970562,16.27882,16.40122,16.40122,15.811389,15.0,14.21267,13.453625,12.7279215,12.041595,13.038404,13.416409,13.928389,14.86607,15.811388,16.155495,0.0,-2.8387077,-2.782822,-2.782822,-2.7367008,-2.7985687,-2.8430936,-2.9147937,-2.976444,3.1415925,3.0648208,2.9889433,2.9996955,2.9304993,2.9304993,2.9441972,3.009041,3.009041,3.0172377,3.0750246,3.1415925,-3.070285,-2.9996955,-2.9889433,-2.9147937,-2.8430936,-2.7468016,0.0,0.0,0.0,0.0,0.0,0.0,0.0,0.0,0.0,0.0,0.0,-2.6135182,-2.4668517,-2.4149504,-2.4149504,-2.4149504,-2.4668517,-2.4668517,-2.4558632,-2.4037776,-2.3561945,-2.3561945,-2.3127437,-2.226492,-2.226492,-2.176341,-2.2142975,-2.2565258,-2.3036115,-2.3561945,-2.4149504,-2.5748634,-2.6779451,-2.7744188,-2.7985687,-2.819842,-2.7610862
185,1760879478.435476,RX1,Walking,47,0.0,17.088007,15.811388,15.811388,13.928389,12.999999,12.529964,12.206555,12.041595,12.7279215,12.806249,13.60147,15.0,15.0,15.620499,15.620499,16.27882,15.556349,15.556349,14.866069,13.453625,13.453625,12.806249,13.60147,12.206555,12.529964,12.999999,0.0,0.0,0.0,0.0,0.0,0.0,0.0,0.0,0.0,0.0,0.0,12.369316,12.1655245,11.045361,11.045361,11.045361,12.041595,13.038405,14.035668,15.0,16.03122,16.124516,16.27882,15.297058,15.524176,14.56022,13.341663,13.152946,12.041595,12.0,12.041595,12.369316,12.649111,13.928389,15.231546,16.155495,16.155495,0.0,-0.35877067,-0.32175055,-0.32175055,-0.36717382,-0.39479113,-0.49934673,-0.61072594,-0.7266423,-0.7853982,-0.8960554,-0.94200003,-0.9272952,-0.9272952,-0.87605804,-0.87605804,-0.8288491,-0.7853982,-0.7853982,-0.7378151,-0.7328151,-0.7328151,-0.67474097,-0.6287963,-0.61072594,-0.49934673,-0.39479113,0.0,0.0,0.0,0.0,0.0,0.0,0.0,0.0,0.0,0.0,0.0,-0.24497867,-0.16514868,-0.09065989,-0.09065989,-0.09065989,-0.08314123,-0.07677189,-0.071307465,0.0,0.06241881,0.124354996,0.18534794,0.19739556,0.26060238,0.27829966,0.22679885,0.15264933,0.08314123,0.0,-0.08314123,-0.24497867,-0.32175055,-0.36717382,-0.4048918,-0.38050637,-0.38050637
186,1760879478.439592,RX1,Walking,47,0.0,17.029387,16.40122,15.620499,14.21267,13.453625,12.041595,12.206555,12.529964,12.999999,13.601471,14.86607,14.86607,14.86607,15.811388,16.155495,15.231546,15.652476,15.652476,14.764824,13.892444,13.038404,13.038404,13.038404,12.806249,12.806249,13.453625,0.0,0.0,0.0,0.0,0.0,0.0,0.0,0.0,0.0,0.0,0.0,13.038404,12.529964,12.083046,11.704699,11.18034,12.083046,12.999999,13.928389,15.231546,15.811388,16.492422,16.27882,16.124516,15.132746,14.142136,14.142136,13.152946,12.369316,11.704699,12.083046,12.206555,12.806249,14.21267,15.620499,16.27882,17.029387,0.0,-0.7022569,-0.6556956,-0.69473827,-0.6857295,-0.7328151,-0.844154,-0.9600704,-1.0714496,-1.1760052,-1.2722974,-1.2277724,-1.2277724,-1.2277724,-1.2490457,-1.19029,-1.1659045,-1.1071488,-1.1071488,-1.076855,-1.0427219,-1.0040671,-1.0040671,-1.0040671,-0.8960554,-0.8960554,-0.7328151,0.0,0.0,0.0,0.0,0.0,0.0,0.0,0.0,0.0,0.0,0.0,-0.5667292,-0.49934673,-0.4266275,-0.348771,-0.4636476,-0.4266275,-0.39479113,-0.36717382,-0.4048918,-0.32175055,-0.24497867,-0.18534794,-0.124354996,-0.13255154,-0.14189705,-0.14189705,-0.15264933,-0.24497867,-0.348771,-0.4266275,-0.61072594,-0.67474097,-0.6857295,-0.69473827,-0.7419473,-0.7022569
187,1760879478.4459038,RX1,Walking,47,0.0,16.124516,15.264338,14.422205,13.416409,12.529964,11.704699,11.401754,12.1655245,12.0,12.041595,13.038405,14.035668,15.033297,15.033297,15.0,15.0,14.035668,14.035668,13.038405,13.152946,13.152946,12.1655245,12.369316,12.369316,12.649111,12.083046,0.0,0.0,0.0,0.0,0.0,0.0,0.0,0.0,0.0,0.0,0.0,12.206555,12.041595,11.313708,12.041595,10.630146,12.041595,12.7279215,13.453625,14.21267,15.0,15.811389,15.264338,15.652476,14.764824,14.317821,13.416409,12.529964,12.206555,11.401754,11.313708,11.401754,13.038404,13.892444,14.764824,16.124516,16.124516,0.0,0.5191461,0.551655,0.5880026,0.4636476,0.49934673,0.348771,0.26625204,0.16514868,0.0,-0.08314123,-0.07677189,-0.071307465,-0.066568166,-0.066568166,0.0,0.0,0.071307465,0.071307465,0.07677189,0.15264933,0.15264933,0.16514868,0.24497867,0.24497867,0.32175055,0.4266275,0.0,0.0,0.0,0.0,0.0,0.0,0.0,0.0,0.0,0.0,0.0,0.61072594,0.7266423,0.7853982,0.844154,0.8519663,0.844154,0.7853982,0.8379812,0.8850668,0.9272952,0.9652517,1.0191413,1.1071488,1.076855,1.1383885,1.1071488,1.0714496,0.9600704,0.90975314,0.7853982,0.66104317,0.5667292,0.52807444,0.49394137,0.5191461,0.5191461
188,1760879478.488821,RX1,Walking,47,0.0,17.720043,16.155495,15.811388,13.601471,13.341663,12.041595,12.041595,12.041595,12.1655245,12.369316,13.601471,14.56022,14.56022,15.524176,14.56022,15.297058,14.3178215,14.142136,14.142136,13.038405,14.035668,13.0,13.0,13.0,13.152946,13.341663,0.0,0.0,0.0,0.0,0.0,0.0,0.0,0.0,0.0,0.0,0.0,13.416409,13.038404,12.206555,12.806249,12.206555,12.806249,13.60147,14.21267,15.620499,16.27882,16.970562,16.970562,16.27882,15.620499,15.620499,14.21267,14.21267,12.7279215,12.806249,12.206555,13.416409,12.999999,14.56022,15.524176,15.524176,15.524176,0.0,1.8568478,1.9513026,1.8925469,1.8692952,1.7975951,1.6539376,1.6539376,1.487655,1.4056476,1.3258177,1.2722974,1.2924967,1.2924967,1.3101939,1.2924967,1.3734008,1.359703,1.4288993,1.4288993,1.4940244,1.4994888,1.5707964,1.5707964,1.5707964,1.7234457,1.7975951,0.0,0.0,0.0,0.0,0.0,0.0,0.0,0.0,0.0,0.0,0.0,2.0344439,2.1375256,2.1815224,2.2455373,2.1815224,2.2455373,2.1995926,2.2565258,2.2655346,2.3127437,2.3561945,2.3561945,2.3996453,2.4468544,2.4468544,2.4558632,2.4558632,2.3561945,2.2455373,2.1815224,2.0344439,1.9655875,1.849096,1.8313987,1.8313987,1.8313987
189,1760879478.505746,RX1,Walking,47,0.0,15.652476,14.764824,14.317821,12.999999,12.999999,12.369316,12.1655245,12.0,13.038405,13.038405,14.142136,14.035668,15.132746,15.033297,14.035668,15.033297,14.0,14.0,14.0,13.0,13.0,12.041595,13.152946,13.152946,12.649111,12.999999,0.0,0.0,0.0,0.0,0.0,0.0,0.0,0.0,0.0,0.0,0.0,13.038404,12.041595,12.7279215,12.041595,11.401754,12.041595,12.041595,13.453625,14.21267,14.21267,15.0,15.811389,15.264338,14.764824,14.764824,13.892444,13.038404,12.206555,12.041595,12.041595,12.206555,13.038404,13.416409,14.317821,14.764824,15.652476,0.0,0.4636476,0.49394137,0.43240777,0.39479113,0.39479113,0.24497867,0.16514868,0.0,-0.07677189,-0.07677189,-0.14189705,-0.071307465,-0.13255154,-0.066568166,-0.071307465,-0.066568166,0.0,0.0,0.0,0.0,0.0,0.08314123,0.15264933,0.15264933,0.32175055,0.39479113,0.0,0.0,0.0,0.0,0.0,0.0,0.0,0.0,0.0,0.0,0.0,0.5667292,0.7266423,0.7853982,0.844154,0.90975314,0.844154,0.844154,0.8379812,0.8850668,0.8850668,0.9272952,0.9652517,1.0191413,1.076855,1.076855,1.0427219,1.0040671,0.9600704,0.844154,0.7266423,0.61072594,0.5667292,0.4636476,0.43240777,0.49394137,0.4636476
190,1760879478.527669,RX1,Walking,47,0.0,16.155495,17.088007,16.155495,15.231546,13.416409,13.038404,13.60147,13.453625,14.142136,14.866069,15.620499,15.620499,15.620499,16.40122,16.40122,15.620499,16.27882,14.866069,15.556349,14.142136,14.21267,14.21267,14.21267,14.422205,13.892444,14.317821,0.0,0.0,0.0,0.0,0.0,0.0,0.0,0.0,0.0,0.0,0.0,13.601471,13.152946,13.038405,12.041595,13.038405,13.038405,14.035668,15.0,15.0,16.03122,16.124516,16.124516,16.27882,16.27882,15.297058,14.3178215,13.152946,14.035668,13.038405,13.152946,13.341663,14.56022,14.86607,16.155495,16.155495,16.763054,0.0,-1.9513026,-1.929567,-1.9513026,-1.9756881,-2.0344439,-2.1375256,-2.1995926,-2.3036115,-2.3561945,-2.4037776,-2.4468544,-2.4468544,-2.4468544,-2.485897,-2.485897,-2.4468544,-2.3996453,-2.4037776,-2.3561945,-2.3561945,-2.2565258,-2.2565258,-2.2565258,-2.158799,-2.0988708,-2.003204,0.0,0.0,0.0,0.0,0.0,0.0,0.0,0.0,0.0,0.0,0.0,-1.8692952,-1.7234457,-1.6475682,-1.6539376,-1.6475682,-1.6475682,-1.6421038,-1.5707964,-1.5707964,-1.5083776,-1.4464413,-1.4464413,-1.3854483,-1.3854483,-1.3734008,-1.359703,-1.418147,-1.4994888,-1.6475682,-1.7234457,-1.7975951,-1.849096,-1.9138203,-1.9513026,-1.9513026,-1.8736812
191,1760879478.546268,RX1,Walking,47,0.0,16.155495,14.764824,14.764824,12.999999,12.649111,12.369316,12.1655245,12.0,13.0,13.038405,14.142136,14.142136,15.132746,15.033297,15.033297,15.033297,15.033297,14.0,14.0,13.0,13.0,13.038405,13.038405,13.152946,12.369316,12.999999,0.0,0.0,0.0,0.0,0.0,0.0,0.0,0.0,0.0,0.0,0.0,12.206555,12.041595,12.041595,12.041595,11.313708,11.313708,12.7279215,13.453625,14.21267,15.0,15.811389,15.264338,14.764824,14.764824,14.764824,13.416409,13.038404,12.206555,12.041595,12.041595,12.206555,12.529964,13.416409,14.764824,15.652476,15.652476,0.0,0.38050637,0.49394137,0.49394137,0.39479113,0.32175055,0.24497867,0.16514868,0.0,0.0,-0.07677189,-0.14189705,-0.14189705,-0.13255154,-0.066568166,-0.066568166,-0.066568166,-0.066568166,0.0,0.0,0.0,0.0,0.07677189,0.07677189,0.15264933,0.24497867,0.39479113,0.0,0.0,0.0,0.0,0.0,0.0,0.0,0.0,0.0,0.0,0.0,0.61072594,0.7266423,0.844154,0.844154,0.7853982,0.7853982,0.7853982,0.8379812,0.8850668,0.9272952,0.9652517,1.0191413,1.076855,1.076855,1.076855,1.1071488,1.0040671,0.9600704,0.844154,0.7266423,0.61072594,0.49934673,0.4636476,0.49394137,0.4636476,0.4636476
192,1760879478.5607522,RX1,Walking,47,0.0,15.652476,14.86607,14.317821,12.999999,12.529964,12.206555,11.401754,12.041595,12.041595,12.206555,13.60147,14.422205,14.422205,14.422205,14.422205,15.0,14.21267,14.21267,13.453625,12.7279215,12.7279215,12.7279215,12.041595,12.806249,13.038404,12.529964,0.0,0.0,0.0,0.0,0.0,0.0,0.0,0.0,0.0,0.0,0.0,12.649111,12.1655245,12.1655245,12.041595,12.041595,12.041595,13.038405,14.035668,14.035668,15.033297,16.03122,16.124516,15.132746,15.297058,14.3178215,13.152946,13.152946,12.041595,12.041595,12.1655245,12.369316,12.649111,13.928389,14.317821,15.231546,15.231546,0.0,1.1071488,1.2277724,1.1383885,1.1760052,1.0714496,0.9600704,0.90975314,0.7266423,0.7266423,0.61072594,0.6287963,0.5880026,0.5880026,0.5880026,0.5880026,0.6435011,0.6857295,0.6857295,0.7328151,0.7853982,0.7853982,0.7853982,0.844154,0.8960554,1.0040671,1.0714496,0.0,0.0,0.0,0.0,0.0,0.0,0.0,0.0,0.0,0.0,0.0,1.2490457,1.4056476,1.4056476,1.487655,1.487655,1.487655,1.4940244,1.4994888,1.4994888,1.6373645,1.6332152,1.6951513,1.7033478,1.7681919,1.7818897,1.7234457,1.7234457,1.6539376,1.487655,1.4056476,1.3258177,1.2490457,1.2036225,1.1383885,1.1659045,1.1659045
193,1760879478.583504,RX1,Walking,47,0.0,16.552946,16.552946,16.552946,14.317821,13.892444,13.60147,13.453625,12.7279215,14.21267,13.60147,14.422205,15.811389,15.811389,16.40122,16.40122,16.40122,15.620499,15.620499,14.866069,14.866069,14.142136,14.142136,13.453625,14.21267,14.422205,13.892444,0.0,0.0,0.0,0.0,0.0,0.0,0.0,0.0,0.0,0.0,0.0,13.928389,13.601471,12.1655245,13.152946,13.152946,14.142136,14.142136,15.132746,16.03122,16.03122,17.0,17.029385,16.03122,16.124516,15.132746,14.035668,14.035668,13.0,13.038405,13.341663,13.601471,14.86607,14.317821,16.552946,16.552946,17.464249,0.0,-2.0074234,-2.0074234,-2.0074234,-2.003204,-2.0988708,-2.1995926,-2.3036115,-2.3561945,-2.4558632,-2.5127964,-2.55359,-2.536048,-2.536048,-2.485897,-2.485897,-2.485897,-2.4468544,-2.4468544,-2.4037776,-2.4037776,-2.3561945,-2.3561945,-2.3036115,-2.2565258,-2.158799,-2.0988708,0.0,0.0,0.0,0.0,0.0,0.0,0.0,0.0,0.0,0.0,0.0,-1.9379702,-1.8692952,-1.735945,-1.7234457,-1.7234457,-1.7126933,-1.7126933,-1.7033478,-1.6332152,-1.6332152,-1.5707964,-1.5120405,-1.5083776,-1.4464413,-1.4382448,-1.4994888,-1.4994888,-1.5707964,-1.6475682,-1.7975951,-1.8692952,-1.9138203,-2.003204,-2.0074234,-2.0074234,-1.9832067
194,1760879478.586418,RX1,Walking,47,0.0,16.552946,14.86607,15.231546,13.416409,13.038404,12.206555,12.806249,12.7279215,13.453625,15.0,15.0,15.0,15.811389,15.811389,15.620499,15.620499,15.620499,14.866069,14.142136,13.453625,14.142136,14.142136,13.453625,14.21267,13.60147,13.416409,0.0,0.0,0.0,0.0,0.0,0.0,0.0,0.0,0.0,0.0,0.0,13.601471,12.369316,12.1655245,12.041595,12.041595,12.041595,13.038405,14.035668,15.0,15.0,16.03122,15.132746,15.132746,15.297058,14.142136,13.152946,13.038405,12.041595,12.041595,12.1655245,12.369316,12.649111,13.928389,15.231546,16.155495,16.155495,0.0,-0.43662718,-0.34302393,-0.4048918,-0.4636476,-0.5667292,-0.61072594,-0.67474097,-0.7853982,-0.8379812,-0.9272952,-0.9272952,-0.9272952,-0.9652517,-0.9652517,-0.87605804,-0.87605804,-0.87605804,-0.8329813,-0.7853982,-0.8379812,-0.7853982,-0.7853982,-0.7328151,-0.6857295,-0.6287963,-0.4636476,0.0,0.0,0.0,0.0,0.0,0.0,0.0,0.0,0.0,0.0,0.0,-0.29849893,-0.24497867,-0.16514868,-0.08314123,-0.08314123,-0.08314123,-0.07677189,-0.071307465,0.0,0.0,0.06241881,0.13255154,0.13255154,0.19739556,0.14189705,0.15264933,0.07677189,0.08314123,-0.08314123,-0.16514868,-0.24497867,-0.32175055,-0.36717382,-0.4048918,-0.38050637,-0.38050637
195,1760879478.5898619,RX1,Walking,47,0.0,16.155495,16.155495,15.231546,13.928389,13.341663,13.152946,13.038405,13.0,14.035668,14.142136,15.132746,15.132746,15.132746,16.124516,15.132746,16.03122,15.033297,15.033297,14.035668,14.0,14.0,14.0,14.035668,14.142136,14.3178215,14.86607,0.0,0.0,0.0,0.0,0.0,0.0,0.0,0.0,0.0,0.0,0.0,13.892444,13.60147,12.806249,11.401754,12.806249,12.806249,14.142136,14.866069,15.556349,16.27882,16.27882,16.40122,16.40122,15.811389,15.0,14.21267,13.453625,12.7279215,13.453625,13.60147,13.892444,14.764824,15.231546,15.231546,16.155495,16.552946,0.0,-2.7610862,-2.7610862,-2.7367008,-2.7744188,-2.9147937,-2.9889433,-3.0648208,3.1415925,3.070285,2.9996955,3.009041,3.009041,3.009041,3.0172377,3.009041,3.0791738,3.0750246,3.0750246,3.070285,3.1415925,3.1415925,3.1415925,-3.070285,-2.9996955,-2.9304993,-2.7985687,0.0,0.0,0.0,0.0,0.0,0.0,0.0,0.0,0.0,0.0,0.0,-2.6135182,-2.5127964,-2.4668517,-2.4805496,-2.4668517,-2.4668517,-2.3561945,-2.4037776,-2.3561945,-2.3127437,-2.3127437,-2.226492,-2.226492,-2.176341,-2.2142975,-2.2565258,-2.3036115,-2.3561945,-2.4087775,-2.5127964,-2.6135182,-2.6476512,-2.7367008,-2.7367008,-2.7610862,-2.7049656
196,1760879478.5927732,RX1,Walking,46,0.0,16.27882,15.524176,15.524176,13.152946,13.152946,13.0,13.0,13.152946,13.152946,13.341663,13.341663,14.56022,14.56022,15.524176,14.56022,15.524176,14.3178215,14.3178215,14.3178215,13.152946,13.152946,14.035668,13.038405,13.0,13.038405,13.341663,0.0,0.0,0.0,0.0,0.0,0.0,0.0,0.0,0.0,0.0,0.0,12.083046,12.529964,12.206555,12.206555,11.401754,12.806249,12.806249,13.60147,14.21267,14.866069,15.556349,15.556349,14.866069,14.866069,14.142136,14.142136,13.453625,12.041595,12.206555,12.529964,13.416409,12.999999,13.601471,14.56022,15.524176,15.524176,0.0,1.7561443,1.8313987,1.8313987,1.7234457,1.7234457,1.5707964,1.5707964,1.418147,1.418147,1.3439975,1.3439975,1.2924967,1.2924967,1.3101939,1.2924967,1.3101939,1.359703,1.359703,1.359703,1.418147,1.418147,1.4994888,1.4940244,1.5707964,1.6475682,1.7975951,0.0,0.0,0.0,0.0,0.0,0.0,0.0,0.0,0.0,0.0,0.0,1.9974238,2.070143,2.1815224,2.1815224,2.2318394,2.2455373,2.2455373,2.1995926,2.2565258,2.3086114,2.3561945,2.3561945,2.4037776,2.4037776,2.3561945,2.3561945,2.3036115,2.2974386,2.1815224,2.070143,2.0344439,1.9655875,1.8692952,1.849096,1.8313987,1.8313987
197,1760879478.595778,RX1,Walking,46,0.0,16.27882,16.492422,16.27882,15.132746,14.142136,14.035668,14.0,14.035668,14.142136,14.3178215,14.3178215,15.524176,15.524176,15.524176,15.524176,15.524176,15.297058,15.297058,15.297058,15.132746,14.142136,15.033297,14.035668,14.0,14.142136,14.3178215,0.0,0.0,0.0,0.0,0.0,0.0,0.0,0.0,0.0,0.0,0.0,13.928389,13.416409,12.206555,13.038404,13.038404,13.60147,13.60147,13.60147,15.0,15.0,15.620499,16.27882,16.27882,15.556349,15.556349,14.866069,13.453625,13.60147,13.60147,13.892444,12.999999,13.928389,14.56022,15.524176,15.524176,16.492422,0.0,-2.9562447,-2.896614,-2.9562447,-3.009041,-2.9996955,-3.070285,3.1415925,3.070285,2.9996955,2.9304993,2.9304993,2.8809903,2.8809903,2.8809903,2.8809903,2.8809903,2.9441972,2.9441972,2.9441972,3.009041,2.9996955,3.0750246,3.070285,3.1415925,-2.9996955,-2.9304993,0.0,0.0,0.0,0.0,0.0,0.0,0.0,0.0,0.0,0.0,0.0,-2.7744188,-2.6779451,-2.5308666,-2.5748634,-2.5748634,-2.5127964,-2.5127964,-2.5127964,-2.4980915,-2.4980915,-2.4468544,-2.3996453,-2.3996453,-2.3561945,-2.3561945,-2.4037776,-2.4087775,-2.5127964,-2.5127964,-2.6135182,-2.7468016,-2.7744188,-2.863293,-2.8809903,-2.8809903,-2.896614
198,1760879478.5984268,RX1,Walking,71,0.0,13.038405,8.062258,5.0990195,2.236068,5.8309517,10.0,13.60147,16.40122,17.029387,19.209373,20.0,20.518286,20.518286,19.79899,17.029387,15.811389,12.083046,9.055386,7.615773,8.602325,11.401754,13.038405,16.492422,18.384775,19.416489,19.849434,0.0,0.0,0.0,0.0,0.0,0.0,0.0,0.0,0.0,0.0,0.0,10.816654,11.401754,11.313708,10.630146,12.041595,10.630146,9.899495,8.485281,6.4031243,4.472136,5.0,4.2426405,5.8309517,8.246211,9.055386,10.770329,13.416409,15.264338,19.104973,19.104973,21.095022,21.470911,22.135942,21.587034,19.235384,18.110771,0.0,1.4940244,1.6951513,1.7681919,-2.6779451,-2.1112158,-2.2142975,-2.1995926,-2.226492,-2.2730532,-2.2455373,-2.2142975,-2.3217254,-2.3217254,-2.3561945,-2.2730532,-2.176341,-1.9974238,-1.6814536,-1.1659045,-0.6202495,-0.26625204,0.07677189,0.24497867,0.39060703,0.60228735,0.7140907,0.0,0.0,0.0,0.0,0.0,0.0,0.0,0.0,0.0,0.0,0.0,-0.98279375,-0.90975314,-0.7853982,-0.8519663,-0.7266423,-0.71883,-0.7853982,-0.7853982,-0.8960554,-1.1071488,-1.5707964,-2.3561945,-2.6011732,-2.896614,3.0309355,2.7610862,2.6779451,2.5899377,2.3932147,2.3191743,2.1193457,2.0552742,1.8925469,1.8045396,1.7273982,1.6814536
199,1760879478.6001348,RX1,Walking,46,0.0,11.401754,12.041595,12.0,13.038405,12.1655245,13.152946,13.341663,13.341663,13.341663,13.341663,12.369316,12.649111,11.704699,12.083046,11.18034,11.661903,11.661903,11.661903,12.529964,12.529964,12.529964,12.999999,12.649111,12.369316,12.1655245,11.0,0.0,0.0,0.0,0.0,0.0,0.0,0.0,0.0,0.0,0.0,0.0,10.770329,12.083046,13.038404,13.60147,14.866069,14.866069,15.0,14.422205,13.892444,13.892444,12.529964,11.661903,11.401754,11.313708,11.401754,12.206555,13.038404,13.892444,13.892444,14.764824,14.764824,14.764824,14.764824,14.764824,13.416409,12.999999,0.0,1.8370484,1.6539376,1.5707964,1.4940244,1.4056476,1.418147,1.3439975,1.3439975,1.3439975,1.3439975,1.3258177,1.2490457,1.2220253,1.1441689,1.1071488,1.0303768,1.0303768,1.0303768,1.0714496,1.0714496,1.0714496,1.1760052,1.2490457,1.3258177,1.4056476,1.5707964,0.0,0.0,0.0,0.0,0.0,0.0,0.0,0.0,0.0,0.0,0.0,1.9513026,1.9974238,2.1375256,2.1995926,2.3086114,2.4037776,2.4980915,2.55359,2.6135182,2.6135182,2.642246,2.6011732,2.4805496,2.3561945,2.2318394,2.1815224,2.1375256,2.0988708,2.0988708,2.0647378,2.0647378,2.0647378,2.0647378,2.0647378,2.0344439,1.9655875
200,1760879478.602149,RX1,Walking,46,0.0,12.1655245,13.152946,13.0,13.0,14.035668,14.142136,14.142136,14.142136,14.3178215,14.3178215,13.341663,12.369316,12.649111,11.704699,12.083046,12.083046,12.529964,12.529964,13.416409,13.416409,13.928389,13.601471,13.341663,13.152946,12.041595,12.0,0.0,0.0,0.0,0.0,0.0,0.0,0.0,0.0,0.0,0.0,0.0,10.770329,12.083046,13.038404,14.422205,15.620499,15.556349,15.620499,15.811389,15.264338,14.764824,13.892444,12.206555,11.401754,12.041595,12.041595,12.206555,13.038404,13.892444,14.764824,14.764824,16.124516,16.124516,15.652476,14.764824,14.317821,13.416409,0.0,-2.976444,-2.9889433,3.1415925,3.1415925,3.070285,2.9996955,2.9996955,2.9996955,2.9304993,2.9304993,2.9147937,2.896614,2.819842,2.7928216,2.714965,2.714965,2.642246,2.642246,2.6779451,2.6779451,2.7744188,2.8430936,2.9147937,2.9889433,3.0584514,3.1415925,0.0,0.0,0.0,0.0,0.0,0.0,0.0,0.0,0.0,0.0,0.0,-2.7610862,-2.714965,-2.5748634,-2.55359,-2.4468544,-2.3561945,-2.2655346,-2.176341,-2.1224513,-2.0647378,-2.0988708,-2.1815224,-2.2318394,-2.2974386,-2.4149504,-2.5308666,-2.5748634,-2.6135182,-2.6476512,-2.6476512,-2.6224465,-2.6224465,-2.6779451,-2.6476512,-2.709185,-2.6779451
201,1760879478.604059,RX1,Walking,46,0.0,13.038404,12.529964,12.999999,13.601471,13.341663,14.3178215,15.297058,15.297058,15.297058,14.142136,14.142136,13.038405,13.038405,13.0,12.041595,12.1655245,13.152946,13.341663,14.142136,14.142136,14.035668,14.0,14.035668,13.038405,12.369316,12.649111,0.0,0.0,0.0,0.0,0.0,0.0,0.0,0.0,0.0,0.0,0.0,11.313708,12.041595,13.60147,13.892444,15.231546,15.811388,15.524176,15.132746,15.033297,13.038405,13.038405,11.18034,11.401754,10.770329,11.18034,11.661903,13.60147,14.422205,15.0,15.811389,16.40122,15.811389,15.620499,14.21267,14.21267,12.7279215,0.0,-1.0040671,-1.0714496,-1.1760052,-1.2722974,-1.3439975,-1.359703,-1.3734008,-1.3734008,-1.3734008,-1.4288993,-1.4288993,-1.4940244,-1.4940244,-1.5707964,-1.6539376,-1.735945,-1.7234457,-1.7975951,-1.7126933,-1.7126933,-1.6421038,-1.5707964,-1.4994888,-1.4940244,-1.3258177,-1.2490457,0.0,0.0,0.0,0.0,0.0,0.0,0.0,0.0,0.0,0.0,0.0,-0.7853982,-0.7266423,-0.6287963,-0.52807444,-0.4048918,-0.32175055,-0.26060238,-0.13255154,-0.066568166,-0.07677189,-0.07677189,-0.1798535,-0.26625204,-0.38050637,-0.4636476,-0.5404195,-0.6287963,-0.5880026,-0.6435011,-0.6055447,-0.6556956,-0.6055447,-0.69473827,-0.6857295,-0.6857295,-0.7853982
202,1760879478.605571,RX1,Walking,47,0.0,14.317821,14.764824,14.764824,14.764824,14.317821,14.317821,12.999999,12.649111,11.401754,11.18034,12.041595,12.0,12.041595,13.038405,14.142136,14.142136,15.033297,14.035668,14.0,14.035668,14.035668,13.152946,12.369316,11.401754,11.704699,11.18034,0.0,0.0,0.0,0.0,0.0,0.0,0.0,0.0,0.0,0.0,0.0,13.453625,13.038404,14.317821,13.601471,14.3178215,12.1655245,12.1655245,11.18034,11.18034,11.401754,11.704699,12.649111,12.999999,14.317821,13.928389,15.231546,13.928389,14.86607,12.999999,12.999999,12.083046,11.661903,11.401754,11.313708,11.401754,12.206555,0.0,0.43240777,0.49394137,0.49394137,0.49394137,0.43240777,0.43240777,0.39479113,0.32175055,0.26625204,0.1798535,0.08314123,0.0,-0.08314123,-0.07677189,-0.14189705,-0.14189705,-0.066568166,-0.071307465,0.0,0.071307465,0.071307465,0.15264933,0.24497867,0.26625204,0.348771,0.4636476,0.0,0.0,0.0,0.0,0.0,0.0,0.0,0.0,0.0,0.0,0.0,0.8379812,1.0040671,1.1383885,1.2722974,1.359703,1.4056476,1.4056476,1.3909428,1.3909428,1.3045443,1.2220253,1.2490457,1.1760052,1.1383885,1.2036225,1.1659045,1.2036225,1.2277724,1.1760052,1.1760052,1.1441689,1.0303768,0.90975314,0.7853982,0.66104317,0.61072594
203,1760879478.607574,RX1,Walking,47,0.0,15.033297,15.0,15.033297,16.03122,15.033297,14.0,14.0,13.038405,12.041595,12.1655245,12.649111,12.999999,12.999999,13.416409,14.317821,14.317821,15.231546,15.231546,14.86607,15.524176,14.3178215,14.142136,13.038405,13.038405,12.0,12.041595,0.0,0.0,0.0,0.0,0.0,0.0,0.0,0.0,0.0,0.0,0.0,13.601471,14.317821,14.422205,14.21267,13.453625,13.453625,12.041595,12.041595,11.313708,11.313708,12.041595,12.806249,13.60147,13.60147,15.0,15.0,15.0,14.21267,14.21267,13.60147,13.038404,12.529964,11.18034,11.704699,12.369316,13.152946,0.0,-1.5042281,-1.5707964,-1.5042281,-1.5083776,-1.5042281,-1.5707964,-1.5707964,-1.6475682,-1.6539376,-1.735945,-1.8925469,-1.9655875,-1.9655875,-2.0344439,-2.003204,-2.003204,-1.9756881,-1.9756881,-1.9138203,-1.8313987,-1.7818897,-1.7126933,-1.6475682,-1.6475682,-1.5707964,-1.487655,0.0,0.0,0.0,0.0,0.0,0.0,0.0,0.0,0.0,0.0,0.0,-1.2722974,-1.1383885,-0.98279375,-0.8850668,-0.8379812,-0.7328151,-0.7266423,-0.7266423,-0.7853982,-0.7853982,-0.844154,-0.8960554,-0.94200003,-0.94200003,-0.9272952,-0.9272952,-0.9272952,-0.8850668,-0.8850668,-0.94200003,-1.0040671,-1.0714496,-1.1071488,-1.2220253,-1.3258177,-1.418147
204,1760879478.610859,RX1,Walking,67,0.0,25.495098,23.345234,22.022717,19.209373,15.811389,12.529964,9.848858,6.0827622,4.472136,5.0990195,6.0827622,8.246211,11.704699,12.649111,14.86607,15.811388,15.297058,14.142136,13.038405,12.1655245,10.440307,8.062258,5.0,4.0,5.0,5.0,0.0,0.0,0.0,0.0,0.0,0.0,0.0,0.0,0.0,0.0,0.0,2.828427,5.0990195,7.071068,10.0,12.529964,13.928389,16.27882,17.117243,17.029385,17.029385,17.117243,15.132746,13.152946,11.0,8.062258,6.7082043,5.3851647,7.0,10.198039,12.999999,16.124516,19.416489,20.615528,23.430748,24.08319,24.758837,0.0,-2.411693,-2.3864882,-2.4526682,-2.4668517,-2.536048,-2.642246,-2.7233684,-2.976444,2.6779451,1.7681919,1.4056476,1.3258177,1.2220253,1.2490457,1.2277724,1.2490457,1.3734008,1.4288993,1.4940244,1.735945,1.8622531,2.0899425,2.4980915,3.1415925,-2.2142975,-1.5707964,0.0,0.0,0.0,0.0,0.0,0.0,0.0,0.0,0.0,0.0,0.0,-2.3561945,-1.3734008,-0.7853982,-0.6435011,-0.49934673,-0.36717382,-0.18534794,-0.11710875,-0.058755822,0.058755822,0.11710875,0.13255154,0.15264933,0.0,-0.124354996,-0.4636476,-1.19029,-1.5707964,-1.7681919,-1.9655875,-2.0899425,-2.1730838,-2.2531128,-2.2655346,-2.2974386,-2.3276308
205,1760879478.807091,RX1,Walking,47,0.0,12.806249,13.60147,14.142136,14.142136,14.866069,15.0,15.620499,15.0,13.60147,13.60147,13.038404,13.038404,12.529964,12.083046,12.083046,12.083046,11.704699,11.704699,12.083046,12.083046,12.529964,11.661903,11.401754,11.313708,11.313708,10.0,0.0,0.0,0.0,0.0,0.0,0.0,0.0,0.0,0.0,0.0,0.0,11.18034,12.083046,13.601471,14.142136,14.035668,15.033297,14.142136,14.142136,13.341663,12.369316,12.1655245,11.18034,11.0,12.041595,12.1655245,13.152946,13.341663,14.3178215,16.492422,16.492422,16.492422,16.492422,15.811388,14.86607,13.928389,12.999999,0.0,2.4668517,2.5127964,2.3561945,2.3561945,2.3086114,2.2142975,2.2655346,2.2142975,2.1995926,2.1995926,2.1375256,2.1375256,2.070143,1.9974238,1.9974238,1.9974238,1.9195673,1.9195673,1.9974238,1.9974238,2.070143,2.1112158,2.2318394,2.3561945,2.3561945,2.4980915,0.0,0.0,0.0,0.0,0.0,0.0,0.0,0.0,0.0,0.0,0.0,2.6779451,2.714965,2.8430936,2.9996955,3.070285,-3.0750246,-2.9996955,-2.9996955,-2.9147937,-2.896614,-2.976444,-2.961739,3.1415925,3.0584514,2.976444,2.9889433,2.9147937,2.9304993,2.896614,2.896614,2.896614,2.896614,2.819842,2.7985687,2.7744188,2.7468016
206,1760879478.8383381,RX1,Walking,69,0.0,20.615528,19.646885,20.248457,18.973665,15.231546,13.416409,12.529964,8.602325,5.8309517,7.071068,7.28011,9.848858,11.18034,13.60147,15.231546,17.464249,14.56022,17.029385,14.0,13.416409,6.4031243,4.472136,9.219544,6.4031243,7.615773,9.219544,0.0,0.0,0.0,0.0,0.0,0.0,0.0,0.0,0.0,0.0,0.0,5.3851647,4.472136,5.3851647,6.0827622,6.0827622,7.071068,8.0,8.246211,8.246211,9.055386,10.440307,10.198039,8.944272,10.0,9.219544,8.485281,10.816654,8.5440035,12.369316,13.341663,14.035668,15.132746,17.46425,18.681541,19.924858,20.248457,0.0,-0.39852244,-0.2573237,-0.3529904,-0.32175055,-0.4048918,-0.4636476,-0.49934673,-0.6202495,-1.0303768,-1.7126933,-1.849096,-1.9890207,-2.0344439,-2.1995926,-1.9756881,-1.9832067,-1.849096,-1.6295521,-1.5707964,-1.1071488,-0.8960554,-0.4636476,-0.21866895,0.67474097,1.9756881,2.2794225,0.0,0.0,0.0,0.0,0.0,0.0,0.0,0.0,0.0,0.0,0.0,1.9513026,2.0344439,1.9513026,1.735945,1.735945,1.4288993,1.5707964,1.3258177,1.3258177,1.4601392,1.2793396,1.3734008,1.1071488,0.9272952,0.86217004,0.7853982,0.5880026,0.35877067,0.24497867,0.22679885,-0.071307465,-0.13255154,-0.23109066,-0.27094686,-0.30587888,-0.3529904
207,1760879478.9009101,RX1,Walking,46,0.0,18.681541,19.416489,17.46425,15.297058,14.56022,14.317821,13.892444,13.60147,13.453625,14.142136,14.142136,15.556349,16.27882,16.970562,16.27882,16.27882,15.0,13.60147,13.60147,13.038404,13.038404,13.038404,12.529964,12.083046,12.083046,12.649111,0.0,0.0,0.0,0.0,0.0,0.0,0.0,0.0,0.0,0.0,0.0,12.0,11.0,10.0,10.0,11.045361,12.041595,13.038405,15.0,16.03122,16.124516,17.46425,16.763054,17.088007,15.231546,14.317821,12.999999,11.704699,11.18034,12.0,13.038405,14.3178215,15.524176,15.811388,18.027756,18.681541,19.416489,0.0,-1.8417432,-1.7782925,-1.801887,-1.7681919,-1.849096,-2.003204,-2.0988708,-2.1995926,-2.3036115,-2.3561945,-2.3561945,-2.3561945,-2.3996453,-2.3561945,-2.3127437,-2.3127437,-2.2142975,-2.1995926,-2.1995926,-2.1375256,-2.1375256,-2.1375256,-2.070143,-1.9974238,-1.9974238,-1.8925469,0.0,0.0,0.0,0.0,0.0,0.0,0.0,0.0,0.0,0.0,0.0,-1.5707964,-1.5707964,-1.5707964,-1.5707964,-1.6614562,-1.6539376,-1.6475682,-1.5707964,-1.5083776,-1.4464413,-1.3397057,-1.2679114,-1.2120256,-1.1659045,-1.1383885,-1.1760052,-1.2220253,-1.3909428,-1.5707964,-1.6475682,-1.7818897,-1.8313987,-1.8925469,-1.9100889,-1.8417432,-1.7782925
208,1760879478.904785,RX1,Walking,45,0.0,17.029387,17.691807,16.27882,13.453625,12.806249,12.529964,12.083046,12.369316,13.341663,14.142136,15.132746,15.132746,16.124516,16.27882,16.27882,15.297058,15.297058,14.3178215,14.56022,13.601471,13.601471,13.601471,12.649111,12.999999,13.416409,13.60147,0.0,0.0,0.0,0.0,0.0,0.0,0.0,0.0,0.0,0.0,0.0,14.764824,12.999999,12.649111,11.401754,10.770329,11.18034,12.529964,13.892444,15.652476,16.552946,17.088007,17.720043,17.46425,17.262676,16.124516,15.132746,13.341663,12.649111,12.083046,11.661903,12.041595,13.453625,15.0,16.40122,17.029387,17.691807,0.0,2.2730532,2.3961732,2.3127437,2.3036115,2.2455373,2.070143,1.9974238,1.815775,1.7975951,1.7126933,1.7033478,1.7033478,1.6951513,1.7561443,1.7561443,1.7681919,1.7681919,1.7818897,1.849096,1.8692952,1.8692952,1.8692952,1.8925469,1.9655875,2.0344439,2.1995926,0.0,0.0,0.0,0.0,0.0,0.0,0.0,0.0,0.0,0.0,0.0,2.6476512,2.7468016,2.819842,2.8753407,2.7610862,2.6779451,2.642246,2.6135182,2.6779451,2.7049656,2.782822,2.8555412,2.910502,2.9669204,3.0172377,3.009041,2.9147937,2.819842,2.714965,2.6011732,2.4149504,2.3036115,2.2142975,2.226492,2.2730532,2.3162158
209,1760879478.992237,RX1,Walking,66,0.0,15.652476,17.464249,17.720043,17.46425,17.262676,18.110771,18.110771,19.026297,18.0,18.0,19.026297,19.104973,19.235384,17.262676,16.492422,13.928389,9.486833,6.3245554,4.0,4.472136,8.485281,10.0,14.142136,13.892444,16.155495,14.035668,0.0,0.0,0.0,0.0,0.0,0.0,0.0,0.0,0.0,0.0,0.0,4.1231055,4.0,4.1231055,5.0990195,5.0990195,4.0,4.0,4.1231055,3.6055512,4.2426405,6.4031243,8.485281,10.0,11.401754,12.7279215,14.142136,14.866069,15.556349,17.691807,17.691807,19.104973,19.79899,18.384775,17.691807,17.691807,17.804493,0.0,0.4636476,0.41241044,0.28605142,0.23109066,0.1746722,0.11065722,0.11065722,0.05258306,0.0,0.0,0.05258306,0.10487694,0.15660188,0.1746722,0.24497867,0.36717382,0.32175055,0.32175055,0.0,-0.4636476,-0.7853982,-0.6435011,-0.7853982,-0.52807444,-0.38050637,-0.071307465,0.0,0.0,0.0,0.0,0.0,0.0,0.0,0.0,0.0,0.0,0.0,1.3258177,1.5707964,1.815775,1.7681919,1.7681919,1.5707964,1.5707964,1.3258177,0.98279375,0.7853982,0.67474097,0.7853982,0.6435011,0.66104317,0.7853982,0.7853982,0.8329813,0.7853982,0.82537687,0.82537687,0.8224183,0.7853982,0.7853982,0.7454195,0.7454195,0.66596925
210,1760879479.053174,RX1,Walking,44,0.0,15.652476,17.088007,17.088007,15.811388,14.86607,14.86607,12.999999,12.083046,10.816654,10.630146,10.630146,10.816654,12.529964,12.529964,14.764824,15.264338,15.811389,15.620499,14.866069,14.142136,13.453625,12.041595,11.401754,10.0,10.0,10.0,0.0,0.0,0.0,0.0,0.0,0.0,0.0,0.0,0.0,0.0,0.0,13.341663,13.928389,13.892444,13.60147,13.453625,12.041595,11.313708,10.630146,10.0,10.29563,11.18034,12.999999,13.928389,15.231546,15.231546,16.552946,15.652476,14.764824,13.892444,12.529964,11.704699,10.440307,10.0,10.198039,11.401754,12.083046,0.0,1.1071488,1.2120256,1.2120256,1.2490457,1.2277724,1.2277724,1.1760052,1.1441689,0.98279375,0.8519663,0.71883,0.5880026,0.49934673,0.49934673,0.49394137,0.551655,0.6055447,0.69473827,0.7378151,0.7853982,0.8379812,0.844154,0.90975314,0.9272952,0.9272952,0.9272952,0.0,0.0,0.0,0.0,0.0,0.0,0.0,0.0,0.0,0.0,0.0,1.7975951,1.9379702,2.0988708,2.1995926,2.3036115,2.4149504,2.3561945,2.2896264,2.2142975,2.077895,2.0344439,1.9655875,1.9379702,1.9756881,1.9756881,2.0074234,2.0344439,2.0647378,2.0988708,2.070143,1.9195673,1.8622531,1.5707964,1.3734008,1.3045443,1.1441689
211,1760879479.0741272,RX1,Walking,67,0.0,20.396078,21.213203,20.099752,19.235384,18.110771,16.27882,16.27882,13.601471,11.704699,12.083046,10.816654,12.041595,12.7279215,14.866069,16.27882,16.27882,15.620499,15.264338,15.231546,13.341663,12.041595,9.055386,7.28011,4.472136,2.236068,2.236068,0.0,0.0,0.0,0.0,0.0,0.0,0.0,0.0,0.0,0.0,0.0,7.2111025,9.219544,9.899495,11.313708,10.816654,11.661903,10.29563,10.29563,9.433981,8.602325,8.485281,7.8102493,7.2111025,8.944272,9.486833,11.18034,12.1655245,13.152946,15.132746,16.03122,16.0,17.0,17.029385,18.110771,18.027758,19.026297,0.0,2.9441972,2.9996955,3.041924,2.9849908,3.0309355,2.9562447,2.9562447,2.8430936,2.7928216,2.714965,2.55359,2.4149504,2.3561945,2.3086114,2.3127437,2.3996453,2.4468544,2.5899377,2.7367008,2.9147937,3.0584514,-3.0309355,-2.863293,-2.6779451,-2.6779451,2.0344439,0.0,0.0,0.0,0.0,0.0,0.0,0.0,0.0,0.0,0.0,0.0,-2.55359,-2.4329665,-2.3561945,-2.3561945,-2.158799,-2.1112158,-2.077895,-2.077895,-2.1293957,-2.1910458,-2.3561945,-2.4468544,-2.55359,-2.6779451,-2.819842,-2.961739,-2.976444,-2.9889433,-3.009041,-3.0791738,3.1415925,3.1415925,3.0828369,3.0309355,3.0860941,3.0890095
212,1760879479.174925,RX1,Walking,73,0.0,8.485281,4.472136,2.236068,4.1231055,7.8102493,9.219544,11.661903,14.86607,14.3178215,16.03122,17.029385,18.0,15.132746,16.27882,15.297058,15.231546,13.60147,14.866069,17.0,18.973665,20.22375,22.022717,22.090721,23.537203,23.086794,21.470911,0.0,0.0,0.0,0.0,0.0,0.0,0.0,0.0,0.0,0.0,0.0,3.1622777,3.6055512,4.2426405,5.8309517,5.0990195,5.3851647,5.0990195,5.0,6.3245554,6.0827622,7.615773,9.486833,10.770329,11.18034,12.041595,12.0,12.369316,12.999999,15.0,15.556349,16.124516,17.088007,16.03122,15.033297,14.3178215,12.083046,0.0,-0.7853982,-1.1071488,-2.0344439,2.896614,2.4468544,2.2794225,2.1112158,1.9138203,1.7818897,1.6332152,1.6295521,1.5707964,1.7033478,1.7561443,1.7681919,1.9756881,2.1995926,2.4037776,2.6516354,2.819842,2.9927027,3.0961695,-3.050933,-2.927532,-2.83354,-2.6571147,0.0,0.0,0.0,0.0,0.0,0.0,0.0,0.0,0.0,0.0,0.0,1.2490457,0.98279375,0.7853982,1.0303768,1.3734008,1.19029,1.3734008,1.5707964,1.8925469,1.735945,1.9756881,1.8925469,1.9513026,1.7506498,1.6539376,1.5707964,1.3258177,1.1760052,0.9272952,0.7853982,0.5191461,0.35877067,0.06241881,-0.066568166,-0.21109334,-0.4266275
213,1760879479.268726,RX1,Walking,45,0.0,12.806249,16.27882,14.422205,15.811389,16.643316,16.643316,16.643316,15.811389,14.422205,13.038404,12.529964,11.18034,10.770329,11.401754,11.18034,11.045361,11.045361,12.041595,13.152946,13.341663,13.601471,12.999999,12.529964,11.661903,10.816654,10.630146,0.0,0.0,0.0,0.0,0.0,0.0,0.0,0.0,0.0,0.0,0.0,11.18034,12.649111,13.152946,13.038405,14.035668,13.152946,12.369316,11.401754,11.401754,10.440307,9.219544,10.049876,10.049876,11.18034,12.369316,13.341663,13.341663,14.3178215,16.492422,16.492422,15.297058,15.297058,14.3178215,13.341663,9.433981,11.661903,0.0,-2.2455373,-2.3996453,-2.55359,-2.536048,-2.5702553,-2.5702553,-2.5702553,-2.536048,-2.55359,-2.5748634,-2.642246,-2.6779451,-2.7610862,-2.8753407,-2.961739,-3.050933,-3.050933,-3.0584514,-2.9889433,-2.9147937,-2.8430936,-2.7468016,-2.642246,-2.6011732,-2.55359,-2.4227626,0.0,0.0,0.0,0.0,0.0,0.0,0.0,0.0,0.0,0.0,0.0,-2.0344439,-1.8925469,-1.7234457,-1.6475682,-1.4994888,-1.418147,-1.3258177,-1.3045443,-1.3045443,-1.2793396,-1.3521274,-1.4711276,-1.670465,-1.7506498,-1.815775,-1.7975951,-1.7975951,-1.7818897,-1.815775,-1.815775,-1.7681919,-1.7681919,-1.7818897,-1.7975951,-2.1293957,-2.1112158
214,1760879479.308408,RX1,Walking,71,0.0,19.235384,19.416489,20.099752,20.0,21.023798,21.095024,20.024984,19.416489,14.035668,12.041595,11.401754,7.615773,5.3851647,2.236068,3.6055512,5.3851647,6.3245554,9.219544,11.704699,13.601471,13.928389,14.317821,14.422205,14.142136,12.806249,11.18034,0.0,0.0,0.0,0.0,0.0,0.0,0.0,0.0,0.0,0.0,0.0,16.552946,15.0,14.142136,10.816654,8.062258,5.0990195,2.236068,2.828427,7.2111025,10.770329,14.56022,16.27882,17.46425,19.235384,19.416489,16.27882,17.262676,16.492422,14.86607,13.416409,9.219544,7.071068,7.0,6.3245554,8.062258,10.198039,0.0,0.15660188,0.20749623,0.09966865,0.0,-0.047583103,-0.094951704,-0.049958397,-0.20749623,-0.071307465,-0.08314123,-0.26625204,-0.4048918,-0.38050637,-1.1071488,-2.55359,-2.7610862,-2.819842,-2.9229238,-2.7928216,-2.8430936,-2.7744188,-2.709185,-2.55359,-2.3561945,-2.2455373,-2.0344439,0.0,0.0,0.0,0.0,0.0,0.0,0.0,0.0,0.0,0.0,0.0,-1.1341692,-0.9272952,-0.7853982,-0.5880026,-0.5191461,-0.19739556,1.1071488,2.3561945,2.55359,2.7610862,2.863293,2.9562447,2.910502,2.9849908,2.9340963,2.9562447,2.9669204,2.896614,2.7985687,2.6779451,2.4329665,2.3561945,1.5707964,1.2490457,0.5191461,0.19739556
215,1760879479.311027,RX1,Walking,46,0.0,13.038405,13.152946,14.3178215,14.56022,14.56022,15.811388,14.86607,14.86607,13.928389,12.999999,12.999999,12.083046,12.529964,11.661903,12.206555,13.038404,11.401754,12.206555,12.206555,13.038404,12.529964,12.083046,12.649111,11.401754,11.18034,11.045361,0.0,0.0,0.0,0.0,0.0,0.0,0.0,0.0,0.0,0.0,0.0,11.045361,11.18034,11.704699,12.083046,13.038404,12.806249,12.806249,12.7279215,12.041595,10.630146,10.630146,10.630146,10.0,10.29563,11.18034,12.083046,12.999999,12.999999,14.86607,15.231546,15.231546,15.231546,14.86607,13.601471,13.341663,13.341663,0.0,-0.07677189,-0.15264933,-0.21109334,-0.27829966,-0.27829966,-0.32175055,-0.34302393,-0.34302393,-0.36717382,-0.39479113,-0.39479113,-0.4266275,-0.49934673,-0.5404195,-0.61072594,-0.5667292,-0.66104317,-0.61072594,-0.61072594,-0.5667292,-0.49934673,-0.4266275,-0.32175055,-0.26625204,-0.1798535,-0.09065989,0.0,0.0,0.0,0.0,0.0,0.0,0.0,0.0,0.0,0.0,0.0,0.09065989,0.1798535,0.348771,0.4266275,0.5667292,0.67474097,0.67474097,0.7853982,0.844154,0.8519663,0.71883,0.71883,0.6435011,0.5070985,0.4636476,0.4266275,0.39479113,0.39479113,0.34302393,0.4048918,0.4048918,0.4048918,0.34302393,0.29849893,0.22679885,0.22679885
216,1760879479.315449,RX1,Walking,46,0.0,12.529964,13.892444,14.317821,13.928389,14.86607,14.56022,15.524176,15.524176,15.297058,14.3178215,14.3178215,14.3178215,13.038405,13.038405,13.0,13.038405,14.035668,14.035668,14.035668,15.033297,15.0,15.033297,14.142136,14.56022,13.928389,12.999999,0.0,0.0,0.0,0.0,0.0,0.0,0.0,0.0,0.0,0.0,0.0,12.206555,13.038404,13.416409,15.231546,15.524176,14.3178215,15.132746,14.035668,14.035668,13.038405,12.041595,12.1655245,12.1655245,11.704699,12.999999,13.416409,13.892444,14.764824,16.124516,15.264338,15.264338,15.811389,14.422205,14.422205,13.60147,12.806249,0.0,-2.642246,-2.6135182,-2.709185,-2.7744188,-2.7985687,-2.863293,-2.8809903,-2.8809903,-2.9441972,-2.9304993,-2.9304993,-2.9304993,-3.0648208,-3.0648208,3.1415925,3.0648208,3.070285,3.070285,3.070285,3.0750246,3.1415925,-3.0750246,-2.9996955,-2.863293,-2.7744188,-2.7468016,0.0,0.0,0.0,0.0,0.0,0.0,0.0,0.0,0.0,0.0,0.0,-2.1815224,-2.1375256,-2.0344439,-1.9756881,-1.8313987,-1.7818897,-1.7033478,-1.6421038,-1.6421038,-1.6475682,-1.6539376,-1.735945,-1.735945,-1.9195673,-1.9655875,-2.0344439,-2.0988708,-2.0647378,-2.0899425,-2.1224513,-2.1224513,-2.176341,-2.158799,-2.158799,-2.1995926,-2.2455373
217,1760879479.3200881,RX1,Walking,46,0.0,11.18034,13.152946,12.369316,12.649111,12.649111,14.317821,13.928389,13.416409,13.416409,13.416409,12.529964,13.038404,12.206555,12.041595,12.041595,12.041595,12.7279215,13.453625,13.453625,14.142136,14.21267,13.60147,13.038404,13.416409,12.999999,12.369316,0.0,0.0,0.0,0.0,0.0,0.0,0.0,0.0,0.0,0.0,0.0,10.440307,11.704699,12.999999,13.892444,14.422205,14.866069,14.142136,14.21267,12.806249,12.806249,12.041595,11.313708,11.401754,11.401754,11.661903,12.529964,12.999999,13.928389,14.86607,14.86607,14.86607,14.86607,13.601471,13.601471,12.369316,12.1655245,0.0,1.3909428,1.418147,1.3258177,1.2490457,1.2490457,1.1383885,1.2036225,1.1071488,1.1071488,1.1071488,1.0714496,1.0040671,0.9600704,0.844154,0.844154,0.7266423,0.7853982,0.7328151,0.7328151,0.7853982,0.8850668,0.94200003,1.0040671,1.1071488,1.1760052,1.3258177,0.0,0.0,0.0,0.0,0.0,0.0,0.0,0.0,0.0,0.0,0.0,1.8622531,1.9195673,1.9655875,2.0988708,2.158799,2.3086114,2.3561945,2.4558632,2.4668517,2.4668517,2.4149504,2.3561945,2.2318394,2.2318394,2.1112158,2.070143,1.9655875,1.9379702,1.9138203,1.9138203,1.9138203,1.9138203,1.8692952,1.8692952,1.815775,1.735945
218,1760879479.337101,RX1,Walking,46,0.0,13.601471,14.86607,13.341663,13.152946,13.038405,14.035668,14.035668,14.142136,15.297058,15.297058,15.297058,15.297058,15.297058,15.297058,14.3178215,14.56022,14.56022,14.56022,14.56022,14.56022,14.56022,14.3178215,15.132746,15.033297,14.035668,14.3178215,0.0,0.0,0.0,0.0,0.0,0.0,0.0,0.0,0.0,0.0,0.0,10.816654,11.661903,12.206555,12.206555,14.21267,14.866069,15.556349,15.620499,16.40122,15.811389,15.264338,14.764824,13.892444,13.038404,12.206555,12.041595,12.041595,12.206555,13.892444,13.892444,15.231546,15.652476,16.552946,16.552946,16.552946,15.652476,0.0,-2.8430936,-2.7985687,-2.9147937,-2.9889433,-3.0648208,3.070285,3.070285,2.9996955,2.9441972,2.9441972,2.9441972,2.9441972,2.9441972,2.9441972,2.9304993,2.863293,2.863293,2.863293,2.863293,2.863293,2.863293,2.9304993,3.009041,3.0750246,-3.070285,-2.9304993,0.0,0.0,0.0,0.0,0.0,0.0,0.0,0.0,0.0,0.0,0.0,-2.55359,-2.6011732,-2.5308666,-2.5308666,-2.4558632,-2.4037776,-2.3561945,-2.2655346,-2.226492,-2.176341,-2.1224513,-2.0647378,-2.0988708,-2.1375256,-2.1815224,-2.2974386,-2.4149504,-2.5308666,-2.6135182,-2.6135182,-2.7367008,-2.6779451,-2.7049656,-2.7049656,-2.7049656,-2.6779451
219,1760879479.3412192,RX1,Walking,46,0.0,13.416409,13.416409,12.999999,12.649111,13.341663,13.038405,14.035668,14.0,16.0,16.0,16.0,16.03122,15.0,15.0,15.033297,15.033297,14.035668,14.035668,14.035668,14.035668,15.033297,15.0,15.033297,14.142136,14.56022,13.928389,0.0,0.0,0.0,0.0,0.0,0.0,0.0,0.0,0.0,0.0,0.0,10.0,10.630146,10.630146,12.7279215,13.453625,13.60147,14.422205,15.264338,15.231546,15.231546,13.928389,13.928389,12.649111,12.083046,11.18034,10.816654,11.313708,12.041595,12.806249,13.60147,14.422205,15.0,15.811389,15.811389,15.811389,15.0,0.0,-1.1071488,-1.1071488,-1.1760052,-1.2490457,-1.3439975,-1.4940244,-1.4994888,-1.5707964,-1.5707964,-1.5707964,-1.5707964,-1.6332152,-1.5707964,-1.5707964,-1.6373645,-1.6373645,-1.6421038,-1.6421038,-1.6421038,-1.6421038,-1.6373645,-1.5707964,-1.5042281,-1.4288993,-1.2924967,-1.2036225,0.0,0.0,0.0,0.0,0.0,0.0,0.0,0.0,0.0,0.0,0.0,-0.9272952,-0.8519663,-0.8519663,-0.7853982,-0.7328151,-0.6287963,-0.5880026,-0.551655,-0.4048918,-0.4048918,-0.36717382,-0.36717382,-0.32175055,-0.4266275,-0.4636476,-0.5880026,-0.7853982,-0.844154,-0.8960554,-0.94200003,-0.98279375,-0.9272952,-0.9652517,-0.9652517,-0.9652517,-0.9272952
220,1760879479.344861,RX1,Walking,46,0.0,12.369316,13.341663,12.083046,12.083046,12.206555,12.806249,13.453625,13.453625,14.142136,14.142136,14.142136,14.142136,14.142136,14.142136,13.453625,13.453625,12.806249,12.806249,12.806249,13.453625,13.453625,14.142136,14.21267,13.60147,13.416409,12.999999,0.0,0.0,0.0,0.0,0.0,0.0,0.0,0.0,0.0,0.0,0.0,10.0,10.0,10.049876,11.045361,12.041595,13.152946,14.3178215,14.86607,15.231546,15.652476,14.764824,13.892444,12.529964,12.083046,10.770329,11.401754,11.18034,12.041595,12.041595,13.038405,14.142136,15.132746,15.132746,15.132746,15.132746,14.035668,0.0,1.3258177,1.3439975,1.1441689,1.1441689,0.9600704,0.8960554,0.8379812,0.8379812,0.7853982,0.7853982,0.7853982,0.7853982,0.7853982,0.7853982,0.7328151,0.7328151,0.67474097,0.67474097,0.67474097,0.7328151,0.7328151,0.7853982,0.8850668,0.94200003,1.1071488,1.1760052,0.0,0.0,0.0,0.0,0.0,0.0,0.0,0.0,0.0,0.0,0.0,1.5707964,1.5707964,1.670465,1.6614562,1.6539376,1.7234457,1.7818897,1.9138203,1.9756881,2.0344439,2.0647378,2.0988708,2.070143,1.9974238,1.9513026,1.8370484,1.7506498,1.6539376,1.487655,1.4940244,1.4288993,1.4382448,1.4382448,1.4382448,1.4382448,1.4994888
221,1760879479.400092,RX1,Walking,68,0.0,9.219544,14.142136,16.03122,18.027758,20.099752,22.203604,22.203604,22.022717,20.024984,18.027758,17.029385,15.132746,13.152946,10.049876,7.071068,4.1231055,3.1622777,5.0,8.246211,10.198039,13.038405,14.035668,14.56022,14.764824,14.866069,12.806249,0.0,0.0,0.0,0.0,0.0,0.0,0.0,0.0,0.0,0.0,0.0,10.198039,10.049876,11.0,11.0,10.0,9.055386,8.0,7.071068,6.7082043,6.4031243,7.071068,8.5440035,9.486833,11.18034,13.152946,14.035668,15.0,16.03122,18.0,19.026297,18.027758,18.110771,15.297058,14.3178215,12.649111,11.18034,0.0,-2.9229238,-2.9996955,3.0791738,3.0860941,3.041924,3.006065,3.006065,3.0961695,3.0916343,-3.0860941,-3.0828369,-3.009041,-2.9889433,-3.041924,-2.9996955,2.896614,1.8925469,1.5707964,1.3258177,1.3734008,1.4940244,1.6421038,1.849096,2.0647378,2.3086114,2.4668517,0.0,0.0,0.0,0.0,0.0,0.0,0.0,0.0,0.0,0.0,0.0,-0.19739556,-0.09966865,0.0,0.0,0.0,0.11065722,0.0,-0.14189705,-0.4636476,-0.67474097,-0.7853982,-1.2120256,-1.2490457,-1.3909428,-1.418147,-1.4994888,-1.5707964,-1.5083776,-1.5707964,-1.6233793,-1.6262949,-1.6814536,-1.7681919,-1.7818897,-1.8925469,-2.0344439
222,1760879479.4080331,RX1,Walking,46,0.0,17.029385,17.029385,16.0,15.0,14.035668,14.142136,13.341663,13.601471,13.928389,14.317821,14.317821,14.764824,14.764824,15.652476,16.124516,15.652476,16.552946,16.155495,15.811388,14.86607,14.56022,14.3178215,14.142136,13.152946,13.038405,13.0,0.0,0.0,0.0,0.0,0.0,0.0,0.0,0.0,0.0,0.0,0.0,12.1655245,11.401754,11.401754,11.401754,12.649111,12.649111,13.928389,13.928389,14.317821,15.652476,15.264338,15.264338,15.264338,14.422205,13.60147,13.892444,13.416409,13.416409,12.999999,12.649111,13.152946,14.142136,15.033297,15.0,15.0,16.0,0.0,-1.6295521,-1.5120405,-1.5707964,-1.5707964,-1.6421038,-1.7126933,-1.7975951,-1.8692952,-1.9379702,-2.003204,-2.003204,-2.0647378,-2.0647378,-2.0344439,-2.0899425,-2.0344439,-2.0074234,-1.9513026,-1.8925469,-1.9138203,-1.849096,-1.7818897,-1.7126933,-1.7234457,-1.6475682,-1.5707964,0.0,0.0,0.0,0.0,0.0,0.0,0.0,0.0,0.0,0.0,0.0,-1.4056476,-1.3045443,-1.3045443,-1.3045443,-1.2490457,-1.2490457,-1.2036225,-1.2036225,-1.1383885,-1.1071488,-1.0191413,-1.0191413,-1.0191413,-0.98279375,-0.94200003,-1.0427219,-1.1071488,-1.1071488,-1.1760052,-1.2490457,-1.418147,-1.4288993,-1.5042281,-1.5707964,-1.5707964,-1.5707964
223,1760879479.443839,RX1,Walking,46,0.0,16.643316,16.40122,16.643316,15.811389,15.264338,14.764824,14.317821,13.601471,14.3178215,13.341663,14.142136,15.132746,15.132746,16.124516,15.297058,16.27882,15.524176,15.524176,15.524176,14.56022,13.928389,13.928389,14.317821,13.892444,13.892444,14.21267,0.0,0.0,0.0,0.0,0.0,0.0,0.0,0.0,0.0,0.0,0.0,13.453625,12.806249,12.206555,12.206555,12.206555,13.038404,13.60147,14.422205,14.422205,15.264338,15.652476,15.652476,15.652476,15.231546,15.231546,14.317821,14.317821,13.038404,13.038404,12.806249,12.7279215,14.866069,14.21267,15.0,16.40122,16.40122,0.0,-2.5702553,-2.485897,-2.5702553,-2.536048,-2.5899377,-2.6476512,-2.709185,-2.8430936,-2.9304993,-2.9147937,-2.9996955,-3.009041,-3.009041,-3.0172377,-2.9441972,-2.9562447,-2.8809903,-2.8809903,-2.8809903,-2.863293,-2.7744188,-2.7744188,-2.709185,-2.6135182,-2.6135182,-2.4558632,0.0,0.0,0.0,0.0,0.0,0.0,0.0,0.0,0.0,0.0,0.0,-2.4087775,-2.2455373,-2.1815224,-2.1815224,-2.1815224,-2.1375256,-2.1995926,-2.158799,-2.158799,-2.1224513,-2.0344439,-2.0344439,-2.0344439,-1.9756881,-1.9756881,-2.003204,-2.003204,-2.1375256,-2.1375256,-2.2455373,-2.3561945,-2.4037776,-2.4558632,-2.4980915,-2.485897,-2.485897
224,1760879479.490579,RX1,Walking,46,0.0,15.524176,14.3178215,13.928389,13.416409,13.892444,14.422205,13.60147,14.21267,15.620499,14.866069,14.866069,14.866069,14.866069,14.866069,14.866069,14.142136,14.142136,14.142136,14.142136,14.142136,14.21267,14.21267,14.422205,14.764824,14.317821,14.56022,0.0,0.0,0.0,0.0,0.0,0.0,0.0,0.0,0.0,0.0,0.0,11.045361,11.045361,12.041595,13.0,14.035668,14.035668,15.132746,15.524176,15.811388,15.811388,15.231546,14.317821,13.928389,12.999999,12.649111,12.1655245,12.041595,13.0,14.0,14.035668,15.132746,15.132746,16.27882,16.124516,16.124516,15.132746,0.0,2.8809903,2.9304993,2.7744188,2.6779451,2.6135182,2.55359,2.5127964,2.4558632,2.4468544,2.4037776,2.4037776,2.4037776,2.4037776,2.4037776,2.4037776,2.3561945,2.3561945,2.3561945,2.3561945,2.3561945,2.4558632,2.4558632,2.55359,2.6476512,2.709185,2.863293,0.0,0.0,0.0,0.0,0.0,0.0,0.0,0.0,0.0,0.0,0.0,3.050933,3.050933,3.0584514,3.1415925,-3.070285,-3.070285,-3.009041,-2.8809903,-2.819842,-2.819842,-2.7367008,-2.709185,-2.7744188,-2.7468016,-2.819842,-2.976444,-3.0584514,3.1415925,3.1415925,3.070285,3.009041,3.009041,2.9562447,3.0172377,3.0172377,3.009041
225,1760879479.5258188,RX1,Walking,68,0.0,5.3851647,8.602325,11.18034,13.341663,16.27882,20.099752,21.095024,23.194828,21.095024,20.22375,20.22375,19.416489,16.27882,14.56022,10.440307,6.7082043,2.236068,1.4142135,5.0,9.219544,12.529964,15.231546,16.492422,18.027758,19.104973,17.720043,0.0,0.0,0.0,0.0,0.0,0.0,0.0,0.0,0.0,0.0,0.0,7.071068,8.602325,8.062258,8.944272,9.848858,8.944272,7.615773,7.2111025,7.071068,7.2111025,6.3245554,7.071068,9.055386,10.440307,11.704699,12.529964,15.264338,16.643316,19.209373,19.849434,19.104973,20.518286,18.384775,16.970562,13.453625,11.401754,0.0,-0.38050637,-0.6202495,-1.1071488,-1.3439975,-1.3854483,-1.4711276,-1.4758446,-1.4410938,-1.4758446,-1.4219064,-1.4219064,-1.3633001,-1.3854483,-1.2924967,-1.2793396,-1.1071488,-1.1071488,2.3561945,2.2142975,2.4329665,2.642246,2.7367008,2.896614,3.0860941,-3.0367157,-2.8555412,0.0,0.0,0.0,0.0,0.0,0.0,0.0,0.0,0.0,0.0,0.0,2.3561945,2.5213432,2.6224465,2.6779451,2.7233684,2.6779451,2.7367008,2.55359,2.3561945,2.158799,1.8925469,1.7126933,1.4601392,1.2793396,1.2220253,1.0714496,1.0191413,0.99945885,0.8960554,0.85670567,0.8224183,0.81986725,0.7853982,0.7853982,0.7328151,0.66104317
226,1760879479.617294,RX1,Walking,44,0.0,15.811388,17.464249,17.464249,16.552946,16.124516,15.231546,14.317821,12.999999,12.369316,12.1655245,12.041595,12.0,13.038405,14.142136,14.142136,15.132746,16.03122,16.0,16.03122,15.132746,14.142136,13.341663,12.369316,11.704699,10.770329,10.770329,0.0,0.0,0.0,0.0,0.0,0.0,0.0,0.0,0.0,0.0,0.0,12.806249,12.206555,12.083046,10.440307,11.18034,10.440307,9.848858,10.29563,11.18034,11.661903,13.892444,13.892444,14.764824,15.652476,15.231546,14.317821,14.317821,14.317821,13.416409,12.529964,11.401754,12.041595,11.401754,11.661903,12.529964,14.764824,0.0,-1.2490457,-1.1583859,-1.1583859,-1.1341692,-1.0516502,-1.1659045,-1.1383885,-1.1760052,-1.3258177,-1.4056476,-1.487655,-1.5707964,-1.6475682,-1.7126933,-1.7126933,-1.7033478,-1.6332152,-1.5707964,-1.5083776,-1.4382448,-1.4288993,-1.3439975,-1.3258177,-1.2220253,-1.19029,-1.19029,0.0,0.0,0.0,0.0,0.0,0.0,0.0,0.0,0.0,0.0,0.0,-0.67474097,-0.61072594,-0.4266275,-0.2914568,-0.4636476,-0.2914568,-0.41822433,-0.5070985,-0.4636476,-0.5404195,-0.52807444,-0.52807444,-0.49394137,-0.4636476,-0.4048918,-0.43240777,-0.43240777,-0.43240777,-0.4636476,-0.49934673,-0.66104317,-0.7266423,-0.90975314,-1.0303768,-1.0714496,-1.076855
227,1760879479.6323378,RX1,Walking,71,0.0,23.021729,21.954498,23.853722,17.804493,11.313708,8.602325,5.8309517,2.236068,4.1231055,6.0,11.0,15.033297,17.029385,20.024984,21.095024,21.095024,18.027758,19.026297,16.03122,13.152946,10.770329,7.8102493,6.3245554,9.486833,10.0,12.806249,0.0,0.0,0.0,0.0,0.0,0.0,0.0,0.0,0.0,0.0,0.0,4.0,4.472136,5.8309517,7.28011,7.8102493,10.630146,10.816654,11.401754,12.206555,10.816654,13.60147,9.433981,9.219544,9.433981,4.472136,2.236068,3.1622777,2.0,5.3851647,9.848858,12.041595,15.297058,18.0,22.803509,22.203604,23.409397,0.0,-2.1708465,-2.095592,-2.1471715,-2.2367656,-2.3561945,-2.5213432,-2.1112158,-1.1071488,-0.24497867,0.0,0.0,0.066568166,-0.058755822,-0.049958397,-0.094951704,-0.094951704,-0.055498507,-0.05258306,0.06241881,0.15264933,0.38050637,0.69473827,1.2490457,1.8925469,2.2142975,2.4668517,0.0,0.0,0.0,0.0,0.0,0.0,0.0,0.0,0.0,0.0,0.0,1.5707964,2.0344439,2.1112158,1.849096,2.2655346,2.2896264,2.158799,2.2318394,2.1815224,2.158799,2.5127964,2.1293957,2.2794225,2.1293957,2.0344439,2.0344439,1.8925469,-1.5707964,-1.19029,-1.152572,-1.487655,-1.3734008,-1.5707964,-1.8370484,-1.7063241,-1.9195673
228,1760879479.7316039,RX1,Walking,44,0.0,17.262676,17.029385,16.03122,16.03122,14.035668,14.035668,12.041595,11.18034,10.440307,10.29563,10.0,11.313708,12.041595,12.041595,13.453625,14.142136,14.866069,14.21267,14.422205,13.038404,12.529964,11.18034,10.770329,9.848858,9.848858,9.848858,0.0,0.0,0.0,0.0,0.0,0.0,0.0,0.0,0.0,0.0,0.0,14.317821,13.892444,14.21267,12.7279215,12.041595,11.313708,11.313708,10.630146,10.816654,13.038404,13.892444,14.764824,15.264338,16.643316,16.40122,16.40122,15.620499,14.866069,13.60147,12.206555,11.18034,10.770329,11.18034,12.0,12.041595,13.152946,0.0,1.3961241,1.5120405,1.5083776,1.5083776,1.4994888,1.4994888,1.487655,1.3909428,1.2793396,1.0636978,0.9272952,0.7853982,0.7266423,0.7266423,0.7328151,0.7853982,0.8329813,0.8850668,0.98279375,1.0040671,1.0714496,1.1071488,1.19029,1.152572,1.152572,1.152572,0.0,0.0,0.0,0.0,0.0,0.0,0.0,0.0,0.0,0.0,0.0,2.003204,2.0988708,2.2565258,2.3561945,2.4149504,2.3561945,2.3561945,2.2896264,2.158799,2.1375256,2.0988708,2.0647378,2.1224513,2.1421337,2.226492,2.226492,2.2655346,2.3086114,2.1995926,2.1815224,2.0344439,1.9513026,1.7506498,1.5707964,1.487655,1.418147
229,1760879479.741859,RX1,Walking,45,0.0,17.262676,16.492422,16.763054,15.811388,14.86607,13.601471,13.341663,11.18034,11.045361,10.049876,10.198039,11.704699,12.083046,14.317821,13.928389,14.86607,15.524176,15.524176,15.132746,14.035668,13.0,12.0,11.045361,10.049876,10.049876,10.049876,0.0,0.0,0.0,0.0,0.0,0.0,0.0,0.0,0.0,0.0,0.0,13.60147,13.453625,13.60147,12.529964,11.18034,10.29563,10.0,10.630146,11.313708,12.7279215,14.142136,14.866069,15.620499,16.40122,15.811389,15.811389,15.264338,14.422205,13.038404,12.206555,11.313708,10.816654,11.18034,11.704699,12.369316,14.3178215,0.0,0.1746722,0.24497867,0.30288488,0.32175055,0.34302393,0.29849893,0.22679885,0.1798535,0.09065989,-0.09966865,-0.19739556,-0.348771,-0.4266275,-0.43240777,-0.36717382,-0.34302393,-0.26060238,-0.26060238,-0.13255154,-0.071307465,0.0,0.0,0.09065989,0.09966865,0.09966865,0.09966865,0.0,0.0,0.0,0.0,0.0,0.0,0.0,0.0,0.0,0.0,0.0,0.6287963,0.8379812,0.94200003,1.0714496,1.1071488,1.0636978,0.9272952,0.8519663,0.7853982,0.7853982,0.7853982,0.8329813,0.87605804,0.9151007,0.9652517,0.9652517,1.0191413,0.98279375,1.0040671,0.9600704,0.7853982,0.5880026,0.4636476,0.348771,0.24497867,0.21109334
230,1760879479.765198,RX1,Walking,91,0.0,4.472136,11.401754,9.848858,7.071068,6.4031243,3.1622777,8.0,6.7082043,4.1231055,10.0,3.0,2.236068,6.0827622,2.0,2.236068,1.4142135,4.1231055,5.0,2.0,6.3245554,7.615773,6.0827622,6.0827622,4.1231055,10.440307,5.656854,0.0,0.0,0.0,0.0,0.0,0.0,0.0,0.0,0.0,0.0,0.0,14.317821,16.492422,11.661903,11.18034,16.27882,10.198039,17.262676,12.999999,15.811388,14.142136,14.3178215,14.035668,15.0,13.928389,15.524176,14.0,13.0,11.401754,16.0,9.899495,10.0,12.041595,8.602325,10.440307,12.041595,10.29563,0.0,1.1071488,1.8370484,1.9890207,2.9996955,2.4668517,-0.32175055,1.5707964,1.1071488,2.896614,-2.2142975,1.5707964,-2.6779451,1.735945,0.0,-1.1071488,-2.3561945,2.896614,-2.2142975,3.1415925,-1.8925469,-2.7367008,-1.735945,-1.4056476,-1.815775,-1.8622531,-2.3561945,0.0,0.0,0.0,0.0,0.0,0.0,0.0,0.0,0.0,0.0,0.0,-2.709185,-2.896614,-2.6011732,-2.961739,-2.9562447,2.9441972,2.9669204,-2.7468016,2.819842,-2.9996955,-2.9304993,3.070285,3.1415925,-2.7744188,2.8809903,3.1415925,3.1415925,2.8753407,3.1415925,2.3561945,2.2142975,2.4149504,2.5213432,2.8501358,2.2974386,2.634494
231,1760879479.781547,RX1,Walking,70,0.0,12.041595,13.038405,13.928389,13.892444,16.643316,18.601074,19.209373,20.0,17.804493,15.0,15.811389,13.038404,11.661903,8.602325,4.2426405,2.236068,6.4031243,9.848858,11.18034,12.529964,17.691807,17.492855,20.124613,17.720043,16.0,13.601471,0.0,0.0,0.0,0.0,0.0,0.0,0.0,0.0,0.0,0.0,0.0,4.1231055,4.1231055,5.3851647,7.28011,7.28011,8.5440035,8.246211,9.486833,9.219544,10.198039,11.045361,11.0,12.041595,12.1655245,12.369316,13.928389,14.317821,15.652476,18.027756,18.867962,19.209373,19.209373,17.691807,16.970562,15.0,13.60147,0.0,1.487655,1.4940244,1.2036225,1.0427219,0.99945885,0.93804747,0.8960554,0.9272952,0.90482706,0.9272952,0.9652517,1.0040671,1.0303768,0.95054686,0.7853982,-0.4636476,-0.8960554,-1.152572,-1.1071488,-1.0714496,-0.7454195,-0.5404195,-0.4636476,-0.28605142,0.0,0.29849893,0.0,0.0,0.0,0.0,0.0,0.0,0.0,0.0,0.0,0.0,0.0,-2.896614,-2.896614,-2.7610862,-2.863293,-2.863293,-2.782822,-2.896614,-2.819842,-2.9229238,-2.9441972,-3.050933,3.1415925,3.0584514,2.976444,2.896614,2.7744188,2.709185,2.6779451,2.55359,2.5829933,2.4668517,2.4668517,2.3961732,2.3561945,2.2142975,2.1995926
232,1760879479.804557,RX1,Walking,69,0.0,14.56022,13.601471,15.264338,13.453625,16.27882,18.601074,20.248457,21.633308,20.0,20.615528,18.384775,16.970562,14.866069,11.401754,8.485281,5.656854,2.0,4.2426405,8.485281,11.313708,12.206555,14.317821,16.492422,16.03122,15.297058,14.317821,0.0,0.0,0.0,0.0,0.0,0.0,0.0,0.0,0.0,0.0,0.0,2.828427,5.0,6.4031243,7.8102493,8.602325,8.062258,10.29563,9.848858,10.29563,10.29563,10.816654,10.816654,10.630146,10.630146,10.816654,12.083046,12.999999,14.86607,17.720043,19.646885,20.615528,20.396078,20.396078,19.416489,17.262676,16.124516,0.0,-1.849096,-1.8692952,-2.1224513,-2.3036115,-2.3996453,-2.508844,-2.567288,-2.55359,-2.4980915,-2.4592762,-2.3561945,-2.3561945,-2.4037776,-2.2318394,-2.3561945,-2.3561945,3.1415925,2.3561945,2.3561945,2.3561945,2.5308666,2.709185,2.896614,3.0791738,-2.9441972,-2.709185,0.0,0.0,0.0,0.0,0.0,0.0,0.0,0.0,0.0,0.0,0.0,-0.7853982,-0.6435011,-0.67474097,-0.69473827,-0.6202495,-0.5191461,-0.5070985,-0.41822433,-0.5070985,-0.5070985,-0.5880026,-0.5880026,-0.71883,-0.8519663,-0.98279375,-1.1441689,-1.1760052,-1.2277724,-1.2847449,-1.3134726,-1.3258177,-1.3734008,-1.3734008,-1.3633001,-1.3961241,-1.4464413
233,1760879479.80741,RX1,Walking,70,0.0,10.29563,11.401754,10.440307,11.045361,14.035668,15.132746,17.46425,18.439089,18.439089,18.439089,17.117243,17.0,14.035668,11.045361,9.219544,6.0827622,2.0,3.1622777,5.3851647,9.848858,13.341663,13.038405,14.035668,14.86607,15.0,12.041595,0.0,0.0,0.0,0.0,0.0,0.0,0.0,0.0,0.0,0.0,0.0,3.6055512,4.2426405,6.4031243,7.8102493,8.485281,10.0,11.401754,12.206555,11.401754,11.401754,10.630146,9.899495,10.0,9.848858,9.486833,11.045361,12.041595,14.142136,17.46425,18.681541,19.924858,19.924858,21.189621,20.880613,18.973665,18.027756,0.0,2.634494,2.2318394,1.8622531,1.6614562,1.4994888,1.4382448,1.3397057,1.3521274,1.3521274,1.3521274,1.4536875,1.5707964,1.6421038,1.6614562,1.7894653,1.735945,1.5707964,-0.32175055,-0.38050637,-0.41822433,-0.22679885,-0.07677189,0.071307465,0.34302393,0.6435011,0.844154,0.0,0.0,0.0,0.0,0.0,0.0,0.0,0.0,0.0,0.0,0.0,-2.158799,-2.3561945,-2.4668517,-2.2655346,-2.3561945,-2.2142975,-2.2318394,-2.1815224,-2.2318394,-2.2318394,-2.2896264,-2.3561945,-2.4980915,-2.7233684,-2.819842,-3.050933,3.0584514,2.9996955,2.910502,2.8706458,2.8357139,2.8357139,2.8049178,2.8501358,2.819842,2.8023
234,1760879479.809952,RX1,Walking,46,0.0,12.806249,12.806249,12.7279215,11.401754,12.206555,12.529964,12.999999,12.999999,13.928389,13.928389,13.928389,14.86607,13.928389,13.601471,12.649111,12.649111,12.649111,12.649111,12.649111,12.649111,12.649111,12.999999,12.529964,13.038404,12.806249,12.7279215,0.0,0.0,0.0,0.0,0.0,0.0,0.0,0.0,0.0,0.0,0.0,10.0,10.0,11.661903,11.661903,12.083046,13.928389,14.56022,14.3178215,15.132746,14.035668,14.035668,14.0,13.0,12.041595,11.18034,11.401754,10.770329,11.18034,12.529964,13.038404,13.60147,14.422205,15.0,15.811389,14.422205,14.422205,0.0,0.8960554,0.8960554,0.7853982,0.66104317,0.61072594,0.49934673,0.39479113,0.39479113,0.36717382,0.36717382,0.36717382,0.34302393,0.36717382,0.29849893,0.32175055,0.32175055,0.32175055,0.32175055,0.32175055,0.32175055,0.32175055,0.39479113,0.49934673,0.5667292,0.67474097,0.7853982,0.0,0.0,0.0,0.0,0.0,0.0,0.0,0.0,0.0,0.0,0.0,0.9272952,0.9272952,1.0303768,1.0303768,1.1441689,1.2036225,1.2924967,1.359703,1.4382448,1.4994888,1.4994888,1.5707964,1.5707964,1.487655,1.3909428,1.3045443,1.19029,1.1071488,1.0714496,1.0040671,0.94200003,0.98279375,0.9272952,0.9652517,0.98279375,0.98279375
235,1760879479.958975,RX1,Walking,45,0.0,12.041595,13.038405,13.152946,14.142136,14.3178215,15.297058,15.297058,14.3178215,13.341663,12.369316,11.401754,10.770329,10.29563,10.816654,11.401754,11.313708,12.7279215,12.7279215,13.453625,14.21267,13.60147,13.892444,12.083046,11.704699,11.401754,10.198039,0.0,0.0,0.0,0.0,0.0,0.0,0.0,0.0,0.0,0.0,0.0,11.661903,12.806249,13.453625,14.422205,14.764824,13.928389,12.649111,12.649111,10.440307,9.848858,10.29563,10.0,10.630146,11.313708,12.806249,14.21267,14.21267,15.0,15.620499,14.866069,14.21267,12.806249,12.806249,11.661903,9.848858,10.440307,0.0,-0.08314123,-0.07677189,-0.15264933,-0.14189705,-0.21109334,-0.19739556,-0.19739556,-0.21109334,-0.22679885,-0.24497867,-0.26625204,-0.38050637,-0.5070985,-0.5880026,-0.66104317,-0.7853982,-0.7853982,-0.7853982,-0.7328151,-0.6857295,-0.6287963,-0.52807444,-0.4266275,-0.348771,-0.26625204,-0.19739556,0.0,0.0,0.0,0.0,0.0,0.0,0.0,0.0,0.0,0.0,0.0,0.5404195,0.67474097,0.8379812,0.98279375,1.076855,1.2036225,1.2490457,1.2490457,1.2793396,1.152572,1.0636978,0.9272952,0.8519663,0.7853982,0.67474097,0.6857295,0.6857295,0.6435011,0.69473827,0.7378151,0.6857295,0.67474097,0.67474097,0.5404195,0.41822433,0.2914568
236,1760879479.975223,RX1,Walking,46,0.0,12.041595,13.038405,13.152946,13.152946,13.341663,14.56022,14.56022,13.601471,13.601471,13.601471,12.999999,12.083046,12.529964,11.661903,12.206555,12.206555,13.038404,13.60147,13.038404,13.038404,13.416409,12.999999,12.649111,12.649111,12.1655245,11.045361,0.0,0.0,0.0,0.0,0.0,0.0,0.0,0.0,0.0,0.0,0.0,12.1655245,12.649111,12.999999,13.892444,13.60147,13.453625,14.142136,13.453625,12.806249,12.041595,11.313708,11.313708,10.630146,11.401754,11.661903,12.529964,13.416409,13.416409,14.317821,14.317821,14.317821,14.317821,12.999999,12.649111,12.649111,12.1655245,0.0,-0.08314123,-0.07677189,-0.15264933,-0.15264933,-0.22679885,-0.27829966,-0.27829966,-0.29849893,-0.29849893,-0.29849893,-0.39479113,-0.4266275,-0.49934673,-0.5404195,-0.61072594,-0.61072594,-0.5667292,-0.6287963,-0.5667292,-0.5667292,-0.4636476,-0.39479113,-0.32175055,-0.32175055,-0.16514868,-0.09065989,0.0,0.0,0.0,0.0,0.0,0.0,0.0,0.0,0.0,0.0,0.0,0.16514868,0.32175055,0.39479113,0.52807444,0.6287963,0.7328151,0.7853982,0.8379812,0.8960554,0.844154,0.7853982,0.7853982,0.71883,0.66104317,0.5404195,0.49934673,0.4636476,0.4636476,0.43240777,0.43240777,0.43240777,0.43240777,0.39479113,0.32175055,0.32175055,0.16514868
237,1760879480.000242,RX1,Walking,46,0.0,13.038405,14.035668,14.142136,14.142136,14.3178215,14.3178215,15.297058,14.56022,14.56022,13.601471,13.601471,12.649111,12.999999,12.529964,12.529964,13.038404,13.038404,13.038404,13.892444,13.892444,14.317821,13.928389,13.601471,13.341663,13.152946,12.041595,0.0,0.0,0.0,0.0,0.0,0.0,0.0,0.0,0.0,0.0,0.0,13.341663,13.601471,14.317821,14.764824,15.0,15.620499,14.866069,14.866069,13.453625,13.453625,12.7279215,12.041595,12.041595,12.206555,13.038404,13.416409,14.317821,15.652476,15.652476,15.652476,15.231546,15.231546,15.231546,13.928389,13.601471,13.341663,0.0,3.0648208,3.070285,2.9996955,2.9996955,2.9304993,2.9304993,2.9441972,2.863293,2.863293,2.8430936,2.8430936,2.819842,2.7468016,2.642246,2.642246,2.5748634,2.5748634,2.5748634,2.6135182,2.6135182,2.709185,2.7744188,2.8430936,2.9147937,2.9889433,3.0584514,0.0,0.0,0.0,0.0,0.0,0.0,0.0,0.0,0.0,0.0,0.0,-2.9147937,-2.8430936,-2.709185,-2.6476512,-2.4980915,-2.4468544,-2.4037776,-2.3086114,-2.3036115,-2.3036115,-2.3561945,-2.4149504,-2.4149504,-2.5308666,-2.5748634,-2.6779451,-2.709185,-2.6779451,-2.6779451,-2.6779451,-2.7367008,-2.7367008,-2.7367008,-2.7744188,-2.8430936,-2.9147937
238,1760879480.084148,RX1,Walking,69,0.0,21.540659,22.472204,21.540659,20.615528,18.384775,16.552946,12.529964,9.433981,5.0,1.4142135,3.0,6.0827622,8.246211,12.369316,13.601471,14.56022,15.297058,15.132746,14.035668,12.0,11.18034,7.28011,4.472136,2.0,2.236068,5.8309517,0.0,0.0,0.0,0.0,0.0,0.0,0.0,0.0,0.0,0.0,0.0,3.1622777,9.486833,17.0,13.892444,3.6055512,8.602325,7.28011,9.433981,12.7279215,12.041595,12.806249,12.806249,13.453625,12.7279215,12.7279215,11.401754,9.433981,8.5440035,7.071068,6.0827622,6.4031243,7.615773,10.049876,13.038405,15.297058,17.720043,0.0,-1.9513026,-1.9347752,-1.9513026,-1.9693187,-1.9614034,-2.0074234,-2.070143,-2.1293957,-2.2142975,-2.3561945,1.5707964,1.4056476,1.3258177,1.3258177,1.2722974,1.2924967,1.3734008,1.4382448,1.4994888,1.5707964,1.7506498,1.849096,2.0344439,3.1415925,-1.1071488,-1.0303768,0.0,0.0,0.0,0.0,0.0,0.0,0.0,0.0,0.0,0.0,0.0,1.2490457,1.2490457,0.48995733,2.0988708,-0.98279375,0.95054686,1.2924967,0.5585993,0.7853982,0.844154,0.8960554,0.8960554,0.8379812,0.7853982,0.7853982,0.66104317,0.5585993,0.35877067,0.14189705,-0.16514868,-0.8960554,-1.1659045,-1.4711276,-1.6475682,-1.7681919,-1.8568478
239,1760879480.1960409,RX1,Walking,46,0.0,14.86607,15.811388,14.317821,14.764824,14.422205,15.0,15.620499,14.866069,14.142136,14.866069,14.866069,14.866069,14.142136,14.142136,13.453625,12.7279215,12.041595,12.041595,12.041595,12.041595,12.041595,12.041595,12.806249,12.206555,11.661903,10.770329,0.0,0.0,0.0,0.0,0.0,0.0,0.0,0.0,0.0,0.0,0.0,11.704699,11.401754,12.369316,13.152946,14.142136,15.033297,16.0,16.124516,16.27882,15.524176,14.56022,14.56022,13.601471,13.341663,12.1655245,12.041595,12.0,13.038405,15.132746,16.27882,17.46425,17.46425,18.439089,18.248287,17.262676,17.117243,0.0,-1.9138203,-1.8925469,-2.003204,-2.0647378,-2.158799,-2.2142975,-2.2655346,-2.3086114,-2.3561945,-2.3086114,-2.3086114,-2.3086114,-2.3561945,-2.3561945,-2.4087775,-2.3561945,-2.4149504,-2.4149504,-2.4149504,-2.4149504,-2.4149504,-2.2974386,-2.2455373,-2.1815224,-2.1112158,-1.9513026,0.0,0.0,0.0,0.0,0.0,0.0,0.0,0.0,0.0,0.0,0.0,-1.9195673,-1.8370484,-1.815775,-1.7234457,-1.7126933,-1.6373645,-1.5707964,-1.4464413,-1.3854483,-1.3101939,-1.2924967,-1.2924967,-1.2722974,-1.3439975,-1.4056476,-1.487655,-1.5707964,-1.6475682,-1.7033478,-1.7561443,-1.801887,-1.801887,-1.7894653,-1.735945,-1.7454685,-1.6879051
240,1760879480.30838,RX1,Walking,72,0.0,21.954498,20.59126,22.472204,22.803509,22.803509,22.803509,20.808653,18.601074,13.892444,10.770329,7.28011,5.0990195,4.2426405,5.0,8.5440035,10.630146,10.630146,12.206555,14.317821,13.341663,13.0,11.401754,9.433981,7.8102493,7.071068,6.7082043,0.0,0.0,0.0,0.0,0.0,0.0,0.0,0.0,0.0,0.0,0.0,3.1622777,2.828427,4.0,4.1231055,4.472136,2.828427,4.472136,5.0,7.2111025,8.602325,10.816654,12.206555,13.892444,14.317821,15.231546,15.231546,14.86607,14.3178215,15.132746,14.035668,12.041595,9.486833,8.602325,9.219544,11.045361,13.601471,0.0,2.616797,2.634494,2.5782764,2.4805496,2.4805496,2.4805496,2.5269296,2.508844,2.6135182,2.7610862,2.863293,-2.9441972,-2.3561945,-1.5707964,-1.2120256,-0.8519663,-0.71883,-0.61072594,-0.43240777,-0.22679885,0.0,0.26625204,0.5585993,0.87605804,1.4288993,2.0344439,0.0,0.0,0.0,0.0,0.0,0.0,0.0,0.0,0.0,0.0,0.0,1.2490457,0.7853982,1.5707964,1.815775,0.4636476,0.7853982,-0.4636476,-0.9272952,-0.98279375,-0.95054686,-0.98279375,-0.9600704,-1.0427219,-1.1383885,-1.1659045,-1.1659045,-1.2277724,-1.359703,-1.4382448,-1.6421038,-1.6539376,-1.8925469,-2.5213432,-2.9229238,3.050933,2.8430936
241,1760879480.4331641,RX1,Walking,72,0.0,25.0,17.804493,15.811389,11.661903,8.062258,4.472136,2.0,5.3851647,7.615773,7.2111025,10.816654,12.806249,13.038404,13.416409,11.661903,11.401754,9.486833,8.0,4.2426405,1.0,3.1622777,13.416409,8.5440035,15.811388,16.124516,14.56022,0.0,0.0,0.0,0.0,0.0,0.0,0.0,0.0,0.0,0.0,0.0,5.3851647,7.615773,9.848858,12.529964,15.620499,16.27882,19.209373,19.416489,20.124613,18.384775,17.464249,16.552946,13.416409,12.206555,9.899495,8.5440035,9.0,10.770329,13.892444,17.691807,19.79899,21.260292,24.207438,25.612497,26.627052,25.553865,0.0,2.2142975,2.2367656,2.176341,2.1112158,2.0899425,2.0344439,0.0,-0.38050637,-0.4048918,-0.5880026,-0.5880026,-0.67474097,-0.5667292,-0.4636476,-0.5404195,-0.26625204,-0.32175055,0.0,0.7853982,3.1415925,1.2490457,2.6779451,-1.929567,2.819842,-3.0172377,-2.863293,0.0,0.0,0.0,0.0,0.0,0.0,0.0,0.0,0.0,0.0,0.0,-2.7610862,-2.7367008,-2.7233684,-2.642246,-2.4468544,-2.3127437,-2.2455373,-2.1730838,-2.0344439,-1.9614034,-1.9832067,-2.0074234,-2.0344439,-2.1815224,-2.3561945,-2.782822,3.1415925,2.7610862,2.6135182,2.3961732,2.3561945,2.2896264,2.2390857,2.2455373,2.1692152,2.1045046
242,1760879480.446926,RX1,Walking,46,0.0,15.524176,15.297058,14.86607,12.999999,13.416409,14.422205,15.0,14.866069,14.21267,14.142136,14.866069,14.866069,14.21267,13.453625,13.453625,13.453625,12.041595,11.313708,11.313708,11.313708,12.041595,11.401754,11.401754,11.661903,11.18034,11.704699,0.0,0.0,0.0,0.0,0.0,0.0,0.0,0.0,0.0,0.0,0.0,11.18034,11.18034,11.18034,13.038405,14.0,15.033297,15.132746,16.27882,15.524176,15.811388,15.231546,13.928389,13.928389,12.649111,12.369316,12.1655245,12.041595,13.0,15.033297,16.124516,17.262676,18.110771,18.248287,18.110771,17.117243,17.029385,0.0,2.8809903,2.9441972,2.7985687,2.7468016,2.6779451,2.55359,2.4980915,2.4037776,2.4558632,2.3561945,2.4037776,2.4037776,2.4558632,2.4087775,2.4087775,2.4087775,2.4149504,2.3561945,2.3561945,2.3561945,2.4149504,2.4805496,2.4805496,2.6011732,2.6779451,2.7928216,0.0,0.0,0.0,0.0,0.0,0.0,0.0,0.0,0.0,0.0,0.0,2.961739,2.961739,2.961739,3.0648208,3.1415925,-3.0750246,-3.009041,-2.9562447,-2.8809903,-2.819842,-2.7367008,-2.7744188,-2.7744188,-2.819842,-2.896614,-2.976444,-3.0584514,3.1415925,3.0750246,3.0172377,2.9669204,3.0309355,2.976444,3.0309355,3.024484,3.0828369
243,1760879480.508061,RX1,Walking,45,0.0,13.892444,13.60147,12.806249,12.041595,12.041595,12.206555,12.529964,12.529964,13.416409,13.928389,14.317821,14.317821,14.317821,14.317821,13.416409,13.416409,12.083046,12.083046,12.083046,10.770329,12.083046,11.18034,11.661903,11.661903,11.401754,11.313708,0.0,0.0,0.0,0.0,0.0,0.0,0.0,0.0,0.0,0.0,0.0,10.29563,10.29563,11.661903,13.416409,13.928389,15.524176,16.492422,17.117243,17.029385,16.0,16.03122,15.033297,14.035668,13.0,12.041595,12.1655245,12.369316,12.999999,13.416409,14.764824,15.264338,16.124516,16.124516,17.0,16.124516,16.124516,0.0,2.6135182,2.5127964,2.4668517,2.4149504,2.2974386,2.1815224,2.070143,2.070143,2.0344439,1.9379702,2.003204,2.003204,2.003204,2.003204,2.0344439,2.0344439,1.9974238,1.9974238,1.9974238,1.9513026,1.9974238,2.0344439,2.1112158,2.1112158,2.2318394,2.3561945,0.0,0.0,0.0,0.0,0.0,0.0,0.0,0.0,0.0,0.0,0.0,2.634494,2.634494,2.6011732,2.6779451,2.7744188,2.8809903,2.896614,3.024484,3.0828369,3.1415925,-3.0791738,-3.0750246,-3.070285,3.1415925,3.0584514,2.976444,2.896614,2.7468016,2.6779451,2.6476512,2.5899377,2.6224465,2.6224465,2.6516354,2.6224465,2.6224465
244,1760879480.53426,RX1,Walking,72,0.0,12.806249,14.422205,19.104973,18.384775,21.213203,19.104973,19.79899,16.970562,14.142136,10.630146,9.219544,6.4031243,4.2426405,2.236068,1.0,3.6055512,5.0,7.615773,8.5440035,10.198039,10.0,11.045361,10.198039,7.28011,7.2111025,5.0,0.0,0.0,0.0,0.0,0.0,0.0,0.0,0.0,0.0,0.0,0.0,11.18034,14.21267,12.041595,11.661903,10.198039,6.0827622,5.8309517,5.0,5.3851647,7.0,9.219544,11.401754,13.341663,16.27882,15.524176,18.439089,19.416489,18.439089,21.84033,19.646885,18.027756,15.231546,11.704699,8.602325,5.3851647,8.062258,0.0,-0.67474097,-0.5880026,-0.74837804,-0.7853982,-0.7853982,-0.74837804,-0.7853982,-0.7853982,-0.7853982,-0.8519663,-0.7086263,-0.67474097,-0.7853982,-0.4636476,1.5707964,2.55359,2.4980915,2.7367008,2.782822,2.9441972,3.1415925,3.050933,-2.9441972,-2.863293,-2.55359,-2.4980915,0.0,0.0,0.0,0.0,0.0,0.0,0.0,0.0,0.0,0.0,0.0,2.0344439,2.2565258,2.4149504,2.6011732,2.9441972,2.976444,2.6011732,2.4980915,1.9513026,1.5707964,1.3521274,1.3045443,1.3439975,1.3854483,1.3101939,1.3521274,1.3633001,1.3521274,1.2924967,1.3134726,1.2315037,1.1659045,1.2220253,0.95054686,0.38050637,-0.124354996
245,1760879480.689881,RX1,Walking,70,0.0,18.027758,16.03122,17.262676,18.110771,15.652476,20.22375,12.1655245,11.18034,12.369316,12.083046,4.472136,3.0,7.615773,5.3851647,6.0827622,6.0,6.3245554,7.2111025,10.630146,8.944272,7.0,5.0990195,3.0,2.236068,5.656854,7.071068,0.0,0.0,0.0,0.0,0.0,0.0,0.0,0.0,0.0,0.0,0.0,12.083046,5.3851647,8.5440035,11.401754,11.0,9.848858,13.416409,13.038404,9.848858,14.764824,17.0,15.652476,17.492855,17.804493,20.248457,16.552946,16.40122,16.40122,20.615528,17.492855,17.691807,15.620499,14.866069,14.56022,14.0,11.0,0.0,1.6262949,1.5083776,1.3961241,1.4601392,1.1071488,1.4219064,1.735945,1.3909428,1.815775,1.9974238,2.0344439,3.1415925,-2.7367008,-2.7610862,-1.4056476,-1.5707964,-1.2490457,-0.98279375,-0.8519663,-0.4636476,0.0,0.19739556,1.5707964,1.1071488,2.3561945,2.9996955,0.0,0.0,0.0,0.0,0.0,0.0,0.0,0.0,0.0,0.0,0.0,2.714965,2.7610862,1.929567,-2.8753407,3.1415925,2.7233684,2.6779451,2.5748634,2.7233684,2.6476512,2.6516354,2.6779451,2.6011732,2.4756234,2.567288,2.7049656,2.485897,2.485897,2.7430701,2.6011732,2.3162158,2.4468544,2.3086114,1.849096,1.5707964,1.5707964
246,1760879480.731176,RX1,Walking,45,0.0,15.0,14.764824,13.416409,12.999999,13.601471,13.341663,13.152946,14.142136,14.035668,14.035668,15.033297,15.033297,15.033297,14.035668,14.035668,13.152946,13.038405,13.038405,13.038405,12.041595,12.041595,13.152946,12.369316,12.649111,12.999999,12.529964,0.0,0.0,0.0,0.0,0.0,0.0,0.0,0.0,0.0,0.0,0.0,11.18034,11.661903,11.661903,13.038404,13.60147,14.21267,15.556349,15.620499,16.40122,16.643316,16.124516,15.264338,13.892444,13.892444,13.60147,12.806249,12.7279215,13.453625,13.60147,15.0,15.811389,16.643316,16.643316,17.492855,18.027756,18.027756,0.0,2.2142975,2.0647378,2.0344439,1.9655875,1.8692952,1.7975951,1.7234457,1.7126933,1.6421038,1.6421038,1.6373645,1.6373645,1.6373645,1.6421038,1.6421038,1.7234457,1.6475682,1.6475682,1.6475682,1.6539376,1.6539376,1.7234457,1.815775,1.8925469,1.9655875,2.070143,0.0,0.0,0.0,0.0,0.0,0.0,0.0,0.0,0.0,0.0,0.0,2.0344439,2.1112158,2.1112158,2.1375256,2.1995926,2.2565258,2.3561945,2.4468544,2.485897,2.5702553,2.6224465,2.5899377,2.6135182,2.6135182,2.5127964,2.4668517,2.3561945,2.3036115,2.1995926,2.2142975,2.176341,2.1421337,2.1421337,2.1112158,2.158799,2.158799
247,1760879480.760749,RX1,Walking,45,0.0,13.60147,13.038404,12.806249,11.313708,11.401754,11.661903,12.529964,13.416409,13.416409,14.317821,14.317821,14.317821,14.317821,13.416409,13.416409,12.083046,12.083046,12.083046,12.083046,11.704699,12.083046,12.083046,12.529964,12.206555,12.041595,12.041595,0.0,0.0,0.0,0.0,0.0,0.0,0.0,0.0,0.0,0.0,0.0,9.433981,10.29563,10.29563,11.18034,12.083046,13.928389,14.56022,14.3178215,15.132746,15.033297,14.0,14.0,13.0,12.0,12.041595,11.18034,11.401754,12.083046,12.529964,13.038404,14.422205,15.264338,15.264338,15.264338,15.264338,14.764824,0.0,0.94200003,1.0040671,0.8960554,0.7853982,0.66104317,0.5404195,0.49934673,0.4636476,0.4636476,0.43240777,0.43240777,0.43240777,0.43240777,0.4636476,0.4636476,0.4266275,0.4266275,0.4266275,0.4266275,0.348771,0.4266275,0.4266275,0.49934673,0.61072594,0.7266423,0.844154,0.0,0.0,0.0,0.0,0.0,0.0,0.0,0.0,0.0,0.0,0.0,1.012197,1.0636978,1.0636978,1.1071488,1.1441689,1.2036225,1.2924967,1.359703,1.4382448,1.5042281,1.5707964,1.5707964,1.5707964,1.5707964,1.487655,1.3909428,1.3045443,1.1441689,1.0714496,1.0040671,0.98279375,1.0191413,1.0191413,1.0191413,1.0191413,1.076855
248,1760879480.762292,RX1,Walking,45,0.0,13.60147,14.21267,13.038404,12.529964,12.083046,12.369316,13.341663,13.152946,14.035668,14.035668,15.132746,15.132746,14.142136,14.142136,14.035668,13.038405,13.038405,12.041595,12.041595,12.0,12.041595,12.041595,12.1655245,12.369316,12.649111,12.083046,0.0,0.0,0.0,0.0,0.0,0.0,0.0,0.0,0.0,0.0,0.0,10.630146,10.630146,12.041595,12.806249,13.60147,14.422205,14.764824,16.552946,16.155495,15.811388,15.297058,14.3178215,13.341663,12.649111,11.704699,12.083046,11.661903,12.806249,13.453625,14.142136,15.620499,16.27882,16.27882,16.27882,16.27882,15.556349,0.0,2.1995926,2.2565258,2.1375256,2.070143,1.9974238,1.815775,1.7975951,1.7234457,1.6421038,1.6421038,1.7033478,1.7033478,1.7126933,1.7126933,1.6421038,1.6475682,1.6475682,1.6539376,1.6539376,1.5707964,1.6539376,1.6539376,1.735945,1.815775,1.8925469,1.9974238,0.0,0.0,0.0,0.0,0.0,0.0,0.0,0.0,0.0,0.0,0.0,2.4227626,2.4227626,2.4149504,2.4668517,2.5127964,2.55359,2.6476512,2.7049656,2.7610862,2.819842,2.9441972,2.9304993,2.9147937,2.819842,2.7928216,2.714965,2.6011732,2.4668517,2.4087775,2.3561945,2.2655346,2.3127437,2.3127437,2.3127437,2.3127437,2.3561945
249,1760879480.7636669,RX1,Walking,45,0.0,14.764824,13.892444,12.999999,11.704699,12.369316,12.041595,13.0,13.0,14.035668,14.035668,15.0,14.035668,15.033297,14.035668,14.0,13.0,13.0,13.0,12.041595,12.041595,12.041595,12.0,12.0,12.041595,12.1655245,12.649111,0.0,0.0,0.0,0.0,0.0,0.0,0.0,0.0,0.0,0.0,0.0,10.29563,10.816654,12.206555,12.806249,13.453625,14.866069,15.620499,15.811389,16.124516,15.231546,15.231546,13.928389,12.999999,12.083046,11.661903,11.401754,12.041595,12.041595,13.60147,14.422205,15.264338,15.811389,15.264338,15.811389,15.811389,16.40122,0.0,2.0647378,2.0988708,1.9655875,1.9195673,1.815775,1.6539376,1.5707964,1.5707964,1.4994888,1.4994888,1.5707964,1.4994888,1.5042281,1.4994888,1.5707964,1.5707964,1.5707964,1.5707964,1.487655,1.487655,1.487655,1.5707964,1.5707964,1.6539376,1.735945,1.8925469,0.0,0.0,0.0,0.0,0.0,0.0,0.0,0.0,0.0,0.0,0.0,2.077895,2.158799,2.1815224,2.2455373,2.3036115,2.4037776,2.4468544,2.536048,2.6224465,2.7367008,2.7367008,2.7744188,2.7468016,2.714965,2.6011732,2.4805496,2.4149504,2.2974386,2.1995926,2.158799,2.1224513,2.176341,2.1224513,2.176341,2.176341,2.226492
250,1760879480.765931,RX1,Walking,67,0.0,10.440307,16.124516,17.46425,15.297058,14.3178215,15.524176,15.132746,15.033297,12.369316,9.055386,9.848858,8.5440035,5.8309517,7.28011,4.0,1.4142135,4.1231055,5.3851647,5.0,6.3245554,5.0990195,8.602325,6.4031243,8.062258,7.071068,7.615773,0.0,0.0,0.0,0.0,0.0,0.0,0.0,0.0,0.0,0.0,0.0,14.3178215,15.231546,12.999999,13.892444,17.720043,17.888544,17.088007,15.524176,17.720043,18.384775,18.788294,17.720043,16.763054,20.615528,16.552946,16.643316,17.492855,15.0,17.20465,17.029387,15.264338,15.264338,13.928389,12.999999,15.524176,13.928389,0.0,2.8501358,3.0172377,2.910502,2.9441972,2.9304993,2.8809903,3.009041,3.0750246,2.896614,3.0309355,-2.7233684,-2.782822,-2.1112158,-1.849096,-1.5707964,-0.7853982,-0.24497867,0.38050637,0.6435011,1.2490457,1.3734008,2.1910458,2.2455373,2.6224465,-2.9996955,-2.7367008,0.0,0.0,0.0,0.0,0.0,0.0,0.0,0.0,0.0,0.0,0.0,-1.7818897,-1.9756881,-1.9655875,-2.0988708,-1.8568478,-2.0344439,-1.929567,-1.8313987,-1.8568478,-1.9614034,-2.010639,-1.8568478,-1.8736812,-1.9693187,-2.0074234,-2.1421337,-2.1112158,-2.2142975,-2.1910458,-2.2730532,-2.5899377,-2.5899377,-2.7744188,-2.7468016,-2.8809903,-2.7744188
251,1760879480.8173802,RX1,Walking,46,0.0,14.866069,14.866069,14.21267,12.806249,12.529964,12.083046,12.649111,13.341663,14.3178215,14.142136,15.132746,15.132746,15.297058,15.297058,15.297058,14.3178215,14.3178215,13.341663,12.369316,12.369316,12.369316,12.369316,11.401754,12.649111,12.083046,12.529964,0.0,0.0,0.0,0.0,0.0,0.0,0.0,0.0,0.0,0.0,0.0,10.630146,10.630146,12.041595,12.806249,14.422205,15.264338,16.552946,16.763054,16.492422,16.27882,16.124516,15.132746,14.142136,13.152946,12.369316,11.704699,12.083046,13.038404,12.806249,14.866069,15.556349,16.27882,16.970562,16.970562,17.691807,17.029387,0.0,2.3086114,2.4037776,2.2565258,2.2455373,2.070143,1.9974238,1.8925469,1.7975951,1.7818897,1.7126933,1.7033478,1.7033478,1.7681919,1.7681919,1.7681919,1.7818897,1.7818897,1.7975951,1.815775,1.815775,1.815775,1.815775,1.8370484,1.8925469,1.9974238,2.070143,0.0,0.0,0.0,0.0,0.0,0.0,0.0,0.0,0.0,0.0,0.0,2.4227626,2.4227626,2.4149504,2.4668517,2.55359,2.5899377,2.7049656,2.8387077,2.896614,2.9562447,3.0172377,3.009041,2.9996955,2.9889433,2.896614,2.7928216,2.714965,2.5748634,2.4668517,2.4037776,2.3561945,2.3996453,2.3561945,2.3561945,2.3961732,2.4393358
252,1760879480.8243258,RX1,Walking,74,0.0,3.1622777,3.0,3.6055512,7.0,10.049876,12.041595,14.142136,16.03122,15.033297,16.492422,16.124516,15.811388,15.811388,15.264338,15.811389,15.0,12.529964,10.440307,11.045361,8.5440035,6.4031243,7.615773,6.3245554,7.8102493,8.5440035,10.0,0.0,0.0,0.0,0.0,0.0,0.0,0.0,0.0,0.0,0.0,0.0,17.0,17.0,14.86607,13.601471,12.529964,12.529964,12.206555,12.041595,13.038404,14.317821,14.56022,16.492422,16.03122,17.0,18.110771,18.439089,19.924858,18.384775,21.470911,21.954498,22.472204,21.633308,19.416489,15.620499,15.620499,12.041595,0.0,1.8925469,1.5707964,0.5880026,0.0,-0.09966865,-0.08314123,-0.14189705,-0.06241881,0.066568166,0.24497867,0.124354996,0.32175055,0.32175055,0.551655,0.6055447,0.9272952,1.0714496,1.2793396,1.6614562,1.929567,2.4668517,2.7367008,-2.819842,-2.4468544,-1.929567,-1.5707964,0.0,0.0,0.0,0.0,0.0,0.0,0.0,0.0,0.0,0.0,0.0,-2.0607536,-2.0607536,-1.9138203,-1.8692952,-2.070143,-2.070143,-2.1815224,-2.4149504,-2.5748634,-2.709185,-2.863293,-2.896614,-3.0791738,3.1415925,3.0309355,2.9229238,2.8357139,2.7509856,2.6571147,2.616797,2.5782764,2.55359,2.5393052,2.4468544,2.4468544,2.4149504
253,1760879480.916148,RX1,Walking,59,0.0,13.601471,17.088007,18.973665,18.384775,17.464249,16.552946,15.652476,13.416409,9.848858,7.615773,6.0827622,5.0990195,5.0,6.3245554,7.28011,9.486833,10.440307,11.704699,12.999999,12.529964,12.206555,11.313708,9.899495,7.2111025,7.2111025,4.472136,0.0,0.0,0.0,0.0,0.0,0.0,0.0,0.0,0.0,0.0,0.0,13.341663,14.035668,14.035668,13.152946,12.1655245,10.198039,9.219544,7.0,6.3245554,6.4031243,9.219544,10.29563,13.038404,14.764824,15.652476,16.124516,16.643316,15.811389,16.643316,15.264338,12.206555,9.433981,6.3245554,7.071068,6.4031243,9.433981,0.0,0.29849893,0.35877067,0.32175055,0.39060703,0.41241044,0.43662718,0.4636476,0.4636476,0.41822433,0.4048918,0.16514868,-0.19739556,-0.6435011,-1.2490457,-1.2924967,-1.2490457,-1.2793396,-1.2220253,-1.1760052,-1.0714496,-0.9600704,-0.7853982,-0.7853982,-0.5880026,-0.5880026,-0.4636476,0.0,0.0,0.0,0.0,0.0,0.0,0.0,0.0,0.0,0.0,0.0,2.9147937,3.070285,-3.070285,-2.9889433,-2.976444,-2.9441972,-2.9229238,3.1415925,2.819842,2.4668517,2.2794225,2.077895,2.1375256,2.0647378,2.0344439,2.0899425,2.1421337,2.176341,2.1421337,2.1224513,2.1815224,2.1293957,1.8925469,1.4288993,0.67474097,0.5585993
254,1760879480.935924,RX1,Walking,72,0.0,3.1622777,5.3851647,6.4031243,8.062258,9.848858,11.18034,11.18034,12.806249,9.899495,8.5440035,7.071068,7.0,5.3851647,5.8309517,7.071068,10.198039,9.848858,11.401754,11.401754,12.529964,11.401754,10.198039,9.0,5.3851647,4.472136,2.236068,0.0,0.0,0.0,0.0,0.0,0.0,0.0,0.0,0.0,0.0,0.0,23.769728,24.351591,21.540659,19.697716,19.313208,17.464249,18.681541,18.110771,19.104973,19.0,21.023798,21.095024,21.213203,22.203604,21.587034,20.248457,21.189621,20.615528,23.259407,21.470911,20.59126,18.867962,15.811389,15.264338,12.206555,10.0,0.0,1.2490457,1.19029,0.67474097,0.5191461,0.41822433,0.4636476,0.4636476,0.67474097,0.7853982,1.2120256,1.4288993,1.5707964,1.9513026,2.6011732,2.9996955,-2.9441972,-2.7233684,-2.4805496,-2.2318394,-2.070143,-1.8370484,-1.7681919,-1.5707964,-1.19029,-1.1071488,-1.1071488,0.0,0.0,0.0,0.0,0.0,0.0,0.0,0.0,0.0,0.0,0.0,-2.8864102,-2.806856,-2.7610862,-2.7233684,-2.7707014,-2.7291822,-2.8706458,-3.0309355,-3.0367157,3.1415925,3.0940096,3.0466409,2.9996955,3.006065,2.9078496,2.7886024,2.8049178,2.7430701,2.6971734,2.6571147,2.634494,2.5829933,2.536048,2.5899377,2.5308666,2.4980915
255,1760879480.995302,RX1,Walking,71,0.0,12.041595,11.045361,11.045361,11.045361,11.18034,10.049876,9.486833,7.615773,7.2111025,5.0,4.1231055,4.0,4.472136,4.472136,6.0827622,6.0,5.3851647,8.602325,8.485281,6.0827622,8.0,6.7082043,6.0827622,7.8102493,7.28011,8.5440035,0.0,0.0,0.0,0.0,0.0,0.0,0.0,0.0,0.0,0.0,0.0,14.21267,15.556349,16.970562,19.104973,19.849434,21.213203,21.931713,22.022717,21.260292,19.849434,19.849434,18.439089,16.970562,15.620499,13.892444,13.416409,11.401754,10.198039,11.0,11.18034,10.440307,8.944272,9.219544,8.602325,9.486833,9.219544,0.0,0.08314123,0.09065989,0.09065989,0.09065989,0.1798535,0.09966865,0.32175055,0.4048918,0.5880026,0.6435011,1.3258177,1.5707964,2.0344439,2.6779451,2.976444,3.1415925,-2.7610862,-2.5213432,-2.3561945,-1.735945,-1.5707964,-1.1071488,-1.4056476,-0.69473827,-0.27829966,0.35877067,0.0,0.0,0.0,0.0,0.0,0.0,0.0,0.0,0.0,0.0,0.0,2.4558632,2.3561945,2.3561945,2.3932147,2.427502,2.3561945,2.3884413,2.4526682,2.4227626,2.427502,2.427502,2.4329665,2.3561945,2.2655346,2.0988708,2.0344439,1.8370484,1.7681919,1.5707964,1.3909428,1.2793396,1.1071488,0.86217004,0.6202495,0.32175055,0.21866895
256,1760879481.02558,RX1,Walking,45,0.0,11.401754,14.317821,14.764824,15.652476,16.643316,16.643316,17.492855,17.492855,15.811389,14.422205,13.60147,13.60147,12.806249,12.041595,12.041595,12.206555,11.661903,12.206555,12.206555,12.806249,13.453625,12.7279215,12.806249,12.206555,11.661903,10.770329,0.0,0.0,0.0,0.0,0.0,0.0,0.0,0.0,0.0,0.0,0.0,11.0,12.369316,13.601471,13.341663,14.317821,14.422205,12.041595,12.806249,12.041595,9.899495,9.848858,8.944272,9.848858,11.704699,13.928389,12.369316,13.152946,16.03122,16.492422,15.811388,16.27882,17.46425,17.262676,14.142136,14.142136,15.033297,0.0,-1.8370484,-2.003204,-2.0647378,-2.0344439,-2.1421337,-2.1421337,-2.1112158,-2.1112158,-2.176341,-2.158799,-2.1995926,-2.1995926,-2.2455373,-2.2974386,-2.4149504,-2.5308666,-2.6011732,-2.5308666,-2.5308666,-2.4668517,-2.4087775,-2.3561945,-2.2455373,-2.1815224,-2.1112158,-1.9513026,0.0,0.0,0.0,0.0,0.0,0.0,0.0,0.0,0.0,0.0,0.0,-1.5707964,-1.3258177,-1.2722974,-1.3439975,-1.1383885,-0.98279375,-0.7266423,-0.8960554,-0.844154,-0.7853982,-1.152572,-1.1071488,-1.152572,-1.2220253,-1.2036225,-1.3258177,-1.418147,-1.5083776,-1.3258177,-1.2490457,-1.3854483,-1.3397057,-1.3961241,-1.4288993,-1.4288993,-1.5042281
257,1760879481.051441,RX1,Walking,45,0.0,18.867962,17.804493,17.029387,15.0,13.60147,13.892444,12.083046,12.369316,11.18034,12.041595,13.038405,14.035668,15.033297,15.033297,15.132746,15.297058,13.341663,12.649111,11.704699,11.704699,10.770329,9.848858,9.848858,9.848858,10.29563,10.0,0.0,0.0,0.0,0.0,0.0,0.0,0.0,0.0,0.0,0.0,0.0,10.630146,10.630146,10.0,10.0,10.0,10.630146,11.313708,12.806249,13.60147,14.422205,15.264338,15.652476,15.231546,14.86607,13.928389,12.999999,12.083046,11.18034,12.206555,12.041595,12.806249,13.60147,15.264338,16.643316,17.492855,17.492855,0.0,0.5585993,0.66596925,0.7022569,0.6435011,0.6287963,0.52807444,0.4266275,0.24497867,0.1798535,0.08314123,0.07677189,0.071307465,0.066568166,0.066568166,0.13255154,0.19739556,0.22679885,0.32175055,0.348771,0.348771,0.38050637,0.41822433,0.41822433,0.41822433,0.5070985,0.6435011,0.0,0.0,0.0,0.0,0.0,0.0,0.0,0.0,0.0,0.0,0.0,0.71883,0.8519663,0.9272952,0.9272952,0.9272952,0.8519663,0.7853982,0.8960554,0.94200003,0.98279375,1.0191413,1.1071488,1.1659045,1.2277724,1.2036225,1.1760052,1.1441689,1.1071488,0.9600704,0.844154,0.67474097,0.6287963,0.551655,0.57133746,0.5404195,0.5404195
258,1760879481.055139,RX1,Walking,44,0.0,17.088007,16.492422,16.492422,14.56022,13.601471,12.083046,11.18034,11.401754,11.313708,12.041595,12.806249,13.60147,15.0,15.620499,14.866069,15.556349,14.866069,14.21267,13.60147,12.206555,12.206555,10.816654,10.816654,10.816654,11.661903,11.18034,0.0,0.0,0.0,0.0,0.0,0.0,0.0,0.0,0.0,0.0,0.0,12.0,11.045361,11.045361,10.049876,11.045361,11.045361,12.041595,13.038405,15.132746,15.132746,16.492422,15.524176,15.811388,14.86607,13.928389,12.999999,12.649111,11.401754,11.045361,11.0,12.1655245,13.341663,13.601471,14.86607,15.811388,16.763054,0.0,1.2120256,1.3258177,1.3258177,1.2924967,1.2722974,1.1441689,1.1071488,0.90975314,0.7853982,0.7266423,0.67474097,0.6287963,0.6435011,0.69473827,0.7378151,0.7853982,0.8329813,0.8850668,0.94200003,0.9600704,0.9600704,0.98279375,0.98279375,0.98279375,1.0303768,1.1071488,0.0,0.0,0.0,0.0,0.0,0.0,0.0,0.0,0.0,0.0,0.0,1.5707964,1.6614562,1.6614562,1.670465,1.6614562,1.6614562,1.6539376,1.6475682,1.7033478,1.7033478,1.815775,1.8313987,1.8925469,1.9138203,1.9379702,1.9655875,1.8925469,1.8370484,1.6614562,1.5707964,1.4056476,1.3439975,1.2722974,1.2277724,1.2490457,1.2679114
259,1760879481.0909069,RX1,Walking,58,0.0,15.811389,19.104973,21.260292,20.518286,19.104973,18.384775,17.691807,14.866069,12.041595,7.071068,5.8309517,4.0,4.472136,7.071068,8.062258,9.848858,11.661903,11.661903,12.206555,12.7279215,12.806249,10.0,10.29563,8.944272,6.0827622,4.1231055,0.0,0.0,0.0,0.0,0.0,0.0,0.0,0.0,0.0,0.0,0.0,13.416409,13.60147,13.453625,13.453625,10.630146,9.219544,7.071068,5.3851647,6.0,6.3245554,7.615773,11.661903,14.422205,16.643316,16.643316,18.027756,17.492855,18.027756,17.492855,15.264338,12.806249,8.485281,7.2111025,6.0827622,7.615773,9.899495,0.0,-2.536048,-2.3932147,-2.4227626,-2.3906636,-2.3932147,-2.3561945,-2.3162158,-2.4037776,-2.2974386,-2.3561945,-2.6011732,3.1415925,2.6779451,2.3561945,2.0899425,1.9890207,2.1112158,2.1112158,2.1815224,2.3561945,2.4668517,2.4980915,2.634494,2.6779451,2.976444,2.896614,0.0,0.0,0.0,0.0,0.0,0.0,0.0,0.0,0.0,0.0,0.0,0.4636476,0.6287963,0.7328151,0.8379812,0.8519663,0.86217004,0.7853982,0.38050637,0.0,-0.32175055,-0.4048918,-0.5404195,-0.5880026,-0.57133746,-0.57133746,-0.5880026,-0.5404195,-0.5880026,-0.5404195,-0.551655,-0.67474097,-0.7853982,-0.98279375,-1.735945,-1.9756881,-2.3561945
260,1760879481.095209,RX1,Walking,59,0.0,14.422205,18.601074,20.0,19.849434,19.104973,18.384775,16.970562,14.142136,11.313708,8.485281,7.2111025,5.0990195,5.0990195,6.4031243,7.8102493,9.219544,10.630146,11.313708,11.401754,12.206555,11.18034,10.440307,9.219544,7.071068,6.0,4.0,0.0,0.0,0.0,0.0,0.0,0.0,0.0,0.0,0.0,0.0,0.0,13.038405,13.038405,13.341663,12.369316,10.770329,8.5440035,7.28011,6.0,6.7082043,7.8102493,9.899495,12.041595,14.21267,15.0,17.029387,17.029387,17.029387,16.27882,16.970562,14.866069,12.041595,10.29563,7.28011,7.071068,8.062258,10.630146,0.0,-2.55359,-2.508844,-2.4980915,-2.427502,-2.3932147,-2.3561945,-2.3561945,-2.3561945,-2.3561945,-2.3561945,-2.55359,-2.9441972,2.9441972,2.4668517,2.2655346,2.2794225,2.2896264,2.3561945,2.4805496,2.5308666,2.6779451,2.8501358,2.9229238,2.9996955,3.1415925,3.1415925,0.0,0.0,0.0,0.0,0.0,0.0,0.0,0.0,0.0,0.0,0.0,-0.07677189,0.07677189,0.22679885,0.24497867,0.38050637,0.35877067,0.27829966,0.0,-0.4636476,-0.69473827,-0.7853982,-0.844154,-0.8850668,-0.9272952,-0.8685394,-0.8685394,-0.8685394,-0.8288491,-0.7853982,-0.8329813,-0.844154,-1.0636978,-1.2924967,-1.7126933,-2.0899425,-2.2896264
261,1760879481.1365151,RX1,Walking,59,0.0,17.20465,18.35756,20.59126,20.59126,20.124613,18.788294,17.464249,15.231546,12.083046,9.433981,7.2111025,5.0,5.0990195,6.3245554,7.615773,10.29563,11.661903,12.529964,12.999999,13.341663,13.152946,12.041595,11.18034,9.219544,7.28011,5.8309517,0.0,0.0,0.0,0.0,0.0,0.0,0.0,0.0,0.0,0.0,0.0,14.317821,14.422205,14.21267,12.7279215,10.630146,9.219544,8.062258,6.3245554,7.071068,9.486833,11.704699,13.928389,15.231546,17.464249,17.464249,18.384775,18.027756,17.088007,17.720043,14.86607,12.083046,9.433981,7.071068,6.3245554,8.246211,11.18034,0.0,-0.6202495,-0.5123895,-0.5070985,-0.5070985,-0.4636476,-0.43984258,-0.41241044,-0.4048918,-0.4266275,-0.5585993,-0.5880026,-0.9272952,-1.3734008,-1.8925469,-1.9756881,-2.077895,-2.1112158,-2.070143,-1.9655875,-1.7975951,-1.7234457,-1.6539376,-1.3909428,-1.3521274,-1.2924967,-1.0303768,0.0,0.0,0.0,0.0,0.0,0.0,0.0,0.0,0.0,0.0,0.0,2.003204,2.158799,2.2565258,2.3561945,2.4227626,2.2794225,2.0899425,1.8925469,1.4288993,1.2490457,1.2220253,1.2036225,1.1659045,1.1583859,1.1583859,1.1801893,1.2315037,1.2120256,1.2847449,1.2277724,1.1441689,1.012197,0.7853982,0.32175055,-0.24497867,-0.4636476
262,1760879481.158852,RX1,Walking,73,0.0,16.124516,16.40122,17.804493,18.439089,17.691807,15.620499,13.892444,12.083046,9.848858,5.0990195,4.0,3.6055512,3.1622777,5.0,7.615773,10.440307,11.0,11.045361,13.038405,13.341663,12.083046,11.18034,9.219544,7.8102493,6.7082043,5.0990195,0.0,0.0,0.0,0.0,0.0,0.0,0.0,0.0,0.0,0.0,0.0,21.023798,18.788294,18.027756,17.46425,15.297058,15.033297,15.033297,15.297058,18.027756,18.788294,19.697716,19.235384,20.124613,18.35756,16.643316,16.40122,15.0,13.60147,12.041595,9.219544,7.2111025,5.3851647,5.3851647,7.2111025,9.848858,9.848858,0.0,2.0899425,2.226492,2.2367656,2.4329665,2.3961732,2.4468544,2.6135182,2.714965,2.7233684,2.9441972,3.1415925,-2.158799,-1.2490457,-0.6435011,-0.4048918,-0.2914568,0.0,-0.09065989,0.07677189,0.22679885,0.4266275,0.4636476,0.7086263,0.87605804,1.1071488,1.7681919,0.0,0.0,0.0,0.0,0.0,0.0,0.0,0.0,0.0,0.0,0.0,-1.1284221,-1.1309538,-1.2315037,-1.3397057,-1.3734008,-1.5042281,-1.6373645,-1.7681919,-1.9100889,-2.010639,-1.9890207,-2.0576956,-2.0344439,-2.0831857,-2.1421337,-2.226492,-2.2142975,-2.1995926,-2.2974386,-2.2794225,-2.55359,-2.7610862,2.7610862,2.158799,1.9890207,1.9890207
263,1760879481.172947,RX1,Walking,59,0.0,17.492855,19.416489,20.248457,21.633308,20.248457,20.0,17.804493,14.422205,10.816654,8.944272,5.3851647,3.1622777,4.472136,5.0,8.0,11.045361,12.041595,13.0,13.038405,13.152946,13.341663,11.704699,9.848858,8.944272,7.2111025,4.2426405,0.0,0.0,0.0,0.0,0.0,0.0,0.0,0.0,0.0,0.0,0.0,15.132746,15.0,15.033297,14.142136,12.1655245,10.198039,8.062258,5.0990195,4.2426405,6.0827622,9.0,12.041595,14.142136,16.124516,17.117243,18.110771,18.110771,17.117243,18.110771,15.132746,12.1655245,9.219544,5.0,3.0,5.656854,9.433981,0.0,-1.0303768,-0.96850896,-0.9964915,-0.98279375,-0.9964915,-0.9272952,-0.90482706,-0.98279375,-0.98279375,-1.1071488,-1.19029,-1.8925469,-2.6779451,3.1415925,3.1415925,3.050933,3.0584514,3.1415925,-3.0648208,-2.9889433,-2.9147937,-2.7928216,-2.7233684,-2.6779451,-2.55359,-2.3561945,0.0,0.0,0.0,0.0,0.0,0.0,0.0,0.0,0.0,0.0,0.0,3.009041,3.1415925,-3.0750246,-2.9996955,-2.976444,-2.9441972,-3.0172377,2.9441972,2.3561945,1.735945,1.5707964,1.487655,1.4288993,1.4464413,1.4536875,1.4601392,1.4601392,1.4536875,1.4601392,1.4382448,1.4056476,1.3521274,0.9272952,0.0,-0.7853982,-1.012197
264,1760879481.199533,RX1,Walking,59,0.0,18.384775,19.924858,21.189621,22.135942,20.880613,20.880613,18.681541,16.492422,12.649111,9.486833,6.7082043,4.2426405,3.0,5.0,7.071068,9.219544,10.630146,11.313708,12.041595,12.206555,12.529964,10.770329,10.198039,8.062258,7.0,4.1231055,0.0,0.0,0.0,0.0,0.0,0.0,0.0,0.0,0.0,0.0,0.0,15.132746,14.0,14.035668,12.1655245,11.18034,8.062258,6.0,4.472136,5.8309517,8.246211,11.18034,13.152946,16.124516,18.110771,19.235384,19.235384,19.235384,19.235384,19.235384,17.117243,14.035668,11.0,7.28011,5.8309517,7.0,10.198039,0.0,2.7509856,2.8357139,2.8049178,2.819842,2.8501358,2.8501358,2.8706458,2.896614,2.819842,2.819842,2.6779451,2.3561945,1.5707964,0.9272952,0.7853982,0.7086263,0.71883,0.7853982,0.844154,0.9600704,1.0714496,1.19029,1.3734008,1.4464413,1.5707964,1.815775,0.0,0.0,0.0,0.0,0.0,0.0,0.0,0.0,0.0,0.0,0.0,-0.13255154,0.0,0.071307465,0.16514868,0.1798535,0.124354996,0.0,-0.4636476,-1.0303768,-1.3258177,-1.3909428,-1.418147,-1.4464413,-1.4601392,-1.4141945,-1.4141945,-1.4141945,-1.4141945,-1.4141945,-1.4536875,-1.4994888,-1.5707964,-1.849096,-2.6011732,3.1415925,2.9441972
265,1760879481.23031,RX1,Walking,46,0.0,11.661903,11.661903,11.704699,12.369316,13.341663,13.152946,14.142136,14.035668,14.035668,14.035668,14.035668,14.035668,13.0,13.0,12.041595,12.041595,11.18034,12.1655245,12.1655245,13.152946,13.152946,13.038405,13.0,13.038405,12.1655245,12.649111,0.0,0.0,0.0,0.0,0.0,0.0,0.0,0.0,0.0,0.0,0.0,10.630146,12.041595,12.806249,13.892444,14.317821,14.86607,15.297058,14.142136,14.035668,13.038405,12.041595,11.18034,11.401754,11.704699,11.18034,11.661903,12.206555,13.60147,14.21267,14.21267,15.0,15.0,14.866069,14.21267,13.453625,12.7279215,0.0,0.5404195,0.5404195,0.348771,0.24497867,0.22679885,0.15264933,0.14189705,0.071307465,0.071307465,0.071307465,0.071307465,0.071307465,0.0,0.0,-0.08314123,-0.08314123,-0.1798535,-0.16514868,-0.16514868,-0.15264933,-0.15264933,-0.07677189,0.0,0.07677189,0.16514868,0.32175055,0.0,0.0,0.0,0.0,0.0,0.0,0.0,0.0,0.0,0.0,0.0,0.71883,0.844154,0.8960554,1.0427219,1.1383885,1.2277724,1.3734008,1.4288993,1.4994888,1.4940244,1.487655,1.3909428,1.3045443,1.2220253,1.1071488,1.0303768,0.9600704,0.94200003,0.8850668,0.8850668,0.9272952,0.9272952,0.8329813,0.8850668,0.8379812,0.7853982
266,1760879481.233639,RX1,Walking,46,0.0,13.0,13.0,13.152946,12.369316,13.601471,13.928389,13.928389,15.231546,15.231546,15.231546,14.317821,14.317821,13.416409,12.529964,12.529964,12.206555,12.206555,12.206555,12.806249,12.806249,13.60147,13.038404,13.416409,12.999999,13.601471,12.1655245,0.0,0.0,0.0,0.0,0.0,0.0,0.0,0.0,0.0,0.0,0.0,12.369316,12.649111,13.928389,15.652476,15.811389,16.40122,16.27882,15.556349,14.866069,14.21267,12.806249,12.7279215,12.041595,11.401754,11.661903,13.416409,12.999999,13.928389,14.86607,14.86607,15.811388,15.811388,15.811388,15.524176,13.601471,13.601471,0.0,3.1415925,3.1415925,2.9889433,2.896614,2.8430936,2.7744188,2.7744188,2.7367008,2.7367008,2.7367008,2.709185,2.709185,2.6779451,2.642246,2.642246,2.5308666,2.5308666,2.5308666,2.4668517,2.4668517,2.5127964,2.5748634,2.6779451,2.7468016,2.8430936,2.976444,0.0,0.0,0.0,0.0,0.0,0.0,0.0,0.0,0.0,0.0,0.0,-2.896614,-2.819842,-2.7744188,-2.6779451,-2.536048,-2.485897,-2.3996453,-2.3561945,-2.3086114,-2.2565258,-2.2455373,-2.3561945,-2.4149504,-2.4805496,-2.6011732,-2.6779451,-2.7468016,-2.7744188,-2.7985687,-2.7985687,-2.819842,-2.819842,-2.819842,-2.8809903,-2.8430936,-2.8430936
267,1760879481.235869,RX1,Walking,59,0.0,16.155495,18.973665,20.880613,20.880613,20.880613,19.646885,18.681541,16.492422,12.649111,10.440307,7.615773,5.0,3.1622777,4.1231055,5.8309517,8.485281,9.219544,10.630146,12.206555,13.038404,13.416409,12.649111,11.401754,10.049876,9.055386,7.28011,0.0,0.0,0.0,0.0,0.0,0.0,0.0,0.0,0.0,0.0,0.0,13.038405,13.341663,12.649111,10.770329,8.944272,7.615773,5.0990195,4.1231055,5.0,6.7082043,9.486833,12.369316,14.56022,15.524176,16.492422,17.720043,16.763054,16.763054,16.763054,14.56022,11.18034,8.0,6.0827622,5.0,7.0,10.049876,0.0,-1.9513026,-1.8925469,-1.8622531,-1.8622531,-1.8622531,-1.82812,-1.8417432,-1.815775,-1.8925469,-1.8622531,-1.9756881,-2.2142975,-2.819842,2.896614,2.6011732,2.3561945,2.4329665,2.4227626,2.5308666,2.5748634,2.6779451,2.819842,2.8753407,3.041924,-3.0309355,-2.863293,0.0,0.0,0.0,0.0,0.0,0.0,0.0,0.0,0.0,0.0,0.0,1.6475682,1.7975951,1.8925469,1.9513026,2.0344439,1.9756881,1.7681919,1.3258177,0.6435011,0.4636476,0.32175055,0.24497867,0.27829966,0.26060238,0.24497867,0.28605142,0.30288488,0.30288488,0.30288488,0.27829966,0.1798535,0.0,-0.16514868,-0.9272952,-1.5707964,-1.670465
268,1760879481.24668,RX1,Walking,58,0.0,16.27882,19.416489,21.37756,20.615528,21.84033,19.646885,18.681541,16.492422,12.649111,10.440307,8.246211,5.0,3.1622777,3.1622777,4.1231055,7.615773,8.5440035,10.770329,11.401754,12.1655245,13.038405,12.041595,11.18034,10.440307,8.944272,7.8102493,0.0,0.0,0.0,0.0,0.0,0.0,0.0,0.0,0.0,0.0,0.0,12.806249,12.041595,10.630146,10.0,7.8102493,5.656854,4.1231055,4.472136,6.4031243,9.219544,12.041595,14.142136,15.556349,16.970562,17.691807,17.691807,17.691807,16.27882,16.27882,14.142136,10.630146,8.062258,5.0990195,5.8309517,8.062258,10.770329,0.0,-2.9562447,-2.9340963,-2.953371,-2.896614,-2.863293,-2.884269,-2.8706458,-2.896614,-2.819842,-2.8501358,-2.896614,3.1415925,2.819842,1.8925469,1.3258177,1.1659045,1.2120256,1.19029,1.3045443,1.4056476,1.4940244,1.6539376,1.7506498,1.8622531,2.0344439,2.2655346,0.0,0.0,0.0,0.0,0.0,0.0,0.0,0.0,0.0,0.0,0.0,0.67474097,0.7266423,0.8519663,0.9272952,0.87605804,0.7853982,0.24497867,-0.4636476,-0.67474097,-0.7086263,-0.844154,-0.7853982,-0.7853982,-0.7853982,-0.7454195,-0.7454195,-0.7454195,-0.7419473,-0.7419473,-0.7853982,-0.8519663,-1.0516502,-1.3734008,-2.1112158,-2.6224465,-2.7610862
269,1760879481.433643,RX1,Walking,69,0.0,15.620499,16.40122,15.811389,15.0,15.0,15.0,14.21267,14.21267,14.866069,15.0,13.453625,14.866069,14.866069,14.142136,14.142136,14.142136,13.453625,14.21267,12.806249,14.422205,13.60147,12.206555,13.038404,11.661903,11.18034,12.083046,0.0,0.0,0.0,0.0,0.0,0.0,0.0,0.0,0.0,0.0,0.0,8.062258,8.944272,9.433981,9.433981,10.29563,9.433981,10.770329,12.083046,10.770329,12.083046,12.083046,11.18034,11.704699,12.083046,12.083046,12.083046,12.529964,13.038404,13.892444,13.892444,13.038404,14.422205,15.811389,15.0,15.264338,17.20465,0.0,2.4468544,2.485897,2.536048,2.4980915,2.4980915,2.4980915,2.4558632,2.4558632,2.4037776,2.4980915,2.4087775,2.4037776,2.4037776,2.3561945,2.3561945,2.3561945,2.4087775,2.4558632,2.4668517,2.55359,2.5127964,2.5308666,2.5748634,2.6011732,2.6779451,2.714965,0.0,0.0,0.0,0.0,0.0,0.0,0.0,0.0,0.0,0.0,0.0,2.6224465,2.6779451,2.5829933,2.5829933,2.634494,2.5829933,2.7610862,2.714965,2.7610862,2.714965,2.714965,2.6779451,2.7928216,2.714965,2.714965,2.714965,2.642246,2.5748634,2.6135182,2.6135182,2.5748634,2.55359,2.536048,2.4980915,2.5899377,2.5213432
270,1760879481.4549131,RX1,Walking,45,0.0,18.384775,16.552946,16.552946,14.764824,13.416409,11.704699,10.440307,10.049876,10.049876,11.18034,12.369316,13.601471,14.56022,15.524176,15.297058,16.124516,15.033297,15.0,14.035668,13.038405,12.041595,11.045361,10.049876,10.049876,10.049876,11.18034,0.0,0.0,0.0,0.0,0.0,0.0,0.0,0.0,0.0,0.0,0.0,12.806249,12.041595,11.401754,10.630146,9.899495,11.313708,12.041595,13.453625,14.142136,16.27882,17.029387,17.20465,16.643316,16.124516,15.652476,14.764824,13.892444,11.661903,11.401754,10.630146,10.816654,12.083046,13.601471,14.56022,16.763054,16.763054,0.0,1.9614034,2.0074234,2.0074234,2.0647378,2.0344439,1.9195673,1.8622531,1.670465,1.4711276,1.3909428,1.3258177,1.2722974,1.2924967,1.3101939,1.3734008,1.4464413,1.5042281,1.5707964,1.6421038,1.6475682,1.6539376,1.6614562,1.670465,1.670465,1.670465,1.7506498,0.0,0.0,0.0,0.0,0.0,0.0,0.0,0.0,0.0,0.0,0.0,2.2455373,2.4149504,2.4805496,2.4227626,2.3561945,2.3561945,2.2974386,2.3036115,2.3561945,2.3996453,2.4393358,2.5213432,2.5702553,2.6224465,2.6779451,2.6476512,2.6135182,2.6011732,2.4805496,2.2896264,2.158799,1.9974238,1.8692952,1.849096,1.8736812,1.8736812
271,1760879481.4643168,RX1,Walking,45,0.0,18.384775,18.384775,16.763054,15.811388,13.928389,12.083046,10.816654,11.313708,11.401754,12.206555,13.416409,14.764824,15.652476,16.124516,16.643316,16.40122,15.620499,14.866069,14.142136,13.453625,12.041595,11.313708,11.313708,11.313708,12.041595,12.206555,0.0,0.0,0.0,0.0,0.0,0.0,0.0,0.0,0.0,0.0,0.0,15.033297,14.035668,13.038405,12.1655245,12.041595,11.045361,12.0,14.035668,15.033297,16.0,17.029385,18.110771,18.248287,17.46425,16.492422,16.492422,14.56022,13.341663,12.041595,12.0,11.401754,11.704699,14.317821,15.652476,17.0,17.888544,0.0,2.7509856,2.7509856,2.8387077,2.819842,2.7744188,2.714965,2.55359,2.3561945,2.2318394,2.1815224,2.0344439,2.0647378,2.0344439,2.0899425,2.1421337,2.226492,2.2655346,2.3086114,2.3561945,2.4087775,2.4149504,2.3561945,2.3561945,2.3561945,2.4149504,2.5308666,0.0,0.0,0.0,0.0,0.0,0.0,0.0,0.0,0.0,0.0,0.0,3.0750246,-3.070285,-3.0648208,-2.976444,-3.0584514,-3.050933,3.1415925,3.070285,3.0750246,3.1415925,-3.0828369,-3.0309355,-2.976444,-2.910502,-2.896614,-2.896614,-2.863293,-2.9147937,-3.0584514,3.1415925,2.8753407,2.7928216,2.709185,2.6779451,2.6516354,2.6779451
272,1760879481.4659069,RX1,Walking,45,0.0,18.867962,17.888544,17.0,15.652476,13.416409,12.206555,11.401754,10.630146,10.816654,11.18034,12.649111,13.601471,14.86607,14.86607,16.155495,15.652476,16.124516,15.264338,14.422205,12.806249,12.806249,11.401754,11.401754,10.630146,10.630146,11.313708,0.0,0.0,0.0,0.0,0.0,0.0,0.0,0.0,0.0,0.0,0.0,14.142136,13.038405,12.0,11.0,11.045361,12.041595,13.152946,14.142136,15.132746,17.029385,17.0,18.027758,17.117243,17.262676,16.27882,15.132746,14.142136,13.038405,11.0,11.18034,11.704699,12.529964,13.60147,15.0,16.40122,17.20465,0.0,2.5829933,2.6779451,2.6516354,2.6779451,2.6779451,2.5308666,2.4805496,2.2896264,2.158799,2.0344439,1.8925469,1.8692952,1.9138203,1.9138203,1.9513026,2.0344439,2.0899425,2.1224513,2.158799,2.2455373,2.2455373,2.2318394,2.2318394,2.2896264,2.2896264,2.3561945,0.0,0.0,0.0,0.0,0.0,0.0,0.0,0.0,0.0,0.0,0.0,2.9996955,3.0648208,3.1415925,3.1415925,3.050933,3.0584514,2.9889433,2.9996955,3.009041,3.0828369,3.1415925,-3.0860941,-3.024484,-2.9669204,-2.9562447,-3.009041,-2.9996955,-3.0648208,3.1415925,2.961739,2.7928216,2.642246,2.5127964,2.4980915,2.485897,2.5213432
273,1760879481.467896,RX1,Walking,58,0.0,16.40122,18.439089,20.518286,20.518286,19.79899,19.79899,16.970562,14.866069,10.630146,7.8102493,5.0,3.0,2.828427,5.0990195,7.071068,9.055386,10.198039,11.401754,11.401754,11.704699,11.18034,10.0,8.485281,6.4031243,5.0,2.828427,0.0,0.0,0.0,0.0,0.0,0.0,0.0,0.0,0.0,0.0,0.0,15.620499,16.643316,15.652476,14.86607,13.601471,11.401754,8.5440035,7.2111025,5.8309517,7.071068,10.198039,12.649111,14.86607,17.088007,19.313208,19.313208,19.924858,18.973665,19.924858,18.027756,14.86607,12.083046,8.602325,5.3851647,6.3245554,9.433981,0.0,2.226492,2.2794225,2.3217254,2.3217254,2.3561945,2.3561945,2.3561945,2.4037776,2.4227626,2.4468544,2.2142975,1.5707964,0.7853982,0.19739556,0.14189705,0.11065722,0.19739556,0.26625204,0.26625204,0.348771,0.4636476,0.6435011,0.7853982,0.8960554,0.9272952,0.7853982,0.0,0.0,0.0,0.0,0.0,0.0,0.0,0.0,0.0,0.0,0.0,-0.69473827,-0.57133746,-0.4636476,-0.34302393,-0.29849893,-0.26625204,-0.35877067,-0.5880026,-1.0303768,-1.4288993,-1.7681919,-1.8925469,-1.9138203,-1.929567,-1.9416876,-1.9416876,-1.8766752,-1.8925469,-1.8766752,-1.9100889,-1.9138203,-1.9974238,-2.1910458,-2.7610862,2.819842,2.5829933
274,1760879481.5544121,RX1,Walking,47,0.0,12.083046,12.083046,11.401754,12.1655245,12.041595,13.038405,14.0,14.0,14.0,14.035668,14.035668,14.035668,13.038405,13.038405,12.041595,12.1655245,12.1655245,12.1655245,12.1655245,12.1655245,13.152946,13.038405,13.0,13.038405,12.1655245,12.369316,0.0,0.0,0.0,0.0,0.0,0.0,0.0,0.0,0.0,0.0,0.0,10.29563,10.816654,12.806249,12.7279215,14.21267,14.422205,14.764824,15.231546,13.928389,13.928389,12.649111,12.083046,11.18034,11.661903,11.401754,12.041595,12.7279215,13.453625,14.21267,14.21267,15.0,15.620499,15.0,15.0,14.21267,13.60147,0.0,1.9974238,1.9974238,1.8370484,1.735945,1.6539376,1.6475682,1.5707964,1.5707964,1.5707964,1.4994888,1.4994888,1.4994888,1.4940244,1.4940244,1.487655,1.4056476,1.4056476,1.4056476,1.4056476,1.4056476,1.418147,1.4940244,1.5707964,1.6475682,1.735945,1.815775,0.0,0.0,0.0,0.0,0.0,0.0,0.0,0.0,0.0,0.0,0.0,2.077895,2.158799,2.2455373,2.3561945,2.4558632,2.55359,2.6476512,2.7367008,2.7744188,2.7744188,2.819842,2.714965,2.6779451,2.6011732,2.4805496,2.4149504,2.3561945,2.3036115,2.2565258,2.2565258,2.2142975,2.2655346,2.2142975,2.2142975,2.2565258,2.1995926
275,1760879481.7036989,RX1,Walking,59,0.0,14.3178215,17.117243,18.248287,20.396078,20.396078,18.681541,17.720043,15.811388,12.369316,10.198039,8.062258,6.0,4.472136,4.472136,6.0827622,8.0,9.0,10.0,12.041595,12.1655245,12.369316,11.704699,11.18034,10.816654,8.485281,7.8102493,0.0,0.0,0.0,0.0,0.0,0.0,0.0,0.0,0.0,0.0,0.0,15.297058,15.033297,15.033297,14.142136,12.1655245,10.049876,7.0,6.0827622,6.4031243,8.602325,10.29563,12.999999,15.231546,16.155495,17.464249,18.788294,17.888544,17.492855,18.35756,17.0,13.892444,11.18034,8.246211,6.0827622,6.4031243,9.486833,0.0,0.21109334,0.11710875,0.16514868,0.19739556,0.19739556,0.27094686,0.28605142,0.32175055,0.24497867,0.19739556,0.124354996,0.0,-0.4636476,-1.1071488,-1.4056476,-1.5707964,-1.5707964,-1.5707964,-1.487655,-1.4056476,-1.3258177,-1.2220253,-1.1071488,-0.98279375,-0.7853982,-0.69473827,0.0,0.0,0.0,0.0,0.0,0.0,0.0,0.0,0.0,0.0,0.0,2.9441972,3.0750246,-3.0750246,-2.9996955,-2.976444,-3.041924,3.1415925,2.976444,2.4668517,2.1910458,2.077895,1.9655875,1.9756881,1.9513026,1.9832067,2.010639,2.0344439,2.1112158,2.0831857,2.0607536,2.0988708,2.0344439,1.815775,1.4056476,0.67474097,0.32175055
276,1760879481.7189372,RX1,Walking,58,0.0,15.556349,16.970562,19.104973,19.79899,20.518286,19.849434,18.439089,16.27882,12.041595,9.219544,7.071068,3.6055512,3.0,3.1622777,5.0990195,7.071068,9.0,10.049876,11.18034,11.401754,11.704699,11.18034,10.0,9.219544,7.071068,5.0,0.0,0.0,0.0,0.0,0.0,0.0,0.0,0.0,0.0,0.0,0.0,15.231546,14.56022,14.142136,13.038405,12.0,10.0,8.062258,5.3851647,4.472136,7.071068,9.055386,12.1655245,14.142136,16.27882,18.248287,18.248287,18.248287,18.248287,19.104973,17.117243,14.3178215,11.401754,7.615773,5.0,5.0990195,8.062258,0.0,2.3561945,2.3561945,2.3932147,2.3561945,2.3906636,2.427502,2.4329665,2.3996453,2.4149504,2.4329665,2.3561945,2.158799,1.5707964,0.32175055,0.19739556,0.14189705,0.0,0.09966865,0.1798535,0.26625204,0.348771,0.4636476,0.6435011,0.7086263,0.7853982,0.9272952,0.0,0.0,0.0,0.0,0.0,0.0,0.0,0.0,0.0,0.0,0.0,-0.4048918,-0.27829966,-0.14189705,-0.07677189,0.0,0.0,-0.124354996,-0.38050637,-1.1071488,-1.4288993,-1.6814536,-1.735945,-1.7126933,-1.7561443,-1.735945,-1.735945,-1.735945,-1.735945,-1.6756732,-1.6879051,-1.7818897,-1.8370484,-1.9756881,-2.4980915,2.9441972,2.6224465
277,1760879481.75162,RX1,Walking,47,0.0,14.866069,14.21267,13.60147,13.60147,13.416409,13.416409,13.928389,13.928389,14.86607,14.86607,14.86607,14.56022,14.56022,14.56022,14.3178215,14.3178215,14.3178215,14.3178215,14.3178215,14.56022,14.56022,15.231546,14.764824,14.422205,14.21267,13.453625,0.0,0.0,0.0,0.0,0.0,0.0,0.0,0.0,0.0,0.0,0.0,12.041595,11.401754,11.661903,11.661903,11.661903,12.529964,13.416409,13.928389,13.928389,13.601471,14.56022,13.341663,13.341663,13.341663,12.649111,12.649111,12.083046,12.529964,13.038404,13.038404,13.60147,14.21267,14.21267,14.866069,14.866069,14.866069,0.0,-0.8329813,-0.8850668,-0.94200003,-0.94200003,-1.1071488,-1.1071488,-1.2036225,-1.2036225,-1.2277724,-1.2277724,-1.2277724,-1.2924967,-1.2924967,-1.2924967,-1.359703,-1.359703,-1.359703,-1.359703,-1.359703,-1.2924967,-1.2924967,-1.1659045,-1.076855,-0.98279375,-0.8850668,-0.7328151,0.0,0.0,0.0,0.0,0.0,0.0,0.0,0.0,0.0,0.0,0.0,-0.7266423,-0.66104317,-0.5404195,-0.5404195,-0.5404195,-0.49934673,-0.4636476,-0.36717382,-0.36717382,-0.29849893,-0.27829966,-0.22679885,-0.22679885,-0.22679885,-0.32175055,-0.32175055,-0.4266275,-0.49934673,-0.5667292,-0.5667292,-0.6287963,-0.6857295,-0.6857295,-0.7378151,-0.7378151,-0.7378151
278,1760879481.87769,RX1,Walking,59,0.0,14.0,18.0,19.026297,20.024984,20.024984,20.099752,19.104973,17.117243,13.038405,11.045361,9.0,7.071068,4.472136,3.6055512,5.0,6.0827622,7.28011,9.486833,11.18034,11.18034,12.0,12.0,11.18034,9.486833,8.5440035,7.2111025,0.0,0.0,0.0,0.0,0.0,0.0,0.0,0.0,0.0,0.0,0.0,13.0,13.038405,13.341663,11.401754,10.770329,8.5440035,7.071068,5.0,5.0,6.4031243,8.944272,11.704699,13.928389,15.811388,17.088007,18.384775,18.384775,17.464249,18.384775,16.552946,14.317821,11.401754,8.062258,6.3245554,6.4031243,8.5440035,0.0,3.1415925,3.1415925,-3.0890095,-3.0916343,-3.0916343,-3.041924,-3.0367157,-3.024484,-3.0648208,-3.050933,3.1415925,2.9996955,2.6779451,2.158799,1.5707964,1.4056476,1.2924967,1.2490457,1.3909428,1.3909428,1.5707964,1.5707964,1.7506498,1.8925469,1.929567,2.158799,0.0,0.0,0.0,0.0,0.0,0.0,0.0,0.0,0.0,0.0,0.0,0.0,0.07677189,0.22679885,0.26625204,0.38050637,0.35877067,0.14189705,0.0,-0.6435011,-0.8960554,-1.1071488,-1.2220253,-1.2036225,-1.2490457,-1.2120256,-1.1801893,-1.1801893,-1.1583859,-1.1801893,-1.1341692,-1.1383885,-1.3045443,-1.4464413,-1.8925469,-2.4668517,-2.782822
279,1760879481.888187,RX1,Walking,59,0.0,16.03122,18.110771,20.099752,20.22375,20.22375,19.235384,17.46425,16.27882,13.152946,10.049876,8.0,6.0827622,4.472136,5.0,6.0827622,7.0,9.055386,10.049876,11.0,11.045361,11.18034,11.401754,10.770329,9.433981,8.602325,7.071068,0.0,0.0,0.0,0.0,0.0,0.0,0.0,0.0,0.0,0.0,0.0,13.341663,13.038405,13.0,11.045361,10.198039,8.062258,6.0,5.3851647,5.656854,6.7082043,10.440307,12.649111,14.56022,16.763054,17.088007,18.027756,18.027756,17.088007,17.464249,16.155495,13.928389,10.440307,8.0,6.7082043,7.2111025,10.440307,0.0,-3.0791738,-3.0309355,-3.041924,-2.9927027,-2.9927027,-2.9849908,-2.910502,-2.9562447,-2.9889433,-3.041924,3.1415925,2.976444,2.6779451,2.2142975,1.735945,1.5707964,1.4601392,1.4711276,1.5707964,1.6614562,1.7506498,1.8370484,1.9513026,2.1293957,2.1910458,2.3561945,0.0,0.0,0.0,0.0,0.0,0.0,0.0,0.0,0.0,0.0,0.0,-0.22679885,-0.07677189,0.0,0.09065989,0.19739556,0.124354996,0.0,-0.38050637,-0.7853982,-1.1071488,-1.2793396,-1.2490457,-1.2924967,-1.2679114,-1.2120256,-1.2315037,-1.2315037,-1.2120256,-1.1583859,-1.19029,-1.2036225,-1.2793396,-1.5707964,-2.0344439,-2.55359,-2.8501358
280,1760879481.9545338,RX1,Walking,68,0.0,12.206555,15.652476,18.973665,20.615528,22.561028,23.537203,25.70992,26.683327,22.561028,20.396078,21.37756,19.416489,16.763054,15.297058,12.1655245,9.055386,6.4031243,7.2111025,9.848858,13.341663,15.811388,17.464249,19.235384,18.439089,20.0,20.124613,0.0,0.0,0.0,0.0,0.0,0.0,0.0,0.0,0.0,0.0,0.0,10.770329,10.816654,11.661903,11.661903,12.041595,12.041595,10.630146,9.219544,6.4031243,3.6055512,2.236068,2.828427,5.3851647,7.28011,10.198039,11.401754,13.341663,14.3178215,16.763054,16.492422,17.46425,16.27882,15.132746,13.038405,13.152946,12.083046,0.0,2.1815224,2.0344439,1.8925469,1.815775,1.7942729,1.784857,1.8063413,1.7975951,1.7942729,1.7681919,1.7590178,1.7782925,1.8736812,1.7681919,1.735945,1.4601392,0.8960554,0.5880026,0.41822433,0.22679885,0.32175055,0.41241044,0.48689923,0.7086263,0.9272952,1.1071488,0.0,0.0,0.0,0.0,0.0,0.0,0.0,0.0,0.0,0.0,0.0,-1.19029,-0.98279375,-1.0303768,-1.0303768,-0.844154,-0.844154,-0.8519663,-0.7086263,-0.67474097,-0.98279375,-1.1071488,-2.3561945,-2.7610862,-2.863293,-2.9441972,-2.8753407,-2.9147937,-2.9304993,-2.8387077,-2.896614,-2.910502,-2.9562447,-3.009041,-3.0648208,2.9889433,2.714965
281,1760879481.957667,RX1,Walking,48,0.0,14.422205,15.811389,16.124516,14.764824,15.652476,16.155495,16.155495,15.811388,14.86607,14.86607,13.601471,13.601471,13.341663,13.152946,13.152946,13.038405,13.038405,13.038405,13.152946,13.341663,13.341663,13.928389,12.999999,12.529964,12.206555,12.041595,0.0,0.0,0.0,0.0,0.0,0.0,0.0,0.0,0.0,0.0,0.0,12.041595,12.806249,13.60147,13.892444,14.317821,14.317821,14.86607,13.601471,13.341663,13.341663,13.601471,13.601471,12.649111,12.999999,13.416409,13.892444,13.892444,13.892444,16.643316,16.643316,16.40122,15.811389,15.620499,15.620499,14.866069,14.142136,0.0,-2.55359,-2.536048,-2.6224465,-2.6476512,-2.6779451,-2.7610862,-2.7610862,-2.819842,-2.7985687,-2.7985687,-2.8430936,-2.8430936,-2.9147937,-2.9889433,-2.9889433,-3.0648208,-3.0648208,-3.0648208,-2.9889433,-2.9147937,-2.9147937,-2.7744188,-2.7468016,-2.642246,-2.5308666,-2.4149504,0.0,0.0,0.0,0.0,0.0,0.0,0.0,0.0,0.0,0.0,0.0,-2.4149504,-2.2455373,-2.1995926,-2.0988708,-2.003204,-2.003204,-1.9138203,-1.8692952,-1.7975951,-1.7975951,-1.8692952,-1.8692952,-1.8925469,-1.9655875,-2.0344439,-2.0988708,-2.0988708,-2.0988708,-2.1421337,-2.1421337,-2.226492,-2.176341,-2.2655346,-2.2655346,-2.3086114,-2.3561945
282,1760879481.983197,RX1,Walking,60,0.0,18.027756,18.681541,20.615528,20.615528,21.37756,20.396078,18.248287,15.297058,12.369316,9.219544,6.7082043,5.0,5.0990195,6.0827622,7.615773,9.433981,10.29563,12.529964,13.416409,12.999999,13.601471,12.369316,12.041595,10.0,9.055386,7.071068,0.0,0.0,0.0,0.0,0.0,0.0,0.0,0.0,0.0,0.0,0.0,15.297058,15.033297,14.035668,13.038405,11.401754,8.062258,7.071068,4.472136,5.8309517,8.5440035,10.198039,13.152946,15.297058,16.27882,17.46425,18.439089,18.681541,17.46425,17.720043,15.524176,12.369316,9.055386,6.0827622,5.0,7.0,10.198039,0.0,-0.33929262,-0.27094686,-0.24497867,-0.24497867,-0.18822151,-0.19739556,-0.16514868,-0.19739556,-0.24497867,-0.21866895,-0.4636476,-0.6435011,-1.3734008,-1.735945,-1.9756881,-2.1293957,-2.077895,-2.070143,-2.0344439,-1.9655875,-1.8692952,-1.815775,-1.6539376,-1.5707964,-1.4601392,-1.4288993,0.0,0.0,0.0,0.0,0.0,0.0,0.0,0.0,0.0,0.0,0.0,2.9441972,3.0750246,-3.070285,-3.0648208,-2.8753407,-3.0172377,2.9996955,2.6779451,2.1112158,1.929567,1.7681919,1.7234457,1.7681919,1.7561443,1.801887,1.7894653,1.8417432,1.801887,1.8568478,1.8313987,1.815775,1.6814536,1.4056476,0.6435011,0.0,-0.19739556
283,1760879481.987496,RX1,Walking,60,0.0,16.763054,18.681541,20.615528,20.615528,20.615528,19.416489,17.46425,14.3178215,10.440307,7.615773,5.8309517,4.472136,4.472136,6.4031243,8.485281,10.630146,12.041595,12.7279215,13.453625,13.453625,12.806249,11.661903,11.18034,8.944272,6.3245554,5.3851647,0.0,0.0,0.0,0.0,0.0,0.0,0.0,0.0,0.0,0.0,0.0,15.231546,15.264338,15.0,14.866069,12.041595,10.630146,7.071068,5.8309517,4.1231055,5.656854,8.602325,11.661903,13.892444,16.124516,17.888544,18.35756,18.867962,17.492855,18.867962,16.643316,13.038404,8.944272,5.3851647,3.6055512,6.0,10.198039,0.0,-0.30288488,-0.27094686,-0.24497867,-0.24497867,-0.24497867,-0.20749623,-0.23109066,-0.21109334,-0.2914568,-0.4048918,-0.5404195,-1.1071488,-2.0344439,-2.2455373,-2.3561945,-2.4227626,-2.4149504,-2.3561945,-2.4087775,-2.3036115,-2.2455373,-2.1112158,-2.0344439,-2.0344439,-1.8925469,-1.9513026,0.0,0.0,0.0,0.0,0.0,0.0,0.0,0.0,0.0,0.0,0.0,-2.7367008,-2.5899377,-2.4980915,-2.4037776,-2.2974386,-2.2896264,-2.3561945,-2.6011732,2.896614,2.3561945,2.1910458,2.1112158,2.0988708,2.0899425,2.0344439,2.0831857,2.1293957,2.1112158,2.1293957,2.1421337,2.1375256,2.0344439,1.9513026,0.98279375,0.0,-0.19739556
284,1760879482.0899599,RX1,Walking,66,0.0,20.615528,23.345234,24.758837,23.345234,23.345234,22.627417,21.213203,18.384775,14.866069,12.806249,10.0,7.28011,6.0827622,7.2111025,9.219544,11.661903,13.60147,14.422205,16.40122,16.970562,17.029387,16.643316,15.231546,12.649111,11.18034,8.0,0.0,0.0,0.0,0.0,0.0,0.0,0.0,0.0,0.0,0.0,0.0,4.2426405,4.472136,4.1231055,2.0,1.0,0.0,2.0,4.1231055,5.8309517,7.8102493,9.899495,12.041595,12.806249,12.806249,13.60147,13.60147,12.206555,12.041595,12.041595,10.630146,8.944272,8.246211,9.055386,10.770329,13.038404,15.811389,0.0,-2.4592762,-2.3259008,-2.3276308,-2.3259008,-2.3259008,-2.3561945,-2.3561945,-2.3561945,-2.4037776,-2.4668517,-2.4980915,-2.863293,2.976444,2.55359,2.2794225,2.1112158,2.1995926,2.158799,2.226492,2.3561945,2.4393358,2.5702553,2.7367008,2.819842,2.961739,3.1415925,0.0,0.0,0.0,0.0,0.0,0.0,0.0,0.0,0.0,0.0,0.0,0.7853982,1.1071488,1.3258177,1.5707964,1.5707964,0.0,-1.5707964,-1.3258177,-1.0303768,-0.87605804,-0.7853982,-0.7266423,-0.67474097,-0.67474097,-0.6287963,-0.6287963,-0.61072594,-0.7266423,-0.7266423,-0.8519663,-1.1071488,-1.3258177,-1.6814536,-1.9513026,-2.1375256,-2.176341
285,1760879482.1909602,RX1,Walking,60,0.0,12.369316,16.27882,17.46425,18.681541,18.681541,18.681541,17.720043,15.811388,12.649111,10.440307,8.246211,6.0,5.3851647,5.0,6.3245554,8.062258,9.055386,10.049876,11.18034,12.369316,11.704699,11.18034,10.816654,9.219544,8.485281,6.4031243,0.0,0.0,0.0,0.0,0.0,0.0,0.0,0.0,0.0,0.0,0.0,13.152946,14.0,14.142136,13.601471,12.649111,10.770329,8.944272,7.28011,5.0,5.8309517,7.2111025,9.433981,11.18034,13.416409,15.652476,17.0,17.0,17.492855,18.027756,17.492855,14.422205,12.529964,8.944272,7.071068,5.8309517,7.2111025,0.0,0.24497867,0.18534794,0.23109066,0.27094686,0.27094686,0.27094686,0.28605142,0.32175055,0.32175055,0.2914568,0.24497867,0.0,-0.38050637,-0.9272952,-1.2490457,-1.4464413,-1.4601392,-1.4711276,-1.3909428,-1.3258177,-1.2220253,-1.1071488,-0.98279375,-0.86217004,-0.7853982,-0.67474097,0.0,0.0,0.0,0.0,0.0,0.0,0.0,0.0,0.0,0.0,0.0,2.9889433,3.1415925,-2.9996955,-2.8430936,-2.819842,-2.7610862,-2.6779451,-2.863293,3.1415925,2.6011732,2.158799,2.1293957,2.0344439,2.0344439,2.0344439,2.0607536,2.0607536,2.1112158,2.158799,2.1112158,2.158799,2.070143,2.0344439,1.7126933,1.0303768,0.5880026
286,1760879482.251481,RX1,Walking,59,0.0,14.317821,16.552946,18.788294,20.124613,19.723083,19.723083,17.492855,16.124516,12.206555,9.848858,7.615773,6.0,4.472136,5.656854,7.615773,9.486833,10.440307,12.083046,12.999999,13.038404,13.60147,13.453625,12.041595,9.433981,8.062258,6.7082043,0.0,0.0,0.0,0.0,0.0,0.0,0.0,0.0,0.0,0.0,0.0,13.038405,13.341663,12.649111,12.999999,11.661903,10.29563,8.062258,6.3245554,5.0,6.7082043,7.8102493,9.899495,11.401754,14.21267,15.620499,17.029387,17.029387,16.27882,17.691807,16.27882,13.453625,11.401754,8.062258,6.0827622,6.7082043,8.602325,0.0,0.43240777,0.43662718,0.43984258,0.4636476,0.53172404,0.53172404,0.5404195,0.5191461,0.61072594,0.41822433,0.4048918,0.0,-0.4636476,-0.7853982,-1.1659045,-1.2490457,-1.2793396,-1.1441689,-1.1760052,-1.0040671,-0.94200003,-0.8379812,-0.7266423,-0.5585993,-0.5191461,-0.4636476,0.0,0.0,0.0,0.0,0.0,0.0,0.0,0.0,0.0,0.0,0.0,-3.0648208,-2.9147937,-2.819842,-2.7468016,-2.6011732,-2.634494,-2.6224465,-2.819842,3.1415925,2.6779451,2.4468544,2.3561945,2.2318394,2.2565258,2.2655346,2.2730532,2.2730532,2.3127437,2.3162158,2.3127437,2.3036115,2.2318394,2.0899425,1.735945,1.1071488,0.6202495
287,1760879482.255023,RX1,Walking,59,0.0,16.03122,18.027758,21.023798,21.023798,22.0,21.023798,20.024984,18.027758,15.033297,12.0,10.049876,8.246211,6.4031243,6.4031243,7.28011,9.0,10.0,12.0,13.038405,13.038405,14.3178215,13.601471,12.999999,12.529964,11.401754,9.899495,0.0,0.0,0.0,0.0,0.0,0.0,0.0,0.0,0.0,0.0,0.0,11.704699,11.401754,11.045361,10.049876,9.0,7.0,6.0827622,4.472136,5.0,6.3245554,9.055386,11.045361,13.038405,15.033297,16.124516,16.27882,16.27882,16.27882,17.46425,15.297058,13.341663,10.049876,8.062258,6.4031243,7.615773,10.198039,0.0,-1.6332152,-1.6262949,-1.6183795,-1.6183795,-1.5707964,-1.5232133,-1.5208379,-1.5152978,-1.5042281,-1.5707964,-1.670465,-1.815775,-2.2455373,-2.4668517,-2.863293,3.1415925,3.1415925,3.1415925,-3.0648208,-3.0648208,-2.9304993,-2.8430936,-2.7468016,-2.642246,-2.4805496,-2.3561945,0.0,0.0,0.0,0.0,0.0,0.0,0.0,0.0,0.0,0.0,0.0,1.2220253,1.3045443,1.4801364,1.4711276,1.5707964,1.5707964,1.4056476,1.1071488,0.6435011,0.32175055,0.11065722,0.09065989,0.07677189,0.066568166,0.124354996,0.18534794,0.18534794,0.18534794,0.23109066,0.19739556,0.22679885,0.09966865,-0.124354996,-0.67474097,-1.1659045,-1.3734008
288,1760879482.2590861,RX1,Walking,59,0.0,16.27882,17.20465,19.416489,20.808653,20.248457,20.248457,18.867962,16.643316,13.038404,10.0,8.485281,5.8309517,5.0990195,6.3245554,8.602325,10.630146,11.401754,12.806249,13.60147,14.422205,13.416409,12.999999,12.369316,11.18034,9.0,7.0,0.0,0.0,0.0,0.0,0.0,0.0,0.0,0.0,0.0,0.0,0.0,12.041595,12.041595,12.206555,12.529964,11.18034,9.848858,7.615773,5.8309517,5.0,5.0990195,7.071068,9.486833,11.704699,12.999999,14.86607,15.811388,17.088007,15.811388,16.763054,15.811388,12.649111,10.770329,7.2111025,5.8309517,6.0827622,8.944272,0.0,-0.7419473,-0.6202495,-0.60228735,-0.61466295,-0.5743048,-0.5743048,-0.5585993,-0.57133746,-0.5667292,-0.6435011,-0.7853982,-1.0303768,-1.3734008,-1.8925469,-2.1910458,-2.2896264,-2.2318394,-2.2455373,-2.1995926,-2.158799,-2.0344439,-1.9655875,-1.815775,-1.7506498,-1.5707964,-1.5707964,0.0,0.0,0.0,0.0,0.0,0.0,0.0,0.0,0.0,0.0,0.0,2.2974386,2.4149504,2.5308666,2.642246,2.6779451,2.7233684,2.7367008,2.6011732,2.2142975,1.7681919,1.4288993,1.2490457,1.2220253,1.1760052,1.2277724,1.2490457,1.2120256,1.2490457,1.2679114,1.2490457,1.2490457,1.19029,0.98279375,0.5404195,-0.16514868,-0.4636476
289,1760879482.2632189,RX1,Walking,60,0.0,14.422205,19.416489,20.808653,21.400934,21.400934,20.615528,20.0,17.804493,14.21267,11.401754,9.433981,6.3245554,5.0,3.6055512,5.3851647,7.071068,9.055386,10.049876,11.18034,12.369316,12.649111,12.999999,12.529964,11.401754,9.899495,8.602325,0.0,0.0,0.0,0.0,0.0,0.0,0.0,0.0,0.0,0.0,0.0,11.704699,11.401754,11.045361,10.0,8.0,6.0,4.1231055,2.828427,4.0,6.0827622,8.5440035,10.440307,13.601471,14.86607,15.811388,16.763054,16.763054,15.811388,16.763054,14.56022,11.704699,9.848858,6.4031243,5.3851647,5.8309517,9.219544,0.0,-2.55359,-2.5393052,-2.5269296,-2.488746,-2.488746,-2.4592762,-2.4980915,-2.4756234,-2.4558632,-2.4805496,-2.5829933,-2.819842,3.1415925,2.55359,1.9513026,1.7126933,1.6814536,1.670465,1.7506498,1.815775,1.8925469,1.9655875,2.070143,2.2318394,2.3561945,2.5213432,0.0,0.0,0.0,0.0,0.0,0.0,0.0,0.0,0.0,0.0,0.0,1.2220253,1.3045443,1.4801364,1.5707964,1.5707964,1.5707964,1.3258177,0.7853982,0.0,-0.16514868,-0.35877067,-0.2914568,-0.29849893,-0.34302393,-0.32175055,-0.30288488,-0.30288488,-0.32175055,-0.30288488,-0.27829966,-0.348771,-0.41822433,-0.67474097,-1.19029,-2.1112158,-2.2794225
290,1760879482.266743,RX1,Walking,60,0.0,16.155495,18.027756,20.248457,21.189621,22.135942,21.189621,19.924858,17.720043,13.928389,11.704699,9.848858,6.4031243,3.6055512,4.1231055,5.8309517,8.485281,9.219544,11.313708,12.7279215,13.453625,13.60147,13.892444,12.999999,11.401754,10.198039,9.0,0.0,0.0,0.0,0.0,0.0,0.0,0.0,0.0,0.0,0.0,0.0,12.369316,12.999999,11.661903,10.816654,8.602325,7.8102493,5.8309517,3.1622777,3.6055512,5.0,7.615773,10.440307,12.649111,14.56022,15.811388,16.763054,17.088007,16.763054,17.088007,14.86607,12.649111,9.219544,6.0,5.0,6.0827622,9.055386,0.0,-1.9513026,-1.9100889,-1.9237868,-1.9074712,-1.8925469,-1.9074712,-1.8766752,-1.8568478,-1.9379702,-1.9195673,-1.9890207,-2.2455373,-2.55359,2.896614,2.6011732,2.3561945,2.2794225,2.3561945,2.3561945,2.4087775,2.5127964,2.6135182,2.7468016,2.8753407,2.9441972,3.1415925,0.0,0.0,0.0,0.0,0.0,0.0,0.0,0.0,0.0,0.0,0.0,1.815775,1.9655875,2.1112158,2.158799,2.1910458,2.2655346,2.1112158,1.8925469,0.98279375,0.6435011,0.4048918,0.2914568,0.32175055,0.27829966,0.32175055,0.30288488,0.35877067,0.30288488,0.35877067,0.34302393,0.32175055,0.21866895,0.0,-0.6435011,-1.4056476,-1.6814536
291,1760879482.270717,RX1,Walking,60,0.0,13.453625,16.970562,18.384775,19.849434,19.849434,19.209373,18.439089,16.40122,13.60147,11.401754,9.219544,6.4031243,4.472136,4.1231055,5.0,7.2111025,8.062258,10.29563,11.661903,12.806249,13.453625,12.7279215,12.806249,11.661903,10.440307,9.219544,0.0,0.0,0.0,0.0,0.0,0.0,0.0,0.0,0.0,0.0,0.0,12.7279215,12.806249,12.206555,11.18034,9.848858,8.062258,6.4031243,5.0,6.0827622,7.071068,9.486833,11.704699,13.928389,14.86607,16.155495,18.027756,16.763054,16.763054,17.720043,15.811388,13.601471,10.770329,8.062258,5.0,6.0827622,8.062258,0.0,0.8379812,0.7853982,0.7853982,0.85670567,0.85670567,0.8960554,0.86217004,0.9151007,0.94200003,0.90975314,0.86217004,0.67474097,0.4636476,-0.24497867,-0.6435011,-0.98279375,-1.0516502,-1.0636978,-1.0303768,-0.8960554,-0.8379812,-0.7853982,-0.67474097,-0.5404195,-0.2914568,-0.21866895,0.0,0.0,0.0,0.0,0.0,0.0,0.0,0.0,0.0,0.0,0.0,-2.3561945,-2.2455373,-2.1815224,-2.0344439,-1.9890207,-2.0899425,-2.2455373,-2.4980915,-2.976444,2.9996955,2.819842,2.7928216,2.7744188,2.7985687,2.7610862,2.8023,2.8387077,2.8387077,2.8555412,2.819842,2.8430936,2.7610862,2.6224465,2.2142975,1.4056476,1.0516502
292,1760879482.274453,RX1,Walking,59,0.0,13.416409,18.35756,19.723083,20.248457,20.808653,19.416489,18.601074,16.643316,13.038404,10.816654,8.062258,5.0990195,4.1231055,3.6055512,6.0827622,8.0,9.0,11.0,12.041595,12.1655245,12.369316,11.704699,11.18034,9.433981,7.8102493,6.4031243,0.0,0.0,0.0,0.0,0.0,0.0,0.0,0.0,0.0,0.0,0.0,10.770329,11.401754,12.1655245,11.045361,10.0,8.0,6.0,5.0,2.828427,4.0,6.0827622,8.5440035,10.770329,12.999999,15.231546,16.155495,16.155495,16.155495,16.155495,16.155495,12.999999,10.29563,7.2111025,5.3851647,5.3851647,7.8102493,0.0,-2.6779451,-2.629203,-2.6098685,-2.567288,-2.5269296,-2.5393052,-2.508844,-2.5702553,-2.5748634,-2.55359,-2.6224465,-2.9441972,2.896614,2.158799,1.735945,1.5707964,1.5707964,1.5707964,1.6539376,1.735945,1.815775,1.9195673,2.0344439,2.1293957,2.2655346,2.4668517,0.0,0.0,0.0,0.0,0.0,0.0,0.0,0.0,0.0,0.0,0.0,1.19029,1.3045443,1.4056476,1.4801364,1.5707964,1.5707964,1.5707964,1.5707964,0.7853982,0.0,-0.16514868,-0.35877067,-0.38050637,-0.39479113,-0.4048918,-0.38050637,-0.38050637,-0.38050637,-0.38050637,-0.38050637,-0.39479113,-0.5070985,-0.5880026,-1.19029,-1.9513026,-2.2655346
293,1760879482.345549,RX1,Walking,68,0.0,18.681541,21.189621,22.803509,22.561028,22.36068,22.203604,20.22375,19.026297,15.0,13.0,10.049876,6.0827622,3.0,0.0,5.0990195,8.062258,10.049876,13.038405,16.03122,17.029385,18.110771,18.439089,18.027756,17.088007,15.264338,14.21267,0.0,0.0,0.0,0.0,0.0,0.0,0.0,0.0,0.0,0.0,0.0,3.6055512,2.828427,1.0,2.236068,5.0,6.3245554,8.944272,11.661903,12.529964,14.422205,15.811389,16.643316,16.643316,16.124516,16.124516,14.764824,13.416409,11.704699,11.18034,8.062258,5.0,2.828427,3.1622777,5.656854,9.433981,12.529964,0.0,0.27094686,0.3366748,0.26625204,0.2234766,0.1798535,0.13552772,0.14888994,0.05258306,0.0,0.0,-0.09966865,-0.16514868,0.0,0.0,2.9441972,3.0172377,3.041924,3.0648208,3.0791738,-3.0828369,-3.0309355,-2.9229238,-2.8023,-2.782822,-2.5899377,-2.4558632,0.0,0.0,0.0,0.0,0.0,0.0,0.0,0.0,0.0,0.0,0.0,-0.5880026,-0.7853982,-1.5707964,-2.6779451,-2.4980915,-2.819842,-2.6779451,-2.6011732,-2.642246,-2.55359,-2.536048,-2.5702553,-2.5702553,-2.6224465,-2.6224465,-2.6476512,-2.6779451,-2.7928216,-2.961739,-3.0172377,3.1415925,2.3561945,1.2490457,0.7853982,0.5585993,0.49934673
294,1760879482.3617868,RX1,Walking,68,0.0,15.231546,18.027756,18.384775,20.615528,17.46425,19.416489,17.46425,16.124516,13.038405,12.041595,8.0,6.0,2.0,1.4142135,4.1231055,6.0827622,9.055386,10.198039,14.035668,16.124516,17.464249,14.86607,15.652476,15.811389,14.21267,13.038404,0.0,0.0,0.0,0.0,0.0,0.0,0.0,0.0,0.0,0.0,0.0,3.1622777,2.828427,3.0,2.236068,2.0,5.0990195,8.246211,8.5440035,11.704699,15.231546,16.552946,14.764824,14.56022,15.811388,13.928389,12.529964,12.999999,9.055386,10.198039,6.0,5.0,3.0,4.0,6.4031243,9.899495,12.083046,0.0,0.4048918,0.33929262,0.39060703,0.24497867,0.23109066,0.20749623,0.23109066,0.124354996,0.07677189,0.08314123,0.0,0.0,0.0,-2.3561945,2.896614,-2.976444,3.0309355,-2.9441972,-3.070285,-3.0172377,-2.7291822,-2.7985687,-2.6779451,-2.536048,-2.2565258,-2.1375256,0.0,0.0,0.0,0.0,0.0,0.0,0.0,0.0,0.0,0.0,0.0,-1.2490457,-0.7853982,-1.5707964,-2.0344439,3.1415925,-2.9441972,-2.896614,-2.782822,-2.7928216,-2.7367008,-2.7049656,-2.6476512,-2.863293,-2.819842,-2.7744188,-2.642246,-2.7468016,-3.0309355,-2.9441972,3.1415925,3.1415925,3.1415925,1.5707964,0.67474097,0.7853982,0.4266275
295,1760879482.424698,RX1,Walking,67,0.0,19.235384,21.37756,21.37756,21.37756,22.36068,21.213203,20.22375,19.104973,16.124516,15.033297,12.041595,10.049876,8.246211,6.7082043,5.8309517,7.28011,9.055386,10.049876,13.038405,14.0,16.124516,16.492422,16.552946,15.811389,14.142136,12.806249,0.0,0.0,0.0,0.0,0.0,0.0,0.0,0.0,0.0,0.0,0.0,5.3851647,4.1231055,2.236068,2.0,3.0,5.3851647,7.28011,9.219544,11.045361,13.0,15.132746,15.297058,16.27882,15.524176,15.524176,14.56022,13.341663,12.1655245,12.041595,11.045361,9.486833,10.29563,9.219544,11.661903,12.999999,14.86607,0.0,0.15660188,0.18822151,0.18822151,0.18822151,0.1798535,0.14189705,0.14888994,0.10487694,0.124354996,0.066568166,0.08314123,-0.09966865,-0.24497867,-0.4636476,-1.0303768,-1.2924967,-1.4601392,-1.670465,-1.6475682,-1.5707964,-1.4464413,-1.3258177,-1.1341692,-0.9652517,-0.7853982,-0.67474097,0.0,0.0,0.0,0.0,0.0,0.0,0.0,0.0,0.0,0.0,0.0,2.7610862,2.896614,2.6779451,1.5707964,1.5707964,1.19029,1.2924967,1.3521274,1.4801364,1.5707964,1.7033478,1.7681919,1.7561443,1.8313987,1.8313987,1.849096,1.7975951,1.735945,1.6539376,1.4801364,1.2490457,1.0636978,0.7086263,0.5404195,0.39479113,0.34302393
296,1760879482.427603,RX1,Walking,60,0.0,13.038404,17.20465,18.601074,20.0,20.0,19.416489,18.601074,15.811389,12.206555,9.433981,6.7082043,4.472136,2.0,2.236068,5.0,8.602325,10.0,12.206555,13.038404,13.892444,14.317821,13.928389,13.601471,11.401754,10.049876,8.0,0.0,0.0,0.0,0.0,0.0,0.0,0.0,0.0,0.0,0.0,0.0,10.816654,11.18034,10.770329,9.486833,7.28011,6.3245554,3.6055512,2.236068,2.828427,6.4031243,9.433981,11.661903,13.892444,14.764824,17.0,17.0,17.0,16.552946,16.552946,15.231546,12.083046,9.486833,6.3245554,2.236068,3.1622777,6.4031243,0.0,0.5667292,0.6202495,0.63274884,0.6435011,0.6435011,0.60228735,0.63274884,0.6055447,0.61072594,0.5585993,0.4636476,0.4636476,0.0,-2.0344439,-2.2142975,-2.1910458,-2.2142975,-2.1815224,-2.1375256,-2.0988708,-2.003204,-1.9379702,-1.8692952,-1.8370484,-1.670465,-1.5707964,0.0,0.0,0.0,0.0,0.0,0.0,0.0,0.0,0.0,0.0,0.0,-0.5880026,-0.4636476,-0.38050637,-0.32175055,-0.27829966,-0.32175055,-0.5880026,-1.1071488,-2.3561945,-2.4668517,-2.5829933,-2.6011732,-2.6135182,-2.6476512,-2.6516354,-2.6516354,-2.6516354,-2.7049656,-2.7049656,-2.7367008,-2.714965,-2.819842,-2.819842,2.6779451,1.2490457,0.8960554
297,1760879482.510933,RX1,Walking,68,0.0,12.806249,15.620499,16.643316,18.867962,19.723083,20.124613,21.023798,21.023798,19.697716,18.384775,17.492855,17.492855,15.264338,13.60147,12.041595,9.219544,5.656854,2.828427,1.0,4.1231055,6.3245554,8.944272,10.816654,12.7279215,12.529964,13.601471,0.0,0.0,0.0,0.0,0.0,0.0,0.0,0.0,0.0,0.0,0.0,7.615773,8.485281,9.219544,7.2111025,8.062258,8.062258,6.4031243,5.0,6.3245554,8.246211,10.198039,12.1655245,15.033297,16.124516,17.262676,19.416489,19.416489,20.396078,21.37756,21.587034,20.615528,19.416489,17.117243,15.0,14.035668,13.152946,0.0,-0.8960554,-0.87605804,-0.99945885,-1.012197,-1.0390723,-1.1071488,-1.1284221,-1.1284221,-1.152572,-1.1801893,-1.0303768,-1.0303768,-1.0191413,-0.94200003,-0.844154,-0.7086263,-0.7853982,-0.7853982,-1.5707964,-2.896614,-2.819842,-2.6779451,-2.55359,-2.3561945,-2.070143,-1.8692952,0.0,0.0,0.0,0.0,0.0,0.0,0.0,0.0,0.0,0.0,0.0,0.4048918,0.7853982,0.7086263,0.98279375,1.0516502,1.0516502,0.8960554,0.6435011,0.32175055,0.24497867,0.19739556,0.16514868,0.066568166,0.124354996,0.1746722,0.20749623,0.20749623,0.19739556,0.18822151,0.23374318,0.24497867,0.20749623,0.11710875,0.0,-0.071307465,-0.15264933
298,1760879482.5862,RX1,Walking,63,0.0,5.0,4.1231055,3.6055512,7.2111025,8.944272,10.770329,12.369316,13.341663,13.152946,13.038405,12.0,12.1655245,11.401754,11.661903,10.630146,10.816654,10.440307,10.049876,11.18034,11.704699,12.206555,12.041595,12.529964,11.401754,11.0,10.440307,0.0,0.0,0.0,0.0,0.0,0.0,0.0,0.0,0.0,0.0,0.0,19.723083,19.235384,21.470911,20.615528,21.023798,18.788294,16.763054,15.297058,13.038405,10.049876,8.944272,7.8102493,8.246211,9.219544,11.18034,14.21267,14.866069,17.20465,19.723083,21.023798,21.540659,21.189621,19.924858,17.720043,14.86607,12.999999,0.0,0.6435011,1.3258177,2.158799,2.55359,2.6779451,2.7610862,2.896614,2.9147937,2.9889433,3.0648208,3.1415925,-2.976444,-2.8753407,-2.6011732,-2.4227626,-2.158799,-1.8622531,-1.670465,-1.3909428,-1.2220253,-0.9600704,-0.7266423,-0.49934673,-0.26625204,0.0,0.2914568,0.0,0.0,0.0,0.0,0.0,0.0,0.0,0.0,0.0,0.0,0.0,-2.6098685,-2.6546934,-2.6571147,-2.7430701,-2.6992185,-2.70175,-2.8387077,-2.9441972,-3.0648208,3.041924,2.6779451,2.2655346,1.815775,1.3521274,1.1071488,0.8850668,0.7378151,0.6202495,0.53172404,0.44237423,0.38050637,0.3366748,0.30587888,0.28605142,0.34302393,0.39479113
299,1760879482.622794,RX1,Walking,63,0.0,6.0827622,3.6055512,4.1231055,6.0827622,7.615773,9.433981,11.661903,13.60147,12.806249,12.7279215,13.453625,12.806249,12.529964,11.704699,12.041595,11.18034,12.083046,12.806249,12.806249,13.416409,14.56022,15.033297,14.3178215,13.928389,13.60147,12.806249,0.0,0.0,0.0,0.0,0.0,0.0,0.0,0.0,0.0,0.0,0.0,22.090721,22.203604,21.213203,22.36068,21.37756,19.924858,18.027756,15.652476,12.206555,10.0,8.246211,8.062258,8.602325,10.816654,12.999999,15.297058,18.027758,19.026297,20.22375,21.587034,20.880613,20.248457,19.313208,17.464249,15.231546,12.999999,0.0,-0.16514868,0.5880026,1.3258177,1.735945,1.9756881,2.1293957,2.1112158,2.1995926,2.2455373,2.3561945,2.4087775,2.4668517,2.642246,2.7928216,3.0584514,-2.961739,-2.714965,-2.4668517,-2.2455373,-2.0344439,-1.849096,-1.6373645,-1.359703,-1.2036225,-0.94200003,-0.67474097,0.0,0.0,0.0,0.0,0.0,0.0,0.0,0.0,0.0,0.0,0.0,3.050933,3.006065,2.9996955,2.961739,2.953371,2.8357139,2.8023,2.6779451,2.5308666,2.2142975,1.815775,1.4464413,0.95054686,0.5880026,0.39479113,0.19739556,0.055498507,-0.05258306,-0.14888994,-0.23374318,-0.2914568,-0.3529904,-0.37089127,-0.41241044,-0.4048918,-0.39479113
300,1760879482.650526,RX1,Walking,65,0.0,15.0,16.643316,16.27882,14.142136,15.620499,15.811389,15.264338,15.264338,14.317821,12.999999,13.416409,13.416409,12.999999,13.416409,11.18034,11.661903,8.602325,7.071068,5.0,3.6055512,1.4142135,1.4142135,3.1622777,5.0,6.4031243,7.2111025,0.0,0.0,0.0,0.0,0.0,0.0,0.0,0.0,0.0,0.0,0.0,12.649111,14.3178215,15.0,16.27882,15.524176,15.231546,14.317821,13.416409,12.083046,11.401754,11.18034,12.0,13.038405,14.142136,17.262676,18.248287,20.396078,20.396078,24.331049,24.186773,24.331049,23.194828,21.37756,20.396078,18.439089,17.46425,0.0,-2.2142975,-2.1421337,-2.3127437,-2.3561945,-2.4468544,-2.536048,-2.5899377,-2.5899377,-2.709185,-2.7468016,-2.6779451,-2.6779451,-2.7468016,-2.6779451,-2.6779451,-2.6011732,-2.5213432,-2.3561945,-2.2142975,-2.158799,-2.3561945,2.3561945,1.8925469,2.2142975,2.2455373,2.55359,0.0,0.0,0.0,0.0,0.0,0.0,0.0,0.0,0.0,0.0,0.0,-1.8925469,-1.7818897,-1.5707964,-1.3854483,-1.3101939,-1.1659045,-1.1383885,-1.1071488,-1.1441689,-1.3045443,-1.3909428,-1.5707964,-1.6475682,-1.7126933,-1.7454685,-1.735945,-1.7681919,-1.7681919,-1.735945,-1.6951513,-1.735945,-1.7004988,-1.7590178,-1.7681919,-1.7894653,-1.801887
301,1760879482.68123,RX1,Walking,61,0.0,17.46425,19.924858,20.880613,21.189621,21.189621,20.615528,18.788294,16.552946,13.416409,10.770329,8.5440035,6.0827622,4.1231055,5.0,6.3245554,9.219544,9.219544,11.401754,12.083046,12.529964,13.038404,12.041595,10.630146,10.816654,8.944272,7.28011,0.0,0.0,0.0,0.0,0.0,0.0,0.0,0.0,0.0,0.0,0.0,12.369316,12.041595,11.0,9.0,8.0,6.3245554,5.8309517,6.4031243,8.062258,9.848858,12.649111,14.86607,16.155495,17.464249,17.464249,17.888544,17.888544,16.552946,16.552946,14.317821,11.704699,10.198039,8.062258,7.2111025,9.433981,11.704699,0.0,-2.910502,-2.8357139,-2.8501358,-2.8049178,-2.8049178,-2.7430701,-2.70175,-2.7049656,-2.6779451,-2.7610862,-2.782822,-2.976444,2.896614,2.2142975,1.8925469,1.7894653,1.7894653,1.8370484,1.9974238,2.070143,2.1375256,2.2974386,2.4227626,2.55359,2.6779451,2.863293,0.0,0.0,0.0,0.0,0.0,0.0,0.0,0.0,0.0,0.0,0.0,-0.24497867,-0.08314123,0.0,0.0,0.0,-0.32175055,-0.5404195,-0.8960554,-1.0516502,-1.152572,-1.2490457,-1.2277724,-1.19029,-1.1583859,-1.1583859,-1.1071488,-1.1071488,-1.1341692,-1.1341692,-1.1383885,-1.2220253,-1.3734008,-1.6951513,-2.158799,-2.5829933,-2.7928216
302,1760879482.6837308,RX1,Walking,60,0.0,18.439089,20.099752,22.203604,22.090721,22.022717,21.023798,19.0,17.0,14.0,11.0,8.062258,6.3245554,4.2426405,4.1231055,6.0827622,8.246211,9.486833,11.18034,12.1655245,13.038405,13.038405,12.1655245,11.704699,10.29563,8.602325,7.8102493,0.0,0.0,0.0,0.0,0.0,0.0,0.0,0.0,0.0,0.0,0.0,13.038404,11.18034,10.770329,9.848858,8.944272,7.2111025,6.4031243,7.28011,9.055386,11.045361,13.0,15.0,17.0,18.0,19.026297,19.026297,18.027758,17.029385,17.029385,15.033297,13.038405,10.198039,8.062258,7.2111025,9.219544,11.0,0.0,2.9229238,3.041924,3.006065,3.050933,3.0961695,3.0940096,3.1415925,3.1415925,3.1415925,3.1415925,3.0172377,2.819842,2.3561945,1.815775,1.4056476,1.3258177,1.2490457,1.3909428,1.4056476,1.4940244,1.6475682,1.735945,1.9195673,2.077895,2.1910458,2.2655346,0.0,0.0,0.0,0.0,0.0,0.0,0.0,0.0,0.0,0.0,0.0,-0.5667292,-0.4636476,-0.38050637,-0.41822433,-0.4636476,-0.5880026,-0.8960554,-1.2924967,-1.4601392,-1.4801364,-1.5707964,-1.5707964,-1.5707964,-1.5707964,-1.5182133,-1.5182133,-1.5152978,-1.5120405,-1.5120405,-1.5042281,-1.6475682,-1.7681919,-2.0899425,-2.55359,-2.9229238,3.1415925
303,1760879482.686591,RX1,Walking,60,0.0,17.691807,19.209373,21.400934,20.808653,20.808653,19.416489,17.492855,15.264338,10.29563,8.062258,4.2426405,2.236068,2.828427,5.3851647,8.5440035,10.770329,12.083046,12.529964,12.206555,13.453625,12.041595,10.816654,8.062258,6.3245554,5.0990195,3.1622777,0.0,0.0,0.0,0.0,0.0,0.0,0.0,0.0,0.0,0.0,0.0,13.038404,13.416409,12.649111,11.401754,10.440307,8.5440035,6.7082043,5.656854,5.3851647,8.0,10.049876,12.1655245,14.3178215,16.27882,17.46425,17.46425,18.439089,17.262676,18.439089,15.297058,13.341663,9.848858,7.2111025,5.3851647,7.28011,10.29563,0.0,2.3961732,2.4668517,2.488746,2.5269296,2.5269296,2.5393052,2.6011732,2.5899377,2.634494,2.6224465,2.3561945,2.0344439,0.7853982,0.38050637,0.35877067,0.38050637,0.4266275,0.49934673,0.61072594,0.7328151,0.844154,0.98279375,1.0516502,1.2490457,1.3734008,1.2490457,0.0,0.0,0.0,0.0,0.0,0.0,0.0,0.0,0.0,0.0,0.0,-0.5667292,-0.4636476,-0.32175055,-0.26625204,-0.2914568,-0.35877067,-0.4636476,-0.7853982,-1.19029,-1.5707964,-1.670465,-1.735945,-1.7818897,-1.7561443,-1.801887,-1.801887,-1.7894653,-1.7454685,-1.7894653,-1.7681919,-1.7975951,-1.9890207,-2.158799,-2.7610862,2.863293,2.634494
304,1760879482.738037,RX1,Walking,63,0.0,12.041595,12.806249,13.038404,13.416409,13.928389,14.56022,14.56022,14.56022,13.341663,13.341663,12.369316,12.369316,11.18034,10.198039,10.198039,8.246211,7.071068,5.0,4.0,3.1622777,4.2426405,5.0,6.7082043,6.4031243,9.219544,9.848858,0.0,0.0,0.0,0.0,0.0,0.0,0.0,0.0,0.0,0.0,0.0,13.928389,12.649111,14.142136,14.0,15.524176,13.601471,12.083046,10.770329,9.486833,8.246211,8.0,9.055386,10.440307,12.649111,13.928389,15.231546,16.155495,18.384775,19.924858,20.880613,19.924858,19.924858,18.027756,17.088007,14.86607,13.416409,0.0,-0.844154,-0.8960554,-1.0040671,-1.1071488,-1.2036225,-1.2924967,-1.2924967,-1.2924967,-1.3439975,-1.3439975,-1.3258177,-1.3258177,-1.3909428,-1.3734008,-1.3734008,-1.3258177,-1.4288993,-1.5707964,-1.5707964,-1.8925469,-2.3561945,-2.4980915,-2.6779451,-2.4668517,-2.4329665,-1.9890207,0.0,0.0,0.0,0.0,0.0,0.0,0.0,0.0,0.0,0.0,0.0,-0.36717382,-0.32175055,-0.14189705,0.0,0.26060238,0.29849893,0.4266275,0.38050637,0.32175055,0.24497867,0.0,-0.11065722,-0.2914568,-0.32175055,-0.36717382,-0.4048918,-0.38050637,-0.39060703,-0.30587888,-0.2914568,-0.30587888,-0.30587888,-0.33929262,-0.35877067,-0.34302393,-0.4636476
305,1760879482.76525,RX1,Walking,57,0.0,15.811388,17.720043,20.248457,20.124613,21.023798,19.723083,18.867962,17.20465,14.422205,11.661903,11.18034,9.219544,8.0,9.486833,10.29563,12.041595,12.041595,13.60147,14.422205,16.124516,15.231546,14.86607,14.56022,13.152946,12.0,10.198039,0.0,0.0,0.0,0.0,0.0,0.0,0.0,0.0,0.0,0.0,0.0,12.369316,11.18034,9.219544,7.071068,5.0,2.236068,1.4142135,4.472136,7.28011,9.219544,12.041595,14.0,15.132746,16.27882,16.763054,16.155495,14.764824,14.422205,13.60147,11.313708,8.485281,5.0,3.1622777,2.828427,6.3245554,9.219544,0.0,2.819842,2.8555412,2.7886024,2.6779451,2.6992185,2.6098685,2.5829933,2.5213432,2.55359,2.6011732,2.6779451,2.9229238,3.1415925,-2.819842,-2.634494,-2.4149504,-2.2974386,-2.1995926,-2.158799,-2.0899425,-1.9756881,-1.9138203,-1.849096,-1.7234457,-1.5707964,-1.3734008,0.0,0.0,0.0,0.0,0.0,0.0,0.0,0.0,0.0,0.0,0.0,-1.3258177,-1.3909428,-1.3521274,-1.4288993,-1.5707964,-2.0344439,2.3561945,2.0344439,1.849096,1.7894653,1.6539376,1.5707964,1.4382448,1.3854483,1.2679114,1.19029,1.076855,0.98279375,0.94200003,0.7853982,0.7853982,0.9272952,1.2490457,2.3561945,2.819842,2.9229238
306,1760879482.769393,RX1,Walking,59,0.0,17.691807,19.209373,21.260292,21.260292,22.022717,22.022717,19.209373,16.970562,14.21267,10.630146,8.485281,5.8309517,3.0,3.1622777,5.0990195,9.0,10.0,12.0,13.038405,13.152946,13.341663,13.601471,12.999999,12.083046,10.0,7.8102493,0.0,0.0,0.0,0.0,0.0,0.0,0.0,0.0,0.0,0.0,0.0,15.264338,15.0,13.453625,11.313708,9.219544,7.2111025,4.1231055,4.1231055,6.4031243,8.944272,12.083046,13.928389,16.155495,17.088007,18.384775,19.313208,18.027756,17.088007,18.027756,15.811388,12.369316,9.219544,5.0,2.236068,5.3851647,8.602325,0.0,-0.7454195,-0.67474097,-0.71883,-0.71883,-0.6889244,-0.6889244,-0.67474097,-0.7853982,-0.6857295,-0.71883,-0.7853982,-1.0303768,-1.5707964,-2.819842,-2.9441972,3.1415925,3.1415925,3.1415925,-3.0648208,-2.9889433,-2.9147937,-2.8430936,-2.7468016,-2.714965,-2.4980915,-2.2655346,0.0,0.0,0.0,0.0,0.0,0.0,0.0,0.0,0.0,0.0,0.0,-2.5899377,-2.4980915,-2.4087775,-2.3561945,-2.4329665,-2.55359,-2.896614,2.896614,2.2455373,2.0344439,1.9974238,1.9379702,1.9513026,1.929567,1.9614034,1.9416876,1.9100889,1.929567,1.9100889,1.8925469,1.815775,1.7894653,1.5707964,0.4636476,-0.38050637,-0.6202495
307,1760879482.8606122,RX1,Walking,63,0.0,17.262676,20.22375,20.22375,19.104973,19.026297,18.110771,17.117243,16.124516,14.142136,13.152946,11.18034,10.198039,9.219544,8.246211,6.7082043,5.8309517,5.656854,5.656854,6.7082043,7.615773,8.062258,8.602325,9.219544,9.433981,8.944272,7.28011,0.0,0.0,0.0,0.0,0.0,0.0,0.0,0.0,0.0,0.0,0.0,12.529964,12.206555,11.401754,10.630146,9.899495,8.602325,8.944272,10.770329,12.369316,13.601471,15.811388,17.464249,19.235384,19.723083,18.867962,18.867962,18.601074,17.20465,18.027756,16.643316,15.652476,14.86607,13.341663,14.142136,15.033297,16.0,0.0,-1.7454685,-1.7196863,-1.7196863,-1.6756732,-1.6233793,-1.6814536,-1.6879051,-1.6951513,-1.7126933,-1.7234457,-1.7506498,-1.7681919,-1.7894653,-1.815775,-2.0344439,-2.1112158,-2.3561945,-2.3561945,-2.6779451,-2.7367008,-2.6224465,-2.5213432,-2.4329665,-2.1293957,-2.0344439,-1.849096,0.0,0.0,0.0,0.0,0.0,0.0,0.0,0.0,0.0,0.0,0.0,-1.0714496,-0.9600704,-0.90975314,-0.8519663,-0.7853982,-0.95054686,-1.1071488,-1.19029,-1.3258177,-1.2722974,-1.2490457,-1.1583859,-1.0838971,-1.0390723,-1.012197,-1.012197,-0.93804747,-0.95054686,-0.98279375,-0.99945885,-1.1071488,-1.2277724,-1.3439975,-1.4288993,-1.5042281,-1.5707964
308,1760879482.963349,RX1,Walking,66,0.0,23.345234,21.931713,20.518286,18.384775,16.970562,14.866069,12.806249,10.816654,8.944272,7.615773,6.0827622,5.0990195,5.3851647,6.4031243,7.071068,7.8102493,8.485281,8.602325,9.433981,8.944272,8.246211,7.071068,6.0827622,4.472136,2.828427,1.0,0.0,0.0,0.0,0.0,0.0,0.0,0.0,0.0,0.0,0.0,0.0,7.28011,6.0827622,7.28011,8.5440035,11.704699,15.811388,18.439089,19.104973,21.023798,22.090721,22.36068,21.587034,19.924858,18.681541,16.492422,14.3178215,13.038405,12.1655245,12.999999,14.422205,16.27882,19.104973,19.849434,22.022717,22.671568,24.08319,0.0,-0.8156919,-0.817645,-0.81986725,-0.7853982,-0.7853982,-0.8329813,-0.8960554,-0.98279375,-1.1071488,-1.1659045,-1.4056476,-1.7681919,-1.9513026,-2.2455373,-2.3561945,-2.2655346,-2.3561945,-2.1910458,-2.1293957,-2.0344439,-1.815775,-1.7126933,-1.4056476,-1.1071488,-0.7853982,0.0,0.0,0.0,0.0,0.0,0.0,0.0,0.0,0.0,0.0,0.0,0.0,0.27829966,0.16514868,-0.27829966,-0.35877067,-0.348771,-0.32175055,-0.21866895,-0.10487694,-0.047583103,0.09065989,0.1798535,0.23374318,0.30587888,0.27094686,0.24497867,0.21109334,0.07677189,-0.16514868,-0.39479113,-0.5880026,-0.7419473,-0.8224183,-0.85670567,-0.88187194,-0.847817,-0.844154
309,1760879483.0771132,RX1,Walking,61,0.0,12.206555,15.264338,18.027756,19.723083,19.723083,20.248457,18.867962,17.492855,15.264338,13.038404,10.816654,8.062258,5.0,2.828427,1.4142135,3.0,6.0,7.0,9.055386,10.049876,10.198039,10.440307,10.770329,10.29563,9.219544,8.485281,0.0,0.0,0.0,0.0,0.0,0.0,0.0,0.0,0.0,0.0,0.0,15.652476,15.231546,14.56022,13.341663,11.18034,9.055386,6.0827622,3.6055512,3.0,4.472136,7.8102493,10.630146,12.806249,14.21267,16.40122,16.40122,17.804493,17.20465,18.601074,17.20465,13.60147,10.29563,8.062258,4.1231055,2.236068,5.0990195,0.0,-2.1815224,-2.1224513,-2.158799,-2.1025205,-2.1025205,-2.145101,-2.1293957,-2.1112158,-2.1224513,-2.1375256,-2.158799,-2.0899425,-2.2142975,-2.3561945,2.3561945,1.5707964,1.5707964,1.5707964,1.6814536,1.670465,1.7681919,1.8622531,1.9513026,2.077895,2.2794225,2.3561945,0.0,0.0,0.0,0.0,0.0,0.0,0.0,0.0,0.0,0.0,0.0,2.6779451,2.7367008,2.863293,2.9147937,2.961739,3.0309355,2.976444,2.55359,1.5707964,1.1071488,0.87605804,0.71883,0.67474097,0.6857295,0.6556956,0.6556956,0.66596925,0.6202495,0.63274884,0.6202495,0.6287963,0.5070985,0.5191461,0.24497867,-1.1071488,-1.7681919
310,1760879483.0921679,RX1,Walking,66,0.0,15.811388,13.928389,12.369316,9.055386,7.071068,7.2111025,7.8102493,8.5440035,8.246211,10.198039,10.0,12.041595,12.041595,12.041595,11.18034,10.440307,8.5440035,5.8309517,4.2426405,2.0,1.0,3.6055512,5.8309517,7.615773,10.049876,10.049876,0.0,0.0,0.0,0.0,0.0,0.0,0.0,0.0,0.0,0.0,0.0,8.5440035,11.401754,14.3178215,17.029385,19.026297,20.22375,20.615528,20.248457,18.788294,17.464249,15.652476,12.649111,11.18034,10.049876,10.29563,12.041595,14.142136,15.811389,20.248457,22.472204,24.186775,24.186775,23.323807,22.825424,21.954498,21.095022,0.0,0.32175055,0.36717382,0.24497867,0.11065722,-0.14189705,-0.5880026,-0.87605804,-1.2120256,-1.3258177,-1.3734008,-1.5707964,-1.487655,-1.487655,-1.487655,-1.3909428,-1.2793396,-1.2120256,-1.0303768,-0.7853982,0.0,1.5707964,2.158799,2.6011732,2.7367008,3.041924,-3.041924,0.0,0.0,0.0,0.0,0.0,0.0,0.0,0.0,0.0,0.0,0.0,1.2120256,1.3045443,1.359703,1.5120405,1.6233793,1.7196863,1.815775,1.9237868,2.010639,1.9832067,2.0344439,1.8925469,1.7506498,1.4711276,1.0636978,0.844154,0.7853982,0.6055447,0.5743048,0.5633162,0.5191461,0.5191461,0.5404195,0.5028432,0.5247958,0.5485494
311,1760879483.344585,RX1,Walking,64,0.0,22.84732,22.135942,18.973665,16.155495,13.416409,12.206555,10.630146,9.433981,8.5440035,8.062258,9.055386,10.198039,11.401754,12.369316,12.649111,12.369316,12.369316,11.18034,11.045361,10.049876,9.055386,7.071068,5.0990195,3.0,2.236068,2.236068,0.0,0.0,0.0,0.0,0.0,0.0,0.0,0.0,0.0,0.0,0.0,3.6055512,4.0,7.0,10.0,13.152946,15.297058,18.027756,19.235384,20.248457,20.0,19.849434,19.104973,17.029387,14.866069,12.7279215,10.630146,9.486833,10.049876,13.152946,14.86607,17.888544,19.697716,22.36068,23.706537,24.166092,23.769728,0.0,-0.4048918,-0.32175055,-0.32175055,-0.38050637,-0.4636476,-0.61072594,-0.71883,-1.012197,-1.2120256,-1.4464413,-1.6814536,-1.7681919,-1.8370484,-1.815775,-1.8925469,-1.815775,-1.815775,-1.7506498,-1.6614562,-1.670465,-1.4601392,-1.4288993,-1.3734008,-1.5707964,-2.0344439,-2.6779451,0.0,0.0,0.0,0.0,0.0,0.0,0.0,0.0,0.0,0.0,0.0,0.5880026,0.0,0.0,0.0,0.15264933,0.19739556,0.33929262,0.48689923,0.5743048,0.6435011,0.7140907,0.8224183,0.8685394,0.8329813,0.7853982,0.71883,0.32175055,0.09966865,-0.15264933,-0.34302393,-0.4636476,-0.41822433,-0.4636476,-0.4825133,-0.4266275,-0.38831872
312,1760879483.359369,RX1,Walking,64,0.0,23.345234,21.931713,19.79899,15.556349,14.21267,11.661903,9.848858,9.055386,8.0,8.246211,8.062258,8.602325,9.219544,10.630146,10.630146,11.401754,10.816654,10.816654,9.848858,8.5440035,7.28011,5.0,4.0,2.0,1.4142135,2.236068,0.0,0.0,0.0,0.0,0.0,0.0,0.0,0.0,0.0,0.0,0.0,5.0,5.0990195,7.615773,10.29563,12.999999,15.811388,18.248287,20.099752,21.023798,21.213203,21.587034,19.646885,18.027756,15.811388,14.56022,12.041595,11.045361,10.770329,13.60147,14.866069,17.691807,20.615528,21.400934,22.803509,24.839485,24.08319,0.0,2.3259008,2.3884413,2.3561945,2.3561945,2.2565258,2.1112158,1.9890207,1.6814536,1.5707964,1.3258177,1.0516502,0.95054686,0.86217004,0.8519663,0.8519663,0.90975314,0.98279375,0.98279375,1.152572,1.2120256,1.2924967,1.5707964,1.5707964,1.5707964,0.7853982,-0.4636476,0.0,0.0,0.0,0.0,0.0,0.0,0.0,0.0,0.0,0.0,0.0,3.1415925,2.9441972,2.7367008,2.634494,2.7468016,2.819842,2.976444,3.041924,-3.0940096,-2.9996955,-2.9078496,-2.884269,-2.8023,-2.819842,-2.863293,-3.0584514,3.050933,2.7610862,2.5127964,2.4037776,2.3162158,2.2531128,2.223643,2.2318394,2.2706892,2.2974386
313,1760879483.3835762,RX1,Walking,64,0.0,23.345236,21.84033,19.646885,16.27882,14.142136,12.0,10.049876,8.5440035,8.062258,7.8102493,8.062258,8.944272,9.486833,10.770329,10.770329,11.704699,10.770329,9.848858,9.433981,8.602325,8.485281,6.4031243,4.472136,2.236068,1.0,1.4142135,0.0,0.0,0.0,0.0,0.0,0.0,0.0,0.0,0.0,0.0,0.0,5.3851647,5.656854,7.8102493,10.0,13.453625,16.27882,17.804493,19.723083,21.023798,20.248457,20.880613,19.416489,17.262676,15.297058,13.341663,12.083046,10.816654,11.401754,13.416409,15.811388,17.262676,20.22375,22.090721,24.186773,24.186773,23.537203,0.0,-2.9694018,-2.863293,-2.884269,-2.9562447,-2.9996955,3.1415925,3.041924,2.782822,2.6224465,2.2655346,2.0899425,2.0344439,1.8925469,1.9513026,1.9513026,1.9195673,1.9513026,1.9890207,2.1293957,2.1910458,2.3561945,2.4668517,2.6779451,2.6779451,1.5707964,0.7853982,0.0,0.0,0.0,0.0,0.0,0.0,0.0,0.0,0.0,0.0,0.0,-1.9513026,-2.3561945,-2.4468544,-2.4980915,-2.4087775,-2.3127437,-2.2367656,-2.1025205,-2.0131705,-1.9237868,-1.8622531,-1.7782925,-1.7454685,-1.7681919,-1.7975951,-1.9974238,-2.158799,-2.4805496,-2.6779451,-2.819842,-2.9669204,-2.9927027,-3.050933,-3.0172377,-3.0172377,-2.927532
314,1760879483.419323,RX1,Walking,62,0.0,15.0,17.691807,17.691807,19.104973,19.104973,18.384775,18.384775,17.691807,14.866069,13.453625,12.7279215,12.041595,10.630146,9.219544,8.062258,7.615773,6.3245554,5.0990195,5.0,6.0827622,6.0827622,7.071068,8.062258,8.0,8.246211,8.5440035,0.0,0.0,0.0,0.0,0.0,0.0,0.0,0.0,0.0,0.0,0.0,12.1655245,13.0,13.341663,12.999999,12.529964,11.661903,9.433981,8.062258,8.246211,8.0,10.049876,12.1655245,15.524176,16.27882,19.235384,20.099752,21.023798,21.0,23.0,22.022717,21.023798,19.026297,17.0,15.033297,14.56022,14.317821,0.0,2.4980915,2.3961732,2.3961732,2.3932147,2.3932147,2.3561945,2.3561945,2.3961732,2.4037776,2.4087775,2.3561945,2.2974386,2.2896264,2.2794225,2.0899425,1.9756881,1.8925469,1.7681919,1.5707964,1.4056476,1.4056476,1.4288993,1.4464413,1.5707964,1.815775,1.929567,0.0,0.0,0.0,0.0,0.0,0.0,0.0,0.0,0.0,0.0,0.0,2.976444,3.1415925,-2.9147937,-2.7468016,-2.642246,-2.6011732,-2.5829933,-2.6224465,-2.896614,3.1415925,3.041924,2.976444,2.8809903,2.9562447,2.9849908,3.041924,3.0940096,3.1415925,3.1415925,-3.0961695,-3.0940096,-3.0890095,3.1415925,3.0750246,2.863293,2.709185
315,1760879483.54075,RX1,Walking,60,0.0,18.248287,16.03122,11.045361,8.0,4.472136,2.236068,5.8309517,9.219544,11.313708,12.041595,13.453625,14.866069,15.620499,16.40122,15.620499,13.60147,11.661903,9.433981,7.615773,3.6055512,2.236068,1.0,2.828427,5.0,5.8309517,7.071068,0.0,0.0,0.0,0.0,0.0,0.0,0.0,0.0,0.0,0.0,0.0,6.3245554,7.2111025,8.062258,11.704699,12.999999,14.317821,18.35756,17.804493,18.601074,17.029387,16.27882,14.866069,12.806249,10.816654,7.615773,6.0827622,5.656854,7.28011,10.049876,15.0,18.027758,20.024984,22.022717,24.020824,25.079874,23.086792,0.0,-2.976444,-3.0791738,-3.050933,3.1415925,2.6779451,2.0344439,1.0303768,0.86217004,0.7853982,0.7266423,0.8379812,0.8329813,0.87605804,0.9151007,0.87605804,0.94200003,1.0303768,1.012197,1.1659045,0.98279375,0.4636476,0.0,-0.7853982,-0.9272952,-1.0303768,-0.7853982,0.0,0.0,0.0,0.0,0.0,0.0,0.0,0.0,0.0,0.0,0.0,-1.2490457,-0.98279375,-1.4464413,-1.2220253,-1.1760052,-1.1383885,-1.0584068,-0.90482706,-0.93804747,-0.8685394,-0.8288491,-0.8329813,-0.8960554,-0.98279375,-1.1659045,-1.4056476,-2.3561945,-2.863293,-3.041924,3.1415925,3.0860941,-3.0916343,-3.0961695,-3.09995,-3.0617626,-3.0548544
316,1760879483.5740511,RX1,Walking,62,0.0,16.27882,12.999999,12.206555,12.041595,12.806249,13.038404,12.999999,13.928389,12.649111,13.341663,13.341663,12.1655245,12.1655245,12.1655245,11.401754,10.440307,8.5440035,7.615773,6.3245554,4.1231055,3.0,2.828427,3.6055512,5.8309517,6.4031243,7.8102493,0.0,0.0,0.0,0.0,0.0,0.0,0.0,0.0,0.0,0.0,0.0,9.486833,11.401754,14.035668,15.033297,17.46425,18.384775,18.35756,17.20465,15.620499,14.142136,12.806249,10.816654,9.848858,10.049876,11.045361,13.341663,15.524176,18.027756,21.84033,23.086794,23.769728,24.5153,24.331049,23.345236,22.203604,20.396078,0.0,1.3854483,1.1760052,0.9600704,0.844154,0.67474097,0.5667292,0.39479113,0.36717382,0.32175055,0.22679885,0.22679885,0.16514868,0.16514868,0.16514868,0.26625204,0.2914568,0.35877067,0.4048918,0.32175055,0.24497867,0.0,-0.7853982,-0.98279375,-1.0303768,-0.8960554,-0.69473827,0.0,0.0,0.0,0.0,0.0,0.0,0.0,0.0,0.0,0.0,0.0,1.2490457,1.3045443,1.4994888,1.6373645,1.801887,1.9614034,2.0831857,2.1910458,2.2655346,2.3561945,2.2455373,2.158799,1.9890207,1.670465,1.4801364,1.3439975,1.3101939,1.2315037,1.2924967,1.2627436,1.315614,1.3654009,1.4056476,1.3986055,1.4352686,1.3734008
317,1760879483.593643,RX1,Walking,59,0.0,21.095022,18.027756,13.60147,8.485281,6.3245554,5.8309517,9.219544,11.661903,13.928389,15.231546,17.464249,19.697716,20.124613,19.235384,18.35756,17.492855,15.0,12.806249,8.485281,6.4031243,4.472136,2.0,3.6055512,5.8309517,8.062258,9.219544,0.0,0.0,0.0,0.0,0.0,0.0,0.0,0.0,0.0,0.0,0.0,5.3851647,7.2111025,10.0,12.529964,14.764824,17.464249,18.973665,18.681541,19.416489,18.248287,17.117243,16.124516,12.041595,10.198039,7.615773,5.0,6.0827622,8.944272,14.422205,17.804493,22.022717,24.207438,26.400757,28.01785,28.01785,26.076809,0.0,-2.1193457,-2.158799,-2.1995926,-2.3561945,-2.819842,2.6011732,2.2794225,2.1112158,1.9379702,1.9756881,1.9832067,1.9890207,2.0344439,2.0576956,2.0831857,2.1112158,2.2142975,2.2455373,2.3561945,2.2455373,2.0344439,1.5707964,0.5880026,0.5404195,0.5191461,0.7086263,0.0,0.0,0.0,0.0,0.0,0.0,0.0,0.0,0.0,0.0,0.0,-0.38050637,-0.5880026,-0.6435011,-0.49934673,-0.49394137,-0.41241044,-0.32175055,-0.27094686,-0.20749623,-0.16514868,-0.11710875,-0.124354996,-0.08314123,-0.19739556,-0.4048918,-0.9272952,-1.735945,-2.0344439,-2.158799,-2.2367656,-2.2597208,-2.2390857,-2.221873,-2.1785984,-2.1785984,-2.1375256
318,1760879483.638818,RX1,Walking,61,0.0,21.095022,16.124516,12.206555,7.071068,3.0,4.472136,8.062258,12.0,14.035668,17.117243,18.110771,19.104973,20.024984,20.0,19.0,17.029385,14.035668,11.18034,8.246211,5.0990195,2.0,2.0,3.6055512,6.7082043,8.062258,10.440307,0.0,0.0,0.0,0.0,0.0,0.0,0.0,0.0,0.0,0.0,0.0,4.1231055,4.2426405,7.615773,10.440307,12.649111,16.155495,17.464249,19.235384,19.235384,19.723083,18.867962,17.492855,14.422205,11.661903,7.615773,4.1231055,2.236068,5.3851647,11.661903,15.264338,19.416489,23.021729,24.41311,26.627052,26.627052,25.553865,0.0,-0.5485494,-0.5191461,-0.61072594,-0.7853982,-1.5707964,-2.6779451,-3.0172377,3.1415925,3.070285,3.024484,3.0309355,3.0367157,3.0916343,3.1415925,3.1415925,-3.0828369,-3.070285,-2.961739,-2.896614,-2.9441972,3.1415925,1.5707964,0.98279375,1.1071488,1.0516502,1.2793396,0.0,0.0,0.0,0.0,0.0,0.0,0.0,0.0,0.0,0.0,0.0,2.896614,2.3561945,1.9756881,1.8622531,1.8925469,1.9513026,1.9832067,2.0576956,2.0576956,2.1025205,2.1293957,2.1112158,2.158799,2.1112158,1.9756881,1.815775,0.4636476,-0.38050637,-0.5404195,-0.551655,-0.60228735,-0.6000502,-0.61072594,-0.5984189,-0.5984189,-0.53370816
319,1760879483.647403,RX1,Walking,63,0.0,24.331049,24.331049,22.561028,21.587034,20.615528,17.720043,17.262676,14.142136,12.041595,9.055386,9.219544,8.5440035,9.486833,8.602325,9.219544,9.219544,7.2111025,10.630146,10.29563,12.041595,7.8102493,10.29563,8.944272,7.615773,8.246211,3.6055512,0.0,0.0,0.0,0.0,0.0,0.0,0.0,0.0,0.0,0.0,0.0,8.944272,8.246211,6.3245554,4.1231055,4.2426405,6.3245554,9.219544,11.401754,14.317821,17.492855,20.0,20.518286,21.400934,21.400934,21.095022,19.235384,17.0,15.652476,14.422205,13.453625,12.806249,13.928389,15.297058,18.110771,20.099752,22.022717,0.0,-2.976444,-2.976444,-2.918116,-2.9078496,-2.896614,-2.8555412,-2.9669204,-2.9996955,-3.0584514,3.0309355,2.9229238,2.782822,2.819842,2.5213432,2.4329665,2.4329665,2.55359,2.2896264,2.077895,2.4149504,2.4468544,2.634494,2.6779451,2.7367008,2.896614,2.55359,0.0,0.0,0.0,0.0,0.0,0.0,0.0,0.0,0.0,0.0,0.0,-2.0344439,-1.815775,-1.8925469,-1.815775,-2.3561945,-2.819842,-2.9229238,-2.8753407,-2.709185,-2.6011732,-2.4980915,-2.3906636,-2.223643,-2.223643,-2.1193457,-2.0576956,-2.0607536,-2.0344439,-2.158799,-2.3036115,-2.4668517,-2.7744188,-2.9441972,-3.0309355,-3.041924,-3.0961695
320,1760879483.6619961,RX1,Walking,60,0.0,21.023798,18.027758,15.0,9.0,5.0990195,2.0,5.0,8.5440035,11.704699,13.341663,16.492422,17.46425,18.439089,18.439089,18.681541,16.763054,13.928389,12.083046,10.29563,6.7082043,4.2426405,1.4142135,1.4142135,4.2426405,5.8309517,7.615773,0.0,0.0,0.0,0.0,0.0,0.0,0.0,0.0,0.0,0.0,0.0,2.236068,4.1231055,6.3245554,9.486833,12.649111,14.86607,17.720043,18.439089,19.235384,18.248287,18.110771,16.124516,13.152946,10.198039,7.071068,3.1622777,1.4142135,6.0827622,11.045361,15.033297,19.0,23.021729,24.0,26.0,27.0,27.018513,0.0,-1.5232133,-1.6262949,-1.5707964,-1.5707964,-1.7681919,3.1415925,2.2142975,1.929567,1.9195673,1.7975951,1.815775,1.801887,1.7894653,1.7894653,1.8417432,1.8736812,1.9379702,1.9974238,2.077895,2.0344439,2.3561945,2.3561945,-0.7853982,-0.7853982,-0.5404195,-0.4048918,0.0,0.0,0.0,0.0,0.0,0.0,0.0,0.0,0.0,0.0,0.0,2.0344439,1.3258177,1.2490457,1.2490457,1.2490457,1.2277724,1.2847449,1.3521274,1.4141945,1.4056476,1.4601392,1.4464413,1.418147,1.3734008,1.4288993,1.2490457,-0.7853982,-1.4056476,-1.4801364,-1.5042281,-1.5707964,-1.5273454,-1.5707964,-1.5707964,-1.5707964,-1.5337762
321,1760879483.708777,RX1,Walking,61,0.0,20.808653,18.601074,13.60147,9.219544,3.6055512,3.1622777,8.0,12.1655245,14.142136,17.262676,19.235384,20.22375,20.099752,20.099752,19.0,17.0,14.035668,10.049876,7.071068,4.0,1.4142135,3.6055512,5.8309517,8.944272,10.770329,11.401754,0.0,0.0,0.0,0.0,0.0,0.0,0.0,0.0,0.0,0.0,0.0,7.071068,5.0990195,5.656854,7.28011,10.440307,13.152946,17.262676,19.416489,20.615528,21.84033,21.189621,20.248457,18.384775,16.155495,12.649111,8.062258,5.0990195,3.1622777,8.062258,12.206555,17.029387,21.260292,23.430748,27.018513,27.802877,27.20294,0.0,0.95613337,0.93804747,0.94200003,0.86217004,0.5880026,-1.2490457,-1.5707964,-1.735945,-1.7126933,-1.7454685,-1.7273982,-1.7196863,-1.670465,-1.670465,-1.5707964,-1.5707964,-1.4994888,-1.4711276,-1.4288993,-1.5707964,-2.3561945,2.55359,2.6011732,2.6779451,2.7610862,2.8753407,0.0,0.0,0.0,0.0,0.0,0.0,0.0,0.0,0.0,0.0,0.0,-1.4288993,-1.7681919,-2.3561945,-2.863293,-2.8501358,-2.9889433,-2.9669204,-2.9340963,-2.896614,-2.863293,-2.8049178,-2.7886024,-2.7509856,-2.7610862,-2.819842,-3.0172377,2.9441972,1.8925469,1.0516502,0.9600704,0.8685394,0.8519663,0.87605804,0.8902751,0.9129077,0.94200003
322,1760879483.791852,RX1,Walking,62,0.0,13.416409,12.041595,11.401754,11.18034,12.649111,13.341663,14.3178215,15.132746,14.142136,14.035668,14.035668,14.035668,13.038405,13.038405,12.041595,11.045361,8.062258,7.071068,6.0827622,4.1231055,3.6055512,5.0,5.8309517,7.8102493,7.8102493,8.602325,0.0,0.0,0.0,0.0,0.0,0.0,0.0,0.0,0.0,0.0,0.0,5.656854,8.062258,9.486833,11.18034,13.0,13.341663,12.649111,12.529964,11.661903,10.0,8.062258,7.615773,7.0,7.28011,9.848858,11.661903,13.892444,15.264338,19.723083,21.470911,21.023798,21.931713,20.615528,20.248457,19.313208,17.464249,0.0,1.1071488,0.844154,0.66104317,0.4636476,0.32175055,0.22679885,0.21109334,0.13255154,0.14189705,0.071307465,0.071307465,0.071307465,0.07677189,0.07677189,0.08314123,0.09065989,0.124354996,0.14189705,0.16514868,-0.24497867,-0.5880026,-0.9272952,-1.0303768,-0.87605804,-0.87605804,-0.6202495,0.0,0.0,0.0,0.0,0.0,0.0,0.0,0.0,0.0,0.0,0.0,0.7853982,1.0516502,1.2490457,1.3909428,1.5707964,1.7975951,1.8925469,2.070143,2.1112158,2.2142975,2.0899425,1.9756881,1.5707964,1.2924967,1.152572,1.0303768,1.0427219,1.0191413,1.0390723,1.0863184,1.1284221,1.1479424,1.1722739,1.217806,1.199905,1.1583859
323,1760879483.808806,RX1,Walking,60,0.0,21.0,16.124516,11.045361,6.0827622,1.4142135,5.0,7.615773,12.999999,13.928389,16.155495,17.088007,18.027756,18.027756,17.464249,16.552946,14.317821,10.29563,8.062258,5.0,2.236068,1.4142135,4.472136,6.7082043,8.5440035,10.198039,11.045361,0.0,0.0,0.0,0.0,0.0,0.0,0.0,0.0,0.0,0.0,0.0,2.0,4.472136,7.2111025,10.816654,13.892444,16.124516,17.888544,18.788294,19.313208,19.313208,18.027756,15.811388,12.649111,9.848858,5.8309517,3.1622777,4.2426405,7.615773,13.341663,17.117243,21.095024,24.08319,26.07681,27.073975,27.073975,25.079874,0.0,3.1415925,-3.0172377,-3.050933,2.976444,2.3561945,0.6435011,0.4048918,0.39479113,0.36717382,0.38050637,0.35877067,0.33929262,0.33929262,0.41241044,0.43662718,0.43240777,0.5070985,0.5191461,0.6435011,0.4636476,-2.3561945,-2.0344439,-2.0344439,-1.929567,-1.7681919,-1.6614562,0.0,0.0,0.0,0.0,0.0,0.0,0.0,0.0,0.0,0.0,0.0,0.0,-0.4636476,-0.5880026,-0.5880026,-0.52807444,-0.5191461,-0.4636476,-0.43984258,-0.37089127,-0.37089127,-0.33929262,-0.32175055,-0.32175055,-0.41822433,-0.5404195,-1.2490457,-2.3561945,-2.7367008,-2.9147937,-3.024484,-3.0466409,-3.0584514,-3.0648208,-3.0676537,-3.0676537,-3.0617626
324,1760879483.842664,RX1,Walking,60,0.0,18.384775,15.231546,11.661903,6.4031243,4.1231055,5.656854,8.5440035,12.369316,14.56022,16.492422,18.681541,19.646885,19.646885,19.924858,18.027756,17.088007,14.317821,11.18034,8.944272,5.3851647,3.1622777,2.236068,4.1231055,6.0,8.062258,9.219544,0.0,0.0,0.0,0.0,0.0,0.0,0.0,0.0,0.0,0.0,0.0,3.6055512,6.3245554,9.219544,12.369316,14.56022,17.088007,18.384775,20.124613,19.723083,18.867962,18.027756,15.811389,12.206555,9.433981,6.7082043,3.1622777,4.0,7.615773,12.999999,16.552946,19.697716,23.259407,25.079872,25.999998,25.999998,24.698177,0.0,-0.39060703,-0.4048918,-0.5404195,-0.67474097,-1.3258177,-2.3561945,-2.782822,-2.896614,-2.863293,-2.896614,-2.8706458,-2.884269,-2.884269,-2.8357139,-2.8023,-2.782822,-2.709185,-2.6779451,-2.6779451,-2.7610862,-2.819842,2.0344439,1.815775,1.5707964,1.6951513,1.7894653,0.0,0.0,0.0,0.0,0.0,0.0,0.0,0.0,0.0,0.0,0.0,2.158799,1.8925469,1.7894653,1.815775,1.849096,1.929567,1.9614034,2.0344439,2.1025205,2.1293957,2.158799,2.176341,2.1815224,2.1293957,2.0344439,1.2490457,0.0,-0.4048918,-0.39479113,-0.43662718,-0.41822433,-0.4444192,-0.41012734,-0.39479113,-0.39479113,-0.37298772
325,1760879483.872947,RX1,Walking,63,0.0,23.021729,24.758837,23.345234,21.213203,19.79899,19.104973,15.620499,15.0,11.401754,10.29563,9.219544,10.049876,10.049876,11.045361,10.0,9.055386,9.055386,8.246211,8.246211,8.5440035,8.5440035,7.615773,8.246211,8.062258,7.0,6.0827622,0.0,0.0,0.0,0.0,0.0,0.0,0.0,0.0,0.0,0.0,0.0,7.28011,5.8309517,5.0,4.2426405,3.1622777,3.6055512,5.8309517,7.8102493,10.816654,13.416409,15.811388,18.439089,18.110771,19.0,18.027758,18.110771,16.03122,15.033297,15.0,13.038405,12.649111,12.529964,14.142136,16.40122,17.804493,18.601074,0.0,0.6000502,0.7568345,0.7551044,0.7853982,0.7853982,0.74837804,0.69473827,0.6435011,0.66104317,0.5070985,0.21866895,0.09966865,0.09966865,-0.09065989,0.0,-0.11065722,-0.11065722,-0.24497867,-0.24497867,-0.35877067,-0.35877067,-0.4048918,-0.24497867,-0.124354996,0.0,0.16514868,0.0,0.0,0.0,0.0,0.0,0.0,0.0,0.0,0.0,0.0,0.0,1.849096,2.1112158,2.2142975,2.3561945,1.8925469,0.98279375,1.0303768,0.87605804,0.98279375,1.1071488,1.2490457,1.3521274,1.4601392,1.5707964,1.6262949,1.6814536,1.6332152,1.6373645,1.5707964,1.4940244,1.2490457,1.0714496,0.7853982,0.6556956,0.66596925,0.63274884
326,1760879484.0443761,RX1,Walking,62,0.0,23.086794,20.248457,17.088007,13.341663,10.049876,7.28011,6.4031243,7.615773,8.062258,11.045361,13.0,15.033297,16.0,17.0,18.027758,17.029385,15.132746,14.3178215,11.401754,9.486833,7.615773,5.3851647,4.0,3.6055512,4.2426405,5.8309517,0.0,0.0,0.0,0.0,0.0,0.0,0.0,0.0,0.0,0.0,0.0,5.0,5.3851647,7.071068,10.0,13.038405,15.033297,18.248287,18.681541,18.973665,19.697716,19.235384,18.35756,15.264338,13.038404,10.29563,8.246211,6.0827622,5.656854,9.848858,13.341663,17.262676,20.396078,22.36068,24.5153,25.70992,25.0,0.0,-2.83354,-2.7886024,-2.782822,-2.9147937,-3.041924,2.863293,2.4668517,1.9756881,1.6951513,1.6614562,1.5707964,1.5042281,1.5707964,1.5707964,1.6262949,1.6295521,1.7033478,1.7818897,1.8370484,1.8925469,1.9756881,1.9513026,1.5707964,0.98279375,0.7853982,0.5404195,0.0,0.0,0.0,0.0,0.0,0.0,0.0,0.0,0.0,0.0,0.0,-0.6435011,-1.19029,-1.4288993,-1.5707964,-1.4940244,-1.5042281,-1.4056476,-1.2998495,-1.2490457,-1.152572,-1.0838971,-1.0584068,-1.0191413,-1.0040671,-1.0636978,-1.3258177,-1.735945,-2.3561945,-2.7233684,-2.9147937,-2.9669204,-2.9441972,-2.961739,-2.9361973,-2.9060476,-2.8577986
327,1760879484.1062331,RX1,Walking,63,0.0,17.464249,16.124516,15.620499,14.866069,14.21267,14.422205,14.317821,13.928389,12.649111,13.341663,13.152946,14.3178215,14.142136,15.132746,15.132746,14.3178215,11.401754,11.704699,8.944272,7.615773,5.3851647,4.1231055,3.1622777,4.2426405,7.071068,8.602325,0.0,0.0,0.0,0.0,0.0,0.0,0.0,0.0,0.0,0.0,0.0,5.3851647,7.8102493,9.433981,11.18034,13.341663,14.035668,14.142136,14.56022,12.999999,11.18034,10.770329,8.5440035,8.062258,8.062258,9.486833,11.18034,13.892444,15.264338,19.723083,21.954498,22.36068,23.259407,23.769728,23.769728,22.472204,22.472204,0.0,2.7291822,2.6224465,2.4468544,2.4037776,2.2565258,2.158799,2.003204,1.9379702,1.8925469,1.7975951,1.7234457,1.7818897,1.7126933,1.7033478,1.7033478,1.7818897,1.8370484,1.9195673,2.0344439,1.9756881,1.9513026,1.815775,1.2490457,0.7853982,0.7853982,0.95054686,0.0,0.0,0.0,0.0,0.0,0.0,0.0,0.0,0.0,0.0,0.0,1.9513026,2.2655346,2.5829933,2.6779451,2.9147937,3.070285,-2.9996955,-2.863293,-2.7468016,-2.6779451,-2.7610862,-2.782822,-3.0172377,3.0172377,2.819842,2.6779451,2.6135182,2.5899377,2.6098685,2.616797,2.6779451,2.6971734,2.753274,2.753274,2.7776136,2.7776136
328,1760879484.268464,RX1,Walking,64,0.0,16.763054,17.0,15.811389,15.620499,15.556349,15.620499,15.0,15.811389,13.892444,13.416409,13.416409,14.764824,13.928389,12.999999,13.601471,12.083046,11.704699,11.18034,9.433981,7.2111025,6.4031243,4.2426405,3.1622777,2.236068,3.6055512,5.0,0.0,0.0,0.0,0.0,0.0,0.0,0.0,0.0,0.0,0.0,0.0,5.0,7.8102493,9.433981,10.770329,12.1655245,13.0,13.341663,13.601471,12.083046,11.18034,9.848858,8.5440035,8.062258,8.062258,9.486833,12.083046,14.764824,17.0,21.023798,22.84732,23.769728,24.351591,23.769728,23.769728,22.561028,21.587034,0.0,-1.8736812,-2.0607536,-2.176341,-2.2655346,-2.3561945,-2.4468544,-2.4980915,-2.536048,-2.6135182,-2.6779451,-2.6779451,-2.6476512,-2.7744188,-2.7468016,-2.8430936,-2.714965,-2.7928216,-2.6779451,-2.5829933,-2.55359,-2.4668517,-2.3561945,-2.819842,2.6779451,2.55359,2.4980915,0.0,0.0,0.0,0.0,0.0,0.0,0.0,0.0,0.0,0.0,0.0,-2.4980915,-2.2655346,-2.1293957,-1.9513026,-1.735945,-1.5707964,-1.3439975,-1.2722974,-1.1441689,-1.1071488,-1.152572,-1.2120256,-1.4464413,-1.6951513,-1.8925469,-1.9974238,-2.0647378,-2.0607536,-2.0131705,-1.9756881,-1.959115,-1.9055332,-1.8259788,-1.8259788,-1.7942729,-1.8045396
329,1760879484.338676,RX1,Walking,62,0.0,20.396078,23.769728,24.351591,20.248457,19.697716,18.027756,16.155495,15.811388,11.045361,10.049876,9.0,11.045361,10.440307,9.486833,10.440307,8.944272,8.602325,5.8309517,5.8309517,7.071068,6.4031243,7.8102493,6.4031243,7.2111025,7.615773,7.0,0.0,0.0,0.0,0.0,0.0,0.0,0.0,0.0,0.0,0.0,0.0,6.3245554,9.433981,7.615773,6.0827622,2.828427,5.0,5.656854,9.219544,12.041595,13.453625,17.492855,16.552946,18.788294,18.681541,19.416489,16.492422,18.439089,13.601471,12.999999,13.928389,10.0,10.630146,13.416409,12.649111,13.601471,20.615528,0.0,1.7681919,1.8259788,1.9055332,1.9237868,1.9890207,1.9100889,1.9513026,1.8925469,1.6614562,1.670465,1.5707964,1.4801364,1.2793396,1.2490457,1.2793396,1.1071488,0.95054686,1.0303768,1.0303768,0.7853982,0.8960554,0.87605804,0.8960554,0.98279375,1.1659045,1.5707964,0.0,0.0,0.0,0.0,0.0,0.0,0.0,0.0,0.0,0.0,0.0,-2.819842,-2.5829933,-2.7367008,-2.976444,-2.3561945,2.4980915,2.3561945,2.4329665,2.4149504,2.4087775,2.6011732,2.7049656,2.70175,2.8706458,2.9340963,2.896614,2.9229238,2.8430936,2.7468016,2.7744188,2.4980915,2.4227626,2.0344439,1.8925469,1.8692952,1.9693187
330,1760879484.371851,RX1,Walking,65,0.0,22.36068,22.022717,19.235384,16.27882,14.56022,14.317821,13.038404,12.7279215,11.313708,10.816654,11.661903,11.661903,10.770329,10.770329,10.440307,9.219544,8.062258,9.055386,8.062258,9.219544,8.5440035,7.615773,6.4031243,7.8102493,5.0,4.0,0.0,0.0,0.0,0.0,0.0,0.0,0.0,0.0,0.0,0.0,0.0,2.236068,2.0,5.0,7.071068,9.219544,11.704699,14.764824,16.40122,17.691807,17.804493,18.027756,17.0,15.652476,13.416409,11.18034,9.219544,8.602325,9.486833,12.0,14.142136,16.492422,19.416489,21.587034,23.537203,24.331049,24.331049,0.0,1.3909428,1.5253731,1.4141945,1.3854483,1.2924967,1.1383885,1.0040671,0.7853982,0.7853982,0.5880026,0.5404195,0.5404195,0.38050637,0.38050637,0.2914568,0.21866895,0.124354996,0.11065722,0.124354996,0.21866895,0.35877067,0.4048918,0.67474097,0.69473827,0.9272952,1.5707964,0.0,0.0,0.0,0.0,0.0,0.0,0.0,0.0,0.0,0.0,0.0,2.6779451,1.5707964,1.5707964,1.7126933,1.7894653,1.9195673,2.0647378,2.226492,2.3162158,2.4756234,2.55359,2.6516354,2.6779451,2.6779451,2.6779451,2.4329665,2.1910458,1.8925469,1.5707964,1.4288993,1.3258177,1.3633001,1.3370532,1.3567356,1.4056476,1.4056476
331,1760879484.378813,RX1,Walking,65,0.0,24.08319,22.022717,20.0,18.027758,15.132746,13.601471,13.416409,13.60147,12.206555,12.041595,12.041595,12.041595,10.816654,10.816654,10.29563,9.848858,8.944272,8.5440035,8.5440035,8.5440035,8.944272,8.602325,8.485281,7.2111025,6.3245554,5.0,0.0,0.0,0.0,0.0,0.0,0.0,0.0,0.0,0.0,0.0,0.0,2.236068,2.236068,6.0,8.062258,11.401754,12.999999,15.264338,17.029387,17.691807,18.439089,18.867962,17.0,16.552946,14.317821,12.529964,10.630146,8.602325,10.440307,13.038405,15.033297,18.110771,21.095024,23.194828,24.186773,25.079874,24.020824,0.0,3.0584514,-3.0961695,3.1415925,3.0860941,3.009041,2.8430936,2.6779451,2.5127964,2.5308666,2.4149504,2.2974386,2.2974386,2.158799,2.158799,2.077895,1.9890207,2.0344439,1.929567,1.929567,1.929567,2.0344439,2.1910458,2.3561945,2.55359,2.819842,3.1415925,0.0,0.0,0.0,0.0,0.0,0.0,0.0,0.0,0.0,0.0,0.0,-2.0344439,-2.6779451,3.1415925,-3.0172377,-2.8753407,-2.7468016,-2.5899377,-2.4393358,-2.3162158,-2.2794225,-2.1293957,-2.0607536,-2.0074234,-2.003204,-2.070143,-2.2896264,-2.5213432,-2.8501358,-3.0648208,3.0750246,3.0309355,3.0466409,3.0118902,3.0172377,3.0617626,3.09995
332,1760879484.479329,RX1,Walking,65,0.0,26.41969,25.079872,25.079872,23.769728,22.472204,21.023798,18.788294,17.0,13.892444,11.401754,11.313708,9.219544,9.433981,9.433981,8.5440035,8.246211,7.28011,8.062258,7.071068,7.071068,8.0,9.0,9.055386,9.219544,8.944272,7.8102493,0.0,0.0,0.0,0.0,0.0,0.0,0.0,0.0,0.0,0.0,0.0,6.0827622,5.0,4.0,1.4142135,2.0,5.0990195,8.062258,11.0,14.142136,16.492422,18.384775,19.723083,21.095022,20.615528,20.518286,18.384775,16.970562,15.556349,15.620499,13.038404,11.401754,11.0,12.369316,15.652476,18.35756,20.248457,0.0,-2.0852478,-1.9809237,-1.9809237,-1.959115,-1.9347752,-2.0131705,-2.010639,-2.0607536,-2.0988708,-2.2318394,-2.3561945,-2.4329665,-2.5829933,-2.5829933,-2.782822,-2.896614,-2.863293,-3.0172377,2.9996955,2.9996955,3.1415925,3.1415925,-3.0309355,-2.9229238,-2.6779451,-2.4468544,0.0,0.0,0.0,0.0,0.0,0.0,0.0,0.0,0.0,0.0,0.0,-0.16514868,0.0,0.0,-0.7853982,-1.5707964,-1.7681919,-1.6951513,-1.5707964,-1.4288993,-1.3258177,-1.1801893,-1.0390723,-1.022247,-0.88847977,-0.81986725,-0.7853982,-0.7853982,-0.7853982,-0.87605804,-1.0040671,-1.3045443,-1.5707964,-1.815775,-2.0344439,-2.0831857,-2.145101
333,1760879484.563848,RX1,Walking,67,0.0,16.27882,14.142136,12.529964,10.440307,11.045361,11.18034,10.440307,11.18034,10.816654,12.041595,11.313708,12.041595,12.041595,12.041595,12.806249,12.041595,10.630146,9.433981,8.944272,7.28011,6.0,4.472136,3.6055512,3.1622777,4.2426405,5.0990195,0.0,0.0,0.0,0.0,0.0,0.0,0.0,0.0,0.0,0.0,0.0,9.219544,11.045361,13.038405,14.56022,14.764824,15.811389,15.620499,14.866069,12.806249,10.630146,9.219544,7.2111025,7.071068,8.246211,10.29563,12.206555,15.811389,17.20465,22.203604,23.600847,25.0,25.23886,24.41311,24.41311,21.633308,20.0,0.0,-2.3996453,-2.3561945,-2.642246,-2.8501358,-3.050933,2.961739,2.8501358,2.6779451,2.55359,2.4149504,2.3561945,2.2974386,2.2974386,2.2974386,2.2455373,2.2974386,2.4227626,2.5829933,2.6779451,2.863293,3.1415925,-2.6779451,-2.158799,-1.2490457,-0.7853982,-0.19739556,0.0,0.0,0.0,0.0,0.0,0.0,0.0,0.0,0.0,0.0,0.0,-1.7894653,-1.6614562,-1.4940244,-1.2924967,-1.076855,-0.9652517,-0.87605804,-0.7378151,-0.67474097,-0.71883,-0.7086263,-0.98279375,-1.4288993,-1.815775,-2.077895,-2.1815224,-2.176341,-2.1910458,-2.1962814,-2.2058232,-2.2142975,-2.158799,-2.1815224,-2.1815224,-2.158799,-2.2142975
334,1760879484.671385,RX1,Walking,66,0.0,23.194828,23.537203,20.22375,18.110771,16.124516,16.03122,11.045361,10.440307,9.486833,7.8102493,7.8102493,7.615773,8.062258,9.219544,9.055386,12.0,10.0,10.198039,11.18034,10.816654,10.630146,7.8102493,7.615773,5.0,3.6055512,3.1622777,0.0,0.0,0.0,0.0,0.0,0.0,0.0,0.0,0.0,0.0,0.0,4.2426405,5.656854,7.2111025,9.219544,12.041595,14.21267,15.264338,17.492855,18.384775,18.681541,18.248287,17.117243,16.124516,14.3178215,12.369316,10.770329,9.433981,10.0,13.416409,14.56022,17.262676,19.235384,21.095024,22.090721,24.186773,23.194828,0.0,-3.0118902,-2.927532,-2.9927027,-3.0309355,-3.0172377,-3.0791738,3.050933,2.8501358,2.819842,2.4468544,2.2655346,1.9756881,1.6951513,1.7894653,1.6814536,1.5707964,1.5707964,1.7681919,2.0344439,2.158799,2.2896264,2.4468544,2.7367008,3.1415925,-2.55359,-1.8925469,0.0,0.0,0.0,0.0,0.0,0.0,0.0,0.0,0.0,0.0,0.0,-2.3561945,-2.3561945,-2.55359,-2.4329665,-2.4149504,-2.2565258,-2.1224513,-2.1112158,-1.9614034,-1.8417432,-1.735945,-1.6879051,-1.6951513,-1.7818897,-1.815775,-1.9513026,-2.1293957,-2.4980915,-2.6779451,-2.863293,-2.9669204,-2.9849908,-3.0466409,-3.050933,-3.0172377,-3.0118902
335,1760879485.076042,RX1,Walking,60,0.0,13.892444,17.492855,19.723083,21.095022,21.095022,21.095022,20.248457,17.492855,14.422205,10.816654,8.602325,5.8309517,2.828427,1.0,3.6055512,6.7082043,7.615773,9.486833,10.440307,11.18034,12.1655245,11.045361,10.0,9.055386,8.246211,6.3245554,0.0,0.0,0.0,0.0,0.0,0.0,0.0,0.0,0.0,0.0,0.0,15.524176,16.27882,16.03122,16.0,15.033297,12.041595,10.049876,6.0,3.1622777,3.0,6.4031243,9.899495,13.453625,16.27882,18.439089,19.209373,20.615528,20.615528,22.022717,20.615528,17.804493,14.422205,10.29563,6.3245554,2.828427,6.0,0.0,2.6135182,2.6011732,2.6098685,2.5930433,2.5930433,2.5930433,2.567288,2.6011732,2.55359,2.55359,2.5213432,2.6011732,2.3561945,0.0,-0.5880026,-0.4636476,-0.4048918,-0.32175055,-0.2914568,-0.1798535,-0.16514868,-0.09065989,0.0,0.11065722,0.24497867,0.32175055,0.0,0.0,0.0,0.0,0.0,0.0,0.0,0.0,0.0,0.0,0.0,1.3101939,1.3854483,1.5083776,1.5707964,1.6373645,1.6539376,1.670465,1.5707964,1.2490457,0.0,-0.67474097,-0.7853982,-0.8379812,-0.8288491,-0.86217004,-0.8960554,-0.88847977,-0.88847977,-0.88187194,-0.88847977,-0.90482706,-0.98279375,-1.0636978,-1.2490457,-2.3561945,3.1415925
336,1760879485.079801,RX1,Walking,60,0.0,12.206555,15.264338,16.643316,18.027756,19.416489,19.416489,18.027756,16.40122,13.60147,10.816654,8.602325,6.4031243,3.6055512,1.4142135,2.0,4.1231055,6.3245554,8.246211,9.219544,10.049876,11.045361,11.0,11.045361,11.18034,9.486833,8.5440035,0.0,0.0,0.0,0.0,0.0,0.0,0.0,0.0,0.0,0.0,0.0,15.264338,14.764824,13.928389,12.649111,10.440307,8.246211,5.3851647,3.1622777,4.1231055,7.071068,10.0,12.806249,15.0,17.20465,18.601074,20.0,20.0,19.416489,20.808653,18.027756,15.264338,13.038404,8.944272,4.1231055,2.828427,4.1231055,0.0,0.9600704,1.0191413,0.99945885,0.98279375,0.96850896,0.96850896,0.98279375,0.9151007,0.94200003,0.98279375,0.95054686,0.8960554,0.98279375,0.7853982,-1.5707964,-1.815775,-1.8925469,-1.815775,-1.7894653,-1.670465,-1.6614562,-1.5707964,-1.4801364,-1.3909428,-1.2490457,-1.2120256,0.0,0.0,0.0,0.0,0.0,0.0,0.0,0.0,0.0,0.0,0.0,-0.551655,-0.49394137,-0.36717382,-0.32175055,-0.2914568,-0.24497867,-0.38050637,-1.2490457,-1.815775,-2.3561945,-2.4980915,-2.4668517,-2.4980915,-2.5213432,-2.508844,-2.4980915,-2.4980915,-2.5393052,-2.5269296,-2.55359,-2.5899377,-2.5748634,-2.6779451,-2.896614,2.3561945,1.3258177
337,1760879485.152075,RX1,Walking,60,0.0,15.0,17.20465,19.416489,20.615528,20.615528,20.615528,19.209373,17.804493,14.21267,12.041595,9.219544,6.4031243,3.6055512,0.0,2.828427,5.0,6.4031243,8.602325,9.433981,11.18034,11.18034,11.704699,10.440307,10.198039,8.062258,7.0,0.0,0.0,0.0,0.0,0.0,0.0,0.0,0.0,0.0,0.0,0.0,16.124516,16.03122,15.033297,14.142136,12.369316,9.219544,7.28011,4.0,2.0,4.2426405,8.485281,12.041595,14.866069,17.029387,19.104973,19.849434,20.615528,20.615528,20.615528,19.209373,16.40122,13.038404,8.062258,4.1231055,2.236068,5.3851647,0.0,2.4980915,2.5213432,2.5393052,2.4592762,2.4592762,2.4592762,2.4668517,2.4756234,2.4558632,2.4149504,2.4329665,2.4668517,2.55359,0.0,-0.7853982,-0.6435011,-0.67474097,-0.6202495,-0.5585993,-0.4636476,-0.4636476,-0.348771,-0.2914568,-0.19739556,-0.124354996,0.0,0.0,0.0,0.0,0.0,0.0,0.0,0.0,0.0,0.0,0.0,0.0,1.4464413,1.5083776,1.6373645,1.7126933,1.815775,1.7894653,1.849096,1.5707964,0.0,-0.7853982,-0.7853982,-0.844154,-0.8329813,-0.8685394,-0.8224183,-0.85670567,-0.88847977,-0.88847977,-0.88847977,-0.8960554,-0.9151007,-1.0040671,-1.0516502,-1.3258177,-2.6779451,2.7610862
338,1760879485.155982,RX1,Walking,60,0.0,14.866069,16.40122,19.209373,20.518286,20.518286,20.518286,19.104973,16.970562,14.142136,11.313708,9.219544,6.4031243,3.6055512,0.0,2.828427,5.656854,6.4031243,8.602325,10.0,10.816654,11.18034,10.770329,10.440307,10.198039,9.0,7.071068,0.0,0.0,0.0,0.0,0.0,0.0,0.0,0.0,0.0,0.0,0.0,15.524176,15.297058,15.033297,14.0,12.041595,10.049876,7.0,3.1622777,1.0,4.2426405,7.8102493,12.041595,15.0,17.20465,18.601074,20.0,20.808653,19.416489,21.633308,18.867962,16.124516,12.529964,8.5440035,4.1231055,2.236068,5.3851647,0.0,2.4037776,2.485897,2.4668517,2.3906636,2.3906636,2.3906636,2.3932147,2.3561945,2.3561945,2.3561945,2.4329665,2.4668517,2.55359,0.0,-0.7853982,-0.7853982,-0.67474097,-0.6202495,-0.6435011,-0.5880026,-0.4636476,-0.38050637,-0.2914568,-0.19739556,0.0,0.14189705,0.0,0.0,0.0,0.0,0.0,0.0,0.0,0.0,0.0,0.0,0.0,1.3101939,1.3734008,1.5042281,1.5707964,1.6539376,1.670465,1.5707964,1.2490457,0.0,-0.7853982,-0.87605804,-0.844154,-0.9272952,-0.95054686,-0.93804747,-0.9272952,-0.95613337,-0.96850896,-0.98279375,-1.012197,-1.0516502,-1.0714496,-1.2120256,-1.3258177,-2.6779451,2.7610862
339,1760879485.2146618,RX1,Walking,60,0.0,12.649111,15.811388,17.720043,18.973665,18.973665,18.973665,17.720043,15.811388,12.649111,10.440307,8.5440035,5.8309517,3.6055512,2.0,3.6055512,5.3851647,6.7082043,8.944272,8.944272,9.433981,10.0,9.899495,9.219544,8.602325,7.615773,6.3245554,0.0,0.0,0.0,0.0,0.0,0.0,0.0,0.0,0.0,0.0,0.0,14.866069,15.0,14.764824,14.317821,13.601471,11.401754,9.486833,6.3245554,3.6055512,3.0,5.0,8.485281,11.401754,13.60147,15.811389,17.20465,17.20465,17.804493,18.601074,16.40122,14.422205,11.661903,8.062258,4.0,3.6055512,6.0,0.0,-1.8925469,-1.8925469,-1.8568478,-1.8925469,-1.8925469,-1.8925469,-1.8568478,-1.8925469,-1.8925469,-1.8622531,-1.929567,-2.1112158,-2.55359,3.1415925,2.158799,1.9513026,2.0344439,2.0344439,2.0344439,2.1293957,2.2142975,2.3561945,2.4329665,2.5213432,2.7367008,2.819842,0.0,0.0,0.0,0.0,0.0,0.0,0.0,0.0,0.0,0.0,0.0,2.4037776,2.4980915,2.6476512,2.709185,2.8430936,2.8753407,2.819842,2.819842,2.55359,1.5707964,0.9272952,0.7853982,0.66104317,0.6287963,0.6055447,0.6202495,0.6202495,0.66596925,0.63274884,0.6556956,0.5880026,0.5404195,0.5191461,0.0,-0.98279375,-1.5707964
340,1760879485.3329039,RX1,Walking,60,0.0,15.264338,17.20465,20.248457,20.248457,21.095022,21.095022,20.808653,18.867962,15.811389,13.038404,10.0,7.2111025,5.0,2.236068,1.0,3.6055512,5.8309517,8.062258,10.29563,10.770329,11.704699,12.369316,11.045361,11.0,10.049876,8.246211,0.0,0.0,0.0,0.0,0.0,0.0,0.0,0.0,0.0,0.0,0.0,15.811388,15.231546,13.892444,13.038404,10.816654,7.2111025,5.3851647,3.1622777,4.472136,7.071068,11.045361,14.035668,17.029385,19.0,20.0,21.0,21.0,21.0,21.0,19.0,16.0,13.038405,8.246211,4.472136,4.0,6.4031243,0.0,2.1224513,2.1910458,2.145101,2.145101,2.1193457,2.1193457,2.1854594,2.1293957,2.176341,2.1375256,2.2142975,2.158799,2.2142975,2.0344439,0.0,-0.5880026,-0.5404195,-0.5191461,-0.5070985,-0.38050637,-0.348771,-0.24497867,-0.09065989,0.0,0.09966865,0.24497867,0.0,0.0,0.0,0.0,0.0,0.0,0.0,0.0,0.0,0.0,0.0,0.32175055,0.4048918,0.52807444,0.5667292,0.5880026,0.5880026,0.38050637,-0.32175055,-1.1071488,-1.4288993,-1.4801364,-1.4994888,-1.5120405,-1.5707964,-1.5707964,-1.5707964,-1.5707964,-1.5707964,-1.5707964,-1.5707964,-1.5707964,-1.6475682,-1.815775,-2.0344439,3.1415925,2.4668517
341,1760879485.45766,RX1,Walking,69,0.0,8.246211,11.401754,13.928389,16.124516,18.027756,19.416489,20.248457,19.416489,16.40122,14.21267,14.866069,12.7279215,12.041595,9.219544,6.4031243,5.8309517,2.0,1.4142135,2.0,5.0990195,7.28011,9.219544,11.045361,12.041595,11.045361,11.401754,0.0,0.0,0.0,0.0,0.0,0.0,0.0,0.0,0.0,0.0,0.0,9.486833,9.055386,9.055386,8.5440035,7.8102493,7.071068,5.0,2.236068,1.0,3.1622777,6.3245554,10.049876,12.041595,16.0,18.110771,20.099752,21.213203,22.203604,24.331049,23.345236,22.203604,20.22375,17.117243,14.035668,11.045361,8.5440035,0.0,-0.24497867,-0.26625204,-0.36717382,-0.5191461,-0.5880026,-0.60228735,-0.5743048,-0.60228735,-0.6556956,-0.6857295,-0.7378151,-0.7853982,-0.844154,-0.86217004,-0.8960554,-1.0303768,-1.5707964,-2.3561945,3.1415925,2.9441972,2.863293,2.9229238,3.050933,3.0584514,-3.050933,-2.8753407,0.0,0.0,0.0,0.0,0.0,0.0,0.0,0.0,0.0,0.0,0.0,2.819842,3.0309355,-3.0309355,-2.782822,-2.4468544,-2.3561945,-2.4980915,-2.0344439,0.0,1.2490457,1.2490457,1.4711276,1.487655,1.5707964,1.6814536,1.670465,1.7126933,1.7063241,1.735945,1.7429872,1.7063241,1.7196863,1.6879051,1.6421038,1.4801364,1.2120256
342,1760879485.5437598,RX1,Walking,61,0.0,21.931713,17.088007,12.999999,8.062258,4.2426405,2.236068,5.0990195,10.0,11.045361,14.0,16.03122,17.0,17.0,17.029385,16.03122,15.132746,12.369316,10.440307,7.615773,4.472136,1.4142135,1.0,3.6055512,5.8309517,8.062258,9.486833,0.0,0.0,0.0,0.0,0.0,0.0,0.0,0.0,0.0,0.0,0.0,4.1231055,5.0,7.28011,11.18034,14.3178215,17.46425,19.924858,21.189621,21.540659,21.023798,21.470911,19.235384,15.652476,12.999999,9.486833,6.0827622,4.2426405,7.0,11.401754,16.155495,19.235384,22.825424,25.942244,26.832817,27.29469,26.832817,0.0,2.7187388,2.782822,2.7468016,2.6224465,2.3561945,1.1071488,0.19739556,0.0,-0.09065989,0.0,-0.06241881,0.0,0.0,0.058755822,0.06241881,0.13255154,0.24497867,0.2914568,0.4048918,0.4636476,0.7853982,3.1415925,-2.158799,-2.1112158,-2.0899425,-1.8925469,0.0,0.0,0.0,0.0,0.0,0.0,0.0,0.0,0.0,0.0,0.0,-0.24497867,-0.9272952,-1.2924967,-1.3909428,-1.359703,-1.3397057,-1.2649175,-1.2341216,-1.19029,-1.1284221,-1.0863184,-1.0838971,-1.1071488,-1.1760052,-1.2490457,-1.735945,-2.3561945,3.1415925,2.8753407,2.7610862,2.6546934,2.6387494,2.6607053,2.6779451,2.64517,2.6779451
343,1760879485.930968,RX1,Walking,65,0.0,8.602325,10.0,12.206555,13.416409,15.652476,16.552946,18.384775,18.384775,16.552946,15.231546,14.317821,12.999999,11.18034,9.848858,6.7082043,6.3245554,4.0,2.828427,5.0990195,6.3245554,9.219544,10.440307,11.18034,11.401754,11.313708,10.816654,0.0,0.0,0.0,0.0,0.0,0.0,0.0,0.0,0.0,0.0,0.0,8.5440035,9.219544,10.049876,11.045361,11.18034,10.770329,9.848858,8.062258,6.7082043,4.0,3.6055512,5.0,8.062258,10.770329,12.999999,14.317821,17.0,17.0,20.59126,20.59126,19.723083,18.867962,17.0,15.652476,12.649111,11.18034,0.0,0.95054686,0.9272952,0.61072594,0.4636476,0.4636476,0.43662718,0.39060703,0.39060703,0.43662718,0.4048918,0.43240777,0.39479113,0.4636476,0.41822433,0.4636476,0.32175055,0.0,-0.7853982,-1.3734008,-1.2490457,-1.3521274,-1.2793396,-1.1071488,-0.90975314,-0.7853982,-0.5880026,0.0,0.0,0.0,0.0,0.0,0.0,0.0,0.0,0.0,0.0,0.0,2.782822,2.9229238,3.041924,-3.050933,-2.961739,-2.7610862,-2.7233684,-2.6224465,-2.6779451,3.1415925,2.55359,2.2142975,2.0899425,1.9513026,1.9655875,2.003204,2.0607536,2.0607536,2.077895,2.077895,2.1025205,2.1293957,2.0607536,2.0344439,1.8925469,1.7506498
344,1760879486.948535,RX1,Walking,67,0.0,27.202942,22.84732,19.313208,13.601471,9.486833,7.0,3.6055512,6.0827622,7.615773,10.770329,14.422205,16.124516,17.492855,16.643316,18.35756,17.888544,14.317821,12.649111,10.770329,8.246211,5.0990195,2.828427,2.236068,5.0,8.602325,11.313708,0.0,0.0,0.0,0.0,0.0,0.0,0.0,0.0,0.0,0.0,0.0,2.236068,5.0990195,6.0827622,9.219544,12.369316,14.56022,16.155495,18.788294,19.723083,20.0,19.209373,17.691807,16.970562,13.453625,10.816654,8.5440035,7.0,6.4031243,10.816654,13.928389,18.681541,21.84033,24.738632,26.925825,27.89265,27.89265,0.0,1.8692952,1.9756881,1.9416876,1.8692952,1.8925469,1.5707964,0.98279375,-0.16514868,-0.4048918,-0.38050637,-0.5880026,-0.5191461,-0.5404195,-0.57133746,-0.5123895,-0.4636476,-0.43240777,-0.32175055,-0.38050637,-0.24497867,-0.19739556,-0.7853982,-2.0344439,-2.4980915,-2.5213432,-2.3561945,0.0,0.0,0.0,0.0,0.0,0.0,0.0,0.0,0.0,0.0,0.0,-2.6779451,-2.9441972,-2.976444,-2.9229238,-2.896614,-2.863293,-2.7610862,-2.70175,-2.6098685,-2.4980915,-2.4668517,-2.3961732,-2.3561945,-2.4087775,-2.55359,-2.782822,3.1415925,2.4668517,2.158799,1.9379702,1.8417432,1.849096,1.815775,1.833791,1.8244704,1.8244704
345,1760879486.9687371,RX1,Walking,67,0.0,26.172506,22.803509,19.209373,14.866069,9.899495,5.8309517,4.0,5.3851647,7.071068,11.0,14.035668,15.132746,16.124516,17.029385,18.027758,17.0,15.033297,12.041595,10.049876,7.071068,5.0990195,2.828427,2.236068,5.0,7.615773,10.770329,0.0,0.0,0.0,0.0,0.0,0.0,0.0,0.0,0.0,0.0,0.0,3.1622777,4.2426405,6.4031243,8.485281,12.041595,14.21267,15.811389,17.492855,18.788294,18.788294,18.973665,17.720043,15.524176,12.649111,10.770329,7.8102493,6.7082043,7.071068,10.770329,14.21267,17.691807,20.518286,24.758837,26.870058,26.870058,26.172506,0.0,2.383215,2.4805496,2.4668517,2.4037776,2.3561945,2.1112158,1.5707964,0.38050637,0.14189705,0.0,-0.071307465,-0.13255154,-0.124354996,-0.058755822,-0.055498507,0.0,0.066568166,0.08314123,0.09966865,0.14189705,0.19739556,-0.7853982,-2.0344439,-2.2142975,-1.9756881,-1.9513026,0.0,0.0,0.0,0.0,0.0,0.0,0.0,0.0,0.0,0.0,0.0,-1.8925469,-2.3561945,-2.4668517,-2.3561945,-2.4149504,-2.2565258,-2.176341,-2.1112158,-2.010639,-2.010639,-1.8925469,-1.8568478,-1.8313987,-1.8925469,-1.9513026,-2.2655346,-2.6779451,2.9996955,2.7610862,2.4558632,2.3961732,2.3906636,2.3276308,2.3561945,2.3561945,2.383215
346,1760879487.554946,RX1,Walking,47,0.0,12.041595,14.142136,16.03122,16.03122,17.029385,18.027758,17.117243,17.117243,14.035668,12.041595,11.045361,9.0,8.246211,7.615773,8.485281,10.0,10.630146,12.206555,13.453625,14.142136,13.60147,13.892444,12.999999,11.401754,10.198039,8.246211,0.0,0.0,0.0,0.0,0.0,0.0,0.0,0.0,0.0,0.0,0.0,15.297058,15.033297,15.033297,15.297058,14.56022,13.601471,12.083046,11.704699,10.198039,10.049876,10.049876,11.18034,12.649111,13.601471,13.928389,15.811388,15.811388,15.811388,17.720043,16.763054,14.86607,13.928389,12.083046,10.816654,10.630146,10.0,0.0,-1.487655,-1.4288993,-1.5083776,-1.5083776,-1.5120405,-1.5152978,-1.4536875,-1.4536875,-1.4994888,-1.487655,-1.4801364,-1.5707964,-1.815775,-1.9756881,-2.3561945,-2.4980915,-2.4227626,-2.5308666,-2.4087775,-2.3561945,-2.1995926,-2.0988708,-1.9655875,-1.8370484,-1.7681919,-1.815775,0.0,0.0,0.0,0.0,0.0,0.0,0.0,0.0,0.0,0.0,0.0,-0.19739556,-0.066568166,0.066568166,0.19739556,0.27829966,0.29849893,0.4266275,0.348771,0.19739556,0.09966865,-0.09966865,-0.1798535,-0.32175055,-0.29849893,-0.36717382,-0.32175055,-0.32175055,-0.32175055,-0.28605142,-0.30288488,-0.34302393,-0.36717382,-0.4266275,-0.5880026,-0.71883,-0.9272952
347,1760879487.559267,RX1,Walking,47,0.0,12.083046,13.928389,15.652476,15.652476,16.552946,17.0,16.552946,15.652476,15.652476,13.416409,12.529964,10.816654,9.219544,8.062258,8.246211,10.049876,11.0,13.0,15.033297,15.132746,15.524176,14.86607,14.764824,13.60147,11.401754,9.899495,0.0,0.0,0.0,0.0,0.0,0.0,0.0,0.0,0.0,0.0,0.0,16.124516,16.155495,16.492422,16.27882,16.03122,14.0,13.0,12.041595,11.18034,10.770329,11.18034,12.206555,13.453625,14.866069,16.27882,16.27882,16.970562,17.691807,16.970562,16.27882,14.866069,14.21267,12.206555,10.29563,9.486833,9.219544,0.0,-1.9974238,-1.9379702,-2.0344439,-2.0344439,-2.0074234,-2.0607536,-2.0074234,-2.0344439,-2.0344439,-2.0344439,-2.070143,-2.158799,-2.2794225,-2.6224465,-2.896614,-3.041924,3.1415925,3.1415925,-3.0750246,-3.009041,-2.8809903,-2.7985687,-2.6476512,-2.5127964,-2.4805496,-2.3561945,0.0,0.0,0.0,0.0,0.0,0.0,0.0,0.0,0.0,0.0,0.0,-0.5191461,-0.38050637,-0.24497867,-0.18534794,-0.06241881,0.0,0.0,-0.08314123,-0.1798535,-0.38050637,-0.4636476,-0.61072594,-0.7328151,-0.7378151,-0.7419473,-0.7419473,-0.7853982,-0.7454195,-0.7853982,-0.7419473,-0.8329813,-0.8850668,-0.9600704,-1.0636978,-1.2490457,-1.3521274
348,1760879487.563704,RX1,Walking,47,0.0,10.630146,12.806249,14.21267,14.866069,15.556349,15.556349,15.620499,14.866069,13.453625,12.041595,10.630146,9.219544,8.062258,7.28011,7.071068,8.246211,10.440307,11.704699,13.341663,14.3178215,14.035668,14.035668,13.152946,11.704699,9.848858,8.944272,0.0,0.0,0.0,0.0,0.0,0.0,0.0,0.0,0.0,0.0,0.0,17.029387,17.029387,17.20465,17.0,16.155495,14.86607,13.928389,12.999999,12.083046,10.816654,12.041595,12.041595,13.60147,15.264338,16.124516,16.124516,17.0,17.0,17.0,16.124516,15.652476,14.317821,12.999999,10.440307,10.049876,10.0,0.0,2.4227626,2.4668517,2.4558632,2.4037776,2.3561945,2.3561945,2.4468544,2.4037776,2.4087775,2.4149504,2.4227626,2.2794225,2.0899425,1.849096,1.4288993,1.3258177,1.2793396,1.2220253,1.3439975,1.359703,1.4994888,1.6421038,1.7234457,1.9195673,1.9890207,2.0344439,0.0,0.0,0.0,0.0,0.0,0.0,0.0,0.0,0.0,0.0,0.0,-2.4393358,-2.2730532,-2.1910458,-2.0607536,-1.9513026,-1.9138203,-1.9379702,-1.9655875,-1.9974238,-2.158799,-2.2974386,-2.4149504,-2.5127964,-2.5899377,-2.6224465,-2.6224465,-2.6516354,-2.6516354,-2.6516354,-2.6224465,-2.6779451,-2.709185,-2.7468016,-2.8501358,-3.041924,3.1415925
349,1760879487.7600708,RX1,Walking,49,0.0,13.0,13.0,12.369316,10.770329,10.816654,12.041595,12.7279215,14.21267,13.453625,13.453625,14.866069,14.142136,14.142136,13.453625,12.041595,10.630146,8.485281,7.8102493,8.062258,8.062258,8.944272,9.848858,10.29563,10.816654,10.630146,10.630146,0.0,0.0,0.0,0.0,0.0,0.0,0.0,0.0,0.0,0.0,0.0,11.045361,12.1655245,13.341663,14.86607,15.231546,17.0,17.492855,16.40122,16.27882,15.556349,14.866069,14.142136,12.7279215,11.401754,11.661903,10.770329,11.401754,12.1655245,16.03122,16.03122,18.027758,18.027758,18.027758,18.027758,18.110771,16.124516,0.0,1.5707964,1.5707964,1.3258177,1.19029,0.98279375,0.844154,0.7853982,0.6857295,0.7328151,0.7328151,0.7378151,0.7853982,0.7853982,0.8379812,0.844154,0.8519663,0.7853982,0.69473827,0.5191461,0.5191461,0.4636476,0.41822433,0.5070985,0.5880026,0.71883,0.8519663,0.0,0.0,0.0,0.0,0.0,0.0,0.0,0.0,0.0,0.0,0.0,1.6614562,1.735945,1.7975951,1.9138203,1.9756881,2.0607536,2.1112158,2.226492,2.3127437,2.3561945,2.4037776,2.3561945,2.3561945,2.2318394,2.1112158,1.9513026,1.8370484,1.735945,1.6332152,1.6332152,1.6262949,1.6262949,1.6262949,1.6262949,1.6814536,1.6951513
350,1760879487.763954,RX1,Walking,49,0.0,15.652476,13.601471,12.369316,12.0,13.038405,13.341663,14.86607,16.155495,15.231546,15.811388,15.811388,15.811388,15.524176,14.3178215,13.341663,12.369316,10.440307,9.848858,9.433981,9.433981,10.816654,12.206555,12.529964,12.999999,12.649111,13.152946,0.0,0.0,0.0,0.0,0.0,0.0,0.0,0.0,0.0,0.0,0.0,12.083046,12.529964,14.422205,15.0,16.27882,16.970562,17.804493,17.492855,17.0,16.552946,15.231546,14.317821,12.529964,12.206555,11.313708,12.041595,12.206555,13.892444,15.652476,17.464249,18.788294,18.788294,20.124613,19.235384,18.35756,18.35756,0.0,-1.1071488,-1.2722974,-1.3258177,-1.5707964,-1.6475682,-1.7975951,-1.9138203,-1.9513026,-1.9756881,-1.8925469,-1.8925469,-1.8925469,-1.8313987,-1.7818897,-1.7975951,-1.815775,-1.8622531,-1.9890207,-2.1293957,-2.1293957,-2.158799,-2.1815224,-2.070143,-1.9655875,-1.8925469,-1.7234457,0.0,0.0,0.0,0.0,0.0,0.0,0.0,0.0,0.0,0.0,0.0,-1.1441689,-1.0714496,-0.98279375,-0.9272952,-0.8288491,-0.7853982,-0.66596925,-0.5404195,-0.48995733,-0.43662718,-0.4048918,-0.43240777,-0.49934673,-0.61072594,-0.7853982,-0.844154,-0.9600704,-1.0427219,-1.1071488,-1.1583859,-1.1309538,-1.1309538,-1.1071488,-1.0838971,-1.0584068,-1.0584068
351,1760879487.9906461,RX1,Walking,62,0.0,23.086792,20.024984,15.0,11.045361,7.28011,4.472136,5.3851647,9.219544,11.313708,12.806249,16.40122,17.804493,18.601074,19.209373,18.439089,17.029387,13.453625,12.041595,8.485281,5.656854,3.6055512,2.236068,4.472136,7.28011,9.486833,11.704699,0.0,0.0,0.0,0.0,0.0,0.0,0.0,0.0,0.0,0.0,0.0,4.1231055,7.071068,10.0,12.041595,15.297058,17.720043,19.697716,20.59126,20.248457,20.0,18.439089,16.27882,14.21267,11.401754,8.062258,5.0,5.656854,8.246211,13.152946,17.029385,21.0,24.0,27.0,28.0,29.0,28.0,0.0,-3.0548544,-3.0916343,3.1415925,3.050933,2.863293,2.0344439,1.19029,0.86217004,0.7853982,0.67474097,0.6556956,0.66596925,0.63274884,0.67474097,0.7086263,0.7022569,0.7328151,0.7266423,0.7853982,0.7853982,0.5880026,-0.4636476,-1.1071488,-1.2924967,-1.2490457,-1.2220253,0.0,0.0,0.0,0.0,0.0,0.0,0.0,0.0,0.0,0.0,0.0,-1.815775,-1.7126933,-1.5707964,-1.487655,-1.3734008,-1.2847449,-1.152572,-1.0636978,-0.9964915,-0.9272952,-0.86217004,-0.8288491,-0.8850668,-0.90975314,-1.0516502,-1.5707964,-2.3561945,-2.896614,-2.9889433,-3.0828369,3.1415925,3.1415925,3.1415925,3.1415925,3.1415925,3.1415925
352,1760879489.055202,RX1,Walking,63,0.0,22.135942,19.416489,15.524176,11.704699,8.062258,6.3245554,5.3851647,8.485281,10.816654,13.416409,15.652476,17.464249,18.788294,19.235384,19.235384,19.235384,15.811389,13.60147,12.041595,8.485281,5.656854,2.236068,2.0,5.0,8.062258,10.198039,0.0,0.0,0.0,0.0,0.0,0.0,0.0,0.0,0.0,0.0,0.0,1.4142135,4.0,6.0827622,9.0,12.041595,14.142136,15.297058,16.763054,18.384775,17.888544,17.0,15.264338,13.038404,10.29563,7.615773,5.0,4.2426405,6.0827622,10.049876,14.142136,17.720043,19.646885,22.803509,24.041632,24.738632,23.769728,0.0,-0.32175055,-0.20749623,-0.26060238,-0.348771,-0.5191461,-1.2490457,-1.9513026,-2.3561945,-2.55359,-2.6779451,-2.6779451,-2.7291822,-2.70175,-2.6546934,-2.6546934,-2.6546934,-2.536048,-2.5127964,-2.4149504,-2.3561945,-2.3561945,-2.6779451,1.5707964,1.5707964,1.6951513,1.7681919,0.0,0.0,0.0,0.0,0.0,0.0,0.0,0.0,0.0,0.0,0.0,2.3561945,1.5707964,1.4056476,1.5707964,1.6539376,1.7126933,1.7681919,1.8736812,1.9614034,2.0344439,2.0607536,2.1224513,2.1375256,2.077895,1.9756881,1.5707964,0.7853982,0.16514868,-0.09966865,-0.14189705,-0.28605142,-0.2573237,-0.26625204,-0.29544082,-0.24497867,-0.2551824
353,1760879489.071028,RX1,Walking,63,0.0,22.472204,19.646885,15.811388,12.083046,8.602325,6.7082043,6.0827622,9.219544,11.401754,13.892444,16.124516,17.492855,19.235384,19.723083,19.723083,19.416489,16.40122,14.866069,12.7279215,9.219544,6.4031243,2.828427,1.4142135,5.0990195,8.246211,10.770329,0.0,0.0,0.0,0.0,0.0,0.0,0.0,0.0,0.0,0.0,0.0,1.0,3.1622777,6.3245554,8.246211,11.045361,14.0,16.03122,17.262676,17.720043,17.088007,17.464249,15.652476,13.416409,10.770329,8.246211,5.0990195,5.0,7.071068,10.049876,14.3178215,17.720043,20.880613,23.409397,24.351591,25.298222,25.0,0.0,-0.36397895,-0.2573237,-0.32175055,-0.4266275,-0.6202495,-1.1071488,-1.735945,-2.2794225,-2.4805496,-2.6135182,-2.6224465,-2.6011732,-2.6546934,-2.6098685,-2.6098685,-2.5393052,-2.485897,-2.4037776,-2.3561945,-2.2794225,-2.2455373,-2.3561945,2.3561945,1.7681919,1.815775,1.9513026,0.0,0.0,0.0,0.0,0.0,0.0,0.0,0.0,0.0,0.0,0.0,1.5707964,1.2490457,1.2490457,1.3258177,1.4801364,1.5707964,1.6332152,1.7454685,1.8568478,1.929567,1.9832067,2.0344439,2.0344439,1.9513026,1.815775,1.3734008,0.6435011,0.14189705,-0.09966865,-0.21109334,-0.28605142,-0.2914568,-0.348771,-0.33473682,-0.32175055,-0.2837941
354,1760879489.147968,RX1,Walking,62,0.0,10.770329,9.055386,7.615773,8.602325,11.704699,14.56022,17.262676,18.248287,19.235384,19.235384,19.235384,19.235384,18.248287,16.27882,14.56022,11.401754,8.246211,4.1231055,2.236068,3.0,6.3245554,8.5440035,11.18034,12.041595,14.035668,14.56022,0.0,0.0,0.0,0.0,0.0,0.0,0.0,0.0,0.0,0.0,0.0,8.246211,10.440307,12.529964,13.60147,14.866069,15.620499,15.0,13.892444,12.529964,10.29563,8.602325,5.656854,5.0990195,6.3245554,7.8102493,11.313708,14.21267,17.029387,20.615528,22.803509,23.600847,24.207438,23.430748,22.022717,20.615528,17.804493,0.0,-1.19029,-1.4601392,-1.9756881,-2.5213432,-2.7928216,-2.863293,-2.9669204,-2.976444,-2.9849908,-2.9849908,-2.9849908,-2.9849908,-2.976444,-2.9562447,-2.863293,-2.8753407,-2.896614,-2.896614,2.6779451,1.5707964,1.2490457,1.2120256,1.3909428,1.487655,1.6421038,1.849096,0.0,0.0,0.0,0.0,0.0,0.0,0.0,0.0,0.0,0.0,0.0,0.24497867,0.2914568,0.49934673,0.6287963,0.7378151,0.87605804,0.9272952,1.0427219,1.0714496,1.0636978,0.95054686,0.7853982,0.19739556,-0.32175055,-0.69473827,-0.7853982,-0.8850668,-0.8685394,-0.88847977,-0.90975314,-0.93576956,-0.9025069,-0.87605804,-0.88187194,-0.88847977,-0.90482706
355,1760879489.2876632,RX1,Walking,62,0.0,12.041595,15.0,17.0,17.029385,19.026297,19.026297,19.026297,18.0,15.0,13.038405,10.049876,10.049876,7.28011,5.3851647,2.236068,4.1231055,4.472136,7.071068,9.219544,10.630146,11.18034,12.083046,12.649111,11.045361,11.0,9.219544,0.0,0.0,0.0,0.0,0.0,0.0,0.0,0.0,0.0,0.0,0.0,11.0,12.1655245,10.770329,10.29563,8.062258,7.2111025,5.0,3.0,3.6055512,5.3851647,8.246211,11.401754,13.601471,14.86607,17.088007,17.088007,17.464249,17.464249,18.384775,17.464249,15.231546,13.601471,10.198039,8.062258,7.615773,7.2111025,0.0,-3.0584514,3.1415925,3.1415925,3.0828369,3.0890095,3.0890095,3.0890095,3.1415925,3.1415925,3.0648208,3.041924,3.041924,2.863293,2.7610862,2.0344439,1.3258177,1.1071488,0.7853982,0.86217004,0.8519663,1.1071488,1.1441689,1.2490457,1.4801364,1.5707964,1.7894653,0.0,0.0,0.0,0.0,0.0,0.0,0.0,0.0,0.0,0.0,0.0,0.0,0.16514868,0.38050637,0.5070985,0.5191461,0.5880026,0.6435011,0.0,-0.98279375,-1.19029,-1.3258177,-1.3045443,-1.2722974,-1.2277724,-1.2120256,-1.2120256,-1.1583859,-1.1583859,-1.1801893,-1.1583859,-1.1659045,-1.2722974,-1.3734008,-1.6951513,-1.9756881,-2.55359
356,1760879489.5386329,RX1,Walking,62,0.0,23.769728,20.124613,16.552946,12.529964,8.485281,4.472136,5.0,8.062258,10.440307,13.341663,15.297058,17.262676,19.416489,19.416489,19.646885,18.681541,15.811388,13.928389,12.083046,9.433981,5.8309517,1.0,3.0,4.472136,9.219544,11.18034,0.0,0.0,0.0,0.0,0.0,0.0,0.0,0.0,0.0,0.0,0.0,4.1231055,6.3245554,9.848858,12.649111,15.297058,18.248287,20.024984,21.023798,22.090721,21.37756,20.615528,18.681541,15.524176,12.369316,9.055386,6.3245554,5.0,7.0,11.18034,15.811388,18.384775,22.36068,24.166092,26.400757,27.73085,27.73085,0.0,1.1824776,1.1071488,1.1341692,1.0714496,0.7853982,0.4636476,-0.6435011,-1.0516502,-1.2793396,-1.3439975,-1.3734008,-1.3961241,-1.3633001,-1.3633001,-1.3134726,-1.2998495,-1.2490457,-1.2036225,-1.1441689,-1.012197,-1.0303768,-1.5707964,3.1415925,2.6779451,2.9229238,2.961739,0.0,0.0,0.0,0.0,0.0,0.0,0.0,0.0,0.0,0.0,0.0,2.896614,2.819842,2.7233684,2.819842,2.9441972,2.976444,3.0916343,-3.0940096,-3.050933,-2.953371,-2.896614,-2.8706458,-2.8809903,-2.896614,-3.0309355,2.819842,2.2142975,1.5707964,1.3909428,1.2490457,1.1801893,1.1071488,1.1441689,1.141034,1.1232764,1.1232764
357,1760879489.618774,RX1,Walking,51,0.0,13.152946,11.704699,11.18034,11.401754,12.041595,12.041595,13.60147,15.0,14.422205,14.422205,15.0,15.0,14.21267,13.60147,12.806249,12.206555,10.0,10.29563,9.848858,10.770329,11.704699,12.083046,12.529964,12.206555,12.7279215,12.806249,0.0,0.0,0.0,0.0,0.0,0.0,0.0,0.0,0.0,0.0,0.0,12.1655245,13.038405,14.035668,15.0,15.132746,15.297058,15.811388,16.155495,15.652476,14.764824,13.892444,12.529964,12.083046,10.770329,11.401754,11.18034,11.045361,12.041595,14.035668,15.132746,16.124516,17.117243,17.117243,17.117243,17.117243,16.124516,0.0,-0.15264933,-0.348771,-0.4636476,-0.66104317,-0.7266423,-0.844154,-0.94200003,-0.9272952,-0.98279375,-0.98279375,-0.9272952,-0.9272952,-0.8850668,-0.94200003,-0.8960554,-0.9600704,-0.9272952,-1.0636978,-1.152572,-1.19029,-1.2220253,-1.1441689,-1.0714496,-0.9600704,-0.7853982,-0.67474097,0.0,0.0,0.0,0.0,0.0,0.0,0.0,0.0,0.0,0.0,0.0,-0.16514868,-0.07677189,-0.071307465,0.0,0.13255154,0.19739556,0.32175055,0.38050637,0.4636476,0.49394137,0.52807444,0.49934673,0.4266275,0.38050637,0.26625204,0.1798535,0.09065989,-0.08314123,-0.071307465,-0.13255154,-0.124354996,-0.11710875,-0.11710875,-0.11710875,-0.11710875,-0.124354996
358,1760879489.621567,RX1,Walking,51,0.0,12.649111,10.770329,10.29563,10.630146,10.630146,12.206555,13.038404,13.892444,14.764824,15.652476,14.764824,15.264338,13.892444,13.038404,13.038404,11.661903,11.18034,11.704699,11.401754,12.369316,13.341663,13.601471,13.928389,14.764824,14.422205,13.453625,0.0,0.0,0.0,0.0,0.0,0.0,0.0,0.0,0.0,0.0,0.0,13.152946,13.038405,14.0,15.033297,16.124516,16.27882,16.763054,17.088007,16.552946,15.652476,14.764824,13.416409,12.083046,11.704699,11.401754,11.045361,12.0,13.038405,13.152946,14.142136,15.297058,15.297058,16.27882,15.297058,15.297058,14.3178215,0.0,-0.32175055,-0.38050637,-0.5070985,-0.71883,-0.8519663,-0.9600704,-1.0040671,-1.0427219,-1.076855,-1.1071488,-1.076855,-1.0191413,-1.0427219,-1.0040671,-1.0040671,-1.0303768,-1.1071488,-1.2220253,-1.3045443,-1.3258177,-1.3439975,-1.2722974,-1.2036225,-1.076855,-0.98279375,-0.8379812,0.0,0.0,0.0,0.0,0.0,0.0,0.0,0.0,0.0,0.0,0.0,-0.15264933,-0.07677189,0.0,0.066568166,0.124354996,0.18534794,0.30288488,0.35877067,0.43662718,0.4636476,0.49394137,0.4636476,0.4266275,0.348771,0.26625204,0.09065989,0.0,-0.07677189,-0.15264933,-0.14189705,-0.19739556,-0.19739556,-0.18534794,-0.19739556,-0.19739556,-0.21109334
359,1760879489.624307,RX1,Walking,51,0.0,11.045361,11.0,10.049876,9.486833,9.848858,10.816654,11.401754,12.806249,12.806249,13.60147,13.60147,13.60147,13.60147,12.206555,11.401754,10.630146,9.899495,9.899495,10.0,10.816654,12.206555,12.806249,12.7279215,12.806249,13.038404,12.999999,0.0,0.0,0.0,0.0,0.0,0.0,0.0,0.0,0.0,0.0,0.0,12.649111,12.999999,13.928389,14.764824,15.264338,15.811389,16.40122,16.970562,16.27882,15.620499,15.0,14.21267,13.453625,12.041595,11.401754,11.661903,12.083046,11.704699,13.601471,13.341663,14.3178215,15.297058,15.297058,15.524176,14.56022,14.3178215,0.0,1.6614562,1.5707964,1.4711276,1.2490457,1.152572,0.98279375,0.90975314,0.8960554,0.8960554,0.94200003,0.94200003,0.94200003,0.94200003,0.9600704,0.90975314,0.8519663,0.7853982,0.7853982,0.6435011,0.5880026,0.61072594,0.67474097,0.7853982,0.8960554,1.0040671,1.1760052,0.0,0.0,0.0,0.0,0.0,0.0,0.0,0.0,0.0,0.0,0.0,1.8925469,1.9655875,1.9379702,2.0647378,2.1224513,2.176341,2.226492,2.3561945,2.3996453,2.4468544,2.4980915,2.4558632,2.4087775,2.4149504,2.2318394,2.1112158,1.9974238,1.9195673,1.8692952,1.7975951,1.7818897,1.7681919,1.7681919,1.8313987,1.849096,1.7818897
360,1760879489.62717,RX1,Walking,63,0.0,8.944272,12.529964,15.811389,18.027756,19.416489,20.808653,21.633308,19.416489,16.643316,14.764824,13.038404,10.816654,7.8102493,5.0,3.0,4.2426405,6.3245554,8.5440035,11.18034,12.529964,13.60147,14.21267,14.866069,13.60147,12.999999,11.704699,0.0,0.0,0.0,0.0,0.0,0.0,0.0,0.0,0.0,0.0,0.0,13.152946,13.038405,13.152946,13.152946,13.601471,11.704699,10.440307,7.071068,5.0990195,5.0,6.4031243,8.5440035,10.440307,13.341663,15.132746,16.124516,17.262676,17.117243,19.104973,18.110771,17.117243,15.033297,12.041595,10.0,7.28011,5.656854,0.0,-0.4636476,-0.49934673,-0.6055447,-0.5880026,-0.60228735,-0.61466295,-0.5880026,-0.60228735,-0.57133746,-0.49394137,-0.5667292,-0.5880026,-0.69473827,-0.9272952,-1.5707964,-2.3561945,-2.819842,-2.782822,-2.6779451,-2.642246,-2.5127964,-2.4558632,-2.3086114,-2.1995926,-1.9655875,-1.9195673,0.0,0.0,0.0,0.0,0.0,0.0,0.0,0.0,0.0,0.0,0.0,2.9889433,-3.0648208,-2.9889433,-2.9889433,-2.8430936,-2.7928216,-2.8501358,-2.9996955,2.9441972,2.4980915,2.2455373,1.929567,1.8622531,1.7975951,1.7033478,1.6951513,1.7454685,1.6879051,1.6756732,1.6814536,1.6879051,1.6373645,1.6539376,1.5707964,1.2924967,0.7853982
361,1760879489.720603,RX1,Walking,63,0.0,24.207438,21.954498,18.601074,12.806249,8.485281,5.3851647,2.828427,6.0,9.055386,12.369316,14.86607,17.720043,18.027756,19.646885,19.924858,18.681541,16.27882,14.142136,11.0,8.0,4.1231055,0.0,3.0,6.3245554,8.944272,11.661903,0.0,0.0,0.0,0.0,0.0,0.0,0.0,0.0,0.0,0.0,0.0,0.0,2.0,5.0,7.071068,10.198039,12.649111,14.317821,15.652476,17.0,16.124516,16.643316,15.811389,13.038404,10.816654,7.615773,5.0990195,2.828427,5.0,9.486833,12.999999,17.0,20.124613,22.472204,25.23886,26.076809,25.553865,0.0,-2.2390857,-2.095592,-2.203545,-2.2455373,-2.3561945,-2.7610862,2.3561945,1.5707964,1.4601392,1.3258177,1.2277724,1.2847449,1.2315037,1.3134726,1.2649175,1.2998495,1.3854483,1.4288993,1.5707964,1.5707964,1.815775,0.0,-1.5707964,-1.2490457,-1.1071488,-1.0303768,0.0,0.0,0.0,0.0,0.0,0.0,0.0,0.0,0.0,0.0,0.0,0.0,0.0,0.0,0.14189705,0.19739556,0.32175055,0.43240777,0.4636476,0.48995733,0.5191461,0.57133746,0.6055447,0.5667292,0.5880026,0.4048918,0.19739556,-0.7853982,-1.5707964,-1.8925469,-1.9655875,-2.0607536,-2.0344439,-2.1341126,-2.158799,-2.1375256,-2.1045046
362,1760879489.830973,RX1,Walking,48,0.0,18.867962,18.788294,17.0,14.764824,13.038404,10.630146,10.816654,10.770329,11.18034,12.1655245,14.142136,15.132746,17.262676,17.46425,16.763054,16.155495,13.416409,12.529964,11.661903,9.433981,8.5440035,8.246211,9.219544,10.198039,11.401754,12.649111,0.0,0.0,0.0,0.0,0.0,0.0,0.0,0.0,0.0,0.0,0.0,13.152946,12.1655245,12.1655245,13.341663,14.3178215,15.297058,17.117243,18.027758,19.0,19.026297,19.235384,18.248287,17.46425,16.492422,14.3178215,13.152946,12.041595,12.041595,13.341663,13.928389,14.764824,16.124516,17.20465,18.601074,20.248457,19.723083,0.0,-2.1293957,-2.010639,-2.0607536,-2.0647378,-2.1375256,-2.2896264,-2.55359,-2.7610862,-2.961739,-2.976444,-2.9996955,-3.009041,-2.9669204,-2.910502,-2.8387077,-2.7610862,-2.6779451,-2.642246,-2.6011732,-2.5829933,-2.782822,-2.896614,-2.9229238,-2.9441972,-2.8753407,-2.819842,0.0,0.0,0.0,0.0,0.0,0.0,0.0,0.0,0.0,0.0,0.0,-1.7234457,-1.735945,-1.735945,-1.7975951,-1.7818897,-1.7681919,-1.6879051,-1.6262949,-1.5707964,-1.5182133,-1.4141945,-1.4056476,-1.3397057,-1.3258177,-1.359703,-1.418147,-1.487655,-1.6539376,-1.7975951,-1.9379702,-2.0647378,-2.0899425,-2.1910458,-2.203545,-2.145101,-2.1025205
363,1760879489.850838,RX1,Walking,63,0.0,18.973665,21.540659,21.540659,20.248457,19.697716,17.088007,16.155495,12.999999,8.5440035,6.0,3.0,3.0,5.0990195,7.615773,11.18034,13.416409,13.928389,14.86607,15.524176,15.132746,14.035668,12.1655245,10.440307,8.5440035,5.8309517,2.828427,0.0,0.0,0.0,0.0,0.0,0.0,0.0,0.0,0.0,0.0,0.0,9.899495,9.219544,7.2111025,5.0,4.472136,4.1231055,5.8309517,8.602325,11.401754,13.60147,15.811389,16.643316,18.027756,17.492855,17.492855,16.643316,15.264338,13.60147,12.041595,9.899495,6.7082043,6.0,6.4031243,8.602325,11.18034,15.231546,0.0,1.8925469,1.9513026,1.9513026,1.9237868,1.9890207,1.929567,1.9513026,1.9655875,1.929567,1.5707964,1.5707964,0.0,-0.19739556,-0.4048918,-0.4636476,-0.4636476,-0.36717382,-0.34302393,-0.26060238,-0.13255154,-0.071307465,0.16514868,0.2914568,0.35877067,0.5404195,0.7853982,0.0,0.0,0.0,0.0,0.0,0.0,0.0,0.0,0.0,0.0,0.0,-0.7853982,-0.7086263,-0.5880026,-0.6435011,-1.1071488,-1.815775,-2.1112158,-2.1910458,-2.2318394,-2.1995926,-2.176341,-2.1421337,-2.158799,-2.1112158,-2.1112158,-2.1421337,-2.1224513,-2.1995926,-2.2974386,-2.3561945,-2.6779451,3.1415925,2.4668517,2.1910458,2.0344439,1.9756881
364,1760879489.947349,RX1,Walking,61,0.0,10.198039,7.615773,5.8309517,7.0,8.944272,11.661903,14.422205,16.40122,16.40122,17.804493,17.20465,16.643316,15.264338,13.892444,11.661903,10.29563,6.7082043,3.6055512,1.0,3.1622777,6.3245554,7.615773,10.29563,11.401754,12.7279215,12.206555,0.0,0.0,0.0,0.0,0.0,0.0,0.0,0.0,0.0,0.0,0.0,10.770329,12.369316,14.142136,16.03122,16.03122,17.262676,16.492422,14.86607,12.999999,11.704699,9.219544,7.0,5.3851647,6.4031243,8.246211,11.18034,14.035668,16.03122,20.024984,22.0,23.0,23.021729,23.021729,22.022717,20.024984,17.0,0.0,2.9441972,2.7367008,2.1112158,1.5707964,1.1071488,1.0303768,0.98279375,0.9151007,0.9151007,0.90482706,0.95054686,0.99945885,1.0191413,1.0427219,1.0303768,1.0636978,1.1071488,0.98279375,0.0,-1.2490457,-1.2490457,-1.1659045,-1.0636978,-0.90975314,-0.7853982,-0.61072594,0.0,0.0,0.0,0.0,0.0,0.0,0.0,0.0,0.0,0.0,0.0,-1.9513026,-1.815775,-1.7126933,-1.6332152,-1.5083776,-1.3961241,-1.3258177,-1.2277724,-1.1760052,-1.2220253,-1.3521274,-1.5707964,-1.9513026,-2.4668517,-2.896614,-2.961739,-3.070285,-3.0791738,-3.0916343,3.1415925,3.1415925,-3.0981417,-3.0981417,-3.0961695,-3.0916343,3.1415925
365,1760879490.0840452,RX1,Walking,62,0.0,10.049876,15.132746,17.46425,17.46425,19.646885,19.646885,20.396078,19.416489,16.492422,15.297058,13.341663,11.18034,9.219544,6.7082043,4.2426405,4.1231055,5.0990195,6.7082043,8.944272,9.848858,11.704699,12.1655245,13.038405,12.0,11.18034,9.848858,0.0,0.0,0.0,0.0,0.0,0.0,0.0,0.0,0.0,0.0,0.0,10.630146,10.29563,10.770329,10.440307,8.246211,8.062258,6.0827622,4.472136,5.0,5.0990195,8.0,10.049876,12.041595,14.035668,16.03122,17.0,17.0,18.0,19.0,19.0,17.0,15.0,12.041595,10.198039,8.062258,8.602325,0.0,-1.670465,-1.7033478,-1.801887,-1.801887,-1.82812,-1.82812,-1.7681919,-1.7782925,-1.815775,-1.7681919,-1.7975951,-1.7506498,-1.7894653,-2.0344439,-2.3561945,-2.896614,2.9441972,2.6779451,2.6779451,2.7233684,2.7928216,2.976444,3.0648208,3.1415925,-2.961739,-2.7233684,0.0,0.0,0.0,0.0,0.0,0.0,0.0,0.0,0.0,0.0,0.0,0.8519663,1.0636978,1.19029,1.2793396,1.3258177,1.4464413,1.4056476,1.1071488,0.6435011,0.19739556,0.0,-0.09966865,-0.08314123,-0.071307465,-0.06241881,0.0,0.0,0.0,0.0,0.0,0.0,0.0,-0.08314123,-0.19739556,-0.5191461,-0.95054686
366,1760879490.0955222,RX1,Walking,61,0.0,9.219544,11.401754,14.422205,16.643316,18.35756,18.35756,18.35756,18.35756,15.652476,14.317821,12.529964,10.29563,7.615773,5.3851647,3.0,3.1622777,4.0,7.071068,9.219544,11.045361,12.0,13.038405,12.369316,12.649111,12.529964,11.313708,0.0,0.0,0.0,0.0,0.0,0.0,0.0,0.0,0.0,0.0,0.0,13.038404,13.416409,13.601471,13.152946,12.041595,10.049876,8.062258,6.0827622,5.0,5.3851647,7.0,9.219544,12.369316,13.341663,15.524176,16.763054,17.720043,17.720043,18.681541,18.027756,16.763054,14.86607,11.704699,8.944272,6.4031243,5.0990195,0.0,-0.86217004,-0.90975314,-0.98279375,-0.99945885,-1.0584068,-1.0584068,-1.0584068,-1.0584068,-1.1071488,-1.1383885,-1.0714496,-1.0636978,-1.1659045,-1.19029,-1.5707964,-2.819842,3.1415925,2.9996955,2.9229238,3.050933,3.1415925,-3.0648208,-2.896614,-2.819842,-2.642246,-2.3561945,0.0,0.0,0.0,0.0,0.0,0.0,0.0,0.0,0.0,0.0,0.0,2.5748634,2.6779451,2.8430936,2.9889433,3.0584514,3.041924,3.0172377,2.976444,2.4980915,1.9513026,1.5707964,1.3521274,1.3258177,1.3439975,1.3101939,1.2679114,1.2847449,1.2847449,1.2998495,1.2315037,1.2679114,1.2277724,1.2220253,1.1071488,0.8960554,0.19739556
367,1760879490.172501,RX1,Walking,62,0.0,23.086794,22.84732,23.769728,21.540659,20.615528,18.027756,14.86607,10.440307,7.071068,5.0990195,3.1622777,6.0827622,8.5440035,10.770329,12.999999,15.231546,15.811388,16.492422,16.27882,15.033297,14.0,12.1655245,9.219544,7.28011,4.1231055,2.0,0.0,0.0,0.0,0.0,0.0,0.0,0.0,0.0,0.0,0.0,0.0,8.5440035,6.7082043,5.3851647,3.6055512,2.0,3.6055512,5.8309517,8.602325,11.401754,13.038404,14.764824,15.652476,16.552946,16.552946,16.155495,15.231546,12.999999,10.29563,9.433981,5.656854,4.1231055,5.8309517,8.062258,11.18034,14.86607,18.027756,0.0,-1.2627436,-1.1659045,-1.1824776,-1.19029,-1.1722739,-1.2315037,-1.2277724,-1.2793396,-1.4288993,-1.7681919,-2.819842,2.976444,2.782822,2.7610862,2.7468016,2.7367008,2.819842,2.896614,2.9562447,3.0750246,3.1415925,-2.976444,-2.9229238,-2.863293,-2.896614,3.1415925,0.0,0.0,0.0,0.0,0.0,0.0,0.0,0.0,0.0,0.0,0.0,2.782822,2.6779451,2.7610862,2.55359,1.5707964,0.98279375,1.0303768,0.95054686,0.90975314,1.0040671,1.076855,1.1071488,1.1341692,1.1341692,1.19029,1.1659045,1.1760052,1.0636978,1.012197,0.7853982,0.24497867,-0.5404195,-1.0516502,-1.1071488,-1.2277724,-1.2315037
368,1760879490.2969239,RX1,Walking,64,0.0,5.8309517,11.661903,14.422205,16.643316,18.601074,19.209373,19.209373,19.209373,16.27882,14.21267,12.806249,10.0,7.8102493,4.2426405,2.0,2.828427,5.0,8.0,10.049876,12.1655245,13.601471,13.601471,14.317821,13.60147,12.041595,11.401754,0.0,0.0,0.0,0.0,0.0,0.0,0.0,0.0,0.0,0.0,0.0,13.152946,12.369316,12.999999,13.038404,11.661903,10.816654,7.8102493,5.8309517,4.0,5.0,7.2111025,8.944272,11.704699,13.601471,15.524176,17.46425,17.46425,18.439089,19.646885,19.416489,17.46425,15.132746,13.152946,10.0,7.071068,6.4031243,0.0,1.0303768,1.0303768,0.98279375,0.99945885,0.93804747,0.8960554,0.8960554,0.8960554,0.8288491,0.8850668,0.8960554,0.9272952,0.87605804,0.7853982,0.0,-0.7853982,-1.5707964,-1.5707964,-1.4711276,-1.4056476,-1.2722974,-1.2722974,-1.1383885,-0.94200003,-0.844154,-0.66104317,0.0,0.0,0.0,0.0,0.0,0.0,0.0,0.0,0.0,0.0,0.0,-1.418147,-1.3258177,-1.1760052,-1.0040671,-1.0303768,-0.98279375,-0.87605804,-1.0303768,-1.5707964,-2.2142975,-2.55359,-2.6779451,-2.7928216,-2.8430936,-2.8809903,-2.910502,-2.910502,-2.9229238,-2.884269,-2.9340963,-2.910502,-3.009041,-2.9889433,3.1415925,2.9996955,2.4668517
369,1760879490.4009368,RX1,Walking,63,0.0,20.024984,20.099752,20.22375,20.099752,18.110771,15.132746,13.038405,11.0,6.0827622,3.6055512,4.1231055,5.3851647,8.062258,10.0,11.401754,13.60147,14.422205,15.264338,15.652476,14.86607,13.601471,12.1655245,10.0,7.0,6.0827622,3.6055512,0.0,0.0,0.0,0.0,0.0,0.0,0.0,0.0,0.0,0.0,0.0,10.29563,8.944272,7.2111025,5.3851647,4.0,5.0,6.4031243,9.433981,12.206555,14.422205,16.40122,17.804493,17.691807,17.691807,16.970562,16.27882,14.142136,12.041595,10.0,8.062258,5.0990195,5.0,6.7082043,10.198039,13.152946,16.03122,0.0,0.049958397,0.09966865,0.14888994,0.09966865,0.11065722,0.13255154,0.07677189,0.0,-0.16514868,-0.5880026,-1.3258177,-1.9513026,-2.0899425,-2.2142975,-2.2318394,-2.1995926,-2.158799,-2.1224513,-2.0344439,-1.9138203,-1.8692952,-1.735945,-1.5707964,-1.5707964,-1.4056476,-0.98279375,0.0,0.0,0.0,0.0,0.0,0.0,0.0,0.0,0.0,0.0,0.0,-2.634494,-2.6779451,-2.55359,-2.7610862,3.1415925,2.4980915,2.2455373,2.1293957,2.1815224,2.158799,2.226492,2.2367656,2.3162158,2.3162158,2.3561945,2.3996453,2.3561945,2.2974386,2.2142975,2.0899425,1.7681919,0.9272952,0.4636476,0.19739556,0.15264933,0.06241881
370,1760879490.537641,RX1,Walking,62,0.0,11.401754,15.132746,17.46425,17.720043,18.973665,19.924858,20.880613,18.973665,16.763054,15.811388,13.601471,10.770329,8.5440035,5.8309517,4.472136,4.1231055,5.0,7.071068,9.219544,11.401754,13.60147,12.529964,13.416409,13.341663,13.038405,11.045361,0.0,0.0,0.0,0.0,0.0,0.0,0.0,0.0,0.0,0.0,0.0,11.18034,10.770329,11.18034,11.045361,10.0,9.0,7.0,5.0990195,4.2426405,5.3851647,7.071068,9.055386,12.041595,14.035668,16.03122,17.029385,18.027758,18.027758,20.024984,19.104973,17.029385,16.0,12.0,10.198039,7.615773,7.071068,0.0,2.8753407,3.009041,2.910502,2.8555412,2.819842,2.8357139,2.8501358,2.819842,2.8387077,2.819842,2.8430936,2.7610862,2.782822,2.6011732,2.0344439,1.3258177,0.9272952,0.7853982,0.86217004,0.90975314,0.94200003,1.0714496,1.1071488,1.3439975,1.4940244,1.6614562,0.0,0.0,0.0,0.0,0.0,0.0,0.0,0.0,0.0,0.0,0.0,-0.4636476,-0.38050637,-0.1798535,-0.09065989,0.0,0.0,0.0,-0.19739556,-0.7853982,-1.19029,-1.4288993,-1.4601392,-1.487655,-1.4994888,-1.5083776,-1.5120405,-1.5152978,-1.5152978,-1.5208379,-1.4659194,-1.5120405,-1.5707964,-1.5707964,-1.7681919,-1.9756881,-2.3561945
371,1760879490.6278741,RX1,Walking,63,0.0,11.045361,9.486833,6.4031243,5.0990195,8.5440035,12.206555,14.21267,17.029387,16.27882,18.439089,17.691807,17.691807,17.029387,15.620499,15.0,12.806249,9.433981,6.4031243,2.828427,1.4142135,3.1622777,7.071068,10.440307,10.770329,12.529964,14.21267,0.0,0.0,0.0,0.0,0.0,0.0,0.0,0.0,0.0,0.0,0.0,9.486833,11.18034,14.0,16.03122,17.262676,17.720043,18.027756,17.464249,15.652476,13.416409,12.083046,9.486833,7.071068,5.3851647,7.2111025,9.486833,12.1655245,15.033297,20.024984,22.022717,23.0,24.020824,24.020824,23.086792,21.095024,20.099752,0.0,1.4801364,1.2490457,0.8960554,0.19739556,-0.35877067,-0.61072594,-0.6857295,-0.7022569,-0.7419473,-0.7086263,-0.7454195,-0.7454195,-0.7022569,-0.69473827,-0.6435011,-0.67474097,-0.5585993,-0.67474097,-0.7853982,-2.3561945,-2.819842,-2.9996955,-2.8501358,-2.7610862,-2.642246,-2.4558632,0.0,0.0,0.0,0.0,0.0,0.0,0.0,0.0,0.0,0.0,0.0,2.819842,2.961739,3.1415925,-3.0791738,-2.9669204,-2.8555412,-2.8023,-2.7291822,-2.6779451,-2.6779451,-2.714965,-2.819842,-2.9996955,2.7610862,2.158799,1.8925469,1.735945,1.6373645,1.6207547,1.6162196,1.5707964,1.6124389,1.6124389,1.6575347,1.665748,1.670465
372,1760879490.8558779,RX1,Walking,66,0.0,24.41311,22.825424,19.723083,15.264338,11.401754,7.8102493,6.3245554,5.8309517,7.071068,9.848858,10.770329,12.999999,14.56022,14.86607,15.811388,15.811388,13.928389,13.416409,11.18034,9.433981,8.062258,5.0,3.6055512,2.0,2.236068,4.1231055,0.0,0.0,0.0,0.0,0.0,0.0,0.0,0.0,0.0,0.0,0.0,2.236068,3.1622777,5.0,7.8102493,10.630146,13.60147,16.124516,17.888544,18.973665,19.416489,20.22375,18.110771,17.029385,15.033297,11.045361,8.246211,6.4031243,5.0990195,8.246211,11.661903,15.811389,20.0,22.203604,25.23886,25.806976,26.627052,0.0,2.5308666,2.6387494,2.6098685,2.5899377,2.4805496,2.2655346,1.8925469,1.0303768,0.7853982,0.41822433,0.38050637,0.39479113,0.27829966,0.34302393,0.32175055,0.32175055,0.36717382,0.4636476,0.4636476,0.5585993,0.5191461,0.6435011,0.5880026,0.0,-1.1071488,-1.3258177,0.0,0.0,0.0,0.0,0.0,0.0,0.0,0.0,0.0,0.0,0.0,-1.1071488,-1.8925469,-2.2142975,-2.4468544,-2.2896264,-2.1995926,-2.0899425,-2.0344439,-1.8925469,-1.7782925,-1.7196863,-1.6814536,-1.6295521,-1.6373645,-1.6614562,-1.815775,-2.2455373,-2.9441972,2.896614,2.6011732,2.536048,2.4980915,2.5161076,2.55359,2.5213432,2.5431738
373,1760879490.985286,RX1,Walking,67,0.0,12.083046,15.264338,18.027756,19.723083,18.35756,17.888544,17.0,17.0,13.416409,11.18034,8.5440035,7.28011,4.0,2.828427,3.1622777,5.0,5.656854,8.602325,9.899495,9.219544,10.816654,12.206555,11.661903,11.704699,9.486833,8.062258,0.0,0.0,0.0,0.0,0.0,0.0,0.0,0.0,0.0,0.0,0.0,11.704699,13.892444,12.806249,12.041595,10.0,7.8102493,5.0,4.2426405,3.6055512,6.0827622,6.7082043,11.0,13.152946,16.124516,16.27882,19.235384,17.117243,18.248287,19.104973,17.117243,16.27882,13.038405,9.0,5.0,2.236068,5.0,0.0,-1.1441689,-1.0191413,-0.98279375,-1.0390723,-1.0584068,-1.1071488,-1.080839,-1.080839,-1.1071488,-1.1071488,-1.2120256,-1.2924967,-1.5707964,-2.3561945,2.819842,2.4980915,2.3561945,2.5213432,2.3561945,2.4329665,2.55359,2.5308666,2.6011732,2.7928216,2.819842,3.0172377,0.0,0.0,0.0,0.0,0.0,0.0,0.0,0.0,0.0,0.0,0.0,-2.7928216,-2.6135182,-2.4668517,-2.2974386,-2.2142975,-2.2655346,-2.2142975,-2.3561945,2.55359,1.735945,2.0344439,1.5707964,1.7234457,1.6951513,1.7561443,1.7273982,1.6879051,1.735945,1.6756732,1.6879051,1.7561443,1.6475682,1.5707964,1.5707964,0.4636476,-0.6435011
374,1760879491.085711,RX1,Walking,68,0.0,18.110771,18.027758,14.035668,11.18034,7.615773,4.1231055,4.472136,6.3245554,9.219544,10.770329,10.816654,8.602325,10.816654,11.18034,10.770329,9.899495,8.5440035,9.219544,5.8309517,5.3851647,4.2426405,2.236068,1.4142135,1.4142135,2.0,4.1231055,0.0,0.0,0.0,0.0,0.0,0.0,0.0,0.0,0.0,0.0,0.0,2.236068,2.828427,6.0827622,9.055386,12.369316,15.811388,16.40122,17.804493,19.104973,19.416489,16.970562,17.691807,16.27882,9.433981,9.433981,3.1622777,3.1622777,5.3851647,11.0,13.152946,18.110771,18.027758,24.5153,24.331049,22.022717,23.086792,0.0,-1.6814536,-1.6262949,-1.6421038,-1.7506498,-1.9756881,-2.896614,2.6779451,2.819842,2.2794225,1.9513026,2.158799,2.1910458,2.158799,2.0344439,1.9513026,2.3561945,1.929567,1.7894653,2.1112158,1.9513026,2.3561945,2.0344439,2.3561945,0.7853982,0.0,-0.24497867,0.0,0.0,0.0,0.0,0.0,0.0,0.0,0.0,0.0,0.0,0.0,0.4636476,-0.7853982,0.16514868,0.11065722,0.24497867,0.32175055,0.6556956,0.66596925,0.74837804,0.60228735,0.7853982,0.82537687,0.7419473,1.012197,0.5585993,0.32175055,-1.2490457,-1.9513026,-1.5707964,-1.418147,-1.6814536,-1.6262949,-1.7761917,-1.735945,-1.6162196,-1.6575347
375,1760879491.144085,RX1,Walking,67,0.0,8.5440035,13.416409,14.86607,16.155495,18.027756,18.681541,18.681541,17.46425,15.297058,13.152946,12.1655245,10.049876,8.0,5.0,3.1622777,3.0,4.472136,6.4031243,8.602325,10.816654,11.661903,12.083046,13.928389,13.341663,12.1655245,11.045361,0.0,0.0,0.0,0.0,0.0,0.0,0.0,0.0,0.0,0.0,0.0,11.704699,13.341663,13.038405,13.038405,12.1655245,10.198039,8.246211,6.0827622,3.0,3.1622777,5.0990195,8.246211,10.770329,13.928389,15.811388,17.088007,18.027756,18.027756,19.313208,19.313208,17.088007,14.317821,12.083046,8.062258,5.656854,5.0990195,0.0,-1.2120256,-1.1071488,-1.2277724,-1.19029,-1.2315037,-1.2998495,-1.2998495,-1.3397057,-1.3734008,-1.418147,-1.4056476,-1.4711276,-1.5707964,-1.5707964,-1.8925469,3.1415925,2.6779451,2.4668517,2.5213432,2.55359,2.6011732,2.714965,2.7744188,2.9147937,2.976444,-3.050933,0.0,0.0,0.0,0.0,0.0,0.0,0.0,0.0,0.0,0.0,0.0,2.7928216,2.9147937,3.0648208,-3.0648208,-2.976444,-2.9441972,-2.896614,-2.976444,3.1415925,1.8925469,1.3734008,1.3258177,1.19029,1.2036225,1.2490457,1.2120256,1.2315037,1.2315037,1.199905,1.199905,1.2120256,1.1383885,1.1441689,1.0516502,0.7853982,0.19739556
376,1760879491.208016,RX1,Walking,67,0.0,11.401754,9.486833,5.656854,4.1231055,6.4031243,10.29563,12.083046,14.56022,14.56022,15.132746,16.124516,16.124516,15.297058,14.142136,12.041595,10.049876,7.071068,4.472136,1.0,1.4142135,5.0,7.8102493,9.899495,12.041595,13.60147,13.416409,0.0,0.0,0.0,0.0,0.0,0.0,0.0,0.0,0.0,0.0,0.0,6.0,8.246211,11.401754,13.928389,15.264338,17.20465,16.27882,16.27882,15.620499,12.806249,11.313708,8.485281,3.1622777,3.6055512,5.3851647,9.0,13.038405,17.0,21.0,24.020824,26.07681,26.07681,26.07681,25.079874,23.086792,21.023798,0.0,2.8753407,2.819842,2.3561945,1.3258177,0.67474097,0.5070985,0.4266275,0.27829966,0.27829966,0.13255154,0.124354996,0.124354996,0.19739556,0.14189705,0.08314123,0.09966865,0.14189705,0.4636476,0.0,-2.3561945,-2.4980915,-2.4468544,-2.3561945,-2.2974386,-2.1995926,-2.0344439,0.0,0.0,0.0,0.0,0.0,0.0,0.0,0.0,0.0,0.0,0.0,-1.5707964,-1.3258177,-1.3045443,-1.2036225,-1.0191413,-0.95054686,-0.8288491,-0.7419473,-0.69473827,-0.67474097,-0.7853982,-0.7853982,-1.2490457,-2.158799,-2.7610862,3.1415925,-3.0648208,3.1415925,3.1415925,3.09995,3.0648208,3.0648208,3.0648208,3.0617626,3.0548544,3.0940096
377,1760879491.31248,RX1,Walking,66,0.0,26.400757,23.853722,24.41311,21.400934,18.601074,16.40122,12.041595,8.485281,5.0,1.4142135,3.0,6.3245554,8.944272,11.18034,13.416409,15.231546,13.928389,14.86607,13.601471,13.601471,11.18034,9.055386,8.0,5.0,2.0,1.0,0.0,0.0,0.0,0.0,0.0,0.0,0.0,0.0,0.0,0.0,0.0,9.848858,9.219544,7.071068,4.1231055,1.4142135,2.236068,5.3851647,8.944272,12.529964,15.264338,17.20465,19.416489,20.0,20.615528,19.209373,17.804493,14.21267,12.206555,10.29563,6.7082043,3.1622777,4.0,8.944272,12.806249,16.40122,19.209373,0.0,-0.65107673,-0.5763752,-0.61072594,-0.65284663,-0.63274884,-0.6556956,-0.7266423,-0.7853982,-0.9272952,-2.3561945,3.1415925,2.819842,2.6779451,2.6779451,2.6779451,2.7367008,2.7744188,2.7985687,2.8430936,2.8430936,2.961739,3.0309355,3.1415925,3.1415925,3.1415925,0.0,0.0,0.0,0.0,0.0,0.0,0.0,0.0,0.0,0.0,0.0,0.0,-1.9890207,-1.7894653,-1.7126933,-1.815775,-2.3561945,2.0344439,1.9513026,2.0344439,2.070143,2.1224513,2.1910458,2.1730838,2.2142975,2.2531128,2.2455373,2.2367656,2.2565258,2.1815224,2.077895,2.0344439,1.2490457,0.0,-0.4636476,-0.67474097,-0.6556956,-0.67474097
378,1760879492.03908,RX1,Walking,63,0.0,11.18034,9.433981,6.7082043,8.0,10.198039,12.999999,15.652476,16.124516,16.124516,17.492855,16.124516,16.124516,14.764824,13.892444,11.18034,9.848858,6.7082043,5.0990195,2.0,0.0,2.0,4.1231055,5.0990195,6.7082043,7.2111025,7.2111025,0.0,0.0,0.0,0.0,0.0,0.0,0.0,0.0,0.0,0.0,0.0,8.602325,10.770329,12.369316,14.142136,16.03122,16.27882,16.492422,15.231546,13.416409,10.770329,8.5440035,6.0827622,4.472136,6.7082043,9.055386,12.0,15.033297,18.027758,23.021729,24.020824,25.079874,27.018513,25.0,24.020824,22.022717,20.0,0.0,-1.7506498,-2.1293957,-2.6779451,3.1415925,2.9441972,2.7468016,2.6779451,2.6224465,2.6224465,2.6011732,2.6224465,2.6224465,2.6476512,2.6135182,2.6779451,2.7233684,2.6779451,2.9441972,3.1415925,0.0,0.0,0.24497867,0.19739556,0.4636476,0.5880026,0.5880026,0.0,0.0,0.0,0.0,0.0,0.0,0.0,0.0,0.0,0.0,0.0,-0.6202495,-0.38050637,-0.24497867,-0.14189705,0.06241881,0.18534794,0.24497867,0.4048918,0.4636476,0.38050637,0.35877067,0.16514868,-0.4636476,-1.1071488,-1.4601392,-1.5707964,-1.6373645,-1.6262949,-1.6142472,-1.6124389,-1.6506263,-1.6078165,-1.5707964,-1.6124389,-1.6162196,-1.5707964
379,1760879492.170688,RX1,Walking,65,0.0,25.01999,23.021729,20.024984,15.0,11.045361,8.246211,5.8309517,4.1231055,6.3245554,7.8102493,9.219544,11.313708,12.041595,12.7279215,14.142136,12.7279215,13.038404,10.816654,9.848858,6.3245554,7.28011,4.1231055,2.236068,3.1622777,2.0,4.472136,0.0,0.0,0.0,0.0,0.0,0.0,0.0,0.0,0.0,0.0,0.0,2.236068,2.0,6.0,9.055386,12.0,15.033297,17.262676,20.615528,21.540659,21.540659,19.235384,18.867962,17.20465,16.124516,12.083046,8.246211,6.0827622,7.8102493,10.440307,14.3178215,17.0,22.022717,24.0,26.0,27.0,27.0,0.0,3.101614,-3.0981417,-3.0916343,3.1415925,3.050933,2.896614,2.6011732,1.815775,1.2490457,0.87605804,0.86217004,0.7853982,0.7266423,0.7853982,0.7853982,0.7853982,1.0040671,0.98279375,1.152572,1.2490457,1.2924967,1.815775,2.6779451,-2.819842,-1.5707964,-1.1071488,0.0,0.0,0.0,0.0,0.0,0.0,0.0,0.0,0.0,0.0,0.0,0.4636476,-1.5707964,-1.5707964,-1.6814536,-1.5707964,-1.5042281,-1.3961241,-1.3258177,-1.19029,-1.19029,-1.0838971,-1.012197,-0.95054686,-1.0516502,-1.1441689,-1.3258177,-1.735945,-2.4468544,-2.8501358,-2.9304993,3.1415925,-3.0961695,3.1415925,3.1415925,3.1415925,3.1415925
380,1760879492.271447,RX1,Walking,65,0.0,14.142136,15.811388,18.439089,19.104973,20.22375,22.090721,20.22375,20.099752,17.117243,15.132746,13.0,11.0,8.0,6.0827622,3.6055512,2.236068,3.0,4.472136,6.4031243,7.2111025,8.944272,8.944272,8.5440035,9.219544,8.062258,7.071068,0.0,0.0,0.0,0.0,0.0,0.0,0.0,0.0,0.0,0.0,0.0,10.440307,11.18034,12.806249,11.313708,10.0,8.944272,6.7082043,4.472136,1.0,3.6055512,7.615773,11.18034,13.416409,17.0,18.027756,20.248457,20.808653,22.203604,23.021729,22.203604,20.248457,18.027756,13.416409,10.440307,7.0,6.7082043,0.0,-2.9996955,-2.819842,-2.9229238,-3.0367157,-2.9927027,-3.050933,-2.9927027,-3.041924,-3.024484,-3.009041,3.1415925,3.1415925,3.1415925,2.976444,2.55359,2.0344439,1.5707964,1.1071488,0.8960554,0.98279375,1.1071488,1.1071488,1.2120256,1.3521274,1.4464413,1.7126933,0.0,0.0,0.0,0.0,0.0,0.0,0.0,0.0,0.0,0.0,0.0,0.2914568,0.4636476,0.67474097,0.7853982,0.9272952,1.1071488,1.1071488,1.1071488,0.0,-0.98279375,-1.1659045,-1.1071488,-1.1071488,-1.080839,-0.98279375,-0.9964915,-0.95613337,-0.9453113,-0.9707461,-0.9453113,-0.9964915,-0.98279375,-1.1071488,-1.2793396,-1.5707964,-2.0344439
381,1760879492.425753,RX1,Walking,65,0.0,25.96151,23.769728,20.880613,15.811388,12.999999,8.602325,6.4031243,5.0990195,5.8309517,7.2111025,9.433981,10.29563,10.29563,11.18034,12.529964,12.529964,10.29563,10.0,8.485281,7.8102493,6.3245554,5.0990195,5.0990195,3.6055512,4.0,5.0990195,0.0,0.0,0.0,0.0,0.0,0.0,0.0,0.0,0.0,0.0,0.0,1.0,3.1622777,6.3245554,8.246211,13.152946,16.0,18.110771,20.396078,21.189621,20.615528,21.023798,19.235384,17.0,14.317821,11.704699,8.062258,5.8309517,6.7082043,11.045361,14.142136,17.46425,21.84033,25.0,27.202942,28.160255,28.160255,0.0,-1.8438051,-1.8259788,-1.8622531,-1.8925469,-1.9655875,-2.1910458,-2.4668517,-2.9441972,2.6011732,2.158799,2.1293957,2.077895,2.077895,2.0344439,2.070143,2.070143,2.077895,2.2142975,2.3561945,2.4468544,2.819842,2.9441972,-2.9441972,-2.158799,-1.5707964,-1.3734008,0.0,0.0,0.0,0.0,0.0,0.0,0.0,0.0,0.0,0.0,0.0,3.1415925,-0.32175055,-0.32175055,-0.24497867,-0.15264933,0.0,0.11065722,0.19739556,0.3366748,0.39852244,0.44237423,0.48689923,0.48995733,0.43240777,0.348771,0.124354996,-0.5404195,-1.1071488,-1.4801364,-1.7126933,-1.801887,-1.849096,-1.8545904,-1.8692952,-1.8588518,-1.8588518
382,1760879492.509684,RX1,Walking,61,0.0,10.198039,12.041595,14.035668,16.0,17.029385,18.027758,18.0,18.0,16.0,15.033297,13.0,11.0,9.0,6.0827622,4.1231055,2.828427,4.0,4.1231055,6.3245554,8.246211,9.219544,10.049876,10.049876,9.219544,9.486833,8.062258,0.0,0.0,0.0,0.0,0.0,0.0,0.0,0.0,0.0,0.0,0.0,13.341663,14.035668,15.033297,14.142136,13.601471,11.704699,9.848858,7.28011,5.0,5.0,6.4031243,9.486833,11.704699,13.601471,15.524176,17.720043,17.720043,18.973665,19.924858,19.924858,18.027756,16.763054,13.341663,11.045361,8.062258,6.7082043,0.0,-1.3734008,-1.487655,-1.4994888,-1.5707964,-1.6295521,-1.6262949,-1.5707964,-1.5707964,-1.5707964,-1.5042281,-1.5707964,-1.5707964,-1.5707964,-1.735945,-1.815775,-2.3561945,3.1415925,2.896614,2.819842,2.896614,2.9229238,3.041924,-3.041924,-2.9229238,-2.819842,-2.6224465,0.0,0.0,0.0,0.0,0.0,0.0,0.0,0.0,0.0,0.0,0.0,1.3439975,1.4994888,1.6373645,1.7126933,1.8692952,1.9195673,1.9890207,1.849096,1.5707964,0.9272952,0.67474097,0.32175055,0.348771,0.29849893,0.26060238,0.28605142,0.28605142,0.32175055,0.30587888,0.30587888,0.33929262,0.30288488,0.22679885,0.09065989,-0.124354996,-0.4636476
383,1760879492.745064,RX1,Walking,62,0.0,8.5440035,6.4031243,6.0827622,7.8102493,11.401754,14.422205,17.492855,19.723083,19.235384,19.235384,19.235384,18.35756,17.0,14.764824,12.529964,9.848858,6.7082043,4.1231055,2.828427,4.1231055,6.0827622,8.062258,9.055386,11.401754,11.704699,12.083046,0.0,0.0,0.0,0.0,0.0,0.0,0.0,0.0,0.0,0.0,0.0,9.486833,11.18034,13.038405,15.033297,16.492422,16.763054,16.552946,15.652476,13.892444,10.816654,8.602325,5.3851647,3.1622777,4.1231055,7.0,11.18034,13.341663,16.492422,20.615528,22.803509,23.769728,25.70992,23.769728,22.561028,20.396078,17.720043,0.0,-0.35877067,-0.8960554,-1.735945,-2.2655346,-2.4805496,-2.55359,-2.6011732,-2.6098685,-2.6546934,-2.6546934,-2.6546934,-2.629203,-2.6516354,-2.6476512,-2.642246,-2.7233684,-2.6779451,-2.896614,2.3561945,1.815775,1.735945,1.6951513,1.6814536,1.8370484,1.9195673,1.9974238,0.0,0.0,0.0,0.0,0.0,0.0,0.0,0.0,0.0,0.0,0.0,1.2490457,1.3909428,1.4940244,1.6373645,1.815775,1.8736812,2.0074234,2.0344439,2.0988708,2.158799,2.1910458,1.9513026,1.2490457,0.24497867,0.0,-0.1798535,-0.22679885,-0.24497867,-0.24497867,-0.26625204,-0.2551824,-0.23554498,-0.2551824,-0.2234766,-0.19739556,-0.28605142
