packet_id,timestamp,rx_id,activity,rssi,amplitude_0,amplitude_1,amplitude_2,amplitude_3,amplitude_4,amplitude_5,amplitude_6,amplitude_7,amplitude_8,amplitude_9,amplitude_10,amplitude_11,amplitude_12,amplitude_13,amplitude_14,amplitude_15,amplitude_16,amplitude_17,amplitude_18,amplitude_19,amplitude_20,amplitude_21,amplitude_22,amplitude_23,amplitude_24,amplitude_25,amplitude_26,amplitude_27,amplitude_28,amplitude_29,amplitude_30,amplitude_31,amplitude_32,amplitude_33,amplitude_34,amplitude_35,amplitude_36,amplitude_37,amplitude_38,amplitude_39,amplitude_40,amplitude_41,amplitude_42,amplitude_43,amplitude_44,amplitude_45,amplitude_46,amplitude_47,amplitude_48,amplitude_49,amplitude_50,amplitude_51,amplitude_52,amplitude_53,amplitude_54,amplitude_55,amplitude_56,amplitude_57,amplitude_58,amplitude_59,amplitude_60,amplitude_61,amplitude_62,amplitude_63,phase_0,phase_1,phase_2,phase_3,phase_4,phase_5,phase_6,phase_7,phase_8,phase_9,phase_10,phase_11,phase_12,phase_13,phase_14,phase_15,phase_16,phase_17,phase_18,phase_19,phase_20,phase_21,phase_22,phase_23,phase_24,phase_25,phase_26,phase_27,phase_28,phase_29,phase_30,phase_31,phase_32,phase_33,phase_34,phase_35,phase_36,phase_37,phase_38,phase_39,phase_40,phase_41,phase_42,phase_43,phase_44,phase_45,phase_46,phase_47,phase_48,phase_49,phase_50,phase_51,phase_52,phase_53,phase_54,phase_55,phase_56,phase_57,phase_58,phase_59,phase_60,phase_61,phase_62,phase_63
1,1760879462.779755,RX2,Walking,84,0.0,17.20465,19.416489,20.248457,15.264338,7.2111025,14.56022,19.313208,15.811388,11.401754,10.816654,12.083046,13.341663,12.369316,11.045361,11.704699,11.18034,9.486833,11.401754,7.071068,11.661903,9.219544,7.8102493,10.198039,8.485281,4.472136,5.3851647,0.0,0.0,0.0,0.0,0.0,0.0,0.0,0.0,0.0,0.0,0.0,7.28011,5.0990195,3.6055512,9.486833,4.1231055,3.1622777,3.1622777,1.4142135,2.828427,12.206555,15.297058,12.0,8.0,4.0,4.2426405,9.219544,6.3245554,5.0990195,12.7279215,13.60147,13.892444,21.470911,15.264338,10.29563,18.439089,16.492422,0.0,0.6202495,0.20749623,0.3529904,0.551655,0.5880026,0.27829966,0.37089127,0.32175055,0.26625204,0.5880026,-0.4266275,-0.22679885,-0.24497867,0.09065989,-0.348771,0.1798535,-0.32175055,-0.90975314,-0.14189705,-0.5404195,-0.86217004,-0.69473827,-0.19739556,-0.7853982,-0.4636476,-0.38050637,0.0,0.0,0.0,0.0,0.0,0.0,0.0,0.0,0.0,0.0,0.0,-1.2924967,0.19739556,-2.55359,2.819842,2.896614,-1.8925469,-0.32175055,0.7853982,-0.7853982,0.9600704,1.3734008,1.5707964,1.5707964,1.5707964,2.3561945,0.7086263,0.32175055,0.19739556,0.7853982,0.6287963,1.0427219,1.0863184,1.0191413,0.5070985,-0.21866895,0.24497867
2,1760879462.9510798,RX2,Walking,72,0.0,3.1622777,6.0827622,8.944272,8.602325,11.313708,12.7279215,12.806249,11.401754,12.806249,11.661903,9.433981,8.944272,5.3851647,4.1231055,3.1622777,2.236068,2.0,3.0,4.1231055,6.3245554,6.0827622,8.0,7.28011,6.4031243,4.2426405,6.3245554,0.0,0.0,0.0,0.0,0.0,0.0,0.0,0.0,0.0,0.0,0.0,21.540659,24.351591,26.683327,27.294687,28.071337,28.01785,26.019222,24.08319,21.095024,16.03122,11.045361,8.246211,5.8309517,6.0827622,9.848858,11.661903,15.0,15.556349,19.849434,19.104973,18.439089,17.804493,14.422205,11.401754,9.433981,5.8309517,0.0,-1.8925469,-1.735945,-2.0344439,-2.1910458,-2.3561945,-2.3561945,-2.4668517,-2.4805496,-2.4668517,-2.6011732,-2.5829933,-2.6779451,-2.7610862,-2.896614,-2.819842,2.6779451,1.5707964,1.5707964,1.3258177,1.2490457,1.4056476,1.5707964,1.849096,2.2455373,2.3561945,2.819842,0.0,0.0,0.0,0.0,0.0,0.0,0.0,0.0,0.0,0.0,0.0,2.7610862,2.806856,2.9147937,2.9945142,3.070285,3.1058936,-3.1031501,-3.0584514,-3.0466409,-3.0791738,3.050933,2.896614,2.1112158,1.4056476,1.152572,1.0303768,0.9272952,0.7853982,0.7140907,0.74837804,0.7086263,0.66596925,0.5880026,0.66104317,0.5585993,0.5404195
3,1760879463.492449,RX2,Walking,83,0.0,10.770329,16.0,17.088007,11.18034,14.035668,15.524176,13.152946,12.369316,12.369316,16.155495,14.86607,10.0,10.0,11.313708,11.18034,11.661903,13.038404,16.643316,13.892444,11.661903,17.492855,18.384775,16.492422,16.763054,14.56022,20.615528,0.0,0.0,0.0,0.0,0.0,0.0,0.0,0.0,0.0,0.0,0.0,7.071068,7.071068,6.0827622,8.0,11.18034,8.0,10.0,10.440307,9.219544,11.704699,8.062258,14.0,12.999999,10.198039,15.132746,13.038405,12.041595,13.0,15.132746,12.0,14.142136,13.038405,12.0,13.038405,12.1655245,15.0,0.0,-1.9513026,-1.5707964,-1.929567,-1.7506498,-1.6421038,-1.8313987,-1.418147,-1.815775,-1.815775,-1.9513026,-1.9138203,-2.2142975,-2.2142975,-2.3561945,-1.7506498,-2.1112158,-2.1375256,-2.1421337,-2.0988708,-2.1112158,-2.1112158,-1.9614034,-1.815775,-1.8736812,-1.849096,-1.815775,0.0,0.0,0.0,0.0,0.0,0.0,0.0,0.0,0.0,0.0,0.0,-1.4288993,-1.4288993,-1.735945,-1.5707964,-1.7506498,-1.5707964,-1.5707964,-1.8622531,-1.7894653,-1.9195673,-1.4464413,-1.5707964,-1.9655875,-1.7681919,-1.7033478,-1.6475682,-1.487655,-1.5707964,-1.7033478,-1.5707964,-1.7126933,-1.6475682,-1.5707964,-1.4940244,-1.735945,-1.5707964
4,1760879463.515716,RX2,Walking,85,0.0,12.041595,16.27882,16.970562,16.27882,14.21267,14.21267,17.029387,17.029387,14.422205,11.0,9.219544,13.892444,12.806249,14.764824,15.264338,13.892444,14.764824,12.206555,11.661903,10.816654,12.806249,5.8309517,7.8102493,7.28011,7.615773,6.7082043,0.0,0.0,0.0,0.0,0.0,0.0,0.0,0.0,0.0,0.0,0.0,7.2111025,5.8309517,14.3178215,4.2426405,1.4142135,8.246211,4.472136,4.0,5.0,5.0,5.0,4.472136,5.0,10.0,6.7082043,16.643316,10.816654,7.071068,10.29563,12.806249,12.041595,15.0,17.691807,13.453625,16.643316,16.970562,0.0,-2.4149504,-2.3996453,-2.3561945,-2.3996453,-2.4558632,-2.4558632,-2.4393358,-2.2730532,-2.55359,3.1415925,-2.2794225,-2.6135182,-2.4668517,-2.6476512,-2.5899377,-2.6135182,-2.6476512,-2.1815224,-2.6011732,-2.55359,-2.4668517,-2.1112158,-2.2655346,-2.863293,-2.7367008,-2.6779451,0.0,0.0,0.0,0.0,0.0,0.0,0.0,0.0,0.0,0.0,0.0,-0.98279375,-0.5404195,1.359703,-0.7853982,-0.7853982,1.815775,2.0344439,-1.5707964,3.1415925,-2.4980915,-2.2142975,-2.0344439,-2.2142975,-2.2142975,-2.6779451,-2.5702553,-2.55359,-2.3561945,-2.077895,-2.4668517,-2.2974386,-2.2142975,-2.3961732,-2.4087775,-2.5702553,-2.3561945
5,1760879463.5669498,RX2,Walking,86,0.0,16.492422,17.720043,15.0,16.492422,20.248457,20.124613,21.931713,20.615528,12.999999,10.440307,11.18034,16.27882,14.866069,12.999999,15.0,16.124516,12.041595,14.866069,15.556349,10.29563,11.18034,11.401754,10.29563,12.1655245,9.055386,13.60147,0.0,0.0,0.0,0.0,0.0,0.0,0.0,0.0,0.0,0.0,0.0,8.944272,9.848858,10.0,7.615773,4.472136,1.0,4.472136,1.4142135,1.0,5.0990195,7.071068,7.0,5.0,7.071068,7.28011,6.3245554,9.486833,11.18034,12.041595,14.035668,13.038405,10.29563,12.649111,21.189621,18.973665,20.880613,0.0,-0.24497867,-0.28605142,-0.6435011,-0.24497867,-0.3529904,-0.4636476,-0.42285392,-0.24497867,-0.39479113,0.2914568,-0.4636476,-0.7419473,-0.7378151,-0.39479113,-0.9272952,-0.5191461,-0.7266423,-0.8329813,-0.7853982,-0.5070985,-0.4636476,-0.66104317,-1.0636978,-1.4056476,-1.4601392,-0.6287963,0.0,0.0,0.0,0.0,0.0,0.0,0.0,0.0,0.0,0.0,0.0,2.6779451,2.7233684,3.1415925,2.7367008,-2.6779451,3.1415925,-2.6779451,-0.7853982,-1.5707964,-0.19739556,-0.7853982,0.0,0.0,-0.14189705,-0.27829966,-0.32175055,-0.32175055,-0.4636476,-0.08314123,-0.071307465,-0.07677189,-0.5070985,-0.32175055,-0.3366748,-0.32175055,-0.2914568
6,1760879463.578172,RX2,Walking,84,0.0,13.601471,13.341663,13.601471,13.0,12.649111,11.704699,13.928389,12.369316,11.704699,16.124516,11.0,11.18034,10.049876,11.401754,9.055386,13.0,11.0,11.045361,10.198039,13.038405,14.035668,16.124516,11.045361,15.132746,15.524176,14.86607,0.0,0.0,0.0,0.0,0.0,0.0,0.0,0.0,0.0,0.0,0.0,7.2111025,5.656854,5.8309517,8.5440035,6.0827622,9.219544,8.5440035,8.602325,8.062258,11.045361,6.0827622,7.615773,9.219544,9.486833,12.1655245,11.18034,12.083046,11.704699,10.440307,14.86607,11.401754,13.152946,12.649111,13.152946,13.601471,16.155495,0.0,1.8692952,1.7975951,1.8692952,1.5707964,1.8925469,1.9195673,1.9379702,1.815775,1.9195673,2.0899425,1.5707964,1.7506498,1.670465,1.8370484,1.6814536,1.5707964,1.5707964,1.4801364,1.3734008,1.4940244,1.4994888,1.4464413,1.4801364,1.7033478,1.8313987,1.9138203,0.0,0.0,0.0,0.0,0.0,0.0,0.0,0.0,0.0,0.0,0.0,2.55359,2.3561945,2.1112158,1.929567,1.735945,2.2794225,1.929567,2.1910458,1.4464413,1.6614562,1.4056476,1.9756881,1.7894653,1.8925469,1.735945,1.7506498,1.9974238,1.9195673,1.8622531,1.9138203,1.8370484,1.7234457,1.8925469,1.7234457,1.8692952,1.9513026
7,1760879463.639214,RX2,Walking,83,0.0,10.770329,16.763054,13.928389,13.152946,14.56022,14.035668,14.764824,16.155495,12.999999,13.928389,12.041595,8.246211,11.18034,9.219544,10.049876,11.045361,12.041595,11.045361,14.0,10.770329,13.038405,13.601471,15.297058,14.035668,16.124516,16.763054,0.0,0.0,0.0,0.0,0.0,0.0,0.0,0.0,0.0,0.0,0.0,5.0990195,3.6055512,6.4031243,7.615773,7.2111025,7.8102493,8.062258,9.219544,8.5440035,9.848858,11.18034,10.440307,9.486833,11.704699,14.3178215,10.816654,12.083046,10.29563,10.816654,15.231546,13.038404,12.999999,13.416409,15.297058,16.155495,15.231546,0.0,-2.7610862,-2.8387077,-2.7744188,-2.9889433,-2.863293,-3.070285,-2.6476512,-2.7610862,-2.7468016,-2.7744188,-3.0584514,-2.896614,2.961739,2.9229238,3.041924,3.050933,-3.0584514,3.050933,3.1415925,2.7610862,3.0648208,-2.8430936,-2.9441972,-3.070285,-3.0172377,-2.8387077,0.0,0.0,0.0,0.0,0.0,0.0,0.0,0.0,0.0,0.0,0.0,2.9441972,-2.158799,-2.2455373,-2.7367008,-2.55359,-2.2655346,-2.6224465,-2.9229238,-2.782822,-2.7233684,-2.961739,-2.8501358,-2.819842,-2.7928216,-2.9304993,-2.55359,-2.714965,-2.634494,-2.55359,-2.7367008,-2.5748634,-2.7468016,-2.6779451,-2.9441972,-2.7610862,-2.7367008
8,1760879463.654051,RX2,Walking,86,0.0,15.264338,14.86607,17.492855,17.888544,19.313208,18.867962,17.888544,17.492855,16.155495,21.587034,15.524176,13.416409,15.264338,12.999999,15.231546,13.416409,14.866069,15.811389,13.038404,12.806249,14.21267,10.29563,8.602325,8.944272,7.8102493,7.8102493,0.0,0.0,0.0,0.0,0.0,0.0,0.0,0.0,0.0,0.0,0.0,3.1622777,5.0,6.0,1.4142135,1.4142135,3.0,1.0,1.4142135,4.2426405,3.6055512,5.0990195,5.3851647,7.071068,8.062258,10.630146,11.313708,9.433981,11.18034,13.038404,12.529964,14.866069,14.21267,14.142136,18.601074,18.601074,18.027756,0.0,-0.551655,-0.34302393,-0.5404195,-0.4636476,-0.37089127,-0.5585993,-0.4636476,-0.5404195,-0.38050637,-0.23374318,-0.26060238,-0.4636476,-0.551655,-0.39479113,-0.4048918,-0.4636476,-0.7378151,-0.6055447,-0.5667292,-0.67474097,-0.6857295,-0.5070985,-0.6202495,-0.4636476,-0.87605804,-0.87605804,0.0,0.0,0.0,0.0,0.0,0.0,0.0,0.0,0.0,0.0,0.0,1.2490457,2.2142975,1.5707964,-2.3561945,0.7853982,1.5707964,1.5707964,2.3561945,-0.7853982,-0.5880026,-1.3734008,0.38050637,-0.7853982,-0.5191461,-0.71883,-0.7853982,-0.5585993,-0.4636476,-0.5667292,-0.49934673,-0.7378151,-0.6857295,-0.7853982,-0.63274884,-0.63274884,-0.5880026
9,1760879463.679859,RX2,Walking,82,0.0,13.892444,13.416409,12.083046,15.297058,13.601471,12.1655245,10.440307,11.661903,12.041595,8.246211,12.369316,10.440307,12.1655245,10.0,11.18034,15.132746,14.035668,9.0,16.03122,13.152946,13.152946,17.0,18.110771,14.0,17.117243,17.888544,0.0,0.0,0.0,0.0,0.0,0.0,0.0,0.0,0.0,0.0,0.0,7.615773,4.0,7.071068,8.944272,7.8102493,8.944272,9.433981,9.433981,13.038404,12.7279215,12.806249,9.219544,11.401754,12.206555,13.60147,15.0,12.806249,15.0,14.422205,13.892444,13.038404,15.811389,10.630146,15.264338,13.892444,15.811389,0.0,-2.6135182,-2.6779451,-2.714965,-2.9441972,-2.8430936,-2.976444,-2.8501358,-2.6011732,3.0584514,-2.896614,-2.896614,-2.8501358,-2.976444,3.1415925,-2.961739,3.009041,-3.070285,3.1415925,-3.0791738,2.9889433,-2.9889433,3.1415925,-3.0309355,3.1415925,-3.024484,-2.6779451,0.0,0.0,0.0,0.0,0.0,0.0,0.0,0.0,0.0,0.0,0.0,-1.9756881,-1.5707964,-2.3561945,-2.6779451,-2.4468544,-2.6779451,-2.1293957,-2.5829933,-2.5748634,-2.3561945,-2.4668517,-2.4329665,-2.2318394,-2.5308666,-2.5127964,-2.4980915,-2.4668517,-2.2142975,-2.55359,-2.6135182,-2.5748634,-2.536048,-2.4227626,-2.5899377,-2.6135182,-2.536048
10,1760879463.693019,RX2,Walking,85,0.0,14.86607,18.788294,15.264338,16.155495,14.317821,15.811388,12.999999,18.110771,15.297058,19.104973,10.049876,9.433981,12.649111,11.18034,13.60147,12.083046,12.529964,11.401754,14.317821,9.848858,9.055386,11.18034,11.0,8.246211,6.7082043,2.236068,0.0,0.0,0.0,0.0,0.0,0.0,0.0,0.0,0.0,0.0,0.0,7.071068,6.0827622,4.0,3.6055512,3.1622777,4.1231055,3.1622777,2.236068,3.0,3.1622777,8.5440035,5.0990195,4.1231055,7.28011,7.615773,7.8102493,6.7082043,9.848858,9.0,10.198039,11.401754,10.630146,12.999999,14.86607,16.155495,19.646885,0.0,2.7985687,2.70175,2.5899377,2.7610862,2.709185,2.819842,2.7468016,3.0309355,2.9441972,2.3932147,3.041924,2.5829933,2.819842,2.6779451,2.5127964,2.714965,2.642246,2.8753407,2.709185,2.7233684,3.0309355,2.6779451,3.1415925,-2.896614,2.6779451,-2.6779451,0.0,0.0,0.0,0.0,0.0,0.0,0.0,0.0,0.0,0.0,0.0,-1.7126933,-1.735945,-1.5707964,-2.158799,-1.8925469,-1.3258177,2.819842,-2.6779451,3.1415925,2.819842,2.782822,2.9441972,-2.896614,-2.863293,2.7367008,2.4468544,2.6779451,2.7233684,3.1415925,2.9441972,2.8753407,2.4227626,2.7468016,2.7985687,2.7610862,2.884269
11,1760879463.974556,RX2,Walking,83,0.0,11.18034,11.045361,12.0,9.055386,12.999999,11.704699,8.5440035,5.0990195,6.0827622,13.038405,12.649111,11.045361,7.071068,12.083046,11.661903,14.317821,17.464249,5.656854,7.0,10.049876,13.152946,14.56022,17.20465,6.4031243,15.556349,14.035668,0.0,0.0,0.0,0.0,0.0,0.0,0.0,0.0,0.0,0.0,0.0,8.062258,8.5440035,4.1231055,6.4031243,7.071068,6.7082043,8.0,6.0827622,8.062258,7.28011,7.0,7.615773,7.071068,10.440307,10.198039,12.369316,6.0827622,7.071068,13.152946,8.062258,10.0,14.0,12.041595,8.246211,12.1655245,12.1655245,0.0,1.3909428,1.4801364,1.5707964,1.4601392,1.9655875,1.9195673,1.929567,1.7681919,1.735945,1.6475682,1.8925469,1.4801364,1.4288993,1.9974238,2.1112158,1.1383885,1.1583859,2.3561945,1.5707964,1.4711276,1.418147,1.849096,2.1910458,0.67474097,2.3561945,1.6421038,0.0,0.0,0.0,0.0,0.0,0.0,0.0,0.0,0.0,0.0,0.0,1.4464413,1.2120256,0.24497867,0.8960554,0.7853982,1.1071488,1.5707964,1.735945,1.4464413,1.2924967,1.5707964,1.1659045,1.7126933,1.2793396,1.3734008,1.3258177,1.735945,1.7126933,1.7234457,1.6951513,1.5707964,1.5707964,1.6539376,1.815775,1.4056476,1.4056476
12,1760879463.993974,RX2,Walking,75,0.0,14.21267,17.029387,18.384775,19.849434,19.849434,20.808653,20.615528,18.35756,14.422205,14.317821,11.401754,10.0,4.472136,4.472136,6.0,7.615773,10.198039,11.704699,11.401754,15.811388,11.18034,10.0,5.656854,11.661903,16.27882,18.384775,0.0,0.0,0.0,0.0,0.0,0.0,0.0,0.0,0.0,0.0,0.0,6.3245554,9.055386,11.18034,13.0,13.038405,14.142136,13.928389,12.999999,12.529964,11.313708,9.219544,10.29563,8.246211,9.0,8.062258,9.848858,8.944272,8.944272,9.433981,8.602325,7.2111025,5.8309517,2.828427,1.0,3.6055512,7.2111025,0.0,-2.4558632,-2.2730532,-2.3561945,-2.427502,-2.427502,-2.5269296,-2.4592762,-2.629203,-2.55359,-2.709185,-2.8753407,3.1415925,2.6779451,2.6779451,1.5707964,1.1659045,1.3734008,1.2220253,1.3045443,1.2490457,1.1071488,1.5707964,0.7853982,1.0303768,1.7561443,1.1801893,0.0,0.0,0.0,0.0,0.0,0.0,0.0,0.0,0.0,0.0,0.0,-1.8925469,-1.6814536,-1.7506498,-1.5707964,-1.4940244,-1.4288993,-1.2036225,-1.1760052,-1.0714496,-0.7853982,-0.7086263,-0.5070985,-0.24497867,0.0,0.124354996,0.41822433,0.4636476,0.4636476,0.5585993,0.6202495,0.5880026,0.5404195,0.7853982,-1.5707964,-2.158799,-2.158799
13,1760879464.0025432,RX2,Walking,84,0.0,11.401754,12.369316,14.035668,11.18034,13.038405,13.0,13.416409,14.035668,14.142136,19.0,9.0,8.062258,12.369316,12.041595,10.29563,11.18034,13.601471,11.401754,11.401754,15.264338,13.892444,16.155495,17.720043,15.524176,16.492422,18.110771,0.0,0.0,0.0,0.0,0.0,0.0,0.0,0.0,0.0,0.0,0.0,8.944272,11.401754,6.0827622,6.7082043,10.198039,10.440307,10.0,11.18034,6.0827622,10.198039,13.038405,7.0,4.0,11.0,14.3178215,10.049876,13.152946,12.041595,14.56022,16.155495,12.369316,11.045361,13.038405,13.152946,10.770329,13.038405,0.0,-2.8753407,2.896614,3.070285,2.961739,3.0648208,3.1415925,2.6779451,-3.070285,2.9996955,3.1415925,3.1415925,-3.0172377,2.896614,3.0584514,2.634494,2.6779451,2.8430936,2.8753407,2.8753407,2.5899377,2.6135182,2.7610862,2.8555412,2.8809903,2.896614,3.0309355,0.0,0.0,0.0,0.0,0.0,0.0,0.0,0.0,0.0,0.0,0.0,-2.6779451,-2.4805496,-2.976444,-2.6779451,-2.9441972,-2.8501358,3.1415925,-2.961739,-2.976444,-2.9441972,-3.0648208,3.1415925,3.1415925,3.1415925,-2.9304993,-3.041924,-2.9889433,-3.0584514,-2.863293,-2.7610862,-2.896614,-3.050933,-3.0648208,-2.9889433,-2.7610862,-3.0648208
14,1760879464.005885,RX2,Walking,83,0.0,12.0,14.56022,15.524176,11.045361,14.142136,14.3178215,12.369316,13.416409,15.811388,20.248457,9.848858,10.770329,11.313708,10.770329,11.401754,11.401754,9.848858,13.416409,10.630146,15.556349,15.811389,15.652476,16.124516,14.317821,18.681541,16.124516,0.0,0.0,0.0,0.0,0.0,0.0,0.0,0.0,0.0,0.0,0.0,7.0,8.062258,8.5440035,6.0827622,9.055386,11.661903,7.615773,8.0,10.049876,8.062258,10.816654,8.5440035,10.198039,9.219544,14.142136,15.132746,8.0,11.045361,14.035668,12.041595,14.0,16.03122,13.152946,13.0,11.045361,13.341663,0.0,0.0,-0.27829966,-0.26060238,0.09065989,-0.14189705,-0.21109334,-0.24497867,-0.4636476,-0.32175055,-0.3529904,-0.41822433,-0.38050637,-0.7853982,-0.38050637,-0.90975314,-0.66104317,-0.41822433,-0.4636476,-0.71883,-0.7853982,-0.6055447,-0.4636476,-0.5191461,-0.43240777,-0.27094686,-0.5191461,0.0,0.0,0.0,0.0,0.0,0.0,0.0,0.0,0.0,0.0,0.0,0.0,0.5191461,0.35877067,-0.16514868,0.11065722,0.5404195,0.4048918,0.0,0.09966865,-0.124354996,0.5880026,0.35877067,0.19739556,-0.21866895,-0.14189705,0.13255154,0.0,0.09065989,-0.071307465,0.08314123,0.0,-0.06241881,0.15264933,0.0,0.09065989,0.22679885
15,1760879464.472488,RX2,Walking,70,0.0,14.56022,15.297058,15.524176,15.524176,14.56022,16.27882,13.038405,11.045361,8.062258,6.0,4.472136,2.828427,4.1231055,6.0827622,7.28011,8.062258,9.0,9.055386,8.246211,8.5440035,7.8102493,7.8102493,6.7082043,5.3851647,3.0,2.0,0.0,0.0,0.0,0.0,0.0,0.0,0.0,0.0,0.0,0.0,0.0,21.0,21.213203,20.880613,20.248457,18.788294,17.0,15.652476,14.317821,12.649111,13.152946,14.0,13.038405,14.3178215,16.27882,16.492422,16.155495,16.763054,16.763054,18.027756,15.811388,13.928389,12.529964,9.899495,8.062258,7.0,8.0,0.0,1.2924967,1.3734008,1.3101939,1.3101939,1.2924967,1.3854483,1.4940244,1.4801364,1.4464413,1.5707964,1.1071488,0.7853982,0.24497867,0.16514868,-0.27829966,-0.124354996,0.0,0.11065722,0.24497867,0.35877067,0.69473827,0.87605804,1.1071488,1.19029,1.5707964,1.5707964,0.0,0.0,0.0,0.0,0.0,0.0,0.0,0.0,0.0,0.0,0.0,3.1415925,-2.9996955,-2.8501358,-2.7886024,-2.70175,-2.6516354,-2.6779451,-2.709185,-2.819842,-2.9889433,3.1415925,3.0648208,2.9304993,2.9562447,2.896614,2.7610862,2.8387077,2.8387077,2.8023,2.819842,2.7744188,2.642246,2.3561945,2.0899425,1.5707964,1.5707964
16,1760879464.853621,RX2,Walking,92,0.0,9.0,6.0827622,3.1622777,2.236068,2.0,1.4142135,0.0,1.0,2.236068,10.198039,3.0,4.1231055,1.4142135,9.219544,8.062258,4.1231055,9.0,7.28011,8.062258,4.0,3.6055512,6.4031243,11.661903,5.0990195,12.041595,12.1655245,0.0,0.0,0.0,0.0,0.0,0.0,0.0,0.0,0.0,0.0,0.0,12.7279215,9.486833,14.866069,11.401754,23.409397,11.18034,9.848858,11.401754,15.231546,8.485281,8.602325,12.7279215,6.7082043,3.6055512,8.0,7.071068,7.28011,10.29563,16.27882,15.0,17.464249,13.60147,18.027756,15.0,9.219544,12.083046,0.0,3.1415925,1.4056476,2.819842,1.1071488,1.5707964,-2.3561945,0.0,0.0,-1.1071488,-2.9441972,0.0,-1.815775,0.7853982,-0.86217004,-1.6951513,-1.3258177,-1.5707964,-1.2924967,0.124354996,0.0,0.5880026,0.67474097,1.0303768,1.3734008,1.487655,1.735945,0.0,0.0,0.0,0.0,0.0,0.0,0.0,0.0,0.0,0.0,0.0,-2.3561945,-2.819842,-2.4037776,-2.8753407,-1.9195673,-1.7506498,-1.9890207,-2.2318394,-2.7367008,-2.3561945,-2.1910458,-2.3561945,-2.6779451,-2.55359,3.1415925,2.9996955,2.863293,2.634494,2.3127437,2.4980915,2.7291822,2.5127964,2.55359,2.4980915,2.2794225,1.9974238
17,1760879465.547711,RX2,Walking,73,0.0,4.1231055,8.062258,8.246211,8.944272,11.661903,13.892444,13.892444,14.764824,12.529964,12.529964,10.29563,8.944272,6.7082043,4.472136,2.828427,3.0,3.6055512,5.0,7.2111025,8.602325,8.062258,10.198039,10.049876,9.219544,8.5440035,7.8102493,0.0,0.0,0.0,0.0,0.0,0.0,0.0,0.0,0.0,0.0,0.0,21.023798,22.022717,24.186773,26.305893,24.738632,25.298222,23.409397,21.540659,19.313208,16.763054,14.3178215,12.1655245,10.198039,9.848858,10.630146,11.661903,12.999999,13.601471,17.46425,16.124516,17.029385,17.117243,15.033297,14.035668,11.045361,10.0,0.0,1.815775,1.6951513,1.3258177,1.1071488,1.0303768,1.0427219,1.0427219,1.076855,1.0714496,1.0714496,1.0636978,1.1071488,1.1071488,1.1071488,0.7853982,0.0,-0.5880026,-0.9272952,-0.98279375,-0.6202495,-0.5191461,-0.19739556,-0.09966865,0.21866895,0.35877067,0.69473827,0.0,0.0,0.0,0.0,0.0,0.0,0.0,0.0,0.0,0.0,0.0,-1.6183795,-1.5253731,-1.4464413,-1.418147,-1.3258177,-1.2490457,-1.2220253,-1.19029,-1.199905,-1.2679114,-1.359703,-1.4056476,-1.7681919,-1.9890207,-2.2896264,-2.6011732,-2.7468016,-2.8430936,-2.910502,-3.0172377,-3.0828369,-3.024484,-3.0750246,3.070285,3.050933,3.1415925
18,1760879466.588031,RX2,Walking,73,0.0,14.3178215,14.86607,17.262676,15.811388,15.524176,15.132746,13.152946,12.1655245,10.0,7.28011,6.3245554,5.0,7.2111025,8.062258,7.28011,9.219544,9.219544,10.198039,8.944272,7.28011,9.848858,6.3245554,7.28011,6.0827622,6.0827622,5.3851647,0.0,0.0,0.0,0.0,0.0,0.0,0.0,0.0,0.0,0.0,0.0,26.305893,26.24881,25.495096,23.021729,20.615528,17.029387,14.142136,10.29563,9.219544,9.055386,10.29563,13.038404,15.0,16.40122,16.40122,16.27882,15.620499,15.620499,16.970562,14.866069,11.313708,9.433981,5.3851647,5.0990195,5.656854,8.062258,0.0,0.21109334,0.34302393,0.1746722,0.32175055,0.26060238,0.13255154,0.15264933,0.16514868,0.0,-0.27829966,-0.32175055,-0.6435011,-0.98279375,-1.0516502,-1.2924967,-1.3521274,-1.3521274,-1.3734008,-1.1071488,-1.2924967,-1.152572,-1.2490457,-1.2924967,-1.4056476,-1.4056476,-1.19029,0.0,0.0,0.0,0.0,0.0,0.0,0.0,0.0,0.0,0.0,0.0,-2.9889433,-2.8318896,-2.695487,-2.5415425,-2.4592762,-2.4393358,-2.3561945,-2.634494,-2.9229238,3.0309355,2.634494,2.5748634,2.4980915,2.485897,2.485897,2.3996453,2.4468544,2.4468544,2.3561945,2.3086114,2.3561945,2.1293957,1.9513026,1.3734008,0.7853982,0.5191461
19,1760879467.5651011,RX2,Walking,77,0.0,3.1622777,2.828427,3.1622777,6.3245554,5.8309517,6.4031243,8.602325,9.219544,7.8102493,9.433981,9.219544,10.630146,12.083046,12.083046,11.18034,12.083046,11.401754,9.848858,9.486833,9.848858,10.049876,7.0,5.3851647,5.0,8.062258,2.828427,0.0,0.0,0.0,0.0,0.0,0.0,0.0,0.0,0.0,0.0,0.0,16.763054,13.928389,13.601471,14.56022,15.524176,17.117243,17.262676,18.681541,16.763054,18.384775,14.764824,16.124516,12.529964,10.816654,10.816654,9.219544,6.4031243,5.8309517,6.0,5.3851647,5.0990195,5.0,4.2426405,5.656854,7.2111025,6.4031243,0.0,2.819842,2.3561945,1.8925469,1.2490457,1.0303768,0.8960554,0.95054686,0.86217004,0.69473827,1.012197,0.86217004,0.71883,0.4266275,0.4266275,0.4636476,0.4266275,0.26625204,0.41822433,0.32175055,0.41822433,0.09966865,0.0,-0.38050637,0.6435011,-0.124354996,-0.7853982,0.0,0.0,0.0,0.0,0.0,0.0,0.0,0.0,0.0,0.0,0.0,0.30288488,0.36717382,0.29849893,0.27829966,0.26060238,0.11710875,0.1746722,0.27094686,0.30288488,0.39060703,0.49394137,0.5191461,0.49934673,0.5880026,0.5880026,0.7086263,0.8960554,1.0303768,1.5707964,1.9513026,1.7681919,2.2142975,2.3561945,2.3561945,2.55359,2.4668517
20,1760879467.795991,RX2,Walking,76,0.0,5.0,6.3245554,7.071068,5.8309517,4.472136,3.6055512,4.1231055,3.1622777,6.3245554,7.071068,5.656854,8.485281,8.246211,11.18034,11.18034,12.999999,11.704699,13.416409,14.317821,15.0,13.038404,12.206555,8.602325,9.899495,9.433981,9.848858,0.0,0.0,0.0,0.0,0.0,0.0,0.0,0.0,0.0,0.0,0.0,31.016123,28.442924,25.495096,26.305893,20.880613,21.095024,21.095024,20.099752,19.0,21.0,22.090721,19.026297,19.0,16.0,15.033297,14.142136,12.1655245,9.055386,9.055386,7.28011,4.1231055,4.1231055,1.0,1.0,2.236068,5.0990195,0.0,-1.5707964,-1.8925469,-1.7126933,-2.1112158,-2.0344439,-2.55359,-2.896614,2.819842,2.819842,2.9996955,2.3561945,2.3561945,1.815775,2.0344439,2.0344439,1.9655875,1.9195673,2.0344439,2.003204,2.2142975,2.1375256,2.1815224,2.1910458,2.3561945,2.1293957,1.9890207,0.0,0.0,0.0,0.0,0.0,0.0,0.0,0.0,0.0,0.0,0.0,1.5385494,1.7475052,1.7681919,1.7234457,1.8622531,1.665748,1.665748,1.670465,1.5707964,1.5707964,1.6614562,1.6233793,1.5707964,1.5707964,1.5042281,1.4288993,1.4056476,1.4601392,1.4601392,1.2924967,1.3258177,1.3258177,1.5707964,0.0,-2.0344439,-1.7681919
21,1760879467.925907,RX2,Walking,75,0.0,7.615773,7.071068,7.2111025,6.0827622,6.0,5.0990195,5.0990195,4.1231055,4.0,3.6055512,4.0,3.1622777,1.4142135,3.6055512,3.6055512,5.3851647,4.1231055,5.0,6.0827622,8.0,8.0,10.049876,9.219544,12.1655245,12.369316,12.999999,0.0,0.0,0.0,0.0,0.0,0.0,0.0,0.0,0.0,0.0,0.0,24.698177,27.89265,29.832867,30.41381,32.24903,30.066593,29.017237,28.01785,25.01999,23.194828,22.203604,18.439089,16.155495,16.155495,13.892444,13.892444,10.630146,10.630146,11.18034,8.5440035,9.219544,9.055386,8.246211,8.5440035,7.615773,8.246211,0.0,-0.4048918,-0.14189705,-0.5880026,-0.16514868,0.0,-0.19739556,0.19739556,0.24497867,0.0,-0.5880026,0.0,-0.32175055,-0.7853982,-0.5880026,-0.98279375,-1.19029,-1.3258177,-1.5707964,-1.4056476,-1.5707964,-1.5707964,-1.670465,-1.3521274,-1.4056476,-1.3258177,-1.1760052,0.0,0.0,0.0,0.0,0.0,0.0,0.0,0.0,0.0,0.0,0.0,1.1978086,1.3171222,1.3339475,1.4056476,1.4464413,1.5042281,1.5363272,1.5350972,1.610775,1.4410938,1.4352686,1.3521274,1.19029,1.19029,1.0427219,1.0427219,0.8519663,0.71883,0.4636476,0.35877067,0.21866895,0.11065722,-0.24497867,-0.35877067,-0.4048918,-0.24497867
22,1760879468.1662002,RX2,Walking,77,0.0,18.027756,13.416409,14.21267,12.806249,14.86607,15.297058,21.095024,23.021729,22.022717,20.024984,24.0,23.021729,24.186773,22.203604,20.099752,19.026297,16.03122,13.038405,12.0,12.529964,13.60147,14.142136,13.453625,16.27882,20.808653,22.472204,0.0,0.0,0.0,0.0,0.0,0.0,0.0,0.0,0.0,0.0,0.0,12.7279215,10.0,9.219544,9.899495,9.219544,9.219544,9.899495,8.944272,8.602325,7.28011,8.602325,9.219544,8.0,8.5440035,9.848858,9.433981,10.630146,14.21267,17.492855,16.643316,21.095022,20.615528,21.540659,20.248457,21.587034,21.587034,0.0,-1.9100889,-2.0344439,-2.2565258,-2.4668517,-2.7985687,-2.9441972,-3.0466409,-3.0981417,3.0961695,-3.0916343,3.1415925,-3.0981417,-3.0172377,-3.006065,-3.041924,-3.0890095,3.0791738,3.0648208,3.1415925,2.642246,2.5127964,2.3561945,2.3036115,2.3996453,2.5269296,2.5782764,0.0,0.0,0.0,0.0,0.0,0.0,0.0,0.0,0.0,0.0,0.0,2.3561945,2.4980915,2.2794225,2.3561945,2.2794225,2.2794225,2.3561945,2.6779451,2.5213432,2.863293,2.5213432,2.9229238,3.1415925,-2.782822,-2.7233684,-2.5829933,-2.4227626,-2.2565258,-2.1112158,-2.1421337,-2.1193457,-1.9693187,-1.9513026,-1.9237868,-1.8045396,-1.8045396
23,1760879468.4110148,RX2,Walking,58,0.0,22.203604,21.400934,20.615528,17.029387,14.21267,9.899495,6.4031243,2.828427,1.4142135,5.656854,9.219544,12.806249,15.0,17.029387,18.439089,19.849434,19.849434,19.104973,16.970562,14.866069,11.401754,8.602325,5.0,2.236068,1.0,4.0,0.0,0.0,0.0,0.0,0.0,0.0,0.0,0.0,0.0,0.0,0.0,5.656854,3.6055512,1.4142135,3.6055512,7.071068,10.630146,13.892444,17.0,18.788294,19.697716,20.248457,20.615528,19.697716,18.384775,16.552946,13.416409,10.29563,7.2111025,3.6055512,2.236068,5.0990195,9.486833,12.529964,16.124516,18.867962,21.095022,0.0,0.9453113,0.9179497,0.88847977,0.8685394,0.8850668,0.7853982,0.8960554,0.7853982,-2.3561945,-2.3561945,-2.4329665,-2.4668517,-2.4980915,-2.4393358,-2.4329665,-2.427502,-2.427502,-2.3932147,-2.3561945,-2.3086114,-2.2318394,-2.1910458,-2.2142975,-2.0344439,1.5707964,1.5707964,0.0,0.0,0.0,0.0,0.0,0.0,0.0,0.0,0.0,0.0,0.0,0.7853982,0.98279375,2.3561945,-2.55359,-2.3561945,-2.2896264,-2.0988708,-2.0607536,-2.010639,-1.9890207,-1.9237868,-1.9693187,-1.9890207,-1.9614034,-2.0074234,-2.0344439,-2.077895,-2.158799,-2.55359,2.0344439,1.3734008,1.2490457,1.0714496,1.0516502,1.012197,1.022247
24,1760879468.4875782,RX2,Walking,76,0.0,15.264338,14.422205,12.806249,14.142136,14.866069,16.40122,16.643316,17.492855,16.552946,17.46425,16.763054,19.313208,18.681541,16.763054,15.811388,15.524176,11.704699,11.18034,12.1655245,11.045361,12.1655245,14.56022,13.152946,13.341663,14.142136,16.124516,0.0,0.0,0.0,0.0,0.0,0.0,0.0,0.0,0.0,0.0,0.0,9.486833,8.246211,8.5440035,9.848858,10.29563,11.401754,13.341663,14.0,13.152946,13.601471,13.416409,12.206555,12.7279215,11.313708,11.661903,10.816654,12.083046,11.18034,12.083046,13.928389,14.317821,13.416409,14.317821,14.764824,15.231546,16.155495,0.0,-0.551655,-0.5880026,-0.67474097,-0.7853982,-0.7378151,-0.9151007,-0.99945885,-1.0303768,-1.1341692,-1.3397057,-1.2679114,-1.199905,-1.2998495,-1.2679114,-1.2490457,-1.3101939,-1.2220253,-1.3909428,-1.4056476,-1.6614562,-1.735945,-1.849096,-1.7234457,-1.7975951,-1.7126933,-1.6951513,0.0,0.0,0.0,0.0,0.0,0.0,0.0,0.0,0.0,0.0,0.0,-1.8925469,-1.815775,-1.929567,-1.9890207,-2.077895,-1.8370484,-1.7975951,-1.5707964,-1.418147,-1.2722974,-1.1071488,-0.9600704,-0.7853982,-0.7853982,-0.5404195,-0.5880026,-0.4266275,-0.4636476,-0.4266275,-0.36717382,-0.43240777,-0.4636476,-0.43240777,-0.49394137,-0.4048918,-0.38050637
25,1760879468.713631,RX2,Walking,75,0.0,13.892444,13.892444,13.60147,13.453625,14.142136,14.21267,13.892444,13.416409,11.704699,10.049876,12.0,10.0,9.486833,9.486833,10.630146,13.453625,16.40122,15.231546,12.999999,16.970562,14.422205,14.21267,18.439089,15.620499,12.7279215,10.816654,0.0,0.0,0.0,0.0,0.0,0.0,0.0,0.0,0.0,0.0,0.0,15.297058,15.652476,15.264338,15.556349,13.60147,13.038404,11.401754,10.198039,9.055386,8.062258,6.3245554,5.3851647,3.6055512,2.828427,2.236068,2.828427,3.6055512,2.0,3.0,4.1231055,6.3245554,7.615773,8.944272,9.848858,9.848858,11.18034,0.0,2.6135182,2.6135182,2.5127964,2.4087775,2.3561945,2.2565258,2.0988708,2.0344439,1.9195673,1.670465,1.5707964,1.5707964,1.2490457,1.2490457,0.71883,0.7328151,0.6556956,0.4048918,0.39479113,0.7853982,0.5880026,0.6857295,0.7086263,0.69473827,0.7853982,0.98279375,0.0,0.0,0.0,0.0,0.0,0.0,0.0,0.0,0.0,0.0,0.0,1.7681919,2.0344439,2.1224513,2.3561945,2.5127964,2.5748634,2.8753407,2.9441972,3.0309355,3.0172377,-2.819842,-2.7610862,-2.55359,-2.3561945,-2.0344439,-2.3561945,-2.55359,3.1415925,3.1415925,2.896614,2.819842,2.7367008,2.6779451,2.7233684,2.7233684,2.6779451
26,1760879468.816442,RX2,Walking,76,0.0,12.083046,16.124516,16.643316,14.317821,14.764824,13.928389,13.341663,11.0,11.045361,11.661903,8.602325,9.219544,8.944272,10.198039,12.0,14.142136,15.132746,15.297058,16.492422,17.720043,16.492422,15.297058,16.27882,12.369316,10.198039,10.440307,0.0,0.0,0.0,0.0,0.0,0.0,0.0,0.0,0.0,0.0,0.0,20.59126,20.248457,18.439089,19.235384,19.026297,18.0,17.117243,14.035668,11.18034,10.198039,7.071068,6.3245554,4.1231055,4.472136,2.236068,1.0,2.236068,1.4142135,3.1622777,2.236068,5.0990195,5.0,6.7082043,9.219544,8.602325,10.630146,0.0,-1.1441689,-1.0516502,-0.99945885,-1.1383885,-1.076855,-1.2036225,-1.3439975,-1.5707964,-1.6614562,-2.1112158,-2.1910458,-2.4329665,-2.6779451,-2.9441972,3.1415925,2.9996955,3.009041,2.9441972,2.896614,2.8555412,2.896614,2.9441972,2.9562447,2.896614,2.9441972,2.8501358,0.0,0.0,0.0,0.0,0.0,0.0,0.0,0.0,0.0,0.0,0.0,-0.5070985,-0.3529904,-0.21866895,-0.15660188,-0.05258306,0.0,0.11710875,0.071307465,0.1798535,0.19739556,0.14189705,0.32175055,0.24497867,0.4636476,0.4636476,0.0,-1.1071488,-0.7853982,-1.2490457,-1.1071488,-1.3734008,-0.9272952,-1.1071488,-0.86217004,-0.95054686,-0.8519663
27,1760879468.942146,RX2,Walking,76,0.0,20.518286,16.27882,15.620499,12.041595,10.29563,9.848858,5.0,7.071068,7.071068,8.062258,12.206555,14.0,18.027758,22.090721,25.96151,25.317976,22.561028,22.472204,17.464249,18.788294,16.155495,11.18034,8.485281,10.29563,11.661903,14.866069,0.0,0.0,0.0,0.0,0.0,0.0,0.0,0.0,0.0,0.0,0.0,17.492855,16.155495,14.3178215,10.198039,8.062258,5.0,2.828427,2.236068,3.1622777,5.0,5.656854,7.2111025,9.433981,8.602325,5.8309517,6.7082043,5.0990195,3.0,5.0,5.0990195,4.472136,8.602325,12.806249,13.60147,17.804493,18.439089,0.0,0.81986725,0.7419473,0.69473827,0.7266423,0.5070985,0.41822433,0.0,-0.7853982,-1.4288993,-1.0516502,-0.9600704,-1.5707964,-1.5152978,-1.4801364,-1.2977877,-1.4121411,-1.3473197,-1.2068174,-1.1583859,-1.1309538,-1.19029,-1.3909428,-2.3561945,-2.077895,-2.1112158,-2.4037776,0.0,0.0,0.0,0.0,0.0,0.0,0.0,0.0,0.0,0.0,0.0,-0.5404195,-0.38050637,-0.21109334,-0.19739556,-0.124354996,0.0,-0.7853982,-1.1071488,-1.8925469,-2.2142975,-2.3561945,-2.158799,-2.1293957,-2.1910458,-2.1112158,-2.0344439,-1.7681919,-1.5707964,-0.6435011,-0.19739556,0.4636476,0.6202495,0.67474097,0.6287963,0.66596925,0.7086263
28,1760879468.971827,RX2,Walking,57,0.0,19.104973,22.0,21.023798,24.020824,23.086792,21.213203,20.396078,16.27882,12.369316,11.045361,7.071068,5.3851647,5.3851647,6.0827622,11.045361,13.038405,14.3178215,14.3178215,15.811388,14.56022,13.601471,12.999999,11.18034,8.062258,5.656854,3.6055512,0.0,0.0,0.0,0.0,0.0,0.0,0.0,0.0,0.0,0.0,0.0,13.152946,11.401754,11.401754,9.848858,6.3245554,4.472136,1.4142135,4.472136,7.071068,9.0,13.0,15.0,17.0,18.0,18.248287,18.681541,19.924858,17.464249,17.888544,15.652476,12.529964,7.615773,5.3851647,4.2426405,7.071068,12.041595,0.0,-1.4659194,-1.5707964,-1.6183795,-1.6124389,-1.6575347,-1.7126933,-1.7681919,-1.7561443,-1.815775,-1.6614562,-1.7126933,-1.19029,-0.38050637,-0.16514868,0.09065989,0.07677189,0.21109334,0.21109334,0.32175055,0.27829966,0.29849893,0.39479113,0.4636476,0.5191461,0.7853982,0.98279375,0.0,0.0,0.0,0.0,0.0,0.0,0.0,0.0,0.0,0.0,0.0,0.15264933,0.26625204,0.26625204,0.41822433,0.32175055,0.4636476,2.3561945,2.6779451,2.9996955,3.1415925,3.1415925,3.1415925,3.1415925,3.1415925,2.976444,2.8706458,2.8357139,2.7291822,2.6779451,2.6779451,2.642246,2.7367008,2.7610862,-2.3561945,-1.7126933,-1.487655
29,1760879468.988079,RX2,Walking,58,0.0,18.384775,15.811388,10.770329,7.8102493,6.3245554,8.246211,10.29563,13.892444,13.892444,15.652476,17.464249,17.464249,18.027756,16.763054,15.811388,12.649111,9.848858,7.2111025,5.3851647,5.0990195,7.2111025,9.219544,11.401754,12.206555,13.416409,13.928389,0.0,0.0,0.0,0.0,0.0,0.0,0.0,0.0,0.0,0.0,0.0,4.1231055,6.0827622,8.062258,10.816654,13.60147,16.40122,17.804493,18.601074,18.601074,18.027756,16.124516,14.764824,12.083046,8.944272,5.8309517,3.1622777,4.472136,7.071068,12.041595,16.27882,19.104973,22.022717,23.600847,24.698177,25.059929,24.166092,0.0,-1.1801893,-1.2490457,-1.19029,-0.87605804,-0.32175055,0.24497867,0.5070985,0.52807444,0.52807444,0.4636476,0.41241044,0.41241044,0.33929262,0.30288488,0.32175055,0.32175055,0.41822433,0.5880026,1.19029,1.7681919,2.158799,2.4329665,2.4805496,2.5308666,2.6779451,2.7744188,0.0,0.0,0.0,0.0,0.0,0.0,0.0,0.0,0.0,0.0,0.0,2.896614,-2.976444,-2.6224465,-2.55359,-2.5127964,-2.485897,-2.4756234,-2.508844,-2.508844,-2.55359,-2.6224465,-2.6476512,-2.714965,-2.6779451,-2.6011732,-1.8925469,-1.1071488,-0.7853982,-0.7266423,-0.7419473,-0.8224183,-0.88187194,-0.93576956,-1.0164888,-1.0714496,-1.1441689
30,1760879469.063446,RX2,Walking,73,0.0,5.8309517,12.649111,12.041595,19.924858,12.083046,20.124613,17.088007,21.84033,16.40122,18.35756,18.867962,14.317821,10.630146,7.071068,3.6055512,5.0990195,6.3245554,6.4031243,7.8102493,10.630146,12.041595,14.21267,14.764824,14.317821,12.999999,11.18034,0.0,0.0,0.0,0.0,0.0,0.0,0.0,0.0,0.0,0.0,0.0,8.944272,9.848858,10.770329,11.401754,13.152946,11.401754,10.0,8.0,6.3245554,5.3851647,6.0,1.0,3.0,3.1622777,5.656854,5.0990195,5.3851647,7.0,16.155495,10.198039,14.035668,7.071068,9.899495,11.661903,10.440307,6.7082043,0.0,-2.1112158,-1.8925469,-2.2974386,-1.8766752,-1.9974238,-2.0344439,-1.929567,-1.849096,-2.226492,-2.0831857,-2.1293957,-2.003204,-2.4227626,-2.3561945,-2.55359,-2.9441972,2.819842,2.4668517,2.2655346,2.2896264,2.4149504,2.4558632,2.6476512,2.709185,2.7468016,2.961739,0.0,0.0,0.0,0.0,0.0,0.0,0.0,0.0,0.0,0.0,0.0,2.6779451,2.7233684,2.7610862,2.8753407,2.9889433,2.8753407,3.1415925,3.1415925,-2.819842,-2.7610862,3.1415925,0.0,-1.5707964,0.32175055,-0.7853982,-0.19739556,0.38050637,0.0,-0.38050637,0.19739556,-0.071307465,0.14189705,0.7853982,0.5404195,0.2914568,-1.1071488
31,1760879469.071727,RX2,Walking,69,0.0,5.8309517,10.29563,8.485281,12.206555,15.0,16.27882,17.029387,15.620499,12.649111,10.440307,11.661903,8.944272,7.8102493,8.5440035,4.2426405,4.472136,8.062258,6.7082043,9.219544,6.0827622,12.649111,14.142136,10.816654,12.806249,9.848858,12.806249,0.0,0.0,0.0,0.0,0.0,0.0,0.0,0.0,0.0,0.0,0.0,7.2111025,8.5440035,11.18034,9.055386,8.062258,12.1655245,11.0,11.045361,7.615773,5.0,4.1231055,3.6055512,3.0,2.236068,5.3851647,5.0990195,6.0,9.055386,11.0,12.041595,9.219544,12.083046,9.219544,11.18034,7.0,7.0,0.0,-1.0303768,-2.634494,-2.3561945,-2.1815224,-2.4980915,-2.3996453,-2.4393358,-2.2655346,-2.819842,-2.8501358,-2.6011732,-2.6779451,-2.4468544,-2.782822,-2.3561945,-2.0344439,2.0899425,1.1071488,2.2794225,1.4056476,1.8925469,1.7126933,2.158799,2.4668517,2.7233684,2.4668517,0.0,0.0,0.0,0.0,0.0,0.0,0.0,0.0,0.0,0.0,0.0,2.55359,2.782822,2.961739,3.0309355,3.0172377,2.976444,3.1415925,-3.050933,-2.7367008,-2.4980915,2.896614,-2.158799,-1.5707964,1.1071488,-0.38050637,-0.19739556,0.0,0.11065722,0.0,-0.08314123,-0.21866895,-0.4266275,0.21866895,-0.1798535,0.0,-1.5707964
32,1760879469.124054,RX2,Walking,74,0.0,5.8309517,9.055386,12.083046,13.416409,20.59126,21.540659,21.931713,22.825424,18.867962,18.867962,16.40122,16.40122,12.7279215,9.433981,6.4031243,6.0827622,5.8309517,9.219544,10.0,13.038404,15.0,16.27882,16.27882,16.124516,13.416409,13.341663,0.0,0.0,0.0,0.0,0.0,0.0,0.0,0.0,0.0,0.0,0.0,13.341663,13.038405,13.152946,15.524176,16.492422,14.56022,11.704699,11.704699,10.29563,6.7082043,5.8309517,2.236068,1.4142135,2.0,7.0,7.2111025,12.529964,12.083046,16.763054,15.652476,16.124516,14.56022,15.231546,11.045361,8.5440035,6.0827622,0.0,-1.0303768,-1.4601392,-1.9974238,-2.0344439,-2.077895,-1.9513026,-1.9936502,-2.0736396,-2.1293957,-2.1293957,-2.226492,-2.226492,-2.3561945,-2.1293957,-2.4668517,-2.976444,2.6011732,2.2794225,2.2142975,2.1375256,2.2142975,2.3127437,2.3996453,2.6224465,2.6779451,2.9147937,0.0,0.0,0.0,0.0,0.0,0.0,0.0,0.0,0.0,0.0,0.0,2.9147937,3.0648208,-2.9889433,-2.8809903,-2.896614,-2.863293,-2.7928216,-2.7928216,-2.634494,-2.6779451,-2.6011732,-2.0344439,0.7853982,0.0,0.0,0.5880026,0.49934673,0.4266275,0.30288488,0.4636476,0.5191461,0.27829966,0.4048918,0.09065989,0.35877067,-0.16514868
33,1760879469.172883,RX2,Walking,75,0.0,15.297058,18.248287,19.416489,19.924858,20.615528,20.396078,19.646885,17.46425,13.341663,9.219544,8.5440035,5.0,7.28011,8.062258,10.29563,13.038404,13.892444,17.0,17.464249,18.973665,17.262676,17.117243,14.035668,13.038405,10.049876,6.0,0.0,0.0,0.0,0.0,0.0,0.0,0.0,0.0,0.0,0.0,0.0,17.029387,15.620499,12.529964,9.848858,8.246211,6.3245554,3.1622777,1.4142135,2.236068,3.6055512,5.3851647,6.7082043,7.2111025,9.486833,10.440307,9.486833,9.486833,10.198039,11.18034,10.049876,9.219544,8.246211,7.2111025,7.8102493,7.071068,10.440307,0.0,1.3734008,1.4056476,1.3633001,1.2649175,1.3258177,1.3734008,1.3134726,1.3397057,1.3439975,1.3521274,1.2120256,0.6435011,0.27829966,-0.124354996,-0.5070985,-0.5667292,-0.52807444,-0.48995733,-0.41241044,-0.32175055,-0.1746722,-0.11710875,0.071307465,0.07677189,0.09966865,0.0,0.0,0.0,0.0,0.0,0.0,0.0,0.0,0.0,0.0,0.0,0.0,-0.8685394,-0.69473827,-0.49934673,-0.41822433,-0.24497867,-0.32175055,-0.32175055,-0.7853982,-2.0344439,-2.55359,-2.7610862,-2.6779451,-2.55359,-2.819842,-2.8501358,-2.819842,-2.819842,-2.9441972,-2.961739,-3.041924,2.9229238,2.896614,2.55359,2.2655346,1.7126933,1.8622531
34,1760879469.3968818,RX2,Walking,76,0.0,4.472136,3.6055512,4.2426405,6.0827622,6.3245554,10.816654,11.401754,14.21267,14.764824,16.27882,15.0,16.40122,15.264338,15.652476,16.552946,14.86607,13.928389,10.440307,8.5440035,7.0,7.0,6.7082043,9.219544,9.219544,10.0,10.630146,0.0,0.0,0.0,0.0,0.0,0.0,0.0,0.0,0.0,0.0,0.0,10.440307,9.899495,8.5440035,13.341663,17.262676,20.396078,21.84033,22.84732,25.079872,23.021729,21.633308,18.439089,15.620499,11.401754,8.944272,5.0990195,2.828427,4.1231055,7.615773,11.18034,11.661903,13.60147,12.206555,12.206555,10.816654,11.18034,0.0,-0.4636476,-0.5880026,-0.7853982,-1.735945,-1.8925469,-2.158799,-2.2318394,-2.2565258,-2.0647378,-2.3127437,-2.4980915,-2.485897,-2.5899377,-2.6779451,-2.7049656,-2.7985687,-2.7744188,-2.8501358,-2.782822,3.1415925,3.1415925,2.6779451,2.4329665,2.2794225,2.2142975,2.2896264,0.0,0.0,0.0,0.0,0.0,0.0,0.0,0.0,0.0,0.0,0.0,-1.8622531,-2.3561945,-2.782822,-2.9147937,-2.9669204,-2.9441972,-2.863293,-2.7367008,-2.7314653,-2.5415425,-2.55359,-2.4329665,-2.2655346,-2.2318394,-2.0344439,-1.7681919,-0.7853982,-0.24497867,0.4048918,0.4636476,0.5404195,0.6287963,0.61072594,0.61072594,0.5880026,0.4636476
35,1760879469.625689,RX2,Walking,75,0.0,14.317821,16.155495,18.384775,18.973665,18.681541,19.416489,18.248287,17.262676,13.0,10.049876,7.0,3.1622777,1.4142135,5.3851647,8.246211,12.1655245,13.341663,15.524176,17.088007,17.888544,16.124516,14.21267,12.806249,8.944272,6.3245554,3.0,0.0,0.0,0.0,0.0,0.0,0.0,0.0,0.0,0.0,0.0,0.0,23.086794,21.023798,21.470911,19.416489,17.029387,14.866069,11.313708,7.071068,3.0,2.0,5.0,8.5440035,9.848858,11.661903,11.661903,12.206555,13.453625,12.041595,12.806249,10.816654,8.944272,6.3245554,4.0,4.1231055,4.472136,7.071068,0.0,-2.709185,-2.7610862,-2.7509856,-2.819842,-2.8706458,-2.9340963,-2.976444,-2.9669204,3.1415925,3.041924,3.1415925,2.819842,-0.7853982,0.38050637,0.24497867,0.16514868,0.22679885,0.26060238,0.35877067,0.4636476,0.5191461,0.6857295,0.8960554,1.1071488,1.2490457,1.5707964,0.0,0.0,0.0,0.0,0.0,0.0,0.0,0.0,0.0,0.0,0.0,-2.83354,-2.6992185,-2.6571147,-2.5393052,-2.4393358,-2.4037776,-2.3561945,-2.3561945,3.1415925,1.5707964,1.5707964,1.2120256,1.152572,1.0303768,1.0303768,0.9600704,0.8379812,0.7266423,0.67474097,0.5880026,0.4636476,0.32175055,0.0,-1.3258177,-2.0344439,-2.3561945
36,1760879469.722517,RX2,Walking,71,0.0,12.369316,17.088007,18.681541,17.720043,18.439089,19.416489,18.248287,16.124516,13.152946,11.18034,7.0,5.0990195,3.6055512,4.1231055,6.4031243,9.219544,11.401754,12.041595,13.038404,17.0,13.601471,13.341663,13.928389,8.5440035,9.055386,2.236068,0.0,0.0,0.0,0.0,0.0,0.0,0.0,0.0,0.0,0.0,0.0,15.033297,14.3178215,13.928389,12.083046,10.29563,7.8102493,5.0,2.0,2.236068,4.0,5.0990195,9.055386,10.198039,12.1655245,12.1655245,13.601471,13.601471,13.928389,12.999999,12.529964,10.0,8.485281,7.2111025,6.0,6.7082043,7.8102493,0.0,1.815775,1.929567,1.8417432,1.8568478,1.7894653,1.7782925,1.735945,1.6951513,1.7234457,1.7506498,1.5707964,1.3734008,0.5880026,-0.24497867,-0.67474097,-0.7086263,-0.90975314,-0.844154,-0.5667292,-0.48995733,-0.29849893,-0.22679885,-0.36717382,0.35877067,0.11065722,1.1071488,0.0,0.0,0.0,0.0,0.0,0.0,0.0,0.0,0.0,0.0,0.0,0.066568166,0.21109334,0.36717382,0.4266275,0.5070985,0.69473827,0.6435011,0.0,-0.4636476,-1.5707964,-1.7681919,-1.6814536,-1.7681919,-1.735945,-1.735945,-1.8692952,-1.8692952,-1.9379702,-1.9655875,-2.070143,-2.2142975,-2.3561945,-2.55359,3.1415925,2.6779451,2.4468544
37,1760879469.8528,RX2,Walking,72,0.0,7.0,9.486833,11.401754,12.7279215,15.0,17.0,20.0,18.867962,19.723083,18.35756,16.643316,15.0,13.892444,12.206555,8.944272,7.28011,6.0,5.8309517,8.602325,10.816654,12.041595,13.453625,15.0,13.892444,12.649111,11.704699,0.0,0.0,0.0,0.0,0.0,0.0,0.0,0.0,0.0,0.0,0.0,12.7279215,14.21267,15.811389,17.0,17.088007,16.492422,15.297058,14.142136,11.0,8.062258,8.246211,5.0,3.0,4.1231055,8.062258,10.0,13.453625,15.620499,17.804493,17.804493,18.439089,18.601074,17.029387,16.27882,12.7279215,11.313708,0.0,0.0,-0.32175055,-0.66104317,-0.7853982,-0.9272952,-1.080839,-0.9272952,-1.012197,-1.0390723,-1.0584068,-0.99945885,-0.9272952,-1.0427219,-0.9600704,-1.1071488,-1.2924967,-1.5707964,-2.1112158,-2.5213432,-2.55359,-2.4149504,-2.4087775,-2.2142975,-2.0988708,-1.8925469,-1.9195673,0.0,0.0,0.0,0.0,0.0,0.0,0.0,0.0,0.0,0.0,0.0,2.3561945,2.4558632,2.536048,2.6516354,2.782822,2.896614,2.9441972,2.9996955,3.1415925,-3.0172377,2.896614,2.4980915,1.5707964,1.3258177,1.0516502,0.9272952,0.8379812,0.87605804,0.90482706,0.90482706,0.86217004,0.93804747,0.8685394,0.8288491,0.7853982,0.7853982
38,1760879470.136246,RX2,Walking,74,0.0,14.035668,13.453625,13.60147,15.811389,21.931713,13.453625,14.422205,12.529964,7.071068,3.1622777,5.8309517,6.4031243,2.236068,1.0,9.0,10.049876,8.246211,11.18034,9.486833,10.0,8.5440035,8.485281,6.0827622,6.3245554,1.0,4.472136,0.0,0.0,0.0,0.0,0.0,0.0,0.0,0.0,0.0,0.0,0.0,14.86607,12.649111,12.369316,14.0,14.142136,8.062258,8.246211,10.198039,7.28011,9.219544,5.3851647,9.219544,3.1622777,5.8309517,7.8102493,7.615773,8.0,6.7082043,8.5440035,6.0827622,7.2111025,2.828427,2.0,3.1622777,6.7082043,10.630146,0.0,-1.4994888,-2.3036115,-2.1995926,-2.176341,-2.3239477,-2.4087775,-2.55359,-2.642246,-2.3561945,-1.8925469,-2.1112158,-2.2455373,-0.4636476,-1.5707964,0.0,0.09966865,0.24497867,0.4636476,0.32175055,0.9272952,0.35877067,0.7853982,1.735945,1.2490457,-1.5707964,2.6779451,0.0,0.0,0.0,0.0,0.0,0.0,0.0,0.0,0.0,0.0,0.0,-0.34302393,-0.32175055,0.24497867,0.0,0.14189705,0.124354996,0.24497867,0.19739556,0.27829966,0.21866895,1.19029,0.7086263,0.32175055,2.1112158,2.4468544,1.9756881,1.5707964,2.0344439,1.929567,1.735945,2.158799,2.3561945,3.1415925,-1.8925469,-2.0344439,-2.4227626
39,1760879470.177852,RX2,Walking,79,0.0,6.7082043,1.4142135,3.0,2.828427,8.062258,8.062258,9.219544,12.041595,13.453625,8.062258,8.602325,9.848858,8.5440035,6.0827622,4.1231055,5.656854,4.1231055,6.7082043,5.0990195,6.0827622,5.0990195,3.1622777,4.0,3.1622777,3.1622777,5.0,0.0,0.0,0.0,0.0,0.0,0.0,0.0,0.0,0.0,0.0,0.0,21.213203,24.020824,27.018513,30.016663,34.05877,34.132095,31.144823,30.066593,28.284271,28.071337,25.179356,18.0,15.033297,12.041595,5.0,4.472136,2.0,3.6055512,7.615773,9.055386,12.0,11.045361,14.035668,11.18034,13.341663,11.18034,0.0,2.0344439,2.3561945,3.1415925,-2.3561945,-3.0172377,-2.6224465,-2.2794225,-2.2974386,-2.3036115,-2.6224465,-2.1910458,-1.9890207,-1.929567,-1.735945,-1.3258177,-0.7853982,-0.24497867,-0.4636476,-0.19739556,0.16514868,0.19739556,0.32175055,0.0,0.32175055,-1.2490457,-0.9272952,0.0,0.0,0.0,0.0,0.0,0.0,0.0,0.0,0.0,0.0,0.0,-1.4288993,-1.5291537,-1.5337762,-1.5374753,-1.5120405,-1.4827889,-1.4743226,-1.5042281,-1.4288993,-1.4994888,-1.4513674,-1.5707964,-1.5042281,-1.6539376,-1.5707964,-2.0344439,3.1415925,2.158799,1.9756881,1.6814536,1.5707964,1.4801364,1.6421038,1.3909428,1.3439975,1.3909428
40,1760879470.425065,RX2,Walking,75,0.0,7.615773,9.219544,9.486833,12.649111,11.661903,14.3178215,12.1655245,17.117243,9.055386,13.928389,6.3245554,10.049876,7.071068,9.219544,6.7082043,5.0,7.071068,8.062258,5.0990195,3.1622777,8.062258,5.0,10.440307,8.0,8.246211,13.928389,0.0,0.0,0.0,0.0,0.0,0.0,0.0,0.0,0.0,0.0,0.0,30.594116,28.160257,24.020824,19.026297,16.03122,15.132746,13.038404,13.928389,16.552946,18.681541,20.248457,23.769728,23.409397,23.769728,23.259407,20.248457,17.888544,17.464249,20.248457,13.601471,11.045361,8.602325,6.0,2.0,1.0,4.1231055,0.0,-1.9756881,-1.7894653,-1.8925469,-1.8925469,-2.1112158,-1.7818897,-1.735945,-1.6879051,-1.4601392,-1.2036225,-1.2490457,-1.670465,-1.4288993,-2.2794225,-1.1071488,-2.4980915,-2.3561945,-3.0172377,-2.9441972,-2.819842,3.0172377,-2.4980915,2.8501358,3.1415925,-2.896614,-2.7744188,0.0,0.0,0.0,0.0,0.0,0.0,0.0,0.0,0.0,0.0,0.0,1.3734008,1.4640607,1.6124389,1.5182133,1.5083776,1.4382448,1.0040671,0.36717382,0.43662718,0.27094686,0.3529904,0.38831872,0.348771,0.38831872,0.4444192,0.5743048,0.4636476,0.41241044,0.5743048,0.29849893,0.09065989,0.6202495,0.0,1.5707964,-1.5707964,-1.815775
41,1760879471.302737,RX2,Walking,79,0.0,7.071068,10.049876,13.341663,14.317821,14.3178215,16.492422,16.492422,13.152946,8.062258,8.062258,6.3245554,2.236068,3.1622777,5.8309517,9.219544,11.401754,12.206555,13.453625,15.264338,13.892444,10.816654,9.486833,8.246211,5.0,2.828427,6.4031243,0.0,0.0,0.0,0.0,0.0,0.0,0.0,0.0,0.0,0.0,0.0,12.083046,8.062258,4.472136,3.6055512,5.0,9.055386,11.045361,15.132746,15.297058,16.124516,16.763054,18.027756,16.492422,15.132746,14.3178215,15.132746,13.038405,14.035668,15.132746,16.124516,14.3178215,14.56022,13.928389,10.440307,10.29563,7.8102493,0.0,-1.7126933,-1.4711276,-1.3439975,-1.1383885,-1.359703,-1.3258177,-1.3258177,-1.418147,-1.4464413,-1.0516502,-1.2490457,-0.4636476,0.32175055,0.5404195,0.86217004,0.66104317,0.61072594,0.7328151,0.551655,0.52807444,0.5880026,0.32175055,0.24497867,0.0,-0.7853982,-2.2455373,0.0,0.0,0.0,0.0,0.0,0.0,0.0,0.0,0.0,0.0,0.0,-0.4266275,-0.5191461,-1.1071488,-2.158799,-2.4980915,-3.0309355,-3.050933,3.009041,2.9441972,3.0172377,2.8387077,2.8023,2.896614,3.009041,2.9304993,3.009041,3.0648208,-3.070285,-3.009041,-3.0172377,-2.9304993,-2.863293,-2.7744188,-2.8501358,-2.634494,-2.4468544
42,1760879471.36746,RX2,Walking,79,0.0,3.6055512,5.0,8.062258,11.661903,11.401754,15.0,14.422205,13.892444,12.083046,11.18034,8.5440035,9.433981,5.0,3.1622777,3.1622777,5.0,6.0827622,9.486833,8.944272,10.770329,10.049876,9.055386,7.071068,5.3851647,3.1622777,4.2426405,0.0,0.0,0.0,0.0,0.0,0.0,0.0,0.0,0.0,0.0,0.0,19.235384,15.524176,13.152946,7.615773,4.472136,6.0827622,8.485281,13.453625,14.422205,17.492855,20.124613,21.023798,18.867962,21.095022,18.867962,19.235384,17.20465,17.029387,17.029387,19.849434,16.40122,14.422205,12.806249,10.770329,8.062258,5.3851647,0.0,0.5880026,1.5707964,2.0899425,2.1112158,2.2318394,2.2142975,2.158799,2.0988708,1.9974238,1.7506498,1.929567,2.1293957,2.2142975,2.819842,-1.8925469,-2.2142975,-1.735945,-1.8925469,-2.0344439,-1.9513026,-1.670465,-1.6814536,-1.7126933,-1.9513026,2.819842,2.3561945,0.0,0.0,0.0,0.0,0.0,0.0,0.0,0.0,0.0,0.0,0.0,1.4141945,1.3101939,1.418147,1.1659045,0.4636476,-0.16514868,-0.7853982,-0.8379812,-0.98279375,-1.0303768,-1.1071488,-1.1284221,-1.012197,-1.022247,-1.012197,-1.0838971,-0.95054686,-0.8685394,-0.8685394,-0.7140907,-0.6556956,-0.5880026,-0.67474097,-0.38050637,-0.124354996,-0.38050637
43,1760879471.4666848,RX2,Walking,78,0.0,22.84732,19.235384,16.40122,11.313708,8.944272,5.0,3.1622777,5.8309517,7.2111025,11.045361,10.049876,9.055386,13.341663,12.1655245,11.704699,13.892444,6.3245554,2.828427,6.0,3.1622777,2.236068,5.8309517,12.369316,10.0,6.0827622,16.124516,0.0,0.0,0.0,0.0,0.0,0.0,0.0,0.0,0.0,0.0,0.0,21.37756,20.0,18.0,18.248287,14.56022,13.892444,15.0,12.206555,12.529964,12.649111,11.18034,12.1655245,10.440307,9.0,6.0,5.3851647,4.2426405,5.0,10.440307,12.649111,17.262676,19.646885,23.021729,23.0,24.0,24.331049,0.0,-1.9756881,-2.0576956,-2.226492,-2.3561945,-2.6779451,3.1415925,1.8925469,1.0303768,0.5880026,0.09065989,0.09966865,0.11065722,-0.22679885,-0.16514868,-0.348771,-0.52807444,-0.32175055,-0.7853982,-1.5707964,-2.819842,1.1071488,2.1112158,1.815775,2.4980915,1.735945,-3.0172377,0.0,0.0,0.0,0.0,0.0,0.0,0.0,0.0,0.0,0.0,0.0,1.3825748,1.5707964,1.5707964,1.735945,1.849096,2.0988708,2.2142975,2.5308666,2.642246,2.819842,2.6779451,2.976444,2.8501358,3.1415925,3.1415925,-2.7610862,-2.3561945,-1.5707964,-1.2793396,-1.2490457,-1.3961241,-1.3134726,-1.5273454,-1.5707964,-1.5707964,-1.735945
44,1760879471.593808,RX2,Walking,80,0.0,1.0,5.0,5.0990195,8.944272,8.944272,8.062258,8.944272,9.219544,8.246211,11.18034,6.3245554,3.6055512,2.828427,4.2426405,5.0,8.246211,12.0,12.041595,15.0,15.297058,17.46425,16.124516,14.035668,10.049876,9.0,8.5440035,0.0,0.0,0.0,0.0,0.0,0.0,0.0,0.0,0.0,0.0,0.0,19.416489,14.866069,13.038404,12.369316,12.1655245,10.770329,12.206555,14.21267,16.40122,17.20465,20.248457,16.40122,17.0,18.601074,16.40122,17.691807,15.620499,14.866069,15.0,14.422205,11.401754,12.999999,12.529964,9.433981,8.0,8.062258,0.0,-1.5707964,-0.6435011,0.19739556,0.4636476,0.4636476,0.5191461,0.4636476,0.7086263,0.24497867,0.1798535,0.32175055,0.5880026,0.7853982,2.3561945,2.4980915,2.896614,3.1415925,3.0584514,3.1415925,-2.9441972,-2.910502,-3.0172377,-3.070285,-3.041924,3.1415925,2.782822,0.0,0.0,0.0,0.0,0.0,0.0,0.0,0.0,0.0,0.0,0.0,-0.96850896,-0.8329813,-1.0040671,-1.3258177,-1.735945,-1.9513026,-2.1815224,-2.4558632,-2.485897,-2.5213432,-2.567288,-2.485897,-2.6516354,-2.508844,-2.485897,-2.3162158,-2.4468544,-2.4037776,-2.2142975,-2.158799,-2.2318394,-1.9655875,-2.070143,-2.1293957,-1.5707964,-1.4464413
45,1760879471.616989,RX2,Walking,81,0.0,1.0,2.0,6.0,5.0,7.615773,12.083046,9.486833,10.29563,11.401754,9.486833,8.246211,3.6055512,4.2426405,2.236068,4.1231055,7.28011,11.045361,14.0,18.248287,16.124516,19.416489,16.27882,15.524176,12.1655245,10.198039,9.486833,0.0,0.0,0.0,0.0,0.0,0.0,0.0,0.0,0.0,0.0,0.0,21.213203,17.117243,13.038405,9.219544,12.999999,12.806249,8.246211,12.1655245,18.248287,16.124516,18.0,20.22375,19.104973,18.110771,18.110771,15.297058,15.811388,16.552946,17.0,12.806249,14.21267,11.401754,12.041595,9.433981,8.485281,3.6055512,0.0,1.5707964,1.5707964,1.5707964,2.2142975,1.9756881,1.9974238,1.8925469,2.077895,2.2318394,1.8925469,1.815775,2.158799,2.3561945,-2.0344439,-1.815775,-1.849096,-1.6614562,-1.5707964,-1.4056476,-1.4464413,-1.3633001,-1.3854483,-1.3101939,-1.4056476,-1.3734008,-1.8925469,0.0,0.0,0.0,0.0,0.0,0.0,0.0,0.0,0.0,0.0,0.0,0.14189705,0.11710875,0.07677189,-0.21866895,-0.39479113,-0.67474097,-1.3258177,-1.4056476,-1.4056476,-1.4464413,-1.5707964,-1.4219064,-1.4659194,-1.4601392,-1.4601392,-1.3734008,-1.2490457,-1.1341692,-1.080839,-0.8960554,-0.8850668,-0.90975314,-0.7266423,-0.5585993,-0.7853982,-0.5880026
46,1760879471.692155,RX2,Walking,78,0.0,23.853722,23.021729,22.825424,18.973665,15.297058,13.038405,8.5440035,5.3851647,2.0,5.3851647,5.3851647,8.246211,8.944272,9.899495,11.661903,11.18034,11.704699,11.045361,11.045361,9.055386,5.3851647,6.4031243,5.3851647,4.1231055,5.8309517,8.062258,0.0,0.0,0.0,0.0,0.0,0.0,0.0,0.0,0.0,0.0,0.0,23.086794,22.84732,22.472204,18.027756,18.439089,16.970562,13.892444,12.649111,11.18034,11.045361,14.317821,14.764824,14.422205,16.643316,15.264338,13.892444,13.038404,12.206555,10.630146,8.944272,7.28011,10.0,12.806249,15.620499,19.104973,22.671568,0.0,-0.9944211,-0.9707461,-1.0679531,-1.2490457,-1.3734008,-1.6475682,-1.929567,-1.9513026,3.1415925,2.7610862,1.9513026,1.3258177,1.1071488,0.7853982,0.5404195,0.4636476,0.348771,0.09065989,0.09065989,-0.11065722,-0.38050637,-0.67474097,-1.19029,-1.815775,-2.1112158,-2.6224465,0.0,0.0,0.0,0.0,0.0,0.0,0.0,0.0,0.0,0.0,0.0,1.8788491,1.9756881,2.1341126,2.158799,2.2794225,2.3561945,2.6135182,2.819842,2.961739,-3.050933,-2.709185,-2.6476512,-2.55359,-2.5702553,-2.5899377,-2.6135182,-2.5748634,-2.5308666,-2.4227626,-2.0344439,-1.2924967,-0.9272952,-0.8960554,-0.69473827,-0.8224183,-0.847817
47,1760879471.821406,RX2,Walking,76,0.0,25.298222,22.135942,19.416489,15.033297,12.041595,9.486833,7.2111025,9.0,10.440307,14.422205,14.866069,16.27882,16.643316,17.0,17.088007,17.720043,14.56022,14.0,12.041595,11.704699,12.529964,10.630146,12.806249,12.529964,13.416409,14.317821,0.0,0.0,0.0,0.0,0.0,0.0,0.0,0.0,0.0,0.0,0.0,11.661903,12.7279215,13.601471,13.341663,14.142136,15.231546,16.643316,16.40122,19.235384,18.027756,19.416489,17.117243,18.0,16.03122,14.142136,10.440307,7.0,3.1622777,2.236068,7.0,12.1655245,15.811388,20.880613,24.351591,26.925825,25.298222,0.0,-1.2490457,-1.2490457,-1.3633001,-1.5042281,-1.6539376,-1.8925469,-2.55359,3.1415925,2.8501358,2.55359,2.4037776,2.3127437,2.1421337,2.0607536,1.929567,1.8568478,1.849096,1.5707964,1.487655,1.2220253,1.0714496,0.8519663,0.67474097,0.49934673,0.4636476,0.43240777,0.0,0.0,0.0,0.0,0.0,0.0,0.0,0.0,0.0,0.0,0.0,-1.0303768,-0.7853982,-0.29849893,-0.22679885,0.14189705,0.4048918,0.57133746,0.9151007,1.0838971,1.2315037,1.3633001,1.4536875,1.5707964,1.6332152,1.7126933,1.8622531,1.5707964,1.8925469,-2.0344439,-1.5707964,-1.4056476,-1.2490457,-1.2793396,-1.2360595,-1.3078016,-1.2490457
48,1760879471.920562,RX2,Walking,80,0.0,24.020824,21.023798,19.235384,17.117243,13.0,8.0,9.055386,7.2111025,10.630146,11.661903,13.453625,16.124516,14.317821,16.552946,18.973665,17.262676,14.142136,10.0,3.0,3.0,4.1231055,6.4031243,11.661903,14.86607,20.124613,20.59126,0.0,0.0,0.0,0.0,0.0,0.0,0.0,0.0,0.0,0.0,0.0,22.472204,20.615528,18.788294,21.023798,16.643316,15.652476,14.764824,12.369316,11.401754,8.5440035,8.5440035,11.18034,10.770329,10.29563,12.529964,11.18034,11.18034,10.0,12.7279215,8.944272,13.038405,13.0,16.03122,19.104973,22.022717,23.0,0.0,-1.6124389,-1.6183795,-1.7273982,-1.6879051,-1.5707964,-1.5707964,-1.4601392,-0.98279375,-0.71883,-1.0303768,-0.8379812,-1.0516502,-1.1383885,-1.1341692,-1.2490457,-1.3961241,-1.4288993,-1.5707964,-1.5707964,-1.5707964,1.3258177,0.8960554,1.0303768,1.2277724,1.1071488,1.0636978,0.0,0.0,0.0,0.0,0.0,0.0,0.0,0.0,0.0,0.0,0.0,2.7776136,2.7430701,2.70175,2.6992185,2.5702553,2.6779451,2.6476512,2.896614,2.8753407,-2.782822,-2.782822,-2.6779451,-2.7610862,-2.634494,-2.642246,-2.6779451,-2.6779451,-2.4980915,-2.3561945,-2.0344439,-1.6475682,-1.5707964,-1.5083776,-1.4659194,-1.5253731,-1.5707964
49,1760879472.3737228,RX2,Walking,76,0.0,19.235384,16.492422,10.440307,8.5440035,5.0990195,5.0,9.219544,13.038404,14.317821,15.652476,20.248457,21.931713,20.615528,20.248457,18.027756,16.492422,11.18034,10.198039,7.615773,10.29563,13.928389,13.601471,17.464249,17.464249,20.124613,21.095022,0.0,0.0,0.0,0.0,0.0,0.0,0.0,0.0,0.0,0.0,0.0,18.248287,17.0,15.811388,15.652476,14.866069,14.422205,12.083046,12.649111,12.041595,10.0,9.0,9.0,8.062258,6.7082043,5.0990195,5.0,6.4031243,8.062258,10.198039,15.297058,17.46425,21.587034,22.135942,24.738632,23.537203,23.537203,0.0,1.4141945,1.3258177,1.2793396,1.2120256,0.19739556,-0.6435011,-0.86217004,-1.0040671,-1.1383885,-1.1071488,-1.217806,-1.1479424,-1.1722739,-1.217806,-1.2315037,-1.3258177,-1.3909428,-1.7681919,-1.9756881,-2.634494,-2.7744188,-2.8430936,-2.7291822,-2.7291822,-2.6779451,-2.5930433,0.0,0.0,0.0,0.0,0.0,0.0,0.0,0.0,0.0,0.0,0.0,1.4056476,1.5707964,1.8925469,2.0344439,2.3086114,2.55359,2.714965,2.819842,3.0584514,3.1415925,3.1415925,3.1415925,3.0172377,2.6779451,2.9441972,2.2142975,2.2455373,1.6951513,1.3734008,1.3734008,1.3397057,1.3370532,1.2490457,1.3258177,1.3567356,1.3567356
50,1760879472.50294,RX2,Walking,73,0.0,19.416489,18.788294,15.231546,14.56022,14.0,13.341663,15.231546,16.552946,16.552946,18.384775,19.235384,17.464249,19.313208,17.720043,14.86607,12.041595,8.246211,5.8309517,2.236068,5.0990195,10.198039,9.486833,14.142136,15.524176,16.155495,16.124516,0.0,0.0,0.0,0.0,0.0,0.0,0.0,0.0,0.0,0.0,0.0,1.0,2.0,2.236068,4.472136,8.062258,9.219544,10.440307,12.083046,13.038404,13.453625,14.866069,16.40122,15.0,15.811389,14.422205,13.60147,14.21267,15.556349,17.029387,18.439089,18.601074,21.095022,20.808653,21.633308,21.633308,22.472204,0.0,2.1730838,2.010639,1.9756881,1.849096,1.5707964,1.3439975,1.1659045,1.1341692,1.1341692,1.1801893,1.0838971,1.1583859,1.199905,1.2847449,1.2277724,1.6539376,1.3258177,1.0303768,-2.0344439,-0.19739556,-0.19739556,0.32175055,0.14189705,0.26060238,0.38050637,0.5191461,0.0,0.0,0.0,0.0,0.0,0.0,0.0,0.0,0.0,0.0,0.0,1.5707964,1.5707964,1.1071488,1.1071488,1.4464413,1.7894653,1.8622531,1.9974238,2.1375256,2.4087775,2.4037776,2.485897,2.4980915,2.536048,2.55359,2.5127964,2.4558632,2.3561945,2.2730532,2.2794225,2.203545,2.1193457,2.1854594,2.158799,2.158799,2.1341126
51,1760879472.6421702,RX2,Walking,74,0.0,8.062258,11.045361,16.03122,18.110771,21.213203,22.36068,20.099752,19.235384,18.110771,15.0,13.0,9.055386,4.0,1.0,2.0,6.0,9.055386,13.152946,14.56022,13.928389,15.231546,15.264338,13.60147,9.899495,9.899495,6.4031243,0.0,0.0,0.0,0.0,0.0,0.0,0.0,0.0,0.0,0.0,0.0,8.062258,6.3245554,5.0990195,4.472136,3.6055512,3.6055512,4.2426405,5.0,5.3851647,8.062258,8.062258,10.29563,12.529964,14.317821,14.422205,16.643316,16.643316,18.35756,19.723083,18.867962,17.888544,17.492855,15.652476,11.704699,10.049876,7.28011,0.0,1.6951513,1.6614562,1.5083776,1.4601392,1.4288993,1.3909428,1.4711276,1.4141945,1.4601392,1.5707964,1.5707964,1.4601392,1.5707964,1.5707964,-1.5707964,-1.5707964,-1.4601392,-1.418147,-1.2924967,-1.2036225,-1.1659045,-1.0191413,-0.94200003,-0.7853982,-0.7853982,-0.8960554,0.0,0.0,0.0,0.0,0.0,0.0,0.0,0.0,0.0,0.0,0.0,-2.0899425,-1.8925469,-1.7681919,-2.0344439,-2.158799,-2.158799,-2.3561945,-2.4980915,-2.7610862,-2.6224465,-2.6224465,-2.634494,-2.642246,-2.709185,-2.55359,-2.5702553,-2.5702553,-2.629203,-2.6098685,-2.5829933,-2.6779451,-2.6011732,-2.6779451,-2.7928216,-3.041924,2.863293
52,1760879472.7300968,RX2,Walking,77,0.0,20.615528,17.029387,12.7279215,11.313708,6.7082043,5.0990195,4.472136,7.615773,10.049876,11.045361,14.142136,13.152946,15.297058,14.142136,13.601471,9.486833,8.246211,6.7082043,2.236068,1.4142135,1.4142135,6.4031243,7.8102493,10.816654,12.083046,12.999999,0.0,0.0,0.0,0.0,0.0,0.0,0.0,0.0,0.0,0.0,0.0,10.198039,10.0,10.0,10.816654,13.341663,13.892444,12.529964,13.453625,12.041595,13.453625,12.7279215,12.041595,10.630146,10.0,8.062258,6.7082043,8.0,9.486833,12.529964,15.811389,17.029387,19.416489,22.022717,22.803509,24.839485,23.430748,0.0,0.88847977,0.8685394,0.7853982,0.7853982,0.4636476,-0.19739556,-1.1071488,-1.1659045,-1.4711276,-1.4801364,-1.4288993,-1.418147,-1.3734008,-1.4288993,-1.2722974,-1.2490457,-1.3258177,-1.1071488,-1.1071488,0.7853982,2.3561945,2.2455373,2.2655346,2.55359,2.714965,2.7468016,0.0,0.0,0.0,0.0,0.0,0.0,0.0,0.0,0.0,0.0,0.0,1.3734008,1.5707964,1.5707964,2.158799,1.7975951,2.0988708,2.070143,2.3036115,2.2974386,2.3036115,2.3561945,2.4149504,2.4227626,2.2142975,2.0899425,2.0344439,1.5707964,1.2490457,1.0714496,0.9652517,0.8685394,0.96850896,0.88187194,0.90975314,0.8709035,0.87605804
53,1760879472.828757,RX2,Walking,76,0.0,9.055386,12.083046,14.764824,15.264338,15.264338,17.804493,17.804493,18.601074,15.620499,14.422205,14.21267,12.041595,9.899495,9.433981,7.2111025,6.0,5.0,7.8102493,8.602325,10.630146,12.041595,12.806249,12.041595,11.401754,10.29563,10.770329,0.0,0.0,0.0,0.0,0.0,0.0,0.0,0.0,0.0,0.0,0.0,12.1655245,11.0,11.18034,11.704699,13.152946,15.811388,17.117243,15.0,15.0,13.152946,12.369316,12.999999,12.083046,12.083046,10.29563,10.816654,10.816654,8.602325,11.401754,11.401754,9.219544,10.0,9.433981,9.848858,8.246211,10.198039,0.0,-1.6814536,-1.9974238,-2.0647378,-2.1224513,-2.1224513,-2.2367656,-2.2367656,-2.203545,-2.2655346,-2.158799,-2.2565258,-2.2974386,-2.3561945,-2.5829933,-2.55359,3.1415925,2.4980915,2.2655346,2.1910458,2.2896264,2.2974386,2.2455373,2.4149504,2.4805496,2.634494,2.7610862,0.0,0.0,0.0,0.0,0.0,0.0,0.0,0.0,0.0,0.0,0.0,-1.735945,-1.5707964,-2.0344439,-1.9195673,-1.7234457,-1.8925469,-1.6879051,-1.5707964,-1.5707964,-1.418147,-1.3258177,-1.1760052,-1.1441689,-1.1441689,-1.0636978,-0.98279375,-0.98279375,-0.95054686,-0.90975314,-0.90975314,-0.86217004,-0.9272952,-1.012197,-1.152572,-1.3258177,-1.3734008
54,1760879472.9679308,RX2,Walking,76,0.0,6.3245554,3.6055512,4.472136,6.3245554,9.219544,11.401754,13.60147,16.40122,15.620499,16.970562,16.643316,16.40122,14.866069,12.041595,9.219544,6.7082043,3.1622777,1.0,4.2426405,8.062258,9.486833,13.341663,14.3178215,15.132746,15.033297,14.3178215,0.0,0.0,0.0,0.0,0.0,0.0,0.0,0.0,0.0,0.0,0.0,20.518286,18.439089,14.422205,14.422205,10.630146,10.630146,8.602325,8.246211,9.055386,11.0,10.049876,12.0,12.041595,12.0,12.041595,12.041595,13.038405,12.1655245,14.142136,15.524176,15.524176,16.27882,14.142136,14.3178215,12.1655245,13.341663,0.0,-0.32175055,-0.98279375,-1.1071488,-1.8925469,-2.2794225,-2.4805496,-2.5127964,-2.485897,-2.4468544,-2.3561945,-2.5702553,-2.485897,-2.4037776,-2.2974386,-2.2794225,-2.0344439,-1.8925469,1.5707964,0.7853982,1.0516502,1.2490457,1.3439975,1.359703,1.4382448,1.5042281,1.7818897,0.0,0.0,0.0,0.0,0.0,0.0,0.0,0.0,0.0,0.0,0.0,0.81986725,0.86217004,0.98279375,0.98279375,0.71883,0.71883,0.6202495,0.24497867,0.11065722,0.0,-0.09966865,0.0,-0.08314123,0.0,-0.08314123,-0.08314123,-0.07677189,-0.16514868,-0.14189705,-0.26060238,-0.26060238,-0.18534794,-0.14189705,-0.21109334,-0.16514868,-0.22679885
55,1760879473.2147279,RX2,Walking,76,0.0,6.3245554,8.246211,12.0,14.035668,17.117243,17.720043,21.213203,22.803509,21.84033,21.587034,18.248287,15.524176,14.3178215,12.999999,9.848858,5.656854,5.0990195,7.28011,8.944272,11.401754,12.999999,12.999999,14.86607,13.601471,14.56022,12.1655245,0.0,0.0,0.0,0.0,0.0,0.0,0.0,0.0,0.0,0.0,0.0,17.117243,16.124516,15.0,15.033297,16.124516,16.27882,16.492422,18.110771,17.720043,16.124516,15.297058,15.0,14.0,15.132746,11.704699,11.401754,9.899495,9.219544,10.29563,11.704699,12.1655245,13.038405,14.0,13.038405,10.049876,11.18034,0.0,2.819842,1.815775,1.5707964,1.6421038,1.4536875,1.2847449,1.4288993,1.3045443,1.2924967,1.3370532,1.4056476,1.3101939,1.359703,1.1760052,1.152572,0.7853982,0.19739556,-0.27829966,-0.4636476,-0.66104317,-0.39479113,-0.39479113,-0.34302393,-0.29849893,-0.27829966,-0.16514868,0.0,0.0,0.0,0.0,0.0,0.0,0.0,0.0,0.0,0.0,0.0,1.6879051,1.6951513,1.5707964,1.5042281,1.4464413,1.3854483,1.3258177,1.4601392,1.2847449,1.4464413,1.3734008,1.5707964,1.5707964,1.7033478,1.9195673,2.2318394,2.3561945,2.4329665,2.634494,2.7928216,2.976444,3.0648208,3.1415925,3.0648208,-3.041924,2.961739
56,1760879473.292707,RX2,Walking,74,0.0,12.1655245,13.152946,13.152946,15.524176,18.027756,17.720043,20.615528,21.189621,16.552946,16.155495,18.384775,16.155495,14.317821,15.652476,13.416409,11.661903,11.401754,11.401754,10.630146,12.041595,12.041595,12.206555,10.816654,10.630146,10.630146,10.630146,0.0,0.0,0.0,0.0,0.0,0.0,0.0,0.0,0.0,0.0,0.0,7.615773,6.0,8.0,7.0,11.0,10.198039,11.401754,11.704699,10.630146,8.485281,7.8102493,7.28011,5.0990195,5.3851647,4.2426405,6.4031243,7.615773,6.0,9.0,9.219544,10.198039,13.152946,14.56022,15.231546,13.928389,14.56022,0.0,-1.4056476,-1.7234457,-1.7234457,-1.8313987,-1.9100889,-1.8568478,-1.9693187,-1.9074712,-2.0074234,-1.9513026,-1.9614034,-1.9513026,-2.003204,-2.0344439,-2.0344439,-2.1112158,-2.2318394,-2.4805496,-2.2896264,-2.4149504,-2.4149504,-2.5308666,-2.55359,-2.4227626,-2.2896264,-2.4227626,0.0,0.0,0.0,0.0,0.0,0.0,0.0,0.0,0.0,0.0,0.0,1.9756881,1.5707964,1.5707964,1.5707964,1.5707964,1.7681919,1.8370484,1.9195673,2.2896264,2.3561945,2.4468544,2.863293,2.9441972,-2.7610862,-2.3561945,-2.2455373,-1.9756881,-1.5707964,-1.5707964,-1.3521274,-1.3734008,-1.418147,-1.2924967,-1.1659045,-1.2036225,-1.2924967
57,1760879473.393322,RX2,Walking,76,0.0,10.630146,11.401754,10.630146,10.816654,11.401754,13.152946,14.035668,16.124516,16.492422,15.231546,16.763054,18.681541,18.681541,16.492422,15.524176,13.341663,9.848858,8.944272,8.602325,8.944272,9.848858,12.1655245,10.440307,9.486833,10.198039,7.2111025,0.0,0.0,0.0,0.0,0.0,0.0,0.0,0.0,0.0,0.0,0.0,30.016663,28.6007,24.207438,21.400934,19.416489,20.124613,19.313208,22.135942,20.880613,23.086794,23.409397,21.470911,20.59126,17.20465,15.620499,14.142136,10.630146,9.219544,9.433981,7.28011,7.071068,7.28011,8.062258,10.630146,11.401754,11.313708,0.0,-0.71883,-0.90975314,-0.8519663,-0.98279375,-1.3045443,-1.418147,-1.6421038,-1.6951513,-1.815775,-1.9756881,-1.8736812,-1.8417432,-1.8417432,-1.815775,-1.8313987,-1.7975951,-1.9890207,-2.0344439,-2.1910458,-2.6779451,-2.7233684,-2.976444,-2.8501358,-2.819842,-2.9441972,-2.55359,0.0,0.0,0.0,0.0,0.0,0.0,0.0,0.0,0.0,0.0,0.0,-2.6183143,-2.5050845,-2.4733033,-2.488746,-2.5393052,-2.6779451,-2.7707014,-2.819842,-2.8501358,-2.83354,-2.7928216,-2.6571147,-2.634494,-2.5213432,-2.4468544,-2.3561945,-2.2896264,-2.2794225,-2.1293957,-1.849096,-1.4288993,-1.2924967,-1.0516502,-0.8519663,-0.90975314,-0.7853982
58,1760879473.4942248,RX2,Walking,60,0.0,27.89265,24.738632,23.086794,19.313208,15.231546,11.704699,8.062258,5.3851647,5.8309517,7.615773,10.440307,12.649111,14.56022,15.524176,15.811388,16.155495,13.928389,12.999999,11.704699,8.5440035,7.071068,5.0990195,3.6055512,4.1231055,6.0,7.28011,0.0,0.0,0.0,0.0,0.0,0.0,0.0,0.0,0.0,0.0,0.0,9.219544,6.3245554,5.3851647,5.656854,10.770329,13.341663,16.27882,19.104973,21.213203,23.086792,23.194828,23.345236,22.561028,19.646885,16.763054,13.416409,10.770329,6.3245554,4.1231055,5.0990195,9.0,14.035668,18.110771,22.0,25.01999,26.172506,0.0,1.3171222,1.3258177,1.2627436,1.199905,1.1659045,1.2220253,1.4464413,1.9513026,2.6011732,2.7367008,2.8501358,2.819842,2.863293,2.8809903,2.819842,2.7610862,2.7744188,2.7468016,2.7928216,2.782822,2.9996955,-2.9441972,-2.55359,-1.815775,-1.5707964,-1.2924967,0.0,0.0,0.0,0.0,0.0,0.0,0.0,0.0,0.0,0.0,0.0,-2.4329665,-1.8925469,-1.19029,-0.7853982,-0.38050637,-0.22679885,-0.18534794,-0.10487694,-0.14189705,-0.08673834,-0.12970254,-0.17219082,-0.2234766,-0.2573237,-0.30288488,-0.4636476,-0.38050637,-0.32175055,0.24497867,1.3734008,1.5707964,1.6421038,1.6814536,1.5707964,1.5308176,1.4559197
59,1760879473.5065742,RX2,Walking,60,0.0,15.811388,10.440307,7.615773,4.2426405,4.0,5.8309517,8.485281,10.630146,12.041595,12.206555,13.60147,12.206555,13.038404,11.661903,10.29563,8.062258,5.8309517,4.2426405,3.1622777,3.6055512,4.472136,5.8309517,7.28011,8.246211,9.055386,8.062258,0.0,0.0,0.0,0.0,0.0,0.0,0.0,0.0,0.0,0.0,0.0,9.486833,11.18034,14.035668,16.03122,17.117243,18.248287,19.235384,19.235384,18.248287,16.27882,14.3178215,11.401754,8.246211,4.472136,3.1622777,4.472136,8.485281,10.630146,15.556349,18.439089,20.0,22.472204,23.323807,22.825424,22.84732,20.248457,0.0,-1.2490457,-1.2793396,-1.1659045,-0.7853982,0.0,0.5404195,0.7853982,0.71883,0.7266423,0.61072594,0.6287963,0.61072594,0.5667292,0.5404195,0.5070985,0.5191461,0.5404195,0.7853982,1.2490457,2.158799,2.6779451,2.6011732,2.863293,2.896614,3.0309355,3.0172377,0.0,0.0,0.0,0.0,0.0,0.0,0.0,0.0,0.0,0.0,0.0,2.819842,2.961739,3.070285,-3.0791738,-3.024484,-2.976444,-2.9849908,-2.9849908,-2.976444,-2.9562447,-2.9304993,-2.8753407,-2.896614,-2.6779451,-1.8925469,-1.1071488,-0.7853982,-0.71883,-0.7853982,-0.86217004,-0.9272952,-1.00748,-1.0303768,-1.0679531,-1.1659045,-1.217806
60,1760879473.525829,RX2,Walking,75,0.0,22.135942,18.681541,17.720043,17.46425,13.928389,12.529964,10.630146,9.219544,11.045361,11.18034,17.029385,17.088007,18.439089,22.090721,20.22375,18.0,18.027758,15.132746,12.1655245,6.4031243,6.3245554,7.071068,7.615773,6.0,10.630146,10.0,0.0,0.0,0.0,0.0,0.0,0.0,0.0,0.0,0.0,0.0,0.0,22.135942,21.470911,19.235384,15.620499,13.60147,12.529964,11.661903,9.848858,10.440307,10.440307,10.198039,9.486833,8.062258,8.062258,8.062258,8.246211,9.486833,8.062258,10.29563,12.806249,13.453625,14.866069,16.124516,17.492855,20.124613,19.697716,0.0,-1.8925469,-1.8417432,-1.8568478,-1.801887,-1.9379702,-2.070143,-2.2896264,-2.9229238,-3.050933,-2.961739,3.0828369,2.782822,2.9229238,3.050933,2.9927027,3.1415925,-3.0860941,-3.009041,2.976444,-2.4668517,-2.819842,-2.9996955,2.7367008,1.5707964,2.4227626,1.5707964,0.0,0.0,0.0,0.0,0.0,0.0,0.0,0.0,0.0,0.0,0.0,-2.819842,-2.6571147,-2.6546934,-2.4468544,-2.5127964,-2.642246,-2.6011732,-2.7233684,-2.8501358,-2.8501358,-2.9441972,-2.819842,-3.0172377,-3.0172377,-3.0172377,-2.896614,-2.819842,-2.6224465,-2.634494,-2.4668517,-2.4087775,-2.3086114,-2.0899425,-2.1112158,-2.0344439,-1.9890207
61,1760879473.623074,RX2,Walking,72,0.0,7.071068,7.28011,6.4031243,8.062258,11.045361,15.033297,19.104973,20.22375,22.203604,25.179356,24.08319,24.08319,21.213203,20.099752,14.035668,11.18034,9.486833,2.236068,2.0,7.2111025,12.041595,12.083046,13.416409,13.0,12.999999,18.027758,0.0,0.0,0.0,0.0,0.0,0.0,0.0,0.0,0.0,0.0,0.0,13.341663,12.0,13.0,12.041595,13.152946,13.341663,15.132746,14.142136,14.3178215,13.038405,13.152946,12.1655245,13.038405,12.1655245,11.0,11.18034,10.049876,11.0,14.142136,14.3178215,15.297058,15.811388,15.811388,15.231546,14.86607,14.317821,0.0,-2.9996955,2.863293,2.2455373,2.0899425,1.6614562,1.5042281,1.4659194,1.4219064,1.4352686,1.4513674,1.487655,1.487655,1.4288993,1.4711276,1.4994888,1.3909428,1.2490457,0.4636476,0.0,-0.98279375,-0.844154,-0.4266275,-0.4636476,0.0,-0.39479113,0.055498507,0.0,0.0,0.0,0.0,0.0,0.0,0.0,0.0,0.0,0.0,0.0,-2.9147937,3.1415925,3.1415925,3.0584514,2.9889433,2.9147937,3.009041,2.9996955,2.9304993,3.0648208,2.9889433,2.976444,3.0648208,2.976444,3.1415925,2.961739,3.041924,3.1415925,-2.9996955,-2.9304993,-2.9441972,-2.819842,-2.819842,-2.7367008,-2.7985687,-2.709185
62,1760879473.693404,RX2,Walking,73,0.0,16.27882,18.439089,18.439089,18.439089,16.970562,14.866069,13.453625,12.206555,7.615773,5.0,5.8309517,7.2111025,9.486833,13.341663,14.142136,17.262676,17.720043,17.720043,16.763054,16.763054,15.231546,10.770329,8.944272,6.0827622,5.0,4.2426405,0.0,0.0,0.0,0.0,0.0,0.0,0.0,0.0,0.0,0.0,0.0,15.033297,15.297058,16.155495,15.652476,13.038404,13.892444,12.806249,10.630146,9.219544,9.219544,7.8102493,6.4031243,5.656854,5.0,5.0,3.1622777,3.1622777,3.1622777,4.1231055,4.1231055,5.0,6.4031243,7.8102493,10.630146,11.313708,14.866069,0.0,0.7419473,0.86217004,0.86217004,0.86217004,0.7853982,0.8329813,0.7328151,0.61072594,0.4048918,0.0,-0.5404195,-0.98279375,-1.2490457,-1.3439975,-1.4288993,-1.3961241,-1.2847449,-1.2847449,-1.2679114,-1.2679114,-1.1659045,-1.19029,-1.1071488,-1.4056476,-1.5707964,-2.3561945,0.0,0.0,0.0,0.0,0.0,0.0,0.0,0.0,0.0,0.0,0.0,1.6373645,1.7681919,1.9513026,2.0344439,2.1375256,2.0988708,2.2455373,2.2896264,2.2794225,2.2794225,2.4468544,2.2455373,2.3561945,2.2142975,2.2142975,1.8925469,1.8925469,1.8925469,1.3258177,1.3258177,0.9272952,0.8960554,0.87605804,0.8519663,0.7853982,0.7378151
63,1760879473.75725,RX2,Walking,73,0.0,15.033297,17.088007,19.416489,20.22375,22.472204,18.110771,17.464249,23.345236,11.18034,14.86607,13.038405,9.0,4.0,4.472136,7.615773,9.055386,11.0,11.0,17.0,15.297058,16.03122,12.649111,15.652476,9.899495,11.401754,7.071068,0.0,0.0,0.0,0.0,0.0,0.0,0.0,0.0,0.0,0.0,0.0,6.7082043,9.055386,15.652476,14.035668,15.033297,13.0,20.024984,16.03122,18.110771,17.46425,13.928389,17.0,16.763054,10.770329,7.071068,13.601471,6.7082043,10.29563,13.601471,5.0990195,6.0,7.8102493,3.1622777,7.2111025,8.5440035,12.649111,0.0,-1.5042281,-1.2120256,-1.3633001,-1.7196863,-1.2068174,-1.4601392,-1.1583859,-1.3986055,-1.3909428,-1.2277724,-1.4940244,-1.5707964,-1.5707964,-2.0344439,-2.7367008,-3.0309355,3.1415925,3.1415925,3.1415925,-2.9441972,3.0791738,-2.819842,-2.6779451,-2.3561945,-2.4805496,-2.9996955,0.0,0.0,0.0,0.0,0.0,0.0,0.0,0.0,0.0,0.0,0.0,0.4636476,-0.11065722,-0.4636476,-0.071307465,-0.066568166,0.0,0.049958397,0.06241881,0.11065722,0.23109066,0.36717382,0.48995733,0.30288488,0.38050637,0.7853982,0.29849893,0.4636476,0.5070985,0.29849893,-0.19739556,0.0,-0.87605804,-0.32175055,-0.98279375,-1.2120256,-1.2490457
64,1760879474.080201,RX2,Walking,62,0.0,8.062258,6.0827622,8.602325,9.486833,10.049876,15.033297,16.03122,16.0,13.038405,15.033297,15.0,13.038405,10.049876,9.055386,6.0,4.0,2.236068,3.1622777,5.3851647,6.7082043,8.944272,9.848858,10.440307,11.18034,11.045361,10.049876,0.0,0.0,0.0,0.0,0.0,0.0,0.0,0.0,0.0,0.0,0.0,13.038405,15.297058,15.811388,17.0,16.643316,16.40122,16.27882,14.142136,12.041595,9.899495,6.7082043,5.0990195,5.3851647,10.0,10.0,15.0,16.643316,17.888544,22.472204,21.954498,22.203604,23.600847,22.472204,18.027756,15.811389,11.18034,0.0,-3.0172377,2.976444,2.1910458,1.8925469,1.670465,1.6373645,1.5083776,1.5707964,1.6475682,1.6373645,1.5707964,1.6475682,1.670465,1.6814536,1.5707964,1.5707964,0.4636476,-0.32175055,-0.38050637,-0.4636476,-0.4636476,-0.41822433,-0.2914568,-0.1798535,-0.09065989,0.09966865,0.0,0.0,0.0,0.0,0.0,0.0,0.0,0.0,0.0,0.0,0.0,-1.4940244,-1.3734008,-1.2490457,-1.080839,-0.99945885,-0.9151007,-0.8288491,-0.7853982,-0.7266423,-0.7853982,-1.1071488,-1.3734008,-1.9513026,-2.2142975,-2.4980915,-2.4980915,-2.5702553,-2.6779451,-2.5782764,-2.616797,-2.5161076,-2.5065658,-2.5782764,-2.55359,-2.536048,-2.6779451
65,1760879474.1730618,RX2,Walking,62,0.0,6.4031243,6.0827622,7.2111025,9.899495,12.206555,14.422205,15.264338,16.124516,14.764824,15.264338,13.892444,13.038404,10.816654,9.433981,6.7082043,4.472136,2.0,2.236068,4.0,6.0,8.0,9.055386,9.055386,9.219544,9.848858,8.944272,0.0,0.0,0.0,0.0,0.0,0.0,0.0,0.0,0.0,0.0,0.0,12.7279215,13.60147,15.652476,15.811388,15.297058,15.132746,14.0,12.0,10.0,7.0,5.0990195,3.6055512,6.0,8.246211,10.770329,12.999999,15.231546,17.464249,21.023798,21.931713,21.931713,21.023798,19.697716,17.888544,15.652476,13.038404,0.0,-0.8960554,-1.735945,-2.158799,-2.3561945,-2.5308666,-2.55359,-2.5899377,-2.6224465,-2.6476512,-2.5899377,-2.6135182,-2.5748634,-2.55359,-2.5829933,-2.6779451,-2.6779451,3.1415925,2.0344439,1.5707964,1.5707964,1.5707964,1.6814536,1.6814536,1.7894653,1.9890207,2.0344439,0.0,0.0,0.0,0.0,0.0,0.0,0.0,0.0,0.0,0.0,0.0,0.7853982,0.94200003,1.1071488,1.2490457,1.3734008,1.4382448,1.5707964,1.5707964,1.5707964,1.5707964,1.3734008,0.5880026,0.0,-0.24497867,-0.38050637,-0.39479113,-0.4048918,-0.41241044,-0.44237423,-0.42285392,-0.42285392,-0.44237423,-0.41822433,-0.4636476,-0.4636476,-0.5667292
66,1760879474.214161,RX2,Walking,60,0.0,7.8102493,4.1231055,6.4031243,7.071068,11.661903,13.038404,15.652476,17.464249,15.652476,14.764824,15.231546,15.811388,12.529964,9.848858,6.7082043,4.1231055,2.236068,3.0,4.1231055,5.3851647,8.5440035,10.440307,10.049876,12.041595,11.0,10.198039,0.0,0.0,0.0,0.0,0.0,0.0,0.0,0.0,0.0,0.0,0.0,11.401754,14.035668,16.0,17.262676,17.46425,17.088007,17.0,15.264338,11.661903,9.433981,6.3245554,5.0,4.2426405,6.0827622,9.055386,12.041595,15.132746,18.439089,21.213203,21.213203,22.36068,22.36068,20.396078,19.646885,17.46425,13.928389,0.0,-0.69473827,-1.3258177,-2.2455373,-2.3561945,-2.6011732,-2.5748634,-2.6779451,-2.7291822,-2.6779451,-2.6476512,-2.7367008,-2.819842,-2.642246,-2.7233684,-2.6779451,-2.896614,2.6779451,1.5707964,1.3258177,1.19029,1.2120256,1.2793396,1.4711276,1.487655,1.5707964,1.7681919,0.0,0.0,0.0,0.0,0.0,0.0,0.0,0.0,0.0,0.0,0.0,1.3045443,1.4994888,1.5707964,1.7454685,1.801887,1.929567,2.0607536,2.1224513,2.1112158,2.1293957,1.8925469,1.5707964,0.7853982,0.16514868,-0.11065722,-0.08314123,-0.13255154,-0.21866895,-0.14189705,-0.14189705,-0.1798535,-0.1798535,-0.19739556,-0.2573237,-0.23109066,-0.36717382
67,1760879474.230262,RX2,Walking,61,0.0,6.3245554,4.1231055,4.472136,7.071068,10.0,11.661903,14.764824,14.764824,15.231546,15.231546,15.231546,13.416409,12.083046,9.848858,6.7082043,4.1231055,1.0,2.236068,5.0,7.2111025,9.433981,11.18034,12.083046,12.649111,13.341663,12.041595,0.0,0.0,0.0,0.0,0.0,0.0,0.0,0.0,0.0,0.0,0.0,13.038405,14.3178215,17.088007,17.888544,18.027756,17.804493,17.691807,16.27882,13.453625,10.630146,7.2111025,4.1231055,4.472136,6.3245554,9.219544,13.038405,15.033297,17.029385,19.0,20.024984,21.0,21.023798,21.023798,19.026297,16.03122,13.341663,0.0,-0.32175055,-1.3258177,-2.0344439,-2.3561945,-2.4980915,-2.6011732,-2.6476512,-2.6476512,-2.7367008,-2.7367008,-2.7367008,-2.6779451,-2.714965,-2.7233684,-2.6779451,-2.896614,3.1415925,1.1071488,0.9272952,0.98279375,1.012197,1.1071488,1.1441689,1.2490457,1.3439975,1.487655,0.0,0.0,0.0,0.0,0.0,0.0,0.0,0.0,0.0,0.0,0.0,1.6475682,1.7818897,1.929567,2.0344439,2.158799,2.2367656,2.3162158,2.3127437,2.4087775,2.2896264,2.158799,1.815775,1.1071488,0.32175055,0.21866895,0.07677189,0.066568166,0.058755822,0.0,-0.049958397,0.0,-0.047583103,-0.047583103,-0.05258306,-0.06241881,-0.22679885
68,1760879474.254849,RX2,Walking,62,0.0,7.615773,3.6055512,3.1622777,5.8309517,8.5440035,10.770329,12.649111,13.601471,14.56022,14.3178215,13.341663,12.369316,10.440307,8.246211,6.0827622,4.0,1.4142135,2.828427,5.656854,8.485281,9.899495,12.041595,13.038404,13.892444,14.317821,13.601471,0.0,0.0,0.0,0.0,0.0,0.0,0.0,0.0,0.0,0.0,0.0,14.0,16.124516,17.720043,18.384775,18.788294,17.492855,17.20465,15.0,12.806249,9.433981,6.7082043,5.0990195,5.656854,7.615773,11.18034,14.035668,17.0,19.0,20.0,21.023798,22.022717,22.022717,21.095024,19.235384,17.117243,13.152946,0.0,2.7367008,2.55359,1.2490457,0.5404195,0.35877067,0.38050637,0.32175055,0.29849893,0.27829966,0.21109334,0.22679885,0.24497867,0.2914568,0.24497867,0.16514868,0.0,-0.7853982,-2.3561945,-2.3561945,-2.3561945,-2.3561945,-2.2974386,-2.1375256,-2.0988708,-2.003204,-1.8692952,0.0,0.0,0.0,0.0,0.0,0.0,0.0,0.0,0.0,0.0,0.0,-1.5707964,-1.4464413,-1.2847449,-1.1801893,-1.1309538,-1.0303768,-0.95054686,-0.9272952,-0.8960554,-1.012197,-1.1071488,-1.7681919,-2.3561945,-2.7367008,-2.961739,-3.070285,3.1415925,3.1415925,3.1415925,3.0940096,3.0961695,3.0961695,3.0466409,2.9849908,3.024484,2.9889433
69,1760879474.257268,RX2,Walking,62,0.0,6.4031243,3.1622777,4.1231055,7.0,10.198039,12.369316,14.56022,15.524176,15.811388,15.524176,15.524176,13.601471,11.704699,9.486833,7.28011,3.1622777,2.0,2.236068,6.0827622,8.246211,10.440307,12.083046,13.416409,13.892444,12.806249,12.7279215,0.0,0.0,0.0,0.0,0.0,0.0,0.0,0.0,0.0,0.0,0.0,13.038404,15.231546,17.720043,19.235384,19.104973,20.0,19.026297,17.117243,15.132746,12.1655245,9.0,6.3245554,5.0,6.0,8.5440035,11.661903,14.422205,17.20465,19.209373,20.615528,21.400934,21.260292,20.615528,19.849434,16.27882,13.453625,0.0,0.67474097,-0.32175055,-1.3258177,-1.5707964,-1.7681919,-1.815775,-1.849096,-1.8313987,-1.8925469,-1.8313987,-1.8313987,-1.8692952,-1.9195673,-1.8925469,-1.849096,-1.8925469,3.1415925,2.0344439,1.735945,1.815775,1.8622531,1.9974238,2.0344439,2.0988708,2.2455373,2.3561945,0.0,0.0,0.0,0.0,0.0,0.0,0.0,0.0,0.0,0.0,0.0,2.5748634,2.7367008,2.8555412,2.9849908,3.0367157,3.1415925,-3.0890095,-3.024484,-3.009041,-2.976444,3.1415925,2.819842,2.2142975,1.5707964,1.2120256,1.0303768,0.98279375,0.95054686,0.8960554,0.88847977,0.9179497,0.8519663,0.88847977,0.85670567,0.8288491,0.7328151
70,1760879474.2599208,RX2,Walking,62,0.0,6.0,5.3851647,4.472136,7.071068,9.848858,13.416409,13.416409,15.264338,15.264338,15.264338,15.264338,13.892444,11.661903,9.433981,6.7082043,3.6055512,0.0,3.0,6.3245554,9.219544,11.18034,12.041595,13.0,14.142136,13.341663,12.649111,0.0,0.0,0.0,0.0,0.0,0.0,0.0,0.0,0.0,0.0,0.0,12.041595,15.0,17.492855,18.384775,18.973665,19.416489,18.248287,17.117243,14.035668,11.045361,8.246211,5.8309517,4.1231055,6.7082043,10.0,13.453625,15.620499,19.209373,20.808653,23.021729,23.853722,23.021729,22.472204,20.248457,17.492855,14.764824,0.0,-1.5707964,-1.9513026,-2.6779451,2.9996955,2.7233684,2.6779451,2.6779451,2.5899377,2.5899377,2.5899377,2.5899377,2.6135182,2.6011732,2.5829933,2.6779451,2.55359,0.0,0.0,-0.32175055,-0.21866895,-0.1798535,-0.08314123,0.0,0.14189705,0.22679885,0.32175055,0.0,0.0,0.0,0.0,0.0,0.0,0.0,0.0,0.0,0.0,0.0,0.7266423,0.9272952,1.0303768,1.1801893,1.2490457,1.3633001,1.4056476,1.4536875,1.4994888,1.4801364,1.3258177,1.0303768,0.24497867,-0.4636476,-0.6435011,-0.8379812,-0.87605804,-0.8960554,-0.95613337,-0.9707461,-0.9944211,-0.9707461,-1.00748,-0.9964915,-1.0303768,-1.076855
71,1760879474.3556218,RX2,Walking,63,0.0,5.0,3.6055512,3.6055512,6.7082043,9.486833,13.341663,15.524176,16.27882,16.27882,16.27882,16.124516,15.132746,13.152946,10.049876,8.246211,4.1231055,2.236068,2.236068,5.0,7.071068,9.055386,11.401754,11.704699,12.083046,11.661903,11.401754,0.0,0.0,0.0,0.0,0.0,0.0,0.0,0.0,0.0,0.0,0.0,13.453625,15.811389,17.888544,19.313208,19.924858,19.416489,18.248287,16.124516,14.142136,11.18034,8.062258,3.6055512,3.1622777,5.0,8.944272,12.649111,15.524176,18.439089,20.396078,21.37756,23.194828,23.086792,22.022717,20.024984,17.0,14.035668,0.0,-0.6435011,-0.98279375,-2.158799,-2.6779451,-2.819842,-2.9147937,-2.8809903,-2.9562447,-2.9562447,-2.9562447,-3.0172377,-3.009041,-2.9889433,-3.041924,-2.896614,-2.896614,-2.6779451,-0.4636476,0.0,0.14189705,0.11065722,0.26625204,0.348771,0.4266275,0.5404195,0.66104317,0.0,0.0,0.0,0.0,0.0,0.0,0.0,0.0,0.0,0.0,0.0,2.4087775,2.536048,2.6779451,2.7707014,2.8357139,2.9340963,2.976444,3.0172377,2.9996955,2.961739,3.0172377,2.55359,1.2490457,0.6435011,0.4636476,0.32175055,0.26060238,0.21866895,0.19739556,0.18822151,0.12970254,0.08673834,0.04542328,0.049958397,0.0,0.071307465
72,1760879474.5737631,RX2,Walking,64,0.0,19.416489,17.20465,13.038404,8.602325,4.2426405,1.0,5.0990195,9.219544,11.401754,13.341663,15.297058,16.124516,16.124516,16.124516,14.142136,11.18034,9.486833,5.3851647,2.236068,2.828427,5.3851647,8.246211,10.049876,12.0,14.035668,14.142136,0.0,0.0,0.0,0.0,0.0,0.0,0.0,0.0,0.0,0.0,0.0,4.2426405,0.0,4.472136,8.944272,12.529964,16.552946,19.697716,22.472204,24.351591,24.351591,23.409397,21.189621,18.384775,15.231546,11.18034,6.7082043,2.0,2.828427,7.8102493,12.806249,17.029387,20.518286,22.627417,24.758837,25.495098,25.495098,0.0,-0.96850896,-0.95054686,-1.0040671,-0.95054686,-0.7853982,1.5707964,1.7681919,1.7894653,1.8370484,1.7975951,1.7681919,1.6951513,1.6951513,1.6951513,1.7126933,1.7506498,1.8925469,1.9513026,2.6779451,-2.3561945,-1.9513026,-1.815775,-1.670465,-1.5707964,-1.4994888,-1.4288993,0.0,0.0,0.0,0.0,0.0,0.0,0.0,0.0,0.0,0.0,0.0,-0.7853982,0.0,2.6779451,2.6779451,2.642246,2.7049656,2.7233684,2.7776136,2.806856,2.806856,2.7928216,2.8049178,2.7509856,2.7367008,2.6779451,2.6779451,3.1415925,-0.7853982,-0.69473827,-0.67474097,-0.7022569,-0.75092906,-0.7853982,-0.8139618,-0.84089667,-0.84089667
73,1760879474.8117561,RX2,Walking,75,0.0,16.124516,12.999999,11.18034,20.124613,11.313708,10.29563,13.0,8.5440035,16.27882,18.027758,21.095024,26.07681,23.0,22.090721,22.022717,14.142136,15.132746,9.486833,5.3851647,12.041595,7.071068,9.486833,10.049876,24.0,15.231546,18.35756,0.0,0.0,0.0,0.0,0.0,0.0,0.0,0.0,0.0,0.0,0.0,19.235384,19.313208,7.2111025,11.661903,13.601471,9.848858,8.062258,12.806249,12.041595,11.401754,15.652476,11.661903,13.60147,8.246211,10.29563,9.848858,8.246211,10.0,15.811389,10.440307,15.0,15.297058,13.416409,14.035668,17.029385,17.117243,0.0,-1.4464413,-1.9655875,-1.7506498,-2.6779451,-2.3561945,-2.634494,3.1415925,2.782822,2.9562447,-3.0860941,3.0466409,-3.0648208,3.1415925,-3.050933,-3.0961695,-2.9996955,-3.009041,-2.819842,-2.7610862,-3.0584514,1.7126933,1.8925469,1.670465,1.5707964,1.9756881,2.0831857,0.0,0.0,0.0,0.0,0.0,0.0,0.0,0.0,0.0,0.0,0.0,-2.0576956,-1.9416876,-2.158799,-2.1112158,-1.8692952,-1.9890207,-1.6951513,-2.2455373,-2.2974386,-2.2318394,-2.0344439,-2.1112158,-2.1995926,-1.815775,-2.634494,-1.9890207,-1.3258177,-2.2142975,-2.536048,-1.8622531,-1.5707964,-1.7681919,-1.1071488,-1.4994888,-1.5120405,-1.6879051
74,1760879474.9252748,RX2,Walking,60,0.0,13.892444,16.124516,18.35756,19.723083,18.35756,18.384775,17.0,13.892444,10.440307,7.28011,5.0,2.236068,2.236068,5.0,8.0,9.055386,11.045361,11.18034,13.152946,12.369316,12.369316,11.401754,9.486833,8.062258,7.28011,5.0,0.0,0.0,0.0,0.0,0.0,0.0,0.0,0.0,0.0,0.0,0.0,17.117243,16.0,15.132746,12.1655245,9.486833,6.7082043,3.6055512,0.0,4.2426405,7.8102493,12.806249,14.21267,16.27882,17.804493,18.601074,18.601074,18.601074,18.027756,18.027756,15.264338,13.416409,9.848858,5.3851647,2.236068,2.236068,7.2111025,0.0,-2.6135182,-2.6224465,-2.629203,-2.6098685,-2.629203,-2.7509856,-2.6516354,-2.6135182,-2.8501358,-2.863293,-2.4980915,-2.6779451,-0.4636476,0.0,0.0,0.11065722,0.09065989,0.1798535,0.15264933,0.24497867,0.24497867,0.26625204,0.32175055,0.124354996,0.27829966,0.0,0.0,0.0,0.0,0.0,0.0,0.0,0.0,0.0,0.0,0.0,0.0,3.024484,3.1415925,-3.009041,-2.976444,-2.819842,-2.6779451,-2.55359,0.0,0.7853982,0.69473827,0.67474097,0.6857295,0.7419473,0.66596925,0.63274884,0.63274884,0.63274884,0.5880026,0.5880026,0.551655,0.4636476,0.41822433,0.38050637,0.4636476,-2.0344439,-2.55359
75,1760879474.944556,RX2,Walking,74,0.0,14.21267,12.7279215,12.041595,9.899495,8.602325,7.2111025,5.0,2.236068,2.0,3.1622777,2.828427,5.656854,5.656854,9.433981,9.433981,12.083046,10.770329,13.601471,12.369316,12.1655245,12.1655245,10.198039,9.433981,6.4031243,2.236068,5.0,0.0,0.0,0.0,0.0,0.0,0.0,0.0,0.0,0.0,0.0,0.0,26.0,28.071337,29.274565,29.427877,27.658632,25.495096,24.331049,21.37756,20.099752,16.0,14.3178215,12.369316,8.602325,7.8102493,8.062258,9.0,9.486833,11.661903,15.0,12.7279215,13.453625,15.556349,15.620499,17.029387,15.620499,15.620499,0.0,-0.8850668,-0.7853982,-0.7266423,-0.7853982,-0.6202495,-0.5880026,-0.6435011,-0.4636476,0.0,1.2490457,2.3561945,2.3561945,2.3561945,2.5829933,2.5829933,2.714965,2.7610862,2.8430936,2.896614,2.976444,-2.976444,-2.9441972,-2.5829933,-2.2455373,-2.0344439,-0.9272952,0.0,0.0,0.0,0.0,0.0,0.0,0.0,0.0,0.0,0.0,0.0,1.5707964,1.6421038,1.7078625,1.7415315,1.7894653,1.7681919,1.735945,1.7590178,1.670465,1.5707964,1.359703,1.3258177,0.95054686,0.69473827,0.124354996,0.0,-0.32175055,-0.5404195,-0.6435011,-0.7853982,-0.8379812,-0.7853982,-0.87605804,-0.8685394,-0.87605804,-0.87605804
76,1760879474.9724212,RX2,Walking,61,0.0,1.4142135,2.0,6.0827622,9.219544,12.649111,14.86607,15.811388,16.155495,15.231546,15.231546,13.416409,12.083046,9.848858,8.062258,4.472136,2.236068,1.0,4.1231055,6.3245554,7.28011,9.486833,10.198039,11.18034,11.045361,10.0,10.049876,0.0,0.0,0.0,0.0,0.0,0.0,0.0,0.0,0.0,0.0,0.0,13.892444,16.40122,16.970562,18.439089,18.027756,17.492855,17.0,14.317821,12.083046,8.944272,6.4031243,3.1622777,3.6055512,6.3245554,9.055386,12.0,15.033297,17.117243,20.22375,21.37756,21.587034,20.615528,18.681541,16.492422,13.341663,10.440307,0.0,0.7853982,-1.5707964,-1.735945,-1.7894653,-1.8925469,-1.9138203,-1.8925469,-1.9513026,-1.9756881,-1.9756881,-2.0344439,-1.9974238,-1.9890207,-2.0899425,-2.0344439,-2.0344439,1.5707964,1.3258177,1.2490457,1.2924967,1.2490457,1.3734008,1.3909428,1.4801364,1.5707964,1.670465,0.0,0.0,0.0,0.0,0.0,0.0,0.0,0.0,0.0,0.0,0.0,-2.6135182,-2.485897,-2.3561945,-2.2794225,-2.158799,-2.1112158,-2.0607536,-2.003204,-1.9974238,-2.0344439,-2.2455373,-2.819842,2.158799,1.8925469,1.6814536,1.5707964,1.5042281,1.4536875,1.4219064,1.3825748,1.3370532,1.3258177,1.2998495,1.3258177,1.3439975,1.2793396
77,1760879474.9929311,RX2,Walking,61,0.0,1.4142135,1.0,4.472136,8.062258,10.816654,14.422205,15.0,16.40122,16.40122,16.27882,14.142136,12.7279215,10.630146,7.8102493,5.0,2.236068,1.4142135,5.0,7.8102493,10.0,12.206555,13.892444,13.416409,14.317821,13.601471,12.369316,0.0,0.0,0.0,0.0,0.0,0.0,0.0,0.0,0.0,0.0,0.0,15.652476,17.20465,20.615528,19.104973,19.209373,19.209373,18.027756,15.264338,12.206555,8.602325,5.0,3.0,5.3851647,8.062258,12.041595,15.132746,17.262676,19.646885,21.84033,22.135942,22.472204,21.540659,19.697716,17.464249,14.764824,12.083046,0.0,2.3561945,0.0,-0.4636476,-0.5191461,-0.5880026,-0.5880026,-0.6435011,-0.6556956,-0.6556956,-0.7419473,-0.7853982,-0.7853982,-0.8519663,-0.87605804,-0.9272952,-1.1071488,2.3561945,2.4980915,2.4468544,2.4980915,2.5308666,2.6135182,2.6779451,2.709185,2.8430936,2.896614,0.0,0.0,0.0,0.0,0.0,0.0,0.0,0.0,0.0,0.0,0.0,-1.1071488,-0.95054686,-0.88847977,-0.74837804,-0.67474097,-0.67474097,-0.5880026,-0.551655,-0.61072594,-0.6202495,-0.9272952,-1.5707964,-2.7610862,-3.0172377,3.0584514,3.009041,2.9669204,2.884269,2.863293,2.819842,2.7776136,2.7610862,2.7233684,2.7291822,2.6476512,2.714965
78,1760879475.021744,RX2,Walking,63,0.0,17.720043,13.601471,9.486833,5.3851647,2.828427,2.236068,5.3851647,8.246211,10.198039,12.1655245,13.152946,14.3178215,13.341663,13.152946,12.1655245,10.198039,7.071068,5.0,3.0,1.0,3.0,5.0,7.071068,8.246211,9.848858,10.770329,0.0,0.0,0.0,0.0,0.0,0.0,0.0,0.0,0.0,0.0,0.0,3.6055512,7.615773,11.18034,14.035668,17.0,19.026297,20.22375,21.37756,20.615528,19.646885,17.46425,15.524176,12.369316,10.049876,6.0827622,3.6055512,4.1231055,6.4031243,10.816654,13.416409,16.552946,19.313208,21.189621,22.135942,22.135942,20.615528,0.0,1.8568478,1.8692952,1.8925469,1.9513026,2.3561945,-2.6779451,-1.9513026,-1.815775,-1.7681919,-1.735945,-1.7234457,-1.7818897,-1.7975951,-1.7234457,-1.735945,-1.7681919,-1.7126933,-1.5707964,-1.5707964,1.5707964,1.5707964,1.5707964,1.7126933,1.815775,1.9890207,1.9513026,0.0,0.0,0.0,0.0,0.0,0.0,0.0,0.0,0.0,0.0,0.0,-2.158799,-1.9756881,-1.7506498,-1.6421038,-1.5707964,-1.5182133,-1.4219064,-1.3825748,-1.3258177,-1.3134726,-1.3397057,-1.3101939,-1.3258177,-1.4711276,-1.735945,-2.55359,2.896614,2.4668517,2.158799,2.0344439,2.0074234,1.9416876,1.9074712,1.8925469,1.8925469,1.815775
79,1760879475.0404851,RX2,Walking,76,0.0,9.433981,8.944272,7.615773,6.3245554,6.0827622,4.0,3.1622777,5.0,4.1231055,5.8309517,10.049876,8.062258,12.041595,12.0,11.18034,11.18034,12.041595,12.1655245,6.3245554,7.615773,7.615773,7.2111025,7.2111025,5.0990195,9.219544,5.8309517,0.0,0.0,0.0,0.0,0.0,0.0,0.0,0.0,0.0,0.0,0.0,19.235384,19.235384,18.248287,17.117243,16.0,14.035668,12.1655245,8.944272,7.2111025,7.2111025,5.0990195,3.1622777,5.656854,5.8309517,7.071068,8.062258,8.246211,7.615773,8.944272,10.29563,10.816654,9.433981,10.816654,10.816654,9.433981,8.944272,0.0,1.012197,1.1071488,1.1659045,1.2490457,1.4056476,1.5707964,1.8925469,2.4980915,2.896614,2.6011732,3.041924,-3.0172377,3.0584514,3.1415925,2.961739,2.961739,3.0584514,-2.976444,-2.819842,-2.7367008,-2.7367008,-2.55359,-2.158799,-1.7681919,-1.3521274,-0.5404195,0.0,0.0,0.0,0.0,0.0,0.0,0.0,0.0,0.0,0.0,0.0,-1.4141945,-1.4141945,-1.4056476,-1.4536875,-1.5707964,-1.6421038,-1.735945,-2.0344439,-2.158799,-2.55359,-2.9441972,2.819842,2.3561945,2.1112158,1.7126933,1.6951513,1.3258177,1.1659045,1.1071488,1.0636978,0.98279375,1.012197,0.98279375,0.98279375,1.012197,1.1071488
80,1760879475.172865,RX2,Walking,72,0.0,17.262676,18.681541,18.681541,18.681541,16.763054,15.524176,14.317821,11.401754,7.615773,6.0827622,2.236068,3.0,5.0990195,8.5440035,11.704699,12.649111,15.297058,15.132746,16.03122,16.124516,13.152946,12.083046,10.29563,8.062258,5.8309517,3.6055512,0.0,0.0,0.0,0.0,0.0,0.0,0.0,0.0,0.0,0.0,0.0,7.28011,8.062258,8.944272,9.899495,12.041595,9.899495,14.142136,14.21267,14.866069,15.620499,15.620499,16.27882,16.970562,14.866069,13.453625,14.21267,12.806249,10.29563,10.770329,8.5440035,7.0,6.3245554,7.071068,8.062258,10.770329,12.649111,0.0,-1.3961241,-1.2998495,-1.2998495,-1.2998495,-1.2679114,-1.3101939,-1.1383885,-1.3045443,-1.1659045,-1.4056476,-2.0344439,3.1415925,2.9441972,2.782822,2.7928216,2.819842,2.9441972,3.009041,3.0791738,-3.0172377,-2.9889433,-2.714965,-2.634494,-2.6224465,-2.6011732,-2.55359,0.0,0.0,0.0,0.0,0.0,0.0,0.0,0.0,0.0,0.0,0.0,1.2924967,1.0516502,1.1071488,0.7853982,0.844154,0.7853982,0.7853982,0.6857295,0.7378151,0.69473827,0.69473827,0.8288491,0.7853982,0.8329813,0.7328151,0.6857295,0.67474097,0.5070985,0.38050637,0.35877067,0.0,-0.32175055,-0.7853982,-1.0516502,-1.19029,-1.2490457
81,1760879475.228566,RX2,Walking,61,0.0,19.0,15.033297,11.0,7.071068,1.4142135,1.4142135,6.3245554,10.198039,9.486833,13.601471,14.56022,15.297058,14.86607,14.56022,12.369316,11.045361,7.28011,4.1231055,2.0,2.236068,4.472136,7.071068,11.0,12.041595,12.369316,12.649111,0.0,0.0,0.0,0.0,0.0,0.0,0.0,0.0,0.0,0.0,0.0,5.0990195,7.071068,13.341663,15.524176,18.681541,20.099752,23.086792,23.021729,22.022717,19.104973,20.0,16.0,11.045361,9.055386,5.0990195,2.236068,5.0,8.5440035,12.369316,16.27882,18.439089,21.023798,23.021729,25.01999,25.0,24.020824,0.0,-1.5707964,-1.6373645,-1.5707964,-1.4288993,-2.3561945,0.7853982,1.2490457,1.3734008,1.2490457,1.2722974,1.2924967,1.3734008,1.2277724,1.2924967,1.3258177,1.4801364,1.2924967,1.815775,1.5707964,-2.0344439,-2.0344439,-1.7126933,-1.5707964,-1.487655,-1.3258177,-1.2490457,0.0,0.0,0.0,0.0,0.0,0.0,0.0,0.0,0.0,0.0,0.0,1.3734008,1.4288993,1.3439975,1.3101939,1.2998495,1.4711276,1.484058,1.5273454,1.5253731,1.6756732,1.5707964,1.5707964,1.4801364,1.4601392,1.3734008,1.1071488,-0.6435011,-1.2120256,-1.3258177,-1.3854483,-1.3521274,-1.5232133,-1.5273454,-1.5308176,-1.5707964,-1.5291537
82,1760879475.230758,RX2,Walking,61,0.0,18.0,15.033297,7.071068,5.3851647,3.1622777,3.1622777,7.071068,9.219544,11.401754,14.56022,14.56022,15.524176,14.3178215,13.601471,12.369316,10.049876,8.246211,4.0,2.236068,1.0,5.0990195,6.0827622,9.0,9.486833,10.770329,12.083046,0.0,0.0,0.0,0.0,0.0,0.0,0.0,0.0,0.0,0.0,0.0,4.472136,8.5440035,10.770329,14.86607,17.720043,19.416489,21.37756,21.095024,22.090721,21.095024,19.104973,18.027758,13.152946,10.198039,7.8102493,3.6055512,1.0,7.615773,10.198039,13.341663,17.0,19.0,22.022717,23.0,21.023798,24.020824,0.0,0.0,0.066568166,-0.14189705,0.38050637,-0.32175055,2.819842,2.9996955,2.9229238,2.8753407,2.863293,2.863293,2.8809903,2.9304993,2.8430936,2.896614,3.041924,2.896614,3.1415925,-2.6779451,0.0,-0.19739556,-0.16514868,0.0,0.32175055,0.38050637,0.4266275,0.0,0.0,0.0,0.0,0.0,0.0,0.0,0.0,0.0,0.0,0.0,2.6779451,2.782822,2.7610862,2.7985687,2.8555412,2.9340963,2.953371,3.0466409,3.050933,3.0466409,3.0367157,-3.0860941,2.9889433,2.9441972,2.4468544,2.158799,1.5707964,0.4048918,0.19739556,0.22679885,0.0,0.0,-0.04542328,0.0,0.047583103,-0.04164258
83,1760879475.233463,RX2,Walking,62,0.0,15.652476,11.18034,7.615773,4.472136,1.4142135,2.236068,6.4031243,9.219544,11.313708,12.7279215,14.866069,14.866069,14.866069,14.142136,12.7279215,10.630146,7.8102493,5.0,2.236068,1.4142135,4.2426405,7.2111025,9.848858,11.704699,12.369316,13.152946,0.0,0.0,0.0,0.0,0.0,0.0,0.0,0.0,0.0,0.0,0.0,5.656854,8.485281,12.041595,14.866069,17.804493,19.416489,21.633308,21.633308,21.954498,20.59126,18.35756,16.124516,13.038404,10.0,6.4031243,4.1231055,3.6055512,6.0827622,9.055386,12.369316,14.86607,17.088007,18.384775,19.697716,20.124613,19.235384,0.0,1.1071488,1.1071488,1.1659045,1.1071488,2.3561945,-2.6779451,-2.4668517,-2.4329665,-2.3561945,-2.3561945,-2.4037776,-2.4037776,-2.4037776,-2.3561945,-2.3561945,-2.2896264,-2.2655346,-2.2142975,-2.0344439,0.7853982,0.7853982,0.98279375,1.152572,1.2220253,1.3258177,1.418147,0.0,0.0,0.0,0.0,0.0,0.0,0.0,0.0,0.0,0.0,0.0,-2.3561945,-2.3561945,-2.4149504,-2.3086114,-2.2367656,-2.1730838,-2.158799,-2.158799,-2.095592,-2.077895,-2.0831857,-2.0899425,-2.1375256,-2.2142975,-2.4668517,-2.896614,2.158799,1.735945,1.4601392,1.3258177,1.2277724,1.2120256,1.1801893,1.152572,1.1071488,1.0838971
84,1760879475.2358642,RX2,Walking,68,0.0,17.262676,18.248287,17.029385,16.03122,15.132746,14.142136,13.341663,11.18034,9.055386,11.0,10.049876,9.219544,10.198039,12.369316,13.341663,13.601471,14.3178215,14.3178215,15.297058,15.297058,14.3178215,13.341663,12.649111,10.770329,9.848858,9.219544,0.0,0.0,0.0,0.0,0.0,0.0,0.0,0.0,0.0,0.0,0.0,9.848858,9.219544,10.0,10.198039,11.401754,12.999999,14.317821,14.764824,15.652476,16.552946,16.155495,14.86607,15.524176,14.3178215,13.152946,12.1655245,11.045361,10.049876,9.219544,9.486833,9.848858,11.661903,13.038404,13.892444,16.124516,17.464249,0.0,-1.3961241,-1.4056476,-1.5120405,-1.6332152,-1.7033478,-1.7126933,-1.7975951,-1.7506498,-1.6814536,-1.5707964,-1.4711276,-1.3521274,-1.3734008,-1.3258177,-1.3439975,-1.2722974,-1.359703,-1.359703,-1.3734008,-1.3734008,-1.359703,-1.3439975,-1.2490457,-1.19029,-1.152572,-0.86217004,0.0,0.0,0.0,0.0,0.0,0.0,0.0,0.0,0.0,0.0,0.0,-1.9890207,-1.7894653,-1.5707964,-1.3734008,-1.3045443,-1.1760052,-1.1383885,-1.076855,-1.1071488,-1.1341692,-1.19029,-1.2277724,-1.3101939,-1.359703,-1.418147,-1.4056476,-1.4801364,-1.4711276,-1.3521274,-1.2490457,-1.152572,-1.0303768,-1.0040671,-1.0427219,-1.0516502,-1.1583859
85,1760879475.238812,RX2,Walking,68,0.0,19.209373,18.439089,17.691807,16.643316,15.811389,13.416409,11.661903,11.661903,9.433981,7.8102493,9.219544,10.816654,11.661903,13.038404,14.422205,15.0,16.40122,17.029387,15.620499,15.620499,15.0,13.60147,12.206555,10.816654,10.440307,9.0,0.0,0.0,0.0,0.0,0.0,0.0,0.0,0.0,0.0,0.0,0.0,9.486833,10.29563,9.219544,10.630146,10.816654,12.529964,13.416409,15.231546,16.155495,16.552946,15.652476,17.0,16.124516,15.0,14.21267,12.806249,11.313708,10.0,9.433981,8.944272,10.770329,11.704699,13.601471,14.86607,16.552946,16.124516,0.0,2.4668517,2.4329665,2.3162158,2.1421337,2.176341,2.0344439,2.1112158,2.1112158,2.1293957,2.2655346,2.4329665,2.55359,2.6011732,2.5748634,2.55359,2.4980915,2.485897,2.4393358,2.4468544,2.4468544,2.4980915,2.5127964,2.5308666,2.55359,2.8501358,3.1415925,0.0,0.0,0.0,0.0,0.0,0.0,0.0,0.0,0.0,0.0,0.0,1.8925469,2.077895,2.2794225,2.4227626,2.55359,2.642246,2.6779451,2.7367008,2.7610862,2.7049656,2.6779451,2.6516354,2.6224465,2.4980915,2.4558632,2.4668517,2.3561945,2.4980915,2.5829933,2.6779451,2.7610862,2.7928216,2.8430936,2.7985687,2.7049656,2.6224465
86,1760879475.265748,RX2,Walking,75,0.0,1.4142135,3.6055512,7.615773,10.29563,13.416409,13.892444,18.867962,19.646885,19.313208,16.552946,17.492855,16.40122,14.317821,11.704699,9.433981,7.615773,4.1231055,5.0,8.062258,7.28011,15.620499,13.341663,15.0,17.20465,12.806249,15.0,0.0,0.0,0.0,0.0,0.0,0.0,0.0,0.0,0.0,0.0,0.0,18.027756,18.35756,15.652476,13.416409,10.0,7.8102493,6.4031243,7.071068,7.071068,7.615773,10.0,10.630146,11.401754,13.453625,14.21267,15.264338,14.764824,14.764824,17.0,15.652476,15.652476,15.652476,12.083046,11.661903,9.219544,7.615773,0.0,2.3561945,-2.55359,-2.7367008,-2.634494,-2.6779451,-2.6135182,-2.5829933,-2.884269,-2.7707014,-2.7049656,-2.6011732,-2.485897,-2.709185,-2.7928216,-2.5829933,-2.7367008,-1.815775,-0.9272952,0.5191461,0.27829966,0.69473827,0.22679885,0.6435011,0.6202495,0.8960554,0.9272952,0.0,0.0,0.0,0.0,0.0,0.0,0.0,0.0,0.0,0.0,0.0,2.55359,2.629203,2.6779451,2.6779451,2.4980915,2.4468544,2.2455373,1.7126933,1.4288993,1.1659045,0.9272952,0.8519663,0.66104317,0.7328151,0.6857295,0.551655,0.49394137,0.49394137,0.48995733,0.4636476,0.4636476,0.4636476,0.4266275,0.5404195,0.7086263,0.4048918
87,1760879475.391948,RX2,Walking,75,0.0,3.6055512,4.0,5.656854,7.615773,11.045361,13.341663,15.132746,18.110771,16.124516,14.3178215,15.132746,13.038405,10.049876,7.28011,4.472136,3.0,4.2426405,8.5440035,12.369316,15.033297,17.117243,18.439089,17.720043,17.464249,15.264338,13.453625,0.0,0.0,0.0,0.0,0.0,0.0,0.0,0.0,0.0,0.0,0.0,15.652476,14.764824,13.892444,13.60147,11.661903,11.18034,10.770329,8.062258,8.0,8.5440035,6.7082043,10.0,9.899495,10.0,13.038404,12.529964,13.601471,13.601471,16.27882,17.117243,17.029385,16.124516,16.03122,14.0,13.152946,10.198039,0.0,2.55359,1.5707964,0.7853982,0.4048918,0.09065989,0.22679885,0.13255154,0.11065722,0.124354996,0.21109334,0.13255154,0.07677189,0.09966865,0.27829966,0.4636476,1.5707964,2.3561945,2.782822,2.896614,3.0750246,-3.024484,-2.9229238,-2.8555412,-2.7291822,-2.5899377,-2.4087775,0.0,0.0,0.0,0.0,0.0,0.0,0.0,0.0,0.0,0.0,0.0,-1.1071488,-1.076855,-1.0427219,-0.94200003,-1.0303768,-1.1071488,-1.19029,-1.4464413,-1.5707964,-1.929567,-2.0344439,-2.2142975,-2.3561945,-2.4980915,-2.5748634,-2.642246,-2.8430936,-2.8430936,-2.9562447,-3.024484,-3.0828369,-3.0172377,-3.0791738,3.1415925,2.9889433,2.9441972
88,1760879475.494907,RX2,Walking,75,0.0,15.264338,10.630146,10.816654,7.28011,8.0,10.049876,11.704699,15.231546,16.552946,17.492855,17.464249,19.313208,17.720043,18.027756,15.524176,13.601471,9.848858,8.485281,7.071068,8.246211,11.661903,15.620499,16.27882,17.691807,21.260292,21.400934,0.0,0.0,0.0,0.0,0.0,0.0,0.0,0.0,0.0,0.0,0.0,22.36068,23.021729,19.235384,22.472204,16.763054,18.439089,17.262676,12.0,8.062258,6.7082043,3.6055512,3.1622777,3.6055512,3.1622777,6.0,8.246211,9.486833,11.18034,13.038404,13.60147,16.27882,16.27882,17.20465,17.20465,16.643316,14.422205,0.0,0.551655,0.71883,0.98279375,1.2924967,1.5707964,1.670465,1.9195673,1.9756881,2.0074234,2.1112158,1.9832067,1.9416876,1.8568478,1.9100889,1.8313987,1.8692952,1.9890207,2.3561945,2.9996955,-2.896614,-2.6011732,-2.4468544,-2.3996453,-2.3162158,-2.2896264,-2.223643,0.0,0.0,0.0,0.0,0.0,0.0,0.0,0.0,0.0,0.0,0.0,-1.1071488,-0.9707461,-1.0838971,-1.2068174,-1.2679114,-1.3521274,-1.3961241,-1.5707964,-1.6951513,-2.0344439,-2.158799,-2.819842,2.55359,1.8925469,1.5707964,1.3258177,1.2490457,1.1071488,1.0040671,0.94200003,0.8288491,0.7419473,0.6202495,0.6202495,0.57133746,0.5880026
89,1760879475.5483499,RX2,Walking,61,0.0,12.369316,13.601471,15.811388,17.088007,17.088007,17.088007,14.86607,13.928389,11.401754,8.246211,5.0990195,3.0,1.0,3.6055512,6.3245554,9.486833,11.401754,13.152946,14.142136,14.035668,14.0,13.038405,11.18034,10.198039,7.071068,5.0990195,0.0,0.0,0.0,0.0,0.0,0.0,0.0,0.0,0.0,0.0,0.0,18.788294,18.027756,16.492422,14.142136,11.18034,8.246211,5.8309517,4.1231055,6.3245554,10.29563,13.038404,15.811389,18.601074,20.0,21.400934,21.400934,22.022717,20.615528,19.849434,17.691807,14.142136,11.313708,7.8102493,4.1231055,2.828427,5.0990195,0.0,1.3258177,1.2722974,1.2490457,1.2120256,1.2120256,1.2120256,1.2277724,1.2036225,1.3045443,1.3258177,1.3734008,1.5707964,3.1415925,-2.158799,-1.8925469,-1.8925469,-1.8370484,-1.7234457,-1.7126933,-1.6421038,-1.5707964,-1.4940244,-1.3909428,-1.3734008,-1.4288993,-1.3734008,0.0,0.0,0.0,0.0,0.0,0.0,0.0,0.0,0.0,0.0,0.0,-0.43984258,-0.33929262,-0.24497867,-0.14189705,-0.1798535,-0.24497867,-0.5404195,-1.3258177,-1.8925469,-2.077895,-2.1375256,-2.176341,-2.203545,-2.2142975,-2.223643,-2.223643,-2.2597208,-2.2531128,-2.284887,-2.3162158,-2.3561945,-2.3561945,-2.4468544,-2.896614,2.3561945,1.3734008
90,1760879475.626884,RX2,Walking,75,0.0,10.0,7.8102493,9.219544,9.219544,13.0,15.0,18.110771,20.099752,19.104973,19.646885,16.492422,15.524176,12.999999,10.770329,9.0,8.062258,9.899495,11.661903,15.231546,16.552946,19.235384,18.788294,19.313208,16.552946,16.552946,12.369316,0.0,0.0,0.0,0.0,0.0,0.0,0.0,0.0,0.0,0.0,0.0,15.524176,13.601471,11.401754,7.615773,5.3851647,3.6055512,2.236068,5.0,7.2111025,8.062258,8.602325,11.661903,11.18034,11.401754,13.038404,11.313708,12.806249,12.806249,14.142136,16.27882,16.27882,17.804493,17.492855,18.027756,14.764824,12.529964,0.0,-0.9272952,-0.69473827,-0.21866895,0.21866895,0.0,0.0,0.11065722,-0.09966865,-0.10487694,-0.2573237,-0.24497867,-0.26060238,-0.39479113,-0.38050637,0.0,0.5191461,0.7853982,1.0303768,1.1659045,1.1341692,1.0838971,1.1309538,1.199905,1.1341692,1.1341692,1.3258177,0.0,0.0,0.0,0.0,0.0,0.0,0.0,0.0,0.0,0.0,0.0,-2.8809903,-2.8430936,-2.8753407,-2.7367008,-2.7610862,-2.55359,-1.1071488,-0.6435011,-0.5880026,-0.5191461,-0.6202495,-0.5404195,-0.4636476,-0.66104317,-0.5667292,-0.7853982,-0.67474097,-0.67474097,-0.7853982,-0.8288491,-0.8288491,-0.90482706,-1.0303768,-0.98279375,-1.076855,-1.0714496
91,1760879475.722825,RX2,Walking,74,0.0,23.409397,22.022717,21.37756,20.22375,18.0,14.0,10.198039,8.944272,9.848858,15.652476,15.264338,19.416489,17.804493,18.788294,18.601074,17.804493,20.615528,15.264338,12.529964,13.152946,13.038405,15.132746,14.764824,18.788294,17.20465,17.029387,0.0,0.0,0.0,0.0,0.0,0.0,0.0,0.0,0.0,0.0,0.0,15.524176,16.763054,15.811388,17.464249,15.811388,14.317821,14.317821,12.529964,9.848858,9.433981,6.7082043,7.2111025,3.1622777,3.0,4.0,5.3851647,5.0,6.4031243,9.219544,10.816654,14.142136,15.620499,15.556349,20.615528,22.203604,24.186775,0.0,-2.7928216,-3.0961695,-2.953371,-2.9927027,3.1415925,3.1415925,-2.9441972,-2.6779451,-1.9890207,-2.0344439,-2.1224513,-2.1730838,-2.2367656,-2.010639,-2.203545,-2.2367656,-2.2531128,-2.1224513,-2.070143,-1.7234457,-1.4940244,-1.7033478,-1.076855,-1.1309538,-0.95054686,-0.8685394,0.0,0.0,0.0,0.0,0.0,0.0,0.0,0.0,0.0,0.0,0.0,2.8809903,2.8387077,2.819842,2.7291822,2.819842,2.709185,2.709185,2.642246,2.7233684,2.5829933,2.6779451,2.55359,2.819842,3.1415925,3.1415925,-2.7610862,-2.4980915,-2.2455373,-2.2794225,-2.158799,-2.3561945,-2.2655346,-2.3561945,-2.4592762,-2.5161076,-2.6224465
92,1760879475.7794602,RX2,Walking,59,0.0,13.601471,9.219544,6.0,2.236068,3.1622777,6.4031243,9.219544,12.041595,14.21267,14.866069,15.620499,15.620499,15.620499,14.21267,12.806249,10.0,7.071068,4.2426405,2.0,2.0,4.472136,7.2111025,9.219544,10.630146,11.401754,11.401754,0.0,0.0,0.0,0.0,0.0,0.0,0.0,0.0,0.0,0.0,0.0,3.0,6.0827622,9.055386,12.041595,14.035668,17.0,18.0,19.026297,19.026297,18.027758,17.029385,15.033297,12.0,9.0,5.0990195,1.4142135,2.236068,6.0827622,10.0,13.038405,16.124516,17.262676,18.439089,19.646885,19.646885,18.027756,0.0,1.2722974,1.3521274,1.5707964,2.0344439,-2.819842,-2.4668517,-2.4329665,-2.4149504,-2.4558632,-2.4037776,-2.4468544,-2.4468544,-2.4468544,-2.4558632,-2.4668517,-2.4980915,-2.3561945,-2.3561945,-1.5707964,0.0,0.4636476,0.5880026,0.7086263,0.71883,0.90975314,0.90975314,0.0,0.0,0.0,0.0,0.0,0.0,0.0,0.0,0.0,0.0,0.0,-1.5707964,-1.735945,-1.6814536,-1.6539376,-1.6421038,-1.5707964,-1.5707964,-1.5182133,-1.5182133,-1.5152978,-1.5120405,-1.5042281,-1.5707964,-1.5707964,-1.7681919,-2.3561945,2.0344439,1.735945,1.5707964,1.4940244,1.4464413,1.3961241,1.3521274,1.3134726,1.3134726,1.2315037
93,1760879475.7975821,RX2,Walking,59,0.0,17.029387,13.453625,9.219544,5.8309517,4.1231055,5.3851647,9.219544,11.18034,15.132746,16.27882,17.46425,18.439089,18.439089,17.262676,15.524176,14.3178215,10.198039,8.062258,6.0827622,2.828427,2.236068,5.656854,7.615773,9.486833,11.401754,12.1655245,0.0,0.0,0.0,0.0,0.0,0.0,0.0,0.0,0.0,0.0,0.0,5.3851647,8.5440035,12.649111,15.811388,17.720043,19.646885,21.587034,21.587034,21.587034,19.646885,17.720043,14.86607,11.704699,7.615773,3.6055512,1.0,5.3851647,8.944272,13.038404,16.643316,19.209373,22.022717,23.345234,24.758837,24.08319,22.671568,0.0,2.2730532,2.3036115,2.4329665,2.6011732,-2.896614,-1.9513026,-1.7894653,-1.7506498,-1.7033478,-1.7561443,-1.801887,-1.7894653,-1.7894653,-1.7454685,-1.8313987,-1.7818897,-1.7681919,-1.6951513,-1.4056476,-0.7853982,0.4636476,0.7853982,1.1659045,1.2490457,1.3045443,1.4056476,0.0,0.0,0.0,0.0,0.0,0.0,0.0,0.0,0.0,0.0,0.0,-0.38050637,-0.35877067,-0.32175055,-0.32175055,-0.28605142,-0.2573237,-0.23374318,-0.23374318,-0.23374318,-0.2573237,-0.28605142,-0.34302393,-0.348771,-0.4048918,-0.5880026,3.1415925,2.7610862,2.6779451,2.5748634,2.5702553,2.4668517,2.4526682,2.3864882,2.3276308,2.2974386,2.2937756
94,1760879475.880063,RX2,Walking,73,0.0,21.260292,16.124516,18.439089,18.601074,17.691807,14.866069,12.206555,4.2426405,3.6055512,2.0,2.828427,7.8102493,11.18034,9.848858,16.643316,14.317821,13.341663,13.416409,14.21267,12.206555,11.0,10.440307,6.0,5.0,5.0,6.0827622,0.0,0.0,0.0,0.0,0.0,0.0,0.0,0.0,0.0,0.0,0.0,5.0990195,8.062258,10.440307,7.2111025,11.18034,11.704699,12.369316,10.770329,13.038404,11.045361,13.601471,9.055386,11.704699,8.062258,5.8309517,5.0990195,4.1231055,2.0,2.0,4.0,3.1622777,8.246211,10.440307,13.416409,15.652476,15.811389,0.0,-2.2896264,-2.0899425,-2.2794225,-2.508844,-2.3961732,-2.3086114,-2.5308666,-2.3561945,-2.55359,3.1415925,-0.7853982,-0.69473827,-0.4636476,-0.41822433,-0.57133746,-0.43240777,-0.22679885,-0.4636476,-0.6857295,-0.61072594,0.0,-0.2914568,0.0,0.9272952,1.5707964,1.735945,0.0,0.0,0.0,0.0,0.0,0.0,0.0,0.0,0.0,0.0,0.0,1.7681919,1.6951513,1.8622531,2.158799,1.7506498,1.9195673,1.815775,1.9513026,2.1375256,1.6614562,1.8692952,1.4601392,1.9195673,2.0899425,1.0303768,1.3734008,1.815775,0.0,0.0,-1.5707964,-1.2490457,-1.815775,-1.8622531,-2.0344439,-2.0344439,-2.176341
95,1760879475.896755,RX2,Walking,83,0.0,12.041595,13.038404,12.7279215,11.18034,9.433981,12.806249,10.440307,6.4031243,10.630146,9.848858,13.416409,12.529964,12.041595,9.433981,12.649111,14.422205,7.28011,11.704699,7.615773,10.630146,12.1655245,4.472136,15.620499,9.433981,5.0,8.062258,0.0,0.0,0.0,0.0,0.0,0.0,0.0,0.0,0.0,0.0,0.0,6.7082043,6.3245554,6.0,5.3851647,7.071068,6.0827622,4.1231055,7.0,6.0,7.0,7.2111025,8.944272,6.3245554,10.29563,11.18034,13.60147,12.206555,6.4031243,15.264338,12.529964,9.219544,12.206555,8.602325,11.401754,13.892444,12.529964,0.0,-2.4149504,-2.5748634,-2.3561945,-2.6779451,-2.1293957,-2.2455373,-1.8622531,-2.4668517,-2.2896264,-1.152572,-2.0344439,-2.070143,-2.4149504,-2.5829933,-1.8925469,-2.158799,-1.849096,-1.9195673,-1.9756881,-2.2896264,-1.735945,-2.0344439,-2.2655346,-2.5829933,-2.2142975,-1.0516502,0.0,0.0,0.0,0.0,0.0,0.0,0.0,0.0,0.0,0.0,0.0,-2.6779451,-2.819842,3.1415925,-2.7610862,2.9996955,2.976444,-2.896614,3.1415925,3.1415925,3.1415925,-2.55359,-2.6779451,-2.819842,-2.634494,-2.6779451,-2.5127964,-2.5308666,-2.4668517,-2.5899377,-2.642246,-2.4329665,-2.5308666,-2.1910458,-2.4805496,-2.6135182,-2.642246
96,1760879475.916988,RX2,Walking,83,0.0,12.083046,16.492422,12.206555,12.649111,13.341663,12.369316,11.401754,10.198039,12.041595,15.811389,10.29563,10.816654,10.198039,8.5440035,8.062258,10.198039,10.198039,7.071068,8.246211,11.045361,8.944272,12.1655245,11.0,12.649111,13.0,14.035668,0.0,0.0,0.0,0.0,0.0,0.0,0.0,0.0,0.0,0.0,0.0,6.7082043,7.615773,6.4031243,6.7082043,5.0,8.602325,5.3851647,5.3851647,10.770329,12.041595,9.899495,9.433981,12.083046,11.401754,10.630146,14.317821,11.661903,12.083046,15.264338,13.60147,11.661903,12.999999,12.529964,13.341663,13.601471,12.206555,0.0,1.9974238,1.815775,2.1815224,1.8925469,1.7975951,1.815775,2.2318394,1.7681919,2.4149504,2.536048,2.077895,2.158799,1.7681919,1.929567,1.4464413,1.3734008,1.3734008,1.4288993,1.3258177,1.6614562,1.1071488,1.4056476,1.5707964,1.2490457,1.5707964,1.4994888,0.0,0.0,0.0,0.0,0.0,0.0,0.0,0.0,0.0,0.0,0.0,2.6779451,2.7367008,2.4668517,2.0344439,2.4980915,2.1910458,1.9513026,1.9513026,1.9513026,2.2974386,2.3561945,2.1293957,1.9974238,1.8370484,2.4227626,2.003204,2.1112158,1.9974238,2.1224513,2.1995926,2.1112158,1.9655875,2.070143,1.7975951,1.8692952,2.1815224
97,1760879475.9311922,RX2,Walking,86,0.0,17.0,14.86607,19.924858,14.3178215,15.652476,17.262676,14.317821,12.369316,14.142136,15.652476,15.652476,13.892444,15.297058,15.811388,16.27882,9.055386,7.0,7.0,8.602325,10.816654,8.944272,5.0,5.0,5.8309517,4.472136,3.6055512,0.0,0.0,0.0,0.0,0.0,0.0,0.0,0.0,0.0,0.0,0.0,5.0,6.0827622,4.472136,4.0,4.1231055,5.0,4.472136,5.8309517,7.28011,2.828427,5.8309517,3.0,6.3245554,5.656854,6.0827622,7.615773,10.0,9.848858,9.219544,7.615773,12.1655245,11.401754,12.083046,21.84033,16.40122,20.0,0.0,-2.6516354,-2.7985687,-2.8357139,-2.9304993,-2.6779451,-2.9669204,-2.709185,-2.896614,-2.9996955,-2.6779451,-2.6779451,-2.6135182,-2.9441972,-2.819842,-2.9562447,-3.0309355,3.1415925,3.1415925,-2.5213432,2.55359,2.6779451,-2.2142975,-1.5707964,2.1112158,-2.0344439,2.55359,0.0,0.0,0.0,0.0,0.0,0.0,0.0,0.0,0.0,0.0,0.0,-0.6435011,-1.4056476,-1.1071488,-1.5707964,0.24497867,-0.6435011,-1.1071488,-2.1112158,-2.863293,-2.3561945,-2.1112158,3.1415925,-2.819842,-2.3561945,-2.976444,-2.7367008,3.1415925,-2.7233684,-2.9229238,-2.7367008,-2.976444,-2.4805496,-2.714965,2.863293,-2.485897,-2.4980915
98,1760879475.956793,RX2,Walking,83,0.0,14.035668,15.811388,12.1655245,13.0,15.811388,14.3178215,8.5440035,9.486833,10.049876,13.0,10.198039,14.142136,10.049876,7.28011,11.18034,9.055386,13.038404,9.219544,12.206555,7.28011,11.401754,11.704699,20.0,10.630146,14.56022,11.401754,0.0,0.0,0.0,0.0,0.0,0.0,0.0,0.0,0.0,0.0,0.0,7.071068,7.071068,5.0,10.630146,5.0,8.062258,10.29563,9.433981,10.29563,10.816654,9.848858,12.806249,8.944272,8.062258,11.704699,13.038404,13.038404,13.928389,12.206555,12.369316,14.422205,14.21267,8.062258,11.045361,18.384775,15.231546,0.0,0.071307465,0.32175055,0.16514868,0.0,0.32175055,-0.21109334,0.35877067,-0.32175055,0.09966865,0.0,-0.19739556,-0.14189705,-0.09966865,0.27829966,-0.4636476,-0.11065722,-0.5667292,-0.7086263,-0.61072594,-0.27829966,-0.90975314,-0.348771,-0.6435011,-0.71883,-0.27829966,-0.26625204,0.0,0.0,0.0,0.0,0.0,0.0,0.0,0.0,0.0,0.0,0.0,0.7853982,0.7853982,0.6435011,0.71883,0.9272952,1.0516502,1.0636978,0.5585993,0.5070985,0.5880026,0.41822433,0.67474097,0.4636476,1.0516502,0.348771,0.5667292,1.0040671,0.36717382,0.61072594,0.24497867,0.5880026,0.6857295,1.0516502,0.09065989,0.39060703,0.4048918
99,1760879475.961714,RX2,Walking,85,0.0,16.40122,14.142136,14.422205,17.804493,15.264338,17.029387,12.529964,16.155495,16.763054,21.470911,11.661903,15.264338,11.313708,13.416409,12.083046,15.297058,9.486833,13.416409,12.999999,12.1655245,8.062258,8.0,8.246211,7.0,8.062258,7.0,0.0,0.0,0.0,0.0,0.0,0.0,0.0,0.0,0.0,0.0,0.0,10.0,5.0990195,5.656854,3.6055512,5.8309517,3.6055512,3.6055512,5.8309517,4.1231055,5.0,8.062258,5.0,8.5440035,8.5440035,4.1231055,7.2111025,8.5440035,5.8309517,9.899495,9.899495,13.038404,15.0,13.038404,14.21267,17.691807,17.029387,0.0,2.485897,2.3561945,2.55359,2.4756234,2.5899377,2.4393358,2.642246,2.7610862,2.8387077,2.6571147,2.6011732,2.5899377,2.3561945,2.6779451,2.714965,2.9441972,2.819842,2.6779451,2.7468016,2.976444,3.0172377,3.1415925,-2.896614,3.1415925,3.0172377,3.1415925,0.0,0.0,0.0,0.0,0.0,0.0,0.0,0.0,0.0,0.0,0.0,-2.4980915,2.9441972,2.3561945,-2.55359,-2.1112158,2.55359,-2.55359,2.6011732,-2.896614,2.4980915,3.0172377,2.4980915,2.782822,2.782822,2.896614,2.158799,1.929567,2.6011732,2.3561945,2.3561945,2.1375256,2.2142975,2.1375256,2.2565258,2.3961732,2.2730532
100,1760879475.964458,RX2,Walking,73,0.0,20.808653,18.867962,19.416489,17.20465,15.811389,14.422205,11.704699,9.486833,6.0827622,4.1231055,6.4031243,8.062258,11.18034,13.601471,14.86607,17.46425,15.132746,16.124516,16.0,15.0,12.1655245,10.440307,7.2111025,5.656854,5.0990195,4.472136,0.0,0.0,0.0,0.0,0.0,0.0,0.0,0.0,0.0,0.0,0.0,9.219544,7.2111025,7.28011,8.062258,10.29563,12.041595,14.866069,16.970562,17.804493,19.209373,19.416489,19.235384,18.788294,17.464249,15.524176,12.369316,11.18034,8.062258,6.0,3.0,2.236068,5.3851647,8.944272,11.661903,13.416409,15.264338,0.0,-2.1854594,-2.1293957,-2.1730838,-2.1910458,-2.176341,-2.158799,-1.9195673,-1.8925469,-1.735945,-1.3258177,-0.67474097,-0.5191461,-0.4636476,-0.29849893,-0.34302393,-0.23109066,-0.13255154,-0.124354996,0.0,0.0,0.16514868,0.2914568,0.5880026,0.7853982,1.3734008,2.0344439,0.0,0.0,0.0,0.0,0.0,0.0,0.0,0.0,0.0,0.0,0.0,-2.2794225,-2.55359,-2.863293,3.0172377,2.634494,2.4149504,2.4037776,2.3561945,2.2367656,2.2455373,2.1730838,2.0576956,2.010639,1.9832067,1.8313987,1.815775,1.7506498,1.6951513,1.5707964,1.5707964,-2.0344439,-1.9513026,-2.0344439,-2.1112158,-2.0344439,-2.1224513
101,1760879476.060952,RX2,Walking,75,0.0,15.297058,16.155495,16.763054,16.492422,14.3178215,14.035668,13.341663,12.369316,10.440307,10.770329,10.816654,12.041595,12.041595,14.21267,15.620499,15.556349,15.620499,14.866069,13.453625,11.401754,9.848858,8.246211,8.062258,7.615773,9.219544,12.206555,0.0,0.0,0.0,0.0,0.0,0.0,0.0,0.0,0.0,0.0,0.0,20.59126,19.235384,18.384775,17.720043,15.297058,12.041595,11.0,7.071068,4.472136,2.0,2.0,5.3851647,6.7082043,8.485281,10.0,11.661903,11.704699,12.369316,12.041595,11.045361,10.0,10.198039,9.055386,11.401754,12.1655245,11.704699,0.0,0.19739556,0.38050637,0.30288488,0.24497867,0.21109334,0.071307465,0.22679885,0.24497867,0.2914568,0.38050637,0.5880026,0.7266423,0.844154,0.8850668,0.87605804,0.7853982,0.87605804,0.8329813,0.8379812,0.90975314,1.152572,1.3258177,1.6951513,1.9756881,2.2794225,2.5308666,0.0,0.0,0.0,0.0,0.0,0.0,0.0,0.0,0.0,0.0,0.0,-1.0636978,-1.0838971,-1.1801893,-1.2847449,-1.3734008,-1.487655,-1.5707964,-1.7126933,-2.0344439,3.1415925,1.5707964,1.19029,1.1071488,0.7853982,0.6435011,0.5404195,0.348771,0.24497867,0.08314123,-0.09065989,0.0,-0.19739556,0.11065722,0.26625204,0.16514868,0.348771
102,1760879476.1946628,RX2,Walking,75,0.0,18.027756,14.317821,17.492855,14.86607,13.416409,13.892444,13.892444,14.142136,13.038404,11.401754,16.124516,15.652476,17.0,16.124516,17.0,15.652476,12.369316,13.341663,10.198039,10.770329,12.041595,9.899495,13.038404,13.416409,15.231546,15.524176,0.0,0.0,0.0,0.0,0.0,0.0,0.0,0.0,0.0,0.0,0.0,18.867962,17.492855,16.40122,9.899495,7.2111025,5.0990195,3.6055512,7.071068,9.848858,12.806249,15.556349,17.20465,18.788294,17.720043,19.026297,19.026297,17.029385,15.524176,15.297058,14.56022,13.152946,10.049876,11.045361,11.045361,13.038405,12.083046,0.0,-1.2315037,-1.1383885,-1.0303768,-1.2277724,-1.1071488,-1.0427219,-1.0427219,-0.7853982,-0.5667292,-0.66104317,-0.5191461,-0.4636476,-0.48995733,-0.5191461,-0.48995733,-0.4636476,-0.24497867,-0.22679885,0.19739556,0.38050637,0.7266423,0.7853982,1.0040671,1.1071488,1.1659045,1.3101939,0.0,0.0,0.0,0.0,0.0,0.0,0.0,0.0,0.0,0.0,0.0,2.5829933,2.6011732,2.485897,2.3561945,2.158799,1.3734008,0.5880026,-0.14189705,-0.41822433,-0.67474097,-0.7853982,-0.95054686,-1.1309538,-1.2847449,-1.5182133,-1.5182133,-1.6295521,-1.8313987,-1.7681919,-1.849096,-1.7234457,-1.670465,-1.4801364,-1.4801364,-1.4940244,-1.1441689
103,1760879476.2061372,RX2,Walking,74,0.0,18.788294,17.088007,16.552946,15.652476,12.083046,12.649111,11.18034,11.18034,11.045361,12.0,11.704699,12.083046,14.317821,14.317821,15.231546,14.764824,14.422205,12.041595,12.041595,12.529964,13.601471,11.18034,12.0,10.198039,12.999999,12.529964,0.0,0.0,0.0,0.0,0.0,0.0,0.0,0.0,0.0,0.0,0.0,19.924858,18.027756,13.152946,9.055386,8.062258,2.236068,3.6055512,8.062258,10.198039,13.038405,15.0,17.262676,18.027756,17.0,17.804493,16.970562,15.0,13.60147,13.416409,11.661903,10.0,9.899495,10.29563,10.440307,12.649111,14.56022,0.0,-0.43984258,-0.35877067,-0.43662718,-0.4636476,-0.4266275,-0.32175055,-0.1798535,-0.1798535,0.09065989,0.0,0.348771,0.4266275,0.43240777,0.43240777,0.4048918,0.49394137,0.5880026,0.7266423,0.844154,1.0714496,1.2722974,1.3909428,1.5707964,1.7681919,1.9655875,2.070143,0.0,0.0,0.0,0.0,0.0,0.0,0.0,0.0,0.0,0.0,0.0,-2.8357139,-2.8023,-2.9889433,-3.0309355,3.0172377,2.0344439,0.98279375,0.5191461,0.19739556,0.07677189,0.0,-0.1746722,-0.33929262,-0.48995733,-0.66596925,-0.7853982,-0.9272952,-0.94200003,-1.1071488,-1.0303768,-0.9272952,-0.7853982,-0.5070985,-0.2914568,-0.32175055,-0.27829966
104,1760879476.28845,RX2,Walking,75,0.0,16.27882,14.21267,13.60147,12.529964,11.704699,9.219544,10.049876,11.401754,13.928389,17.088007,16.552946,17.088007,17.088007,16.763054,17.464249,16.155495,10.770329,10.29563,9.899495,9.486833,8.062258,10.440307,11.661903,12.806249,13.453625,12.041595,0.0,0.0,0.0,0.0,0.0,0.0,0.0,0.0,0.0,0.0,0.0,23.430748,20.0,16.27882,13.453625,8.062258,5.0990195,5.3851647,8.062258,13.416409,16.643316,17.20465,19.849434,21.400934,21.470911,20.124613,20.248457,19.646885,16.492422,14.56022,13.601471,13.601471,12.999999,11.401754,14.21267,15.556349,16.27882,0.0,-2.3127437,-2.2565258,-2.1995926,-2.070143,-1.9195673,-1.7894653,-1.4711276,-1.3045443,-1.2036225,-1.2120256,-1.1341692,-1.2120256,-1.2120256,-1.2679114,-1.1583859,-1.19029,-1.19029,-1.0636978,-0.7853982,-0.32175055,-0.124354996,0.2914568,0.5404195,0.67474097,0.7328151,0.844154,0.0,0.0,0.0,0.0,0.0,0.0,0.0,0.0,0.0,0.0,0.0,0.87605804,0.9272952,0.8288491,0.7328151,0.5191461,-0.19739556,-1.19029,-1.6951513,-2.0344439,-2.1421337,-2.1910458,-2.427502,-2.488746,-2.6571147,-2.6779451,-2.7886024,-2.884269,-2.896614,-2.863293,-2.8430936,-2.8430936,-2.7468016,-2.4805496,-2.4558632,-2.3561945,-2.3127437
105,1760879476.418318,RX2,Walking,76,0.0,15.033297,14.3178215,10.440307,7.28011,4.2426405,2.236068,7.071068,10.0,12.529964,13.60147,18.027756,18.973665,21.189621,21.189621,19.924858,18.384775,13.928389,11.401754,6.3245554,3.6055512,3.6055512,8.944272,13.892444,14.317821,17.492855,20.248457,0.0,0.0,0.0,0.0,0.0,0.0,0.0,0.0,0.0,0.0,0.0,26.925825,22.36068,16.763054,12.041595,8.246211,9.219544,12.083046,15.297058,17.117243,20.099752,20.0,22.0,21.023798,21.023798,18.027758,16.0,15.033297,11.0,10.198039,8.5440035,7.071068,9.219544,11.401754,12.041595,15.0,14.035668,0.0,-3.0750246,-2.9304993,-2.8501358,-2.863293,-2.3561945,-1.1071488,-0.7853982,-0.6435011,-0.49934673,-0.6287963,-0.33929262,-0.32175055,-0.3366748,-0.3366748,-0.30587888,-0.39060703,-0.36717382,-0.26625204,-0.32175055,-0.98279375,-2.158799,-2.6779451,-2.6135182,-2.709185,-2.6011732,-2.567288,0.0,0.0,0.0,0.0,0.0,0.0,0.0,0.0,0.0,0.0,0.0,-2.878598,-2.961739,-2.8387077,-3.0584514,2.896614,2.4329665,1.9974238,1.7681919,1.6879051,1.670465,1.5707964,1.5707964,1.6183795,1.5232133,1.5152978,1.5707964,1.5042281,1.5707964,1.7681919,1.929567,2.3561945,2.4329665,2.8753407,3.0584514,3.1415925,-3.070285
106,1760879476.517395,RX2,Walking,71,0.0,11.313708,10.630146,4.472136,2.828427,6.0827622,11.045361,14.035668,17.262676,18.439089,18.681541,19.416489,18.439089,17.262676,15.297058,13.152946,8.062258,5.0990195,1.4142135,3.6055512,7.2111025,10.0,12.041595,13.453625,13.60147,13.892444,12.999999,0.0,0.0,0.0,0.0,0.0,0.0,0.0,0.0,0.0,0.0,0.0,5.8309517,9.486833,13.892444,14.422205,20.248457,19.849434,20.518286,21.260292,20.518286,19.209373,17.029387,12.806249,9.899495,6.4031243,4.0,3.6055512,6.0,10.198039,12.369316,15.524176,17.888544,21.023798,21.470911,20.59126,19.723083,17.492855,0.0,2.3561945,2.2896264,2.0344439,0.7853982,0.16514868,-0.09065989,-0.071307465,-0.1746722,-0.21866895,-0.27094686,-0.20749623,-0.21866895,-0.1746722,-0.19739556,-0.15264933,-0.124354996,-0.19739556,-0.7853982,-2.55359,-2.55359,-2.4980915,-2.4149504,-2.3036115,-2.1995926,-2.0988708,-1.9655875,0.0,0.0,0.0,0.0,0.0,0.0,0.0,0.0,0.0,0.0,0.0,-1.0303768,-1.2490457,-1.0427219,-0.98279375,-0.9964915,-0.85670567,-0.75092906,-0.71883,-0.75092906,-0.67474097,-0.7022569,-0.67474097,-0.7853982,-0.8960554,-1.5707964,-2.55359,3.1415925,2.9441972,2.896614,2.8809903,2.6779451,2.6992185,2.6571147,2.634494,2.6098685,2.6011732
107,1760879476.641291,RX2,Walking,73,0.0,20.396078,19.104973,22.803509,18.384775,20.615528,17.888544,14.86607,12.0,6.0827622,5.3851647,2.236068,5.3851647,12.649111,15.132746,17.117243,15.132746,15.132746,15.524176,17.029385,11.18034,5.0990195,5.3851647,3.0,1.0,5.0,9.486833,0.0,0.0,0.0,0.0,0.0,0.0,0.0,0.0,0.0,0.0,0.0,17.46425,21.095024,15.033297,15.524176,12.1655245,7.0,4.1231055,2.0,2.0,7.8102493,6.3245554,11.704699,12.041595,9.848858,14.317821,11.401754,12.1655245,9.219544,11.045361,8.944272,3.1622777,2.236068,5.0,6.0,12.0,14.035668,0.0,2.9441972,3.0367157,2.8753407,2.7509856,2.896614,2.6779451,2.7985687,3.1415925,2.976444,1.19029,-0.4636476,-0.38050637,-0.32175055,-0.13255154,-0.11710875,-0.13255154,0.13255154,-0.26060238,0.058755822,0.1798535,-0.19739556,0.38050637,0.0,1.5707964,-2.4980915,-1.8925469,0.0,0.0,0.0,0.0,0.0,0.0,0.0,0.0,0.0,0.0,0.0,2.910502,3.0466409,3.0750246,-2.8809903,-2.976444,3.1415925,-2.896614,1.5707964,1.5707964,0.87605804,0.32175055,0.348771,0.7266423,0.41822433,0.43240777,0.26625204,0.16514868,-0.21866895,-0.09065989,-0.4636476,-0.32175055,-2.6779451,-2.4980915,3.1415925,3.1415925,-3.070285
108,1760879476.736674,RX2,Walking,57,0.0,5.0,6.0827622,9.055386,11.401754,14.56022,16.763054,18.027756,18.973665,18.027756,18.027756,16.763054,15.811388,13.601471,11.704699,9.486833,7.615773,4.472136,3.6055512,4.0,5.3851647,6.7082043,8.5440035,9.486833,10.198039,11.045361,11.045361,0.0,0.0,0.0,0.0,0.0,0.0,0.0,0.0,0.0,0.0,0.0,13.038405,15.033297,14.3178215,14.86607,14.317821,13.892444,12.206555,10.0,8.062258,5.3851647,4.0,4.2426405,6.7082043,9.486833,11.401754,13.341663,15.297058,17.46425,20.396078,20.615528,20.615528,19.646885,17.46425,16.492422,13.341663,11.045361,0.0,-0.6435011,-1.4056476,-1.6814536,-1.8370484,-1.849096,-1.8736812,-1.9100889,-1.8925469,-1.9100889,-1.9100889,-1.8736812,-1.8925469,-1.8692952,-1.9195673,-1.8925469,-1.9756881,-2.0344439,-2.55359,3.1415925,2.7610862,2.6779451,2.782822,2.819842,2.9441972,3.050933,-3.050933,0.0,0.0,0.0,0.0,0.0,0.0,0.0,0.0,0.0,0.0,0.0,1.4940244,1.6373645,1.7818897,1.9138203,2.003204,2.0988708,2.1815224,2.2142975,2.0899425,1.9513026,1.5707964,0.7853982,0.4636476,0.32175055,0.26625204,0.22679885,0.19739556,0.23109066,0.19739556,0.24497867,0.24497867,0.2573237,0.23109066,0.24497867,0.22679885,0.09065989
109,1760879476.967534,RX2,Walking,77,0.0,2.828427,4.0,5.0,6.0827622,7.8102493,7.8102493,8.602325,11.313708,10.0,12.529964,11.18034,9.486833,5.656854,5.3851647,1.0,2.236068,4.472136,7.0,11.0,12.1655245,11.704699,12.083046,8.944272,7.8102493,5.0,5.0,0.0,0.0,0.0,0.0,0.0,0.0,0.0,0.0,0.0,0.0,0.0,17.888544,15.264338,17.691807,22.022717,26.076809,27.018513,29.206163,28.42534,29.206163,26.90725,26.172506,22.671568,19.849434,18.601074,13.60147,12.999999,10.816654,7.615773,4.1231055,6.0,6.0827622,5.0,3.0,4.1231055,2.0,2.236068,0.0,2.3561945,3.1415925,3.1415925,-2.976444,-2.4468544,-2.2655346,-2.1910458,-2.3561945,-2.2142975,-2.070143,-2.0344439,-1.8925469,-2.3561945,-1.9513026,0.0,1.1071488,1.1071488,1.5707964,1.5707964,1.735945,1.9195673,1.9974238,2.0344439,2.2655346,2.2142975,1.5707964,0.0,0.0,0.0,0.0,0.0,0.0,0.0,0.0,0.0,0.0,0.0,-0.4636476,-0.551655,-0.82537687,-0.88187194,-1.0040671,-0.8902751,-0.90675014,-0.8850668,-0.90675014,-0.8379812,-0.8124186,-0.847817,-0.7140907,-0.93804747,-0.94200003,-1.1760052,-0.98279375,-1.1659045,-1.815775,-1.5707964,-1.735945,-2.2142975,-1.5707964,-1.3258177,3.1415925,2.6779451
110,1760879477.0910988,RX2,Walking,72,0.0,15.524176,16.155495,15.524176,17.262676,16.124516,17.117243,16.03122,15.033297,14.0,9.0,7.071068,5.0990195,3.6055512,4.1231055,8.062258,10.29563,12.529964,15.231546,17.088007,18.439089,18.027758,19.104973,17.262676,15.652476,11.661903,7.8102493,0.0,0.0,0.0,0.0,0.0,0.0,0.0,0.0,0.0,0.0,0.0,13.453625,11.661903,11.401754,9.899495,10.630146,11.661903,13.038404,15.811389,17.20465,16.643316,16.643316,18.867962,17.20465,16.643316,16.124516,14.764824,13.892444,12.649111,13.601471,11.045361,12.0,10.440307,9.848858,9.219544,12.041595,10.816654,0.0,-2.8809903,-2.7610862,-2.8809903,-2.9669204,-3.0172377,-3.024484,-3.0791738,-3.0750246,3.1415925,3.1415925,2.9996955,2.9441972,2.55359,1.3258177,1.0516502,1.0636978,1.0714496,1.1659045,1.2120256,1.3521274,1.5152978,1.6756732,1.7454685,2.0344439,2.1112158,2.2655346,0.0,0.0,0.0,0.0,0.0,0.0,0.0,0.0,0.0,0.0,0.0,-0.7328151,-0.5404195,-0.66104317,-0.7853982,-0.8519663,-1.0303768,-1.0040671,-0.9652517,-0.95054686,-0.99945885,-0.99945885,-1.012197,-0.95054686,-0.99945885,-1.0516502,-1.076855,-1.0427219,-1.2490457,-1.2722974,-1.4801364,-1.5707964,-1.8622531,-1.9890207,-2.2794225,-2.4149504,-2.55359
111,1760879477.192666,RX2,Walking,78,0.0,11.401754,11.704699,10.770329,10.440307,10.29563,7.615773,6.7082043,3.6055512,1.0,4.0,5.0990195,7.071068,8.062258,9.055386,10.049876,12.369316,9.055386,9.219544,5.0990195,4.0,1.4142135,2.828427,10.440307,6.7082043,16.763054,15.652476,0.0,0.0,0.0,0.0,0.0,0.0,0.0,0.0,0.0,0.0,0.0,12.206555,13.60147,14.422205,16.643316,16.124516,17.0,16.643316,15.231546,13.416409,9.848858,10.440307,7.071068,5.0990195,4.1231055,3.1622777,2.236068,1.0,1.4142135,1.4142135,2.0,3.0,4.472136,4.1231055,8.0,8.0,8.246211,0.0,2.8753407,2.7928216,2.7610862,2.8501358,2.634494,2.7367008,2.6779451,2.55359,3.1415925,-1.5707964,-1.7681919,-1.7126933,-1.6951513,-1.6814536,-1.670465,-1.815775,-1.6814536,-1.7894653,-1.7681919,-1.5707964,-2.3561945,2.3561945,1.2793396,1.1071488,1.8736812,2.0344439,0.0,0.0,0.0,0.0,0.0,0.0,0.0,0.0,0.0,0.0,0.0,0.61072594,0.6287963,0.5880026,0.57133746,0.5191461,0.48995733,0.57133746,0.4048918,0.4636476,0.41822433,0.2914568,0.14189705,0.19739556,0.24497867,0.32175055,0.4636476,1.5707964,2.3561945,-2.3561945,3.1415925,3.1415925,-2.6779451,2.896614,3.1415925,3.1415925,2.896614
112,1760879477.210773,RX2,Walking,59,0.0,18.248287,19.416489,20.22375,19.104973,19.026297,17.029385,14.0,11.045361,7.071068,4.472136,1.4142135,2.0,5.0990195,8.246211,10.770329,12.999999,12.999999,13.416409,14.317821,13.416409,12.083046,11.18034,9.848858,7.615773,5.3851647,3.6055512,0.0,0.0,0.0,0.0,0.0,0.0,0.0,0.0,0.0,0.0,0.0,12.041595,11.401754,10.29563,8.5440035,6.0827622,4.1231055,2.236068,4.472136,7.071068,10.0,13.038404,14.422205,16.643316,18.027756,18.601074,17.804493,17.029387,15.620499,14.866069,12.041595,9.219544,5.3851647,2.236068,5.0,8.062258,12.1655245,0.0,0.16514868,0.20749623,0.14888994,0.10487694,0.05258306,0.058755822,0.0,-0.09065989,-0.14189705,-0.4636476,-0.7853982,3.1415925,2.9441972,2.896614,2.7610862,2.7468016,2.7468016,2.6779451,2.709185,2.6779451,2.714965,2.6779451,2.7233684,2.7367008,2.7610862,2.55359,0.0,0.0,0.0,0.0,0.0,0.0,0.0,0.0,0.0,0.0,0.0,0.7266423,0.90975314,1.0636978,1.2120256,1.4056476,1.815775,2.6779451,-2.6779451,-2.3561945,-2.2142975,-2.1375256,-2.158799,-2.1421337,-2.158799,-2.203545,-2.2367656,-2.2730532,-2.2655346,-2.3086114,-2.2974386,-2.2794225,-1.9513026,-1.1071488,0.0,0.124354996,0.16514868
113,1760879477.214153,RX2,Walking,58,0.0,15.652476,17.888544,18.788294,18.384775,18.027756,15.524176,13.341663,10.198039,7.071068,5.0,1.0,2.0,6.0827622,8.062258,11.18034,13.341663,14.3178215,15.524176,15.524176,15.524176,14.56022,12.369316,10.440307,9.219544,6.3245554,4.1231055,0.0,0.0,0.0,0.0,0.0,0.0,0.0,0.0,0.0,0.0,0.0,13.928389,13.341663,11.045361,9.0,7.28011,4.472136,3.1622777,4.2426405,7.615773,10.770329,13.601471,15.524176,17.720043,18.681541,18.973665,18.973665,18.027756,16.155495,14.317821,11.18034,8.5440035,5.0990195,2.236068,4.1231055,8.062258,11.661903,0.0,0.4636476,0.4636476,0.43984258,0.39060703,0.33929262,0.26060238,0.22679885,0.19739556,0.14189705,0.0,0.0,3.1415925,2.976444,3.0172377,2.961739,2.9147937,2.9304993,2.8809903,2.8809903,2.8809903,2.863293,2.896614,2.8501358,2.9229238,2.819842,2.896614,0.0,0.0,0.0,0.0,0.0,0.0,0.0,0.0,0.0,0.0,0.0,1.2036225,1.3439975,1.4801364,1.5707964,1.849096,2.0344439,2.819842,-2.3561945,-1.9756881,-1.9513026,-1.8692952,-1.8313987,-1.8568478,-1.8417432,-1.8925469,-1.8925469,-1.9100889,-1.9513026,-2.003204,-2.0344439,-1.929567,-1.7681919,-1.1071488,0.24497867,0.5191461,0.5404195
114,1760879477.2183628,RX2,Walking,58,0.0,18.788294,20.124613,21.470911,21.954498,20.248457,18.601074,15.620499,12.7279215,9.899495,6.4031243,2.236068,1.4142135,5.0,7.8102493,10.816654,13.892444,14.764824,16.552946,16.552946,16.552946,16.552946,14.764824,12.083046,10.29563,7.615773,5.3851647,0.0,0.0,0.0,0.0,0.0,0.0,0.0,0.0,0.0,0.0,0.0,15.132746,13.601471,12.083046,9.433981,6.4031243,3.1622777,2.828427,6.0,9.219544,12.649111,16.155495,18.384775,20.248457,21.540659,21.540659,21.189621,19.924858,17.720043,15.524176,12.369316,9.486833,5.0,3.0,5.0,9.433981,13.416409,0.0,-0.43984258,-0.4636476,-0.48447794,-0.5247958,-0.5743048,-0.63274884,-0.69473827,-0.7853982,-0.7853982,-0.8960554,-1.1071488,2.3561945,2.2142975,2.2655346,2.158799,2.0988708,2.0647378,2.0074234,2.0074234,2.0074234,2.0074234,2.0647378,1.9974238,2.077895,1.9756881,1.9513026,0.0,0.0,0.0,0.0,0.0,0.0,0.0,0.0,0.0,0.0,0.0,0.13255154,0.29849893,0.4266275,0.5585993,0.67474097,1.2490457,2.3561945,3.1415925,-2.9229238,-2.819842,-2.7610862,-2.7509856,-2.7886024,-2.7610862,-2.7610862,-2.8049178,-2.8357139,-2.8555412,-2.8809903,-2.896614,-2.819842,-2.4980915,-1.5707964,-0.6435011,-0.5585993,-0.4636476
115,1760879477.3138602,RX2,Walking,57,0.0,13.341663,9.055386,5.0990195,1.4142135,5.0990195,9.055386,12.0,15.0,15.0,17.029385,17.029385,17.117243,16.124516,15.132746,13.152946,10.198039,8.246211,4.472136,2.236068,3.1622777,5.656854,7.8102493,9.219544,10.630146,11.313708,12.806249,0.0,0.0,0.0,0.0,0.0,0.0,0.0,0.0,0.0,0.0,0.0,7.615773,10.29563,13.60147,14.866069,17.691807,17.804493,19.416489,19.723083,17.888544,16.552946,13.928389,10.770329,8.062258,4.2426405,2.236068,5.3851647,8.062258,12.0,17.0,19.026297,22.090721,24.08319,25.179356,24.186773,22.203604,19.104973,0.0,2.9147937,3.0309355,2.9441972,0.7853982,0.19739556,0.11065722,0.0,0.0,0.0,-0.058755822,-0.058755822,-0.11710875,-0.124354996,-0.13255154,-0.15264933,-0.19739556,-0.24497867,-0.4636476,-1.1071488,-1.8925469,-2.3561945,-2.4468544,-2.4329665,-2.4227626,-2.3561945,-2.2455373,0.0,0.0,0.0,0.0,0.0,0.0,0.0,0.0,0.0,0.0,0.0,-1.1659045,-1.0636978,-0.94200003,-0.8329813,-0.7454195,-0.66596925,-0.60228735,-0.53172404,-0.4636476,-0.43662718,-0.36717382,-0.38050637,-0.5191461,-0.7853982,-2.0344439,-2.7610862,-3.0172377,3.1415925,3.1415925,3.0890095,3.050933,3.0584514,3.0221636,3.0172377,3.006065,3.0367157
116,1760879477.325248,RX2,Walking,57,0.0,13.038405,8.062258,4.0,3.1622777,6.4031243,10.29563,13.416409,16.552946,16.552946,18.027756,18.384775,18.027756,18.027756,15.811388,14.86607,11.704699,8.246211,6.0827622,3.0,2.236068,4.1231055,5.3851647,7.615773,9.486833,10.440307,11.18034,0.0,0.0,0.0,0.0,0.0,0.0,0.0,0.0,0.0,0.0,0.0,7.071068,10.0,13.038404,15.231546,17.088007,19.646885,19.416489,19.235384,19.104973,17.029385,15.033297,12.041595,8.062258,5.0990195,2.236068,3.6055512,7.28011,10.440307,15.524176,18.439089,21.587034,22.561028,23.345236,23.345236,21.37756,18.248287,0.0,0.07677189,0.124354996,0.0,-1.8925469,-2.4668517,-2.634494,-2.6779451,-2.7049656,-2.7049656,-2.8023,-2.7509856,-2.8023,-2.8023,-2.819842,-2.7985687,-2.7928216,-2.896614,-2.976444,3.1415925,2.0344439,1.3258177,1.19029,1.1659045,1.2490457,1.2793396,1.3909428,0.0,0.0,0.0,0.0,0.0,0.0,0.0,0.0,0.0,0.0,0.0,2.3561945,2.4980915,2.5748634,2.7367008,2.782822,2.884269,2.9340963,2.9849908,3.0367157,3.0828369,3.0750246,3.0584514,3.0172377,2.9441972,2.0344439,0.5880026,0.27829966,0.2914568,0.26060238,0.21866895,0.23374318,0.2234766,0.17219082,0.17219082,0.18822151,0.16514868
117,1760879477.350265,RX2,Walking,57,0.0,12.369316,10.049876,5.0990195,2.236068,5.0,9.219544,12.206555,15.264338,16.124516,16.124516,17.0,17.888544,16.552946,15.652476,13.928389,11.704699,8.5440035,5.0990195,3.0,2.236068,3.1622777,5.8309517,7.615773,9.848858,10.440307,11.18034,0.0,0.0,0.0,0.0,0.0,0.0,0.0,0.0,0.0,0.0,0.0,7.071068,10.816654,12.529964,15.231546,16.763054,18.439089,19.104973,19.026297,18.0,16.03122,14.035668,10.0,7.0,3.1622777,2.236068,4.472136,8.5440035,12.649111,16.763054,19.924858,21.84033,25.0,24.041632,24.041632,22.803509,21.84033,0.0,-1.3258177,-1.4711276,-1.7681919,-2.6779451,2.4980915,2.2794225,2.1815224,2.1224513,2.0899425,2.0899425,2.0607536,2.0344439,2.0074234,2.0344439,1.9379702,1.9195673,1.929567,1.7681919,1.5707964,0.4636476,-0.32175055,-0.5404195,-0.4048918,-0.41822433,-0.2914568,-0.1798535,0.0,0.0,0.0,0.0,0.0,0.0,0.0,0.0,0.0,0.0,0.0,0.7853982,0.98279375,1.0714496,1.1659045,1.2679114,1.3521274,1.4659194,1.5182133,1.5707964,1.6332152,1.6421038,1.5707964,1.5707964,1.2490457,-0.4636476,-1.1071488,-1.2120256,-1.2490457,-1.2679114,-1.2649175,-1.2924967,-1.2870022,-1.2753555,-1.2753555,-1.3045443,-1.2924967
118,1760879477.363778,RX2,Walking,57,0.0,13.601471,9.486833,4.472136,2.236068,6.0827622,10.0,13.0,16.0,16.0,17.029385,18.027758,17.117243,16.124516,14.035668,12.1655245,9.219544,6.3245554,3.6055512,3.0,5.0,7.071068,9.219544,10.630146,12.041595,12.806249,13.038404,0.0,0.0,0.0,0.0,0.0,0.0,0.0,0.0,0.0,0.0,0.0,5.0990195,9.486833,10.440307,15.524176,16.552946,18.384775,19.416489,20.615528,19.79899,18.384775,16.27882,13.453625,9.899495,6.4031243,4.0,3.6055512,7.0,11.18034,16.27882,19.416489,22.561028,23.769728,25.0,25.0,23.769728,20.615528,0.0,2.8430936,2.819842,2.6779451,1.1071488,0.16514868,0.0,0.0,0.0,0.0,-0.058755822,-0.055498507,-0.11710875,-0.124354996,-0.071307465,-0.16514868,-0.21866895,-0.32175055,-0.5880026,-1.5707964,-2.2142975,-2.3561945,-2.2794225,-2.2896264,-2.2974386,-2.2455373,-2.1375256,0.0,0.0,0.0,0.0,0.0,0.0,0.0,0.0,0.0,0.0,0.0,-1.3734008,-1.2490457,-1.2793396,-1.3101939,-1.1341692,-1.1801893,-0.96850896,-0.88847977,-0.7853982,-0.7853982,-0.7419473,-0.7328151,-0.7853982,-0.8960554,-1.5707964,-2.55359,3.1415925,2.961739,2.9562447,2.9340963,2.918116,2.8864102,2.8577986,2.8577986,2.8864102,2.896614
119,1760879477.3886762,RX2,Walking,75,0.0,22.0,24.186773,20.099752,18.248287,16.492422,12.1655245,9.0,5.0,2.236068,2.0,6.3245554,9.848858,11.18034,12.649111,14.317821,13.601471,12.369316,11.18034,8.0,8.0,5.0,4.0,2.828427,2.0,5.0990195,7.071068,0.0,0.0,0.0,0.0,0.0,0.0,0.0,0.0,0.0,0.0,0.0,8.246211,10.049876,10.0,12.041595,13.0,13.0,15.132746,15.033297,15.297058,16.27882,16.763054,17.46425,13.341663,12.649111,12.369316,10.049876,10.0,7.28011,8.485281,9.433981,9.219544,12.041595,14.035668,18.0,19.0,22.0,0.0,-1.5707964,-1.4464413,-1.4711276,-1.4056476,-1.3258177,-1.4056476,-1.5707964,-1.5707964,-2.6779451,3.1415925,2.819842,2.7233684,2.6779451,2.819842,2.709185,2.8430936,2.896614,2.961739,3.1415925,3.1415925,3.1415925,3.1415925,2.3561945,1.5707964,1.3734008,1.4288993,0.0,0.0,0.0,0.0,0.0,0.0,0.0,0.0,0.0,0.0,0.0,-0.24497867,-0.09966865,0.0,-0.08314123,0.0,0.0,0.13255154,0.066568166,0.19739556,0.18534794,0.30288488,0.23109066,0.22679885,0.32175055,0.24497867,0.09966865,0.0,-0.27829966,-0.7853982,-1.012197,-1.3521274,-1.487655,-1.4994888,-1.5707964,-1.5707964,-1.5707964
120,1760879477.4180832,RX2,Walking,77,0.0,22.561028,22.203604,20.615528,20.22375,16.124516,13.152946,8.062258,3.1622777,1.4142135,4.1231055,8.0,12.0,14.3178215,14.142136,16.03122,16.03122,15.0,12.0,9.055386,6.0827622,2.236068,2.236068,7.615773,10.816654,13.453625,15.0,0.0,0.0,0.0,0.0,0.0,0.0,0.0,0.0,0.0,0.0,0.0,3.1622777,6.0827622,9.848858,11.401754,14.317821,15.811388,18.027756,18.027756,19.646885,19.646885,18.681541,21.37756,19.646885,17.46425,14.56022,13.341663,11.704699,7.2111025,6.4031243,3.0,3.6055512,7.0,12.0,15.0,19.026297,20.099752,0.0,-1.7942729,-1.7063241,-1.815775,-1.7196863,-1.6951513,-1.7234457,-1.6951513,-1.8925469,-2.3561945,1.815775,1.5707964,1.5707964,1.359703,1.4288993,1.5083776,1.5083776,1.5707964,1.5707964,1.6814536,1.735945,2.0344439,-1.1071488,-1.1659045,-0.98279375,-0.7328151,-0.6435011,0.0,0.0,0.0,0.0,0.0,0.0,0.0,0.0,0.0,0.0,0.0,1.2490457,1.4056476,1.152572,1.3045443,1.1383885,1.2490457,1.2315037,1.2315037,1.3134726,1.3134726,1.2998495,1.3825748,1.3134726,1.3397057,1.2924967,1.3439975,1.2220253,0.98279375,0.8960554,0.0,-0.98279375,-1.5707964,-1.5707964,-1.5707964,-1.6233793,-1.670465
121,1760879477.552327,RX2,Walking,78,0.0,14.317821,16.124516,16.492422,17.464249,14.317821,19.924858,19.235384,18.439089,17.117243,19.026297,15.0,17.0,15.033297,12.041595,14.0,12.649111,10.440307,7.615773,7.2111025,9.899495,8.0,9.055386,11.18034,14.764824,13.60147,14.866069,0.0,0.0,0.0,0.0,0.0,0.0,0.0,0.0,0.0,0.0,0.0,23.537203,23.345236,24.020824,24.0,22.022717,22.090721,21.587034,16.155495,13.416409,11.661903,9.433981,7.071068,2.236068,1.4142135,3.1622777,5.3851647,5.3851647,5.8309517,8.485281,10.0,10.816654,10.770329,10.630146,13.038404,12.529964,10.630146,0.0,-2.003204,-2.0899425,-1.815775,-1.9832067,-2.003204,-1.8766752,-1.7273982,-1.7894653,-1.6879051,-1.5182133,-1.5707964,-1.5707964,-1.6373645,-1.487655,-1.5707964,-1.2490457,-1.2793396,-1.1659045,-0.5880026,-0.7853982,0.0,0.11065722,0.4636476,0.49394137,0.6287963,0.7378151,0.0,0.0,0.0,0.0,0.0,0.0,0.0,0.0,0.0,0.0,0.0,-2.927532,-2.9694018,-3.09995,3.1415925,3.0961695,3.050933,2.9078496,2.7610862,2.6779451,2.6011732,2.5829933,2.3561945,2.6779451,-2.3561945,-2.819842,-1.9513026,-1.9513026,-2.1112158,-2.3561945,-2.2142975,-2.55359,-2.7610862,-2.2896264,-2.1375256,-2.642246,-2.2896264
122,1760879478.182865,RX2,Walking,61,0.0,8.062258,12.1655245,14.142136,13.038405,15.132746,15.524176,14.86607,13.928389,11.18034,9.433981,7.28011,6.0827622,5.0990195,6.7082043,6.4031243,6.4031243,8.602325,9.219544,11.401754,10.630146,10.630146,10.630146,9.899495,8.485281,6.4031243,5.656854,0.0,0.0,0.0,0.0,0.0,0.0,0.0,0.0,0.0,0.0,0.0,16.155495,16.155495,16.155495,19.416489,12.369316,12.529964,11.704699,9.055386,6.0,2.828427,5.0990195,7.28011,12.083046,12.083046,12.999999,14.56022,16.492422,17.262676,19.104973,17.0,16.03122,15.132746,11.045361,9.0,7.071068,6.4031243,0.0,3.0172377,2.976444,2.9996955,3.0648208,3.009041,2.8809903,2.7985687,2.7744188,2.6779451,2.5829933,2.863293,2.976444,-2.9441972,-2.6779451,-2.4668517,-2.2455373,-2.1910458,-2.2794225,-2.2318394,-2.2896264,-2.2896264,-2.2896264,-2.3561945,-2.3561945,-2.2455373,-2.3561945,0.0,0.0,0.0,0.0,0.0,0.0,0.0,0.0,0.0,0.0,0.0,-0.38050637,-0.38050637,-0.38050637,-0.20749623,-0.24497867,-0.49934673,-0.348771,-0.11065722,0.0,0.7853982,1.3734008,1.849096,1.9974238,1.9974238,1.9655875,1.849096,1.815775,1.7454685,1.6756732,1.5707964,1.5083776,1.4382448,1.4801364,1.5707964,1.7126933,2.4668517
123,1760879478.204565,RX2,Walking,61,0.0,9.219544,11.401754,13.341663,14.3178215,14.035668,14.0,13.038405,11.045361,9.219544,7.071068,5.0990195,3.1622777,2.236068,4.0,6.0827622,8.246211,10.198039,11.18034,10.049876,12.041595,11.045361,10.049876,9.055386,8.062258,6.0827622,4.1231055,0.0,0.0,0.0,0.0,0.0,0.0,0.0,0.0,0.0,0.0,0.0,16.124516,16.552946,17.088007,15.811388,15.524176,13.341663,11.18034,8.0,5.3851647,4.472136,6.0827622,8.5440035,11.18034,14.317821,16.155495,17.088007,17.720043,18.439089,18.110771,16.03122,15.0,12.0,9.0,6.0827622,3.6055512,5.0990195,0.0,0.21866895,0.26625204,0.22679885,0.21109334,0.071307465,0.0,-0.07677189,-0.09065989,-0.21866895,-0.14189705,-0.19739556,0.32175055,1.1071488,1.5707964,1.735945,1.815775,1.7681919,1.7506498,1.670465,1.6539376,1.6614562,1.670465,1.6814536,1.6951513,1.735945,1.815775,0.0,0.0,0.0,0.0,0.0,0.0,0.0,0.0,0.0,0.0,0.0,2.6224465,2.7049656,2.782822,2.819842,2.8809903,2.9147937,2.961739,3.1415925,-2.7610862,-2.0344439,-1.4056476,-1.2120256,-1.1071488,-1.1383885,-1.19029,-1.2120256,-1.2847449,-1.3521274,-1.4601392,-1.5083776,-1.5707964,-1.5707964,-1.5707964,-1.4056476,-0.98279375,-0.19739556
124,1760879478.20835,RX2,Walking,61,0.0,9.486833,12.999999,14.86607,14.86607,15.524176,14.142136,14.142136,12.041595,10.0,7.0,5.0990195,3.6055512,4.1231055,6.0,8.246211,9.219544,11.18034,12.1655245,12.1655245,12.1655245,12.041595,10.049876,9.0,7.0,5.0,3.1622777,0.0,0.0,0.0,0.0,0.0,0.0,0.0,0.0,0.0,0.0,0.0,15.0,16.124516,16.552946,16.552946,15.231546,13.928389,11.401754,8.246211,5.0,2.236068,4.1231055,6.7082043,10.0,13.038404,14.764824,16.552946,17.088007,16.763054,16.492422,15.297058,13.152946,11.045361,8.062258,5.3851647,3.6055512,4.1231055,0.0,-2.819842,-2.7468016,-2.7985687,-2.7985687,-2.8809903,-2.9996955,-2.9996955,-3.0584514,3.1415925,3.1415925,-2.9441972,-2.55359,-1.815775,-1.5707964,-1.3258177,-1.3521274,-1.3909428,-1.4056476,-1.4056476,-1.4056476,-1.487655,-1.4711276,-1.5707964,-1.5707964,-1.5707964,-1.8925469,0.0,0.0,0.0,0.0,0.0,0.0,0.0,0.0,0.0,0.0,0.0,-0.6435011,-0.5191461,-0.43662718,-0.43662718,-0.4048918,-0.36717382,-0.26625204,-0.24497867,0.0,0.4636476,1.815775,2.0344439,2.2142975,2.1375256,2.0647378,2.0074234,1.929567,1.8736812,1.815775,1.7681919,1.7234457,1.6614562,1.6951513,1.9513026,2.55359,-2.896614
125,1760879478.213728,RX2,Walking,61,0.0,7.071068,4.472136,5.8309517,7.28011,9.219544,11.401754,12.649111,12.999999,12.999999,12.529964,13.038404,10.816654,9.219544,7.8102493,5.656854,2.828427,2.236068,2.236068,5.0,7.071068,9.055386,10.049876,11.18034,11.18034,11.18034,10.440307,0.0,0.0,0.0,0.0,0.0,0.0,0.0,0.0,0.0,0.0,0.0,13.453625,15.556349,17.029387,19.209373,20.0,19.416489,18.027756,16.643316,14.422205,11.661903,8.5440035,5.0,3.6055512,5.0990195,8.0,11.0,14.0,16.03122,18.027758,19.235384,19.646885,18.681541,18.027756,16.155495,14.317821,11.18034,0.0,-1.7126933,-1.1071488,-0.5404195,-0.27829966,-0.21866895,-0.26625204,-0.32175055,-0.39479113,-0.39479113,-0.49934673,-0.5667292,-0.5880026,-0.7086263,-0.69473827,-0.7853982,-0.7853982,0.4636476,1.1071488,1.5707964,1.7126933,1.6814536,1.670465,1.7506498,1.7506498,1.7506498,1.8622531,0.0,0.0,0.0,0.0,0.0,0.0,0.0,0.0,0.0,0.0,0.0,2.3036115,2.3561945,2.4393358,2.4668517,2.4980915,2.5393052,2.55359,2.5702553,2.55359,2.6011732,2.782822,3.1415925,-2.55359,-1.7681919,-1.5707964,-1.5707964,-1.5707964,-1.6332152,-1.6262949,-1.7273982,-1.82812,-1.8417432,-1.9100889,-1.9513026,-2.003204,-2.0344439
126,1760879478.2669408,RX2,Walking,61,0.0,4.472136,4.472136,6.4031243,8.485281,10.630146,12.7279215,13.453625,13.60147,13.038404,12.529964,11.18034,9.848858,7.615773,5.3851647,2.828427,3.1622777,5.0,7.071068,9.219544,11.401754,12.206555,13.60147,13.60147,12.806249,12.806249,11.401754,0.0,0.0,0.0,0.0,0.0,0.0,0.0,0.0,0.0,0.0,0.0,10.049876,13.038405,15.132746,16.492422,18.439089,18.681541,18.681541,17.720043,15.811388,12.649111,9.486833,6.7082043,3.6055512,3.1622777,5.656854,8.602325,11.401754,14.21267,14.866069,16.27882,17.029387,16.40122,16.124516,14.764824,12.083046,9.848858,0.0,1.1071488,2.0344439,2.2455373,2.3561945,2.4227626,2.3561945,2.3036115,2.1995926,2.1375256,2.070143,2.0344439,1.9890207,1.9756881,1.9513026,2.3561945,-2.819842,-2.4980915,-2.3561945,-2.2794225,-2.2318394,-2.1815224,-2.1995926,-2.1995926,-2.2455373,-2.2455373,-2.2318394,0.0,0.0,0.0,0.0,0.0,0.0,0.0,0.0,0.0,0.0,0.0,-1.670465,-1.4940244,-1.4382448,-1.3258177,-1.3521274,-1.2998495,-1.2998495,-1.2847449,-1.2490457,-1.2490457,-1.2490457,-1.1071488,-0.5880026,0.32175055,0.7853982,0.95054686,0.90975314,0.8850668,0.8329813,0.7419473,0.7022569,0.6556956,0.5191461,0.49394137,0.4266275,0.41822433
127,1760879478.283485,RX2,Walking,60,0.0,10.816654,14.764824,16.643316,15.811389,16.40122,14.866069,14.21267,12.041595,9.899495,7.071068,4.2426405,2.0,2.0,5.0990195,7.28011,10.198039,11.401754,13.341663,13.601471,13.601471,12.649111,11.401754,10.440307,8.246211,6.3245554,4.0,0.0,0.0,0.0,0.0,0.0,0.0,0.0,0.0,0.0,0.0,0.0,15.297058,15.132746,15.0,14.035668,12.1655245,10.198039,7.28011,3.6055512,1.0,3.0,7.0,10.049876,12.041595,14.035668,16.03122,16.0,17.0,16.03122,15.033297,13.152946,11.18034,8.246211,5.0990195,2.0,2.236068,5.3851647,0.0,2.55359,2.6476512,2.5702553,2.536048,2.485897,2.4037776,2.4558632,2.4149504,2.3561945,2.3561945,2.3561945,3.1415925,-1.5707964,-1.3734008,-1.2924967,-1.3734008,-1.3045443,-1.3439975,-1.2722974,-1.2722974,-1.2490457,-1.3045443,-1.2793396,-1.3258177,-1.2490457,-1.5707964,0.0,0.0,0.0,0.0,0.0,0.0,0.0,0.0,0.0,0.0,0.0,2.9441972,3.009041,3.1415925,-3.070285,-2.976444,-2.9441972,-2.863293,-2.55359,-1.5707964,0.0,0.0,0.09966865,0.08314123,0.071307465,0.06241881,0.0,0.0,-0.06241881,-0.066568166,-0.15264933,-0.1798535,-0.24497867,-0.19739556,0.0,2.6779451,2.7610862
128,1760879478.308265,RX2,Walking,72,0.0,14.422205,17.20465,16.40122,17.804493,17.029387,13.60147,12.7279215,10.630146,7.071068,5.656854,2.236068,3.1622777,4.1231055,6.7082043,8.944272,10.0,9.899495,12.041595,12.206555,11.661903,11.18034,9.486833,8.062258,7.0,4.1231055,3.1622777,0.0,0.0,0.0,0.0,0.0,0.0,0.0,0.0,0.0,0.0,0.0,22.203604,20.024984,18.0,15.033297,12.041595,9.486833,7.071068,8.246211,10.049876,12.369316,16.155495,19.235384,20.59126,21.633308,20.248457,20.0,18.439089,16.27882,15.620499,12.7279215,9.899495,6.4031243,3.0,3.0,6.3245554,9.219544,0.0,-0.98279375,-0.95054686,-0.9151007,-0.90482706,-0.8685394,-0.94200003,-0.7853982,-0.71883,-0.7853982,-0.7853982,0.4636476,1.2490457,1.815775,2.0344439,2.0344439,2.2142975,2.3561945,2.4149504,2.5308666,2.6011732,2.6779451,2.819842,3.0172377,3.1415925,-2.896614,-2.819842,0.0,0.0,0.0,0.0,0.0,0.0,0.0,0.0,0.0,0.0,0.0,-1.7063241,-1.6207547,-1.5707964,-1.6373645,-1.6539376,-1.8925469,-2.3561945,-2.896614,3.041924,2.896614,2.7610862,2.6546934,2.634494,2.55359,2.567288,2.4980915,2.4329665,2.3996453,2.4468544,2.3561945,2.3561945,2.4668517,3.1415925,-1.5707964,-1.2490457,-0.86217004
129,1760879478.319066,RX2,Walking,60,0.0,10.630146,13.453625,15.620499,15.620499,15.811389,15.811389,14.422205,13.038404,10.29563,8.062258,5.3851647,3.1622777,0.0,3.6055512,6.3245554,8.944272,10.770329,12.999999,13.416409,13.416409,13.892444,13.038404,11.661903,10.816654,8.602325,6.4031243,0.0,0.0,0.0,0.0,0.0,0.0,0.0,0.0,0.0,0.0,0.0,15.524176,15.652476,13.892444,12.806249,10.630146,7.8102493,5.0,1.4142135,2.236068,5.8309517,9.433981,12.529964,15.264338,16.643316,18.867962,18.867962,19.416489,18.601074,16.40122,15.620499,12.041595,9.899495,6.4031243,3.6055512,1.0,5.0,0.0,0.71883,0.7328151,0.69473827,0.69473827,0.6055447,0.6055447,0.5880026,0.5667292,0.5070985,0.5191461,0.38050637,0.32175055,0.0,-2.55359,-2.819842,-2.6779451,-2.7610862,-2.7468016,-2.6779451,-2.6779451,-2.6135182,-2.5748634,-2.6011732,-2.55359,-2.5213432,-2.4668517,0.0,0.0,0.0,0.0,0.0,0.0,0.0,0.0,0.0,0.0,0.0,0.26060238,0.4636476,0.52807444,0.67474097,0.71883,0.87605804,0.9272952,0.7853982,-2.0344439,-2.1112158,-2.1293957,-2.070143,-2.1224513,-2.1421337,-2.1293957,-2.1293957,-2.1730838,-2.203545,-2.226492,-2.2655346,-2.2974386,-2.3561945,-2.4668517,-2.55359,1.5707964,0.9272952
130,1760879478.347272,RX2,Walking,60,0.0,12.1655245,16.124516,18.110771,19.104973,19.104973,19.026297,17.0,16.0,13.0,10.049876,7.071068,3.1622777,1.0,4.1231055,7.0,10.0,13.0,14.0,16.03122,16.03122,16.124516,15.132746,13.341663,11.401754,9.486833,7.28011,0.0,0.0,0.0,0.0,0.0,0.0,0.0,0.0,0.0,0.0,0.0,18.35756,18.027756,17.46425,15.297058,13.038405,10.0,6.0,2.236068,3.6055512,7.615773,11.18034,15.231546,17.464249,19.697716,21.540659,22.472204,22.135942,20.880613,19.924858,17.46425,15.297058,11.18034,8.062258,3.0,1.4142135,6.3245554,0.0,0.16514868,0.124354996,0.11065722,0.10487694,0.10487694,0.05258306,0.0,0.0,0.0,-0.09966865,-0.14189705,-0.32175055,-1.5707964,-2.896614,3.1415925,3.1415925,3.1415925,3.1415925,-3.0791738,-3.0791738,-3.0172377,-3.009041,-2.9147937,-2.8753407,-2.819842,-2.863293,0.0,0.0,0.0,0.0,0.0,0.0,0.0,0.0,0.0,0.0,0.0,-0.5123895,-0.33929262,-0.23109066,-0.19739556,-0.07677189,0.0,0.0,-0.4636476,-2.55359,-2.7367008,-2.6779451,-2.7367008,-2.7291822,-2.7233684,-2.7610862,-2.7776136,-2.819842,-2.8501358,-2.8357139,-2.910502,-2.9441972,-2.961739,-3.0172377,3.1415925,0.7853982,0.32175055
131,1760879478.349788,RX2,Walking,58,0.0,22.36068,22.825424,21.954498,19.723083,17.492855,14.764824,12.083046,8.5440035,6.0,3.6055512,5.3851647,8.0,10.049876,13.152946,14.035668,16.03122,16.0,16.0,16.124516,14.142136,12.369316,9.486833,7.28011,5.3851647,4.0,3.6055512,0.0,0.0,0.0,0.0,0.0,0.0,0.0,0.0,0.0,0.0,0.0,11.401754,9.219544,5.656854,3.1622777,3.6055512,6.4031243,9.433981,13.60147,17.029387,19.104973,20.615528,21.400934,21.633308,21.095022,19.723083,17.492855,14.422205,11.401754,9.219544,6.7082043,5.0990195,8.485281,10.816654,14.764824,17.0,20.124613,0.0,-2.6779451,-2.6387494,-2.616797,-2.6098685,-2.6011732,-2.6476512,-2.714965,-2.782822,3.1415925,2.55359,1.9513026,1.5707964,1.4711276,1.418147,1.4994888,1.5083776,1.5707964,1.5707964,1.6951513,1.7126933,1.815775,1.8925469,1.849096,1.9513026,1.5707964,0.98279375,0.0,0.0,0.0,0.0,0.0,0.0,0.0,0.0,0.0,0.0,0.0,0.66104317,0.86217004,0.7853982,0.32175055,-0.5880026,-0.8960554,-1.012197,-0.94200003,-0.8685394,-0.8224183,-0.68231654,-0.65284663,-0.5880026,-0.5485494,-0.53172404,-0.5404195,-0.5880026,-0.66104317,-0.7086263,-1.1071488,-1.7681919,-2.3561945,-2.55359,-2.6476512,-2.6516354,-2.6779451
132,1760879478.352321,RX2,Walking,61,0.0,2.236068,3.6055512,7.8102493,9.899495,13.453625,15.620499,17.029387,17.804493,17.804493,17.804493,17.20465,15.264338,13.038404,9.433981,6.7082043,3.1622777,1.0,3.6055512,7.2111025,10.0,10.816654,13.038404,14.317821,14.317821,13.928389,13.341663,0.0,0.0,0.0,0.0,0.0,0.0,0.0,0.0,0.0,0.0,0.0,14.0,16.124516,18.439089,19.924858,19.313208,19.697716,18.35756,16.124516,13.038404,10.816654,6.7082043,3.1622777,2.0,4.472136,8.602325,11.401754,14.866069,16.27882,19.104973,19.104973,19.849434,19.209373,17.804493,16.40122,13.60147,10.29563,0.0,0.4636476,-2.158799,-2.2655346,-2.3561945,-2.3036115,-2.4468544,-2.4393358,-2.4756234,-2.4756234,-2.4756234,-2.5213432,-2.5899377,-2.5748634,-2.5829933,-2.6779451,-2.819842,1.5707964,0.98279375,0.98279375,0.9272952,0.98279375,1.0040671,1.1383885,1.1383885,1.2036225,1.3439975,0.0,0.0,0.0,0.0,0.0,0.0,0.0,0.0,0.0,0.0,0.0,3.1415925,-3.0172377,-2.9229238,-2.8357139,-2.7707014,-2.7233684,-2.629203,-2.6224465,-2.5748634,-2.55359,-2.6779451,-2.819842,1.5707964,1.1071488,0.95054686,0.90975314,0.8329813,0.8288491,0.74837804,0.74837804,0.7140907,0.67474097,0.66596925,0.6556956,0.6287963,0.5070985
133,1760879478.354919,RX2,Walking,61,0.0,19.416489,15.0,11.401754,5.8309517,2.236068,2.236068,7.071068,11.313708,12.7279215,17.029387,17.691807,19.104973,19.104973,19.104973,17.691807,14.866069,12.041595,9.219544,5.8309517,4.0,5.0,6.3245554,9.219544,12.369316,14.56022,15.231546,0.0,0.0,0.0,0.0,0.0,0.0,0.0,0.0,0.0,0.0,0.0,1.4142135,5.0990195,8.062258,12.1655245,16.03122,19.0,21.023798,23.194828,23.537203,22.803509,20.880613,18.973665,15.811388,12.369316,8.062258,5.0990195,3.1622777,6.7082043,10.630146,13.453625,17.804493,20.615528,22.803509,24.207438,23.600847,22.203604,0.0,2.1730838,2.2142975,2.2318394,2.1112158,2.0344439,-0.4636476,-0.7853982,-0.7853982,-0.7853982,-0.8685394,-0.82537687,-0.8224183,-0.8224183,-0.8224183,-0.82537687,-0.8329813,-0.844154,-0.86217004,-1.0303768,-1.5707964,-2.4980915,-2.819842,-2.9229238,-2.896614,-2.863293,-2.7367008,0.0,0.0,0.0,0.0,0.0,0.0,0.0,0.0,0.0,0.0,0.0,-0.7853982,-1.7681919,-1.6951513,-1.735945,-1.6332152,-1.5707964,-1.5232133,-1.4410938,-1.3567356,-1.3045443,-1.2793396,-1.2490457,-1.2490457,-1.3258177,-1.4464413,-1.7681919,-2.819842,2.6779451,2.4227626,2.3036115,2.2367656,2.2531128,2.2318394,2.2390857,2.2058232,2.1962814
134,1760879478.357653,RX2,Walking,59,0.0,24.351591,23.086794,21.84033,19.924858,16.763054,13.601471,9.219544,5.3851647,2.0,2.236068,6.3245554,9.486833,11.704699,13.601471,15.524176,16.492422,16.492422,16.27882,15.132746,13.038405,11.0,8.0,5.0990195,2.0,1.4142135,4.2426405,0.0,0.0,0.0,0.0,0.0,0.0,0.0,0.0,0.0,0.0,0.0,12.041595,10.0,6.0,3.1622777,3.1622777,7.2111025,11.401754,15.0,19.416489,21.095022,23.323807,24.186775,24.186775,22.825424,21.954498,18.867962,16.643316,12.206555,8.485281,4.472136,2.828427,6.0,11.18034,14.56022,18.681541,20.880613,0.0,1.2360595,1.2627436,1.2924967,1.2649175,1.2679114,1.2722974,1.3521274,1.19029,1.5707964,-2.0344439,-1.8925469,-1.8925469,-1.9195673,-1.8692952,-1.8313987,-1.815775,-1.815775,-1.7561443,-1.7033478,-1.6475682,-1.5707964,-1.5707964,-1.3734008,-1.5707964,2.3561945,2.3561945,0.0,0.0,0.0,0.0,0.0,0.0,0.0,0.0,0.0,0.0,0.0,-0.08314123,0.0,0.0,-0.32175055,-1.8925469,-2.158799,-2.2318394,-2.2142975,-2.1730838,-2.1193457,-2.1112158,-2.0899425,-2.0899425,-2.0736396,-2.095592,-2.1293957,-2.1421337,-2.1815224,-2.3561945,-2.6779451,2.3561945,1.5707964,1.3909428,1.2924967,1.2998495,1.2793396
135,1760879478.363072,RX2,Walking,60,0.0,22.135942,21.84033,20.615528,18.439089,15.297058,12.1655245,8.246211,4.1231055,1.0,3.1622777,7.28011,9.486833,12.369316,14.56022,14.56022,15.524176,15.524176,14.3178215,12.1655245,10.049876,7.071068,4.0,2.236068,1.4142135,4.1231055,6.0,0.0,0.0,0.0,0.0,0.0,0.0,0.0,0.0,0.0,0.0,0.0,14.56022,12.083046,8.062258,6.4031243,2.0,3.1622777,7.2111025,12.041595,15.620499,18.384775,21.213203,22.627417,23.345234,23.345234,21.260292,19.849434,16.40122,13.60147,9.433981,5.0,0.0,4.472136,8.944272,14.317821,17.088007,20.248457,0.0,0.32175055,0.27829966,0.24497867,0.21866895,0.19739556,0.16514868,0.24497867,0.24497867,1.5707964,2.819842,2.863293,2.819842,2.896614,2.863293,2.863293,2.8809903,2.8809903,2.9304993,2.976444,3.041924,2.9996955,3.1415925,-2.6779451,-0.7853982,-0.24497867,0.0,0.0,0.0,0.0,0.0,0.0,0.0,0.0,0.0,0.0,0.0,0.0,0.27829966,0.4266275,0.5191461,0.67474097,1.5707964,-2.819842,-2.55359,-2.4149504,-2.4468544,-2.3561945,-2.3561945,-2.3561945,-2.3864882,-2.3864882,-2.4227626,-2.427502,-2.485897,-2.5127964,-2.5829933,-2.4980915,0.0,0.4636476,0.4636476,0.43240777,0.35877067,0.3529904
136,1760879478.373163,RX2,Walking,60,0.0,23.769728,24.698177,22.84732,19.697716,17.464249,13.416409,9.848858,5.3851647,2.0,3.0,6.4031243,9.219544,11.313708,13.453625,14.866069,16.27882,16.27882,15.556349,14.142136,12.041595,9.219544,7.071068,4.2426405,2.0,2.236068,5.0,0.0,0.0,0.0,0.0,0.0,0.0,0.0,0.0,0.0,0.0,0.0,10.630146,7.2111025,4.472136,1.4142135,4.2426405,8.062258,12.083046,16.155495,18.973665,21.587034,23.537203,23.537203,23.537203,21.587034,19.646885,16.763054,13.601471,9.848858,5.8309517,2.0,4.1231055,9.055386,13.341663,16.492422,19.924858,23.086794,0.0,2.753274,2.768605,2.7367008,2.7233684,2.7291822,2.6779451,2.7233684,2.7610862,3.1415925,-1.5707964,-0.8960554,-0.86217004,-0.7853982,-0.8379812,-0.8329813,-0.8288491,-0.8288491,-0.7853982,-0.7853982,-0.7266423,-0.7086263,-0.7853982,-0.7853982,-1.5707964,-2.6779451,3.1415925,0.0,0.0,0.0,0.0,0.0,0.0,0.0,0.0,0.0,0.0,0.0,2.2896264,2.55359,2.6779451,-2.3561945,-0.7853982,-0.5191461,-0.4266275,-0.38050637,-0.32175055,-0.23374318,-0.21406068,-0.21406068,-0.21406068,-0.23374318,-0.2573237,-0.30288488,-0.29849893,-0.41822433,-0.5404195,-1.5707964,-2.896614,3.0309355,2.9147937,2.896614,2.8357139,2.83354
137,1760879478.377367,RX2,Walking,60,0.0,24.08319,24.08319,22.671568,19.849434,16.27882,14.142136,9.899495,6.4031243,2.828427,1.0,5.0,7.2111025,10.816654,12.206555,13.60147,15.0,15.0,15.0,12.806249,11.313708,9.219544,7.071068,4.2426405,1.4142135,2.0,4.0,0.0,0.0,0.0,0.0,0.0,0.0,0.0,0.0,0.0,0.0,0.0,10.049876,7.071068,3.1622777,0.0,4.472136,8.602325,12.806249,16.27882,18.384775,21.260292,22.803509,22.803509,21.400934,20.615528,18.439089,15.620499,12.7279215,9.219544,4.472136,1.4142135,5.3851647,8.944272,13.038404,17.20465,20.0,22.203604,0.0,-2.2974386,-2.2974386,-2.2937756,-2.284887,-2.3127437,-2.3561945,-2.3561945,-2.4668517,-2.3561945,0.0,0.6435011,0.5880026,0.5880026,0.61072594,0.6287963,0.6435011,0.6435011,0.6435011,0.67474097,0.7853982,0.7086263,0.7853982,0.7853982,0.7853982,-1.5707964,-1.5707964,0.0,0.0,0.0,0.0,0.0,0.0,0.0,0.0,0.0,0.0,0.0,-3.041924,-2.9996955,-2.819842,0.0,0.4636476,0.6202495,0.67474097,0.7419473,0.7853982,0.8519663,0.90975314,0.90975314,0.9179497,0.88847977,0.86217004,0.87605804,0.7853982,0.7086263,0.4636476,-0.7853982,-1.9513026,-2.0344439,-2.1375256,-2.1910458,-2.2142975,-2.1962814
138,1760879478.412679,RX2,Walking,62,0.0,22.84732,20.615528,17.888544,15.231546,11.704699,7.28011,4.0,3.6055512,5.0990195,8.062258,10.29563,12.529964,13.892444,15.652476,15.652476,15.652476,14.86607,13.341663,12.1655245,9.055386,6.0827622,3.0,1.0,2.236068,6.4031243,8.602325,0.0,0.0,0.0,0.0,0.0,0.0,0.0,0.0,0.0,0.0,0.0,6.0827622,5.3851647,7.8102493,10.630146,14.21267,17.691807,20.518286,22.671568,23.021729,23.323807,23.706537,21.470911,20.124613,17.0,13.892444,10.0,7.8102493,6.0827622,5.8309517,8.602325,12.083046,16.552946,19.313208,21.931713,22.472204,23.769728,0.0,-1.1659045,-1.1722739,-1.1071488,-1.1659045,-1.2220253,-1.2924967,-1.5707964,-2.55359,2.9441972,2.6224465,2.634494,2.642246,2.6135182,2.6779451,2.6779451,2.6779451,2.7985687,2.9147937,2.976444,3.0309355,2.976444,3.1415925,1.5707964,1.1071488,0.8960554,0.95054686,0.0,0.0,0.0,0.0,0.0,0.0,0.0,0.0,0.0,0.0,0.0,1.735945,1.19029,0.87605804,0.71883,0.6857295,0.7454195,0.81986725,0.847817,0.9707461,1.0303768,1.0882831,1.0863184,1.1071488,1.080839,1.0427219,0.9272952,0.69473827,0.16514868,-0.5404195,-0.95054686,-1.1441689,-1.1341692,-1.199905,-1.1479424,-1.2068174,-1.1824776
139,1760879478.4364579,RX2,Walking,62,0.0,21.095022,17.492855,15.264338,11.661903,8.062258,4.1231055,1.0,4.472136,7.2111025,10.630146,12.806249,13.60147,15.0,14.422205,15.0,12.806249,10.630146,7.8102493,5.656854,2.236068,1.0,5.0,8.062258,10.29563,12.999999,14.56022,0.0,0.0,0.0,0.0,0.0,0.0,0.0,0.0,0.0,0.0,0.0,7.615773,3.1622777,1.0,4.472136,8.944272,12.529964,17.0,18.788294,21.540659,22.472204,22.135942,20.248457,18.973665,15.811388,12.999999,8.944272,5.3851647,2.236068,3.0,8.246211,11.704699,15.231546,18.788294,21.470911,22.36068,22.825424,0.0,-2.1193457,-2.1112158,-2.1224513,-2.1112158,-2.0899425,-1.815775,0.0,0.4636476,0.5880026,0.71883,0.67474097,0.6287963,0.6435011,0.5880026,0.6435011,0.67474097,0.71883,0.69473827,0.7853982,0.4636476,-1.5707964,-2.2142975,-2.0899425,-2.077895,-1.9655875,-1.849096,0.0,0.0,0.0,0.0,0.0,0.0,0.0,0.0,0.0,0.0,0.0,-2.7367008,-2.819842,1.5707964,1.1071488,1.1071488,1.0714496,1.080839,1.1309538,1.19029,1.2068174,1.2490457,1.217806,1.2490457,1.2490457,1.1760052,1.1071488,1.19029,0.4636476,-1.5707964,-1.815775,-1.9195673,-1.9756881,-2.010639,-2.0552742,-2.0344439,-2.0736396
140,1760879478.488153,RX2,Walking,62,0.0,19.79899,16.27882,12.7279215,9.219544,5.8309517,3.1622777,3.6055512,6.0827622,8.062258,10.049876,12.041595,13.152946,13.038405,13.152946,12.1655245,10.198039,8.246211,6.0827622,3.1622777,1.0,3.0,6.0,8.0,11.0,12.0,13.152946,0.0,0.0,0.0,0.0,0.0,0.0,0.0,0.0,0.0,0.0,0.0,6.7082043,3.1622777,1.4142135,5.3851647,9.486833,13.341663,16.27882,19.235384,21.095024,21.095024,21.095024,19.104973,17.262676,14.142136,11.18034,8.062258,4.1231055,1.0,5.0,8.944272,12.529964,15.264338,18.601074,20.615528,21.260292,21.213203,0.0,-2.3561945,-2.3127437,-2.3561945,-2.2794225,-2.1112158,-1.8925469,-0.5880026,-0.16514868,-0.124354996,-0.09966865,-0.08314123,-0.15264933,-0.07677189,-0.15264933,-0.16514868,-0.19739556,-0.24497867,-0.16514868,-0.32175055,-1.5707964,3.1415925,3.1415925,3.1415925,3.1415925,3.1415925,-2.9889433,0.0,0.0,0.0,0.0,0.0,0.0,0.0,0.0,0.0,0.0,0.0,-2.0344439,-1.8925469,0.7853982,1.19029,1.2490457,1.3439975,1.3854483,1.4141945,1.4758446,1.4758446,1.4758446,1.4659194,1.3961241,1.4288993,1.3909428,1.4464413,1.3258177,3.1415925,-2.2142975,-2.0344439,-2.070143,-2.1224513,-2.203545,-2.2531128,-2.2896264,-2.3561945
141,1760879478.50961,RX2,Walking,62,0.0,22.472204,17.492855,14.422205,9.433981,6.3245554,3.1622777,5.0990195,8.062258,11.18034,13.341663,15.297058,16.124516,16.03122,16.03122,14.0,12.0,9.0,5.0990195,2.236068,3.1622777,6.0827622,9.219544,11.401754,13.152946,15.033297,16.03122,0.0,0.0,0.0,0.0,0.0,0.0,0.0,0.0,0.0,0.0,0.0,9.055386,5.0990195,1.4142135,6.0,11.18034,16.27882,20.615528,24.041632,27.202942,27.202942,27.513634,26.24881,25.0,20.615528,16.492422,12.1655245,7.28011,2.236068,4.472136,9.486833,14.56022,18.027756,21.540659,24.166092,24.596748,25.059929,0.0,-0.5633162,-0.5404195,-0.5880026,-0.5585993,-0.32175055,0.32175055,1.3734008,1.6951513,1.7506498,1.7975951,1.7681919,1.6951513,1.6332152,1.6332152,1.5707964,1.5707964,1.5707964,1.7681919,2.0344439,-1.8925469,-1.735945,-1.7894653,-1.8370484,-1.7234457,-1.6373645,-1.6332152,0.0,0.0,0.0,0.0,0.0,0.0,0.0,0.0,0.0,0.0,0.0,0.11065722,0.19739556,2.3561945,3.1415925,-2.961739,-2.9562447,-2.896614,-2.8461518,-2.8430936,-2.8430936,-2.8083484,-2.8318896,-2.8577986,-2.896614,-2.896614,-2.976444,-2.863293,-2.6779451,-0.4636476,-0.32175055,-0.27829966,-0.33929262,-0.38050637,-0.4266275,-0.4636476,-0.49934673
142,1760879478.523788,RX2,Walking,62,0.0,21.37756,17.029385,14.035668,9.055386,6.0,2.828427,4.1231055,7.2111025,10.0,12.806249,14.422205,16.124516,15.652476,15.652476,13.928389,12.083046,9.848858,6.7082043,3.6055512,1.4142135,4.0,6.0827622,9.219544,11.18034,13.601471,13.928389,0.0,0.0,0.0,0.0,0.0,0.0,0.0,0.0,0.0,0.0,0.0,5.0,1.4142135,5.3851647,9.433981,15.0,18.439089,22.671568,24.758837,26.870058,26.870058,26.172506,24.04163,21.931713,18.439089,14.21267,10.0,5.0,1.4142135,5.0990195,9.219544,14.3178215,18.248287,20.099752,23.021729,23.0,23.021729,0.0,-0.18822151,-0.058755822,-0.071307465,-0.11065722,0.0,0.7853982,1.815775,2.158799,2.2142975,2.2455373,2.158799,2.0899425,2.0344439,2.0344439,1.9379702,1.9974238,1.9890207,2.0344439,2.158799,-2.3561945,-1.5707964,-1.4056476,-1.3521274,-1.3909428,-1.2722974,-1.2036225,0.0,0.0,0.0,0.0,0.0,0.0,0.0,0.0,0.0,0.0,0.0,0.6435011,2.3561945,-2.7610862,-2.5829933,-2.4980915,-2.4329665,-2.4186132,-2.3847582,-2.3561945,-2.3561945,-2.329174,-2.3561945,-2.3884413,-2.4329665,-2.4558632,-2.4980915,-2.4980915,-0.7853982,0.19739556,0.21866895,0.21109334,0.16514868,0.09966865,0.043450896,0.0,-0.043450896
143,1760879478.544944,RX2,Walking,62,0.0,22.090721,19.026297,15.033297,10.0,6.3245554,4.2426405,6.0,8.5440035,11.18034,13.416409,15.231546,16.552946,16.155495,16.155495,14.56022,13.341663,10.440307,7.28011,3.1622777,0.0,3.1622777,6.3245554,9.219544,11.401754,12.649111,13.928389,0.0,0.0,0.0,0.0,0.0,0.0,0.0,0.0,0.0,0.0,0.0,7.8102493,3.1622777,3.1622777,8.062258,12.806249,17.029387,21.213203,24.04163,26.172506,25.495098,26.172506,24.04163,21.931713,17.691807,14.21267,9.219544,4.2426405,1.0,6.3245554,10.440307,15.524176,19.416489,22.203604,24.08319,25.01999,25.0,0.0,3.050933,3.0890095,3.0750246,3.1415925,-2.819842,-2.3561945,-1.5707964,-1.2120256,-1.1071488,-1.1071488,-1.1659045,-1.1341692,-1.19029,-1.19029,-1.2924967,-1.3439975,-1.2793396,-1.2924967,-1.2490457,0.0,1.8925469,1.8925469,1.7894653,1.8370484,1.8925469,1.9379702,0.0,0.0,0.0,0.0,0.0,0.0,0.0,0.0,0.0,0.0,0.0,-2.4468544,-1.8925469,0.32175055,0.5191461,0.67474097,0.7022569,0.7853982,0.7853982,0.8124186,0.84089667,0.8124186,0.7853982,0.7531513,0.7454195,0.6857295,0.7086263,0.7853982,3.1415925,-2.819842,-2.8501358,-2.8809903,-2.9340963,-3.006065,-3.0584514,-3.101614,3.1415925
144,1760879478.559679,RX2,Walking,62,0.0,20.518286,17.691807,14.142136,9.899495,6.4031243,3.0,3.6055512,7.071068,9.055386,12.041595,14.142136,15.132746,15.297058,14.3178215,13.601471,11.704699,9.486833,6.3245554,3.1622777,1.0,3.6055512,6.7082043,8.944272,12.083046,12.999999,13.928389,0.0,0.0,0.0,0.0,0.0,0.0,0.0,0.0,0.0,0.0,0.0,5.0,1.0,5.0990195,10.0,15.033297,19.235384,22.36068,25.495096,26.683327,27.658632,26.476406,24.5153,21.213203,18.110771,14.035668,10.049876,5.0990195,1.0,5.8309517,9.848858,14.317821,17.888544,21.095022,23.021729,23.600847,23.600847,0.0,-0.81986725,-0.7454195,-0.7853982,-0.7853982,-0.67474097,0.0,0.98279375,1.4288993,1.4601392,1.487655,1.4288993,1.4382448,1.3734008,1.359703,1.2722974,1.2220253,1.2490457,1.2490457,1.2490457,3.1415925,-2.158799,-2.0344439,-2.0344439,-1.9974238,-1.9655875,-1.9379702,0.0,0.0,0.0,0.0,0.0,0.0,0.0,0.0,0.0,0.0,0.0,0.0,1.5707964,2.9441972,3.1415925,-3.0750246,-2.9849908,-2.961739,-2.9441972,-2.9147937,-2.9229238,-2.9516044,-2.9361973,-2.9996955,-3.0309355,-3.070285,-3.041924,-2.9441972,-1.5707964,-0.5404195,-0.41822433,-0.43240777,-0.4636476,-0.5485494,-0.6000502,-0.63502675,-0.63502675
145,1760879478.583185,RX2,Walking,62,0.0,18.110771,15.033297,12.041595,9.055386,6.0827622,3.6055512,3.0,5.8309517,7.2111025,10.0,10.816654,11.661903,11.661903,12.529964,11.18034,9.848858,8.062258,6.3245554,3.6055512,1.0,1.4142135,4.472136,6.3245554,8.944272,9.848858,11.661903,0.0,0.0,0.0,0.0,0.0,0.0,0.0,0.0,0.0,0.0,0.0,2.236068,2.236068,7.071068,10.0,13.60147,17.492855,19.723083,20.59126,22.825424,21.954498,21.470911,19.235384,17.0,13.892444,10.29563,6.7082043,3.1622777,2.0,6.3245554,9.848858,12.999999,15.811388,17.720043,20.615528,20.396078,21.213203,0.0,-1.4601392,-1.5042281,-1.487655,-1.4601392,-1.4056476,-0.98279375,0.0,0.5404195,0.5880026,0.6435011,0.5880026,0.5404195,0.5404195,0.49934673,0.4636476,0.41822433,0.5191461,0.32175055,0.5880026,0.0,-2.3561945,-2.6779451,-2.819842,-2.6779451,-2.7233684,-2.6011732,0.0,0.0,0.0,0.0,0.0,0.0,0.0,0.0,0.0,0.0,0.0,-0.4636476,2.0344439,2.3561945,2.4980915,2.5127964,2.6011732,2.6098685,2.634494,2.6387494,2.616797,2.6571147,2.6546934,2.6516354,2.6135182,2.634494,2.6779451,2.819842,-1.5707964,-1.2490457,-1.152572,-1.1760052,-1.2490457,-1.2847449,-1.3258177,-1.3734008,-1.4288993
146,1760879478.5859141,RX2,Walking,62,0.0,24.5153,20.615528,16.492422,11.704699,7.8102493,5.0990195,7.615773,10.0,14.21267,15.0,18.601074,19.416489,18.867962,18.867962,16.124516,14.764824,10.816654,7.2111025,4.2426405,2.236068,5.0,8.062258,11.18034,13.152946,15.297058,16.492422,0.0,0.0,0.0,0.0,0.0,0.0,0.0,0.0,0.0,0.0,0.0,8.5440035,4.0,4.1231055,8.602325,13.416409,19.697716,23.769728,27.513634,30.67572,30.67572,31.622776,28.79236,25.999998,21.931713,17.888544,11.661903,5.8309517,1.4142135,5.8309517,10.816654,17.492855,20.59126,24.166092,27.313,28.79236,28.160255,0.0,1.7761917,1.815775,1.815775,1.9195673,2.2655346,2.9441972,-2.7367008,-2.4980915,-2.4558632,-2.4980915,-2.508844,-2.5393052,-2.5829933,-2.5829933,-2.6224465,-2.6476512,-2.55359,-2.55359,-2.3561945,-0.4636476,0.0,0.124354996,0.1798535,0.15264933,0.19739556,0.24497867,0.0,0.0,0.0,0.0,0.0,0.0,0.0,0.0,0.0,0.0,0.0,2.782822,3.1415925,-1.3258177,-0.6202495,-0.4636476,-0.41822433,-0.38831872,-0.3332443,-0.33205947,-0.33205947,-0.32175055,-0.35470566,-0.39479113,-0.42285392,-0.4636476,-0.5404195,-0.5404195,0.7853982,2.1112158,2.158799,2.1112158,2.077895,1.9974238,1.9853032,1.925502,1.8588518
147,1760879478.5884988,RX2,Walking,62,0.0,22.825424,18.35756,15.264338,10.816654,7.2111025,5.0,7.2111025,9.219544,12.206555,15.811389,16.40122,17.804493,17.691807,16.27882,15.556349,13.453625,10.630146,7.8102493,2.828427,1.0,3.1622777,6.7082043,9.848858,11.661903,13.60147,15.0,0.0,0.0,0.0,0.0,0.0,0.0,0.0,0.0,0.0,0.0,0.0,7.071068,2.236068,4.2426405,9.848858,14.56022,19.416489,23.537203,27.294687,29.274565,30.265491,28.284271,27.294687,24.331049,19.416489,15.524176,10.440307,5.0990195,1.0,6.4031243,12.041595,15.556349,20.518286,23.430748,25.612497,27.20294,26.076809,0.0,2.0736396,2.0831857,2.1224513,2.158799,2.55359,3.1415925,-2.55359,-2.2794225,-2.1815224,-2.176341,-2.226492,-2.2367656,-2.3162158,-2.3127437,-2.3561945,-2.4087775,-2.2896264,-2.2655346,-2.3561945,0.0,0.32175055,0.4636476,0.41822433,0.5404195,0.6287963,0.6435011,0.0,0.0,0.0,0.0,0.0,0.0,0.0,0.0,0.0,0.0,0.0,2.9996955,-2.6779451,-0.7853982,-0.41822433,-0.27829966,-0.20749623,-0.21406068,-0.14707835,-0.13706617,-0.13255154,-0.14189705,-0.14707835,-0.16514868,-0.20749623,-0.26060238,-0.2914568,-0.19739556,1.5707964,2.4668517,2.4149504,2.3561945,2.3217254,2.2655346,2.2455373,2.1995926,2.1375256
148,1760879478.59123,RX2,Walking,67,0.0,10.816654,8.944272,7.0,8.062258,9.899495,12.806249,13.60147,15.0,15.0,14.866069,14.866069,14.866069,13.453625,11.313708,9.899495,7.8102493,5.8309517,5.0990195,7.071068,7.28011,8.246211,10.049876,11.045361,10.0,10.198039,9.848858,0.0,0.0,0.0,0.0,0.0,0.0,0.0,0.0,0.0,0.0,0.0,12.041595,15.0,16.03122,19.235384,20.615528,21.189621,21.931713,21.023798,20.248457,18.867962,17.20465,13.892444,12.083046,11.401754,9.0,9.486833,11.661903,12.041595,16.27882,19.104973,20.615528,21.400934,21.400934,21.260292,19.104973,16.970562,0.0,0.5880026,0.4636476,0.0,-0.5191461,-0.7853982,-0.8960554,-0.94200003,-0.9272952,-0.9272952,-0.8329813,-0.8329813,-0.8329813,-0.7328151,-0.7853982,-0.7853982,-0.87605804,-1.0303768,-1.3734008,-1.7126933,-1.849096,-1.815775,-1.670465,-1.6614562,-1.5707964,-1.3734008,-1.152572,0.0,0.0,0.0,0.0,0.0,0.0,0.0,0.0,0.0,0.0,0.0,1.487655,1.5707964,1.6332152,1.7273982,1.815775,1.9074712,1.9936502,2.0131705,2.145101,2.1293957,2.1910458,2.0988708,1.9974238,1.8370484,1.5707964,1.2490457,1.0303768,0.844154,0.7419473,0.74837804,0.68231654,0.65284663,0.65284663,0.71883,0.74837804,0.7853982
149,1760879478.5939488,RX2,Walking,62,0.0,9.486833,12.649111,13.928389,14.86607,15.652476,14.764824,13.892444,13.038404,10.0,7.8102493,6.4031243,3.6055512,1.0,2.828427,5.656854,8.485281,9.899495,12.041595,13.453625,13.453625,14.866069,13.453625,12.7279215,11.313708,9.899495,8.485281,0.0,0.0,0.0,0.0,0.0,0.0,0.0,0.0,0.0,0.0,0.0,16.763054,17.262676,17.029385,16.0,14.035668,12.1655245,8.246211,5.0990195,2.0,2.236068,5.3851647,8.944272,11.704699,13.928389,14.86607,16.763054,16.492422,16.492422,15.297058,14.142136,12.1655245,9.055386,7.071068,4.1231055,1.0,3.1622777,0.0,-1.8925469,-1.8925469,-1.9379702,-1.9138203,-2.0344439,-2.0647378,-2.0988708,-2.1375256,-2.2142975,-2.2655346,-2.2455373,-2.55359,3.1415925,0.7853982,0.7853982,0.7853982,0.7853982,0.7266423,0.7328151,0.7328151,0.7378151,0.7328151,0.7853982,0.7853982,0.7853982,0.7853982,0.0,0.0,0.0,0.0,0.0,0.0,0.0,0.0,0.0,0.0,0.0,-1.8736812,-1.7454685,-1.6295521,-1.5707964,-1.4994888,-1.4056476,-1.3258177,-1.3734008,-1.5707964,2.0344439,1.9513026,2.0344439,1.9195673,1.9379702,1.9138203,1.8736812,1.815775,1.815775,1.7681919,1.7126933,1.735945,1.6814536,1.7126933,1.815775,3.1415925,-1.8925469
150,1760879478.5960262,RX2,Walking,62,0.0,10.049876,13.038405,15.132746,16.124516,16.27882,15.524176,14.56022,12.649111,10.770329,7.615773,4.472136,2.236068,2.0,5.0990195,8.944272,11.18034,13.892444,15.264338,17.0,17.492855,17.0,16.124516,14.764824,12.529964,10.816654,8.602325,0.0,0.0,0.0,0.0,0.0,0.0,0.0,0.0,0.0,0.0,0.0,17.117243,18.027758,18.248287,17.46425,16.763054,13.928389,11.18034,7.2111025,3.6055512,1.0,4.472136,9.433981,12.529964,15.264338,17.492855,19.235384,20.124613,19.697716,18.788294,17.088007,15.811388,12.649111,9.486833,5.3851647,1.4142135,3.1622777,0.0,-0.09966865,-0.07677189,-0.13255154,-0.124354996,-0.18534794,-0.26060238,-0.27829966,-0.32175055,-0.38050637,-0.4048918,-0.4636476,-1.1071488,3.1415925,2.9441972,2.6779451,2.6779451,2.6135182,2.5899377,2.6516354,2.6011732,2.6516354,2.6224465,2.6476512,2.642246,2.55359,2.5213432,0.0,0.0,0.0,0.0,0.0,0.0,0.0,0.0,0.0,0.0,0.0,-0.11710875,0.055498507,0.16514868,0.23109066,0.30288488,0.36717382,0.4636476,0.5880026,0.5880026,3.1415925,-2.6779451,-2.5829933,-2.642246,-2.5899377,-2.6011732,-2.6546934,-2.6779451,-2.7233684,-2.70175,-2.782822,-2.819842,-2.819842,-2.819842,-2.7610862,-2.3561945,-0.32175055
151,1760879478.5982132,RX2,Walking,62,0.0,19.416489,19.235384,20.22375,18.248287,16.27882,14.3178215,11.18034,8.246211,5.3851647,2.828427,2.828427,5.0990195,8.062258,10.198039,13.152946,14.3178215,15.297058,15.524176,15.811388,13.928389,12.083046,9.848858,8.5440035,6.3245554,4.0,3.6055512,0.0,0.0,0.0,0.0,0.0,0.0,0.0,0.0,0.0,0.0,0.0,16.643316,14.317821,12.649111,9.219544,5.0990195,2.236068,5.0,8.485281,12.041595,16.27882,19.104973,21.260292,22.803509,22.803509,21.400934,20.808653,18.601074,15.620499,12.806249,9.219544,5.8309517,3.1622777,5.3851647,9.0,12.041595,14.142136,0.0,1.3633001,1.4141945,1.4219064,1.4056476,1.3854483,1.359703,1.3909428,1.3258177,1.19029,0.7853982,-0.7853982,-1.3734008,-1.4464413,-1.3734008,-1.418147,-1.359703,-1.3734008,-1.3101939,-1.2490457,-1.2036225,-1.1441689,-1.152572,-1.2120256,-1.2490457,-1.5707964,-2.158799,0.0,0.0,0.0,0.0,0.0,0.0,0.0,0.0,0.0,0.0,0.0,-0.57133746,-0.43240777,-0.32175055,-0.21866895,-0.19739556,-1.1071488,-2.2142975,-2.3561945,-2.4149504,-2.3996453,-2.3191743,-2.2896264,-2.2318394,-2.2318394,-2.223643,-2.1854594,-2.203545,-2.2655346,-2.2455373,-2.4329665,-2.6011732,2.819842,1.9513026,1.5707964,1.487655,1.4288993
152,1760879478.610697,RX2,Walking,68,0.0,18.384775,17.029387,14.866069,10.630146,8.602325,6.3245554,6.0,7.615773,8.5440035,10.29563,10.816654,11.18034,11.18034,11.18034,11.401754,11.18034,9.0,7.0,7.0,5.0990195,5.0990195,5.0990195,4.472136,5.3851647,5.0990195,6.0,0.0,0.0,0.0,0.0,0.0,0.0,0.0,0.0,0.0,0.0,0.0,15.297058,14.3178215,16.03122,16.03122,19.026297,21.023798,23.194828,25.495096,25.96151,26.24881,24.698177,24.166092,22.36068,18.788294,16.155495,13.928389,12.1655245,11.045361,12.083046,13.60147,15.556349,17.804493,19.209373,20.615528,21.260292,20.518286,0.0,2.3561945,2.4393358,2.4037776,2.4227626,2.1910458,1.8925469,1.5707964,1.1659045,1.2120256,1.0636978,0.98279375,1.1071488,1.1071488,1.1071488,1.3045443,1.3909428,1.5707964,1.5707964,1.5707964,1.3734008,1.3734008,1.3734008,1.1071488,1.19029,1.3734008,1.5707964,0.0,0.0,0.0,0.0,0.0,0.0,0.0,0.0,0.0,0.0,0.0,-2.9441972,-2.9304993,-3.0791738,-3.0791738,-3.0890095,-3.0940096,-3.0118902,-2.9441972,-2.868584,-2.8318896,-2.768605,-2.714965,-2.6779451,-2.70175,-2.7610862,-2.7744188,-2.976444,3.050933,2.714965,2.5127964,2.3561945,2.2367656,2.2455373,2.2531128,2.2896264,2.3217254
153,1760879478.900202,RX2,Walking,56,0.0,15.033297,10.049876,6.3245554,2.236068,4.2426405,6.7082043,10.770329,13.601471,14.56022,16.492422,16.27882,16.27882,16.124516,15.132746,14.142136,12.0,9.055386,7.071068,5.0990195,3.6055512,4.1231055,6.0,7.28011,9.219544,11.18034,12.041595,0.0,0.0,0.0,0.0,0.0,0.0,0.0,0.0,0.0,0.0,0.0,8.0,11.18034,13.601471,16.124516,18.601074,19.209373,19.104973,19.849434,18.601074,16.643316,15.264338,10.816654,8.062258,3.6055512,3.0,5.3851647,7.071068,11.045361,15.033297,18.0,21.0,22.022717,24.0,23.021729,22.022717,20.024984,0.0,1.5042281,1.4711276,1.2490457,0.4636476,-0.7853982,-1.1071488,-1.19029,-1.2722974,-1.2924967,-1.3258177,-1.3854483,-1.3854483,-1.4464413,-1.4382448,-1.4288993,-1.5707964,-1.4601392,-1.7126933,-1.7681919,-2.55359,-2.896614,3.1415925,2.863293,2.9229238,2.961739,3.0584514,0.0,0.0,0.0,0.0,0.0,0.0,0.0,0.0,0.0,0.0,0.0,3.1415925,-2.961739,-2.8430936,-2.6224465,-2.508844,-2.4668517,-2.3191743,-2.284887,-2.203545,-2.1421337,-2.1224513,-2.158799,-2.0899425,-2.55359,3.1415925,1.9513026,1.7126933,1.6614562,1.6373645,1.5707964,1.5707964,1.5253731,1.5707964,1.5273454,1.5253731,1.5208379
154,1760879478.994889,RX2,Walking,75,0.0,7.28011,8.246211,12.649111,14.86607,16.552946,17.888544,17.888544,18.027756,13.453625,16.27882,12.041595,9.219544,7.2111025,6.3245554,3.1622777,1.4142135,2.236068,8.062258,12.041595,7.8102493,13.601471,12.0,14.86607,12.1655245,14.86607,13.038404,0.0,0.0,0.0,0.0,0.0,0.0,0.0,0.0,0.0,0.0,0.0,21.954498,21.470911,21.954498,21.633308,19.416489,18.439089,17.029387,13.038404,11.18034,9.219544,7.28011,10.29563,8.944272,11.401754,12.041595,14.142136,15.524176,16.155495,19.313208,17.888544,17.0,14.764824,12.529964,10.770329,8.062258,6.7082043,0.0,-1.2924967,-1.3258177,-1.2490457,-1.2277724,-1.1341692,-1.1071488,-1.1071488,-0.98279375,-0.8379812,-0.8288491,-0.844154,-0.86217004,-0.5880026,-0.32175055,-0.32175055,0.7853982,-0.4636476,1.6951513,2.2974386,2.2655346,2.8430936,3.1415925,2.7985687,-2.976444,2.7985687,-2.5748634,0.0,0.0,0.0,0.0,0.0,0.0,0.0,0.0,0.0,0.0,0.0,-0.5247958,-0.48447794,-0.5247958,-0.5880026,-0.60228735,-0.7086263,-0.8685394,-1.0040671,-1.1071488,-1.3521274,-1.849096,-2.077895,-2.6779451,-2.8753407,-3.0584514,2.9996955,2.8809903,2.7610862,2.7707014,2.6779451,2.6516354,2.6476512,2.642246,2.7610862,3.0172377,-2.6779451
155,1760879479.043617,RX2,Walking,56,0.0,24.020824,24.0,21.0,19.0,14.0,11.0,7.071068,3.6055512,3.1622777,6.4031243,10.0,13.60147,15.264338,16.643316,17.804493,17.804493,17.029387,15.556349,13.453625,10.630146,7.8102493,5.0,4.0,3.1622777,6.4031243,9.219544,0.0,0.0,0.0,0.0,0.0,0.0,0.0,0.0,0.0,0.0,0.0,11.661903,9.219544,5.656854,3.6055512,2.828427,6.3245554,9.219544,13.601471,16.155495,19.235384,21.095022,21.633308,22.203604,21.400934,19.209373,17.029387,13.60147,10.29563,6.3245554,5.3851647,6.3245554,10.049876,14.035668,17.117243,21.095024,23.086792,0.0,3.09995,3.1415925,3.1415925,3.1415925,3.1415925,3.1415925,2.9996955,2.55359,1.2490457,0.8960554,0.6435011,0.6287963,0.551655,0.57133746,0.66596925,0.66596925,0.7022569,0.7853982,0.8379812,0.8519663,0.87605804,0.6435011,0.0,-0.32175055,-0.8960554,-0.86217004,0.0,0.0,0.0,0.0,0.0,0.0,0.0,0.0,0.0,0.0,0.0,0.5404195,0.7086263,0.7853982,0.5880026,-0.7853982,-1.2490457,-1.3521274,-1.2722974,-1.19029,-1.0838971,-1.022247,-0.98279375,-0.9453113,-0.9179497,-0.8960554,-0.8685394,-0.94200003,-1.0636978,-1.2490457,-1.9513026,-2.819842,-3.041924,3.070285,3.024484,3.0466409,3.0548544
156,1760879479.074165,RX2,Walking,75,0.0,24.04163,19.104973,19.209373,14.866069,12.041595,9.899495,4.472136,2.0,3.0,8.485281,11.661903,14.422205,17.0,18.027756,21.023798,18.867962,16.124516,15.652476,12.999999,9.055386,8.0,5.3851647,5.0,8.5440035,9.055386,9.055386,0.0,0.0,0.0,0.0,0.0,0.0,0.0,0.0,0.0,0.0,0.0,13.416409,14.422205,14.764824,17.0,17.492855,17.492855,17.888544,17.492855,16.643316,17.20465,13.60147,13.892444,12.041595,10.630146,8.602325,4.2426405,2.828427,2.236068,2.0,5.0990195,7.8102493,11.18034,13.453625,13.892444,16.27882,17.20465,0.0,-0.7853982,-0.8224183,-0.67474097,-0.8329813,-0.7266423,-0.7853982,-0.4636476,1.5707964,1.5707964,2.3561945,2.1112158,2.158799,2.0607536,2.158799,2.0131705,2.1293957,2.0899425,2.0344439,1.9655875,1.6814536,1.5707964,1.19029,0.6435011,0.35877067,0.11065722,0.11065722,0.0,0.0,0.0,0.0,0.0,0.0,0.0,0.0,0.0,0.0,0.0,2.0344439,2.158799,2.0647378,2.0607536,2.1112158,2.1112158,2.0344439,2.1112158,2.1421337,2.1910458,2.1995926,2.0988708,2.2974386,2.2896264,2.1910458,2.3561945,2.3561945,2.0344439,-1.5707964,-1.3734008,-0.87605804,-1.1071488,-0.8379812,-1.0427219,-0.7419473,-0.6202495
157,1760879479.174873,RX2,Walking,79,0.0,10.198039,9.0,9.055386,4.0,1.4142135,3.6055512,7.28011,9.848858,12.649111,17.029385,18.248287,21.095024,7.2111025,13.601471,13.892444,12.206555,7.8102493,8.062258,6.0827622,10.29563,14.422205,16.40122,18.027756,19.209373,19.416489,18.867962,0.0,0.0,0.0,0.0,0.0,0.0,0.0,0.0,0.0,0.0,0.0,26.925825,27.784887,26.925823,24.351591,22.135942,19.313208,17.888544,12.206555,10.0,9.486833,8.0,9.219544,10.29563,10.630146,10.630146,12.041595,10.630146,10.630146,11.313708,9.433981,8.062258,8.5440035,8.062258,11.313708,9.433981,9.486833,0.0,-0.19739556,0.0,0.11065722,0.0,2.3561945,2.158799,2.863293,2.7233684,2.819842,3.0828369,2.976444,3.0466409,2.55359,2.8430936,2.6135182,2.5308666,2.2655346,2.0899425,1.4056476,1.0636978,0.98279375,0.9151007,0.98279375,0.8960554,0.96850896,1.012197,0.0,0.0,0.0,0.0,0.0,0.0,0.0,0.0,0.0,0.0,0.0,-0.5467888,-0.52807444,-0.38050637,-0.33473682,-0.32175055,-0.37089127,-0.4636476,-0.61072594,-0.9272952,-1.2490457,-1.5707964,-1.7894653,-2.077895,-2.2896264,-2.2896264,-2.2974386,-2.4227626,-2.2896264,-2.3561945,-2.1293957,-1.6951513,-1.2120256,-1.0516502,-0.7853982,-0.5585993,-0.32175055
158,1760879479.264111,RX2,Walking,58,0.0,13.928389,13.928389,18.681541,18.384775,18.384775,20.248457,17.464249,15.652476,12.083046,8.944272,6.7082043,4.1231055,1.4142135,2.828427,5.656854,7.8102493,9.433981,10.29563,11.661903,11.661903,12.083046,10.770329,9.486833,9.219544,6.0,5.0,0.0,0.0,0.0,0.0,0.0,0.0,0.0,0.0,0.0,0.0,0.0,13.453625,13.60147,12.529964,10.770329,9.848858,7.28011,5.3851647,2.0,2.236068,5.0,8.062258,11.045361,13.038405,15.0,16.0,16.0,16.03122,16.03122,16.124516,15.132746,12.369316,9.219544,5.0,2.236068,10.049876,6.7082043,0.0,-1.9379702,-1.2036225,-1.8417432,-1.9614034,-1.9614034,-1.9237868,-1.9832067,-2.0344439,-1.9974238,-2.0344439,-2.0344439,-1.815775,-0.7853982,0.7853982,0.7853982,0.87605804,1.012197,1.0636978,1.0303768,1.0303768,1.1441689,1.19029,1.2490457,1.3521274,1.5707964,1.5707964,0.0,0.0,0.0,0.0,0.0,0.0,0.0,0.0,0.0,0.0,0.0,-2.3036115,-2.1995926,-2.070143,-1.9513026,-1.9890207,-1.849096,-1.9513026,-1.5707964,2.0344439,1.5707964,1.6951513,1.6614562,1.6475682,1.5707964,1.5707964,1.5707964,1.5083776,1.5083776,1.4464413,1.4382448,1.3258177,1.3521274,1.5707964,2.0344439,-1.670465,-2.0344439
159,1760879479.308757,RX2,Walking,76,0.0,10.630146,8.602325,5.0,2.236068,8.944272,12.041595,12.1655245,18.248287,15.811388,15.524176,15.297058,12.1655245,9.055386,7.071068,5.0,4.1231055,6.7082043,11.18034,15.652476,16.155495,18.681541,19.416489,17.117243,16.03122,14.0,14.3178215,0.0,0.0,0.0,0.0,0.0,0.0,0.0,0.0,0.0,0.0,0.0,22.671568,19.104973,13.453625,9.219544,7.071068,7.071068,10.816654,11.401754,14.21267,13.60147,15.620499,16.643316,15.620499,10.816654,9.848858,5.8309517,5.0,2.0,2.828427,8.485281,12.041595,16.40122,16.40122,17.029387,15.264338,16.643316,0.0,-2.2896264,-2.1910458,-2.4980915,2.0344439,2.0344439,1.6539376,1.735945,1.735945,1.8925469,1.8313987,1.7681919,1.735945,1.6814536,1.4288993,0.9272952,-0.24497867,-0.4636476,-0.4636476,-0.4636476,-0.38050637,-0.27094686,-0.20749623,-0.11710875,-0.06241881,0.0,-0.21109334,0.0,0.0,0.0,0.0,0.0,0.0,0.0,0.0,0.0,0.0,0.0,2.2937756,2.3932147,2.3036115,2.2794225,1.7126933,1.4288993,0.98279375,0.90975314,0.8850668,0.94200003,0.87605804,0.99945885,0.87605804,0.98279375,1.152572,1.0303768,1.5707964,3.1415925,-2.3561945,-2.3561945,-2.2974386,-2.226492,-2.226492,-2.2730532,-2.1224513,-2.1421337
160,1760879479.31148,RX2,Walking,59,0.0,7.615773,12.0,14.0,16.124516,17.0,17.029385,17.0,16.03122,12.0,10.049876,9.0,7.0,5.0990195,3.6055512,3.1622777,4.1231055,7.2111025,8.062258,8.944272,9.848858,11.704699,10.440307,10.049876,10.0,8.0,7.28011,0.0,0.0,0.0,0.0,0.0,0.0,0.0,0.0,0.0,0.0,0.0,16.124516,17.029385,16.492422,15.811388,13.416409,12.083046,11.661903,8.062258,6.0,5.8309517,7.8102493,10.0,12.529964,16.124516,17.0,17.888544,18.867962,19.416489,21.095022,18.867962,16.643316,15.264338,13.416409,9.486833,7.0,6.7082043,0.0,0.4048918,0.0,0.0,0.124354996,0.0,0.058755822,0.0,0.06241881,0.0,0.09966865,0.0,0.0,-0.19739556,-0.5880026,-1.2490457,-1.815775,-2.158799,-2.0899425,-2.0344439,-1.9890207,-1.9195673,-1.8622531,-1.670465,-1.5707964,-1.5707964,-1.2924967,0.0,0.0,0.0,0.0,0.0,0.0,0.0,0.0,0.0,0.0,0.0,3.0172377,-3.0828369,-2.896614,-2.819842,-2.6779451,-2.714965,-2.6011732,-2.6224465,3.1415925,2.6011732,2.2655346,2.2142975,2.070143,2.0899425,2.0607536,2.0344439,2.1293957,2.1730838,2.1193457,2.1293957,2.1421337,2.1224513,2.0344439,1.8925469,1.5707964,1.1071488
161,1760879479.399748,RX2,Walking,73,0.0,27.802877,26.172506,25.455843,20.518286,16.970562,13.453625,7.8102493,3.1622777,1.0,5.656854,8.062258,10.29563,13.038404,15.652476,15.652476,16.155495,14.56022,12.649111,9.0,8.0,8.0,3.1622777,2.236068,1.0,2.0,2.0,0.0,0.0,0.0,0.0,0.0,0.0,0.0,0.0,0.0,0.0,0.0,17.0,14.764824,10.29563,7.2111025,6.3245554,7.28011,10.0,12.806249,15.556349,19.104973,20.518286,21.213203,19.79899,19.849434,19.104973,14.866069,12.041595,10.0,5.8309517,2.0,4.2426405,9.219544,13.453625,17.804493,20.615528,24.758837,0.0,-2.483704,-2.383215,-2.3561945,-2.3906636,-2.3561945,-2.4087775,-2.2655346,-2.819842,1.5707964,0.7853982,1.0516502,1.0636978,1.0040671,1.1071488,1.1071488,1.19029,1.2924967,1.2490457,1.5707964,1.5707964,1.5707964,1.8925469,2.0344439,-1.5707964,-1.5707964,-1.5707964,0.0,0.0,0.0,0.0,0.0,0.0,0.0,0.0,0.0,0.0,0.0,2.6516354,2.6476512,2.634494,2.55359,1.8925469,1.2924967,0.9272952,0.8960554,0.7853982,0.8224183,0.81986725,0.7853982,0.7853982,0.7140907,0.74837804,0.7378151,0.7266423,0.6435011,0.5404195,0.0,-2.3561945,-2.2794225,-2.4087775,-2.4756234,-2.4592762,-2.3847582
162,1760879479.484829,RX2,Walking,60,0.0,5.0,3.6055512,5.0,7.615773,10.816654,13.60147,15.0,16.40122,17.029387,17.029387,16.27882,14.866069,12.7279215,10.630146,8.602325,5.3851647,4.0,4.2426405,5.3851647,8.246211,10.198039,11.18034,12.369316,12.649111,12.999999,12.529964,0.0,0.0,0.0,0.0,0.0,0.0,0.0,0.0,0.0,0.0,0.0,13.038404,16.27882,19.104973,20.248457,21.470911,21.540659,21.189621,19.646885,17.46425,14.3178215,10.440307,6.7082043,4.472136,6.3245554,9.219544,12.041595,15.0,18.027756,20.248457,21.095022,21.954498,21.954498,21.470911,19.235384,17.0,14.317821,0.0,1.5707964,0.98279375,0.0,-0.4048918,-0.5880026,-0.6287963,-0.6435011,-0.6556956,-0.7022569,-0.7022569,-0.7419473,-0.7378151,-0.7853982,-0.8519663,-0.95054686,-1.19029,-1.5707964,-2.3561945,-2.7610862,-2.896614,-2.9441972,-2.961739,-2.896614,-2.819842,-2.7468016,-2.642246,0.0,0.0,0.0,0.0,0.0,0.0,0.0,0.0,0.0,0.0,0.0,-2.5748634,-2.3996453,-2.3191743,-2.145101,-2.0552742,-1.9513026,-1.9074712,-1.82812,-1.801887,-1.7818897,-1.8622531,-2.0344439,-2.6779451,2.819842,2.4329665,2.2974386,2.2142975,2.158799,2.145101,2.1193457,2.095592,2.095592,2.0552742,2.0576956,2.0607536,2.003204
163,1760879479.5260632,RX2,Walking,74,0.0,25.298222,23.086794,23.409397,20.615528,18.973665,18.384775,13.416409,8.5440035,5.3851647,1.0,5.3851647,8.944272,10.29563,12.529964,14.422205,15.264338,13.892444,14.422205,12.041595,9.899495,7.8102493,5.3851647,3.0,3.6055512,4.472136,4.1231055,0.0,0.0,0.0,0.0,0.0,0.0,0.0,0.0,0.0,0.0,0.0,22.135942,21.023798,17.888544,16.124516,11.661903,9.433981,5.0,2.236068,3.6055512,8.485281,12.041595,14.21267,16.40122,18.35756,17.888544,17.464249,15.524176,13.601471,12.1655245,11.18034,6.0827622,1.4142135,2.236068,9.219544,12.649111,15.524176,0.0,1.2490457,1.2627436,1.2220253,1.1722739,1.2490457,1.1801893,1.1071488,1.2120256,1.19029,1.5707964,-2.7610862,-2.6779451,-2.634494,-2.642246,-2.55359,-2.5899377,-2.6135182,-2.55359,-2.4149504,-2.3561945,-2.4468544,-1.9513026,-1.5707964,-0.98279375,-0.4636476,0.24497867,0.0,0.0,0.0,0.0,0.0,0.0,0.0,0.0,0.0,0.0,0.0,1.8925469,2.0131705,2.0344439,2.0899425,2.1112158,2.1293957,2.2142975,-1.1071488,-0.98279375,-0.7853982,-0.7266423,-0.8850668,-0.9151007,-1.0584068,-1.1071488,-1.1583859,-1.3101939,-1.2722974,-1.4056476,-1.3909428,-1.4056476,-0.7853982,1.1071488,1.3521274,1.2490457,1.3101939
164,1760879479.632589,RX2,Walking,73,0.0,12.999999,14.035668,11.18034,8.246211,9.055386,8.0,5.0990195,2.0,4.1231055,7.28011,8.062258,7.8102493,13.60147,12.529964,16.40122,12.529964,13.038404,10.816654,11.661903,12.806249,9.848858,4.472136,3.1622777,3.6055512,5.8309517,7.28011,0.0,0.0,0.0,0.0,0.0,0.0,0.0,0.0,0.0,0.0,0.0,9.055386,7.071068,11.045361,14.142136,16.124516,16.03122,16.124516,19.0,18.110771,16.27882,17.0,12.1655245,12.041595,9.055386,4.1231055,4.0,1.4142135,3.1622777,3.6055512,2.828427,10.440307,9.848858,12.206555,14.142136,8.944272,12.649111,0.0,1.1760052,1.6421038,1.3909428,1.3258177,1.4601392,1.5707964,1.7681919,3.1415925,-2.896614,-2.863293,-1.6951513,-2.4468544,-2.1995926,-2.070143,-2.226492,-2.070143,-2.1375256,-2.158799,-2.1112158,-2.2455373,-2.7233684,-2.6779451,-2.819842,2.158799,2.1112158,1.849096,0.0,0.0,0.0,0.0,0.0,0.0,0.0,0.0,0.0,0.0,0.0,-1.4601392,-1.4288993,-1.4801364,-1.7126933,-1.6951513,-1.5083776,-1.4464413,-1.5707964,-1.6814536,-1.7561443,-1.5707964,-1.735945,-1.6539376,-1.6814536,-1.815775,-1.5707964,-2.3561945,2.819842,0.98279375,0.7853982,1.2793396,1.152572,0.9600704,1.4288993,1.1071488,1.2490457
165,1760879479.724749,RX2,Walking,85,0.0,15.231546,14.142136,14.422205,15.620499,13.416409,18.384775,22.36068,20.880613,14.035668,9.899495,12.083046,10.770329,15.811388,16.492422,14.317821,11.704699,10.440307,8.246211,3.6055512,11.401754,7.8102493,8.602325,9.848858,10.198039,8.062258,5.8309517,0.0,0.0,0.0,0.0,0.0,0.0,0.0,0.0,0.0,0.0,0.0,4.0,8.602325,2.828427,5.3851647,1.0,2.236068,7.2111025,7.8102493,6.4031243,7.071068,13.038405,4.0,5.0,14.0,12.7279215,13.892444,10.0,12.649111,20.615528,4.472136,9.055386,18.601074,12.0,17.691807,19.723083,18.384775,0.0,2.7367008,2.3561945,2.55359,2.2655346,2.6779451,2.7509856,2.961739,2.8501358,3.070285,2.3561945,2.714965,2.7610862,2.819842,2.896614,2.709185,-2.7928216,-2.8501358,2.896614,2.55359,-2.4805496,2.4468544,2.5213432,2.7233684,2.9441972,2.6224465,2.6011732,0.0,0.0,0.0,0.0,0.0,0.0,0.0,0.0,0.0,0.0,0.0,3.1415925,-2.1910458,2.3561945,-1.9513026,-1.5707964,1.1071488,0.5880026,2.4468544,2.2455373,1.4288993,1.6475682,3.1415925,2.4980915,3.1415925,2.3561945,2.0988708,2.4980915,-2.819842,2.4592762,2.0344439,1.4601392,2.203545,1.5707964,2.3961732,2.6098685,2.3561945
166,1760879479.74091,RX2,Walking,87,0.0,15.264338,14.422205,14.21267,17.492855,15.811389,17.464249,13.892444,15.652476,17.492855,10.198039,12.649111,9.055386,11.18034,11.045361,11.661903,11.18034,16.124516,12.1655245,9.0,7.071068,4.2426405,8.485281,7.071068,11.401754,5.8309517,4.472136,0.0,0.0,0.0,0.0,0.0,0.0,0.0,0.0,0.0,0.0,0.0,10.198039,7.071068,9.0,7.2111025,9.219544,10.0,8.944272,11.313708,4.472136,3.6055512,7.615773,6.4031243,6.0827622,7.28011,7.0,16.03122,15.811388,11.045361,13.601471,6.7082043,10.0,21.213203,15.231546,23.345234,22.627417,19.416489,0.0,1.0191413,0.5880026,0.8850668,0.5404195,0.6055447,0.41241044,0.52807444,0.4636476,0.5404195,-0.19739556,0.32175055,-0.11065722,0.4636476,-0.09065989,-0.5404195,-0.4636476,-0.124354996,-0.16514868,0.0,-0.14189705,-0.7853982,-0.7853982,-0.7853982,-0.90975314,-0.5404195,-1.1071488,0.0,0.0,0.0,0.0,0.0,0.0,0.0,0.0,0.0,0.0,0.0,-1.7681919,-2.3561945,3.1415925,-0.98279375,-0.7086263,0.0,1.1071488,2.3561945,2.0344439,2.55359,2.7367008,0.67474097,1.735945,1.2924967,1.5707964,1.5083776,1.2490457,1.6614562,1.2722974,1.1071488,0.6435011,0.7853982,0.4048918,0.7551044,0.7853982,0.96850896
167,1760879479.762027,RX2,Walking,86,0.0,14.866069,16.124516,18.027756,14.866069,20.124613,14.86607,15.231546,22.825424,13.892444,17.46425,15.231546,19.209373,13.453625,13.892444,14.422205,13.601471,12.806249,11.18034,9.899495,5.8309517,8.602325,7.28011,5.8309517,5.8309517,6.3245554,7.2111025,0.0,0.0,0.0,0.0,0.0,0.0,0.0,0.0,0.0,0.0,0.0,5.656854,2.0,7.2111025,7.0,11.704699,9.848858,11.401754,4.0,4.2426405,10.630146,7.2111025,12.041595,8.485281,7.28011,6.0827622,8.062258,15.264338,14.86607,17.0,10.816654,15.811389,13.453625,15.0,17.691807,17.804493,17.464249,0.0,-2.3086114,-2.0899425,-2.158799,-2.4037776,-2.0344439,-1.9138203,-1.9756881,-2.0736396,-2.0988708,-1.801887,-1.9756881,-2.2455373,-2.3036115,-2.0988708,-2.158799,-1.8692952,-2.2455373,-2.6779451,-2.3561945,-2.1112158,-2.5213432,-1.849096,-2.1112158,2.6011732,2.819842,-2.55359,0.0,0.0,0.0,0.0,0.0,0.0,0.0,0.0,0.0,0.0,0.0,-0.7853982,1.5707964,0.5880026,3.1415925,-2.7928216,-2.7233684,2.2318394,-1.5707964,-2.3561945,-2.2896264,-0.98279375,-1.487655,-2.3561945,-1.849096,-1.735945,-2.6224465,-2.1224513,-1.9138203,-2.0607536,-2.158799,-2.176341,-2.4087775,-1.5707964,-2.3961732,-2.4756234,-1.9832067
168,1760879479.779316,RX2,Walking,86,0.0,23.853722,20.808653,21.260292,21.260292,21.213203,23.430748,23.345234,21.260292,13.892444,25.553865,14.866069,17.029387,14.422205,14.866069,17.20465,13.453625,12.806249,15.620499,14.866069,11.661903,10.29563,9.433981,4.1231055,2.236068,12.529964,7.615773,0.0,0.0,0.0,0.0,0.0,0.0,0.0,0.0,0.0,0.0,0.0,8.5440035,5.0,7.28011,6.4031243,5.8309517,7.071068,4.0,3.0,7.8102493,10.770329,7.8102493,8.062258,9.899495,6.3245554,9.433981,11.313708,13.038404,18.439089,15.620499,16.27882,14.142136,18.601074,19.104973,18.384775,21.931713,22.627417,0.0,-2.1471715,-2.5269296,-2.2896264,-2.2896264,-2.3561945,-2.4468544,-2.3259008,-2.2896264,-2.0988708,-2.1045046,-2.4037776,-2.4393358,-2.55359,-2.3086114,-2.5213432,-2.3036115,-2.4668517,-2.2655346,-2.4037776,-2.6011732,-2.634494,-2.5829933,-2.896614,-2.6779451,-2.642246,-2.7367008,0.0,0.0,0.0,0.0,0.0,0.0,0.0,0.0,0.0,0.0,0.0,-1.2120256,-1.5707964,-1.2924967,0.67474097,2.1112158,2.3561945,3.1415925,3.1415925,-2.4468544,-2.7610862,-2.4468544,-2.6224465,-2.3561945,-2.819842,-2.5829933,-2.3561945,-2.5748634,-2.4329665,-2.4468544,-2.3996453,-2.3561945,-2.508844,-2.3191743,-2.3561945,-2.3239477,-2.3561945
169,1760879479.804131,RX2,Walking,58,0.0,23.430748,22.803509,20.0,17.029387,12.806249,10.0,5.3851647,1.4142135,4.1231055,7.615773,11.18034,13.416409,15.652476,17.0,17.888544,17.0,16.124516,13.892444,11.661903,9.433981,5.8309517,3.1622777,1.4142135,4.1231055,6.3245554,9.219544,0.0,0.0,0.0,0.0,0.0,0.0,0.0,0.0,0.0,0.0,0.0,10.440307,7.28011,3.6055512,1.0,5.8309517,9.899495,14.866069,17.804493,20.808653,23.021729,24.698177,24.698177,23.853722,22.472204,19.416489,16.40122,12.041595,7.8102493,4.472136,3.1622777,6.3245554,11.18034,15.264338,18.867962,20.808653,23.021729,0.0,2.4468544,2.4805496,2.4980915,2.4393358,2.4668517,2.4980915,2.7610862,-2.3561945,-1.3258177,-1.1659045,-1.1071488,-1.1071488,-1.1071488,-1.080839,-1.1071488,-1.080839,-1.0516502,-1.0427219,-1.0303768,-1.012197,-1.0303768,-1.2490457,-2.3561945,2.896614,2.819842,2.9229238,0.0,0.0,0.0,0.0,0.0,0.0,0.0,0.0,0.0,0.0,0.0,1.8622531,1.849096,2.158799,-1.5707964,-1.0303768,-0.7853982,-0.7378151,-0.66596925,-0.61466295,-0.6000502,-0.55430746,-0.55430746,-0.5763752,-0.5633162,-0.60228735,-0.6556956,-0.7266423,-0.87605804,-1.1071488,-2.819842,2.819842,2.6779451,2.5899377,2.5829933,2.5269296,2.5415425
170,1760879479.8065338,RX2,Walking,87,0.0,17.804493,18.384775,17.0,15.0,18.027756,16.40122,18.439089,17.691807,14.422205,7.071068,13.601471,13.038404,11.401754,10.816654,13.892444,8.944272,8.5440035,7.615773,7.8102493,9.0,7.28011,6.7082043,8.944272,7.28011,8.062258,6.4031243,0.0,0.0,0.0,0.0,0.0,0.0,0.0,0.0,0.0,0.0,0.0,2.236068,2.236068,3.1622777,3.6055512,2.0,1.4142135,5.0,4.1231055,8.062258,5.0990195,7.071068,8.5440035,8.944272,11.18034,6.3245554,8.944272,10.29563,10.0,11.661903,12.083046,11.661903,15.652476,12.1655245,18.601074,18.027756,19.235384,0.0,-0.90482706,-1.1801893,-1.080839,-0.9272952,-0.98279375,-0.9151007,-0.86217004,-0.82537687,-0.98279375,-1.4288993,-1.2722974,-1.0040671,-1.3045443,-0.98279375,-1.0427219,-1.1071488,-1.2120256,-1.1659045,-0.87605804,-1.5707964,-1.2924967,-2.0344439,-1.1071488,-1.2924967,-1.4464413,-0.8960554,0.0,0.0,0.0,0.0,0.0,0.0,0.0,0.0,0.0,0.0,0.0,2.0344439,2.0344439,1.8925469,-2.55359,-1.5707964,-2.3561945,-2.2142975,-1.3258177,-1.0516502,-1.3734008,-1.7126933,-1.2120256,-1.1071488,-1.1071488,-1.2490457,-1.1071488,-1.0636978,-0.9272952,-1.0303768,-1.1441689,-1.0303768,-1.1071488,-1.4056476,-0.93804747,-0.98279375,-1.0838971
171,1760879479.809205,RX2,Walking,79,0.0,6.4031243,3.6055512,2.236068,2.236068,5.0,10.29563,12.041595,14.866069,14.21267,15.811389,14.866069,11.401754,13.60147,9.219544,6.3245554,2.0,3.0,6.4031243,5.8309517,0.0,13.416409,13.038405,7.071068,6.3245554,8.5440035,10.049876,0.0,0.0,0.0,0.0,0.0,0.0,0.0,0.0,0.0,0.0,0.0,24.186773,20.0,18.248287,16.27882,13.928389,13.038404,14.142136,14.422205,15.811388,17.464249,17.088007,18.027756,16.492422,16.27882,14.86607,14.3178215,11.401754,9.848858,8.944272,7.8102493,7.615773,8.062258,7.28011,9.055386,10.816654,10.0,0.0,-0.67474097,-0.5880026,0.4636476,2.0344439,2.2142975,2.077895,2.2974386,2.3086114,2.2565258,2.176341,2.4037776,2.2318394,2.5127964,2.4329665,2.819842,1.5707964,0.0,-0.67474097,-0.5404195,0.0,-0.4636476,0.07677189,-0.7853982,-0.32175055,-0.35877067,-0.09966865,0.0,0.0,0.0,0.0,0.0,0.0,0.0,0.0,0.0,0.0,0.0,-1.6951513,-1.5707964,-1.735945,-1.7561443,-1.9379702,-2.1375256,-2.3561945,-2.55359,-2.819842,-2.7291822,-2.782822,-2.8023,-2.896614,-2.9562447,-2.7985687,-2.9304993,-2.8753407,-2.7233684,-2.6779451,-2.2655346,-1.9756881,-1.6951513,-1.2924967,-1.4601392,-0.98279375,-0.9272952
172,1760879479.8118882,RX2,Walking,78,0.0,6.3245554,5.656854,3.0,4.0,6.3245554,8.0,12.369316,15.524176,14.56022,17.492855,17.088007,15.231546,12.529964,10.770329,8.944272,3.1622777,2.0,5.0,7.615773,8.246211,13.341663,13.341663,13.038405,13.152946,12.999999,9.848858,0.0,0.0,0.0,0.0,0.0,0.0,0.0,0.0,0.0,0.0,0.0,31.38471,27.45906,24.41311,21.954498,19.313208,18.248287,17.029385,19.235384,18.027756,20.615528,21.931713,21.023798,21.095022,19.723083,20.248457,17.0,14.422205,12.083046,10.440307,10.049876,7.28011,6.4031243,8.246211,9.486833,9.219544,9.486833,0.0,-2.819842,-2.3561945,-1.5707964,0.0,-0.32175055,0.0,0.24497867,0.26060238,0.27829966,0.5404195,0.35877067,0.4048918,0.49934673,0.38050637,0.4636476,0.32175055,-1.5707964,-2.4980915,-1.9756881,-1.815775,-1.7975951,-1.7975951,-1.4940244,-1.418147,-1.1760052,-1.152572,0.0,0.0,0.0,0.0,0.0,0.0,0.0,0.0,0.0,0.0,0.0,2.1057513,2.1486983,2.1815224,2.095592,1.9416876,1.735945,1.5120405,1.4141945,1.2315037,1.1722739,1.1479424,1.1284221,1.022247,1.0390723,0.9964915,1.080839,0.98279375,1.1441689,1.2793396,1.4711276,1.849096,2.4668517,2.896614,2.819842,-2.9229238,-2.819842
173,1760879479.814229,RX2,Walking,77,0.0,6.7082043,5.8309517,3.0,3.1622777,5.0,7.615773,11.704699,14.764824,13.60147,13.453625,14.142136,13.453625,10.630146,9.219544,6.4031243,3.0,3.1622777,5.0,8.062258,11.045361,13.152946,14.3178215,14.3178215,13.892444,12.806249,9.899495,0.0,0.0,0.0,0.0,0.0,0.0,0.0,0.0,0.0,0.0,0.0,32.55764,29.732138,25.495098,21.931713,20.615528,17.888544,15.524176,17.0,19.104973,20.396078,20.615528,20.880613,20.880613,19.646885,20.248457,15.231546,13.928389,13.341663,12.1655245,8.062258,7.28011,5.656854,6.3245554,9.055386,9.486833,8.944272,0.0,-2.6779451,-2.1112158,-1.5707964,-0.32175055,0.0,0.4048918,0.348771,0.49394137,0.6287963,0.8379812,0.7853982,0.7328151,0.71883,0.7086263,0.67474097,0.0,-1.2490457,-1.5707964,-1.4464413,-1.4801364,-1.418147,-1.359703,-1.359703,-1.0427219,-0.8960554,-0.7853982,0.0,0.0,0.0,0.0,0.0,0.0,0.0,0.0,0.0,0.0,0.0,2.3127437,2.4037776,2.411693,2.3239477,2.2531128,2.0344439,1.8313987,1.5707964,1.4659194,1.3734008,1.3258177,1.2793396,1.2793396,1.3134726,1.217806,1.1659045,1.2036225,1.3439975,1.4056476,1.4464413,1.849096,2.3561945,2.819842,-3.0309355,-2.819842,-2.6779451
174,1760879479.8164852,RX2,Walking,85,0.0,14.142136,11.18034,15.811388,16.0,17.0,15.033297,17.117243,12.041595,13.038405,12.806249,12.649111,11.18034,11.704699,12.1655245,10.440307,14.764824,11.313708,9.219544,9.433981,12.041595,11.661903,6.0827622,7.071068,6.4031243,8.602325,5.3851647,0.0,0.0,0.0,0.0,0.0,0.0,0.0,0.0,0.0,0.0,0.0,8.246211,12.0,2.0,12.083046,5.0,1.0,3.0,9.219544,5.0,4.0,11.704699,7.071068,7.615773,6.7082043,9.433981,7.28011,11.401754,11.704699,9.899495,12.083046,13.928389,12.649111,12.999999,14.3178215,17.46425,14.317821,0.0,-0.14189705,0.1798535,0.32175055,0.0,0.0,0.066568166,0.11710875,0.08314123,-0.07677189,-0.67474097,-0.32175055,-0.4636476,-0.348771,-0.16514868,-0.2914568,-0.49394137,-0.7853982,-0.7086263,-0.5585993,-0.7266423,-0.5404195,-0.16514868,-0.7853982,-0.67474097,-0.95054686,-1.19029,0.0,0.0,0.0,0.0,0.0,0.0,0.0,0.0,0.0,0.0,0.0,1.815775,3.1415925,-1.5707964,1.1441689,0.9272952,0.0,3.1415925,0.86217004,1.5707964,1.5707964,0.348771,0.7853982,1.1659045,0.4636476,0.5585993,0.27829966,0.26625204,0.348771,0.7853982,0.4266275,0.36717382,0.32175055,0.39479113,0.21109334,0.23109066,0.43240777
175,1760879479.8183732,RX2,Walking,84,0.0,15.033297,19.026297,14.3178215,13.038405,15.524176,17.262676,13.0,12.0,9.055386,11.704699,10.770329,13.341663,10.440307,7.071068,9.0,7.8102493,6.3245554,4.2426405,8.5440035,4.0,10.0,5.3851647,7.28011,2.236068,7.071068,9.055386,0.0,0.0,0.0,0.0,0.0,0.0,0.0,0.0,0.0,0.0,0.0,5.8309517,2.0,9.219544,11.704699,6.3245554,4.1231055,9.486833,3.6055512,3.6055512,4.1231055,8.062258,3.0,8.062258,9.486833,4.1231055,6.0827622,9.219544,12.0,4.0,9.219544,11.704699,16.124516,6.3245554,12.999999,13.341663,12.369316,0.0,-0.066568166,-0.05258306,-0.21109334,-0.07677189,-0.26060238,-0.1746722,0.0,0.0,0.11065722,-0.348771,0.38050637,-0.22679885,-0.2914568,-0.14189705,0.0,-0.69473827,0.32175055,-0.7853982,0.35877067,0.0,0.0,-0.38050637,0.27829966,-0.4636476,0.7853982,0.11065722,0.0,0.0,0.0,0.0,0.0,0.0,0.0,0.0,0.0,0.0,0.0,1.0303768,0.0,0.21866895,1.2220253,1.2490457,-0.24497867,-1.2490457,2.55359,-2.158799,-0.24497867,-0.5191461,0.0,-0.124354996,-0.32175055,-1.3258177,0.16514868,-0.21866895,0.0,0.0,-0.7086263,-0.348771,-0.5191461,0.32175055,-0.39479113,-0.22679885,-0.24497867
176,1760879479.959266,RX2,Walking,57,0.0,12.806249,15.620499,17.804493,18.601074,18.601074,18.867962,17.492855,16.124516,13.416409,11.18034,8.062258,5.3851647,2.236068,1.4142135,4.1231055,7.071068,9.219544,11.401754,12.369316,12.369316,12.649111,12.083046,11.18034,10.29563,8.062258,6.4031243,0.0,0.0,0.0,0.0,0.0,0.0,0.0,0.0,0.0,0.0,0.0,17.029387,16.970562,16.40122,14.422205,12.529964,9.848858,6.7082043,3.1622777,1.0,4.1231055,8.5440035,11.401754,13.601471,15.811388,17.464249,17.464249,17.888544,17.888544,16.124516,14.422205,12.206555,9.219544,6.4031243,2.828427,1.4142135,5.656854,0.0,-2.4668517,-2.4468544,-2.4756234,-2.508844,-2.508844,-2.5829933,-2.6011732,-2.6224465,-2.6779451,-2.6779451,-2.6224465,-2.7610862,-2.6779451,-0.7853982,0.24497867,0.14189705,0.21866895,0.26625204,0.24497867,0.24497867,0.32175055,0.4266275,0.4636476,0.5070985,0.5191461,0.67474097,0.0,0.0,0.0,0.0,0.0,0.0,0.0,0.0,0.0,0.0,0.0,-2.4393358,-2.3561945,-2.226492,-2.158799,-2.070143,-1.9890207,-2.0344439,-1.8925469,1.5707964,1.3258177,1.2120256,1.3045443,1.2722974,1.2490457,1.1583859,1.1583859,1.1071488,1.1071488,1.0516502,0.98279375,0.9600704,0.86217004,0.8960554,0.7853982,-2.3561945,-2.3561945
177,1760879479.978701,RX2,Walking,60,0.0,11.18034,13.892444,15.264338,17.492855,18.027756,18.027756,17.20465,16.40122,14.21267,12.806249,9.899495,7.071068,5.0,2.0,3.1622777,5.0,7.071068,9.219544,10.198039,11.18034,12.041595,12.041595,11.0,10.049876,9.055386,7.28011,0.0,0.0,0.0,0.0,0.0,0.0,0.0,0.0,0.0,0.0,0.0,18.867962,19.697716,18.681541,18.248287,16.03122,13.0,10.0,6.0,3.1622777,3.1622777,6.4031243,9.899495,13.453625,15.620499,17.691807,19.209373,19.849434,19.209373,19.209373,17.20465,15.264338,13.038404,9.848858,6.3245554,3.1622777,4.0,0.0,-2.0344439,-2.0988708,-2.1224513,-2.1112158,-2.158799,-2.158799,-2.1910458,-2.226492,-2.2565258,-2.2455373,-2.3561945,-2.3561945,-2.4980915,3.1415925,1.8925469,1.5707964,1.4288993,1.3521274,1.3734008,1.3909428,1.487655,1.487655,1.5707964,1.670465,1.6814536,1.849096,0.0,0.0,0.0,0.0,0.0,0.0,0.0,0.0,0.0,0.0,0.0,2.5829933,2.7233684,2.8706458,2.976444,3.0791738,3.1415925,3.1415925,3.1415925,2.819842,1.2490457,0.8960554,0.7853982,0.7328151,0.69473827,0.7454195,0.67474097,0.7140907,0.67474097,0.67474097,0.6202495,0.551655,0.5667292,0.41822433,0.32175055,-0.32175055,-1.5707964
178,1760879480.190936,RX2,Walking,60,0.0,3.0,3.6055512,6.3245554,9.433981,12.206555,15.620499,17.029387,18.384775,16.970562,16.27882,16.27882,14.866069,12.041595,9.219544,6.4031243,3.1622777,1.4142135,3.1622777,6.3245554,8.5440035,10.770329,12.369316,12.1655245,13.152946,13.038405,13.038405,0.0,0.0,0.0,0.0,0.0,0.0,0.0,0.0,0.0,0.0,0.0,12.649111,15.132746,17.0,18.110771,18.248287,18.681541,17.088007,15.231546,13.416409,10.29563,6.7082043,3.1622777,2.0,5.8309517,8.602325,12.041595,14.866069,17.691807,21.260292,21.260292,22.022717,22.022717,21.400934,19.416489,15.811389,13.038404,0.0,-1.5707964,-2.55359,2.819842,2.5829933,2.5308666,2.4468544,2.4393358,2.3561945,2.3561945,2.3127437,2.3127437,2.3086114,2.2974386,2.2794225,2.2455373,1.8925469,0.7853982,-0.32175055,-0.32175055,-0.35877067,-0.38050637,-0.24497867,-0.16514868,-0.15264933,-0.07677189,0.07677189,0.0,0.0,0.0,0.0,0.0,0.0,0.0,0.0,0.0,0.0,0.0,1.2490457,1.4382448,1.5707964,1.6814536,1.735945,1.8417432,1.929567,1.9756881,2.0344439,2.077895,2.0344439,1.8925469,0.0,-0.5404195,-0.6202495,-0.7266423,-0.7378151,-0.82537687,-0.8519663,-0.8519663,-0.88187194,-0.88187194,-0.9179497,-0.96850896,-0.9652517,-1.0040671
179,1760879480.308819,RX2,Walking,76,0.0,6.0827622,7.2111025,7.28011,11.401754,14.764824,20.0,20.518286,23.345234,22.627417,24.758837,21.213203,19.79899,17.691807,15.620499,13.60147,7.615773,7.071068,5.656854,9.848858,13.416409,15.652476,18.027756,18.439089,18.439089,17.20465,17.464249,0.0,0.0,0.0,0.0,0.0,0.0,0.0,0.0,0.0,0.0,0.0,7.28011,5.8309517,5.0990195,9.433981,15.0,12.1655245,14.035668,13.0,14.0,15.297058,16.492422,11.704699,8.5440035,3.6055512,3.0,3.0,6.0,10.049876,13.152946,17.117243,18.248287,18.248287,19.235384,18.248287,16.124516,14.3178215,0.0,1.4056476,0.5880026,-0.27829966,-0.26625204,-0.49394137,-0.6435011,-0.75092906,-0.8156919,-0.7853982,-0.7568345,-0.7853982,-0.7853982,-0.82537687,-0.87605804,-0.94200003,-1.1659045,-1.4288993,-2.3561945,-2.7233684,-2.6779451,-2.6779451,-2.55359,-2.4329665,-2.2794225,-2.1910458,-1.9832067,0.0,0.0,0.0,0.0,0.0,0.0,0.0,0.0,0.0,0.0,0.0,-0.27829966,-0.5404195,-1.3734008,-2.1293957,-1.5707964,-1.735945,-1.4994888,-1.5707964,-1.5707964,-1.3734008,-1.3258177,-1.2220253,-1.2120256,-0.98279375,0.0,1.5707964,1.5707964,1.4711276,1.7234457,1.6879051,1.735945,1.735945,1.7273982,1.735945,1.6951513,1.7818897
180,1760879480.448747,RX2,Walking,57,0.0,8.944272,7.2111025,6.0,8.246211,9.848858,12.529964,12.529964,14.422205,13.60147,13.038404,11.661903,11.661903,11.661903,9.433981,6.7082043,5.0,2.828427,3.0,2.236068,3.6055512,5.656854,6.4031243,7.8102493,8.062258,8.5440035,8.5440035,0.0,0.0,0.0,0.0,0.0,0.0,0.0,0.0,0.0,0.0,0.0,12.041595,14.21267,16.124516,17.464249,16.492422,16.27882,16.03122,14.0,12.041595,10.049876,8.062258,6.4031243,5.8309517,7.615773,10.049876,12.041595,14.035668,15.033297,19.235384,20.396078,20.22375,20.22375,19.235384,18.248287,15.132746,14.142136,0.0,-2.0344439,-2.55359,3.1415925,2.896614,2.7233684,2.642246,2.642246,2.55359,2.5127964,2.5748634,2.6011732,2.6011732,2.6011732,2.5829933,2.6779451,2.4980915,2.3561945,1.5707964,1.1071488,0.98279375,0.7853982,0.8960554,0.69473827,1.0516502,1.2120256,1.2120256,0.0,0.0,0.0,0.0,0.0,0.0,0.0,0.0,0.0,0.0,0.0,-0.844154,-0.6857295,-0.5191461,-0.41241044,-0.24497867,-0.18534794,-0.06241881,0.0,0.08314123,-0.09966865,-0.124354996,-0.67474097,-1.0303768,-1.1659045,-1.4711276,-1.6539376,-1.6421038,-1.6373645,-1.7273982,-1.7681919,-1.7196863,-1.7196863,-1.7273982,-1.735945,-1.7033478,-1.7126933
181,1760879480.508115,RX2,Walking,59,0.0,5.656854,6.3245554,7.28011,9.433981,12.206555,14.866069,16.27882,16.970562,18.384775,18.384775,16.970562,16.970562,14.142136,12.041595,10.0,8.062258,6.0827622,6.3245554,7.2111025,9.899495,11.313708,12.7279215,14.21267,15.0,14.764824,14.86607,0.0,0.0,0.0,0.0,0.0,0.0,0.0,0.0,0.0,0.0,0.0,13.60147,16.552946,18.027756,19.235384,20.024984,20.024984,18.248287,16.27882,14.3178215,11.18034,9.055386,6.3245554,6.4031243,8.5440035,10.049876,13.0,15.0,17.029385,19.104973,20.099752,20.099752,20.099752,19.104973,17.117243,15.132746,12.1655245,0.0,0.7853982,0.32175055,-0.27829966,-0.5585993,-0.61072594,-0.7378151,-0.7419473,-0.7853982,-0.7853982,-0.7853982,-0.7853982,-0.7853982,-0.7853982,-0.844154,-0.9272952,-1.0516502,-1.4056476,-1.8925469,-2.158799,-2.3561945,-2.3561945,-2.3561945,-2.2565258,-2.2142975,-2.0647378,-1.9138203,0.0,0.0,0.0,0.0,0.0,0.0,0.0,0.0,0.0,0.0,0.0,2.5127964,2.7049656,2.8023,2.9849908,3.0916343,-3.0916343,-2.976444,-2.9562447,-2.9304993,-2.961739,-3.0309355,2.819842,2.2455373,1.929567,1.670465,1.5707964,1.5707964,1.5120405,1.4659194,1.4711276,1.4711276,1.4711276,1.4659194,1.4536875,1.4382448,1.4056476
182,1760879480.6878772,RX2,Walking,73,0.0,4.1231055,2.0,1.0,3.1622777,14.035668,12.1655245,13.0,14.56022,12.649111,10.049876,14.142136,8.5440035,7.615773,8.944272,3.1622777,8.602325,5.0,5.3851647,6.0827622,7.8102493,3.6055512,5.656854,6.4031243,6.4031243,6.3245554,7.28011,0.0,0.0,0.0,0.0,0.0,0.0,0.0,0.0,0.0,0.0,0.0,13.038404,12.083046,12.1655245,18.788294,18.973665,23.086794,25.298222,23.409397,21.633308,19.849434,20.59126,14.142136,12.083046,5.3851647,5.0,3.0,1.4142135,7.28011,5.0990195,11.661903,13.038404,17.029387,13.928389,12.7279215,10.198039,10.816654,0.0,1.815775,0.0,3.1415925,2.819842,3.070285,-2.976444,3.1415925,2.863293,2.819842,-3.041924,2.9996955,-2.782822,2.7367008,2.6779451,-2.819842,2.1910458,1.5707964,1.19029,0.16514868,0.69473827,0.5880026,0.7853982,0.8960554,0.67474097,1.2490457,1.849096,0.0,0.0,0.0,0.0,0.0,0.0,0.0,0.0,0.0,0.0,0.0,2.1375256,1.9974238,1.735945,2.010639,1.8925469,1.8788491,1.8925469,1.9195673,2.158799,2.284887,2.077895,2.3561945,1.9974238,1.9513026,0.9272952,1.5707964,-0.7853982,-0.27829966,-0.19739556,-0.5404195,-0.5667292,-0.7022569,-0.36717382,-0.7853982,-0.19739556,-0.5880026
183,1760879480.764329,RX2,Walking,73,0.0,10.0,4.2426405,4.2426405,6.4031243,7.071068,8.0,11.045361,18.027758,12.369316,18.248287,16.155495,14.3178215,16.124516,12.806249,11.661903,8.062258,8.602325,5.8309517,5.0,1.0,6.4031243,4.472136,7.0,12.529964,6.7082043,12.369316,0.0,0.0,0.0,0.0,0.0,0.0,0.0,0.0,0.0,0.0,0.0,6.0,2.236068,3.6055512,10.29563,16.124516,12.041595,16.124516,19.313208,18.867962,16.155495,11.661903,13.416409,7.2111025,7.615773,2.236068,6.3245554,4.0,1.0,7.8102493,11.661903,17.0,14.422205,17.029387,14.866069,15.652476,10.0,0.0,3.1415925,2.3561945,2.3561945,2.2455373,1.7126933,1.5707964,1.4801364,1.5152978,1.3258177,1.4056476,1.19029,1.359703,1.0516502,0.8960554,1.0303768,1.4464413,0.95054686,0.5404195,0.0,0.0,-0.67474097,-0.4636476,0.0,-0.49934673,-0.4636476,-0.24497867,0.0,0.0,0.0,0.0,0.0,0.0,0.0,0.0,0.0,0.0,0.0,1.5707964,-0.4636476,0.98279375,-0.5070985,0.124354996,0.08314123,0.124354996,0.37089127,0.5585993,0.38050637,1.0303768,0.4636476,0.5880026,0.4048918,2.6779451,1.8925469,3.1415925,3.1415925,-2.4468544,-2.6011732,-2.6516354,-2.55359,-2.4393358,-2.4037776,-2.6779451,-2.2142975
184,1760879480.8238778,RX2,Walking,75,0.0,23.0,19.026297,18.0,13.0,8.0,3.6055512,1.4142135,6.4031243,6.7082043,9.433981,13.928389,17.464249,17.464249,18.788294,17.888544,18.867962,14.21267,10.816654,10.630146,4.472136,3.0,2.0,4.472136,10.049876,10.0,12.369316,0.0,0.0,0.0,0.0,0.0,0.0,0.0,0.0,0.0,0.0,0.0,25.495096,21.189621,18.384775,15.652476,12.206555,10.816654,11.401754,16.0,17.029385,19.026297,22.090721,21.023798,21.213203,20.099752,17.029385,14.0,12.041595,6.0827622,3.1622777,1.4142135,6.7082043,12.1655245,15.132746,20.099752,21.213203,23.021729,0.0,-1.5707964,-1.6233793,-1.5707964,-1.5707964,-1.5707964,-2.158799,2.3561945,2.2455373,2.0344439,2.1293957,1.9379702,1.9832067,1.9832067,2.010639,2.0344439,2.1293957,2.2565258,2.158799,2.2896264,2.6779451,3.1415925,0.0,-0.4636476,-0.09966865,0.0,0.24497867,0.0,0.0,0.0,0.0,0.0,0.0,0.0,0.0,0.0,0.0,0.0,2.695487,2.8049178,2.7509856,2.6779451,2.5308666,2.158799,1.8370484,1.5707964,1.5120405,1.5182133,1.4801364,1.5232133,1.4288993,1.4711276,1.5120405,1.5707964,1.487655,1.735945,1.8925469,-2.3561945,-2.0344439,-1.735945,-1.7033478,-1.670465,-1.7126933,-1.6142472
185,1760879480.84697,RX2,Walking,59,0.0,17.888544,17.464249,19.313208,19.924858,19.646885,18.439089,16.27882,14.142136,10.198039,7.28011,5.0,4.1231055,6.0827622,8.062258,10.816654,13.60147,13.60147,15.0,16.40122,15.620499,14.866069,14.142136,12.041595,10.0,7.615773,6.0827622,0.0,0.0,0.0,0.0,0.0,0.0,0.0,0.0,0.0,0.0,0.0,11.18034,10.29563,9.433981,7.8102493,6.4031243,4.2426405,2.236068,1.4142135,4.0,6.0827622,8.5440035,10.440307,12.369316,14.142136,15.033297,15.033297,15.033297,14.035668,14.3178215,12.369316,9.219544,6.0827622,3.1622777,3.0,6.3245554,9.486833,0.0,2.0344439,1.9832067,1.9416876,1.8766752,1.82812,1.7894653,1.7561443,1.7126933,1.7681919,1.849096,2.2142975,2.896614,-2.976444,-2.6224465,-2.55359,-2.5127964,-2.5127964,-2.4980915,-2.485897,-2.4468544,-2.4037776,-2.3561945,-2.2974386,-2.2142975,-1.9756881,-1.735945,0.0,0.0,0.0,0.0,0.0,0.0,0.0,0.0,0.0,0.0,0.0,-2.6779451,-2.634494,-2.5829933,-2.4468544,-2.4668517,-2.3561945,-2.0344439,-0.7853982,0.0,0.16514868,0.35877067,0.2914568,0.24497867,0.14189705,0.066568166,0.066568166,-0.066568166,-0.071307465,-0.21109334,-0.24497867,-0.21866895,-0.16514868,0.32175055,1.5707964,1.8925469,1.8925469
186,1760879480.9160051,RX2,Walking,58,0.0,17.492855,20.248457,21.470911,21.023798,21.189621,19.924858,17.46425,14.3178215,11.18034,8.246211,6.4031243,5.8309517,8.062258,9.055386,11.18034,14.3178215,14.3178215,14.3178215,15.297058,15.297058,14.56022,12.649111,10.770329,8.944272,6.4031243,5.0,0.0,0.0,0.0,0.0,0.0,0.0,0.0,0.0,0.0,0.0,0.0,10.049876,9.219544,8.246211,7.28011,5.3851647,3.6055512,2.236068,2.828427,5.0,7.615773,10.29563,11.661903,13.038404,14.21267,15.620499,15.556349,15.620499,13.60147,14.422205,11.661903,9.433981,7.071068,5.3851647,6.0827622,8.062258,11.401754,0.0,-2.6011732,-2.567288,-2.6571147,-2.6992185,-2.8049178,-2.8357139,-2.910502,-2.9304993,-2.961739,-2.896614,-2.4668517,-2.1112158,-1.6951513,-1.4601392,-1.3909428,-1.359703,-1.359703,-1.359703,-1.3734008,-1.3734008,-1.2924967,-1.2490457,-1.19029,-1.1071488,-0.8960554,-0.6435011,0.0,0.0,0.0,0.0,0.0,0.0,0.0,0.0,0.0,0.0,0.0,0.09966865,0.21866895,0.24497867,0.27829966,0.38050637,0.5880026,1.1071488,2.3561945,2.4980915,2.7367008,2.634494,2.6011732,2.5748634,2.4558632,2.4468544,2.3561945,2.2655346,2.1995926,2.158799,2.1112158,2.1293957,2.3561945,2.7610862,-2.976444,-2.6224465,-2.4805496
187,1760879480.932682,RX2,Walking,78,0.0,20.124613,18.601074,14.764824,12.206555,8.485281,4.1231055,4.0,4.1231055,6.0827622,4.472136,8.246211,10.0,12.041595,12.369316,14.142136,12.083046,13.416409,10.0,9.848858,9.055386,8.944272,10.630146,10.770329,12.649111,15.033297,15.231546,0.0,0.0,0.0,0.0,0.0,0.0,0.0,0.0,0.0,0.0,0.0,28.301943,24.186775,22.203604,18.384775,15.264338,16.27882,16.0,19.416489,21.189621,25.079872,24.596748,24.166092,23.323807,21.633308,18.867962,17.804493,13.60147,10.0,7.2111025,2.0,2.236068,7.2111025,12.041595,14.21267,17.888544,18.601074,0.0,-1.1071488,-0.93804747,-1.076855,-0.9600704,-0.7853982,-0.24497867,0.0,1.3258177,1.4056476,1.1071488,1.815775,1.5707964,1.6539376,1.815775,1.7126933,1.9974238,2.0344439,2.4980915,2.7233684,3.0309355,-2.6779451,-2.2896264,-1.9513026,-1.8925469,-1.5042281,-1.1659045,0.0,0.0,0.0,0.0,0.0,0.0,0.0,0.0,0.0,0.0,0.0,-2.1293957,-2.0899425,-2.1962814,-2.3561945,-2.5899377,-2.9562447,3.1415925,2.9340963,2.8049178,2.7314653,2.6779451,2.714965,2.6011732,2.55359,2.5829933,2.4756234,2.5127964,2.4980915,2.55359,-1.5707964,-1.1071488,-0.98279375,-0.844154,-0.8850668,-1.1071488,-0.93804747
188,1760879480.995593,RX2,Walking,75,0.0,13.601471,10.440307,7.071068,3.0,0.0,2.828427,5.8309517,10.816654,8.602325,13.453625,13.892444,15.0,14.142136,11.313708,11.401754,10.0,7.071068,7.615773,5.0,6.4031243,9.219544,12.041595,4.1231055,9.219544,8.602325,10.198039,0.0,0.0,0.0,0.0,0.0,0.0,0.0,0.0,0.0,0.0,0.0,11.0,12.369316,14.317821,16.552946,18.788294,20.124613,24.166092,22.36068,23.769728,22.84732,20.615528,18.788294,15.652476,13.038404,7.8102493,6.4031243,4.0,6.4031243,9.433981,12.999999,14.56022,17.46425,18.681541,19.416489,19.416489,18.248287,0.0,-2.8430936,-2.8501358,-2.9996955,3.1415925,0.0,0.7853982,0.5404195,0.5880026,0.6202495,0.7328151,0.52807444,0.6435011,0.7853982,0.7853982,0.90975314,0.9272952,1.4288993,1.9756881,2.4980915,-2.4668517,-2.9229238,-2.2974386,-1.815775,-2.2794225,-2.1910458,-1.7681919,0.0,0.0,0.0,0.0,0.0,0.0,0.0,0.0,0.0,0.0,0.0,0.0,-0.24497867,-0.43240777,-0.43662718,-0.43984258,-0.4636476,-0.4266275,-0.4636476,-0.38831872,-0.4048918,-0.39852244,-0.43984258,-0.4636476,-0.5667292,-0.69473827,-0.8960554,-1.5707964,-2.2455373,-2.5829933,-2.7468016,-2.863293,-2.910502,-2.8706458,-2.9340963,-2.9340963,-2.976444
189,1760879481.025176,RX2,Walking,57,0.0,17.029385,18.0,20.0,18.027758,18.0,17.029385,15.0,13.038405,9.219544,5.0990195,3.1622777,1.0,3.1622777,6.0827622,8.062258,10.049876,10.198039,12.041595,12.1655245,12.1655245,10.198039,9.486833,7.615773,6.7082043,5.0,3.6055512,0.0,0.0,0.0,0.0,0.0,0.0,0.0,0.0,0.0,0.0,0.0,14.21267,10.816654,10.0,12.529964,6.3245554,2.236068,6.3245554,3.0,7.0,13.0,15.231546,17.029385,18.027758,17.117243,14.3178215,16.03122,16.03122,17.0,13.0,9.0,7.0,4.1231055,4.1231055,3.1622777,7.0,8.5440035,0.0,-1.6295521,-1.5707964,-1.5707964,-1.5152978,-1.5707964,-1.6295521,-1.5707964,-1.6475682,-1.7894653,-1.7681919,-1.8925469,-1.5707964,1.8925469,1.735945,1.6951513,1.670465,1.7681919,1.6539376,1.735945,1.735945,1.7681919,1.8925469,1.9756881,2.0344439,2.2142975,2.158799,0.0,0.0,0.0,0.0,0.0,0.0,0.0,0.0,0.0,0.0,0.0,-2.4558632,-2.55359,-2.2142975,-2.070143,-1.8925469,-2.0344439,1.8925469,1.5707964,1.5707964,1.5707964,1.9756881,1.6295521,1.6262949,1.6879051,1.7818897,1.6332152,1.6332152,1.5707964,1.5707964,1.5707964,1.5707964,1.3258177,1.3258177,-1.2490457,-1.5707964,-1.2120256
190,1760879481.0519328,RX2,Walking,57,0.0,15.524176,11.18034,7.28011,2.236068,2.0,6.0827622,10.440307,12.999999,13.928389,16.552946,17.0,17.492855,17.492855,16.124516,14.422205,13.038404,9.433981,6.7082043,3.1622777,1.0,2.236068,4.472136,6.7082043,8.5440035,10.440307,11.18034,0.0,0.0,0.0,0.0,0.0,0.0,0.0,0.0,0.0,0.0,0.0,7.615773,11.401754,14.142136,17.0,19.104973,20.22375,21.37756,20.615528,19.924858,18.027756,15.811388,12.649111,8.5440035,5.0990195,1.0,3.1622777,6.3245554,10.198039,15.297058,18.110771,20.099752,22.022717,23.0,23.021729,22.022717,20.099752,0.0,-0.26060238,-0.1798535,-0.27829966,-0.4636476,3.1415925,2.976444,2.8501358,2.7468016,2.7744188,2.7049656,2.6516354,2.6011732,2.6011732,2.6224465,2.55359,2.5748634,2.5829933,2.6779451,2.819842,3.1415925,-1.1071488,-0.4636476,-0.4636476,-0.35877067,-0.2914568,-0.1798535,0.0,0.0,0.0,0.0,0.0,0.0,0.0,0.0,0.0,0.0,0.0,2.7367008,2.8753407,2.9996955,3.1415925,-3.0367157,-2.9927027,-2.953371,-2.896614,-2.8357139,-2.8023,-2.819842,-2.819842,-2.782822,-2.9441972,3.1415925,0.32175055,0.32175055,0.19739556,0.19739556,0.11065722,0.09966865,0.04542328,0.0,-0.043450896,-0.04542328,-0.09966865
191,1760879481.055862,RX2,Walking,56,0.0,14.142136,12.041595,7.071068,3.1622777,1.0,5.0990195,9.219544,12.649111,14.86607,17.464249,17.888544,18.35756,18.35756,18.027756,16.643316,14.422205,11.661903,8.062258,5.3851647,2.0,2.236068,5.0,6.7082043,9.848858,11.704699,12.369316,0.0,0.0,0.0,0.0,0.0,0.0,0.0,0.0,0.0,0.0,0.0,8.246211,12.0,15.132746,17.46425,20.880613,21.189621,22.84732,22.36068,21.470911,19.723083,17.0,13.892444,9.848858,5.8309517,2.0,2.236068,6.7082043,10.770329,13.601471,16.492422,20.396078,21.37756,23.086792,23.086792,22.022717,20.0,0.0,-0.14189705,-0.08314123,-0.14189705,-0.32175055,3.1415925,2.9441972,2.9229238,2.819842,2.7985687,2.7291822,2.6779451,2.629203,2.629203,2.55359,2.5702553,2.55359,2.6011732,2.6224465,2.7610862,3.1415925,-1.1071488,-0.6435011,-0.4636476,-0.41822433,-0.348771,-0.24497867,0.0,0.0,0.0,0.0,0.0,0.0,0.0,0.0,0.0,0.0,0.0,2.896614,3.1415925,-3.009041,-2.910502,-2.8501358,-2.8049178,-2.7367008,-2.6779451,-2.6571147,-2.6098685,-2.6516354,-2.6135182,-2.7233684,-2.6011732,3.1415925,0.4636476,0.4636476,0.38050637,0.29849893,0.24497867,0.19739556,0.18822151,0.08673834,0.08673834,0.04542328,0.0
192,1760879481.091124,RX2,Walking,58,0.0,16.552946,19.313208,20.124613,20.59126,19.416489,17.804493,17.029387,13.453625,9.899495,7.2111025,4.472136,4.1231055,5.3851647,8.246211,11.401754,13.341663,13.341663,16.27882,15.524176,16.124516,16.124516,14.142136,12.0,10.0,7.615773,5.0,0.0,0.0,0.0,0.0,0.0,0.0,0.0,0.0,0.0,0.0,0.0,11.045361,11.045361,9.055386,9.055386,7.28011,4.1231055,3.1622777,2.236068,2.828427,5.3851647,8.944272,11.18034,12.529964,14.764824,15.811389,15.0,14.866069,13.453625,14.21267,12.206555,10.0,6.7082043,3.6055512,3.6055512,6.4031243,8.5440035,0.0,1.1341692,1.199905,1.1071488,1.0636978,0.96850896,0.90482706,0.8685394,0.8379812,0.7853982,0.98279375,1.1071488,1.815775,2.7610862,2.896614,2.8753407,2.9147937,2.9147937,2.9562447,2.8809903,3.0172377,3.0172377,2.9996955,3.1415925,3.1415925,-2.7367008,-2.4980915,0.0,0.0,0.0,0.0,0.0,0.0,0.0,0.0,0.0,0.0,0.0,3.050933,-3.050933,-3.0309355,-3.0309355,-2.863293,-2.896614,-2.819842,-2.0344439,-0.7853982,-0.38050637,-0.4636476,-0.4636476,-0.49934673,-0.49394137,-0.6055447,-0.6435011,-0.7378151,-0.8379812,-0.8850668,-0.9600704,-0.9272952,-1.1071488,-0.5880026,0.5880026,0.8960554,1.2120256
193,1760879481.094986,RX2,Walking,59,0.0,17.492855,18.867962,20.808653,20.615528,20.518286,19.79899,16.970562,14.866069,10.630146,7.8102493,4.472136,4.1231055,5.8309517,8.5440035,11.401754,14.56022,14.3178215,15.297058,16.492422,16.27882,15.297058,14.035668,12.0,9.0,8.062258,4.2426405,0.0,0.0,0.0,0.0,0.0,0.0,0.0,0.0,0.0,0.0,0.0,11.313708,10.630146,10.0,8.602325,7.2111025,5.8309517,3.1622777,1.4142135,2.828427,5.656854,7.8102493,10.630146,12.206555,13.60147,14.422205,14.764824,14.317821,13.928389,14.56022,12.369316,9.219544,6.3245554,2.828427,3.1622777,6.4031243,10.0,0.0,2.6011732,2.5829933,2.5269296,2.4592762,2.3906636,2.3561945,2.3561945,2.3086114,2.4227626,2.4468544,2.6779451,-2.896614,-2.1112158,-1.929567,-1.8370484,-1.849096,-1.7818897,-1.7681919,-1.815775,-1.7561443,-1.7681919,-1.6421038,-1.5707964,-1.5707964,-1.4464413,-0.7853982,0.0,0.0,0.0,0.0,0.0,0.0,0.0,0.0,0.0,0.0,0.0,-2.3561945,-2.2896264,-2.2142975,-2.1910458,-2.158799,-2.1112158,-1.8925469,-0.7853982,0.7853982,0.7853982,0.69473827,0.71883,0.61072594,0.6287963,0.5880026,0.49394137,0.43240777,0.36717382,0.27829966,0.24497867,0.21866895,0.32175055,0.7853982,1.8925469,2.4668517,2.4980915
194,1760879481.1281762,RX2,Walking,58,0.0,17.20465,18.601074,20.248457,21.954498,21.470911,19.697716,18.384775,15.811388,11.704699,9.486833,5.8309517,3.6055512,3.1622777,5.656854,8.602325,11.661903,12.529964,13.416409,14.764824,14.317821,14.317821,13.928389,11.18034,10.198039,8.062258,6.7082043,0.0,0.0,0.0,0.0,0.0,0.0,0.0,0.0,0.0,0.0,0.0,8.944272,8.062258,7.2111025,5.8309517,4.2426405,1.4142135,1.0,3.1622777,5.3851647,8.062258,11.18034,12.083046,13.928389,15.811388,15.524176,16.27882,16.124516,15.033297,15.033297,12.0,9.0,7.071068,3.6055512,4.0,6.7082043,10.816654,0.0,-0.95054686,-0.93804747,-0.9964915,-1.0460006,-1.0863184,-1.152572,-1.1801893,-1.2490457,-1.2220253,-1.2490457,-1.0303768,-0.5880026,0.32175055,0.7853982,0.95054686,1.0303768,1.0714496,1.1071488,1.076855,1.1383885,1.1383885,1.2036225,1.3909428,1.3734008,1.6951513,2.0344439,0.0,0.0,0.0,0.0,0.0,0.0,0.0,0.0,0.0,0.0,0.0,0.4636476,0.5191461,0.5880026,0.5404195,0.7853982,0.7853982,3.1415925,-2.819842,-2.7610862,-2.6224465,-2.6779451,-2.714965,-2.7744188,-2.819842,-2.8809903,-2.9562447,-3.0172377,-3.0750246,-3.0750246,3.1415925,3.1415925,-2.9996955,-2.55359,-1.5707964,-1.1071488,-0.98279375
195,1760879481.154047,RX2,Walking,70,0.0,11.18034,12.999999,14.86607,14.86607,16.492422,17.46425,16.27882,15.297058,12.1655245,9.219544,9.486833,8.062258,7.8102493,8.062258,7.615773,8.246211,8.0,9.219544,10.440307,10.29563,10.816654,10.630146,9.899495,9.433981,9.848858,9.219544,0.0,0.0,0.0,0.0,0.0,0.0,0.0,0.0,0.0,0.0,0.0,16.492422,17.720043,18.973665,18.681541,17.720043,16.155495,13.928389,11.18034,7.2111025,3.6055512,1.4142135,3.6055512,6.4031243,9.219544,12.206555,13.892444,15.231546,14.86607,16.27882,16.124516,14.035668,12.041595,9.0,7.28011,5.0,4.1231055,0.0,1.7506498,1.9655875,1.9138203,1.9138203,1.815775,1.801887,1.7561443,1.7681919,1.735945,1.7894653,1.8925469,2.0899425,2.2655346,2.6224465,2.7367008,2.896614,3.1415925,-2.9229238,-2.8501358,-2.634494,-2.55359,-2.4227626,-2.3561945,-2.1293957,-1.9890207,-1.7894653,0.0,0.0,0.0,0.0,0.0,0.0,0.0,0.0,0.0,0.0,0.0,-1.815775,-1.8568478,-1.8925469,-1.8417432,-1.8568478,-1.9513026,-1.9379702,-2.0344439,-2.158799,-2.55359,2.3561945,0.98279375,0.8960554,0.7086263,0.61072594,0.52807444,0.4048918,0.34302393,0.18534794,0.124354996,0.071307465,0.08314123,0.0,0.27829966,0.6435011,1.3258177
196,1760879481.165739,RX2,Walking,58,0.0,16.643316,19.235384,20.124613,21.540659,19.924858,18.681541,17.46425,15.297058,11.045361,7.071068,5.0,4.1231055,6.0827622,8.5440035,11.18034,13.416409,14.764824,14.764824,15.652476,15.652476,14.764824,13.60147,11.401754,9.899495,7.2111025,6.0827622,0.0,0.0,0.0,0.0,0.0,0.0,0.0,0.0,0.0,0.0,0.0,11.18034,10.049876,10.049876,8.0,7.0,5.0990195,2.828427,3.0,4.472136,7.071068,9.219544,12.041595,13.453625,15.0,15.264338,15.652476,15.231546,15.811388,14.56022,13.341663,10.198039,7.28011,5.0,4.0,7.615773,10.816654,0.0,0.57133746,0.48689923,0.4636476,0.38050637,0.30587888,0.27094686,0.23109066,0.19739556,0.09065989,0.14189705,0.6435011,1.3258177,1.735945,1.929567,2.0344439,2.0344439,2.0647378,2.0647378,2.0344439,2.0344439,2.0647378,2.1995926,2.2318394,2.3561945,2.55359,2.976444,0.0,0.0,0.0,0.0,0.0,0.0,0.0,0.0,0.0,0.0,0.0,2.961739,3.041924,3.041924,3.1415925,3.1415925,-2.9441972,-2.3561945,-1.5707964,-1.1071488,-0.7853982,-0.86217004,-0.844154,-0.8379812,-0.9272952,-1.0191413,-1.1071488,-1.1659045,-1.2490457,-1.2924967,-1.3439975,-1.3734008,-1.2924967,-0.9272952,0.0,0.4048918,0.5880026
197,1760879481.194505,RX2,Walking,58,0.0,17.464249,18.384775,19.235384,20.248457,19.416489,19.209373,17.029387,14.866069,10.630146,7.8102493,5.3851647,4.1231055,5.656854,8.062258,11.18034,13.416409,14.317821,15.652476,15.231546,15.231546,14.86607,13.601471,12.369316,10.198039,8.062258,5.3851647,0.0,0.0,0.0,0.0,0.0,0.0,0.0,0.0,0.0,0.0,0.0,10.770329,9.848858,8.944272,8.062258,6.4031243,4.2426405,2.236068,2.236068,4.472136,6.3245554,9.219544,11.18034,13.341663,13.928389,15.231546,14.764824,15.264338,14.21267,14.21267,12.7279215,9.899495,7.071068,4.1231055,3.6055512,6.4031243,9.848858,0.0,1.1583859,1.1801893,1.0838971,0.9964915,0.96850896,0.8960554,0.8685394,0.8329813,0.8519663,0.87605804,1.19029,1.815775,2.3561945,2.6224465,2.6779451,2.6779451,2.709185,2.6779451,2.7367008,2.7367008,2.7985687,2.8430936,2.896614,2.9441972,-3.0172377,-2.7610862,0.0,0.0,0.0,0.0,0.0,0.0,0.0,0.0,0.0,0.0,0.0,-2.7610862,-2.7233684,-2.6779451,-2.6224465,-2.4668517,-2.3561945,-2.0344439,-1.1071488,-0.4636476,-0.32175055,-0.21866895,-0.1798535,-0.22679885,-0.36717382,-0.4048918,-0.49394137,-0.551655,-0.6857295,-0.6857295,-0.7853982,-0.7853982,-0.7853982,-0.24497867,0.5880026,0.8960554,1.152572
198,1760879481.4345338,RX2,Walking,57,0.0,20.248457,15.811389,12.206555,7.2111025,3.6055512,1.4142135,6.0,9.055386,12.041595,15.132746,17.029385,18.0,18.0,17.029385,17.029385,15.033297,13.038405,10.0,7.0,3.1622777,1.0,4.0,7.0,10.049876,12.1655245,13.601471,0.0,0.0,0.0,0.0,0.0,0.0,0.0,0.0,0.0,0.0,0.0,2.236068,5.656854,10.0,12.529964,16.552946,18.788294,20.615528,21.540659,22.135942,21.189621,18.681541,16.763054,12.999999,8.944272,5.8309517,1.4142135,3.1622777,6.7082043,10.816654,15.0,18.439089,21.260292,23.345234,24.08319,24.08319,23.430748,0.0,-2.567288,-2.536048,-2.5308666,-2.55359,-2.158799,-0.7853982,0.0,0.11065722,0.08314123,0.13255154,0.058755822,0.0,0.0,-0.058755822,-0.058755822,-0.066568166,-0.07677189,0.0,0.0,0.32175055,1.5707964,3.1415925,3.1415925,-3.041924,-2.976444,-2.8430936,0.0,0.0,0.0,0.0,0.0,0.0,0.0,0.0,0.0,0.0,0.0,0.4636476,0.7853982,0.9272952,1.0714496,1.1341692,1.1309538,1.1722739,1.19029,1.2490457,1.2341216,1.2998495,1.2679114,1.1760052,1.1071488,1.0303768,0.7853982,-1.8925469,-2.0344439,-2.158799,-2.2142975,-2.2794225,-2.2896264,-2.3259008,-2.4149504,-2.4149504,-2.4468544
199,1760879481.462785,RX2,Walking,57,0.0,18.439089,13.928389,10.440307,5.3851647,1.0,4.0,8.0,11.0,14.0,16.03122,18.110771,18.248287,18.248287,18.248287,16.27882,14.142136,11.18034,9.055386,5.0990195,2.236068,2.828427,5.3851647,8.246211,10.198039,12.041595,13.038405,0.0,0.0,0.0,0.0,0.0,0.0,0.0,0.0,0.0,0.0,0.0,1.0,4.472136,8.062258,12.806249,16.27882,19.104973,21.260292,23.430748,23.600847,22.803509,21.400934,19.209373,15.620499,12.041595,8.485281,3.6055512,1.4142135,5.0,9.899495,12.806249,17.20465,18.867962,21.954498,22.36068,22.84732,21.540659,0.0,0.21866895,0.36717382,0.2914568,0.38050637,1.5707964,3.1415925,3.1415925,3.1415925,3.1415925,3.0791738,3.0309355,2.976444,2.976444,2.976444,2.9562447,2.9996955,2.961739,3.0309355,-2.9441972,-2.6779451,-0.7853982,-0.38050637,-0.24497867,-0.19739556,-0.08314123,0.07677189,0.0,0.0,0.0,0.0,0.0,0.0,0.0,0.0,0.0,0.0,0.0,1.5707964,-2.6779451,-2.6224465,-2.4668517,-2.3996453,-2.3191743,-2.2896264,-2.2655346,-2.2058232,-2.2318394,-2.223643,-2.2455373,-2.2655346,-2.2974386,-2.3561945,-2.55359,2.3561945,0.9272952,0.7853982,0.67474097,0.6202495,0.5585993,0.5247958,0.4636476,0.4048918,0.38050637
200,1760879481.467094,RX2,Walking,59,0.0,18.35756,22.36068,23.853722,23.853722,23.600847,22.022717,19.104973,15.556349,11.313708,7.2111025,4.472136,3.6055512,5.8309517,9.219544,12.369316,15.297058,15.297058,16.124516,16.27882,16.124516,15.033297,13.0,11.045361,8.246211,5.8309517,4.472136,0.0,0.0,0.0,0.0,0.0,0.0,0.0,0.0,0.0,0.0,0.0,11.401754,11.18034,10.198039,9.055386,8.0,5.0,2.236068,2.0,4.2426405,7.2111025,10.29563,13.038404,15.811389,17.20465,18.439089,18.384775,18.439089,17.804493,18.027756,15.264338,12.206555,8.602325,5.0,4.472136,7.2111025,12.083046,0.0,-0.5123895,-0.4636476,-0.5763752,-0.5763752,-0.63502675,-0.6889244,-0.74837804,-0.7853982,-0.7853982,-0.5880026,-0.4636476,0.5880026,1.0303768,1.3521274,1.3258177,1.3734008,1.3734008,1.4464413,1.3854483,1.4464413,1.5042281,1.5707964,1.6614562,1.815775,2.1112158,2.6779451,0.0,0.0,0.0,0.0,0.0,0.0,0.0,0.0,0.0,0.0,0.0,1.3045443,1.3909428,1.3734008,1.4601392,1.5707964,1.5707964,2.0344439,3.1415925,-2.3561945,-2.158799,-2.077895,-2.1375256,-2.176341,-2.1910458,-2.2794225,-2.3561945,-2.4329665,-2.4756234,-2.55359,-2.5899377,-2.5308666,-2.5213432,-2.2142975,-1.1071488,-0.5880026,-0.4266275
201,1760879481.6991959,RX2,Walking,59,0.0,17.088007,19.924858,22.135942,21.189621,21.540659,20.124613,18.35756,16.124516,11.661903,8.944272,6.3245554,4.1231055,4.2426405,7.28011,9.055386,13.0,13.0,15.033297,15.033297,16.03122,16.03122,15.132746,13.152946,11.401754,9.486833,6.7082043,0.0,0.0,0.0,0.0,0.0,0.0,0.0,0.0,0.0,0.0,0.0,11.704699,10.440307,9.219544,7.071068,5.0990195,3.0,2.0,1.4142135,4.472136,7.615773,9.486833,12.083046,13.892444,14.422205,15.811389,15.620499,15.556349,14.142136,14.21267,12.806249,9.219544,5.8309517,4.1231055,2.828427,6.3245554,9.219544,0.0,2.782822,2.8357139,2.819842,2.8049178,2.7610862,2.6779451,2.629203,2.6224465,2.6011732,2.6779451,2.819842,-2.896614,-2.3561945,-1.849096,-1.6814536,-1.5707964,-1.5707964,-1.5042281,-1.5042281,-1.5083776,-1.5083776,-1.4382448,-1.418147,-1.3045443,-1.2490457,-1.1071488,0.0,0.0,0.0,0.0,0.0,0.0,0.0,0.0,0.0,0.0,0.0,-1.9195673,-1.8622531,-1.7894653,-1.7126933,-1.7681919,-1.5707964,-1.5707964,0.7853982,1.1071488,1.1659045,1.2490457,1.1441689,1.0427219,0.98279375,0.9652517,0.87605804,0.7853982,0.7853982,0.6857295,0.67474097,0.7086263,0.5404195,1.3258177,2.3561945,2.819842,2.9229238
202,1760879481.751196,RX2,Walking,59,0.0,8.944272,5.656854,5.0,7.2111025,9.219544,12.041595,14.422205,15.811389,16.643316,16.643316,17.492855,16.643316,15.264338,13.038404,11.661903,9.433981,5.8309517,3.6055512,2.236068,3.0,5.0,8.0,9.0,10.198039,11.401754,10.770329,0.0,0.0,0.0,0.0,0.0,0.0,0.0,0.0,0.0,0.0,0.0,11.0,14.3178215,16.763054,18.788294,19.723083,19.416489,19.209373,16.970562,15.556349,13.453625,9.219544,7.2111025,4.0,4.2426405,7.28011,10.049876,13.038405,15.0,18.0,19.026297,20.024984,20.024984,20.099752,19.104973,16.124516,14.142136,0.0,-0.4636476,-0.7853982,-1.5707964,-2.158799,-2.2794225,-2.4149504,-2.55359,-2.536048,-2.5702553,-2.5702553,-2.6011732,-2.5702553,-2.5899377,-2.5748634,-2.6011732,-2.5829933,-2.6011732,-2.55359,2.6779451,1.5707964,1.5707964,1.5707964,1.5707964,1.7681919,1.8370484,1.9513026,0.0,0.0,0.0,0.0,0.0,0.0,0.0,0.0,0.0,0.0,0.0,1.5707964,1.7818897,1.8736812,2.010639,2.1025205,2.1730838,2.2455373,2.3561945,2.3561945,2.4087775,2.2794225,2.158799,1.5707964,0.7853982,0.27829966,0.09966865,0.07677189,0.0,0.0,-0.05258306,-0.049958397,-0.049958397,-0.09966865,-0.10487694,-0.124354996,-0.14189705
203,1760879481.877961,RX2,Walking,58,0.0,17.464249,18.788294,20.59126,21.095022,20.808653,20.0,18.439089,15.556349,12.7279215,9.899495,6.4031243,5.3851647,5.3851647,6.4031243,8.602325,10.816654,12.529964,13.892444,15.264338,14.764824,15.652476,13.416409,12.083046,10.440307,8.246211,6.0,0.0,0.0,0.0,0.0,0.0,0.0,0.0,0.0,0.0,0.0,0.0,9.219544,8.5440035,7.615773,5.8309517,5.0,2.828427,2.236068,3.1622777,6.0827622,8.062258,11.18034,12.1655245,14.3178215,15.524176,15.811388,15.231546,14.764824,13.892444,14.422205,12.206555,9.433981,6.7082043,5.0,5.0,7.2111025,11.18034,0.0,-1.9832067,-2.010639,-2.077895,-2.1193457,-2.1854594,-2.2142975,-2.2794225,-2.3561945,-2.3561945,-2.3561945,-2.2455373,-1.9513026,-1.19029,-0.8960554,-0.6202495,-0.5880026,-0.49934673,-0.52807444,-0.551655,-0.49394137,-0.4636476,-0.4636476,-0.4266275,-0.2914568,-0.24497867,0.0,0.0,0.0,0.0,0.0,0.0,0.0,0.0,0.0,0.0,0.0,0.0,0.21866895,0.35877067,0.4048918,0.5404195,0.6435011,0.7853982,2.0344439,2.819842,2.976444,3.0172377,2.961739,2.976444,2.9304993,2.8809903,2.819842,2.7367008,2.6476512,2.6135182,2.55359,2.5308666,2.5829933,2.6779451,3.1415925,-2.4980915,-2.158799,-2.0344439
204,1760879481.954004,RX2,Walking,74,0.0,24.08319,25.806976,25.0,22.671568,18.027756,15.0,12.529964,6.4031243,1.4142135,2.0,10.29563,11.18034,12.369316,17.0,21.470911,19.697716,18.681541,16.0,10.049876,14.035668,10.440307,10.049876,2.236068,2.0,3.1622777,6.3245554,0.0,0.0,0.0,0.0,0.0,0.0,0.0,0.0,0.0,0.0,0.0,23.345236,21.587034,20.248457,17.088007,14.3178215,11.18034,9.219544,7.2111025,8.062258,11.045361,15.033297,17.029385,17.46425,18.439089,17.720043,17.088007,15.231546,13.416409,12.529964,7.615773,5.3851647,1.4142135,5.656854,10.630146,15.620499,19.209373,0.0,0.844154,0.95054686,0.9272952,0.847817,0.98279375,0.9272952,1.0714496,0.8960554,0.7853982,-1.5707964,-2.077895,-2.0344439,-1.815775,-2.0607536,-2.0552742,-1.9890207,-1.8417432,-1.5707964,-1.670465,-1.6421038,-1.8622531,-1.670465,-0.4636476,3.1415925,2.819842,2.819842,0.0,0.0,0.0,0.0,0.0,0.0,0.0,0.0,0.0,0.0,0.0,0.17219082,0.23374318,0.3529904,0.35877067,0.21109334,0.1798535,-0.21866895,-0.98279375,-1.0516502,-1.4801364,-1.6373645,-1.6295521,-1.801887,-1.7894653,-1.8568478,-1.929567,-1.9756881,-2.0344439,-2.070143,-1.9756881,-1.9513026,0.7853982,0.7853982,0.8519663,0.87605804,0.8960554
205,1760879481.9568279,RX2,Walking,59,0.0,14.035668,15.0,17.029385,19.026297,20.024984,20.024984,20.024984,19.0,16.0,14.035668,12.0,10.049876,8.246211,6.7082043,5.656854,6.3245554,7.071068,8.062258,10.049876,10.049876,11.18034,11.401754,10.770329,10.29563,10.0,8.485281,0.0,0.0,0.0,0.0,0.0,0.0,0.0,0.0,0.0,0.0,0.0,16.124516,15.556349,15.0,13.416409,11.704699,9.486833,7.615773,5.656854,5.3851647,7.0,10.049876,12.1655245,15.297058,17.117243,18.110771,19.104973,19.026297,19.026297,20.024984,19.026297,17.029385,15.132746,12.369316,10.770329,9.219544,8.944272,0.0,-1.4994888,-1.5707964,-1.6295521,-1.6233793,-1.6207547,-1.6207547,-1.6207547,-1.5707964,-1.5707964,-1.6421038,-1.5707964,-1.670465,-1.815775,-2.0344439,-2.3561945,-2.819842,-2.9996955,-3.0172377,-3.041924,-3.041924,-2.961739,-2.8753407,-2.7610862,-2.634494,-2.4980915,-2.3561945,0.0,0.0,0.0,0.0,0.0,0.0,0.0,0.0,0.0,0.0,0.0,0.5191461,0.7853982,0.9272952,1.1071488,1.2220253,1.2490457,1.1659045,0.7853982,0.38050637,0.0,-0.09966865,-0.16514868,-0.19739556,-0.11710875,-0.11065722,-0.10487694,-0.05258306,-0.05258306,-0.049958397,-0.05258306,-0.058755822,-0.13255154,-0.24497867,-0.38050637,-0.7086263,-1.1071488
206,1760879481.9836202,RX2,Walking,59,0.0,15.620499,19.209373,20.0,21.633308,21.095022,19.235384,17.888544,14.317821,10.770329,6.7082043,4.2426405,2.0,5.0,7.615773,10.770329,13.601471,14.56022,15.524176,16.492422,16.492422,16.27882,14.142136,13.038405,10.049876,7.28011,5.0,0.0,0.0,0.0,0.0,0.0,0.0,0.0,0.0,0.0,0.0,0.0,9.848858,9.848858,9.433981,7.2111025,5.656854,4.2426405,2.236068,2.236068,4.0,7.28011,9.486833,12.369316,13.341663,15.297058,16.124516,17.029385,16.0,15.0,15.033297,13.152946,10.198039,7.071068,4.0,2.0,5.8309517,9.219544,0.0,0.69473827,0.67474097,0.6435011,0.5880026,0.5485494,0.48689923,0.4636476,0.43240777,0.38050637,0.4636476,0.7853982,1.5707964,2.4980915,2.7367008,2.7610862,2.8430936,2.863293,2.8809903,2.896614,2.896614,2.9562447,2.9996955,3.0648208,-3.041924,-2.863293,-2.4980915,0.0,0.0,0.0,0.0,0.0,0.0,0.0,0.0,0.0,0.0,0.0,1.9890207,1.9890207,2.1293957,2.158799,2.3561945,2.3561945,2.6779451,-2.0344439,-1.5707964,-1.2924967,-1.2490457,-1.3258177,-1.3439975,-1.3734008,-1.4464413,-1.5120405,-1.5707964,-1.5707964,-1.6373645,-1.7234457,-1.7681919,-1.7126933,-1.5707964,0.0,0.5404195,0.7086263
207,1760879481.9875798,RX2,Walking,59,0.0,17.0,19.104973,20.22375,21.213203,21.37756,19.416489,16.763054,14.56022,10.440307,7.28011,5.0,2.828427,4.0,6.7082043,9.848858,12.529964,13.038404,14.764824,14.422205,14.422205,12.806249,12.041595,10.630146,7.8102493,5.3851647,3.0,0.0,0.0,0.0,0.0,0.0,0.0,0.0,0.0,0.0,0.0,0.0,9.433981,9.848858,8.062258,7.615773,5.3851647,3.1622777,1.0,1.4142135,4.472136,6.3245554,8.5440035,10.770329,12.999999,13.892444,15.264338,14.422205,15.0,14.21267,14.142136,11.313708,8.485281,6.4031243,3.1622777,3.6055512,7.071068,10.049876,0.0,-1.5707964,-1.6756732,-1.7196863,-1.7126933,-1.7590178,-1.7782925,-1.8736812,-1.849096,-1.8622531,-1.849096,-1.5707964,-0.7853982,0.0,0.4636476,0.41822433,0.49934673,0.5667292,0.49394137,0.5880026,0.5880026,0.67474097,0.7266423,0.71883,0.87605804,1.19029,1.5707964,0.0,0.0,0.0,0.0,0.0,0.0,0.0,0.0,0.0,0.0,0.0,-0.5585993,-0.41822433,-0.5191461,-0.4048918,-0.38050637,-0.32175055,0.0,2.3561945,2.6779451,2.819842,2.782822,2.7610862,2.7468016,2.6135182,2.5899377,2.55359,2.4980915,2.4558632,2.3561945,2.3561945,2.3561945,2.4668517,2.819842,-2.158799,-1.7126933,-1.670465
208,1760879482.0568168,RX2,Walking,72,0.0,20.0,16.27882,13.453625,8.944272,6.0,6.4031243,10.29563,12.649111,15.524176,18.681541,18.027756,19.313208,18.788294,18.35756,17.492855,15.0,11.401754,8.944272,7.615773,6.0827622,5.0990195,6.7082043,6.3245554,7.615773,7.615773,7.071068,0.0,0.0,0.0,0.0,0.0,0.0,0.0,0.0,0.0,0.0,0.0,13.601471,11.704699,10.0,10.440307,11.704699,13.416409,17.0,17.492855,20.124613,20.615528,20.248457,20.615528,17.46425,15.297058,11.18034,8.246211,3.6055512,4.1231055,5.0,9.433981,14.764824,20.124613,20.124613,22.825424,22.203604,24.41311,0.0,0.6435011,0.7419473,0.7328151,0.4636476,0.0,-0.8960554,-1.0636978,-1.2490457,-1.3101939,-1.2998495,-1.2315037,-1.199905,-1.1309538,-1.0584068,-1.0303768,-0.9272952,-0.90975314,-1.1071488,-1.1659045,-1.4056476,-1.7681919,-2.0344439,-1.8925469,-1.9756881,-1.9756881,-1.7126933,0.0,0.0,0.0,0.0,0.0,0.0,0.0,0.0,0.0,0.0,0.0,-2.8430936,-2.7928216,3.1415925,2.8501358,2.7928216,2.6779451,2.6516354,2.6011732,2.6779451,2.7430701,2.7886024,2.896614,2.910502,2.9441972,2.961739,2.896614,2.55359,1.3258177,0.6435011,0.5585993,0.49394137,0.4636476,0.4636476,0.5028432,0.62548506,0.61072594
209,1760879482.190665,RX2,Walking,59,0.0,17.117243,18.248287,19.104973,20.0,19.026297,18.110771,16.124516,13.341663,9.055386,6.0,3.1622777,3.1622777,6.0827622,8.5440035,12.083046,14.317821,15.231546,15.231546,16.552946,16.552946,15.652476,13.416409,11.661903,10.0,7.071068,4.472136,0.0,0.0,0.0,0.0,0.0,0.0,0.0,0.0,0.0,0.0,0.0,10.440307,9.848858,8.944272,7.2111025,6.4031243,4.2426405,2.236068,2.828427,4.472136,6.0827622,9.0,11.0,13.038405,14.142136,14.3178215,14.3178215,13.601471,12.999999,12.999999,11.18034,8.062258,5.3851647,3.1622777,4.1231055,7.071068,10.198039,0.0,1.6879051,1.735945,1.6756732,1.5707964,1.5182133,1.4601392,1.4464413,1.3439975,1.4601392,1.5707964,1.8925469,2.819842,-2.976444,-2.782822,-2.714965,-2.709185,-2.7367008,-2.7367008,-2.7049656,-2.7049656,-2.6779451,-2.6779451,-2.6011732,-2.4980915,-2.3561945,-2.0344439,0.0,0.0,0.0,0.0,0.0,0.0,0.0,0.0,0.0,0.0,0.0,-2.8501358,-2.7233684,-2.6779451,-2.55359,-2.4668517,-2.3561945,-2.0344439,-0.7853982,-0.4636476,-0.16514868,0.0,0.0,-0.07677189,-0.14189705,-0.21109334,-0.21109334,-0.29849893,-0.39479113,-0.39479113,-0.4636476,-0.5191461,-0.38050637,0.32175055,1.3258177,1.7126933,1.7681919
210,1760879482.251997,RX2,Walking,59,0.0,17.20465,19.416489,20.808653,21.400934,20.615528,19.849434,18.384775,15.556349,11.313708,8.485281,4.2426405,2.0,3.0,6.0827622,9.219544,12.369316,13.601471,15.811388,15.811388,17.088007,16.155495,15.231546,13.416409,11.661903,9.219544,7.071068,0.0,0.0,0.0,0.0,0.0,0.0,0.0,0.0,0.0,0.0,0.0,9.0,9.055386,7.28011,6.3245554,3.6055512,2.236068,2.236068,3.0,6.0,9.219544,11.18034,13.341663,15.297058,16.124516,17.117243,16.03122,16.0,15.0,15.033297,13.038405,10.049876,6.0827622,3.0,1.4142135,5.8309517,9.433981,0.0,0.95054686,0.96850896,0.95613337,0.9179497,0.88847977,0.85670567,0.7853982,0.7853982,0.7853982,0.7853982,0.7853982,1.5707964,3.1415925,-2.976444,-2.9229238,-2.896614,-2.8430936,-2.819842,-2.819842,-2.782822,-2.7610862,-2.7367008,-2.6779451,-2.6011732,-2.4329665,-2.3561945,0.0,0.0,0.0,0.0,0.0,0.0,0.0,0.0,0.0,0.0,0.0,1.5707964,1.6814536,1.849096,1.8925469,2.158799,2.6779451,-2.0344439,-1.5707964,-1.5707964,-1.3521274,-1.3909428,-1.3439975,-1.3734008,-1.4464413,-1.4536875,-1.5083776,-1.5707964,-1.5707964,-1.6373645,-1.6475682,-1.670465,-1.735945,-1.5707964,0.7853982,1.0303768,1.012197
211,1760879482.2555351,RX2,Walking,59,0.0,17.088007,19.313208,21.189621,20.880613,20.615528,19.416489,17.262676,14.142136,10.198039,7.28011,4.472136,2.0,4.2426405,7.2111025,9.848858,12.999999,12.999999,14.86607,14.86607,14.86607,13.601471,12.369316,10.198039,8.062258,5.0,3.0,0.0,0.0,0.0,0.0,0.0,0.0,0.0,0.0,0.0,0.0,0.0,10.816654,10.816654,10.29563,8.944272,7.28011,5.0990195,2.236068,0.0,2.236068,5.0990195,8.5440035,10.440307,11.704699,13.928389,14.317821,14.764824,15.264338,13.038404,13.60147,11.401754,9.219544,5.0,2.236068,3.0,5.3851647,9.848858,0.0,-2.782822,-2.7707014,-2.8049178,-2.8501358,-2.896614,-2.9340963,-2.9669204,-2.9996955,-2.9441972,-2.863293,-2.6779451,-1.5707964,-0.7853982,-0.5880026,-0.41822433,-0.39479113,-0.39479113,-0.34302393,-0.34302393,-0.34302393,-0.29849893,-0.24497867,-0.19739556,-0.124354996,0.0,0.0,0.0,0.0,0.0,0.0,0.0,0.0,0.0,0.0,0.0,0.0,0.0,-2.158799,-2.158799,-2.077895,-2.0344439,-1.849096,-1.7681919,-2.0344439,0.0,1.1071488,1.3734008,1.2120256,1.2793396,1.2220253,1.2036225,1.1383885,1.076855,1.0191413,1.0040671,0.94200003,0.90975314,0.86217004,0.9272952,1.1071488,3.1415925,-2.7610862,-2.7233684
212,1760879482.2596228,RX2,Walking,59,0.0,17.492855,20.248457,21.633308,22.203604,22.022717,20.518286,18.384775,15.556349,11.313708,8.485281,5.8309517,4.0,4.2426405,6.7082043,10.440307,12.649111,13.341663,15.524176,16.492422,16.492422,15.297058,15.132746,13.038405,11.0,9.055386,7.071068,0.0,0.0,0.0,0.0,0.0,0.0,0.0,0.0,0.0,0.0,0.0,10.29563,9.848858,8.5440035,7.28011,5.0990195,3.0,2.236068,3.1622777,5.656854,7.8102493,10.630146,12.041595,13.453625,14.142136,15.620499,15.0,14.422205,13.892444,13.416409,10.770329,8.944272,4.472136,3.1622777,4.2426405,7.2111025,11.18034,0.0,2.6011732,2.567288,2.55359,2.5161076,2.4526682,2.3906636,2.3561945,2.3561945,2.3561945,2.3561945,2.6011732,3.1415925,-2.3561945,-2.0344439,-1.8622531,-1.8925469,-1.7975951,-1.8313987,-1.815775,-1.815775,-1.7681919,-1.7033478,-1.6475682,-1.5707964,-1.4601392,-1.4288993,0.0,0.0,0.0,0.0,0.0,0.0,0.0,0.0,0.0,0.0,0.0,-2.077895,-1.9890207,-1.929567,-1.849096,-1.7681919,-1.5707964,-0.4636476,0.32175055,0.7853982,0.87605804,0.8519663,0.844154,0.8379812,0.7853982,0.69473827,0.6435011,0.5880026,0.52807444,0.4636476,0.38050637,0.4636476,0.4636476,1.2490457,2.3561945,2.55359,2.6779451
213,1760879482.263121,RX2,Walking,59,0.0,18.0,21.023798,22.090721,22.203604,22.36068,20.396078,18.681541,15.811388,11.401754,8.246211,6.0,4.2426405,5.0990195,7.0,10.198039,13.341663,14.3178215,15.524176,16.492422,16.492422,15.811388,14.86607,12.999999,11.18034,8.062258,5.656854,0.0,0.0,0.0,0.0,0.0,0.0,0.0,0.0,0.0,0.0,0.0,11.0,10.0,9.055386,7.071068,5.0990195,3.1622777,2.0,2.236068,5.0990195,7.071068,10.049876,12.1655245,13.341663,14.56022,15.811388,15.231546,14.317821,13.416409,13.892444,10.816654,8.062258,5.3851647,3.1622777,4.472136,8.0,11.045361,0.0,3.1415925,3.0940096,3.050933,3.006065,2.961739,2.9441972,2.8706458,2.819842,2.8753407,2.896614,3.1415925,-2.3561945,-1.7681919,-1.5707964,-1.3734008,-1.3439975,-1.359703,-1.3101939,-1.3258177,-1.3258177,-1.2490457,-1.2277724,-1.1760052,-1.1071488,-1.0516502,-0.7853982,0.0,0.0,0.0,0.0,0.0,0.0,0.0,0.0,0.0,0.0,0.0,-1.5707964,-1.5707964,-1.4601392,-1.4288993,-1.3734008,-1.2490457,0.0,1.1071488,1.3734008,1.4288993,1.4711276,1.4056476,1.3439975,1.2924967,1.2490457,1.1659045,1.1383885,1.1071488,1.0427219,0.98279375,1.0516502,1.19029,1.8925469,2.6779451,3.1415925,-3.050933
214,1760879482.267211,RX2,Walking,59,0.0,15.811389,18.027756,19.209373,19.849434,19.79899,18.384775,17.691807,14.866069,10.630146,7.8102493,5.0,3.1622777,2.828427,5.0990195,8.0,11.0,12.0,14.0,15.033297,15.033297,15.132746,14.142136,13.152946,11.401754,9.486833,8.062258,0.0,0.0,0.0,0.0,0.0,0.0,0.0,0.0,0.0,0.0,0.0,9.433981,7.8102493,7.071068,5.0,3.6055512,2.0,2.236068,4.1231055,6.3245554,8.944272,11.18034,13.416409,14.317821,15.231546,15.811388,15.811388,15.524176,14.3178215,14.142136,11.18034,9.055386,6.0827622,2.828427,2.236068,6.4031243,9.433981,0.0,0.9652517,0.98279375,0.8960554,0.85670567,0.7853982,0.7853982,0.7454195,0.7378151,0.71883,0.69473827,0.6435011,1.2490457,2.3561945,2.9441972,3.1415925,3.1415925,3.1415925,3.1415925,-3.0750246,-3.0750246,-3.009041,-2.9996955,-2.9889433,-2.8753407,-2.819842,-2.6224465,0.0,0.0,0.0,0.0,0.0,0.0,0.0,0.0,0.0,0.0,0.0,2.1293957,2.2655346,2.3561945,2.4980915,2.55359,3.1415925,-2.0344439,-1.3258177,-1.2490457,-1.1071488,-1.1071488,-1.1071488,-1.1383885,-1.1659045,-1.2490457,-1.2490457,-1.3101939,-1.359703,-1.4288993,-1.3909428,-1.4601392,-1.4056476,-0.7853982,0.4636476,0.8960554,1.012197
215,1760879482.271007,RX2,Walking,59,0.0,15.620499,19.104973,19.849434,20.0,19.416489,18.35756,16.124516,12.529964,9.433981,5.8309517,3.6055512,3.6055512,5.8309517,8.5440035,11.704699,13.601471,14.86607,14.86607,15.811388,15.524176,13.601471,12.369316,10.198039,8.062258,5.0990195,3.1622777,0.0,0.0,0.0,0.0,0.0,0.0,0.0,0.0,0.0,0.0,0.0,10.770329,10.29563,10.29563,8.602325,7.8102493,5.656854,3.6055512,2.0,3.0,5.0990195,7.28011,9.486833,11.704699,13.341663,14.3178215,14.142136,14.035668,14.0,14.0,12.041595,9.055386,6.0827622,3.1622777,2.236068,5.656854,9.219544,0.0,2.2655346,2.3191743,2.284887,2.2142975,2.1730838,2.0831857,2.0899425,2.070143,2.1293957,2.1112158,2.55359,-2.55359,-2.1112158,-1.929567,-1.9195673,-1.8692952,-1.9138203,-1.9138203,-1.8925469,-1.8313987,-1.8692952,-1.815775,-1.7681919,-1.6951513,-1.3734008,-1.2490457,0.0,0.0,0.0,0.0,0.0,0.0,0.0,0.0,0.0,0.0,0.0,-2.7610862,-2.634494,-2.634494,-2.5213432,-2.4468544,-2.3561945,-2.158799,-1.5707964,0.0,0.19739556,0.27829966,0.32175055,0.348771,0.22679885,0.21109334,0.14189705,0.071307465,0.0,0.0,-0.08314123,-0.11065722,-0.16514868,0.32175055,2.0344439,2.3561945,2.4329665
216,1760879482.3453739,RX2,Walking,73,0.0,22.84732,22.36068,17.888544,13.928389,11.18034,9.486833,10.0,10.630146,13.60147,17.492855,18.027756,17.691807,19.104973,18.027756,17.492855,14.317821,11.704699,8.246211,7.28011,4.2426405,5.3851647,5.0990195,6.3245554,6.7082043,8.485281,8.602325,0.0,0.0,0.0,0.0,0.0,0.0,0.0,0.0,0.0,0.0,0.0,10.770329,9.486833,10.198039,11.045361,11.0,12.0,16.03122,16.03122,18.027758,18.110771,19.416489,17.720043,16.27882,14.56022,13.341663,12.0,8.062258,7.2111025,8.602325,11.401754,14.3178215,18.248287,21.095024,24.5153,25.0,25.0,0.0,1.9756881,2.0344439,2.0344439,1.9379702,1.7506498,1.2490457,0.9272952,0.71883,0.6287963,0.5404195,0.5880026,0.7454195,0.8224183,0.98279375,1.0303768,1.1383885,1.2220253,1.3258177,1.2924967,0.7853982,0.38050637,0.19739556,0.32175055,0.4636476,0.7853982,0.95054686,0.0,0.0,0.0,0.0,0.0,0.0,0.0,0.0,0.0,0.0,0.0,-2.7610862,-2.819842,-2.9441972,-3.050933,3.1415925,3.1415925,-3.0791738,-3.0791738,-3.0860941,-3.0309355,-2.9340963,-2.8555412,-2.9562447,-2.863293,-2.9147937,3.1415925,3.0172377,2.55359,2.1910458,1.8370484,1.7818897,1.735945,1.665748,1.7761917,1.8545904,1.8545904
217,1760879482.361579,RX2,Walking,72,0.0,26.07681,24.186773,18.0,14.3178215,9.219544,11.313708,10.770329,14.142136,16.124516,18.110771,19.026297,19.026297,19.235384,15.811388,18.788294,11.18034,12.806249,9.899495,4.1231055,5.0990195,1.0,6.0,7.2111025,6.3245554,9.0,7.2111025,0.0,0.0,0.0,0.0,0.0,0.0,0.0,0.0,0.0,0.0,0.0,9.219544,10.0,10.0,10.0,12.041595,14.3178215,16.27882,17.720043,19.313208,16.552946,24.331049,17.117243,16.492422,17.029385,9.486833,7.0,10.0,6.3245554,9.219544,12.0,14.142136,18.027758,24.331049,20.248457,26.57066,28.071337,0.0,3.0648208,3.0172377,3.1415925,2.9304993,2.9229238,2.3561945,1.9513026,1.7126933,1.6951513,1.4601392,1.6233793,1.6233793,1.7273982,1.8925469,2.010639,2.0344439,2.4668517,2.3561945,1.815775,1.7681919,0.0,1.5707964,0.98279375,1.2490457,1.5707964,2.158799,0.0,0.0,0.0,0.0,0.0,0.0,0.0,0.0,0.0,0.0,0.0,-1.3521274,-1.5707964,-1.5707964,-1.5707964,-1.6539376,-1.7818897,-1.7561443,-1.8568478,-1.9416876,-2.0074234,-1.735945,-1.4536875,-1.815775,-1.6295521,-1.8925469,-1.5707964,-2.2142975,-2.819842,-2.9229238,3.1415925,2.9996955,3.0860941,2.976444,2.7886024,2.7960372,3.070285
218,1760879482.4243042,RX2,Walking,72,0.0,20.024984,18.248287,15.033297,11.045361,9.486833,9.219544,11.661903,12.649111,14.56022,17.720043,17.088007,17.888544,17.492855,17.20465,16.40122,12.806249,9.219544,7.8102493,5.0,5.0990195,5.0990195,6.3245554,8.246211,9.0,9.219544,7.615773,0.0,0.0,0.0,0.0,0.0,0.0,0.0,0.0,0.0,0.0,0.0,9.0,9.219544,9.219544,10.770329,12.999999,15.231546,16.763054,17.46425,19.235384,20.099752,19.026297,17.0,15.033297,13.038405,10.0,8.5440035,6.4031243,7.615773,10.198039,12.041595,16.0,19.026297,21.095024,23.021729,23.0,22.0,0.0,0.049958397,0.16514868,0.066568166,-0.09065989,-0.32175055,-0.86217004,-1.0303768,-1.2490457,-1.2924967,-1.2847449,-1.2120256,-1.1071488,-1.0303768,-0.95054686,-0.9151007,-0.8960554,-0.7086263,-0.69473827,-0.6435011,-1.3734008,-1.7681919,-1.8925469,-1.815775,-1.5707964,-1.3521274,-1.1659045,0.0,0.0,0.0,0.0,0.0,0.0,0.0,0.0,0.0,0.0,0.0,1.5707964,1.3521274,1.3521274,1.19029,1.1760052,1.1659045,1.2679114,1.3397057,1.4141945,1.4711276,1.5182133,1.5707964,1.6373645,1.6475682,1.5707964,1.2120256,0.8960554,0.4048918,0.19739556,0.08314123,0.0,-0.05258306,-0.094951704,-0.043450896,0.0,0.0
219,1760879482.426503,RX2,Walking,58,0.0,15.620499,16.40122,18.601074,19.416489,19.723083,18.35756,16.552946,13.928389,10.440307,7.615773,4.472136,2.236068,2.828427,5.8309517,8.944272,11.18034,12.529964,14.764824,15.652476,15.652476,15.231546,13.928389,12.649111,10.440307,8.246211,6.0,0.0,0.0,0.0,0.0,0.0,0.0,0.0,0.0,0.0,0.0,0.0,9.899495,9.899495,8.602325,8.062258,6.7082043,5.0990195,3.0,2.828427,4.0,6.3245554,8.5440035,10.770329,12.999999,13.928389,15.811388,14.56022,15.524176,14.142136,15.132746,13.038405,10.049876,7.071068,4.472136,3.1622777,5.3851647,8.602325,0.0,0.69473827,0.6556956,0.63274884,0.60228735,0.53172404,0.5123895,0.43662718,0.36717382,0.2914568,0.4048918,0.4636476,1.1071488,2.3561945,2.6011732,2.6779451,2.6779451,2.642246,2.6476512,2.6779451,2.6779451,2.7367008,2.7744188,2.819842,2.8501358,2.896614,3.1415925,0.0,0.0,0.0,0.0,0.0,0.0,0.0,0.0,0.0,0.0,0.0,2.3561945,2.3561945,2.5213432,2.6224465,2.6779451,2.9441972,3.1415925,-2.3561945,-1.5707964,-1.2490457,-1.2120256,-1.19029,-1.1760052,-1.2036225,-1.2490457,-1.2924967,-1.3101939,-1.4288993,-1.4382448,-1.4940244,-1.4711276,-1.4288993,-1.1071488,-0.32175055,0.38050637,0.6202495
220,1760879482.5115001,RX2,Walking,70,0.0,22.825424,22.022717,22.022717,19.79899,16.970562,15.556349,13.453625,10.816654,8.246211,5.0990195,8.246211,9.848858,11.18034,13.416409,15.231546,14.56022,14.142136,13.038405,12.041595,10.440307,6.7082043,5.3851647,4.0,3.1622777,4.2426405,5.0,0.0,0.0,0.0,0.0,0.0,0.0,0.0,0.0,0.0,0.0,0.0,19.209373,17.691807,15.620499,14.21267,13.453625,12.041595,11.661903,12.999999,14.86607,16.155495,16.155495,17.888544,19.235384,18.35756,17.888544,16.552946,14.764824,13.416409,13.601471,10.049876,9.219544,8.944272,11.313708,13.038404,16.643316,17.492855,0.0,-2.6387494,-2.4526682,-2.4526682,-2.3561945,-2.3561945,-2.3561945,-2.4087775,-2.55359,-2.896614,2.9441972,2.896614,2.7233684,2.6779451,2.6779451,2.7367008,2.863293,2.9996955,3.0648208,-3.0584514,-2.8501358,-2.6779451,-2.7610862,3.1415925,2.819842,2.3561945,2.4980915,0.0,0.0,0.0,0.0,0.0,0.0,0.0,0.0,0.0,0.0,0.0,-0.8960554,-0.7454195,-0.69473827,-0.6857295,-0.7328151,-0.844154,-1.0303768,-1.1760052,-1.2277724,-1.19029,-1.19029,-1.1071488,-1.0838971,-1.0584068,-1.1071488,-1.1341692,-1.076855,-1.1071488,-1.2722974,-1.4711276,-1.7894653,-2.0344439,-2.3561945,-2.5748634,-2.5702553,-2.6011732
221,1760879482.608923,RX2,Walking,62,0.0,11.313708,15.620499,17.029387,18.439089,19.209373,19.209373,18.439089,17.029387,14.21267,12.041595,10.0,7.2111025,5.3851647,3.1622777,3.6055512,6.3245554,7.071068,9.219544,10.440307,11.704699,12.083046,11.661903,11.401754,9.899495,9.219544,8.062258,0.0,0.0,0.0,0.0,0.0,0.0,0.0,0.0,0.0,0.0,0.0,15.264338,13.928389,13.341663,12.1655245,11.045361,8.062258,6.0,3.1622777,3.0,5.0990195,7.28011,11.401754,13.601471,14.86607,15.811388,16.763054,17.720043,16.763054,18.681541,16.763054,14.86607,12.999999,10.29563,7.8102493,6.3245554,7.071068,0.0,-2.3561945,-2.4468544,-2.4393358,-2.4329665,-2.4668517,-2.4668517,-2.4329665,-2.4393358,-2.4558632,-2.4149504,-2.4980915,-2.55359,-2.7610862,2.819842,2.158799,1.8925469,1.7126933,1.7894653,1.8622531,1.9195673,1.9974238,2.1112158,2.2318394,2.3561945,2.4329665,2.6224465,0.0,0.0,0.0,0.0,0.0,0.0,0.0,0.0,0.0,0.0,0.0,1.0191413,1.2036225,1.3439975,1.4056476,1.4801364,1.6951513,1.5707964,1.2490457,0.0,-0.19739556,-0.27829966,-0.26625204,-0.29849893,-0.34302393,-0.32175055,-0.30288488,-0.28605142,-0.30288488,-0.27094686,-0.30288488,-0.34302393,-0.39479113,-0.5070985,-0.69473827,-1.2490457,-1.7126933
222,1760879482.620912,RX2,Walking,61,0.0,11.401754,14.56022,16.763054,17.720043,18.973665,18.973665,17.720043,17.720043,15.811388,12.649111,10.770329,8.5440035,5.8309517,3.6055512,4.1231055,6.4031243,8.485281,9.899495,12.041595,12.806249,14.422205,13.892444,14.317821,12.649111,11.18034,11.045361,0.0,0.0,0.0,0.0,0.0,0.0,0.0,0.0,0.0,0.0,0.0,15.297058,14.86607,13.892444,12.206555,10.630146,8.602325,5.8309517,3.0,4.2426405,6.7082043,9.848858,12.999999,14.86607,16.155495,17.464249,18.384775,18.384775,18.384775,17.088007,15.811388,13.601471,12.369316,9.055386,6.0827622,5.0,6.3245554,0.0,-1.8370484,-1.849096,-1.8736812,-1.8568478,-1.8925469,-1.8925469,-1.8568478,-1.8568478,-1.8925469,-1.8925469,-1.9513026,-1.929567,-2.1112158,-2.55359,2.896614,2.4668517,2.3561945,2.3561945,2.4149504,2.4668517,2.55359,2.6135182,2.709185,2.819842,2.961739,3.050933,0.0,0.0,0.0,0.0,0.0,0.0,0.0,0.0,0.0,0.0,0.0,1.7681919,1.9138203,2.0988708,2.1815224,2.2896264,2.1910458,2.1112158,1.5707964,0.7853982,0.4636476,0.41822433,0.39479113,0.34302393,0.38050637,0.41241044,0.39060703,0.39060703,0.39060703,0.35877067,0.32175055,0.29849893,0.24497867,0.11065722,-0.16514868,-0.6435011,-1.2490457
223,1760879482.6499698,RX2,Walking,71,0.0,13.152946,14.3178215,17.117243,18.110771,18.248287,18.248287,17.46425,16.27882,12.369316,12.1655245,8.062258,7.0,4.472136,5.0,6.3245554,9.219544,9.055386,9.848858,10.29563,10.29563,11.401754,9.433981,7.2111025,7.0,4.1231055,2.828427,0.0,0.0,0.0,0.0,0.0,0.0,0.0,0.0,0.0,0.0,0.0,18.439089,19.026297,20.024984,18.248287,18.439089,16.763054,14.86607,12.649111,11.18034,9.055386,7.615773,9.433981,10.630146,12.206555,13.892444,14.764824,14.764824,15.652476,16.552946,16.552946,14.86607,12.649111,10.440307,8.062258,6.7082043,7.071068,0.0,-2.9889433,-2.9304993,-3.024484,-3.0309355,-2.976444,-2.976444,-2.910502,-2.9562447,-2.896614,-2.976444,-3.0172377,3.1415925,2.6779451,2.2142975,1.8925469,1.7894653,1.6814536,1.9890207,2.077895,2.077895,2.2318394,2.5829933,2.55359,3.1415925,2.896614,-2.3561945,0.0,0.0,0.0,0.0,0.0,0.0,0.0,0.0,0.0,0.0,0.0,-0.21866895,-0.05258306,0.049958397,0.16514868,0.21866895,0.30288488,0.34302393,0.32175055,0.1798535,-0.11065722,-0.4048918,-0.5585993,-0.8519663,-0.9600704,-1.0427219,-1.076855,-1.076855,-1.1071488,-1.1341692,-1.1341692,-1.2277724,-1.2490457,-1.2793396,-1.6951513,-2.0344439,-2.3561945
224,1760879482.681182,RX2,Walking,58,0.0,15.556349,17.691807,19.79899,21.260292,20.615528,20.808653,18.867962,17.0,13.416409,10.770329,8.062258,5.0,3.1622777,3.6055512,5.8309517,8.944272,9.848858,11.704699,13.416409,14.86607,13.601471,14.86607,12.649111,11.401754,9.219544,7.071068,0.0,0.0,0.0,0.0,0.0,0.0,0.0,0.0,0.0,0.0,0.0,11.401754,9.899495,9.899495,8.485281,6.4031243,4.472136,3.0,2.236068,3.1622777,5.8309517,8.602325,10.816654,13.038404,13.892444,15.652476,15.652476,16.155495,14.86607,15.811388,13.341663,11.401754,8.5440035,5.0,4.1231055,5.3851647,8.485281,0.0,-2.3561945,-2.3162158,-2.3561945,-2.4227626,-2.4592762,-2.5269296,-2.5829933,-2.6516354,-2.6779451,-2.7610862,-2.6224465,-2.4980915,-1.8925469,-0.98279375,-0.5404195,-0.4636476,-0.41822433,-0.348771,-0.4636476,-0.34302393,-0.29849893,-0.34302393,-0.32175055,-0.26625204,-0.21866895,-0.14189705,0.0,0.0,0.0,0.0,0.0,0.0,0.0,0.0,0.0,0.0,0.0,-0.90975314,-0.7853982,-0.7853982,-0.7853982,-0.67474097,-0.4636476,0.0,1.1071488,1.8925469,2.1112158,2.1910458,2.158799,2.1375256,2.0988708,2.0344439,2.0344439,1.9513026,1.9138203,1.8925469,1.7975951,1.8370484,1.929567,2.2142975,2.896614,-2.7610862,-2.3561945
225,1760879482.6838799,RX2,Walking,58,0.0,15.264338,18.601074,20.248457,20.248457,20.59126,20.615528,19.697716,17.088007,13.601471,11.401754,7.28011,4.472136,3.1622777,3.1622777,6.4031243,8.602325,10.816654,12.206555,13.60147,14.422205,14.422205,14.422205,13.892444,11.18034,9.848858,8.5440035,0.0,0.0,0.0,0.0,0.0,0.0,0.0,0.0,0.0,0.0,0.0,10.816654,10.816654,10.630146,8.485281,7.071068,4.472136,3.1622777,2.828427,4.0,6.3245554,8.944272,11.18034,12.999999,14.317821,14.86607,15.811388,15.524176,15.297058,15.132746,13.152946,11.045361,8.062258,5.3851647,3.6055512,5.3851647,7.8102493,0.0,-2.5899377,-2.508844,-2.567288,-2.567288,-2.634494,-2.7430701,-2.7233684,-2.782822,-2.8430936,-2.8753407,-2.863293,-2.6779451,-1.8925469,-1.2490457,-0.67474097,-0.6202495,-0.5880026,-0.61072594,-0.6287963,-0.5880026,-0.5880026,-0.5880026,-0.52807444,-0.4636476,-0.41822433,-0.35877067,0.0,0.0,0.0,0.0,0.0,0.0,0.0,0.0,0.0,0.0,0.0,-0.98279375,-0.98279375,-0.8519663,-0.7853982,-0.7853982,-0.4636476,-0.32175055,0.7853982,1.5707964,1.8925469,2.0344439,2.0344439,1.9655875,2.003204,1.9138203,1.8925469,1.8313987,1.7681919,1.7033478,1.7234457,1.6614562,1.6951513,1.9513026,2.55359,-2.7610862,-2.4468544
226,1760879482.685612,RX2,Walking,57,0.0,16.27882,17.46425,19.646885,20.248457,20.615528,19.235384,18.35756,15.264338,11.661903,8.602325,5.8309517,4.0,4.2426405,6.7082043,9.219544,12.369316,12.369316,13.341663,14.3178215,14.3178215,13.601471,11.401754,9.486833,8.246211,5.0,3.0,0.0,0.0,0.0,0.0,0.0,0.0,0.0,0.0,0.0,0.0,0.0,9.848858,10.29563,10.0,10.0,9.899495,8.485281,6.4031243,4.1231055,3.6055512,4.472136,7.071068,9.055386,11.045361,13.152946,15.132746,15.297058,16.492422,15.811388,17.088007,15.231546,12.999999,9.848858,7.071068,6.3245554,6.4031243,9.486833,0.0,-1.7561443,-1.801887,-1.82812,-1.9237868,-1.9693187,-2.0576956,-2.0831857,-2.1224513,-2.1112158,-2.1910458,-2.1112158,-1.5707964,-0.7853982,-0.4636476,-0.21866895,-0.24497867,-0.24497867,-0.22679885,-0.21109334,-0.21109334,-0.29849893,-0.26625204,-0.32175055,-0.24497867,0.0,0.0,0.0,0.0,0.0,0.0,0.0,0.0,0.0,0.0,0.0,0.0,0.0,0.41822433,0.5070985,0.6435011,0.6435011,0.7853982,0.7853982,0.8960554,1.3258177,2.158799,2.6779451,2.9996955,3.0309355,3.050933,2.9889433,3.009041,2.9441972,2.896614,2.819842,2.782822,2.7367008,2.7468016,2.7233684,2.9996955,-2.819842,-2.2455373,-1.8925469
227,1760879482.737751,RX2,Walking,71,0.0,7.071068,10.0,13.60147,13.60147,14.21267,15.0,14.21267,14.21267,9.899495,8.485281,7.071068,5.3851647,4.0,3.6055512,3.6055512,6.3245554,8.062258,6.4031243,7.8102493,9.219544,7.615773,5.0990195,9.219544,5.0,8.5440035,7.8102493,0.0,0.0,0.0,0.0,0.0,0.0,0.0,0.0,0.0,0.0,0.0,20.518286,18.439089,20.615528,18.867962,20.615528,18.027756,14.86607,13.928389,11.18034,11.661903,9.899495,8.944272,9.486833,10.049876,11.0,13.038405,12.369316,13.601471,14.86607,14.86607,13.601471,11.18034,9.848858,7.2111025,5.0,3.0,0.0,-0.7853982,-0.9272952,-0.94200003,-0.94200003,-0.8850668,-0.9272952,-0.8850668,-0.8850668,-0.7853982,-0.7853982,-0.7853982,-1.19029,-1.5707964,-2.158799,-2.55359,-2.819842,-2.6224465,-2.4668517,-2.2655346,-2.2794225,-1.9756881,-1.7681919,-1.7894653,-1.5707964,-1.929567,-0.69473827,0.0,0.0,0.0,0.0,0.0,0.0,0.0,0.0,0.0,0.0,0.0,2.3217254,2.4329665,2.4592762,2.5829933,2.7430701,2.8023,2.7985687,2.7744188,2.6779451,2.6011732,2.3561945,2.0344439,1.8925469,1.670465,1.5707964,1.4940244,1.3258177,1.2722974,1.2277724,1.2277724,1.2722974,1.1071488,1.152572,0.98279375,0.6435011,0.0
228,1760879482.765422,RX2,Walking,60,0.0,17.262676,12.1655245,9.055386,5.0,1.4142135,3.6055512,7.8102493,10.816654,11.401754,13.60147,14.866069,14.866069,14.866069,14.142136,12.7279215,9.899495,7.071068,5.0,2.236068,1.0,2.828427,5.656854,7.8102493,8.602325,9.433981,9.848858,0.0,0.0,0.0,0.0,0.0,0.0,0.0,0.0,0.0,0.0,0.0,5.0990195,7.0,10.049876,12.369316,13.928389,15.231546,16.552946,17.0,16.124516,15.264338,13.038404,10.816654,8.602325,5.8309517,1.4142135,2.0,5.0990195,8.062258,13.152946,16.03122,19.026297,21.0,22.022717,23.086792,22.203604,21.213203,0.0,-1.7454685,-1.735945,-1.6814536,-1.5707964,-0.7853982,0.5880026,0.87605804,0.98279375,0.90975314,0.94200003,0.8329813,0.8329813,0.8329813,0.7853982,0.7853982,0.7853982,0.7853982,0.9272952,1.1071488,3.1415925,-2.3561945,-2.3561945,-2.2655346,-2.1910458,-2.1293957,-1.9890207,0.0,0.0,0.0,0.0,0.0,0.0,0.0,0.0,0.0,0.0,0.0,1.3734008,1.5707964,1.670465,1.815775,1.9379702,1.9756881,2.0074234,2.0607536,2.0899425,2.1224513,2.1375256,2.158799,2.1910458,2.1112158,2.3561945,-1.5707964,-1.3734008,-1.4464413,-1.418147,-1.5083776,-1.5182133,-1.5707964,-1.6162196,-1.6575347,-1.7063241,-1.7126933
229,1760879482.769089,RX2,Walking,58,0.0,16.40122,19.209373,21.260292,21.931713,22.671568,22.022717,20.0,17.492855,13.892444,10.29563,8.062258,5.0,4.1231055,5.8309517,9.219544,11.313708,13.60147,15.0,15.811389,15.264338,16.40122,16.40122,14.422205,12.806249,10.29563,7.615773,0.0,0.0,0.0,0.0,0.0,0.0,0.0,0.0,0.0,0.0,0.0,13.341663,12.041595,11.0,11.0,9.055386,6.3245554,4.472136,3.6055512,4.472136,5.656854,10.0,11.401754,13.60147,14.866069,16.27882,16.970562,17.029387,16.40122,17.20465,15.264338,13.038404,9.433981,6.4031243,4.1231055,5.8309517,9.219544,0.0,2.485897,2.4668517,2.4227626,2.3884413,2.2937756,2.2597208,2.2142975,2.1112158,2.0988708,2.077895,2.0899425,2.4980915,-2.896614,-2.6011732,-2.2794225,-2.3561945,-2.1995926,-2.2142975,-2.176341,-2.1224513,-2.226492,-2.226492,-2.158799,-2.2455373,-2.077895,-1.9756881,0.0,0.0,0.0,0.0,0.0,0.0,0.0,0.0,0.0,0.0,0.0,-1.7975951,-1.6539376,-1.5707964,-1.5707964,-1.4601392,-1.2490457,-1.1071488,-0.5880026,0.4636476,0.7853982,0.9272952,0.90975314,0.94200003,0.8329813,0.8288491,0.7853982,0.7022569,0.6556956,0.6202495,0.551655,0.5667292,0.5585993,0.67474097,1.3258177,2.1112158,2.4329665
230,1760879482.855124,RX2,Walking,72,0.0,15.524176,14.764824,15.231546,13.928389,13.416409,11.661903,9.848858,9.848858,6.3245554,5.8309517,3.6055512,5.656854,6.7082043,7.8102493,9.433981,10.0,9.899495,10.0,10.29563,8.246211,6.3245554,5.0990195,2.828427,1.4142135,2.236068,3.6055512,0.0,0.0,0.0,0.0,0.0,0.0,0.0,0.0,0.0,0.0,0.0,21.400934,20.124613,18.973665,17.088007,14.86607,13.416409,11.18034,12.806249,13.453625,14.21267,16.40122,17.804493,17.804493,17.20465,16.970562,15.811389,15.0,14.21267,13.60147,9.433981,8.5440035,5.0,6.3245554,7.8102493,9.486833,11.18034,0.0,-1.3101939,-1.076855,-1.1659045,-1.2036225,-1.1071488,-1.0303768,-1.152572,-1.152572,-1.2490457,-2.1112158,-2.158799,-2.3561945,-2.6779451,-2.4468544,-2.5829933,-2.4980915,-2.3561945,-2.2142975,-2.077895,-1.815775,-1.8925469,-1.7681919,-2.3561945,-2.3561945,-2.6779451,-2.55359,0.0,0.0,0.0,0.0,0.0,0.0,0.0,0.0,0.0,0.0,0.0,0.9179497,1.1071488,1.2490457,1.2120256,1.2277724,1.1071488,1.1071488,0.8960554,0.8379812,0.6857295,0.6556956,0.66596925,0.66596925,0.6202495,0.7853982,0.6055447,0.6435011,0.6857295,0.6287963,0.5585993,0.35877067,0.0,-0.32175055,-0.87605804,-1.2490457,-1.1071488
231,1760879482.962977,RX2,Walking,74,0.0,14.866069,16.27882,12.806249,11.313708,7.8102493,6.4031243,5.0990195,5.3851647,6.4031243,8.602325,9.219544,10.630146,11.401754,10.630146,11.313708,10.816654,9.219544,9.433981,7.2111025,5.656854,5.0,4.2426405,4.2426405,3.6055512,4.2426405,3.6055512,0.0,0.0,0.0,0.0,0.0,0.0,0.0,0.0,0.0,0.0,0.0,18.601074,15.620499,15.811389,13.892444,15.652476,18.384775,21.931713,22.36068,24.186775,25.23886,25.0,24.758837,23.345234,19.849434,17.029387,13.453625,12.041595,9.433981,8.246211,8.0,9.848858,10.816654,11.313708,14.142136,14.142136,16.970562,0.0,0.7378151,0.8288491,0.8960554,0.7853982,0.69473827,0.67474097,0.19739556,-0.38050637,-0.8960554,-0.6202495,-0.86217004,-0.8519663,-0.90975314,-0.71883,-0.7853982,-0.5880026,-0.7086263,-0.5585993,-0.5880026,-0.7853982,-0.6435011,-0.7853982,-0.7853982,-0.5880026,-0.7853982,-0.98279375,0.0,0.0,0.0,0.0,0.0,0.0,0.0,0.0,0.0,0.0,0.0,2.203545,2.2655346,2.176341,2.0988708,2.0344439,1.9614034,1.9936502,2.0344439,2.0899425,2.158799,2.2142975,2.3276308,2.3864882,2.427502,2.4393358,2.4087775,2.2974386,2.1293957,1.815775,1.5707964,1.152572,0.98279375,0.7853982,0.7853982,0.7853982,0.7853982
232,1760879483.076721,RX2,Walking,58,0.0,13.0,15.0,17.0,18.110771,19.235384,19.416489,17.720043,16.763054,12.649111,10.770329,8.5440035,5.0990195,3.1622777,3.1622777,6.0,8.246211,10.440307,12.369316,13.601471,14.56022,14.86607,14.86607,13.928389,12.083046,10.29563,8.602325,0.0,0.0,0.0,0.0,0.0,0.0,0.0,0.0,0.0,0.0,0.0,10.440307,10.770329,10.770329,9.848858,8.944272,7.2111025,5.656854,3.6055512,3.1622777,3.6055512,6.3245554,8.246211,10.198039,12.369316,13.601471,14.86607,15.231546,15.231546,16.124516,15.264338,13.038404,10.816654,8.062258,5.0990195,3.6055512,5.0990195,0.0,1.5707964,1.5707964,1.5707964,1.4601392,1.4141945,1.3633001,1.2847449,1.2679114,1.2490457,1.19029,1.2120256,1.3734008,1.8925469,2.819842,3.1415925,-2.896614,-2.8501358,-2.896614,-2.8430936,-2.863293,-2.7985687,-2.7985687,-2.7744188,-2.714965,-2.634494,-2.5213432,0.0,0.0,0.0,0.0,0.0,0.0,0.0,0.0,0.0,0.0,0.0,-2.8501358,-2.7610862,-2.7610862,-2.7233684,-2.6779451,-2.55359,-2.3561945,-2.158799,-1.2490457,-0.5880026,-0.32175055,-0.24497867,-0.19739556,-0.24497867,-0.29849893,-0.34302393,-0.4048918,-0.4048918,-0.5191461,-0.551655,-0.5667292,-0.5880026,-0.5191461,-0.19739556,0.5880026,1.3734008
233,1760879483.091626,RX2,Walking,76,0.0,12.083046,8.602325,7.615773,3.1622777,3.6055512,3.6055512,6.0827622,6.3245554,9.055386,7.28011,9.055386,9.219544,8.246211,7.28011,7.28011,6.0,6.0827622,5.0990195,4.472136,4.472136,4.472136,5.0,4.1231055,4.1231055,4.472136,3.1622777,0.0,0.0,0.0,0.0,0.0,0.0,0.0,0.0,0.0,0.0,0.0,14.86607,17.0,19.235384,21.470911,24.166092,26.57066,27.202942,27.45906,28.160257,25.079874,24.020824,20.099752,17.029385,13.038405,9.486833,7.8102493,6.7082043,10.049876,11.401754,13.601471,13.928389,16.552946,15.231546,16.552946,15.264338,15.264338,0.0,-1.9974238,-2.1910458,-1.9756881,-1.8925469,2.55359,2.158799,1.735945,1.8925469,1.6814536,1.849096,1.6814536,1.7894653,1.815775,1.849096,1.849096,1.5707964,1.735945,1.3734008,1.1071488,1.1071488,1.1071488,0.9272952,1.3258177,1.3258177,1.1071488,1.2490457,0.0,0.0,0.0,0.0,0.0,0.0,0.0,0.0,0.0,0.0,0.0,-0.34302393,-0.48995733,-0.48689923,-0.48447794,-0.4266275,-0.34555557,-0.29849893,-0.18311082,-0.10673568,-0.07982998,-0.04164258,-0.09966865,-0.058755822,-0.07677189,-0.32175055,-0.69473827,-1.1071488,-1.4711276,-1.8370484,-1.8692952,-1.9379702,-2.0074234,-1.9756881,-2.0074234,-2.1224513,-2.1224513
234,1760879483.3427432,RX2,Walking,73,0.0,17.464249,16.492422,13.928389,10.29563,6.4031243,4.472136,6.0827622,10.770329,11.18034,14.422205,15.620499,15.811389,16.643316,15.264338,15.652476,14.317821,11.704699,9.486833,7.28011,5.8309517,5.0,6.7082043,8.062258,8.944272,9.219544,9.219544,0.0,0.0,0.0,0.0,0.0,0.0,0.0,0.0,0.0,0.0,0.0,15.811388,14.317821,11.401754,12.0,14.3178215,16.492422,18.973665,21.84033,24.5153,25.179356,26.07681,24.0,23.021729,21.213203,17.262676,13.152946,9.219544,6.0827622,4.472136,6.0827622,9.219544,11.401754,15.231546,17.088007,16.552946,18.384775,0.0,-0.41241044,-0.24497867,-0.36717382,-0.5070985,-0.67474097,-1.1071488,-1.735945,-1.9513026,-2.0344439,-2.158799,-2.2655346,-2.176341,-2.1421337,-2.1224513,-2.0344439,-2.003204,-1.9195673,-1.8925469,-1.849096,-2.1112158,-2.4980915,-2.6779451,-2.6224465,-2.6779451,-2.4329665,-2.4329665,0.0,0.0,0.0,0.0,0.0,0.0,0.0,0.0,0.0,0.0,0.0,1.8925469,2.003204,1.8370484,1.5707964,1.359703,1.3258177,1.2490457,1.2924967,1.3654009,1.4513674,1.4940244,1.5707964,1.6142472,1.7126933,1.7454685,1.7234457,1.7894653,1.4056476,1.1071488,0.16514868,-0.21866895,-0.26625204,-0.4048918,-0.35877067,-0.43662718,-0.39060703
235,1760879483.3544178,RX2,Walking,73,0.0,16.763054,15.264338,12.999999,10.198039,7.28011,5.8309517,5.8309517,7.615773,9.055386,11.0,12.1655245,13.341663,14.3178215,14.56022,13.928389,11.401754,11.18034,7.615773,6.3245554,5.0990195,6.0827622,6.7082043,7.615773,8.246211,10.198039,9.0,0.0,0.0,0.0,0.0,0.0,0.0,0.0,0.0,0.0,0.0,0.0,17.691807,12.806249,13.453625,11.661903,14.56022,17.720043,19.924858,23.409397,24.698177,26.400757,25.553865,25.23886,23.600847,20.0,17.691807,15.0,11.401754,7.28011,7.071068,5.8309517,8.602325,12.999999,14.86607,16.492422,17.720043,16.155495,0.0,1.8736812,2.1224513,1.9655875,1.7681919,1.849096,1.0303768,0.5404195,0.4048918,0.11065722,0.0,0.16514868,0.22679885,0.21109334,0.27829966,0.36717382,0.26625204,0.4636476,0.4048918,0.32175055,-0.19739556,-0.16514868,-0.4636476,-0.4048918,-0.24497867,-0.19739556,0.0,0.0,0.0,0.0,0.0,0.0,0.0,0.0,0.0,0.0,0.0,0.0,-2.3162158,-2.2455373,-2.4087775,-2.6011732,-2.863293,-2.8555412,-2.8357139,-2.7928216,-2.768605,-2.7118304,-2.6078844,-2.55359,-2.5065658,-2.4980915,-2.3961732,-2.4980915,-2.4805496,-2.863293,2.9996955,2.6011732,2.1910458,1.9655875,1.9138203,1.815775,1.8568478,1.9513026
236,1760879483.3754408,RX2,Walking,73,0.0,16.27882,15.620499,12.206555,10.0,7.615773,6.0827622,6.7082043,10.0,10.29563,13.416409,13.892444,15.811389,15.811389,14.866069,14.866069,14.21267,12.041595,9.219544,7.8102493,5.0,6.0827622,7.0,9.0,9.055386,10.440307,10.29563,0.0,0.0,0.0,0.0,0.0,0.0,0.0,0.0,0.0,0.0,0.0,17.088007,15.231546,13.416409,12.806249,14.21267,17.20465,19.416489,22.203604,24.839485,26.172506,26.400757,26.076809,24.186775,21.023798,17.464249,14.764824,10.816654,7.071068,6.3245554,7.28011,9.433981,12.041595,16.27882,17.029387,17.029387,17.691807,0.0,0.7419473,0.87605804,0.61072594,0.6435011,0.4048918,-0.16514868,-0.4636476,-0.9272952,-1.0636978,-1.1071488,-1.0427219,-0.9652517,-0.9652517,-0.8329813,-0.8329813,-0.6857295,-0.7266423,-0.86217004,-0.87605804,-0.9272952,-1.4056476,-1.5707964,-1.5707964,-1.4601392,-1.2793396,-1.0636978,0.0,0.0,0.0,0.0,0.0,0.0,0.0,0.0,0.0,0.0,0.0,2.782822,2.7367008,2.6779451,2.4668517,2.2565258,2.1910458,2.1730838,2.1962814,2.2706892,2.383215,2.490516,2.5748634,2.6224465,2.6992185,2.7291822,2.6476512,2.55359,2.3561945,1.8925469,1.2924967,1.012197,0.7266423,0.7419473,0.7022569,0.7022569,0.7454195
237,1760879483.418578,RX2,Walking,73,0.0,9.219544,11.401754,15.264338,16.124516,16.124516,15.264338,15.652476,14.317821,10.770329,9.486833,8.062258,6.0,6.3245554,6.4031243,7.2111025,7.615773,9.219544,9.848858,10.440307,9.848858,8.944272,8.062258,7.071068,5.656854,3.6055512,2.0,0.0,0.0,0.0,0.0,0.0,0.0,0.0,0.0,0.0,0.0,0.0,19.79899,21.633308,22.84732,21.84033,21.213203,18.0,15.033297,11.0,8.062258,5.8309517,5.656854,6.0827622,11.045361,13.038405,13.601471,14.86607,16.763054,16.763054,18.681541,17.088007,17.088007,14.86607,9.219544,9.219544,7.2111025,6.0,0.0,2.4329665,2.2318394,2.1224513,2.0899425,2.0899425,2.1224513,2.0344439,2.003204,1.9513026,1.8925469,1.6951513,1.5707964,1.2490457,0.67474097,0.5880026,0.4048918,0.21866895,0.41822433,0.2914568,0.41822433,0.4636476,0.5191461,0.7853982,0.7853982,0.5880026,0.0,0.0,0.0,0.0,0.0,0.0,0.0,0.0,0.0,0.0,0.0,0.0,-0.7853982,-0.5880026,-0.4048918,-0.27829966,-0.14189705,0.0,-0.066568166,0.0,-0.124354996,-0.5404195,-0.7853982,-1.4056476,-1.6614562,-1.6475682,-1.8692952,-1.9138203,-1.8736812,-1.8736812,-1.8417432,-1.929567,-1.929567,-1.9138203,-2.2794225,-2.2794225,-2.55359,3.1415925
238,1760879483.540301,RX2,Walking,58,0.0,23.345234,14.21267,9.899495,7.2111025,5.0,9.219544,11.661903,14.764824,15.231546,17.088007,20.124613,21.633308,21.095022,21.400934,20.615528,18.384775,14.866069,11.401754,9.219544,4.1231055,3.0,4.0,7.28011,9.848858,13.038404,12.7279215,0.0,0.0,0.0,0.0,0.0,0.0,0.0,0.0,0.0,0.0,0.0,5.8309517,7.28011,9.0,11.18034,12.369316,13.928389,16.155495,17.464249,17.0,14.317821,14.764824,11.18034,10.29563,6.4031243,4.2426405,3.1622777,5.0,8.602325,13.038404,16.643316,19.416489,22.203604,25.612497,26.24881,26.172506,24.839485,0.0,2.3864882,2.2565258,2.3561945,2.55359,3.1415925,-2.2794225,-2.1112158,-2.0647378,-1.9756881,-1.929567,-2.0344439,-2.158799,-2.1193457,-2.223643,-2.2531128,-2.3561945,-2.3086114,-2.2318394,-2.2794225,-1.815775,-1.5707964,0.0,0.27829966,0.41822433,0.5667292,0.7853982,0.0,0.0,0.0,0.0,0.0,0.0,0.0,0.0,0.0,0.0,0.0,-0.5404195,-0.27829966,0.0,0.1798535,0.24497867,0.36717382,0.38050637,0.41241044,0.48995733,0.43240777,0.49394137,0.4636476,0.5070985,0.67474097,0.7853982,1.8925469,2.4980915,2.5213432,2.5748634,2.5702553,2.5393052,2.5161076,2.4668517,2.4370985,2.329174,2.2706892
239,1760879483.574801,RX2,Walking,72,0.0,6.4031243,9.219544,10.29563,9.486833,12.369316,14.035668,15.033297,16.03122,14.0,12.041595,11.045361,10.0,8.062258,7.28011,4.472136,4.472136,4.1231055,7.0,8.0,9.0,9.219544,10.198039,10.770329,9.219544,8.602325,6.7082043,0.0,0.0,0.0,0.0,0.0,0.0,0.0,0.0,0.0,0.0,0.0,15.132746,17.46425,19.924858,21.540659,21.470911,23.021729,22.022717,21.931713,18.384775,16.27882,14.21267,11.401754,7.615773,8.062258,8.944272,9.219544,12.041595,15.0,16.124516,18.027756,18.35756,18.35756,16.124516,15.231546,12.649111,10.440307,0.0,2.4668517,2.2794225,2.077895,1.8925469,1.815775,1.6421038,1.6373645,1.6332152,1.5707964,1.487655,1.4801364,1.5707964,1.4464413,1.2924967,1.1071488,0.4636476,0.24497867,0.0,0.0,0.0,0.21866895,0.19739556,0.38050637,0.7086263,0.95054686,1.1071488,0.0,0.0,0.0,0.0,0.0,0.0,0.0,0.0,0.0,0.0,0.0,-1.4382448,-1.3397057,-1.2649175,-1.19029,-1.0863184,-0.9707461,-0.88187194,-0.817645,-0.7853982,-0.7419473,-0.8850668,-0.90975314,-1.1659045,-1.6951513,-2.0344439,-2.2794225,-2.4149504,-2.4980915,-2.6224465,-2.55359,-2.629203,-2.629203,-2.6224465,-2.7367008,-2.819842,-2.8501358
240,1760879483.6389,RX2,Walking,59,0.0,19.416489,14.422205,10.816654,6.3245554,3.6055512,7.071068,11.045361,15.033297,16.124516,19.0,21.023798,21.095024,21.37756,20.396078,18.439089,16.492422,12.369316,8.246211,5.0,2.236068,3.6055512,7.2111025,10.0,12.529964,14.317821,16.155495,0.0,0.0,0.0,0.0,0.0,0.0,0.0,0.0,0.0,0.0,0.0,5.0990195,7.071068,9.486833,11.18034,13.892444,15.264338,17.20465,17.804493,17.804493,17.804493,16.40122,15.0,11.401754,9.219544,6.4031243,3.1622777,4.2426405,7.615773,12.649111,15.811388,20.248457,22.472204,24.166092,25.942244,25.553865,24.698177,0.0,-0.60228735,-0.5880026,-0.5880026,-0.32175055,0.5880026,1.4288993,1.6614562,1.6373645,1.6951513,1.5707964,1.5232133,1.4758446,1.3825748,1.3734008,1.3521274,1.3258177,1.3258177,1.3258177,1.5707964,2.6779451,-2.55359,-2.158799,-2.2142975,-2.070143,-2.003204,-1.9513026,0.0,0.0,0.0,0.0,0.0,0.0,0.0,0.0,0.0,0.0,0.0,2.9441972,-2.9996955,-2.819842,-2.6779451,-2.6135182,-2.5899377,-2.5213432,-2.4756234,-2.4756234,-2.4756234,-2.485897,-2.4980915,-2.4805496,-2.4329665,-2.2455373,-1.8925469,-0.7853982,-0.4048918,-0.32175055,-0.32175055,-0.3529904,-0.36397895,-0.4266275,-0.4808873,-0.53370816,-0.55430746
241,1760879483.642596,RX2,Walking,59,0.0,19.235384,15.297058,10.440307,5.8309517,5.0990195,8.062258,12.041595,15.556349,16.27882,19.849434,20.615528,21.633308,21.095022,19.723083,19.235384,14.317821,11.704699,7.615773,3.6055512,1.0,4.1231055,7.071068,10.440307,12.369316,13.928389,15.652476,0.0,0.0,0.0,0.0,0.0,0.0,0.0,0.0,0.0,0.0,0.0,3.1622777,5.0,7.2111025,8.944272,11.704699,13.601471,15.297058,15.297058,16.27882,16.27882,14.3178215,13.341663,11.18034,8.062258,5.0,2.828427,4.0,7.615773,12.083046,15.652476,19.697716,22.472204,25.298222,25.96151,25.70992,24.5153,0.0,-2.9849908,-2.9441972,-2.8501358,-2.6011732,-1.7681919,-1.0516502,-0.844154,-0.7853982,-0.8288491,-0.85670567,-0.88847977,-0.98279375,-1.022247,-1.0390723,-1.0838971,-1.1383885,-1.2220253,-1.1659045,-0.98279375,0.0,1.815775,1.7126933,1.8622531,1.815775,1.9379702,2.0344439,0.0,0.0,0.0,0.0,0.0,0.0,0.0,0.0,0.0,0.0,0.0,0.32175055,0.6435011,0.98279375,1.1071488,1.2220253,1.2722974,1.3734008,1.3734008,1.3854483,1.3854483,1.359703,1.3439975,1.3909428,1.4464413,1.5707964,2.3561945,3.1415925,-2.7367008,-2.714965,-2.6779451,-2.7233684,-2.7776136,-2.819842,-2.868584,-2.9060476,-2.9361973
242,1760879483.6623318,RX2,Walking,58,0.0,18.35756,13.416409,9.433981,6.4031243,4.1231055,7.2111025,11.661903,14.764824,16.643316,18.867962,20.0,21.260292,21.931713,20.518286,19.104973,17.029387,14.21267,10.630146,7.8102493,4.1231055,3.6055512,5.0990195,8.062258,10.198039,12.649111,14.317821,0.0,0.0,0.0,0.0,0.0,0.0,0.0,0.0,0.0,0.0,0.0,7.615773,9.055386,12.0,13.152946,15.297058,15.524176,16.492422,17.720043,16.763054,16.763054,14.56022,12.369316,9.486833,7.615773,4.2426405,3.0,5.0,9.219544,12.806249,16.27882,19.79899,22.627417,24.08319,25.0,25.23886,23.323807,0.0,0.5123895,0.4636476,0.5585993,0.8960554,1.815775,2.55359,2.6011732,2.6476512,2.5702553,2.5829933,2.4980915,2.4227626,2.3884413,2.3217254,2.3191743,2.2730532,2.2565258,2.2896264,2.4468544,2.896614,-2.55359,-1.7681919,-1.4464413,-1.3734008,-1.2490457,-1.1383885,0.0,0.0,0.0,0.0,0.0,0.0,0.0,0.0,0.0,0.0,0.0,-1.9756881,-1.6814536,-1.5707964,-1.418147,-1.3734008,-1.3101939,-1.3258177,-1.2847449,-1.2679114,-1.2679114,-1.2924967,-1.3258177,-1.2490457,-1.1659045,-0.7853982,0.0,0.6435011,0.86217004,0.8960554,0.8288491,0.7853982,0.7853982,0.7266423,0.6435011,0.5880026,0.5404195
243,1760879483.796619,RX2,Walking,79,0.0,22.090721,28.01785,27.073975,27.294687,26.925823,24.166092,23.706537,18.439089,17.029387,6.0,8.0,9.433981,17.0,15.297058,21.023798,31.06445,23.086792,25.01999,30.016663,19.235384,29.73214,14.422205,15.811388,8.062258,3.0,20.099752,0.0,0.0,0.0,0.0,0.0,0.0,0.0,0.0,0.0,0.0,0.0,20.22375,25.0,27.89265,31.780497,32.202484,31.780497,30.463093,25.806976,22.022717,19.209373,13.60147,7.8102493,6.0,3.6055512,8.062258,9.0,13.0,10.440307,14.035668,11.045361,9.055386,6.3245554,1.4142135,3.6055512,9.219544,14.86607,0.0,-3.050933,-3.1058936,3.0676537,2.9945142,2.7610862,2.714965,2.6590793,2.4329665,2.4393358,1.5707964,1.5707964,0.5585993,0.48995733,0.19739556,0.047583103,-0.06442684,0.08673834,-0.039978687,-0.033320997,0.15660188,0.34302393,0.98279375,0.32175055,1.6951513,-1.5707964,3.041924,0.0,0.0,0.0,0.0,0.0,0.0,0.0,0.0,0.0,0.0,0.0,-2.9927027,-2.8577986,-2.8879185,-2.7201734,-2.691833,-2.7201734,-2.7367008,-2.5213432,-2.4526682,-2.4668517,-2.5127964,-2.2655346,-1.5707964,-0.98279375,-0.124354996,0.0,0.0,-0.2914568,-0.071307465,-0.09065989,-0.11065722,-0.32175055,-0.7853982,-2.55359,-2.9229238,-2.7985687
244,1760879483.8085492,RX2,Walking,58,0.0,19.235384,14.3178215,10.049876,7.0,5.0,6.3245554,10.0,12.041595,14.035668,16.03122,17.0,18.027758,19.104973,18.248287,17.262676,15.297058,12.369316,9.055386,7.0,4.472136,4.472136,6.0827622,8.944272,9.433981,12.041595,12.7279215,0.0,0.0,0.0,0.0,0.0,0.0,0.0,0.0,0.0,0.0,0.0,3.1622777,5.0,6.7082043,8.246211,11.18034,12.1655245,14.142136,15.132746,16.124516,15.297058,14.56022,13.341663,11.401754,9.486833,7.28011,4.0,2.828427,5.0,9.219544,12.1655245,15.297058,18.110771,21.023798,22.0,23.086792,21.213203,0.0,1.4141945,1.359703,1.4711276,1.5707964,2.2142975,2.819842,3.1415925,-3.0584514,-3.070285,-3.0791738,3.1415925,3.0860941,3.0367157,2.976444,2.9669204,2.9441972,2.896614,3.0309355,3.1415925,-2.6779451,-2.0344439,-1.4056476,-1.1071488,-1.012197,-0.844154,-0.7853982,0.0,0.0,0.0,0.0,0.0,0.0,0.0,0.0,0.0,0.0,0.0,-1.2490457,-0.6435011,-0.4636476,-0.24497867,-0.1798535,-0.16514868,-0.14189705,-0.13255154,-0.124354996,-0.19739556,-0.27829966,-0.22679885,-0.26625204,-0.32175055,-0.27829966,0.0,0.7853982,1.5707964,1.7894653,1.735945,1.7681919,1.6814536,1.6183795,1.5707964,1.484058,1.4288993
245,1760879483.841915,RX2,Walking,59,0.0,21.213203,17.262676,13.152946,9.055386,4.1231055,3.0,7.071068,11.313708,12.7279215,16.27882,18.439089,19.209373,20.0,20.808653,19.416489,18.027756,14.422205,11.401754,7.8102493,4.2426405,1.0,3.1622777,6.7082043,9.433981,11.401754,13.453625,0.0,0.0,0.0,0.0,0.0,0.0,0.0,0.0,0.0,0.0,0.0,4.1231055,6.7082043,8.944272,11.401754,13.60147,15.0,17.029387,17.691807,17.691807,17.691807,16.27882,14.866069,12.041595,9.219544,5.656854,3.1622777,3.1622777,7.0,11.18034,15.132746,19.104973,22.090721,25.0,26.019222,26.07681,26.172506,0.0,-1.7126933,-1.7454685,-1.7234457,-1.6814536,-1.3258177,0.0,0.7853982,0.7853982,0.7853982,0.7419473,0.7086263,0.67474097,0.6435011,0.61466295,0.60228735,0.5880026,0.5880026,0.66104317,0.69473827,0.7853982,1.5707964,-2.819842,-2.6779451,-2.5829933,-2.4805496,-2.4087775,0.0,0.0,0.0,0.0,0.0,0.0,0.0,0.0,0.0,0.0,0.0,1.815775,2.0344439,2.0344439,2.2318394,2.1995926,2.2142975,2.2730532,2.3162158,2.3162158,2.3162158,2.3127437,2.3086114,2.2974386,2.2794225,2.3561945,2.819842,-1.8925469,-1.5707964,-1.3909428,-1.4382448,-1.4659194,-1.4801364,-1.5707964,-1.6092389,-1.6475682,-1.6856729
246,1760879484.044246,RX2,Walking,60,0.0,21.095022,17.20465,13.60147,9.219544,5.8309517,5.3851647,8.485281,11.401754,13.60147,15.811389,17.804493,19.104973,19.79899,19.849434,19.849434,17.804493,14.422205,12.206555,9.219544,5.656854,3.1622777,2.236068,5.0,7.28011,9.486833,11.704699,0.0,0.0,0.0,0.0,0.0,0.0,0.0,0.0,0.0,0.0,0.0,3.1622777,5.0,7.28011,10.29563,12.529964,13.892444,16.124516,17.492855,16.643316,16.643316,16.643316,14.422205,12.206555,10.0,7.071068,4.1231055,4.472136,7.071068,12.206555,15.811389,18.601074,22.022717,24.08319,24.758837,25.495098,25.0,0.0,-2.5930433,-2.5213432,-2.5127964,-2.4329665,-2.1112158,-1.19029,-0.7853982,-0.66104317,-0.6287963,-0.6055447,-0.66596925,-0.74837804,-0.7853982,-0.85670567,-0.85670567,-0.90482706,-0.98279375,-0.9600704,-0.86217004,-0.7853982,-0.32175055,1.1071488,1.5707964,1.849096,1.8925469,1.9195673,0.0,0.0,0.0,0.0,0.0,0.0,0.0,0.0,0.0,0.0,0.0,1.2490457,1.5707964,1.849096,2.077895,2.070143,2.0988708,2.0899425,2.1112158,2.1421337,2.1421337,2.1421337,2.158799,2.1815224,2.2142975,2.3561945,2.896614,-2.6779451,-2.3561945,-2.1815224,-2.176341,-2.203545,-2.2597208,-2.2974386,-2.3847582,-2.411693,-2.4980915
247,1760879484.1055949,RX2,Walking,81,0.0,11.661903,13.038404,10.816654,10.630146,7.8102493,5.0990195,2.236068,3.6055512,3.6055512,8.602325,6.3245554,12.806249,15.620499,17.029387,16.40122,16.40122,13.60147,15.0,10.29563,7.8102493,7.071068,4.472136,6.0,10.770329,17.0,20.615528,0.0,0.0,0.0,0.0,0.0,0.0,0.0,0.0,0.0,0.0,0.0,17.888544,21.954498,23.600847,26.400757,26.925825,28.178003,25.553865,24.41311,22.36068,19.416489,16.40122,15.620499,9.433981,6.7082043,4.0,1.4142135,4.0,6.0,6.0,6.0827622,3.6055512,5.3851647,7.28011,7.8102493,8.5440035,9.486833,0.0,1.0303768,1.0040671,0.98279375,0.71883,0.69473827,0.19739556,-0.4636476,-0.5880026,-2.158799,-2.5213432,-1.8925469,-2.2455373,-2.2655346,-2.2730532,-2.485897,-2.485897,-2.5127964,-2.2142975,-2.077895,-2.2655346,-1.7126933,-1.1071488,0.0,0.38050637,0.48995733,0.68231654,0.0,0.0,0.0,0.0,0.0,0.0,0.0,0.0,0.0,0.0,0.0,2.6779451,2.616797,2.5065658,2.7118304,2.5948038,2.6620734,2.6078844,2.5308666,2.6779451,2.5393052,2.226492,2.4468544,2.5829933,2.0344439,1.5707964,0.7853982,0.0,0.0,0.0,0.16514868,0.5880026,0.38050637,0.27829966,0.69473827,1.2120256,1.2490457
248,1760879484.372193,RX2,Walking,78,0.0,13.453625,14.142136,17.804493,18.601074,16.40122,15.620499,15.264338,12.806249,11.401754,12.529964,5.0,7.071068,7.28011,8.944272,9.848858,10.049876,15.524176,12.041595,13.341663,11.18034,10.816654,4.1231055,14.3178215,3.1622777,9.848858,7.071068,0.0,0.0,0.0,0.0,0.0,0.0,0.0,0.0,0.0,0.0,0.0,8.246211,8.602325,8.485281,8.602325,11.661903,12.529964,13.892444,15.231546,18.788294,17.0,18.027756,19.235384,20.59126,17.492855,17.20465,15.652476,11.704699,11.704699,10.440307,7.28011,7.28011,5.3851647,5.3851647,7.071068,6.7082043,9.433981,0.0,-0.7328151,-0.7853982,-0.90482706,-0.93804747,-0.9151007,-0.87605804,-1.0191413,-0.8960554,-0.90975314,-1.0714496,-0.6435011,-0.14189705,0.27829966,0.4636476,1.152572,1.4711276,1.3101939,1.6539376,1.3439975,2.0344439,2.158799,1.815775,2.9304993,1.8925469,-1.9890207,-2.3561945,0.0,0.0,0.0,0.0,0.0,0.0,0.0,0.0,0.0,0.0,0.0,2.896614,2.5213432,2.3561945,2.1910458,2.1112158,2.070143,2.0988708,1.9756881,2.010639,2.0607536,2.158799,2.0576956,2.077895,2.1112158,2.1910458,2.0344439,1.9195673,1.9195673,1.8622531,1.849096,1.2924967,1.19029,0.38050637,-0.14189705,-0.4636476,-0.5585993
249,1760879484.378776,RX2,Walking,77,0.0,19.313208,16.155495,16.492422,15.811388,16.124516,14.3178215,13.601471,11.401754,6.3245554,6.0827622,5.0,7.0,5.3851647,9.219544,12.041595,14.422205,15.264338,12.529964,14.317821,13.341663,10.049876,9.219544,4.472136,3.1622777,5.8309517,9.055386,0.0,0.0,0.0,0.0,0.0,0.0,0.0,0.0,0.0,0.0,0.0,7.071068,7.28011,9.055386,10.0,12.041595,14.3178215,17.117243,15.297058,17.262676,20.396078,20.396078,22.090721,21.095024,19.104973,18.439089,16.27882,14.56022,12.083046,11.18034,9.433981,6.4031243,7.071068,7.615773,9.899495,10.630146,12.083046,0.0,1.9416876,1.9513026,1.815775,1.8925469,1.6951513,1.7818897,1.8692952,2.2318394,1.8925469,2.976444,3.1415925,3.1415925,-2.7610862,-2.4329665,-2.2974386,-2.158799,-2.1224513,-2.070143,-2.003204,-1.7975951,-1.670465,-1.3521274,-1.1071488,0.32175055,1.0303768,1.4601392,0.0,0.0,0.0,0.0,0.0,0.0,0.0,0.0,0.0,0.0,0.0,-0.7853982,-1.2924967,-1.4601392,-1.5707964,-1.6539376,-1.7818897,-1.6879051,-1.7681919,-1.7454685,-1.7681919,-1.7681919,-1.6614562,-1.665748,-1.6756732,-1.7894653,-1.7561443,-1.849096,-1.9974238,-2.0344439,-2.1293957,-2.4668517,-2.9996955,2.7367008,2.3561945,2.2896264,1.9974238
250,1760879484.477966,RX2,Walking,77,0.0,8.602325,8.944272,12.369316,12.649111,14.035668,18.027758,14.142136,16.03122,12.1655245,11.401754,9.219544,7.615773,5.8309517,3.0,4.2426405,7.8102493,9.848858,11.18034,13.038405,15.0,15.297058,15.231546,15.264338,13.453625,9.899495,5.3851647,0.0,0.0,0.0,0.0,0.0,0.0,0.0,0.0,0.0,0.0,0.0,19.924858,17.46425,13.601471,13.928389,11.704699,12.041595,10.0,10.440307,12.369316,11.661903,14.422205,17.0,18.027756,18.35756,20.248457,16.643316,16.643316,15.811389,16.643316,17.691807,15.620499,13.453625,9.899495,8.602325,8.5440035,5.3851647,0.0,0.6202495,0.4636476,0.24497867,0.32175055,0.071307465,0.055498507,0.14189705,-0.06241881,0.16514868,0.26625204,0.21866895,0.4048918,0.5404195,1.5707964,2.3561945,2.4468544,2.7233684,2.961739,3.0648208,3.1415925,-2.9441972,-2.7367008,-2.5899377,-2.4087775,-2.3561945,-1.9513026,0.0,0.0,0.0,0.0,0.0,0.0,0.0,0.0,0.0,0.0,0.0,-2.8357139,-2.910502,-2.8430936,-2.7744188,-2.7928216,-3.0584514,3.1415925,2.8501358,2.896614,2.6011732,2.55359,2.6516354,2.55359,2.629203,2.567288,2.5702553,2.5702553,2.536048,2.5702553,2.3961732,2.4468544,2.3036115,2.3561945,2.1910458,1.929567,1.19029
251,1760879484.563336,RX2,Walking,77,0.0,22.36068,19.104973,16.124516,15.033297,14.142136,12.1655245,13.601471,8.944272,6.4031243,5.0990195,6.0,9.0,8.246211,10.198039,10.770329,10.440307,10.440307,9.219544,8.0,6.0827622,3.1622777,1.0,2.828427,5.8309517,9.219544,11.313708,0.0,0.0,0.0,0.0,0.0,0.0,0.0,0.0,0.0,0.0,0.0,13.416409,17.029387,17.691807,18.601074,19.235384,20.248457,21.37756,18.027758,19.026297,18.0,17.029385,15.033297,14.035668,13.038405,12.369316,10.29563,10.816654,13.453625,14.422205,17.492855,18.027756,20.615528,21.540659,21.84033,22.135942,22.84732,0.0,0.1798535,0.10487694,0.124354996,0.066568166,-0.14189705,-0.16514868,-0.29849893,-0.4636476,-0.8960554,-1.3734008,-1.5707964,-1.5707964,-1.815775,-1.7681919,-1.9513026,-1.8622531,-1.8622531,-1.7894653,-1.5707964,-1.735945,-1.2490457,-1.5707964,2.3561945,2.1112158,2.4329665,2.3561945,0.0,0.0,0.0,0.0,0.0,0.0,0.0,0.0,0.0,0.0,0.0,0.4636476,0.7022569,0.82537687,0.93804747,1.0838971,1.217806,1.3825748,1.5152978,1.5182133,1.5707964,1.6295521,1.6373645,1.4994888,1.4940244,1.3258177,1.0636978,0.98279375,0.7328151,0.5880026,0.5404195,0.5880026,0.39852244,0.38050637,0.27829966,0.32175055,0.4048918
252,1760879484.8017201,RX2,Walking,84,0.0,22.561028,20.615528,15.811389,16.40122,15.132746,14.21267,13.453625,13.453625,14.142136,18.439089,14.142136,13.928389,12.999999,13.038404,12.369316,10.770329,11.18034,17.720043,9.0,13.038405,10.049876,6.0827622,6.0,10.440307,7.071068,9.486833,0.0,0.0,0.0,0.0,0.0,0.0,0.0,0.0,0.0,0.0,0.0,6.0827622,8.944272,6.4031243,1.0,4.472136,6.0,6.0827622,2.236068,2.0,3.6055512,8.5440035,5.8309517,8.485281,5.0990195,2.236068,3.6055512,4.2426405,10.29563,7.8102493,9.486833,5.3851647,12.529964,9.219544,11.18034,35.35534,25.079874,0.0,1.7942729,0.39852244,0.9652517,0.9151007,1.4382448,0.6857295,0.8379812,0.7328151,0.7853982,0.86217004,0.7853982,0.36717382,0.39479113,0.5667292,0.24497867,0.38050637,-0.1798535,-0.28605142,0.0,0.07677189,0.09966865,-0.16514868,0.0,-0.2914568,0.14189705,0.32175055,0.0,0.0,0.0,0.0,0.0,0.0,0.0,0.0,0.0,0.0,0.0,-1.4056476,-2.0344439,-2.4668517,3.1415925,2.6779451,-1.5707964,1.4056476,1.1071488,0.0,2.158799,1.2120256,2.1112158,0.7853982,1.7681919,1.1071488,0.98279375,0.7853982,1.0636978,0.69473827,1.2490457,1.19029,2.070143,0.86217004,1.3909428,0.7853982,1.6506263
253,1760879484.896734,RX2,Walking,87,0.0,18.973665,17.088007,18.788294,15.811388,16.552946,16.552946,15.652476,21.470911,19.416489,11.045361,14.317821,9.848858,10.440307,16.03122,14.0,17.029385,17.029385,11.045361,9.219544,9.848858,17.029385,14.3178215,9.055386,11.661903,9.848858,11.18034,0.0,0.0,0.0,0.0,0.0,0.0,0.0,0.0,0.0,0.0,0.0,6.3245554,8.0,3.6055512,2.236068,5.0990195,3.1622777,6.0827622,1.0,1.4142135,3.1622777,4.1231055,9.433981,3.6055512,4.1231055,7.615773,10.0,8.602325,10.630146,8.5440035,11.704699,13.038405,13.928389,16.124516,17.0,11.704699,19.104973,0.0,0.32175055,0.35877067,0.43984258,0.32175055,0.43662718,0.43662718,0.4636476,0.48447794,0.20749623,-0.09065989,0.43240777,0.41822433,0.2914568,0.06241881,0.0,0.058755822,0.058755822,0.09065989,-0.21866895,-0.41822433,-0.058755822,-0.21109334,-0.11065722,-0.5404195,-0.41822433,-0.1798535,0.0,0.0,0.0,0.0,0.0,0.0,0.0,0.0,0.0,0.0,0.0,-2.819842,3.1415925,2.55359,-1.1071488,-2.9441972,-1.8925469,0.16514868,3.1415925,-0.7853982,-1.8925469,-0.24497867,0.5585993,0.5880026,0.24497867,0.4048918,0.6435011,0.6202495,0.71883,0.35877067,0.348771,0.07677189,0.36717382,0.5191461,0.48995733,0.348771,0.74837804
254,1760879485.075783,RX2,Walking,58,0.0,17.0,17.888544,19.313208,18.973665,18.439089,17.262676,15.132746,12.041595,8.062258,6.3245554,4.2426405,5.0990195,7.071068,9.219544,11.401754,13.341663,13.341663,14.3178215,14.3178215,14.3178215,12.369316,11.401754,9.848858,7.2111025,5.656854,4.1231055,0.0,0.0,0.0,0.0,0.0,0.0,0.0,0.0,0.0,0.0,0.0,12.041595,11.045361,10.198039,8.246211,6.3245554,5.0,3.1622777,3.1622777,5.656854,7.8102493,10.816654,12.806249,14.21267,15.556349,15.620499,15.811389,15.264338,13.416409,13.928389,11.704699,8.944272,6.4031243,4.472136,6.0827622,8.944272,11.18034,0.0,0.48995733,0.4636476,0.37089127,0.32175055,0.21866895,0.1746722,0.13255154,0.08314123,0.124354996,0.32175055,0.7853982,1.3734008,1.7126933,1.7894653,1.8370484,1.7975951,1.7975951,1.7818897,1.7818897,1.7818897,1.815775,1.8370484,1.9890207,2.158799,2.3561945,2.896614,0.0,0.0,0.0,0.0,0.0,0.0,0.0,0.0,0.0,0.0,0.0,-3.0584514,-3.050933,-2.9441972,-2.896614,-2.819842,-2.4980915,-1.8925469,-1.2490457,-0.7853982,-0.69473827,-0.5880026,-0.67474097,-0.6857295,-0.7853982,-0.87605804,-0.9652517,-1.0191413,-1.1071488,-1.2036225,-1.2220253,-1.1071488,-0.8960554,-0.4636476,0.16514868,0.4636476,0.4636476
255,1760879485.079442,RX2,Walking,57,0.0,18.110771,19.235384,21.023798,20.0,20.024984,18.110771,17.262676,14.3178215,10.198039,8.062258,6.0,5.0,5.8309517,8.246211,10.049876,12.041595,13.0,14.0,15.033297,15.0,14.0,13.038405,12.041595,10.049876,8.5440035,6.4031243,0.0,0.0,0.0,0.0,0.0,0.0,0.0,0.0,0.0,0.0,0.0,9.848858,8.246211,7.071068,5.0,2.828427,3.1622777,5.0990195,6.7082043,9.433981,12.206555,14.422205,15.264338,16.552946,16.552946,16.763054,16.492422,15.297058,14.142136,13.038405,11.045361,9.055386,5.8309517,5.0,6.0,9.055386,12.369316,0.0,0.11065722,0.15660188,0.047583103,0.0,-0.049958397,-0.11065722,-0.1746722,-0.21109334,-0.19739556,-0.124354996,0.0,0.6435011,1.0303768,1.3258177,1.4711276,1.487655,1.5707964,1.5707964,1.5042281,1.5707964,1.5707964,1.6475682,1.6539376,1.670465,1.929567,2.2455373,0.0,0.0,0.0,0.0,0.0,0.0,0.0,0.0,0.0,0.0,0.0,2.7233684,2.896614,2.9996955,3.1415925,-2.3561945,-1.8925469,-1.3734008,-1.1071488,-1.012197,-0.9600704,-0.98279375,-1.0191413,-1.1341692,-1.1341692,-1.2679114,-1.3258177,-1.3734008,-1.4288993,-1.4940244,-1.4801364,-1.4601392,-1.0303768,-0.6435011,0.0,0.11065722,0.24497867
256,1760879485.152351,RX2,Walking,58,0.0,21.400934,22.472204,24.186775,23.259407,22.472204,20.880613,18.439089,15.297058,11.401754,8.944272,8.485281,9.433981,10.770329,12.369316,15.297058,17.262676,17.46425,17.46425,17.720043,16.763054,15.524176,13.341663,11.18034,9.0,7.28011,6.4031243,0.0,0.0,0.0,0.0,0.0,0.0,0.0,0.0,0.0,0.0,0.0,11.704699,11.704699,10.440307,8.246211,7.0,5.0990195,5.0,4.472136,7.071068,9.055386,12.041595,14.035668,15.0,17.029385,18.248287,17.720043,17.088007,16.155495,15.652476,14.764824,12.083046,10.198039,9.055386,9.848858,12.206555,15.620499,0.0,-2.488746,-2.5782764,-2.6224465,-2.6971734,-2.7776136,-2.8501358,-2.9229238,-2.9441972,-2.8753407,-2.6779451,-2.3561945,-2.1293957,-1.9513026,-1.815775,-1.7681919,-1.7454685,-1.801887,-1.801887,-1.8568478,-1.8736812,-1.8313987,-1.7975951,-1.7506498,-1.5707964,-1.2924967,-0.8960554,0.0,0.0,0.0,0.0,0.0,0.0,0.0,0.0,0.0,0.0,0.0,1.2220253,1.2220253,1.2793396,1.3258177,1.5707964,1.7681919,2.2142975,2.6779451,2.9996955,-3.0309355,-3.0584514,-3.070285,3.1415925,3.0828369,2.976444,2.8555412,2.782822,2.7610862,2.6779451,2.6476512,2.714965,2.9441972,-3.0309355,-2.7233684,-2.5308666,-2.4468544
257,1760879485.155823,RX2,Walking,58,0.0,18.248287,19.646885,20.099752,19.026297,19.026297,17.262676,15.297058,13.341663,10.198039,8.0,7.28011,6.7082043,8.485281,10.630146,12.806249,14.21267,14.21267,14.866069,14.866069,14.142136,14.142136,12.7279215,10.630146,9.433981,8.5440035,7.0,0.0,0.0,0.0,0.0,0.0,0.0,0.0,0.0,0.0,0.0,0.0,10.0,9.433981,8.062258,6.7082043,5.0990195,4.0,3.6055512,4.472136,6.3245554,8.246211,10.198039,11.401754,13.601471,13.928389,14.764824,14.422205,14.21267,13.453625,12.7279215,10.630146,9.219544,8.062258,8.246211,9.0,10.198039,12.649111,0.0,1.735945,1.82812,1.670465,1.6233793,1.5182133,1.3961241,1.3734008,1.3439975,1.3734008,1.5707964,1.849096,2.0344439,2.3561945,2.4227626,2.4668517,2.4558632,2.4558632,2.4037776,2.4037776,2.3561945,2.3561945,2.3561945,2.4227626,2.5829933,2.782822,3.1415925,0.0,0.0,0.0,0.0,0.0,0.0,0.0,0.0,0.0,0.0,0.0,-0.6435011,-0.5585993,-0.5191461,-0.4636476,-0.19739556,0.0,0.5880026,1.1071488,1.2490457,1.3258177,1.3734008,1.3045443,1.2722974,1.2036225,1.076855,0.98279375,0.8850668,0.8379812,0.7853982,0.71883,0.86217004,1.0516502,1.3258177,1.5707964,1.7681919,1.8925469
258,1760879485.159719,RX2,Walking,58,0.0,18.027758,19.026297,20.22375,19.416489,18.681541,18.384775,15.231546,14.317821,9.848858,8.246211,8.0,8.246211,8.944272,10.29563,12.206555,14.422205,14.422205,14.422205,15.264338,15.264338,13.892444,13.038404,11.401754,9.899495,8.602325,6.7082043,0.0,0.0,0.0,0.0,0.0,0.0,0.0,0.0,0.0,0.0,0.0,9.219544,8.485281,7.8102493,6.4031243,4.472136,4.0,4.472136,5.656854,7.2111025,8.944272,11.18034,12.529964,13.892444,15.0,14.866069,14.866069,14.21267,13.038404,13.038404,11.661903,9.433981,8.485281,8.062258,9.219544,11.0,13.0,0.0,3.0860941,3.0890095,2.9927027,2.9340963,2.8706458,2.7509856,2.7367008,2.709185,2.7233684,2.896614,3.1415925,-2.896614,-2.6779451,-2.634494,-2.5308666,-2.55359,-2.55359,-2.55359,-2.5899377,-2.5899377,-2.6135182,-2.5748634,-2.4805496,-2.3561945,-2.1910458,-2.0344439,0.0,0.0,0.0,0.0,0.0,0.0,0.0,0.0,0.0,0.0,0.0,0.7086263,0.7853982,0.87605804,0.8960554,1.1071488,1.5707964,2.0344439,2.3561945,2.55359,2.6779451,2.6779451,2.642246,2.6135182,2.4980915,2.4037776,2.3086114,2.2565258,2.1375256,2.1375256,2.1112158,2.1293957,2.3561945,2.6224465,2.9229238,3.1415925,3.1415925
259,1760879485.211176,RX2,Walking,59,0.0,18.248287,18.248287,19.646885,19.313208,18.788294,17.888544,15.264338,13.60147,10.29563,8.944272,7.071068,7.071068,8.5440035,10.770329,12.999999,13.416409,14.317821,14.86607,14.86607,13.928389,12.999999,12.083046,10.29563,7.8102493,7.2111025,6.3245554,0.0,0.0,0.0,0.0,0.0,0.0,0.0,0.0,0.0,0.0,0.0,10.630146,10.630146,9.899495,8.485281,7.8102493,5.8309517,4.1231055,4.1231055,5.0,7.2111025,9.433981,10.816654,12.206555,13.453625,14.142136,14.21267,14.422205,13.416409,14.317821,12.999999,10.770329,8.944272,8.485281,8.944272,10.440307,12.1655245,0.0,1.4056476,1.4056476,1.3134726,1.199905,1.1309538,1.1071488,1.0191413,0.94200003,1.0636978,1.1071488,1.4288993,1.7126933,1.929567,1.9513026,1.9655875,2.0344439,2.003204,1.9138203,1.9138203,1.9379702,1.9655875,1.9974238,2.077895,2.2655346,2.55359,2.819842,0.0,0.0,0.0,0.0,0.0,0.0,0.0,0.0,0.0,0.0,0.0,-0.8519663,-0.8519663,-0.7853982,-0.7853982,-0.69473827,-0.5404195,-0.24497867,0.24497867,0.6435011,0.98279375,1.012197,0.98279375,0.9600704,0.8379812,0.7853982,0.6857295,0.5880026,0.4636476,0.43240777,0.39479113,0.38050637,0.4636476,0.7853982,1.1071488,1.2793396,1.4056476
260,1760879485.333202,RX2,Walking,58,0.0,17.720043,19.924858,21.189621,20.615528,20.124613,18.867962,17.20465,15.0,12.806249,10.0,8.5440035,8.062258,8.062258,10.440307,11.704699,12.999999,14.317821,15.231546,15.231546,15.652476,15.652476,14.317821,12.529964,10.816654,10.0,8.602325,0.0,0.0,0.0,0.0,0.0,0.0,0.0,0.0,0.0,0.0,0.0,9.486833,8.5440035,6.7082043,5.8309517,4.2426405,3.1622777,3.6055512,4.2426405,7.8102493,10.0,10.816654,12.806249,14.142136,15.0,15.264338,15.652476,15.231546,13.601471,13.601471,12.369316,9.486833,8.062258,7.8102493,8.944272,9.486833,12.1655245,0.0,2.8555412,2.8357139,2.8049178,2.7430701,2.6779451,2.5829933,2.5213432,2.4980915,2.4668517,2.4980915,2.782822,3.0172377,-3.0172377,-2.8501358,-2.7928216,-2.7468016,-2.709185,-2.7367008,-2.7367008,-2.6779451,-2.6779451,-2.709185,-2.642246,-2.55359,-2.4980915,-2.1910458,0.0,0.0,0.0,0.0,0.0,0.0,0.0,0.0,0.0,0.0,0.0,0.32175055,0.35877067,0.4636476,0.5404195,0.7853982,1.2490457,2.158799,2.3561945,2.4468544,2.4980915,2.55359,2.4668517,2.3561945,2.2142975,2.1224513,2.0344439,1.9756881,1.8692952,1.8692952,1.815775,1.8925469,2.0899425,2.2655346,2.6779451,2.819842,2.976444
261,1760879485.4501991,RX2,Walking,77,0.0,19.235384,18.248287,15.811388,13.892444,13.60147,14.317821,13.601471,16.124516,17.117243,15.132746,17.117243,18.027758,18.110771,17.117243,13.0,11.18034,6.0827622,4.472136,7.071068,11.704699,14.142136,17.117243,19.0,20.22375,21.189621,20.124613,0.0,0.0,0.0,0.0,0.0,0.0,0.0,0.0,0.0,0.0,0.0,15.652476,13.453625,13.038404,10.198039,6.0827622,5.3851647,5.0,5.0,7.615773,8.5440035,12.041595,12.041595,13.038405,11.045361,11.045361,10.0,8.062258,8.062258,8.485281,9.848858,13.152946,15.297058,20.0,19.026297,22.022717,21.023798,0.0,2.9849908,2.976444,2.819842,2.6135182,2.1995926,2.003204,1.8692952,1.6951513,1.6879051,1.7033478,1.4536875,1.5152978,1.4601392,1.4536875,1.5707964,1.3909428,1.4056476,0.4636476,-0.14189705,-0.348771,-0.14189705,-0.11710875,0.0,0.14888994,0.3366748,0.4636476,0.0,0.0,0.0,0.0,0.0,0.0,0.0,0.0,0.0,0.0,0.0,0.4636476,0.7328151,1.0040671,1.3734008,1.735945,1.9513026,3.1415925,-2.4980915,-1.9756881,-1.929567,-1.487655,-1.6539376,-1.4940244,-1.4801364,-1.4801364,-1.5707964,-1.6951513,-2.0899425,-2.3561945,-2.7233684,-2.9889433,-2.9441972,3.1415925,-3.0890095,-3.0961695,-3.0940096
262,1760879485.543326,RX2,Walking,59,0.0,15.297058,12.041595,9.055386,8.062258,9.219544,11.661903,14.764824,17.0,17.492855,18.027756,19.209373,19.104973,18.384775,17.029387,15.620499,13.453625,9.899495,8.062258,7.071068,8.246211,8.944272,10.630146,12.7279215,14.21267,15.0,15.264338,0.0,0.0,0.0,0.0,0.0,0.0,0.0,0.0,0.0,0.0,0.0,6.0827622,7.615773,9.433981,11.661903,13.038404,14.422205,15.264338,15.264338,15.264338,14.764824,13.416409,11.18034,8.944272,6.4031243,5.0,5.0,7.28011,9.848858,13.928389,16.763054,19.416489,21.213203,22.022717,22.0,21.095024,19.235384,0.0,1.3734008,1.487655,1.6814536,2.0899425,2.4329665,2.6011732,2.6476512,2.6516354,2.6011732,2.55359,2.4668517,2.3932147,2.3561945,2.2730532,2.2655346,2.3036115,2.3561945,2.6224465,2.9996955,-2.896614,-2.6779451,-2.4227626,-2.3561945,-2.2565258,-2.2142975,-2.1224513,0.0,0.0,0.0,0.0,0.0,0.0,0.0,0.0,0.0,0.0,0.0,0.16514868,0.4048918,0.5585993,0.5404195,0.5667292,0.5880026,0.551655,0.551655,0.551655,0.49394137,0.4636476,0.4636476,0.4636476,0.67474097,0.9272952,1.5707964,1.849096,1.9890207,1.9379702,1.8736812,1.7782925,1.7126933,1.6162196,1.5707964,1.4758446,1.4141945
263,1760879485.9361038,RX2,Walking,73,0.0,8.602325,11.18034,12.369316,13.341663,16.124516,18.027758,19.0,19.0,19.0,17.262676,16.124516,14.142136,11.401754,9.219544,5.656854,4.1231055,3.6055512,7.615773,8.5440035,10.198039,18.439089,17.720043,21.0,18.248287,15.811388,15.652476,0.0,0.0,0.0,0.0,0.0,0.0,0.0,0.0,0.0,0.0,0.0,7.2111025,7.8102493,7.615773,8.246211,7.0,6.3245554,7.2111025,6.4031243,5.656854,5.656854,6.4031243,4.472136,5.656854,5.8309517,6.7082043,7.615773,9.486833,10.198039,13.038405,15.033297,15.132746,16.03122,15.033297,15.0,14.0,13.152946,0.0,-2.1910458,-2.6779451,-2.896614,-2.9147937,-3.0172377,-3.0860941,3.1415925,3.1415925,3.1415925,2.9669204,3.0172377,2.9996955,2.8753407,2.9229238,2.3561945,1.815775,0.98279375,1.1659045,1.2120256,1.3734008,1.3521274,1.2847449,1.5707964,1.735945,1.8925469,2.0344439,0.0,0.0,0.0,0.0,0.0,0.0,0.0,0.0,0.0,0.0,0.0,-2.55359,-2.4468544,-1.9756881,-1.815775,-1.5707964,-1.2490457,-0.98279375,-0.67474097,-0.7853982,-0.7853982,-0.67474097,-0.4636476,-0.7853982,-1.0303768,-1.1071488,-1.1659045,-1.2490457,-1.3734008,-1.4940244,-1.5042281,-1.4382448,-1.5083776,-1.5042281,-1.5707964,-1.5707964,-1.7234457
264,1760879486.044245,RX2,Walking,84,0.0,15.811388,18.788294,14.142136,13.416409,15.231546,15.264338,12.649111,13.341663,8.944272,12.7279215,10.29563,10.770329,11.704699,11.661903,13.892444,13.038404,11.401754,13.928389,11.18034,11.661903,14.317821,16.124516,15.231546,12.041595,18.384775,20.396078,0.0,0.0,0.0,0.0,0.0,0.0,0.0,0.0,0.0,0.0,0.0,13.341663,4.0,10.816654,4.472136,3.0,12.083046,5.0,13.453625,11.401754,8.5440035,14.866069,10.816654,12.083046,7.2111025,11.401754,13.416409,12.649111,11.661903,14.21267,12.649111,12.649111,12.529964,13.892444,11.661903,13.60147,14.317821,0.0,2.819842,2.70175,2.9996955,2.6779451,2.7367008,2.5899377,2.819842,2.9147937,2.6779451,2.3561945,2.634494,2.7610862,2.7928216,2.6011732,2.6135182,2.5748634,2.4805496,2.7744188,2.6779451,2.6011732,2.709185,3.0172377,2.7367008,3.0584514,2.7509856,2.9441972,0.0,0.0,0.0,0.0,0.0,0.0,0.0,0.0,0.0,0.0,0.0,-2.9147937,3.1415925,2.55359,2.0344439,-1.5707964,2.714965,2.2142975,2.4087775,1.8370484,2.782822,2.3086114,2.55359,2.714965,2.158799,2.2318394,2.6779451,2.819842,2.6011732,2.4558632,2.819842,2.819842,2.642246,2.6135182,2.6011732,2.5127964,2.709185
265,1760879486.947308,RX2,Walking,75,0.0,15.033297,14.0,17.029385,16.124516,17.262676,16.124516,14.142136,14.0,9.055386,5.0,4.0,5.0990195,5.0990195,5.0990195,8.0,11.045361,9.055386,11.045361,8.944272,11.704699,9.433981,8.602325,5.0,6.0,7.071068,9.0,0.0,0.0,0.0,0.0,0.0,0.0,0.0,0.0,0.0,0.0,0.0,10.0,9.219544,8.062258,7.615773,8.062258,8.5440035,9.848858,10.440307,12.369316,13.601471,17.088007,15.231546,18.35756,18.027756,18.601074,18.027756,21.633308,17.804493,22.203604,19.416489,20.248457,20.0,17.492855,16.124516,14.317821,12.1655245,0.0,1.5042281,1.5707964,1.5120405,1.4464413,1.3961241,1.4464413,1.4288993,1.5707964,1.4601392,1.5707964,1.5707964,1.3734008,0.19739556,0.19739556,0.0,0.09065989,0.11065722,0.09065989,0.4636476,0.348771,0.5585993,0.6202495,0.6435011,0.0,0.14189705,0.0,0.0,0.0,0.0,0.0,0.0,0.0,0.0,0.0,0.0,0.0,0.0,1.5707964,1.7894653,2.0899425,1.9756881,2.0899425,1.929567,1.9890207,1.8622531,1.815775,1.8692952,1.929567,1.9756881,2.0831857,2.158799,2.203545,2.158799,2.158799,2.2367656,2.1962814,2.1730838,2.145101,2.2142975,2.1112158,2.0899425,2.003204,1.735945
266,1760879486.968262,RX2,Walking,75,0.0,16.155495,16.492422,17.464249,17.0,17.464249,17.888544,16.155495,15.811388,9.219544,10.0,6.7082043,5.656854,3.1622777,8.062258,8.5440035,9.486833,11.18034,11.045361,13.038405,10.0,9.055386,6.7082043,9.219544,8.246211,6.7082043,8.944272,0.0,0.0,0.0,0.0,0.0,0.0,0.0,0.0,0.0,0.0,0.0,11.045361,11.045361,10.198039,10.198039,10.198039,10.198039,10.049876,12.1655245,13.152946,16.0,17.029385,18.248287,18.439089,18.027756,21.189621,20.880613,22.135942,21.189621,23.086794,22.472204,22.135942,20.248457,18.681541,17.262676,15.297058,13.038405,0.0,2.7610862,2.896614,2.7291822,2.6516354,2.7291822,2.6779451,2.7610862,2.819842,2.9229238,3.1415925,2.6779451,2.3561945,1.8925469,1.4464413,1.2120256,1.2490457,1.3909428,1.4801364,1.6475682,1.5707964,1.6814536,2.0344439,1.7894653,1.3258177,1.1071488,1.1071488,0.0,0.0,0.0,0.0,0.0,0.0,0.0,0.0,0.0,0.0,0.0,3.050933,-3.050933,-2.9441972,-2.9441972,-2.9441972,-2.9441972,-3.041924,-2.976444,-2.9889433,3.1415925,-3.0828369,-2.976444,-2.9229238,-2.8023,-2.8049178,-2.8501358,-2.819842,-2.8049178,-2.83354,-2.7776136,-2.819842,-2.7886024,-2.8706458,-2.9669204,-2.9441972,-3.0648208
267,1760879487.554633,RX2,Walking,56,0.0,23.537203,22.203604,21.095024,20.0,18.0,14.035668,10.198039,6.0827622,3.0,1.0,5.3851647,8.944272,12.206555,15.0,16.27882,17.691807,16.970562,17.691807,16.27882,14.866069,12.806249,10.816654,8.062258,6.3245554,4.0,4.2426405,0.0,0.0,0.0,0.0,0.0,0.0,0.0,0.0,0.0,0.0,0.0,10.0,8.246211,7.2111025,7.2111025,6.0827622,7.28011,8.602325,10.0,11.661903,13.416409,14.317821,16.155495,14.86607,14.86607,13.601471,11.18034,10.770329,7.28011,6.0827622,4.472136,5.3851647,7.071068,11.401754,15.524176,18.027756,20.615528,0.0,-2.927532,-3.006065,-3.0466409,3.1415925,3.1415925,3.070285,2.9441972,2.976444,3.1415925,-1.5707964,-0.38050637,-0.4636476,-0.61072594,-0.6435011,-0.7419473,-0.7454195,-0.7853982,-0.82537687,-0.8288491,-0.8329813,-0.8960554,-0.98279375,-1.0516502,-1.2490457,-1.5707964,-2.3561945,0.0,0.0,0.0,0.0,0.0,0.0,0.0,0.0,0.0,0.0,0.0,-1.5707964,-1.3258177,-0.98279375,-0.5880026,-0.16514868,0.27829966,0.6202495,0.9272952,1.0303768,1.1071488,1.1383885,1.19029,1.2277724,1.2277724,1.2722974,1.1071488,1.19029,1.2924967,1.4056476,2.0344439,2.7610862,-2.9996955,-2.8753407,-2.8809903,-2.8023,-2.896614
268,1760879487.759893,RX2,Walking,60,0.0,11.661903,14.422205,17.20465,18.601074,20.0,20.615528,19.849434,18.384775,15.620499,13.60147,11.18034,10.440307,7.0,5.8309517,6.7082043,9.055386,9.0,12.041595,13.341663,15.132746,15.132746,16.492422,16.124516,14.3178215,14.3178215,13.152946,0.0,0.0,0.0,0.0,0.0,0.0,0.0,0.0,0.0,0.0,0.0,12.0,11.704699,11.661903,10.630146,10.0,8.5440035,7.071068,5.3851647,5.0,5.0,6.7082043,9.219544,12.041595,14.21267,14.422205,15.811389,16.643316,15.264338,17.492855,16.124516,13.038404,11.661903,7.2111025,5.0,1.4142135,3.1622777,0.0,-0.5404195,-0.5880026,-0.6202495,-0.63274884,-0.6435011,-0.68231654,-0.7140907,-0.7853982,-0.87605804,-0.94200003,-1.1071488,-1.2793396,-1.5707964,-2.1112158,-2.6779451,-3.0309355,3.1415925,3.0584514,2.9147937,3.009041,3.009041,2.896614,3.0172377,2.9304993,2.9304993,2.9889433,0.0,0.0,0.0,0.0,0.0,0.0,0.0,0.0,0.0,0.0,0.0,-1.5707964,-1.2220253,-1.0303768,-0.8519663,-0.6435011,-0.35877067,-0.14189705,0.38050637,0.9272952,1.5707964,2.0344439,2.2794225,2.4149504,2.4558632,2.55359,2.536048,2.5702553,2.5899377,2.6011732,2.6224465,2.5748634,2.6011732,2.55359,2.4980915,2.3561945,-0.32175055
269,1760879487.763705,RX2,Walking,59,0.0,10.440307,16.124516,18.439089,19.416489,20.880613,21.189621,21.189621,19.697716,16.124516,14.422205,11.401754,9.219544,6.7082043,6.0827622,6.4031243,8.062258,9.848858,11.401754,13.038405,14.035668,15.132746,15.132746,15.132746,14.142136,13.341663,12.369316,0.0,0.0,0.0,0.0,0.0,0.0,0.0,0.0,0.0,0.0,0.0,11.661903,12.041595,12.806249,12.083046,11.401754,10.0,8.246211,6.7082043,5.0,5.0990195,7.071068,8.062258,10.770329,12.369316,14.3178215,15.297058,15.132746,15.132746,16.27882,15.297058,13.152946,10.198039,7.071068,4.1231055,1.4142135,5.0990195,0.0,-1.8622531,-1.6951513,-1.7894653,-1.7782925,-1.8622531,-1.9074712,-1.9074712,-1.9890207,-2.0899425,-2.158799,-2.2318394,-2.4329665,-2.6779451,2.976444,2.4668517,2.0899425,1.9890207,1.8370484,1.6475682,1.6421038,1.7033478,1.7033478,1.7033478,1.7126933,1.7975951,1.815775,0.0,0.0,0.0,0.0,0.0,0.0,0.0,0.0,0.0,0.0,0.0,-2.6011732,-2.4149504,-2.2455373,-1.9974238,-1.8370484,-1.5707964,-1.3258177,-1.1071488,-0.6435011,0.19739556,0.7853982,1.0516502,1.19029,1.3258177,1.359703,1.3734008,1.4382448,1.4382448,1.3854483,1.3734008,1.418147,1.3734008,1.4288993,1.3258177,0.7853982,-1.3734008
270,1760879487.991153,RX2,Walking,71,0.0,19.646885,18.681541,19.646885,18.681541,16.492422,16.124516,15.0,15.132746,15.524176,15.231546,18.788294,21.023798,21.931713,23.259407,23.769728,24.041632,20.396078,19.104973,18.110771,15.132746,14.3178215,13.928389,13.928389,17.088007,18.973665,20.22375,0.0,0.0,0.0,0.0,0.0,0.0,0.0,0.0,0.0,0.0,0.0,5.8309517,7.2111025,8.5440035,5.656854,3.6055512,5.8309517,4.2426405,6.4031243,8.5440035,9.433981,12.206555,12.7279215,14.21267,14.422205,13.892444,13.416409,12.529964,11.661903,11.18034,11.401754,9.899495,11.401754,12.083046,13.601471,15.524176,16.763054,0.0,-1.3134726,-1.2998495,-1.3134726,-1.2998495,-1.3258177,-1.4464413,-1.5707964,-1.7033478,-1.8313987,-1.9756881,-2.010639,-2.0131705,-1.9936502,-2.0152156,-1.959115,-1.8662372,-1.7681919,-1.6756732,-1.6814536,-1.7033478,-1.7818897,-1.9379702,-1.9379702,-1.929567,-1.8925469,-1.7196863,0.0,0.0,0.0,0.0,0.0,0.0,0.0,0.0,0.0,0.0,0.0,-1.0303768,-0.98279375,-0.35877067,-0.7853982,-0.5880026,-0.5404195,-0.7853982,-0.8960554,-1.2120256,-1.012197,-0.9600704,-0.7853982,-0.6857295,-0.5880026,-0.52807444,-0.4636476,-0.49934673,-0.5404195,-0.4636476,-0.66104317,-0.7853982,-0.90975314,-1.1441689,-1.2722974,-1.3101939,-1.2679114
271,1760879489.056057,RX2,Walking,70,0.0,18.439089,18.439089,19.209373,16.40122,16.27882,14.866069,11.401754,9.848858,9.055386,13.038405,13.341663,14.86607,17.46425,19.646885,21.213203,22.022717,20.024984,18.248287,17.262676,14.86607,12.369316,10.198039,10.0,11.401754,12.369316,15.297058,0.0,0.0,0.0,0.0,0.0,0.0,0.0,0.0,0.0,0.0,0.0,5.8309517,5.0990195,5.0990195,5.0990195,5.0990195,5.0990195,6.3245554,7.071068,8.246211,9.055386,11.0,11.0,12.041595,12.1655245,12.1655245,12.369316,12.1655245,11.045361,11.045361,10.0,9.219544,8.944272,10.816654,12.041595,13.453625,14.866069,0.0,-0.86217004,-0.7086263,-0.67474097,-0.6556956,-0.7419473,-0.8329813,-0.90975314,-1.152572,-1.4601392,-1.6475682,-1.7975951,-1.9138203,-1.801887,-1.82812,-1.7126933,-1.6162196,-1.5208379,-1.4056476,-1.3961241,-1.2277724,-1.3258177,-1.3734008,-1.5707964,-1.8370484,-1.815775,-1.7681919,0.0,0.0,0.0,0.0,0.0,0.0,0.0,0.0,0.0,0.0,0.0,-0.5404195,-0.19739556,-0.19739556,-0.19739556,-0.19739556,-0.19739556,-0.32175055,-0.14189705,-0.24497867,-0.11065722,0.0,0.0,0.08314123,0.16514868,0.16514868,0.24497867,0.16514868,0.09065989,0.09065989,0.0,-0.21866895,-0.4636476,-0.5880026,-0.7266423,-0.7328151,-0.8329813
272,1760879489.072448,RX2,Walking,70,0.0,17.720043,19.235384,19.235384,17.117243,16.27882,14.3178215,12.649111,10.29563,11.313708,11.661903,12.999999,15.811388,18.027756,20.248457,21.023798,22.472204,20.0,19.104973,17.691807,14.866069,12.7279215,11.313708,10.29563,11.18034,12.083046,14.764824,0.0,0.0,0.0,0.0,0.0,0.0,0.0,0.0,0.0,0.0,0.0,6.0827622,6.0827622,5.3851647,5.3851647,5.3851647,6.7082043,7.28011,8.5440035,8.5440035,9.848858,11.661903,11.661903,11.401754,12.206555,13.453625,12.806249,12.041595,11.401754,11.661903,10.816654,10.440307,11.18034,12.0,12.1655245,14.3178215,15.132746,0.0,-1.8568478,-1.7273982,-1.7273982,-1.6879051,-1.7561443,-1.7818897,-1.8925469,-2.077895,-2.3561945,-2.6011732,-2.7468016,-2.819842,-2.8023,-2.7886024,-2.6992185,-2.5782764,-2.4980915,-2.3932147,-2.3162158,-2.3086114,-2.3561945,-2.3561945,-2.634494,-2.6779451,-2.714965,-2.6476512,0.0,0.0,0.0,0.0,0.0,0.0,0.0,0.0,0.0,0.0,0.0,-1.4056476,-1.4056476,-1.19029,-1.19029,-1.19029,-1.1071488,-1.2924967,-1.2120256,-1.2120256,-1.152572,-1.0303768,-1.0303768,-0.90975314,-0.9600704,-0.8379812,-0.8960554,-0.844154,-0.90975314,-1.0303768,-0.98279375,-1.2793396,-1.3909428,-1.5707964,-1.735945,-1.7818897,-1.7033478
273,1760879489.147466,RX2,Walking,69,0.0,18.788294,12.649111,13.928389,14.142136,12.0,13.341663,14.764824,17.804493,17.20465,19.849434,21.470911,21.470911,21.931713,21.540659,18.973665,18.973665,13.601471,12.083046,11.661903,12.041595,13.453625,15.620499,18.384775,19.849434,20.59126,20.880613,0.0,0.0,0.0,0.0,0.0,0.0,0.0,0.0,0.0,0.0,0.0,4.1231055,5.3851647,6.7082043,6.7082043,7.2111025,8.602325,9.899495,12.041595,12.206555,12.529964,12.529964,12.999999,12.999999,11.401754,9.486833,9.848858,8.944272,9.899495,10.0,12.206555,12.999999,16.155495,16.763054,17.464249,18.973665,16.763054,0.0,0.43984258,0.32175055,0.36717382,0.14189705,0.0,-0.22679885,-0.49394137,-0.66596925,-0.6202495,-0.7140907,-0.48447794,-0.48447794,-0.42285392,-0.38050637,-0.32175055,-0.32175055,-0.29849893,-0.4266275,-0.5404195,-0.7266423,-0.8379812,-0.87605804,-0.7853982,-0.7140907,-0.5070985,-0.2914568,0.0,0.0,0.0,0.0,0.0,0.0,0.0,0.0,0.0,0.0,0.0,0.24497867,0.38050637,0.4636476,0.4636476,0.5880026,0.6202495,0.7853982,0.844154,0.9600704,1.0714496,1.0714496,1.1760052,1.1760052,1.3045443,1.2490457,1.152572,1.1071488,0.7853982,0.6435011,0.61072594,0.39479113,0.38050637,0.30288488,0.41241044,0.32175055,0.30288488
274,1760879489.2878342,RX2,Walking,77,0.0,11.18034,12.206555,13.60147,14.317821,8.602325,14.3178215,13.60147,11.401754,10.816654,15.811389,13.928389,13.453625,10.770329,12.7279215,6.0827622,7.28011,7.2111025,6.7082043,6.7082043,10.198039,10.770329,5.3851647,3.6055512,10.0,7.0,15.264338,0.0,0.0,0.0,0.0,0.0,0.0,0.0,0.0,0.0,0.0,0.0,10.816654,12.529964,12.083046,7.2111025,6.3245554,7.615773,9.848858,10.630146,7.8102493,10.29563,17.0,14.422205,9.219544,10.29563,16.643316,16.552946,10.770329,6.4031243,15.652476,14.142136,8.246211,9.219544,12.529964,10.816654,6.4031243,13.601471,0.0,-2.6779451,-2.1815224,-2.1995926,-2.003204,-2.1910458,-1.7818897,-2.1995926,-2.2318394,-2.158799,-2.176341,-1.9379702,-2.3036115,-1.9513026,-2.3561945,-2.976444,-2.863293,-2.55359,-2.0344439,-2.0344439,-1.7681919,-1.9513026,-1.9513026,-2.158799,-2.4980915,-1.5707964,-2.1224513,0.0,0.0,0.0,0.0,0.0,0.0,0.0,0.0,0.0,0.0,0.0,-2.55359,-2.642246,-1.9974238,-2.55359,-1.8925469,-1.9756881,-2.7233684,-2.2896264,-2.2655346,-2.634494,-2.0607536,-2.158799,-2.4329665,-2.634494,-2.1421337,-2.7049656,-2.7610862,-2.2455373,-2.6779451,-2.3561945,-1.815775,-2.2794225,-2.070143,-2.55359,-2.2455373,-2.8430936
275,1760879489.2995431,RX2,Walking,67,0.0,8.485281,12.206555,12.999999,14.86607,16.763054,18.681541,19.646885,18.681541,16.763054,16.763054,15.524176,12.369316,10.198039,9.219544,7.28011,10.0,12.7279215,12.806249,15.620499,16.27882,18.35756,18.601074,19.235384,15.297058,14.142136,12.369316,0.0,0.0,0.0,0.0,0.0,0.0,0.0,0.0,0.0,0.0,0.0,5.0990195,5.3851647,6.7082043,7.2111025,9.219544,8.485281,9.899495,10.0,10.0,9.433981,9.433981,9.219544,9.219544,8.602325,9.433981,10.770329,10.440307,12.1655245,14.142136,15.132746,15.033297,15.033297,15.033297,14.0,12.0,11.18034,0.0,0.7853982,0.61072594,0.39479113,0.34302393,0.30288488,0.27094686,0.2573237,0.27094686,0.30288488,0.30288488,0.26060238,0.24497867,0.19739556,-0.21866895,-0.27829966,-0.9272952,-0.7853982,-0.8960554,-0.87605804,-0.8288491,-0.5123895,-0.63274884,-0.48689923,-0.19739556,-0.14189705,0.24497867,0.0,0.0,0.0,0.0,0.0,0.0,0.0,0.0,0.0,0.0,0.0,1.7681919,1.9513026,2.0344439,2.158799,2.2794225,2.3561945,2.3561945,2.4980915,2.4980915,2.5829933,2.5829933,2.4329665,2.2794225,2.1910458,2.1293957,1.9513026,1.8622531,1.735945,1.7126933,1.7033478,1.6373645,1.6373645,1.6373645,1.5707964,1.5707964,1.3909428
276,1760879489.385608,RX2,Walking,70,0.0,10.816654,14.422205,15.0,17.804493,17.804493,16.40122,15.811389,14.422205,11.18034,10.198039,10.049876,10.198039,11.18034,12.529964,15.811389,16.643316,18.867962,18.35756,17.888544,18.384775,16.763054,15.524176,13.152946,12.369316,9.486833,11.18034,0.0,0.0,0.0,0.0,0.0,0.0,0.0,0.0,0.0,0.0,0.0,6.4031243,7.2111025,7.615773,7.071068,12.0,7.071068,8.062258,2.828427,18.601074,4.1231055,2.828427,4.1231055,19.209373,8.062258,8.602325,10.0,9.219544,10.0,12.206555,12.806249,10.630146,9.433981,8.944272,7.28011,6.0827622,8.062258,0.0,-0.98279375,-0.98279375,-0.9272952,-0.90482706,-0.90482706,-0.9151007,-0.9652517,-0.98279375,-1.1071488,-1.3734008,-1.4711276,-1.7681919,-2.0344439,-2.070143,-2.176341,-2.1421337,-2.1293957,-2.0831857,-2.0344439,-1.9614034,-1.8736812,-1.8313987,-1.7234457,-1.815775,-1.8925469,-2.0344439,0.0,0.0,0.0,0.0,0.0,0.0,0.0,0.0,0.0,0.0,0.0,0.67474097,0.98279375,1.1659045,1.4288993,1.5707964,1.7126933,2.0899425,2.3561945,-2.203545,1.3258177,0.7853982,0.24497867,0.67474097,0.5191461,0.6202495,0.6435011,0.7086263,0.6435011,0.61072594,0.67474097,0.71883,0.5585993,0.4636476,0.27829966,-0.16514868,-0.5191461
277,1760879489.5414798,RX2,Walking,69,0.0,19.235384,19.104973,19.026297,18.110771,17.117243,17.46425,16.155495,15.652476,14.422205,17.804493,17.804493,20.615528,20.615528,22.022717,20.248457,21.633308,20.59126,18.867962,17.888544,16.155495,17.0,14.422205,18.601074,15.811388,15.811389,15.231546,0.0,0.0,0.0,0.0,0.0,0.0,0.0,0.0,0.0,0.0,0.0,10.049876,9.219544,9.486833,7.8102493,7.071068,6.4031243,5.8309517,5.3851647,6.0827622,7.071068,10.198039,11.18034,12.649111,14.764824,13.892444,13.892444,13.892444,13.038404,13.892444,12.083046,11.704699,12.369316,13.038405,14.0,15.033297,16.03122,0.0,-1.7273982,-1.6756732,-1.6233793,-1.6814536,-1.6879051,-1.801887,-1.9513026,-2.0344439,-2.158799,-2.2367656,-2.2367656,-2.2531128,-2.2531128,-2.2597208,-2.145101,-2.158799,-2.077895,-2.1293957,-2.0344439,-1.9513026,-2.0607536,-2.158799,-2.203545,-1.8925469,-2.176341,-1.9756881,0.0,0.0,0.0,0.0,0.0,0.0,0.0,0.0,0.0,0.0,0.0,-1.670465,-1.3521274,-1.2490457,-0.87605804,-0.7853982,-0.67474097,-1.0303768,-1.19029,-1.4056476,-1.4288993,-1.3734008,-1.3909428,-1.2490457,-1.076855,-1.0427219,-1.0427219,-1.0427219,-1.0040671,-1.0427219,-1.1441689,-1.2220253,-1.3258177,-1.4940244,-1.5707964,-1.6373645,-1.6332152
278,1760879489.618558,RX2,Walking,62,0.0,11.18034,13.601471,16.27882,18.110771,20.099752,21.023798,21.023798,20.099752,17.117243,16.492422,12.649111,9.848858,7.2111025,3.6055512,3.1622777,4.1231055,7.071068,9.0,11.045361,13.152946,14.142136,15.132746,15.132746,14.035668,13.038405,12.041595,0.0,0.0,0.0,0.0,0.0,0.0,0.0,0.0,0.0,0.0,0.0,12.083046,12.206555,13.453625,13.038404,12.083046,10.440307,9.055386,7.071068,5.8309517,5.3851647,7.071068,8.944272,10.816654,12.806249,14.866069,16.27882,16.27882,17.029387,18.439089,17.20465,15.811389,13.038404,10.29563,6.4031243,2.828427,1.4142135,0.0,-1.3909428,-1.2722974,-1.3854483,-1.4601392,-1.4711276,-1.5232133,-1.6183795,-1.670465,-1.6879051,-1.815775,-1.8925469,-1.9890207,-2.158799,-2.55359,2.819842,1.815775,1.7126933,1.5707964,1.4801364,1.418147,1.4288993,1.4382448,1.4382448,1.4994888,1.4940244,1.487655,0.0,0.0,0.0,0.0,0.0,0.0,0.0,0.0,0.0,0.0,0.0,-1.1441689,-0.9600704,-0.7328151,-0.5667292,-0.4266275,-0.2914568,-0.11065722,0.14189705,0.5404195,1.19029,1.7126933,2.0344439,2.158799,2.2455373,2.3086114,2.3127437,2.3127437,2.2730532,2.2794225,2.1910458,2.176341,2.1375256,2.077895,2.2455373,2.3561945,-2.3561945
279,1760879489.621147,RX2,Walking,61,0.0,8.062258,11.045361,14.142136,15.297058,17.46425,18.027756,18.384775,17.0,16.124516,15.0,12.041595,8.602325,5.8309517,4.0,3.1622777,6.0827622,8.5440035,11.661903,13.892444,15.811389,17.20465,17.20465,16.643316,15.264338,14.422205,12.529964,0.0,0.0,0.0,0.0,0.0,0.0,0.0,0.0,0.0,0.0,0.0,11.401754,12.529964,12.806249,12.806249,12.206555,10.770329,9.219544,8.0,6.7082043,5.8309517,7.071068,9.219544,10.770329,12.083046,14.764824,15.652476,17.0,17.888544,17.464249,16.155495,14.86607,12.649111,10.198039,7.071068,4.1231055,1.0,0.0,-0.124354996,-0.09065989,-0.14189705,-0.19739556,-0.23109066,-0.33929262,-0.39060703,-0.48995733,-0.5191461,-0.6435011,-0.7266423,-0.95054686,-1.0303768,-1.5707964,-2.819842,2.976444,2.782822,2.6011732,2.6135182,2.536048,2.5213432,2.5213432,2.5702553,2.5899377,2.55359,2.642246,0.0,0.0,0.0,0.0,0.0,0.0,0.0,0.0,0.0,0.0,0.0,0.26625204,0.49934673,0.67474097,0.8960554,0.9600704,1.19029,1.3521274,1.5707964,2.0344439,2.6011732,2.9996955,-2.9229238,-2.7610862,-2.714965,-2.6476512,-2.6779451,-2.6516354,-2.6779451,-2.7291822,-2.7610862,-2.7985687,-2.819842,-2.9441972,-2.9996955,-2.896614,0.0
280,1760879489.623729,RX2,Walking,61,0.0,7.615773,11.704699,15.231546,16.552946,17.492855,18.601074,17.804493,17.029387,15.556349,14.21267,10.816654,8.062258,5.3851647,3.0,2.236068,5.656854,8.602325,10.816654,13.892444,15.264338,16.124516,16.124516,16.124516,15.264338,13.892444,11.661903,0.0,0.0,0.0,0.0,0.0,0.0,0.0,0.0,0.0,0.0,0.0,12.0,13.152946,13.928389,13.416409,13.60147,12.7279215,10.630146,8.944272,7.071068,5.3851647,6.4031243,7.28011,10.049876,11.0,13.038405,15.033297,16.03122,16.0,16.0,15.033297,14.035668,12.1655245,9.219544,6.3245554,3.1622777,1.4142135,0.0,2.7367008,2.7928216,2.7367008,2.7049656,2.6011732,2.508844,2.4756234,2.4393358,2.3561945,2.2565258,2.158799,2.0899425,1.9513026,1.5707964,-0.4636476,-0.7853982,-0.95054686,-0.98279375,-1.0427219,-1.0191413,-1.0516502,-1.0516502,-1.0516502,-1.0191413,-1.0427219,-1.0303768,0.0,0.0,0.0,0.0,0.0,0.0,0.0,0.0,0.0,0.0,0.0,3.1415925,-2.9889433,-2.7744188,-2.6779451,-2.5127964,-2.3561945,-2.2896264,-2.0344439,-1.7126933,-1.19029,-0.67474097,-0.27829966,-0.09966865,0.0,0.07677189,0.066568166,0.06241881,0.0,0.0,-0.066568166,-0.071307465,-0.16514868,-0.21866895,-0.32175055,-0.32175055,-2.3561945
281,1760879489.626569,RX2,Walking,71,0.0,5.3851647,6.3245554,7.615773,11.18034,14.764824,17.492855,19.723083,21.095022,19.416489,18.027756,18.027756,16.40122,15.556349,13.038404,11.704699,13.152946,12.1655245,14.56022,17.088007,18.027756,19.924858,20.396078,20.615528,18.110771,19.0,17.029385,0.0,0.0,0.0,0.0,0.0,0.0,0.0,0.0,0.0,0.0,0.0,3.6055512,5.3851647,7.071068,11.313708,14.86607,13.601471,15.297058,15.0,15.132746,13.601471,11.704699,9.848858,7.615773,5.0990195,3.6055512,4.472136,7.0,10.049876,14.0,16.124516,18.027758,18.0,17.0,17.029385,15.033297,15.0,0.0,1.19029,0.32175055,-0.4048918,-0.4636476,-0.49394137,-0.5404195,-0.53172404,-0.5485494,-0.60228735,-0.5880026,-0.5880026,-0.6556956,-0.7853982,-1.0040671,-1.2220253,-1.418147,-1.735945,-1.849096,-1.929567,-1.9100889,-1.8766752,-1.7681919,-1.815775,-1.6814536,-1.5707964,-1.5120405,0.0,0.0,0.0,0.0,0.0,0.0,0.0,0.0,0.0,0.0,0.0,0.98279375,1.9513026,2.3561945,2.3561945,2.7985687,2.8430936,2.9441972,3.1415925,-3.009041,-2.8430936,-2.7928216,-2.7233684,-2.7367008,-2.9441972,2.55359,2.0344439,1.5707964,1.4711276,1.5707964,1.4464413,1.5152978,1.5707964,1.5707964,1.5120405,1.5042281,1.5707964
282,1760879489.750705,RX2,Walking,69,0.0,23.345234,23.600847,22.472204,18.027756,15.811389,12.7279215,9.433981,8.0,8.944272,11.401754,13.453625,16.970562,19.849434,21.260292,22.803509,22.203604,20.248457,19.235384,16.552946,13.928389,11.18034,9.433981,7.8102493,8.944272,10.770329,11.704699,0.0,0.0,0.0,0.0,0.0,0.0,0.0,0.0,0.0,0.0,0.0,5.3851647,4.1231055,5.0990195,2.0,2.236068,3.6055512,5.3851647,7.28011,9.848858,12.529964,13.038404,13.453625,15.620499,13.60147,14.422205,11.661903,10.816654,8.485281,7.8102493,7.28011,7.615773,10.816654,12.7279215,15.556349,19.79899,19.849434,0.0,-2.3259008,-2.2058232,-2.1341126,-2.158799,-2.176341,-2.3561945,-2.5829933,3.1415925,2.6779451,2.4805496,2.4087775,2.3561945,2.427502,2.4227626,2.4805496,2.5161076,2.567288,2.6546934,2.7049656,2.7744188,2.6779451,2.5829933,2.2655346,2.0344439,1.9513026,1.9195673,0.0,0.0,0.0,0.0,0.0,0.0,0.0,0.0,0.0,0.0,0.0,-0.38050637,-0.24497867,-0.19739556,0.0,-0.4636476,-0.98279375,-1.19029,-1.2924967,-1.152572,-1.0714496,-1.0040671,-0.8379812,-0.69473827,-0.6287963,-0.5880026,-0.5404195,-0.5880026,-0.7853982,-0.87605804,-1.2924967,-1.9756881,-2.158799,-2.3561945,-2.3561945,-2.3561945,-2.284887
283,1760879489.827861,RX2,Walking,58,0.0,3.6055512,5.0,9.055386,13.038405,16.03122,19.0,20.024984,21.213203,19.416489,19.646885,18.027756,16.155495,13.416409,10.816654,7.8102493,4.2426405,1.0,3.1622777,6.7082043,8.944272,11.661903,13.038404,13.038404,13.892444,13.892444,13.416409,0.0,0.0,0.0,0.0,0.0,0.0,0.0,0.0,0.0,0.0,0.0,10.0,10.770329,12.1655245,13.0,13.152946,12.369316,12.649111,11.18034,10.0,7.8102493,6.7082043,6.0,6.7082043,8.602325,10.816654,12.529964,14.764824,16.124516,19.723083,20.248457,20.0,19.209373,18.439089,15.620499,12.041595,10.0,0.0,-2.55359,-1.5707964,-1.4601392,-1.4940244,-1.5083776,-1.5707964,-1.6207547,-1.7126933,-1.7782925,-1.82812,-1.9100889,-1.9513026,-2.0344439,-2.158799,-2.2655346,-2.3561945,3.1415925,1.2490457,1.1071488,1.1071488,1.0303768,1.0040671,1.0040671,1.0427219,1.0427219,1.1071488,0.0,0.0,0.0,0.0,0.0,0.0,0.0,0.0,0.0,0.0,0.0,-0.6435011,-0.38050637,-0.16514868,0.0,0.15264933,0.24497867,0.32175055,0.4636476,0.6435011,0.87605804,1.1071488,1.5707964,2.0344439,2.5213432,2.55359,2.642246,2.6476512,2.6224465,2.6098685,2.567288,2.4980915,2.4668517,2.4329665,2.4468544,2.4149504,2.4980915
284,1760879489.947702,RX2,Walking,69,0.0,14.035668,12.0,10.049876,9.848858,9.219544,10.0,11.661903,13.892444,14.764824,16.552946,16.124516,16.643316,15.264338,15.0,13.453625,12.206555,10.0,8.062258,7.071068,9.0,9.0,12.0,13.038405,12.649111,16.155495,14.317821,0.0,0.0,0.0,0.0,0.0,0.0,0.0,0.0,0.0,0.0,0.0,4.0,5.0990195,6.0,7.071068,9.219544,9.486833,11.18034,12.529964,12.206555,12.041595,12.041595,11.401754,10.0,10.816654,9.219544,7.8102493,7.615773,9.219544,11.045361,12.0,14.035668,16.03122,17.0,17.0,18.027758,17.029385,0.0,-3.070285,3.1415925,3.041924,2.7233684,2.4329665,2.2142975,2.1112158,2.0988708,2.0647378,2.0074234,2.0899425,2.1421337,2.1224513,2.2142975,2.3036115,2.1815224,2.2142975,2.0899425,1.7126933,1.5707964,1.5707964,1.5707964,1.6475682,1.8925469,1.9513026,2.003204,0.0,0.0,0.0,0.0,0.0,0.0,0.0,0.0,0.0,0.0,0.0,3.1415925,-2.9441972,3.1415925,-2.9996955,-2.9229238,-2.819842,-2.6779451,-2.642246,-2.5308666,-2.4149504,-2.2974386,-2.2318394,-2.2142975,-2.158799,-2.2794225,-2.4468544,-2.7367008,-2.9229238,-3.050933,3.1415925,3.070285,3.0791738,3.1415925,3.1415925,-3.0860941,-3.0828369
285,1760879490.084484,RX2,Walking,70,0.0,5.8309517,5.8309517,7.0,10.198039,12.369316,14.56022,15.811388,16.763054,16.763054,17.088007,14.86607,13.601471,12.529964,10.0,10.0,9.848858,11.401754,12.1655245,15.132746,16.492422,16.492422,18.027756,16.552946,16.124516,15.0,14.21267,0.0,0.0,0.0,0.0,0.0,0.0,0.0,0.0,0.0,0.0,0.0,2.236068,3.1622777,5.8309517,5.8309517,7.071068,8.062258,9.486833,8.062258,10.049876,9.0,9.055386,7.28011,5.0990195,3.1622777,1.4142135,4.0,6.0,7.071068,9.219544,10.198039,12.369316,13.152946,14.035668,14.0,12.041595,10.198039,0.0,-0.5404195,-1.0303768,-1.5707964,-1.7681919,-1.815775,-1.849096,-1.8925469,-1.8736812,-1.8736812,-1.929567,-1.9138203,-1.8692952,-2.070143,-2.2142975,-2.4980915,-2.7233684,-2.8753407,-2.976444,-3.009041,-2.896614,-2.896614,-2.8023,-2.7049656,-2.6224465,-2.4980915,-2.4558632,0.0,0.0,0.0,0.0,0.0,0.0,0.0,0.0,0.0,0.0,0.0,-0.4636476,0.32175055,0.5404195,0.5404195,0.7853982,1.0516502,1.2490457,1.4464413,1.4711276,1.5707964,1.6814536,1.849096,1.7681919,1.8925469,0.7853982,0.0,0.0,-0.14189705,-0.21866895,-0.19739556,-0.24497867,-0.15264933,-0.071307465,0.0,-0.08314123,-0.19739556
286,1760879490.096004,RX2,Walking,69,0.0,12.529964,11.313708,11.661903,13.416409,14.86607,16.763054,18.681541,18.973665,17.720043,18.439089,16.492422,15.524176,14.56022,13.152946,12.0,12.369316,11.704699,12.999999,14.86607,16.552946,16.763054,17.720043,17.029385,16.0,16.03122,17.262676,0.0,0.0,0.0,0.0,0.0,0.0,0.0,0.0,0.0,0.0,0.0,5.3851647,7.615773,8.246211,10.0,11.045361,12.369316,12.999999,13.892444,13.038404,11.401754,11.313708,9.219544,8.602325,7.615773,8.246211,9.0,11.18034,12.1655245,14.3178215,16.27882,17.46425,18.439089,18.439089,17.117243,15.297058,13.341663,0.0,-2.070143,-2.3561945,-2.6011732,-2.6779451,-2.7985687,-2.8387077,-2.8706458,-2.819842,-2.8555412,-2.9229238,-2.896614,-2.8809903,-2.863293,-2.9889433,3.1415925,2.896614,2.7928216,2.7468016,2.7985687,2.7049656,2.8387077,2.8555412,3.0828369,3.1415925,-3.0791738,-2.9669204,0.0,0.0,0.0,0.0,0.0,0.0,0.0,0.0,0.0,0.0,0.0,-1.9513026,-1.9756881,-1.815775,-1.5707964,-1.4801364,-1.3258177,-1.1760052,-1.0427219,-1.0040671,-0.90975314,-0.7853982,-0.86217004,-0.95054686,-1.1659045,-1.3258177,-1.5707964,-1.7506498,-1.735945,-1.7818897,-1.7561443,-1.801887,-1.7894653,-1.7894653,-1.6879051,-1.7681919,-1.7975951
287,1760879490.1727412,RX2,Walking,70,0.0,12.1655245,13.341663,16.27882,15.297058,15.132746,16.124516,15.297058,13.0,10.0,9.055386,7.615773,6.7082043,7.8102493,12.529964,12.083046,13.416409,14.86607,16.124516,15.811389,18.027756,16.27882,13.892444,12.041595,11.661903,8.602325,7.2111025,0.0,0.0,0.0,0.0,0.0,0.0,0.0,0.0,0.0,0.0,0.0,7.615773,7.28011,10.049876,11.401754,11.401754,12.206555,11.401754,9.433981,9.219544,8.062258,6.3245554,7.071068,8.0,10.0,11.045361,12.1655245,14.3178215,12.1655245,16.124516,14.0,16.124516,14.142136,9.486833,10.29563,9.433981,9.899495,0.0,1.735945,1.7975951,1.7561443,1.7681919,1.7033478,1.6951513,1.7681919,1.5707964,1.5707964,1.6814536,1.1659045,1.1071488,0.87605804,0.49934673,0.4266275,0.4636476,0.34302393,0.5191461,0.6055447,0.5880026,0.7419473,1.0427219,0.844154,1.0303768,0.95054686,0.98279375,0.0,0.0,0.0,0.0,0.0,0.0,0.0,0.0,0.0,0.0,0.0,2.7367008,2.863293,3.041924,-2.8753407,-2.8753407,-2.5308666,-2.4805496,-2.5829933,-2.4329665,-2.6224465,-2.819842,-2.9996955,3.1415925,3.1415925,3.050933,2.976444,2.9304993,2.976444,3.0172377,3.1415925,3.0172377,2.9996955,2.819842,2.634494,2.5829933,2.3561945
288,1760879490.2965,RX2,Walking,68,0.0,10.049876,12.0,14.3178215,14.56022,18.027756,18.384775,18.384775,18.973665,17.088007,14.317821,14.317821,13.416409,10.0,10.630146,10.770329,11.401754,12.041595,14.0,16.03122,17.117243,19.924858,20.615528,17.464249,17.804493,14.866069,12.806249,0.0,0.0,0.0,0.0,0.0,0.0,0.0,0.0,0.0,0.0,0.0,6.4031243,5.8309517,8.246211,9.0,10.049876,11.18034,10.440307,12.083046,10.29563,8.944272,7.615773,8.5440035,7.071068,7.0,8.246211,8.944272,11.18034,11.661903,14.422205,14.422205,15.811389,15.264338,14.422205,13.60147,12.041595,10.630146,0.0,-1.4711276,-1.5707964,-1.7818897,-1.849096,-1.9100889,-1.9614034,-1.9614034,-1.8925469,-1.929567,-2.003204,-2.003204,-2.0344439,-2.2142975,-2.4227626,-2.7610862,-2.8753407,-3.0584514,3.1415925,-3.0791738,-3.024484,-2.8357139,-2.7430701,-2.7291822,-2.4756234,-2.4037776,-2.2455373,0.0,0.0,0.0,0.0,0.0,0.0,0.0,0.0,0.0,0.0,0.0,-0.67474097,-0.5404195,-0.24497867,0.0,-0.09966865,0.1798535,0.2914568,0.4266275,0.5070985,0.4636476,0.4048918,0.35877067,0.14189705,0.0,-0.24497867,-0.4636476,-0.4636476,-0.5404195,-0.5880026,-0.5880026,-0.6055447,-0.551655,-0.5880026,-0.6287963,-0.7266423,-0.8519663
289,1760879490.4007082,RX2,Walking,70,0.0,13.928389,16.492422,16.492422,15.811388,15.811388,15.524176,13.341663,10.770329,7.2111025,5.8309517,5.0990195,7.071068,8.944272,11.661903,13.60147,16.643316,15.264338,17.888544,16.552946,17.088007,15.524176,14.142136,12.369316,9.486833,11.661903,11.045361,0.0,0.0,0.0,0.0,0.0,0.0,0.0,0.0,0.0,0.0,0.0,10.770329,11.18034,10.630146,9.219544,7.2111025,5.8309517,5.0,4.472136,5.0990195,7.071068,8.246211,10.049876,12.1655245,13.038405,14.0,13.038405,14.035668,13.0,14.035668,12.0,9.0,7.071068,5.8309517,5.0,7.0,9.219544,0.0,1.2036225,1.3258177,1.3258177,1.2490457,1.2490457,1.3101939,1.3439975,1.19029,0.98279375,0.5404195,0.19739556,-0.14189705,-0.4636476,-0.5404195,-0.6287963,-0.57133746,-0.551655,-0.4636476,-0.43662718,-0.35877067,-0.26060238,-0.14189705,-0.24497867,-0.32175055,-0.5404195,-0.09065989,0.0,0.0,0.0,0.0,0.0,0.0,0.0,0.0,0.0,0.0,0.0,-2.7610862,-2.6779451,-2.4227626,-2.2794225,-2.158799,-2.1112158,-2.2142975,-2.6779451,-2.9441972,2.9996955,2.896614,3.041924,2.976444,3.0648208,3.1415925,-3.0648208,-3.070285,3.1415925,-3.070285,3.1415925,3.1415925,2.9996955,2.6011732,2.2142975,1.5707964,1.3521274
290,1760879490.5346649,RX2,Walking,69,0.0,6.4031243,7.615773,11.045361,14.0,17.029385,19.235384,21.213203,22.203604,19.104973,18.027758,17.46425,14.56022,12.649111,10.0,7.8102493,9.055386,9.486833,13.928389,13.928389,15.811388,21.37756,18.439089,18.681541,20.024984,21.095024,16.0,0.0,0.0,0.0,0.0,0.0,0.0,0.0,0.0,0.0,0.0,0.0,6.4031243,9.219544,11.0,11.18034,12.083046,13.038404,12.806249,11.401754,10.0,9.848858,7.28011,4.472136,2.236068,2.236068,4.472136,7.615773,11.18034,12.083046,16.552946,17.888544,18.35756,18.35756,17.492855,15.652476,13.416409,10.770329,0.0,-2.2455373,-2.7367008,-3.050933,3.1415925,3.0828369,2.9849908,2.9996955,3.006065,3.0367157,3.0860941,2.910502,2.863293,2.819842,2.4980915,2.2655346,1.6814536,1.2490457,1.2036225,1.2036225,1.2490457,1.3825748,1.3521274,1.2998495,1.6207547,1.665748,1.5707964,0.0,0.0,0.0,0.0,0.0,0.0,0.0,0.0,0.0,0.0,0.0,-0.67474097,-0.21866895,0.0,0.1798535,0.4266275,0.5667292,0.67474097,0.90975314,0.9272952,1.152572,1.2924967,1.1071488,0.4636476,-0.4636476,-1.1071488,-1.1659045,-1.1071488,-1.1441689,-1.1341692,-1.1071488,-1.0584068,-1.0584068,-1.0303768,-1.1071488,-1.1071488,-1.19029
291,1760879490.856333,RX2,Walking,73,0.0,23.706537,22.203604,21.633308,16.643316,15.0,10.29563,6.7082043,1.0,4.1231055,9.848858,11.18034,14.764824,16.552946,19.313208,20.248457,19.924858,17.720043,15.524176,14.142136,12.369316,8.5440035,7.8102493,7.28011,8.0,14.035668,15.0,0.0,0.0,0.0,0.0,0.0,0.0,0.0,0.0,0.0,0.0,0.0,13.928389,7.28011,7.615773,7.0,8.062258,9.219544,10.630146,15.556349,17.029387,18.439089,21.260292,21.095022,23.323807,21.540659,20.615528,17.464249,14.86607,12.999999,10.816654,6.4031243,5.0990195,6.7082043,10.816654,14.317821,17.088007,18.788294,0.0,2.0533097,2.1962814,2.158799,2.1421337,2.2142975,2.077895,2.0344439,1.5707964,-0.24497867,-0.41822433,-0.4636476,-0.49394137,-0.43662718,-0.37089127,-0.3529904,-0.30587888,-0.28605142,-0.26060238,-0.14189705,-0.24497867,-0.35877067,-0.69473827,-1.2924967,-1.5707964,-1.6421038,-1.5707964,0.0,0.0,0.0,0.0,0.0,0.0,0.0,0.0,0.0,0.0,0.0,-1.2036225,-1.2924967,-1.1659045,-1.5707964,-2.0899425,-2.4329665,-2.2896264,-2.3561945,-2.2730532,-2.2794225,-2.2896264,-2.1193457,-2.1112158,-1.9513026,-1.9693187,-1.9832067,-1.9138203,-1.9655875,-2.158799,-2.4668517,2.9441972,2.6779451,2.158799,2.003204,1.929567,2.010639
292,1760879490.9849548,RX2,Walking,68,0.0,5.0,8.062258,10.198039,12.1655245,17.262676,19.235384,19.235384,20.22375,17.117243,15.132746,13.038405,12.1655245,6.0,6.3245554,5.0,6.0,8.246211,9.486833,12.649111,15.524176,13.601471,13.152946,13.152946,13.038405,13.601471,9.219544,0.0,0.0,0.0,0.0,0.0,0.0,0.0,0.0,0.0,0.0,0.0,11.704699,9.433981,12.041595,13.453625,14.21267,11.661903,11.704699,10.440307,8.5440035,6.7082043,5.8309517,4.1231055,6.0,5.8309517,9.219544,9.219544,16.27882,17.029387,17.20465,20.0,21.260292,19.104973,16.27882,14.422205,8.485281,7.8102493,0.0,2.4980915,2.0899425,1.7681919,1.735945,1.7454685,1.7273982,1.7273982,1.7196863,1.6879051,1.7033478,1.6475682,1.735945,1.5707964,1.2490457,0.6435011,0.0,-0.24497867,-0.32175055,-0.32175055,-0.26060238,-0.29849893,-0.15264933,0.15264933,-0.07677189,0.29849893,0.21866895,0.0,0.0,0.0,0.0,0.0,0.0,0.0,0.0,0.0,0.0,0.0,-1.2220253,-1.012197,-0.844154,-0.8379812,-0.6857295,-0.5404195,-0.348771,-0.2914568,-0.35877067,-0.4636476,-0.5404195,-1.3258177,-1.5707964,-2.1112158,-2.4329665,-2.4329665,-2.3127437,-2.4393358,-2.1910458,-2.2142975,-2.2896264,-2.3932147,-2.3996453,-2.158799,-2.3561945,-2.4468544
293,1760879491.085496,RX2,Walking,67,0.0,16.763054,23.194828,21.213203,18.384775,14.56022,11.0,6.3245554,7.615773,8.5440035,10.0,14.142136,18.681541,18.681541,20.615528,20.880613,15.811388,16.552946,12.529964,13.416409,10.198039,10.440307,8.5440035,7.0,7.615773,9.848858,11.704699,0.0,0.0,0.0,0.0,0.0,0.0,0.0,0.0,0.0,0.0,0.0,6.3245554,5.8309517,7.2111025,4.1231055,5.0990195,6.0827622,8.246211,12.083046,11.661903,16.492422,16.27882,17.262676,19.0,18.027756,17.029385,14.86607,14.035668,11.401754,9.0,8.602325,7.615773,9.486833,13.038405,17.46425,20.0,19.924858,0.0,1.8736812,1.7004988,1.7126933,1.9614034,1.849096,1.5707964,1.2490457,1.1659045,0.35877067,0.0,0.14189705,0.27094686,0.27094686,0.24497867,0.2914568,0.32175055,0.43662718,0.49934673,0.4636476,0.19739556,0.2914568,0.35877067,0.0,-0.4048918,-0.41822433,-0.348771,0.0,0.0,0.0,0.0,0.0,0.0,0.0,0.0,0.0,0.0,0.0,-2.819842,-2.6011732,-2.55359,-2.896614,2.9441972,2.976444,2.896614,2.714965,2.6011732,2.896614,2.9562447,2.9669204,3.1415925,-2.8023,-3.0828369,-2.7985687,-3.070285,-2.8753407,3.1415925,2.5213432,1.9756881,1.8925469,1.4940244,1.801887,1.5707964,1.8766752
294,1760879491.1444411,RX2,Walking,70,0.0,8.602325,7.0,8.062258,12.369316,12.999999,14.86607,16.155495,17.088007,14.317821,14.317821,13.416409,12.083046,10.29563,8.602325,7.2111025,7.071068,6.0827622,8.0,9.486833,12.369316,13.341663,14.035668,15.0,14.035668,13.341663,11.704699,0.0,0.0,0.0,0.0,0.0,0.0,0.0,0.0,0.0,0.0,0.0,9.055386,10.440307,10.770329,11.661903,12.041595,13.453625,12.529964,12.083046,11.704699,9.486833,8.5440035,6.4031243,6.4031243,5.3851647,7.071068,9.219544,10.198039,12.1655245,15.524176,16.492422,18.248287,17.262676,16.492422,16.03122,14.56022,12.649111,0.0,-2.1910458,3.1415925,3.0172377,2.896614,2.7468016,2.7985687,2.7610862,2.782822,2.709185,2.709185,2.6779451,2.714965,2.634494,2.5213432,2.158799,1.7126933,1.735945,1.5707964,1.2490457,1.3258177,1.3439975,1.4994888,1.5707964,1.6421038,1.7975951,1.9195673,0.0,0.0,0.0,0.0,0.0,0.0,0.0,0.0,0.0,0.0,0.0,-1.6814536,-1.2793396,-1.19029,-1.0303768,-0.844154,-0.7328151,-0.49934673,-0.4266275,-0.348771,-0.32175055,-0.35877067,-0.67474097,-0.8960554,-1.19029,-1.4288993,-1.7894653,-1.7681919,-1.735945,-1.8313987,-1.815775,-1.735945,-1.7454685,-1.815775,-1.6332152,-1.849096,-1.8925469
295,1760879491.20848,RX2,Walking,72,0.0,19.235384,13.601471,9.486833,9.433981,5.3851647,4.1231055,7.8102493,12.206555,14.317821,15.231546,16.552946,18.35756,17.888544,17.888544,16.155495,13.928389,11.18034,8.944272,7.0,6.3245554,7.8102493,10.0,11.661903,13.60147,15.620499,15.620499,0.0,0.0,0.0,0.0,0.0,0.0,0.0,0.0,0.0,0.0,0.0,2.828427,1.4142135,4.2426405,10.0,12.083046,12.999999,12.1655245,15.0,17.029385,16.492422,16.155495,15.811388,13.416409,12.529964,10.0,5.8309517,4.1231055,3.1622777,4.472136,8.5440035,12.649111,16.552946,18.384775,19.924858,21.189621,20.248457,0.0,-0.15660188,-0.29849893,-0.32175055,-0.5585993,-1.19029,-1.815775,-2.4468544,-2.5308666,-2.709185,-2.7367008,-2.7049656,-2.629203,-2.6779451,-2.6779451,-2.7610862,-2.7744188,-2.6779451,-2.6779451,3.1415925,2.819842,2.4468544,2.2142975,2.1112158,2.1995926,2.2655346,2.2655346,0.0,0.0,0.0,0.0,0.0,0.0,0.0,0.0,0.0,0.0,0.0,-2.3561945,-0.7853982,0.7853982,0.9272952,1.1441689,1.1760052,1.4056476,1.5707964,1.6295521,1.815775,1.9513026,1.8925469,2.0344439,2.070143,2.2142975,2.1112158,1.815775,0.32175055,-0.4636476,-0.35877067,-0.32175055,-0.43662718,-0.39060703,-0.30587888,-0.3366748,-0.3529904
296,1760879492.038767,RX2,Walking,71,0.0,15.264338,11.704699,12.1655245,5.3851647,3.1622777,8.0,8.944272,14.866069,17.804493,15.652476,18.027756,18.601074,20.59126,19.235384,16.124516,13.038404,10.816654,8.602325,4.1231055,7.28011,8.944272,8.944272,12.806249,16.40122,16.763054,12.206555,0.0,0.0,0.0,0.0,0.0,0.0,0.0,0.0,0.0,0.0,0.0,2.236068,2.236068,7.2111025,9.433981,9.433981,12.206555,15.231546,15.132746,16.27882,16.27882,16.124516,16.03122,11.18034,7.071068,6.7082043,4.0,3.0,7.28011,9.433981,8.062258,14.317821,18.027756,17.492855,18.384775,19.697716,19.723083,0.0,-1.0191413,-1.2220253,-1.4056476,-1.19029,-2.819842,3.1415925,2.6779451,2.4037776,2.4756234,2.6779451,2.55359,2.508844,2.634494,2.6546934,2.6224465,2.5748634,2.55359,2.5213432,1.815775,1.2924967,1.1071488,1.1071488,0.67474097,0.9151007,1.2679114,0.9600704,0.0,0.0,0.0,0.0,0.0,0.0,0.0,0.0,0.0,0.0,0.0,2.0344439,-1.1071488,0.5880026,1.012197,1.012197,0.9600704,1.1659045,1.4382448,1.3854483,1.3854483,1.4464413,1.5083776,1.7506498,1.4288993,1.1071488,1.5707964,1.5707964,-0.27829966,-0.5585993,-1.0516502,-1.1383885,-0.98279375,-1.0303768,-1.1801893,-1.152572,-1.0390723
297,1760879492.170614,RX2,Walking,70,0.0,21.587034,20.396078,19.646885,17.46425,13.341663,11.18034,7.8102493,6.3245554,7.28011,10.0,12.041595,14.866069,17.029387,20.0,21.400934,20.808653,17.0,16.124516,15.264338,12.083046,12.1655245,8.944272,5.8309517,5.0,8.944272,12.999999,0.0,0.0,0.0,0.0,0.0,0.0,0.0,0.0,0.0,0.0,0.0,5.0990195,3.0,2.236068,2.0,4.1231055,6.3245554,10.198039,12.1655245,14.0,16.03122,16.27882,16.763054,16.155495,15.652476,13.416409,11.18034,8.944272,6.3245554,4.0,3.6055512,6.0827622,9.219544,12.649111,14.56022,17.720043,19.924858,0.0,-0.23374318,-0.19739556,-0.2573237,-0.23109066,-0.22679885,-0.4636476,-0.69473827,-1.2490457,-1.849096,-2.2142975,-2.2974386,-2.3086114,-2.2730532,-2.2142975,-2.223643,-2.1854594,-2.0607536,-2.0899425,-2.1224513,-1.9974238,-1.735945,-2.0344439,-2.1112158,-2.4980915,-2.6779451,-2.7468016,0.0,0.0,0.0,0.0,0.0,0.0,0.0,0.0,0.0,0.0,0.0,2.9441972,3.1415925,2.6779451,1.5707964,1.3258177,1.2490457,1.3734008,1.4056476,1.5707964,1.6332152,1.7561443,1.8736812,1.9513026,2.0344439,2.0344439,2.0344439,2.0344439,1.8925469,1.5707964,0.98279375,-0.16514868,-0.21866895,-0.32175055,-0.27829966,-0.28605142,-0.30587888
298,1760879492.27132,RX2,Walking,69,0.0,3.0,6.7082043,9.219544,12.041595,14.866069,16.27882,18.384775,17.691807,15.620499,13.453625,12.041595,10.0,7.615773,5.0,5.0,7.28011,9.219544,11.045361,14.035668,16.124516,17.262676,17.720043,17.464249,15.652476,13.60147,11.401754,0.0,0.0,0.0,0.0,0.0,0.0,0.0,0.0,0.0,0.0,0.0,6.3245554,8.0,9.055386,9.486833,10.29563,9.433981,9.219544,8.485281,6.4031243,5.656854,3.6055512,3.0,3.6055512,4.472136,6.7082043,8.944272,9.848858,11.704699,13.601471,15.524176,14.56022,15.524176,12.369316,11.401754,8.246211,6.0,0.0,1.5707964,1.1071488,0.86217004,0.844154,0.8329813,0.7419473,0.7853982,0.7454195,0.69473827,0.7328151,0.7266423,0.6435011,0.4048918,0.0,-0.6435011,-1.2924967,-1.3521274,-1.4801364,-1.4994888,-1.4464413,-1.3961241,-1.2847449,-1.1583859,-1.1071488,-0.94200003,-0.90975314,0.0,0.0,0.0,0.0,0.0,0.0,0.0,0.0,0.0,0.0,0.0,-1.8925469,-1.5707964,-1.4601392,-1.2490457,-1.0636978,-1.012197,-0.86217004,-0.7853982,-0.67474097,-0.7853982,-0.98279375,-1.5707964,-2.158799,-2.6779451,-2.6779451,-2.6779451,-2.7233684,-2.7928216,-2.8430936,-2.8809903,-2.863293,-2.8809903,-2.896614,-2.8753407,-2.896614,3.1415925
299,1760879492.425945,RX2,Walking,71,0.0,22.561028,21.84033,20.248457,18.681541,14.3178215,13.601471,8.062258,6.4031243,7.615773,11.18034,16.124516,19.104973,19.026297,22.203604,23.086792,22.135942,20.880613,18.384775,16.643316,13.928389,8.944272,8.0,5.3851647,5.8309517,12.206555,13.928389,0.0,0.0,0.0,0.0,0.0,0.0,0.0,0.0,0.0,0.0,0.0,9.899495,9.848858,7.28011,6.0827622,4.472136,2.236068,5.0990195,7.0,9.055386,12.041595,14.0,15.297058,16.492422,15.811388,16.155495,14.317821,11.704699,12.369316,9.486833,7.0,7.2111025,7.2111025,9.848858,13.341663,16.27882,19.235384,0.0,1.7942729,1.849096,1.9237868,1.8417432,1.7818897,1.8692952,1.4464413,0.8960554,0.4048918,0.1798535,0.124354996,0.10487694,0.05258306,0.13552772,0.08673834,0.32175055,0.2914568,0.39060703,0.57133746,0.36717382,0.4636476,0.0,-0.38050637,-0.5404195,-0.61072594,-0.36717382,0.0,0.0,0.0,0.0,0.0,0.0,0.0,0.0,0.0,0.0,0.0,-2.3561945,-1.9890207,-1.849096,-1.735945,-2.0344439,-2.6779451,2.9441972,3.1415925,3.0309355,3.0584514,3.1415925,-2.9441972,-2.896614,-2.819842,-2.7610862,-2.709185,-2.7928216,-2.896614,-2.819842,3.1415925,2.55359,2.158799,1.9890207,1.7975951,1.7561443,1.7273982
300,1760879492.509328,RX2,Walking,71,0.0,1.4142135,5.3851647,8.944272,12.529964,15.652476,17.0,18.35756,18.601074,16.27882,16.27882,14.21267,12.529964,9.486833,8.0,5.8309517,8.062258,9.219544,11.045361,13.152946,14.3178215,16.492422,16.27882,15.297058,14.3178215,13.341663,11.18034,0.0,0.0,0.0,0.0,0.0,0.0,0.0,0.0,0.0,0.0,0.0,14.86607,16.643316,16.970562,17.804493,17.0,16.155495,14.56022,12.1655245,10.049876,8.062258,5.3851647,1.4142135,2.236068,5.0990195,9.055386,11.045361,13.152946,15.132746,18.110771,18.248287,19.416489,18.248287,16.492422,15.297058,10.770329,7.28011,0.0,2.3561945,-0.38050637,-0.4636476,-0.49934673,-0.4636476,-0.48995733,-0.5123895,-0.63274884,-0.7419473,-0.8288491,-0.8850668,-1.0714496,-1.2490457,-1.5707964,-2.1112158,-2.6224465,-2.9229238,3.050933,2.9889433,2.9304993,2.896614,2.9562447,2.9441972,2.9304993,2.9147937,2.961739,0.0,0.0,0.0,0.0,0.0,0.0,0.0,0.0,0.0,0.0,0.0,-1.2277724,-0.99945885,-0.7853982,-0.66596925,-0.48995733,-0.38050637,-0.27829966,-0.16514868,-0.09966865,0.124354996,0.38050637,0.7853982,2.6779451,2.9441972,3.0309355,3.050933,2.9889433,3.009041,3.0309355,2.976444,2.9340963,2.976444,2.896614,2.9441972,2.7610862,2.863293
