timestamp,subcarrier_index,I,Q,magnitude,phase
0.0004,0,0,14,14.0,90.0
0.0004,1,0,-16,16.0,-90.0
0.0004,2,21,-13,24.698,-31.76
0.0004,3,21,-12,24.187,-29.74
0.0004,4,16,-9,18.358,-29.36
0.0004,5,12,-7,13.892,-30.26
0.0004,6,6,-9,10.817,-56.31
0.0004,7,1,-11,11.045,-84.81
0.0004,8,-4,-15,15.524,-104.93
0.0004,9,-5,-19,19.647,-104.74
0.0004,10,-7,-23,24.042,-106.93
0.0004,11,-10,-26,27.857,-111.04
0.0004,12,-9,-27,28.46,-108.43
0.0004,13,-6,-30,30.594,-101.31
0.0004,14,-5,-30,30.414,-99.46
0.0004,15,-3,-30,30.15,-95.71
0.0004,16,-2,-31,31.064,-93.69
0.0004,17,-2,-26,26.077,-94.4
0.0004,18,-1,-23,23.022,-92.49
0.0004,19,-3,-20,20.224,-98.53
0.0004,20,-5,-16,16.763,-107.35
0.0004,21,-7,-14,15.652,-116.57
0.0004,22,-10,-12,15.62,-129.81
0.0004,23,-14,-9,16.643,-147.26
0.0004,24,-17,-8,18.788,-154.8
0.0004,25,-21,-8,22.472,-159.15
0.0004,26,-23,0,23.0,180.0
0.0004,27,0,0,0.0,0.0
0.0004,28,0,0,0.0,0.0
0.0004,29,0,0,0.0,0.0
0.0004,30,0,0,0.0,0.0
0.0004,31,0,0,0.0,0.0
0.0004,32,0,0,0.0,0.0
0.0004,33,0,0,0.0,0.0
0.0004,34,0,0,0.0,0.0
0.0004,35,0,0,0.0,0.0
0.0004,36,0,0,0.0,0.0
0.0004,37,0,3,3.0,90.0
0.0004,38,-6,3,6.708,153.43
0.0004,39,-1,2,2.236,116.57
0.0004,40,2,2,2.828,45.0
0.0004,41,7,3,7.616,23.2
0.0004,42,15,6,16.155,21.8
0.0004,43,19,9,21.024,25.35
0.0004,44,25,12,27.731,25.64
0.0004,45,28,16,32.249,29.74
0.0004,46,29,18,34.132,31.83
0.0004,47,32,18,36.715,29.36
0.0004,48,29,21,35.805,35.91
0.0004,49,29,21,35.805,35.91
0.0004,50,27,19,33.015,35.13
0.0004,51,22,15,26.627,34.29
0.0004,52,18,11,21.095,31.43
0.0004,53,14,6,15.232,23.2
0.0004,54,13,0,13.0,0.0
0.0004,55,11,-5,12.083,-24.44
0.0004,56,9,-12,15.0,-53.13
0.0004,57,10,-16,18.868,-57.99
0.0004,58,14,-21,25.239,-56.31
0.0004,59,17,-25,30.232,-55.78
0.0004,60,21,-27,34.205,-52.13
0.0004,61,25,-29,38.288,-49.24
0.0004,62,29,-23,37.014,-38.42
0.0368,0,33,18,37.59,28.61
0.0368,1,0,-26,26.0,-90.0
0.0368,2,9,-21,22.847,-66.8
0.0368,3,8,-16,17.889,-63.43
0.0368,4,3,-13,13.342,-77.01
0.0368,5,4,-11,11.705,-70.02
0.0368,6,1,-9,9.055,-83.66
0.0368,7,-5,-8,9.434,-122.01
0.0368,8,-9,-8,12.042,-138.37
0.0368,9,-13,-11,17.029,-139.76
0.0368,10,-16,-12,20.0,-143.13
0.0368,11,-19,-16,24.839,-139.9
0.0368,12,-20,-19,27.586,-136.47
0.0368,13,-21,-20,29.0,-136.4
0.0368,14,-21,-20,29.0,-136.4
0.0368,15,-19,-20,27.586,-133.53
0.0368,16,-19,-22,29.069,-130.82
0.0368,17,-17,-18,24.759,-133.36
0.0368,18,-17,-16,23.345,-136.74
0.0368,19,-16,-13,20.616,-140.91
0.0368,20,-15,-8,17.0,-151.93
0.0368,21,-15,-5,15.811,-161.57
0.0368,22,-15,-3,15.297,-168.69
0.0368,23,-16,0,16.0,180.0
0.0368,24,-20,3,20.224,171.47
0.0368,25,-20,6,20.881,163.3
0.0368,26,-23,0,23.0,180.0
0.0368,27,0,0,0.0,0.0
0.0368,28,0,0,0.0,0.0
0.0368,29,0,0,0.0,0.0
0.0368,30,0,0,0.0,0.0
0.0368,31,0,0,0.0,0.0
0.0368,32,0,0,0.0,0.0
0.0368,33,0,0,0.0,0.0
0.0368,34,0,0,0.0,0.0
0.0368,35,0,0,0.0,0.0
0.0368,36,0,0,0.0,0.0
0.0368,37,0,6,6.0,90.0
0.0368,38,-2,3,3.606,123.69
0.0368,39,1,-2,2.236,-63.43
0.0368,40,4,-5,6.403,-51.34
0.0368,41,7,-7,9.899,-45.0
0.0368,42,12,-10,15.62,-39.81
0.0368,43,16,-10,18.868,-32.01
0.0368,44,21,-12,24.187,-29.74
0.0368,45,26,-10,27.857,-21.04
0.0368,46,29,-9,30.364,-17.24
0.0368,47,32,-8,32.985,-14.04
0.0368,48,34,-7,34.713,-11.63
0.0368,49,32,-5,32.388,-8.88
0.0368,50,31,-4,31.257,-7.35
0.0368,51,28,-3,28.16,-6.12
0.0368,52,24,-5,24.515,-11.77
0.0368,53,16,-5,16.763,-17.35
0.0368,54,12,-8,14.422,-33.69
0.0368,55,7,-12,13.892,-59.74
0.0368,56,3,-16,16.279,-79.38
0.0368,57,1,-20,20.025,-87.14
0.0368,58,-3,-24,24.187,-97.13
0.0368,59,-2,-30,30.067,-93.81
0.0368,60,-1,-32,32.016,-91.79
0.0368,61,1,-34,34.015,-88.32
0.0368,62,4,-37,37.216,-83.83
0.0771,0,48,11,49.244,12.91
0.0771,1,0,5,5.0,90.0
0.0771,2,-27,4,27.295,171.57
0.0771,3,-26,4,26.306,171.25
0.0771,4,-19,5,19.647,165.26
0.0771,5,-13,5,13.928,158.96
0.0771,6,-7,7,9.899,135.0
0.0771,7,-5,12,13.0,112.62
0.0771,8,-1,15,15.033,93.81
0.0771,9,2,21,21.095,84.56
0.0771,10,1,23,23.022,87.51
0.0771,11,-1,26,26.019,92.2
0.0771,12,-3,27,27.166,96.34
0.0771,13,-3,29,29.155,95.91
0.0771,14,-5,30,30.414,99.46
0.0771,15,-7,29,29.833,103.57
0.0771,16,-7,26,26.926,105.07
0.0771,17,-6,24,24.739,104.04
0.0771,18,-6,22,22.804,105.26
0.0771,19,-6,19,19.925,107.53
0.0771,20,-2,16,16.125,97.13
0.0771,21,1,14,14.036,85.91
0.0771,22,5,15,15.811,71.57
0.0771,23,9,14,16.643,57.26
0.0771,24,13,12,17.692,42.71
0.0771,25,15,12,19.209,38.66
0.0771,26,20,0,20.0,0.0
0.0771,27,0,0,0.0,0.0
0.0771,28,0,0,0.0,0.0
0.0771,29,0,0,0.0,0.0
0.0771,30,0,0,0.0,0.0
0.0771,31,0,0,0.0,0.0
0.0771,32,0,0,0.0,0.0
0.0771,33,0,0,0.0,0.0
0.0771,34,0,0,0.0,0.0
0.0771,35,0,0,0.0,0.0
0.0771,36,0,0,0.0,0.0
0.0771,37,0,-1,1.0,-90.0
0.0771,38,5,-3,5.831,-30.96
0.0771,39,2,-4,4.472,-63.43
0.0771,40,-3,-6,6.708,-116.57
0.0771,41,-9,-10,13.454,-131.99
0.0771,42,-14,-14,19.799,-135.0
0.0771,43,-18,-16,24.083,-138.37
0.0771,44,-21,-22,30.414,-133.67
0.0771,45,-22,-25,33.302,-131.35
0.0771,46,-24,-28,36.878,-130.6
0.0771,47,-23,-30,37.802,-127.48
0.0771,48,-23,-31,38.601,-126.57
0.0771,49,-20,-29,35.228,-124.59
0.0771,50,-19,-27,33.015,-125.13
0.0771,51,-15,-22,26.627,-124.29
0.0771,52,-13,-17,21.401,-127.41
0.0771,53,-12,-10,15.62,-140.19
0.0771,54,-10,-4,10.77,-158.2
0.0771,55,-12,0,12.0,180.0
0.0771,56,-12,7,13.892,149.74
0.0771,57,-16,11,19.416,145.49
0.0771,58,-18,15,23.431,140.19
0.0771,59,-23,14,26.926,148.67
0.0771,60,-29,17,33.615,149.62
0.0771,61,-31,13,33.615,157.25
0.0771,62,-35,13,37.336,159.62
0.0994,0,32,11,33.838,18.97
0.0994,1,0,31,31.0,90.0
0.0994,2,-10,25,26.926,111.8
0.0994,3,-9,18,20.125,116.57
0.0994,4,-10,15,18.028,123.69
0.0994,5,-4,11,11.705,109.98
0.0994,6,3,8,8.544,69.44
0.0994,7,7,7,9.899,45.0
0.0994,8,9,5,10.296,29.05
0.0994,9,14,10,17.205,35.54
0.0994,10,19,8,20.616,22.83
0.0994,11,21,13,24.698,31.76
0.0994,12,26,15,30.017,29.98
0.0994,13,26,18,31.623,34.7
0.0994,14,30,19,35.511,32.35
0.0994,15,29,18,34.132,31.83
0.0994,16,25,21,32.65,40.03
0.0994,17,24,18,30.0,36.87
0.0994,18,22,13,25.554,30.58
0.0994,19,19,9,21.024,25.35
0.0994,20,19,6,19.925,17.53
0.0994,21,19,0,19.0,0.0
0.0994,22,18,-4,18.439,-12.53
0.0994,23,19,-9,21.024,-25.35
0.0994,24,20,-13,23.854,-33.02
0.0994,25,21,-16,26.401,-37.3
0.0994,26,23,0,23.0,0.0
0.0994,27,0,0,0.0,0.0
0.0994,28,0,0,0.0,0.0
0.0994,29,0,0,0.0,0.0
0.0994,30,0,0,0.0,0.0
0.0994,31,0,0,0.0,0.0
0.0994,32,0,0,0.0,0.0
0.0994,33,0,0,0.0,0.0
0.0994,34,0,0,0.0,0.0
0.0994,35,0,0,0.0,0.0
0.0994,36,0,0,0.0,0.0
0.0994,37,0,-8,8.0,-90.0
0.0994,38,4,-4,5.657,-45.0
0.0994,39,-1,0,1.0,180.0
0.0994,40,-6,4,7.211,146.31
0.0994,41,-11,6,12.53,151.39
0.0994,42,-17,7,18.385,157.62
0.0994,43,-24,9,25.632,159.44
0.0994,44,-28,9,29.411,162.18
0.0994,45,-34,8,34.928,166.76
0.0994,46,-39,6,39.459,171.25
0.0994,47,-43,5,43.29,173.37
0.0994,48,-40,2,40.05,177.14
0.0994,49,-42,-1,42.012,-178.64
0.0994,50,-38,-1,38.013,-178.49
0.0994,51,-35,-1,35.014,-178.36
0.0994,52,-30,0,30.0,180.0
0.0994,53,-22,4,22.361,169.7
0.0994,54,-15,9,17.493,149.04
0.0994,55,-11,12,16.279,132.51
0.0994,56,-6,19,19.925,107.53
0.0994,57,-1,24,24.021,92.39
0.0994,58,-1,29,29.017,91.97
0.0994,59,1,35,35.014,88.36
0.0994,60,-1,38,38.013,91.51
0.0994,61,-5,41,41.304,96.95
0.0994,62,-6,39,39.459,98.75
0.1274,0,80,9,80.505,6.42
0.1274,1,0,-30,30.0,-90.0
0.1274,2,0,-25,25.0,-90.0
0.1274,3,0,-20,20.0,-90.0
0.1274,4,0,-15,15.0,-90.0
0.1274,5,-2,-8,8.246,-104.04
0.1274,6,-2,-6,6.325,-108.43
0.1274,7,-7,-4,8.062,-150.26
0.1274,8,-11,-3,11.402,-164.74
0.1274,9,-16,-3,16.279,-169.38
0.1274,10,-18,-3,18.248,-170.54
0.1274,11,-23,-7,24.042,-163.07
0.1274,12,-26,-10,27.857,-158.96
0.1274,13,-26,-13,29.069,-153.43
0.1274,14,-27,-14,30.414,-152.59
0.1274,15,-27,-14,30.414,-152.59
0.1274,16,-27,-12,29.547,-156.04
0.1274,17,-25,-10,26.926,-158.2
0.1274,18,-21,-9,22.847,-156.8
0.1274,19,-22,-4,22.361,-169.7
0.1274,20,-19,-2,19.105,-173.99
0.1274,21,-17,3,17.263,169.99
0.1274,22,-16,6,17.088,159.44
0.1274,23,-18,10,20.591,150.95
0.1274,24,-17,13,21.401,142.59
0.1274,25,-18,16,24.083,138.37
0.1274,26,-19,0,19.0,180.0
0.1274,27,0,0,0.0,0.0
0.1274,28,0,0,0.0,0.0
0.1274,29,0,0,0.0,0.0
0.1274,30,0,0,0.0,0.0
0.1274,31,0,0,0.0,0.0
0.1274,32,0,0,0.0,0.0
0.1274,33,0,0,0.0,0.0
0.1274,34,0,0,0.0,0.0
0.1274,35,0,0,0.0,0.0
0.1274,36,0,0,0.0,0.0
0.1274,37,0,6,6.0,90.0
0.1274,38,0,2,2.0,90.0
0.1274,39,1,-4,4.123,-75.96
0.1274,40,2,-9,9.22,-77.47
0.1274,41,6,-12,13.416,-63.43
0.1274,42,8,-16,17.889,-63.43
0.1274,43,12,-19,22.472,-57.72
0.1274,44,18,-20,26.907,-48.01
0.1274,45,22,-21,30.414,-43.67
0.1274,46,26,-21,33.422,-38.93
0.1274,47,30,-21,36.62,-34.99
0.1274,48,30,-19,35.511,-32.35
0.1274,49,32,-16,35.777,-26.57
0.1274,50,32,-14,34.928,-23.63
0.1274,51,27,-11,29.155,-22.17
0.1274,52,23,-11,25.495,-25.56
0.1274,53,17,-9,19.235,-27.9
0.1274,54,11,-10,14.866,-42.27
0.1274,55,4,-13,13.601,-72.9
0.1274,56,0,-15,15.0,-90.0
0.1274,57,-5,-20,20.616,-104.04
0.1274,58,-9,-25,26.571,-109.8
0.1274,59,-9,-31,32.28,-106.19
0.1274,60,-12,-33,35.114,-109.98
0.1274,61,-11,-35,36.688,-107.45
0.1274,62,-10,-34,35.44,-106.39
0.1687,0,65,30,71.589,24.78
0.1687,1,0,-23,23.0,-90.0
0.1687,2,-17,-24,29.411,-125.31
0.1687,3,-19,-22,29.069,-130.82
0.1687,4,-20,-21,29.0,-133.6
0.1687,5,-18,-23,29.206,-128.05
0.1687,6,-19,-24,30.61,-128.37
0.1687,7,-17,-18,24.759,-133.36
0.1687,8,-18,-23,29.206,-128.05
0.1687,9,-17,-21,27.019,-128.99
0.1687,10,-16,-23,28.018,-124.82
0.1687,11,-15,-20,25.0,-126.87
0.1687,12,-17,-19,25.495,-131.82
0.1687,13,-15,-21,25.807,-125.54
0.1687,14,-11,-20,22.825,-118.81
0.1687,15,-12,-18,21.633,-123.69
0.1687,16,-13,-19,23.022,-124.38
0.1687,17,-12,-17,20.809,-125.22
0.1687,18,-11,-15,18.601,-126.25
0.1687,19,-8,-17,18.788,-115.2
0.1687,20,-10,-16,18.868,-122.01
0.1687,21,-8,-14,16.125,-119.74
0.1687,22,-9,-15,17.493,-120.96
0.1687,23,-9,-13,15.811,-124.7
0.1687,24,-7,-16,17.464,-113.63
0.1687,25,-8,-12,14.422,-123.69
0.1687,26,-8,0,8.0,180.0
0.1687,27,0,0,0.0,0.0
0.1687,28,0,0,0.0,0.0
0.1687,29,0,0,0.0,0.0
0.1687,30,0,0,0.0,0.0
0.1687,31,0,0,0.0,0.0
0.1687,32,0,0,0.0,0.0
0.1687,33,0,0,0.0,0.0
0.1687,34,0,0,0.0,0.0
0.1687,35,0,0,0.0,0.0
0.1687,36,0,0,0.0,0.0
0.1687,37,0,-10,10.0,-90.0
0.1687,38,-1,-10,10.05,-95.71
0.1687,39,-3,-11,11.402,-105.26
0.1687,40,-4,-12,12.649,-108.43
0.1687,41,-4,-13,13.601,-107.1
0.1687,42,-5,-14,14.866,-109.65
0.1687,43,-6,-13,14.318,-114.78
0.1687,44,-6,-14,15.232,-113.2
0.1687,45,-10,-15,18.028,-123.69
0.1687,46,-9,-16,18.358,-119.36
0.1687,47,-12,-16,20.0,-126.87
0.1687,48,-12,-17,20.809,-125.22
0.1687,49,-15,-15,21.213,-135.0
0.1687,50,-15,-16,21.932,-133.15
0.1687,51,-16,-15,21.932,-136.85
0.1687,52,-17,-23,28.601,-126.47
0.1687,53,-15,-18,23.431,-129.81
0.1687,54,-19,-16,24.839,-139.9
0.1687,55,-17,-19,25.495,-131.82
0.1687,56,-15,-14,20.518,-136.97
0.1687,57,-18,-21,27.659,-130.6
0.1687,58,-19,-20,27.586,-133.53
0.1687,59,-18,-20,26.907,-131.99
0.1687,60,-17,-23,28.601,-126.47
0.1687,61,-23,-24,33.242,-133.78
0.1687,62,-23,-21,31.145,-137.6
0.2111,0,32,6,32.558,10.62
0.2111,1,0,-21,21.0,-90.0
0.2111,2,-21,-18,27.659,-139.4
0.2111,3,-20,-15,25.0,-143.13
0.2111,4,-15,-9,17.493,-149.04
0.2111,5,-11,-5,12.083,-155.56
0.2111,6,-8,-1,8.062,-172.87
0.2111,7,-11,4,11.705,160.02
0.2111,8,-11,10,14.866,137.73
0.2111,9,-12,11,16.279,137.49
0.2111,10,-14,17,22.023,129.47
0.2111,11,-19,13,23.022,145.62
0.2111,12,-21,14,25.239,146.31
0.2111,13,-28,16,32.249,150.26
0.2111,14,-26,14,29.53,151.7
0.2111,15,-27,11,29.155,157.83
0.2111,16,-25,9,26.571,160.2
0.2111,17,-25,9,26.571,160.2
0.2111,18,-21,10,23.259,154.54
0.2111,19,-18,11,21.095,148.57
0.2111,20,-15,12,19.209,141.34
0.2111,21,-12,14,18.439,130.6
0.2111,22,-8,17,18.788,115.2
0.2111,23,-5,20,20.616,104.04
0.2111,24,-2,21,21.095,95.44
0.2111,25,0,24,24.0,90.0
0.2111,26,1,0,1.0,0.0
0.2111,27,0,0,0.0,0.0
0.2111,28,0,0,0.0,0.0
0.2111,29,0,0,0.0,0.0
0.2111,30,0,0,0.0,0.0
0.2111,31,0,0,0.0,0.0
0.2111,32,0,0,0.0,0.0
0.2111,33,0,0,0.0,0.0
0.2111,34,0,0,0.0,0.0
0.2111,35,0,0,0.0,0.0
0.2111,36,0,0,0.0,0.0
0.2111,37,0,5,5.0,90.0
0.2111,38,4,1,4.123,14.04
0.2111,39,2,-4,4.472,-63.43
0.2111,40,-1,-9,9.055,-96.34
0.2111,41,-1,-15,15.033,-93.81
0.2111,42,-1,-20,20.025,-92.86
0.2111,43,-1,-26,26.019,-92.2
0.2111,44,0,-30,30.0,-90.0
0.2111,45,3,-32,32.14,-84.64
0.2111,46,6,-36,36.497,-80.54
0.2111,47,8,-36,36.878,-77.47
0.2111,48,8,-35,35.903,-77.12
0.2111,49,11,-33,34.785,-71.57
0.2111,50,11,-28,30.083,-68.55
0.2111,51,11,-24,26.401,-65.38
0.2111,52,8,-20,21.541,-68.2
0.2111,53,7,-15,16.553,-64.98
0.2111,54,2,-11,11.18,-79.7
0.2111,55,-5,-10,11.18,-116.57
0.2111,56,-10,-9,13.454,-138.01
0.2111,57,-14,-9,16.643,-147.26
0.2111,58,-20,-11,22.825,-151.19
0.2111,59,-25,-14,28.653,-150.75
0.2111,60,-29,-16,33.121,-151.11
0.2111,61,-33,-18,37.59,-151.39
0.2111,62,-32,-20,37.736,-147.99
0.2436,0,-64,7,64.382,173.76
0.2436,1,0,19,19.0,90.0
0.2436,2,-22,14,26.077,147.53
0.2436,3,-21,10,23.259,154.54
0.2436,4,-18,9,20.125,153.43
0.2436,5,-13,9,15.811,145.3
0.2436,6,-7,10,12.207,124.99
0.2436,7,-2,13,13.153,98.75
0.2436,8,2,14,14.142,81.87
0.2436,9,7,15,16.553,64.98
0.2436,10,7,20,21.19,70.71
0.2436,11,9,21,22.847,66.8
0.2436,12,9,27,28.46,71.57
0.2436,13,10,26,27.857,68.96
0.2436,14,9,26,27.514,70.91
0.2436,15,8,28,29.12,74.05
0.2436,16,6,25,25.71,76.5
0.2436,17,6,24,24.739,75.96
0.2436,18,6,20,20.881,73.3
0.2436,19,7,15,16.553,64.98
0.2436,20,7,12,13.892,59.74
0.2436,21,10,9,13.454,41.99
0.2436,22,13,7,14.765,28.3
0.2436,23,15,6,16.155,21.8
0.2436,24,19,4,19.416,11.89
0.2436,25,22,2,22.091,5.19
0.2436,26,23,0,23.0,0.0
0.2436,27,0,0,0.0,0.0
0.2436,28,0,0,0.0,0.0
0.2436,29,0,0,0.0,0.0
0.2436,30,0,0,0.0,0.0
0.2436,31,0,0,0.0,0.0
0.2436,32,0,0,0.0,0.0
0.2436,33,0,0,0.0,0.0
0.2436,34,0,0,0.0,0.0
0.2436,35,0,0,0.0,0.0
0.2436,36,0,0,0.0,0.0
0.2436,37,0,-4,4.0,-90.0
0.2436,38,5,-3,5.831,-30.96
0.2436,39,1,-1,1.414,-45.0
0.2436,40,-3,-1,3.162,-161.57
0.2436,41,-9,-1,9.055,-173.66
0.2436,42,-15,-1,15.033,-176.19
0.2436,43,-21,-3,21.213,-171.87
0.2436,44,-25,-6,25.71,-166.5
0.2436,45,-30,-7,30.806,-166.87
0.2436,46,-33,-11,34.785,-161.57
0.2436,47,-33,-11,34.785,-161.57
0.2436,48,-34,-13,36.401,-159.08
0.2436,49,-34,-16,37.577,-154.8
0.2436,50,-32,-15,35.341,-154.89
0.2436,51,-27,-13,29.967,-154.29
0.2436,52,-23,-7,24.042,-163.07
0.2436,53,-18,-4,18.439,-167.47
0.2436,54,-14,1,14.036,175.91
0.2436,55,-10,6,11.662,149.04
0.2436,56,-11,11,15.556,135.0
0.2436,57,-11,18,21.095,121.43
0.2436,58,-13,23,26.42,119.48
0.2436,59,-15,27,30.887,119.05
0.2436,60,-16,29,33.121,118.89
0.2436,61,-19,28,33.838,124.16
0.2436,62,-22,26,34.059,130.24
0.2598,0,81,18,82.976,12.53
0.2598,1,0,-29,29.0,-90.0
0.2598,2,-15,-24,28.302,-122.01
0.2598,3,-13,-21,24.698,-121.76
0.2598,4,-10,-14,17.205,-125.54
0.2598,5,-11,-8,13.601,-143.97
0.2598,6,-10,-4,10.77,-158.2
0.2598,7,-11,1,11.045,174.81
0.2598,8,-14,4,14.56,164.05
0.2598,9,-14,8,16.125,150.26
0.2598,10,-18,7,19.313,158.75
0.2598,11,-23,7,24.042,163.07
0.2598,12,-25,6,25.71,166.5
0.2598,13,-27,6,27.659,167.47
0.2598,14,-28,5,28.443,169.88
0.2598,15,-28,5,28.443,169.88
0.2598,16,-29,3,29.155,174.09
0.2598,17,-28,4,28.284,171.87
0.2598,18,-25,6,25.71,166.5
0.2598,19,-21,7,22.136,161.57
0.2598,20,-18,9,20.125,153.43
0.2598,21,-14,13,19.105,137.12
0.2598,22,-11,15,18.601,126.25
0.2598,23,-10,18,20.591,119.05
0.2598,24,-8,22,23.409,109.98
0.2598,25,-7,24,25.0,106.26
0.2598,26,-7,0,7.0,180.0
0.2598,27,0,0,0.0,0.0
0.2598,28,0,0,0.0,0.0
0.2598,29,0,0,0.0,0.0
0.2598,30,0,0,0.0,0.0
0.2598,31,0,0,0.0,0.0
0.2598,32,0,0,0.0,0.0
0.2598,33,0,0,0.0,0.0
0.2598,34,0,0,0.0,0.0
0.2598,35,0,0,0.0,0.0
0.2598,36,0,0,0.0,0.0
0.2598,37,0,6,6.0,90.0
0.2598,38,3,1,3.162,18.43
0.2598,39,1,-4,4.123,-75.96
0.2598,40,0,-9,9.0,-90.0
0.2598,41,0,-15,15.0,-90.0
0.2598,42,1,-20,20.025,-87.14
0.2598,43,2,-26,26.077,-85.6
0.2598,44,5,-30,30.414,-80.54
0.2598,45,7,-33,33.734,-78.02
0.2598,46,10,-35,36.401,-74.05
0.2598,47,13,-34,36.401,-69.08
0.2598,48,15,-33,36.249,-65.56
0.2598,49,16,-31,34.886,-62.7
0.2598,50,17,-27,31.906,-57.8
0.2598,51,16,-23,28.018,-55.18
0.2598,52,14,-19,23.601,-53.62
0.2598,53,9,-16,18.358,-60.64
0.2598,54,4,-12,12.649,-71.57
0.2598,55,-2,-13,13.153,-98.75
0.2598,56,-5,-11,12.083,-114.44
0.2598,57,-13,-14,19.105,-132.88
0.2598,58,-16,-16,22.627,-135.0
0.2598,59,-21,-19,28.32,-137.86
0.2598,60,-24,-23,33.242,-136.22
0.2598,61,-26,-26,36.77,-135.0
0.2598,62,-24,-29,37.643,-129.61
0.3175,0,32,13,34.54,22.11
0.3175,1,0,29,29.0,90.0
0.3175,2,-8,22,23.409,109.98
0.3175,3,-9,21,22.847,113.2
0.3175,4,-6,14,15.232,113.2
0.3175,5,-4,13,13.601,107.1
0.3175,6,0,10,10.0,90.0
0.3175,7,4,9,9.849,66.04
0.3175,8,7,10,12.207,55.01
0.3175,9,10,10,14.142,45.0
0.3175,10,13,12,17.692,42.71
0.3175,11,15,15,21.213,45.0
0.3175,12,17,18,24.759,46.64
0.3175,13,17,19,25.495,48.18
0.3175,14,18,21,27.659,49.4
0.3175,15,17,20,26.249,49.64
0.3175,16,16,19,24.839,49.9
0.3175,17,15,17,22.672,48.58
0.3175,18,15,14,20.518,43.03
0.3175,19,14,10,17.205,35.54
0.3175,20,14,7,15.652,26.57
0.3175,21,14,4,14.56,15.95
0.3175,22,14,1,14.036,4.09
0.3175,23,17,-1,17.029,-3.37
0.3175,24,19,-2,19.105,-6.01
0.3175,25,22,-4,22.361,-10.3
0.3175,26,23,0,23.0,0.0
0.3175,27,0,0,0.0,0.0
0.3175,28,0,0,0.0,0.0
0.3175,29,0,0,0.0,0.0
0.3175,30,0,0,0.0,0.0
0.3175,31,0,0,0.0,0.0
0.3175,32,0,0,0.0,0.0
0.3175,33,0,0,0.0,0.0
0.3175,34,0,0,0.0,0.0
0.3175,35,0,0,0.0,0.0
0.3175,36,0,0,0.0,0.0
0.3175,37,0,-7,7.0,-90.0
0.3175,38,-1,-3,3.162,-108.43
0.3175,39,-2,2,2.828,135.0
0.3175,40,-4,6,7.211,123.69
0.3175,41,-6,10,11.662,120.96
0.3175,42,-9,13,15.811,124.7
0.3175,43,-13,16,20.616,129.09
0.3175,44,-18,17,24.759,136.64
0.3175,45,-22,18,28.425,140.71
0.3175,46,-26,17,31.064,146.82
0.3175,47,-29,15,32.65,152.65
0.3175,48,-31,14,34.015,155.7
0.3175,49,-31,12,33.242,158.84
0.3175,50,-31,9,32.28,163.81
0.3175,51,-28,8,29.12,164.05
0.3175,52,-24,7,25.0,163.74
0.3175,53,-18,7,19.313,158.75
0.3175,54,-13,9,15.811,145.3
0.3175,55,-8,13,15.264,121.61
0.3175,56,-5,15,15.811,108.43
0.3175,57,1,19,19.026,86.99
0.3175,58,2,24,24.083,85.24
0.3175,59,4,29,29.275,82.15
0.3175,60,1,30,30.017,88.09
0.3175,61,-1,35,35.014,91.64
0.3175,62,0,34,34.0,90.0
0.3476,0,0,12,12.0,90.0
0.3476,1,0,-27,27.0,-90.0
0.3476,2,-8,-22,23.409,-109.98
0.3476,3,-7,-20,21.19,-109.29
0.3476,4,-5,-15,15.811,-108.43
0.3476,5,-5,-11,12.083,-114.44
0.3476,6,-6,-7,9.22,-130.6
0.3476,7,-9,-2,9.22,-167.47
0.3476,8,-12,0,12.0,180.0
0.3476,9,-14,-1,14.036,-175.91
0.3476,10,-18,-1,18.028,-176.82
0.3476,11,-20,-2,20.1,-174.29
0.3476,12,-23,-3,23.195,-172.57
0.3476,13,-26,-4,26.306,-171.25
0.3476,14,-25,-4,25.318,-170.91
0.3476,15,-25,-4,25.318,-170.91
0.3476,16,-26,-4,26.306,-171.25
0.3476,17,-23,-4,23.345,-170.13
0.3476,18,-22,-2,22.091,-174.81
0.3476,19,-19,0,19.0,180.0
0.3476,20,-17,3,17.263,169.99
0.3476,21,-15,7,16.553,154.98
0.3476,22,-14,9,16.643,147.26
0.3476,23,-14,13,19.105,137.12
0.3476,24,-13,16,20.616,129.09
0.3476,25,-13,18,22.204,125.84
0.3476,26,-13,0,13.0,180.0
0.3476,27,0,0,0.0,0.0
0.3476,28,0,0,0.0,0.0
0.3476,29,0,0,0.0,0.0
0.3476,30,0,0,0.0,0.0
0.3476,31,0,0,0.0,0.0
0.3476,32,0,0,0.0,0.0
0.3476,33,0,0,0.0,0.0
0.3476,34,0,0,0.0,0.0
0.3476,35,0,0,0.0,0.0
0.3476,36,0,0,0.0,0.0
0.3476,37,0,5,5.0,90.0
0.3476,38,2,1,2.236,26.57
0.3476,39,1,-3,3.162,-71.57
0.3476,40,0,-8,8.0,-90.0
0.3476,41,0,-13,13.0,-90.0
0.3476,42,2,-18,18.111,-83.66
0.3476,43,4,-22,22.361,-79.7
0.3476,44,7,-24,25.0,-73.74
0.3476,45,10,-25,26.926,-68.2
0.3476,46,14,-27,30.414,-62.59
0.3476,47,17,-28,32.757,-58.74
0.3476,48,18,-27,32.45,-56.31
0.3476,49,19,-23,29.833,-50.44
0.3476,50,20,-20,28.284,-45.0
0.3476,51,18,-17,24.759,-43.36
0.3476,52,15,-15,21.213,-45.0
0.3476,53,11,-12,16.279,-47.49
0.3476,54,7,-11,13.038,-57.53
0.3476,55,2,-11,11.18,-79.7
0.3476,56,-3,-13,13.342,-102.99
0.3476,57,-8,-16,17.889,-116.57
0.3476,58,-12,-18,21.633,-123.69
0.3476,59,-14,-22,26.077,-122.47
0.3476,60,-17,-27,31.906,-122.2
0.3476,61,-19,-30,35.511,-122.35
0.3476,62,-16,-29,33.121,-118.89
0.3856,0,-79,20,81.492,165.79
0.3856,1,0,-5,5.0,-90.0
0.3856,2,-34,-5,34.366,-171.63
0.3856,3,-28,-5,28.443,-169.88
0.3856,4,-24,-1,24.021,-177.61
0.3856,5,-17,2,17.117,173.29
0.3856,6,-14,4,14.56,164.05
0.3856,7,-11,10,14.866,137.73
0.3856,8,-7,14,15.652,116.57
0.3856,9,-8,17,18.788,115.2
0.3856,10,-8,21,22.472,110.85
0.3856,11,-9,22,23.77,112.25
0.3856,12,-12,23,25.942,117.55
0.3856,13,-13,25,28.178,117.47
0.3856,14,-15,23,27.459,123.11
0.3856,15,-16,22,27.203,126.03
0.3856,16,-16,22,27.203,126.03
0.3856,17,-15,20,25.0,126.87
0.3856,18,-13,19,23.022,124.38
0.3856,19,-10,16,18.868,122.01
0.3856,20,-6,17,18.028,109.44
0.3856,21,-2,17,17.117,96.71
0.3856,22,1,18,18.028,86.82
0.3856,23,4,19,19.416,78.11
0.3856,24,7,20,21.19,70.71
0.3856,25,11,22,24.597,63.43
0.3856,26,14,0,14.0,0.0
0.3856,27,0,0,0.0,0.0
0.3856,28,0,0,0.0,0.0
0.3856,29,0,0,0.0,0.0
0.3856,30,0,0,0.0,0.0
0.3856,31,0,0,0.0,0.0
0.3856,32,0,0,0.0,0.0
0.3856,33,0,0,0.0,0.0
0.3856,34,0,0,0.0,0.0
0.3856,35,0,0,0.0,0.0
0.3856,36,0,0,0.0,0.0
0.3856,37,0,1,1.0,90.0
0.3856,38,6,-2,6.325,-18.43
0.3856,39,1,-3,3.162,-71.57
0.3856,40,-3,-6,6.708,-116.57
0.3856,41,-8,-9,12.042,-131.63
0.3856,42,-12,-14,18.439,-130.6
0.3856,43,-16,-19,24.839,-130.1
0.3856,44,-18,-22,28.425,-129.29
0.3856,45,-21,-27,34.205,-127.87
0.3856,46,-20,-31,36.892,-122.83
0.3856,47,-22,-32,38.833,-124.51
0.3856,48,-21,-33,39.115,-122.47
0.3856,49,-18,-32,36.715,-119.36
0.3856,50,-16,-29,33.121,-118.89
0.3856,51,-12,-24,26.833,-116.57
0.3856,52,-11,-19,21.954,-120.07
0.3856,53,-10,-15,18.028,-123.69
0.3856,54,-10,-8,12.806,-141.34
0.3856,55,-11,-5,12.083,-155.56
0.3856,56,-14,3,14.318,167.91
0.3856,57,-17,3,17.263,169.99
0.3856,58,-21,7,22.136,161.57
0.3856,59,-27,8,28.16,163.5
0.3856,60,-31,6,31.575,169.05
0.3856,61,-35,5,35.355,171.87
0.3856,62,-37,1,37.014,178.45
0.4246,0,16,15,21.932,43.15
0.4246,1,0,-17,17.0,-90.0
0.4246,2,26,-19,32.202,-36.16
0.4246,3,23,-13,26.42,-29.48
0.4246,4,17,-16,23.345,-43.26
0.4246,5,13,-12,17.692,-42.71
0.4246,6,7,-11,13.038,-57.53
0.4246,7,2,-12,12.166,-80.54
0.4246,8,-2,-15,15.133,-97.59
0.4246,9,-5,-18,18.682,-105.52
0.4246,10,-7,-21,22.136,-108.43
0.4246,11,-8,-24,25.298,-108.43
0.4246,12,-8,-28,29.12,-105.95
0.4246,13,-5,-28,28.443,-100.12
0.4246,14,-5,-29,29.428,-99.78
0.4246,15,-6,-27,27.659,-102.53
0.4246,16,-4,-25,25.318,-99.09
0.4246,17,-2,-23,23.087,-94.97
0.4246,18,-5,-21,21.587,-103.39
0.4246,19,-6,-17,18.028,-109.44
0.4246,20,-6,-15,16.155,-111.8
0.4246,21,-10,-13,16.401,-127.57
0.4246,22,-13,-11,17.029,-139.76
0.4246,23,-15,-10,18.028,-146.31
0.4246,24,-20,-10,22.361,-153.43
0.4246,25,-23,-11,25.495,-154.44
0.4246,26,-24,0,24.0,180.0
0.4246,27,0,0,0.0,0.0
0.4246,28,0,0,0.0,0.0
0.4246,29,0,0,0.0,0.0
0.4246,30,0,0,0.0,0.0
0.4246,31,0,0,0.0,0.0
0.4246,32,0,0,0.0,0.0
0.4246,33,0,0,0.0,0.0
0.4246,34,0,0,0.0,0.0
0.4246,35,0,0,0.0,0.0
0.4246,36,0,0,0.0,0.0
0.4246,37,0,5,5.0,90.0
0.4246,38,-5,1,5.099,168.69
0.4246,39,-1,-1,1.414,-135.0
0.4246,40,3,-2,3.606,-33.69
0.4246,41,8,-3,8.544,-20.56
0.4246,42,13,-5,13.928,-21.04
0.4246,43,18,-3,18.248,-9.46
0.4246,44,24,-2,24.083,-4.76
0.4246,45,29,0,29.0,0.0
0.4246,46,33,3,33.136,5.19
0.4246,47,36,5,36.346,7.91
0.4246,48,35,8,35.903,12.88
0.4246,49,36,9,37.108,14.04
0.4246,50,33,9,34.205,15.26
0.4246,51,29,7,29.833,13.57
0.4246,52,25,5,25.495,11.31
0.4246,53,20,1,20.025,2.86
0.4246,54,16,-3,16.279,-10.62
0.4246,55,13,-9,15.811,-34.7
0.4246,56,11,-12,16.279,-47.49
0.4246,57,11,-19,21.954,-59.93
0.4246,58,12,-23,25.942,-62.45
0.4246,59,13,-26,29.069,-63.43
0.4246,60,15,-30,33.541,-63.43
0.4246,61,19,-27,33.015,-54.87
0.4246,62,23,-29,37.014,-51.58
0.4402,0,17,18,24.759,46.64
0.4402,1,0,-17,17.0,-90.0
0.4402,2,-22,-16,27.203,-143.97
0.4402,3,-21,-14,25.239,-146.31
0.4402,4,-18,-10,20.591,-150.95
0.4402,5,-14,-5,14.866,-160.35
0.4402,6,-12,-3,12.369,-165.96
0.4402,7,-12,4,12.649,161.57
0.4402,8,-14,6,15.232,156.8
0.4402,9,-15,7,16.553,154.98
0.4402,10,-17,10,19.723,149.53
0.4402,11,-20,9,21.932,155.77
0.4402,12,-22,10,24.166,155.56
0.4402,13,-24,8,25.298,161.57
0.4402,14,-26,7,26.926,164.93
0.4402,15,-25,7,25.962,164.36
0.4402,16,-25,6,25.71,166.5
0.4402,17,-23,7,24.042,163.07
0.4402,18,-19,7,20.248,159.78
0.4402,19,-17,9,19.235,152.1
0.4402,20,-14,9,16.643,147.26
0.4402,21,-12,13,17.692,132.71
0.4402,22,-10,16,18.868,122.01
0.4402,23,-8,19,20.616,112.83
0.4402,24,-8,21,22.472,110.85
0.4402,25,-9,23,24.698,111.37
0.4402,26,-8,0,8.0,180.0
0.4402,27,0,0,0.0,0.0
0.4402,28,0,0,0.0,0.0
0.4402,29,0,0,0.0,0.0
0.4402,30,0,0,0.0,0.0
0.4402,31,0,0,0.0,0.0
0.4402,32,0,0,0.0,0.0
0.4402,33,0,0,0.0,0.0
0.4402,34,0,0,0.0,0.0
0.4402,35,0,0,0.0,0.0
0.4402,36,0,0,0.0,0.0
0.4402,37,0,1,1.0,90.0
0.4402,38,6,-1,6.083,-9.46
0.4402,39,2,-3,3.606,-56.31
0.4402,40,-3,-6,6.708,-116.57
0.4402,41,-6,-9,10.817,-123.69
0.4402,42,-9,-14,16.643,-122.74
0.4402,43,-12,-19,22.472,-122.28
0.4402,44,-14,-23,26.926,-121.33
0.4402,45,-15,-27,30.887,-119.05
0.4402,46,-14,-31,34.015,-114.3
0.4402,47,-13,-31,33.615,-112.75
0.4402,48,-12,-33,35.114,-109.98
0.4402,49,-10,-32,33.526,-107.35
0.4402,50,-7,-28,28.862,-104.04
0.4402,51,-6,-25,25.71,-103.5
0.4402,52,-6,-20,20.881,-106.7
0.4402,53,-4,-16,16.492,-104.04
0.4402,54,-7,-13,14.765,-118.3
0.4402,55,-9,-9,12.728,-135.0
0.4402,56,-12,-7,13.892,-149.74
0.4402,57,-19,-6,19.925,-162.47
0.4402,58,-21,-6,21.84,-164.05
0.4402,59,-24,-9,25.632,-159.44
0.4402,60,-28,-11,30.083,-158.55
0.4402,61,-30,-16,34.0,-151.93
0.4402,62,-30,-16,34.0,-151.93
0.4884,0,32,9,33.242,15.71
0.4884,1,0,-29,29.0,-90.0
0.4884,2,-5,-25,25.495,-101.31
0.4884,3,-6,-21,21.84,-105.95
0.4884,4,-4,-15,15.524,-104.93
0.4884,5,-5,-11,12.083,-114.44
0.4884,6,-7,-9,11.402,-127.87
0.4884,7,-8,-6,10.0,-143.13
0.4884,8,-11,-4,11.705,-160.02
0.4884,9,-15,-4,15.524,-165.07
0.4884,10,-18,-5,18.682,-164.48
0.4884,11,-20,-5,20.616,-165.96
0.4884,12,-23,-6,23.77,-165.38
0.4884,13,-25,-8,26.249,-162.26
0.4884,14,-25,-8,26.249,-162.26
0.4884,15,-24,-9,25.632,-159.44
0.4884,16,-23,-8,24.352,-160.82
0.4884,17,-21,-7,22.136,-161.57
0.4884,18,-18,-3,18.248,-170.54
0.4884,19,-18,-1,18.028,-176.82
0.4884,20,-16,2,16.125,172.87
0.4884,21,-14,6,15.232,156.8
0.4884,22,-14,8,16.125,150.26
0.4884,23,-15,11,18.601,143.75
0.4884,24,-17,13,21.401,142.59
0.4884,25,-17,15,22.672,138.58
0.4884,26,-18,0,18.0,180.0
0.4884,27,0,0,0.0,0.0
0.4884,28,0,0,0.0,0.0
0.4884,29,0,0,0.0,0.0
0.4884,30,0,0,0.0,0.0
0.4884,31,0,0,0.0,0.0
0.4884,32,0,0,0.0,0.0
0.4884,33,0,0,0.0,0.0
0.4884,34,0,0,0.0,0.0
0.4884,35,0,0,0.0,0.0
0.4884,36,0,0,0.0,0.0
0.4884,37,0,6,6.0,90.0
0.4884,38,2,1,2.236,26.57
0.4884,39,0,-3,3.0,-90.0
0.4884,40,-1,-8,8.062,-97.13
0.4884,41,0,-13,13.0,-90.0
0.4884,42,0,-17,17.0,-90.0
0.4884,43,2,-21,21.095,-84.56
0.4884,44,6,-26,26.683,-77.01
0.4884,45,9,-26,27.514,-70.91
0.4884,46,12,-28,30.463,-66.8
0.4884,47,16,-28,32.249,-60.26
0.4884,48,17,-27,31.906,-57.8
0.4884,49,18,-25,30.806,-54.25
0.4884,50,19,-22,29.069,-49.18
0.4884,51,17,-18,24.759,-46.64
0.4884,52,15,-16,21.932,-46.85
0.4884,53,10,-14,17.205,-54.46
0.4884,54,7,-13,14.765,-61.7
0.4884,55,2,-13,13.153,-81.25
0.4884,56,-3,-15,15.297,-101.31
0.4884,57,-6,-19,19.925,-107.53
0.4884,58,-8,-20,21.541,-111.8
0.4884,59,-13,-24,27.295,-118.44
0.4884,60,-14,-31,34.015,-114.3
0.4884,61,-14,-31,34.015,-114.3
0.4884,62,-13,-32,34.54,-112.11
0.5282,0,32,11,33.838,18.97
0.5282,1,0,26,26.0,90.0
0.5282,2,16,25,29.682,57.38
0.5282,3,15,16,21.932,46.85
0.5282,4,12,16,20.0,53.13
0.5282,5,11,10,14.866,42.27
0.5282,6,8,4,8.944,26.57
0.5282,7,12,1,12.042,4.76
0.5282,8,14,-5,14.866,-19.65
0.5282,9,15,-7,16.553,-25.02
0.5282,10,18,-7,19.313,-21.25
0.5282,11,23,-7,24.042,-16.93
0.5282,12,26,-5,26.476,-10.89
0.5282,13,27,-5,27.459,-10.49
0.5282,14,28,-6,28.636,-12.09
0.5282,15,29,-3,29.155,-5.91
0.5282,16,29,-3,29.155,-5.91
0.5282,17,24,-5,24.515,-11.77
0.5282,18,24,-7,25.0,-16.26
0.5282,19,17,-8,18.788,-25.2
0.5282,20,15,-12,19.209,-38.66
0.5282,21,14,-14,19.799,-45.0
0.5282,22,10,-16,18.868,-57.99
0.5282,23,10,-21,23.259,-64.54
0.5282,24,10,-24,26.0,-67.38
0.5282,25,7,-27,27.893,-75.47
0.5282,26,9,0,9.0,0.0
0.5282,27,0,0,0.0,0.0
0.5282,28,0,0,0.0,0.0
0.5282,29,0,0,0.0,0.0
0.5282,30,0,0,0.0,0.0
0.5282,31,0,0,0.0,0.0
0.5282,32,0,0,0.0,0.0
0.5282,33,0,0,0.0,0.0
0.5282,34,0,0,0.0,0.0
0.5282,35,0,0,0.0,0.0
0.5282,36,0,0,0.0,0.0
0.5282,37,0,-6,6.0,-90.0
0.5282,38,-5,-3,5.831,-149.04
0.5282,39,-2,2,2.828,135.0
0.5282,40,-1,6,6.083,99.46
0.5282,41,1,13,13.038,85.6
0.5282,42,0,19,19.0,90.0
0.5282,43,1,24,24.021,87.61
0.5282,44,-1,30,30.017,91.91
0.5282,45,-2,34,34.059,93.37
0.5282,46,-4,35,35.228,96.52
0.5282,47,-11,36,37.643,106.99
0.5282,48,-12,33,35.114,109.98
0.5282,49,-13,31,33.615,112.75
0.5282,50,-15,29,32.65,117.35
0.5282,51,-15,25,29.155,120.96
0.5282,52,-12,21,24.187,119.74
0.5282,53,-9,17,19.235,117.9
0.5282,54,-5,13,13.928,111.04
0.5282,55,2,11,11.18,79.7
0.5282,56,6,12,13.416,63.43
0.5282,57,11,14,17.804,51.84
0.5282,58,18,18,25.456,45.0
0.5282,59,20,18,26.907,41.99
0.5282,60,24,25,34.655,46.17
0.5282,61,24,26,35.384,47.29
0.5282,62,25,29,38.288,49.24
0.5566,0,32,6,32.558,10.62
0.5566,1,0,17,17.0,90.0
0.5566,2,26,13,29.069,26.57
0.5566,3,22,11,24.597,26.57
0.5566,4,16,9,18.358,29.36
0.5566,5,16,3,16.279,10.62
0.5566,6,13,-2,13.153,-8.75
0.5566,7,11,-6,12.53,-28.61
0.5566,8,12,-9,15.0,-36.87
0.5566,9,12,-13,17.692,-47.29
0.5566,10,15,-14,20.518,-43.03
0.5566,11,17,-15,22.672,-41.42
0.5566,12,20,-14,24.413,-34.99
0.5566,13,22,-15,26.627,-34.29
0.5566,14,24,-15,28.302,-32.01
0.5566,15,22,-13,25.554,-30.58
0.5566,16,23,-12,25.942,-27.55
0.5566,17,22,-11,24.597,-26.57
0.5566,18,19,-12,22.472,-32.28
0.5566,19,15,-14,20.518,-43.03
0.5566,20,11,-15,18.601,-53.75
0.5566,21,7,-17,18.385,-67.62
0.5566,22,5,-19,19.647,-75.26
0.5566,23,4,-22,22.361,-79.7
0.5566,24,1,-26,26.019,-87.8
0.5566,25,1,-28,28.018,-87.95
0.5566,26,-1,0,1.0,180.0
0.5566,27,0,0,0.0,0.0
0.5566,28,0,0,0.0,0.0
0.5566,29,0,0,0.0,0.0
0.5566,30,0,0,0.0,0.0
0.5566,31,0,0,0.0,0.0
0.5566,32,0,0,0.0,0.0
0.5566,33,0,0,0.0,0.0
0.5566,34,0,0,0.0,0.0
0.5566,35,0,0,0.0,0.0
0.5566,36,0,0,0.0,0.0
0.5566,37,0,-5,5.0,-90.0
0.5566,38,-7,-2,7.28,-164.05
0.5566,39,-3,1,3.162,161.57
0.5566,40,1,5,5.099,78.69
0.5566,41,5,9,10.296,60.95
0.5566,42,8,15,17.0,61.93
0.5566,43,10,20,22.361,63.43
0.5566,44,12,26,28.636,65.22
0.5566,45,13,31,33.615,67.25
0.5566,46,12,34,36.056,70.56
0.5566,47,10,35,36.401,74.05
0.5566,48,9,37,38.079,76.33
0.5566,49,7,35,35.693,78.69
0.5566,50,5,31,31.401,80.84
0.5566,51,3,27,27.166,83.66
0.5566,52,3,22,22.204,82.23
0.5566,53,3,15,15.297,78.69
0.5566,54,6,11,12.53,61.39
0.5566,55,9,7,11.402,37.87
0.5566,56,11,5,12.083,24.44
0.5566,57,16,4,16.492,14.04
0.5566,58,22,5,22.561,12.8
0.5566,59,27,5,27.459,10.49
0.5566,60,29,10,30.676,19.03
0.5566,61,31,9,32.28,16.19
0.5566,62,36,14,38.626,21.25
0.5774,0,-80,10,80.623,172.87
0.5774,1,0,14,14.0,90.0
0.5774,2,-30,13,32.696,156.57
0.5774,3,-25,11,27.313,156.25
0.5774,4,-20,8,21.541,158.2
0.5774,5,-18,9,20.125,153.43
0.5774,6,-11,10,14.866,137.73
0.5774,7,-7,14,15.652,116.57
0.5774,8,-5,16,16.763,107.35
0.5774,9,-1,19,19.026,93.01
0.5774,10,1,23,23.022,87.51
0.5774,11,1,26,26.019,87.8
0.5774,12,-1,29,29.017,91.97
0.5774,13,0,29,29.0,90.0
0.5774,14,-3,29,29.155,95.91
0.5774,15,-5,27,27.459,100.49
0.5774,16,-5,26,26.476,100.89
0.5774,17,-4,22,22.361,100.3
0.5774,18,-3,20,20.224,98.53
0.5774,19,-2,18,18.111,96.34
0.5774,20,2,17,17.117,83.29
0.5774,21,5,15,15.811,71.57
0.5774,22,8,16,17.889,63.43
0.5774,23,12,15,19.209,51.34
0.5774,24,15,17,22.672,48.58
0.5774,25,17,19,25.495,48.18
0.5774,26,20,0,20.0,0.0
0.5774,27,0,0,0.0,0.0
0.5774,28,0,0,0.0,0.0
0.5774,29,0,0,0.0,0.0
0.5774,30,0,0,0.0,0.0
0.5774,31,0,0,0.0,0.0
0.5774,32,0,0,0.0,0.0
0.5774,33,0,0,0.0,0.0
0.5774,34,0,0,0.0,0.0
0.5774,35,0,0,0.0,0.0
0.5774,36,0,0,0.0,0.0
0.5774,37,0,-7,7.0,-90.0
0.5774,38,6,-5,7.81,-39.81
0.5774,39,2,-1,2.236,-26.57
0.5774,40,-4,1,4.123,165.96
0.5774,41,-8,3,8.544,159.44
0.5774,42,-13,4,13.601,162.9
0.5774,43,-20,3,20.224,171.47
0.5774,44,-26,2,26.077,175.6
0.5774,45,-31,0,31.0,180.0
0.5774,46,-34,-4,34.234,-173.29
0.5774,47,-38,-5,38.328,-172.5
0.5774,48,-38,-7,38.639,-169.56
0.5774,49,-37,-10,38.328,-164.88
0.5774,50,-36,-10,37.363,-164.48
0.5774,51,-32,-8,32.985,-165.96
0.5774,52,-29,-6,29.614,-168.31
0.5774,53,-23,-2,23.087,-175.03
0.5774,54,-20,2,20.1,174.29
0.5774,55,-16,8,17.889,153.43
0.5774,56,-15,13,19.849,139.09
0.5774,57,-14,18,22.804,127.87
0.5774,58,-15,22,26.627,124.29
0.5774,59,-20,24,31.241,129.81
0.5774,60,-22,26,34.059,130.24
0.5774,61,-26,26,36.77,135.0
0.5774,62,-28,26,38.21,137.12
0.6193,0,-79,21,81.744,165.11
0.6193,1,0,1,1.0,90.0
0.6193,2,-34,-2,34.059,-176.63
0.6193,3,-30,0,30.0,180.0
0.6193,4,-22,0,22.0,180.0
0.6193,5,-19,3,19.235,171.03
0.6193,6,-14,6,15.232,156.8
0.6193,7,-10,11,14.866,132.27
0.6193,8,-8,13,15.264,121.61
0.6193,9,-6,17,18.028,109.44
0.6193,10,-7,19,20.248,110.22
0.6193,11,-9,21,22.847,113.2
0.6193,12,-11,22,24.597,116.57
0.6193,13,-14,23,26.926,121.33
0.6193,14,-14,22,26.077,122.47
0.6193,15,-15,20,25.0,126.87
0.6193,16,-16,19,24.839,130.1
0.6193,17,-16,18,24.083,131.63
0.6193,18,-13,18,22.204,125.84
0.6193,19,-9,16,18.358,119.36
0.6193,20,-7,16,17.464,113.63
0.6193,21,-3,16,16.279,100.62
0.6193,22,1,16,16.031,86.42
0.6193,23,5,19,19.647,75.26
0.6193,24,7,21,22.136,71.57
0.6193,25,9,22,23.77,67.75
0.6193,26,11,0,11.0,0.0
0.6193,27,0,0,0.0,0.0
0.6193,28,0,0,0.0,0.0
0.6193,29,0,0,0.0,0.0
0.6193,30,0,0,0.0,0.0
0.6193,31,0,0,0.0,0.0
0.6193,32,0,0,0.0,0.0
0.6193,33,0,0,0.0,0.0
0.6193,34,0,0,0.0,0.0
0.6193,35,0,0,0.0,0.0
0.6193,36,0,0,0.0,0.0
0.6193,37,0,-2,2.0,-90.0
0.6193,38,8,0,8.0,0.0
0.6193,39,2,-1,2.236,-26.57
0.6193,40,-2,-2,2.828,-135.0
0.6193,41,-8,-5,9.434,-147.99
0.6193,42,-13,-8,15.264,-148.39
0.6193,43,-18,-13,22.204,-144.16
0.6193,44,-22,-16,27.203,-143.97
0.6193,45,-25,-20,32.016,-141.34
0.6193,46,-26,-23,34.713,-138.5
0.6193,47,-28,-27,38.897,-136.04
0.6193,48,-27,-28,38.897,-133.96
0.6193,49,-26,-28,38.21,-132.88
0.6193,50,-23,-27,35.468,-130.43
0.6193,51,-21,-21,29.698,-135.0
0.6193,52,-16,-17,23.345,-133.26
0.6193,53,-15,-12,19.209,-141.34
0.6193,54,-14,-6,15.232,-156.8
0.6193,55,-15,-2,15.133,-172.41
0.6193,56,-16,4,16.492,165.96
0.6193,57,-17,6,18.028,160.56
0.6193,58,-21,9,22.847,156.8
0.6193,59,-26,9,27.514,160.91
0.6193,60,-32,8,32.985,165.96
0.6193,61,-34,5,34.366,171.63
0.6193,62,-37,5,37.336,172.3
0.6418,0,-48,12,49.477,165.96
0.6418,1,0,29,29.0,90.0
0.6418,2,9,26,27.514,70.91
0.6418,3,6,21,21.84,74.05
0.6418,4,3,17,17.263,79.99
0.6418,5,3,12,12.369,75.96
0.6418,6,5,7,8.602,54.46
0.6418,7,6,4,7.211,33.69
0.6418,8,10,2,10.198,11.31
0.6418,9,14,2,14.142,8.13
0.6418,10,15,1,15.033,3.81
0.6418,11,21,3,21.213,8.13
0.6418,12,22,3,22.204,7.77
0.6418,13,24,5,24.515,11.77
0.6418,14,25,4,25.318,9.09
0.6418,15,25,5,25.495,11.31
0.6418,16,21,6,21.84,15.95
0.6418,17,24,3,24.187,7.13
0.6418,18,21,2,21.095,5.44
0.6418,19,18,-1,18.028,-3.18
0.6418,20,16,-4,16.492,-14.04
0.6418,21,15,-7,16.553,-25.02
0.6418,22,14,-12,18.439,-40.6
0.6418,23,15,-16,21.932,-46.85
0.6418,24,16,-17,23.345,-46.74
0.6418,25,17,-21,27.019,-51.01
0.6418,26,17,0,17.0,0.0
0.6418,27,0,0,0.0,0.0
0.6418,28,0,0,0.0,0.0
0.6418,29,0,0,0.0,0.0
0.6418,30,0,0,0.0,0.0
0.6418,31,0,0,0.0,0.0
0.6418,32,0,0,0.0,0.0
0.6418,33,0,0,0.0,0.0
0.6418,34,0,0,0.0,0.0
0.6418,35,0,0,0.0,0.0
0.6418,36,0,0,0.0,0.0
0.6418,37,0,-7,7.0,-90.0
0.6418,38,-5,0,5.0,180.0
0.6418,39,-3,4,5.0,126.87
0.6418,40,-1,7,7.071,98.13
0.6418,41,-1,13,13.038,94.4
0.6418,42,-2,21,21.095,95.44
0.6418,43,-2,24,24.083,94.76
0.6418,44,-6,28,28.636,102.09
0.6418,45,-9,32,33.242,105.71
0.6418,46,-11,32,33.838,108.97
0.6418,47,-16,33,36.674,115.87
0.6418,48,-17,32,36.235,117.98
0.6418,49,-18,29,34.132,121.83
0.6418,50,-19,25,31.401,127.23
0.6418,51,-19,21,28.32,132.14
0.6418,52,-16,18,24.083,131.63
0.6418,53,-11,16,19.416,124.51
0.6418,54,-7,14,15.652,116.57
0.6418,55,-1,14,14.036,94.09
0.6418,56,5,15,15.811,71.57
0.6418,57,9,18,20.125,63.43
0.6418,58,13,21,24.698,58.24
0.6418,59,17,24,29.411,54.69
0.6418,60,20,29,35.228,55.41
0.6418,61,20,32,37.736,57.99
0.6418,62,18,33,37.59,61.39
0.7373,0,32,11,33.838,18.97
0.7373,1,0,-30,30.0,-90.0
0.7373,2,-8,-28,29.12,-105.95
0.7373,3,-8,-22,23.409,-109.98
0.7373,4,-6,-16,17.088,-110.56
0.7373,5,-6,-14,15.232,-113.2
0.7373,6,-4,-9,9.849,-113.96
0.7373,7,-8,-5,9.434,-147.99
0.7373,8,-10,-2,10.198,-168.69
0.7373,9,-15,-1,15.033,-176.19
0.7373,10,-18,-2,18.111,-173.66
0.7373,11,-20,-3,20.224,-171.47
0.7373,12,-25,-4,25.318,-170.91
0.7373,13,-24,-7,25.0,-163.74
0.7373,14,-26,-7,26.926,-164.93
0.7373,15,-27,-8,28.16,-163.5
0.7373,16,-26,-7,26.926,-164.93
0.7373,17,-24,-6,24.739,-165.96
0.7373,18,-22,-3,22.204,-172.23
0.7373,19,-19,1,19.026,176.99
0.7373,20,-17,4,17.464,166.76
0.7373,21,-16,7,17.464,156.37
0.7373,22,-14,11,17.804,141.84
0.7373,23,-14,13,19.105,137.12
0.7373,24,-16,18,24.083,131.63
0.7373,25,-16,19,24.839,130.1
0.7373,26,-17,0,17.0,180.0
0.7373,27,0,0,0.0,0.0
0.7373,28,0,0,0.0,0.0
0.7373,29,0,0,0.0,0.0
0.7373,30,0,0,0.0,0.0
0.7373,31,0,0,0.0,0.0
0.7373,32,0,0,0.0,0.0
0.7373,33,0,0,0.0,0.0
0.7373,34,0,0,0.0,0.0
0.7373,35,0,0,0.0,0.0
0.7373,36,0,0,0.0,0.0
0.7373,37,0,6,6.0,90.0
0.7373,38,5,2,5.385,21.8
0.7373,39,4,-3,5.0,-36.87
0.7373,40,1,-9,9.055,-83.66
0.7373,41,0,-13,13.0,-90.0
0.7373,42,1,-21,21.024,-87.27
0.7373,43,2,-25,25.08,-85.43
0.7373,44,4,-31,31.257,-82.65
0.7373,45,7,-33,33.734,-78.02
0.7373,46,9,-34,35.171,-75.17
0.7373,47,12,-35,37.0,-71.08
0.7373,48,15,-35,38.079,-66.8
0.7373,49,17,-31,35.355,-61.26
0.7373,50,17,-27,31.906,-57.8
0.7373,51,17,-24,29.411,-54.69
0.7373,52,14,-19,23.601,-53.62
0.7373,53,8,-17,18.788,-64.8
0.7373,54,4,-13,13.601,-72.9
0.7373,55,-1,-14,14.036,-94.09
0.7373,56,-8,-15,17.0,-118.07
0.7373,57,-12,-18,21.633,-123.69
0.7373,58,-18,-22,28.425,-129.29
0.7373,59,-22,-25,33.302,-131.35
0.7373,60,-22,-27,34.828,-129.17
0.7373,61,-23,-31,38.601,-126.57
0.7373,62,-25,-34,42.202,-126.33
0.8659,0,32,6,32.558,10.62
0.8659,1,0,1,1.0,90.0
0.8659,2,30,2,30.067,3.81
0.8659,3,28,5,28.443,10.12
0.8659,4,22,1,22.023,2.6
0.8659,5,18,0,18.0,0.0
0.8659,6,14,-6,15.232,-23.2
0.8659,7,9,-7,11.402,-37.87
0.8659,8,7,-12,13.892,-59.74
0.8659,9,5,-17,17.72,-73.61
0.8659,10,6,-19,19.925,-72.47
0.8659,11,8,-22,23.409,-70.02
0.8659,12,7,-24,25.0,-73.74
0.8659,13,13,-25,28.178,-62.53
0.8659,14,13,-22,25.554,-59.42
0.8659,15,14,-24,27.785,-59.74
0.8659,16,14,-21,25.239,-56.31
0.8659,17,14,-19,23.601,-53.62
0.8659,18,11,-17,20.248,-57.09
0.8659,19,7,-17,18.385,-67.62
0.8659,20,3,-16,16.279,-79.38
0.8659,21,0,-16,16.0,-90.0
0.8659,22,-5,-17,17.72,-106.39
0.8659,23,-7,-18,19.313,-111.25
0.8659,24,-11,-21,23.707,-117.65
0.8659,25,-14,-21,25.239,-123.69
0.8659,26,-16,0,16.0,180.0
0.8659,27,0,0,0.0,0.0
0.8659,28,0,0,0.0,0.0
0.8659,29,0,0,0.0,0.0
0.8659,30,0,0,0.0,0.0
0.8659,31,0,0,0.0,0.0
0.8659,32,0,0,0.0,0.0
0.8659,33,0,0,0.0,0.0
0.8659,34,0,0,0.0,0.0
0.8659,35,0,0,0.0,0.0
0.8659,36,0,0,0.0,0.0
0.8659,37,0,1,1.0,90.0
0.8659,38,-8,0,8.0,180.0
0.8659,39,-4,2,4.472,153.43
0.8659,40,0,5,5.0,90.0
0.8659,41,6,8,10.0,53.13
0.8659,42,12,11,16.279,42.51
0.8659,43,15,15,21.213,45.0
0.8659,44,20,20,28.284,45.0
0.8659,45,22,23,31.828,46.27
0.8659,46,23,28,36.235,50.6
0.8659,47,22,29,36.401,52.82
0.8659,48,21,30,36.62,55.01
0.8659,49,21,29,35.805,54.09
0.8659,50,19,27,33.015,54.87
0.8659,51,15,22,26.627,55.71
0.8659,52,13,16,20.616,50.91
0.8659,53,11,10,14.866,42.27
0.8659,54,12,5,13.0,22.62
0.8659,55,11,-1,11.045,-5.19
0.8659,56,14,-4,14.56,-15.95
0.8659,57,19,-8,20.616,-22.83
0.8659,58,21,-11,23.707,-27.65
0.8659,59,27,-10,28.792,-20.32
0.8659,60,31,-10,32.573,-17.88
0.8659,61,34,-9,35.171,-14.83
0.8659,62,37,-5,37.336,-7.7
0.8951,0,32,6,32.558,10.62
0.8951,1,0,-1,1.0,-90.0
0.8951,2,-33,-3,33.136,-174.81
0.8951,3,-29,-4,29.275,-172.15
0.8951,4,-21,-4,21.378,-169.22
0.8951,5,-20,1,20.025,177.14
0.8951,6,-13,4,13.601,162.9
0.8951,7,-11,7,13.038,147.53
0.8951,8,-8,13,15.264,121.61
0.8951,9,-5,16,16.763,107.35
0.8951,10,-7,17,18.385,112.38
0.8951,11,-9,19,21.024,115.35
0.8951,12,-9,23,24.698,111.37
0.8951,13,-8,22,23.409,109.98
0.8951,14,-13,24,27.295,118.44
0.8951,15,-14,22,26.077,122.47
0.8951,16,-14,20,24.413,124.99
0.8951,17,-14,18,22.804,127.87
0.8951,18,-10,16,18.868,122.01
0.8951,19,-7,16,17.464,113.63
0.8951,20,-4,15,15.524,104.93
0.8951,21,0,16,16.0,90.0
0.8951,22,3,16,16.279,79.38
0.8951,23,6,18,18.974,71.57
0.8951,24,10,18,20.591,60.95
0.8951,25,12,20,23.324,59.04
0.8951,26,16,0,16.0,0.0
0.8951,27,0,0,0.0,0.0
0.8951,28,0,0,0.0,0.0
0.8951,29,0,0,0.0,0.0
0.8951,30,0,0,0.0,0.0
0.8951,31,0,0,0.0,0.0
0.8951,32,0,0,0.0,0.0
0.8951,33,0,0,0.0,0.0
0.8951,34,0,0,0.0,0.0
0.8951,35,0,0,0.0,0.0
0.8951,36,0,0,0.0,0.0
0.8951,37,0,-4,4.0,-90.0
0.8951,38,8,-3,8.544,-20.56
0.8951,39,3,-4,5.0,-53.13
0.8951,40,-1,-4,4.123,-104.04
0.8951,41,-6,-7,9.22,-130.6
0.8951,42,-13,-10,16.401,-142.43
0.8951,43,-17,-14,22.023,-140.53
0.8951,44,-22,-18,28.425,-140.71
0.8951,45,-25,-23,33.971,-137.39
0.8951,46,-27,-26,37.483,-136.08
0.8951,47,-29,-27,39.623,-137.05
0.8951,48,-27,-28,38.897,-133.96
0.8951,49,-25,-27,36.797,-132.8
0.8951,50,-23,-25,33.971,-132.61
0.8951,51,-20,-22,29.732,-132.27
0.8951,52,-17,-15,22.672,-138.58
0.8951,53,-14,-10,17.205,-144.46
0.8951,54,-14,-4,14.56,-164.05
0.8951,55,-13,1,13.038,175.6
0.8951,56,-15,6,16.155,158.2
0.8951,57,-19,9,21.024,154.65
0.8951,58,-23,11,25.495,154.44
0.8951,59,-27,13,29.967,154.29
0.8951,60,-30,11,31.953,159.86
0.8951,61,-35,9,36.139,165.58
0.8951,62,-38,7,38.639,169.56
0.9168,0,81,25,84.77,17.15
0.9168,1,0,-34,34.0,-90.0
0.9168,2,14,-27,30.414,-62.59
0.9168,3,16,-23,28.018,-55.18
0.9168,4,10,-19,21.471,-62.24
0.9168,5,8,-14,16.125,-60.26
0.9168,6,4,-13,13.601,-72.9
0.9168,7,0,-11,11.0,-90.0
0.9168,8,-6,-11,12.53,-118.61
0.9168,9,-11,-13,17.029,-130.24
0.9168,10,-15,-16,21.932,-133.15
0.9168,11,-17,-19,25.495,-131.82
0.9168,12,-18,-21,27.659,-130.6
0.9168,13,-22,-25,33.302,-131.35
0.9168,14,-20,-25,32.016,-128.66
0.9168,15,-20,-24,31.241,-129.81
0.9168,16,-18,-22,28.425,-129.29
0.9168,17,-16,-19,24.839,-130.1
0.9168,18,-16,-16,22.627,-135.0
0.9168,19,-15,-11,18.601,-143.75
0.9168,20,-15,-8,17.0,-151.93
0.9168,21,-18,-2,18.111,-173.66
0.9168,22,-18,-1,18.028,-176.82
0.9168,23,-21,3,21.213,171.87
0.9168,24,-23,4,23.345,170.13
0.9168,25,-25,6,25.71,166.5
0.9168,26,-29,0,29.0,180.0
0.9168,27,0,0,0.0,0.0
0.9168,28,0,0,0.0,0.0
0.9168,29,0,0,0.0,0.0
0.9168,30,0,0,0.0,0.0
0.9168,31,0,0,0.0,0.0
0.9168,32,0,0,0.0,0.0
0.9168,33,0,0,0.0,0.0
0.9168,34,0,0,0.0,0.0
0.9168,35,0,0,0.0,0.0
0.9168,36,0,0,0.0,0.0
0.9168,37,0,9,9.0,90.0
0.9168,38,-3,5,5.831,120.96
0.9168,39,0,0,0.0,0.0
0.9168,40,4,-6,7.211,-56.31
0.9168,41,6,-10,11.662,-59.04
0.9168,42,12,-12,16.971,-45.0
0.9168,43,18,-16,24.083,-41.63
0.9168,44,24,-17,29.411,-35.31
0.9168,45,29,-18,34.132,-31.83
0.9168,46,35,-16,38.484,-24.57
0.9168,47,39,-15,41.785,-21.04
0.9168,48,39,-12,40.804,-17.1
0.9168,49,39,-11,40.522,-15.75
0.9168,50,38,-8,38.833,-11.89
0.9168,51,34,-7,34.713,-11.63
0.9168,52,30,-10,31.623,-18.43
0.9168,53,23,-10,25.08,-23.5
0.9168,54,15,-13,19.849,-40.91
0.9168,55,11,-16,19.416,-55.49
0.9168,56,5,-22,22.561,-77.2
0.9168,57,0,-27,27.0,-90.0
0.9168,58,-1,-32,32.016,-91.79
0.9168,59,0,-36,36.0,-90.0
0.9168,60,0,-42,42.0,-90.0
0.9168,61,2,-43,43.046,-87.34
0.9168,62,9,-40,41.0,-77.32
0.9428,0,-64,15,65.734,166.81
0.9428,1,0,-21,21.0,-90.0
0.9428,2,28,-13,30.871,-24.9
0.9428,3,24,-14,27.785,-30.26
0.9428,4,20,-11,22.825,-28.81
0.9428,5,16,-10,18.868,-32.01
0.9428,6,13,-10,16.401,-37.57
0.9428,7,7,-11,13.038,-57.53
0.9428,8,4,-13,13.601,-72.9
0.9428,9,1,-16,16.031,-86.42
0.9428,10,-1,-21,21.024,-92.73
0.9428,11,-1,-22,22.023,-92.6
0.9428,12,-3,-24,24.187,-97.13
0.9428,13,1,-25,25.02,-87.71
0.9428,14,2,-26,26.077,-85.6
0.9428,15,3,-24,24.187,-82.87
0.9428,16,2,-25,25.08,-85.43
0.9428,17,5,-21,21.587,-76.61
0.9428,18,2,-19,19.105,-83.99
0.9428,19,0,-18,18.0,-90.0
0.9428,20,-2,-17,17.117,-96.71
0.9428,21,-6,-16,17.088,-110.56
0.9428,22,-9,-18,20.125,-116.57
0.9428,23,-13,-17,21.401,-127.41
0.9428,24,-15,-19,24.207,-128.29
0.9428,25,-16,-21,26.401,-127.3
0.9428,26,-17,0,17.0,180.0
0.9428,27,0,0,0.0,0.0
0.9428,28,0,0,0.0,0.0
0.9428,29,0,0,0.0,0.0
0.9428,30,0,0,0.0,0.0
0.9428,31,0,0,0.0,0.0
0.9428,32,0,0,0.0,0.0
0.9428,33,0,0,0.0,0.0
0.9428,34,0,0,0.0,0.0
0.9428,35,0,0,0.0,0.0
0.9428,36,0,0,0.0,0.0
0.9428,37,0,8,8.0,90.0
0.9428,38,-3,4,5.0,126.87
0.9428,39,-1,0,1.0,180.0
0.9428,40,3,-4,5.0,-53.13
0.9428,41,6,-8,10.0,-53.13
0.9428,42,12,-9,15.0,-36.87
0.9428,43,17,-10,19.723,-30.47
0.9428,44,22,-10,24.166,-24.44
0.9428,45,27,-9,28.46,-18.43
0.9428,46,32,-6,32.558,-10.62
0.9428,47,37,-4,37.216,-6.17
0.9428,48,35,-2,35.057,-3.27
0.9428,49,37,1,37.014,1.55
0.9428,50,36,2,36.056,3.18
0.9428,51,32,1,32.016,1.79
0.9428,52,27,-1,27.019,-2.12
0.9428,53,22,-2,22.091,-5.19
0.9428,54,17,-8,18.788,-25.2
0.9428,55,13,-10,16.401,-37.57
0.9428,56,12,-15,19.209,-51.34
0.9428,57,10,-21,23.259,-64.54
0.9428,58,13,-26,29.069,-63.43
0.9428,59,13,-30,32.696,-66.57
0.9428,60,19,-30,35.511,-57.65
0.9428,61,23,-28,36.235,-50.6
0.9428,62,23,-34,41.049,-55.92
1.0061,0,0,12,12.0,90.0
1.0061,1,0,-24,24.0,-90.0
1.0061,2,-25,-21,32.65,-139.97
1.0061,3,-23,-18,29.206,-141.95
1.0061,4,-17,-14,22.023,-140.53
1.0061,5,-15,-9,17.493,-149.04
1.0061,6,-12,-6,13.416,-153.43
1.0061,7,-12,0,12.0,180.0
1.0061,8,-11,1,11.045,174.81
1.0061,9,-13,7,14.765,151.7
1.0061,10,-15,7,16.553,154.98
1.0061,11,-19,5,19.647,165.26
1.0061,12,-21,8,22.472,159.15
1.0061,13,-22,6,22.804,164.74
1.0061,14,-24,5,24.515,168.23
1.0061,15,-25,5,25.495,168.69
1.0061,16,-26,5,26.476,169.11
1.0061,17,-22,7,23.087,162.35
1.0061,18,-22,7,23.087,162.35
1.0061,19,-19,8,20.616,157.17
1.0061,20,-15,11,18.601,143.75
1.0061,21,-14,14,19.799,135.0
1.0061,22,-11,16,19.416,124.51
1.0061,23,-13,20,23.854,123.02
1.0061,24,-11,22,24.597,116.57
1.0061,25,-10,23,25.08,113.5
1.0061,26,-9,0,9.0,180.0
1.0061,27,0,0,0.0,0.0
1.0061,28,0,0,0.0,0.0
1.0061,29,0,0,0.0,0.0
1.0061,30,0,0,0.0,0.0
1.0061,31,0,0,0.0,0.0
1.0061,32,0,0,0.0,0.0
1.0061,33,0,0,0.0,0.0
1.0061,34,0,0,0.0,0.0
1.0061,35,0,0,0.0,0.0
1.0061,36,0,0,0.0,0.0
1.0061,37,0,2,2.0,90.0
1.0061,38,8,-1,8.062,-7.13
1.0061,39,4,-3,5.0,-36.87
1.0061,40,-2,-7,7.28,-105.95
1.0061,41,-5,-11,12.083,-114.44
1.0061,42,-10,-16,18.868,-122.01
1.0061,43,-12,-20,23.324,-120.96
1.0061,44,-13,-27,29.967,-115.71
1.0061,45,-14,-31,34.015,-114.3
1.0061,46,-13,-35,37.336,-110.38
1.0061,47,-12,-36,37.947,-108.43
1.0061,48,-12,-36,37.947,-108.43
1.0061,49,-8,-37,37.855,-102.2
1.0061,50,-6,-32,32.558,-100.62
1.0061,51,-3,-28,28.16,-96.12
1.0061,52,-3,-23,23.195,-97.43
1.0061,53,-3,-19,19.235,-98.97
1.0061,54,-5,-13,13.928,-111.04
1.0061,55,-9,-11,14.213,-129.29
1.0061,56,-13,-8,15.264,-148.39
1.0061,57,-18,-8,19.698,-156.04
1.0061,58,-23,-9,24.698,-158.63
1.0061,59,-26,-9,27.514,-160.91
1.0061,60,-33,-12,35.114,-160.02
1.0061,61,-35,-21,40.817,-149.04
1.0061,62,-35,-20,40.311,-150.26
1.0474,0,0,12,12.0,90.0
1.0474,1,0,-32,32.0,-90.0
1.0474,2,-8,-27,28.16,-106.5
1.0474,3,-6,-24,24.739,-104.04
1.0474,4,-5,-18,18.682,-105.52
1.0474,5,-4,-13,13.601,-107.1
1.0474,6,-5,-10,11.18,-116.57
1.0474,7,-6,-6,8.485,-135.0
1.0474,8,-9,-3,9.487,-161.57
1.0474,9,-12,-3,12.369,-165.96
1.0474,10,-15,-2,15.133,-172.41
1.0474,11,-17,-5,17.72,-163.61
1.0474,12,-20,-5,20.616,-165.96
1.0474,13,-21,-6,21.84,-164.05
1.0474,14,-22,-7,23.087,-162.35
1.0474,15,-21,-7,22.136,-161.57
1.0474,16,-21,-6,21.84,-164.05
1.0474,17,-21,-4,21.378,-169.22
1.0474,18,-19,-2,19.105,-173.99
1.0474,19,-18,0,18.0,180.0
1.0474,20,-16,3,16.279,169.38
1.0474,21,-16,5,16.763,162.65
1.0474,22,-15,8,17.0,151.93
1.0474,23,-15,12,19.209,141.34
1.0474,24,-17,13,21.401,142.59
1.0474,25,-18,15,23.431,140.19
1.0474,26,-18,0,18.0,180.0
1.0474,27,0,0,0.0,0.0
1.0474,28,0,0,0.0,0.0
1.0474,29,0,0,0.0,0.0
1.0474,30,0,0,0.0,0.0
1.0474,31,0,0,0.0,0.0
1.0474,32,0,0,0.0,0.0
1.0474,33,0,0,0.0,0.0
1.0474,34,0,0,0.0,0.0
1.0474,35,0,0,0.0,0.0
1.0474,36,0,0,0.0,0.0
1.0474,37,0,6,6.0,90.0
1.0474,38,4,2,4.472,26.57
1.0474,39,3,-3,4.243,-45.0
1.0474,40,0,-8,8.0,-90.0
1.0474,41,0,-13,13.0,-90.0
1.0474,42,0,-18,18.0,-90.0
1.0474,43,1,-22,22.023,-87.4
1.0474,44,4,-27,27.295,-81.57
1.0474,45,6,-29,29.614,-78.31
1.0474,46,9,-30,31.321,-73.3
1.0474,47,12,-31,33.242,-68.84
1.0474,48,13,-31,33.615,-67.25
1.0474,49,14,-28,31.305,-63.43
1.0474,50,15,-25,29.155,-59.04
1.0474,51,15,-21,25.807,-54.46
1.0474,52,14,-18,22.804,-52.13
1.0474,53,10,-14,17.205,-54.46
1.0474,54,6,-13,14.318,-65.22
1.0474,55,1,-13,13.038,-85.6
1.0474,56,-4,-15,15.524,-104.93
1.0474,57,-10,-18,20.591,-119.05
1.0474,58,-14,-21,25.239,-123.69
1.0474,59,-15,-23,27.459,-123.11
1.0474,60,-16,-28,32.249,-119.74
1.0474,61,-17,-33,37.121,-117.26
1.0474,62,-17,-33,37.121,-117.26
1.0765,0,32,6,32.558,10.62
1.0765,1,0,-23,23.0,-90.0
1.0765,2,-18,-22,28.425,-129.29
1.0765,3,-16,-16,22.627,-135.0
1.0765,4,-12,-14,18.439,-130.6
1.0765,5,-12,-9,15.0,-143.13
1.0765,6,-11,-5,12.083,-155.56
1.0765,7,-10,-2,10.198,-168.69
1.0765,8,-12,1,12.042,175.24
1.0765,9,-13,3,13.342,167.01
1.0765,10,-15,4,15.524,165.07
1.0765,11,-18,4,18.439,167.47
1.0765,12,-20,3,20.224,171.47
1.0765,13,-23,2,23.087,175.03
1.0765,14,-26,1,26.019,177.8
1.0765,15,-24,1,24.021,177.61
1.0765,16,-25,2,25.08,175.43
1.0765,17,-21,2,21.095,174.56
1.0765,18,-21,3,21.213,171.87
1.0765,19,-17,4,17.464,166.76
1.0765,20,-16,7,17.464,156.37
1.0765,21,-14,9,16.643,147.26
1.0765,22,-11,14,17.804,128.16
1.0765,23,-11,15,18.601,126.25
1.0765,24,-12,17,20.809,125.22
1.0765,25,-12,20,23.324,120.96
1.0765,26,-11,0,11.0,180.0
1.0765,27,0,0,0.0,0.0
1.0765,28,0,0,0.0,0.0
1.0765,29,0,0,0.0,0.0
1.0765,30,0,0,0.0,0.0
1.0765,31,0,0,0.0,0.0
1.0765,32,0,0,0.0,0.0
1.0765,33,0,0,0.0,0.0
1.0765,34,0,0,0.0,0.0
1.0765,35,0,0,0.0,0.0
1.0765,36,0,0,0.0,0.0
1.0765,37,0,3,3.0,90.0
1.0765,38,11,-3,11.402,-15.26
1.0765,39,11,-3,11.402,-15.26
1.0765,40,3,-8,8.544,-69.44
1.0765,41,-1,-13,13.038,-94.4
1.0765,42,-4,-17,17.464,-103.24
1.0765,43,-5,-22,22.561,-102.8
1.0765,44,-6,-28,28.636,-102.09
1.0765,45,-5,-31,31.401,-99.16
1.0765,46,-3,-33,33.136,-95.19
1.0765,47,-1,-35,35.014,-91.64
1.0765,48,0,-33,33.0,-90.0
1.0765,49,2,-32,32.062,-86.42
1.0765,50,4,-29,29.275,-82.15
1.0765,51,4,-25,25.318,-80.91
1.0765,52,4,-20,20.396,-78.69
1.0765,53,2,-16,16.125,-82.87
1.0765,54,-1,-12,12.042,-94.76
1.0765,55,-5,-11,12.083,-114.44
1.0765,56,-9,-9,12.728,-135.0
1.0765,57,-14,-11,17.804,-141.84
1.0765,58,-19,-12,22.472,-147.72
1.0765,59,-23,-14,26.926,-148.67
1.0765,60,-26,-18,31.623,-145.3
1.0765,61,-28,-20,34.409,-144.46
1.0765,62,-28,-26,38.21,-137.12
1.1159,0,97,25,100.17,14.45
1.1159,1,0,-5,5.0,-90.0
1.1159,2,-34,-6,34.525,-169.99
1.1159,3,-28,-6,28.636,-167.91
1.1159,4,-25,-2,25.08,-175.43
1.1159,5,-19,-2,19.105,-173.99
1.1159,6,-15,3,15.297,168.69
1.1159,7,-11,7,13.038,147.53
1.1159,8,-10,11,14.866,132.27
1.1159,9,-10,14,17.205,125.54
1.1159,10,-9,18,20.125,116.57
1.1159,11,-11,20,22.825,118.81
1.1159,12,-11,19,21.954,120.07
1.1159,13,-13,20,23.854,123.02
1.1159,14,-14,19,23.601,126.38
1.1159,15,-15,19,24.207,128.29
1.1159,16,-16,18,24.083,131.63
1.1159,17,-14,17,22.023,129.47
1.1159,18,-12,17,20.809,125.22
1.1159,19,-8,14,16.125,119.74
1.1159,20,-5,15,15.811,108.43
1.1159,21,-1,15,15.033,93.81
1.1159,22,3,15,15.297,78.69
1.1159,23,6,19,19.925,72.47
1.1159,24,10,19,21.471,62.24
1.1159,25,12,21,24.187,60.26
1.1159,26,13,0,13.0,0.0
1.1159,27,0,0,0.0,0.0
1.1159,28,0,0,0.0,0.0
1.1159,29,0,0,0.0,0.0
1.1159,30,0,0,0.0,0.0
1.1159,31,0,0,0.0,0.0
1.1159,32,0,0,0.0,0.0
1.1159,33,0,0,0.0,0.0
1.1159,34,0,0,0.0,0.0
1.1159,35,0,0,0.0,0.0
1.1159,36,0,0,0.0,0.0
1.1159,37,0,-2,2.0,-90.0
1.1159,38,8,-1,8.062,-7.13
1.1159,39,4,-3,5.0,-36.87
1.1159,40,-1,-5,5.099,-101.31
1.1159,41,-6,-8,10.0,-126.87
1.1159,42,-11,-12,16.279,-132.51
1.1159,43,-16,-16,22.627,-135.0
1.1159,44,-18,-21,27.659,-130.6
1.1159,45,-21,-25,32.65,-130.03
1.1159,46,-22,-29,36.401,-127.18
1.1159,47,-23,-30,37.802,-127.48
1.1159,48,-23,-30,37.802,-127.48
1.1159,49,-21,-30,36.62,-124.99
1.1159,50,-19,-26,32.202,-126.16
1.1159,51,-16,-23,28.018,-124.82
1.1159,52,-14,-18,22.804,-127.87
1.1159,53,-11,-11,15.556,-135.0
1.1159,54,-12,-8,14.422,-146.31
1.1159,55,-14,-3,14.318,-167.91
1.1159,56,-17,4,17.464,166.76
1.1159,57,-17,8,18.788,154.8
1.1159,58,-26,7,26.926,164.93
1.1159,59,-31,7,31.78,167.28
1.1159,60,-32,6,32.558,169.38
1.1159,61,-36,5,36.346,172.09
1.1159,62,-35,1,35.014,178.36
1.1387,0,81,23,84.202,15.85
1.1387,1,0,31,31.0,90.0
1.1387,2,-7,28,28.862,104.04
1.1387,3,-6,23,23.77,104.62
1.1387,4,-7,18,19.313,111.25
1.1387,5,-6,12,13.416,116.57
1.1387,6,-2,9,9.22,102.53
1.1387,7,1,7,7.071,81.87
1.1387,8,4,2,4.472,26.57
1.1387,9,11,5,12.083,24.44
1.1387,10,13,6,14.318,24.78
1.1387,11,17,7,18.385,22.38
1.1387,12,21,7,22.136,18.43
1.1387,13,21,8,22.472,20.85
1.1387,14,23,10,25.08,23.5
1.1387,15,23,11,25.495,25.56
1.1387,16,24,9,25.632,20.56
1.1387,17,23,7,24.042,16.93
1.1387,18,21,4,21.378,10.78
1.1387,19,19,1,19.026,3.01
1.1387,20,16,-3,16.279,-10.62
1.1387,21,17,-7,18.385,-22.38
1.1387,22,15,-11,18.601,-36.25
1.1387,23,16,-14,21.26,-41.19
1.1387,24,16,-17,23.345,-46.74
1.1387,25,18,-18,25.456,-45.0
1.1387,26,18,0,18.0,0.0
1.1387,27,0,0,0.0,0.0
1.1387,28,0,0,0.0,0.0
1.1387,29,0,0,0.0,0.0
1.1387,30,0,0,0.0,0.0
1.1387,31,0,0,0.0,0.0
1.1387,32,0,0,0.0,0.0
1.1387,33,0,0,0.0,0.0
1.1387,34,0,0,0.0,0.0
1.1387,35,0,0,0.0,0.0
1.1387,36,0,0,0.0,0.0
1.1387,37,0,-8,8.0,-90.0
1.1387,38,2,-3,3.606,-56.31
1.1387,39,1,1,1.414,45.0
1.1387,40,-1,6,6.083,99.46
1.1387,41,-4,11,11.705,109.98
1.1387,42,-9,15,17.493,120.96
1.1387,43,-13,17,21.401,127.41
1.1387,44,-18,18,25.456,135.0
1.1387,45,-23,19,29.833,140.44
1.1387,46,-27,19,33.015,144.87
1.1387,47,-32,18,36.715,150.64
1.1387,48,-32,17,36.235,152.02
1.1387,49,-33,15,36.249,155.56
1.1387,50,-33,12,35.114,160.02
1.1387,51,-31,9,32.28,163.81
1.1387,52,-26,10,27.857,158.96
1.1387,53,-21,9,22.847,156.8
1.1387,54,-15,11,18.601,143.75
1.1387,55,-10,14,17.205,125.54
1.1387,56,-5,18,18.682,105.52
1.1387,57,0,22,22.0,90.0
1.1387,58,2,27,27.074,85.76
1.1387,59,5,32,32.388,81.12
1.1387,60,5,36,36.346,82.09
1.1387,61,4,37,37.216,83.83
1.1387,62,4,41,41.195,84.43
1.1829,0,17,25,30.232,55.78
1.1829,1,0,-31,31.0,-90.0
1.1829,2,11,-25,27.313,-66.25
1.1829,3,13,-20,23.854,-56.98
1.1829,4,8,-16,17.889,-63.43
1.1829,5,7,-12,13.892,-59.74
1.1829,6,2,-7,7.28,-74.05
1.1829,7,-1,-5,5.099,-101.31
1.1829,8,-6,-5,7.81,-140.19
1.1829,9,-10,-5,11.18,-153.43
1.1829,10,-16,-7,17.464,-156.37
1.1829,11,-19,-10,21.471,-152.24
1.1829,12,-21,-13,24.698,-148.24
1.1829,13,-22,-13,25.554,-149.42
1.1829,14,-23,-14,26.926,-148.67
1.1829,15,-23,-14,26.926,-148.67
1.1829,16,-23,-15,27.459,-146.89
1.1829,17,-21,-12,24.187,-150.26
1.1829,18,-18,-9,20.125,-153.43
1.1829,19,-19,-6,19.925,-162.47
1.1829,20,-16,-2,16.125,-172.87
1.1829,21,-17,2,17.117,173.29
1.1829,22,-16,5,16.763,162.65
1.1829,23,-17,10,19.723,149.53
1.1829,24,-18,14,22.804,142.13
1.1829,25,-19,17,25.495,138.18
1.1829,26,-20,0,20.0,180.0
1.1829,27,0,0,0.0,0.0
1.1829,28,0,0,0.0,0.0
1.1829,29,0,0,0.0,0.0
1.1829,30,0,0,0.0,0.0
1.1829,31,0,0,0.0,0.0
1.1829,32,0,0,0.0,0.0
1.1829,33,0,0,0.0,0.0
1.1829,34,0,0,0.0,0.0
1.1829,35,0,0,0.0,0.0
1.1829,36,0,0,0.0,0.0
1.1829,37,0,3,3.0,90.0
1.1829,38,-4,0,4.0,180.0
1.1829,39,0,-4,4.0,-90.0
1.1829,40,3,-6,6.708,-63.43
1.1829,41,7,-9,11.402,-52.13
1.1829,42,12,-11,16.279,-42.51
1.1829,43,19,-11,21.954,-30.07
1.1829,44,23,-12,25.942,-27.55
1.1829,45,29,-11,31.016,-20.77
1.1829,46,33,-10,34.482,-16.86
1.1829,47,37,-9,38.079,-13.67
1.1829,48,38,-6,38.471,-8.97
1.1829,49,37,-4,37.216,-6.17
1.1829,50,36,-2,36.056,-3.18
1.1829,51,32,-2,32.062,-3.58
1.1829,52,27,-4,27.295,-8.43
1.1829,53,22,-5,22.561,-12.8
1.1829,54,16,-8,17.889,-26.57
1.1829,55,12,-13,17.692,-47.29
1.1829,56,6,-16,17.088,-69.44
1.1829,57,3,-22,22.204,-82.23
1.1829,58,2,-26,26.077,-85.6
1.1829,59,1,-32,32.016,-88.21
1.1829,60,0,-33,33.0,-90.0
1.1829,61,2,-35,35.057,-86.73
1.1829,62,3,-39,39.115,-85.6
1.2042,0,80,9,80.505,6.42
1.2042,1,0,26,26.0,90.0
1.2042,2,11,22,24.597,63.43
1.2042,3,9,17,19.235,62.1
1.2042,4,8,12,14.422,56.31
1.2042,5,6,7,9.22,49.4
1.2042,6,5,4,6.403,38.66
1.2042,7,4,-3,5.0,-36.87
1.2042,8,9,-3,9.487,-18.43
1.2042,9,11,-5,12.083,-24.44
1.2042,10,15,-6,16.155,-21.8
1.2042,11,19,-6,19.925,-17.53
1.2042,12,19,-6,19.925,-17.53
1.2042,13,26,-4,26.306,-8.75
1.2042,14,24,-5,24.515,-11.77
1.2042,15,26,-1,26.019,-2.2
1.2042,16,26,-2,26.077,-4.4
1.2042,17,24,-3,24.187,-7.13
1.2042,18,21,-4,21.378,-10.78
1.2042,19,20,-7,21.19,-19.29
1.2042,20,15,-8,17.0,-28.07
1.2042,21,11,-12,16.279,-47.49
1.2042,22,10,-14,17.205,-54.46
1.2042,23,9,-18,20.125,-63.43
1.2042,24,7,-22,23.087,-72.35
1.2042,25,7,-25,25.962,-74.36
1.2042,26,6,0,6.0,0.0
1.2042,27,0,0,0.0,0.0
1.2042,28,0,0,0.0,0.0
1.2042,29,0,0,0.0,0.0
1.2042,30,0,0,0.0,0.0
1.2042,31,0,0,0.0,0.0
1.2042,32,0,0,0.0,0.0
1.2042,33,0,0,0.0,0.0
1.2042,34,0,0,0.0,0.0
1.2042,35,0,0,0.0,0.0
1.2042,36,0,0,0.0,0.0
1.2042,37,0,-6,6.0,-90.0
1.2042,38,-4,-2,4.472,-153.43
1.2042,39,-3,2,3.606,146.31
1.2042,40,-3,8,8.544,110.56
1.2042,41,-3,15,15.297,101.31
1.2042,42,-4,20,20.396,101.31
1.2042,43,-7,24,25.0,106.26
1.2042,44,-9,29,30.364,107.24
1.2042,45,-11,31,32.894,109.54
1.2042,46,-14,32,34.928,113.63
1.2042,47,-20,32,37.736,122.01
1.2042,48,-21,31,37.443,124.11
1.2042,49,-22,29,36.401,127.18
1.2042,50,-21,25,32.65,130.03
1.2042,51,-21,21,29.698,135.0
1.2042,52,-18,18,25.456,135.0
1.2042,53,-13,14,19.105,132.88
1.2042,54,-7,12,13.892,120.26
1.2042,55,-2,14,14.142,98.13
1.2042,56,4,14,14.56,74.05
1.2042,57,10,16,18.868,57.99
1.2042,58,15,20,25.0,53.13
1.2042,59,19,23,29.833,50.44
1.2042,60,19,25,31.401,52.77
1.2042,61,22,27,34.828,50.83
1.2042,62,22,32,38.833,55.49
1.2293,0,-79,26,83.169,161.78
1.2293,1,0,-30,30.0,-90.0
1.2293,2,-12,-28,30.463,-113.2
1.2293,3,-8,-21,22.472,-110.85
1.2293,4,-9,-16,18.358,-119.36
1.2293,5,-5,-10,11.18,-116.57
1.2293,6,-7,-4,8.062,-150.26
1.2293,7,-5,-1,5.099,-168.69
1.2293,8,-8,3,8.544,159.44
1.2293,9,-11,5,12.083,155.56
1.2293,10,-15,6,16.155,158.2
1.2293,11,-18,4,18.439,167.47
1.2293,12,-21,4,21.378,169.22
1.2293,13,-24,3,24.187,172.87
1.2293,14,-25,2,25.08,175.43
1.2293,15,-27,1,27.019,177.88
1.2293,16,-27,1,27.019,177.88
1.2293,17,-25,0,25.0,180.0
1.2293,18,-22,4,22.361,169.7
1.2293,19,-19,4,19.416,168.11
1.2293,20,-17,8,18.788,154.8
1.2293,21,-14,11,17.804,141.84
1.2293,22,-13,14,19.105,132.88
1.2293,23,-11,19,21.954,120.07
1.2293,24,-11,21,23.707,117.65
1.2293,25,-10,24,26.0,112.62
1.2293,26,-9,0,9.0,180.0
1.2293,27,0,0,0.0,0.0
1.2293,28,0,0,0.0,0.0
1.2293,29,0,0,0.0,0.0
1.2293,30,0,0,0.0,0.0
1.2293,31,0,0,0.0,0.0
1.2293,32,0,0,0.0,0.0
1.2293,33,0,0,0.0,0.0
1.2293,34,0,0,0.0,0.0
1.2293,35,0,0,0.0,0.0
1.2293,36,0,0,0.0,0.0
1.2293,37,0,6,6.0,90.0
1.2293,38,5,0,5.0,0.0
1.2293,39,3,-4,5.0,-53.13
1.2293,40,2,-9,9.22,-77.47
1.2293,41,1,-15,15.033,-86.19
1.2293,42,1,-22,22.023,-87.4
1.2293,43,3,-26,26.173,-83.42
1.2293,44,4,-29,29.275,-82.15
1.2293,45,7,-32,32.757,-77.66
1.2293,46,10,-33,34.482,-73.14
1.2293,47,12,-33,35.114,-70.02
1.2293,48,15,-32,35.341,-64.89
1.2293,49,16,-30,34.0,-61.93
1.2293,50,16,-25,29.682,-57.38
1.2293,51,14,-24,27.785,-59.74
1.2293,52,11,-20,22.825,-61.19
1.2293,53,8,-16,17.889,-63.43
1.2293,54,3,-16,16.279,-79.38
1.2293,55,-3,-14,14.318,-102.09
1.2293,56,-8,-16,17.889,-116.57
1.2293,57,-13,-17,21.401,-127.41
1.2293,58,-17,-22,27.803,-127.69
1.2293,59,-21,-25,32.65,-130.03
1.2293,60,-23,-30,37.802,-127.48
1.2293,61,-24,-32,40.0,-126.87
1.2293,62,-26,-34,42.802,-127.41
1.2777,0,16,7,17.464,23.63
1.2777,1,0,30,30.0,90.0
1.2777,2,10,23,25.08,66.5
1.2777,3,6,19,19.925,72.47
1.2777,4,3,16,16.279,79.38
1.2777,5,2,11,11.18,79.7
1.2777,6,2,5,5.385,68.2
1.2777,7,5,-1,5.099,-11.31
1.2777,8,7,-3,7.616,-23.2
1.2777,9,12,-5,13.0,-22.62
1.2777,10,15,-5,15.811,-18.43
1.2777,11,19,-4,19.416,-11.89
1.2777,12,21,-3,21.213,-8.13
1.2777,13,23,-3,23.195,-7.43
1.2777,14,26,-1,26.019,-2.2
1.2777,15,26,-1,26.019,-2.2
1.2777,16,27,0,27.0,0.0
1.2777,17,23,-3,23.195,-7.43
1.2777,18,22,-4,22.361,-10.3
1.2777,19,19,-6,19.925,-17.53
1.2777,20,16,-8,17.889,-26.57
1.2777,21,14,-12,18.439,-40.6
1.2777,22,12,-16,20.0,-53.13
1.2777,23,10,-18,20.591,-60.95
1.2777,24,10,-22,24.166,-65.56
1.2777,25,11,-25,27.313,-66.25
1.2777,26,11,0,11.0,0.0
1.2777,27,0,0,0.0,0.0
1.2777,28,0,0,0.0,0.0
1.2777,29,0,0,0.0,0.0
1.2777,30,0,0,0.0,0.0
1.2777,31,0,0,0.0,0.0
1.2777,32,0,0,0.0,0.0
1.2777,33,0,0,0.0,0.0
1.2777,34,0,0,0.0,0.0
1.2777,35,0,0,0.0,0.0
1.2777,36,0,0,0.0,0.0
1.2777,37,0,-6,6.0,-90.0
1.2777,38,-5,-2,5.385,-158.2
1.2777,39,-4,2,4.472,153.43
1.2777,40,-2,8,8.246,104.04
1.2777,41,-2,14,14.142,98.13
1.2777,42,-2,20,20.1,95.71
1.2777,43,-4,24,24.331,99.46
1.2777,44,-6,28,28.636,102.09
1.2777,45,-8,30,31.048,104.93
1.2777,46,-11,32,33.838,108.97
1.2777,47,-14,33,35.847,112.99
1.2777,48,-15,30,33.541,116.57
1.2777,49,-17,29,33.615,120.38
1.2777,50,-18,26,31.623,124.7
1.2777,51,-16,21,26.401,127.3
1.2777,52,-12,18,21.633,123.69
1.2777,53,-10,15,18.028,123.69
1.2777,54,-5,14,14.866,109.65
1.2777,55,1,17,17.029,86.63
1.2777,56,7,15,16.553,64.98
1.2777,57,10,20,22.361,63.43
1.2777,58,15,24,28.302,57.99
1.2777,59,19,25,31.401,52.77
1.2777,60,19,29,34.67,56.77
1.2777,61,21,33,39.115,57.53
1.2777,62,23,35,41.881,56.69
1.3,0,32,6,32.558,10.62
1.3,1,0,29,29.0,90.0
1.3,2,-16,26,30.529,121.61
1.3,3,-15,17,22.672,131.42
1.3,4,-12,14,18.439,130.6
1.3,5,-9,9,12.728,135.0
1.3,6,-4,6,7.211,123.69
1.3,7,-3,4,5.0,126.87
1.3,8,6,3,6.708,26.57
1.3,9,9,4,9.849,23.96
1.3,10,17,8,18.788,25.2
1.3,11,16,11,19.416,34.51
1.3,12,21,11,23.707,27.65
1.3,13,19,16,24.839,40.1
1.3,14,20,16,25.612,38.66
1.3,15,20,15,25.0,36.87
1.3,16,19,14,23.601,36.38
1.3,17,19,13,23.022,34.38
1.3,18,18,8,19.698,23.96
1.3,19,15,6,16.155,21.8
1.3,20,14,3,14.318,12.09
1.3,21,16,-2,16.125,-7.13
1.3,22,15,-4,15.524,-14.93
1.3,23,18,-9,20.125,-26.57
1.3,24,20,-10,22.361,-26.57
1.3,25,22,-13,25.554,-30.58
1.3,26,22,0,22.0,0.0
1.3,27,0,0,0.0,0.0
1.3,28,0,0,0.0,0.0
1.3,29,0,0,0.0,0.0
1.3,30,0,0,0.0,0.0
1.3,31,0,0,0.0,0.0
1.3,32,0,0,0.0,0.0
1.3,33,0,0,0.0,0.0
1.3,34,0,0,0.0,0.0
1.3,35,0,0,0.0,0.0
1.3,36,0,0,0.0,0.0
1.3,37,0,-7,7.0,-90.0
1.3,38,1,-3,3.162,-71.57
1.3,39,-2,0,2.0,180.0
1.3,40,-5,4,6.403,141.34
1.3,41,-10,6,11.662,149.04
1.3,42,-14,8,16.125,150.26
1.3,43,-18,9,20.125,153.43
1.3,44,-24,9,25.632,159.44
1.3,45,-29,9,30.364,162.76
1.3,46,-33,7,33.734,168.02
1.3,47,-35,6,35.511,170.27
1.3,48,-35,6,35.511,170.27
1.3,49,-36,2,36.056,176.82
1.3,50,-34,3,34.132,174.96
1.3,51,-30,1,30.017,178.09
1.3,52,-27,4,27.295,171.57
1.3,53,-21,7,22.136,161.57
1.3,54,-16,9,18.358,150.64
1.3,55,-12,13,17.692,132.71
1.3,56,-9,18,20.125,116.57
1.3,57,-5,24,24.515,101.77
1.3,58,-4,28,28.284,98.13
1.3,59,-4,36,36.222,96.34
1.3,60,-5,36,36.346,97.91
1.3,61,-9,34,35.171,104.83
1.3,62,-12,36,37.947,108.43
1.3434,0,81,29,86.035,19.7
1.3434,1,0,-25,25.0,-90.0
1.3434,2,16,-20,25.612,-51.34
1.3434,3,15,-16,21.932,-46.85
1.3434,4,10,-14,17.205,-54.46
1.3434,5,7,-9,11.402,-52.13
1.3434,6,3,-6,6.708,-63.43
1.3434,7,-2,-7,7.28,-105.95
1.3434,8,-6,-6,8.485,-135.0
1.3434,9,-12,-9,15.0,-143.13
1.3434,10,-17,-11,20.248,-147.09
1.3434,11,-16,-15,21.932,-136.85
1.3434,12,-19,-17,25.495,-138.18
1.3434,13,-20,-21,29.0,-133.6
1.3434,14,-20,-22,29.732,-132.27
1.3434,15,-19,-18,26.173,-136.55
1.3434,16,-19,-18,26.173,-136.55
1.3434,17,-17,-17,24.042,-135.0
1.3434,18,-15,-15,21.213,-135.0
1.3434,19,-16,-10,18.868,-147.99
1.3434,20,-15,-5,15.811,-161.57
1.3434,21,-15,-1,15.033,-176.19
1.3434,22,-14,1,14.036,175.91
1.3434,23,-16,4,16.492,165.96
1.3434,24,-18,9,20.125,153.43
1.3434,25,-21,12,24.187,150.26
1.3434,26,-22,0,22.0,180.0
1.3434,27,0,0,0.0,0.0
1.3434,28,0,0,0.0,0.0
1.3434,29,0,0,0.0,0.0
1.3434,30,0,0,0.0,0.0
1.3434,31,0,0,0.0,0.0
1.3434,32,0,0,0.0,0.0
1.3434,33,0,0,0.0,0.0
1.3434,34,0,0,0.0,0.0
1.3434,35,0,0,0.0,0.0
1.3434,36,0,0,0.0,0.0
1.3434,37,0,5,5.0,90.0
1.3434,38,-6,2,6.325,161.57
1.3434,39,-1,0,1.0,180.0
1.3434,40,3,-2,3.606,-33.69
1.3434,41,9,-1,9.055,-6.34
1.3434,42,14,-2,14.142,-8.13
1.3434,43,19,-1,19.026,-3.01
1.3434,44,26,-1,26.019,-2.2
1.3434,45,31,1,31.016,1.85
1.3434,46,34,5,34.366,8.37
1.3434,47,37,5,37.336,7.7
1.3434,48,36,7,36.674,11.0
1.3434,49,36,8,36.878,12.53
1.3434,50,34,8,34.928,13.24
1.3434,51,29,6,29.614,11.69
1.3434,52,25,2,25.08,4.57
1.3434,53,19,-1,19.026,-3.01
1.3434,54,15,-6,16.155,-21.8
1.3434,55,10,-10,14.142,-45.0
1.3434,56,7,-15,16.553,-64.98
1.3434,57,5,-23,23.537,-77.74
1.3434,58,7,-25,25.962,-74.36
1.3434,59,5,-30,30.414,-80.54
1.3434,60,7,-35,35.693,-78.69
1.3434,61,9,-33,34.205,-74.74
1.3434,62,12,-34,36.056,-70.56
1.3769,0,-48,9,48.836,169.38
1.3769,1,0,-28,28.0,-90.0
1.3769,2,-14,-22,26.077,-122.47
1.3769,3,-10,-20,22.361,-116.57
1.3769,4,-11,-13,17.029,-130.24
1.3769,5,-8,-10,12.806,-128.66
1.3769,6,-9,-1,9.055,-173.66
1.3769,7,-12,2,12.166,170.54
1.3769,8,-10,4,10.77,158.2
1.3769,9,-15,4,15.524,165.07
1.3769,10,-15,5,15.811,161.57
1.3769,11,-24,7,25.0,163.74
1.3769,12,-24,2,24.083,175.24
1.3769,13,-25,1,25.02,177.71
1.3769,14,-24,1,24.021,177.61
1.3769,15,-26,0,26.0,180.0
1.3769,16,-25,-1,25.02,-177.71
1.3769,17,-24,0,24.0,180.0
1.3769,18,-20,2,20.1,174.29
1.3769,19,-18,4,18.439,167.47
1.3769,20,-15,6,16.155,158.2
1.3769,21,-12,10,15.62,140.19
1.3769,22,-10,13,16.401,127.57
1.3769,23,-9,18,20.125,116.57
1.3769,24,-10,20,22.361,116.57
1.3769,25,-9,23,24.698,111.37
1.3769,26,-7,0,7.0,180.0
1.3769,27,0,0,0.0,0.0
1.3769,28,0,0,0.0,0.0
1.3769,29,0,0,0.0,0.0
1.3769,30,0,0,0.0,0.0
1.3769,31,0,0,0.0,0.0
1.3769,32,0,0,0.0,0.0
1.3769,33,0,0,0.0,0.0
1.3769,34,0,0,0.0,0.0
1.3769,35,0,0,0.0,0.0
1.3769,36,0,0,0.0,0.0
1.3769,37,0,5,5.0,90.0
1.3769,38,4,1,4.123,14.04
1.3769,39,3,-4,5.0,-53.13
1.3769,40,0,-10,10.0,-90.0
1.3769,41,-1,-16,16.031,-93.58
1.3769,42,-1,-20,20.025,-92.86
1.3769,43,-1,-27,27.019,-92.12
1.3769,44,1,-30,30.017,-88.09
1.3769,45,4,-34,34.234,-83.29
1.3769,46,6,-35,35.511,-80.27
1.3769,47,8,-37,37.855,-77.8
1.3769,48,9,-34,35.171,-75.17
1.3769,49,13,-31,33.615,-67.25
1.3769,50,12,-29,31.385,-67.52
1.3769,51,13,-24,27.295,-61.56
1.3769,52,9,-20,21.932,-65.77
1.3769,53,6,-17,18.028,-70.56
1.3769,54,3,-16,16.279,-79.38
1.3769,55,-3,-14,14.318,-102.09
1.3769,56,-8,-13,15.264,-121.61
1.3769,57,-14,-17,22.023,-129.47
1.3769,58,-19,-18,26.173,-136.55
1.3769,59,-23,-24,33.242,-133.78
1.3769,60,-26,-26,36.77,-135.0
1.3769,61,-26,-28,38.21,-132.88
1.3769,62,-26,-29,38.949,-131.88
1.4116,0,16,7,17.464,23.63
1.4116,1,0,1,1.0,90.0
1.4116,2,33,1,33.015,1.74
1.4116,3,28,2,28.071,4.09
1.4116,4,25,-2,25.08,-4.57
1.4116,5,16,-3,16.279,-10.62
1.4116,6,14,-5,14.866,-19.65
1.4116,7,8,-11,13.601,-53.97
1.4116,8,8,-13,15.264,-58.39
1.4116,9,4,-15,15.524,-75.07
1.4116,10,5,-20,20.616,-75.96
1.4116,11,4,-21,21.378,-79.22
1.4116,12,7,-22,23.087,-72.35
1.4116,13,9,-22,23.77,-67.75
1.4116,14,11,-22,24.597,-63.43
1.4116,15,11,-21,23.707,-62.35
1.4116,16,11,-20,22.825,-61.19
1.4116,17,11,-17,20.248,-57.09
1.4116,18,9,-16,18.358,-60.64
1.4116,19,4,-14,14.56,-74.05
1.4116,20,3,-14,14.318,-77.91
1.4116,21,-3,-14,14.318,-102.09
1.4116,22,-6,-17,18.028,-109.44
1.4116,23,-8,-16,17.889,-116.57
1.4116,24,-12,-17,20.809,-125.22
1.4116,25,-15,-21,25.807,-125.54
1.4116,26,-17,0,17.0,180.0
1.4116,27,0,0,0.0,0.0
1.4116,28,0,0,0.0,0.0
1.4116,29,0,0,0.0,0.0
1.4116,30,0,0,0.0,0.0
1.4116,31,0,0,0.0,0.0
1.4116,32,0,0,0.0,0.0
1.4116,33,0,0,0.0,0.0
1.4116,34,0,0,0.0,0.0
1.4116,35,0,0,0.0,0.0
1.4116,36,0,0,0.0,0.0
1.4116,37,0,1,1.0,90.0
1.4116,38,-9,1,9.055,173.66
1.4116,39,-4,2,4.472,153.43
1.4116,40,1,4,4.123,75.96
1.4116,41,6,7,9.22,49.4
1.4116,42,11,9,14.213,39.29
1.4116,43,16,13,20.616,39.09
1.4116,44,19,18,26.173,43.45
1.4116,45,21,20,29.0,43.6
1.4116,46,23,24,33.242,46.22
1.4116,47,23,26,34.713,48.5
1.4116,48,21,26,33.422,51.07
1.4116,49,21,27,34.205,52.13
1.4116,50,19,25,31.401,52.77
1.4116,51,19,21,28.32,47.86
1.4116,52,13,15,19.849,49.09
1.4116,53,15,9,17.493,30.96
1.4116,54,13,4,13.601,17.1
1.4116,55,14,-1,14.036,-4.09
1.4116,56,18,-5,18.682,-15.52
1.4116,57,19,-9,21.024,-25.35
1.4116,58,25,-11,27.313,-23.75
1.4116,59,30,-10,31.623,-18.43
1.4116,60,34,-10,35.44,-16.39
1.4116,61,35,-8,35.903,-12.88
1.4116,62,41,-4,41.195,-5.57
1.4282,0,96,13,96.876,7.71
1.4282,1,0,28,28.0,90.0
1.4282,2,10,23,25.08,66.5
1.4282,3,9,16,18.358,60.64
1.4282,4,8,12,14.422,56.31
1.4282,5,6,9,10.817,56.31
1.4282,6,6,3,6.708,26.57
1.4282,7,8,1,8.062,7.13
1.4282,8,11,-3,11.402,-15.26
1.4282,9,14,-4,14.56,-15.95
1.4282,10,18,-2,18.111,-6.34
1.4282,11,21,-2,21.095,-5.44
1.4282,12,24,-2,24.083,-4.76
1.4282,13,24,1,24.021,2.39
1.4282,14,25,3,25.179,6.84
1.4282,15,26,3,26.173,6.58
1.4282,16,24,3,24.187,7.13
1.4282,17,22,1,22.023,2.6
1.4282,18,18,0,18.0,0.0
1.4282,19,17,-3,17.263,-10.01
1.4282,20,14,-6,15.232,-23.2
1.4282,21,11,-11,15.556,-45.0
1.4282,22,10,-13,16.401,-52.43
1.4282,23,8,-17,18.788,-64.8
1.4282,24,9,-20,21.932,-65.77
1.4282,25,9,-24,25.632,-69.44
1.4282,26,10,0,10.0,0.0
1.4282,27,0,0,0.0,0.0
1.4282,28,0,0,0.0,0.0
1.4282,29,0,0,0.0,0.0
1.4282,30,0,0,0.0,0.0
1.4282,31,0,0,0.0,0.0
1.4282,32,0,0,0.0,0.0
1.4282,33,0,0,0.0,0.0
1.4282,34,0,0,0.0,0.0
1.4282,35,0,0,0.0,0.0
1.4282,36,0,0,0.0,0.0
1.4282,37,0,-7,7.0,-90.0
1.4282,38,-5,-1,5.099,-168.69
1.4282,39,-5,3,5.831,149.04
1.4282,40,-4,9,9.849,113.96
1.4282,41,-5,14,14.866,109.65
1.4282,42,-5,19,19.647,104.74
1.4282,43,-7,23,24.042,106.93
1.4282,44,-10,27,28.792,110.32
1.4282,45,-14,30,33.106,115.02
1.4282,46,-16,30,34.0,118.07
1.4282,47,-19,30,35.511,122.35
1.4282,48,-21,28,35.0,126.87
1.4282,49,-21,26,33.422,128.93
1.4282,50,-20,23,30.48,131.01
1.4282,51,-18,21,27.659,130.6
1.4282,52,-16,17,23.345,133.26
1.4282,53,-11,14,17.804,128.16
1.4282,54,-6,13,14.318,114.78
1.4282,55,-1,14,14.036,94.09
1.4282,56,6,16,17.088,69.44
1.4282,57,11,18,21.095,58.57
1.4282,58,15,22,26.627,55.71
1.4282,59,19,26,32.202,53.84
1.4282,60,20,30,36.056,56.31
1.4282,61,22,32,38.833,55.49
1.4282,62,24,33,40.804,53.97
1.4896,0,49,31,57.983,32.32
1.4896,1,0,-31,31.0,-90.0
1.4896,2,-2,-26,26.077,-94.4
1.4896,3,-4,-22,22.361,-100.3
1.4896,4,-4,-14,14.56,-105.95
1.4896,5,0,-10,10.0,-90.0
1.4896,6,-4,-7,8.062,-119.74
1.4896,7,-7,-5,8.602,-144.46
1.4896,8,-12,-3,12.369,-165.96
1.4896,9,-14,-3,14.318,-167.91
1.4896,10,-19,-4,19.416,-168.11
1.4896,11,-21,-7,22.136,-161.57
1.4896,12,-24,-8,25.298,-161.57
1.4896,13,-24,-11,26.401,-155.38
1.4896,14,-23,-12,25.942,-152.45
1.4896,15,-24,-12,26.833,-153.43
1.4896,16,-22,-11,24.597,-153.43
1.4896,17,-21,-10,23.259,-154.54
1.4896,18,-20,-7,21.19,-160.71
1.4896,19,-18,-4,18.439,-167.47
1.4896,20,-16,-1,16.031,-176.42
1.4896,21,-17,4,17.464,166.76
1.4896,22,-16,7,17.464,156.37
1.4896,23,-19,10,21.471,152.24
1.4896,24,-19,14,23.601,143.62
1.4896,25,-21,15,25.807,144.46
1.4896,26,-21,0,21.0,180.0
1.4896,27,0,0,0.0,0.0
1.4896,28,0,0,0.0,0.0
1.4896,29,0,0,0.0,0.0
1.4896,30,0,0,0.0,0.0
1.4896,31,0,0,0.0,0.0
1.4896,32,0,0,0.0,0.0
1.4896,33,0,0,0.0,0.0
1.4896,34,0,0,0.0,0.0
1.4896,35,0,0,0.0,0.0
1.4896,36,0,0,0.0,0.0
1.4896,37,0,6,6.0,90.0
1.4896,38,2,1,2.236,26.57
1.4896,39,2,-4,4.472,-63.43
1.4896,40,2,-10,10.198,-78.69
1.4896,41,3,-15,15.297,-78.69
1.4896,42,5,-20,20.616,-75.96
1.4896,43,8,-25,26.249,-72.26
1.4896,44,12,-28,30.463,-66.8
1.4896,45,15,-29,32.65,-62.65
1.4896,46,20,-31,36.892,-57.17
1.4896,47,23,-31,38.601,-53.43
1.4896,48,24,-29,37.643,-50.39
1.4896,49,25,-27,36.797,-47.2
1.4896,50,26,-23,34.713,-41.5
1.4896,51,22,-20,29.732,-42.27
1.4896,52,20,-17,26.249,-40.36
1.4896,53,16,-15,21.932,-43.15
1.4896,54,10,-15,18.028,-56.31
1.4896,55,5,-17,17.72,-73.61
1.4896,56,0,-20,20.0,-90.0
1.4896,57,-4,-22,22.361,-100.3
1.4896,58,-9,-26,27.514,-109.09
1.4896,59,-9,-31,32.28,-106.19
1.4896,60,-13,-33,35.468,-111.5
1.4896,61,-15,-39,41.785,-111.04
1.4896,62,-10,-36,37.363,-105.52
1.5296,0,-31,26,40.46,140.01
1.5296,1,0,-25,25.0,-90.0
1.5296,2,18,-19,26.173,-46.55
1.5296,3,15,-15,21.213,-45.0
1.5296,4,14,-12,18.439,-40.6
1.5296,5,7,-10,12.207,-55.01
1.5296,6,2,-10,10.198,-78.69
1.5296,7,-2,-11,11.18,-100.3
1.5296,8,-6,-10,11.662,-120.96
1.5296,9,-10,-14,17.205,-125.54
1.5296,10,-13,-19,23.022,-124.38
1.5296,11,-14,-22,26.077,-122.47
1.5296,12,-11,-22,24.597,-116.57
1.5296,13,-13,-25,28.178,-117.47
1.5296,14,-11,-25,27.313,-113.75
1.5296,15,-10,-23,25.08,-113.5
1.5296,16,-9,-24,25.632,-110.56
1.5296,17,-7,-20,21.19,-109.29
1.5296,18,-9,-17,19.235,-117.9
1.5296,19,-9,-14,16.643,-122.74
1.5296,20,-12,-10,15.62,-140.19
1.5296,21,-14,-8,16.125,-150.26
1.5296,22,-16,-5,16.763,-162.65
1.5296,23,-19,-6,19.925,-162.47
1.5296,24,-23,-4,23.345,-170.13
1.5296,25,-24,-3,24.187,-172.87
1.5296,26,-27,0,27.0,180.0
1.5296,27,0,0,0.0,0.0
1.5296,28,0,0,0.0,0.0
1.5296,29,0,0,0.0,0.0
1.5296,30,0,0,0.0,0.0
1.5296,31,0,0,0.0,0.0
1.5296,32,0,0,0.0,0.0
1.5296,33,0,0,0.0,0.0
1.5296,34,0,0,0.0,0.0
1.5296,35,0,0,0.0,0.0
1.5296,36,0,0,0.0,0.0
1.5296,37,0,5,5.0,90.0
1.5296,38,-2,1,2.236,153.43
1.5296,39,2,-2,2.828,-45.0
1.5296,40,4,-6,7.211,-56.31
1.5296,41,9,-9,12.728,-45.0
1.5296,42,14,-11,17.804,-38.16
1.5296,43,19,-13,23.022,-34.38
1.5296,44,25,-12,27.731,-25.64
1.5296,45,28,-12,30.463,-23.2
1.5296,46,32,-10,33.526,-17.35
1.5296,47,37,-9,38.079,-13.67
1.5296,48,38,-6,38.471,-8.97
1.5296,49,38,-4,38.21,-6.01
1.5296,50,36,-2,36.056,-3.18
1.5296,51,33,-3,33.136,-5.19
1.5296,52,29,-4,29.275,-7.85
1.5296,53,23,-6,23.77,-14.62
1.5296,54,18,-8,19.698,-23.96
1.5296,55,15,-12,19.209,-38.66
1.5296,56,11,-17,20.248,-57.09
1.5296,57,9,-21,22.847,-66.8
1.5296,58,9,-27,28.46,-71.57
1.5296,59,9,-32,33.242,-74.29
1.5296,60,11,-33,34.785,-71.57
1.5296,61,12,-34,36.056,-70.56
1.5296,62,14,-33,35.847,-67.01
1.5533,0,-112,12,112.641,173.88
1.5533,1,0,-16,16.0,-90.0
1.5533,2,-23,-12,25.942,-152.45
1.5533,3,-21,-8,22.472,-159.15
1.5533,4,-15,-5,15.811,-161.57
1.5533,5,-14,-2,14.142,-171.87
1.5533,6,-9,2,9.22,167.47
1.5533,7,-7,8,10.63,131.19
1.5533,8,-9,10,13.454,131.99
1.5533,9,-9,11,14.213,129.29
1.5533,10,-12,12,16.971,135.0
1.5533,11,-16,13,20.616,140.91
1.5533,12,-17,12,20.809,144.78
1.5533,13,-19,12,22.472,147.72
1.5533,14,-20,11,22.825,151.19
1.5533,15,-22,11,24.597,153.43
1.5533,16,-20,9,21.932,155.77
1.5533,17,-18,8,19.698,156.04
1.5533,18,-18,9,20.125,153.43
1.5533,19,-14,9,16.643,147.26
1.5533,20,-12,12,16.971,135.0
1.5533,21,-8,13,15.264,121.61
1.5533,22,-7,16,17.464,113.63
1.5533,23,-5,20,20.616,104.04
1.5533,24,-4,22,22.361,100.3
1.5533,25,-4,24,24.331,99.46
1.5533,26,-3,0,3.0,180.0
1.5533,27,0,0,0.0,0.0
1.5533,28,0,0,0.0,0.0
1.5533,29,0,0,0.0,0.0
1.5533,30,0,0,0.0,0.0
1.5533,31,0,0,0.0,0.0
1.5533,32,0,0,0.0,0.0
1.5533,33,0,0,0.0,0.0
1.5533,34,0,0,0.0,0.0
1.5533,35,0,0,0.0,0.0
1.5533,36,0,0,0.0,0.0
1.5533,37,0,-1,1.0,-90.0
1.5533,38,6,-2,6.325,-18.43
1.5533,39,2,-4,4.472,-63.43
1.5533,40,-3,-7,7.616,-113.2
1.5533,41,-7,-11,13.038,-122.47
1.5533,42,-11,-15,18.601,-126.25
1.5533,43,-13,-20,23.854,-123.02
1.5533,44,-16,-25,29.682,-122.62
1.5533,45,-16,-29,33.121,-118.89
1.5533,46,-17,-32,36.235,-117.98
1.5533,47,-14,-34,36.77,-112.38
1.5533,48,-13,-35,37.336,-110.38
1.5533,49,-11,-33,34.785,-108.43
1.5533,50,-9,-31,32.28,-106.19
1.5533,51,-7,-28,28.862,-104.04
1.5533,52,-6,-22,22.804,-105.26
1.5533,53,-7,-17,18.385,-112.38
1.5533,54,-7,-13,14.765,-118.3
1.5533,55,-9,-9,12.728,-135.0
1.5533,56,-14,-5,14.866,-160.35
1.5533,57,-15,-5,15.811,-161.57
1.5533,58,-20,-3,20.224,-171.47
1.5533,59,-26,-4,26.306,-171.25
1.5533,60,-27,-8,28.16,-163.5
1.5533,61,-29,-9,30.364,-162.76
1.5533,62,-33,-10,34.482,-163.14
1.598,0,96,9,96.421,5.36
1.598,1,0,-18,18.0,-90.0
1.598,2,-25,-16,29.682,-147.38
1.598,3,-19,-12,22.472,-147.72
1.598,4,-17,-7,18.385,-157.62
1.598,5,-14,-2,14.142,-171.87
1.598,6,-9,-1,9.055,-173.66
1.598,7,-9,7,11.402,142.13
1.598,8,-7,11,13.038,122.47
1.598,9,-9,12,15.0,126.87
1.598,10,-14,14,19.799,135.0
1.598,11,-15,11,18.601,143.75
1.598,12,-19,16,24.839,139.9
1.598,13,-21,14,25.239,146.31
1.598,14,-25,11,27.313,156.25
1.598,15,-24,10,26.0,157.38
1.598,16,-26,11,28.231,157.07
1.598,17,-24,8,25.298,161.57
1.598,18,-20,9,21.932,155.77
1.598,19,-17,9,19.235,152.1
1.598,20,-14,13,19.105,137.12
1.598,21,-10,13,16.401,127.57
1.598,22,-5,16,16.763,107.35
1.598,23,-2,19,19.105,96.01
1.598,24,-1,22,22.023,92.6
1.598,25,2,24,24.083,85.24
1.598,26,3,0,3.0,0.0
1.598,27,0,0,0.0,0.0
1.598,28,0,0,0.0,0.0
1.598,29,0,0,0.0,0.0
1.598,30,0,0,0.0,0.0
1.598,31,0,0,0.0,0.0
1.598,32,0,0,0.0,0.0
1.598,33,0,0,0.0,0.0
1.598,34,0,0,0.0,0.0
1.598,35,0,0,0.0,0.0
1.598,36,0,0,0.0,0.0
1.598,37,0,2,2.0,90.0
1.598,38,6,0,6.0,0.0
1.598,39,3,-4,5.0,-53.13
1.598,40,-1,-9,9.055,-96.34
1.598,41,-2,-16,16.125,-97.13
1.598,42,-4,-18,18.439,-102.53
1.598,43,-4,-25,25.318,-99.09
1.598,44,-4,-30,30.265,-97.59
1.598,45,-3,-33,33.136,-95.19
1.598,46,-3,-35,35.128,-94.9
1.598,47,0,-36,36.0,-90.0
1.598,48,2,-35,35.057,-86.73
1.598,49,4,-34,34.234,-83.29
1.598,50,5,-30,30.414,-80.54
1.598,51,5,-25,25.495,-78.69
1.598,52,4,-20,20.396,-78.69
1.598,53,2,-14,14.142,-81.87
1.598,54,-3,-12,12.369,-104.04
1.598,55,-7,-8,10.63,-131.19
1.598,56,-12,-8,14.422,-146.31
1.598,57,-16,-7,17.464,-156.37
1.598,58,-24,-6,24.739,-165.96
1.598,59,-27,-10,28.792,-159.68
1.598,60,-31,-12,33.242,-158.84
1.598,61,-34,-15,37.162,-156.19
1.598,62,-35,-16,38.484,-155.43
1.6216,0,16,11,19.416,34.51
1.6216,1,0,-29,29.0,-90.0
1.6216,2,16,-22,27.203,-53.97
1.6216,3,15,-20,25.0,-53.13
1.6216,4,12,-16,20.0,-53.13
1.6216,5,8,-15,17.0,-61.93
1.6216,6,2,-13,13.153,-81.25
1.6216,7,0,-14,14.0,-90.0
1.6216,8,-5,-14,14.866,-109.65
1.6216,9,-10,-15,18.028,-123.69
1.6216,10,-11,-19,21.954,-120.07
1.6216,11,-12,-22,25.06,-118.61
1.6216,12,-14,-25,28.653,-119.25
1.6216,13,-12,-27,29.547,-113.96
1.6216,14,-12,-26,28.636,-114.78
1.6216,15,-11,-23,25.495,-115.56
1.6216,16,-9,-24,25.632,-110.56
1.6216,17,-9,-21,22.847,-113.2
1.6216,18,-8,-18,19.698,-113.96
1.6216,19,-9,-14,16.643,-122.74
1.6216,20,-10,-11,14.866,-132.27
1.6216,21,-12,-9,15.0,-143.13
1.6216,22,-15,-7,16.553,-154.98
1.6216,23,-17,-6,18.028,-160.56
1.6216,24,-22,-4,22.361,-169.7
1.6216,25,-23,-3,23.195,-172.57
1.6216,26,-26,0,26.0,180.0
1.6216,27,0,0,0.0,0.0
1.6216,28,0,0,0.0,0.0
1.6216,29,0,0,0.0,0.0
1.6216,30,0,0,0.0,0.0
1.6216,31,0,0,0.0,0.0
1.6216,32,0,0,0.0,0.0
1.6216,33,0,0,0.0,0.0
1.6216,34,0,0,0.0,0.0
1.6216,35,0,0,0.0,0.0
1.6216,36,0,0,0.0,0.0
1.6216,37,0,8,8.0,90.0
1.6216,38,-1,4,4.123,104.04
1.6216,39,2,0,2.0,0.0
1.6216,40,4,-5,6.403,-51.34
1.6216,41,7,-8,10.63,-48.81
1.6216,42,11,-11,15.556,-45.0
1.6216,43,16,-13,20.616,-39.09
1.6216,44,21,-13,24.698,-31.76
1.6216,45,26,-13,29.069,-26.57
1.6216,46,30,-12,32.311,-21.8
1.6216,47,34,-10,35.44,-16.39
1.6216,48,34,-9,35.171,-14.83
1.6216,49,35,-6,35.511,-9.73
1.6216,50,33,-5,33.377,-8.62
1.6216,51,31,-3,31.145,-5.53
1.6216,52,26,-4,26.306,-8.75
1.6216,53,19,-6,19.925,-17.53
1.6216,54,14,-10,17.205,-35.54
1.6216,55,9,-15,17.493,-59.04
1.6216,56,6,-20,20.881,-73.3
1.6216,57,4,-27,27.295,-81.57
1.6216,58,2,-29,29.069,-86.05
1.6216,59,3,-37,37.121,-85.36
1.6216,60,7,-38,38.639,-79.56
1.6216,61,5,-38,38.328,-82.5
1.6216,62,7,-38,38.639,-79.56
1.6654,0,32,6,32.558,10.62
1.6654,1,0,10,10.0,90.0
1.6654,2,29,12,31.385,22.48
1.6654,3,24,5,24.515,11.77
1.6654,4,20,3,20.224,8.53
1.6654,5,13,-1,13.038,-4.4
1.6654,6,12,-5,13.0,-22.62
1.6654,7,12,-10,15.62,-39.81
1.6654,8,11,-12,16.279,-47.49
1.6654,9,12,-16,20.0,-53.13
1.6654,10,13,-17,21.401,-52.59
1.6654,11,15,-18,23.431,-50.19
1.6654,12,18,-18,25.456,-45.0
1.6654,13,20,-17,26.249,-40.36
1.6654,14,22,-16,27.203,-36.03
1.6654,15,22,-14,26.077,-32.47
1.6654,16,22,-13,25.554,-30.58
1.6654,17,19,-12,22.472,-32.28
1.6654,18,18,-12,21.633,-33.69
1.6654,19,12,-11,16.279,-42.51
1.6654,20,10,-12,15.62,-50.19
1.6654,21,5,-15,15.811,-71.57
1.6654,22,3,-16,16.279,-79.38
1.6654,23,-2,-18,18.111,-96.34
1.6654,24,-3,-22,22.204,-97.77
1.6654,25,-6,-24,24.739,-104.04
1.6654,26,-8,0,8.0,180.0
1.6654,27,0,0,0.0,0.0
1.6654,28,0,0,0.0,0.0
1.6654,29,0,0,0.0,0.0
1.6654,30,0,0,0.0,0.0
1.6654,31,0,0,0.0,0.0
1.6654,32,0,0,0.0,0.0
1.6654,33,0,0,0.0,0.0
1.6654,34,0,0,0.0,0.0
1.6654,35,0,0,0.0,0.0
1.6654,36,0,0,0.0,0.0
1.6654,37,0,1,1.0,90.0
1.6654,38,-9,3,9.487,161.57
1.6654,39,-4,4,5.657,135.0
1.6654,40,0,8,8.0,90.0
1.6654,41,5,12,13.0,67.38
1.6654,42,8,15,17.0,61.93
1.6654,43,12,21,24.187,60.26
1.6654,44,13,26,29.069,63.43
1.6654,45,15,29,32.65,62.65
1.6654,46,15,33,36.249,65.56
1.6654,47,13,33,35.468,68.5
1.6654,48,13,33,35.468,68.5
1.6654,49,11,31,32.894,70.46
1.6654,50,10,29,30.676,70.97
1.6654,51,6,22,22.804,74.74
1.6654,52,6,16,17.088,69.44
1.6654,53,5,13,13.928,68.96
1.6654,54,7,8,10.63,48.81
1.6654,55,10,0,10.0,0.0
1.6654,56,14,0,14.0,0.0
1.6654,57,19,-3,19.235,-8.97
1.6654,58,26,-2,26.077,-4.4
1.6654,59,29,-2,29.069,-3.95
1.6654,60,35,-2,35.057,-3.27
1.6654,61,36,3,36.125,4.76
1.6654,62,37,5,37.336,7.7
1.6807,0,-128,7,128.191,176.87
1.6807,1,0,-6,6.0,-90.0
1.6807,2,29,-3,29.155,-5.91
1.6807,3,24,-1,24.021,-2.39
1.6807,4,17,-2,17.117,-6.71
1.6807,5,12,-7,13.892,-30.26
1.6807,6,9,-8,12.042,-41.63
1.6807,7,3,-13,13.342,-77.01
1.6807,8,1,-15,15.033,-86.19
1.6807,9,-2,-19,19.105,-96.01
1.6807,10,-2,-21,21.095,-95.44
1.6807,11,-1,-26,26.019,-92.2
1.6807,12,2,-27,27.074,-85.76
1.6807,13,4,-27,27.295,-81.57
1.6807,14,4,-27,27.295,-81.57
1.6807,15,6,-27,27.659,-77.47
1.6807,16,7,-25,25.962,-74.36
1.6807,17,6,-21,21.84,-74.05
1.6807,18,7,-20,21.19,-70.71
1.6807,19,4,-17,17.464,-76.76
1.6807,20,2,-16,16.125,-82.87
1.6807,21,-3,-12,12.369,-104.04
1.6807,22,-6,-11,12.53,-118.61
1.6807,23,-11,-11,15.556,-135.0
1.6807,24,-14,-10,17.205,-144.46
1.6807,25,-18,-10,20.591,-150.95
1.6807,26,-20,0,20.0,180.0
1.6807,27,0,0,0.0,0.0
1.6807,28,0,0,0.0,0.0
1.6807,29,0,0,0.0,0.0
1.6807,30,0,0,0.0,0.0
1.6807,31,0,0,0.0,0.0
1.6807,32,0,0,0.0,0.0
1.6807,33,0,0,0.0,0.0
1.6807,34,0,0,0.0,0.0
1.6807,35,0,0,0.0,0.0
1.6807,36,0,0,0.0,0.0
1.6807,37,0,4,4.0,90.0
1.6807,38,-7,6,9.22,139.4
1.6807,39,-4,7,8.062,119.74
1.6807,40,1,9,9.055,83.66
1.6807,41,6,13,14.318,65.22
1.6807,42,9,17,19.235,62.1
1.6807,43,13,20,23.854,56.98
1.6807,44,17,24,29.411,54.69
1.6807,45,18,26,31.623,55.3
1.6807,46,19,30,35.511,57.65
1.6807,47,18,30,34.986,59.04
1.6807,48,17,29,33.615,59.62
1.6807,49,16,28,32.249,60.26
1.6807,50,13,23,26.42,60.52
1.6807,51,12,18,21.633,56.31
1.6807,52,9,12,15.0,53.13
1.6807,53,9,5,10.296,29.05
1.6807,54,7,1,7.071,8.13
1.6807,55,10,-7,12.207,-34.99
1.6807,56,13,-10,16.401,-37.57
1.6807,57,16,-16,22.627,-45.0
1.6807,58,18,-16,24.083,-41.63
1.6807,59,22,-15,26.627,-34.29
1.6807,60,28,-18,33.287,-32.74
1.6807,61,31,-15,34.438,-25.82
1.6807,62,33,-12,35.114,-19.98
1.7753,0,32,7,32.757,12.34
1.7753,1,0,15,15.0,90.0
1.7753,2,-24,13,27.295,151.56
1.7753,3,-21,9,22.847,156.8
1.7753,4,-14,9,16.643,147.26
1.7753,5,-12,7,13.892,149.74
1.7753,6,-6,7,9.22,130.6
1.7753,7,-2,9,9.22,102.53
1.7753,8,2,13,13.153,81.25
1.7753,9,5,17,17.72,73.61
1.7753,10,7,19,20.248,69.78
1.7753,11,8,23,24.352,70.82
1.7753,12,6,25,25.71,76.5
1.7753,13,5,26,26.476,79.11
1.7753,14,4,27,27.295,81.57
1.7753,15,3,25,25.179,83.16
1.7753,16,1,26,26.019,87.8
1.7753,17,1,22,22.023,87.4
1.7753,18,1,18,18.028,86.82
1.7753,19,1,16,16.031,86.42
1.7753,20,3,13,13.342,77.01
1.7753,21,6,10,11.662,59.04
1.7753,22,8,7,10.63,41.19
1.7753,23,13,5,13.928,21.04
1.7753,24,18,4,18.439,12.53
1.7753,25,20,3,20.224,8.53
1.7753,26,21,0,21.0,0.0
1.7753,27,0,0,0.0,0.0
1.7753,28,0,0,0.0,0.0
1.7753,29,0,0,0.0,0.0
1.7753,30,0,0,0.0,0.0
1.7753,31,0,0,0.0,0.0
1.7753,32,0,0,0.0,0.0
1.7753,33,0,0,0.0,0.0
1.7753,34,0,0,0.0,0.0
1.7753,35,0,0,0.0,0.0
1.7753,36,0,0,0.0,0.0
1.7753,37,0,-8,8.0,-90.0
1.7753,38,3,-7,7.616,-66.8
1.7753,39,-1,-6,6.083,-99.46
1.7753,40,-6,-6,8.485,-135.0
1.7753,41,-10,-7,12.207,-145.01
1.7753,42,-17,-9,19.235,-152.1
1.7753,43,-22,-10,24.166,-155.56
1.7753,44,-24,-11,26.401,-155.38
1.7753,45,-29,-14,32.202,-154.23
1.7753,46,-30,-17,34.482,-150.46
1.7753,47,-31,-17,35.355,-151.26
1.7753,48,-32,-18,36.715,-150.64
1.7753,49,-28,-17,32.757,-148.74
1.7753,50,-26,-15,30.017,-150.02
1.7753,51,-22,-12,25.06,-151.39
1.7753,52,-19,-7,20.248,-159.78
1.7753,53,-14,-1,14.036,-175.91
1.7753,54,-11,4,11.705,160.02
1.7753,55,-9,10,13.454,131.99
1.7753,56,-9,14,16.643,122.74
1.7753,57,-10,20,22.361,116.57
1.7753,58,-12,22,25.06,118.61
1.7753,59,-15,27,30.887,119.05
1.7753,60,-16,27,31.385,120.65
1.7753,61,-23,28,36.235,129.4
1.7753,62,-28,26,38.21,137.12
1.8053,0,-32,5,32.388,171.12
1.8053,1,0,-14,14.0,-90.0
1.8053,2,-21,-16,26.401,-142.7
1.8053,3,-22,-13,25.554,-149.42
1.8053,4,-22,-17,27.803,-142.31
1.8053,5,-21,-16,26.401,-142.7
1.8053,6,-20,-16,25.612,-141.34
1.8053,7,-21,-17,27.019,-141.01
1.8053,8,-19,-17,25.495,-138.18
1.8053,9,-18,-17,24.759,-136.64
1.8053,10,-20,-17,26.249,-139.64
1.8053,11,-20,-16,25.612,-141.34
1.8053,12,-20,-16,25.612,-141.34
1.8053,13,-19,-16,24.839,-139.9
1.8053,14,-19,-15,24.207,-141.71
1.8053,15,-18,-15,23.431,-140.19
1.8053,16,-18,-15,23.431,-140.19
1.8053,17,-17,-13,21.401,-142.59
1.8053,18,-17,-12,20.809,-144.78
1.8053,19,-17,-12,20.809,-144.78
1.8053,20,-15,-11,18.601,-143.75
1.8053,21,-15,-10,18.028,-146.31
1.8053,22,-14,-10,17.205,-144.46
1.8053,23,-13,-10,16.401,-142.43
1.8053,24,-13,-8,15.264,-148.39
1.8053,25,-13,-9,15.811,-145.3
1.8053,26,-12,0,12.0,180.0
1.8053,27,0,0,0.0,0.0
1.8053,28,0,0,0.0,0.0
1.8053,29,0,0,0.0,0.0
1.8053,30,0,0,0.0,0.0
1.8053,31,0,0,0.0,0.0
1.8053,32,0,0,0.0,0.0
1.8053,33,0,0,0.0,0.0
1.8053,34,0,0,0.0,0.0
1.8053,35,0,0,0.0,0.0
1.8053,36,0,0,0.0,0.0
1.8053,37,0,-10,10.0,-90.0
1.8053,38,-12,-7,13.892,-149.74
1.8053,39,-11,-7,13.038,-147.53
1.8053,40,-11,-8,13.601,-143.97
1.8053,41,-13,-7,14.765,-151.7
1.8053,42,-13,-8,15.264,-148.39
1.8053,43,-15,-7,16.553,-154.98
1.8053,44,-15,-7,16.553,-154.98
1.8053,45,-16,-7,17.464,-156.37
1.8053,46,-19,-7,20.248,-159.78
1.8053,47,-18,-6,18.974,-161.57
1.8053,48,-19,-6,19.925,-162.47
1.8053,49,-20,-6,20.881,-163.3
1.8053,50,-20,-5,20.616,-165.96
1.8053,51,-19,-5,19.647,-165.26
1.8053,52,-20,-6,20.881,-163.3
1.8053,53,-20,-7,21.19,-160.71
1.8053,54,-21,-6,21.84,-164.05
1.8053,55,-20,-8,21.541,-158.2
1.8053,56,-21,-10,23.259,-154.54
1.8053,57,-21,-9,22.847,-156.8
1.8053,58,-20,-10,22.361,-153.43
1.8053,59,-22,-11,24.597,-153.43
1.8053,60,-21,-13,24.698,-148.24
1.8053,61,-22,-12,25.06,-151.39
1.8053,62,-24,-11,26.401,-155.38
1.8434,0,101,83,130.729,39.41
1.8434,1,0,-14,14.0,-90.0
1.8434,2,-23,-15,27.459,-146.89
1.8434,3,-24,-15,28.302,-147.99
1.8434,4,-23,-13,26.42,-150.52
1.8434,5,-21,-14,25.239,-146.31
1.8434,6,-22,-14,26.077,-147.53
1.8434,7,-23,-15,27.459,-146.89
1.8434,8,-23,-14,26.926,-148.67
1.8434,9,-23,-15,27.459,-146.89
1.8434,10,-23,-14,26.926,-148.67
1.8434,11,-23,-15,27.459,-146.89
1.8434,12,-22,-14,26.077,-147.53
1.8434,13,-22,-13,25.554,-149.42
1.8434,14,-21,-12,24.187,-150.26
1.8434,15,-21,-12,24.187,-150.26
1.8434,16,-21,-10,23.259,-154.54
1.8434,17,-20,-9,21.932,-155.77
1.8434,18,-18,-8,19.698,-156.04
1.8434,19,-18,-8,19.698,-156.04
1.8434,20,-17,-9,19.235,-152.1
1.8434,21,-16,-8,17.889,-153.43
1.8434,22,-17,-6,18.028,-160.56
1.8434,23,-15,-7,16.553,-154.98
1.8434,24,-15,-5,15.811,-161.57
1.8434,25,-14,-4,14.56,-164.05
1.8434,26,-14,0,14.0,180.0
1.8434,27,0,0,0.0,0.0
1.8434,28,0,0,0.0,0.0
1.8434,29,0,0,0.0,0.0
1.8434,30,0,0,0.0,0.0
1.8434,31,0,0,0.0,0.0
1.8434,32,0,0,0.0,0.0
1.8434,33,0,0,0.0,0.0
1.8434,34,0,0,0.0,0.0
1.8434,35,0,0,0.0,0.0
1.8434,36,0,0,0.0,0.0
1.8434,37,0,-8,8.0,-90.0
1.8434,38,-10,-8,12.806,-141.34
1.8434,39,-10,-7,12.207,-145.01
1.8434,40,-12,-8,14.422,-146.31
1.8434,41,-12,-8,14.422,-146.31
1.8434,42,-13,-8,15.264,-148.39
1.8434,43,-13,-8,15.264,-148.39
1.8434,44,-15,-8,17.0,-151.93
1.8434,45,-15,-8,17.0,-151.93
1.8434,46,-16,-8,17.889,-153.43
1.8434,47,-18,-7,19.313,-158.75
1.8434,48,-18,-7,19.313,-158.75
1.8434,49,-20,-7,21.19,-160.71
1.8434,50,-21,-7,22.136,-161.57
1.8434,51,-19,-7,20.248,-159.78
1.8434,52,-19,-7,20.248,-159.78
1.8434,53,-20,-8,21.541,-158.2
1.8434,54,-21,-6,21.84,-164.05
1.8434,55,-21,-9,22.847,-156.8
1.8434,56,-22,-9,23.77,-157.75
1.8434,57,-22,-10,24.166,-155.56
1.8434,58,-21,-11,23.707,-152.35
1.8434,59,-22,-13,25.554,-149.42
1.8434,60,-25,-13,28.178,-152.53
1.8434,61,-23,-12,25.942,-152.45
1.8434,62,-25,-10,26.926,-158.2
1.8696,0,48,8,48.662,9.46
1.8696,1,0,1,1.0,90.0
1.8696,2,31,1,31.016,1.85
1.8696,3,25,4,25.318,9.09
1.8696,4,17,2,17.117,6.71
1.8696,5,15,-6,16.155,-21.8
1.8696,6,9,-9,12.728,-45.0
1.8696,7,10,-11,14.866,-47.73
1.8696,8,4,-14,14.56,-74.05
1.8696,9,6,-18,18.974,-71.57
1.8696,10,8,-21,22.472,-69.15
1.8696,11,10,-24,26.0,-67.38
1.8696,12,12,-23,25.942,-62.45
1.8696,13,14,-23,26.926,-58.67
1.8696,14,15,-21,25.807,-54.46
1.8696,15,18,-19,26.173,-46.55
1.8696,16,17,-18,24.759,-46.64
1.8696,17,14,-17,22.023,-50.53
1.8696,18,14,-15,20.518,-46.97
1.8696,19,10,-13,16.401,-52.43
1.8696,20,6,-14,15.232,-66.8
1.8696,21,2,-14,14.142,-81.87
1.8696,22,-2,-14,14.142,-98.13
1.8696,23,-6,-17,18.028,-109.44
1.8696,24,-8,-20,21.541,-111.8
1.8696,25,-11,-21,23.707,-117.65
1.8696,26,-14,0,14.0,180.0
1.8696,27,0,0,0.0,0.0
1.8696,28,0,0,0.0,0.0
1.8696,29,0,0,0.0,0.0
1.8696,30,0,0,0.0,0.0
1.8696,31,0,0,0.0,0.0
1.8696,32,0,0,0.0,0.0
1.8696,33,0,0,0.0,0.0
1.8696,34,0,0,0.0,0.0
1.8696,35,0,0,0.0,0.0
1.8696,36,0,0,0.0,0.0
1.8696,37,0,0,0.0,0.0
1.8696,38,-7,2,7.28,164.05
1.8696,39,-4,4,5.657,135.0
1.8696,40,0,8,8.0,90.0
1.8696,41,5,11,12.083,65.56
1.8696,42,8,15,17.0,61.93
1.8696,43,11,20,22.825,61.19
1.8696,44,13,24,27.295,61.56
1.8696,45,13,27,29.967,64.29
1.8696,46,12,30,32.311,68.2
1.8696,47,13,31,33.615,67.25
1.8696,48,12,30,32.311,68.2
1.8696,49,10,29,30.676,70.97
1.8696,50,9,24,25.632,69.44
1.8696,51,8,21,22.472,69.15
1.8696,52,7,16,17.464,66.37
1.8696,53,8,8,11.314,45.0
1.8696,54,10,4,10.77,21.8
1.8696,55,11,0,11.0,0.0
1.8696,56,16,-4,16.492,-14.04
1.8696,57,20,-7,21.19,-19.29
1.8696,58,25,-8,26.249,-17.74
1.8696,59,29,-7,29.833,-13.57
1.8696,60,34,-4,34.234,-6.71
1.8696,61,37,-3,37.121,-4.64
1.8696,62,39,1,39.013,1.47
1.9802,0,-96,9,96.421,174.64
1.9802,1,0,-29,29.0,-90.0
1.9802,2,-8,-21,22.472,-110.85
1.9802,3,-8,-20,21.541,-111.8
1.9802,4,-4,-17,17.464,-103.24
1.9802,5,-6,-9,10.817,-123.69
1.9802,6,-6,-7,9.22,-130.6
1.9802,7,-12,-3,12.369,-165.96
1.9802,8,-14,-1,14.036,-175.91
1.9802,9,-16,-2,16.125,-172.87
1.9802,10,-20,-2,20.1,-174.29
1.9802,11,-23,-6,23.77,-165.38
1.9802,12,-25,-6,25.71,-166.5
1.9802,13,-26,-9,27.514,-160.91
1.9802,14,-27,-10,28.792,-159.68
1.9802,15,-26,-10,27.857,-158.96
1.9802,16,-25,-11,27.313,-156.25
1.9802,17,-23,-10,25.08,-156.5
1.9802,18,-18,-6,18.974,-161.57
1.9802,19,-17,-4,17.464,-166.76
1.9802,20,-16,1,16.031,176.42
1.9802,21,-15,3,15.297,168.69
1.9802,22,-14,9,16.643,147.26
1.9802,23,-14,13,19.105,137.12
1.9802,24,-15,15,21.213,135.0
1.9802,25,-15,18,23.431,129.81
1.9802,26,-17,0,17.0,180.0
1.9802,27,0,0,0.0,0.0
1.9802,28,0,0,0.0,0.0
1.9802,29,0,0,0.0,0.0
1.9802,30,0,0,0.0,0.0
1.9802,31,0,0,0.0,0.0
1.9802,32,0,0,0.0,0.0
1.9802,33,0,0,0.0,0.0
1.9802,34,0,0,0.0,0.0
1.9802,35,0,0,0.0,0.0
1.9802,36,0,0,0.0,0.0
1.9802,37,0,5,5.0,90.0
1.9802,38,4,0,4.0,0.0
1.9802,39,2,-4,4.472,-63.43
1.9802,40,3,-9,9.487,-71.57
1.9802,41,3,-14,14.318,-77.91
1.9802,42,5,-18,18.682,-74.48
1.9802,43,7,-21,22.136,-71.57
1.9802,44,11,-24,26.401,-65.38
1.9802,45,14,-25,28.653,-60.75
1.9802,46,17,-27,31.906,-57.8
1.9802,47,20,-26,32.802,-52.43
1.9802,48,21,-24,31.89,-48.81
1.9802,49,21,-22,30.414,-46.33
1.9802,50,21,-19,28.32,-42.14
1.9802,51,17,-17,24.042,-45.0
1.9802,52,13,-15,19.849,-49.09
1.9802,53,9,-12,15.0,-53.13
1.9802,54,5,-13,13.928,-68.96
1.9802,55,-2,-15,15.133,-97.59
1.9802,56,-7,-18,19.313,-111.25
1.9802,57,-14,-20,24.413,-124.99
1.9802,58,-17,-25,30.232,-124.22
1.9802,59,-16,-29,33.121,-118.89
1.9802,60,-23,-31,38.601,-126.57
1.9802,61,-20,-33,38.588,-121.22
1.9802,62,-20,-34,39.446,-120.47
2.0212,0,48,8,48.662,9.46
2.0212,1,0,0,0.0,0.0
2.0212,2,28,0,28.0,0.0
2.0212,3,27,0,27.0,0.0
2.0212,4,21,-3,21.213,-8.13
2.0212,5,14,-5,14.866,-19.65
2.0212,6,12,-8,14.422,-33.69
2.0212,7,8,-13,15.264,-58.39
2.0212,8,7,-16,17.464,-66.37
2.0212,9,7,-21,22.136,-71.57
2.0212,10,7,-23,24.042,-73.07
2.0212,11,9,-24,25.632,-69.44
2.0212,12,10,-24,26.0,-67.38
2.0212,13,12,-24,26.833,-63.43
2.0212,14,17,-22,27.803,-52.31
2.0212,15,18,-21,27.659,-49.4
2.0212,16,17,-19,25.495,-48.18
2.0212,17,16,-17,23.345,-46.74
2.0212,18,15,-16,21.932,-46.85
2.0212,19,12,-14,18.439,-49.4
2.0212,20,8,-15,17.0,-61.93
2.0212,21,3,-16,16.279,-79.38
2.0212,22,0,-17,17.0,-90.0
2.0212,23,-3,-20,20.224,-98.53
2.0212,24,-6,-21,21.84,-105.95
2.0212,25,-9,-23,24.698,-111.37
2.0212,26,-12,0,12.0,180.0
2.0212,27,0,0,0.0,0.0
2.0212,28,0,0,0.0,0.0
2.0212,29,0,0,0.0,0.0
2.0212,30,0,0,0.0,0.0
2.0212,31,0,0,0.0,0.0
2.0212,32,0,0,0.0,0.0
2.0212,33,0,0,0.0,0.0
2.0212,34,0,0,0.0,0.0
2.0212,35,0,0,0.0,0.0
2.0212,36,0,0,0.0,0.0
2.0212,37,0,5,5.0,90.0
2.0212,38,-7,4,8.062,150.26
2.0212,39,-1,4,4.123,104.04
2.0212,40,3,5,5.831,59.04
2.0212,41,8,7,10.63,41.19
2.0212,42,12,10,15.62,39.81
2.0212,43,16,13,20.616,39.09
2.0212,44,20,17,26.249,40.36
2.0212,45,23,21,31.145,42.4
2.0212,46,23,24,33.242,46.22
2.0212,47,24,25,34.655,46.17
2.0212,48,23,26,34.713,48.5
2.0212,49,21,24,31.89,48.81
2.0212,50,19,22,29.069,49.18
2.0212,51,16,17,23.345,46.74
2.0212,52,14,11,17.804,38.16
2.0212,53,13,5,13.928,21.04
2.0212,54,12,1,12.042,4.76
2.0212,55,14,-4,14.56,-15.95
2.0212,56,16,-9,18.358,-29.36
2.0212,57,19,-12,22.472,-32.28
2.0212,58,26,-14,29.53,-28.3
2.0212,59,29,-12,31.385,-22.48
2.0212,60,33,-13,35.468,-21.5
2.0212,61,37,-9,38.079,-13.67
2.0212,62,39,-8,39.812,-11.59
2.0432,0,81,27,85.381,18.43
2.0432,1,0,3,3.0,90.0
2.0432,2,-29,1,29.017,178.03
2.0432,3,-24,1,24.021,177.61
2.0432,4,-20,2,20.1,174.29
2.0432,5,-14,6,15.232,156.8
2.0432,6,-11,9,14.213,140.71
2.0432,7,-8,12,14.422,123.69
2.0432,8,-5,15,15.811,108.43
2.0432,9,-4,18,18.439,102.53
2.0432,10,-3,21,21.213,98.13
2.0432,11,-5,23,23.537,102.26
2.0432,12,-9,26,27.514,109.09
2.0432,13,-10,23,25.08,113.5
2.0432,14,-13,23,26.42,119.48
2.0432,15,-13,22,25.554,120.58
2.0432,16,-14,20,24.413,124.99
2.0432,17,-14,17,22.023,129.47
2.0432,18,-12,14,18.439,130.6
2.0432,19,-10,15,18.028,123.69
2.0432,20,-6,14,15.232,113.2
2.0432,21,-1,13,13.038,94.4
2.0432,22,2,14,14.142,81.87
2.0432,23,6,17,18.028,70.56
2.0432,24,9,18,20.125,63.43
2.0432,25,13,19,23.022,55.62
2.0432,26,15,0,15.0,0.0
2.0432,27,0,0,0.0,0.0
2.0432,28,0,0,0.0,0.0
2.0432,29,0,0,0.0,0.0
2.0432,30,0,0,0.0,0.0
2.0432,31,0,0,0.0,0.0
2.0432,32,0,0,0.0,0.0
2.0432,33,0,0,0.0,0.0
2.0432,34,0,0,0.0,0.0
2.0432,35,0,0,0.0,0.0
2.0432,36,0,0,0.0,0.0
2.0432,37,0,-5,5.0,-90.0
2.0432,38,5,-4,6.403,-38.66
2.0432,39,0,-4,4.0,-90.0
2.0432,40,-4,-5,6.403,-128.66
2.0432,41,-9,-7,11.402,-142.13
2.0432,42,-14,-9,16.643,-147.26
2.0432,43,-17,-13,21.401,-142.59
2.0432,44,-21,-16,26.401,-142.7
2.0432,45,-24,-20,31.241,-140.19
2.0432,46,-26,-22,34.059,-139.76
2.0432,47,-26,-23,34.713,-138.5
2.0432,48,-25,-23,33.971,-137.39
2.0432,49,-23,-23,32.527,-135.0
2.0432,50,-21,-20,29.0,-136.4
2.0432,51,-18,-16,24.083,-138.37
2.0432,52,-15,-11,18.601,-143.75
2.0432,53,-14,-5,14.866,-160.35
2.0432,54,-12,1,12.042,175.24
2.0432,55,-13,5,13.928,158.96
2.0432,56,-15,11,18.601,143.75
2.0432,57,-18,13,22.204,144.16
2.0432,58,-24,18,30.0,143.13
2.0432,59,-25,18,30.806,144.25
2.0432,60,-32,14,34.928,156.37
2.0432,61,-34,12,36.056,160.56
2.0432,62,-36,13,38.275,160.14
2.0698,0,32,7,32.757,12.34
2.0698,1,0,1,1.0,90.0
2.0698,2,30,1,30.017,1.91
2.0698,3,21,11,23.707,27.65
2.0698,4,23,6,23.77,14.62
2.0698,5,21,11,23.707,27.65
2.0698,6,22,12,25.06,28.61
2.0698,7,24,12,26.833,26.57
2.0698,8,19,5,19.647,14.74
2.0698,9,23,11,25.495,25.56
2.0698,10,14,10,17.205,35.54
2.0698,11,9,4,9.849,23.96
2.0698,12,17,17,24.042,45.0
2.0698,13,13,11,17.029,40.24
2.0698,14,22,12,25.06,28.61
2.0698,15,16,20,25.612,51.34
2.0698,16,18,12,21.633,33.69
2.0698,17,17,13,21.401,37.41
2.0698,18,7,16,17.464,66.37
2.0698,19,16,7,17.464,23.63
2.0698,20,9,19,21.024,64.65
2.0698,21,13,20,23.854,56.98
2.0698,22,10,13,16.401,52.43
2.0698,23,10,14,17.205,54.46
2.0698,24,10,13,16.401,52.43
2.0698,25,12,12,16.971,45.0
2.0698,26,10,0,10.0,0.0
2.0698,27,0,0,0.0,0.0
2.0698,28,0,0,0.0,0.0
2.0698,29,0,0,0.0,0.0
2.0698,30,0,0,0.0,0.0
2.0698,31,0,0,0.0,0.0
2.0698,32,0,0,0.0,0.0
2.0698,33,0,0,0.0,0.0
2.0698,34,0,0,0.0,0.0
2.0698,35,0,0,0.0,0.0
2.0698,36,0,0,0.0,0.0
2.0698,37,0,4,4.0,90.0
2.0698,38,16,0,16.0,0.0
2.0698,39,15,2,15.133,7.59
2.0698,40,13,-2,13.153,-8.75
2.0698,41,15,4,15.524,14.93
2.0698,42,15,6,16.155,21.8
2.0698,43,20,2,20.1,5.71
2.0698,44,19,1,19.026,3.01
2.0698,45,19,0,19.0,0.0
2.0698,46,22,-5,22.561,-12.8
2.0698,47,23,-1,23.022,-2.49
2.0698,48,28,1,28.018,2.05
2.0698,49,26,-2,26.077,-4.4
2.0698,50,31,0,31.0,0.0
2.0698,51,30,1,30.017,1.91
2.0698,52,29,-1,29.017,-1.97
2.0698,53,27,-6,27.659,-12.53
2.0698,54,29,-10,30.676,-19.03
2.0698,55,23,-4,23.345,-9.87
2.0698,56,23,-3,23.195,-7.43
2.0698,57,27,-1,27.019,-2.12
2.0698,58,30,-3,30.15,-5.71
2.0698,59,26,-2,26.077,-4.4
2.0698,60,23,2,23.087,4.97
2.0698,61,26,-4,26.306,-8.75
2.0698,62,25,2,25.08,4.57
2.1634,0,32,7,32.757,12.34
2.1634,1,0,10,10.0,90.0
2.1634,2,-2,29,29.069,93.95
2.1634,3,11,18,21.095,58.57
2.1634,4,0,24,24.0,90.0
2.1634,5,6,20,20.881,73.3
2.1634,6,-1,23,23.022,92.49
2.1634,7,-1,17,17.029,93.37
2.1634,8,0,23,23.0,90.0
2.1634,9,-5,19,19.647,104.74
2.1634,10,-3,25,25.179,96.84
2.1634,11,-3,21,21.213,98.13
2.1634,12,-1,21,21.024,92.73
2.1634,13,0,24,24.0,90.0
2.1634,14,2,20,20.1,84.29
2.1634,15,0,17,17.0,90.0
2.1634,16,-3,18,18.248,99.46
2.1634,17,1,15,15.033,86.19
2.1634,18,1,14,14.036,85.91
2.1634,19,-6,18,18.974,108.43
2.1634,20,-5,17,17.72,106.39
2.1634,21,-1,14,14.036,94.09
2.1634,22,-2,14,14.142,98.13
2.1634,23,-5,17,17.72,106.39
2.1634,24,-8,15,17.0,118.07
2.1634,25,1,14,14.036,85.91
2.1634,26,2,0,2.0,0.0
2.1634,27,0,0,0.0,0.0
2.1634,28,0,0,0.0,0.0
2.1634,29,0,0,0.0,0.0
2.1634,30,0,0,0.0,0.0
2.1634,31,0,0,0.0,0.0
2.1634,32,0,0,0.0,0.0
2.1634,33,0,0,0.0,0.0
2.1634,34,0,0,0.0,0.0
2.1634,35,0,0,0.0,0.0
2.1634,36,0,0,0.0,0.0
2.1634,37,0,12,12.0,90.0
2.1634,38,-1,9,9.055,96.34
2.1634,39,-3,11,11.402,105.26
2.1634,40,0,13,13.0,90.0
2.1634,41,-1,13,13.038,94.4
2.1634,42,-2,14,14.142,98.13
2.1634,43,-2,14,14.142,98.13
2.1634,44,-2,17,17.117,96.71
2.1634,45,1,15,15.033,86.19
2.1634,46,0,25,25.0,90.0
2.1634,47,0,22,22.0,90.0
2.1634,48,5,22,22.561,77.2
2.1634,49,6,24,24.739,75.96
2.1634,50,5,23,23.537,77.74
2.1634,51,6,22,22.804,74.74
2.1634,52,7,20,21.19,70.71
2.1634,53,9,20,21.932,65.77
2.1634,54,10,20,22.361,63.43
2.1634,55,9,16,18.358,60.64
2.1634,56,7,12,13.892,59.74
2.1634,57,11,27,29.155,67.83
2.1634,58,5,23,23.537,77.74
2.1634,59,2,23,23.087,85.03
2.1634,60,10,42,43.174,76.61
2.1634,61,12,16,20.0,53.13
2.1634,62,0,30,30.0,90.0
2.1844,0,32,7,32.757,12.34
2.1844,1,0,-28,28.0,-90.0
2.1844,2,5,-27,27.459,-79.51
2.1844,3,1,-25,25.02,-87.71
2.1844,4,8,-22,23.409,-70.02
2.1844,5,9,-24,25.632,-69.44
2.1844,6,9,-18,20.125,-63.43
2.1844,7,9,-26,27.514,-70.91
2.1844,8,10,-15,18.028,-56.31
2.1844,9,13,-21,24.698,-58.24
2.1844,10,11,-23,25.495,-64.44
2.1844,11,16,-21,26.401,-52.7
2.1844,12,14,-20,24.413,-55.01
2.1844,13,9,-16,18.358,-60.64
2.1844,14,12,-15,19.209,-51.34
2.1844,15,12,-16,20.0,-53.13
2.1844,16,14,-15,20.518,-46.97
2.1844,17,15,-15,21.213,-45.0
2.1844,18,13,-11,17.029,-40.24
2.1844,19,12,-9,15.0,-36.87
2.1844,20,11,-5,12.083,-24.44
2.1844,21,7,-12,13.892,-59.74
2.1844,22,13,-2,13.153,-8.75
2.1844,23,11,-22,24.597,-63.43
2.1844,24,11,-12,16.279,-47.49
2.1844,25,13,-7,14.765,-28.3
2.1844,26,7,0,7.0,0.0
2.1844,27,0,0,0.0,0.0
2.1844,28,0,0,0.0,0.0
2.1844,29,0,0,0.0,0.0
2.1844,30,0,0,0.0,0.0
2.1844,31,0,0,0.0,0.0
2.1844,32,0,0,0.0,0.0
2.1844,33,0,0,0.0,0.0
2.1844,34,0,0,0.0,0.0
2.1844,35,0,0,0.0,0.0
2.1844,36,0,0,0.0,0.0
2.1844,37,0,-15,15.0,-90.0
2.1844,38,0,-13,13.0,-90.0
2.1844,39,-1,-10,10.05,-95.71
2.1844,40,0,-16,16.0,-90.0
2.1844,41,2,-16,16.125,-82.87
2.1844,42,2,-15,15.133,-82.41
2.1844,43,0,-16,16.0,-90.0
2.1844,44,3,-17,17.263,-79.99
2.1844,45,1,-19,19.026,-86.99
2.1844,46,3,-24,24.187,-82.87
2.1844,47,-2,-22,22.091,-95.19
2.1844,48,1,-27,27.019,-87.88
2.1844,49,0,-25,25.0,-90.0
2.1844,50,-4,-26,26.306,-98.75
2.1844,51,-1,-23,23.022,-92.49
2.1844,52,-3,-27,27.166,-96.34
2.1844,53,-2,-24,24.083,-94.76
2.1844,54,-3,-26,26.173,-96.58
2.1844,55,-3,-22,22.204,-97.77
2.1844,56,-3,-21,21.213,-98.13
2.1844,57,-2,-24,24.083,-94.76
2.1844,58,-5,-24,24.515,-101.77
2.1844,59,-2,-29,29.069,-93.95
2.1844,60,2,-22,22.091,-84.81
2.1844,61,-1,-25,25.02,-92.29
2.1844,62,1,-27,27.019,-87.88
2.2281,0,32,7,32.757,12.34
2.2281,1,0,-9,9.0,-90.0
2.2281,2,-34,-9,35.171,-165.17
2.2281,3,-27,-2,27.074,-175.76
2.2281,4,-17,-10,19.723,-149.53
2.2281,5,-30,-3,30.15,-174.29
2.2281,6,-24,-5,24.515,-168.23
2.2281,7,-25,-9,26.571,-160.2
2.2281,8,-20,-15,25.0,-143.13
2.2281,9,-29,-2,29.069,-176.05
2.2281,10,-25,-8,26.249,-162.26
2.2281,11,-21,-9,22.847,-156.8
2.2281,12,-30,-11,31.953,-159.86
2.2281,13,-24,-9,25.632,-159.44
2.2281,14,-22,-11,24.597,-153.43
2.2281,15,-22,-6,22.804,-164.74
2.2281,16,-24,-3,24.187,-172.87
2.2281,17,-21,-7,22.136,-161.57
2.2281,18,-24,-5,24.515,-168.23
2.2281,19,-20,-3,20.224,-171.47
2.2281,20,-20,-5,20.616,-165.96
2.2281,21,-12,-5,13.0,-157.38
2.2281,22,-18,-6,18.974,-161.57
2.2281,23,-21,-9,22.847,-156.8
2.2281,24,-14,-1,14.036,-175.91
2.2281,25,-18,2,18.111,173.66
2.2281,26,-15,0,15.0,180.0
2.2281,27,0,0,0.0,0.0
2.2281,28,0,0,0.0,0.0
2.2281,29,0,0,0.0,0.0
2.2281,30,0,0,0.0,0.0
2.2281,31,0,0,0.0,0.0
2.2281,32,0,0,0.0,0.0
2.2281,33,0,0,0.0,0.0
2.2281,34,0,0,0.0,0.0
2.2281,35,0,0,0.0,0.0
2.2281,36,0,0,0.0,0.0
2.2281,37,0,-5,5.0,-90.0
2.2281,38,-16,-4,16.492,-165.96
2.2281,39,-12,-7,13.892,-149.74
2.2281,40,-15,-7,16.553,-154.98
2.2281,41,-14,-7,15.652,-153.43
2.2281,42,-14,-4,14.56,-164.05
2.2281,43,-18,-3,18.248,-170.54
2.2281,44,-20,-8,21.541,-158.2
2.2281,45,-23,-3,23.195,-172.57
2.2281,46,-27,-4,27.295,-171.57
2.2281,47,-24,-3,24.187,-172.87
2.2281,48,-25,-4,25.318,-170.91
2.2281,49,-28,-3,28.16,-173.88
2.2281,50,-30,-1,30.017,-178.09
2.2281,51,-25,2,25.08,175.43
2.2281,52,-29,2,29.069,176.05
2.2281,53,-30,2,30.067,176.19
2.2281,54,-29,4,29.275,172.15
2.2281,55,-30,-1,30.017,-178.09
2.2281,56,-26,-1,26.019,-177.8
2.2281,57,-33,-3,33.136,-174.81
2.2281,58,-30,4,30.265,172.41
2.2281,59,-34,7,34.713,168.37
2.2281,60,-25,0,25.0,180.0
2.2281,61,-32,-1,32.016,-178.21
2.2281,62,-34,-7,34.713,-168.37
2.2533,0,-128,15,128.876,173.32
2.2533,1,0,-29,29.0,-90.0
2.2533,2,1,-25,25.02,-87.71
2.2533,3,1,-18,18.028,-86.82
2.2533,4,3,-16,16.279,-79.38
2.2533,5,-2,-12,12.166,-99.46
2.2533,6,-4,-7,8.062,-119.74
2.2533,7,-7,-6,9.22,-139.4
2.2533,8,-10,-5,11.18,-153.43
2.2533,9,-14,-5,14.866,-160.35
2.2533,10,-17,-9,19.235,-152.1
2.2533,11,-20,-12,23.324,-149.04
2.2533,12,-23,-15,27.459,-146.89
2.2533,13,-22,-16,27.203,-143.97
2.2533,14,-23,-16,28.018,-145.18
2.2533,15,-22,-17,27.803,-142.31
2.2533,16,-20,-16,25.612,-141.34
2.2533,17,-20,-13,23.854,-146.98
2.2533,18,-17,-11,20.248,-147.09
2.2533,19,-16,-6,17.088,-159.44
2.2533,20,-15,-4,15.524,-165.07
2.2533,21,-14,0,14.0,180.0
2.2533,22,-16,4,16.492,165.96
2.2533,23,-16,8,17.889,153.43
2.2533,24,-19,10,21.471,152.24
2.2533,25,-19,14,23.601,143.62
2.2533,26,-22,0,22.0,180.0
2.2533,27,0,0,0.0,0.0
2.2533,28,0,0,0.0,0.0
2.2533,29,0,0,0.0,0.0
2.2533,30,0,0,0.0,0.0
2.2533,31,0,0,0.0,0.0
2.2533,32,0,0,0.0,0.0
2.2533,33,0,0,0.0,0.0
2.2533,34,0,0,0.0,0.0
2.2533,35,0,0,0.0,0.0
2.2533,36,0,0,0.0,0.0
2.2533,37,0,9,9.0,90.0
2.2533,38,3,3,4.243,45.0
2.2533,39,2,-2,2.828,-45.0
2.2533,40,4,-6,7.211,-56.31
2.2533,41,6,-11,12.53,-61.39
2.2533,42,9,-16,18.358,-60.64
2.2533,43,12,-18,21.633,-56.31
2.2533,44,16,-20,25.612,-51.34
2.2533,45,20,-20,28.284,-45.0
2.2533,46,23,-20,30.48,-41.01
2.2533,47,28,-21,35.0,-36.87
2.2533,48,29,-18,34.132,-31.83
2.2533,49,28,-16,32.249,-29.74
2.2533,50,27,-15,30.887,-29.05
2.2533,51,24,-13,27.295,-28.44
2.2533,52,20,-10,22.361,-26.57
2.2533,53,15,-12,19.209,-38.66
2.2533,54,9,-12,15.0,-53.13
2.2533,55,5,-16,16.763,-72.65
2.2533,56,0,-18,18.0,-90.0
2.2533,57,-4,-24,24.331,-99.46
2.2533,58,-9,-26,27.514,-109.09
2.2533,59,-12,-31,33.242,-111.16
2.2533,60,-12,-33,35.114,-109.98
2.2533,61,-9,-35,36.139,-104.42
2.2533,62,-4,-37,37.216,-96.17
2.2959,0,32,6,32.558,10.62
2.2959,1,0,20,20.0,90.0
2.2959,2,-21,19,28.32,137.86
2.2959,3,-17,16,23.345,136.74
2.2959,4,-13,10,16.401,142.43
2.2959,5,-9,10,13.454,131.99
2.2959,6,-4,11,11.705,109.98
2.2959,7,1,11,11.045,84.81
2.2959,8,2,13,13.153,81.25
2.2959,9,7,16,17.464,66.37
2.2959,10,8,18,19.698,66.04
2.2959,11,8,22,23.409,70.02
2.2959,12,8,24,25.298,71.57
2.2959,13,8,26,27.203,72.9
2.2959,14,7,25,25.962,74.36
2.2959,15,7,26,26.926,74.93
2.2959,16,5,25,25.495,78.69
2.2959,17,4,22,22.361,79.7
2.2959,18,5,18,18.682,74.48
2.2959,19,6,17,18.028,70.56
2.2959,20,7,12,13.892,59.74
2.2959,21,9,10,13.454,48.01
2.2959,22,11,8,13.601,36.03
2.2959,23,16,7,17.464,23.63
2.2959,24,19,5,19.647,14.74
2.2959,25,23,4,23.345,9.87
2.2959,26,24,0,24.0,0.0
2.2959,27,0,0,0.0,0.0
2.2959,28,0,0,0.0,0.0
2.2959,29,0,0,0.0,0.0
2.2959,30,0,0,0.0,0.0
2.2959,31,0,0,0.0,0.0
2.2959,32,0,0,0.0,0.0
2.2959,33,0,0,0.0,0.0
2.2959,34,0,0,0.0,0.0
2.2959,35,0,0,0.0,0.0
2.2959,36,0,0,0.0,0.0
2.2959,37,0,-6,6.0,-90.0
2.2959,38,3,-3,4.243,-45.0
2.2959,39,0,0,0.0,0.0
2.2959,40,-5,2,5.385,158.2
2.2959,41,-10,3,10.44,163.3
2.2959,42,-15,5,15.811,161.57
2.2959,43,-20,4,20.396,168.69
2.2959,44,-25,3,25.179,173.16
2.2959,45,-29,1,29.017,178.03
2.2959,46,-33,-3,33.136,-174.81
2.2959,47,-35,-3,35.128,-175.1
2.2959,48,-36,-5,36.346,-172.09
2.2959,49,-35,-6,35.511,-170.27
2.2959,50,-33,-7,33.734,-168.02
2.2959,51,-31,-6,31.575,-169.05
2.2959,52,-26,-3,26.173,-173.42
2.2959,53,-21,2,21.095,174.56
2.2959,54,-15,4,15.524,165.07
2.2959,55,-12,10,15.62,140.19
2.2959,56,-11,15,18.601,126.25
2.2959,57,-9,21,22.847,113.2
2.2959,58,-8,24,25.298,108.43
2.2959,59,-12,29,31.385,112.48
2.2959,60,-14,33,35.847,112.99
2.2959,61,-18,30,34.986,120.96
2.2959,62,-19,29,34.67,123.23
2.3269,0,32,6,32.558,10.62
2.3269,1,0,19,19.0,90.0
2.3269,2,23,19,29.833,39.56
2.3269,3,18,14,22.804,37.87
2.3269,4,15,9,17.493,30.96
2.3269,5,8,5,9.434,32.01
2.3269,6,7,0,7.0,0.0
2.3269,7,7,-5,8.602,-35.54
2.3269,8,8,-11,13.601,-53.97
2.3269,9,10,-12,15.62,-50.19
2.3269,10,11,-15,18.601,-53.75
2.3269,11,16,-15,21.932,-43.15
2.3269,12,19,-14,23.601,-36.38
2.3269,13,22,-13,25.554,-30.58
2.3269,14,24,-11,26.401,-24.62
2.3269,15,26,-11,28.231,-22.93
2.3269,16,24,-12,26.833,-26.57
2.3269,17,25,-10,26.926,-21.8
2.3269,18,22,-12,25.06,-28.61
2.3269,19,19,-14,23.601,-36.38
2.3269,20,17,-13,21.401,-37.41
2.3269,21,12,-16,20.0,-53.13
2.3269,22,8,-18,19.698,-66.04
2.3269,23,6,-22,22.804,-74.74
2.3269,24,2,-24,24.083,-85.24
2.3269,25,0,-25,25.0,-90.0
2.3269,26,-1,0,1.0,180.0
2.3269,27,0,0,0.0,0.0
2.3269,28,0,0,0.0,0.0
2.3269,29,0,0,0.0,0.0
2.3269,30,0,0,0.0,0.0
2.3269,31,0,0,0.0,0.0
2.3269,32,0,0,0.0,0.0
2.3269,33,0,0,0.0,0.0
2.3269,34,0,0,0.0,0.0
2.3269,35,0,0,0.0,0.0
2.3269,36,0,0,0.0,0.0
2.3269,37,0,-3,3.0,-90.0
2.3269,38,-5,1,5.099,168.69
2.3269,39,-3,6,6.708,116.57
2.3269,40,2,10,10.198,78.69
2.3269,41,3,16,16.279,79.38
2.3269,42,4,21,21.378,79.22
2.3269,43,5,26,26.476,79.11
2.3269,44,4,32,32.249,82.87
2.3269,45,4,36,36.222,83.66
2.3269,46,1,39,39.013,88.53
2.3269,47,-1,38,38.013,91.51
2.3269,48,-2,36,36.056,93.18
2.3269,49,-4,34,34.234,96.71
2.3269,50,-5,30,30.414,99.46
2.3269,51,-5,25,25.495,101.31
2.3269,52,-3,19,19.235,98.97
2.3269,53,-3,15,15.297,101.31
2.3269,54,0,11,11.0,90.0
2.3269,55,6,10,11.662,59.04
2.3269,56,10,7,12.207,34.99
2.3269,57,17,8,18.788,25.2
2.3269,58,21,9,22.847,23.2
2.3269,59,26,12,28.636,24.78
2.3269,60,30,12,32.311,21.8
2.3269,61,33,16,36.674,25.87
2.3269,62,31,16,34.886,27.3
2.3592,0,-127,25,129.437,168.86
2.3592,1,0,28,28.0,90.0
2.3592,2,-2,23,23.087,94.97
2.3592,3,-2,20,20.1,95.71
2.3592,4,0,17,17.0,90.0
2.3592,5,1,10,10.05,84.29
2.3592,6,1,7,7.071,81.87
2.3592,7,6,8,10.0,53.13
2.3592,8,8,5,9.434,32.01
2.3592,9,13,7,14.765,28.3
2.3592,10,16,9,18.358,29.36
2.3592,11,20,10,22.361,26.57
2.3592,12,20,11,22.825,28.81
2.3592,13,21,13,24.698,31.76
2.3592,14,22,15,26.627,34.29
2.3592,15,19,15,24.207,38.29
2.3592,16,20,13,23.854,33.02
2.3592,17,18,10,20.591,29.05
2.3592,18,16,6,17.088,20.56
2.3592,19,15,2,15.133,7.59
2.3592,20,14,-1,14.036,-4.09
2.3592,21,14,-4,14.56,-15.95
2.3592,22,15,-7,16.553,-25.02
2.3592,23,17,-9,19.235,-27.9
2.3592,24,19,-12,22.472,-32.28
2.3592,25,21,-13,24.698,-31.76
2.3592,26,22,0,22.0,0.0
2.3592,27,0,0,0.0,0.0
2.3592,28,0,0,0.0,0.0
2.3592,29,0,0,0.0,0.0
2.3592,30,0,0,0.0,0.0
2.3592,31,0,0,0.0,0.0
2.3592,32,0,0,0.0,0.0
2.3592,33,0,0,0.0,0.0
2.3592,34,0,0,0.0,0.0
2.3592,35,0,0,0.0,0.0
2.3592,36,0,0,0.0,0.0
2.3592,37,0,-7,7.0,-90.0
2.3592,38,-6,-2,6.325,-161.57
2.3592,39,-6,2,6.325,161.57
2.3592,40,-5,8,9.434,122.01
2.3592,41,-6,12,13.416,116.57
2.3592,42,-8,19,20.616,112.83
2.3592,43,-11,22,24.597,116.57
2.3592,44,-14,25,28.653,119.25
2.3592,45,-18,27,32.45,123.69
2.3592,46,-22,26,34.059,130.24
2.3592,47,-24,24,33.941,135.0
2.3592,48,-27,23,35.468,139.57
2.3592,49,-27,21,34.205,142.13
2.3592,50,-25,17,30.232,145.78
2.3592,51,-23,16,28.018,145.18
2.3592,52,-21,12,24.187,150.26
2.3592,53,-15,12,19.209,141.34
2.3592,54,-9,11,14.213,129.29
2.3592,55,-3,13,13.342,102.99
2.3592,56,1,17,17.029,86.63
2.3592,57,6,20,20.881,73.3
2.3592,58,10,26,27.857,68.96
2.3592,59,12,28,30.463,66.8
2.3592,60,14,31,34.015,65.7
2.3592,61,12,34,36.056,70.56
2.3592,62,10,36,37.363,74.48
2.3823,0,16,9,18.358,29.36
2.3823,1,0,-9,9.0,-90.0
2.3823,2,30,-4,30.265,-7.59
2.3823,3,25,-7,25.962,-15.64
2.3823,4,20,-6,20.881,-16.7
2.3823,5,14,-11,17.804,-38.16
2.3823,6,9,-12,15.0,-53.13
2.3823,7,2,-12,12.166,-80.54
2.3823,8,-1,-17,17.029,-93.37
2.3823,9,-2,-22,22.091,-95.19
2.3823,10,-2,-25,25.08,-94.57
2.3823,11,0,-28,28.0,-90.0
2.3823,12,0,-29,29.0,-90.0
2.3823,13,3,-30,30.15,-84.29
2.3823,14,5,-28,28.443,-79.88
2.3823,15,7,-27,27.893,-75.47
2.3823,16,8,-25,26.249,-72.26
2.3823,17,8,-22,23.409,-70.02
2.3823,18,6,-21,21.84,-74.05
2.3823,19,3,-17,17.263,-79.99
2.3823,20,1,-15,15.033,-86.19
2.3823,21,-4,-14,14.56,-105.95
2.3823,22,-8,-12,14.422,-123.69
2.3823,23,-12,-14,18.439,-130.6
2.3823,24,-17,-14,22.023,-140.53
2.3823,25,-21,-16,26.401,-142.7
2.3823,26,-24,0,24.0,180.0
2.3823,27,0,0,0.0,0.0
2.3823,28,0,0,0.0,0.0
2.3823,29,0,0,0.0,0.0
2.3823,30,0,0,0.0,0.0
2.3823,31,0,0,0.0,0.0
2.3823,32,0,0,0.0,0.0
2.3823,33,0,0,0.0,0.0
2.3823,34,0,0,0.0,0.0
2.3823,35,0,0,0.0,0.0
2.3823,36,0,0,0.0,0.0
2.3823,37,0,7,7.0,90.0
2.3823,38,-5,6,7.81,129.81
2.3823,39,1,4,4.123,75.96
2.3823,40,6,5,7.81,39.81
2.3823,41,12,5,13.0,22.62
2.3823,42,18,7,19.313,21.25
2.3823,43,24,11,26.401,24.62
2.3823,44,28,13,30.871,24.9
2.3823,45,32,16,35.777,26.57
2.3823,46,33,21,39.115,32.47
2.3823,47,34,22,40.497,32.91
2.3823,48,34,22,40.497,32.91
2.3823,49,33,22,39.661,33.69
2.3823,50,31,19,36.359,31.5
2.3823,51,25,18,30.806,35.75
2.3823,52,23,12,25.942,27.55
2.3823,53,17,5,17.72,16.39
2.3823,54,15,-1,15.033,-3.81
2.3823,55,13,-9,15.811,-34.7
2.3823,56,17,-13,21.401,-37.41
2.3823,57,17,-19,25.495,-48.18
2.3823,58,18,-19,26.173,-46.55
2.3823,59,24,-27,36.125,-48.37
2.3823,60,26,-20,32.802,-37.57
2.3823,61,29,-28,40.311,-43.99
2.3823,62,31,-21,37.443,-34.11
2.4257,0,-32,11,33.838,161.03
2.4257,1,0,-1,1.0,-90.0
2.4257,2,28,1,28.018,2.05
2.4257,3,24,0,24.0,0.0
2.4257,4,16,-3,16.279,-10.62
2.4257,5,13,-4,13.601,-17.1
2.4257,6,8,-7,10.63,-41.19
2.4257,7,4,-11,11.705,-70.02
2.4257,8,1,-14,14.036,-85.91
2.4257,9,0,-18,18.0,-90.0
2.4257,10,0,-21,21.0,-90.0
2.4257,11,-1,-24,24.021,-92.39
2.4257,12,1,-24,24.021,-87.61
2.4257,13,3,-25,25.179,-83.16
2.4257,14,5,-26,26.476,-79.11
2.4257,15,6,-25,25.71,-76.5
2.4257,16,7,-21,22.136,-71.57
2.4257,17,7,-19,20.248,-69.78
2.4257,18,4,-16,16.492,-75.96
2.4257,19,2,-13,13.153,-81.25
2.4257,20,0,-11,11.0,-90.0
2.4257,21,-6,-10,11.662,-120.96
2.4257,22,-9,-9,12.728,-135.0
2.4257,23,-13,-8,15.264,-148.39
2.4257,24,-17,-8,18.788,-154.8
2.4257,25,-21,-9,22.847,-156.8
2.4257,26,-23,0,23.0,180.0
2.4257,27,0,0,0.0,0.0
2.4257,28,0,0,0.0,0.0
2.4257,29,0,0,0.0,0.0
2.4257,30,0,0,0.0,0.0
2.4257,31,0,0,0.0,0.0
2.4257,32,0,0,0.0,0.0
2.4257,33,0,0,0.0,0.0
2.4257,34,0,0,0.0,0.0
2.4257,35,0,0,0.0,0.0
2.4257,36,0,0,0.0,0.0
2.4257,37,0,1,1.0,90.0
2.4257,38,-8,4,8.944,153.43
2.4257,39,-3,7,7.616,113.2
2.4257,40,0,11,11.0,90.0
2.4257,41,5,14,14.866,70.35
2.4257,42,8,20,21.541,68.2
2.4257,43,10,23,25.08,66.5
2.4257,44,12,27,29.547,66.04
2.4257,45,12,30,32.311,68.2
2.4257,46,12,32,34.176,69.44
2.4257,47,12,32,34.176,69.44
2.4257,48,11,31,32.894,70.46
2.4257,49,10,29,30.676,70.97
2.4257,50,8,25,26.249,72.26
2.4257,51,7,21,22.136,71.57
2.4257,52,7,14,15.652,63.43
2.4257,53,7,7,9.899,45.0
2.4257,54,8,3,8.544,20.56
2.4257,55,11,-3,11.402,-15.26
2.4257,56,14,-7,15.652,-26.57
2.4257,57,18,-10,20.591,-29.05
2.4257,58,22,-12,25.06,-28.61
2.4257,59,29,-9,30.364,-17.24
2.4257,60,31,-9,32.28,-16.19
2.4257,61,37,-12,38.897,-17.97
2.4257,62,38,-3,38.118,-4.51
2.4473,0,32,6,32.558,10.62
2.4473,1,0,-26,26.0,-90.0
2.4473,2,6,-24,24.739,-75.96
2.4473,3,9,-19,21.024,-64.65
2.4473,4,6,-13,14.318,-65.22
2.4473,5,2,-8,8.246,-75.96
2.4473,6,-1,-6,6.083,-99.46
2.4473,7,-5,-7,8.602,-125.54
2.4473,8,-9,-6,10.817,-146.31
2.4473,9,-13,-8,15.264,-148.39
2.4473,10,-18,-8,19.698,-156.04
2.4473,11,-20,-11,22.825,-151.19
2.4473,12,-21,-13,24.698,-148.24
2.4473,13,-22,-14,26.077,-147.53
2.4473,14,-22,-16,27.203,-143.97
2.4473,15,-20,-16,25.612,-141.34
2.4473,16,-20,-14,24.413,-145.01
2.4473,17,-17,-11,20.248,-147.09
2.4473,18,-15,-7,16.553,-154.98
2.4473,19,-15,-5,15.811,-161.57
2.4473,20,-13,0,13.0,180.0
2.4473,21,-12,4,12.649,161.57
2.4473,22,-13,7,14.765,151.7
2.4473,23,-13,11,17.029,139.76
2.4473,24,-15,13,19.849,139.09
2.4473,25,-16,17,23.345,133.26
2.4473,26,-17,0,17.0,180.0
2.4473,27,0,0,0.0,0.0
2.4473,28,0,0,0.0,0.0
2.4473,29,0,0,0.0,0.0
2.4473,30,0,0,0.0,0.0
2.4473,31,0,0,0.0,0.0
2.4473,32,0,0,0.0,0.0
2.4473,33,0,0,0.0,0.0
2.4473,34,0,0,0.0,0.0
2.4473,35,0,0,0.0,0.0
2.4473,36,0,0,0.0,0.0
2.4473,37,0,6,6.0,90.0
2.4473,38,1,3,3.162,71.57
2.4473,39,4,-1,4.123,-14.04
2.4473,40,7,-5,8.602,-35.54
2.4473,41,11,-7,13.038,-32.47
2.4473,42,15,-9,17.493,-30.96
2.4473,43,19,-9,21.024,-25.35
2.4473,44,24,-10,26.0,-22.62
2.4473,45,28,-9,29.411,-17.82
2.4473,46,31,-7,31.78,-12.72
2.4473,47,33,-7,33.734,-11.98
2.4473,48,32,-7,32.757,-12.34
2.4473,49,32,-3,32.14,-5.36
2.4473,50,29,-4,29.275,-7.85
2.4473,51,26,-4,26.306,-8.75
2.4473,52,21,-5,21.587,-13.39
2.4473,53,14,-9,16.643,-32.74
2.4473,54,10,-12,15.62,-50.19
2.4473,55,5,-16,16.763,-72.65
2.4473,56,2,-19,19.105,-83.99
2.4473,57,-1,-27,27.019,-92.12
2.4473,58,-2,-31,31.064,-93.69
2.4473,59,-1,-35,35.014,-91.64
2.4473,60,-3,-36,36.125,-94.76
2.4473,61,-2,-41,41.049,-92.79
2.4473,62,3,-36,36.125,-85.24
2.4905,0,64,11,64.938,9.75
2.4905,1,0,-1,1.0,-90.0
2.4905,2,33,2,33.061,3.47
2.4905,3,27,1,27.019,2.12
2.4905,4,20,-3,20.224,-8.53
2.4905,5,15,-6,16.155,-21.8
2.4905,6,10,-8,12.806,-38.66
2.4905,7,8,-11,13.601,-53.97
2.4905,8,4,-17,17.464,-76.76
2.4905,9,3,-21,21.213,-81.87
2.4905,10,5,-26,26.476,-79.11
2.4905,11,7,-26,26.926,-74.93
2.4905,12,10,-29,30.676,-70.97
2.4905,13,13,-29,31.78,-65.85
2.4905,14,13,-26,29.069,-63.43
2.4905,15,15,-26,30.017,-60.02
2.4905,16,15,-23,27.459,-56.89
2.4905,17,13,-21,24.698,-58.24
2.4905,18,11,-19,21.954,-59.93
2.4905,19,6,-17,18.028,-70.56
2.4905,20,3,-17,17.263,-79.99
2.4905,21,-2,-17,17.117,-96.71
2.4905,22,-5,-19,19.647,-104.74
2.4905,23,-11,-20,22.825,-118.81
2.4905,24,-15,-22,26.627,-124.29
2.4905,25,-17,-22,27.803,-127.69
2.4905,26,-19,0,19.0,180.0
2.4905,27,0,0,0.0,0.0
2.4905,28,0,0,0.0,0.0
2.4905,29,0,0,0.0,0.0
2.4905,30,0,0,0.0,0.0
2.4905,31,0,0,0.0,0.0
2.4905,32,0,0,0.0,0.0
2.4905,33,0,0,0.0,0.0
2.4905,34,0,0,0.0,0.0
2.4905,35,0,0,0.0,0.0
2.4905,36,0,0,0.0,0.0
2.4905,37,0,5,5.0,90.0
2.4905,38,-7,5,8.602,144.46
2.4905,39,-2,5,5.385,111.8
2.4905,40,4,7,8.062,60.26
2.4905,41,9,8,12.042,41.63
2.4905,42,14,12,18.439,40.6
2.4905,43,19,16,24.839,40.1
2.4905,44,23,19,29.833,39.56
2.4905,45,26,22,34.059,40.24
2.4905,46,26,25,36.069,43.88
2.4905,47,26,28,38.21,47.12
2.4905,48,25,27,36.797,47.2
2.4905,49,23,25,33.971,47.39
2.4905,50,20,22,29.732,47.73
2.4905,51,18,19,26.173,46.55
2.4905,52,14,12,18.439,40.6
2.4905,53,14,6,15.232,23.2
2.4905,54,14,0,14.0,0.0
2.4905,55,13,-6,14.318,-24.78
2.4905,56,14,-11,17.804,-38.16
2.4905,57,21,-14,25.239,-33.69
2.4905,58,29,-16,33.121,-28.89
2.4905,59,29,-17,33.615,-30.38
2.4905,60,32,-13,34.54,-22.11
2.4905,61,36,-11,37.643,-16.99
2.4905,62,36,-8,36.878,-12.53
2.5254,0,64,8,64.498,7.13
2.5254,1,0,27,27.0,90.0
2.5254,2,-2,23,23.087,94.97
2.5254,3,-2,20,20.1,95.71
2.5254,4,-2,18,18.111,96.34
2.5254,5,0,10,10.0,90.0
2.5254,6,0,7,7.0,90.0
2.5254,7,5,8,9.434,57.99
2.5254,8,9,5,10.296,29.05
2.5254,9,12,9,15.0,36.87
2.5254,10,20,4,20.396,11.31
2.5254,11,18,12,21.633,33.69
2.5254,12,21,12,24.187,29.74
2.5254,13,22,15,26.627,34.29
2.5254,14,23,15,27.459,33.11
2.5254,15,22,17,27.803,37.69
2.5254,16,23,14,26.926,31.33
2.5254,17,20,14,24.413,34.99
2.5254,18,17,9,19.235,27.9
2.5254,19,16,5,16.763,17.35
2.5254,20,15,3,15.297,11.31
2.5254,21,14,-2,14.142,-8.13
2.5254,22,15,-6,16.155,-21.8
2.5254,23,17,-10,19.723,-30.47
2.5254,24,18,-13,22.204,-35.84
2.5254,25,18,-15,23.431,-39.81
2.5254,26,21,0,21.0,0.0
2.5254,27,0,0,0.0,0.0
2.5254,28,0,0,0.0,0.0
2.5254,29,0,0,0.0,0.0
2.5254,30,0,0,0.0,0.0
2.5254,31,0,0,0.0,0.0
2.5254,32,0,0,0.0,0.0
2.5254,33,0,0,0.0,0.0
2.5254,34,0,0,0.0,0.0
2.5254,35,0,0,0.0,0.0
2.5254,36,0,0,0.0,0.0
2.5254,37,0,-6,6.0,-90.0
2.5254,38,-6,-1,6.083,-170.54
2.5254,39,-5,3,5.831,149.04
2.5254,40,-5,8,9.434,122.01
2.5254,41,-7,12,13.892,120.26
2.5254,42,-9,17,19.235,117.9
2.5254,43,-12,20,23.324,120.96
2.5254,44,-16,23,28.018,124.82
2.5254,45,-19,22,29.069,130.82
2.5254,46,-22,23,31.828,133.73
2.5254,47,-25,22,33.302,138.65
2.5254,48,-25,20,32.016,141.34
2.5254,49,-27,18,32.45,146.31
2.5254,50,-26,16,30.529,148.39
2.5254,51,-24,13,27.295,151.56
2.5254,52,-20,11,22.825,151.19
2.5254,53,-13,9,15.811,145.3
2.5254,54,-7,13,14.765,118.3
2.5254,55,-5,14,14.866,109.65
2.5254,56,1,16,16.031,86.42
2.5254,57,6,20,20.881,73.3
2.5254,58,8,26,27.203,72.9
2.5254,59,12,29,31.385,67.52
2.5254,60,11,33,34.785,71.57
2.5254,61,11,35,36.688,72.55
2.5254,62,10,37,38.328,74.88
2.5394,0,32,6,32.558,10.62
2.5394,1,0,-27,27.0,-90.0
2.5394,2,9,-22,23.77,-67.75
2.5394,3,8,-16,17.889,-63.43
2.5394,4,7,-13,14.765,-61.7
2.5394,5,5,-11,12.083,-65.56
2.5394,6,1,-9,9.055,-83.66
2.5394,7,-5,-9,10.296,-119.05
2.5394,8,-6,-9,10.817,-123.69
2.5394,9,-11,-12,16.279,-132.51
2.5394,10,-13,-12,17.692,-137.29
2.5394,11,-16,-16,22.627,-135.0
2.5394,12,-16,-19,24.839,-130.1
2.5394,13,-18,-23,29.206,-128.05
2.5394,14,-16,-21,26.401,-127.3
2.5394,15,-15,-23,27.459,-123.11
2.5394,16,-13,-20,23.854,-123.02
2.5394,17,-12,-18,21.633,-123.69
2.5394,18,-12,-16,20.0,-126.87
2.5394,19,-12,-10,15.62,-140.19
2.5394,20,-12,-7,13.892,-149.74
2.5394,21,-14,-4,14.56,-164.05
2.5394,22,-14,-2,14.142,-171.87
2.5394,23,-18,2,18.111,173.66
2.5394,24,-21,4,21.378,169.22
2.5394,25,-23,5,23.537,167.74
2.5394,26,-27,0,27.0,180.0
2.5394,27,0,0,0.0,0.0
2.5394,28,0,0,0.0,0.0
2.5394,29,0,0,0.0,0.0
2.5394,30,0,0,0.0,0.0
2.5394,31,0,0,0.0,0.0
2.5394,32,0,0,0.0,0.0
2.5394,33,0,0,0.0,0.0
2.5394,34,0,0,0.0,0.0
2.5394,35,0,0,0.0,0.0
2.5394,36,0,0,0.0,0.0
2.5394,37,0,8,8.0,90.0
2.5394,38,7,1,7.071,8.13
2.5394,39,6,-1,6.083,-9.46
2.5394,40,7,-7,9.899,-45.0
2.5394,41,8,-13,15.264,-58.39
2.5394,42,9,-16,18.358,-60.64
2.5394,43,13,-18,22.204,-54.16
2.5394,44,17,-22,27.803,-52.31
2.5394,45,20,-23,30.48,-48.99
2.5394,46,23,-23,32.527,-45.0
2.5394,47,25,-22,33.302,-41.35
2.5394,48,27,-20,33.601,-36.53
2.5394,49,27,-17,31.906,-32.2
2.5394,50,26,-15,30.017,-29.98
2.5394,51,24,-15,28.302,-32.01
2.5394,52,19,-13,23.022,-34.38
2.5394,53,14,-13,19.105,-42.88
2.5394,54,9,-14,16.643,-57.26
2.5394,55,4,-18,18.439,-77.47
2.5394,56,1,-20,20.025,-87.14
2.5394,57,-2,-24,24.083,-94.76
2.5394,58,-4,-27,27.295,-98.43
2.5394,59,-4,-30,30.265,-97.59
2.5394,60,-4,-34,34.234,-96.71
2.5394,61,-1,-36,36.014,-91.59
2.5394,62,1,-34,34.015,-88.32
2.5873,0,0,10,10.0,90.0
2.5873,1,0,-18,18.0,-90.0
2.5873,2,21,-15,25.807,-35.54
2.5873,3,18,-11,21.095,-31.43
2.5873,4,14,-7,15.652,-26.57
2.5873,5,9,-9,12.728,-45.0
2.5873,6,4,-10,10.77,-68.2
2.5873,7,0,-10,10.0,-90.0
2.5873,8,-4,-12,12.649,-108.43
2.5873,9,-8,-17,18.788,-115.2
2.5873,10,-9,-19,21.024,-115.35
2.5873,11,-8,-25,26.249,-107.74
2.5873,12,-10,-25,26.926,-111.8
2.5873,13,-4,-26,26.306,-98.75
2.5873,14,-4,-27,27.295,-98.43
2.5873,15,-2,-25,25.08,-94.57
2.5873,16,0,-25,25.0,-90.0
2.5873,17,0,-21,21.0,-90.0
2.5873,18,-3,-17,17.263,-100.01
2.5873,19,-2,-14,14.142,-98.13
2.5873,20,-5,-11,12.083,-114.44
2.5873,21,-7,-11,13.038,-122.47
2.5873,22,-12,-10,15.62,-140.19
2.5873,23,-16,-9,18.358,-150.64
2.5873,24,-20,-10,22.361,-153.43
2.5873,25,-22,-9,23.77,-157.75
2.5873,26,-25,0,25.0,180.0
2.5873,27,0,0,0.0,0.0
2.5873,28,0,0,0.0,0.0
2.5873,29,0,0,0.0,0.0
2.5873,30,0,0,0.0,0.0
2.5873,31,0,0,0.0,0.0
2.5873,32,0,0,0.0,0.0
2.5873,33,0,0,0.0,0.0
2.5873,34,0,0,0.0,0.0
2.5873,35,0,0,0.0,0.0
2.5873,36,0,0,0.0,0.0
2.5873,37,0,10,10.0,90.0
2.5873,38,3,5,5.831,59.04
2.5873,39,4,2,4.472,26.57
2.5873,40,6,-3,6.708,-26.57
2.5873,41,9,-5,10.296,-29.05
2.5873,42,14,-7,15.652,-26.57
2.5873,43,17,-9,19.235,-27.9
2.5873,44,24,-10,26.0,-22.62
2.5873,45,26,-8,27.203,-17.1
2.5873,46,31,-7,31.78,-12.72
2.5873,47,33,-7,33.734,-11.98
2.5873,48,33,-4,33.242,-6.91
2.5873,49,33,-3,33.136,-5.19
2.5873,50,32,-3,32.14,-5.36
2.5873,51,27,-3,27.166,-6.34
2.5873,52,23,-5,23.537,-12.26
2.5873,53,19,-7,20.248,-20.22
2.5873,54,14,-10,17.205,-35.54
2.5873,55,11,-15,18.601,-53.75
2.5873,56,10,-19,21.471,-62.24
2.5873,57,7,-24,25.0,-73.74
2.5873,58,7,-26,26.926,-74.93
2.5873,59,10,-30,31.623,-71.57
2.5873,60,11,-30,31.953,-69.86
2.5873,61,16,-29,33.121,-61.11
2.5873,62,18,-29,34.132,-58.17
2.6105,0,-47,31,56.303,146.59
2.6105,1,0,9,9.0,90.0
2.6105,2,-27,7,27.893,165.47
2.6105,3,-22,5,22.561,167.2
2.6105,4,-16,5,16.763,162.65
2.6105,5,-11,6,12.53,151.39
2.6105,6,-6,10,11.662,120.96
2.6105,7,-2,13,13.153,98.75
2.6105,8,1,17,17.029,86.63
2.6105,9,2,21,21.095,84.56
2.6105,10,1,24,24.021,87.61
2.6105,11,-1,26,26.019,92.2
2.6105,12,-3,26,26.173,96.58
2.6105,13,-6,25,25.71,103.5
2.6105,14,-8,25,26.249,107.74
2.6105,15,-9,24,25.632,110.56
2.6105,16,-11,21,23.707,117.65
2.6105,17,-10,19,21.471,117.76
2.6105,18,-9,16,18.358,119.36
2.6105,19,-7,16,17.464,113.63
2.6105,20,-4,15,15.524,104.93
2.6105,21,-1,17,17.029,93.37
2.6105,22,3,16,16.279,79.38
2.6105,23,7,20,21.19,70.71
2.6105,24,9,20,21.932,65.77
2.6105,25,11,24,26.401,65.38
2.6105,26,13,0,13.0,0.0
2.6105,27,0,0,0.0,0.0
2.6105,28,0,0,0.0,0.0
2.6105,29,0,0,0.0,0.0
2.6105,30,0,0,0.0,0.0
2.6105,31,0,0,0.0,0.0
2.6105,32,0,0,0.0,0.0
2.6105,33,0,0,0.0,0.0
2.6105,34,0,0,0.0,0.0
2.6105,35,0,0,0.0,0.0
2.6105,36,0,0,0.0,0.0
2.6105,37,0,-13,13.0,-90.0
2.6105,38,-1,-8,8.062,-97.13
2.6105,39,-4,-5,6.403,-128.66
2.6105,40,-8,-2,8.246,-165.96
2.6105,41,-12,0,12.0,180.0
2.6105,42,-16,2,16.125,172.87
2.6105,43,-23,1,23.022,177.51
2.6105,44,-27,0,27.0,180.0
2.6105,45,-32,0,32.0,180.0
2.6105,46,-35,-3,35.128,-175.1
2.6105,47,-38,-5,38.328,-172.5
2.6105,48,-38,-5,38.328,-172.5
2.6105,49,-38,-6,38.471,-171.03
2.6105,50,-36,-7,36.674,-169.0
2.6105,51,-32,-7,32.757,-167.66
2.6105,52,-29,-3,29.155,-174.09
2.6105,53,-23,0,23.0,180.0
2.6105,54,-21,4,21.378,169.22
2.6105,55,-17,9,19.235,152.1
2.6105,56,-17,14,22.023,140.53
2.6105,57,-17,18,24.759,133.36
2.6105,58,-18,20,26.907,131.99
2.6105,59,-19,21,28.32,132.14
2.6105,60,-22,23,31.828,133.73
2.6105,61,-27,21,34.205,142.13
2.6105,62,-30,19,35.511,147.65
2.6961,0,112,15,113.0,7.63
2.6961,1,0,-6,6.0,-90.0
2.6961,2,23,-5,23.537,-12.26
2.6961,3,18,-4,18.439,-12.53
2.6961,4,12,-6,13.416,-26.57
2.6961,5,10,-6,11.662,-30.96
2.6961,6,4,-8,8.944,-63.43
2.6961,7,2,-12,12.166,-80.54
2.6961,8,1,-17,17.029,-86.63
2.6961,9,-1,-20,20.025,-92.86
2.6961,10,1,-20,20.025,-87.14
2.6961,11,1,-23,23.022,-87.51
2.6961,12,4,-24,24.331,-80.54
2.6961,13,6,-24,24.739,-75.96
2.6961,14,9,-21,22.847,-66.8
2.6961,15,11,-22,24.597,-63.43
2.6961,16,11,-19,21.954,-59.93
2.6961,17,10,-16,18.868,-57.99
2.6961,18,9,-16,18.358,-60.64
2.6961,19,7,-14,15.652,-63.43
2.6961,20,4,-14,14.56,-74.05
2.6961,21,0,-14,14.0,-90.0
2.6961,22,-3,-16,16.279,-100.62
2.6961,23,-4,-19,19.416,-101.89
2.6961,24,-6,-21,21.84,-105.95
2.6961,25,-8,-22,23.409,-109.98
2.6961,26,-9,0,9.0,180.0
2.6961,27,0,0,0.0,0.0
2.6961,28,0,0,0.0,0.0
2.6961,29,0,0,0.0,0.0
2.6961,30,0,0,0.0,0.0
2.6961,31,0,0,0.0,0.0
2.6961,32,0,0,0.0,0.0
2.6961,33,0,0,0.0,0.0
2.6961,34,0,0,0.0,0.0
2.6961,35,0,0,0.0,0.0
2.6961,36,0,0,0.0,0.0
2.6961,37,0,9,9.0,90.0
2.6961,38,-2,7,7.28,105.95
2.6961,39,2,4,4.472,63.43
2.6961,40,4,2,4.472,26.57
2.6961,41,8,1,8.062,7.13
2.6961,42,14,0,14.0,0.0
2.6961,43,19,1,19.026,3.01
2.6961,44,23,2,23.087,4.97
2.6961,45,28,4,28.284,8.13
2.6961,46,30,6,30.594,11.31
2.6961,47,33,7,33.734,11.98
2.6961,48,32,8,32.985,14.04
2.6961,49,31,10,32.573,17.88
2.6961,50,30,9,31.321,16.7
2.6961,51,27,8,28.16,16.5
2.6961,52,22,4,22.361,10.3
2.6961,53,19,1,19.026,3.01
2.6961,54,15,-3,15.297,-11.31
2.6961,55,14,-7,15.652,-26.57
2.6961,56,14,-11,17.804,-38.16
2.6961,57,16,-14,21.26,-41.19
2.6961,58,18,-15,23.431,-39.81
2.6961,59,20,-18,26.907,-41.99
2.6961,60,22,-19,29.069,-40.82
2.6961,61,25,-16,29.682,-32.62
2.6961,62,25,-14,28.653,-29.25
2.7193,0,0,13,13.0,90.0
2.7193,1,0,7,7.0,90.0
2.7193,2,-24,6,24.739,165.96
2.7193,3,-19,2,19.105,173.99
2.7193,4,-15,4,15.524,165.07
2.7193,5,-10,6,11.662,149.04
2.7193,6,-6,8,10.0,126.87
2.7193,7,-2,11,11.18,100.3
2.7193,8,-1,15,15.033,93.81
2.7193,9,1,19,19.026,86.99
2.7193,10,-3,21,21.213,98.13
2.7193,11,-3,23,23.195,97.43
2.7193,12,-6,22,22.804,105.26
2.7193,13,-10,23,25.08,113.5
2.7193,14,-12,21,24.187,119.74
2.7193,15,-13,20,23.854,123.02
2.7193,16,-14,18,22.804,127.87
2.7193,17,-12,17,20.809,125.22
2.7193,18,-11,15,18.601,126.25
2.7193,19,-8,14,16.125,119.74
2.7193,20,-5,14,14.866,109.65
2.7193,21,-2,16,16.125,97.13
2.7193,22,1,17,17.029,86.63
2.7193,23,3,19,19.235,81.03
2.7193,24,5,21,21.587,76.61
2.7193,25,5,23,23.537,77.74
2.7193,26,6,0,6.0,0.0
2.7193,27,0,0,0.0,0.0
2.7193,28,0,0,0.0,0.0
2.7193,29,0,0,0.0,0.0
2.7193,30,0,0,0.0,0.0
2.7193,31,0,0,0.0,0.0
2.7193,32,0,0,0.0,0.0
2.7193,33,0,0,0.0,0.0
2.7193,34,0,0,0.0,0.0
2.7193,35,0,0,0.0,0.0
2.7193,36,0,0,0.0,0.0
2.7193,37,0,-12,12.0,-90.0
2.7193,38,-1,-9,9.055,-96.34
2.7193,39,-3,-5,5.831,-120.96
2.7193,40,-7,-3,7.616,-156.8
2.7193,41,-11,-2,11.18,-169.7
2.7193,42,-16,-1,16.031,-176.42
2.7193,43,-21,0,21.0,180.0
2.7193,44,-25,-1,25.02,-177.71
2.7193,45,-29,-3,29.155,-174.09
2.7193,46,-32,-6,32.558,-169.38
2.7193,47,-34,-8,34.928,-166.76
2.7193,48,-34,-9,35.171,-165.17
2.7193,49,-33,-10,34.482,-163.14
2.7193,50,-32,-9,33.242,-164.29
2.7193,51,-30,-7,30.806,-166.87
2.7193,52,-26,-4,26.306,-171.25
2.7193,53,-21,-2,21.095,-174.56
2.7193,54,-19,4,19.416,168.11
2.7193,55,-17,7,18.385,157.62
2.7193,56,-17,11,20.248,147.09
2.7193,57,-16,17,23.345,133.26
2.7193,58,-18,18,25.456,135.0
2.7193,59,-20,18,26.907,138.01
2.7193,60,-22,17,27.803,142.31
2.7193,61,-26,18,31.623,145.3
2.7193,62,-28,15,31.765,151.82
2.7622,0,32,6,32.558,10.62
2.7622,1,0,19,19.0,90.0
2.7622,2,16,18,24.083,48.37
2.7622,3,12,14,18.439,49.4
2.7622,4,11,7,13.038,32.47
2.7622,5,9,2,9.22,12.53
2.7622,6,7,-1,7.071,-8.13
2.7622,7,9,-6,10.817,-33.69
2.7622,8,13,-6,14.318,-24.78
2.7622,9,15,-9,17.493,-30.96
2.7622,10,19,-7,20.248,-20.22
2.7622,11,21,-5,21.587,-13.39
2.7622,12,25,-5,25.495,-11.31
2.7622,13,28,-1,28.018,-2.05
2.7622,14,28,0,28.0,0.0
2.7622,15,26,0,26.0,0.0
2.7622,16,26,2,26.077,4.4
2.7622,17,23,1,23.022,2.49
2.7622,18,19,-1,19.026,-3.01
2.7622,19,17,-4,17.464,-13.24
2.7622,20,16,-6,17.088,-20.56
2.7622,21,15,-9,17.493,-30.96
2.7622,22,13,-14,19.105,-47.12
2.7622,23,13,-17,21.401,-52.59
2.7622,24,15,-19,24.207,-51.71
2.7622,25,15,-23,27.459,-56.89
2.7622,26,16,0,16.0,0.0
2.7622,27,0,0,0.0,0.0
2.7622,28,0,0,0.0,0.0
2.7622,29,0,0,0.0,0.0
2.7622,30,0,0,0.0,0.0
2.7622,31,0,0,0.0,0.0
2.7622,32,0,0,0.0,0.0
2.7622,33,0,0,0.0,0.0
2.7622,34,0,0,0.0,0.0
2.7622,35,0,0,0.0,0.0
2.7622,36,0,0,0.0,0.0
2.7622,37,0,1,1.0,90.0
2.7622,38,-12,4,12.649,161.57
2.7622,39,-8,7,10.63,138.81
2.7622,40,-5,11,12.083,114.44
2.7622,41,-1,15,15.033,93.81
2.7622,42,2,20,20.1,84.29
2.7622,43,3,25,25.179,83.16
2.7622,44,5,31,31.401,80.84
2.7622,45,5,34,34.366,81.63
2.7622,46,4,37,37.216,83.83
2.7622,47,2,37,37.054,86.91
2.7622,48,1,38,38.013,88.49
2.7622,49,-1,35,35.014,91.64
2.7622,50,-2,32,32.062,93.58
2.7622,51,-2,28,28.071,94.09
2.7622,52,-2,22,22.091,95.19
2.7622,53,1,18,18.028,86.82
2.7622,54,4,15,15.524,75.07
2.7622,55,7,13,14.765,61.7
2.7622,56,11,11,15.556,45.0
2.7622,57,17,12,20.809,35.22
2.7622,58,21,14,25.239,33.69
2.7622,59,26,17,31.064,33.18
2.7622,60,29,20,35.228,34.59
2.7622,61,28,22,35.609,38.16
2.7622,62,28,24,36.878,40.6
2.7776,0,-96,6,96.187,176.42
2.7776,1,0,-25,25.0,-90.0
2.7776,2,18,-19,26.173,-46.55
2.7776,3,17,-15,22.672,-41.42
2.7776,4,10,-12,15.62,-50.19
2.7776,5,9,-11,14.213,-50.71
2.7776,6,4,-11,11.705,-70.02
2.7776,7,0,-12,12.0,-90.0
2.7776,8,-5,-11,12.083,-114.44
2.7776,9,-9,-16,18.358,-119.36
2.7776,10,-12,-20,23.324,-120.96
2.7776,11,-11,-23,25.495,-115.56
2.7776,12,-13,-25,28.178,-117.47
2.7776,13,-12,-27,29.547,-113.96
2.7776,14,-10,-27,28.792,-110.32
2.7776,15,-9,-28,29.411,-107.82
2.7776,16,-8,-26,27.203,-107.1
2.7776,17,-6,-23,23.77,-104.62
2.7776,18,-7,-20,21.19,-109.29
2.7776,19,-7,-15,16.553,-115.02
2.7776,20,-7,-13,14.765,-118.3
2.7776,21,-9,-10,13.454,-131.99
2.7776,22,-12,-8,14.422,-146.31
2.7776,23,-16,-5,16.763,-162.65
2.7776,24,-17,-5,17.72,-163.61
2.7776,25,-21,-3,21.213,-171.87
2.7776,26,-24,0,24.0,180.0
2.7776,27,0,0,0.0,0.0
2.7776,28,0,0,0.0,0.0
2.7776,29,0,0,0.0,0.0
2.7776,30,0,0,0.0,0.0
2.7776,31,0,0,0.0,0.0
2.7776,32,0,0,0.0,0.0
2.7776,33,0,0,0.0,0.0
2.7776,34,0,0,0.0,0.0
2.7776,35,0,0,0.0,0.0
2.7776,36,0,0,0.0,0.0
2.7776,37,0,11,11.0,90.0
2.7776,38,-4,8,8.944,116.57
2.7776,39,-1,4,4.123,104.04
2.7776,40,3,2,3.606,33.69
2.7776,41,8,0,8.0,0.0
2.7776,42,14,0,14.0,0.0
2.7776,43,18,-1,18.028,-3.18
2.7776,44,23,0,23.0,0.0
2.7776,45,29,2,29.069,3.95
2.7776,46,30,4,30.265,7.59
2.7776,47,35,6,35.511,9.73
2.7776,48,34,7,34.713,11.63
2.7776,49,34,9,35.171,14.83
2.7776,50,32,8,32.985,14.04
2.7776,51,28,6,28.636,12.09
2.7776,52,22,4,22.361,10.3
2.7776,53,17,0,17.0,0.0
2.7776,54,12,-4,12.649,-18.43
2.7776,55,9,-10,13.454,-48.01
2.7776,56,7,-16,17.464,-66.37
2.7776,57,5,-20,20.616,-75.96
2.7776,58,3,-26,26.173,-83.42
2.7776,59,5,-30,30.414,-80.54
2.7776,60,10,-33,34.482,-73.14
2.7776,61,12,-34,36.056,-70.56
2.7776,62,15,-35,38.079,-66.8
2.8511,0,-16,15,21.932,136.85
2.8511,1,0,-1,1.0,-90.0
2.8511,2,-32,0,32.0,180.0
2.8511,3,-26,-4,26.306,-171.25
2.8511,4,-21,1,21.024,177.27
2.8511,5,-16,4,16.492,165.96
2.8511,6,-10,9,13.454,138.01
2.8511,7,-7,12,13.892,120.26
2.8511,8,-5,14,14.866,109.65
2.8511,9,-5,19,19.647,104.74
2.8511,10,-7,21,22.136,108.43
2.8511,11,-7,22,23.087,107.65
2.8511,12,-11,23,25.495,115.56
2.8511,13,-14,24,27.785,120.26
2.8511,14,-17,21,27.019,128.99
2.8511,15,-18,19,26.173,133.45
2.8511,16,-19,16,24.839,139.9
2.8511,17,-18,15,23.431,140.19
2.8511,18,-16,11,19.416,145.49
2.8511,19,-11,11,15.556,135.0
2.8511,20,-8,13,15.264,121.61
2.8511,21,-4,12,12.649,108.43
2.8511,22,1,14,14.036,85.91
2.8511,23,5,17,17.72,73.61
2.8511,24,9,18,20.125,63.43
2.8511,25,12,20,23.324,59.04
2.8511,26,17,0,17.0,0.0
2.8511,27,0,0,0.0,0.0
2.8511,28,0,0,0.0,0.0
2.8511,29,0,0,0.0,0.0
2.8511,30,0,0,0.0,0.0
2.8511,31,0,0,0.0,0.0
2.8511,32,0,0,0.0,0.0
2.8511,33,0,0,0.0,0.0
2.8511,34,0,0,0.0,0.0
2.8511,35,0,0,0.0,0.0
2.8511,36,0,0,0.0,0.0
2.8511,37,0,-7,7.0,-90.0
2.8511,38,11,-6,12.53,-28.61
2.8511,39,5,-7,8.602,-54.46
2.8511,40,0,-9,9.0,-90.0
2.8511,41,-6,-11,12.53,-118.61
2.8511,42,-11,-14,17.804,-128.16
2.8511,43,-16,-17,23.345,-133.26
2.8511,44,-20,-22,29.732,-132.27
2.8511,45,-23,-25,33.971,-132.61
2.8511,46,-24,-28,36.878,-130.6
2.8511,47,-24,-28,36.878,-130.6
2.8511,48,-24,-28,36.878,-130.6
2.8511,49,-22,-28,35.609,-128.16
2.8511,50,-19,-25,31.401,-127.23
2.8511,51,-17,-20,26.249,-130.36
2.8511,52,-14,-14,19.799,-135.0
2.8511,53,-13,-7,14.765,-151.7
2.8511,54,-13,-1,13.038,-175.6
2.8511,55,-14,4,14.56,164.05
2.8511,56,-17,9,19.235,152.1
2.8511,57,-21,11,23.707,152.35
2.8511,58,-25,14,28.653,150.75
2.8511,59,-32,13,34.54,157.89
2.8511,60,-34,11,35.735,162.07
2.8511,61,-39,7,39.623,169.82
2.8511,62,-40,7,40.608,170.07
2.9036,0,-48,8,48.662,170.54
2.9036,1,0,26,26.0,90.0
2.9036,2,-11,21,23.707,117.65
2.9036,3,-9,16,18.358,119.36
2.9036,4,-7,15,16.553,115.02
2.9036,5,-3,13,13.342,102.99
2.9036,6,1,12,12.042,85.24
2.9036,7,6,9,10.817,56.31
2.9036,8,8,10,12.806,51.34
2.9036,9,12,11,16.279,42.51
2.9036,10,13,12,17.692,42.71
2.9036,11,16,20,25.612,51.34
2.9036,12,15,19,24.207,51.71
2.9036,13,13,20,23.854,56.98
2.9036,14,12,22,25.06,61.39
2.9036,15,11,20,22.825,61.19
2.9036,16,9,20,21.932,65.77
2.9036,17,7,17,18.385,67.62
2.9036,18,7,15,16.553,64.98
2.9036,19,8,11,13.601,53.97
2.9036,20,7,6,9.22,40.6
2.9036,21,9,4,9.849,23.96
2.9036,22,10,1,10.05,5.71
2.9036,23,15,1,15.033,3.81
2.9036,24,17,-4,17.464,-13.24
2.9036,25,20,-3,20.224,-8.53
2.9036,26,24,0,24.0,0.0
2.9036,27,0,0,0.0,0.0
2.9036,28,0,0,0.0,0.0
2.9036,29,0,0,0.0,0.0
2.9036,30,0,0,0.0,0.0
2.9036,31,0,0,0.0,0.0
2.9036,32,0,0,0.0,0.0
2.9036,33,0,0,0.0,0.0
2.9036,34,0,0,0.0,0.0
2.9036,35,0,0,0.0,0.0
2.9036,36,0,0,0.0,0.0
2.9036,37,0,-11,11.0,-90.0
2.9036,38,-5,-6,7.81,-129.81
2.9036,39,-6,-2,6.325,-161.57
2.9036,40,-7,2,7.28,164.05
2.9036,41,-9,6,10.817,146.31
2.9036,42,-12,10,15.62,140.19
2.9036,43,-15,13,19.849,139.09
2.9036,44,-20,14,24.413,145.01
2.9036,45,-24,15,28.302,147.99
2.9036,46,-27,15,30.887,150.95
2.9036,47,-30,14,33.106,154.98
2.9036,48,-30,13,32.696,156.57
2.9036,49,-29,10,30.676,160.97
2.9036,50,-28,10,29.732,160.35
2.9036,51,-25,8,26.249,162.26
2.9036,52,-21,8,22.472,159.15
2.9036,53,-15,10,18.028,146.31
2.9036,54,-10,13,16.401,127.57
2.9036,55,-6,15,16.155,111.8
2.9036,56,-1,19,19.026,93.01
2.9036,57,2,27,27.074,85.76
2.9036,58,3,31,31.145,84.47
2.9036,59,1,32,32.016,88.21
2.9036,60,3,36,36.125,85.24
2.9036,61,-3,38,38.118,94.51
2.9036,62,-5,38,38.328,97.5
2.9259,0,-48,7,48.508,171.7
2.9259,1,0,-22,22.0,-90.0
2.9259,2,-24,-17,29.411,-144.69
2.9259,3,-19,-14,23.601,-143.62
2.9259,4,-15,-8,17.0,-151.93
2.9259,5,-14,-3,14.318,-167.91
2.9259,6,-12,-1,12.042,-175.24
2.9259,7,-12,6,13.416,153.43
2.9259,8,-12,10,15.62,140.19
2.9259,9,-15,14,20.518,136.97
2.9259,10,-18,10,20.591,150.95
2.9259,11,-21,9,22.847,156.8
2.9259,12,-23,7,24.042,163.07
2.9259,13,-26,7,26.926,164.93
2.9259,14,-29,6,29.614,168.31
2.9259,15,-28,5,28.443,169.88
2.9259,16,-28,0,28.0,180.0
2.9259,17,-23,3,23.195,172.57
2.9259,18,-22,2,22.091,174.81
2.9259,19,-18,5,18.682,164.48
2.9259,20,-13,6,14.318,155.22
2.9259,21,-10,8,12.806,141.34
2.9259,22,-6,15,16.155,111.8
2.9259,23,-5,20,20.616,104.04
2.9259,24,-4,23,23.345,99.87
2.9259,25,-4,26,26.306,98.75
2.9259,26,0,0,0.0,0.0
2.9259,27,0,0,0.0,0.0
2.9259,28,0,0,0.0,0.0
2.9259,29,0,0,0.0,0.0
2.9259,30,0,0,0.0,0.0
2.9259,31,0,0,0.0,0.0
2.9259,32,0,0,0.0,0.0
2.9259,33,0,0,0.0,0.0
2.9259,34,0,0,0.0,0.0
2.9259,35,0,0,0.0,0.0
2.9259,36,0,0,0.0,0.0
2.9259,37,0,4,4.0,90.0
2.9259,38,10,1,10.05,5.71
2.9259,39,9,-5,10.296,-29.05
2.9259,40,4,-11,11.705,-70.02
2.9259,41,1,-16,16.031,-86.42
2.9259,42,0,-21,21.0,-90.0
2.9259,43,-2,-27,27.074,-94.24
2.9259,44,-1,-32,32.016,-91.79
2.9259,45,0,-34,34.0,-90.0
2.9259,46,1,-37,37.014,-88.45
2.9259,47,3,-37,37.121,-85.36
2.9259,48,3,-34,34.132,-84.96
2.9259,49,6,-34,34.525,-79.99
2.9259,50,6,-28,28.636,-77.91
2.9259,51,6,-23,23.77,-75.38
2.9259,52,2,-17,17.117,-83.29
2.9259,53,0,-14,14.0,-90.0
2.9259,54,-4,-11,11.705,-109.98
2.9259,55,-11,-9,14.213,-140.71
2.9259,56,-17,-7,18.385,-157.62
2.9259,57,-22,-7,23.087,-162.35
2.9259,58,-27,-11,29.155,-157.83
2.9259,59,-32,-16,35.777,-153.43
2.9259,60,-35,-19,39.825,-151.5
2.9259,61,-36,-22,42.19,-148.57
2.9259,62,-37,-24,44.102,-147.03
2.97,0,-63,16,65.0,165.75
2.97,1,0,-17,17.0,-90.0
2.97,2,-28,-15,31.765,-151.82
2.97,3,-24,-8,25.298,-161.57
2.97,4,-18,-3,18.248,-170.54
2.97,5,-16,-3,16.279,-169.38
2.97,6,-8,6,10.0,143.13
2.97,7,-11,8,13.601,143.97
2.97,8,-8,13,15.264,121.61
2.97,9,-11,16,19.416,124.51
2.97,10,-13,18,22.204,125.84
2.97,11,-17,12,20.809,144.78
2.97,12,-21,17,27.019,141.01
2.97,13,-21,13,24.698,148.24
2.97,14,-22,14,26.077,147.53
2.97,15,-24,12,26.833,153.43
2.97,16,-24,7,25.0,163.74
2.97,17,-25,8,26.249,162.26
2.97,18,-19,7,20.248,159.78
2.97,19,-15,10,18.028,146.31
2.97,20,-10,11,14.866,132.27
2.97,21,-7,12,13.892,120.26
2.97,22,-3,14,14.318,102.09
2.97,23,1,18,18.028,86.82
2.97,24,4,21,21.378,79.22
2.97,25,5,24,24.515,78.23
2.97,26,8,0,8.0,0.0
2.97,27,0,0,0.0,0.0
2.97,28,0,0,0.0,0.0
2.97,29,0,0,0.0,0.0
2.97,30,0,0,0.0,0.0
2.97,31,0,0,0.0,0.0
2.97,32,0,0,0.0,0.0
2.97,33,0,0,0.0,0.0
2.97,34,0,0,0.0,0.0
2.97,35,0,0,0.0,0.0
2.97,36,0,0,0.0,0.0
2.97,37,0,1,1.0,90.0
2.97,38,11,-1,11.045,-5.19
2.97,39,7,-5,8.602,-35.54
2.97,40,4,-9,9.849,-66.04
2.97,41,0,-15,15.0,-90.0
2.97,42,-1,-21,21.024,-92.73
2.97,43,-5,-25,25.495,-101.31
2.97,44,-7,-30,30.806,-103.13
2.97,45,-6,-34,34.525,-100.01
2.97,46,-6,-36,36.497,-99.46
2.97,47,-2,-36,36.056,-93.18
2.97,48,-3,-35,35.128,-94.9
2.97,49,-1,-34,34.015,-91.68
2.97,50,0,-30,30.0,-90.0
2.97,51,1,-23,23.022,-87.51
2.97,52,-1,-19,19.026,-93.01
2.97,53,-4,-14,14.56,-105.95
2.97,54,-7,-8,10.63,-131.19
2.97,55,-12,-5,13.0,-157.38
2.97,56,-17,-1,17.029,-176.63
2.97,57,-22,-3,22.204,-172.23
2.97,58,-29,-4,29.275,-172.15
2.97,59,-33,-5,33.377,-171.38
2.97,60,-37,-9,38.079,-166.33
2.97,61,-40,-12,41.761,-163.3
2.97,62,-41,-14,43.324,-161.15
3.0083,0,32,6,32.558,10.62
3.0083,1,0,-13,13.0,-90.0
3.0083,2,-25,-11,27.313,-156.25
3.0083,3,-20,-9,21.932,-155.77
3.0083,4,-16,-4,16.492,-165.96
3.0083,5,-13,1,13.038,175.6
3.0083,6,-9,6,10.817,146.31
3.0083,7,-8,10,12.806,128.66
3.0083,8,-9,12,15.0,126.87
3.0083,9,-11,16,19.416,124.51
3.0083,10,-11,18,21.095,121.43
3.0083,11,-14,18,22.804,127.87
3.0083,12,-18,17,24.759,136.64
3.0083,13,-21,14,25.239,146.31
3.0083,14,-22,15,26.627,145.71
3.0083,15,-24,12,26.833,153.43
3.0083,16,-23,10,25.08,156.5
3.0083,17,-20,9,21.932,155.77
3.0083,18,-18,8,19.698,156.04
3.0083,19,-14,8,16.125,150.26
3.0083,20,-12,8,14.422,146.31
3.0083,21,-7,9,11.402,127.87
3.0083,22,-3,13,13.342,102.99
3.0083,23,0,15,15.0,90.0
3.0083,24,3,18,18.248,80.54
3.0083,25,6,21,21.84,74.05
3.0083,26,6,0,6.0,0.0
3.0083,27,0,0,0.0,0.0
3.0083,28,0,0,0.0,0.0
3.0083,29,0,0,0.0,0.0
3.0083,30,0,0,0.0,0.0
3.0083,31,0,0,0.0,0.0
3.0083,32,0,0,0.0,0.0
3.0083,33,0,0,0.0,0.0
3.0083,34,0,0,0.0,0.0
3.0083,35,0,0,0.0,0.0
3.0083,36,0,0,0.0,0.0
3.0083,37,0,2,2.0,90.0
3.0083,38,10,-2,10.198,-11.31
3.0083,39,6,-5,7.81,-39.81
3.0083,40,2,-9,9.22,-77.47
3.0083,41,0,-15,15.0,-90.0
3.0083,42,-2,-19,19.105,-96.01
3.0083,43,-4,-25,25.318,-99.09
3.0083,44,-5,-28,28.443,-100.12
3.0083,45,-4,-32,32.249,-97.13
3.0083,46,-4,-34,34.234,-96.71
3.0083,47,-2,-35,35.057,-93.27
3.0083,48,-3,-35,35.128,-94.9
3.0083,49,-1,-32,32.016,-91.79
3.0083,50,0,-28,28.0,-90.0
3.0083,51,1,-23,23.022,-87.51
3.0083,52,-1,-16,16.031,-93.58
3.0083,53,-3,-12,12.369,-104.04
3.0083,54,-5,-9,10.296,-119.05
3.0083,55,-10,-5,11.18,-153.43
3.0083,56,-15,-4,15.524,-165.07
3.0083,57,-19,-3,19.235,-171.03
3.0083,58,-25,-4,25.318,-170.91
3.0083,59,-29,-5,29.428,-170.22
3.0083,60,-34,-8,34.928,-166.76
3.0083,61,-36,-9,37.108,-165.96
3.0083,62,-36,-13,38.275,-160.14
3.0312,0,32,7,32.757,12.34
3.0312,1,0,-30,30.0,-90.0
3.0312,2,9,-26,27.514,-70.91
3.0312,3,8,-18,19.698,-66.04
3.0312,4,3,-13,13.342,-77.01
3.0312,5,0,-9,9.0,-90.0
3.0312,6,-5,-10,11.18,-116.57
3.0312,7,-10,-6,11.662,-149.04
3.0312,8,-15,-8,17.0,-151.93
3.0312,9,-19,-7,20.248,-159.78
3.0312,10,-22,-13,25.554,-149.42
3.0312,11,-24,-15,28.302,-147.99
3.0312,12,-25,-18,30.806,-144.25
3.0312,13,-26,-20,32.802,-142.43
3.0312,14,-24,-21,31.89,-138.81
3.0312,15,-22,-21,30.414,-136.33
3.0312,16,-20,-20,28.284,-135.0
3.0312,17,-17,-17,24.042,-135.0
3.0312,18,-14,-13,19.105,-137.12
3.0312,19,-14,-10,17.205,-144.46
3.0312,20,-12,-4,12.649,-161.57
3.0312,21,-12,-1,12.042,-175.24
3.0312,22,-13,4,13.601,162.9
3.0312,23,-16,7,17.464,156.37
3.0312,24,-17,12,20.809,144.78
3.0312,25,-19,15,24.207,141.71
3.0312,26,-23,0,23.0,180.0
3.0312,27,0,0,0.0,0.0
3.0312,28,0,0,0.0,0.0
3.0312,29,0,0,0.0,0.0
3.0312,30,0,0,0.0,0.0
3.0312,31,0,0,0.0,0.0
3.0312,32,0,0,0.0,0.0
3.0312,33,0,0,0.0,0.0
3.0312,34,0,0,0.0,0.0
3.0312,35,0,0,0.0,0.0
3.0312,36,0,0,0.0,0.0
3.0312,37,0,10,10.0,90.0
3.0312,38,-1,6,6.083,99.46
3.0312,39,1,3,3.162,71.57
3.0312,40,6,-1,6.083,-9.46
3.0312,41,10,-4,10.77,-21.8
3.0312,42,13,-8,15.264,-31.61
3.0312,43,20,-8,21.541,-21.8
3.0312,44,26,-9,27.514,-19.09
3.0312,45,29,-9,30.364,-17.24
3.0312,46,34,-9,35.171,-14.83
3.0312,47,37,-7,37.656,-10.71
3.0312,48,37,-6,37.483,-9.21
3.0312,49,36,-5,36.346,-7.91
3.0312,50,34,-4,34.234,-6.71
3.0312,51,30,-4,30.265,-7.59
3.0312,52,24,-6,24.739,-14.04
3.0312,53,17,-9,19.235,-27.9
3.0312,54,11,-13,17.029,-49.76
3.0312,55,7,-17,18.385,-67.62
3.0312,56,4,-23,23.345,-80.13
3.0312,57,-2,-30,30.067,-93.81
3.0312,58,-3,-31,31.145,-95.53
3.0312,59,-3,-36,36.125,-94.76
3.0312,60,-3,-44,44.102,-93.9
3.0312,61,1,-43,43.012,-88.67
3.0312,62,0,-42,42.0,-90.0
3.0757,0,-16,8,17.889,153.43
3.0757,1,0,12,12.0,90.0
3.0757,2,25,9,26.571,19.8
3.0757,3,22,6,22.804,15.26
3.0757,4,16,2,16.125,7.13
3.0757,5,12,-2,12.166,-9.46
3.0757,6,10,-5,11.18,-26.57
3.0757,7,8,-11,13.601,-53.97
3.0757,8,7,-14,15.652,-63.43
3.0757,9,8,-16,17.889,-63.43
3.0757,10,12,-18,21.633,-56.31
3.0757,11,15,-20,25.0,-53.13
3.0757,12,16,-19,24.839,-49.9
3.0757,13,19,-15,24.207,-38.29
3.0757,14,21,-15,25.807,-35.54
3.0757,15,23,-12,25.942,-27.55
3.0757,16,21,-10,23.259,-25.46
3.0757,17,22,-8,23.409,-19.98
3.0757,18,18,-8,19.698,-23.96
3.0757,19,13,-7,14.765,-28.3
3.0757,20,10,-9,13.454,-41.99
3.0757,21,5,-11,12.083,-65.56
3.0757,22,2,-15,15.133,-82.41
3.0757,23,-3,-15,15.297,-101.31
3.0757,24,-5,-19,19.647,-104.74
3.0757,25,-6,-21,21.84,-105.95
3.0757,26,-8,0,8.0,180.0
3.0757,27,0,0,0.0,0.0
3.0757,28,0,0,0.0,0.0
3.0757,29,0,0,0.0,0.0
3.0757,30,0,0,0.0,0.0
3.0757,31,0,0,0.0,0.0
3.0757,32,0,0,0.0,0.0
3.0757,33,0,0,0.0,0.0
3.0757,34,0,0,0.0,0.0
3.0757,35,0,0,0.0,0.0
3.0757,36,0,0,0.0,0.0
3.0757,37,0,-3,3.0,-90.0
3.0757,38,-10,0,10.0,180.0
3.0757,39,-7,3,7.616,156.8
3.0757,40,-2,8,8.246,104.04
3.0757,41,-1,13,13.038,94.4
3.0757,42,1,17,17.029,86.63
3.0757,43,2,22,22.091,84.81
3.0757,44,2,27,27.074,85.76
3.0757,45,2,30,30.067,86.19
3.0757,46,0,33,33.0,90.0
3.0757,47,0,33,33.0,90.0
3.0757,48,0,32,32.0,90.0
3.0757,49,-2,30,30.067,93.81
3.0757,50,-2,27,27.074,94.24
3.0757,51,-2,22,22.091,95.19
3.0757,52,-3,18,18.248,99.46
3.0757,53,-1,12,12.042,94.76
3.0757,54,4,7,8.062,60.26
3.0757,55,7,4,8.062,29.74
3.0757,56,11,1,11.045,5.19
3.0757,57,17,1,17.029,3.37
3.0757,58,22,1,22.023,2.6
3.0757,59,28,4,28.284,8.13
3.0757,60,31,6,31.575,10.95
3.0757,61,33,9,34.205,15.26
3.0757,62,35,10,36.401,15.95
3.0894,0,-48,10,49.031,168.23
3.0894,1,0,14,14.0,90.0
3.0894,2,-24,9,25.632,159.44
3.0894,3,-24,7,25.0,163.74
3.0894,4,-16,7,17.464,156.37
3.0894,5,-12,7,13.892,149.74
3.0894,6,-7,10,12.207,124.99
3.0894,7,-3,11,11.402,105.26
3.0894,8,1,16,16.031,86.42
3.0894,9,3,17,17.263,79.99
3.0894,10,4,20,20.396,78.69
3.0894,11,2,24,24.083,85.24
3.0894,12,2,26,26.077,85.6
3.0894,13,2,27,27.074,85.76
3.0894,14,-2,25,25.08,94.57
3.0894,15,-3,26,26.173,96.58
3.0894,16,-4,23,23.345,99.87
3.0894,17,-3,22,22.204,97.77
3.0894,18,-3,18,18.248,99.46
3.0894,19,-3,16,16.279,100.62
3.0894,20,0,13,13.0,90.0
3.0894,21,3,11,11.402,74.74
3.0894,22,6,9,10.817,56.31
3.0894,23,10,9,13.454,41.99
3.0894,24,13,7,14.765,28.3
3.0894,25,18,8,19.698,23.96
3.0894,26,20,0,20.0,0.0
3.0894,27,0,0,0.0,0.0
3.0894,28,0,0,0.0,0.0
3.0894,29,0,0,0.0,0.0
3.0894,30,0,0,0.0,0.0
3.0894,31,0,0,0.0,0.0
3.0894,32,0,0,0.0,0.0
3.0894,33,0,0,0.0,0.0
3.0894,34,0,0,0.0,0.0
3.0894,35,0,0,0.0,0.0
3.0894,36,0,0,0.0,0.0
3.0894,37,0,-7,7.0,-90.0
3.0894,38,6,-7,9.22,-49.4
3.0894,39,1,-6,6.083,-80.54
3.0894,40,-3,-7,7.616,-113.2
3.0894,41,-9,-8,12.042,-138.37
3.0894,42,-14,-10,17.205,-144.46
3.0894,43,-19,-14,23.601,-143.62
3.0894,44,-22,-15,26.627,-145.71
3.0894,45,-25,-19,31.401,-142.77
3.0894,46,-28,-22,35.609,-141.84
3.0894,47,-29,-22,36.401,-142.82
3.0894,48,-28,-21,35.0,-143.13
3.0894,49,-27,-22,34.828,-140.83
3.0894,50,-24,-21,31.89,-138.81
3.0894,51,-21,-16,26.401,-142.7
3.0894,52,-17,-11,20.248,-147.09
3.0894,53,-13,-7,14.765,-151.7
3.0894,54,-11,0,11.0,180.0
3.0894,55,-9,5,10.296,150.95
3.0894,56,-11,11,15.556,135.0
3.0894,57,-11,16,19.416,124.51
3.0894,58,-13,20,23.854,123.02
3.0894,59,-15,25,29.155,120.96
3.0894,60,-19,25,31.401,127.23
3.0894,61,-28,21,35.0,143.13
3.0894,62,-26,21,33.422,141.07
3.1378,0,48,9,48.836,10.62
3.1378,1,0,-24,24.0,-90.0
3.1378,2,19,-20,27.586,-46.47
3.1378,3,14,-18,22.804,-52.13
3.1378,4,10,-14,17.205,-54.46
3.1378,5,7,-12,13.892,-59.74
3.1378,6,4,-10,10.77,-68.2
3.1378,7,-2,-12,12.166,-99.46
3.1378,8,-6,-13,14.318,-114.78
3.1378,9,-9,-17,19.235,-117.9
3.1378,10,-11,-19,21.954,-120.07
3.1378,11,-13,-22,25.554,-120.58
3.1378,12,-13,-25,28.178,-117.47
3.1378,13,-13,-26,29.069,-116.57
3.1378,14,-11,-28,30.083,-111.45
3.1378,15,-8,-26,27.203,-107.1
3.1378,16,-7,-26,26.926,-105.07
3.1378,17,-7,-21,22.136,-108.43
3.1378,18,-7,-20,21.19,-109.29
3.1378,19,-7,-15,16.553,-115.02
3.1378,20,-6,-12,13.416,-116.57
3.1378,21,-8,-9,12.042,-131.63
3.1378,22,-11,-7,13.038,-147.53
3.1378,23,-14,-5,14.866,-160.35
3.1378,24,-18,-3,18.248,-170.54
3.1378,25,-21,-2,21.095,-174.56
3.1378,26,-23,0,23.0,180.0
3.1378,27,0,0,0.0,0.0
3.1378,28,0,0,0.0,0.0
3.1378,29,0,0,0.0,0.0
3.1378,30,0,0,0.0,0.0
3.1378,31,0,0,0.0,0.0
3.1378,32,0,0,0.0,0.0
3.1378,33,0,0,0.0,0.0
3.1378,34,0,0,0.0,0.0
3.1378,35,0,0,0.0,0.0
3.1378,36,0,0,0.0,0.0
3.1378,37,0,9,9.0,90.0
3.1378,38,-2,7,7.28,105.95
3.1378,39,1,4,4.123,75.96
3.1378,40,4,1,4.123,14.04
3.1378,41,10,-1,10.05,-5.71
3.1378,42,16,-1,16.031,-3.58
3.1378,43,20,-1,20.025,-2.86
3.1378,44,26,1,26.019,2.2
3.1378,45,30,1,30.017,1.91
3.1378,46,33,4,33.242,6.91
3.1378,47,37,5,37.336,7.7
3.1378,48,36,6,36.497,9.46
3.1378,49,34,8,34.928,13.24
3.1378,50,32,7,32.757,12.34
3.1378,51,27,6,27.659,12.53
3.1378,52,23,3,23.195,7.43
3.1378,53,18,-1,18.028,-3.18
3.1378,54,12,-6,13.416,-26.57
3.1378,55,8,-12,14.422,-56.31
3.1378,56,7,-18,19.313,-68.75
3.1378,57,5,-24,24.515,-78.23
3.1378,58,4,-27,27.295,-81.57
3.1378,59,7,-31,31.78,-77.28
3.1378,60,7,-33,33.734,-78.02
3.1378,61,13,-37,39.217,-70.64
3.1378,62,12,-35,37.0,-71.08
3.1665,0,81,16,82.565,11.17
3.1665,1,0,1,1.0,90.0
3.1665,2,-30,2,30.067,176.19
3.1665,3,-28,3,28.16,173.88
3.1665,4,-23,2,23.087,175.03
3.1665,5,-16,7,17.464,156.37
3.1665,6,-11,8,13.601,143.97
3.1665,7,-7,12,13.892,120.26
3.1665,8,-5,16,16.763,107.35
3.1665,9,-2,20,20.1,95.71
3.1665,10,-4,23,23.345,99.87
3.1665,11,-5,27,27.459,100.49
3.1665,12,-8,27,28.16,106.5
3.1665,13,-11,26,28.231,112.93
3.1665,14,-10,28,29.732,109.65
3.1665,15,-13,27,29.967,115.71
3.1665,16,-13,24,27.295,118.44
3.1665,17,-13,22,25.554,120.58
3.1665,18,-12,18,21.633,123.69
3.1665,19,-9,17,19.235,117.9
3.1665,20,-6,16,17.088,110.56
3.1665,21,-1,13,13.038,94.4
3.1665,22,3,14,14.318,77.91
3.1665,23,8,13,15.264,58.39
3.1665,24,12,14,18.439,49.4
3.1665,25,17,15,22.672,41.42
3.1665,26,21,0,21.0,0.0
3.1665,27,0,0,0.0,0.0
3.1665,28,0,0,0.0,0.0
3.1665,29,0,0,0.0,0.0
3.1665,30,0,0,0.0,0.0
3.1665,31,0,0,0.0,0.0
3.1665,32,0,0,0.0,0.0
3.1665,33,0,0,0.0,0.0
3.1665,34,0,0,0.0,0.0
3.1665,35,0,0,0.0,0.0
3.1665,36,0,0,0.0,0.0
3.1665,37,0,-3,3.0,-90.0
3.1665,38,10,-5,11.18,-26.57
3.1665,39,5,-7,8.602,-54.46
3.1665,40,-1,-10,10.05,-95.71
3.1665,41,-5,-15,15.811,-108.43
3.1665,42,-9,-20,21.932,-114.23
3.1665,43,-13,-24,27.295,-118.44
3.1665,44,-16,-31,34.886,-117.3
3.1665,45,-18,-33,37.59,-118.61
3.1665,46,-17,-37,40.719,-114.68
3.1665,47,-17,-38,41.629,-114.1
3.1665,48,-16,-37,40.311,-113.39
3.1665,49,-14,-35,37.696,-111.8
3.1665,50,-12,-31,33.242,-111.16
3.1665,51,-10,-25,26.926,-111.8
3.1665,52,-9,-19,21.024,-115.35
3.1665,53,-8,-11,13.601,-126.03
3.1665,54,-8,-5,9.434,-147.99
3.1665,55,-10,2,10.198,168.69
3.1665,56,-13,6,14.318,155.22
3.1665,57,-17,9,19.235,152.1
3.1665,58,-22,13,25.554,149.42
3.1665,59,-26,15,30.017,150.02
3.1665,60,-32,11,33.838,161.03
3.1665,61,-36,11,37.643,163.01
3.1665,62,-40,9,41.0,167.32
3.2055,0,-48,8,48.662,170.54
3.2055,1,0,30,30.0,90.0
3.2055,2,7,21,22.136,71.57
3.2055,3,7,19,20.248,69.78
3.2055,4,1,16,16.031,86.42
3.2055,5,2,9,9.22,77.47
3.2055,6,6,6,8.485,45.0
3.2055,7,8,4,8.944,26.57
3.2055,8,12,2,12.166,9.46
3.2055,9,17,0,17.0,0.0
3.2055,10,17,3,17.263,10.01
3.2055,11,22,5,22.561,12.8
3.2055,12,23,9,24.698,21.37
3.2055,13,25,10,26.926,21.8
3.2055,14,25,14,28.653,29.25
3.2055,15,25,12,27.731,25.64
3.2055,16,24,14,27.785,30.26
3.2055,17,21,12,24.187,29.74
3.2055,18,19,9,21.024,25.35
3.2055,19,17,8,18.788,25.2
3.2055,20,16,2,16.125,7.13
3.2055,21,15,-2,15.133,-7.59
3.2055,22,14,-6,15.232,-23.2
3.2055,23,14,-8,16.125,-29.74
3.2055,24,15,-13,19.849,-40.91
3.2055,25,16,-14,21.26,-41.19
3.2055,26,18,0,18.0,0.0
3.2055,27,0,0,0.0,0.0
3.2055,28,0,0,0.0,0.0
3.2055,29,0,0,0.0,0.0
3.2055,30,0,0,0.0,0.0
3.2055,31,0,0,0.0,0.0
3.2055,32,0,0,0.0,0.0
3.2055,33,0,0,0.0,0.0
3.2055,34,0,0,0.0,0.0
3.2055,35,0,0,0.0,0.0
3.2055,36,0,0,0.0,0.0
3.2055,37,0,-7,7.0,-90.0
3.2055,38,-8,-3,8.544,-159.44
3.2055,39,-8,3,8.544,159.44
3.2055,40,-7,7,9.899,135.0
3.2055,41,-8,13,15.264,121.61
3.2055,42,-9,17,19.235,117.9
3.2055,43,-11,21,23.707,117.65
3.2055,44,-14,25,28.653,119.25
3.2055,45,-18,27,32.45,123.69
3.2055,46,-21,26,33.422,128.93
3.2055,47,-24,27,36.125,131.63
3.2055,48,-25,25,35.355,135.0
3.2055,49,-25,21,32.65,139.97
3.2055,50,-26,18,31.623,145.3
3.2055,51,-23,14,26.926,148.67
3.2055,52,-19,12,22.472,147.72
3.2055,53,-14,11,17.804,141.84
3.2055,54,-8,9,12.042,131.63
3.2055,55,-2,11,11.18,100.3
3.2055,56,5,15,15.811,71.57
3.2055,57,9,17,19.235,62.1
3.2055,58,14,24,27.785,59.74
3.2055,59,17,23,28.601,53.53
3.2055,60,20,31,36.892,57.17
3.2055,61,17,35,38.91,64.09
3.2055,62,16,30,34.0,61.93
3.2267,0,-96,6,96.187,176.42
3.2267,1,0,-18,18.0,-90.0
3.2267,2,-23,-16,28.018,-145.18
3.2267,3,-19,-12,22.472,-147.72
3.2267,4,-14,-9,16.643,-147.26
3.2267,5,-12,-3,12.369,-165.96
3.2267,6,-10,2,10.198,168.69
3.2267,7,-8,7,10.63,138.81
3.2267,8,-10,10,14.142,135.0
3.2267,9,-12,13,17.692,132.71
3.2267,10,-13,14,19.105,132.88
3.2267,11,-15,17,22.672,131.42
3.2267,12,-20,14,24.413,145.01
3.2267,13,-23,13,26.42,150.52
3.2267,14,-21,12,24.187,150.26
3.2267,15,-23,10,25.08,156.5
3.2267,16,-23,11,25.495,154.44
3.2267,17,-22,9,23.77,157.75
3.2267,18,-19,8,20.616,157.17
3.2267,19,-16,8,17.889,153.43
3.2267,20,-13,9,15.811,145.3
3.2267,21,-9,11,14.213,129.29
3.2267,22,-5,14,14.866,109.65
3.2267,23,-3,15,15.297,101.31
3.2267,24,0,19,19.0,90.0
3.2267,25,2,22,22.091,84.81
3.2267,26,5,0,5.0,0.0
3.2267,27,0,0,0.0,0.0
3.2267,28,0,0,0.0,0.0
3.2267,29,0,0,0.0,0.0
3.2267,30,0,0,0.0,0.0
3.2267,31,0,0,0.0,0.0
3.2267,32,0,0,0.0,0.0
3.2267,33,0,0,0.0,0.0
3.2267,34,0,0,0.0,0.0
3.2267,35,0,0,0.0,0.0
3.2267,36,0,0,0.0,0.0
3.2267,37,0,3,3.0,90.0
3.2267,38,10,-1,10.05,-5.71
3.2267,39,8,-5,9.434,-32.01
3.2267,40,5,-12,13.0,-67.38
3.2267,41,4,-16,16.492,-75.96
3.2267,42,3,-21,21.213,-81.87
3.2267,43,2,-26,26.077,-85.6
3.2267,44,3,-31,31.145,-84.47
3.2267,45,4,-34,34.234,-83.29
3.2267,46,5,-34,34.366,-81.63
3.2267,47,8,-35,35.903,-77.12
3.2267,48,8,-33,33.956,-76.37
3.2267,49,9,-30,31.321,-73.3
3.2267,50,8,-26,27.203,-72.9
3.2267,51,7,-23,24.042,-73.07
3.2267,52,6,-18,18.974,-71.57
3.2267,53,3,-13,13.342,-77.01
3.2267,54,-1,-9,9.055,-96.34
3.2267,55,-8,-7,10.63,-138.81
3.2267,56,-12,-5,13.0,-157.38
3.2267,57,-17,-5,17.72,-163.61
3.2267,58,-23,-7,24.042,-163.07
3.2267,59,-28,-12,30.463,-156.8
3.2267,60,-31,-12,33.242,-158.84
3.2267,61,-32,-17,36.235,-152.02
3.2267,62,-37,-21,42.544,-150.42
3.2673,0,-96,6,96.187,176.42
3.2673,1,0,-8,8.0,-90.0
3.2673,2,-27,-6,27.659,-167.47
3.2673,3,-20,-3,20.224,-171.47
3.2673,4,-18,-1,18.028,-176.82
3.2673,5,-10,4,10.77,158.2
3.2673,6,-7,7,9.899,135.0
3.2673,7,-7,11,13.038,122.47
3.2673,8,-7,18,19.313,111.25
3.2673,9,-8,17,18.788,115.2
3.2673,10,-9,19,21.024,115.35
3.2673,11,-9,21,22.847,113.2
3.2673,12,-12,21,24.187,119.74
3.2673,13,-16,20,25.612,128.66
3.2673,14,-20,18,26.907,138.01
3.2673,15,-20,16,25.612,141.34
3.2673,16,-19,14,23.601,143.62
3.2673,17,-18,14,22.804,142.13
3.2673,18,-18,12,21.633,146.31
3.2673,19,-14,11,17.804,141.84
3.2673,20,-10,11,14.866,132.27
3.2673,21,-6,13,14.318,114.78
3.2673,22,-1,14,14.036,94.09
3.2673,23,2,18,18.111,83.66
3.2673,24,4,20,20.396,78.69
3.2673,25,6,23,23.77,75.38
3.2673,26,9,0,9.0,0.0
3.2673,27,0,0,0.0,0.0
3.2673,28,0,0,0.0,0.0
3.2673,29,0,0,0.0,0.0
3.2673,30,0,0,0.0,0.0
3.2673,31,0,0,0.0,0.0
3.2673,32,0,0,0.0,0.0
3.2673,33,0,0,0.0,0.0
3.2673,34,0,0,0.0,0.0
3.2673,35,0,0,0.0,0.0
3.2673,36,0,0,0.0,0.0
3.2673,37,0,-5,5.0,-90.0
3.2673,38,9,-7,11.402,-37.87
3.2673,39,4,-9,9.849,-66.04
3.2673,40,-1,-12,12.042,-94.76
3.2673,41,-6,-14,15.232,-113.2
3.2673,42,-10,-18,20.591,-119.05
3.2673,43,-14,-23,26.926,-121.33
3.2673,44,-16,-28,32.249,-119.74
3.2673,45,-18,-30,34.986,-120.96
3.2673,46,-19,-33,38.079,-119.93
3.2673,47,-19,-33,38.079,-119.93
3.2673,48,-18,-34,38.471,-117.9
3.2673,49,-17,-32,36.235,-117.98
3.2673,50,-13,-29,31.78,-114.15
3.2673,51,-12,-24,26.833,-116.57
3.2673,52,-11,-17,20.248,-122.91
3.2673,53,-10,-11,14.866,-132.27
3.2673,54,-11,-8,13.601,-143.97
3.2673,55,-13,-3,13.342,-167.01
3.2673,56,-17,1,17.029,176.63
3.2673,57,-19,6,19.925,162.47
3.2673,58,-24,7,25.0,163.74
3.2673,59,-27,3,27.166,173.66
3.2673,60,-32,2,32.062,176.42
3.2673,61,-35,1,35.014,178.36
3.2673,62,-38,-4,38.21,-173.99
3.3182,0,-111,26,114.004,166.82
3.3182,1,0,22,22.0,90.0
3.3182,2,-9,19,21.024,115.35
3.3182,3,-8,15,17.0,118.07
3.3182,4,-8,12,14.422,123.69
3.3182,5,-2,8,8.246,104.04
3.3182,6,2,8,8.246,75.96
3.3182,7,5,8,9.434,57.99
3.3182,8,10,6,11.662,30.96
3.3182,9,15,10,18.028,33.69
3.3182,10,15,13,19.849,40.91
3.3182,11,17,17,24.042,45.0
3.3182,12,17,19,25.495,48.18
3.3182,13,17,21,27.019,51.01
3.3182,14,17,21,27.019,51.01
3.3182,15,14,21,25.239,56.31
3.3182,16,14,20,24.413,55.01
3.3182,17,12,18,21.633,56.31
3.3182,18,8,13,15.264,58.39
3.3182,19,10,10,14.142,45.0
3.3182,20,10,7,12.207,34.99
3.3182,21,11,3,11.402,15.26
3.3182,22,12,0,12.0,0.0
3.3182,23,14,-2,14.142,-8.13
3.3182,24,18,-4,18.439,-12.53
3.3182,25,19,-6,19.925,-17.53
3.3182,26,23,0,23.0,0.0
3.3182,27,0,0,0.0,0.0
3.3182,28,0,0,0.0,0.0
3.3182,29,0,0,0.0,0.0
3.3182,30,0,0,0.0,0.0
3.3182,31,0,0,0.0,0.0
3.3182,32,0,0,0.0,0.0
3.3182,33,0,0,0.0,0.0
3.3182,34,0,0,0.0,0.0
3.3182,35,0,0,0.0,0.0
3.3182,36,0,0,0.0,0.0
3.3182,37,0,-10,10.0,-90.0
3.3182,38,-5,-5,7.071,-135.0
3.3182,39,-6,-2,6.325,-161.57
3.3182,40,-9,4,9.849,156.04
3.3182,41,-12,7,13.892,149.74
3.3182,42,-16,11,19.416,145.49
3.3182,43,-20,13,23.854,146.98
3.3182,44,-24,14,27.785,149.74
3.3182,45,-29,14,32.202,154.23
3.3182,46,-31,12,33.242,158.84
3.3182,47,-35,14,37.696,158.2
3.3182,48,-34,11,35.735,162.07
3.3182,49,-34,10,35.44,163.61
3.3182,50,-33,7,33.734,168.02
3.3182,51,-30,8,31.048,165.07
3.3182,52,-25,7,25.962,164.36
3.3182,53,-18,9,20.125,153.43
3.3182,54,-13,11,17.029,139.76
3.3182,55,-9,14,16.643,122.74
3.3182,56,-5,19,19.647,104.74
3.3182,57,-1,23,23.022,92.49
3.3182,58,1,27,27.019,87.88
3.3182,59,1,32,32.016,88.21
3.3182,60,1,32,32.016,88.21
3.3182,61,-1,34,34.015,91.68
3.3182,62,-2,32,32.062,93.58
3.3392,0,48,9,48.836,10.62
3.3392,1,0,4,4.0,90.0
3.3392,2,26,3,26.173,6.58
3.3392,3,18,4,18.439,12.53
3.3392,4,15,-2,15.133,-7.59
3.3392,5,11,-2,11.18,-10.3
3.3392,6,10,-10,14.142,-45.0
3.3392,7,7,-12,13.892,-59.74
3.3392,8,5,-16,16.763,-72.65
3.3392,9,6,-23,23.77,-75.38
3.3392,10,8,-24,25.298,-71.57
3.3392,11,7,-22,23.087,-72.35
3.3392,12,12,-24,26.833,-63.43
3.3392,13,15,-22,26.627,-55.71
3.3392,14,16,-20,25.612,-51.34
3.3392,15,18,-16,24.083,-41.63
3.3392,16,17,-17,24.042,-45.0
3.3392,17,18,-12,21.633,-33.69
3.3392,18,16,-13,20.616,-39.09
3.3392,19,11,-12,16.279,-47.49
3.3392,20,8,-12,14.422,-56.31
3.3392,21,4,-13,13.601,-72.9
3.3392,22,0,-15,15.0,-90.0
3.3392,23,-4,-17,17.464,-103.24
3.3392,24,-7,-19,20.248,-110.22
3.3392,25,-9,-21,22.847,-113.2
3.3392,26,-11,0,11.0,180.0
3.3392,27,0,0,0.0,0.0
3.3392,28,0,0,0.0,0.0
3.3392,29,0,0,0.0,0.0
3.3392,30,0,0,0.0,0.0
3.3392,31,0,0,0.0,0.0
3.3392,32,0,0,0.0,0.0
3.3392,33,0,0,0.0,0.0
3.3392,34,0,0,0.0,0.0
3.3392,35,0,0,0.0,0.0
3.3392,36,0,0,0.0,0.0
3.3392,37,0,4,4.0,90.0
3.3392,38,-9,5,10.296,150.95
3.3392,39,-6,8,10.0,126.87
3.3392,40,-1,10,10.05,95.71
3.3392,41,3,13,13.342,77.01
3.3392,42,8,16,17.889,63.43
3.3392,43,11,22,24.597,63.43
3.3392,44,14,25,28.653,60.75
3.3392,45,16,29,33.121,61.11
3.3392,46,16,33,36.674,64.13
3.3392,47,16,33,36.674,64.13
3.3392,48,15,32,35.341,64.89
3.3392,49,13,30,32.696,66.57
3.3392,50,12,27,29.547,66.04
3.3392,51,10,22,24.166,65.56
3.3392,52,9,17,19.235,62.1
3.3392,53,8,11,13.601,53.97
3.3392,54,9,6,10.817,33.69
3.3392,55,10,0,10.0,0.0
3.3392,56,14,-4,14.56,-15.95
3.3392,57,19,-5,19.647,-14.74
3.3392,58,23,-6,23.77,-14.62
3.3392,59,25,-7,25.962,-15.64
3.3392,60,30,-5,30.414,-9.46
3.3392,61,33,-4,33.242,-6.91
3.3392,62,35,-1,35.014,-1.64
3.381,0,-64,7,64.382,173.76
3.381,1,0,-16,16.0,-90.0
3.381,2,27,-7,27.893,-14.53
3.381,3,22,-9,23.77,-22.25
3.381,4,16,-8,17.889,-26.57
3.381,5,13,-7,14.765,-28.3
3.381,6,5,-10,11.18,-63.43
3.381,7,2,-10,10.198,-78.69
3.381,8,-1,-15,15.033,-93.81
3.381,9,-7,-16,17.464,-113.63
3.381,10,-7,-19,20.248,-110.22
3.381,11,-7,-22,23.087,-107.65
3.381,12,-7,-27,27.893,-104.53
3.381,13,-4,-28,28.284,-98.13
3.381,14,-3,-28,28.16,-96.12
3.381,15,-3,-26,26.173,-96.58
3.381,16,-1,-25,25.02,-92.29
3.381,17,0,-22,22.0,-90.0
3.381,18,-1,-20,20.025,-92.86
3.381,19,-2,-15,15.133,-97.59
3.381,20,-3,-12,12.369,-104.04
3.381,21,-6,-10,11.662,-120.96
3.381,22,-9,-7,11.402,-142.13
3.381,23,-12,-6,13.416,-153.43
3.381,24,-16,-4,16.492,-165.96
3.381,25,-20,-4,20.396,-168.69
3.381,26,-24,0,24.0,180.0
3.381,27,0,0,0.0,0.0
3.381,28,0,0,0.0,0.0
3.381,29,0,0,0.0,0.0
3.381,30,0,0,0.0,0.0
3.381,31,0,0,0.0,0.0
3.381,32,0,0,0.0,0.0
3.381,33,0,0,0.0,0.0
3.381,34,0,0,0.0,0.0
3.381,35,0,0,0.0,0.0
3.381,36,0,0,0.0,0.0
3.381,37,0,7,7.0,90.0
3.381,38,-9,8,12.042,138.37
3.381,39,-3,6,6.708,116.57
3.381,40,1,6,6.083,80.54
3.381,41,7,8,10.63,48.81
3.381,42,13,10,16.401,37.57
3.381,43,18,13,22.204,35.84
3.381,44,22,16,27.203,36.03
3.381,45,27,19,33.015,35.13
3.381,46,29,21,35.805,35.91
3.381,47,29,21,35.805,35.91
3.381,48,32,21,38.275,33.27
3.381,49,30,23,37.802,37.48
3.381,50,27,20,33.601,36.53
3.381,51,25,16,29.682,32.62
3.381,52,21,12,24.187,29.74
3.381,53,18,6,18.974,18.43
3.381,54,12,-1,12.042,-4.76
3.381,55,11,-6,12.53,-28.61
3.381,56,12,-13,17.692,-47.29
3.381,57,12,-20,23.324,-59.04
3.381,58,13,-23,26.42,-60.52
3.381,59,15,-24,28.302,-57.99
3.381,60,20,-25,32.016,-51.34
3.381,61,24,-27,36.125,-48.37
3.381,62,26,-21,33.422,-38.93
3.4015,0,0,10,10.0,90.0
3.4015,1,0,23,23.0,90.0
3.4015,2,-14,15,20.518,133.03
3.4015,3,-12,16,20.0,126.87
3.4015,4,-9,12,15.0,126.87
3.4015,5,-5,11,12.083,114.44
3.4015,6,-3,9,9.487,108.43
3.4015,7,3,8,8.544,69.44
3.4015,8,6,9,10.817,56.31
3.4015,9,9,12,15.0,53.13
3.4015,10,10,16,18.868,57.99
3.4015,11,12,20,23.324,59.04
3.4015,12,13,21,24.698,58.24
3.4015,13,11,24,26.401,65.38
3.4015,14,11,24,26.401,65.38
3.4015,15,9,24,25.632,69.44
3.4015,16,7,21,22.136,71.57
3.4015,17,6,20,20.881,73.3
3.4015,18,6,15,16.155,68.2
3.4015,19,5,11,12.083,65.56
3.4015,20,6,8,10.0,53.13
3.4015,21,9,7,11.402,37.87
3.4015,22,10,4,10.77,21.8
3.4015,23,15,3,15.297,11.31
3.4015,24,17,3,17.263,10.01
3.4015,25,21,2,21.095,5.44
3.4015,26,24,0,24.0,0.0
3.4015,27,0,0,0.0,0.0
3.4015,28,0,0,0.0,0.0
3.4015,29,0,0,0.0,0.0
3.4015,30,0,0,0.0,0.0
3.4015,31,0,0,0.0,0.0
3.4015,32,0,0,0.0,0.0
3.4015,33,0,0,0.0,0.0
3.4015,34,0,0,0.0,0.0
3.4015,35,0,0,0.0,0.0
3.4015,36,0,0,0.0,0.0
3.4015,37,0,-11,11.0,-90.0
3.4015,38,-4,-6,7.211,-123.69
3.4015,39,-6,-3,6.708,-153.43
3.4015,40,-8,3,8.544,159.44
3.4015,41,-10,7,12.207,145.01
3.4015,42,-14,10,17.205,144.46
3.4015,43,-17,13,21.401,142.59
3.4015,44,-21,15,25.807,144.46
3.4015,45,-26,15,30.017,150.02
3.4015,46,-29,14,32.202,154.23
3.4015,47,-32,13,34.54,157.89
3.4015,48,-33,11,34.785,161.57
3.4015,49,-32,9,33.242,164.29
3.4015,50,-32,8,32.985,165.96
3.4015,51,-28,7,28.862,165.96
3.4015,52,-25,6,25.71,166.5
3.4015,53,-18,8,19.698,156.04
3.4015,54,-12,11,16.279,137.49
3.4015,55,-7,15,16.553,115.02
3.4015,56,-4,19,19.416,101.89
3.4015,57,-2,24,24.083,94.76
3.4015,58,0,27,27.0,90.0
3.4015,59,-3,32,32.14,95.36
3.4015,60,-2,32,32.062,93.58
3.4015,61,-7,33,33.734,101.98
3.4015,62,-8,31,32.016,104.47
3.4416,0,32,6,32.558,10.62
3.4416,1,0,-25,25.0,-90.0
3.4416,2,19,-20,27.586,-46.47
3.4416,3,14,-17,22.023,-50.53
3.4416,4,12,-8,14.422,-33.69
3.4416,5,6,-8,10.0,-53.13
3.4416,6,1,-6,6.083,-80.54
3.4416,7,-4,-9,9.849,-113.96
3.4416,8,-8,-10,12.806,-128.66
3.4416,9,-12,-10,15.62,-140.19
3.4416,10,-14,-14,19.799,-135.0
3.4416,11,-17,-18,24.759,-133.36
3.4416,12,-17,-20,26.249,-130.36
3.4416,13,-17,-23,28.601,-126.47
3.4416,14,-14,-24,27.785,-120.26
3.4416,15,-14,-23,26.926,-121.33
3.4416,16,-12,-21,24.187,-119.74
3.4416,17,-9,-19,21.024,-115.35
3.4416,18,-9,-17,19.235,-117.9
3.4416,19,-9,-11,14.213,-129.29
3.4416,20,-10,-7,12.207,-145.01
3.4416,21,-10,-2,10.198,-168.69
3.4416,22,-13,2,13.153,171.25
3.4416,23,-14,6,15.232,156.8
3.4416,24,-19,8,20.616,157.17
3.4416,25,-21,11,23.707,152.35
3.4416,26,-24,0,24.0,180.0
3.4416,27,0,0,0.0,0.0
3.4416,28,0,0,0.0,0.0
3.4416,29,0,0,0.0,0.0
3.4416,30,0,0,0.0,0.0
3.4416,31,0,0,0.0,0.0
3.4416,32,0,0,0.0,0.0
3.4416,33,0,0,0.0,0.0
3.4416,34,0,0,0.0,0.0
3.4416,35,0,0,0.0,0.0
3.4416,36,0,0,0.0,0.0
3.4416,37,0,10,10.0,90.0
3.4416,38,-4,6,7.211,123.69
3.4416,39,2,3,3.606,56.31
3.4416,40,6,0,6.0,0.0
3.4416,41,13,-1,13.038,-4.4
3.4416,42,18,-2,18.111,-6.34
3.4416,43,24,-2,24.083,-4.76
3.4416,44,29,-2,29.069,-3.95
3.4416,45,34,0,34.0,0.0
3.4416,46,38,0,38.0,0.0
3.4416,47,39,0,39.0,0.0
3.4416,48,40,3,40.112,4.29
3.4416,49,37,4,37.216,6.17
3.4416,50,35,3,35.128,4.9
3.4416,51,31,1,31.016,1.85
3.4416,52,25,-1,25.02,-2.29
3.4416,53,19,-5,19.647,-14.74
3.4416,54,13,-11,17.029,-40.24
3.4416,55,9,-17,19.235,-62.1
3.4416,56,5,-20,20.616,-75.96
3.4416,57,5,-25,25.495,-78.69
3.4416,58,5,-32,32.388,-81.12
3.4416,59,2,-36,36.056,-86.82
3.4416,60,9,-36,37.108,-75.96
3.4416,61,7,-39,39.623,-79.82
3.4416,62,13,-34,36.401,-69.08
3.4873,0,0,12,12.0,90.0
3.4873,1,0,27,27.0,90.0
3.4873,2,7,23,24.042,73.07
3.4873,3,3,17,17.263,79.99
3.4873,4,2,10,10.198,78.69
3.4873,5,3,3,4.243,45.0
3.4873,6,4,1,4.123,14.04
3.4873,7,4,-4,5.657,-45.0
3.4873,8,8,-7,10.63,-41.19
3.4873,9,12,-6,13.416,-26.57
3.4873,10,16,-6,17.088,-20.56
3.4873,11,20,-5,20.616,-14.04
3.4873,12,22,-2,22.091,-5.19
3.4873,13,25,0,25.0,0.0
3.4873,14,27,2,27.074,4.24
3.4873,15,24,2,24.083,4.76
3.4873,16,25,3,25.179,6.84
3.4873,17,21,1,21.024,2.73
3.4873,18,20,-1,20.025,-2.86
3.4873,19,16,-2,16.125,-7.13
3.4873,20,13,-5,13.928,-21.04
3.4873,21,9,-10,13.454,-48.01
3.4873,22,7,-15,16.553,-64.98
3.4873,23,6,-19,19.925,-72.47
3.4873,24,4,-22,22.361,-79.7
3.4873,25,5,-27,27.459,-79.51
3.4873,26,3,0,3.0,0.0
3.4873,27,0,0,0.0,0.0
3.4873,28,0,0,0.0,0.0
3.4873,29,0,0,0.0,0.0
3.4873,30,0,0,0.0,0.0
3.4873,31,0,0,0.0,0.0
3.4873,32,0,0,0.0,0.0
3.4873,33,0,0,0.0,0.0
3.4873,34,0,0,0.0,0.0
3.4873,35,0,0,0.0,0.0
3.4873,36,0,0,0.0,0.0
3.4873,37,0,-8,8.0,-90.0
3.4873,38,-4,-4,5.657,-135.0
3.4873,39,-6,2,6.325,161.57
3.4873,40,-8,8,11.314,135.0
3.4873,41,-11,13,17.029,130.24
3.4873,42,-14,18,22.804,127.87
3.4873,43,-19,20,27.586,133.53
3.4873,44,-22,24,32.558,132.51
3.4873,45,-26,26,36.77,135.0
3.4873,46,-28,25,37.537,138.24
3.4873,47,-30,24,38.419,141.34
3.4873,48,-31,23,38.601,143.43
3.4873,49,-31,21,37.443,145.89
3.4873,50,-30,18,34.986,149.04
3.4873,51,-25,18,30.806,144.25
3.4873,52,-21,13,24.698,148.24
3.4873,53,-11,12,16.279,132.51
3.4873,54,-7,14,15.652,116.57
3.4873,55,0,14,14.0,90.0
3.4873,56,6,19,19.925,72.47
3.4873,57,13,20,23.854,56.98
3.4873,58,18,24,30.0,53.13
3.4873,59,19,27,33.015,54.87
3.4873,60,18,33,37.59,61.39
3.4873,61,16,35,38.484,65.43
3.4873,62,19,33,38.079,60.07
3.5087,0,32,6,32.558,10.62
3.5087,1,0,15,15.0,90.0
3.5087,2,-23,9,24.698,158.63
3.5087,3,-19,6,19.925,162.47
3.5087,4,-12,5,13.0,157.38
3.5087,5,-8,4,8.944,153.43
3.5087,6,-2,7,7.28,105.95
3.5087,7,0,9,9.0,90.0
3.5087,8,5,11,12.083,65.56
3.5087,9,8,15,17.0,61.93
3.5087,10,9,17,19.235,62.1
3.5087,11,7,21,22.136,71.57
3.5087,12,7,23,24.042,73.07
3.5087,13,4,24,24.331,80.54
3.5087,14,2,23,23.087,85.03
3.5087,15,1,21,21.024,87.27
3.5087,16,-1,20,20.025,92.86
3.5087,17,-2,17,17.117,96.71
3.5087,18,-1,13,13.038,94.4
3.5087,19,-1,11,11.045,95.19
3.5087,20,3,8,8.544,69.44
3.5087,21,4,5,6.403,51.34
3.5087,22,7,4,8.062,29.74
3.5087,23,12,4,12.649,18.43
3.5087,24,16,3,16.279,10.62
3.5087,25,20,2,20.1,5.71
3.5087,26,22,0,22.0,0.0
3.5087,27,0,0,0.0,0.0
3.5087,28,0,0,0.0,0.0
3.5087,29,0,0,0.0,0.0
3.5087,30,0,0,0.0,0.0
3.5087,31,0,0,0.0,0.0
3.5087,32,0,0,0.0,0.0
3.5087,33,0,0,0.0,0.0
3.5087,34,0,0,0.0,0.0
3.5087,35,0,0,0.0,0.0
3.5087,36,0,0,0.0,0.0
3.5087,37,0,-9,9.0,-90.0
3.5087,38,2,-6,6.325,-71.57
3.5087,39,-1,-6,6.083,-99.46
3.5087,40,-6,-5,7.81,-140.19
3.5087,41,-12,-3,12.369,-165.96
3.5087,42,-16,-4,16.492,-165.96
3.5087,43,-23,-5,23.537,-167.74
3.5087,44,-26,-7,26.926,-164.93
3.5087,45,-30,-9,31.321,-163.3
3.5087,46,-33,-12,35.114,-160.02
3.5087,47,-35,-12,37.0,-161.08
3.5087,48,-34,-12,36.056,-160.56
3.5087,49,-33,-11,34.785,-161.57
3.5087,50,-30,-9,31.321,-163.3
3.5087,51,-26,-7,26.926,-164.93
3.5087,52,-22,-3,22.204,-172.23
3.5087,53,-18,1,18.028,176.82
3.5087,54,-14,8,16.125,150.26
3.5087,55,-14,13,19.105,137.12
3.5087,56,-12,18,21.633,123.69
3.5087,57,-11,22,24.597,116.57
3.5087,58,-14,24,27.785,120.26
3.5087,59,-18,27,32.45,123.69
3.5087,60,-20,27,33.601,126.53
3.5087,61,-22,26,34.059,130.24
3.5087,62,-27,24,36.125,138.37
3.5532,0,96,10,96.519,5.95
3.5532,1,0,-2,2.0,-90.0
3.5532,2,-26,-3,26.173,-173.42
3.5532,3,-21,-2,21.095,-174.56
3.5532,4,-14,0,14.0,180.0
3.5532,5,-7,2,7.28,164.05
3.5532,6,-9,7,11.402,142.13
3.5532,7,-5,13,13.928,111.04
3.5532,8,-3,14,14.318,102.09
3.5532,9,-3,17,17.263,100.01
3.5532,10,-5,19,19.647,104.74
3.5532,11,-7,19,20.248,110.22
3.5532,12,-9,22,23.77,112.25
3.5532,13,-15,18,23.431,129.81
3.5532,14,-15,17,22.672,131.42
3.5532,15,-17,15,22.672,138.58
3.5532,16,-17,14,22.023,140.53
3.5532,17,-15,12,19.209,141.34
3.5532,18,-12,11,16.279,137.49
3.5532,19,-11,11,15.556,135.0
3.5532,20,-7,11,13.038,122.47
3.5532,21,-2,11,11.18,100.3
3.5532,22,1,14,14.036,85.91
3.5532,23,5,17,17.72,73.61
3.5532,24,6,19,19.925,72.47
3.5532,25,10,20,22.361,63.43
3.5532,26,11,0,11.0,0.0
3.5532,27,0,0,0.0,0.0
3.5532,28,0,0,0.0,0.0
3.5532,29,0,0,0.0,0.0
3.5532,30,0,0,0.0,0.0
3.5532,31,0,0,0.0,0.0
3.5532,32,0,0,0.0,0.0
3.5532,33,0,0,0.0,0.0
3.5532,34,0,0,0.0,0.0
3.5532,35,0,0,0.0,0.0
3.5532,36,0,0,0.0,0.0
3.5532,37,0,-7,7.0,-90.0
3.5532,38,7,-8,10.63,-48.81
3.5532,39,1,-8,8.062,-82.87
3.5532,40,-3,-10,10.44,-106.7
3.5532,41,-9,-10,13.454,-131.99
3.5532,42,-13,-13,18.385,-135.0
3.5532,43,-18,-16,24.083,-138.37
3.5532,44,-22,-19,29.069,-139.18
3.5532,45,-25,-23,33.971,-137.39
3.5532,46,-27,-26,37.483,-136.08
3.5532,47,-27,-26,37.483,-136.08
3.5532,48,-27,-26,37.483,-136.08
3.5532,49,-25,-24,34.655,-136.17
3.5532,50,-24,-22,32.558,-137.49
3.5532,51,-19,-19,26.87,-135.0
3.5532,52,-18,-12,21.633,-146.31
3.5532,53,-17,-6,18.028,-160.56
3.5532,54,-17,-3,17.263,-169.99
3.5532,55,-17,2,17.117,173.29
3.5532,56,-20,6,20.881,163.3
3.5532,57,-22,10,24.166,155.56
3.5532,58,-25,12,27.731,154.36
3.5532,59,-28,9,29.411,162.18
3.5532,60,-32,7,32.757,167.66
3.5532,61,-34,4,34.234,173.29
3.5532,62,-34,0,34.0,180.0
3.5804,0,-15,25,29.155,120.96
3.5804,1,0,19,19.0,90.0
3.5804,2,15,14,20.518,43.03
3.5804,3,14,9,16.643,32.74
3.5804,4,11,6,12.53,28.61
3.5804,5,9,1,9.055,6.34
3.5804,6,8,-3,8.544,-20.56
3.5804,7,8,-8,11.314,-45.0
3.5804,8,12,-9,15.0,-36.87
3.5804,9,15,-10,18.028,-33.69
3.5804,10,17,-9,19.235,-27.9
3.5804,11,18,-11,21.095,-31.43
3.5804,12,21,-7,22.136,-18.43
3.5804,13,23,-6,23.77,-14.62
3.5804,14,23,-2,23.087,-4.97
3.5804,15,23,-2,23.087,-4.97
3.5804,16,22,-1,22.023,-2.6
3.5804,17,18,-1,18.028,-3.18
3.5804,18,15,-2,15.133,-7.59
3.5804,19,13,-5,13.928,-21.04
3.5804,20,10,-8,12.806,-38.66
3.5804,21,7,-11,13.038,-57.53
3.5804,22,4,-15,15.524,-75.07
3.5804,23,6,-19,19.925,-72.47
3.5804,24,6,-23,23.77,-75.38
3.5804,25,6,-25,25.71,-76.5
3.5804,26,7,0,7.0,0.0
3.5804,27,0,0,0.0,0.0
3.5804,28,0,0,0.0,0.0
3.5804,29,0,0,0.0,0.0
3.5804,30,0,0,0.0,0.0
3.5804,31,0,0,0.0,0.0
3.5804,32,0,0,0.0,0.0
3.5804,33,0,0,0.0,0.0
3.5804,34,0,0,0.0,0.0
3.5804,35,0,0,0.0,0.0
3.5804,36,0,0,0.0,0.0
3.5804,37,0,-1,1.0,-90.0
3.5804,38,-10,2,10.198,168.69
3.5804,39,-8,4,8.944,153.43
3.5804,40,-4,10,10.77,111.8
3.5804,41,0,14,14.0,90.0
3.5804,42,1,20,20.025,87.14
3.5804,43,3,25,25.179,83.16
3.5804,44,4,29,29.275,82.15
3.5804,45,4,33,33.242,83.09
3.5804,46,2,34,34.059,86.63
3.5804,47,1,35,35.014,88.36
3.5804,48,1,34,34.015,88.32
3.5804,49,-1,32,32.016,91.79
3.5804,50,-1,29,29.017,91.97
3.5804,51,0,24,24.0,90.0
3.5804,52,-1,19,19.026,93.01
3.5804,53,2,15,15.133,82.41
3.5804,54,5,11,12.083,65.56
3.5804,55,9,10,13.454,48.01
3.5804,56,14,8,16.125,29.74
3.5804,57,19,10,21.471,27.76
3.5804,58,24,10,26.0,22.62
3.5804,59,26,13,29.069,26.57
3.5804,60,29,18,34.132,31.83
3.5804,61,29,21,35.805,35.91
3.5804,62,29,21,35.805,35.91
3.6174,0,-48,8,48.662,170.54
3.6174,1,0,-4,4.0,-90.0
3.6174,2,24,1,24.021,2.39
3.6174,3,20,0,20.0,0.0
3.6174,4,16,-2,16.125,-7.13
3.6174,5,11,-7,13.038,-32.47
3.6174,6,8,-11,13.601,-53.97
3.6174,7,3,-13,13.342,-77.01
3.6174,8,1,-16,16.031,-86.42
3.6174,9,1,-21,21.024,-87.27
3.6174,10,2,-23,23.087,-85.03
3.6174,11,4,-23,23.345,-80.13
3.6174,12,7,-25,25.962,-74.36
3.6174,13,9,-23,24.698,-68.63
3.6174,14,12,-20,23.324,-59.04
3.6174,15,11,-19,21.954,-59.93
3.6174,16,12,-16,20.0,-53.13
3.6174,17,11,-14,17.804,-51.84
3.6174,18,10,-12,15.62,-50.19
3.6174,19,5,-11,12.083,-65.56
3.6174,20,2,-12,12.166,-80.54
3.6174,21,-3,-13,13.342,-102.99
3.6174,22,-6,-14,15.232,-113.2
3.6174,23,-9,-17,19.235,-117.9
3.6174,24,-12,-19,22.472,-122.28
3.6174,25,-13,-20,23.854,-123.02
3.6174,26,-14,0,14.0,180.0
3.6174,27,0,0,0.0,0.0
3.6174,28,0,0,0.0,0.0
3.6174,29,0,0,0.0,0.0
3.6174,30,0,0,0.0,0.0
3.6174,31,0,0,0.0,0.0
3.6174,32,0,0,0.0,0.0
3.6174,33,0,0,0.0,0.0
3.6174,34,0,0,0.0,0.0
3.6174,35,0,0,0.0,0.0
3.6174,36,0,0,0.0,0.0
3.6174,37,0,7,7.0,90.0
3.6174,38,-8,7,10.63,138.81
3.6174,39,-3,5,5.831,120.96
3.6174,40,1,6,6.083,80.54
3.6174,41,7,8,10.63,48.81
3.6174,42,11,11,15.556,45.0
3.6174,43,17,13,21.401,37.41
3.6174,44,21,16,26.401,37.3
3.6174,45,24,19,30.61,38.37
3.6174,46,26,22,34.059,40.24
3.6174,47,26,23,34.713,41.5
3.6174,48,27,23,35.468,40.43
3.6174,49,26,22,34.059,40.24
3.6174,50,23,19,29.833,39.56
3.6174,51,20,15,25.0,36.87
3.6174,52,17,10,19.723,30.47
3.6174,53,16,5,16.763,17.35
3.6174,54,14,0,14.0,0.0
3.6174,55,15,-5,15.811,-18.43
3.6174,56,18,-9,20.125,-26.57
3.6174,57,18,-11,21.095,-31.43
3.6174,58,22,-16,27.203,-36.03
3.6174,59,27,-13,29.967,-25.71
3.6174,60,29,-12,31.385,-22.48
3.6174,61,34,-12,36.056,-19.44
3.6174,62,34,-6,34.525,-10.01
3.6404,0,32,6,32.558,10.62
3.6404,1,0,16,16.0,90.0
3.6404,2,20,9,21.932,24.23
3.6404,3,14,12,18.439,40.6
3.6404,4,13,5,13.928,21.04
3.6404,5,9,0,9.0,0.0
3.6404,6,9,-6,10.817,-33.69
3.6404,7,7,-8,10.63,-48.81
3.6404,8,11,-12,16.279,-47.49
3.6404,9,13,-11,17.029,-40.24
3.6404,10,16,-11,19.416,-34.51
3.6404,11,20,-12,23.324,-30.96
3.6404,12,24,-11,26.401,-24.62
3.6404,13,23,-8,24.352,-19.18
3.6404,14,23,-8,24.352,-19.18
3.6404,15,24,-5,24.515,-11.77
3.6404,16,22,-4,22.361,-10.3
3.6404,17,20,-4,20.396,-11.31
3.6404,18,18,-4,18.439,-12.53
3.6404,19,14,-7,15.652,-26.57
3.6404,20,9,-10,13.454,-48.01
3.6404,21,8,-11,13.601,-53.97
3.6404,22,4,-16,16.492,-75.96
3.6404,23,4,-21,21.378,-79.22
3.6404,24,3,-24,24.187,-82.87
3.6404,25,4,-26,26.306,-81.25
3.6404,26,5,0,5.0,0.0
3.6404,27,0,0,0.0,0.0
3.6404,28,0,0,0.0,0.0
3.6404,29,0,0,0.0,0.0
3.6404,30,0,0,0.0,0.0
3.6404,31,0,0,0.0,0.0
3.6404,32,0,0,0.0,0.0
3.6404,33,0,0,0.0,0.0
3.6404,34,0,0,0.0,0.0
3.6404,35,0,0,0.0,0.0
3.6404,36,0,0,0.0,0.0
3.6404,37,0,0,0.0,0.0
3.6404,38,-11,3,11.402,164.74
3.6404,39,-7,5,8.602,144.46
3.6404,40,-3,10,10.44,106.7
3.6404,41,1,15,15.033,86.19
3.6404,42,3,19,19.235,81.03
3.6404,43,6,24,24.739,75.96
3.6404,44,6,29,29.614,78.31
3.6404,45,8,32,32.985,75.96
3.6404,46,7,35,35.693,78.69
3.6404,47,6,35,35.511,80.27
3.6404,48,5,34,34.366,81.63
3.6404,49,4,32,32.249,82.87
3.6404,50,3,29,29.155,84.09
3.6404,51,2,24,24.083,85.24
3.6404,52,3,19,19.235,81.03
3.6404,53,5,14,14.866,70.35
3.6404,54,7,10,12.207,55.01
3.6404,55,11,8,13.601,36.03
3.6404,56,16,7,17.464,23.63
3.6404,57,20,5,20.616,14.04
3.6404,58,25,7,25.962,15.64
3.6404,59,27,10,28.792,20.32
3.6404,60,30,12,32.311,21.8
3.6404,61,33,16,36.674,25.87
3.6404,62,33,19,38.079,29.93
3.6649,0,-79,28,83.815,160.48
3.6649,1,0,26,26.0,90.0
3.6649,2,4,19,19.416,78.11
3.6649,3,1,12,12.042,85.24
3.6649,4,0,10,10.0,90.0
3.6649,5,3,4,5.0,53.13
3.6649,6,4,3,5.0,36.87
3.6649,7,7,-2,7.28,-15.95
3.6649,8,11,-5,12.083,-24.44
3.6649,9,13,-5,13.928,-21.04
3.6649,10,17,-6,18.028,-19.44
3.6649,11,20,-2,20.1,-5.71
3.6649,12,25,-1,25.02,-2.29
3.6649,13,25,1,25.02,2.29
3.6649,14,26,2,26.077,4.4
3.6649,15,25,2,25.08,4.57
3.6649,16,25,4,25.318,9.09
3.6649,17,21,1,21.024,2.73
3.6649,18,19,-1,19.026,-3.01
3.6649,19,17,-1,17.029,-3.37
3.6649,20,13,-5,13.928,-21.04
3.6649,21,10,-9,13.454,-41.99
3.6649,22,8,-14,16.125,-60.26
3.6649,23,8,-17,18.788,-64.8
3.6649,24,6,-19,19.925,-72.47
3.6649,25,7,-23,24.042,-73.07
3.6649,26,6,0,6.0,0.0
3.6649,27,0,0,0.0,0.0
3.6649,28,0,0,0.0,0.0
3.6649,29,0,0,0.0,0.0
3.6649,30,0,0,0.0,0.0
3.6649,31,0,0,0.0,0.0
3.6649,32,0,0,0.0,0.0
3.6649,33,0,0,0.0,0.0
3.6649,34,0,0,0.0,0.0
3.6649,35,0,0,0.0,0.0
3.6649,36,0,0,0.0,0.0
3.6649,37,0,-8,8.0,-90.0
3.6649,38,-3,-3,4.243,-135.0
3.6649,39,-4,2,4.472,153.43
3.6649,40,-5,6,7.81,129.81
3.6649,41,-8,10,12.806,128.66
3.6649,42,-11,16,19.416,124.51
3.6649,43,-14,18,22.804,127.87
3.6649,44,-17,21,27.019,128.99
3.6649,45,-21,22,30.414,133.67
3.6649,46,-24,21,31.89,138.81
3.6649,47,-27,21,34.205,142.13
3.6649,48,-28,20,34.409,144.46
3.6649,49,-27,17,31.906,147.8
3.6649,50,-26,14,29.53,151.7
3.6649,51,-23,12,25.942,152.45
3.6649,52,-19,12,22.472,147.72
3.6649,53,-13,11,17.029,139.76
3.6649,54,-7,11,13.038,122.47
3.6649,55,-1,14,14.036,94.09
3.6649,56,6,16,17.088,69.44
3.6649,57,10,21,23.259,64.54
3.6649,58,14,23,26.926,58.67
3.6649,59,17,26,31.064,56.82
3.6649,60,15,31,34.438,64.18
3.6649,61,16,28,32.249,60.26
3.6649,62,12,32,34.176,69.44
3.7322,0,-96,8,96.333,175.24
3.7322,1,0,-26,26.0,-90.0
3.7322,2,-10,-24,26.0,-112.62
3.7322,3,-8,-16,17.889,-116.57
3.7322,4,-6,-10,11.662,-120.96
3.7322,5,-6,-6,8.485,-135.0
3.7322,6,-5,-1,5.099,-168.69
3.7322,7,-9,4,9.849,156.04
3.7322,8,-12,4,12.649,161.57
3.7322,9,-15,5,15.811,161.57
3.7322,10,-21,4,21.378,169.22
3.7322,11,-23,3,23.195,172.57
3.7322,12,-25,2,25.08,175.43
3.7322,13,-26,0,26.0,180.0
3.7322,14,-29,-1,29.017,-178.03
3.7322,15,-26,-3,26.173,-173.42
3.7322,16,-26,-5,26.476,-169.11
3.7322,17,-23,-2,23.087,-175.03
3.7322,18,-21,0,21.0,180.0
3.7322,19,-18,0,18.0,180.0
3.7322,20,-15,5,15.811,161.57
3.7322,21,-13,8,15.264,148.39
3.7322,22,-11,12,16.279,132.51
3.7322,23,-9,15,17.493,120.96
3.7322,24,-9,20,21.932,114.23
3.7322,25,-9,22,23.77,112.25
3.7322,26,-9,0,9.0,180.0
3.7322,27,0,0,0.0,0.0
3.7322,28,0,0,0.0,0.0
3.7322,29,0,0,0.0,0.0
3.7322,30,0,0,0.0,0.0
3.7322,31,0,0,0.0,0.0
3.7322,32,0,0,0.0,0.0
3.7322,33,0,0,0.0,0.0
3.7322,34,0,0,0.0,0.0
3.7322,35,0,0,0.0,0.0
3.7322,36,0,0,0.0,0.0
3.7322,37,0,5,5.0,90.0
3.7322,38,5,1,5.099,11.31
3.7322,39,4,-5,6.403,-51.34
3.7322,40,4,-10,10.77,-68.2
3.7322,41,4,-15,15.524,-75.07
3.7322,42,6,-21,21.84,-74.05
3.7322,43,8,-24,25.298,-71.57
3.7322,44,11,-29,31.016,-69.23
3.7322,45,14,-29,32.202,-64.23
3.7322,46,17,-31,35.355,-61.26
3.7322,47,18,-31,35.847,-59.86
3.7322,48,19,-29,34.67,-56.77
3.7322,49,19,-26,32.202,-53.84
3.7322,50,19,-22,29.069,-49.18
3.7322,51,16,-20,25.612,-51.34
3.7322,52,13,-16,20.616,-50.91
3.7322,53,8,-15,17.0,-61.93
3.7322,54,3,-13,13.342,-77.01
3.7322,55,-2,-14,14.142,-98.13
3.7322,56,-9,-14,16.643,-122.74
3.7322,57,-14,-20,24.413,-124.99
3.7322,58,-18,-23,29.206,-128.05
3.7322,59,-20,-28,34.409,-125.54
3.7322,60,-24,-28,36.878,-130.6
3.7322,61,-21,-32,38.275,-123.27
3.7322,62,-23,-32,39.408,-125.71
3.7468,0,113,21,114.935,10.53
3.7468,1,0,23,23.0,90.0
3.7468,2,13,19,23.022,55.62
3.7468,3,8,16,17.889,63.43
3.7468,4,7,8,10.63,48.81
3.7468,5,5,4,6.403,38.66
3.7468,6,4,-3,5.0,-36.87
3.7468,7,8,-5,9.434,-32.01
3.7468,8,10,-10,14.142,-45.0
3.7468,9,12,-11,16.279,-42.51
3.7468,10,14,-13,19.105,-42.88
3.7468,11,20,-10,22.361,-26.57
3.7468,12,21,-8,22.472,-20.85
3.7468,13,24,-11,26.401,-24.62
3.7468,14,23,-6,23.77,-14.62
3.7468,15,25,-8,26.249,-17.74
3.7468,16,24,-4,24.331,-9.46
3.7468,17,21,-6,21.84,-15.95
3.7468,18,18,-4,18.439,-12.53
3.7468,19,15,-6,16.155,-21.8
3.7468,20,12,-10,15.62,-39.81
3.7468,21,8,-12,14.422,-56.31
3.7468,22,3,-15,15.297,-78.69
3.7468,23,2,-18,18.111,-83.66
3.7468,24,-1,-21,21.024,-92.73
3.7468,25,0,-23,23.0,-90.0
3.7468,26,-3,0,3.0,180.0
3.7468,27,0,0,0.0,0.0
3.7468,28,0,0,0.0,0.0
3.7468,29,0,0,0.0,0.0
3.7468,30,0,0,0.0,0.0
3.7468,31,0,0,0.0,0.0
3.7468,32,0,0,0.0,0.0
3.7468,33,0,0,0.0,0.0
3.7468,34,0,0,0.0,0.0
3.7468,35,0,0,0.0,0.0
3.7468,36,0,0,0.0,0.0
3.7468,37,0,-8,8.0,-90.0
3.7468,38,-4,-2,4.472,-153.43
3.7468,39,-5,4,6.403,141.34
3.7468,40,-5,7,8.602,125.54
3.7468,41,-6,13,14.318,114.78
3.7468,42,-8,18,19.698,113.96
3.7468,43,-10,22,24.166,114.44
3.7468,44,-13,24,27.295,118.44
3.7468,45,-16,27,31.385,120.65
3.7468,46,-19,26,32.202,126.16
3.7468,47,-21,27,34.205,127.87
3.7468,48,-22,25,33.302,131.35
3.7468,49,-21,23,31.145,132.4
3.7468,50,-21,19,28.32,137.86
3.7468,51,-18,18,25.456,135.0
3.7468,52,-14,14,19.799,135.0
3.7468,53,-9,12,15.0,126.87
3.7468,54,-4,12,12.649,108.43
3.7468,55,3,11,11.402,74.74
3.7468,56,8,13,15.264,58.39
3.7468,57,14,16,21.26,48.81
3.7468,58,19,19,26.87,45.0
3.7468,59,22,22,31.113,45.0
3.7468,60,24,25,34.655,46.17
3.7468,61,23,28,36.235,50.6
3.7468,62,23,29,37.014,51.58
3.7934,0,32,6,32.558,10.62
3.7934,1,0,4,4.0,90.0
3.7934,2,-27,3,27.166,173.66
3.7934,3,-22,7,23.087,162.35
3.7934,4,-15,5,15.811,161.57
3.7934,5,-11,7,13.038,147.53
3.7934,6,-5,11,12.083,114.44
3.7934,7,-3,15,15.297,101.31
3.7934,8,-2,17,17.117,96.71
3.7934,9,-3,21,21.213,98.13
3.7934,10,-5,23,23.537,102.26
3.7934,11,-6,26,26.683,102.99
3.7934,12,-10,24,26.0,112.62
3.7934,13,-15,25,29.155,120.96
3.7934,14,-16,21,26.401,127.3
3.7934,15,-17,19,25.495,131.82
3.7934,16,-17,17,24.042,135.0
3.7934,17,-16,14,21.26,138.81
3.7934,18,-13,12,17.692,137.29
3.7934,19,-11,11,15.556,135.0
3.7934,20,-7,11,13.038,122.47
3.7934,21,-4,13,13.601,107.1
3.7934,22,1,14,14.036,85.91
3.7934,23,4,16,16.492,75.96
3.7934,24,8,17,18.788,64.8
3.7934,25,10,21,23.259,64.54
3.7934,26,12,0,12.0,0.0
3.7934,27,0,0,0.0,0.0
3.7934,28,0,0,0.0,0.0
3.7934,29,0,0,0.0,0.0
3.7934,30,0,0,0.0,0.0
3.7934,31,0,0,0.0,0.0
3.7934,32,0,0,0.0,0.0
3.7934,33,0,0,0.0,0.0
3.7934,34,0,0,0.0,0.0
3.7934,35,0,0,0.0,0.0
3.7934,36,0,0,0.0,0.0
3.7934,37,0,-11,11.0,-90.0
3.7934,38,2,-9,9.22,-77.47
3.7934,39,-2,-6,6.325,-108.43
3.7934,40,-6,-6,8.485,-135.0
3.7934,41,-12,-6,13.416,-153.43
3.7934,42,-17,-6,18.028,-160.56
3.7934,43,-22,-8,23.409,-160.02
3.7934,44,-26,-12,28.636,-155.22
3.7934,45,-29,-12,31.385,-157.52
3.7934,46,-32,-16,35.777,-153.43
3.7934,47,-32,-16,35.777,-153.43
3.7934,48,-32,-17,36.235,-152.02
3.7934,49,-31,-17,35.355,-151.26
3.7934,50,-30,-14,33.106,-154.98
3.7934,51,-25,-11,27.313,-156.25
3.7934,52,-23,-6,23.77,-165.38
3.7934,53,-20,-3,20.224,-171.47
3.7934,54,-18,3,18.248,170.54
3.7934,55,-17,8,18.788,154.8
3.7934,56,-19,13,23.022,145.62
3.7934,57,-22,15,26.627,145.71
3.7934,58,-24,18,30.0,143.13
3.7934,59,-27,16,31.385,149.35
3.7934,60,-29,16,33.121,151.11
3.7934,61,-31,13,33.615,157.25
3.7934,62,-34,11,35.735,162.07
3.8101,0,48,10,49.031,11.77
3.8101,1,0,26,26.0,90.0
3.8101,2,7,20,21.19,70.71
3.8101,3,8,15,17.0,61.93
3.8101,4,9,10,13.454,48.01
3.8101,5,7,8,10.63,48.81
3.8101,6,11,3,11.402,15.26
3.8101,7,18,1,18.028,3.18
3.8101,8,16,2,16.125,7.13
3.8101,9,20,0,20.0,0.0
3.8101,10,25,2,25.08,4.57
3.8101,11,22,8,23.409,19.98
3.8101,12,26,6,26.683,12.99
3.8101,13,25,10,26.926,21.8
3.8101,14,25,13,28.178,27.47
3.8101,15,24,14,27.785,30.26
3.8101,16,23,12,25.942,27.55
3.8101,17,19,9,21.024,25.35
3.8101,18,15,6,16.155,21.8
3.8101,19,14,4,14.56,15.95
3.8101,20,13,-2,13.153,-8.75
3.8101,21,12,-4,12.649,-18.43
3.8101,22,12,-8,14.422,-33.69
3.8101,23,14,-10,17.205,-35.54
3.8101,24,16,-12,20.0,-36.87
3.8101,25,18,-13,22.204,-35.84
3.8101,26,20,0,20.0,0.0
3.8101,27,0,0,0.0,0.0
3.8101,28,0,0,0.0,0.0
3.8101,29,0,0,0.0,0.0
3.8101,30,0,0,0.0,0.0
3.8101,31,0,0,0.0,0.0
3.8101,32,0,0,0.0,0.0
3.8101,33,0,0,0.0,0.0
3.8101,34,0,0,0.0,0.0
3.8101,35,0,0,0.0,0.0
3.8101,36,0,0,0.0,0.0
3.8101,37,0,-4,4.0,-90.0
3.8101,38,-8,2,8.246,165.96
3.8101,39,-7,6,9.22,139.4
3.8101,40,-6,10,11.662,120.96
3.8101,41,-4,15,15.524,104.93
3.8101,42,-4,21,21.378,100.78
3.8101,43,-3,25,25.179,96.84
3.8101,44,-4,29,29.275,97.85
3.8101,45,-7,32,32.757,102.34
3.8101,46,-9,34,35.171,104.83
3.8101,47,-13,32,34.54,112.11
3.8101,48,-13,31,33.615,112.75
3.8101,49,-13,28,30.871,114.9
3.8101,50,-14,24,27.785,120.26
3.8101,51,-12,21,24.187,119.74
3.8101,52,-10,18,20.591,119.05
3.8101,53,-6,15,16.155,111.8
3.8101,54,0,15,15.0,90.0
3.8101,55,4,14,14.56,74.05
3.8101,56,9,16,18.358,60.64
3.8101,57,16,19,24.839,49.9
3.8101,58,18,23,29.206,51.95
3.8101,59,20,26,32.802,52.43
3.8101,60,21,30,36.62,55.01
3.8101,61,21,32,38.275,56.73
3.8101,62,19,33,38.079,60.07
3.8527,0,96,13,96.876,7.71
3.8527,1,0,-28,28.0,-90.0
3.8527,2,-3,-26,26.173,-96.58
3.8527,3,-1,-20,20.025,-92.86
3.8527,4,0,-13,13.0,-90.0
3.8527,5,-3,-11,11.402,-105.26
3.8527,6,-6,-8,10.0,-126.87
3.8527,7,-9,-7,11.402,-142.13
3.8527,8,-14,-4,14.56,-164.05
3.8527,9,-15,-8,17.0,-151.93
3.8527,10,-19,-8,20.616,-157.17
3.8527,11,-25,-11,27.313,-156.25
3.8527,12,-20,-14,24.413,-145.01
3.8527,13,-21,-16,26.401,-142.7
3.8527,14,-21,-16,26.401,-142.7
3.8527,15,-19,-19,26.87,-135.0
3.8527,16,-19,-18,26.173,-136.55
3.8527,17,-15,-14,20.518,-136.97
3.8527,18,-13,-11,17.029,-139.76
3.8527,19,-13,-7,14.765,-151.7
3.8527,20,-11,-3,11.402,-164.74
3.8527,21,-11,2,11.18,169.7
3.8527,22,-12,5,13.0,157.38
3.8527,23,-15,8,17.0,151.93
3.8527,24,-16,10,18.868,147.99
3.8527,25,-17,13,21.401,142.59
3.8527,26,-21,0,21.0,180.0
3.8527,27,0,0,0.0,0.0
3.8527,28,0,0,0.0,0.0
3.8527,29,0,0,0.0,0.0
3.8527,30,0,0,0.0,0.0
3.8527,31,0,0,0.0,0.0
3.8527,32,0,0,0.0,0.0
3.8527,33,0,0,0.0,0.0
3.8527,34,0,0,0.0,0.0
3.8527,35,0,0,0.0,0.0
3.8527,36,0,0,0.0,0.0
3.8527,37,0,7,7.0,90.0
3.8527,38,8,4,8.944,26.57
3.8527,39,5,-2,5.385,-21.8
3.8527,40,5,-7,8.602,-54.46
3.8527,41,4,-11,11.705,-70.02
3.8527,42,5,-18,18.682,-74.48
3.8527,43,7,-21,22.136,-71.57
3.8527,44,9,-24,25.632,-69.44
3.8527,45,12,-26,28.636,-65.22
3.8527,46,16,-27,31.385,-59.35
3.8527,47,17,-27,31.906,-57.8
3.8527,48,18,-24,30.0,-53.13
3.8527,49,19,-22,29.069,-49.18
3.8527,50,17,-20,26.249,-49.64
3.8527,51,15,-17,22.672,-48.58
3.8527,52,13,-16,20.616,-50.91
3.8527,53,9,-15,17.493,-59.04
3.8527,54,3,-14,14.318,-77.91
3.8527,55,-1,-17,17.029,-93.37
3.8527,56,-5,-19,19.647,-104.74
3.8527,57,-10,-23,25.08,-113.5
3.8527,58,-13,-27,29.967,-115.71
3.8527,59,-14,-30,33.106,-115.02
3.8527,60,-15,-33,36.249,-114.44
3.8527,61,-14,-36,38.626,-111.25
3.8527,62,-12,-36,37.947,-108.43
3.8765,0,-48,9,48.836,169.38
3.8765,1,0,29,29.0,90.0
3.8765,2,-16,22,27.203,126.03
3.8765,3,-16,20,25.612,128.66
3.8765,4,-12,15,19.209,128.66
3.8765,5,-6,12,13.416,116.57
3.8765,6,-3,12,12.369,104.04
3.8765,7,4,11,11.705,70.02
3.8765,8,10,12,15.62,50.19
3.8765,9,14,14,19.799,45.0
3.8765,10,12,20,23.324,59.04
3.8765,11,16,22,27.203,53.97
3.8765,12,15,26,30.017,60.02
3.8765,13,14,25,28.653,60.75
3.8765,14,12,25,27.731,64.36
3.8765,15,10,23,25.08,66.5
3.8765,16,9,20,21.932,65.77
3.8765,17,6,18,18.974,71.57
3.8765,18,4,14,14.56,74.05
3.8765,19,5,9,10.296,60.95
3.8765,20,6,3,6.708,26.57
3.8765,21,8,0,8.0,0.0
3.8765,22,10,-4,10.77,-21.8
3.8765,23,15,-5,15.811,-18.43
3.8765,24,18,-7,19.313,-21.25
3.8765,25,21,-8,22.472,-20.85
3.8765,26,25,0,25.0,0.0
3.8765,27,0,0,0.0,0.0
3.8765,28,0,0,0.0,0.0
3.8765,29,0,0,0.0,0.0
3.8765,30,0,0,0.0,0.0
3.8765,31,0,0,0.0,0.0
3.8765,32,0,0,0.0,0.0
3.8765,33,0,0,0.0,0.0
3.8765,34,0,0,0.0,0.0
3.8765,35,0,0,0.0,0.0
3.8765,36,0,0,0.0,0.0
3.8765,37,0,-13,13.0,-90.0
3.8765,38,3,-8,8.544,-69.44
3.8765,39,1,-4,4.123,-75.96
3.8765,40,-4,0,4.0,180.0
3.8765,41,-8,3,8.544,159.44
3.8765,42,-13,5,13.928,158.96
3.8765,43,-17,6,18.028,160.56
3.8765,44,-24,7,25.0,163.74
3.8765,45,-29,6,29.614,168.31
3.8765,46,-32,5,32.388,171.12
3.8765,47,-36,5,36.346,172.09
3.8765,48,-37,3,37.121,175.36
3.8765,49,-36,2,36.056,176.82
3.8765,50,-33,3,33.136,174.81
3.8765,51,-30,4,30.265,172.41
3.8765,52,-24,4,24.331,170.54
3.8765,53,-19,9,21.024,154.65
3.8765,54,-13,14,19.105,132.88
3.8765,55,-9,18,20.125,116.57
3.8765,56,-7,23,24.042,106.93
3.8765,57,-5,30,30.414,99.46
3.8765,58,-5,33,33.377,98.62
3.8765,59,-5,36,36.346,97.91
3.8765,60,-9,41,41.976,102.38
3.8765,61,-13,38,40.162,108.89
3.8765,62,-15,38,40.853,111.54
3.9242,0,-111,27,114.237,166.33
3.9242,1,0,-15,15.0,-90.0
3.9242,2,24,-12,26.833,-26.57
3.9242,3,22,-11,24.597,-26.57
3.9242,4,15,-11,18.601,-36.25
3.9242,5,12,-9,15.0,-36.87
3.9242,6,8,-13,15.264,-58.39
3.9242,7,4,-14,14.56,-74.05
3.9242,8,0,-18,18.0,-90.0
3.9242,9,-2,-21,21.095,-95.44
3.9242,10,-2,-23,23.087,-94.97
3.9242,11,0,-26,26.0,-90.0
3.9242,12,0,-27,27.0,-90.0
3.9242,13,3,-27,27.166,-83.66
3.9242,14,7,-25,25.962,-74.36
3.9242,15,8,-23,24.352,-70.82
3.9242,16,8,-19,20.616,-67.17
3.9242,17,8,-15,17.0,-61.93
3.9242,18,7,-14,15.652,-63.43
3.9242,19,3,-11,11.402,-74.74
3.9242,20,1,-10,10.05,-84.29
3.9242,21,-3,-9,9.487,-108.43
3.9242,22,-7,-10,12.207,-124.99
3.9242,23,-10,-11,14.866,-132.27
3.9242,24,-13,-12,17.692,-137.29
3.9242,25,-18,-14,22.804,-142.13
3.9242,26,-20,0,20.0,180.0
3.9242,27,0,0,0.0,0.0
3.9242,28,0,0,0.0,0.0
3.9242,29,0,0,0.0,0.0
3.9242,30,0,0,0.0,0.0
3.9242,31,0,0,0.0,0.0
3.9242,32,0,0,0.0,0.0
3.9242,33,0,0,0.0,0.0
3.9242,34,0,0,0.0,0.0
3.9242,35,0,0,0.0,0.0
3.9242,36,0,0,0.0,0.0
3.9242,37,0,11,11.0,90.0
3.9242,38,-5,7,8.602,125.54
3.9242,39,-1,3,3.162,108.43
3.9242,40,3,1,3.162,18.43
3.9242,41,6,-1,6.083,-9.46
3.9242,42,11,-2,11.18,-10.3
3.9242,43,16,-1,16.031,-3.58
3.9242,44,22,-2,22.091,-5.19
3.9242,45,25,1,25.02,2.29
3.9242,46,29,3,29.155,5.91
3.9242,47,31,3,31.145,5.53
3.9242,48,32,4,32.249,7.13
3.9242,49,31,5,31.401,9.16
3.9242,50,30,4,30.265,7.59
3.9242,51,26,2,26.077,4.4
3.9242,52,21,-1,21.024,-2.73
3.9242,53,18,-5,18.682,-15.52
3.9242,54,15,-9,17.493,-30.96
3.9242,55,12,-13,17.692,-47.29
3.9242,56,12,-19,22.472,-57.72
3.9242,57,12,-25,27.731,-64.36
3.9242,58,15,-25,29.155,-59.04
3.9242,59,17,-28,32.757,-58.74
3.9242,60,20,-27,33.601,-53.47
3.9242,61,26,-28,38.21,-47.12
3.9242,62,28,-23,36.235,-39.4
3.9481,0,112,7,112.219,3.58
3.9481,1,0,16,16.0,90.0
3.9481,2,25,14,28.653,29.25
3.9481,3,23,15,27.459,33.11
3.9481,4,19,6,19.925,17.53
3.9481,5,11,1,11.045,5.19
3.9481,6,11,-5,12.083,-24.44
3.9481,7,9,-7,11.402,-37.87
3.9481,8,12,-12,16.971,-45.0
3.9481,9,14,-14,19.799,-45.0
3.9481,10,16,-15,21.932,-43.15
3.9481,11,20,-14,24.413,-34.99
3.9481,12,21,-12,24.187,-29.74
3.9481,13,25,-12,27.731,-25.64
3.9481,14,25,-10,26.926,-21.8
3.9481,15,26,-8,27.203,-17.1
3.9481,16,24,-6,24.739,-14.04
3.9481,17,23,-5,23.537,-12.26
3.9481,18,21,-5,21.587,-13.39
3.9481,19,14,-7,15.652,-26.57
3.9481,20,11,-9,14.213,-39.29
3.9481,21,5,-11,12.083,-65.56
3.9481,22,2,-14,14.142,-81.87
3.9481,23,0,-19,19.0,-90.0
3.9481,24,-3,-23,23.195,-97.43
3.9481,25,-4,-26,26.306,-98.75
3.9481,26,-4,0,4.0,180.0
3.9481,27,0,0,0.0,0.0
3.9481,28,0,0,0.0,0.0
3.9481,29,0,0,0.0,0.0
3.9481,30,0,0,0.0,0.0
3.9481,31,0,0,0.0,0.0
3.9481,32,0,0,0.0,0.0
3.9481,33,0,0,0.0,0.0
3.9481,34,0,0,0.0,0.0
3.9481,35,0,0,0.0,0.0
3.9481,36,0,0,0.0,0.0
3.9481,37,0,-1,1.0,-90.0
3.9481,38,-12,1,12.042,175.24
3.9481,39,-8,3,8.544,159.44
3.9481,40,-5,7,8.602,125.54
3.9481,41,2,11,11.18,79.7
3.9481,42,3,15,15.297,78.69
3.9481,43,6,23,23.77,75.38
3.9481,44,10,27,28.792,69.68
3.9481,45,10,30,31.623,71.57
3.9481,46,9,33,34.205,74.74
3.9481,47,8,35,35.903,77.12
3.9481,48,8,34,34.928,76.76
3.9481,49,8,32,32.985,75.96
3.9481,50,6,28,28.636,77.91
3.9481,51,4,24,24.331,80.54
3.9481,52,5,17,17.72,73.61
3.9481,53,7,11,13.038,57.53
3.9481,54,10,8,12.806,38.66
3.9481,55,13,5,13.928,21.04
3.9481,56,19,3,19.235,8.97
3.9481,57,23,3,23.195,7.43
3.9481,58,28,4,28.284,8.13
3.9481,59,32,7,32.757,12.34
3.9481,60,36,11,37.643,16.99
3.9481,61,38,15,40.853,21.54
3.9481,62,39,16,42.154,22.31
3.991,0,-128,13,128.658,174.2
3.991,1,0,25,25.0,90.0
3.991,2,22,22,31.113,45.0
3.991,3,13,12,17.692,42.71
3.991,4,12,10,15.62,39.81
3.991,5,12,5,13.0,22.62
3.991,6,9,1,9.055,6.34
3.991,7,12,-5,13.0,-22.62
3.991,8,13,-10,16.401,-37.57
3.991,9,15,-9,17.493,-30.96
3.991,10,21,-9,22.847,-23.2
3.991,11,24,-7,25.0,-16.26
3.991,12,25,-5,25.495,-11.31
3.991,13,26,-5,26.476,-10.89
3.991,14,27,-3,27.166,-6.34
3.991,15,28,-1,28.018,-2.05
3.991,16,25,1,25.02,2.29
3.991,17,23,0,23.0,0.0
3.991,18,18,-2,18.111,-6.34
3.991,19,15,-4,15.524,-14.93
3.991,20,10,-8,12.806,-38.66
3.991,21,7,-11,13.038,-57.53
3.991,22,3,-16,16.279,-79.38
3.991,23,3,-20,20.224,-81.47
3.991,24,2,-24,24.083,-85.24
3.991,25,1,-27,27.019,-87.88
3.991,26,1,0,1.0,0.0
3.991,27,0,0,0.0,0.0
3.991,28,0,0,0.0,0.0
3.991,29,0,0,0.0,0.0
3.991,30,0,0,0.0,0.0
3.991,31,0,0,0.0,0.0
3.991,32,0,0,0.0,0.0
3.991,33,0,0,0.0,0.0
3.991,34,0,0,0.0,0.0
3.991,35,0,0,0.0,0.0
3.991,36,0,0,0.0,0.0
3.991,37,0,-8,8.0,-90.0
3.991,38,-10,-3,10.44,-163.3
3.991,39,-7,1,7.071,171.87
3.991,40,-5,6,7.81,129.81
3.991,41,-3,13,13.342,102.99
3.991,42,-2,18,18.111,96.34
3.991,43,-1,23,23.022,92.49
3.991,44,-2,28,28.071,94.09
3.991,45,-4,32,32.249,97.13
3.991,46,-4,34,34.234,96.71
3.991,47,-7,35,35.693,101.31
3.991,48,-8,34,34.928,103.24
3.991,49,-9,31,32.28,106.19
3.991,50,-10,27,28.792,110.32
3.991,51,-7,23,24.042,106.93
3.991,52,-4,18,18.439,102.53
3.991,53,-1,14,14.036,94.09
3.991,54,6,13,14.318,65.22
3.991,55,10,11,14.866,47.73
3.991,56,14,10,17.205,35.54
3.991,57,22,11,24.597,26.57
3.991,58,27,16,31.385,30.65
3.991,59,27,18,32.45,33.69
3.991,60,32,26,41.231,39.09
3.991,61,33,26,42.012,38.23
3.991,62,34,28,44.045,39.47
4.0138,0,-64,7,64.382,173.76
4.0138,1,0,23,23.0,90.0
4.0138,2,-19,19,26.87,135.0
4.0138,3,-16,15,21.932,136.85
4.0138,4,-10,8,12.806,141.34
4.0138,5,-6,8,10.0,126.87
4.0138,6,-2,8,8.246,104.04
4.0138,7,3,10,10.44,73.3
4.0138,8,10,9,13.454,41.99
4.0138,9,11,14,17.804,51.84
4.0138,10,12,17,20.809,54.78
4.0138,11,17,19,25.495,48.18
4.0138,12,17,24,29.411,54.69
4.0138,13,13,24,27.295,61.56
4.0138,14,15,25,29.155,59.04
4.0138,15,13,24,27.295,61.56
4.0138,16,8,24,25.298,71.57
4.0138,17,10,20,22.361,63.43
4.0138,18,8,16,17.889,63.43
4.0138,19,8,11,13.601,53.97
4.0138,20,9,7,11.402,37.87
4.0138,21,10,2,10.198,11.31
4.0138,22,12,-1,12.042,-4.76
4.0138,23,16,-4,16.492,-14.04
4.0138,24,19,-8,20.616,-22.83
4.0138,25,21,-9,22.847,-23.2
4.0138,26,25,0,25.0,0.0
4.0138,27,0,0,0.0,0.0
4.0138,28,0,0,0.0,0.0
4.0138,29,0,0,0.0,0.0
4.0138,30,0,0,0.0,0.0
4.0138,31,0,0,0.0,0.0
4.0138,32,0,0,0.0,0.0
4.0138,33,0,0,0.0,0.0
4.0138,34,0,0,0.0,0.0
4.0138,35,0,0,0.0,0.0
4.0138,36,0,0,0.0,0.0
4.0138,37,0,-8,8.0,-90.0
4.0138,38,4,-5,6.403,-51.34
4.0138,39,1,-2,2.236,-63.43
4.0138,40,-3,0,3.0,180.0
4.0138,41,-9,4,9.849,156.04
4.0138,42,-14,4,14.56,164.05
4.0138,43,-20,4,20.396,168.69
4.0138,44,-25,4,25.318,170.91
4.0138,45,-30,1,30.017,178.09
4.0138,46,-35,0,35.0,180.0
4.0138,47,-36,-2,36.056,-176.82
4.0138,48,-36,-3,36.125,-175.24
4.0138,49,-36,-2,36.056,-176.82
4.0138,50,-35,-2,35.057,-176.73
4.0138,51,-29,-1,29.017,-178.03
4.0138,52,-25,2,25.08,175.43
4.0138,53,-20,7,21.19,160.71
4.0138,54,-15,11,18.601,143.75
4.0138,55,-10,15,18.028,123.69
4.0138,56,-8,20,21.541,111.8
4.0138,57,-5,26,26.476,100.89
4.0138,58,-7,31,31.78,102.72
4.0138,59,-7,33,33.734,101.98
4.0138,60,-10,35,36.401,105.95
4.0138,61,-12,37,38.897,107.97
4.0138,62,-15,34,37.162,113.81
4.0547,0,32,9,33.242,15.71
4.0547,1,0,-28,28.0,-90.0
4.0547,2,5,-23,23.537,-77.74
4.0547,3,5,-21,21.587,-76.61
4.0547,4,2,-14,14.142,-81.87
4.0547,5,5,-11,12.083,-65.56
4.0547,6,1,-9,9.055,-83.66
4.0547,7,-3,-7,7.616,-113.2
4.0547,8,-7,-9,11.402,-127.87
4.0547,9,-11,-12,16.279,-132.51
4.0547,10,-12,-14,18.439,-130.6
4.0547,11,-15,-19,24.207,-128.29
4.0547,12,-14,-20,24.413,-124.99
4.0547,13,-16,-24,28.844,-123.69
4.0547,14,-17,-22,27.803,-127.69
4.0547,15,-14,-24,27.785,-120.26
4.0547,16,-11,-23,25.495,-115.56
4.0547,17,-9,-21,22.847,-113.2
4.0547,18,-9,-16,18.358,-119.36
4.0547,19,-9,-13,15.811,-124.7
4.0547,20,-9,-11,14.213,-129.29
4.0547,21,-10,-7,12.207,-145.01
4.0547,22,-12,-5,13.0,-157.38
4.0547,23,-15,-5,15.811,-161.57
4.0547,24,-17,-1,17.029,-176.63
4.0547,25,-20,0,20.0,180.0
4.0547,26,-25,0,25.0,180.0
4.0547,27,0,0,0.0,0.0
4.0547,28,0,0,0.0,0.0
4.0547,29,0,0,0.0,0.0
4.0547,30,0,0,0.0,0.0
4.0547,31,0,0,0.0,0.0
4.0547,32,0,0,0.0,0.0
4.0547,33,0,0,0.0,0.0
4.0547,34,0,0,0.0,0.0
4.0547,35,0,0,0.0,0.0
4.0547,36,0,0,0.0,0.0
4.0547,37,0,8,8.0,90.0
4.0547,38,10,3,10.44,16.7
4.0547,39,9,-1,9.055,-6.34
4.0547,40,7,-5,8.602,-35.54
4.0547,41,6,-11,12.53,-61.39
4.0547,42,6,-16,17.088,-69.44
4.0547,43,7,-21,22.136,-71.57
4.0547,44,9,-25,26.571,-70.2
4.0547,45,13,-26,29.069,-63.43
4.0547,46,14,-28,31.305,-63.43
4.0547,47,18,-29,34.132,-58.17
4.0547,48,19,-28,33.838,-55.84
4.0547,49,20,-26,32.802,-52.43
4.0547,50,21,-23,31.145,-47.6
4.0547,51,20,-20,28.284,-45.0
4.0547,52,16,-19,24.839,-49.9
4.0547,53,12,-17,20.809,-54.78
4.0547,54,8,-16,17.889,-63.43
4.0547,55,3,-18,18.248,-80.54
4.0547,56,-3,-18,18.248,-99.46
4.0547,57,-5,-23,23.537,-102.26
4.0547,58,-7,-28,28.862,-104.04
4.0547,59,-9,-33,34.205,-105.26
4.0547,60,-9,-35,36.139,-104.42
4.0547,61,-9,-34,35.171,-104.83
4.0547,62,-4,-34,34.234,-96.71
4.0785,0,-112,8,112.285,175.91
4.0785,1,0,-30,30.0,-90.0
4.0785,2,-16,-27,31.385,-120.65
4.0785,3,-11,-21,23.707,-117.65
4.0785,4,-11,-14,17.804,-128.16
4.0785,5,-3,-9,9.487,-108.43
4.0785,6,-4,-2,4.472,-153.43
4.0785,7,-7,1,7.071,171.87
4.0785,8,-7,5,8.602,144.46
4.0785,9,-11,6,12.53,151.39
4.0785,10,-15,6,16.155,158.2
4.0785,11,-20,7,21.19,160.71
4.0785,12,-23,7,24.042,163.07
4.0785,13,-26,3,26.173,173.42
4.0785,14,-29,1,29.017,178.03
4.0785,15,-29,0,29.0,180.0
4.0785,16,-29,-2,29.069,-176.05
4.0785,17,-28,-2,28.071,-175.91
4.0785,18,-24,0,24.0,180.0
4.0785,19,-20,1,20.025,177.14
4.0785,20,-17,5,17.72,163.61
4.0785,21,-14,7,15.652,153.43
4.0785,22,-10,13,16.401,127.57
4.0785,23,-8,18,19.698,113.96
4.0785,24,-8,22,23.409,109.98
4.0785,25,-6,26,26.683,102.99
4.0785,26,-4,0,4.0,180.0
4.0785,27,0,0,0.0,0.0
4.0785,28,0,0,0.0,0.0
4.0785,29,0,0,0.0,0.0
4.0785,30,0,0,0.0,0.0
4.0785,31,0,0,0.0,0.0
4.0785,32,0,0,0.0,0.0
4.0785,33,0,0,0.0,0.0
4.0785,34,0,0,0.0,0.0
4.0785,35,0,0,0.0,0.0
4.0785,36,0,0,0.0,0.0
4.0785,37,0,10,10.0,90.0
4.0785,38,9,5,10.296,29.05
4.0785,39,6,-2,6.325,-18.43
4.0785,40,4,-6,7.211,-56.31
4.0785,41,2,-12,12.166,-80.54
4.0785,42,1,-19,19.026,-86.99
4.0785,43,1,-25,25.02,-87.71
4.0785,44,2,-31,31.064,-86.31
4.0785,45,4,-34,34.234,-83.29
4.0785,46,7,-38,38.639,-79.56
4.0785,47,9,-39,40.025,-77.01
4.0785,48,10,-39,40.262,-75.62
4.0785,49,11,-36,37.643,-73.01
4.0785,50,12,-32,34.176,-69.44
4.0785,51,11,-27,29.155,-67.83
4.0785,52,9,-23,24.698,-68.63
4.0785,53,5,-19,19.647,-75.26
4.0785,54,0,-15,15.0,-90.0
4.0785,55,-5,-13,13.928,-111.04
4.0785,56,-12,-14,18.439,-130.6
4.0785,57,-17,-16,23.345,-136.74
4.0785,58,-22,-18,28.425,-140.71
4.0785,59,-26,-21,33.422,-141.07
4.0785,60,-31,-23,38.601,-143.43
4.0785,61,-30,-25,39.051,-140.19
4.0785,62,-26,-31,40.46,-129.99
4.1223,0,-16,11,19.416,145.49
4.1223,1,0,-31,31.0,-90.0
4.1223,2,0,-23,23.0,-90.0
4.1223,3,1,-21,21.024,-87.27
4.1223,4,1,-14,14.036,-85.91
4.1223,5,1,-8,8.062,-82.87
4.1223,6,-1,-3,3.162,-108.43
4.1223,7,-3,-2,3.606,-146.31
4.1223,8,-9,0,9.0,180.0
4.1223,9,-11,3,11.402,164.74
4.1223,10,-18,1,18.028,176.82
4.1223,11,-21,-3,21.213,-171.87
4.1223,12,-26,-5,26.476,-169.11
4.1223,13,-29,-7,29.833,-166.43
4.1223,14,-28,-9,29.411,-162.18
4.1223,15,-27,-9,28.46,-161.57
4.1223,16,-27,-11,29.155,-157.83
4.1223,17,-25,-7,25.962,-164.36
4.1223,18,-22,-6,22.804,-164.74
4.1223,19,-20,-4,20.396,-168.69
4.1223,20,-16,1,16.031,176.42
4.1223,21,-15,5,15.811,161.57
4.1223,22,-13,10,16.401,142.43
4.1223,23,-12,15,19.209,128.66
4.1223,24,-12,21,24.187,119.74
4.1223,25,-12,24,26.833,116.57
4.1223,26,-12,0,12.0,180.0
4.1223,27,0,0,0.0,0.0
4.1223,28,0,0,0.0,0.0
4.1223,29,0,0,0.0,0.0
4.1223,30,0,0,0.0,0.0
4.1223,31,0,0,0.0,0.0
4.1223,32,0,0,0.0,0.0
4.1223,33,0,0,0.0,0.0
4.1223,34,0,0,0.0,0.0
4.1223,35,0,0,0.0,0.0
4.1223,36,0,0,0.0,0.0
4.1223,37,0,13,13.0,90.0
4.1223,38,-1,6,6.083,99.46
4.1223,39,1,1,1.414,45.0
4.1223,40,3,-4,5.0,-53.13
4.1223,41,4,-11,11.705,-70.02
4.1223,42,8,-16,17.889,-63.43
4.1223,43,11,-21,23.707,-62.35
4.1223,44,17,-22,27.803,-52.31
4.1223,45,21,-26,33.422,-51.07
4.1223,46,25,-26,36.069,-46.12
4.1223,47,29,-26,38.949,-41.88
4.1223,48,30,-25,39.051,-39.81
4.1223,49,30,-23,37.802,-37.48
4.1223,50,29,-20,35.228,-34.59
4.1223,51,26,-17,31.064,-33.18
4.1223,52,20,-17,26.249,-40.36
4.1223,53,14,-14,19.799,-45.0
4.1223,54,7,-14,15.652,-63.43
4.1223,55,3,-15,15.297,-78.69
4.1223,56,-3,-17,17.263,-100.01
4.1223,57,-9,-22,23.77,-112.25
4.1223,58,-12,-26,28.636,-114.78
4.1223,59,-16,-33,36.674,-115.87
4.1223,60,-18,-35,39.357,-117.22
4.1223,61,-15,-37,39.925,-112.07
4.1223,62,-14,-39,41.437,-109.75
4.1453,0,-128,12,128.561,174.64
4.1453,1,0,26,26.0,90.0
4.1453,2,-18,20,26.907,131.99
4.1453,3,-19,14,23.601,143.62
4.1453,4,-16,11,19.416,145.49
4.1453,5,-13,8,15.264,148.39
4.1453,6,-9,7,11.402,142.13
4.1453,7,-2,6,6.325,108.43
4.1453,8,0,9,9.0,90.0
4.1453,9,7,11,13.038,57.53
4.1453,10,10,14,17.205,54.46
4.1453,11,11,18,21.095,58.57
4.1453,12,13,20,23.854,56.98
4.1453,13,15,23,27.459,56.89
4.1453,14,15,24,28.302,57.99
4.1453,15,15,23,27.459,56.89
4.1453,16,10,24,26.0,67.38
4.1453,17,12,22,25.06,61.39
4.1453,18,11,19,21.954,59.93
4.1453,19,11,16,19.416,55.49
4.1453,20,11,12,16.279,47.49
4.1453,21,12,9,15.0,36.87
4.1453,22,13,4,13.601,17.1
4.1453,23,16,3,16.279,10.62
4.1453,24,19,-2,19.105,-6.01
4.1453,25,22,-4,22.361,-10.3
4.1453,26,24,0,24.0,0.0
4.1453,27,0,0,0.0,0.0
4.1453,28,0,0,0.0,0.0
4.1453,29,0,0,0.0,0.0
4.1453,30,0,0,0.0,0.0
4.1453,31,0,0,0.0,0.0
4.1453,32,0,0,0.0,0.0
4.1453,33,0,0,0.0,0.0
4.1453,34,0,0,0.0,0.0
4.1453,35,0,0,0.0,0.0
4.1453,36,0,0,0.0,0.0
4.1453,37,0,-12,12.0,-90.0
4.1453,38,2,-9,9.22,-77.47
4.1453,39,0,-4,4.0,-90.0
4.1453,40,-3,-2,3.606,-146.31
4.1453,41,-8,1,8.062,172.87
4.1453,42,-13,3,13.342,167.01
4.1453,43,-17,4,17.464,166.76
4.1453,44,-22,4,22.361,169.7
4.1453,45,-27,3,27.166,173.66
4.1453,46,-32,2,32.062,176.42
4.1453,47,-37,2,37.054,176.91
4.1453,48,-37,0,37.0,180.0
4.1453,49,-36,-2,36.056,-176.82
4.1453,50,-36,-3,36.125,-175.24
4.1453,51,-32,-3,32.14,-174.64
4.1453,52,-27,-1,27.019,-177.88
4.1453,53,-22,2,22.091,174.81
4.1453,54,-17,6,18.028,160.56
4.1453,55,-11,8,13.601,143.97
4.1453,56,-8,16,17.889,116.57
4.1453,57,-6,21,21.84,105.95
4.1453,58,-6,24,24.739,104.04
4.1453,59,-4,29,29.275,97.85
4.1453,60,-8,32,32.985,104.04
4.1453,61,-10,35,36.401,105.95
4.1453,62,-11,33,34.785,108.43
4.1886,0,-16,8,17.889,153.43
4.1886,1,0,-21,21.0,-90.0
4.1886,2,-23,-19,29.833,-140.44
4.1886,3,-18,-13,22.204,-144.16
4.1886,4,-13,-11,17.029,-139.76
4.1886,5,-8,-4,8.944,-153.43
4.1886,6,-5,2,5.385,158.2
4.1886,7,-6,7,9.22,130.6
4.1886,8,-4,11,11.705,109.98
4.1886,9,-5,17,17.72,106.39
4.1886,10,-8,19,20.616,112.83
4.1886,11,-12,21,24.187,119.74
4.1886,12,-16,22,27.203,126.03
4.1886,13,-19,21,28.32,132.14
4.1886,14,-21,20,29.0,136.4
4.1886,15,-22,20,29.732,137.73
4.1886,16,-24,18,30.0,143.13
4.1886,17,-21,17,27.019,141.01
4.1886,18,-19,15,24.207,141.71
4.1886,19,-15,15,21.213,135.0
4.1886,20,-12,15,19.209,128.66
4.1886,21,-4,14,14.56,105.95
4.1886,22,-1,15,15.033,93.81
4.1886,23,5,17,17.72,73.61
4.1886,24,10,17,19.723,59.53
4.1886,25,15,18,23.431,50.19
4.1886,26,20,0,20.0,0.0
4.1886,27,0,0,0.0,0.0
4.1886,28,0,0,0.0,0.0
4.1886,29,0,0,0.0,0.0
4.1886,30,0,0,0.0,0.0
4.1886,31,0,0,0.0,0.0
4.1886,32,0,0,0.0,0.0
4.1886,33,0,0,0.0,0.0
4.1886,34,0,0,0.0,0.0
4.1886,35,0,0,0.0,0.0
4.1886,36,0,0,0.0,0.0
4.1886,37,0,9,9.0,90.0
4.1886,38,3,4,5.0,53.13
4.1886,39,3,-2,3.606,-33.69
4.1886,40,3,-7,7.616,-66.8
4.1886,41,4,-14,14.56,-74.05
4.1886,42,5,-19,19.647,-75.26
4.1886,43,8,-24,25.298,-71.57
4.1886,44,11,-29,31.016,-69.23
4.1886,45,14,-32,34.928,-66.37
4.1886,46,16,-33,36.674,-64.13
4.1886,47,18,-34,38.471,-62.1
4.1886,48,20,-34,39.446,-59.53
4.1886,49,21,-31,37.443,-55.89
4.1886,50,19,-26,32.202,-53.84
4.1886,51,17,-23,28.601,-53.53
4.1886,52,14,-18,22.804,-52.13
4.1886,53,9,-14,16.643,-57.26
4.1886,54,4,-10,10.77,-68.2
4.1886,55,-4,-7,8.062,-119.74
4.1886,56,-11,-7,13.038,-147.53
4.1886,57,-15,-11,18.601,-143.75
4.1886,58,-22,-11,24.597,-153.43
4.1886,59,-29,-13,31.78,-155.85
4.1886,60,-31,-16,34.886,-152.7
4.1886,61,-35,-22,41.34,-147.85
4.1886,62,-34,-25,42.202,-143.67
4.2161,0,32,7,32.757,12.34
4.2161,1,0,19,19.0,90.0
4.2161,2,-17,15,22.672,138.58
4.2161,3,-14,10,17.205,144.46
4.2161,4,-13,7,14.765,151.7
4.2161,5,-7,8,10.63,131.19
4.2161,6,-2,8,8.246,104.04
4.2161,7,4,14,14.56,74.05
4.2161,8,5,16,16.763,72.65
4.2161,9,9,17,19.235,62.1
4.2161,10,9,22,23.77,67.75
4.2161,11,9,24,25.632,69.44
4.2161,12,9,27,28.46,71.57
4.2161,13,7,27,27.893,75.47
4.2161,14,4,27,27.295,81.57
4.2161,15,4,27,27.295,81.57
4.2161,16,1,24,24.021,87.61
4.2161,17,2,21,21.095,84.56
4.2161,18,1,19,19.026,86.99
4.2161,19,3,16,16.279,79.38
4.2161,20,6,15,16.155,68.2
4.2161,21,7,12,13.892,59.74
4.2161,22,11,14,17.804,51.84
4.2161,23,14,14,19.799,45.0
4.2161,24,19,14,23.601,36.38
4.2161,25,21,13,24.698,31.76
4.2161,26,23,0,23.0,0.0
4.2161,27,0,0,0.0,0.0
4.2161,28,0,0,0.0,0.0
4.2161,29,0,0,0.0,0.0
4.2161,30,0,0,0.0,0.0
4.2161,31,0,0,0.0,0.0
4.2161,32,0,0,0.0,0.0
4.2161,33,0,0,0.0,0.0
4.2161,34,0,0,0.0,0.0
4.2161,35,0,0,0.0,0.0
4.2161,36,0,0,0.0,0.0
4.2161,37,0,-9,9.0,-90.0
4.2161,38,-6,-5,7.81,-140.19
4.2161,39,-8,0,8.0,180.0
4.2161,40,-9,4,9.849,156.04
4.2161,41,-11,8,13.601,143.97
4.2161,42,-14,11,17.804,141.84
4.2161,43,-18,13,22.204,144.16
4.2161,44,-21,15,25.807,144.46
4.2161,45,-27,15,30.887,150.95
4.2161,46,-28,12,30.463,156.8
4.2161,47,-33,13,35.468,158.5
4.2161,48,-32,11,33.838,161.03
4.2161,49,-31,9,32.28,163.81
4.2161,50,-31,8,32.016,165.53
4.2161,51,-26,7,26.926,164.93
4.2161,52,-22,9,23.77,157.75
4.2161,53,-17,10,19.723,149.53
4.2161,54,-13,15,19.849,130.91
4.2161,55,-9,19,21.024,115.35
4.2161,56,-6,20,20.881,106.7
4.2161,57,-6,25,25.71,103.5
4.2161,58,-7,29,29.833,103.57
4.2161,59,-6,30,30.594,101.31
4.2161,60,-8,31,32.016,104.47
4.2161,61,-12,33,35.114,109.98
4.2161,62,-14,28,31.305,116.57
4.2542,0,-96,6,96.187,176.42
4.2542,1,0,-9,9.0,-90.0
4.2542,2,-24,-9,25.632,-159.44
4.2542,3,-19,-8,20.616,-157.17
4.2542,4,-15,-2,15.133,-172.41
4.2542,5,-10,1,10.05,174.29
4.2542,6,-11,6,12.53,151.39
4.2542,7,-8,7,10.63,138.81
4.2542,8,-8,14,16.125,119.74
4.2542,9,-11,14,17.804,128.16
4.2542,10,-11,16,19.416,124.51
4.2542,11,-15,17,22.672,131.42
4.2542,12,-20,16,25.612,141.34
4.2542,13,-21,14,25.239,146.31
4.2542,14,-23,13,26.42,150.52
4.2542,15,-25,11,27.313,156.25
4.2542,16,-23,10,25.08,156.5
4.2542,17,-23,8,24.352,160.82
4.2542,18,-21,9,22.847,156.8
4.2542,19,-17,11,20.248,147.09
4.2542,20,-14,12,18.439,139.4
4.2542,21,-11,15,18.601,126.25
4.2542,22,-8,18,19.698,113.96
4.2542,23,-7,21,22.136,108.43
4.2542,24,-6,23,23.77,104.62
4.2542,25,-4,26,26.306,98.75
4.2542,26,-5,0,5.0,180.0
4.2542,27,0,0,0.0,0.0
4.2542,28,0,0,0.0,0.0
4.2542,29,0,0,0.0,0.0
4.2542,30,0,0,0.0,0.0
4.2542,31,0,0,0.0,0.0
4.2542,32,0,0,0.0,0.0
4.2542,33,0,0,0.0,0.0
4.2542,34,0,0,0.0,0.0
4.2542,35,0,0,0.0,0.0
4.2542,36,0,0,0.0,0.0
4.2542,37,0,-9,9.0,-90.0
4.2542,38,6,-9,10.817,-56.31
4.2542,39,2,-8,8.246,-75.96
4.2542,40,-3,-10,10.44,-106.7
4.2542,41,-8,-11,13.601,-126.03
4.2542,42,-12,-13,17.692,-132.71
4.2542,43,-16,-17,23.345,-133.26
4.2542,44,-20,-20,28.284,-135.0
4.2542,45,-23,-22,31.828,-136.27
4.2542,46,-24,-25,34.655,-133.83
4.2542,47,-25,-26,36.069,-133.88
4.2542,48,-24,-26,35.384,-132.71
4.2542,49,-22,-24,32.558,-132.51
4.2542,50,-21,-22,30.414,-133.67
4.2542,51,-18,-18,25.456,-135.0
4.2542,52,-16,-13,20.616,-140.91
4.2542,53,-15,-8,17.0,-151.93
4.2542,54,-15,-2,15.133,-172.41
4.2542,55,-17,0,17.0,180.0
4.2542,56,-19,5,19.647,165.26
4.2542,57,-22,7,23.087,162.35
4.2542,58,-28,3,28.16,173.88
4.2542,59,-29,3,29.155,174.09
4.2542,60,-32,-2,32.062,-176.42
4.2542,61,-36,2,36.056,176.82
4.2542,62,-34,-6,34.525,-169.99
4.2798,0,32,6,32.558,10.62
4.2798,1,0,-13,13.0,-90.0
4.2798,2,27,-6,27.659,-12.53
4.2798,3,22,-4,22.361,-10.3
4.2798,4,17,-5,17.72,-16.39
4.2798,5,12,-7,13.892,-30.26
4.2798,6,5,-9,10.296,-60.95
4.2798,7,4,-14,14.56,-74.05
4.2798,8,0,-16,16.0,-90.0
4.2798,9,-2,-18,18.111,-96.34
4.2798,10,-2,-20,20.1,-95.71
4.2798,11,4,-26,26.306,-81.25
4.2798,12,3,-27,27.166,-83.66
4.2798,13,5,-27,27.459,-79.51
4.2798,14,7,-25,25.962,-74.36
4.2798,15,11,-24,26.401,-65.38
4.2798,16,12,-23,25.942,-62.45
4.2798,17,11,-20,22.825,-61.19
4.2798,18,8,-19,20.616,-67.17
4.2798,19,7,-17,18.385,-67.62
4.2798,20,4,-17,17.464,-76.76
4.2798,21,0,-18,18.0,-90.0
4.2798,22,-4,-19,19.416,-101.89
4.2798,23,-7,-22,23.087,-107.65
4.2798,24,-9,-24,25.632,-110.56
4.2798,25,-12,-24,26.833,-116.57
4.2798,26,-15,0,15.0,180.0
4.2798,27,0,0,0.0,0.0
4.2798,28,0,0,0.0,0.0
4.2798,29,0,0,0.0,0.0
4.2798,30,0,0,0.0,0.0
4.2798,31,0,0,0.0,0.0
4.2798,32,0,0,0.0,0.0
4.2798,33,0,0,0.0,0.0
4.2798,34,0,0,0.0,0.0
4.2798,35,0,0,0.0,0.0
4.2798,36,0,0,0.0,0.0
4.2798,37,0,10,10.0,90.0
4.2798,38,0,7,7.0,90.0
4.2798,39,3,4,5.0,53.13
4.2798,40,5,0,5.0,0.0
4.2798,41,8,-2,8.246,-14.04
4.2798,42,14,-3,14.318,-12.09
4.2798,43,19,-3,19.235,-8.97
4.2798,44,23,-3,23.195,-7.43
4.2798,45,27,-2,27.074,-4.24
4.2798,46,30,0,30.0,0.0
4.2798,47,33,1,33.015,1.74
4.2798,48,33,3,33.136,5.19
4.2798,49,32,3,32.14,5.36
4.2798,50,29,2,29.069,3.95
4.2798,51,26,2,26.077,4.4
4.2798,52,23,-1,23.022,-2.49
4.2798,53,18,-6,18.974,-18.43
4.2798,54,14,-9,16.643,-32.74
4.2798,55,13,-14,19.105,-47.12
4.2798,56,12,-18,21.633,-56.31
4.2798,57,13,-23,26.42,-60.52
4.2798,58,15,-24,28.302,-57.99
4.2798,59,18,-26,31.623,-55.3
4.2798,60,20,-25,32.016,-51.34
4.2798,61,26,-27,37.483,-46.08
4.2798,62,27,-22,34.828,-39.17
4.3208,0,32,8,32.985,14.04
4.3208,1,0,-25,25.0,-90.0
4.3208,2,-16,-21,26.401,-127.3
4.3208,3,-13,-16,20.616,-129.09
4.3208,4,-10,-12,15.62,-129.81
4.3208,5,-8,-6,10.0,-143.13
4.3208,6,-6,0,6.0,180.0
4.3208,7,-7,4,8.062,150.26
4.3208,8,-9,8,12.042,138.37
4.3208,9,-11,11,15.556,135.0
4.3208,10,-14,11,17.804,141.84
4.3208,11,-18,11,21.095,148.57
4.3208,12,-21,9,22.847,156.8
4.3208,13,-24,8,25.298,161.57
4.3208,14,-26,8,27.203,162.9
4.3208,15,-28,6,28.636,167.91
4.3208,16,-28,4,28.284,171.87
4.3208,17,-25,3,25.179,173.16
4.3208,18,-23,4,23.345,170.13
4.3208,19,-19,5,19.647,165.26
4.3208,20,-16,7,17.464,156.37
4.3208,21,-13,11,17.029,139.76
4.3208,22,-11,13,17.029,130.24
4.3208,23,-8,18,19.698,113.96
4.3208,24,-6,20,20.881,106.7
4.3208,25,-5,24,24.515,101.77
4.3208,26,-3,0,3.0,180.0
4.3208,27,0,0,0.0,0.0
4.3208,28,0,0,0.0,0.0
4.3208,29,0,0,0.0,0.0
4.3208,30,0,0,0.0,0.0
4.3208,31,0,0,0.0,0.0
4.3208,32,0,0,0.0,0.0
4.3208,33,0,0,0.0,0.0
4.3208,34,0,0,0.0,0.0
4.3208,35,0,0,0.0,0.0
4.3208,36,0,0,0.0,0.0
4.3208,37,0,3,3.0,90.0
4.3208,38,10,-1,10.05,-5.71
4.3208,39,5,-5,7.071,-45.0
4.3208,40,3,-9,9.487,-71.57
4.3208,41,0,-14,14.0,-90.0
4.3208,42,-2,-20,20.1,-95.71
4.3208,43,-3,-25,25.179,-96.84
4.3208,44,-2,-28,28.071,-94.09
4.3208,45,-3,-33,33.136,-95.19
4.3208,46,-1,-34,34.015,-91.68
4.3208,47,0,-36,36.0,-90.0
4.3208,48,0,-33,33.0,-90.0
4.3208,49,3,-32,32.14,-84.64
4.3208,50,2,-27,27.074,-85.76
4.3208,51,2,-24,24.083,-85.24
4.3208,52,0,-21,21.0,-90.0
4.3208,53,-2,-15,15.133,-97.59
4.3208,54,-5,-13,13.928,-111.04
4.3208,55,-10,-11,14.866,-132.27
4.3208,56,-15,-11,18.601,-143.75
4.3208,57,-19,-12,22.472,-147.72
4.3208,58,-24,-14,27.785,-149.74
4.3208,59,-27,-15,30.887,-150.95
4.3208,60,-29,-20,35.228,-145.41
4.3208,61,-32,-25,40.608,-142.0
4.3208,62,-31,-23,38.601,-143.43
4.3446,0,-95,30,99.624,162.47
4.3446,1,0,4,4.0,90.0
4.3446,2,-29,1,29.017,178.03
4.3446,3,-23,1,23.022,177.51
4.3446,4,-15,0,15.0,180.0
4.3446,5,-12,2,12.166,170.54
4.3446,6,-6,4,7.211,146.31
4.3446,7,0,9,9.0,90.0
4.3446,8,2,12,12.166,80.54
4.3446,9,8,17,18.788,64.8
4.3446,10,5,20,20.616,75.96
4.3446,11,8,25,26.249,72.26
4.3446,12,3,25,25.179,83.16
4.3446,13,2,29,29.069,86.05
4.3446,14,3,28,28.16,83.88
4.3446,15,-1,25,25.02,92.29
4.3446,16,-2,23,23.087,94.97
4.3446,17,-3,22,22.204,97.77
4.3446,18,-3,17,17.263,100.01
4.3446,19,-1,14,14.036,94.09
4.3446,20,2,10,10.198,78.69
4.3446,21,3,6,6.708,63.43
4.3446,22,8,4,8.944,26.57
4.3446,23,11,2,11.18,10.3
4.3446,24,16,-1,16.031,-3.58
4.3446,25,20,-1,20.025,-2.86
4.3446,26,24,0,24.0,0.0
4.3446,27,0,0,0.0,0.0
4.3446,28,0,0,0.0,0.0
4.3446,29,0,0,0.0,0.0
4.3446,30,0,0,0.0,0.0
4.3446,31,0,0,0.0,0.0
4.3446,32,0,0,0.0,0.0
4.3446,33,0,0,0.0,0.0
4.3446,34,0,0,0.0,0.0
4.3446,35,0,0,0.0,0.0
4.3446,36,0,0,0.0,0.0
4.3446,37,0,0,0.0,0.0
4.3446,38,12,-2,12.166,-9.46
4.3446,39,4,-3,5.0,-36.87
4.3446,40,0,-8,8.0,-90.0
4.3446,41,-5,-11,12.083,-114.44
4.3446,42,-6,-15,16.155,-111.8
4.3446,43,-11,-18,21.095,-121.43
4.3446,44,-14,-22,26.077,-122.47
4.3446,45,-15,-25,29.155,-120.96
4.3446,46,-17,-28,32.757,-121.26
4.3446,47,-18,-27,32.45,-123.69
4.3446,48,-18,-25,30.806,-125.75
4.3446,49,-17,-25,30.232,-124.22
4.3446,50,-16,-22,27.203,-126.03
4.3446,51,-14,-17,22.023,-129.47
4.3446,52,-13,-11,17.029,-139.76
4.3446,53,-12,-4,12.649,-161.57
4.3446,54,-11,2,11.18,169.7
4.3446,55,-13,6,14.318,155.22
4.3446,56,-14,11,17.804,141.84
4.3446,57,-18,13,22.204,144.16
4.3446,58,-22,16,27.203,143.97
4.3446,59,-26,16,30.529,148.39
4.3446,60,-28,17,32.757,148.74
4.3446,61,-32,15,35.341,154.89
4.3446,62,-33,11,34.785,161.57
4.3876,0,32,6,32.558,10.62
4.3876,1,0,23,23.0,90.0
4.3876,2,-19,22,29.069,130.82
4.3876,3,-13,13,18.385,135.0
4.3876,4,-11,13,17.029,130.24
4.3876,5,-10,10,14.142,135.0
4.3876,6,-2,8,8.246,104.04
4.3876,7,1,10,10.05,84.29
4.3876,8,7,11,13.038,57.53
4.3876,9,9,15,17.493,59.04
4.3876,10,13,17,21.401,52.59
4.3876,11,16,21,26.401,52.7
4.3876,12,16,23,28.018,55.18
4.3876,13,15,25,29.155,59.04
4.3876,14,14,27,30.414,62.59
4.3876,15,10,27,28.792,69.68
4.3876,16,10,24,26.0,67.38
4.3876,17,9,22,23.77,67.75
4.3876,18,8,17,18.788,64.8
4.3876,19,10,14,17.205,54.46
4.3876,20,9,8,12.042,41.63
4.3876,21,11,5,12.083,24.44
4.3876,22,13,3,13.342,12.99
4.3876,23,18,-1,18.028,-3.18
4.3876,24,21,-1,21.024,-2.73
4.3876,25,23,-5,23.537,-12.26
4.3876,26,26,0,26.0,0.0
4.3876,27,0,0,0.0,0.0
4.3876,28,0,0,0.0,0.0
4.3876,29,0,0,0.0,0.0
4.3876,30,0,0,0.0,0.0
4.3876,31,0,0,0.0,0.0
4.3876,32,0,0,0.0,0.0
4.3876,33,0,0,0.0,0.0
4.3876,34,0,0,0.0,0.0
4.3876,35,0,0,0.0,0.0
4.3876,36,0,0,0.0,0.0
4.3876,37,0,-9,9.0,-90.0
4.3876,38,0,-4,4.0,-90.0
4.3876,39,-4,-1,4.123,-165.96
4.3876,40,-8,1,8.062,172.87
4.3876,41,-12,4,12.649,161.57
4.3876,42,-17,5,17.72,163.61
4.3876,43,-21,5,21.587,166.61
4.3876,44,-26,5,26.476,169.11
4.3876,45,-29,4,29.275,172.15
4.3876,46,-33,3,33.136,174.81
4.3876,47,-35,2,35.057,176.73
4.3876,48,-33,2,33.061,176.53
4.3876,49,-34,0,34.0,180.0
4.3876,50,-31,1,31.016,178.15
4.3876,51,-26,3,26.173,173.42
4.3876,52,-21,4,21.378,169.22
4.3876,53,-14,9,16.643,147.26
4.3876,54,-11,14,17.804,128.16
4.3876,55,-8,17,18.788,115.2
4.3876,56,-4,25,25.318,99.09
4.3876,57,0,28,28.0,90.0
4.3876,58,-1,36,36.014,91.59
4.3876,59,-6,39,39.459,98.75
4.3876,60,-9,41,41.976,102.38
4.3876,61,-11,35,36.688,107.45
4.3876,62,-16,37,40.311,113.39
4.4179,0,80,9,80.505,6.42
4.4179,1,0,-24,24.0,-90.0
4.4179,2,20,-20,28.284,-45.0
4.4179,3,17,-13,21.401,-37.41
4.4179,4,14,-12,18.439,-40.6
4.4179,5,7,-10,12.207,-55.01
4.4179,6,5,-9,10.296,-60.95
4.4179,7,0,-9,9.0,-90.0
4.4179,8,-3,-10,10.44,-106.7
4.4179,9,-7,-13,14.765,-118.3
4.4179,10,-7,-17,18.385,-112.38
4.4179,11,-13,-21,24.698,-121.76
4.4179,12,-11,-21,23.707,-117.65
4.4179,13,-6,-27,27.659,-102.53
4.4179,14,-8,-28,29.12,-105.95
4.4179,15,-5,-26,26.476,-100.89
4.4179,16,-5,-24,24.515,-101.77
4.4179,17,-3,-24,24.187,-97.13
4.4179,18,-2,-19,19.105,-96.01
4.4179,19,-5,-16,16.763,-107.35
4.4179,20,-4,-16,16.492,-104.04
4.4179,21,-7,-12,13.892,-120.26
4.4179,22,-10,-9,13.454,-138.01
4.4179,23,-12,-9,15.0,-143.13
4.4179,24,-16,-9,18.358,-150.64
4.4179,25,-21,-7,22.136,-161.57
4.4179,26,-22,0,22.0,180.0
4.4179,27,0,0,0.0,0.0
4.4179,28,0,0,0.0,0.0
4.4179,29,0,0,0.0,0.0
4.4179,30,0,0,0.0,0.0
4.4179,31,0,0,0.0,0.0
4.4179,32,0,0,0.0,0.0
4.4179,33,0,0,0.0,0.0
4.4179,34,0,0,0.0,0.0
4.4179,35,0,0,0.0,0.0
4.4179,36,0,0,0.0,0.0
4.4179,37,0,10,10.0,90.0
4.4179,38,1,7,7.071,81.87
4.4179,39,4,3,5.0,36.87
4.4179,40,6,-1,6.083,-9.46
4.4179,41,10,-2,10.198,-11.31
4.4179,42,13,-5,13.928,-21.04
4.4179,43,17,-6,18.028,-19.44
4.4179,44,23,-7,24.042,-16.93
4.4179,45,28,-7,28.862,-14.04
4.4179,46,30,-5,30.414,-9.46
4.4179,47,33,-5,33.377,-8.62
4.4179,48,32,-4,32.249,-7.13
4.4179,49,32,-2,32.062,-3.58
4.4179,50,30,-3,30.15,-5.71
4.4179,51,26,-3,26.173,-6.58
4.4179,52,21,-5,21.587,-13.39
4.4179,53,16,-8,17.889,-26.57
4.4179,54,11,-13,17.029,-49.76
4.4179,55,8,-16,17.889,-63.43
4.4179,56,6,-20,20.881,-73.3
4.4179,57,3,-26,26.173,-83.42
4.4179,58,4,-30,30.265,-82.41
4.4179,59,5,-32,32.388,-81.12
4.4179,60,7,-36,36.674,-79.0
4.4179,61,11,-36,37.643,-73.01
4.4179,62,13,-33,35.468,-68.5
4.4371,0,-96,10,96.519,174.05
4.4371,1,0,24,24.0,90.0
4.4371,2,-22,18,28.425,140.71
4.4371,3,-16,14,21.26,138.81
4.4371,4,-12,11,16.279,137.49
4.4371,5,-12,7,13.892,149.74
4.4371,6,-4,6,7.211,123.69
4.4371,7,0,6,6.0,90.0
4.4371,8,7,10,12.207,55.01
4.4371,9,11,11,15.556,45.0
4.4371,10,14,13,19.105,42.88
4.4371,11,17,20,26.249,49.64
4.4371,12,16,22,27.203,53.97
4.4371,13,18,26,31.623,55.3
4.4371,14,18,25,30.806,54.25
4.4371,15,17,26,31.064,56.82
4.4371,16,17,27,31.906,57.8
4.4371,17,15,25,29.155,59.04
4.4371,18,14,20,24.413,55.01
4.4371,19,16,16,22.627,45.0
4.4371,20,12,11,16.279,42.51
4.4371,21,13,8,15.264,31.61
4.4371,22,16,3,16.279,10.62
4.4371,23,16,-1,16.031,-3.58
4.4371,24,19,-4,19.416,-11.89
4.4371,25,19,-7,20.248,-20.22
4.4371,26,23,0,23.0,0.0
4.4371,27,0,0,0.0,0.0
4.4371,28,0,0,0.0,0.0
4.4371,29,0,0,0.0,0.0
4.4371,30,0,0,0.0,0.0
4.4371,31,0,0,0.0,0.0
4.4371,32,0,0,0.0,0.0
4.4371,33,0,0,0.0,0.0
4.4371,34,0,0,0.0,0.0
4.4371,35,0,0,0.0,0.0
4.4371,36,0,0,0.0,0.0
4.4371,37,0,-7,7.0,-90.0
4.4371,38,5,-5,7.071,-45.0
4.4371,39,1,-4,4.123,-75.96
4.4371,40,-3,-4,5.0,-126.87
4.4371,41,-8,-4,8.944,-153.43
4.4371,42,-13,-4,13.601,-162.9
4.4371,43,-19,-5,19.647,-165.26
4.4371,44,-23,-6,23.77,-165.38
4.4371,45,-28,-9,29.411,-162.18
4.4371,46,-30,-11,31.953,-159.86
4.4371,47,-32,-13,34.54,-157.89
4.4371,48,-32,-13,34.54,-157.89
4.4371,49,-31,-14,34.015,-155.7
4.4371,50,-28,-10,29.732,-160.35
4.4371,51,-25,-9,26.571,-160.2
4.4371,52,-22,-3,22.204,-172.23
4.4371,53,-16,1,16.031,176.42
4.4371,54,-13,7,14.765,151.7
4.4371,55,-8,12,14.422,123.69
4.4371,56,-7,19,20.248,110.22
4.4371,57,-7,25,25.962,105.64
4.4371,58,-8,30,31.048,104.93
4.4371,59,-10,32,33.526,107.35
4.4371,60,-11,36,37.643,106.99
4.4371,61,-14,39,41.437,109.75
4.4371,62,-18,33,37.59,118.61
4.4866,0,32,6,32.558,10.62
4.4866,1,0,28,28.0,90.0
4.4866,2,-4,24,24.331,99.46
4.4866,3,-5,22,22.561,102.8
4.4866,4,-4,13,13.601,107.1
4.4866,5,-3,7,7.616,113.2
4.4866,6,2,4,4.472,63.43
4.4866,7,5,1,5.099,11.31
4.4866,8,8,-1,8.062,-7.13
4.4866,9,14,0,14.0,0.0
4.4866,10,18,1,18.028,3.18
4.4866,11,22,3,22.204,7.77
4.4866,12,25,5,25.495,11.31
4.4866,13,28,8,29.12,15.95
4.4866,14,29,10,30.676,19.03
4.4866,15,29,11,31.016,20.77
4.4866,16,28,10,29.732,19.65
4.4866,17,28,10,29.732,19.65
4.4866,18,24,7,25.0,16.26
4.4866,19,22,5,22.561,12.8
4.4866,20,19,1,19.026,3.01
4.4866,21,16,-4,16.492,-14.04
4.4866,22,15,-7,16.553,-25.02
4.4866,23,14,-12,18.439,-40.6
4.4866,24,13,-16,20.616,-50.91
4.4866,25,12,-19,22.472,-57.72
4.4866,26,11,0,11.0,0.0
4.4866,27,0,0,0.0,0.0
4.4866,28,0,0,0.0,0.0
4.4866,29,0,0,0.0,0.0
4.4866,30,0,0,0.0,0.0
4.4866,31,0,0,0.0,0.0
4.4866,32,0,0,0.0,0.0
4.4866,33,0,0,0.0,0.0
4.4866,34,0,0,0.0,0.0
4.4866,35,0,0,0.0,0.0
4.4866,36,0,0,0.0,0.0
4.4866,37,0,-8,8.0,-90.0
4.4866,38,2,-5,5.385,-68.2
4.4866,39,-1,-2,2.236,-116.57
4.4866,40,-5,1,5.099,168.69
4.4866,41,-8,6,10.0,143.13
4.4866,42,-13,6,14.318,155.22
4.4866,43,-17,9,19.235,152.1
4.4866,44,-22,9,23.77,157.75
4.4866,45,-27,9,28.46,161.57
4.4866,46,-29,8,30.083,164.58
4.4866,47,-32,6,32.558,169.38
4.4866,48,-33,6,33.541,169.7
4.4866,49,-32,4,32.249,172.87
4.4866,50,-29,4,29.275,172.15
4.4866,51,-26,4,26.306,171.25
4.4866,52,-20,4,20.396,168.69
4.4866,53,-15,6,16.155,158.2
4.4866,54,-8,8,11.314,135.0
4.4866,55,-3,12,12.369,104.04
4.4866,56,1,17,17.029,86.63
4.4866,57,6,23,23.77,75.38
4.4866,58,9,26,27.514,70.91
4.4866,59,8,33,33.956,76.37
4.4866,60,8,34,34.928,76.76
4.4866,61,8,39,39.812,78.41
4.4866,62,7,37,37.656,79.29
4.5175,0,80,7,80.306,5.0
4.5175,1,0,-9,9.0,-90.0
4.5175,2,29,-10,30.676,-19.03
4.5175,3,22,-2,22.091,-5.19
4.5175,4,17,-3,17.263,-10.01
4.5175,5,12,-4,12.649,-18.43
4.5175,6,5,-5,7.071,-45.0
4.5175,7,1,-9,9.055,-83.66
4.5175,8,-4,-10,10.77,-111.8
4.5175,9,-8,-17,18.788,-115.2
4.5175,10,-10,-21,23.259,-115.46
4.5175,11,-11,-24,26.401,-114.62
4.5175,12,-10,-27,28.792,-110.32
4.5175,13,-10,-29,30.676,-109.03
4.5175,14,-9,-29,30.364,-107.24
4.5175,15,-7,-31,31.78,-102.72
4.5175,16,-7,-28,28.862,-104.04
4.5175,17,-4,-27,27.295,-98.43
4.5175,18,-3,-22,22.204,-97.77
4.5175,19,-4,-18,18.439,-102.53
4.5175,20,-6,-14,15.232,-113.2
4.5175,21,-9,-10,13.454,-131.99
4.5175,22,-12,-6,13.416,-153.43
4.5175,23,-15,-2,15.133,-172.41
4.5175,24,-18,0,18.0,180.0
4.5175,25,-20,3,20.224,171.47
4.5175,26,-23,0,23.0,180.0
4.5175,27,0,0,0.0,0.0
4.5175,28,0,0,0.0,0.0
4.5175,29,0,0,0.0,0.0
4.5175,30,0,0,0.0,0.0
4.5175,31,0,0,0.0,0.0
4.5175,32,0,0,0.0,0.0
4.5175,33,0,0,0.0,0.0
4.5175,34,0,0,0.0,0.0
4.5175,35,0,0,0.0,0.0
4.5175,36,0,0,0.0,0.0
4.5175,37,0,-3,3.0,-90.0
4.5175,38,-6,1,6.083,170.54
4.5175,39,-3,3,4.243,135.0
4.5175,40,1,7,7.071,81.87
4.5175,41,4,11,11.705,70.02
4.5175,42,8,15,17.0,61.93
4.5175,43,12,19,22.472,57.72
4.5175,44,13,24,27.295,61.56
4.5175,45,14,27,30.414,62.59
4.5175,46,15,30,33.541,63.43
4.5175,47,14,29,32.202,64.23
4.5175,48,14,29,32.202,64.23
4.5175,49,13,27,29.967,64.29
4.5175,50,11,23,25.495,64.44
4.5175,51,10,16,18.868,57.99
4.5175,52,9,11,14.213,50.71
4.5175,53,9,5,10.296,29.05
4.5175,54,8,-3,8.544,-20.56
4.5175,55,10,-9,13.454,-41.99
4.5175,56,13,-11,17.029,-40.24
4.5175,57,15,-18,23.431,-50.19
4.5175,58,19,-19,26.87,-45.0
4.5175,59,22,-22,31.113,-45.0
4.5175,60,29,-24,37.643,-39.61
4.5175,61,34,-23,41.049,-34.08
4.5175,62,37,-14,39.56,-20.73
4.5327,0,49,27,55.946,28.86
4.5327,1,0,-30,30.0,-90.0
4.5327,2,-2,-25,25.08,-94.57
4.5327,3,2,-19,19.105,-83.99
4.5327,4,3,-14,14.318,-77.91
4.5327,5,-1,-11,11.045,-95.19
4.5327,6,-3,-5,5.831,-120.96
4.5327,7,-6,-2,6.325,-161.57
4.5327,8,-10,0,10.0,180.0
4.5327,9,-13,0,13.0,180.0
4.5327,10,-16,-2,16.125,-172.87
4.5327,11,-22,-4,22.361,-169.7
4.5327,12,-24,-4,24.331,-170.54
4.5327,13,-26,-6,26.683,-167.01
4.5327,14,-24,-8,25.298,-161.57
4.5327,15,-26,-8,27.203,-162.9
4.5327,16,-25,-9,26.571,-160.2
4.5327,17,-24,-6,24.739,-165.96
4.5327,18,-21,-5,21.587,-166.61
4.5327,19,-20,-1,20.025,-177.14
4.5327,20,-18,2,18.111,173.66
4.5327,21,-16,7,17.464,156.37
4.5327,22,-15,8,17.0,151.93
4.5327,23,-13,15,19.849,130.91
4.5327,24,-15,16,21.932,133.15
4.5327,25,-17,20,26.249,130.36
4.5327,26,-17,0,17.0,180.0
4.5327,27,0,0,0.0,0.0
4.5327,28,0,0,0.0,0.0
4.5327,29,0,0,0.0,0.0
4.5327,30,0,0,0.0,0.0
4.5327,31,0,0,0.0,0.0
4.5327,32,0,0,0.0,0.0
4.5327,33,0,0,0.0,0.0
4.5327,34,0,0,0.0,0.0
4.5327,35,0,0,0.0,0.0
4.5327,36,0,0,0.0,0.0
4.5327,37,0,5,5.0,90.0
4.5327,38,-2,0,2.0,180.0
4.5327,39,-1,-5,5.099,-101.31
4.5327,40,-1,-10,10.05,-95.71
4.5327,41,2,-14,14.142,-81.87
4.5327,42,5,-18,18.682,-74.48
4.5327,43,9,-21,22.847,-66.8
4.5327,44,14,-24,27.785,-59.74
4.5327,45,18,-23,29.206,-51.95
4.5327,46,22,-24,32.558,-47.49
4.5327,47,24,-24,33.941,-45.0
4.5327,48,27,-23,35.468,-40.43
4.5327,49,27,-20,33.601,-36.53
4.5327,50,26,-18,31.623,-34.7
4.5327,51,26,-16,30.529,-31.61
4.5327,52,21,-14,25.239,-33.69
4.5327,53,15,-15,21.213,-45.0
4.5327,54,10,-15,18.028,-56.31
4.5327,55,4,-17,17.464,-76.76
4.5327,56,-1,-21,21.024,-92.73
4.5327,57,-7,-24,25.0,-106.26
4.5327,58,-10,-27,28.792,-110.32
4.5327,59,-10,-30,31.623,-108.43
4.5327,60,-13,-34,36.401,-110.92
4.5327,61,-10,-36,37.363,-105.52
4.5327,62,-6,-35,35.511,-99.73
4.6449,0,66,32,73.348,25.87
4.6449,1,0,-10,10.0,-90.0
4.6449,2,-28,-6,28.636,-167.91
4.6449,3,-24,-7,25.0,-163.74
4.6449,4,-19,-5,19.647,-165.26
4.6449,5,-14,-1,14.036,-175.91
4.6449,6,-10,5,11.18,153.43
4.6449,7,-8,9,12.042,131.63
4.6449,8,-5,13,13.928,111.04
4.6449,9,-5,16,16.763,107.35
4.6449,10,-5,19,19.647,104.74
4.6449,11,-7,23,24.042,106.93
4.6449,12,-9,23,24.698,111.37
4.6449,13,-12,23,25.942,117.55
4.6449,14,-13,24,27.295,118.44
4.6449,15,-14,21,25.239,123.69
4.6449,16,-14,20,24.413,124.99
4.6449,17,-13,17,21.401,127.41
4.6449,18,-13,16,20.616,129.09
4.6449,19,-9,17,19.235,117.9
4.6449,20,-4,17,17.464,103.24
4.6449,21,-1,15,15.033,93.81
4.6449,22,2,17,17.117,83.29
4.6449,23,6,18,18.974,71.57
4.6449,24,12,20,23.324,59.04
4.6449,25,12,21,24.187,60.26
4.6449,26,15,0,15.0,0.0
4.6449,27,0,0,0.0,0.0
4.6449,28,0,0,0.0,0.0
4.6449,29,0,0,0.0,0.0
4.6449,30,0,0,0.0,0.0
4.6449,31,0,0,0.0,0.0
4.6449,32,0,0,0.0,0.0
4.6449,33,0,0,0.0,0.0
4.6449,34,0,0,0.0,0.0
4.6449,35,0,0,0.0,0.0
4.6449,36,0,0,0.0,0.0
4.6449,37,0,3,3.0,90.0
4.6449,38,4,1,4.123,14.04
4.6449,39,0,-3,3.0,-90.0
4.6449,40,-3,-6,6.708,-116.57
4.6449,41,-8,-11,13.601,-126.03
4.6449,42,-11,-15,18.601,-126.25
4.6449,43,-14,-21,25.239,-123.69
4.6449,44,-16,-25,29.682,-122.62
4.6449,45,-17,-28,32.757,-121.26
4.6449,46,-15,-33,36.249,-114.44
4.6449,47,-15,-34,37.162,-113.81
4.6449,48,-13,-34,36.401,-110.92
4.6449,49,-12,-33,35.114,-109.98
4.6449,50,-10,-31,32.573,-107.88
4.6449,51,-9,-25,26.571,-109.8
4.6449,52,-8,-20,21.541,-111.8
4.6449,53,-7,-15,16.553,-115.02
4.6449,54,-10,-9,13.454,-138.01
4.6449,55,-12,-4,12.649,-161.57
4.6449,56,-16,0,16.0,180.0
4.6449,57,-19,1,19.026,176.99
4.6449,58,-25,4,25.318,170.91
4.6449,59,-30,2,30.067,176.19
4.6449,60,-32,-1,32.016,-178.21
4.6449,61,-37,-3,37.121,-175.36
4.6449,62,-36,-3,36.125,-175.24
4.6837,0,81,18,82.976,12.53
4.6837,1,0,23,23.0,90.0
4.6837,2,-20,18,26.907,138.01
4.6837,3,-17,15,22.672,138.58
4.6837,4,-11,11,15.556,135.0
4.6837,5,-7,9,11.402,127.87
4.6837,6,-2,5,5.385,111.8
4.6837,7,0,8,8.0,90.0
4.6837,8,7,8,10.63,48.81
4.6837,9,10,9,13.454,41.99
4.6837,10,14,15,20.518,46.97
4.6837,11,18,17,24.759,43.36
4.6837,12,18,22,28.425,50.71
4.6837,13,17,21,27.019,51.01
4.6837,14,18,19,26.173,46.55
4.6837,15,15,22,26.627,55.71
4.6837,16,16,19,24.839,49.9
4.6837,17,15,16,21.932,46.85
4.6837,18,13,14,19.105,47.12
4.6837,19,13,10,16.401,37.57
4.6837,20,13,7,14.765,28.3
4.6837,21,17,2,17.117,6.71
4.6837,22,15,-2,15.133,-7.59
4.6837,23,17,-5,17.72,-16.39
4.6837,24,21,-6,21.84,-15.95
4.6837,25,23,-8,24.352,-19.18
4.6837,26,25,0,25.0,0.0
4.6837,27,0,0,0.0,0.0
4.6837,28,0,0,0.0,0.0
4.6837,29,0,0,0.0,0.0
4.6837,30,0,0,0.0,0.0
4.6837,31,0,0,0.0,0.0
4.6837,32,0,0,0.0,0.0
4.6837,33,0,0,0.0,0.0
4.6837,34,0,0,0.0,0.0
4.6837,35,0,0,0.0,0.0
4.6837,36,0,0,0.0,0.0
4.6837,37,0,-3,3.0,-90.0
4.6837,38,5,1,5.099,11.31
4.6837,39,0,2,2.0,90.0
4.6837,40,-3,5,5.831,120.96
4.6837,41,-9,5,10.296,150.95
4.6837,42,-15,4,15.524,165.07
4.6837,43,-20,3,20.224,171.47
4.6837,44,-25,3,25.179,173.16
4.6837,45,-31,0,31.0,180.0
4.6837,46,-33,-3,33.136,-174.81
4.6837,47,-36,-3,36.125,-175.24
4.6837,48,-36,-5,36.346,-172.09
4.6837,49,-36,-7,36.674,-169.0
4.6837,50,-36,-6,36.497,-170.54
4.6837,51,-30,-4,30.265,-172.41
4.6837,52,-27,-1,27.019,-177.88
4.6837,53,-21,3,21.213,171.87
4.6837,54,-17,7,18.385,157.62
4.6837,55,-13,12,17.692,137.29
4.6837,56,-12,18,21.633,123.69
4.6837,57,-10,23,25.08,113.5
4.6837,58,-9,28,29.411,107.82
4.6837,59,-11,30,31.953,110.14
4.6837,60,-12,35,37.0,108.92
4.6837,61,-15,34,37.162,113.81
4.6837,62,-17,32,36.235,117.98
4.7186,0,-32,11,33.838,161.03
4.7186,1,0,28,28.0,90.0
4.7186,2,-11,20,22.825,118.81
4.7186,3,-11,17,20.248,122.91
4.7186,4,-8,12,14.422,123.69
4.7186,5,-4,10,10.77,111.8
4.7186,6,-1,8,8.062,97.13
4.7186,7,3,3,4.243,45.0
4.7186,8,10,4,10.77,21.8
4.7186,9,14,7,15.652,26.57
4.7186,10,17,10,19.723,30.47
4.7186,11,17,10,19.723,30.47
4.7186,12,23,13,26.42,29.48
4.7186,13,22,15,26.627,34.29
4.7186,14,21,16,26.401,37.3
4.7186,15,21,17,27.019,38.99
4.7186,16,20,17,26.249,40.36
4.7186,17,20,14,24.413,34.99
4.7186,18,17,10,19.723,30.47
4.7186,19,15,5,15.811,18.43
4.7186,20,16,0,16.0,0.0
4.7186,21,16,-2,16.125,-7.13
4.7186,22,16,-8,17.889,-26.57
4.7186,23,18,-8,19.698,-23.96
4.7186,24,20,-11,22.825,-28.81
4.7186,25,21,-12,24.187,-29.74
4.7186,26,23,0,23.0,0.0
4.7186,27,0,0,0.0,0.0
4.7186,28,0,0,0.0,0.0
4.7186,29,0,0,0.0,0.0
4.7186,30,0,0,0.0,0.0
4.7186,31,0,0,0.0,0.0
4.7186,32,0,0,0.0,0.0
4.7186,33,0,0,0.0,0.0
4.7186,34,0,0,0.0,0.0
4.7186,35,0,0,0.0,0.0
4.7186,36,0,0,0.0,0.0
4.7186,37,0,-4,4.0,-90.0
4.7186,38,3,-2,3.606,-33.69
4.7186,39,1,3,3.162,71.57
4.7186,40,-3,6,6.708,116.57
4.7186,41,-7,9,11.402,127.87
4.7186,42,-11,11,15.556,135.0
4.7186,43,-18,12,21.633,146.31
4.7186,44,-23,12,25.942,152.45
4.7186,45,-26,11,28.231,157.07
4.7186,46,-31,10,32.573,162.12
4.7186,47,-35,10,36.401,164.05
4.7186,48,-36,7,36.674,169.0
4.7186,49,-36,6,36.497,170.54
4.7186,50,-35,4,35.228,173.48
4.7186,51,-31,4,31.257,172.65
4.7186,52,-26,5,26.476,169.11
4.7186,53,-21,6,21.84,164.05
4.7186,54,-15,11,18.601,143.75
4.7186,55,-11,14,17.804,128.16
4.7186,56,-6,20,20.881,106.7
4.7186,57,-3,24,24.187,97.13
4.7186,58,0,28,28.0,90.0
4.7186,59,-4,32,32.249,97.13
4.7186,60,-2,37,37.054,93.09
4.7186,61,-4,37,37.216,96.17
4.7186,62,-4,36,36.222,96.34
4.7374,0,32,6,32.558,10.62
4.7374,1,0,11,11.0,90.0
4.7374,2,31,9,32.28,16.19
4.7374,3,26,6,26.683,12.99
4.7374,4,22,6,22.804,15.26
4.7374,5,14,2,14.142,8.13
4.7374,6,8,-2,8.246,-14.04
4.7374,7,3,-7,7.616,-66.8
4.7374,8,2,-12,12.166,-80.54
4.7374,9,-2,-17,17.117,-96.71
4.7374,10,-1,-23,23.022,-92.49
4.7374,11,-2,-25,25.08,-94.57
4.7374,12,1,-28,28.018,-87.95
4.7374,13,1,-29,29.017,-88.03
4.7374,14,3,-30,30.15,-84.29
4.7374,15,4,-31,31.257,-82.65
4.7374,16,5,-28,28.443,-79.88
4.7374,17,3,-25,25.179,-83.16
4.7374,18,3,-20,20.224,-81.47
4.7374,19,0,-20,20.0,-90.0
4.7374,20,-1,-15,15.033,-93.81
4.7374,21,-6,-12,13.416,-116.57
4.7374,22,-11,-9,14.213,-140.71
4.7374,23,-15,-8,17.0,-151.93
4.7374,24,-18,-3,18.248,-170.54
4.7374,25,-22,-2,22.091,-174.81
4.7374,26,-25,0,25.0,180.0
4.7374,27,0,0,0.0,0.0
4.7374,28,0,0,0.0,0.0
4.7374,29,0,0,0.0,0.0
4.7374,30,0,0,0.0,0.0
4.7374,31,0,0,0.0,0.0
4.7374,32,0,0,0.0,0.0
4.7374,33,0,0,0.0,0.0
4.7374,34,0,0,0.0,0.0
4.7374,35,0,0,0.0,0.0
4.7374,36,0,0,0.0,0.0
4.7374,37,0,-8,8.0,-90.0
4.7374,38,0,-3,3.0,-90.0
4.7374,39,0,3,3.0,90.0
4.7374,40,-2,8,8.246,104.04
4.7374,41,-4,13,13.601,107.1
4.7374,42,-6,20,20.881,106.7
4.7374,43,-9,24,25.632,110.56
4.7374,44,-12,28,30.463,113.2
4.7374,45,-16,30,34.0,118.07
4.7374,46,-18,31,35.847,120.14
4.7374,47,-21,31,37.443,124.11
4.7374,48,-21,31,37.443,124.11
4.7374,49,-21,27,34.205,127.87
4.7374,50,-21,24,31.89,131.19
4.7374,51,-18,19,26.173,133.45
4.7374,52,-14,14,19.799,135.0
4.7374,53,-8,9,12.042,131.63
4.7374,54,-4,5,6.403,128.66
4.7374,55,5,2,5.385,21.8
4.7374,56,12,0,12.0,0.0
4.7374,57,17,0,17.0,0.0
4.7374,58,25,2,25.08,4.57
4.7374,59,35,3,35.128,4.9
4.7374,60,37,2,37.054,3.09
4.7374,61,41,8,41.773,11.04
4.7374,62,39,10,40.262,14.38
4.8542,0,-15,21,25.807,125.54
4.8542,1,0,9,9.0,90.0
4.8542,2,29,5,29.428,9.78
4.8542,3,26,6,26.683,12.99
4.8542,4,22,1,22.023,2.6
4.8542,5,14,-1,14.036,-4.09
4.8542,6,14,-6,15.232,-23.2
4.8542,7,11,-11,15.556,-45.0
4.8542,8,10,-15,18.028,-56.31
4.8542,9,11,-19,21.954,-59.93
4.8542,10,11,-18,21.095,-58.57
4.8542,11,14,-19,23.601,-53.62
4.8542,12,17,-19,25.495,-48.18
4.8542,13,21,-18,27.659,-40.6
4.8542,14,23,-19,29.833,-39.56
4.8542,15,27,-16,31.385,-30.65
4.8542,16,27,-14,30.414,-27.41
4.8542,17,24,-11,26.401,-24.62
4.8542,18,22,-9,23.77,-22.25
4.8542,19,18,-8,19.698,-23.96
4.8542,20,16,-8,17.889,-26.57
4.8542,21,10,-11,14.866,-47.73
4.8542,22,6,-11,12.53,-61.39
4.8542,23,3,-14,14.318,-77.91
4.8542,24,0,-16,16.0,-90.0
4.8542,25,-2,-20,20.1,-95.71
4.8542,26,-4,0,4.0,180.0
4.8542,27,0,0,0.0,0.0
4.8542,28,0,0,0.0,0.0
4.8542,29,0,0,0.0,0.0
4.8542,30,0,0,0.0,0.0
4.8542,31,0,0,0.0,0.0
4.8542,32,0,0,0.0,0.0
4.8542,33,0,0,0.0,0.0
4.8542,34,0,0,0.0,0.0
4.8542,35,0,0,0.0,0.0
4.8542,36,0,0,0.0,0.0
4.8542,37,0,3,3.0,90.0
4.8542,38,-13,4,13.601,162.9
4.8542,39,-9,4,9.849,156.04
4.8542,40,-3,6,6.708,116.57
4.8542,41,1,8,8.062,82.87
4.8542,42,5,11,12.083,65.56
4.8542,43,10,15,18.028,56.31
4.8542,44,11,19,21.954,59.93
4.8542,45,15,24,28.302,57.99
4.8542,46,16,27,31.385,59.35
4.8542,47,16,27,31.385,59.35
4.8542,48,18,28,33.287,57.26
4.8542,49,15,28,31.765,61.82
4.8542,50,13,24,27.295,61.56
4.8542,51,11,21,23.707,62.35
4.8542,52,10,15,18.028,56.31
4.8542,53,9,12,15.0,53.13
4.8542,54,10,6,11.662,30.96
4.8542,55,13,2,13.153,8.75
4.8542,56,15,-2,15.133,-7.59
4.8542,57,19,-5,19.647,-14.74
4.8542,58,24,-6,24.739,-14.04
4.8542,59,30,-6,30.594,-11.31
4.8542,60,34,-5,34.366,-8.37
4.8542,61,37,-2,37.054,-3.09
4.8542,62,39,0,39.0,0.0
4.9687,0,-64,12,65.115,169.38
4.9687,1,0,25,25.0,90.0
4.9687,2,25,21,32.65,40.03
4.9687,3,20,18,26.907,41.99
4.9687,4,16,11,19.416,34.51
4.9687,5,13,9,15.811,34.7
4.9687,6,11,0,11.0,0.0
4.9687,7,12,-3,12.369,-14.04
4.9687,8,15,-7,16.553,-25.02
4.9687,9,20,-8,21.541,-21.8
4.9687,10,23,-12,25.942,-27.55
4.9687,11,26,-8,27.203,-17.1
4.9687,12,27,-3,27.166,-6.34
4.9687,13,31,-2,31.064,-3.69
4.9687,14,32,1,32.016,1.79
4.9687,15,32,3,32.14,5.36
4.9687,16,33,4,33.242,6.91
4.9687,17,31,4,31.257,7.35
4.9687,18,27,2,27.074,4.24
4.9687,19,22,2,22.091,5.19
4.9687,20,20,-2,20.1,-5.71
4.9687,21,14,-4,14.56,-15.95
4.9687,22,11,-9,14.213,-39.29
4.9687,23,10,-13,16.401,-52.43
4.9687,24,9,-16,18.358,-60.64
4.9687,25,8,-19,20.616,-67.17
4.9687,26,8,0,8.0,0.0
4.9687,27,0,0,0.0,0.0
4.9687,28,0,0,0.0,0.0
4.9687,29,0,0,0.0,0.0
4.9687,30,0,0,0.0,0.0
4.9687,31,0,0,0.0,0.0
4.9687,32,0,0,0.0,0.0
4.9687,33,0,0,0.0,0.0
4.9687,34,0,0,0.0,0.0
4.9687,35,0,0,0.0,0.0
4.9687,36,0,0,0.0,0.0
4.9687,37,0,-4,4.0,-90.0
4.9687,38,-14,-1,14.036,-175.91
4.9687,39,-11,1,11.045,174.81
4.9687,40,-8,6,10.0,143.13
4.9687,41,-4,12,12.649,108.43
4.9687,42,0,18,18.0,90.0
4.9687,43,1,22,22.023,87.4
4.9687,44,1,26,26.019,87.8
4.9687,45,1,31,31.016,88.15
4.9687,46,0,35,35.0,90.0
4.9687,47,-3,36,36.125,94.76
4.9687,48,-2,36,36.056,93.18
4.9687,49,-4,34,34.234,96.71
4.9687,50,-6,30,30.594,101.31
4.9687,51,-5,28,28.443,100.12
4.9687,52,-3,21,21.213,98.13
4.9687,53,-1,17,17.029,93.37
4.9687,54,1,14,14.036,85.91
4.9687,55,8,12,14.422,56.31
4.9687,56,14,8,16.125,29.74
4.9687,57,21,10,23.259,25.46
4.9687,58,26,13,29.069,26.57
4.9687,59,31,15,34.438,25.82
4.9687,60,33,18,37.59,28.61
4.9687,61,35,21,40.817,30.96
4.9687,62,37,26,45.222,35.1
4.9916,0,-111,25,113.78,167.31
4.9916,1,0,4,4.0,90.0
4.9916,2,-32,1,32.016,178.21
4.9916,3,-27,3,27.166,173.66
4.9916,4,-21,2,21.095,174.56
4.9916,5,-18,5,18.682,164.48
4.9916,6,-11,10,14.866,137.73
4.9916,7,-8,11,13.601,126.03
4.9916,8,-7,17,18.385,112.38
4.9916,9,-5,20,20.616,104.04
4.9916,10,-5,22,22.561,102.8
4.9916,11,-6,25,25.71,103.5
4.9916,12,-10,26,27.857,111.04
4.9916,13,-11,27,29.155,112.17
4.9916,14,-15,25,29.155,120.96
4.9916,15,-17,24,29.411,125.31
4.9916,16,-17,21,27.019,128.99
4.9916,17,-17,17,24.042,135.0
4.9916,18,-16,15,21.932,136.85
4.9916,19,-13,12,17.692,137.29
4.9916,20,-11,11,15.556,135.0
4.9916,21,-7,10,12.207,124.99
4.9916,22,-2,11,11.18,100.3
4.9916,23,1,12,12.042,85.24
4.9916,24,4,13,13.601,72.9
4.9916,25,8,14,16.125,60.26
4.9916,26,11,0,11.0,0.0
4.9916,27,0,0,0.0,0.0
4.9916,28,0,0,0.0,0.0
4.9916,29,0,0,0.0,0.0
4.9916,30,0,0,0.0,0.0
4.9916,31,0,0,0.0,0.0
4.9916,32,0,0,0.0,0.0
4.9916,33,0,0,0.0,0.0
4.9916,34,0,0,0.0,0.0
4.9916,35,0,0,0.0,0.0
4.9916,36,0,0,0.0,0.0
4.9916,37,0,-8,8.0,-90.0
4.9916,38,9,-6,10.817,-33.69
4.9916,39,5,-6,7.81,-50.19
4.9916,40,1,-6,6.083,-80.54
4.9916,41,-3,-8,8.544,-110.56
4.9916,42,-8,-9,12.042,-131.63
4.9916,43,-13,-13,18.385,-135.0
4.9916,44,-17,-15,22.672,-138.58
4.9916,45,-21,-17,27.019,-141.01
4.9916,46,-23,-21,31.145,-137.6
4.9916,47,-25,-21,32.65,-139.97
4.9916,48,-26,-22,34.059,-139.76
4.9916,49,-25,-23,33.971,-137.39
4.9916,50,-23,-19,29.833,-140.44
4.9916,51,-20,-17,26.249,-139.64
4.9916,52,-18,-13,22.204,-144.16
4.9916,53,-17,-7,18.385,-157.62
4.9916,54,-14,-3,14.318,-167.91
4.9916,55,-15,3,15.297,168.69
4.9916,56,-17,9,19.235,152.1
4.9916,57,-18,12,21.633,146.31
4.9916,58,-22,16,27.203,143.97
4.9916,59,-28,18,33.287,147.26
4.9916,60,-29,17,33.615,149.62
4.9916,61,-34,17,38.013,153.43
4.9916,62,-35,13,37.336,159.62
5.0353,0,64,9,64.63,8.0
5.0353,1,0,-10,10.0,-90.0
5.0353,2,35,-4,35.228,-6.52
5.0353,3,32,-6,32.558,-10.62
5.0353,4,23,-6,23.77,-14.62
5.0353,5,16,-7,17.464,-23.63
5.0353,6,12,-12,16.971,-45.0
5.0353,7,8,-15,17.0,-61.93
5.0353,8,5,-18,18.682,-74.48
5.0353,9,3,-24,24.187,-82.87
5.0353,10,3,-26,26.173,-83.42
5.0353,11,6,-30,30.594,-78.69
5.0353,12,9,-30,31.321,-73.3
5.0353,13,12,-30,32.311,-68.2
5.0353,14,14,-29,32.202,-64.23
5.0353,15,17,-27,31.906,-57.8
5.0353,16,18,-25,30.806,-54.25
5.0353,17,18,-21,27.659,-49.4
5.0353,18,17,-19,25.495,-48.18
5.0353,19,15,-16,21.932,-46.85
5.0353,20,11,-14,17.804,-51.84
5.0353,21,6,-13,14.318,-65.22
5.0353,22,1,-13,13.038,-85.6
5.0353,23,-2,-14,14.142,-98.13
5.0353,24,-6,-16,17.088,-110.56
5.0353,25,-9,-16,18.358,-119.36
5.0353,26,-12,0,12.0,180.0
5.0353,27,0,0,0.0,0.0
5.0353,28,0,0,0.0,0.0
5.0353,29,0,0,0.0,0.0
5.0353,30,0,0,0.0,0.0
5.0353,31,0,0,0.0,0.0
5.0353,32,0,0,0.0,0.0
5.0353,33,0,0,0.0,0.0
5.0353,34,0,0,0.0,0.0
5.0353,35,0,0,0.0,0.0
5.0353,36,0,0,0.0,0.0
5.0353,37,0,9,9.0,90.0
5.0353,38,-10,8,12.806,141.34
5.0353,39,-6,7,9.22,130.6
5.0353,40,-2,6,6.325,108.43
5.0353,41,3,7,7.616,66.8
5.0353,42,9,8,12.042,41.63
5.0353,43,14,10,17.205,35.54
5.0353,44,20,13,23.854,33.02
5.0353,45,24,16,28.844,33.69
5.0353,46,26,19,32.202,36.16
5.0353,47,29,21,35.805,35.91
5.0353,48,29,21,35.805,35.91
5.0353,49,29,21,35.805,35.91
5.0353,50,27,19,33.015,35.13
5.0353,51,23,16,28.018,34.82
5.0353,52,20,12,23.324,30.96
5.0353,53,18,5,18.682,15.52
5.0353,54,15,0,15.0,0.0
5.0353,55,14,-7,15.652,-26.57
5.0353,56,15,-10,18.028,-33.69
5.0353,57,18,-16,24.083,-41.63
5.0353,58,22,-18,28.425,-39.29
5.0353,59,29,-22,36.401,-37.18
5.0353,60,31,-23,38.601,-36.57
5.0353,61,37,-22,43.046,-30.74
5.0353,62,34,-19,38.949,-29.2
5.0568,0,49,27,55.946,28.86
5.0568,1,0,-9,9.0,-90.0
5.0568,2,31,-5,31.401,-9.16
5.0568,3,23,-3,23.195,-7.43
5.0568,4,15,1,15.033,3.81
5.0568,5,9,2,9.22,12.53
5.0568,6,3,2,3.606,33.69
5.0568,7,-7,1,7.071,171.87
5.0568,8,-12,-3,12.369,-165.96
5.0568,9,-17,-3,17.263,-169.99
5.0568,10,-23,-5,23.537,-167.74
5.0568,11,-26,-12,28.636,-155.22
5.0568,12,-29,-12,31.385,-157.52
5.0568,13,-30,-15,33.541,-153.43
5.0568,14,-28,-15,31.765,-151.82
5.0568,15,-29,-14,32.202,-154.23
5.0568,16,-27,-14,30.414,-152.59
5.0568,17,-25,-12,27.731,-154.36
5.0568,18,-22,-7,23.087,-162.35
5.0568,19,-16,-4,16.492,-165.96
5.0568,20,-15,0,15.0,180.0
5.0568,21,-11,4,11.705,160.02
5.0568,22,-7,10,12.207,124.99
5.0568,23,-6,14,15.232,113.2
5.0568,24,-3,19,19.235,98.97
5.0568,25,-1,22,22.023,92.6
5.0568,26,1,0,1.0,0.0
5.0568,27,0,0,0.0,0.0
5.0568,28,0,0,0.0,0.0
5.0568,29,0,0,0.0,0.0
5.0568,30,0,0,0.0,0.0
5.0568,31,0,0,0.0,0.0
5.0568,32,0,0,0.0,0.0
5.0568,33,0,0,0.0,0.0
5.0568,34,0,0,0.0,0.0
5.0568,35,0,0,0.0,0.0
5.0568,36,0,0,0.0,0.0
5.0568,37,0,-14,14.0,-90.0
5.0568,38,6,-10,11.662,-59.04
5.0568,39,4,-5,6.403,-51.34
5.0568,40,4,-1,4.123,-14.04
5.0568,41,3,3,4.243,45.0
5.0568,42,3,8,8.544,69.44
5.0568,43,2,14,14.142,81.87
5.0568,44,-1,19,19.026,93.01
5.0568,45,-4,20,20.396,101.31
5.0568,46,-2,24,24.083,94.76
5.0568,47,-4,23,23.345,99.87
5.0568,48,-4,24,24.331,99.46
5.0568,49,-3,21,21.213,98.13
5.0568,50,-2,19,19.105,96.01
5.0568,51,1,15,15.033,86.19
5.0568,52,2,9,9.22,77.47
5.0568,53,6,4,7.211,33.69
5.0568,54,9,0,9.0,0.0
5.0568,55,15,-7,16.553,-25.02
5.0568,56,18,-10,20.591,-29.05
5.0568,57,25,-13,28.178,-27.47
5.0568,58,29,-17,33.615,-30.38
5.0568,59,34,-18,38.471,-27.9
5.0568,60,38,-18,42.048,-25.35
5.0568,61,41,-17,44.385,-22.52
5.0568,62,43,-16,45.88,-20.41
5.0816,0,80,2,80.025,1.43
5.0816,1,0,34,34.0,90.0
5.0816,2,-14,31,34.015,114.3
5.0816,3,-13,26,29.069,116.57
5.0816,4,-13,18,22.204,125.84
5.0816,5,-10,15,18.028,123.69
5.0816,6,-7,9,11.402,127.87
5.0816,7,-3,4,5.0,126.87
5.0816,8,2,-1,2.236,-26.57
5.0816,9,8,-4,8.944,-26.57
5.0816,10,13,-8,15.264,-31.61
5.0816,11,22,-8,23.409,-19.98
5.0816,12,24,-10,26.0,-22.62
5.0816,13,30,-11,31.953,-20.14
5.0816,14,33,-10,34.482,-16.86
5.0816,15,33,-12,35.114,-19.98
5.0816,16,37,-12,38.897,-17.97
5.0816,17,38,-9,39.051,-13.32
5.0816,18,32,-9,33.242,-15.71
5.0816,19,27,-7,27.893,-14.53
5.0816,20,23,-7,24.042,-16.93
5.0816,21,17,-6,18.028,-19.44
5.0816,22,12,-6,13.416,-26.57
5.0816,23,6,-6,8.485,-45.0
5.0816,24,0,-5,5.0,-90.0
5.0816,25,-5,-4,6.403,-141.34
5.0816,26,-10,0,10.0,180.0
5.0816,27,0,0,0.0,0.0
5.0816,28,0,0,0.0,0.0
5.0816,29,0,0,0.0,0.0
5.0816,30,0,0,0.0,0.0
5.0816,31,0,0,0.0,0.0
5.0816,32,0,0,0.0,0.0
5.0816,33,0,0,0.0,0.0
5.0816,34,0,0,0.0,0.0
5.0816,35,0,0,0.0,0.0
5.0816,36,0,0,0.0,0.0
5.0816,37,0,0,0.0,0.0
5.0816,38,4,-3,5.0,-36.87
5.0816,39,1,-6,6.083,-80.54
5.0816,40,-2,-11,11.18,-100.3
5.0816,41,-6,-14,15.232,-113.2
5.0816,42,-9,-15,17.493,-120.96
5.0816,43,-10,-20,22.361,-116.57
5.0816,44,-14,-20,24.413,-124.99
5.0816,45,-15,-24,28.302,-122.01
5.0816,46,-18,-25,30.806,-125.75
5.0816,47,-19,-28,33.838,-124.16
5.0816,48,-22,-28,35.609,-128.16
5.0816,49,-21,-24,31.89,-131.19
5.0816,50,-18,-21,27.659,-130.6
5.0816,51,-16,-17,23.345,-133.26
5.0816,52,-12,-15,19.209,-128.66
5.0816,53,-10,-7,12.207,-145.01
5.0816,54,-6,-3,6.708,-153.43
5.0816,55,-4,3,5.0,143.13
5.0816,56,-2,9,9.22,102.53
5.0816,57,-1,14,14.036,94.09
5.0816,58,-1,21,21.024,92.73
5.0816,59,-2,22,22.091,95.19
5.0816,60,-2,31,31.064,93.69
5.0816,61,-4,38,38.21,96.01
5.0816,62,-6,37,37.483,99.21
5.1806,0,116,76,138.679,33.23
5.1806,1,0,-25,25.0,-90.0
5.1806,2,-7,-18,19.313,-111.25
5.1806,3,-7,-11,13.038,-122.47
5.1806,4,-10,-9,13.454,-138.01
5.1806,5,-12,-4,12.649,-161.57
5.1806,6,-13,-2,13.153,-171.25
5.1806,7,-17,-1,17.029,-176.63
5.1806,8,-22,-1,22.023,-177.4
5.1806,9,-26,-5,26.476,-169.11
5.1806,10,-30,-6,30.594,-168.69
5.1806,11,-31,-11,32.894,-160.46
5.1806,12,-32,-14,34.928,-156.37
5.1806,13,-32,-16,35.777,-153.43
5.1806,14,-31,-18,35.847,-149.86
5.1806,15,-29,-19,34.67,-146.77
5.1806,16,-25,-19,31.401,-142.77
5.1806,17,-23,-16,28.018,-145.18
5.1806,18,-20,-13,23.854,-146.98
5.1806,19,-18,-9,20.125,-153.43
5.1806,20,-15,-5,15.811,-161.57
5.1806,21,-15,-1,15.033,-176.19
5.1806,22,-14,3,14.318,167.91
5.1806,23,-16,8,17.889,153.43
5.1806,24,-17,9,19.235,152.1
5.1806,25,-17,11,20.248,147.09
5.1806,26,-19,0,19.0,180.0
5.1806,27,0,0,0.0,0.0
5.1806,28,0,0,0.0,0.0
5.1806,29,0,0,0.0,0.0
5.1806,30,0,0,0.0,0.0
5.1806,31,0,0,0.0,0.0
5.1806,32,0,0,0.0,0.0
5.1806,33,0,0,0.0,0.0
5.1806,34,0,0,0.0,0.0
5.1806,35,0,0,0.0,0.0
5.1806,36,0,0,0.0,0.0
5.1806,37,0,2,2.0,90.0
5.1806,38,9,-1,9.055,-6.34
5.1806,39,6,-5,7.81,-39.81
5.1806,40,4,-8,8.944,-63.43
5.1806,41,3,-12,12.369,-75.96
5.1806,42,3,-15,15.297,-78.69
5.1806,43,2,-20,20.1,-84.29
5.1806,44,3,-23,23.195,-82.57
5.1806,45,3,-25,25.179,-83.16
5.1806,46,5,-27,27.459,-79.51
5.1806,47,6,-27,27.659,-77.47
5.1806,48,6,-26,26.683,-77.01
5.1806,49,7,-24,25.0,-73.74
5.1806,50,7,-23,24.042,-73.07
5.1806,51,6,-21,21.84,-74.05
5.1806,52,3,-19,19.235,-81.03
5.1806,53,-1,-18,18.028,-93.18
5.1806,54,-5,-18,18.682,-105.52
5.1806,55,-8,-18,19.698,-113.96
5.1806,56,-11,-21,23.707,-117.65
5.1806,57,-15,-23,27.459,-123.11
5.1806,58,-17,-24,29.411,-125.31
5.1806,59,-18,-28,33.287,-122.74
5.1806,60,-19,-29,34.67,-123.23
5.1806,61,-19,-31,36.359,-121.5
5.1806,62,-15,-32,35.341,-115.11
5.2204,0,1,26,26.019,87.8
5.2204,1,0,-12,12.0,-90.0
5.2204,2,16,-12,20.0,-36.87
5.2204,3,14,-11,17.804,-38.16
5.2204,4,9,-11,14.213,-50.71
5.2204,5,3,-13,13.342,-77.01
5.2204,6,-1,-18,18.028,-93.18
5.2204,7,-6,-20,20.881,-106.7
5.2204,8,-8,-25,26.249,-107.74
5.2204,9,-8,-28,29.12,-105.95
5.2204,10,-7,-32,32.757,-102.34
5.2204,11,-6,-35,35.511,-99.73
5.2204,12,-3,-37,37.121,-94.64
5.2204,13,1,-35,35.014,-88.36
5.2204,14,3,-34,34.132,-84.96
5.2204,15,6,-32,32.558,-79.38
5.2204,16,7,-29,29.833,-76.43
5.2204,17,9,-25,26.571,-70.2
5.2204,18,8,-21,22.472,-69.15
5.2204,19,5,-17,17.72,-73.61
5.2204,20,2,-14,14.142,-81.87
5.2204,21,-1,-14,14.036,-94.09
5.2204,22,-5,-11,12.083,-114.44
5.2204,23,-10,-11,14.866,-132.27
5.2204,24,-14,-12,18.439,-139.4
5.2204,25,-16,-12,20.0,-143.13
5.2204,26,-19,0,19.0,180.0
5.2204,27,0,0,0.0,0.0
5.2204,28,0,0,0.0,0.0
5.2204,29,0,0,0.0,0.0
5.2204,30,0,0,0.0,0.0
5.2204,31,0,0,0.0,0.0
5.2204,32,0,0,0.0,0.0
5.2204,33,0,0,0.0,0.0
5.2204,34,0,0,0.0,0.0
5.2204,35,0,0,0.0,0.0
5.2204,36,0,0,0.0,0.0
5.2204,37,0,9,9.0,90.0
5.2204,38,-1,7,7.071,98.13
5.2204,39,2,4,4.472,63.43
5.2204,40,4,2,4.472,26.57
5.2204,41,7,1,7.071,8.13
5.2204,42,12,0,12.0,0.0
5.2204,43,17,0,17.0,0.0
5.2204,44,20,0,20.0,0.0
5.2204,45,24,1,24.021,2.39
5.2204,46,25,1,25.02,2.29
5.2204,47,28,1,28.018,2.05
5.2204,48,28,3,28.16,6.12
5.2204,49,27,2,27.074,4.24
5.2204,50,26,2,26.077,4.4
5.2204,51,22,0,22.0,0.0
5.2204,52,20,-3,20.224,-8.53
5.2204,53,18,-8,19.698,-23.96
5.2204,54,14,-12,18.439,-40.6
5.2204,55,12,-15,19.209,-51.34
5.2204,56,13,-19,23.022,-55.62
5.2204,57,13,-24,27.295,-61.56
5.2204,58,15,-24,28.302,-57.99
5.2204,59,16,-27,31.385,-59.35
5.2204,60,20,-25,32.016,-51.34
5.2204,61,21,-23,31.145,-47.6
5.2204,62,23,-22,31.828,-43.73
5.2451,0,80,8,80.399,5.71
5.2451,1,0,-3,3.0,-90.0
5.2451,2,-20,-3,20.224,-171.47
5.2451,3,-17,1,17.029,176.63
5.2451,4,-15,3,15.297,168.69
5.2451,5,-9,9,12.728,135.0
5.2451,6,-6,12,13.416,116.57
5.2451,7,-5,18,18.682,105.52
5.2451,8,-6,21,21.84,105.95
5.2451,9,-6,25,25.71,103.5
5.2451,10,-10,28,29.732,109.65
5.2451,11,-13,28,30.871,114.9
5.2451,12,-17,28,32.757,121.26
5.2451,13,-21,27,34.205,127.87
5.2451,14,-23,24,33.242,133.78
5.2451,15,-26,21,33.422,141.07
5.2451,16,-25,18,30.806,144.25
5.2451,17,-24,16,28.844,146.31
5.2451,18,-21,14,25.239,146.31
5.2451,19,-16,12,20.0,143.13
5.2451,20,-12,11,16.279,137.49
5.2451,21,-7,11,13.038,122.47
5.2451,22,-2,12,12.166,99.46
5.2451,23,3,15,15.297,78.69
5.2451,24,6,15,16.155,68.2
5.2451,25,9,17,19.235,62.1
5.2451,26,13,0,13.0,0.0
5.2451,27,0,0,0.0,0.0
5.2451,28,0,0,0.0,0.0
5.2451,29,0,0,0.0,0.0
5.2451,30,0,0,0.0,0.0
5.2451,31,0,0,0.0,0.0
5.2451,32,0,0,0.0,0.0
5.2451,33,0,0,0.0,0.0
5.2451,34,0,0,0.0,0.0
5.2451,35,0,0,0.0,0.0
5.2451,36,0,0,0.0,0.0
5.2451,37,0,-7,7.0,-90.0
5.2451,38,8,-7,10.63,-41.19
5.2451,39,3,-8,8.544,-69.44
5.2451,40,0,-10,10.0,-90.0
5.2451,41,-4,-12,12.649,-108.43
5.2451,42,-8,-13,15.264,-121.61
5.2451,43,-11,-16,19.416,-124.51
5.2451,44,-14,-19,23.601,-126.38
5.2451,45,-15,-21,25.807,-125.54
5.2451,46,-17,-24,29.411,-125.31
5.2451,47,-19,-24,30.61,-128.37
5.2451,48,-17,-23,28.601,-126.47
5.2451,49,-16,-21,26.401,-127.3
5.2451,50,-15,-19,24.207,-128.29
5.2451,51,-14,-15,20.518,-133.03
5.2451,52,-13,-11,17.029,-139.76
5.2451,53,-13,-6,14.318,-155.22
5.2451,54,-13,-4,13.601,-162.9
5.2451,55,-16,0,16.0,180.0
5.2451,56,-18,3,18.248,170.54
5.2451,57,-22,6,22.804,164.74
5.2451,58,-25,5,25.495,168.69
5.2451,59,-27,3,27.166,173.66
5.2451,60,-30,3,30.15,174.29
5.2451,61,-30,0,30.0,180.0
5.2451,62,-32,-3,32.14,-174.64
5.2873,0,49,26,55.471,27.95
5.2873,1,0,9,9.0,90.0
5.2873,2,18,7,19.313,21.25
5.2873,3,12,3,12.369,14.04
5.2873,4,13,-1,13.038,-4.4
5.2873,5,9,-4,9.849,-23.96
5.2873,6,8,-9,12.042,-48.37
5.2873,7,7,-14,15.652,-63.43
5.2873,8,10,-18,20.591,-60.95
5.2873,9,12,-19,22.472,-57.72
5.2873,10,16,-19,24.839,-49.9
5.2873,11,19,-19,26.87,-45.0
5.2873,12,24,-16,28.844,-33.69
5.2873,13,29,-13,31.78,-24.15
5.2873,14,31,-12,33.242,-21.16
5.2873,15,30,-9,31.321,-16.7
5.2873,16,29,-7,29.833,-13.57
5.2873,17,28,-6,28.636,-12.09
5.2873,18,24,-6,24.739,-14.04
5.2873,19,19,-7,20.248,-20.22
5.2873,20,16,-7,17.464,-23.63
5.2873,21,11,-10,14.866,-42.27
5.2873,22,6,-14,15.232,-66.8
5.2873,23,4,-17,17.464,-76.76
5.2873,24,0,-20,20.0,-90.0
5.2873,25,-1,-23,23.022,-92.49
5.2873,26,-2,0,2.0,180.0
5.2873,27,0,0,0.0,0.0
5.2873,28,0,0,0.0,0.0
5.2873,29,0,0,0.0,0.0
5.2873,30,0,0,0.0,0.0
5.2873,31,0,0,0.0,0.0
5.2873,32,0,0,0.0,0.0
5.2873,33,0,0,0.0,0.0
5.2873,34,0,0,0.0,0.0
5.2873,35,0,0,0.0,0.0
5.2873,36,0,0,0.0,0.0
5.2873,37,0,4,4.0,90.0
5.2873,38,-9,6,10.817,146.31
5.2873,39,-6,7,9.22,130.6
5.2873,40,-3,9,9.487,108.43
5.2873,41,1,12,12.042,85.24
5.2873,42,4,15,15.524,75.07
5.2873,43,7,18,19.313,68.75
5.2873,44,9,21,22.847,66.8
5.2873,45,10,23,25.08,66.5
5.2873,46,11,25,27.313,66.25
5.2873,47,11,25,27.313,66.25
5.2873,48,10,25,26.926,68.2
5.2873,49,10,22,24.166,65.56
5.2873,50,9,20,21.932,65.77
5.2873,51,9,16,18.358,60.64
5.2873,52,8,13,15.264,58.39
5.2873,53,8,9,12.042,48.37
5.2873,54,11,6,12.53,28.61
5.2873,55,13,3,13.342,12.99
5.2873,56,15,2,15.133,7.59
5.2873,57,21,3,21.213,8.13
5.2873,58,24,3,24.187,7.13
5.2873,59,25,3,25.179,6.84
5.2873,60,28,5,28.443,10.12
5.2873,61,27,7,27.893,14.53
5.2873,62,30,10,31.623,18.43
5.308,0,64,9,64.63,8.0
5.308,1,0,-10,10.0,-90.0
5.308,2,14,-13,19.105,-42.88
5.308,3,12,-14,18.439,-49.4
5.308,4,5,-14,14.866,-70.35
5.308,5,5,-21,21.587,-76.61
5.308,6,4,-20,20.396,-78.69
5.308,7,3,-23,23.195,-82.57
5.308,8,5,-25,25.495,-78.69
5.308,9,8,-26,27.203,-72.9
5.308,10,9,-25,26.571,-70.2
5.308,11,14,-25,28.653,-60.75
5.308,12,17,-24,29.411,-54.69
5.308,13,20,-19,27.586,-43.53
5.308,14,22,-17,27.803,-37.69
5.308,15,25,-15,29.155,-30.96
5.308,16,23,-12,25.942,-27.55
5.308,17,23,-10,25.08,-23.5
5.308,18,19,-8,20.616,-22.83
5.308,19,18,-8,19.698,-23.96
5.308,20,12,-11,16.279,-42.51
5.308,21,10,-12,15.62,-50.19
5.308,22,6,-14,15.232,-66.8
5.308,23,3,-16,16.279,-79.38
5.308,24,4,-20,20.396,-78.69
5.308,25,0,-22,22.0,-90.0
5.308,26,2,0,2.0,0.0
5.308,27,0,0,0.0,0.0
5.308,28,0,0,0.0,0.0
5.308,29,0,0,0.0,0.0
5.308,30,0,0,0.0,0.0
5.308,31,0,0,0.0,0.0
5.308,32,0,0,0.0,0.0
5.308,33,0,0,0.0,0.0
5.308,34,0,0,0.0,0.0
5.308,35,0,0,0.0,0.0
5.308,36,0,0,0.0,0.0
5.308,37,0,14,14.0,90.0
5.308,38,0,12,12.0,90.0
5.308,39,4,9,9.849,66.04
5.308,40,5,9,10.296,60.95
5.308,41,10,8,12.806,38.66
5.308,42,15,9,17.493,30.96
5.308,43,17,10,19.723,30.47
5.308,44,22,12,25.06,28.61
5.308,45,25,14,28.653,29.25
5.308,46,26,17,31.064,33.18
5.308,47,28,16,32.249,29.74
5.308,48,28,17,32.757,31.26
5.308,49,26,16,30.529,31.61
5.308,50,27,16,31.385,30.65
5.308,51,24,15,28.302,32.01
5.308,52,22,10,24.166,24.44
5.308,53,18,8,19.698,23.96
5.308,54,17,4,17.464,13.24
5.308,55,14,-3,14.318,-12.09
5.308,56,14,-4,14.56,-15.95
5.308,57,16,-5,16.763,-17.35
5.308,58,19,-7,20.248,-20.22
5.308,59,15,-7,16.553,-25.02
5.308,60,20,-10,22.361,-26.57
5.308,61,18,-8,19.698,-23.96
5.308,62,21,-6,21.84,-15.95
5.3338,0,-96,8,96.333,175.24
5.3338,1,0,-21,21.0,-90.0
5.3338,2,-6,-19,19.925,-107.53
5.3338,3,-6,-17,18.028,-109.44
5.3338,4,-5,-19,19.647,-104.74
5.3338,5,-11,-21,23.707,-117.65
5.3338,6,-12,-19,22.472,-122.28
5.3338,7,-13,-23,26.42,-119.48
5.3338,8,-15,-25,29.155,-120.96
5.3338,9,-12,-28,30.463,-113.2
5.3338,10,-11,-28,30.083,-111.45
5.3338,11,-6,-31,31.575,-100.95
5.3338,12,-3,-30,30.15,-95.71
5.3338,13,-1,-30,30.017,-91.91
5.3338,14,1,-29,29.017,-88.03
5.3338,15,3,-26,26.173,-83.42
5.3338,16,4,-25,25.318,-80.91
5.3338,17,5,-20,20.616,-75.96
5.3338,18,5,-20,20.616,-75.96
5.3338,19,2,-16,16.125,-82.87
5.3338,20,1,-17,17.029,-86.63
5.3338,21,-4,-16,16.492,-104.04
5.3338,22,-7,-15,16.553,-115.02
5.3338,23,-9,-17,19.235,-117.9
5.3338,24,-11,-17,20.248,-122.91
5.3338,25,-13,-19,23.022,-124.38
5.3338,26,-13,0,13.0,180.0
5.3338,27,0,0,0.0,0.0
5.3338,28,0,0,0.0,0.0
5.3338,29,0,0,0.0,0.0
5.3338,30,0,0,0.0,0.0
5.3338,31,0,0,0.0,0.0
5.3338,32,0,0,0.0,0.0
5.3338,33,0,0,0.0,0.0
5.3338,34,0,0,0.0,0.0
5.3338,35,0,0,0.0,0.0
5.3338,36,0,0,0.0,0.0
5.3338,37,0,-6,6.0,-90.0
5.3338,38,16,-9,18.358,-29.36
5.3338,39,16,-12,20.0,-36.87
5.3338,40,16,-15,21.932,-43.15
5.3338,41,16,-17,23.345,-46.74
5.3338,42,18,-19,26.173,-46.55
5.3338,43,17,-22,27.803,-52.31
5.3338,44,19,-21,28.32,-47.86
5.3338,45,20,-23,30.48,-48.99
5.3338,46,23,-22,31.828,-43.73
5.3338,47,22,-24,32.558,-47.49
5.3338,48,24,-22,32.558,-42.51
5.3338,49,23,-20,30.48,-41.01
5.3338,50,21,-17,27.019,-38.99
5.3338,51,18,-16,24.083,-41.63
5.3338,52,14,-12,18.439,-40.6
5.3338,53,10,-12,15.62,-50.19
5.3338,54,7,-13,14.765,-61.7
5.3338,55,3,-16,16.279,-79.38
5.3338,56,1,-16,16.031,-86.42
5.3338,57,-4,-18,18.439,-102.53
5.3338,58,-6,-19,19.925,-107.53
5.3338,59,-2,-23,23.087,-94.97
5.3338,60,-5,-22,22.561,-102.8
5.3338,61,-6,-26,26.683,-102.99
5.3338,62,-3,-26,26.173,-96.58
5.3891,0,-32,1,32.016,178.21
5.3891,1,0,-5,5.0,-90.0
5.3891,2,-30,-6,30.594,-168.69
5.3891,3,-25,-6,25.71,-166.5
5.3891,4,-20,-5,20.616,-165.96
5.3891,5,-13,-4,13.601,-162.9
5.3891,6,-9,-1,9.055,-173.66
5.3891,7,-3,2,3.606,146.31
5.3891,8,2,5,5.385,68.2
5.3891,9,7,9,11.402,52.13
5.3891,10,10,14,17.205,54.46
5.3891,11,15,15,21.213,45.0
5.3891,12,14,19,23.601,53.62
5.3891,13,17,21,27.019,51.01
5.3891,14,18,21,27.659,49.4
5.3891,15,17,23,28.601,53.53
5.3891,16,17,25,30.232,55.78
5.3891,17,18,21,27.659,49.4
5.3891,18,14,16,21.26,48.81
5.3891,19,11,15,18.601,53.75
5.3891,20,9,10,13.454,48.01
5.3891,21,7,7,9.899,45.0
5.3891,22,4,3,5.0,36.87
5.3891,23,3,-1,3.162,-18.43
5.3891,24,1,-4,4.123,-75.96
5.3891,25,0,-7,7.0,-90.0
5.3891,26,-2,0,2.0,180.0
5.3891,27,0,0,0.0,0.0
5.3891,28,0,0,0.0,0.0
5.3891,29,0,0,0.0,0.0
5.3891,30,0,0,0.0,0.0
5.3891,31,0,0,0.0,0.0
5.3891,32,0,0,0.0,0.0
5.3891,33,0,0,0.0,0.0
5.3891,34,0,0,0.0,0.0
5.3891,35,0,0,0.0,0.0
5.3891,36,0,0,0.0,0.0
5.3891,37,0,4,4.0,90.0
5.3891,38,6,0,6.0,0.0
5.3891,39,10,-4,10.77,-21.8
5.3891,40,14,-9,16.643,-32.74
5.3891,41,20,-12,23.324,-30.96
5.3891,42,20,-14,24.413,-34.99
5.3891,43,19,-18,26.173,-43.45
5.3891,44,23,-19,29.833,-39.56
5.3891,45,22,-22,31.113,-45.0
5.3891,46,24,-22,32.558,-42.51
5.3891,47,22,-25,33.302,-48.65
5.3891,48,24,-24,33.941,-45.0
5.3891,49,21,-19,28.32,-42.14
5.3891,50,16,-15,21.932,-43.15
5.3891,51,11,-10,14.866,-42.27
5.3891,52,7,-8,10.63,-48.81
5.3891,53,3,-3,4.243,-45.0
5.3891,54,-2,0,2.0,180.0
5.3891,55,-7,3,7.616,156.8
5.3891,56,-11,4,11.705,160.02
5.3891,57,-18,5,18.682,164.48
5.3891,58,-20,6,20.881,163.3
5.3891,59,-27,5,27.459,169.51
5.3891,60,-26,5,26.476,169.11
5.3891,61,-32,3,32.14,174.64
5.3891,62,-38,1,38.013,178.49
5.4271,0,16,9,18.358,29.36
5.4271,1,0,-24,24.0,-90.0
5.4271,2,-15,-26,30.017,-119.98
5.4271,3,-12,-26,28.636,-114.78
5.4271,4,-15,-26,30.017,-119.98
5.4271,5,-14,-24,27.785,-120.26
5.4271,6,-12,-20,23.324,-120.96
5.4271,7,-10,-23,25.08,-113.5
5.4271,8,-10,-23,25.08,-113.5
5.4271,9,-5,-20,20.616,-104.04
5.4271,10,-1,-22,22.023,-92.6
5.4271,11,-2,-18,18.111,-96.34
5.4271,12,-1,-20,20.025,-92.86
5.4271,13,0,-23,23.0,-90.0
5.4271,14,-2,-22,22.091,-95.19
5.4271,15,-2,-21,21.095,-95.44
5.4271,16,-1,-23,23.022,-92.49
5.4271,17,2,-23,23.087,-85.03
5.4271,18,2,-23,23.087,-85.03
5.4271,19,-1,-23,23.022,-92.49
5.4271,20,-2,-21,21.095,-95.44
5.4271,21,-3,-24,24.187,-97.13
5.4271,22,-2,-23,23.087,-94.97
5.4271,23,-3,-25,25.179,-96.84
5.4271,24,-1,-26,26.019,-92.2
5.4271,25,-1,-25,25.02,-92.29
5.4271,26,-3,0,3.0,180.0
5.4271,27,0,0,0.0,0.0
5.4271,28,0,0,0.0,0.0
5.4271,29,0,0,0.0,0.0
5.4271,30,0,0,0.0,0.0
5.4271,31,0,0,0.0,0.0
5.4271,32,0,0,0.0,0.0
5.4271,33,0,0,0.0,0.0
5.4271,34,0,0,0.0,0.0
5.4271,35,0,0,0.0,0.0
5.4271,36,0,0,0.0,0.0
5.4271,37,0,-21,21.0,-90.0
5.4271,38,8,-22,23.409,-70.02
5.4271,39,7,-22,23.087,-72.35
5.4271,40,4,-21,21.378,-79.22
5.4271,41,4,-24,24.331,-80.54
5.4271,42,1,-25,25.02,-87.71
5.4271,43,1,-25,25.02,-87.71
5.4271,44,0,-28,28.0,-90.0
5.4271,45,-2,-31,31.064,-93.69
5.4271,46,1,-31,31.016,-88.15
5.4271,47,1,-31,31.016,-88.15
5.4271,48,0,-31,31.0,-90.0
5.4271,49,0,-29,29.0,-90.0
5.4271,50,2,-27,27.074,-85.76
5.4271,51,3,-24,24.187,-82.87
5.4271,52,3,-20,20.224,-81.47
5.4271,53,4,-18,18.439,-77.47
5.4271,54,1,-13,13.038,-85.6
5.4271,55,0,-13,13.0,-90.0
5.4271,56,-2,-13,13.153,-98.75
5.4271,57,-6,-12,13.416,-116.57
5.4271,58,-9,-12,15.0,-126.87
5.4271,59,-12,-14,18.439,-130.6
5.4271,60,-17,-15,22.672,-138.58
5.4271,61,-16,-19,24.839,-130.1
5.4271,62,-18,-20,26.907,-131.99
5.4448,0,-32,1,32.016,178.21
5.4448,1,0,8,8.0,90.0
5.4448,2,24,9,25.632,20.56
5.4448,3,22,8,23.409,19.98
5.4448,4,18,7,19.313,21.25
5.4448,5,14,5,14.866,19.65
5.4448,6,12,3,12.369,14.04
5.4448,7,10,0,10.0,0.0
5.4448,8,8,-4,8.944,-26.57
5.4448,9,7,-7,9.899,-45.0
5.4448,10,7,-11,13.038,-57.53
5.4448,11,10,-11,14.866,-47.73
5.4448,12,10,-13,16.401,-52.43
5.4448,13,12,-14,18.439,-49.4
5.4448,14,15,-13,19.849,-40.91
5.4448,15,15,-14,20.518,-43.03
5.4448,16,18,-13,22.204,-35.84
5.4448,17,19,-11,21.954,-30.07
5.4448,18,18,-9,20.125,-26.57
5.4448,19,16,-7,17.464,-23.63
5.4448,20,14,-6,15.232,-23.2
5.4448,21,12,-5,13.0,-22.62
5.4448,22,10,-5,11.18,-26.57
5.4448,23,8,-5,9.434,-32.01
5.4448,24,5,-5,7.071,-45.0
5.4448,25,2,-6,6.325,-71.57
5.4448,26,0,0,0.0,0.0
5.4448,27,0,0,0.0,0.0
5.4448,28,0,0,0.0,0.0
5.4448,29,0,0,0.0,0.0
5.4448,30,0,0,0.0,0.0
5.4448,31,0,0,0.0,0.0
5.4448,32,0,0,0.0,0.0
5.4448,33,0,0,0.0,0.0
5.4448,34,0,0,0.0,0.0
5.4448,35,0,0,0.0,0.0
5.4448,36,0,0,0.0,0.0
5.4448,37,0,6,6.0,90.0
5.4448,38,-8,7,10.63,138.81
5.4448,39,-5,9,10.296,119.05
5.4448,40,-2,13,13.153,98.75
5.4448,41,1,13,13.038,85.6
5.4448,42,3,14,14.318,77.91
5.4448,43,5,17,17.72,73.61
5.4448,44,8,17,18.788,64.8
5.4448,45,8,20,21.541,68.2
5.4448,46,9,20,21.932,65.77
5.4448,47,9,25,26.571,70.2
5.4448,48,10,24,26.0,67.38
5.4448,49,8,21,22.472,69.15
5.4448,50,6,19,19.925,72.47
5.4448,51,5,16,16.763,72.65
5.4448,52,4,16,16.492,75.96
5.4448,53,4,10,10.77,68.2
5.4448,54,4,7,8.062,60.26
5.4448,55,4,5,6.403,51.34
5.4448,56,6,3,6.708,26.57
5.4448,57,9,1,9.055,6.34
5.4448,58,11,0,11.0,0.0
5.4448,59,15,0,15.0,0.0
5.4448,60,15,1,15.033,3.81
5.4448,61,21,2,21.095,5.44
5.4448,62,25,4,25.318,9.09
5.4707,0,-16,8,17.889,153.43
5.4707,1,0,-10,10.0,-90.0
5.4707,2,32,-7,32.757,-12.34
5.4707,3,31,0,31.0,0.0
5.4707,4,27,-1,27.019,-2.12
5.4707,5,25,-3,25.179,-6.84
5.4707,6,20,-1,20.025,-2.86
5.4707,7,18,0,18.0,0.0
5.4707,8,12,-4,12.649,-18.43
5.4707,9,7,-3,7.616,-23.2
5.4707,10,7,-9,11.402,-52.13
5.4707,11,7,-9,11.402,-52.13
5.4707,12,6,-8,10.0,-53.13
5.4707,13,7,-9,11.402,-52.13
5.4707,14,8,-13,15.264,-58.39
5.4707,15,11,-15,18.601,-53.75
5.4707,16,9,-17,19.235,-62.1
5.4707,17,14,-16,21.26,-48.81
5.4707,18,14,-17,22.023,-50.53
5.4707,19,18,-21,27.659,-49.4
5.4707,20,21,-18,27.659,-40.6
5.4707,21,22,-18,28.425,-39.29
5.4707,22,23,-15,27.459,-33.11
5.4707,23,22,-17,27.803,-37.69
5.4707,24,25,-14,28.653,-29.25
5.4707,25,25,-14,28.653,-29.25
5.4707,26,25,0,25.0,0.0
5.4707,27,0,0,0.0,0.0
5.4707,28,0,0,0.0,0.0
5.4707,29,0,0,0.0,0.0
5.4707,30,0,0,0.0,0.0
5.4707,31,0,0,0.0,0.0
5.4707,32,0,0,0.0,0.0
5.4707,33,0,0,0.0,0.0
5.4707,34,0,0,0.0,0.0
5.4707,35,0,0,0.0,0.0
5.4707,36,0,0,0.0,0.0
5.4707,37,0,16,16.0,90.0
5.4707,38,9,13,15.811,55.3
5.4707,39,9,12,15.0,53.13
5.4707,40,8,10,12.806,51.34
5.4707,41,8,7,10.63,41.19
5.4707,42,6,4,7.211,33.69
5.4707,43,10,4,10.77,21.8
5.4707,44,11,1,11.045,5.19
5.4707,45,14,0,14.0,0.0
5.4707,46,15,0,15.0,0.0
5.4707,47,18,-1,18.028,-3.18
5.4707,48,20,-2,20.1,-5.71
5.4707,49,22,-1,22.023,-2.6
5.4707,50,24,-2,24.083,-4.76
5.4707,51,25,-1,25.02,-2.29
5.4707,52,24,-4,24.331,-9.46
5.4707,53,22,-4,22.361,-10.3
5.4707,54,22,-4,22.361,-10.3
5.4707,55,21,-8,22.472,-20.85
5.4707,56,21,-9,22.847,-23.2
5.4707,57,23,-11,25.495,-25.56
5.4707,58,22,-14,26.077,-32.47
5.4707,59,25,-13,28.178,-27.47
5.4707,60,26,-14,29.53,-28.3
5.4707,61,28,-16,32.249,-29.74
5.4707,62,29,-15,32.65,-27.35
5.5507,0,-32,1,32.016,178.21
5.5507,1,0,27,27.0,90.0
5.5507,2,-15,25,29.155,120.96
5.5507,3,-17,22,27.803,127.69
5.5507,4,-17,18,24.759,133.36
5.5507,5,-16,17,23.345,133.26
5.5507,6,-16,16,22.627,135.0
5.5507,7,-14,14,19.799,135.0
5.5507,8,-11,14,17.804,128.16
5.5507,9,-10,14,17.205,125.54
5.5507,10,-8,18,19.698,113.96
5.5507,11,-7,17,18.385,112.38
5.5507,12,-5,20,20.616,104.04
5.5507,13,-5,22,22.561,102.8
5.5507,14,-6,22,22.804,105.26
5.5507,15,-6,26,26.683,102.99
5.5507,16,-8,27,28.16,106.5
5.5507,17,-10,24,26.0,112.62
5.5507,18,-10,21,23.259,115.46
5.5507,19,-10,20,22.361,116.57
5.5507,20,-10,17,19.723,120.47
5.5507,21,-9,14,16.643,122.74
5.5507,22,-8,14,16.125,119.74
5.5507,23,-7,13,14.765,118.3
5.5507,24,-6,11,12.53,118.61
5.5507,25,-3,10,10.44,106.7
5.5507,26,0,0,0.0,0.0
5.5507,27,0,0,0.0,0.0
5.5507,28,0,0,0.0,0.0
5.5507,29,0,0,0.0,0.0
5.5507,30,0,0,0.0,0.0
5.5507,31,0,0,0.0,0.0
5.5507,32,0,0,0.0,0.0
5.5507,33,0,0,0.0,0.0
5.5507,34,0,0,0.0,0.0
5.5507,35,0,0,0.0,0.0
5.5507,36,0,0,0.0,0.0
5.5507,37,0,3,3.0,90.0
5.5507,38,-15,4,15.524,165.07
5.5507,39,-13,7,14.765,151.7
5.5507,40,-14,10,17.205,144.46
5.5507,41,-15,11,18.601,143.75
5.5507,42,-13,11,17.029,139.76
5.5507,43,-11,15,18.601,126.25
5.5507,44,-11,16,19.416,124.51
5.5507,45,-11,19,21.954,120.07
5.5507,46,-12,20,23.324,120.96
5.5507,47,-13,24,27.295,118.44
5.5507,48,-16,24,28.844,123.69
5.5507,49,-17,22,27.803,127.69
5.5507,50,-17,19,25.495,131.82
5.5507,51,-16,17,23.345,133.26
5.5507,52,-15,19,24.207,128.29
5.5507,53,-17,14,22.023,140.53
5.5507,54,-13,13,18.385,135.0
5.5507,55,-12,13,17.692,132.71
5.5507,56,-10,14,17.205,125.54
5.5507,57,-8,15,17.0,118.07
5.5507,58,-6,18,18.974,108.43
5.5507,59,-6,17,18.028,109.44
5.5507,60,-5,22,22.561,102.8
5.5507,61,-7,27,27.893,104.53
5.5507,62,-8,27,28.16,106.5
5.6377,0,-32,1,32.016,178.21
5.6377,1,0,-27,27.0,-90.0
5.6377,2,-2,-27,27.074,-94.24
5.6377,3,-2,-25,25.08,-94.57
5.6377,4,-3,-24,24.187,-97.13
5.6377,5,-2,-25,25.08,-94.57
5.6377,6,-2,-26,26.077,-94.4
5.6377,7,-2,-25,25.08,-94.57
5.6377,8,-1,-26,26.019,-92.2
5.6377,9,-1,-25,25.02,-92.29
5.6377,10,0,-28,28.0,-90.0
5.6377,11,1,-24,24.021,-87.61
5.6377,12,2,-25,25.08,-85.43
5.6377,13,2,-24,24.083,-85.24
5.6377,14,3,-22,22.204,-82.23
5.6377,15,2,-23,23.087,-85.03
5.6377,16,2,-23,23.087,-85.03
5.6377,17,2,-21,21.095,-84.56
5.6377,18,1,-19,19.026,-86.99
5.6377,19,0,-19,19.0,-90.0
5.6377,20,0,-18,18.0,-90.0
5.6377,21,-1,-18,18.028,-93.18
5.6377,22,-2,-19,19.105,-96.01
5.6377,23,-2,-20,20.1,-95.71
5.6377,24,-3,-17,17.263,-100.01
5.6377,25,-3,-16,16.279,-100.62
5.6377,26,-4,0,4.0,180.0
5.6377,27,0,0,0.0,0.0
5.6377,28,0,0,0.0,0.0
5.6377,29,0,0,0.0,0.0
5.6377,30,0,0,0.0,0.0
5.6377,31,0,0,0.0,0.0
5.6377,32,0,0,0.0,0.0
5.6377,33,0,0,0.0,0.0
5.6377,34,0,0,0.0,0.0
5.6377,35,0,0,0.0,0.0
5.6377,36,0,0,0.0,0.0
5.6377,37,0,-18,18.0,-90.0
5.6377,38,1,-18,18.028,-86.82
5.6377,39,0,-21,21.0,-90.0
5.6377,40,-1,-25,25.02,-92.29
5.6377,41,-2,-22,22.091,-95.19
5.6377,42,-2,-20,20.1,-95.71
5.6377,43,-2,-22,22.091,-95.19
5.6377,44,-3,-21,21.213,-98.13
5.6377,45,-2,-22,22.091,-95.19
5.6377,46,-3,-22,22.204,-97.77
5.6377,47,-3,-25,25.179,-96.84
5.6377,48,-5,-24,24.515,-101.77
5.6377,49,-5,-23,23.537,-102.26
5.6377,50,-6,-22,22.804,-105.26
5.6377,51,-6,-21,21.84,-105.95
5.6377,52,-6,-25,25.71,-103.5
5.6377,53,-7,-21,22.136,-108.43
5.6377,54,-6,-21,21.84,-105.95
5.6377,55,-6,-23,23.77,-104.62
5.6377,56,-6,-24,24.739,-104.04
5.6377,57,-5,-24,24.515,-101.77
5.6377,58,-4,-26,26.306,-98.75
5.6377,59,-4,-23,23.345,-99.87
5.6377,60,-2,-27,27.074,-94.24
5.6377,61,-2,-29,29.069,-93.95
5.6377,62,-2,-27,27.074,-94.24
5.7004,0,-32,1,32.016,178.21
5.7004,1,0,-3,3.0,-90.0
5.7004,2,22,-4,22.361,-10.3
5.7004,3,19,-7,20.248,-20.22
5.7004,4,17,-9,19.235,-27.9
5.7004,5,14,-13,19.105,-42.88
5.7004,6,15,-15,21.213,-45.0
5.7004,7,17,-16,23.345,-43.26
5.7004,8,17,-17,24.042,-45.0
5.7004,9,21,-16,26.401,-37.3
5.7004,10,22,-17,27.803,-37.69
5.7004,11,27,-12,29.547,-23.96
5.7004,12,25,-12,27.731,-25.64
5.7004,13,27,-10,28.792,-20.32
5.7004,14,26,-7,26.926,-15.07
5.7004,15,23,-7,24.042,-16.93
5.7004,16,23,-7,24.042,-16.93
5.7004,17,21,-7,22.136,-18.43
5.7004,18,16,-8,17.889,-26.57
5.7004,19,12,-9,15.0,-36.87
5.7004,20,10,-11,14.866,-47.73
5.7004,21,8,-13,15.264,-58.39
5.7004,22,6,-16,17.088,-69.44
5.7004,23,5,-19,19.647,-75.26
5.7004,24,6,-17,18.028,-70.56
5.7004,25,6,-18,18.974,-71.57
5.7004,26,5,0,5.0,0.0
5.7004,27,0,0,0.0,0.0
5.7004,28,0,0,0.0,0.0
5.7004,29,0,0,0.0,0.0
5.7004,30,0,0,0.0,0.0
5.7004,31,0,0,0.0,0.0
5.7004,32,0,0,0.0,0.0
5.7004,33,0,0,0.0,0.0
5.7004,34,0,0,0.0,0.0
5.7004,35,0,0,0.0,0.0
5.7004,36,0,0,0.0,0.0
5.7004,37,0,7,7.0,90.0
5.7004,38,15,6,16.155,21.8
5.7004,39,16,7,17.464,23.63
5.7004,40,21,8,22.472,20.85
5.7004,41,27,8,28.16,16.5
5.7004,42,26,8,27.203,17.1
5.7004,43,23,9,24.698,21.37
5.7004,44,26,8,27.203,17.1
5.7004,45,24,10,26.0,22.62
5.7004,46,25,8,26.249,17.74
5.7004,47,22,9,23.77,22.25
5.7004,48,25,6,25.71,13.5
5.7004,49,22,3,22.204,7.77
5.7004,50,19,-1,19.026,-3.01
5.7004,51,17,-4,17.464,-13.24
5.7004,52,15,-8,17.0,-28.07
5.7004,53,19,-9,21.024,-25.35
5.7004,54,17,-11,20.248,-32.91
5.7004,55,18,-13,22.204,-35.84
5.7004,56,21,-13,24.698,-31.76
5.7004,57,25,-13,28.178,-27.47
5.7004,58,26,-11,28.231,-22.93
5.7004,59,31,-8,32.016,-14.47
5.7004,60,27,-6,27.659,-12.53
5.7004,61,32,-4,32.249,-7.13
5.7004,62,34,-2,34.059,-3.37
5.7564,0,112,8,112.285,4.09
5.7564,1,0,43,43.0,90.0
5.7564,2,10,44,45.122,77.2
5.7564,3,9,40,41.0,77.32
5.7564,4,8,38,38.833,78.11
5.7564,5,8,33,33.956,76.37
5.7564,6,7,29,29.833,76.43
5.7564,7,2,24,24.083,85.24
5.7564,8,0,14,14.0,90.0
5.7564,9,-3,6,6.708,116.57
5.7564,10,-5,-2,5.385,-158.2
5.7564,11,-6,-8,10.0,-126.87
5.7564,12,-7,-14,15.652,-116.57
5.7564,13,-8,-21,22.472,-110.85
5.7564,14,-8,-24,25.298,-108.43
5.7564,15,-8,-28,29.12,-105.95
5.7564,16,-7,-31,31.78,-102.72
5.7564,17,-5,-31,31.401,-99.16
5.7564,18,-5,-33,33.377,-98.62
5.7564,19,-2,-32,32.062,-93.58
5.7564,20,0,-33,33.0,-90.0
5.7564,21,1,-30,30.017,-88.09
5.7564,22,2,-29,29.069,-86.05
5.7564,23,3,-25,25.179,-83.16
5.7564,24,3,-21,21.213,-81.87
5.7564,25,2,-19,19.105,-83.99
5.7564,26,1,0,1.0,0.0
5.7564,27,0,0,0.0,0.0
5.7564,28,0,0,0.0,0.0
5.7564,29,0,0,0.0,0.0
5.7564,30,0,0,0.0,0.0
5.7564,31,0,0,0.0,0.0
5.7564,32,0,0,0.0,0.0
5.7564,33,0,0,0.0,0.0
5.7564,34,0,0,0.0,0.0
5.7564,35,0,0,0.0,0.0
5.7564,36,0,0,0.0,0.0
5.7564,37,0,5,5.0,90.0
5.7564,38,15,5,15.811,18.43
5.7564,39,13,4,13.601,17.1
5.7564,40,13,2,13.153,8.75
5.7564,41,10,0,10.0,0.0
5.7564,42,7,-2,7.28,-15.95
5.7564,43,4,-4,5.657,-45.0
5.7564,44,1,-6,6.083,-80.54
5.7564,45,-4,-9,9.849,-113.96
5.7564,46,-10,-9,13.454,-138.01
5.7564,47,-15,-11,18.601,-143.75
5.7564,48,-17,-11,20.248,-147.09
5.7564,49,-21,-12,24.187,-150.26
5.7564,50,-23,-13,26.42,-150.52
5.7564,51,-24,-10,26.0,-157.38
5.7564,52,-26,-10,27.857,-158.96
5.7564,53,-25,-8,26.249,-162.26
5.7564,54,-24,-5,24.515,-168.23
5.7564,55,-21,-1,21.024,-177.27
5.7564,56,-18,4,18.439,167.47
5.7564,57,-17,10,19.723,149.53
5.7564,58,-10,15,18.028,123.69
5.7564,59,-9,19,21.024,115.35
5.7564,60,-2,24,24.083,94.76
5.7564,61,-1,32,32.016,91.79
5.7564,62,5,38,38.328,82.5
5.7789,0,-32,1,32.016,178.21
5.7789,1,0,-14,14.0,-90.0
5.7789,2,-14,-8,16.125,-150.26
5.7789,3,-13,-2,13.153,-171.25
5.7789,4,-14,3,14.318,167.91
5.7789,5,-13,8,15.264,148.39
5.7789,6,-17,11,20.248,147.09
5.7789,7,-21,13,24.698,148.24
5.7789,8,-24,15,28.302,147.99
5.7789,9,-29,12,31.385,157.52
5.7789,10,-30,13,32.696,156.57
5.7789,11,-37,9,38.079,166.33
5.7789,12,-33,6,33.541,169.7
5.7789,13,-35,5,35.355,171.87
5.7789,14,-34,4,34.234,173.29
5.7789,15,-29,3,29.155,174.09
5.7789,16,-28,3,28.16,173.88
5.7789,17,-24,4,24.331,170.54
5.7789,18,-17,5,17.72,163.61
5.7789,19,-12,8,14.422,146.31
5.7789,20,-7,10,12.207,124.99
5.7789,21,-3,13,13.342,102.99
5.7789,22,0,17,17.0,90.0
5.7789,23,2,21,21.095,84.56
5.7789,24,4,21,21.378,79.22
5.7789,25,4,22,22.361,79.7
5.7789,26,5,0,5.0,0.0
5.7789,27,0,0,0.0,0.0
5.7789,28,0,0,0.0,0.0
5.7789,29,0,0,0.0,0.0
5.7789,30,0,0,0.0,0.0
5.7789,31,0,0,0.0,0.0
5.7789,32,0,0,0.0,0.0
5.7789,33,0,0,0.0,0.0
5.7789,34,0,0,0.0,0.0
5.7789,35,0,0,0.0,0.0
5.7789,36,0,0,0.0,0.0
5.7789,37,0,-15,15.0,-90.0
5.7789,38,7,-18,19.313,-68.75
5.7789,39,6,-22,22.804,-74.74
5.7789,40,6,-29,29.614,-78.31
5.7789,41,8,-28,29.12,-74.05
5.7789,42,7,-25,25.962,-74.36
5.7789,43,7,-27,27.893,-75.47
5.7789,44,7,-25,25.962,-74.36
5.7789,45,7,-26,26.926,-74.93
5.7789,46,7,-23,24.042,-73.07
5.7789,47,6,-24,24.739,-75.96
5.7789,48,6,-20,20.881,-73.3
5.7789,49,2,-15,15.133,-82.41
5.7789,50,-1,-12,12.042,-94.76
5.7789,51,-5,-9,10.296,-119.05
5.7789,52,-9,-10,13.454,-131.99
5.7789,53,-16,-8,17.889,-153.43
5.7789,54,-18,-9,20.125,-153.43
5.7789,55,-21,-11,23.707,-152.35
5.7789,56,-25,-14,28.653,-150.75
5.7789,57,-28,-16,32.249,-150.26
5.7789,58,-28,-21,35.0,-143.13
5.7789,59,-30,-20,36.056,-146.31
5.7789,60,-25,-26,36.069,-133.88
5.7789,61,-27,-28,38.897,-133.96
5.7789,62,-27,-25,36.797,-137.2
5.8053,0,96,10,96.519,5.95
5.8053,1,0,-27,27.0,-90.0
5.8053,2,-10,-26,27.857,-111.04
5.8053,3,-7,-21,22.136,-108.43
5.8053,4,-9,-24,25.632,-110.56
5.8053,5,-6,-23,23.77,-104.62
5.8053,6,-9,-25,26.571,-109.8
5.8053,7,-6,-20,20.881,-106.7
5.8053,8,-6,-18,18.974,-108.43
5.8053,9,-7,-14,15.652,-116.57
5.8053,10,-6,-11,12.53,-118.61
5.8053,11,-5,-10,11.18,-116.57
5.8053,12,-6,-7,9.22,-130.6
5.8053,13,-10,-3,10.44,-163.3
5.8053,14,-11,-5,12.083,-155.56
5.8053,15,-16,-3,16.279,-169.38
5.8053,16,-19,-4,19.416,-168.11
5.8053,17,-22,-5,22.561,-167.2
5.8053,18,-23,-7,24.042,-163.07
5.8053,19,-27,-10,28.792,-159.68
5.8053,20,-30,-12,32.311,-158.2
5.8053,21,-29,-14,32.202,-154.23
5.8053,22,-30,-17,34.482,-150.46
5.8053,23,-27,-18,32.45,-146.31
5.8053,24,-26,-20,32.802,-142.43
5.8053,25,-23,-19,29.833,-140.44
5.8053,26,-21,0,21.0,180.0
5.8053,27,0,0,0.0,0.0
5.8053,28,0,0,0.0,0.0
5.8053,29,0,0,0.0,0.0
5.8053,30,0,0,0.0,0.0
5.8053,31,0,0,0.0,0.0
5.8053,32,0,0,0.0,0.0
5.8053,33,0,0,0.0,0.0
5.8053,34,0,0,0.0,0.0
5.8053,35,0,0,0.0,0.0
5.8053,36,0,0,0.0,0.0
5.8053,37,0,-10,10.0,-90.0
5.8053,38,5,-10,11.18,-63.43
5.8053,39,6,-12,13.416,-63.43
5.8053,40,7,-11,13.038,-57.53
5.8053,41,7,-12,13.892,-59.74
5.8053,42,9,-15,17.493,-59.04
5.8053,43,9,-14,16.643,-57.26
5.8053,44,10,-16,18.868,-57.99
5.8053,45,8,-15,17.0,-61.93
5.8053,46,8,-16,17.889,-63.43
5.8053,47,7,-18,19.313,-68.75
5.8053,48,5,-19,19.647,-75.26
5.8053,49,5,-20,20.616,-75.96
5.8053,50,4,-22,22.361,-79.7
5.8053,51,2,-24,24.083,-85.24
5.8053,52,1,-24,24.021,-87.61
5.8053,53,1,-25,25.02,-87.71
5.8053,54,0,-27,27.0,-90.0
5.8053,55,2,-28,28.071,-85.91
5.8053,56,2,-30,30.067,-86.19
5.8053,57,1,-26,26.019,-87.8
5.8053,58,1,-29,29.017,-88.03
5.8053,59,0,-29,29.0,-90.0
5.8053,60,1,-28,28.018,-87.95
5.8053,61,3,-28,28.16,-83.88
5.8053,62,-2,-32,32.062,-93.58
5.8616,0,112,8,112.285,4.09
5.8616,1,0,30,30.0,90.0
5.8616,2,1,29,29.017,88.03
5.8616,3,3,25,25.179,83.16
5.8616,4,1,24,24.021,87.61
5.8616,5,4,18,18.439,77.47
5.8616,6,2,14,14.142,81.87
5.8616,7,1,12,12.042,85.24
5.8616,8,-1,2,2.236,116.57
5.8616,9,-1,-2,2.236,-116.57
5.8616,10,-1,-7,7.071,-98.13
5.8616,11,0,-15,15.0,-90.0
5.8616,12,0,-18,18.0,-90.0
5.8616,13,5,-25,25.495,-78.69
5.8616,14,6,-26,26.683,-77.01
5.8616,15,8,-30,31.048,-75.07
5.8616,16,10,-31,32.573,-72.12
5.8616,17,16,-32,35.777,-63.43
5.8616,18,16,-31,34.886,-62.7
5.8616,19,20,-30,36.056,-56.31
5.8616,20,22,-29,36.401,-52.82
5.8616,21,22,-27,34.828,-50.83
5.8616,22,21,-24,31.89,-48.81
5.8616,23,21,-23,31.145,-47.6
5.8616,24,20,-19,27.586,-43.53
5.8616,25,17,-15,22.672,-41.42
5.8616,26,15,0,15.0,0.0
5.8616,27,0,0,0.0,0.0
5.8616,28,0,0,0.0,0.0
5.8616,29,0,0,0.0,0.0
5.8616,30,0,0,0.0,0.0
5.8616,31,0,0,0.0,0.0
5.8616,32,0,0,0.0,0.0
5.8616,33,0,0,0.0,0.0
5.8616,34,0,0,0.0,0.0
5.8616,35,0,0,0.0,0.0
5.8616,36,0,0,0.0,0.0
5.8616,37,0,-3,3.0,-90.0
5.8616,38,11,-3,11.402,-15.26
5.8616,39,12,-3,12.369,-14.04
5.8616,40,12,-6,13.416,-26.57
5.8616,41,11,-8,13.601,-36.03
5.8616,42,8,-10,12.806,-51.34
5.8616,43,7,-10,12.207,-55.01
5.8616,44,3,-13,13.342,-77.01
5.8616,45,0,-16,16.0,-90.0
5.8616,46,-4,-15,15.524,-104.93
5.8616,47,-6,-16,17.088,-110.56
5.8616,48,-10,-16,18.868,-122.01
5.8616,49,-14,-18,22.804,-127.87
5.8616,50,-17,-17,24.042,-135.0
5.8616,51,-16,-15,21.932,-136.85
5.8616,52,-17,-13,21.401,-142.59
5.8616,53,-16,-12,20.0,-143.13
5.8616,54,-16,-7,17.464,-156.37
5.8616,55,-14,-4,14.56,-164.05
5.8616,56,-11,-1,11.045,-174.81
5.8616,57,-10,2,10.198,168.69
5.8616,58,-7,9,11.402,127.87
5.8616,59,-4,10,10.77,111.8
5.8616,60,-3,15,15.297,101.31
5.8616,61,1,21,21.024,87.27
5.8616,62,2,22,22.091,84.81
6.1822,0,-79,25,82.861,162.44
6.1822,1,0,-14,14.0,-90.0
6.1822,2,-32,-15,35.341,-154.89
6.1822,3,-31,-12,33.242,-158.84
6.1822,4,-28,-13,30.871,-155.1
6.1822,5,-25,-10,26.926,-158.2
6.1822,6,-23,-6,23.77,-165.38
6.1822,7,-18,0,18.0,180.0
6.1822,8,-13,2,13.153,171.25
6.1822,9,-7,11,13.038,122.47
6.1822,10,-6,12,13.416,116.57
6.1822,11,-4,19,19.416,101.89
6.1822,12,0,22,22.0,90.0
6.1822,13,-1,29,29.017,91.97
6.1822,14,-4,33,33.242,96.91
6.1822,15,-5,34,34.366,98.37
6.1822,16,-8,36,36.878,102.53
6.1822,17,-11,36,37.643,106.99
6.1822,18,-15,35,38.079,113.2
6.1822,19,-19,33,38.079,119.93
6.1822,20,-22,29,36.401,127.18
6.1822,21,-21,27,34.205,127.87
6.1822,22,-25,22,33.302,138.65
6.1822,23,-23,19,29.833,140.44
6.1822,24,-23,14,26.926,148.67
6.1822,25,-20,11,22.825,151.19
6.1822,26,-17,0,17.0,180.0
6.1822,27,0,0,0.0,0.0
6.1822,28,0,0,0.0,0.0
6.1822,29,0,0,0.0,0.0
6.1822,30,0,0,0.0,0.0
6.1822,31,0,0,0.0,0.0
6.1822,32,0,0,0.0,0.0
6.1822,33,0,0,0.0,0.0
6.1822,34,0,0,0.0,0.0
6.1822,35,0,0,0.0,0.0
6.1822,36,0,0,0.0,0.0
6.1822,37,0,5,5.0,90.0
6.1822,38,14,7,15.652,26.57
6.1822,39,15,5,15.811,18.43
6.1822,40,16,3,16.279,10.62
6.1822,41,15,3,15.297,11.31
6.1822,42,14,-2,14.142,-8.13
6.1822,43,16,-5,16.763,-17.35
6.1822,44,14,-8,16.125,-29.74
6.1822,45,14,-11,17.804,-38.16
6.1822,46,14,-13,19.105,-42.88
6.1822,47,15,-18,23.431,-50.19
6.1822,48,13,-20,23.854,-56.98
6.1822,49,15,-21,25.807,-54.46
6.1822,50,14,-22,26.077,-57.53
6.1822,51,13,-24,27.295,-61.56
6.1822,52,14,-22,26.077,-57.53
6.1822,53,11,-21,23.707,-62.35
6.1822,54,10,-18,20.591,-60.95
6.1822,55,7,-17,18.385,-67.62
6.1822,56,4,-14,14.56,-74.05
6.1822,57,1,-13,13.038,-85.6
6.1822,58,-5,-10,11.18,-116.57
6.1822,59,-8,-11,13.601,-126.03
6.1822,60,-13,-10,16.401,-142.43
6.1822,61,-18,-12,21.633,-146.31
6.1822,62,-22,-11,24.597,-153.43
6.2043,0,32,6,32.558,10.62
6.2043,1,0,32,32.0,90.0
6.2043,2,2,32,32.062,86.42
6.2043,3,2,29,29.069,86.05
6.2043,4,0,27,27.0,90.0
6.2043,5,0,21,21.0,90.0
6.2043,6,-2,14,14.142,98.13
6.2043,7,-3,5,5.831,120.96
6.2043,8,-3,1,3.162,161.57
6.2043,9,-1,-4,4.123,-104.04
6.2043,10,-1,-7,7.071,-98.13
6.2043,11,0,-17,17.0,-90.0
6.2043,12,5,-19,19.647,-75.26
6.2043,13,10,-22,24.166,-65.56
6.2043,14,9,-24,25.632,-69.44
6.2043,15,13,-24,27.295,-61.56
6.2043,16,21,-23,31.145,-47.6
6.2043,17,21,-25,32.65,-49.97
6.2043,18,24,-23,33.242,-43.78
6.2043,19,24,-19,30.61,-38.37
6.2043,20,27,-18,32.45,-33.69
6.2043,21,27,-18,32.45,-33.69
6.2043,22,27,-15,30.887,-29.05
6.2043,23,26,-13,29.069,-26.57
6.2043,24,23,-11,25.495,-25.56
6.2043,25,21,-9,22.847,-23.2
6.2043,26,17,0,17.0,0.0
6.2043,27,0,0,0.0,0.0
6.2043,28,0,0,0.0,0.0
6.2043,29,0,0,0.0,0.0
6.2043,30,0,0,0.0,0.0
6.2043,31,0,0,0.0,0.0
6.2043,32,0,0,0.0,0.0
6.2043,33,0,0,0.0,0.0
6.2043,34,0,0,0.0,0.0
6.2043,35,0,0,0.0,0.0
6.2043,36,0,0,0.0,0.0
6.2043,37,0,1,1.0,90.0
6.2043,38,20,-2,20.1,-5.71
6.2043,39,18,-5,18.682,-15.52
6.2043,40,15,-7,16.553,-25.02
6.2043,41,13,-7,14.765,-28.3
6.2043,42,10,-10,14.142,-45.0
6.2043,43,6,-12,13.416,-63.43
6.2043,44,0,-14,14.0,-90.0
6.2043,45,-3,-15,15.297,-101.31
6.2043,46,-6,-18,18.974,-108.43
6.2043,47,-11,-18,21.095,-121.43
6.2043,48,-13,-18,22.204,-125.84
6.2043,49,-16,-18,24.083,-131.63
6.2043,50,-18,-17,24.759,-136.64
6.2043,51,-18,-16,24.083,-138.37
6.2043,52,-17,-12,20.809,-144.78
6.2043,53,-16,-10,18.868,-147.99
6.2043,54,-14,-5,14.866,-160.35
6.2043,55,-12,-1,12.042,-175.24
6.2043,56,-9,5,10.296,150.95
6.2043,57,-6,10,11.662,120.96
6.2043,58,-4,17,17.464,103.24
6.2043,59,-1,20,20.025,92.86
6.2043,60,3,26,26.173,83.42
6.2043,61,4,31,31.257,82.65
6.2043,62,5,34,34.366,81.63
6.27,0,-32,1,32.016,178.21
6.27,1,0,15,15.0,90.0
6.27,2,17,11,20.248,32.91
6.27,3,13,5,13.928,21.04
6.27,4,9,-1,9.055,-6.34
6.27,5,5,-7,8.602,-54.46
6.27,6,4,-14,14.56,-74.05
6.27,7,4,-18,18.439,-77.47
6.27,8,4,-24,24.331,-80.54
6.27,9,5,-25,25.495,-78.69
6.27,10,7,-32,32.757,-77.66
6.27,11,11,-29,31.016,-69.23
6.27,12,12,-31,33.242,-68.84
6.27,13,15,-31,34.438,-64.18
6.27,14,16,-27,31.385,-59.35
6.27,15,15,-27,30.887,-60.95
6.27,16,16,-23,28.018,-55.18
6.27,17,15,-18,23.431,-50.19
6.27,18,12,-14,18.439,-49.4
6.27,19,7,-11,13.038,-57.53
6.27,20,4,-7,8.062,-60.26
6.27,21,0,-4,4.0,-90.0
6.27,22,-5,-2,5.385,-158.2
6.27,23,-9,-1,9.055,-173.66
6.27,24,-14,0,14.0,180.0
6.27,25,-16,1,16.031,176.42
6.27,26,-19,0,19.0,180.0
6.27,27,0,0,0.0,0.0
6.27,28,0,0,0.0,0.0
6.27,29,0,0,0.0,0.0
6.27,30,0,0,0.0,0.0
6.27,31,0,0,0.0,0.0
6.27,32,0,0,0.0,0.0
6.27,33,0,0,0.0,0.0
6.27,34,0,0,0.0,0.0
6.27,35,0,0,0.0,0.0
6.27,36,0,0,0.0,0.0
6.27,37,0,2,2.0,90.0
6.27,38,-11,6,12.53,151.39
6.27,39,-13,10,16.401,142.43
6.27,40,-15,16,21.932,133.15
6.27,41,-20,17,26.249,139.64
6.27,42,-19,17,25.495,138.18
6.27,43,-18,19,26.173,133.45
6.27,44,-20,19,27.586,136.47
6.27,45,-19,20,27.586,133.53
6.27,46,-19,17,25.495,138.18
6.27,47,-17,19,25.495,131.82
6.27,48,-18,16,24.083,138.37
6.27,49,-15,12,19.209,141.34
6.27,50,-10,9,13.454,138.01
6.27,51,-5,7,8.602,125.54
6.27,52,0,6,6.0,90.0
6.27,53,5,4,6.403,38.66
6.27,54,10,3,10.44,16.7
6.27,55,13,5,13.928,21.04
6.27,56,19,6,19.925,17.53
6.27,57,23,8,24.352,19.18
6.27,58,25,12,27.731,25.64
6.27,59,29,12,31.385,22.48
6.27,60,25,17,30.232,34.22
6.27,61,30,21,36.62,34.99
6.27,62,32,20,37.736,32.01
6.6151,0,32,6,32.558,10.62
6.6151,1,0,17,17.0,90.0
6.6151,2,6,18,18.974,71.57
6.6151,3,9,17,19.235,62.1
6.6151,4,8,18,19.698,66.04
6.6151,5,9,19,21.024,64.65
6.6151,6,10,18,20.591,60.95
6.6151,7,11,19,21.954,59.93
6.6151,8,10,21,23.259,64.54
6.6151,9,9,18,20.125,63.43
6.6151,10,10,19,21.471,62.24
6.6151,11,11,22,24.597,63.43
6.6151,12,7,20,21.19,70.71
6.6151,13,5,21,21.587,76.61
6.6151,14,7,21,22.136,71.57
6.6151,15,3,21,21.213,81.87
6.6151,16,5,21,21.587,76.61
6.6151,17,4,22,22.361,79.7
6.6151,18,4,19,19.416,78.11
6.6151,19,4,18,18.439,77.47
6.6151,20,7,16,17.464,66.37
6.6151,21,6,17,18.028,70.56
6.6151,22,7,17,18.385,67.62
6.6151,23,7,18,19.313,68.75
6.6151,24,6,19,19.925,72.47
6.6151,25,7,19,20.248,69.78
6.6151,26,8,0,8.0,0.0
6.6151,27,0,0,0.0,0.0
6.6151,28,0,0,0.0,0.0
6.6151,29,0,0,0.0,0.0
6.6151,30,0,0,0.0,0.0
6.6151,31,0,0,0.0,0.0
6.6151,32,0,0,0.0,0.0
6.6151,33,0,0,0.0,0.0
6.6151,34,0,0,0.0,0.0
6.6151,35,0,0,0.0,0.0
6.6151,36,0,0,0.0,0.0
6.6151,37,0,9,9.0,90.0
6.6151,38,-4,8,8.944,116.57
6.6151,39,-2,9,9.22,102.53
6.6151,40,-1,10,10.05,95.71
6.6151,41,1,11,11.045,84.81
6.6151,42,2,14,14.142,81.87
6.6151,43,4,15,15.524,75.07
6.6151,44,4,18,18.439,77.47
6.6151,45,4,18,18.439,77.47
6.6151,46,5,21,21.587,76.61
6.6151,47,5,23,23.537,77.74
6.6151,48,5,23,23.537,77.74
6.6151,49,4,24,24.331,80.54
6.6151,50,3,23,23.195,82.57
6.6151,51,3,25,25.179,83.16
6.6151,52,3,22,22.204,82.23
6.6151,53,3,23,23.195,82.57
6.6151,54,4,20,20.396,78.69
6.6151,55,4,23,23.345,80.13
6.6151,56,3,20,20.224,81.47
6.6151,57,5,23,23.537,77.74
6.6151,58,5,23,23.537,77.74
6.6151,59,5,21,21.587,76.61
6.6151,60,6,23,23.77,75.38
6.6151,61,5,23,23.537,77.74
6.6151,62,5,21,21.587,76.61
6.7491,0,32,8,32.985,14.04
6.7491,1,0,4,4.0,90.0
6.7491,2,23,3,23.195,7.43
6.7491,3,18,1,18.028,3.18
6.7491,4,16,-2,16.125,-7.13
6.7491,5,18,-7,19.313,-21.25
6.7491,6,15,-6,16.155,-21.8
6.7491,7,16,-9,18.358,-29.36
6.7491,8,20,-9,21.932,-24.23
6.7491,9,21,-10,23.259,-25.46
6.7491,10,21,-8,22.472,-20.85
6.7491,11,26,-5,26.476,-10.89
6.7491,12,24,-4,24.331,-9.46
6.7491,13,25,-3,25.179,-6.84
6.7491,14,27,-2,27.074,-4.24
6.7491,15,25,1,25.02,2.29
6.7491,16,23,1,23.022,2.49
6.7491,17,24,2,24.083,4.76
6.7491,18,23,-2,23.087,-4.97
6.7491,19,21,-2,21.095,-5.44
6.7491,20,19,-5,19.647,-14.74
6.7491,21,19,-5,19.647,-14.74
6.7491,22,19,-6,19.925,-17.53
6.7491,23,20,-6,20.881,-16.7
6.7491,24,18,-8,19.698,-23.96
6.7491,25,21,-9,22.847,-23.2
6.7491,26,21,0,21.0,0.0
6.7491,27,0,0,0.0,0.0
6.7491,28,0,0,0.0,0.0
6.7491,29,0,0,0.0,0.0
6.7491,30,0,0,0.0,0.0
6.7491,31,0,0,0.0,0.0
6.7491,32,0,0,0.0,0.0
6.7491,33,0,0,0.0,0.0
6.7491,34,0,0,0.0,0.0
6.7491,35,0,0,0.0,0.0
6.7491,36,0,0,0.0,0.0
6.7491,37,0,6,6.0,90.0
6.7491,38,7,3,7.616,23.2
6.7491,39,7,2,7.28,15.95
6.7491,40,9,1,9.055,6.34
6.7491,41,12,0,12.0,0.0
6.7491,42,14,0,14.0,0.0
6.7491,43,17,1,17.029,3.37
6.7491,44,21,2,21.095,5.44
6.7491,45,23,4,23.345,9.87
6.7491,46,24,5,24.515,11.77
6.7491,47,26,6,26.683,12.99
6.7491,48,26,8,27.203,17.1
6.7491,49,27,8,28.16,16.5
6.7491,50,24,7,25.0,16.26
6.7491,51,23,8,24.352,19.18
6.7491,52,22,5,22.561,12.8
6.7491,53,21,4,21.378,10.78
6.7491,54,21,1,21.024,2.73
6.7491,55,20,1,20.025,2.86
6.7491,56,20,0,20.0,0.0
6.7491,57,21,-2,21.095,-5.44
6.7491,58,24,-2,24.083,-4.76
6.7491,59,24,-1,24.021,-2.39
6.7491,60,28,2,28.071,4.09
6.7491,61,30,3,30.15,5.71
6.7491,62,30,2,30.067,3.81
6.7709,0,-48,8,48.662,170.54
6.7709,1,0,21,21.0,90.0
6.7709,2,18,16,24.083,41.63
6.7709,3,17,8,18.788,25.2
6.7709,4,13,8,15.264,31.61
6.7709,5,12,7,13.892,30.26
6.7709,6,15,4,15.524,14.93
6.7709,7,15,2,15.133,7.59
6.7709,8,20,2,20.1,5.71
6.7709,9,20,3,20.224,8.53
6.7709,10,23,3,23.195,7.43
6.7709,11,25,7,25.962,15.64
6.7709,12,27,8,28.16,16.5
6.7709,13,26,10,27.857,21.04
6.7709,14,24,13,27.295,28.44
6.7709,15,23,15,27.459,33.11
6.7709,16,22,15,26.627,34.29
6.7709,17,20,14,24.413,34.99
6.7709,18,17,13,21.401,37.41
6.7709,19,16,10,18.868,32.01
6.7709,20,16,8,17.889,26.57
6.7709,21,16,7,17.464,23.63
6.7709,22,17,5,17.72,16.39
6.7709,23,17,3,17.263,10.01
6.7709,24,18,4,18.439,12.53
6.7709,25,21,2,21.095,5.44
6.7709,26,21,0,21.0,0.0
6.7709,27,0,0,0.0,0.0
6.7709,28,0,0,0.0,0.0
6.7709,29,0,0,0.0,0.0
6.7709,30,0,0,0.0,0.0
6.7709,31,0,0,0.0,0.0
6.7709,32,0,0,0.0,0.0
6.7709,33,0,0,0.0,0.0
6.7709,34,0,0,0.0,0.0
6.7709,35,0,0,0.0,0.0
6.7709,36,0,0,0.0,0.0
6.7709,37,0,7,7.0,90.0
6.7709,38,2,7,7.28,74.05
6.7709,39,4,6,7.211,56.31
6.7709,40,7,5,8.602,35.54
6.7709,41,9,8,12.042,41.63
6.7709,42,12,9,15.0,36.87
6.7709,43,15,11,18.601,36.25
6.7709,44,18,14,22.804,37.87
6.7709,45,19,17,25.495,41.82
6.7709,46,20,19,27.586,43.53
6.7709,47,20,20,28.284,45.0
6.7709,48,21,21,29.698,45.0
6.7709,49,19,22,29.069,49.18
6.7709,50,16,20,25.612,51.34
6.7709,51,15,18,23.431,50.19
6.7709,52,14,15,20.518,46.97
6.7709,53,13,12,17.692,42.71
6.7709,54,15,10,18.028,33.69
6.7709,55,16,11,19.416,34.51
6.7709,56,17,10,19.723,30.47
6.7709,57,19,9,21.024,25.35
6.7709,58,22,11,24.597,26.57
6.7709,59,25,10,26.926,21.8
6.7709,60,24,19,30.61,38.37
6.7709,61,24,16,28.844,33.69
6.7709,62,25,16,29.682,32.62
6.7974,0,-15,27,30.887,119.05
6.7974,1,0,17,17.0,90.0
6.7974,2,19,14,23.601,36.38
6.7974,3,17,12,20.809,35.22
6.7974,4,15,8,17.0,28.07
6.7974,5,14,8,16.125,29.74
6.7974,6,18,2,18.111,6.34
6.7974,7,16,2,16.125,7.13
6.7974,8,21,0,21.0,0.0
6.7974,9,19,0,19.0,0.0
6.7974,10,26,-2,26.077,-4.4
6.7974,11,27,5,27.459,10.49
6.7974,12,30,5,30.414,9.46
6.7974,13,29,6,29.614,11.69
6.7974,14,25,13,28.178,27.47
6.7974,15,27,11,29.155,22.17
6.7974,16,25,11,27.313,23.75
6.7974,17,26,10,27.857,21.04
6.7974,18,23,10,25.08,23.5
6.7974,19,21,8,22.472,20.85
6.7974,20,18,6,18.974,18.43
6.7974,21,18,6,18.974,18.43
6.7974,22,18,3,18.248,9.46
6.7974,23,18,0,18.0,0.0
6.7974,24,19,1,19.026,3.01
6.7974,25,21,-1,21.024,-2.73
6.7974,26,22,0,22.0,0.0
6.7974,27,0,0,0.0,0.0
6.7974,28,0,0,0.0,0.0
6.7974,29,0,0,0.0,0.0
6.7974,30,0,0,0.0,0.0
6.7974,31,0,0,0.0,0.0
6.7974,32,0,0,0.0,0.0
6.7974,33,0,0,0.0,0.0
6.7974,34,0,0,0.0,0.0
6.7974,35,0,0,0.0,0.0
6.7974,36,0,0,0.0,0.0
6.7974,37,0,8,8.0,90.0
6.7974,38,2,7,7.28,74.05
6.7974,39,4,7,8.062,60.26
6.7974,40,8,8,11.314,45.0
6.7974,41,10,9,13.454,41.99
6.7974,42,13,9,15.811,34.7
6.7974,43,17,11,20.248,32.91
6.7974,44,20,14,24.413,34.99
6.7974,45,20,17,26.249,40.36
6.7974,46,22,20,29.732,42.27
6.7974,47,22,19,29.069,40.82
6.7974,48,21,22,30.414,46.33
6.7974,49,22,21,30.414,43.67
6.7974,50,16,21,26.401,52.7
6.7974,51,17,19,25.495,48.18
6.7974,52,16,16,22.627,45.0
6.7974,53,16,12,20.0,36.87
6.7974,54,16,10,18.868,32.01
6.7974,55,18,10,20.591,29.05
6.7974,56,18,8,19.698,23.96
6.7974,57,22,8,23.409,19.98
6.7974,58,24,9,25.632,20.56
6.7974,59,26,11,28.231,22.93
6.7974,60,29,14,32.202,25.77
6.7974,61,26,17,31.064,33.18
6.7974,62,29,16,33.121,28.89
6.8468,0,81,25,84.77,17.15
6.8468,1,0,15,15.0,90.0
6.8468,2,-22,14,26.077,147.53
6.8468,3,-19,13,23.022,145.62
6.8468,4,-17,13,21.401,142.59
6.8468,5,-11,12,16.279,132.51
6.8468,6,-7,15,16.553,115.02
6.8468,7,-2,16,16.125,97.13
6.8468,8,0,19,19.0,90.0
6.8468,9,2,23,23.087,85.03
6.8468,10,1,24,24.021,87.61
6.8468,11,1,26,26.019,87.8
6.8468,12,-2,27,27.074,94.24
6.8468,13,-3,29,29.155,95.91
6.8468,14,-6,28,28.636,102.09
6.8468,15,-9,25,26.571,109.8
6.8468,16,-11,24,26.401,114.62
6.8468,17,-10,23,25.08,113.5
6.8468,18,-10,20,22.361,116.57
6.8468,19,-9,18,20.125,116.57
6.8468,20,-7,17,18.385,112.38
6.8468,21,-3,16,16.279,100.62
6.8468,22,-2,16,16.125,97.13
6.8468,23,0,17,17.0,90.0
6.8468,24,3,18,18.248,80.54
6.8468,25,5,19,19.647,75.26
6.8468,26,8,0,8.0,0.0
6.8468,27,0,0,0.0,0.0
6.8468,28,0,0,0.0,0.0
6.8468,29,0,0,0.0,0.0
6.8468,30,0,0,0.0,0.0
6.8468,31,0,0,0.0,0.0
6.8468,32,0,0,0.0,0.0
6.8468,33,0,0,0.0,0.0
6.8468,34,0,0,0.0,0.0
6.8468,35,0,0,0.0,0.0
6.8468,36,0,0,0.0,0.0
6.8468,37,0,-4,4.0,-90.0
6.8468,38,-7,0,7.0,180.0
6.8468,39,-8,2,8.246,165.96
6.8468,40,-9,6,10.817,146.31
6.8468,41,-12,9,15.0,143.13
6.8468,42,-14,10,17.205,144.46
6.8468,43,-17,13,21.401,142.59
6.8468,44,-19,12,22.472,147.72
6.8468,45,-24,12,26.833,153.43
6.8468,46,-27,12,29.547,156.04
6.8468,47,-29,11,31.016,159.23
6.8468,48,-31,9,32.28,163.81
6.8468,49,-29,7,29.833,166.43
6.8468,50,-29,7,29.833,166.43
6.8468,51,-26,8,27.203,162.9
6.8468,52,-24,7,25.0,163.74
6.8468,53,-20,13,23.854,146.98
6.8468,54,-18,10,20.591,150.95
6.8468,55,-12,15,19.209,128.66
6.8468,56,-15,18,23.431,129.81
6.8468,57,-13,23,26.42,119.48
6.8468,58,-11,24,26.401,114.62
6.8468,59,-15,24,28.302,122.01
6.8468,60,-16,26,30.529,121.61
6.8468,61,-18,27,32.45,123.69
6.8468,62,-22,21,30.414,136.33
6.864,0,-32,1,32.016,178.21
6.864,1,0,5,5.0,90.0
6.864,2,-13,5,13.928,158.96
6.864,3,-9,6,10.817,146.31
6.864,4,-5,6,7.81,129.81
6.864,5,-1,9,9.055,96.34
6.864,6,3,12,12.369,75.96
6.864,7,6,14,15.232,66.8
6.864,8,7,17,18.385,67.62
6.864,9,9,19,21.024,64.65
6.864,10,8,24,25.298,71.57
6.864,11,9,21,22.847,66.8
6.864,12,6,22,22.804,74.74
6.864,13,6,22,22.804,74.74
6.864,14,5,20,20.616,75.96
6.864,15,4,19,19.416,78.11
6.864,16,3,17,17.263,79.99
6.864,17,3,12,12.369,75.96
6.864,18,3,7,7.616,66.8
6.864,19,4,4,5.657,45.0
6.864,20,5,1,5.099,11.31
6.864,21,6,-3,6.708,-26.57
6.864,22,7,-5,8.602,-35.54
6.864,23,9,-7,11.402,-37.87
6.864,24,12,-8,14.422,-33.69
6.864,25,11,-9,14.213,-39.29
6.864,26,12,0,12.0,0.0
6.864,27,0,0,0.0,0.0
6.864,28,0,0,0.0,0.0
6.864,29,0,0,0.0,0.0
6.864,30,0,0,0.0,0.0
6.864,31,0,0,0.0,0.0
6.864,32,0,0,0.0,0.0
6.864,33,0,0,0.0,0.0
6.864,34,0,0,0.0,0.0
6.864,35,0,0,0.0,0.0
6.864,36,0,0,0.0,0.0
6.864,37,0,-6,6.0,-90.0
6.864,38,-3,-7,7.616,-113.2
6.864,39,-5,-10,11.18,-116.57
6.864,40,-7,-13,14.765,-118.3
6.864,41,-9,-13,15.811,-124.7
6.864,42,-9,-12,15.0,-126.87
6.864,43,-8,-14,16.125,-119.74
6.864,44,-9,-14,16.643,-122.74
6.864,45,-8,-15,17.0,-118.07
6.864,46,-8,-14,16.125,-119.74
6.864,47,-7,-15,16.553,-115.02
6.864,48,-7,-12,13.892,-120.26
6.864,49,-6,-8,10.0,-126.87
6.864,50,-5,-5,7.071,-135.0
6.864,51,-5,-1,5.099,-168.69
6.864,52,-5,2,5.385,158.2
6.864,53,-7,4,8.062,150.26
6.864,54,-6,7,9.22,130.6
6.864,55,-8,10,12.806,128.66
6.864,56,-10,12,15.62,129.81
6.864,57,-13,12,17.692,137.29
6.864,58,-15,12,19.209,141.34
6.864,59,-18,10,20.591,150.95
6.864,60,-17,11,20.248,147.09
6.864,61,-21,11,23.707,152.35
6.864,62,-23,8,24.352,160.82
6.8829,0,48,9,48.836,10.62
6.8829,1,0,19,19.0,90.0
6.8829,2,-24,13,27.295,151.56
6.8829,3,-21,14,25.239,146.31
6.8829,4,-15,11,18.601,143.75
6.8829,5,-12,10,15.62,140.19
6.8829,6,-4,8,8.944,116.57
6.8829,7,3,9,9.487,71.57
6.8829,8,9,13,15.811,55.3
6.8829,9,12,13,17.692,47.29
6.8829,10,14,16,21.26,48.81
6.8829,11,13,22,25.554,59.42
6.8829,12,15,23,27.459,56.89
6.8829,13,12,25,27.731,64.36
6.8829,14,16,25,29.682,57.38
6.8829,15,8,23,24.352,70.82
6.8829,16,8,21,22.472,69.15
6.8829,17,6,20,20.881,73.3
6.8829,18,4,17,17.464,76.76
6.8829,19,5,11,12.083,65.56
6.8829,20,4,4,5.657,45.0
6.8829,21,6,1,6.083,9.46
6.8829,22,8,-3,8.544,-20.56
6.8829,23,9,-8,12.042,-41.63
6.8829,24,14,-10,17.205,-35.54
6.8829,25,17,-11,20.248,-32.91
6.8829,26,20,0,20.0,0.0
6.8829,27,0,0,0.0,0.0
6.8829,28,0,0,0.0,0.0
6.8829,29,0,0,0.0,0.0
6.8829,30,0,0,0.0,0.0
6.8829,31,0,0,0.0,0.0
6.8829,32,0,0,0.0,0.0
6.8829,33,0,0,0.0,0.0
6.8829,34,0,0,0.0,0.0
6.8829,35,0,0,0.0,0.0
6.8829,36,0,0,0.0,0.0
6.8829,37,0,-7,7.0,-90.0
6.8829,38,2,-5,5.385,-68.2
6.8829,39,-3,-4,5.0,-126.87
6.8829,40,-6,-4,7.211,-146.31
6.8829,41,-13,-4,13.601,-162.9
6.8829,42,-16,-5,16.763,-162.65
6.8829,43,-22,-7,23.087,-162.35
6.8829,44,-27,-9,28.46,-161.57
6.8829,45,-31,-12,33.242,-158.84
6.8829,46,-33,-13,35.468,-158.5
6.8829,47,-33,-14,35.847,-157.01
6.8829,48,-34,-14,36.77,-157.62
6.8829,49,-33,-14,35.847,-157.01
6.8829,50,-31,-12,33.242,-158.84
6.8829,51,-27,-10,28.792,-159.68
6.8829,52,-23,-5,23.537,-167.74
6.8829,53,-18,1,18.028,176.82
6.8829,54,-14,6,15.232,156.8
6.8829,55,-13,12,17.692,137.29
6.8829,56,-13,17,21.401,127.41
6.8829,57,-13,23,26.42,119.48
6.8829,58,-13,28,30.871,114.9
6.8829,59,-16,28,32.249,119.74
6.8829,60,-19,31,36.359,121.5
6.8829,61,-22,30,37.202,126.25
6.8829,62,-26,29,38.949,131.88
6.9477,0,-32,9,33.242,164.29
6.9477,1,0,-3,3.0,-90.0
6.9477,2,25,-2,25.08,-4.57
6.9477,3,24,-1,24.021,-2.39
6.9477,4,19,-3,19.235,-8.97
6.9477,5,14,-5,14.866,-19.65
6.9477,6,10,-7,12.207,-34.99
6.9477,7,5,-10,11.18,-63.43
6.9477,8,3,-14,14.318,-77.91
6.9477,9,2,-17,17.117,-83.29
6.9477,10,1,-20,20.025,-87.14
6.9477,11,3,-23,23.195,-82.57
6.9477,12,6,-23,23.77,-75.38
6.9477,13,7,-26,26.926,-74.93
6.9477,14,9,-24,25.632,-69.44
6.9477,15,10,-23,25.08,-66.5
6.9477,16,11,-21,23.707,-62.35
6.9477,17,13,-19,23.022,-55.62
6.9477,18,10,-17,19.723,-59.53
6.9477,19,10,-15,18.028,-56.31
6.9477,20,8,-14,16.125,-60.26
6.9477,21,5,-13,13.928,-68.96
6.9477,22,1,-13,13.038,-85.6
6.9477,23,-2,-15,15.133,-97.59
6.9477,24,-5,-15,15.811,-108.43
6.9477,25,-7,-16,17.464,-113.63
6.9477,26,-11,0,11.0,180.0
6.9477,27,0,0,0.0,0.0
6.9477,28,0,0,0.0,0.0
6.9477,29,0,0,0.0,0.0
6.9477,30,0,0,0.0,0.0
6.9477,31,0,0,0.0,0.0
6.9477,32,0,0,0.0,0.0
6.9477,33,0,0,0.0,0.0
6.9477,34,0,0,0.0,0.0
6.9477,35,0,0,0.0,0.0
6.9477,36,0,0,0.0,0.0
6.9477,37,0,7,7.0,90.0
6.9477,38,-3,5,5.831,120.96
6.9477,39,0,5,5.0,90.0
6.9477,40,4,5,6.403,51.34
6.9477,41,8,7,10.63,41.19
6.9477,42,13,8,15.264,31.61
6.9477,43,17,11,20.248,32.91
6.9477,44,21,13,24.698,31.76
6.9477,45,24,17,29.411,35.31
6.9477,46,26,19,32.202,36.16
6.9477,47,26,21,33.422,38.93
6.9477,48,26,21,33.422,38.93
6.9477,49,25,22,33.302,41.35
6.9477,50,24,20,31.241,39.81
6.9477,51,21,18,27.659,40.6
6.9477,52,17,14,22.023,39.47
6.9477,53,14,8,16.125,29.74
6.9477,54,13,3,13.342,12.99
6.9477,55,12,0,12.0,0.0
6.9477,56,13,-5,13.928,-21.04
6.9477,57,14,-11,17.804,-38.16
6.9477,58,17,-11,20.248,-32.91
6.9477,59,20,-14,24.413,-34.99
6.9477,60,24,-12,26.833,-26.57
6.9477,61,28,-13,30.871,-24.9
6.9477,62,29,-10,30.676,-19.03
6.9643,0,32,8,32.985,14.04
6.9643,1,0,17,17.0,90.0
6.9643,2,-27,15,30.887,150.95
6.9643,3,-23,11,25.495,154.44
6.9643,4,-17,9,19.235,152.1
6.9643,5,-14,7,15.652,153.43
6.9643,6,-7,9,11.402,127.87
6.9643,7,-3,12,12.369,104.04
6.9643,8,1,14,14.036,85.91
6.9643,9,5,17,17.72,73.61
6.9643,10,7,21,22.136,71.57
6.9643,11,8,25,26.249,72.26
6.9643,12,6,26,26.683,77.01
6.9643,13,5,29,29.428,80.22
6.9643,14,3,29,29.155,84.09
6.9643,15,1,29,29.017,88.03
6.9643,16,-1,28,28.018,92.05
6.9643,17,-2,26,26.077,94.4
6.9643,18,-2,22,22.091,95.19
6.9643,19,-1,19,19.026,93.01
6.9643,20,0,14,14.0,90.0
6.9643,21,2,12,12.166,80.54
6.9643,22,5,12,13.0,67.38
6.9643,23,8,10,12.806,51.34
6.9643,24,11,9,14.213,39.29
6.9643,25,15,9,17.493,30.96
6.9643,26,18,0,18.0,0.0
6.9643,27,0,0,0.0,0.0
6.9643,28,0,0,0.0,0.0
6.9643,29,0,0,0.0,0.0
6.9643,30,0,0,0.0,0.0
6.9643,31,0,0,0.0,0.0
6.9643,32,0,0,0.0,0.0
6.9643,33,0,0,0.0,0.0
6.9643,34,0,0,0.0,0.0
6.9643,35,0,0,0.0,0.0
6.9643,36,0,0,0.0,0.0
6.9643,37,0,-10,10.0,-90.0
6.9643,38,0,-7,7.0,-90.0
6.9643,39,-4,-4,5.657,-135.0
6.9643,40,-8,-3,8.544,-159.44
6.9643,41,-12,-2,12.166,-170.54
6.9643,42,-17,-2,17.117,-173.29
6.9643,43,-23,-3,23.195,-172.57
6.9643,44,-28,-5,28.443,-169.88
6.9643,45,-32,-6,32.558,-169.38
6.9643,46,-35,-9,36.139,-165.58
6.9643,47,-38,-10,39.294,-165.26
6.9643,48,-38,-12,39.85,-162.47
6.9643,49,-37,-12,38.897,-162.03
6.9643,50,-35,-11,36.688,-162.55
6.9643,51,-30,-9,31.321,-163.3
6.9643,52,-26,-7,26.926,-164.93
6.9643,53,-21,-2,21.095,-174.56
6.9643,54,-18,1,18.028,176.82
6.9643,55,-15,6,16.155,158.2
6.9643,56,-14,11,17.804,141.84
6.9643,57,-15,18,23.431,129.81
6.9643,58,-15,22,26.627,124.29
6.9643,59,-16,26,30.529,121.61
6.9643,60,-19,25,31.401,127.23
6.9643,61,-21,25,32.65,130.03
6.9643,62,-26,24,35.384,137.29
6.9993,0,-64,7,64.382,173.76
6.9993,1,0,4,4.0,90.0
6.9993,2,27,5,27.459,10.49
6.9993,3,22,4,22.361,10.3
6.9993,4,18,1,18.028,3.18
6.9993,5,13,-1,13.038,-4.4
6.9993,6,9,-6,10.817,-33.69
6.9993,7,7,-8,10.63,-48.81
6.9993,8,7,-14,15.652,-63.43
6.9993,9,6,-17,18.028,-70.56
6.9993,10,4,-21,21.378,-79.22
6.9993,11,7,-21,22.136,-71.57
6.9993,12,8,-21,22.472,-69.15
6.9993,13,12,-23,25.942,-62.45
6.9993,14,14,-22,26.077,-57.53
6.9993,15,15,-22,26.627,-55.71
6.9993,16,15,-19,24.207,-51.71
6.9993,17,18,-18,25.456,-45.0
6.9993,18,16,-17,23.345,-46.74
6.9993,19,15,-14,20.518,-43.03
6.9993,20,11,-14,17.804,-51.84
6.9993,21,8,-14,16.125,-60.26
6.9993,22,5,-14,14.866,-70.35
6.9993,23,2,-15,15.133,-82.41
6.9993,24,-1,-17,17.029,-93.37
6.9993,25,-4,-17,17.464,-103.24
6.9993,26,-7,0,7.0,180.0
6.9993,27,0,0,0.0,0.0
6.9993,28,0,0,0.0,0.0
6.9993,29,0,0,0.0,0.0
6.9993,30,0,0,0.0,0.0
6.9993,31,0,0,0.0,0.0
6.9993,32,0,0,0.0,0.0
6.9993,33,0,0,0.0,0.0
6.9993,34,0,0,0.0,0.0
6.9993,35,0,0,0.0,0.0
6.9993,36,0,0,0.0,0.0
6.9993,37,0,3,3.0,90.0
6.9993,38,-7,6,9.22,139.4
6.9993,39,-2,6,6.325,108.43
6.9993,40,2,9,9.22,77.47
6.9993,41,5,11,12.083,65.56
6.9993,42,9,15,17.493,59.04
6.9993,43,12,18,21.633,56.31
6.9993,44,15,22,26.627,55.71
6.9993,45,17,26,31.064,56.82
6.9993,46,17,29,33.615,59.62
6.9993,47,18,29,34.132,58.17
6.9993,48,16,30,34.0,61.93
6.9993,49,14,29,32.202,64.23
6.9993,50,12,27,29.547,66.04
6.9993,51,11,23,25.495,64.44
6.9993,52,9,19,21.024,64.65
6.9993,53,7,13,14.765,61.7
6.9993,54,7,9,11.402,52.13
6.9993,55,8,4,8.944,26.57
6.9993,56,10,-1,10.05,-5.71
6.9993,57,13,-3,13.342,-12.99
6.9993,58,17,-5,17.72,-16.39
6.9993,59,21,-6,21.84,-15.95
6.9993,60,24,-4,24.331,-9.46
6.9993,61,28,-3,28.16,-6.12
6.9993,62,30,-1,30.017,-1.91
7.0213,0,-64,8,64.498,172.87
7.0213,1,0,20,20.0,90.0
7.0213,2,-19,16,24.839,139.9
7.0213,3,-17,13,21.401,142.59
7.0213,4,-16,12,20.0,143.13
7.0213,5,-11,8,13.601,143.97
7.0213,6,-7,9,11.402,127.87
7.0213,7,-2,9,9.22,102.53
7.0213,8,3,10,10.44,73.3
7.0213,9,6,13,14.318,65.22
7.0213,10,9,15,17.493,59.04
7.0213,11,11,18,21.095,58.57
7.0213,12,12,23,25.942,62.45
7.0213,13,12,23,25.942,62.45
7.0213,14,11,25,27.313,66.25
7.0213,15,10,26,27.857,68.96
7.0213,16,9,26,27.514,70.91
7.0213,17,8,23,24.352,70.82
7.0213,18,6,21,21.84,74.05
7.0213,19,6,18,18.974,71.57
7.0213,20,6,15,16.155,68.2
7.0213,21,7,13,14.765,61.7
7.0213,22,8,11,13.601,53.97
7.0213,23,11,9,14.213,39.29
7.0213,24,12,7,13.892,30.26
7.0213,25,14,5,14.866,19.65
7.0213,26,17,0,17.0,0.0
7.0213,27,0,0,0.0,0.0
7.0213,28,0,0,0.0,0.0
7.0213,29,0,0,0.0,0.0
7.0213,30,0,0,0.0,0.0
7.0213,31,0,0,0.0,0.0
7.0213,32,0,0,0.0,0.0
7.0213,33,0,0,0.0,0.0
7.0213,34,0,0,0.0,0.0
7.0213,35,0,0,0.0,0.0
7.0213,36,0,0,0.0,0.0
7.0213,37,0,-9,9.0,-90.0
7.0213,38,-1,-6,6.083,-99.46
7.0213,39,-4,-4,5.657,-135.0
7.0213,40,-7,-2,7.28,-164.05
7.0213,41,-11,-1,11.045,-174.81
7.0213,42,-15,1,15.033,176.19
7.0213,43,-21,1,21.024,177.27
7.0213,44,-25,0,25.0,180.0
7.0213,45,-30,-1,30.017,-178.09
7.0213,46,-32,-3,32.14,-174.64
7.0213,47,-36,-4,36.222,-173.66
7.0213,48,-36,-6,36.497,-170.54
7.0213,49,-35,-8,35.903,-167.12
7.0213,50,-34,-6,34.525,-169.99
7.0213,51,-32,-8,32.985,-165.96
7.0213,52,-27,-6,27.659,-167.47
7.0213,53,-22,-3,22.204,-172.23
7.0213,54,-16,1,16.031,176.42
7.0213,55,-14,5,14.866,160.35
7.0213,56,-11,9,14.213,140.71
7.0213,57,-9,15,17.493,120.96
7.0213,58,-7,20,21.19,109.29
7.0213,59,-8,22,23.409,109.98
7.0213,60,-9,26,27.514,109.09
7.0213,61,-14,26,29.53,118.3
7.0213,62,-15,25,29.155,120.96
7.0564,0,32,6,32.558,10.62
7.0564,1,0,2,2.0,90.0
7.0564,2,27,6,27.659,12.53
7.0564,3,20,6,20.881,16.7
7.0564,4,14,4,14.56,15.95
7.0564,5,7,2,7.28,15.95
7.0564,6,1,-3,3.162,-71.57
7.0564,7,-5,-6,7.81,-129.81
7.0564,8,-7,-10,12.207,-124.99
7.0564,9,-10,-14,17.205,-125.54
7.0564,10,-9,-19,21.024,-115.35
7.0564,11,-9,-19,21.024,-115.35
7.0564,12,-8,-22,23.409,-109.98
7.0564,13,-5,-22,22.561,-102.8
7.0564,14,-2,-24,24.083,-94.76
7.0564,15,-1,-22,22.023,-92.6
7.0564,16,-1,-16,16.031,-93.58
7.0564,17,-1,-14,14.036,-94.09
7.0564,18,0,-12,12.0,-90.0
7.0564,19,-2,-6,6.325,-108.43
7.0564,20,-3,-2,3.606,-146.31
7.0564,21,-7,1,7.071,171.87
7.0564,22,-10,2,10.198,168.69
7.0564,23,-13,4,13.601,162.9
7.0564,24,-17,5,17.72,163.61
7.0564,25,-21,8,22.472,159.15
7.0564,26,-24,0,24.0,180.0
7.0564,27,0,0,0.0,0.0
7.0564,28,0,0,0.0,0.0
7.0564,29,0,0,0.0,0.0
7.0564,30,0,0,0.0,0.0
7.0564,31,0,0,0.0,0.0
7.0564,32,0,0,0.0,0.0
7.0564,33,0,0,0.0,0.0
7.0564,34,0,0,0.0,0.0
7.0564,35,0,0,0.0,0.0
7.0564,36,0,0,0.0,0.0
7.0564,37,0,-12,12.0,-90.0
7.0564,38,-9,-6,10.817,-146.31
7.0564,39,-8,0,8.0,180.0
7.0564,40,-5,6,7.81,129.81
7.0564,41,-3,13,13.342,102.99
7.0564,42,-2,19,19.105,96.01
7.0564,43,-1,25,25.02,92.29
7.0564,44,-2,31,31.064,93.69
7.0564,45,-1,33,33.015,91.74
7.0564,46,-1,37,37.014,91.55
7.0564,47,-3,36,36.125,94.76
7.0564,48,-1,35,35.014,91.64
7.0564,49,-1,32,32.016,91.79
7.0564,50,-2,26,26.077,94.4
7.0564,51,0,22,22.0,90.0
7.0564,52,3,15,15.297,78.69
7.0564,53,5,7,8.602,54.46
7.0564,54,9,3,9.487,18.43
7.0564,55,12,-3,12.369,-14.04
7.0564,56,18,-6,18.974,-18.43
7.0564,57,24,-8,25.298,-18.43
7.0564,58,29,-9,30.364,-17.24
7.0564,59,33,-10,34.482,-16.86
7.0564,60,37,-8,37.855,-12.2
7.0564,61,40,-6,40.447,-8.53
7.0564,62,40,-3,40.112,-4.29
7.0804,0,-32,1,32.016,178.21
7.0804,1,0,-13,13.0,-90.0
7.0804,2,1,-9,9.055,-83.66
7.0804,3,7,-5,8.602,-35.54
7.0804,4,9,-2,9.22,-12.53
7.0804,5,11,1,11.045,5.19
7.0804,6,14,4,14.56,15.95
7.0804,7,13,9,15.811,34.7
7.0804,8,10,12,15.62,50.19
7.0804,9,7,15,16.553,64.98
7.0804,10,2,21,21.095,84.56
7.0804,11,-4,20,20.396,101.31
7.0804,12,-8,23,24.352,109.18
7.0804,13,-14,26,29.53,118.3
7.0804,14,-18,26,31.623,124.7
7.0804,15,-20,29,35.228,124.59
7.0804,16,-23,30,37.802,127.48
7.0804,17,-23,27,35.468,130.43
7.0804,18,-18,23,29.206,128.05
7.0804,19,-13,19,23.022,124.38
7.0804,20,-8,14,16.125,119.74
7.0804,21,-3,9,9.487,108.43
7.0804,22,1,4,4.123,75.96
7.0804,23,7,-2,7.28,-15.95
7.0804,24,12,-8,14.422,-33.69
7.0804,25,13,-13,18.385,-45.0
7.0804,26,14,0,14.0,0.0
7.0804,27,0,0,0.0,0.0
7.0804,28,0,0,0.0,0.0
7.0804,29,0,0,0.0,0.0
7.0804,30,0,0,0.0,0.0
7.0804,31,0,0,0.0,0.0
7.0804,32,0,0,0.0,0.0
7.0804,33,0,0,0.0,0.0
7.0804,34,0,0,0.0,0.0
7.0804,35,0,0,0.0,0.0
7.0804,36,0,0,0.0,0.0
7.0804,37,0,4,4.0,90.0
7.0804,38,19,0,19.0,0.0
7.0804,39,21,-3,21.213,-8.13
7.0804,40,27,-5,27.459,-10.49
7.0804,41,35,-7,35.693,-11.31
7.0804,42,33,-7,33.734,-11.98
7.0804,43,31,-9,32.28,-16.19
7.0804,44,34,-10,35.44,-16.39
7.0804,45,31,-11,32.894,-19.54
7.0804,46,31,-10,32.573,-17.88
7.0804,47,26,-12,28.636,-24.78
7.0804,48,25,-11,27.313,-23.75
7.0804,49,17,-9,19.235,-27.9
7.0804,50,9,-8,12.042,-41.63
7.0804,51,1,-6,6.083,-80.54
7.0804,52,-7,-7,9.899,-135.0
7.0804,53,-16,-5,16.763,-162.65
7.0804,54,-20,-5,20.616,-165.96
7.0804,55,-25,-6,25.71,-166.5
7.0804,56,-30,-6,30.594,-168.69
7.0804,57,-34,-7,34.713,-168.37
7.0804,58,-33,-10,34.482,-163.14
7.0804,59,-34,-9,35.171,-165.17
7.0804,60,-28,-11,30.083,-158.55
7.0804,61,-30,-15,33.541,-153.43
7.0804,62,-28,-15,31.765,-151.82
7.1678,0,32,6,32.558,10.62
7.1678,1,0,-27,27.0,-90.0
7.1678,2,14,-21,25.239,-56.31
7.1678,3,11,-17,20.248,-57.09
7.1678,4,9,-13,15.811,-55.3
7.1678,5,8,-10,12.806,-51.34
7.1678,6,4,-7,8.062,-60.26
7.1678,7,-1,-5,5.099,-101.31
7.1678,8,-3,-6,6.708,-116.57
7.1678,9,-8,-7,10.63,-138.81
7.1678,10,-14,-7,15.652,-153.43
7.1678,11,-17,-11,20.248,-147.09
7.1678,12,-20,-13,23.854,-146.98
7.1678,13,-21,-14,25.239,-146.31
7.1678,14,-21,-15,25.807,-144.46
7.1678,15,-21,-14,25.239,-146.31
7.1678,16,-19,-14,23.601,-143.62
7.1678,17,-21,-11,23.707,-152.35
7.1678,18,-16,-7,17.464,-156.37
7.1678,19,-16,-2,16.125,-172.87
7.1678,20,-14,1,14.036,175.91
7.1678,21,-13,5,13.928,158.96
7.1678,22,-12,9,15.0,143.13
7.1678,23,-11,15,18.601,126.25
7.1678,24,-12,18,21.633,123.69
7.1678,25,-14,22,26.077,122.47
7.1678,26,-14,0,14.0,180.0
7.1678,27,0,0,0.0,0.0
7.1678,28,0,0,0.0,0.0
7.1678,29,0,0,0.0,0.0
7.1678,30,0,0,0.0,0.0
7.1678,31,0,0,0.0,0.0
7.1678,32,0,0,0.0,0.0
7.1678,33,0,0,0.0,0.0
7.1678,34,0,0,0.0,0.0
7.1678,35,0,0,0.0,0.0
7.1678,36,0,0,0.0,0.0
7.1678,37,0,7,7.0,90.0
7.1678,38,-1,4,4.123,104.04
7.1678,39,4,1,4.123,14.04
7.1678,40,8,-2,8.246,-14.04
7.1678,41,12,-3,12.369,-14.04
7.1678,42,18,-3,18.248,-9.46
7.1678,43,22,-3,22.204,-7.77
7.1678,44,28,0,28.0,0.0
7.1678,45,33,0,33.0,0.0
7.1678,46,35,2,35.057,3.27
7.1678,47,36,3,36.125,4.76
7.1678,48,37,4,37.216,6.17
7.1678,49,35,5,35.355,8.13
7.1678,50,33,5,33.377,8.62
7.1678,51,30,4,30.265,7.59
7.1678,52,24,1,24.021,2.39
7.1678,53,18,-2,18.111,-6.34
7.1678,54,14,-6,15.232,-23.2
7.1678,55,8,-12,14.422,-56.31
7.1678,56,4,-15,15.524,-75.07
7.1678,57,2,-24,24.083,-85.24
7.1678,58,3,-26,26.173,-83.42
7.1678,59,0,-32,32.0,-90.0
7.1678,60,3,-37,37.121,-85.36
7.1678,61,5,-36,36.346,-82.09
7.1678,62,5,-33,33.377,-81.38
7.1923,0,-32,1,32.016,178.21
7.1923,1,0,17,17.0,90.0
7.1923,2,-21,12,24.187,150.26
7.1923,3,-16,6,17.088,159.44
7.1923,4,-9,0,9.0,180.0
7.1923,5,-3,-4,5.0,-126.87
7.1923,6,4,-8,8.944,-63.43
7.1923,7,10,-9,13.454,-41.99
7.1923,8,14,-12,18.439,-40.6
7.1923,9,20,-11,22.825,-28.81
7.1923,10,21,-14,25.239,-33.69
7.1923,11,28,-11,30.083,-21.45
7.1923,12,26,-10,27.857,-21.04
7.1923,13,29,-8,30.083,-15.42
7.1923,14,29,-5,29.428,-9.78
7.1923,15,26,-4,26.306,-8.75
7.1923,16,27,-3,27.166,-6.34
7.1923,17,25,-1,25.02,-2.29
7.1923,18,19,0,19.0,0.0
7.1923,19,13,1,13.038,4.4
7.1923,20,9,1,9.055,6.34
7.1923,21,4,2,4.472,26.57
7.1923,22,-1,4,4.123,104.04
7.1923,23,-7,5,8.602,144.46
7.1923,24,-12,5,13.0,157.38
7.1923,25,-15,7,16.553,154.98
7.1923,26,-18,0,18.0,180.0
7.1923,27,0,0,0.0,0.0
7.1923,28,0,0,0.0,0.0
7.1923,29,0,0,0.0,0.0
7.1923,30,0,0,0.0,0.0
7.1923,31,0,0,0.0,0.0
7.1923,32,0,0,0.0,0.0
7.1923,33,0,0,0.0,0.0
7.1923,34,0,0,0.0,0.0
7.1923,35,0,0,0.0,0.0
7.1923,36,0,0,0.0,0.0
7.1923,37,0,-1,1.0,-90.0
7.1923,38,4,-3,5.0,-36.87
7.1923,39,9,-6,10.817,-33.69
7.1923,40,15,-10,18.028,-33.69
7.1923,41,23,-12,25.942,-27.55
7.1923,42,24,-13,27.295,-28.44
7.1923,43,25,-16,29.682,-32.62
7.1923,44,30,-17,34.482,-29.54
7.1923,45,29,-20,35.228,-34.59
7.1923,46,32,-21,38.275,-33.27
7.1923,47,30,-25,39.051,-39.81
7.1923,48,32,-23,39.408,-35.71
7.1923,49,29,-19,34.67,-33.23
7.1923,50,23,-15,27.459,-33.11
7.1923,51,17,-10,19.723,-30.47
7.1923,52,10,-5,11.18,-26.57
7.1923,53,5,1,5.099,11.31
7.1923,54,-2,5,5.385,111.8
7.1923,55,-9,11,14.213,129.29
7.1923,56,-15,16,21.932,133.15
7.1923,57,-22,20,29.732,137.73
7.1923,58,-25,24,34.655,136.17
7.1923,59,-32,23,39.408,144.29
7.1923,60,-28,29,40.311,133.99
7.1923,61,-34,32,46.69,136.74
7.1923,62,-37,30,47.634,140.96
7.2338,0,69,95,117.414,54.01
7.2338,1,0,-31,31.0,-90.0
7.2338,2,8,-27,28.16,-73.5
7.2338,3,8,-20,21.541,-68.2
7.2338,4,4,-16,16.492,-75.96
7.2338,5,1,-11,11.045,-84.81
7.2338,6,-1,-7,7.071,-98.13
7.2338,7,-6,-7,9.22,-130.6
7.2338,8,-11,-7,13.038,-147.53
7.2338,9,-16,-8,17.889,-153.43
7.2338,10,-19,-13,23.022,-145.62
7.2338,11,-22,-15,26.627,-145.71
7.2338,12,-23,-16,28.018,-145.18
7.2338,13,-23,-20,30.48,-138.99
7.2338,14,-23,-20,30.48,-138.99
7.2338,15,-23,-20,30.48,-138.99
7.2338,16,-21,-19,28.32,-137.86
7.2338,17,-17,-17,24.042,-135.0
7.2338,18,-15,-13,19.849,-139.09
7.2338,19,-14,-9,16.643,-147.26
7.2338,20,-11,-4,11.705,-160.02
7.2338,21,-10,0,10.0,180.0
7.2338,22,-11,4,11.705,160.02
7.2338,23,-12,7,13.892,149.74
7.2338,24,-15,11,18.601,143.75
7.2338,25,-17,15,22.672,138.58
7.2338,26,-19,0,19.0,180.0
7.2338,27,0,0,0.0,0.0
7.2338,28,0,0,0.0,0.0
7.2338,29,0,0,0.0,0.0
7.2338,30,0,0,0.0,0.0
7.2338,31,0,0,0.0,0.0
7.2338,32,0,0,0.0,0.0
7.2338,33,0,0,0.0,0.0
7.2338,34,0,0,0.0,0.0
7.2338,35,0,0,0.0,0.0
7.2338,36,0,0,0.0,0.0
7.2338,37,0,6,6.0,90.0
7.2338,38,6,2,6.325,18.43
7.2338,39,8,-4,8.944,-26.57
7.2338,40,9,-7,11.402,-37.87
7.2338,41,11,-11,15.556,-45.0
7.2338,42,13,-14,19.105,-47.12
7.2338,43,17,-17,24.042,-45.0
7.2338,44,20,-19,27.586,-43.53
7.2338,45,24,-19,30.61,-38.37
7.2338,46,26,-18,31.623,-34.7
7.2338,47,30,-17,34.482,-29.54
7.2338,48,29,-15,32.65,-27.35
7.2338,49,29,-14,32.202,-25.77
7.2338,50,27,-12,29.547,-23.96
7.2338,51,24,-10,26.0,-22.62
7.2338,52,19,-10,21.471,-27.76
7.2338,53,14,-11,17.804,-38.16
7.2338,54,7,-16,17.464,-66.37
7.2338,55,4,-19,19.416,-78.11
7.2338,56,0,-22,22.0,-90.0
7.2338,57,-7,-25,25.962,-105.64
7.2338,58,-6,-32,32.558,-100.62
7.2338,59,-8,-34,34.928,-103.24
7.2338,60,-6,-40,40.447,-98.53
7.2338,61,-4,-40,40.2,-95.71
7.2338,62,-3,-42,42.107,-94.09
7.2726,0,64,10,64.777,8.88
7.2726,1,0,25,25.0,90.0
7.2726,2,8,18,19.698,66.04
7.2726,3,9,14,16.643,57.26
7.2726,4,6,7,9.22,49.4
7.2726,5,2,2,2.828,45.0
7.2726,6,4,-3,5.0,-36.87
7.2726,7,7,-5,8.602,-35.54
7.2726,8,10,-10,14.142,-45.0
7.2726,9,13,-8,15.264,-31.61
7.2726,10,16,-9,18.358,-29.36
7.2726,11,18,-9,20.125,-26.57
7.2726,12,22,-7,23.087,-17.65
7.2726,13,25,-6,25.71,-13.5
7.2726,14,27,-4,27.295,-8.43
7.2726,15,25,-3,25.179,-6.84
7.2726,16,26,-1,26.019,-2.2
7.2726,17,23,-1,23.022,-2.49
7.2726,18,21,-3,21.213,-8.13
7.2726,19,16,-3,16.279,-10.62
7.2726,20,13,-6,14.318,-24.78
7.2726,21,10,-7,12.207,-34.99
7.2726,22,7,-11,13.038,-57.53
7.2726,23,4,-15,15.524,-75.07
7.2726,24,2,-18,18.111,-83.66
7.2726,25,1,-21,21.024,-87.27
7.2726,26,-1,0,1.0,180.0
7.2726,27,0,0,0.0,0.0
7.2726,28,0,0,0.0,0.0
7.2726,29,0,0,0.0,0.0
7.2726,30,0,0,0.0,0.0
7.2726,31,0,0,0.0,0.0
7.2726,32,0,0,0.0,0.0
7.2726,33,0,0,0.0,0.0
7.2726,34,0,0,0.0,0.0
7.2726,35,0,0,0.0,0.0
7.2726,36,0,0,0.0,0.0
7.2726,37,0,-3,3.0,-90.0
7.2726,38,-6,2,6.325,161.57
7.2726,39,-7,6,9.22,139.4
7.2726,40,-7,11,13.038,122.47
7.2726,41,-7,15,16.553,115.02
7.2726,42,-9,20,21.932,114.23
7.2726,43,-11,22,24.597,116.57
7.2726,44,-13,25,28.178,117.47
7.2726,45,-16,26,30.529,121.61
7.2726,46,-18,25,30.806,125.75
7.2726,47,-19,25,31.401,127.23
7.2726,48,-20,23,30.48,131.01
7.2726,49,-19,20,27.586,133.53
7.2726,50,-18,18,25.456,135.0
7.2726,51,-16,16,22.627,135.0
7.2726,52,-11,13,17.029,130.24
7.2726,53,-6,12,13.416,116.57
7.2726,54,-1,11,11.045,95.19
7.2726,55,5,12,13.0,67.38
7.2726,56,10,15,18.028,56.31
7.2726,57,14,16,21.26,48.81
7.2726,58,18,20,26.907,48.01
7.2726,59,21,22,30.414,46.33
7.2726,60,21,24,31.89,48.81
7.2726,61,20,25,32.016,51.34
7.2726,62,19,28,33.838,55.84
7.2967,0,-32,1,32.016,178.21
7.2967,1,0,-38,38.0,-90.0
7.2967,2,-23,-39,45.277,-120.53
7.2967,3,-21,-38,43.417,-118.93
7.2967,4,-22,-30,37.202,-126.25
7.2967,5,-17,-28,32.757,-121.26
7.2967,6,-17,-22,27.803,-127.69
7.2967,7,-17,-13,21.401,-142.59
7.2967,8,-13,-6,14.318,-155.22
7.2967,9,-14,3,14.318,167.91
7.2967,10,-13,12,17.692,137.29
7.2967,11,-15,17,22.672,131.42
7.2967,12,-14,25,28.653,119.25
7.2967,13,-16,31,34.886,117.3
7.2967,14,-16,33,36.674,115.87
7.2967,15,-16,37,40.311,113.39
7.2967,16,-15,40,42.72,110.56
7.2967,17,-14,33,35.847,112.99
7.2967,18,-10,29,30.676,109.03
7.2967,19,-7,26,26.926,105.07
7.2967,20,-3,20,20.224,98.53
7.2967,21,0,15,15.0,90.0
7.2967,22,3,10,10.44,73.3
7.2967,23,7,4,8.062,29.74
7.2967,24,11,-2,11.18,-10.3
7.2967,25,13,-7,14.765,-28.3
7.2967,26,15,0,15.0,0.0
7.2967,27,0,0,0.0,0.0
7.2967,28,0,0,0.0,0.0
7.2967,29,0,0,0.0,0.0
7.2967,30,0,0,0.0,0.0
7.2967,31,0,0,0.0,0.0
7.2967,32,0,0,0.0,0.0
7.2967,33,0,0,0.0,0.0
7.2967,34,0,0,0.0,0.0
7.2967,35,0,0,0.0,0.0
7.2967,36,0,0,0.0,0.0
7.2967,37,0,-3,3.0,-90.0
7.2967,38,-13,-6,14.318,-155.22
7.2967,39,-11,-10,14.866,-137.73
7.2967,40,-10,-15,18.028,-123.69
7.2967,41,-9,-17,19.235,-117.9
7.2967,42,-5,-16,16.763,-107.35
7.2967,43,-1,-18,18.028,-93.18
7.2967,44,2,-18,18.111,-83.66
7.2967,45,5,-17,17.72,-73.61
7.2967,46,10,-15,18.028,-56.31
7.2967,47,13,-13,18.385,-45.0
7.2967,48,19,-9,21.024,-25.35
7.2967,49,23,-3,23.195,-7.43
7.2967,50,24,2,24.083,4.76
7.2967,51,25,5,25.495,11.31
7.2967,52,24,12,26.833,26.57
7.2967,53,29,13,31.78,24.15
7.2967,54,21,14,25.239,33.69
7.2967,55,19,14,23.601,36.38
7.2967,56,15,12,19.209,38.66
7.2967,57,12,9,15.0,36.87
7.2967,58,7,4,8.062,29.74
7.2967,59,2,-1,2.236,-26.57
7.2967,60,-2,-9,9.22,-102.53
7.2967,61,-7,-17,18.385,-112.38
7.2967,62,-14,-22,26.077,-122.47
7.3223,0,32,6,32.558,10.62
7.3223,1,0,-23,23.0,-90.0
7.3223,2,24,-21,31.89,-41.19
7.3223,3,17,-15,22.672,-41.42
7.3223,4,15,-14,20.518,-43.03
7.3223,5,10,-11,14.866,-47.73
7.3223,6,3,-10,10.44,-73.3
7.3223,7,-5,-11,12.083,-114.44
7.3223,8,-8,-11,13.601,-126.03
7.3223,9,-11,-15,18.601,-126.25
7.3223,10,-15,-19,24.207,-128.29
7.3223,11,-17,-23,28.601,-126.47
7.3223,12,-18,-26,31.623,-124.7
7.3223,13,-17,-27,31.906,-122.2
7.3223,14,-17,-28,32.757,-121.26
7.3223,15,-17,-28,32.757,-121.26
7.3223,16,-13,-25,28.178,-117.47
7.3223,17,-13,-21,24.698,-121.76
7.3223,18,-12,-17,20.809,-125.22
7.3223,19,-12,-13,17.692,-132.71
7.3223,20,-10,-8,12.806,-141.34
7.3223,21,-12,-4,12.649,-161.57
7.3223,22,-15,1,15.033,176.19
7.3223,23,-16,5,16.763,162.65
7.3223,24,-19,7,20.248,159.78
7.3223,25,-23,11,25.495,154.44
7.3223,26,-25,0,25.0,180.0
7.3223,27,0,0,0.0,0.0
7.3223,28,0,0,0.0,0.0
7.3223,29,0,0,0.0,0.0
7.3223,30,0,0,0.0,0.0
7.3223,31,0,0,0.0,0.0
7.3223,32,0,0,0.0,0.0
7.3223,33,0,0,0.0,0.0
7.3223,34,0,0,0.0,0.0
7.3223,35,0,0,0.0,0.0
7.3223,36,0,0,0.0,0.0
7.3223,37,0,5,5.0,90.0
7.3223,38,-6,4,7.211,146.31
7.3223,39,-2,3,3.606,123.69
7.3223,40,3,1,3.162,18.43
7.3223,41,9,2,9.22,12.53
7.3223,42,13,3,13.342,12.99
7.3223,43,19,5,19.647,14.74
7.3223,44,23,6,23.77,14.62
7.3223,45,26,10,27.857,21.04
7.3223,46,29,11,31.016,20.77
7.3223,47,29,12,31.385,22.48
7.3223,48,29,14,32.202,25.77
7.3223,49,28,13,30.871,24.9
7.3223,50,25,11,27.313,23.75
7.3223,51,22,8,23.409,19.98
7.3223,52,18,4,18.439,12.53
7.3223,53,15,-1,15.033,-3.81
7.3223,54,8,-9,12.042,-48.37
7.3223,55,9,-14,16.643,-57.26
7.3223,56,8,-21,22.472,-69.15
7.3223,57,8,-27,28.16,-73.5
7.3223,58,10,-29,30.676,-70.97
7.3223,59,14,-34,36.77,-67.62
7.3223,60,13,-37,39.217,-70.64
7.3223,61,20,-38,42.942,-62.24
7.3223,62,22,-32,38.833,-55.49
7.3662,0,-32,1,32.016,178.21
7.3662,1,0,-9,9.0,-90.0
7.3662,2,-11,-3,11.402,-164.74
7.3662,3,-9,2,9.22,167.47
7.3662,4,-10,6,11.662,149.04
7.3662,5,-9,10,13.454,131.99
7.3662,6,-11,13,17.029,130.24
7.3662,7,-14,13,19.105,137.12
7.3662,8,-16,15,21.932,136.85
7.3662,9,-20,13,23.854,146.98
7.3662,10,-22,13,25.554,149.42
7.3662,11,-26,9,27.514,160.91
7.3662,12,-24,7,25.0,163.74
7.3662,13,-26,5,26.476,169.11
7.3662,14,-24,4,24.331,170.54
7.3662,15,-21,3,21.213,171.87
7.3662,16,-20,3,20.224,171.47
7.3662,17,-17,3,17.263,169.99
7.3662,18,-12,5,13.0,157.38
7.3662,19,-8,6,10.0,143.13
7.3662,20,-5,8,9.434,122.01
7.3662,21,-2,10,10.198,101.31
7.3662,22,0,13,13.0,90.0
7.3662,23,2,16,16.125,82.87
7.3662,24,4,15,15.524,75.07
7.3662,25,4,16,16.492,75.96
7.3662,26,6,0,6.0,0.0
7.3662,27,0,0,0.0,0.0
7.3662,28,0,0,0.0,0.0
7.3662,29,0,0,0.0,0.0
7.3662,30,0,0,0.0,0.0
7.3662,31,0,0,0.0,0.0
7.3662,32,0,0,0.0,0.0
7.3662,33,0,0,0.0,0.0
7.3662,34,0,0,0.0,0.0
7.3662,35,0,0,0.0,0.0
7.3662,36,0,0,0.0,0.0
7.3662,37,0,-11,11.0,-90.0
7.3662,38,11,-13,17.029,-49.76
7.3662,39,11,-17,20.248,-57.09
7.3662,40,14,-22,26.077,-57.53
7.3662,41,18,-22,28.425,-50.71
7.3662,42,17,-19,25.495,-48.18
7.3662,43,15,-21,25.807,-54.46
7.3662,44,17,-20,26.249,-49.64
7.3662,45,15,-20,25.0,-53.13
7.3662,46,16,-18,24.083,-48.37
7.3662,47,13,-18,22.204,-54.16
7.3662,48,11,-15,18.601,-53.75
7.3662,49,6,-11,12.53,-61.39
7.3662,50,2,-11,11.18,-79.7
7.3662,51,-4,-9,9.849,-113.96
7.3662,52,-9,-11,14.213,-129.29
7.3662,53,-17,-9,19.235,-152.1
7.3662,54,-18,-10,20.591,-150.95
7.3662,55,-22,-12,25.06,-151.39
7.3662,56,-24,-16,28.844,-146.31
7.3662,57,-28,-17,32.757,-148.74
7.3662,58,-27,-21,34.205,-142.13
7.3662,59,-28,-19,33.838,-145.84
7.3662,60,-24,-23,33.242,-136.22
7.3662,61,-25,-24,34.655,-136.17
7.3662,62,-24,-20,31.241,-140.19
7.4067,0,-32,10,33.526,162.65
7.4067,1,0,27,27.0,90.0
7.4067,2,4,22,22.361,79.7
7.4067,3,3,17,17.263,79.99
7.4067,4,0,12,12.0,90.0
7.4067,5,1,7,7.071,81.87
7.4067,6,1,1,1.414,45.0
7.4067,7,2,-2,2.828,-45.0
7.4067,8,8,-5,9.434,-32.01
7.4067,9,11,-2,11.18,-10.3
7.4067,10,14,-4,14.56,-15.95
7.4067,11,17,-3,17.263,-10.01
7.4067,12,18,1,18.028,3.18
7.4067,13,19,2,19.105,6.01
7.4067,14,22,3,22.204,7.77
7.4067,15,19,5,19.647,14.74
7.4067,16,21,6,21.84,15.95
7.4067,17,17,2,17.117,6.71
7.4067,18,16,0,16.0,0.0
7.4067,19,14,-3,14.318,-12.09
7.4067,20,13,-7,14.765,-28.3
7.4067,21,12,-9,15.0,-36.87
7.4067,22,11,-15,18.601,-53.75
7.4067,23,13,-18,22.204,-54.16
7.4067,24,14,-20,24.413,-55.01
7.4067,25,15,-24,28.302,-57.99
7.4067,26,15,0,15.0,0.0
7.4067,27,0,0,0.0,0.0
7.4067,28,0,0,0.0,0.0
7.4067,29,0,0,0.0,0.0
7.4067,30,0,0,0.0,0.0
7.4067,31,0,0,0.0,0.0
7.4067,32,0,0,0.0,0.0
7.4067,33,0,0,0.0,0.0
7.4067,34,0,0,0.0,0.0
7.4067,35,0,0,0.0,0.0
7.4067,36,0,0,0.0,0.0
7.4067,37,0,-3,3.0,-90.0
7.4067,38,-5,3,5.831,149.04
7.4067,39,-4,7,8.062,119.74
7.4067,40,-4,13,13.601,107.1
7.4067,41,-4,18,18.439,102.53
7.4067,42,-4,22,22.361,100.3
7.4067,43,-7,25,25.962,105.64
7.4067,44,-7,28,28.862,104.04
7.4067,45,-11,30,31.953,110.14
7.4067,46,-12,30,32.311,111.8
7.4067,47,-16,28,32.249,119.74
7.4067,48,-16,26,30.529,121.61
7.4067,49,-16,24,28.844,123.69
7.4067,50,-15,22,26.627,124.29
7.4067,51,-13,18,22.204,125.84
7.4067,52,-7,14,15.652,116.57
7.4067,53,-3,12,12.369,104.04
7.4067,54,3,13,13.342,77.01
7.4067,55,8,17,18.788,64.8
7.4067,56,12,19,22.472,57.72
7.4067,57,17,20,26.249,49.64
7.4067,58,19,25,31.401,52.77
7.4067,59,21,30,36.62,55.01
7.4067,60,22,28,35.609,51.84
7.4067,61,20,35,40.311,60.26
7.4067,62,20,35,40.311,60.26
7.4285,0,80,12,80.895,8.53
7.4285,1,0,35,35.0,90.0
7.4285,2,-5,26,26.476,100.89
7.4285,3,-8,19,20.616,112.83
7.4285,4,-6,12,13.416,116.57
7.4285,5,-6,10,11.662,120.96
7.4285,6,0,3,3.0,90.0
7.4285,7,4,4,5.657,45.0
7.4285,8,8,4,8.944,26.57
7.4285,9,14,5,14.866,19.65
7.4285,10,14,7,15.652,26.57
7.4285,11,20,10,22.361,26.57
7.4285,12,22,13,25.554,30.58
7.4285,13,22,15,26.627,34.29
7.4285,14,21,14,25.239,33.69
7.4285,15,21,12,24.187,29.74
7.4285,16,19,13,23.022,34.38
7.4285,17,18,11,21.095,31.43
7.4285,18,16,6,17.088,20.56
7.4285,19,15,1,15.033,3.81
7.4285,20,12,-2,12.166,-9.46
7.4285,21,14,-9,16.643,-32.74
7.4285,22,15,-13,19.849,-40.91
7.4285,23,17,-16,23.345,-43.26
7.4285,24,18,-19,26.173,-46.55
7.4285,25,19,-22,29.069,-49.18
7.4285,26,24,0,24.0,0.0
7.4285,27,0,0,0.0,0.0
7.4285,28,0,0,0.0,0.0
7.4285,29,0,0,0.0,0.0
7.4285,30,0,0,0.0,0.0
7.4285,31,0,0,0.0,0.0
7.4285,32,0,0,0.0,0.0
7.4285,33,0,0,0.0,0.0
7.4285,34,0,0,0.0,0.0
7.4285,35,0,0,0.0,0.0
7.4285,36,0,0,0.0,0.0
7.4285,37,0,-5,5.0,-90.0
7.4285,38,-6,1,6.083,170.54
7.4285,39,-6,6,8.485,135.0
7.4285,40,-9,11,14.213,129.29
7.4285,41,-12,16,20.0,126.87
7.4285,42,-13,19,23.022,124.38
7.4285,43,-16,22,27.203,126.03
7.4285,44,-21,24,31.89,131.19
7.4285,45,-26,24,35.384,137.29
7.4285,46,-28,23,36.235,140.6
7.4285,47,-29,21,35.805,144.09
7.4285,48,-29,20,35.228,145.41
7.4285,49,-27,17,31.906,147.8
7.4285,50,-25,16,29.682,147.38
7.4285,51,-20,16,25.612,141.34
7.4285,52,-16,14,21.26,138.81
7.4285,53,-10,15,18.028,123.69
7.4285,54,-2,19,19.105,96.01
7.4285,55,4,24,24.331,80.54
7.4285,56,7,26,26.926,74.93
7.4285,57,11,36,37.643,73.01
7.4285,58,11,38,39.56,73.86
7.4285,59,13,41,43.012,72.41
7.4285,60,10,41,42.202,76.29
7.4285,61,8,44,44.721,79.7
7.4285,62,7,43,43.566,80.75
7.4666,0,-32,1,32.016,178.21
7.4666,1,0,-21,21.0,-90.0
7.4666,2,-4,-23,23.345,-99.87
7.4666,3,-4,-22,22.361,-100.3
7.4666,4,-4,-21,21.378,-100.78
7.4666,5,-2,-23,23.087,-94.97
7.4666,6,-2,-25,25.08,-94.57
7.4666,7,0,-23,23.0,-90.0
7.4666,8,1,-25,25.02,-87.71
7.4666,9,3,-23,23.195,-82.57
7.4666,10,4,-25,25.318,-80.91
7.4666,11,6,-22,22.804,-74.74
7.4666,12,6,-22,22.804,-74.74
7.4666,13,6,-22,22.804,-74.74
7.4666,14,5,-20,20.616,-75.96
7.4666,15,4,-22,22.361,-79.7
7.4666,16,3,-22,22.204,-82.23
7.4666,17,2,-20,20.1,-84.29
7.4666,18,1,-20,20.025,-87.14
7.4666,19,0,-20,20.0,-90.0
7.4666,20,-2,-20,20.1,-95.71
7.4666,21,-2,-21,21.095,-95.44
7.4666,22,-3,-21,21.213,-98.13
7.4666,23,-3,-23,23.195,-97.43
7.4666,24,-3,-20,20.224,-98.53
7.4666,25,-3,-18,18.248,-99.46
7.4666,26,-4,0,4.0,180.0
7.4666,27,0,0,0.0,0.0
7.4666,28,0,0,0.0,0.0
7.4666,29,0,0,0.0,0.0
7.4666,30,0,0,0.0,0.0
7.4666,31,0,0,0.0,0.0
7.4666,32,0,0,0.0,0.0
7.4666,33,0,0,0.0,0.0
7.4666,34,0,0,0.0,0.0
7.4666,35,0,0,0.0,0.0
7.4666,36,0,0,0.0,0.0
7.4666,37,0,-23,23.0,-90.0
7.4666,38,-4,-22,22.361,-100.3
7.4666,39,-6,-25,25.71,-103.5
7.4666,40,-8,-30,31.048,-104.93
7.4666,41,-10,-26,27.857,-111.04
7.4666,42,-10,-23,25.08,-113.5
7.4666,43,-9,-24,25.632,-110.56
7.4666,44,-11,-22,24.597,-116.57
7.4666,45,-11,-23,25.495,-115.56
7.4666,46,-13,-22,25.554,-120.58
7.4666,47,-13,-24,27.295,-118.44
7.4666,48,-15,-22,26.627,-124.29
7.4666,49,-16,-20,25.612,-128.66
7.4666,50,-16,-19,24.839,-130.1
7.4666,51,-15,-17,22.672,-131.42
7.4666,52,-15,-20,25.0,-126.87
7.4666,53,-18,-17,24.759,-136.64
7.4666,54,-14,-17,22.023,-129.47
7.4666,55,-13,-18,22.204,-125.84
7.4666,56,-13,-19,23.022,-124.38
7.4666,57,-13,-18,22.204,-125.84
7.4666,58,-11,-20,22.825,-118.81
7.4666,59,-10,-18,20.591,-119.05
7.4666,60,-7,-21,22.136,-108.43
7.4666,61,-7,-23,24.042,-106.93
7.4666,62,-6,-20,20.881,-106.7
7.4861,0,-48,8,48.662,170.54
7.4861,1,0,24,24.0,90.0
7.4861,2,14,20,24.413,55.01
7.4861,3,10,16,18.868,57.99
7.4861,4,8,10,12.806,51.34
7.4861,5,4,4,5.657,45.0
7.4861,6,4,2,4.472,26.57
7.4861,7,6,-2,6.325,-18.43
7.4861,8,9,-3,9.487,-18.43
7.4861,9,13,-3,13.342,-12.99
7.4861,10,16,-2,16.125,-7.13
7.4861,11,18,0,18.0,0.0
7.4861,12,21,2,21.095,5.44
7.4861,13,22,5,22.561,12.8
7.4861,14,22,6,22.804,15.26
7.4861,15,24,7,25.0,16.26
7.4861,16,21,6,21.84,15.95
7.4861,17,18,5,18.682,15.52
7.4861,18,16,3,16.279,10.62
7.4861,19,14,-1,14.036,-4.09
7.4861,20,11,-3,11.402,-15.26
7.4861,21,11,-6,12.53,-28.61
7.4861,22,9,-10,13.454,-48.01
7.4861,23,11,-14,17.804,-51.84
7.4861,24,13,-18,22.204,-54.16
7.4861,25,15,-21,25.807,-54.46
7.4861,26,15,0,15.0,0.0
7.4861,27,0,0,0.0,0.0
7.4861,28,0,0,0.0,0.0
7.4861,29,0,0,0.0,0.0
7.4861,30,0,0,0.0,0.0
7.4861,31,0,0,0.0,0.0
7.4861,32,0,0,0.0,0.0
7.4861,33,0,0,0.0,0.0
7.4861,34,0,0,0.0,0.0
7.4861,35,0,0,0.0,0.0
7.4861,36,0,0,0.0,0.0
7.4861,37,0,4,4.0,90.0
7.4861,38,-10,6,11.662,149.04
7.4861,39,-6,7,9.22,130.6
7.4861,40,-1,9,9.055,96.34
7.4861,41,2,13,13.153,81.25
7.4861,42,6,17,18.028,70.56
7.4861,43,9,21,22.847,66.8
7.4861,44,11,25,27.313,66.25
7.4861,45,12,30,32.311,68.2
7.4861,46,11,31,32.894,70.46
7.4861,47,10,32,33.526,72.65
7.4861,48,10,33,34.482,73.14
7.4861,49,8,31,32.016,75.53
7.4861,50,8,27,28.16,73.5
7.4861,51,5,25,25.495,78.69
7.4861,52,6,20,20.881,73.3
7.4861,53,8,15,17.0,61.93
7.4861,54,9,13,15.811,55.3
7.4861,55,13,13,18.385,45.0
7.4861,56,16,13,20.616,39.09
7.4861,57,19,10,21.471,27.76
7.4861,58,24,16,28.844,33.69
7.4861,59,25,18,30.806,35.75
7.4861,60,26,21,33.422,38.93
7.4861,61,27,21,34.205,37.87
7.4861,62,30,24,38.419,38.66
7.5653,0,-32,1,32.016,178.21
7.5653,1,0,6,6.0,90.0
7.5653,2,-23,4,23.345,170.13
7.5653,3,-15,3,15.297,168.69
7.5653,4,-7,2,7.28,164.05
7.5653,5,1,1,1.414,45.0
7.5653,6,9,1,9.055,6.34
7.5653,7,17,1,17.029,3.37
7.5653,8,21,1,21.024,2.73
7.5653,9,28,2,28.071,4.09
7.5653,10,31,3,31.145,5.53
7.5653,11,38,3,38.118,4.51
7.5653,12,33,4,33.242,6.91
7.5653,13,34,4,34.234,6.71
7.5653,14,34,4,34.234,6.71
7.5653,15,30,4,30.265,7.59
7.5653,16,27,3,27.166,6.34
7.5653,17,24,2,24.083,4.76
7.5653,18,16,0,16.0,0.0
7.5653,19,10,0,10.0,0.0
7.5653,20,5,-1,5.099,-11.31
7.5653,21,0,-2,2.0,-90.0
7.5653,22,-6,-4,7.211,-146.31
7.5653,23,-11,-5,12.083,-155.56
7.5653,24,-15,-5,15.811,-161.57
7.5653,25,-16,-5,16.763,-162.65
7.5653,26,-18,0,18.0,180.0
7.5653,27,0,0,0.0,0.0
7.5653,28,0,0,0.0,0.0
7.5653,29,0,0,0.0,0.0
7.5653,30,0,0,0.0,0.0
7.5653,31,0,0,0.0,0.0
7.5653,32,0,0,0.0,0.0
7.5653,33,0,0,0.0,0.0
7.5653,34,0,0,0.0,0.0
7.5653,35,0,0,0.0,0.0
7.5653,36,0,0,0.0,0.0
7.5653,37,0,-2,2.0,-90.0
7.5653,38,9,-6,10.817,-33.69
7.5653,39,11,-10,14.866,-42.27
7.5653,40,15,-15,21.213,-45.0
7.5653,41,19,-17,25.495,-41.82
7.5653,42,18,-16,24.083,-41.63
7.5653,43,16,-19,24.839,-49.9
7.5653,44,17,-18,24.759,-46.64
7.5653,45,15,-19,24.207,-51.71
7.5653,46,15,-17,22.672,-48.58
7.5653,47,12,-17,20.809,-54.78
7.5653,48,12,-13,17.692,-47.29
7.5653,49,10,-9,13.454,-41.99
7.5653,50,5,-4,6.403,-38.66
7.5653,51,2,0,2.0,0.0
7.5653,52,-1,4,4.123,104.04
7.5653,53,-5,6,7.81,129.81
7.5653,54,-8,8,11.314,135.0
7.5653,55,-12,9,15.0,143.13
7.5653,56,-16,12,20.0,143.13
7.5653,57,-22,11,24.597,153.43
7.5653,58,-24,12,26.833,153.43
7.5653,59,-30,10,31.623,161.57
7.5653,60,-28,11,30.083,158.55
7.5653,61,-35,12,37.0,161.08
7.5653,62,-38,9,39.051,166.68
7.5925,0,-32,14,34.928,156.37
7.5925,1,0,3,3.0,90.0
7.5925,2,27,5,27.459,10.49
7.5925,3,23,4,23.345,9.87
7.5925,4,18,2,18.111,6.34
7.5925,5,15,-3,15.297,-11.31
7.5925,6,13,-4,13.601,-17.1
7.5925,7,9,-9,12.728,-45.0
7.5925,8,9,-13,15.811,-55.3
7.5925,9,10,-15,18.028,-56.31
7.5925,10,12,-17,20.809,-54.78
7.5925,11,14,-17,22.023,-50.53
7.5925,12,16,-18,24.083,-48.37
7.5925,13,19,-17,25.495,-41.82
7.5925,14,21,-13,24.698,-31.76
7.5925,15,20,-10,22.361,-26.57
7.5925,16,20,-10,22.361,-26.57
7.5925,17,18,-8,19.698,-23.96
7.5925,18,15,-10,18.028,-33.69
7.5925,19,12,-10,15.62,-39.81
7.5925,20,9,-13,15.811,-55.3
7.5925,21,6,-15,16.155,-68.2
7.5925,22,3,-18,18.248,-80.54
7.5925,23,0,-21,21.0,-90.0
7.5925,24,0,-23,23.0,-90.0
7.5925,25,0,-26,26.0,-90.0
7.5925,26,0,0,0.0,0.0
7.5925,27,0,0,0.0,0.0
7.5925,28,0,0,0.0,0.0
7.5925,29,0,0,0.0,0.0
7.5925,30,0,0,0.0,0.0
7.5925,31,0,0,0.0,0.0
7.5925,32,0,0,0.0,0.0
7.5925,33,0,0,0.0,0.0
7.5925,34,0,0,0.0,0.0
7.5925,35,0,0,0.0,0.0
7.5925,36,0,0,0.0,0.0
7.5925,37,0,10,10.0,90.0
7.5925,38,-5,8,9.434,122.01
7.5925,39,0,6,6.0,90.0
7.5925,40,3,6,6.708,63.43
7.5925,41,8,6,10.0,36.87
7.5925,42,13,7,14.765,28.3
7.5925,43,18,11,21.095,31.43
7.5925,44,22,13,25.554,30.58
7.5925,45,25,16,29.682,32.62
7.5925,46,27,18,32.45,33.69
7.5925,47,27,19,33.015,35.13
7.5925,48,27,19,33.015,35.13
7.5925,49,25,18,30.806,35.75
7.5925,50,23,16,28.018,34.82
7.5925,51,22,14,26.077,32.47
7.5925,52,19,10,21.471,27.76
7.5925,53,17,6,18.028,19.44
7.5925,54,17,1,17.029,3.37
7.5925,55,15,-3,15.297,-11.31
7.5925,56,21,-9,22.847,-23.2
7.5925,57,21,-8,22.472,-20.85
7.5925,58,23,-9,24.698,-21.37
7.5925,59,28,-7,28.862,-14.04
7.5925,60,32,-8,32.985,-14.04
7.5925,61,35,-2,35.057,-3.27
7.5925,62,35,1,35.014,1.64
7.6362,0,-78,41,88.119,152.27
7.6362,1,0,23,23.0,90.0
7.6362,2,-19,18,26.173,136.55
7.6362,3,-17,15,22.672,138.58
7.6362,4,-13,12,17.692,137.29
7.6362,5,-8,11,13.601,126.03
7.6362,6,-3,10,10.44,106.7
7.6362,7,1,11,11.045,84.81
7.6362,8,5,14,14.866,70.35
7.6362,9,7,15,16.553,64.98
7.6362,10,10,19,21.471,62.24
7.6362,11,10,23,25.08,66.5
7.6362,12,6,23,23.77,75.38
7.6362,13,8,23,24.352,70.82
7.6362,14,7,23,24.042,73.07
7.6362,15,2,24,24.083,85.24
7.6362,16,2,21,21.095,84.56
7.6362,17,2,14,14.142,81.87
7.6362,18,3,16,16.279,79.38
7.6362,19,3,11,11.402,74.74
7.6362,20,6,8,10.0,53.13
7.6362,21,9,7,11.402,37.87
7.6362,22,12,6,13.416,26.57
7.6362,23,15,5,15.811,18.43
7.6362,24,19,6,19.925,17.53
7.6362,25,22,7,23.087,17.65
7.6362,26,24,0,24.0,0.0
7.6362,27,0,0,0.0,0.0
7.6362,28,0,0,0.0,0.0
7.6362,29,0,0,0.0,0.0
7.6362,30,0,0,0.0,0.0
7.6362,31,0,0,0.0,0.0
7.6362,32,0,0,0.0,0.0
7.6362,33,0,0,0.0,0.0
7.6362,34,0,0,0.0,0.0
7.6362,35,0,0,0.0,0.0
7.6362,36,0,0,0.0,0.0
7.6362,37,0,-10,10.0,-90.0
7.6362,38,-5,-5,7.071,-135.0
7.6362,39,-6,-1,6.083,-170.54
7.6362,40,-9,3,9.487,161.57
7.6362,41,-11,7,13.038,147.53
7.6362,42,-13,11,17.029,139.76
7.6362,43,-18,12,21.633,146.31
7.6362,44,-22,13,25.554,149.42
7.6362,45,-26,13,29.069,153.43
7.6362,46,-29,13,31.78,155.85
7.6362,47,-31,11,32.894,160.46
7.6362,48,-32,10,33.526,162.65
7.6362,49,-31,9,32.28,163.81
7.6362,50,-30,8,31.048,165.07
7.6362,51,-27,7,27.893,165.47
7.6362,52,-23,8,24.352,160.82
7.6362,53,-17,11,20.248,147.09
7.6362,54,-13,13,18.385,135.0
7.6362,55,-10,17,19.723,120.47
7.6362,56,-7,22,23.087,107.65
7.6362,57,-5,27,27.459,100.49
7.6362,58,-5,30,30.414,99.46
7.6362,59,-7,33,33.734,101.98
7.6362,60,-8,34,34.928,103.24
7.6362,61,-12,35,37.0,108.92
7.6362,62,-13,32,34.54,112.11
7.6637,0,-48,12,49.477,165.96
7.6637,1,0,22,22.0,90.0
7.6637,2,19,17,25.495,41.82
7.6637,3,18,12,21.633,33.69
7.6637,4,13,8,15.264,31.61
7.6637,5,11,4,11.705,19.98
7.6637,6,10,0,10.0,0.0
7.6637,7,10,-4,10.77,-21.8
7.6637,8,14,-4,14.56,-15.95
7.6637,9,15,-5,15.811,-18.43
7.6637,10,18,-5,18.682,-15.52
7.6637,11,21,-5,21.587,-13.39
7.6637,12,23,-1,23.022,-2.49
7.6637,13,25,0,25.0,0.0
7.6637,14,24,2,24.083,4.76
7.6637,15,25,3,25.179,6.84
7.6637,16,22,3,22.204,7.77
7.6637,17,20,1,20.025,2.86
7.6637,18,17,-1,17.029,-3.37
7.6637,19,15,-3,15.297,-11.31
7.6637,20,12,-6,13.416,-26.57
7.6637,21,11,-10,14.866,-42.27
7.6637,22,10,-14,17.205,-54.46
7.6637,23,11,-17,20.248,-57.09
7.6637,24,12,-18,21.633,-56.31
7.6637,25,15,-21,25.807,-54.46
7.6637,26,14,0,14.0,0.0
7.6637,27,0,0,0.0,0.0
7.6637,28,0,0,0.0,0.0
7.6637,29,0,0,0.0,0.0
7.6637,30,0,0,0.0,0.0
7.6637,31,0,0,0.0,0.0
7.6637,32,0,0,0.0,0.0
7.6637,33,0,0,0.0,0.0
7.6637,34,0,0,0.0,0.0
7.6637,35,0,0,0.0,0.0
7.6637,36,0,0,0.0,0.0
7.6637,37,0,5,5.0,90.0
7.6637,38,-9,6,10.817,146.31
7.6637,39,-5,7,8.602,125.54
7.6637,40,0,10,10.0,90.0
7.6637,41,4,12,12.649,71.57
7.6637,42,8,16,17.889,63.43
7.6637,43,10,20,22.361,63.43
7.6637,44,14,24,27.785,59.74
7.6637,45,14,28,31.305,63.43
7.6637,46,14,30,33.106,64.98
7.6637,47,13,30,32.696,66.57
7.6637,48,12,31,33.242,68.84
7.6637,49,10,29,30.676,70.97
7.6637,50,9,26,27.514,70.91
7.6637,51,7,22,23.087,72.35
7.6637,52,7,18,19.313,68.75
7.6637,53,7,13,14.765,61.7
7.6637,54,10,8,12.806,38.66
7.6637,55,14,7,15.652,26.57
7.6637,56,15,6,16.155,21.8
7.6637,57,21,6,21.84,15.95
7.6637,58,25,9,26.571,19.8
7.6637,59,26,12,28.636,24.78
7.6637,60,30,16,34.0,28.07
7.6637,61,31,18,35.847,30.14
7.6637,62,35,18,39.357,27.22
7.7003,0,33,18,37.59,28.61
7.7003,1,0,-21,21.0,-90.0
7.7003,2,-21,-16,26.401,-142.7
7.7003,3,-17,-15,22.672,-138.58
7.7003,4,-15,-8,17.0,-151.93
7.7003,5,-11,-5,12.083,-155.56
7.7003,6,-12,-1,12.042,-175.24
7.7003,7,-13,4,13.601,162.9
7.7003,8,-14,7,15.652,153.43
7.7003,9,-16,6,17.088,159.44
7.7003,10,-18,6,18.974,161.57
7.7003,11,-22,6,22.804,164.74
7.7003,12,-24,5,24.515,168.23
7.7003,13,-25,3,25.179,173.16
7.7003,14,-27,1,27.019,177.88
7.7003,15,-24,1,24.021,177.61
7.7003,16,-21,0,21.0,180.0
7.7003,17,-20,2,20.1,174.29
7.7003,18,-17,3,17.263,169.99
7.7003,19,-15,5,15.811,161.57
7.7003,20,-12,9,15.0,143.13
7.7003,21,-10,12,15.62,129.81
7.7003,22,-8,15,17.0,118.07
7.7003,23,-8,20,21.541,111.8
7.7003,24,-8,21,22.472,110.85
7.7003,25,-9,23,24.698,111.37
7.7003,26,-8,0,8.0,180.0
7.7003,27,0,0,0.0,0.0
7.7003,28,0,0,0.0,0.0
7.7003,29,0,0,0.0,0.0
7.7003,30,0,0,0.0,0.0
7.7003,31,0,0,0.0,0.0
7.7003,32,0,0,0.0,0.0
7.7003,33,0,0,0.0,0.0
7.7003,34,0,0,0.0,0.0
7.7003,35,0,0,0.0,0.0
7.7003,36,0,0,0.0,0.0
7.7003,37,0,-5,5.0,-90.0
7.7003,38,9,-7,11.402,-37.87
7.7003,39,5,-8,9.434,-57.99
7.7003,40,0,-11,11.0,-90.0
7.7003,41,-3,-14,14.318,-102.09
7.7003,42,-6,-18,18.974,-108.43
7.7003,43,-10,-22,24.166,-114.44
7.7003,44,-10,-26,27.857,-111.04
7.7003,45,-12,-30,32.311,-111.8
7.7003,46,-11,-33,34.785,-108.43
7.7003,47,-11,-31,32.894,-109.54
7.7003,48,-10,-31,32.573,-107.88
7.7003,49,-9,-32,33.242,-105.71
7.7003,50,-9,-31,32.28,-106.19
7.7003,51,-6,-23,23.77,-104.62
7.7003,52,-8,-18,19.698,-113.96
7.7003,53,-7,-13,14.765,-118.3
7.7003,54,-9,-11,14.213,-129.29
7.7003,55,-14,-9,16.643,-147.26
7.7003,56,-18,-6,18.974,-161.57
7.7003,57,-23,-9,24.698,-158.63
7.7003,58,-27,-9,28.46,-161.57
7.7003,59,-30,-12,32.311,-158.2
7.7003,60,-32,-15,35.341,-154.89
7.7003,61,-36,-17,39.812,-154.72
7.7003,62,-34,-20,39.446,-149.53
7.7245,0,64,9,64.63,8.0
7.7245,1,0,-24,24.0,-90.0
7.7245,2,25,-19,31.401,-37.23
7.7245,3,22,-14,26.077,-32.47
7.7245,4,16,-10,18.868,-32.01
7.7245,5,13,-8,15.264,-31.61
7.7245,6,6,-8,10.0,-53.13
7.7245,7,1,-8,8.062,-82.87
7.7245,8,-4,-11,11.705,-109.98
7.7245,9,-7,-12,13.892,-120.26
7.7245,10,-9,-15,17.493,-120.96
7.7245,11,-10,-19,21.471,-117.76
7.7245,12,-11,-22,24.597,-116.57
7.7245,13,-11,-24,26.401,-114.62
7.7245,14,-10,-24,26.0,-112.62
7.7245,15,-9,-26,27.514,-109.09
7.7245,16,-7,-22,23.087,-107.65
7.7245,17,-5,-18,18.682,-105.52
7.7245,18,-4,-17,17.464,-103.24
7.7245,19,-6,-13,14.318,-114.78
7.7245,20,-6,-9,10.817,-123.69
7.7245,21,-8,-5,9.434,-147.99
7.7245,22,-11,-3,11.402,-164.74
7.7245,23,-13,-1,13.038,-175.6
7.7245,24,-16,0,16.0,180.0
7.7245,25,-20,2,20.1,174.29
7.7245,26,-23,0,23.0,180.0
7.7245,27,0,0,0.0,0.0
7.7245,28,0,0,0.0,0.0
7.7245,29,0,0,0.0,0.0
7.7245,30,0,0,0.0,0.0
7.7245,31,0,0,0.0,0.0
7.7245,32,0,0,0.0,0.0
7.7245,33,0,0,0.0,0.0
7.7245,34,0,0,0.0,0.0
7.7245,35,0,0,0.0,0.0
7.7245,36,0,0,0.0,0.0
7.7245,37,0,11,11.0,90.0
7.7245,38,-2,9,9.22,102.53
7.7245,39,2,5,5.385,68.2
7.7245,40,5,2,5.385,21.8
7.7245,41,10,0,10.0,0.0
7.7245,42,15,-1,15.033,-3.81
7.7245,43,20,-1,20.025,-2.86
7.7245,44,24,-1,24.021,-2.39
7.7245,45,29,0,29.0,0.0
7.7245,46,31,2,31.064,3.69
7.7245,47,34,3,34.132,5.04
7.7245,48,34,2,34.059,3.37
7.7245,49,34,4,34.234,6.71
7.7245,50,31,3,31.145,5.53
7.7245,51,28,1,28.018,2.05
7.7245,52,23,-3,23.195,-7.43
7.7245,53,17,-5,17.72,-16.39
7.7245,54,13,-10,16.401,-37.57
7.7245,55,9,-15,17.493,-59.04
7.7245,56,9,-21,22.847,-66.8
7.7245,57,7,-26,26.926,-74.93
7.7245,58,10,-32,33.526,-72.65
7.7245,59,10,-34,35.44,-73.61
7.7245,60,14,-36,38.626,-68.75
7.7245,61,16,-37,40.311,-66.61
7.7245,62,21,-35,40.817,-59.04
7.769,0,-48,9,48.836,169.38
7.769,1,0,9,9.0,90.0
7.769,2,-29,9,30.364,162.76
7.769,3,-22,11,24.597,153.43
7.769,4,-16,5,16.763,162.65
7.769,5,-15,7,16.553,154.98
7.769,6,-7,10,12.207,124.99
7.769,7,-2,13,13.153,98.75
7.769,8,1,18,18.028,86.82
7.769,9,3,18,18.248,80.54
7.769,10,3,20,20.224,81.47
7.769,11,4,27,27.295,81.57
7.769,12,0,27,27.0,90.0
7.769,13,-1,29,29.017,91.97
7.769,14,-3,26,26.173,96.58
7.769,15,-2,25,25.08,94.57
7.769,16,-3,25,25.179,96.84
7.769,17,-4,20,20.396,101.31
7.769,18,-2,15,15.133,97.59
7.769,19,0,14,14.0,90.0
7.769,20,2,11,11.18,79.7
7.769,21,5,9,10.296,60.95
7.769,22,10,10,14.142,45.0
7.769,23,13,9,15.811,34.7
7.769,24,18,11,21.095,31.43
7.769,25,22,13,25.554,30.58
7.769,26,23,0,23.0,0.0
7.769,27,0,0,0.0,0.0
7.769,28,0,0,0.0,0.0
7.769,29,0,0,0.0,0.0
7.769,30,0,0,0.0,0.0
7.769,31,0,0,0.0,0.0
7.769,32,0,0,0.0,0.0
7.769,33,0,0,0.0,0.0
7.769,34,0,0,0.0,0.0
7.769,35,0,0,0.0,0.0
7.769,36,0,0,0.0,0.0
7.769,37,0,-11,11.0,-90.0
7.769,38,4,-8,8.944,-63.43
7.769,39,0,-6,6.0,-90.0
7.769,40,-6,-5,7.81,-140.19
7.769,41,-12,-5,13.0,-157.38
7.769,42,-17,-6,18.028,-160.56
7.769,43,-23,-8,24.352,-160.82
7.769,44,-28,-10,29.732,-160.35
7.769,45,-32,-12,34.176,-159.44
7.769,46,-34,-14,36.77,-157.62
7.769,47,-37,-16,40.311,-156.61
7.769,48,-35,-16,38.484,-155.43
7.769,49,-34,-16,37.577,-154.8
7.769,50,-31,-15,34.438,-154.18
7.769,51,-25,-12,27.731,-154.36
7.769,52,-22,-6,22.804,-164.74
7.769,53,-18,-1,18.028,-176.82
7.769,54,-14,5,14.866,160.35
7.769,55,-13,13,18.385,135.0
7.769,56,-12,16,20.0,126.87
7.769,57,-13,21,24.698,121.76
7.769,58,-16,26,30.529,121.61
7.769,59,-22,26,34.059,130.24
7.769,60,-26,27,37.483,133.92
7.769,61,-30,25,39.051,140.19
7.769,62,-35,24,42.438,145.56
7.7917,0,65,21,68.308,17.9
7.7917,1,0,10,10.0,90.0
7.7917,2,-29,8,30.083,164.58
7.7917,3,-26,4,26.306,171.25
7.7917,4,-22,3,22.204,172.23
7.7917,5,-15,5,15.811,161.57
7.7917,6,-12,6,13.416,153.43
7.7917,7,-3,7,7.616,113.2
7.7917,8,-2,11,11.18,100.3
7.7917,9,4,14,14.56,74.05
7.7917,10,4,19,19.416,78.11
7.7917,11,6,21,21.84,74.05
7.7917,12,4,24,24.331,80.54
7.7917,13,3,25,25.179,83.16
7.7917,14,2,25,25.08,85.43
7.7917,15,1,24,24.021,87.61
7.7917,16,0,22,22.0,90.0
7.7917,17,1,20,20.025,87.14
7.7917,18,1,16,16.031,86.42
7.7917,19,2,13,13.153,81.25
7.7917,20,4,10,10.77,68.2
7.7917,21,7,8,10.63,48.81
7.7917,22,10,7,12.207,34.99
7.7917,23,13,6,14.318,24.78
7.7917,24,17,5,17.72,16.39
7.7917,25,20,4,20.396,11.31
7.7917,26,23,0,23.0,0.0
7.7917,27,0,0,0.0,0.0
7.7917,28,0,0,0.0,0.0
7.7917,29,0,0,0.0,0.0
7.7917,30,0,0,0.0,0.0
7.7917,31,0,0,0.0,0.0
7.7917,32,0,0,0.0,0.0
7.7917,33,0,0,0.0,0.0
7.7917,34,0,0,0.0,0.0
7.7917,35,0,0,0.0,0.0
7.7917,36,0,0,0.0,0.0
7.7917,37,0,-9,9.0,-90.0
7.7917,38,5,-7,8.602,-54.46
7.7917,39,0,-6,6.0,-90.0
7.7917,40,-4,-4,5.657,-135.0
7.7917,41,-11,-4,11.705,-160.02
7.7917,42,-16,-4,16.492,-165.96
7.7917,43,-22,-6,22.804,-164.74
7.7917,44,-26,-8,27.203,-162.9
7.7917,45,-31,-10,32.573,-162.12
7.7917,46,-35,-12,37.0,-161.08
7.7917,47,-35,-13,37.336,-159.62
7.7917,48,-36,-14,38.626,-158.75
7.7917,49,-36,-15,39.0,-157.38
7.7917,50,-32,-15,35.341,-154.89
7.7917,51,-27,-12,29.547,-156.04
7.7917,52,-24,-8,25.298,-161.57
7.7917,53,-19,-3,19.235,-171.03
7.7917,54,-15,2,15.133,172.41
7.7917,55,-13,9,15.811,145.3
7.7917,56,-11,12,16.279,132.51
7.7917,57,-14,17,22.023,129.47
7.7917,58,-15,21,25.807,125.54
7.7917,59,-16,24,28.844,123.69
7.7917,60,-20,24,31.241,129.81
7.7917,61,-24,21,31.89,138.81
7.7917,62,-27,26,37.483,136.08
7.8341,0,32,8,32.985,14.04
7.8341,1,0,-16,16.0,-90.0
7.8341,2,22,-17,27.803,-37.69
7.8341,3,20,-8,21.541,-21.8
7.8341,4,14,-9,16.643,-32.74
7.8341,5,13,-7,14.765,-28.3
7.8341,6,8,-9,12.042,-48.37
7.8341,7,2,-9,9.22,-77.47
7.8341,8,-1,-14,14.036,-94.09
7.8341,9,-4,-15,15.524,-104.93
7.8341,10,-4,-19,19.416,-101.89
7.8341,11,-4,-22,22.361,-100.3
7.8341,12,-3,-23,23.195,-97.43
7.8341,13,-2,-25,25.08,-94.57
7.8341,14,-1,-24,24.021,-92.39
7.8341,15,-1,-22,22.023,-92.6
7.8341,16,0,-21,21.0,-90.0
7.8341,17,1,-18,18.028,-86.82
7.8341,18,-1,-16,16.031,-93.58
7.8341,19,-4,-13,13.601,-107.1
7.8341,20,-5,-12,13.0,-112.62
7.8341,21,-8,-11,13.601,-126.03
7.8341,22,-10,-11,14.866,-132.27
7.8341,23,-14,-10,17.205,-144.46
7.8341,24,-17,-12,20.809,-144.78
7.8341,25,-19,-12,22.472,-147.72
7.8341,26,-21,0,21.0,180.0
7.8341,27,0,0,0.0,0.0
7.8341,28,0,0,0.0,0.0
7.8341,29,0,0,0.0,0.0
7.8341,30,0,0,0.0,0.0
7.8341,31,0,0,0.0,0.0
7.8341,32,0,0,0.0,0.0
7.8341,33,0,0,0.0,0.0
7.8341,34,0,0,0.0,0.0
7.8341,35,0,0,0.0,0.0
7.8341,36,0,0,0.0,0.0
7.8341,37,0,9,9.0,90.0
7.8341,38,-3,6,6.708,116.57
7.8341,39,1,2,2.236,63.43
7.8341,40,4,-1,4.123,-14.04
7.8341,41,10,-2,10.198,-11.31
7.8341,42,15,-4,15.524,-14.93
7.8341,43,21,-3,21.213,-8.13
7.8341,44,26,-2,26.077,-4.4
7.8341,45,31,-1,31.016,-1.85
7.8341,46,33,2,33.061,3.47
7.8341,47,36,4,36.222,6.34
7.8341,48,37,5,37.336,7.7
7.8341,49,35,6,35.511,9.73
7.8341,50,34,6,34.525,10.01
7.8341,51,29,4,29.275,7.85
7.8341,52,24,2,24.083,4.76
7.8341,53,20,-3,20.224,-8.53
7.8341,54,16,-8,17.889,-26.57
7.8341,55,12,-10,15.62,-39.81
7.8341,56,10,-15,18.028,-56.31
7.8341,57,11,-20,22.825,-61.19
7.8341,58,13,-22,25.554,-59.42
7.8341,59,11,-25,27.313,-66.25
7.8341,60,19,-25,31.401,-52.77
7.8341,61,19,-27,33.015,-54.87
7.8341,62,25,-26,36.069,-46.12
7.8655,0,64,9,64.63,8.0
7.8655,1,0,-32,32.0,-90.0
7.8655,2,-9,-28,29.411,-107.82
7.8655,3,-5,-19,19.647,-104.74
7.8655,4,-7,-13,14.765,-118.3
7.8655,5,-4,-8,8.944,-116.57
7.8655,6,-6,-3,6.708,-153.43
7.8655,7,-8,1,8.062,172.87
7.8655,8,-10,3,10.44,163.3
7.8655,9,-14,5,14.866,160.35
7.8655,10,-18,4,18.439,167.47
7.8655,11,-22,1,22.023,177.4
7.8655,12,-25,4,25.318,170.91
7.8655,13,-25,0,25.0,180.0
7.8655,14,-27,-1,27.019,-177.88
7.8655,15,-27,-1,27.019,-177.88
7.8655,16,-25,-1,25.02,-177.71
7.8655,17,-20,0,20.0,180.0
7.8655,18,-20,2,20.1,174.29
7.8655,19,-15,4,15.524,165.07
7.8655,20,-11,9,14.213,140.71
7.8655,21,-8,13,15.264,121.61
7.8655,22,-4,17,17.464,103.24
7.8655,23,-4,21,21.378,100.78
7.8655,24,-3,27,27.166,96.34
7.8655,25,-4,30,30.265,97.59
7.8655,26,-3,0,3.0,180.0
7.8655,27,0,0,0.0,0.0
7.8655,28,0,0,0.0,0.0
7.8655,29,0,0,0.0,0.0
7.8655,30,0,0,0.0,0.0
7.8655,31,0,0,0.0,0.0
7.8655,32,0,0,0.0,0.0
7.8655,33,0,0,0.0,0.0
7.8655,34,0,0,0.0,0.0
7.8655,35,0,0,0.0,0.0
7.8655,36,0,0,0.0,0.0
7.8655,37,0,10,10.0,90.0
7.8655,38,2,4,4.472,63.43
7.8655,39,3,-4,5.0,-53.13
7.8655,40,2,-10,10.198,-78.69
7.8655,41,3,-17,17.263,-79.99
7.8655,42,6,-21,21.84,-74.05
7.8655,43,9,-27,28.46,-71.57
7.8655,44,12,-31,33.242,-68.84
7.8655,45,17,-33,37.121,-62.74
7.8655,46,20,-33,38.588,-58.78
7.8655,47,23,-33,40.224,-55.12
7.8655,48,25,-31,39.825,-51.12
7.8655,49,26,-28,38.21,-47.12
7.8655,50,25,-25,35.355,-45.0
7.8655,51,21,-20,29.0,-43.6
7.8655,52,17,-19,25.495,-48.18
7.8655,53,12,-17,20.809,-54.78
7.8655,54,7,-15,16.553,-64.98
7.8655,55,-3,-17,17.263,-100.01
7.8655,56,-8,-18,19.698,-113.96
7.8655,57,-13,-23,26.42,-119.48
7.8655,58,-17,-22,27.803,-127.69
7.8655,59,-25,-29,38.288,-130.76
7.8655,60,-26,-35,43.6,-126.61
7.8655,61,-22,-32,38.833,-124.51
7.8655,62,-25,-37,44.654,-124.05
7.9012,0,-32,1,32.016,178.21
7.9012,1,0,25,25.0,90.0
7.9012,2,-26,24,35.384,137.29
7.9012,3,-25,23,33.971,137.39
7.9012,4,-21,21,29.698,135.0
7.9012,5,-15,24,28.302,122.01
7.9012,6,-11,26,28.231,112.93
7.9012,7,-8,26,27.203,107.1
7.9012,8,-5,32,32.388,98.88
7.9012,9,-4,33,33.242,96.91
7.9012,10,-3,40,40.112,94.29
7.9012,11,-4,36,36.222,96.34
7.9012,12,-6,38,38.471,98.97
7.9012,13,-8,38,38.833,101.89
7.9012,14,-9,34,35.171,104.83
7.9012,15,-9,35,36.139,104.42
7.9012,16,-10,33,34.482,106.86
7.9012,17,-10,26,27.857,111.04
7.9012,18,-8,22,23.409,109.98
7.9012,19,-5,20,20.616,104.04
7.9012,20,-4,16,16.492,104.04
7.9012,21,0,15,15.0,90.0
7.9012,22,3,14,14.318,77.91
7.9012,23,6,16,17.088,69.44
7.9012,24,9,14,16.643,57.26
7.9012,25,9,14,16.643,57.26
7.9012,26,10,0,10.0,0.0
7.9012,27,0,0,0.0,0.0
7.9012,28,0,0,0.0,0.0
7.9012,29,0,0,0.0,0.0
7.9012,30,0,0,0.0,0.0
7.9012,31,0,0,0.0,0.0
7.9012,32,0,0,0.0,0.0
7.9012,33,0,0,0.0,0.0
7.9012,34,0,0,0.0,0.0
7.9012,35,0,0,0.0,0.0
7.9012,36,0,0,0.0,0.0
7.9012,37,0,6,6.0,90.0
7.9012,38,-10,8,12.806,141.34
7.9012,39,-9,12,15.0,126.87
7.9012,40,-12,17,20.809,125.22
7.9012,41,-14,18,22.804,127.87
7.9012,42,-15,16,21.932,133.15
7.9012,43,-15,18,23.431,129.81
7.9012,44,-17,17,24.042,135.0
7.9012,45,-17,17,24.042,135.0
7.9012,46,-20,15,25.0,143.13
7.9012,47,-20,15,25.0,143.13
7.9012,48,-22,12,25.06,151.39
7.9012,49,-21,9,22.847,156.8
7.9012,50,-17,7,18.385,157.62
7.9012,51,-14,6,15.232,156.8
7.9012,52,-11,7,13.038,147.53
7.9012,53,-10,7,12.207,145.01
7.9012,54,-5,10,11.18,116.57
7.9012,55,-5,13,13.928,111.04
7.9012,56,-4,18,18.439,102.53
7.9012,57,-5,19,19.647,104.74
7.9012,58,-6,25,25.71,103.5
7.9012,59,-10,23,25.08,113.5
7.9012,60,-13,28,30.871,114.9
7.9012,61,-19,33,38.079,119.93
7.9012,62,-24,29,37.643,129.61
7.9178,0,-80,9,80.505,173.58
7.9178,1,0,24,24.0,90.0
7.9178,2,7,20,21.19,70.71
7.9178,3,3,17,17.263,79.99
7.9178,4,3,13,13.342,77.01
7.9178,5,4,11,11.705,70.02
7.9178,6,6,8,10.0,53.13
7.9178,7,8,6,10.0,36.87
7.9178,8,11,6,12.53,28.61
7.9178,9,15,6,16.155,21.8
7.9178,10,16,10,18.868,32.01
7.9178,11,19,13,23.022,34.38
7.9178,12,19,13,23.022,34.38
7.9178,13,19,16,24.839,40.1
7.9178,14,19,14,23.601,36.38
7.9178,15,18,16,24.083,41.63
7.9178,16,18,15,23.431,39.81
7.9178,17,13,12,17.692,42.71
7.9178,18,13,11,17.029,40.24
7.9178,19,13,8,15.264,31.61
7.9178,20,12,5,13.0,22.62
7.9178,21,12,2,12.166,9.46
7.9178,22,13,0,13.0,0.0
7.9178,23,16,-3,16.279,-10.62
7.9178,24,18,-4,18.439,-12.53
7.9178,25,20,-8,21.541,-21.8
7.9178,26,21,0,21.0,0.0
7.9178,27,0,0,0.0,0.0
7.9178,28,0,0,0.0,0.0
7.9178,29,0,0,0.0,0.0
7.9178,30,0,0,0.0,0.0
7.9178,31,0,0,0.0,0.0
7.9178,32,0,0,0.0,0.0
7.9178,33,0,0,0.0,0.0
7.9178,34,0,0,0.0,0.0
7.9178,35,0,0,0.0,0.0
7.9178,36,0,0,0.0,0.0
7.9178,37,0,-2,2.0,-90.0
7.9178,38,-11,2,11.18,169.7
7.9178,39,-9,6,10.817,146.31
7.9178,40,-7,10,12.207,124.99
7.9178,41,-4,14,14.56,105.95
7.9178,42,-3,19,19.235,98.97
7.9178,43,-3,23,23.195,97.43
7.9178,44,-4,27,27.295,98.43
7.9178,45,-5,30,30.414,99.46
7.9178,46,-7,31,31.78,102.72
7.9178,47,-11,31,32.894,109.54
7.9178,48,-11,29,31.016,110.77
7.9178,49,-12,28,30.463,113.2
7.9178,50,-14,24,27.785,120.26
7.9178,51,-13,21,24.698,121.76
7.9178,52,-10,17,19.723,120.47
7.9178,53,-7,14,15.652,116.57
7.9178,54,-3,12,12.369,104.04
7.9178,55,2,12,12.166,80.54
7.9178,56,7,13,14.765,61.7
7.9178,57,11,18,21.095,58.57
7.9178,58,12,18,21.633,56.31
7.9178,59,17,23,28.601,53.53
7.9178,60,17,25,30.232,55.78
7.9178,61,16,28,32.249,60.26
7.9178,62,14,30,33.106,64.98
8.0208,0,17,25,30.232,55.78
8.0208,1,0,-22,22.0,-90.0
8.0208,2,22,-18,28.425,-39.29
8.0208,3,19,-16,24.839,-40.1
8.0208,4,13,-13,18.385,-45.0
8.0208,5,11,-15,18.601,-53.75
8.0208,6,7,-13,14.765,-61.7
8.0208,7,0,-15,15.0,-90.0
8.0208,8,-1,-19,19.026,-93.01
8.0208,9,-5,-20,20.616,-104.04
8.0208,10,-7,-23,24.042,-106.93
8.0208,11,-5,-26,26.476,-100.89
8.0208,12,-3,-28,28.16,-96.12
8.0208,13,-3,-28,28.16,-96.12
8.0208,14,1,-28,28.018,-87.95
8.0208,15,2,-27,27.074,-85.76
8.0208,16,3,-25,25.179,-83.16
8.0208,17,4,-21,21.378,-79.22
8.0208,18,3,-19,19.235,-81.03
8.0208,19,1,-16,16.031,-86.42
8.0208,20,-2,-16,16.125,-97.13
8.0208,21,-4,-13,13.601,-107.1
8.0208,22,-7,-14,15.652,-116.57
8.0208,23,-12,-15,19.209,-128.66
8.0208,24,-15,-16,21.932,-133.15
8.0208,25,-17,-18,24.759,-133.36
8.0208,26,-21,0,21.0,180.0
8.0208,27,0,0,0.0,0.0
8.0208,28,0,0,0.0,0.0
8.0208,29,0,0,0.0,0.0
8.0208,30,0,0,0.0,0.0
8.0208,31,0,0,0.0,0.0
8.0208,32,0,0,0.0,0.0
8.0208,33,0,0,0.0,0.0
8.0208,34,0,0,0.0,0.0
8.0208,35,0,0,0.0,0.0
8.0208,36,0,0,0.0,0.0
8.0208,37,0,10,10.0,90.0
8.0208,38,6,6,8.485,45.0
8.0208,39,7,1,7.071,8.13
8.0208,40,8,-4,8.944,-26.57
8.0208,41,10,-7,12.207,-34.99
8.0208,42,15,-10,18.028,-33.69
8.0208,43,19,-13,23.022,-34.38
8.0208,44,23,-15,27.459,-33.11
8.0208,45,28,-14,31.305,-26.57
8.0208,46,31,-14,34.015,-24.3
8.0208,47,35,-12,37.0,-18.92
8.0208,48,36,-11,37.643,-16.99
8.0208,49,35,-7,35.693,-11.31
8.0208,50,34,-6,34.525,-10.01
8.0208,51,29,-7,29.833,-13.57
8.0208,52,26,-7,26.926,-15.07
8.0208,53,20,-8,21.541,-21.8
8.0208,54,15,-12,19.209,-38.66
8.0208,55,11,-16,19.416,-55.49
8.0208,56,8,-20,21.541,-68.2
8.0208,57,6,-25,25.71,-76.5
8.0208,58,7,-27,27.893,-75.47
8.0208,59,6,-31,31.575,-79.05
8.0208,60,7,-35,35.693,-78.69
8.0208,61,12,-34,36.056,-70.56
8.0208,62,16,-33,36.674,-64.13
8.0438,0,48,10,49.031,11.77
8.0438,1,0,-19,19.0,-90.0
8.0438,2,20,-15,25.0,-36.87
8.0438,3,20,-11,22.825,-28.81
8.0438,4,15,-11,18.601,-36.25
8.0438,5,10,-10,14.142,-45.0
8.0438,6,6,-12,13.416,-63.43
8.0438,7,3,-15,15.297,-78.69
8.0438,8,-1,-16,16.031,-93.58
8.0438,9,-4,-21,21.378,-100.78
8.0438,10,-4,-23,23.345,-99.87
8.0438,11,-3,-25,25.179,-96.84
8.0438,12,-1,-28,28.018,-92.05
8.0438,13,2,-28,28.071,-85.91
8.0438,14,3,-28,28.16,-83.88
8.0438,15,5,-26,26.476,-79.11
8.0438,16,6,-24,24.739,-75.96
8.0438,17,6,-19,19.925,-72.47
8.0438,18,3,-18,18.248,-80.54
8.0438,19,2,-14,14.142,-81.87
8.0438,20,1,-14,14.036,-85.91
8.0438,21,-4,-12,12.649,-108.43
8.0438,22,-8,-15,17.0,-118.07
8.0438,23,-10,-14,17.205,-125.54
8.0438,24,-14,-16,21.26,-131.19
8.0438,25,-16,-16,22.627,-135.0
8.0438,26,-21,0,21.0,180.0
8.0438,27,0,0,0.0,0.0
8.0438,28,0,0,0.0,0.0
8.0438,29,0,0,0.0,0.0
8.0438,30,0,0,0.0,0.0
8.0438,31,0,0,0.0,0.0
8.0438,32,0,0,0.0,0.0
8.0438,33,0,0,0.0,0.0
8.0438,34,0,0,0.0,0.0
8.0438,35,0,0,0.0,0.0
8.0438,36,0,0,0.0,0.0
8.0438,37,0,11,11.0,90.0
8.0438,38,1,6,6.083,80.54
8.0438,39,4,4,5.657,45.0
8.0438,40,7,0,7.0,0.0
8.0438,41,11,-1,11.045,-5.19
8.0438,42,16,-4,16.492,-14.04
8.0438,43,21,-4,21.378,-10.78
8.0438,44,25,-3,25.179,-6.84
8.0438,45,31,-2,31.064,-3.69
8.0438,46,33,0,33.0,0.0
8.0438,47,35,1,35.014,1.64
8.0438,48,35,2,35.057,3.27
8.0438,49,36,4,36.222,6.34
8.0438,50,32,3,32.14,5.36
8.0438,51,29,3,29.155,5.91
8.0438,52,24,0,24.0,0.0
8.0438,53,18,-3,18.248,-9.46
8.0438,54,14,-7,15.652,-26.57
8.0438,55,12,-13,17.692,-47.29
8.0438,56,9,-17,19.235,-62.1
8.0438,57,10,-21,23.259,-64.54
8.0438,58,11,-26,28.231,-67.07
8.0438,59,12,-26,28.636,-65.22
8.0438,60,14,-30,33.106,-64.98
8.0438,61,19,-28,33.838,-55.84
8.0438,62,24,-26,35.384,-47.29
8.0874,0,-127,27,129.838,168.0
8.0874,1,0,-21,21.0,-90.0
8.0874,2,20,-15,25.0,-36.87
8.0874,3,16,-14,21.26,-41.19
8.0874,4,14,-13,19.105,-42.88
8.0874,5,9,-13,15.811,-55.3
8.0874,6,5,-12,13.0,-67.38
8.0874,7,0,-14,14.0,-90.0
8.0874,8,-1,-15,15.033,-93.81
8.0874,9,-5,-19,19.647,-104.74
8.0874,10,-7,-22,23.087,-107.65
8.0874,11,-7,-26,26.926,-105.07
8.0874,12,-5,-27,27.459,-100.49
8.0874,13,-2,-27,27.074,-94.24
8.0874,14,-2,-27,27.074,-94.24
8.0874,15,0,-25,25.0,-90.0
8.0874,16,2,-24,24.083,-85.24
8.0874,17,2,-21,21.095,-84.56
8.0874,18,1,-18,18.028,-86.82
8.0874,19,0,-15,15.0,-90.0
8.0874,20,-3,-14,14.318,-102.09
8.0874,21,-5,-12,13.0,-112.62
8.0874,22,-9,-11,14.213,-129.29
8.0874,23,-13,-12,17.692,-137.29
8.0874,24,-15,-13,19.849,-139.09
8.0874,25,-19,-13,23.022,-145.62
8.0874,26,-21,0,21.0,180.0
8.0874,27,0,0,0.0,0.0
8.0874,28,0,0,0.0,0.0
8.0874,29,0,0,0.0,0.0
8.0874,30,0,0,0.0,0.0
8.0874,31,0,0,0.0,0.0
8.0874,32,0,0,0.0,0.0
8.0874,33,0,0,0.0,0.0
8.0874,34,0,0,0.0,0.0
8.0874,35,0,0,0.0,0.0
8.0874,36,0,0,0.0,0.0
8.0874,37,0,10,10.0,90.0
8.0874,38,3,6,6.708,63.43
8.0874,39,6,2,6.325,18.43
8.0874,40,8,-2,8.246,-14.04
8.0874,41,11,-5,12.083,-24.44
8.0874,42,15,-8,17.0,-28.07
8.0874,43,20,-8,21.541,-21.8
8.0874,44,24,-9,25.632,-20.56
8.0874,45,28,-8,29.12,-15.95
8.0874,46,32,-6,32.558,-10.62
8.0874,47,35,-5,35.355,-8.13
8.0874,48,35,-3,35.128,-4.9
8.0874,49,34,-3,34.132,-5.04
8.0874,50,33,-1,33.015,-1.74
8.0874,51,29,-3,29.155,-5.91
8.0874,52,25,-4,25.318,-9.09
8.0874,53,19,-7,20.248,-20.22
8.0874,54,13,-10,16.401,-37.57
8.0874,55,10,-15,18.028,-56.31
8.0874,56,7,-19,20.248,-69.78
8.0874,57,6,-23,23.77,-75.38
8.0874,58,6,-27,27.659,-77.47
8.0874,59,8,-30,31.048,-75.07
8.0874,60,9,-34,35.171,-75.17
8.0874,61,15,-33,36.249,-65.56
8.0874,62,18,-30,34.986,-59.04
8.1101,0,-79,25,82.861,162.44
8.1101,1,0,-28,28.0,-90.0
8.1101,2,11,-22,24.597,-63.43
8.1101,3,7,-21,22.136,-71.57
8.1101,4,10,-14,17.205,-54.46
8.1101,5,1,-10,10.05,-84.29
8.1101,6,-2,-9,9.22,-102.53
8.1101,7,-7,-11,13.038,-122.47
8.1101,8,-11,-11,15.556,-135.0
8.1101,9,-15,-14,20.518,-136.97
8.1101,10,-16,-16,22.627,-135.0
8.1101,11,-17,-20,26.249,-130.36
8.1101,12,-19,-23,29.833,-129.56
8.1101,13,-18,-26,31.623,-124.7
8.1101,14,-19,-25,31.401,-127.23
8.1101,15,-16,-26,30.529,-121.61
8.1101,16,-13,-23,26.42,-119.48
8.1101,17,-13,-18,22.204,-125.84
8.1101,18,-11,-16,19.416,-124.51
8.1101,19,-10,-12,15.62,-129.81
8.1101,20,-12,-7,13.892,-149.74
8.1101,21,-13,-4,13.601,-162.9
8.1101,22,-15,-1,15.033,-176.19
8.1101,23,-17,2,17.117,173.29
8.1101,24,-23,3,23.195,172.57
8.1101,25,-24,4,24.331,170.54
8.1101,26,-28,0,28.0,180.0
8.1101,27,0,0,0.0,0.0
8.1101,28,0,0,0.0,0.0
8.1101,29,0,0,0.0,0.0
8.1101,30,0,0,0.0,0.0
8.1101,31,0,0,0.0,0.0
8.1101,32,0,0,0.0,0.0
8.1101,33,0,0,0.0,0.0
8.1101,34,0,0,0.0,0.0
8.1101,35,0,0,0.0,0.0
8.1101,36,0,0,0.0,0.0
8.1101,37,0,9,9.0,90.0
8.1101,38,3,4,5.0,53.13
8.1101,39,5,-1,5.099,-11.31
8.1101,40,6,-6,8.485,-45.0
8.1101,41,11,-10,14.866,-42.27
8.1101,42,14,-13,19.105,-42.88
8.1101,43,19,-16,24.839,-40.1
8.1101,44,25,-18,30.806,-35.75
8.1101,45,28,-17,32.757,-31.26
8.1101,46,32,-17,36.235,-27.98
8.1101,47,35,-15,38.079,-23.2
8.1101,48,35,-14,37.696,-21.8
8.1101,49,35,-12,37.0,-18.92
8.1101,50,32,-9,33.242,-15.71
8.1101,51,29,-8,30.083,-15.42
8.1101,52,22,-10,24.166,-24.44
8.1101,53,16,-11,19.416,-34.51
8.1101,54,9,-13,15.811,-55.3
8.1101,55,6,-19,19.925,-72.47
8.1101,56,1,-22,22.023,-87.4
8.1101,57,-4,-27,27.295,-98.43
8.1101,58,-5,-28,28.443,-100.12
8.1101,59,-4,-36,36.222,-96.34
8.1101,60,-3,-39,39.115,-94.4
8.1101,61,1,-43,43.012,-88.67
8.1101,62,4,-38,38.21,-83.99
8.14,0,-79,25,82.861,162.44
8.14,1,0,-26,26.0,-90.0
8.14,2,10,-21,23.259,-64.54
8.14,3,10,-18,20.591,-60.95
8.14,4,8,-16,17.889,-63.43
8.14,5,4,-13,13.601,-72.9
8.14,6,2,-12,12.166,-80.54
8.14,7,-1,-14,14.036,-94.09
8.14,8,-7,-15,16.553,-115.02
8.14,9,-7,-16,17.464,-113.63
8.14,10,-12,-19,22.472,-122.28
8.14,11,-15,-22,26.627,-124.29
8.14,12,-11,-24,26.401,-114.62
8.14,13,-7,-27,27.893,-104.53
8.14,14,-11,-26,28.231,-112.93
8.14,15,-9,-26,27.514,-109.09
8.14,16,-7,-25,25.962,-105.64
8.14,17,-6,-23,23.77,-104.62
8.14,18,-5,-20,20.616,-104.04
8.14,19,-6,-17,18.028,-109.44
8.14,20,-7,-15,16.553,-115.02
8.14,21,-8,-12,14.422,-123.69
8.14,22,-11,-11,15.556,-135.0
8.14,23,-14,-11,17.804,-141.84
8.14,24,-17,-10,19.723,-149.53
8.14,25,-21,-10,23.259,-154.54
8.14,26,-24,0,24.0,180.0
8.14,27,0,0,0.0,0.0
8.14,28,0,0,0.0,0.0
8.14,29,0,0,0.0,0.0
8.14,30,0,0,0.0,0.0
8.14,31,0,0,0.0,0.0
8.14,32,0,0,0.0,0.0
8.14,33,0,0,0.0,0.0
8.14,34,0,0,0.0,0.0
8.14,35,0,0,0.0,0.0
8.14,36,0,0,0.0,0.0
8.14,37,0,8,8.0,90.0
8.14,38,7,3,7.616,23.2
8.14,39,6,-2,6.325,-18.43
8.14,40,5,-6,7.81,-50.19
8.14,41,8,-10,12.806,-51.34
8.14,42,9,-15,17.493,-59.04
8.14,43,13,-18,22.204,-54.16
8.14,44,16,-20,25.612,-51.34
8.14,45,19,-21,28.32,-47.86
8.14,46,23,-21,31.145,-42.4
8.14,47,27,-20,33.601,-36.53
8.14,48,27,-19,33.015,-35.13
8.14,49,28,-15,31.765,-28.18
8.14,50,28,-14,31.305,-26.57
8.14,51,26,-11,28.231,-22.93
8.14,52,22,-11,24.597,-26.57
8.14,53,17,-10,19.723,-30.47
8.14,54,13,-11,17.029,-40.24
8.14,55,8,-14,16.125,-60.26
8.14,56,4,-16,16.492,-75.96
8.14,57,0,-21,21.0,-90.0
8.14,58,0,-25,25.0,-90.0
8.14,59,-2,-27,27.074,-94.24
8.14,60,-1,-31,31.016,-91.85
8.14,61,1,-33,33.015,-88.26
8.14,62,4,-33,33.242,-83.09
8.2272,0,97,25,100.17,14.45
8.2272,1,0,14,14.0,90.0
8.2272,2,-26,10,27.857,158.96
8.2272,3,-23,11,25.495,154.44
8.2272,4,-18,8,19.698,156.04
8.2272,5,-17,8,18.788,154.8
8.2272,6,-10,12,15.62,129.81
8.2272,7,-8,14,16.125,119.74
8.2272,8,-5,16,16.763,107.35
8.2272,9,-6,21,21.84,105.95
8.2272,10,-5,19,19.647,104.74
8.2272,11,-5,23,23.537,102.26
8.2272,12,-9,27,28.46,108.43
8.2272,13,-12,29,31.385,112.48
8.2272,14,-12,23,25.942,117.55
8.2272,15,-15,23,27.459,123.11
8.2272,16,-14,22,26.077,122.47
8.2272,17,-15,22,26.627,124.29
8.2272,18,-13,18,22.204,125.84
8.2272,19,-11,17,20.248,122.91
8.2272,20,-8,17,18.788,115.2
8.2272,21,-5,18,18.682,105.52
8.2272,22,-2,19,19.105,96.01
8.2272,23,0,21,21.0,90.0
8.2272,24,2,22,22.091,84.81
8.2272,25,3,23,23.195,82.57
8.2272,26,6,0,6.0,0.0
8.2272,27,0,0,0.0,0.0
8.2272,28,0,0,0.0,0.0
8.2272,29,0,0,0.0,0.0
8.2272,30,0,0,0.0,0.0
8.2272,31,0,0,0.0,0.0
8.2272,32,0,0,0.0,0.0
8.2272,33,0,0,0.0,0.0
8.2272,34,0,0,0.0,0.0
8.2272,35,0,0,0.0,0.0
8.2272,36,0,0,0.0,0.0
8.2272,37,0,-11,11.0,-90.0
8.2272,38,-5,-8,9.434,-122.01
8.2272,39,-6,-3,6.708,-153.43
8.2272,40,-7,1,7.071,171.87
8.2272,41,-11,2,11.18,169.7
8.2272,42,-15,6,16.155,158.2
8.2272,43,-19,7,20.248,159.78
8.2272,44,-24,7,25.0,163.74
8.2272,45,-28,7,28.862,165.96
8.2272,46,-32,5,32.388,171.12
8.2272,47,-36,4,36.222,173.66
8.2272,48,-37,2,37.054,176.91
8.2272,49,-36,0,36.0,180.0
8.2272,50,-35,-3,35.128,-175.1
8.2272,51,-32,-2,32.062,-176.42
8.2272,52,-27,-1,27.019,-177.88
8.2272,53,-22,2,22.091,174.81
8.2272,54,-19,5,19.647,165.26
8.2272,55,-15,8,17.0,151.93
8.2272,56,-13,13,18.385,135.0
8.2272,57,-13,17,21.401,127.41
8.2272,58,-14,20,24.413,124.99
8.2272,59,-15,22,26.627,124.29
8.2272,60,-18,25,30.806,125.75
8.2272,61,-21,23,31.145,132.4
8.2272,62,-25,22,33.302,138.65
8.273,0,-31,18,35.847,149.86
8.273,1,0,-25,25.0,-90.0
8.273,2,10,-24,26.0,-67.38
8.273,3,11,-20,22.825,-61.19
8.273,4,8,-18,19.698,-66.04
8.273,5,7,-13,14.765,-61.7
8.273,6,1,-13,13.038,-85.6
8.273,7,-1,-14,14.036,-94.09
8.273,8,-6,-14,15.232,-113.2
8.273,9,-7,-18,19.313,-111.25
8.273,10,-10,-21,23.259,-115.46
8.273,11,-12,-25,27.731,-115.64
8.273,12,-11,-26,28.231,-112.93
8.273,13,-10,-28,29.732,-109.65
8.273,14,-9,-27,28.46,-108.43
8.273,15,-6,-27,27.659,-102.53
8.273,16,-5,-26,26.476,-100.89
8.273,17,-3,-24,24.187,-97.13
8.273,18,-3,-20,20.224,-98.53
8.273,19,-4,-18,18.439,-102.53
8.273,20,-5,-15,15.811,-108.43
8.273,21,-8,-14,16.125,-119.74
8.273,22,-11,-14,17.804,-128.16
8.273,23,-12,-14,18.439,-130.6
8.273,24,-16,-12,20.0,-143.13
8.273,25,-18,-12,21.633,-146.31
8.273,26,-22,0,22.0,180.0
8.273,27,0,0,0.0,0.0
8.273,28,0,0,0.0,0.0
8.273,29,0,0,0.0,0.0
8.273,30,0,0,0.0,0.0
8.273,31,0,0,0.0,0.0
8.273,32,0,0,0.0,0.0
8.273,33,0,0,0.0,0.0
8.273,34,0,0,0.0,0.0
8.273,35,0,0,0.0,0.0
8.273,36,0,0,0.0,0.0
8.273,37,0,14,14.0,90.0
8.273,38,5,2,5.385,21.8
8.273,39,4,-1,4.123,-14.04
8.273,40,4,-7,8.062,-60.26
8.273,41,6,-11,12.53,-61.39
8.273,42,8,-15,17.0,-61.93
8.273,43,11,-20,22.825,-61.19
8.273,44,14,-22,26.077,-57.53
8.273,45,18,-23,29.206,-51.95
8.273,46,21,-24,31.89,-48.81
8.273,47,24,-23,33.242,-43.78
8.273,48,26,-21,33.422,-38.93
8.273,49,28,-18,33.287,-32.74
8.273,50,26,-16,30.529,-31.61
8.273,51,25,-13,28.178,-27.47
8.273,52,22,-11,24.597,-26.57
8.273,53,17,-11,20.248,-32.91
8.273,54,13,-13,18.385,-45.0
8.273,55,8,-14,16.125,-60.26
8.273,56,4,-17,17.464,-76.76
8.273,57,2,-21,21.095,-84.56
8.273,58,-2,-23,23.087,-94.97
8.273,59,-3,-26,26.173,-96.58
8.273,60,-1,-31,31.016,-91.85
8.273,61,1,-31,31.016,-88.15
8.273,62,4,-33,33.242,-83.09
8.2912,0,17,24,29.411,54.69
8.2912,1,0,24,24.0,90.0
8.2912,2,-12,23,25.942,117.55
8.2912,3,-10,15,18.028,123.69
8.2912,4,-10,15,18.028,123.69
8.2912,5,-10,14,17.205,125.54
8.2912,6,-3,14,14.318,102.09
8.2912,7,2,15,15.133,82.41
8.2912,8,6,14,15.232,66.8
8.2912,9,8,17,18.788,64.8
8.2912,10,9,20,21.932,65.77
8.2912,11,10,25,26.926,68.2
8.2912,12,9,26,27.514,70.91
8.2912,13,7,27,27.893,75.47
8.2912,14,7,27,27.893,75.47
8.2912,15,5,26,26.476,79.11
8.2912,16,4,27,27.295,81.57
8.2912,17,2,25,25.08,85.43
8.2912,18,3,21,21.213,81.87
8.2912,19,4,18,18.439,77.47
8.2912,20,5,16,16.763,72.65
8.2912,21,7,14,15.652,63.43
8.2912,22,10,14,17.205,54.46
8.2912,23,12,13,17.692,47.29
8.2912,24,15,14,20.518,43.03
8.2912,25,19,13,23.022,34.38
8.2912,26,21,0,21.0,0.0
8.2912,27,0,0,0.0,0.0
8.2912,28,0,0,0.0,0.0
8.2912,29,0,0,0.0,0.0
8.2912,30,0,0,0.0,0.0
8.2912,31,0,0,0.0,0.0
8.2912,32,0,0,0.0,0.0
8.2912,33,0,0,0.0,0.0
8.2912,34,0,0,0.0,0.0
8.2912,35,0,0,0.0,0.0
8.2912,36,0,0,0.0,0.0
8.2912,37,0,-8,8.0,-90.0
8.2912,38,-9,-3,9.487,-161.57
8.2912,39,-8,1,8.062,172.87
8.2912,40,-8,6,10.0,143.13
8.2912,41,-9,10,13.454,131.99
8.2912,42,-10,15,18.028,123.69
8.2912,43,-13,18,22.204,125.84
8.2912,44,-16,21,26.401,127.3
8.2912,45,-20,22,29.732,132.27
8.2912,46,-24,23,33.242,136.22
8.2912,47,-27,21,34.205,142.13
8.2912,48,-30,20,36.056,146.31
8.2912,49,-29,18,34.132,148.17
8.2912,50,-29,14,32.202,154.23
8.2912,51,-28,13,30.871,155.1
8.2912,52,-24,10,26.0,157.38
8.2912,53,-18,10,20.591,150.95
8.2912,54,-13,12,17.692,137.29
8.2912,55,-10,15,18.028,123.69
8.2912,56,-5,16,16.763,107.35
8.2912,57,-2,21,21.095,95.44
8.2912,58,-2,26,26.077,94.4
8.2912,59,-2,28,28.071,94.09
8.2912,60,0,32,32.0,90.0
8.2912,61,-7,31,31.78,102.72
8.2912,62,-10,32,33.526,107.35
8.3336,0,32,6,32.558,10.62
8.3336,1,0,6,6.0,90.0
8.3336,2,-33,1,33.015,178.26
8.3336,3,-30,1,30.017,178.09
8.3336,4,-23,2,23.087,175.03
8.3336,5,-19,5,19.647,165.26
8.3336,6,-12,6,13.416,153.43
8.3336,7,-8,9,12.042,131.63
8.3336,8,-5,13,13.928,111.04
8.3336,9,-2,16,16.125,97.13
8.3336,10,-3,20,20.224,98.53
8.3336,11,-3,25,25.179,96.84
8.3336,12,-5,25,25.495,101.31
8.3336,13,-7,26,26.926,105.07
8.3336,14,-7,27,27.893,104.53
8.3336,15,-9,26,27.514,109.09
8.3336,16,-10,25,26.926,111.8
8.3336,17,-9,24,25.632,110.56
8.3336,18,-8,21,22.472,110.85
8.3336,19,-6,19,19.925,107.53
8.3336,20,-3,16,16.279,100.62
8.3336,21,1,15,15.033,86.19
8.3336,22,4,13,13.601,72.9
8.3336,23,8,16,17.889,63.43
8.3336,24,12,15,19.209,51.34
8.3336,25,16,15,21.932,43.15
8.3336,26,19,0,19.0,0.0
8.3336,27,0,0,0.0,0.0
8.3336,28,0,0,0.0,0.0
8.3336,29,0,0,0.0,0.0
8.3336,30,0,0,0.0,0.0
8.3336,31,0,0,0.0,0.0
8.3336,32,0,0,0.0,0.0
8.3336,33,0,0,0.0,0.0
8.3336,34,0,0,0.0,0.0
8.3336,35,0,0,0.0,0.0
8.3336,36,0,0,0.0,0.0
8.3336,37,0,-4,4.0,-90.0
8.3336,38,9,-4,9.849,-23.96
8.3336,39,5,-5,7.071,-45.0
8.3336,40,-1,-6,6.083,-99.46
8.3336,41,-5,-9,10.296,-119.05
8.3336,42,-11,-11,15.556,-135.0
8.3336,43,-16,-16,22.627,-135.0
8.3336,44,-21,-18,27.659,-139.4
8.3336,45,-23,-22,31.828,-136.27
8.3336,46,-25,-26,36.069,-133.88
8.3336,47,-25,-27,36.797,-132.8
8.3336,48,-25,-27,36.797,-132.8
8.3336,49,-23,-27,35.468,-130.43
8.3336,50,-22,-24,32.558,-132.51
8.3336,51,-17,-20,26.249,-130.36
8.3336,52,-15,-14,20.518,-136.97
8.3336,53,-12,-9,15.0,-143.13
8.3336,54,-12,-3,12.369,-165.96
8.3336,55,-12,3,12.369,165.96
8.3336,56,-13,10,16.401,142.43
8.3336,57,-16,12,20.0,143.13
8.3336,58,-20,14,24.413,145.01
8.3336,59,-23,15,27.459,146.89
8.3336,60,-27,16,31.385,149.35
8.3336,61,-33,17,37.121,152.74
8.3336,62,-34,12,36.056,160.56
8.3566,0,-32,1,32.016,178.21
8.3566,1,0,-18,18.0,-90.0
8.3566,2,-4,-20,20.396,-101.31
8.3566,3,-6,-21,21.84,-105.95
8.3566,4,-9,-21,22.847,-113.2
8.3566,5,-8,-23,24.352,-109.18
8.3566,6,-8,-25,26.249,-107.74
8.3566,7,-8,-23,24.352,-109.18
8.3566,8,-7,-24,25.0,-106.26
8.3566,9,-5,-20,20.616,-104.04
8.3566,10,-4,-21,21.378,-100.78
8.3566,11,-4,-16,16.492,-104.04
8.3566,12,-4,-14,14.56,-105.95
8.3566,13,-5,-12,13.0,-112.62
8.3566,14,-7,-8,10.63,-131.19
8.3566,15,-8,-8,11.314,-135.0
8.3566,16,-12,-7,13.892,-149.74
8.3566,17,-15,-6,16.155,-158.2
8.3566,18,-16,-5,16.763,-162.65
8.3566,19,-17,-5,17.72,-163.61
8.3566,20,-18,-5,18.682,-164.48
8.3566,21,-18,-6,18.974,-161.57
8.3566,22,-18,-6,18.974,-161.57
8.3566,23,-17,-6,18.028,-160.56
8.3566,24,-16,-4,16.492,-165.96
8.3566,25,-12,-3,12.369,-165.96
8.3566,26,-9,0,9.0,180.0
8.3566,27,0,0,0.0,0.0
8.3566,28,0,0,0.0,0.0
8.3566,29,0,0,0.0,0.0
8.3566,30,0,0,0.0,0.0
8.3566,31,0,0,0.0,0.0
8.3566,32,0,0,0.0,0.0
8.3566,33,0,0,0.0,0.0
8.3566,34,0,0,0.0,0.0
8.3566,35,0,0,0.0,0.0
8.3566,36,0,0,0.0,0.0
8.3566,37,0,-7,7.0,-90.0
8.3566,38,11,-6,12.53,-28.61
8.3566,39,12,-6,13.416,-26.57
8.3566,40,14,-6,15.232,-23.2
8.3566,41,16,-4,16.492,-14.04
8.3566,42,14,-2,14.142,-8.13
8.3566,43,12,-1,12.042,-4.76
8.3566,44,12,-1,12.042,-4.76
8.3566,45,9,-1,9.055,-6.34
8.3566,46,8,-1,8.062,-7.13
8.3566,47,6,-2,6.325,-18.43
8.3566,48,5,-5,7.071,-45.0
8.3566,49,2,-7,7.28,-74.05
8.3566,50,1,-10,10.05,-84.29
8.3566,51,0,-12,12.0,-90.0
8.3566,52,-1,-19,19.026,-93.01
8.3566,53,0,-18,18.0,-90.0
8.3566,54,1,-19,19.026,-86.99
8.3566,55,3,-22,22.204,-82.23
8.3566,56,5,-23,23.537,-77.74
8.3566,57,8,-21,22.472,-69.15
8.3566,58,9,-22,23.77,-67.75
8.3566,59,11,-18,21.095,-58.57
8.3566,60,8,-20,21.541,-68.2
8.3566,61,9,-18,20.125,-63.43
8.3566,62,9,-15,17.493,-59.04
8.387,0,48,9,48.836,10.62
8.387,1,0,4,4.0,90.0
8.387,2,28,7,28.862,14.04
8.387,3,22,3,22.204,7.77
8.387,4,16,3,16.279,10.62
8.387,5,11,-3,11.402,-15.26
8.387,6,9,-7,11.402,-37.87
8.387,7,5,-11,12.083,-65.56
8.387,8,5,-13,13.928,-68.96
8.387,9,5,-17,17.72,-73.61
8.387,10,6,-22,22.804,-74.74
8.387,11,9,-22,23.77,-67.75
8.387,12,11,-22,24.597,-63.43
8.387,13,14,-22,26.077,-57.53
8.387,14,16,-21,26.401,-52.7
8.387,15,18,-21,27.659,-49.4
8.387,16,18,-19,26.173,-46.55
8.387,17,17,-18,24.759,-46.64
8.387,18,15,-17,22.672,-48.58
8.387,19,12,-15,19.209,-51.34
8.387,20,9,-15,17.493,-59.04
8.387,21,3,-15,15.297,-78.69
8.387,22,-1,-16,16.031,-93.58
8.387,23,-4,-18,18.439,-102.53
8.387,24,-8,-20,21.541,-111.8
8.387,25,-12,-22,25.06,-118.61
8.387,26,-15,0,15.0,180.0
8.387,27,0,0,0.0,0.0
8.387,28,0,0,0.0,0.0
8.387,29,0,0,0.0,0.0
8.387,30,0,0,0.0,0.0
8.387,31,0,0,0.0,0.0
8.387,32,0,0,0.0,0.0
8.387,33,0,0,0.0,0.0
8.387,34,0,0,0.0,0.0
8.387,35,0,0,0.0,0.0
8.387,36,0,0,0.0,0.0
8.387,37,0,1,1.0,90.0
8.387,38,-11,3,11.402,164.74
8.387,39,-6,6,8.485,135.0
8.387,40,-2,9,9.22,102.53
8.387,41,3,13,13.342,77.01
8.387,42,6,17,18.028,70.56
8.387,43,9,21,22.847,66.8
8.387,44,11,25,27.313,66.25
8.387,45,13,30,32.696,66.57
8.387,46,13,33,35.468,68.5
8.387,47,13,34,36.401,69.08
8.387,48,11,32,33.838,71.03
8.387,49,11,31,32.894,70.46
8.387,50,9,27,28.46,71.57
8.387,51,6,22,22.804,74.74
8.387,52,7,16,17.464,66.37
8.387,53,6,9,10.817,56.31
8.387,54,6,4,7.211,33.69
8.387,55,9,2,9.22,12.53
8.387,56,12,-3,12.369,-14.04
8.387,57,17,-6,18.028,-19.44
8.387,58,20,-7,21.19,-19.29
8.387,59,24,-4,24.331,-9.46
8.387,60,31,-1,31.016,-1.85
8.387,61,32,-1,32.016,-1.79
8.387,62,35,3,35.128,4.9
8.4319,0,64,13,65.307,11.48
8.4319,1,0,-19,19.0,-90.0
8.4319,2,-23,-17,28.601,-143.53
8.4319,3,-18,-12,21.633,-146.31
8.4319,4,-15,-9,17.493,-149.04
8.4319,5,-13,-4,13.601,-162.9
8.4319,6,-10,0,10.0,180.0
8.4319,7,-8,5,9.434,147.99
8.4319,8,-11,5,12.083,155.56
8.4319,9,-14,9,16.643,147.26
8.4319,10,-14,11,17.804,141.84
8.4319,11,-20,11,22.825,151.19
8.4319,12,-24,10,26.0,157.38
8.4319,13,-23,8,24.352,160.82
8.4319,14,-27,6,27.659,167.47
8.4319,15,-27,4,27.295,171.57
8.4319,16,-27,4,27.295,171.57
8.4319,17,-25,4,25.318,170.91
8.4319,18,-22,4,22.361,169.7
8.4319,19,-20,7,21.19,160.71
8.4319,20,-17,8,18.788,154.8
8.4319,21,-14,11,17.804,141.84
8.4319,22,-13,14,19.105,132.88
8.4319,23,-9,18,20.125,116.57
8.4319,24,-7,22,23.087,107.65
8.4319,25,-6,24,24.739,104.04
8.4319,26,-5,0,5.0,180.0
8.4319,27,0,0,0.0,0.0
8.4319,28,0,0,0.0,0.0
8.4319,29,0,0,0.0,0.0
8.4319,30,0,0,0.0,0.0
8.4319,31,0,0,0.0,0.0
8.4319,32,0,0,0.0,0.0
8.4319,33,0,0,0.0,0.0
8.4319,34,0,0,0.0,0.0
8.4319,35,0,0,0.0,0.0
8.4319,36,0,0,0.0,0.0
8.4319,37,0,-2,2.0,-90.0
8.4319,38,9,-5,10.296,-29.05
8.4319,39,6,-7,9.22,-49.4
8.4319,40,2,-11,11.18,-79.7
8.4319,41,-1,-16,16.031,-93.58
8.4319,42,-4,-21,21.378,-100.78
8.4319,43,-7,-24,25.0,-106.26
8.4319,44,-8,-30,31.048,-104.93
8.4319,45,-8,-32,32.985,-104.04
8.4319,46,-6,-35,35.511,-99.73
8.4319,47,-4,-35,35.228,-96.52
8.4319,48,-4,-34,34.234,-96.71
8.4319,49,-2,-32,32.062,-93.58
8.4319,50,1,-30,30.017,-88.09
8.4319,51,-1,-24,24.021,-92.39
8.4319,52,1,-19,19.026,-86.99
8.4319,53,-1,-12,12.042,-94.76
8.4319,54,-3,-7,7.616,-113.2
8.4319,55,-7,-5,8.602,-144.46
8.4319,56,-12,-3,12.369,-165.96
8.4319,57,-16,-3,16.279,-169.38
8.4319,58,-22,-4,22.361,-169.7
8.4319,59,-25,-9,26.571,-160.2
8.4319,60,-30,-10,31.623,-161.57
8.4319,61,-32,-14,34.928,-156.37
8.4319,62,-32,-16,35.777,-153.43
8.4548,0,32,6,32.558,10.62
8.4548,1,0,-32,32.0,-90.0
8.4548,2,-4,-27,27.295,-98.43
8.4548,3,-6,-23,23.77,-104.62
8.4548,4,-3,-18,18.248,-99.46
8.4548,5,-5,-11,12.083,-114.44
8.4548,6,-5,-8,9.434,-122.01
8.4548,7,-6,-4,7.211,-146.31
8.4548,8,-13,-3,13.342,-167.01
8.4548,9,-18,-2,18.111,-173.66
8.4548,10,-20,-3,20.224,-171.47
8.4548,11,-25,-6,25.71,-166.5
8.4548,12,-29,-9,30.364,-162.76
8.4548,13,-30,-10,31.623,-161.57
8.4548,14,-31,-11,32.894,-160.46
8.4548,15,-31,-12,33.242,-158.84
8.4548,16,-29,-13,31.78,-155.85
8.4548,17,-27,-12,29.547,-156.04
8.4548,18,-25,-8,26.249,-162.26
8.4548,19,-22,-4,22.361,-169.7
8.4548,20,-21,-1,21.024,-177.27
8.4548,21,-19,4,19.416,168.11
8.4548,22,-19,8,20.616,157.17
8.4548,23,-18,11,21.095,148.57
8.4548,24,-19,18,26.173,136.55
8.4548,25,-20,20,28.284,135.0
8.4548,26,-19,0,19.0,180.0
8.4548,27,0,0,0.0,0.0
8.4548,28,0,0,0.0,0.0
8.4548,29,0,0,0.0,0.0
8.4548,30,0,0,0.0,0.0
8.4548,31,0,0,0.0,0.0
8.4548,32,0,0,0.0,0.0
8.4548,33,0,0,0.0,0.0
8.4548,34,0,0,0.0,0.0
8.4548,35,0,0,0.0,0.0
8.4548,36,0,0,0.0,0.0
8.4548,37,0,9,9.0,90.0
8.4548,38,7,4,8.062,29.74
8.4548,39,7,-2,7.28,-15.95
8.4548,40,7,-7,9.899,-45.0
8.4548,41,8,-14,16.125,-60.26
8.4548,42,11,-20,22.825,-61.19
8.4548,43,14,-23,26.926,-58.67
8.4548,44,17,-27,31.906,-57.8
8.4548,45,21,-29,35.805,-54.09
8.4548,46,24,-29,37.643,-50.39
8.4548,47,29,-30,41.725,-45.97
8.4548,48,28,-28,39.598,-45.0
8.4548,49,29,-23,37.014,-38.42
8.4548,50,28,-22,35.609,-38.16
8.4548,51,26,-17,31.064,-33.18
8.4548,52,20,-13,23.854,-33.02
8.4548,53,15,-11,18.601,-36.25
8.4548,54,8,-11,13.601,-53.97
8.4548,55,3,-14,14.318,-77.91
8.4548,56,-5,-16,16.763,-107.35
8.4548,57,-11,-18,21.095,-121.43
8.4548,58,-14,-23,26.926,-121.33
8.4548,59,-17,-31,35.355,-118.74
8.4548,60,-19,-33,38.079,-119.93
8.4548,61,-19,-40,44.283,-115.41
8.4548,62,-16,-36,39.395,-113.96
8.4869,0,-79,25,82.861,162.44
8.4869,1,0,27,27.0,90.0
8.4869,2,8,22,23.409,70.02
8.4869,3,5,15,15.811,71.57
8.4869,4,4,8,8.944,63.43
8.4869,5,2,5,5.385,68.2
8.4869,6,5,-1,5.099,-11.31
8.4869,7,8,-2,8.246,-14.04
8.4869,8,11,-4,11.705,-19.98
8.4869,9,15,-4,15.524,-14.93
8.4869,10,18,-3,18.248,-9.46
8.4869,11,20,0,20.0,0.0
8.4869,12,25,3,25.179,6.84
8.4869,13,25,4,25.318,9.09
8.4869,14,26,7,26.926,15.07
8.4869,15,24,8,25.298,18.43
8.4869,16,23,7,24.042,16.93
8.4869,17,22,7,23.087,17.65
8.4869,18,18,3,18.248,9.46
8.4869,19,17,3,17.263,10.01
8.4869,20,13,-3,13.342,-12.99
8.4869,21,13,-6,14.318,-24.78
8.4869,22,11,-9,14.213,-39.29
8.4869,23,12,-14,18.439,-49.4
8.4869,24,13,-18,22.204,-54.16
8.4869,25,13,-20,23.854,-56.98
8.4869,26,16,0,16.0,0.0
8.4869,27,0,0,0.0,0.0
8.4869,28,0,0,0.0,0.0
8.4869,29,0,0,0.0,0.0
8.4869,30,0,0,0.0,0.0
8.4869,31,0,0,0.0,0.0
8.4869,32,0,0,0.0,0.0
8.4869,33,0,0,0.0,0.0
8.4869,34,0,0,0.0,0.0
8.4869,35,0,0,0.0,0.0
8.4869,36,0,0,0.0,0.0
8.4869,37,0,-7,7.0,-90.0
8.4869,38,-8,-3,8.544,-159.44
8.4869,39,-6,3,6.708,153.43
8.4869,40,-6,8,10.0,126.87
8.4869,41,-6,14,15.232,113.2
8.4869,42,-6,19,19.925,107.53
8.4869,43,-8,22,23.409,109.98
8.4869,44,-10,27,28.792,110.32
8.4869,45,-13,30,32.696,113.43
8.4869,46,-14,30,33.106,115.02
8.4869,47,-18,30,34.986,120.96
8.4869,48,-18,28,33.287,122.74
8.4869,49,-19,25,31.401,127.23
8.4869,50,-18,23,29.206,128.05
8.4869,51,-16,20,25.612,128.66
8.4869,52,-13,16,20.616,129.09
8.4869,53,-8,15,17.0,118.07
8.4869,54,-3,13,13.342,102.99
8.4869,55,1,13,13.038,85.6
8.4869,56,6,16,17.088,69.44
8.4869,57,11,18,21.095,58.57
8.4869,58,15,20,25.0,53.13
8.4869,59,16,21,26.401,52.7
8.4869,60,18,28,33.287,57.26
8.4869,61,18,28,33.287,57.26
8.4869,62,16,28,32.249,60.26
8.538,0,-48,11,49.244,167.09
8.538,1,0,8,8.0,90.0
8.538,2,-27,7,27.893,165.47
8.538,3,-20,3,20.224,171.47
8.538,4,-16,5,16.763,162.65
8.538,5,-10,6,11.662,149.04
8.538,6,-4,8,8.944,116.57
8.538,7,-2,11,11.18,100.3
8.538,8,1,13,13.038,85.6
8.538,9,3,18,18.248,80.54
8.538,10,3,21,21.213,81.87
8.538,11,1,22,22.023,87.4
8.538,12,-2,24,24.083,94.76
8.538,13,-3,26,26.173,96.58
8.538,14,-6,24,24.739,104.04
8.538,15,-7,23,24.042,106.93
8.538,16,-7,22,23.087,107.65
8.538,17,-7,17,18.385,112.38
8.538,18,-8,17,18.788,115.2
8.538,19,-6,14,15.232,113.2
8.538,20,-2,13,13.153,98.75
8.538,21,2,12,12.166,80.54
8.538,22,6,13,14.318,65.22
8.538,23,9,14,16.643,57.26
8.538,24,13,15,19.849,49.09
8.538,25,17,17,24.042,45.0
8.538,26,20,0,20.0,0.0
8.538,27,0,0,0.0,0.0
8.538,28,0,0,0.0,0.0
8.538,29,0,0,0.0,0.0
8.538,30,0,0,0.0,0.0
8.538,31,0,0,0.0,0.0
8.538,32,0,0,0.0,0.0
8.538,33,0,0,0.0,0.0
8.538,34,0,0,0.0,0.0
8.538,35,0,0,0.0,0.0
8.538,36,0,0,0.0,0.0
8.538,37,0,-9,9.0,-90.0
8.538,38,3,-7,7.616,-66.8
8.538,39,-1,-4,4.123,-104.04
8.538,40,-5,-3,5.831,-149.04
8.538,41,-10,-3,10.44,-163.3
8.538,42,-15,-3,15.297,-168.69
8.538,43,-21,-4,21.378,-169.22
8.538,44,-25,-7,25.962,-164.36
8.538,45,-30,-7,30.806,-166.87
8.538,46,-33,-11,34.785,-161.57
8.538,47,-34,-12,36.056,-160.56
8.538,48,-34,-14,36.77,-157.62
8.538,49,-32,-13,34.54,-157.89
8.538,50,-31,-12,33.242,-158.84
8.538,51,-27,-9,28.46,-161.57
8.538,52,-24,-6,24.739,-165.96
8.538,53,-19,-2,19.105,-173.99
8.538,54,-16,2,16.125,172.87
8.538,55,-14,8,16.125,150.26
8.538,56,-14,12,18.439,139.4
8.538,57,-15,15,21.213,135.0
8.538,58,-17,18,24.759,133.36
8.538,59,-19,18,26.173,136.55
8.538,60,-24,21,31.89,138.81
8.538,61,-27,18,32.45,146.31
8.538,62,-27,16,31.385,149.35
8.5584,0,16,7,17.464,23.63
8.5584,1,0,-22,22.0,-90.0
8.5584,2,-15,-16,21.932,-133.15
8.5584,3,-11,-13,17.029,-130.24
8.5584,4,-9,-10,13.454,-131.99
8.5584,5,-8,-5,9.434,-147.99
8.5584,6,-7,0,7.0,180.0
8.5584,7,-9,4,9.849,156.04
8.5584,8,-9,9,12.728,135.0
8.5584,9,-13,7,14.765,151.7
8.5584,10,-16,9,18.358,150.64
8.5584,11,-22,8,23.409,160.02
8.5584,12,-25,5,25.495,168.69
8.5584,13,-26,2,26.077,175.6
8.5584,14,-27,1,27.019,177.88
8.5584,15,-25,1,25.02,177.71
8.5584,16,-26,-2,26.077,-175.6
8.5584,17,-24,-1,24.021,-177.61
8.5584,18,-22,1,22.023,177.4
8.5584,19,-18,3,18.248,170.54
8.5584,20,-15,7,16.553,154.98
8.5584,21,-12,10,15.62,140.19
8.5584,22,-11,13,17.029,130.24
8.5584,23,-9,17,19.235,117.9
8.5584,24,-8,22,23.409,109.98
8.5584,25,-8,25,26.249,107.74
8.5584,26,-8,0,8.0,180.0
8.5584,27,0,0,0.0,0.0
8.5584,28,0,0,0.0,0.0
8.5584,29,0,0,0.0,0.0
8.5584,30,0,0,0.0,0.0
8.5584,31,0,0,0.0,0.0
8.5584,32,0,0,0.0,0.0
8.5584,33,0,0,0.0,0.0
8.5584,34,0,0,0.0,0.0
8.5584,35,0,0,0.0,0.0
8.5584,36,0,0,0.0,0.0
8.5584,37,0,3,3.0,90.0
8.5584,38,8,-2,8.246,-14.04
8.5584,39,5,-7,8.602,-54.46
8.5584,40,3,-11,11.402,-74.74
8.5584,41,1,-16,16.031,-86.42
8.5584,42,-3,-20,20.224,-98.53
8.5584,43,-4,-26,26.306,-98.75
8.5584,44,-2,-30,30.067,-93.81
8.5584,45,-1,-32,32.016,-91.79
8.5584,46,0,-35,35.0,-90.0
8.5584,47,0,-36,36.0,-90.0
8.5584,48,2,-34,34.059,-86.63
8.5584,49,3,-32,32.14,-84.64
8.5584,50,5,-29,29.428,-80.22
8.5584,51,4,-23,23.345,-80.13
8.5584,52,2,-20,20.1,-84.29
8.5584,53,0,-15,15.0,-90.0
8.5584,54,-3,-13,13.342,-102.99
8.5584,55,-6,-12,13.416,-116.57
8.5584,56,-12,-11,16.279,-137.49
8.5584,57,-16,-13,20.616,-140.91
8.5584,58,-21,-14,25.239,-146.31
8.5584,59,-23,-18,29.206,-141.95
8.5584,60,-27,-20,33.601,-143.47
8.5584,61,-28,-21,35.0,-143.13
8.5584,62,-26,-23,34.713,-138.5
8.6026,0,49,22,53.712,24.18
8.6026,1,0,22,22.0,90.0
8.6026,2,-8,21,22.472,110.85
8.6026,3,-8,13,15.264,121.61
8.6026,4,-6,11,12.53,118.61
8.6026,5,-1,8,8.062,97.13
8.6026,6,-1,2,2.236,116.57
8.6026,7,6,5,7.81,39.81
8.6026,8,13,4,13.601,17.1
8.6026,9,14,8,16.125,29.74
8.6026,10,18,11,21.095,31.43
8.6026,11,22,13,25.554,30.58
8.6026,12,21,17,27.019,38.99
8.6026,13,19,20,27.586,46.47
8.6026,14,20,20,28.284,45.0
8.6026,15,17,19,25.495,48.18
8.6026,16,14,20,24.413,55.01
8.6026,17,14,16,21.26,48.81
8.6026,18,10,15,18.028,56.31
8.6026,19,12,10,15.62,39.81
8.6026,20,10,6,11.662,30.96
8.6026,21,10,3,10.44,16.7
8.6026,22,14,0,14.0,0.0
8.6026,23,15,-4,15.524,-14.93
8.6026,24,17,-5,17.72,-16.39
8.6026,25,22,-7,23.087,-17.65
8.6026,26,22,0,22.0,0.0
8.6026,27,0,0,0.0,0.0
8.6026,28,0,0,0.0,0.0
8.6026,29,0,0,0.0,0.0
8.6026,30,0,0,0.0,0.0
8.6026,31,0,0,0.0,0.0
8.6026,32,0,0,0.0,0.0
8.6026,33,0,0,0.0,0.0
8.6026,34,0,0,0.0,0.0
8.6026,35,0,0,0.0,0.0
8.6026,36,0,0,0.0,0.0
8.6026,37,0,-9,9.0,-90.0
8.6026,38,-7,-5,8.602,-144.46
8.6026,39,-7,1,7.071,171.87
8.6026,40,-8,5,9.434,147.99
8.6026,41,-9,9,12.728,135.0
8.6026,42,-11,13,17.029,130.24
8.6026,43,-15,16,21.932,133.15
8.6026,44,-18,19,26.173,133.45
8.6026,45,-22,20,29.732,137.73
8.6026,46,-25,21,32.65,139.97
8.6026,47,-28,21,35.0,143.13
8.6026,48,-28,19,33.838,145.84
8.6026,49,-29,17,33.615,149.62
8.6026,50,-28,15,31.765,151.82
8.6026,51,-25,13,28.178,152.53
8.6026,52,-22,14,26.077,147.53
8.6026,53,-15,13,19.849,139.09
8.6026,54,-10,15,18.028,123.69
8.6026,55,-6,17,18.028,109.44
8.6026,56,-2,20,20.1,95.71
8.6026,57,2,23,23.087,85.03
8.6026,58,3,28,28.16,83.88
8.6026,59,4,31,31.257,82.65
8.6026,60,3,34,34.132,84.96
8.6026,61,2,35,35.057,86.73
8.6026,62,-1,34,34.015,91.68
8.6243,0,-79,25,82.861,162.44
8.6243,1,0,2,2.0,90.0
8.6243,2,27,4,27.295,8.43
8.6243,3,21,3,21.213,8.13
8.6243,4,17,4,17.464,13.24
8.6243,5,13,0,13.0,0.0
8.6243,6,9,-5,10.296,-29.05
8.6243,7,6,-8,10.0,-53.13
8.6243,8,6,-13,14.318,-65.22
8.6243,9,2,-16,16.125,-82.87
8.6243,10,5,-20,20.616,-75.96
8.6243,11,8,-23,24.352,-70.82
8.6243,12,9,-24,25.632,-69.44
8.6243,13,13,-22,25.554,-59.42
8.6243,14,16,-22,27.203,-53.97
8.6243,15,19,-21,28.32,-47.86
8.6243,16,19,-19,26.87,-45.0
8.6243,17,17,-16,23.345,-43.26
8.6243,18,16,-16,22.627,-45.0
8.6243,19,13,-16,20.616,-50.91
8.6243,20,11,-16,19.416,-55.49
8.6243,21,5,-17,17.72,-73.61
8.6243,22,2,-18,18.111,-83.66
8.6243,23,-1,-21,21.024,-92.73
8.6243,24,-5,-23,23.537,-102.26
8.6243,25,-7,-25,25.962,-105.64
8.6243,26,-9,0,9.0,180.0
8.6243,27,0,0,0.0,0.0
8.6243,28,0,0,0.0,0.0
8.6243,29,0,0,0.0,0.0
8.6243,30,0,0,0.0,0.0
8.6243,31,0,0,0.0,0.0
8.6243,32,0,0,0.0,0.0
8.6243,33,0,0,0.0,0.0
8.6243,34,0,0,0.0,0.0
8.6243,35,0,0,0.0,0.0
8.6243,36,0,0,0.0,0.0
8.6243,37,0,6,6.0,90.0
8.6243,38,-9,6,10.817,146.31
8.6243,39,-5,5,7.071,135.0
8.6243,40,1,7,7.071,81.87
8.6243,41,5,9,10.296,60.95
8.6243,42,10,11,14.866,47.73
8.6243,43,15,16,21.932,46.85
8.6243,44,19,19,26.87,45.0
8.6243,45,21,22,30.414,46.33
8.6243,46,23,25,33.971,47.39
8.6243,47,25,27,36.797,47.2
8.6243,48,23,27,35.468,49.57
8.6243,49,22,26,34.059,49.76
8.6243,50,20,23,30.48,48.99
8.6243,51,18,20,26.907,48.01
8.6243,52,16,12,20.0,36.87
8.6243,53,13,8,15.264,31.61
8.6243,54,14,4,14.56,15.95
8.6243,55,14,0,14.0,0.0
8.6243,56,14,-3,14.318,-12.09
8.6243,57,19,-10,21.471,-27.76
8.6243,58,22,-8,23.409,-19.98
8.6243,59,26,-8,27.203,-17.1
8.6243,60,28,-7,28.862,-14.04
8.6243,61,33,-5,33.377,-8.62
8.6243,62,34,-1,34.015,-1.68
8.6701,0,32,6,32.558,10.62
8.6701,1,0,18,18.0,90.0
8.6701,2,-23,13,26.42,150.52
8.6701,3,-19,10,21.471,152.24
8.6701,4,-16,7,17.464,156.37
8.6701,5,-11,4,11.705,160.02
8.6701,6,-7,9,11.402,127.87
8.6701,7,-3,9,9.487,108.43
8.6701,8,1,12,12.042,85.24
8.6701,9,6,15,16.155,68.2
8.6701,10,7,17,18.385,67.62
8.6701,11,7,26,26.926,74.93
8.6701,12,7,25,25.962,74.36
8.6701,13,3,29,29.155,84.09
8.6701,14,1,29,29.017,88.03
8.6701,15,-1,29,29.017,91.97
8.6701,16,-5,26,26.476,100.89
8.6701,17,-3,24,24.187,97.13
8.6701,18,-2,22,22.091,95.19
8.6701,19,0,18,18.0,90.0
8.6701,20,0,16,16.0,90.0
8.6701,21,3,15,15.297,78.69
8.6701,22,7,15,16.553,64.98
8.6701,23,12,15,19.209,51.34
8.6701,24,14,14,19.799,45.0
8.6701,25,20,15,25.0,36.87
8.6701,26,22,0,22.0,0.0
8.6701,27,0,0,0.0,0.0
8.6701,28,0,0,0.0,0.0
8.6701,29,0,0,0.0,0.0
8.6701,30,0,0,0.0,0.0
8.6701,31,0,0,0.0,0.0
8.6701,32,0,0,0.0,0.0
8.6701,33,0,0,0.0,0.0
8.6701,34,0,0,0.0,0.0
8.6701,35,0,0,0.0,0.0
8.6701,36,0,0,0.0,0.0
8.6701,37,0,-12,12.0,-90.0
8.6701,38,-4,-7,8.062,-119.74
8.6701,39,-6,-3,6.708,-153.43
8.6701,40,-8,0,8.0,180.0
8.6701,41,-10,4,10.77,158.2
8.6701,42,-14,6,15.232,156.8
8.6701,43,-19,9,21.024,154.65
8.6701,44,-25,10,26.926,158.2
8.6701,45,-29,9,30.364,162.76
8.6701,46,-32,9,33.242,164.29
8.6701,47,-35,7,35.693,168.69
8.6701,48,-36,7,36.674,169.0
8.6701,49,-35,6,35.511,170.27
8.6701,50,-35,5,35.355,171.87
8.6701,51,-31,4,31.257,172.65
8.6701,52,-27,4,27.295,171.57
8.6701,53,-21,8,22.472,159.15
8.6701,54,-17,10,19.723,149.53
8.6701,55,-13,15,19.849,130.91
8.6701,56,-11,18,21.095,121.43
8.6701,57,-9,23,24.698,111.37
8.6701,58,-9,27,28.46,108.43
8.6701,59,-11,29,31.016,110.77
8.6701,60,-12,31,33.242,111.16
8.6701,61,-16,29,33.121,118.89
8.6701,62,-19,29,34.67,123.23
8.6885,0,32,10,33.526,17.35
8.6885,1,0,24,24.0,90.0
8.6885,2,-6,21,21.84,105.95
8.6885,3,-3,16,16.279,100.62
8.6885,4,-2,12,12.166,99.46
8.6885,5,0,6,6.0,90.0
8.6885,6,1,7,7.071,81.87
8.6885,7,6,4,7.211,33.69
8.6885,8,6,2,6.325,18.43
8.6885,9,12,6,13.416,26.57
8.6885,10,15,6,16.155,21.8
8.6885,11,18,11,21.095,31.43
8.6885,12,22,13,25.554,30.58
8.6885,13,19,14,23.601,36.38
8.6885,14,22,18,28.425,39.29
8.6885,15,20,16,25.612,38.66
8.6885,16,18,18,25.456,45.0
8.6885,17,16,16,22.627,45.0
8.6885,18,15,13,19.849,40.91
8.6885,19,15,11,18.601,36.25
8.6885,20,14,8,16.125,29.74
8.6885,21,15,4,15.524,14.93
8.6885,22,15,1,15.033,3.81
8.6885,23,17,-2,17.117,-6.71
8.6885,24,20,-4,20.396,-11.31
8.6885,25,23,-7,24.042,-16.93
8.6885,26,24,0,24.0,0.0
8.6885,27,0,0,0.0,0.0
8.6885,28,0,0,0.0,0.0
8.6885,29,0,0,0.0,0.0
8.6885,30,0,0,0.0,0.0
8.6885,31,0,0,0.0,0.0
8.6885,32,0,0,0.0,0.0
8.6885,33,0,0,0.0,0.0
8.6885,34,0,0,0.0,0.0
8.6885,35,0,0,0.0,0.0
8.6885,36,0,0,0.0,0.0
8.6885,37,0,-5,5.0,-90.0
8.6885,38,-10,-3,10.44,-163.3
8.6885,39,-7,2,7.28,164.05
8.6885,40,-7,7,9.899,135.0
8.6885,41,-6,13,14.318,114.78
8.6885,42,-7,18,19.313,111.25
8.6885,43,-9,22,23.77,112.25
8.6885,44,-12,26,28.636,114.78
8.6885,45,-14,28,31.305,116.57
8.6885,46,-15,28,31.765,118.18
8.6885,47,-19,28,33.838,124.16
8.6885,48,-20,28,34.409,125.54
8.6885,49,-22,25,33.302,131.35
8.6885,50,-22,21,30.414,136.33
8.6885,51,-18,19,26.173,133.45
8.6885,52,-17,16,23.345,136.74
8.6885,53,-13,15,19.849,130.91
8.6885,54,-7,14,15.652,116.57
8.6885,55,-3,15,15.297,101.31
8.6885,56,3,16,16.279,79.38
8.6885,57,7,20,21.19,70.71
8.6885,58,8,22,23.409,70.02
8.6885,59,10,26,27.857,68.96
8.6885,60,11,30,31.953,69.86
8.6885,61,12,32,34.176,69.44
8.6885,62,8,31,32.016,75.53
8.7132,0,-96,9,96.421,174.64
8.7132,1,0,25,25.0,90.0
8.7132,2,-22,17,27.803,142.31
8.7132,3,-16,16,22.627,135.0
8.7132,4,-15,11,18.601,143.75
8.7132,5,-10,7,12.207,145.01
8.7132,6,-4,8,8.944,116.57
8.7132,7,1,9,9.055,83.66
8.7132,8,5,10,11.18,63.43
8.7132,9,9,15,17.493,59.04
8.7132,10,12,16,20.0,53.13
8.7132,11,13,20,23.854,56.98
8.7132,12,14,25,28.653,60.75
8.7132,13,12,26,28.636,65.22
8.7132,14,11,28,30.083,68.55
8.7132,15,9,26,27.514,70.91
8.7132,16,7,25,25.962,74.36
8.7132,17,7,23,24.042,73.07
8.7132,18,9,18,20.125,63.43
8.7132,19,7,14,15.652,63.43
8.7132,20,9,9,12.728,45.0
8.7132,21,12,8,14.422,33.69
8.7132,22,14,4,14.56,15.95
8.7132,23,19,3,19.235,8.97
8.7132,24,25,2,25.08,4.57
8.7132,25,29,1,29.017,1.97
8.7132,26,32,0,32.0,0.0
8.7132,27,0,0,0.0,0.0
8.7132,28,0,0,0.0,0.0
8.7132,29,0,0,0.0,0.0
8.7132,30,0,0,0.0,0.0
8.7132,31,0,0,0.0,0.0
8.7132,32,0,0,0.0,0.0
8.7132,33,0,0,0.0,0.0
8.7132,34,0,0,0.0,0.0
8.7132,35,0,0,0.0,0.0
8.7132,36,0,0,0.0,0.0
8.7132,37,0,-14,14.0,-90.0
8.7132,38,-1,-10,10.05,-95.71
8.7132,39,-5,-5,7.071,-135.0
8.7132,40,-8,-2,8.246,-165.96
8.7132,41,-13,3,13.342,167.01
8.7132,42,-17,6,18.028,160.56
8.7132,43,-24,8,25.298,161.57
8.7132,44,-29,9,30.364,162.76
8.7132,45,-35,8,35.903,167.12
8.7132,46,-39,7,39.623,169.82
8.7132,47,-43,7,43.566,170.75
8.7132,48,-43,5,43.29,173.37
8.7132,49,-41,4,41.195,174.43
8.7132,50,-39,2,39.051,177.06
8.7132,51,-35,3,35.128,175.1
8.7132,52,-29,6,29.614,168.31
8.7132,53,-21,8,22.472,159.15
8.7132,54,-16,13,20.616,140.91
8.7132,55,-11,19,21.954,120.07
8.7132,56,-7,23,24.042,106.93
8.7132,57,-4,30,30.265,97.59
8.7132,58,-5,32,32.388,98.88
8.7132,59,-6,38,38.471,98.97
8.7132,60,-9,43,43.932,101.82
8.7132,61,-14,43,45.222,108.03
8.7132,62,-18,37,41.146,115.94
8.8073,0,0,12,12.0,90.0
8.8073,1,0,6,6.0,90.0
8.8073,2,-27,1,27.019,177.88
8.8073,3,-26,-1,26.019,-177.8
8.8073,4,-22,0,22.0,180.0
8.8073,5,-14,2,14.142,171.87
8.8073,6,-10,5,11.18,153.43
8.8073,7,-5,8,9.434,122.01
8.8073,8,-3,13,13.342,102.99
8.8073,9,-1,15,15.033,93.81
8.8073,10,-3,18,18.248,99.46
8.8073,11,-3,21,21.213,98.13
8.8073,12,-5,23,23.537,102.26
8.8073,13,-9,23,24.698,111.37
8.8073,14,-11,23,25.495,115.56
8.8073,15,-13,21,24.698,121.76
8.8073,16,-15,20,25.0,126.87
8.8073,17,-13,17,21.401,127.41
8.8073,18,-12,16,20.0,126.87
8.8073,19,-9,15,17.493,120.96
8.8073,20,-5,13,13.928,111.04
8.8073,21,-1,15,15.033,93.81
8.8073,22,3,16,16.279,79.38
8.8073,23,8,18,19.698,66.04
8.8073,24,12,20,23.324,59.04
8.8073,25,14,23,26.926,58.67
8.8073,26,19,0,19.0,0.0
8.8073,27,0,0,0.0,0.0
8.8073,28,0,0,0.0,0.0
8.8073,29,0,0,0.0,0.0
8.8073,30,0,0,0.0,0.0
8.8073,31,0,0,0.0,0.0
8.8073,32,0,0,0.0,0.0
8.8073,33,0,0,0.0,0.0
8.8073,34,0,0,0.0,0.0
8.8073,35,0,0,0.0,0.0
8.8073,36,0,0,0.0,0.0
8.8073,37,0,-13,13.0,-90.0
8.8073,38,4,-10,10.77,-68.2
8.8073,39,-1,-8,8.062,-97.13
8.8073,40,-5,-5,7.071,-135.0
8.8073,41,-10,-5,11.18,-153.43
8.8073,42,-15,-5,15.811,-161.57
8.8073,43,-22,-5,22.561,-167.2
8.8073,44,-26,-8,27.203,-162.9
8.8073,45,-30,-10,31.623,-161.57
8.8073,46,-34,-12,36.056,-160.56
8.8073,47,-35,-13,37.336,-159.62
8.8073,48,-34,-14,36.77,-157.62
8.8073,49,-33,-13,35.468,-158.5
8.8073,50,-30,-12,32.311,-158.2
8.8073,51,-27,-9,28.46,-161.57
8.8073,52,-23,-5,23.537,-167.74
8.8073,53,-18,-1,18.028,-176.82
8.8073,54,-15,5,15.811,161.57
8.8073,55,-12,10,15.62,140.19
8.8073,56,-15,15,21.213,135.0
8.8073,57,-16,19,24.839,130.1
8.8073,58,-18,23,29.206,128.05
8.8073,59,-20,20,28.284,135.0
8.8073,60,-27,22,34.828,140.83
8.8073,61,-33,22,39.661,146.31
8.8073,62,-35,17,38.91,154.09
8.8313,0,32,10,33.526,17.35
8.8313,1,0,18,18.0,90.0
8.8313,2,-27,13,29.967,154.29
8.8313,3,-22,10,24.166,155.56
8.8313,4,-19,8,20.616,157.17
8.8313,5,-14,8,16.125,150.26
8.8313,6,-9,7,11.402,142.13
8.8313,7,-3,9,9.487,108.43
8.8313,8,0,10,10.0,90.0
8.8313,9,5,14,14.866,70.35
8.8313,10,6,16,17.088,69.44
8.8313,11,7,22,23.087,72.35
8.8313,12,7,24,25.0,73.74
8.8313,13,6,27,27.659,77.47
8.8313,14,4,27,27.295,81.57
8.8313,15,3,27,27.166,83.66
8.8313,16,0,24,24.0,90.0
8.8313,17,1,21,21.024,87.27
8.8313,18,0,17,17.0,90.0
8.8313,19,2,15,15.133,82.41
8.8313,20,3,12,12.369,75.96
8.8313,21,8,9,12.042,48.37
8.8313,22,11,7,13.038,32.47
8.8313,23,15,6,16.155,21.8
8.8313,24,20,4,20.396,11.31
8.8313,25,24,4,24.331,9.46
8.8313,26,27,0,27.0,0.0
8.8313,27,0,0,0.0,0.0
8.8313,28,0,0,0.0,0.0
8.8313,29,0,0,0.0,0.0
8.8313,30,0,0,0.0,0.0
8.8313,31,0,0,0.0,0.0
8.8313,32,0,0,0.0,0.0
8.8313,33,0,0,0.0,0.0
8.8313,34,0,0,0.0,0.0
8.8313,35,0,0,0.0,0.0
8.8313,36,0,0,0.0,0.0
8.8313,37,0,-14,14.0,-90.0
8.8313,38,1,-10,10.05,-84.29
8.8313,39,-2,-7,7.28,-105.95
8.8313,40,-6,-3,6.708,-153.43
8.8313,41,-11,-1,11.045,-174.81
8.8313,42,-16,0,16.0,180.0
8.8313,43,-22,0,22.0,180.0
8.8313,44,-25,0,25.0,180.0
8.8313,45,-31,-1,31.016,-178.15
8.8313,46,-35,-3,35.128,-175.1
8.8313,47,-37,-1,37.014,-178.45
8.8313,48,-36,-2,36.056,-176.82
8.8313,49,-36,-4,36.222,-173.66
8.8313,50,-35,-3,35.128,-175.1
8.8313,51,-28,-1,28.018,-177.95
8.8313,52,-26,0,26.0,180.0
8.8313,53,-18,5,18.682,164.48
8.8313,54,-14,10,17.205,144.46
8.8313,55,-9,14,16.643,122.74
8.8313,56,-10,19,21.471,117.76
8.8313,57,-8,26,27.203,107.1
8.8313,58,-8,29,30.083,105.42
8.8313,59,-9,31,32.28,106.19
8.8313,60,-14,34,36.77,112.38
8.8313,61,-17,37,40.719,114.68
8.8313,62,-23,30,37.802,127.48
8.8731,0,32,6,32.558,10.62
8.8731,1,0,-2,2.0,-90.0
8.8731,2,28,1,28.018,2.05
8.8731,3,25,0,25.0,0.0
8.8731,4,19,0,19.0,0.0
8.8731,5,15,-1,15.033,-3.81
8.8731,6,10,-5,11.18,-26.57
8.8731,7,6,-8,10.0,-53.13
8.8731,8,3,-13,13.342,-77.01
8.8731,9,0,-17,17.0,-90.0
8.8731,10,1,-18,18.028,-86.82
8.8731,11,3,-22,22.204,-82.23
8.8731,12,6,-24,24.739,-75.96
8.8731,13,8,-25,26.249,-72.26
8.8731,14,10,-24,26.0,-67.38
8.8731,15,12,-25,27.731,-64.36
8.8731,16,12,-22,25.06,-61.39
8.8731,17,11,-20,22.825,-61.19
8.8731,18,11,-18,21.095,-58.57
8.8731,19,9,-15,17.493,-59.04
8.8731,20,5,-16,16.763,-72.65
8.8731,21,2,-15,15.133,-82.41
8.8731,22,-1,-14,14.036,-94.09
8.8731,23,-6,-16,17.088,-110.56
8.8731,24,-10,-15,18.028,-123.69
8.8731,25,-14,-18,22.804,-127.87
8.8731,26,-17,0,17.0,180.0
8.8731,27,0,0,0.0,0.0
8.8731,28,0,0,0.0,0.0
8.8731,29,0,0,0.0,0.0
8.8731,30,0,0,0.0,0.0
8.8731,31,0,0,0.0,0.0
8.8731,32,0,0,0.0,0.0
8.8731,33,0,0,0.0,0.0
8.8731,34,0,0,0.0,0.0
8.8731,35,0,0,0.0,0.0
8.8731,36,0,0,0.0,0.0
8.8731,37,0,7,7.0,90.0
8.8731,38,-8,7,10.63,138.81
8.8731,39,-4,6,7.211,123.69
8.8731,40,1,6,6.083,80.54
8.8731,41,6,8,10.0,53.13
8.8731,42,11,10,14.866,42.27
8.8731,43,15,13,19.849,40.91
8.8731,44,18,16,24.083,41.63
8.8731,45,20,19,27.586,43.53
8.8731,46,23,21,31.145,42.4
8.8731,47,23,22,31.828,43.73
8.8731,48,23,21,31.145,42.4
8.8731,49,21,21,29.698,45.0
8.8731,50,20,18,26.907,41.99
8.8731,51,17,15,22.672,41.42
8.8731,52,14,9,16.643,32.74
8.8731,53,12,3,12.369,14.04
8.8731,54,11,-1,11.045,-5.19
8.8731,55,11,-6,12.53,-28.61
8.8731,56,12,-11,16.279,-42.51
8.8731,57,14,-13,19.105,-42.88
8.8731,58,18,-18,25.456,-45.0
8.8731,59,24,-17,29.411,-35.31
8.8731,60,25,-16,29.682,-32.62
8.8731,61,31,-15,34.438,-25.82
8.8731,62,35,-13,37.336,-20.38
8.9057,0,64,9,64.63,8.0
8.9057,1,0,-28,28.0,-90.0
8.9057,2,-8,-22,23.409,-109.98
8.9057,3,-2,-20,20.1,-95.71
8.9057,4,-5,-12,13.0,-112.62
8.9057,5,-5,-11,12.083,-114.44
8.9057,6,-5,-5,7.071,-135.0
8.9057,7,-8,-4,8.944,-153.43
8.9057,8,-10,-1,10.05,-174.29
8.9057,9,-14,-1,14.036,-175.91
8.9057,10,-17,-3,17.263,-169.99
8.9057,11,-19,-6,19.925,-162.47
8.9057,12,-24,-8,25.298,-161.57
8.9057,13,-25,-10,26.926,-158.2
8.9057,14,-26,-12,28.636,-155.22
8.9057,15,-25,-13,28.178,-152.53
8.9057,16,-26,-13,29.069,-153.43
8.9057,17,-23,-11,25.495,-154.44
8.9057,18,-20,-10,22.361,-153.43
8.9057,19,-18,-6,18.974,-161.57
8.9057,20,-17,-3,17.263,-169.99
8.9057,21,-15,1,15.033,176.19
8.9057,22,-14,4,14.56,164.05
8.9057,23,-15,9,17.493,149.04
8.9057,24,-17,12,20.809,144.78
8.9057,25,-17,13,21.401,142.59
8.9057,26,-19,0,19.0,180.0
8.9057,27,0,0,0.0,0.0
8.9057,28,0,0,0.0,0.0
8.9057,29,0,0,0.0,0.0
8.9057,30,0,0,0.0,0.0
8.9057,31,0,0,0.0,0.0
8.9057,32,0,0,0.0,0.0
8.9057,33,0,0,0.0,0.0
8.9057,34,0,0,0.0,0.0
8.9057,35,0,0,0.0,0.0
8.9057,36,0,0,0.0,0.0
8.9057,37,0,5,5.0,90.0
8.9057,38,9,0,9.0,0.0
8.9057,39,8,-3,8.544,-20.56
8.9057,40,6,-9,10.817,-56.31
8.9057,41,6,-13,14.318,-65.22
8.9057,42,6,-19,19.925,-72.47
8.9057,43,7,-23,24.042,-73.07
8.9057,44,10,-27,28.792,-69.68
8.9057,45,12,-29,31.385,-67.52
8.9057,46,15,-31,34.438,-64.18
8.9057,47,16,-30,34.0,-61.93
8.9057,48,18,-28,33.287,-57.26
8.9057,49,19,-27,33.015,-54.87
8.9057,50,18,-23,29.206,-51.95
8.9057,51,16,-19,24.839,-49.9
8.9057,52,13,-15,19.849,-49.09
8.9057,53,8,-13,15.264,-58.39
8.9057,54,3,-11,11.402,-74.74
8.9057,55,-2,-10,10.198,-101.31
8.9057,56,-9,-13,15.811,-124.7
8.9057,57,-12,-16,20.0,-126.87
8.9057,58,-17,-18,24.759,-133.36
8.9057,59,-22,-23,31.828,-133.73
8.9057,60,-19,-26,32.202,-126.16
8.9057,61,-21,-32,38.275,-123.27
8.9057,62,-17,-31,35.355,-118.74
8.9382,0,32,6,32.558,10.62
8.9382,1,0,20,20.0,90.0
8.9382,2,-15,21,25.807,125.54
8.9382,3,-12,13,17.692,132.71
8.9382,4,-9,11,14.213,129.29
8.9382,5,-7,8,10.63,131.19
8.9382,6,0,10,10.0,90.0
8.9382,7,4,10,10.77,68.2
8.9382,8,8,9,12.042,48.37
8.9382,9,11,13,17.029,49.76
8.9382,10,12,16,20.0,53.13
8.9382,11,13,21,24.698,58.24
8.9382,12,12,24,26.833,63.43
8.9382,13,12,27,29.547,66.04
8.9382,14,11,26,28.231,67.07
8.9382,15,8,26,27.203,72.9
8.9382,16,5,26,26.476,79.11
8.9382,17,4,23,23.345,80.13
8.9382,18,4,20,20.396,78.69
8.9382,19,6,15,16.155,68.2
8.9382,20,6,12,13.416,63.43
8.9382,21,7,10,12.207,55.01
8.9382,22,11,7,13.038,32.47
8.9382,23,14,6,15.232,23.2
8.9382,24,18,6,18.974,18.43
8.9382,25,22,4,22.361,10.3
8.9382,26,25,0,25.0,0.0
8.9382,27,0,0,0.0,0.0
8.9382,28,0,0,0.0,0.0
8.9382,29,0,0,0.0,0.0
8.9382,30,0,0,0.0,0.0
8.9382,31,0,0,0.0,0.0
8.9382,32,0,0,0.0,0.0
8.9382,33,0,0,0.0,0.0
8.9382,34,0,0,0.0,0.0
8.9382,35,0,0,0.0,0.0
8.9382,36,0,0,0.0,0.0
8.9382,37,0,-12,12.0,-90.0
8.9382,38,-3,-8,8.544,-110.56
8.9382,39,-6,-2,6.325,-161.57
8.9382,40,-8,3,8.544,159.44
8.9382,41,-13,5,13.928,158.96
8.9382,42,-16,9,18.358,150.64
8.9382,43,-21,9,22.847,156.8
8.9382,44,-26,11,28.231,157.07
8.9382,45,-32,10,33.526,162.65
8.9382,46,-34,9,35.171,165.17
8.9382,47,-37,9,38.079,166.33
8.9382,48,-36,6,36.497,170.54
8.9382,49,-36,6,36.497,170.54
8.9382,50,-35,5,35.355,171.87
8.9382,51,-32,4,32.249,172.87
8.9382,52,-26,6,26.683,167.01
8.9382,53,-20,7,21.19,160.71
8.9382,54,-14,10,17.205,144.46
8.9382,55,-9,17,19.235,117.9
8.9382,56,-2,18,18.111,96.34
8.9382,57,-2,25,25.08,94.57
8.9382,58,0,29,29.0,90.0
8.9382,59,-4,33,33.242,96.91
8.9382,60,-4,34,34.234,96.71
8.9382,61,-8,39,39.812,101.59
8.9382,62,-11,33,34.785,108.43
8.9598,0,-79,27,83.487,161.13
8.9598,1,0,19,19.0,90.0
8.9598,2,20,20,28.284,45.0
8.9598,3,14,14,19.799,45.0
8.9598,4,16,10,18.868,32.01
8.9598,5,8,2,8.246,14.04
8.9598,6,9,-4,9.849,-23.96
8.9598,7,8,-7,10.63,-41.19
8.9598,8,7,-12,13.892,-59.74
8.9598,9,11,-13,17.029,-49.76
8.9598,10,13,-14,19.105,-47.12
8.9598,11,18,-12,21.633,-33.69
8.9598,12,23,-13,26.42,-29.48
8.9598,13,24,-10,26.0,-22.62
8.9598,14,27,-10,28.792,-20.32
8.9598,15,27,-9,28.46,-18.43
8.9598,16,28,-7,28.862,-14.04
8.9598,17,25,-6,25.71,-13.5
8.9598,18,22,-5,22.561,-12.8
8.9598,19,18,-8,19.698,-23.96
8.9598,20,15,-8,17.0,-28.07
8.9598,21,11,-12,16.279,-47.49
8.9598,22,7,-16,17.464,-66.37
8.9598,23,5,-20,20.616,-75.96
8.9598,24,5,-24,24.515,-78.23
8.9598,25,4,-27,27.295,-81.57
8.9598,26,3,0,3.0,0.0
8.9598,27,0,0,0.0,0.0
8.9598,28,0,0,0.0,0.0
8.9598,29,0,0,0.0,0.0
8.9598,30,0,0,0.0,0.0
8.9598,31,0,0,0.0,0.0
8.9598,32,0,0,0.0,0.0
8.9598,33,0,0,0.0,0.0
8.9598,34,0,0,0.0,0.0
8.9598,35,0,0,0.0,0.0
8.9598,36,0,0,0.0,0.0
8.9598,37,0,0,0.0,0.0
8.9598,38,-12,3,12.369,165.96
8.9598,39,-8,7,10.63,138.81
8.9598,40,-5,12,13.0,112.62
8.9598,41,-2,17,17.117,96.71
8.9598,42,-1,22,22.023,92.6
8.9598,43,1,27,27.019,87.88
8.9598,44,2,30,30.067,86.19
8.9598,45,2,36,36.056,86.82
8.9598,46,0,37,37.0,90.0
8.9598,47,-1,37,37.014,91.55
8.9598,48,-2,36,36.056,93.18
8.9598,49,-4,35,35.228,96.52
8.9598,50,-5,30,30.414,99.46
8.9598,51,-4,26,26.306,98.75
8.9598,52,-4,19,19.416,101.89
8.9598,53,0,15,15.0,90.0
8.9598,54,3,10,10.44,73.3
8.9598,55,9,8,12.042,41.63
8.9598,56,13,8,15.264,31.61
8.9598,57,19,9,21.024,25.35
8.9598,58,25,9,26.571,19.8
8.9598,59,29,14,32.202,25.77
8.9598,60,33,17,37.121,27.26
8.9598,61,31,18,35.847,30.14
8.9598,62,35,20,40.311,29.74
8.9848,0,-95,25,98.234,165.26
8.9848,1,0,-28,28.0,-90.0
8.9848,2,-9,-24,25.632,-110.56
8.9848,3,-7,-19,20.248,-110.22
8.9848,4,-6,-14,15.232,-113.2
8.9848,5,-5,-9,10.296,-119.05
8.9848,6,-7,-7,9.899,-135.0
8.9848,7,-10,-3,10.44,-163.3
8.9848,8,-12,-2,12.166,-170.54
8.9848,9,-14,-1,14.036,-175.91
8.9848,10,-20,-1,20.025,-177.14
8.9848,11,-22,-3,22.204,-172.23
8.9848,12,-24,-7,25.0,-163.74
8.9848,13,-26,-8,27.203,-162.9
8.9848,14,-23,-11,25.495,-154.44
8.9848,15,-25,-10,26.926,-158.2
8.9848,16,-23,-10,25.08,-156.5
8.9848,17,-21,-9,22.847,-156.8
8.9848,18,-18,-7,19.313,-158.75
8.9848,19,-17,-5,17.72,-163.61
8.9848,20,-15,-2,15.133,-172.41
8.9848,21,-14,2,14.142,171.87
8.9848,22,-14,4,14.56,164.05
8.9848,23,-15,8,17.0,151.93
8.9848,24,-17,11,20.248,147.09
8.9848,25,-18,13,22.204,144.16
8.9848,26,-19,0,19.0,180.0
8.9848,27,0,0,0.0,0.0
8.9848,28,0,0,0.0,0.0
8.9848,29,0,0,0.0,0.0
8.9848,30,0,0,0.0,0.0
8.9848,31,0,0,0.0,0.0
8.9848,32,0,0,0.0,0.0
8.9848,33,0,0,0.0,0.0
8.9848,34,0,0,0.0,0.0
8.9848,35,0,0,0.0,0.0
8.9848,36,0,0,0.0,0.0
8.9848,37,0,3,3.0,90.0
8.9848,38,10,0,10.0,0.0
8.9848,39,9,-4,9.849,-23.96
8.9848,40,6,-9,10.817,-56.31
8.9848,41,5,-14,14.866,-70.35
8.9848,42,4,-18,18.439,-77.47
8.9848,43,5,-23,23.537,-77.74
8.9848,44,6,-26,26.683,-77.01
8.9848,45,7,-29,29.833,-76.43
8.9848,46,9,-32,33.242,-74.29
8.9848,47,12,-31,33.242,-68.84
8.9848,48,13,-30,32.696,-66.57
8.9848,49,14,-27,30.414,-62.59
8.9848,50,14,-25,28.653,-60.75
8.9848,51,12,-21,24.187,-60.26
8.9848,52,11,-17,20.248,-57.09
8.9848,53,6,-15,16.155,-68.2
8.9848,54,2,-12,12.166,-80.54
8.9848,55,-4,-11,11.705,-109.98
8.9848,56,-9,-12,15.0,-126.87
8.9848,57,-13,-14,19.105,-132.88
8.9848,58,-20,-16,25.612,-141.34
8.9848,59,-22,-22,31.113,-135.0
8.9848,60,-20,-25,32.016,-128.66
8.9848,61,-22,-27,34.828,-129.17
8.9848,62,-21,-30,36.62,-124.99
9.0371,0,-32,11,33.838,161.03
9.0371,1,0,-3,3.0,-90.0
9.0371,2,31,-4,31.257,-7.35
9.0371,3,24,-2,24.083,-4.76
9.0371,4,19,-4,19.416,-11.89
9.0371,5,12,-5,13.0,-22.62
9.0371,6,9,-10,13.454,-48.01
9.0371,7,5,-13,13.928,-68.96
9.0371,8,2,-16,16.125,-82.87
9.0371,9,2,-19,19.105,-83.99
9.0371,10,2,-23,23.087,-85.03
9.0371,11,2,-27,27.074,-85.76
9.0371,12,3,-28,28.16,-83.88
9.0371,13,6,-27,27.659,-77.47
9.0371,14,8,-29,30.083,-74.58
9.0371,15,12,-27,29.547,-66.04
9.0371,16,11,-25,27.313,-66.25
9.0371,17,10,-20,22.361,-63.43
9.0371,18,10,-19,21.471,-62.24
9.0371,19,7,-16,17.464,-66.37
9.0371,20,3,-16,16.279,-79.38
9.0371,21,0,-16,16.0,-90.0
9.0371,22,-7,-15,16.553,-115.02
9.0371,23,-9,-16,18.358,-119.36
9.0371,24,-13,-17,21.401,-127.41
9.0371,25,-16,-18,24.083,-131.63
9.0371,26,-20,0,20.0,180.0
9.0371,27,0,0,0.0,0.0
9.0371,28,0,0,0.0,0.0
9.0371,29,0,0,0.0,0.0
9.0371,30,0,0,0.0,0.0
9.0371,31,0,0,0.0,0.0
9.0371,32,0,0,0.0,0.0
9.0371,33,0,0,0.0,0.0
9.0371,34,0,0,0.0,0.0
9.0371,35,0,0,0.0,0.0
9.0371,36,0,0,0.0,0.0
9.0371,37,0,7,7.0,90.0
9.0371,38,-10,7,12.207,145.01
9.0371,39,-5,7,8.602,125.54
9.0371,40,0,8,8.0,90.0
9.0371,41,6,11,12.53,61.39
9.0371,42,11,14,17.804,51.84
9.0371,43,17,17,24.042,45.0
9.0371,44,20,20,28.284,45.0
9.0371,45,22,24,32.558,47.49
9.0371,46,25,27,36.797,47.2
9.0371,47,25,29,38.288,49.24
9.0371,48,25,28,37.537,48.24
9.0371,49,23,27,35.468,49.57
9.0371,50,21,23,31.145,47.6
9.0371,51,18,20,26.907,48.01
9.0371,52,15,13,19.849,40.91
9.0371,53,12,8,14.422,33.69
9.0371,54,11,1,11.045,5.19
9.0371,55,11,-6,12.53,-28.61
9.0371,56,13,-10,16.401,-37.57
9.0371,57,16,-12,20.0,-36.87
9.0371,58,22,-16,27.203,-36.03
9.0371,59,25,-20,32.016,-38.66
9.0371,60,29,-17,33.615,-30.38
9.0371,61,31,-16,34.886,-27.3
9.0371,62,40,-12,41.761,-16.7
9.0795,0,17,16,23.345,43.26
9.0795,1,0,6,6.0,90.0
9.0795,2,-32,5,32.388,171.12
9.0795,3,-27,4,27.295,171.57
9.0795,4,-21,3,21.213,171.87
9.0795,5,-14,7,15.652,153.43
9.0795,6,-11,7,13.038,147.53
9.0795,7,-9,10,13.454,131.99
9.0795,8,-2,14,14.142,98.13
9.0795,9,2,19,19.105,83.99
9.0795,10,-2,26,26.077,94.4
9.0795,11,-5,24,24.515,101.77
9.0795,12,-3,26,26.173,96.58
9.0795,13,-7,29,29.833,103.57
9.0795,14,-6,27,27.659,102.53
9.0795,15,-9,30,31.321,106.7
9.0795,16,-12,24,26.833,116.57
9.0795,17,-10,21,23.259,115.46
9.0795,18,-8,20,21.541,111.8
9.0795,19,-7,17,18.385,112.38
9.0795,20,-4,16,16.492,104.04
9.0795,21,1,14,14.036,85.91
9.0795,22,4,14,14.56,74.05
9.0795,23,9,15,17.493,59.04
9.0795,24,12,16,20.0,53.13
9.0795,25,18,17,24.759,43.36
9.0795,26,20,0,20.0,0.0
9.0795,27,0,0,0.0,0.0
9.0795,28,0,0,0.0,0.0
9.0795,29,0,0,0.0,0.0
9.0795,30,0,0,0.0,0.0
9.0795,31,0,0,0.0,0.0
9.0795,32,0,0,0.0,0.0
9.0795,33,0,0,0.0,0.0
9.0795,34,0,0,0.0,0.0
9.0795,35,0,0,0.0,0.0
9.0795,36,0,0,0.0,0.0
9.0795,37,0,-10,10.0,-90.0
9.0795,38,9,-8,12.042,-41.63
9.0795,39,2,-8,8.246,-75.96
9.0795,40,-3,-8,8.544,-110.56
9.0795,41,-9,-9,12.728,-135.0
9.0795,42,-15,-12,19.209,-141.34
9.0795,43,-21,-15,25.807,-144.46
9.0795,44,-24,-19,30.61,-141.63
9.0795,45,-29,-21,35.805,-144.09
9.0795,46,-31,-25,39.825,-141.12
9.0795,47,-31,-27,41.11,-138.95
9.0795,48,-30,-26,39.699,-139.09
9.0795,49,-30,-25,39.051,-140.19
9.0795,50,-27,-24,36.125,-138.37
9.0795,51,-23,-19,29.833,-140.44
9.0795,52,-19,-12,22.472,-147.72
9.0795,53,-15,-7,16.553,-154.98
9.0795,54,-14,1,14.036,175.91
9.0795,55,-12,7,13.892,149.74
9.0795,56,-14,12,18.439,139.4
9.0795,57,-14,15,20.518,133.03
9.0795,58,-20,22,29.732,132.27
9.0795,59,-24,22,32.558,137.49
9.0795,60,-28,21,35.0,143.13
9.0795,61,-31,20,36.892,147.17
9.0795,62,-35,18,39.357,152.78
9.1133,0,-79,25,82.861,162.44
9.1133,1,0,28,28.0,90.0
9.1133,2,-12,25,27.731,115.64
9.1133,3,-13,17,21.401,127.41
9.1133,4,-11,13,17.029,130.24
9.1133,5,-7,11,13.038,122.47
9.1133,6,-1,9,9.055,96.34
9.1133,7,2,7,7.28,74.05
9.1133,8,8,9,12.042,48.37
9.1133,9,13,9,15.811,34.7
9.1133,10,15,14,20.518,43.03
9.1133,11,16,18,24.083,48.37
9.1133,12,17,22,27.803,52.31
9.1133,13,18,22,28.425,50.71
9.1133,14,17,23,28.601,53.53
9.1133,15,14,25,28.653,60.75
9.1133,16,12,22,25.06,61.39
9.1133,17,11,21,23.707,62.35
9.1133,18,10,18,20.591,60.95
9.1133,19,11,13,17.029,49.76
9.1133,20,11,9,14.213,39.29
9.1133,21,12,6,13.416,26.57
9.1133,22,14,2,14.142,8.13
9.1133,23,16,-1,16.031,-3.58
9.1133,24,19,-3,19.235,-8.97
9.1133,25,23,-6,23.77,-14.62
9.1133,26,26,0,26.0,0.0
9.1133,27,0,0,0.0,0.0
9.1133,28,0,0,0.0,0.0
9.1133,29,0,0,0.0,0.0
9.1133,30,0,0,0.0,0.0
9.1133,31,0,0,0.0,0.0
9.1133,32,0,0,0.0,0.0
9.1133,33,0,0,0.0,0.0
9.1133,34,0,0,0.0,0.0
9.1133,35,0,0,0.0,0.0
9.1133,36,0,0,0.0,0.0
9.1133,37,0,-13,13.0,-90.0
9.1133,38,-4,-8,8.944,-116.57
9.1133,39,-6,-3,6.708,-153.43
9.1133,40,-9,2,9.22,167.47
9.1133,41,-12,6,13.416,153.43
9.1133,42,-15,10,18.028,146.31
9.1133,43,-20,10,22.361,153.43
9.1133,44,-26,12,28.636,155.22
9.1133,45,-30,12,32.311,158.2
9.1133,46,-35,11,36.688,162.55
9.1133,47,-37,10,38.328,164.88
9.1133,48,-38,8,38.833,168.11
9.1133,49,-38,5,38.328,172.5
9.1133,50,-36,5,36.346,172.09
9.1133,51,-31,5,31.401,170.84
9.1133,52,-24,4,24.331,170.54
9.1133,53,-19,8,20.616,157.17
9.1133,54,-12,10,15.62,140.19
9.1133,55,-7,15,16.553,115.02
9.1133,56,-3,17,17.263,100.01
9.1133,57,2,24,24.083,85.24
9.1133,58,2,31,31.064,86.31
9.1133,59,5,34,34.366,81.63
9.1133,60,-1,36,36.014,91.59
9.1133,61,0,37,37.0,90.0
9.1133,62,-3,41,41.11,94.18
9.1431,0,32,6,32.558,10.62
9.1431,1,0,-24,24.0,-90.0
9.1431,2,15,-22,26.627,-55.71
9.1431,3,16,-16,22.627,-45.0
9.1431,4,13,-12,17.692,-42.71
9.1431,5,8,-9,12.042,-48.37
9.1431,6,5,-7,8.602,-54.46
9.1431,7,-2,-9,9.22,-102.53
9.1431,8,-5,-10,11.18,-116.57
9.1431,9,-10,-11,14.866,-132.27
9.1431,10,-13,-14,19.105,-132.88
9.1431,11,-14,-16,21.26,-131.19
9.1431,12,-15,-19,24.207,-128.29
9.1431,13,-16,-21,26.401,-127.3
9.1431,14,-15,-23,27.459,-123.11
9.1431,15,-14,-22,26.077,-122.47
9.1431,16,-12,-22,25.06,-118.61
9.1431,17,-11,-20,22.825,-118.81
9.1431,18,-9,-17,19.235,-117.9
9.1431,19,-10,-14,17.205,-125.54
9.1431,20,-10,-10,14.142,-135.0
9.1431,21,-12,-8,14.422,-146.31
9.1431,22,-13,-4,13.601,-162.9
9.1431,23,-15,-3,15.297,-168.69
9.1431,24,-17,1,17.029,176.63
9.1431,25,-20,2,20.1,174.29
9.1431,26,-24,0,24.0,180.0
9.1431,27,0,0,0.0,0.0
9.1431,28,0,0,0.0,0.0
9.1431,29,0,0,0.0,0.0
9.1431,30,0,0,0.0,0.0
9.1431,31,0,0,0.0,0.0
9.1431,32,0,0,0.0,0.0
9.1431,33,0,0,0.0,0.0
9.1431,34,0,0,0.0,0.0
9.1431,35,0,0,0.0,0.0
9.1431,36,0,0,0.0,0.0
9.1431,37,0,9,9.0,90.0
9.1431,38,-2,5,5.385,111.8
9.1431,39,1,2,2.236,63.43
9.1431,40,5,0,5.0,0.0
9.1431,41,8,-2,8.246,-14.04
9.1431,42,13,-4,13.601,-17.1
9.1431,43,18,-5,18.682,-15.52
9.1431,44,24,-4,24.331,-9.46
9.1431,45,27,-3,27.166,-6.34
9.1431,46,31,-1,31.016,-1.85
9.1431,47,34,0,34.0,0.0
9.1431,48,35,1,35.014,1.64
9.1431,49,33,3,33.136,5.19
9.1431,50,31,3,31.145,5.53
9.1431,51,28,2,28.071,4.09
9.1431,52,22,1,22.023,2.6
9.1431,53,18,-2,18.111,-6.34
9.1431,54,13,-6,14.318,-24.78
9.1431,55,8,-11,13.601,-53.97
9.1431,56,5,-18,18.682,-74.48
9.1431,57,2,-22,22.091,-84.81
9.1431,58,4,-26,26.306,-81.25
9.1431,59,3,-29,29.155,-84.09
9.1431,60,5,-34,34.366,-81.63
9.1431,61,5,-34,34.366,-81.63
9.1431,62,12,-35,37.0,-71.08
9.1658,0,-96,8,96.333,175.24
9.1658,1,0,5,5.0,90.0
9.1658,2,29,6,29.614,11.69
9.1658,3,24,3,24.187,7.13
9.1658,4,20,1,20.025,2.86
9.1658,5,13,-2,13.153,-8.75
9.1658,6,9,-5,10.296,-29.05
9.1658,7,8,-12,14.422,-56.31
9.1658,8,4,-16,16.492,-75.96
9.1658,9,6,-18,18.974,-71.57
9.1658,10,3,-21,21.213,-81.87
9.1658,11,7,-22,23.087,-72.35
9.1658,12,11,-25,27.313,-66.25
9.1658,13,11,-26,28.231,-67.07
9.1658,14,13,-23,26.42,-60.52
9.1658,15,16,-21,26.401,-52.7
9.1658,16,15,-20,25.0,-53.13
9.1658,17,17,-19,25.495,-48.18
9.1658,18,14,-17,22.023,-50.53
9.1658,19,10,-16,18.868,-57.99
9.1658,20,8,-16,17.889,-63.43
9.1658,21,4,-16,16.492,-75.96
9.1658,22,-1,-18,18.028,-93.18
9.1658,23,-5,-20,20.616,-104.04
9.1658,24,-6,-21,21.84,-105.95
9.1658,25,-10,-21,23.259,-115.46
9.1658,26,-12,0,12.0,180.0
9.1658,27,0,0,0.0,0.0
9.1658,28,0,0,0.0,0.0
9.1658,29,0,0,0.0,0.0
9.1658,30,0,0,0.0,0.0
9.1658,31,0,0,0.0,0.0
9.1658,32,0,0,0.0,0.0
9.1658,33,0,0,0.0,0.0
9.1658,34,0,0,0.0,0.0
9.1658,35,0,0,0.0,0.0
9.1658,36,0,0,0.0,0.0
9.1658,37,0,4,4.0,90.0
9.1658,38,-10,5,11.18,153.43
9.1658,39,-6,6,8.485,135.0
9.1658,40,-1,9,9.055,96.34
9.1658,41,3,12,12.369,75.96
9.1658,42,7,16,17.464,66.37
9.1658,43,11,21,23.707,62.35
9.1658,44,14,25,28.653,60.75
9.1658,45,15,29,32.65,62.65
9.1658,46,15,32,35.341,64.89
9.1658,47,16,34,37.577,64.8
9.1658,48,14,32,34.928,66.37
9.1658,49,13,32,34.54,67.89
9.1658,50,12,28,30.463,66.8
9.1658,51,10,23,25.08,66.5
9.1658,52,8,17,18.788,64.8
9.1658,53,7,12,13.892,59.74
9.1658,54,7,6,9.22,40.6
9.1658,55,9,0,9.0,0.0
9.1658,56,14,-2,14.142,-8.13
9.1658,57,17,-7,18.385,-22.38
9.1658,58,21,-6,21.84,-15.95
9.1658,59,25,-9,26.571,-19.8
9.1658,60,31,-7,31.78,-12.72
9.1658,61,33,-3,33.136,-5.19
9.1658,62,36,0,36.0,0.0
9.1912,0,-108,71,129.248,146.68
9.1912,1,0,-32,32.0,-90.0
9.1912,2,8,-27,28.16,-73.5
9.1912,3,7,-20,21.19,-70.71
9.1912,4,3,-14,14.318,-77.91
9.1912,5,1,-11,11.045,-84.81
9.1912,6,-1,-8,8.062,-97.13
9.1912,7,-2,-6,6.325,-108.43
9.1912,8,-8,-8,11.314,-135.0
9.1912,9,-10,-6,11.662,-149.04
9.1912,10,-16,-8,17.889,-153.43
9.1912,11,-22,-12,25.06,-151.39
9.1912,12,-20,-17,26.249,-139.64
9.1912,13,-21,-20,29.0,-136.4
9.1912,14,-18,-21,27.659,-130.6
9.1912,15,-20,-20,28.284,-135.0
9.1912,16,-16,-21,26.401,-127.3
9.1912,17,-18,-18,25.456,-135.0
9.1912,18,-15,-15,21.213,-135.0
9.1912,19,-13,-12,17.692,-137.29
9.1912,20,-12,-9,15.0,-143.13
9.1912,21,-15,-7,16.553,-154.98
9.1912,22,-16,-3,16.279,-169.38
9.1912,23,-18,1,18.028,176.82
9.1912,24,-19,4,19.416,168.11
9.1912,25,-22,5,22.561,167.2
9.1912,26,-23,0,23.0,180.0
9.1912,27,0,0,0.0,0.0
9.1912,28,0,0,0.0,0.0
9.1912,29,0,0,0.0,0.0
9.1912,30,0,0,0.0,0.0
9.1912,31,0,0,0.0,0.0
9.1912,32,0,0,0.0,0.0
9.1912,33,0,0,0.0,0.0
9.1912,34,0,0,0.0,0.0
9.1912,35,0,0,0.0,0.0
9.1912,36,0,0,0.0,0.0
9.1912,37,0,7,7.0,90.0
9.1912,38,5,4,6.403,38.66
9.1912,39,7,-1,7.071,-8.13
9.1912,40,7,-6,9.22,-40.6
9.1912,41,10,-9,13.454,-41.99
9.1912,42,12,-14,18.439,-49.4
9.1912,43,14,-16,21.26,-48.81
9.1912,44,19,-18,26.173,-43.45
9.1912,45,23,-18,29.206,-38.05
9.1912,46,27,-19,33.015,-35.13
9.1912,47,31,-18,35.847,-30.14
9.1912,48,31,-16,34.886,-27.3
9.1912,49,31,-15,34.438,-25.82
9.1912,50,30,-12,32.311,-21.8
9.1912,51,27,-11,29.155,-22.17
9.1912,52,23,-8,24.352,-19.18
9.1912,53,15,-10,18.028,-33.69
9.1912,54,11,-11,15.556,-45.0
9.1912,55,5,-14,14.866,-70.35
9.1912,56,0,-18,18.0,-90.0
9.1912,57,-3,-23,23.195,-97.43
9.1912,58,-5,-28,28.443,-100.12
9.1912,59,-7,-34,34.713,-101.63
9.1912,60,-7,-37,37.656,-100.71
9.1912,61,-5,-37,37.336,-97.7
9.1912,62,-2,-37,37.054,-93.09
9.2368,0,32,6,32.558,10.62
9.2368,1,0,8,8.0,90.0
9.2368,2,30,9,31.321,16.7
9.2368,3,23,6,23.77,14.62
9.2368,4,15,3,15.297,11.31
9.2368,5,14,0,14.0,0.0
9.2368,6,9,-6,10.817,-33.69
9.2368,7,7,-9,11.402,-52.13
9.2368,8,5,-13,13.928,-68.96
9.2368,9,6,-15,16.155,-68.2
9.2368,10,7,-18,19.313,-68.75
9.2368,11,10,-17,19.723,-59.53
9.2368,12,13,-19,23.022,-55.62
9.2368,13,15,-17,22.672,-48.58
9.2368,14,17,-16,23.345,-43.26
9.2368,15,18,-14,22.804,-37.87
9.2368,16,19,-14,23.601,-36.38
9.2368,17,18,-12,21.633,-33.69
9.2368,18,17,-12,20.809,-35.22
9.2368,19,13,-11,17.029,-40.24
9.2368,20,9,-11,14.213,-50.71
9.2368,21,5,-13,13.928,-68.96
9.2368,22,2,-15,15.133,-82.41
9.2368,23,-1,-17,17.029,-93.37
9.2368,24,-3,-20,20.224,-98.53
9.2368,25,-6,-23,23.77,-104.62
9.2368,26,-8,0,8.0,180.0
9.2368,27,0,0,0.0,0.0
9.2368,28,0,0,0.0,0.0
9.2368,29,0,0,0.0,0.0
9.2368,30,0,0,0.0,0.0
9.2368,31,0,0,0.0,0.0
9.2368,32,0,0,0.0,0.0
9.2368,33,0,0,0.0,0.0
9.2368,34,0,0,0.0,0.0
9.2368,35,0,0,0.0,0.0
9.2368,36,0,0,0.0,0.0
9.2368,37,0,3,3.0,90.0
9.2368,38,-10,5,11.18,153.43
9.2368,39,-6,7,9.22,130.6
9.2368,40,-2,9,9.22,102.53
9.2368,41,2,12,12.166,80.54
9.2368,42,6,17,18.028,70.56
9.2368,43,10,21,23.259,64.54
9.2368,44,11,25,27.313,66.25
9.2368,45,13,28,30.871,65.1
9.2368,46,14,31,34.015,65.7
9.2368,47,13,31,33.615,67.25
9.2368,48,12,31,33.242,68.84
9.2368,49,10,30,31.623,71.57
9.2368,50,9,26,27.514,70.91
9.2368,51,7,21,22.136,71.57
9.2368,52,6,15,16.155,68.2
9.2368,53,7,9,11.402,52.13
9.2368,54,8,4,8.944,26.57
9.2368,55,10,0,10.0,0.0
9.2368,56,14,-3,14.318,-12.09
9.2368,57,19,-5,19.647,-14.74
9.2368,58,23,-6,23.77,-14.62
9.2368,59,25,-6,25.71,-13.5
9.2368,60,31,-3,31.145,-5.53
9.2368,61,35,-1,35.014,-1.64
9.2368,62,37,5,37.336,7.7
9.2573,0,-47,30,55.758,147.45
9.2573,1,0,17,17.0,90.0
9.2573,2,26,15,30.017,29.98
9.2573,3,20,14,24.413,34.99
9.2573,4,15,8,17.0,28.07
9.2573,5,12,3,12.369,14.04
9.2573,6,10,-3,10.44,-16.7
9.2573,7,10,-4,10.77,-21.8
9.2573,8,11,-9,14.213,-39.29
9.2573,9,11,-11,15.556,-45.0
9.2573,10,14,-12,18.439,-40.6
9.2573,11,16,-13,20.616,-39.09
9.2573,12,19,-12,22.472,-32.28
9.2573,13,21,-12,24.187,-29.74
9.2573,14,22,-9,23.77,-22.25
9.2573,15,23,-10,25.08,-23.5
9.2573,16,24,-9,25.632,-20.56
9.2573,17,22,-8,23.409,-19.98
9.2573,18,21,-7,22.136,-18.43
9.2573,19,17,-9,19.235,-27.9
9.2573,20,13,-11,17.029,-40.24
9.2573,21,11,-14,17.804,-51.84
9.2573,22,8,-17,18.788,-64.8
9.2573,23,5,-19,19.647,-75.26
9.2573,24,4,-23,23.345,-80.13
9.2573,25,3,-25,25.179,-83.16
9.2573,26,2,0,2.0,0.0
9.2573,27,0,0,0.0,0.0
9.2573,28,0,0,0.0,0.0
9.2573,29,0,0,0.0,0.0
9.2573,30,0,0,0.0,0.0
9.2573,31,0,0,0.0,0.0
9.2573,32,0,0,0.0,0.0
9.2573,33,0,0,0.0,0.0
9.2573,34,0,0,0.0,0.0
9.2573,35,0,0,0.0,0.0
9.2573,36,0,0,0.0,0.0
9.2573,37,0,0,0.0,0.0
9.2573,38,-12,2,12.166,170.54
9.2573,39,-7,5,8.602,144.46
9.2573,40,-5,9,10.296,119.05
9.2573,41,-1,14,14.036,94.09
9.2573,42,0,19,19.0,90.0
9.2573,43,2,23,23.087,85.03
9.2573,44,3,27,27.166,83.66
9.2573,45,2,31,31.064,86.31
9.2573,46,2,33,33.061,86.53
9.2573,47,1,33,33.015,88.26
9.2573,48,-2,33,33.061,93.47
9.2573,49,-3,31,31.145,95.53
9.2573,50,-4,27,27.295,98.43
9.2573,51,-4,22,22.361,100.3
9.2573,52,-3,17,17.263,100.01
9.2573,53,-2,12,12.166,99.46
9.2573,54,3,8,8.544,69.44
9.2573,55,6,4,7.211,33.69
9.2573,56,10,3,10.44,16.7
9.2573,57,16,3,16.279,10.62
9.2573,58,19,7,20.248,20.22
9.2573,59,27,6,27.659,12.53
9.2573,60,31,12,33.242,21.16
9.2573,61,32,12,34.176,20.56
9.2573,62,35,15,38.079,23.2
9.3005,0,-48,7,48.508,171.7
9.3005,1,0,-21,21.0,-90.0
9.3005,2,21,-17,27.019,-38.99
9.3005,3,19,-16,24.839,-40.1
9.3005,4,14,-11,17.804,-38.16
9.3005,5,9,-9,12.728,-45.0
9.3005,6,4,-11,11.705,-70.02
9.3005,7,0,-11,11.0,-90.0
9.3005,8,-4,-15,15.524,-104.93
9.3005,9,-8,-17,18.788,-115.2
9.3005,10,-9,-18,20.125,-116.57
9.3005,11,-8,-23,24.352,-109.18
9.3005,12,-7,-26,26.926,-105.07
9.3005,13,-7,-27,27.893,-104.53
9.3005,14,-4,-27,27.295,-98.43
9.3005,15,-2,-25,25.08,-94.57
9.3005,16,-2,-25,25.08,-94.57
9.3005,17,-2,-22,22.091,-95.19
9.3005,18,-1,-19,19.026,-93.01
9.3005,19,-3,-17,17.263,-100.01
9.3005,20,-5,-14,14.866,-109.65
9.3005,21,-9,-13,15.811,-124.7
9.3005,22,-12,-12,16.971,-135.0
9.3005,23,-13,-12,17.692,-137.29
9.3005,24,-16,-12,20.0,-143.13
9.3005,25,-19,-10,21.471,-152.24
9.3005,26,-22,0,22.0,180.0
9.3005,27,0,0,0.0,0.0
9.3005,28,0,0,0.0,0.0
9.3005,29,0,0,0.0,0.0
9.3005,30,0,0,0.0,0.0
9.3005,31,0,0,0.0,0.0
9.3005,32,0,0,0.0,0.0
9.3005,33,0,0,0.0,0.0
9.3005,34,0,0,0.0,0.0
9.3005,35,0,0,0.0,0.0
9.3005,36,0,0,0.0,0.0
9.3005,37,0,10,10.0,90.0
9.3005,38,0,6,6.0,90.0
9.3005,39,3,3,4.243,45.0
9.3005,40,5,0,5.0,0.0
9.3005,41,10,-2,10.198,-11.31
9.3005,42,15,-4,15.524,-14.93
9.3005,43,19,-4,19.416,-11.89
9.3005,44,23,-5,23.537,-12.26
9.3005,45,27,-3,27.166,-6.34
9.3005,46,32,-1,32.016,-1.79
9.3005,47,34,0,34.0,0.0
9.3005,48,33,1,33.015,1.74
9.3005,49,32,3,32.14,5.36
9.3005,50,31,2,31.064,3.69
9.3005,51,27,2,27.074,4.24
9.3005,52,22,1,22.023,2.6
9.3005,53,17,-3,17.263,-10.01
9.3005,54,11,-7,13.038,-32.47
9.3005,55,9,-11,14.213,-50.71
9.3005,56,4,-14,14.56,-74.05
9.3005,57,3,-22,22.204,-82.23
9.3005,58,6,-26,26.683,-77.01
9.3005,59,7,-30,30.806,-76.87
9.3005,60,10,-34,35.44,-73.61
9.3005,61,14,-36,38.626,-68.75
9.3005,62,15,-32,35.341,-64.89
9.3306,0,-15,22,26.627,124.29
9.3306,1,0,-19,19.0,-90.0
9.3306,2,26,-15,30.017,-29.98
9.3306,3,18,-14,22.804,-37.87
9.3306,4,14,-12,18.439,-40.6
9.3306,5,13,-11,17.029,-40.24
9.3306,6,4,-12,12.649,-71.57
9.3306,7,0,-14,14.0,-90.0
9.3306,8,-9,-16,18.358,-119.36
9.3306,9,-8,-19,20.616,-112.83
9.3306,10,-11,-24,26.401,-114.62
9.3306,11,-13,-27,29.967,-115.71
9.3306,12,-10,-30,31.623,-108.43
9.3306,13,-9,-31,32.28,-106.19
9.3306,14,-7,-30,30.806,-103.13
9.3306,15,-5,-30,30.414,-99.46
9.3306,16,-2,-29,29.069,-93.95
9.3306,17,-3,-26,26.173,-96.58
9.3306,18,-4,-23,23.345,-99.87
9.3306,19,-4,-20,20.396,-101.31
9.3306,20,-6,-16,17.088,-110.56
9.3306,21,-10,-12,15.62,-129.81
9.3306,22,-12,-10,15.62,-140.19
9.3306,23,-16,-9,18.358,-150.64
9.3306,24,-19,-8,20.616,-157.17
9.3306,25,-23,-6,23.77,-165.38
9.3306,26,-27,0,27.0,180.0
9.3306,27,0,0,0.0,0.0
9.3306,28,0,0,0.0,0.0
9.3306,29,0,0,0.0,0.0
9.3306,30,0,0,0.0,0.0
9.3306,31,0,0,0.0,0.0
9.3306,32,0,0,0.0,0.0
9.3306,33,0,0,0.0,0.0
9.3306,34,0,0,0.0,0.0
9.3306,35,0,0,0.0,0.0
9.3306,36,0,0,0.0,0.0
9.3306,37,0,10,10.0,90.0
9.3306,38,-4,8,8.944,116.57
9.3306,39,0,8,8.0,90.0
9.3306,40,5,-1,5.099,-11.31
9.3306,41,10,3,10.44,16.7
9.3306,42,16,2,16.125,7.13
9.3306,43,21,5,21.587,13.39
9.3306,44,27,7,27.893,14.53
9.3306,45,32,11,33.838,18.97
9.3306,46,35,12,37.0,18.92
9.3306,47,37,12,38.897,17.97
9.3306,48,37,14,39.56,20.73
9.3306,49,35,15,38.079,23.2
9.3306,50,33,13,35.468,21.5
9.3306,51,30,10,31.623,18.43
9.3306,52,24,7,25.0,16.26
9.3306,53,19,2,19.105,6.01
9.3306,54,15,-5,15.811,-18.43
9.3306,55,10,-11,14.866,-47.73
9.3306,56,11,-17,20.248,-57.09
9.3306,57,12,-24,26.833,-63.43
9.3306,58,10,-24,26.0,-67.38
9.3306,59,15,-29,32.65,-62.65
9.3306,60,15,-33,36.249,-65.56
9.3306,61,22,-30,37.202,-53.75
9.3306,62,24,-31,39.205,-52.25
9.3674,0,32,6,32.558,10.62
9.3674,1,0,3,3.0,90.0
9.3674,2,30,6,30.594,11.31
9.3674,3,22,2,22.091,5.19
9.3674,4,19,0,19.0,0.0
9.3674,5,13,-2,13.153,-8.75
9.3674,6,11,-6,12.53,-28.61
9.3674,7,6,-10,11.662,-59.04
9.3674,8,6,-13,14.318,-65.22
9.3674,9,8,-17,18.788,-64.8
9.3674,10,10,-18,20.591,-60.95
9.3674,11,13,-19,23.022,-55.62
9.3674,12,16,-18,24.083,-48.37
9.3674,13,17,-18,24.759,-46.64
9.3674,14,19,-16,24.839,-40.1
9.3674,15,23,-15,27.459,-33.11
9.3674,16,22,-14,26.077,-32.47
9.3674,17,20,-11,22.825,-28.81
9.3674,18,18,-11,21.095,-31.43
9.3674,19,15,-11,18.601,-36.25
9.3674,20,11,-11,15.556,-45.0
9.3674,21,7,-14,15.652,-63.43
9.3674,22,4,-17,17.464,-76.76
9.3674,23,1,-19,19.026,-86.99
9.3674,24,-2,-20,20.1,-95.71
9.3674,25,-4,-24,24.331,-99.46
9.3674,26,-4,0,4.0,180.0
9.3674,27,0,0,0.0,0.0
9.3674,28,0,0,0.0,0.0
9.3674,29,0,0,0.0,0.0
9.3674,30,0,0,0.0,0.0
9.3674,31,0,0,0.0,0.0
9.3674,32,0,0,0.0,0.0
9.3674,33,0,0,0.0,0.0
9.3674,34,0,0,0.0,0.0
9.3674,35,0,0,0.0,0.0
9.3674,36,0,0,0.0,0.0
9.3674,37,0,5,5.0,90.0
9.3674,38,-9,5,10.296,150.95
9.3674,39,-6,7,9.22,130.6
9.3674,40,-2,7,7.28,105.95
9.3674,41,3,9,9.487,71.57
9.3674,42,6,13,14.318,65.22
9.3674,43,9,17,19.235,62.1
9.3674,44,12,20,23.324,59.04
9.3674,45,15,23,27.459,56.89
9.3674,46,16,26,30.529,58.39
9.3674,47,15,26,30.017,60.02
9.3674,48,15,26,30.017,60.02
9.3674,49,14,23,26.926,58.67
9.3674,50,12,20,23.324,59.04
9.3674,51,10,16,18.868,57.99
9.3674,52,9,11,14.213,50.71
9.3674,53,9,5,10.296,29.05
9.3674,54,9,0,9.0,0.0
9.3674,55,12,-3,12.369,-14.04
9.3674,56,15,-7,16.553,-25.02
9.3674,57,19,-7,20.248,-20.22
9.3674,58,23,-9,24.698,-21.37
9.3674,59,28,-9,29.411,-17.82
9.3674,60,30,-7,30.806,-13.13
9.3674,61,34,-3,34.132,-5.04
9.3674,62,32,0,32.0,0.0
9.3889,0,32,8,32.985,14.04
9.3889,1,0,30,30.0,90.0
9.3889,2,-5,24,24.515,101.77
9.3889,3,-7,22,23.087,107.65
9.3889,4,-5,17,17.72,106.39
9.3889,5,-2,10,10.198,101.31
9.3889,6,-1,8,8.062,97.13
9.3889,7,7,7,9.899,45.0
9.3889,8,8,6,10.0,36.87
9.3889,9,13,8,15.264,31.61
9.3889,10,20,10,22.361,26.57
9.3889,11,22,14,26.077,32.47
9.3889,12,23,15,27.459,33.11
9.3889,13,25,18,30.806,35.75
9.3889,14,23,20,30.48,41.01
9.3889,15,22,19,29.069,40.82
9.3889,16,23,20,30.48,41.01
9.3889,17,20,19,27.586,43.53
9.3889,18,17,14,22.023,39.47
9.3889,19,18,9,20.125,26.57
9.3889,20,17,6,18.028,19.44
9.3889,21,18,4,18.439,12.53
9.3889,22,19,-1,19.026,-3.01
9.3889,23,20,-3,20.224,-8.53
9.3889,24,25,-6,25.71,-13.5
9.3889,25,26,-8,27.203,-17.1
9.3889,26,26,0,26.0,0.0
9.3889,27,0,0,0.0,0.0
9.3889,28,0,0,0.0,0.0
9.3889,29,0,0,0.0,0.0
9.3889,30,0,0,0.0,0.0
9.3889,31,0,0,0.0,0.0
9.3889,32,0,0,0.0,0.0
9.3889,33,0,0,0.0,0.0
9.3889,34,0,0,0.0,0.0
9.3889,35,0,0,0.0,0.0
9.3889,36,0,0,0.0,0.0
9.3889,37,0,-10,10.0,-90.0
9.3889,38,-6,-6,8.485,-135.0
9.3889,39,-6,-1,6.083,-170.54
9.3889,40,-7,5,8.602,144.46
9.3889,41,-9,10,13.454,131.99
9.3889,42,-12,14,18.439,130.6
9.3889,43,-16,18,24.083,131.63
9.3889,44,-21,19,28.32,137.86
9.3889,45,-26,20,32.802,142.43
9.3889,46,-31,20,36.892,147.17
9.3889,47,-33,21,39.115,147.53
9.3889,48,-33,19,38.079,150.07
9.3889,49,-34,17,38.013,153.43
9.3889,50,-34,14,36.77,157.62
9.3889,51,-30,12,32.311,158.2
9.3889,52,-25,9,26.571,160.2
9.3889,53,-19,11,21.954,149.93
9.3889,54,-13,11,17.029,139.76
9.3889,55,-7,13,14.765,118.3
9.3889,56,-1,17,17.029,93.37
9.3889,57,4,24,24.331,80.54
9.3889,58,9,32,33.242,74.29
9.3889,59,8,33,33.956,76.37
9.3889,60,10,37,38.328,74.88
9.3889,61,6,39,39.459,81.25
9.3889,62,4,37,37.216,83.83
9.4128,0,49,26,55.471,27.95
9.4128,1,0,23,23.0,90.0
9.4128,2,-21,19,28.32,137.86
9.4128,3,-19,17,25.495,138.18
9.4128,4,-14,11,17.804,141.84
9.4128,5,-14,11,17.804,141.84
9.4128,6,-7,7,9.899,135.0
9.4128,7,-2,9,9.22,102.53
9.4128,8,0,10,10.0,90.0
9.4128,9,5,13,13.928,68.96
9.4128,10,7,15,16.553,64.98
9.4128,11,10,20,22.361,63.43
9.4128,12,11,22,24.597,63.43
9.4128,13,11,23,25.495,64.44
9.4128,14,9,24,25.632,69.44
9.4128,15,7,25,25.962,74.36
9.4128,16,6,24,24.739,75.96
9.4128,17,5,22,22.561,77.2
9.4128,18,6,18,18.974,71.57
9.4128,19,7,17,18.385,67.62
9.4128,20,8,14,16.125,60.26
9.4128,21,10,12,15.62,50.19
9.4128,22,13,10,16.401,37.57
9.4128,23,15,10,18.028,33.69
9.4128,24,18,9,20.125,26.57
9.4128,25,22,7,23.087,17.65
9.4128,26,24,0,24.0,0.0
9.4128,27,0,0,0.0,0.0
9.4128,28,0,0,0.0,0.0
9.4128,29,0,0,0.0,0.0
9.4128,30,0,0,0.0,0.0
9.4128,31,0,0,0.0,0.0
9.4128,32,0,0,0.0,0.0
9.4128,33,0,0,0.0,0.0
9.4128,34,0,0,0.0,0.0
9.4128,35,0,0,0.0,0.0
9.4128,36,0,0,0.0,0.0
9.4128,37,0,-11,11.0,-90.0
9.4128,38,0,-7,7.0,-90.0
9.4128,39,0,-4,4.0,-90.0
9.4128,40,-5,0,5.0,180.0
9.4128,41,-8,3,8.544,159.44
9.4128,42,-12,5,13.0,157.38
9.4128,43,-18,6,18.974,161.57
9.4128,44,-22,7,23.087,162.35
9.4128,45,-28,6,28.636,167.91
9.4128,46,-32,3,32.14,174.64
9.4128,47,-36,2,36.056,176.82
9.4128,48,-37,1,37.014,178.45
9.4128,49,-36,-2,36.056,-176.82
9.4128,50,-36,-1,36.014,-178.41
9.4128,51,-31,-1,31.016,-178.15
9.4128,52,-27,1,27.019,177.88
9.4128,53,-21,3,21.213,171.87
9.4128,54,-16,8,17.889,153.43
9.4128,55,-10,12,15.62,129.81
9.4128,56,-9,17,19.235,117.9
9.4128,57,-5,22,22.561,102.8
9.4128,58,-5,27,27.459,100.49
9.4128,59,-8,29,30.083,105.42
9.4128,60,-10,33,34.482,106.86
9.4128,61,-12,35,37.0,108.92
9.4128,62,-13,34,36.401,110.92
9.4615,0,-128,8,128.25,176.42
9.4615,1,0,-16,16.0,-90.0
9.4615,2,27,-11,29.155,-22.17
9.4615,3,22,-7,23.087,-17.65
9.4615,4,15,-8,17.0,-28.07
9.4615,5,13,-6,14.318,-24.78
9.4615,6,9,-9,12.728,-45.0
9.4615,7,7,-11,13.038,-57.53
9.4615,8,0,-11,11.0,-90.0
9.4615,9,-2,-16,16.125,-97.13
9.4615,10,-2,-21,21.095,-95.44
9.4615,11,-4,-23,23.345,-99.87
9.4615,12,-2,-26,26.077,-94.4
9.4615,13,1,-26,26.019,-87.8
9.4615,14,2,-25,25.08,-85.43
9.4615,15,3,-26,26.173,-83.42
9.4615,16,4,-24,24.331,-80.54
9.4615,17,4,-23,23.345,-80.13
9.4615,18,4,-20,20.396,-78.69
9.4615,19,1,-19,19.026,-86.99
9.4615,20,-1,-18,18.028,-93.18
9.4615,21,-4,-18,18.439,-102.53
9.4615,22,-7,-17,18.385,-112.38
9.4615,23,-10,-17,19.723,-120.47
9.4615,24,-12,-18,21.633,-123.69
9.4615,25,-16,-19,24.839,-130.1
9.4615,26,-19,0,19.0,180.0
9.4615,27,0,0,0.0,0.0
9.4615,28,0,0,0.0,0.0
9.4615,29,0,0,0.0,0.0
9.4615,30,0,0,0.0,0.0
9.4615,31,0,0,0.0,0.0
9.4615,32,0,0,0.0,0.0
9.4615,33,0,0,0.0,0.0
9.4615,34,0,0,0.0,0.0
9.4615,35,0,0,0.0,0.0
9.4615,36,0,0,0.0,0.0
9.4615,37,0,9,9.0,90.0
9.4615,38,-7,6,9.22,139.4
9.4615,39,-3,5,5.831,120.96
9.4615,40,2,1,2.236,26.57
9.4615,41,6,0,6.0,0.0
9.4615,42,12,1,12.042,4.76
9.4615,43,18,1,18.028,3.18
9.4615,44,23,3,23.195,7.43
9.4615,45,27,6,27.659,12.53
9.4615,46,31,8,32.016,14.47
9.4615,47,34,9,35.171,14.83
9.4615,48,35,11,36.688,17.45
9.4615,49,33,13,35.468,21.5
9.4615,50,31,11,32.894,19.54
9.4615,51,28,9,29.411,17.82
9.4615,52,23,5,23.537,12.26
9.4615,53,19,0,19.0,0.0
9.4615,54,16,-4,16.492,-14.04
9.4615,55,13,-10,16.401,-37.57
9.4615,56,12,-15,19.209,-51.34
9.4615,57,12,-20,23.324,-59.04
9.4615,58,13,-22,25.554,-59.42
9.4615,59,16,-24,28.844,-56.31
9.4615,60,19,-25,31.401,-52.77
9.4615,61,25,-30,39.051,-50.19
9.4615,62,26,-21,33.422,-38.93
9.484,0,-32,1,32.016,178.21
9.484,1,0,-26,26.0,-90.0
9.484,2,-26,-24,35.384,-137.29
9.484,3,-19,-19,26.87,-135.0
9.484,4,-18,-13,22.204,-144.16
9.484,5,-15,-9,17.493,-149.04
9.484,6,-14,-5,14.866,-160.35
9.484,7,-16,1,16.031,176.42
9.484,8,-17,2,17.117,173.29
9.484,9,-20,3,20.224,171.47
9.484,10,-22,3,22.204,172.23
9.484,11,-28,1,28.018,177.95
9.484,12,-26,-3,26.173,-173.42
9.484,13,-28,-6,28.636,-167.91
9.484,14,-27,-7,27.893,-165.47
9.484,15,-24,-11,26.401,-155.38
9.484,16,-23,-14,26.926,-148.67
9.484,17,-20,-14,24.413,-145.01
9.484,18,-15,-13,19.849,-139.09
9.484,19,-10,-11,14.866,-132.27
9.484,20,-8,-9,12.042,-131.63
9.484,21,-4,-6,7.211,-123.69
9.484,22,-3,-3,4.243,-135.0
9.484,23,-3,-1,3.162,-161.57
9.484,24,-3,1,3.162,161.57
9.484,25,-5,3,5.831,149.04
9.484,26,-6,0,6.0,180.0
9.484,27,0,0,0.0,0.0
9.484,28,0,0,0.0,0.0
9.484,29,0,0,0.0,0.0
9.484,30,0,0,0.0,0.0
9.484,31,0,0,0.0,0.0
9.484,32,0,0,0.0,0.0
9.484,33,0,0,0.0,0.0
9.484,34,0,0,0.0,0.0
9.484,35,0,0,0.0,0.0
9.484,36,0,0,0.0,0.0
9.484,37,0,-14,14.0,-90.0
9.484,38,13,-15,19.849,-49.09
9.484,39,10,-16,18.868,-57.99
9.484,40,7,-19,20.248,-69.78
9.484,41,4,-19,19.416,-78.11
9.484,42,-1,-18,18.028,-93.18
9.484,43,-4,-22,22.361,-100.3
9.484,44,-7,-23,24.042,-106.93
9.484,45,-10,-27,28.792,-110.32
9.484,46,-13,-30,32.696,-113.43
9.484,47,-14,-36,38.626,-111.25
9.484,48,-17,-37,40.719,-114.68
9.484,49,-17,-35,38.91,-115.91
9.484,50,-15,-33,36.249,-114.44
9.484,51,-14,-30,33.106,-115.02
9.484,52,-12,-32,34.176,-110.56
9.484,53,-14,-22,26.077,-122.47
9.484,54,-11,-19,21.954,-120.07
9.484,55,-12,-17,20.809,-125.22
9.484,56,-15,-15,21.213,-135.0
9.484,57,-19,-13,23.022,-145.62
9.484,58,-20,-16,25.612,-141.34
9.484,59,-26,-12,28.636,-155.22
9.484,60,-25,-19,31.401,-142.77
9.484,61,-32,-25,40.608,-142.0
9.484,62,-37,-23,43.566,-148.13
9.5193,0,-79,25,82.861,162.44
9.5193,1,0,-26,26.0,-90.0
9.5193,2,-16,-24,28.844,-123.69
9.5193,3,-11,-15,18.601,-126.25
9.5193,4,-12,-14,18.439,-130.6
9.5193,5,-6,-8,10.0,-126.87
9.5193,6,-7,-3,7.616,-156.8
9.5193,7,-9,3,9.487,161.57
9.5193,8,-13,5,13.928,158.96
9.5193,9,-18,6,18.974,161.57
9.5193,10,-21,5,21.587,166.61
9.5193,11,-25,4,25.318,170.91
9.5193,12,-27,1,27.019,177.88
9.5193,13,-29,-1,29.017,-178.03
9.5193,14,-30,-3,30.15,-174.29
9.5193,15,-31,-4,31.257,-172.65
9.5193,16,-31,-6,31.575,-169.05
9.5193,17,-29,-4,29.275,-172.15
9.5193,18,-25,-2,25.08,-175.43
9.5193,19,-23,-1,23.022,-177.51
9.5193,20,-21,3,21.213,171.87
9.5193,21,-18,6,18.974,161.57
9.5193,22,-17,11,20.248,147.09
9.5193,23,-16,14,21.26,138.81
9.5193,24,-16,18,24.083,131.63
9.5193,25,-15,20,25.0,126.87
9.5193,26,-14,0,14.0,180.0
9.5193,27,0,0,0.0,0.0
9.5193,28,0,0,0.0,0.0
9.5193,29,0,0,0.0,0.0
9.5193,30,0,0,0.0,0.0
9.5193,31,0,0,0.0,0.0
9.5193,32,0,0,0.0,0.0
9.5193,33,0,0,0.0,0.0
9.5193,34,0,0,0.0,0.0
9.5193,35,0,0,0.0,0.0
9.5193,36,0,0,0.0,0.0
9.5193,37,0,3,3.0,90.0
9.5193,38,11,-2,11.18,-10.3
9.5193,39,9,-6,10.817,-33.69
9.5193,40,5,-12,13.0,-67.38
9.5193,41,4,-17,17.464,-76.76
9.5193,42,4,-22,22.361,-79.7
9.5193,43,4,-26,26.306,-81.25
9.5193,44,6,-31,31.575,-79.05
9.5193,45,8,-34,34.928,-76.76
9.5193,46,10,-37,38.328,-74.88
9.5193,47,13,-36,38.275,-70.14
9.5193,48,14,-35,37.696,-68.2
9.5193,49,15,-32,35.341,-64.89
9.5193,50,16,-28,32.249,-60.26
9.5193,51,14,-22,26.077,-57.53
9.5193,52,11,-19,21.954,-59.93
9.5193,53,9,-15,17.493,-59.04
9.5193,54,4,-13,13.601,-72.9
9.5193,55,-3,-12,12.369,-104.04
9.5193,56,-9,-12,15.0,-126.87
9.5193,57,-13,-15,19.849,-130.91
9.5193,58,-20,-15,25.0,-143.13
9.5193,59,-24,-20,31.241,-140.19
9.5193,60,-28,-23,36.235,-140.6
9.5193,61,-28,-25,37.537,-138.24
9.5193,62,-26,-28,38.21,-132.88
9.5713,0,-32,1,32.016,178.21
9.5713,1,0,34,34.0,90.0
9.5713,2,-14,29,32.202,115.77
9.5713,3,-14,24,27.785,120.26
9.5713,4,-9,17,19.235,117.9
9.5713,5,-5,15,15.811,108.43
9.5713,6,0,14,14.0,90.0
9.5713,7,5,12,13.0,67.38
9.5713,8,10,13,16.401,52.43
9.5713,9,16,14,21.26,41.19
9.5713,10,20,18,26.907,41.99
9.5713,11,26,19,32.202,36.16
9.5713,12,24,23,33.242,43.78
9.5713,13,26,25,36.069,43.88
9.5713,14,25,24,34.655,43.83
9.5713,15,21,26,33.422,51.07
9.5713,16,21,26,33.422,51.07
9.5713,17,19,21,28.32,47.86
9.5713,18,13,16,20.616,50.91
9.5713,19,10,12,15.62,50.19
9.5713,20,8,8,11.314,45.0
9.5713,21,6,4,7.211,33.69
9.5713,22,6,0,6.0,0.0
9.5713,23,5,-4,6.403,-38.66
9.5713,24,8,-7,10.63,-41.19
9.5713,25,8,-9,12.042,-48.37
9.5713,26,9,0,9.0,0.0
9.5713,27,0,0,0.0,0.0
9.5713,28,0,0,0.0,0.0
9.5713,29,0,0,0.0,0.0
9.5713,30,0,0,0.0,0.0
9.5713,31,0,0,0.0,0.0
9.5713,32,0,0,0.0,0.0
9.5713,33,0,0,0.0,0.0
9.5713,34,0,0,0.0,0.0
9.5713,35,0,0,0.0,0.0
9.5713,36,0,0,0.0,0.0
9.5713,37,0,-6,6.0,-90.0
9.5713,38,-7,-3,7.616,-156.8
9.5713,39,-9,2,9.22,167.47
9.5713,40,-13,5,13.928,158.96
9.5713,41,-18,8,19.698,156.04
9.5713,42,-19,9,21.024,154.65
9.5713,43,-20,11,22.825,151.19
9.5713,44,-24,11,26.401,155.38
9.5713,45,-25,12,27.731,154.36
9.5713,46,-29,12,31.385,157.52
9.5713,47,-29,12,31.385,157.52
9.5713,48,-34,11,35.735,162.07
9.5713,49,-33,8,33.956,166.37
9.5713,50,-28,7,28.862,165.96
9.5713,51,-24,6,24.739,165.96
9.5713,52,-19,7,20.248,159.78
9.5713,53,-18,7,19.313,158.75
9.5713,54,-10,9,13.454,138.01
9.5713,55,-7,13,14.765,118.3
9.5713,56,-3,18,18.248,99.46
9.5713,57,-1,22,22.023,92.6
9.5713,58,0,28,28.0,90.0
9.5713,59,-1,27,27.019,92.12
9.5713,60,-2,36,36.056,93.18
9.5713,61,-4,42,42.19,95.44
9.5713,62,-8,40,40.792,101.31
9.5934,0,80,2,80.025,1.43
9.5934,1,0,-23,23.0,-90.0
9.5934,2,-10,-20,22.361,-116.57
9.5934,3,-9,-14,16.643,-122.74
9.5934,4,-8,-9,12.042,-131.63
9.5934,5,-8,-5,9.434,-147.99
9.5934,6,-8,-1,8.062,-172.87
9.5934,7,-10,3,10.44,163.3
9.5934,8,-12,6,13.416,153.43
9.5934,9,-15,7,16.553,154.98
9.5934,10,-17,8,18.788,154.8
9.5934,11,-23,6,23.77,165.38
9.5934,12,-22,5,22.561,167.2
9.5934,13,-24,5,24.515,168.23
9.5934,14,-25,3,25.179,173.16
9.5934,15,-22,2,22.091,174.81
9.5934,16,-23,0,23.0,180.0
9.5934,17,-22,-1,22.023,-177.4
9.5934,18,-17,-1,17.029,-176.63
9.5934,19,-13,-1,13.038,-175.6
9.5934,20,-9,0,9.0,180.0
9.5934,21,-6,1,6.083,170.54
9.5934,22,-3,3,4.243,135.0
9.5934,23,-1,5,5.099,101.31
9.5934,24,0,6,6.0,90.0
9.5934,25,2,8,8.246,75.96
9.5934,26,2,0,2.0,0.0
9.5934,27,0,0,0.0,0.0
9.5934,28,0,0,0.0,0.0
9.5934,29,0,0,0.0,0.0
9.5934,30,0,0,0.0,0.0
9.5934,31,0,0,0.0,0.0
9.5934,32,0,0,0.0,0.0
9.5934,33,0,0,0.0,0.0
9.5934,34,0,0,0.0,0.0
9.5934,35,0,0,0.0,0.0
9.5934,36,0,0,0.0,0.0
9.5934,37,0,-1,1.0,-90.0
9.5934,38,7,-4,8.062,-29.74
9.5934,39,7,-8,10.63,-48.81
9.5934,40,7,-13,14.765,-61.7
9.5934,41,10,-15,18.028,-56.31
9.5934,42,8,-16,17.889,-63.43
9.5934,43,9,-19,21.024,-64.65
9.5934,44,10,-20,22.361,-63.43
9.5934,45,9,-21,22.847,-66.8
9.5934,46,11,-20,22.825,-61.19
9.5934,47,11,-23,25.495,-64.44
9.5934,48,14,-20,24.413,-55.01
9.5934,49,13,-17,21.401,-52.59
9.5934,50,10,-14,17.205,-54.46
9.5934,51,8,-12,14.422,-56.31
9.5934,52,6,-12,13.416,-63.43
9.5934,53,3,-8,8.544,-69.44
9.5934,54,-1,-8,8.062,-97.13
9.5934,55,-4,-9,9.849,-113.96
9.5934,56,-8,-10,12.806,-128.66
9.5934,57,-12,-12,16.971,-135.0
9.5934,58,-14,-15,20.518,-133.03
9.5934,59,-17,-15,22.672,-138.58
9.5934,60,-15,-22,26.627,-124.29
9.5934,61,-17,-26,31.064,-123.18
9.5934,62,-19,-25,31.401,-127.23
9.6224,0,64,9,64.63,8.0
9.6224,1,0,25,25.0,90.0
9.6224,2,-15,18,23.431,129.81
9.6224,3,-14,16,21.26,131.19
9.6224,4,-10,11,14.866,132.27
9.6224,5,-5,11,12.083,114.44
9.6224,6,-1,10,10.05,95.71
9.6224,7,4,11,11.705,70.02
9.6224,8,6,13,14.318,65.22
9.6224,9,10,17,19.723,59.53
9.6224,10,12,19,22.472,57.72
9.6224,11,12,22,25.06,61.39
9.6224,12,11,23,25.495,64.44
9.6224,13,11,26,28.231,67.07
9.6224,14,8,25,26.249,72.26
9.6224,15,7,24,25.0,73.74
9.6224,16,5,24,24.515,78.23
9.6224,17,6,20,20.881,73.3
9.6224,18,5,18,18.682,74.48
9.6224,19,7,15,16.553,64.98
9.6224,20,7,12,13.892,59.74
9.6224,21,10,10,14.142,45.0
9.6224,22,13,10,16.401,37.57
9.6224,23,17,10,19.723,30.47
9.6224,24,18,11,21.095,31.43
9.6224,25,22,10,24.166,24.44
9.6224,26,24,0,24.0,0.0
9.6224,27,0,0,0.0,0.0
9.6224,28,0,0,0.0,0.0
9.6224,29,0,0,0.0,0.0
9.6224,30,0,0,0.0,0.0
9.6224,31,0,0,0.0,0.0
9.6224,32,0,0,0.0,0.0
9.6224,33,0,0,0.0,0.0
9.6224,34,0,0,0.0,0.0
9.6224,35,0,0,0.0,0.0
9.6224,36,0,0,0.0,0.0
9.6224,37,0,-10,10.0,-90.0
9.6224,38,-3,-6,6.708,-116.57
9.6224,39,-4,-2,4.472,-153.43
9.6224,40,-6,2,6.325,161.57
9.6224,41,-9,6,10.817,146.31
9.6224,42,-12,10,15.62,140.19
9.6224,43,-16,11,19.416,145.49
9.6224,44,-20,12,23.324,149.04
9.6224,45,-26,12,28.636,155.22
9.6224,46,-30,11,31.953,159.86
9.6224,47,-33,12,35.114,160.02
9.6224,48,-33,9,34.205,164.74
9.6224,49,-33,7,33.734,168.02
9.6224,50,-32,6,32.558,169.38
9.6224,51,-28,5,28.443,169.88
9.6224,52,-25,6,25.71,166.5
9.6224,53,-19,8,20.616,157.17
9.6224,54,-15,11,18.601,143.75
9.6224,55,-9,16,18.358,119.36
9.6224,56,-7,19,20.248,110.22
9.6224,57,-4,24,24.331,99.46
9.6224,58,-5,29,29.428,99.78
9.6224,59,-4,32,32.249,97.13
9.6224,60,-6,34,34.525,100.01
9.6224,61,-8,34,34.928,103.24
9.6224,62,-13,35,37.336,110.38
9.6709,0,-111,27,114.237,166.33
9.6709,1,0,24,24.0,90.0
9.6709,2,17,18,24.759,46.64
9.6709,3,14,16,21.26,48.81
9.6709,4,10,10,14.142,45.0
9.6709,5,10,6,11.662,30.96
9.6709,6,10,1,10.05,5.71
9.6709,7,10,-3,10.44,-16.7
9.6709,8,11,-5,12.083,-24.44
9.6709,9,17,-6,18.028,-19.44
9.6709,10,20,-5,20.616,-14.04
9.6709,11,22,-3,22.204,-7.77
9.6709,12,25,-3,25.179,-6.84
9.6709,13,28,0,28.0,0.0
9.6709,14,28,2,28.071,4.09
9.6709,15,28,3,28.16,6.12
9.6709,16,26,4,26.306,8.75
9.6709,17,25,3,25.179,6.84
9.6709,18,22,-1,22.023,-2.6
9.6709,19,20,-1,20.025,-2.86
9.6709,20,17,-3,17.263,-10.01
9.6709,21,16,-8,17.889,-26.57
9.6709,22,15,-12,19.209,-38.66
9.6709,23,15,-14,20.518,-43.03
9.6709,24,17,-16,23.345,-43.26
9.6709,25,17,-19,25.495,-48.18
9.6709,26,18,0,18.0,0.0
9.6709,27,0,0,0.0,0.0
9.6709,28,0,0,0.0,0.0
9.6709,29,0,0,0.0,0.0
9.6709,30,0,0,0.0,0.0
9.6709,31,0,0,0.0,0.0
9.6709,32,0,0,0.0,0.0
9.6709,33,0,0,0.0,0.0
9.6709,34,0,0,0.0,0.0
9.6709,35,0,0,0.0,0.0
9.6709,36,0,0,0.0,0.0
9.6709,37,0,-2,2.0,-90.0
9.6709,38,-11,0,11.0,180.0
9.6709,39,-7,3,7.616,156.8
9.6709,40,-3,8,8.544,110.56
9.6709,41,-1,13,13.038,94.4
9.6709,42,1,18,18.028,86.82
9.6709,43,3,23,23.195,82.57
9.6709,44,3,29,29.155,84.09
9.6709,45,2,32,32.062,86.42
9.6709,46,0,36,36.0,90.0
9.6709,47,-2,35,35.057,93.27
9.6709,48,-3,37,37.121,94.64
9.6709,49,-5,32,32.388,98.88
9.6709,50,-6,29,29.614,101.69
9.6709,51,-7,25,25.962,105.64
9.6709,52,-5,21,21.587,103.39
9.6709,53,-3,17,17.263,100.01
9.6709,54,1,13,13.038,85.6
9.6709,55,6,11,12.53,61.39
9.6709,56,11,9,14.213,39.29
9.6709,57,15,11,18.601,36.25
9.6709,58,22,14,26.077,32.47
9.6709,59,23,16,28.018,34.82
9.6709,60,27,20,33.601,36.53
9.6709,61,25,25,35.355,45.0
9.6709,62,27,24,36.125,41.63
9.6924,0,32,6,32.558,10.62
9.6924,1,0,23,23.0,90.0
9.6924,2,-21,18,27.659,139.4
9.6924,3,-17,16,23.345,136.74
9.6924,4,-14,11,17.804,141.84
9.6924,5,-9,11,14.213,129.29
9.6924,6,-5,9,10.296,119.05
9.6924,7,1,9,9.055,83.66
9.6924,8,5,12,13.0,67.38
9.6924,9,8,17,18.788,64.8
9.6924,10,11,18,21.095,58.57
9.6924,11,14,24,27.785,59.74
9.6924,12,13,25,28.178,62.53
9.6924,13,12,26,28.636,65.22
9.6924,14,9,25,26.571,70.2
9.6924,15,8,27,28.16,73.5
9.6924,16,6,26,26.683,77.01
9.6924,17,8,22,23.409,70.02
9.6924,18,6,20,20.881,73.3
9.6924,19,7,15,16.553,64.98
9.6924,20,8,12,14.422,56.31
9.6924,21,11,11,15.556,45.0
9.6924,22,12,10,15.62,39.81
9.6924,23,16,8,17.889,26.57
9.6924,24,18,8,19.698,23.96
9.6924,25,22,8,23.409,19.98
9.6924,26,24,0,24.0,0.0
9.6924,27,0,0,0.0,0.0
9.6924,28,0,0,0.0,0.0
9.6924,29,0,0,0.0,0.0
9.6924,30,0,0,0.0,0.0
9.6924,31,0,0,0.0,0.0
9.6924,32,0,0,0.0,0.0
9.6924,33,0,0,0.0,0.0
9.6924,34,0,0,0.0,0.0
9.6924,35,0,0,0.0,0.0
9.6924,36,0,0,0.0,0.0
9.6924,37,0,-11,11.0,-90.0
9.6924,38,1,-7,7.071,-81.87
9.6924,39,-2,-2,2.828,-135.0
9.6924,40,-5,0,5.0,180.0
9.6924,41,-9,2,9.22,167.47
9.6924,42,-14,5,14.866,160.35
9.6924,43,-19,6,19.925,162.47
9.6924,44,-24,5,24.515,168.23
9.6924,45,-30,5,30.414,170.54
9.6924,46,-33,2,33.061,176.53
9.6924,47,-38,1,38.013,178.49
9.6924,48,-38,-1,38.013,-178.49
9.6924,49,-37,-2,37.054,-176.91
9.6924,50,-36,-3,36.125,-175.24
9.6924,51,-32,-2,32.062,-176.42
9.6924,52,-28,-1,28.018,-177.95
9.6924,53,-22,2,22.091,174.81
9.6924,54,-17,7,18.385,157.62
9.6924,55,-12,12,16.971,135.0
9.6924,56,-10,16,18.868,122.01
9.6924,57,-7,22,23.087,107.65
9.6924,58,-7,28,28.862,104.04
9.6924,59,-7,31,31.78,102.72
9.6924,60,-10,34,35.44,106.39
9.6924,61,-14,36,38.626,111.25
9.6924,62,-14,34,36.77,112.38
9.7357,0,65,16,66.94,13.83
9.7357,1,0,10,10.0,90.0
9.7357,2,-30,6,30.594,168.69
9.7357,3,-24,2,24.083,175.24
9.7357,4,-20,3,20.224,171.47
9.7357,5,-15,8,17.0,151.93
9.7357,6,-10,10,14.142,135.0
9.7357,7,-6,14,15.232,113.2
9.7357,8,-4,19,19.416,101.89
9.7357,9,-2,21,21.095,95.44
9.7357,10,-4,23,23.345,99.87
9.7357,11,-6,25,25.71,103.5
9.7357,12,-9,26,27.514,109.09
9.7357,13,-11,27,29.155,112.17
9.7357,14,-14,25,28.653,119.25
9.7357,15,-15,24,28.302,122.01
9.7357,16,-15,22,26.627,124.29
9.7357,17,-14,19,23.601,126.38
9.7357,18,-12,17,20.809,125.22
9.7357,19,-10,15,18.028,123.69
9.7357,20,-8,15,17.0,118.07
9.7357,21,-3,17,17.263,100.01
9.7357,22,1,18,18.028,86.82
9.7357,23,3,20,20.224,81.47
9.7357,24,6,21,21.84,74.05
9.7357,25,8,23,24.352,70.82
9.7357,26,9,0,9.0,0.0
9.7357,27,0,0,0.0,0.0
9.7357,28,0,0,0.0,0.0
9.7357,29,0,0,0.0,0.0
9.7357,30,0,0,0.0,0.0
9.7357,31,0,0,0.0,0.0
9.7357,32,0,0,0.0,0.0
9.7357,33,0,0,0.0,0.0
9.7357,34,0,0,0.0,0.0
9.7357,35,0,0,0.0,0.0
9.7357,36,0,0,0.0,0.0
9.7357,37,0,-11,11.0,-90.0
9.7357,38,5,-10,11.18,-63.43
9.7357,39,2,-7,7.28,-74.05
9.7357,40,-3,-6,6.708,-116.57
9.7357,41,-8,-6,10.0,-143.13
9.7357,42,-14,-6,15.232,-156.8
9.7357,43,-19,-8,20.616,-157.17
9.7357,44,-25,-9,26.571,-160.2
9.7357,45,-29,-12,31.385,-157.52
9.7357,46,-32,-16,35.777,-153.43
9.7357,47,-35,-17,38.91,-154.09
9.7357,48,-34,-18,38.471,-152.1
9.7357,49,-34,-18,38.471,-152.1
9.7357,50,-31,-18,35.847,-149.86
9.7357,51,-28,-15,31.765,-151.82
9.7357,52,-25,-10,26.926,-158.2
9.7357,53,-20,-5,20.616,-165.96
9.7357,54,-17,1,17.029,176.63
9.7357,55,-17,6,18.028,160.56
9.7357,56,-16,11,19.416,145.49
9.7357,57,-17,16,23.345,136.74
9.7357,58,-21,20,29.0,136.4
9.7357,59,-26,21,33.422,141.07
9.7357,60,-29,19,34.67,146.77
9.7357,61,-33,22,39.661,146.31
9.7357,62,-37,17,40.719,155.32
9.7653,0,-32,1,32.016,178.21
9.7653,1,0,-21,21.0,-90.0
9.7653,2,-2,-28,28.071,-94.09
9.7653,3,-5,-27,27.459,-100.49
9.7653,4,4,-22,22.361,-79.7
9.7653,5,9,-21,22.847,-66.8
9.7653,6,11,-19,21.954,-59.93
9.7653,7,12,-12,16.971,-45.0
9.7653,8,10,-11,14.866,-47.73
9.7653,9,13,-2,13.153,-8.75
9.7653,10,3,2,3.606,33.69
9.7653,11,0,4,4.0,90.0
9.7653,12,-1,11,11.045,95.19
9.7653,13,-5,12,13.0,112.62
9.7653,14,-5,12,13.0,112.62
9.7653,15,-8,14,16.125,119.74
9.7653,16,-11,14,17.804,128.16
9.7653,17,-14,12,18.439,139.4
9.7653,18,-16,8,17.889,153.43
9.7653,19,-14,6,15.232,156.8
9.7653,20,-16,7,17.464,156.37
9.7653,21,-14,5,14.866,160.35
9.7653,22,-14,7,15.652,153.43
9.7653,23,-14,6,15.232,156.8
9.7653,24,-10,7,12.207,145.01
9.7653,25,-10,7,12.207,145.01
9.7653,26,-7,0,7.0,180.0
9.7653,27,0,0,0.0,0.0
9.7653,28,0,0,0.0,0.0
9.7653,29,0,0,0.0,0.0
9.7653,30,0,0,0.0,0.0
9.7653,31,0,0,0.0,0.0
9.7653,32,0,0,0.0,0.0
9.7653,33,0,0,0.0,0.0
9.7653,34,0,0,0.0,0.0
9.7653,35,0,0,0.0,0.0
9.7653,36,0,0,0.0,0.0
9.7653,37,0,3,3.0,90.0
9.7653,38,-1,3,3.162,108.43
9.7653,39,1,1,1.414,45.0
9.7653,40,3,1,3.162,18.43
9.7653,41,4,2,4.472,26.57
9.7653,42,6,5,7.81,39.81
9.7653,43,7,9,11.402,52.13
9.7653,44,9,11,14.213,50.71
9.7653,45,12,16,20.0,53.13
9.7653,46,15,19,24.207,51.71
9.7653,47,20,22,29.732,47.73
9.7653,48,27,21,34.205,37.87
9.7653,49,28,20,34.409,35.54
9.7653,50,28,15,31.765,28.18
9.7653,51,25,13,28.178,27.47
9.7653,52,20,8,21.541,21.8
9.7653,53,24,3,24.187,7.13
9.7653,54,13,-4,13.601,-17.1
9.7653,55,9,-7,11.402,-37.87
9.7653,56,0,-13,13.0,-90.0
9.7653,57,-6,-16,17.088,-110.56
9.7653,58,-14,-23,26.926,-121.33
9.7653,59,-20,-22,29.732,-132.27
9.7653,60,-20,-31,36.892,-122.83
9.7653,61,-23,-25,33.971,-132.61
9.7653,62,-25,-23,33.971,-137.39
9.7834,0,-96,6,96.187,176.42
9.7834,1,0,-26,26.0,-90.0
9.7834,2,6,-23,23.77,-75.38
9.7834,3,4,-17,17.464,-76.76
9.7834,4,1,-16,16.031,-86.42
9.7834,5,1,-11,11.045,-84.81
9.7834,6,-4,-9,9.849,-113.96
9.7834,7,-7,-11,13.038,-122.47
9.7834,8,-11,-7,13.038,-147.53
9.7834,9,-16,-10,18.868,-147.99
9.7834,10,-18,-12,21.633,-146.31
9.7834,11,-19,-16,24.839,-139.9
9.7834,12,-20,-18,26.907,-138.01
9.7834,13,-22,-20,29.732,-137.73
9.7834,14,-20,-20,28.284,-135.0
9.7834,15,-18,-21,27.659,-130.6
9.7834,16,-17,-19,25.495,-131.82
9.7834,17,-16,-18,24.083,-131.63
9.7834,18,-14,-14,19.799,-135.0
9.7834,19,-12,-10,15.62,-140.19
9.7834,20,-12,-7,13.892,-149.74
9.7834,21,-13,-4,13.601,-162.9
9.7834,22,-13,-2,13.153,-171.25
9.7834,23,-15,0,15.0,180.0
9.7834,24,-17,3,17.263,169.99
9.7834,25,-20,4,20.396,168.69
9.7834,26,-22,0,22.0,180.0
9.7834,27,0,0,0.0,0.0
9.7834,28,0,0,0.0,0.0
9.7834,29,0,0,0.0,0.0
9.7834,30,0,0,0.0,0.0
9.7834,31,0,0,0.0,0.0
9.7834,32,0,0,0.0,0.0
9.7834,33,0,0,0.0,0.0
9.7834,34,0,0,0.0,0.0
9.7834,35,0,0,0.0,0.0
9.7834,36,0,0,0.0,0.0
9.7834,37,0,7,7.0,90.0
9.7834,38,2,3,3.606,56.31
9.7834,39,3,-1,3.162,-18.43
9.7834,40,4,-5,6.403,-51.34
9.7834,41,6,-8,10.0,-53.13
9.7834,42,8,-12,14.422,-56.31
9.7834,43,12,-14,18.439,-49.4
9.7834,44,15,-16,21.932,-46.85
9.7834,45,21,-17,27.019,-38.99
9.7834,46,24,-17,29.411,-35.31
9.7834,47,27,-16,31.385,-30.65
9.7834,48,28,-15,31.765,-28.18
9.7834,49,29,-12,31.385,-22.48
9.7834,50,26,-10,27.857,-21.04
9.7834,51,24,-10,26.0,-22.62
9.7834,52,20,-10,22.361,-26.57
9.7834,53,14,-10,17.205,-35.54
9.7834,54,10,-12,15.62,-50.19
9.7834,55,4,-14,14.56,-74.05
9.7834,56,1,-17,17.029,-86.63
9.7834,57,-3,-22,22.204,-97.77
9.7834,58,-8,-26,27.203,-107.1
9.7834,59,-7,-28,28.862,-104.04
9.7834,60,-8,-34,34.928,-103.24
9.7834,61,-5,-36,36.346,-97.91
9.7834,62,-4,-33,33.242,-96.91
9.8478,0,-96,6,96.187,176.42
9.8478,1,0,-29,29.0,-90.0
9.8478,2,5,-23,23.537,-77.74
9.8478,3,4,-20,20.396,-78.69
9.8478,4,3,-16,16.279,-79.38
9.8478,5,-2,-12,12.166,-99.46
9.8478,6,-3,-10,10.44,-106.7
9.8478,7,-7,-11,13.038,-122.47
9.8478,8,-9,-11,14.213,-129.29
9.8478,9,-15,-11,18.601,-143.75
9.8478,10,-18,-16,24.083,-138.37
9.8478,11,-19,-17,25.495,-138.18
9.8478,12,-19,-18,26.173,-136.55
9.8478,13,-19,-22,29.069,-130.82
9.8478,14,-18,-23,29.206,-128.05
9.8478,15,-17,-21,27.019,-128.99
9.8478,16,-15,-20,25.0,-126.87
9.8478,17,-12,-19,22.472,-122.28
9.8478,18,-12,-15,19.209,-128.66
9.8478,19,-11,-13,17.029,-130.24
9.8478,20,-11,-10,14.866,-137.73
9.8478,21,-11,-7,13.038,-147.53
9.8478,22,-12,-4,12.649,-161.57
9.8478,23,-16,-1,16.031,-176.42
9.8478,24,-17,-1,17.029,-176.63
9.8478,25,-21,0,21.0,180.0
9.8478,26,-22,0,22.0,180.0
9.8478,27,0,0,0.0,0.0
9.8478,28,0,0,0.0,0.0
9.8478,29,0,0,0.0,0.0
9.8478,30,0,0,0.0,0.0
9.8478,31,0,0,0.0,0.0
9.8478,32,0,0,0.0,0.0
9.8478,33,0,0,0.0,0.0
9.8478,34,0,0,0.0,0.0
9.8478,35,0,0,0.0,0.0
9.8478,36,0,0,0.0,0.0
9.8478,37,0,8,8.0,90.0
9.8478,38,4,3,5.0,36.87
9.8478,39,3,0,3.0,0.0
9.8478,40,4,-5,6.403,-51.34
9.8478,41,6,-9,10.817,-56.31
9.8478,42,8,-13,15.264,-58.39
9.8478,43,10,-16,18.868,-57.99
9.8478,44,15,-17,22.672,-48.58
9.8478,45,18,-18,25.456,-45.0
9.8478,46,22,-19,29.069,-40.82
9.8478,47,25,-19,31.401,-37.23
9.8478,48,27,-16,31.385,-30.65
9.8478,49,27,-14,30.414,-27.41
9.8478,50,27,-12,29.547,-23.96
9.8478,51,24,-10,26.0,-22.62
9.8478,52,20,-9,21.932,-24.23
9.8478,53,15,-10,18.028,-33.69
9.8478,54,10,-11,14.866,-47.73
9.8478,55,5,-12,13.0,-67.38
9.8478,56,0,-16,16.0,-90.0
9.8478,57,-5,-20,20.616,-104.04
9.8478,58,-6,-24,24.739,-104.04
9.8478,59,-8,-27,28.16,-106.5
9.8478,60,-8,-32,32.985,-104.04
9.8478,61,-5,-31,31.401,-99.16
9.8478,62,-5,-34,34.366,-98.37
9.8881,0,-96,6,96.187,176.42
9.8881,1,0,-15,15.0,-90.0
9.8881,2,22,-14,26.077,-32.47
9.8881,3,19,-10,21.471,-27.76
9.8881,4,15,-10,18.028,-33.69
9.8881,5,11,-9,14.213,-39.29
9.8881,6,6,-11,12.53,-61.39
9.8881,7,2,-12,12.166,-80.54
9.8881,8,-2,-17,17.117,-96.71
9.8881,9,-4,-19,19.416,-101.89
9.8881,10,-2,-22,22.091,-95.19
9.8881,11,-4,-26,26.306,-98.75
9.8881,12,0,-26,26.0,-90.0
9.8881,13,-2,-27,27.074,-94.24
9.8881,14,1,-26,26.019,-87.8
9.8881,15,2,-26,26.077,-85.6
9.8881,16,4,-25,25.318,-80.91
9.8881,17,4,-21,21.378,-79.22
9.8881,18,3,-19,19.235,-81.03
9.8881,19,1,-16,16.031,-86.42
9.8881,20,-1,-13,13.038,-94.4
9.8881,21,-4,-14,14.56,-105.95
9.8881,22,-8,-13,15.264,-121.61
9.8881,23,-10,-13,16.401,-127.57
9.8881,24,-12,-13,17.692,-132.71
9.8881,25,-17,-13,21.401,-142.59
9.8881,26,-18,0,18.0,180.0
9.8881,27,0,0,0.0,0.0
9.8881,28,0,0,0.0,0.0
9.8881,29,0,0,0.0,0.0
9.8881,30,0,0,0.0,0.0
9.8881,31,0,0,0.0,0.0
9.8881,32,0,0,0.0,0.0
9.8881,33,0,0,0.0,0.0
9.8881,34,0,0,0.0,0.0
9.8881,35,0,0,0.0,0.0
9.8881,36,0,0,0.0,0.0
9.8881,37,0,7,7.0,90.0
9.8881,38,-5,5,7.071,135.0
9.8881,39,-2,4,4.472,116.57
9.8881,40,2,3,3.606,56.31
9.8881,41,6,2,6.325,18.43
9.8881,42,11,3,11.402,15.26
9.8881,43,16,4,16.492,14.04
9.8881,44,20,7,21.19,19.29
9.8881,45,25,8,26.249,17.74
9.8881,46,26,12,28.636,24.78
9.8881,47,28,12,30.463,23.2
9.8881,48,29,15,32.65,27.35
9.8881,49,28,14,31.305,26.57
9.8881,50,25,13,28.178,27.47
9.8881,51,23,11,25.495,25.56
9.8881,52,19,8,20.616,22.83
9.8881,53,15,3,15.297,11.31
9.8881,54,12,-2,12.166,-9.46
9.8881,55,10,-9,13.454,-41.99
9.8881,56,9,-13,15.811,-55.3
9.8881,57,10,-18,20.591,-60.95
9.8881,58,13,-20,23.854,-56.98
9.8881,59,14,-24,27.785,-59.74
9.8881,60,18,-25,30.806,-54.25
9.8881,61,20,-24,31.241,-50.19
9.8881,62,21,-21,29.698,-45.0
9.904,0,-32,9,33.242,164.29
9.904,1,0,18,18.0,90.0
9.904,2,-31,14,34.015,155.7
9.904,3,-25,12,27.731,154.36
9.904,4,-20,8,21.541,158.2
9.904,5,-15,7,16.553,154.98
9.904,6,-9,7,11.402,142.13
9.904,7,-4,10,10.77,111.8
9.904,8,-1,10,10.05,95.71
9.904,9,7,14,15.652,63.43
9.904,10,7,18,19.313,68.75
9.904,11,10,19,21.471,62.24
9.904,12,10,25,26.926,68.2
9.904,13,11,26,28.231,67.07
9.904,14,11,27,29.155,67.83
9.904,15,8,26,27.203,72.9
9.904,16,6,26,26.683,77.01
9.904,17,8,23,24.352,70.82
9.904,18,6,19,19.925,72.47
9.904,19,7,15,16.553,64.98
9.904,20,8,10,12.806,51.34
9.904,21,12,5,13.0,22.62
9.904,22,13,2,13.153,8.75
9.904,23,18,0,18.0,0.0
9.904,24,21,-1,21.024,-2.73
9.904,25,25,-5,25.495,-11.31
9.904,26,28,0,28.0,0.0
9.904,27,0,0,0.0,0.0
9.904,28,0,0,0.0,0.0
9.904,29,0,0,0.0,0.0
9.904,30,0,0,0.0,0.0
9.904,31,0,0,0.0,0.0
9.904,32,0,0,0.0,0.0
9.904,33,0,0,0.0,0.0
9.904,34,0,0,0.0,0.0
9.904,35,0,0,0.0,0.0
9.904,36,0,0,0.0,0.0
9.904,37,0,-3,3.0,-90.0
9.904,38,10,-2,10.198,-11.31
9.904,39,5,-1,5.099,-11.31
9.904,40,-1,1,1.414,135.0
9.904,41,-6,-2,6.325,-161.57
9.904,42,-11,-2,11.18,-169.7
9.904,43,-17,-5,17.72,-163.61
9.904,44,-24,-7,25.0,-163.74
9.904,45,-28,-11,30.083,-158.55
9.904,46,-31,-12,33.242,-158.84
9.904,47,-34,-14,36.77,-157.62
9.904,48,-34,-15,37.162,-156.19
9.904,49,-32,-15,35.341,-154.89
9.904,50,-30,-13,32.696,-156.57
9.904,51,-27,-12,29.547,-156.04
9.904,52,-21,-7,22.136,-161.57
9.904,53,-18,-2,18.111,-173.66
9.904,54,-14,6,15.232,156.8
9.904,55,-13,9,15.811,145.3
9.904,56,-11,17,20.248,122.91
9.904,57,-12,23,25.942,117.55
9.904,58,-15,27,30.887,119.05
9.904,59,-16,30,34.0,118.07
9.904,60,-20,32,37.736,122.01
9.904,61,-21,32,38.275,123.27
9.904,62,-27,29,39.623,132.95
9.9553,0,-32,1,32.016,178.21
9.9553,1,0,-41,41.0,-90.0
9.9553,2,-16,-39,42.154,-112.31
9.9553,3,-16,-39,42.154,-112.31
9.9553,4,-10,-30,31.623,-108.43
9.9553,5,-5,-27,27.459,-100.49
9.9553,6,-8,-22,23.409,-109.98
9.9553,7,-6,-17,18.028,-109.44
9.9553,8,-10,-12,15.62,-129.81
9.9553,9,-13,-6,14.318,-155.22
9.9553,10,-13,0,13.0,180.0
9.9553,11,-19,-2,19.105,-173.99
9.9553,12,-22,1,22.023,177.4
9.9553,13,-28,3,28.16,173.88
9.9553,14,-30,4,30.265,172.41
9.9553,15,-29,3,29.155,174.09
9.9553,16,-34,5,34.366,171.63
9.9553,17,-36,3,36.125,175.24
9.9553,18,-32,2,32.062,176.42
9.9553,19,-28,3,28.16,173.88
9.9553,20,-27,3,27.166,173.66
9.9553,21,-22,4,22.361,169.7
9.9553,22,-19,4,19.416,168.11
9.9553,23,-17,6,18.028,160.56
9.9553,24,-14,8,16.125,150.26
9.9553,25,-10,9,13.454,138.01
9.9553,26,-7,0,7.0,180.0
9.9553,27,0,0,0.0,0.0
9.9553,28,0,0,0.0,0.0
9.9553,29,0,0,0.0,0.0
9.9553,30,0,0,0.0,0.0
9.9553,31,0,0,0.0,0.0
9.9553,32,0,0,0.0,0.0
9.9553,33,0,0,0.0,0.0
9.9553,34,0,0,0.0,0.0
9.9553,35,0,0,0.0,0.0
9.9553,36,0,0,0.0,0.0
9.9553,37,0,5,5.0,90.0
9.9553,38,0,2,2.0,90.0
9.9553,39,0,-2,2.0,-90.0
9.9553,40,1,-6,6.083,-80.54
9.9553,41,5,-9,10.296,-60.95
9.9553,42,7,-12,13.892,-59.74
9.9553,43,10,-16,18.868,-57.99
9.9553,44,14,-16,21.26,-48.81
9.9553,45,17,-20,26.249,-49.64
9.9553,46,21,-20,29.0,-43.6
9.9553,47,24,-22,32.558,-42.51
9.9553,48,32,-22,38.833,-34.51
9.9553,49,33,-19,38.079,-29.93
9.9553,50,31,-16,34.886,-27.3
9.9553,51,28,-14,31.305,-26.57
9.9553,52,24,-14,27.785,-30.26
9.9553,53,24,-8,25.298,-18.43
9.9553,54,17,-6,18.028,-19.44
9.9553,55,8,-10,12.806,-51.34
9.9553,56,6,-10,11.662,-59.04
9.9553,57,-2,-12,12.166,-99.46
9.9553,58,-6,-15,16.155,-111.8
9.9553,59,-13,-13,18.385,-135.0
9.9553,60,-14,-24,27.785,-120.26
9.9553,61,-15,-32,35.341,-115.11
9.9553,62,-20,-35,40.311,-119.74
