timestamp,subcarrier_index,I,Q,magnitude,phase
0.0498,0,23,113,115.317,78.5
0.0498,1,17,0,17.0,0.0
0.0498,2,5,13,13.928,68.96
0.0498,3,6,34,34.525,79.99
0.0498,4,20,22,29.732,47.73
0.0498,5,15,22,26.627,55.71
0.0498,6,10,9,13.454,41.99
0.0498,7,11,31,32.894,70.46
0.0498,8,12,10,15.62,39.81
0.0498,9,5,32,32.388,81.12
0.0498,10,6,8,10.0,53.13
0.0498,11,5,21,21.587,76.61
0.0498,12,15,16,21.932,46.85
0.0498,13,13,20,23.854,56.98
0.0498,14,10,16,18.868,57.99
0.0498,15,8,20,21.541,68.2
0.0498,16,-3,16,16.279,100.62
0.0498,17,16,22,27.203,53.97
0.0498,18,7,8,10.63,48.81
0.0498,19,7,12,13.892,59.74
0.0498,20,5,17,17.72,73.61
0.0498,21,5,14,14.866,70.35
0.0498,22,5,23,23.537,77.74
0.0498,23,10,19,21.471,62.24
0.0498,24,5,16,16.763,72.65
0.0498,25,12,18,21.633,56.31
0.0498,26,8,12,14.422,56.31
0.0498,27,0,0,0.0,0.0
0.0498,28,0,0,0.0,0.0
0.0498,29,0,0,0.0,0.0
0.0498,30,0,0,0.0,0.0
0.0498,31,0,0,0.0,0.0
0.0498,32,0,0,0.0,0.0
0.0498,33,0,0,0.0,0.0
0.0498,34,0,0,0.0,0.0
0.0498,35,0,0,0.0,0.0
0.0498,36,0,0,0.0,0.0
0.0498,37,0,0,0.0,0.0
0.0498,38,12,16,20.0,53.13
0.0498,39,13,14,19.105,47.12
0.0498,40,13,12,17.692,42.71
0.0498,41,5,15,15.811,71.57
0.0498,42,4,14,14.56,74.05
0.0498,43,7,23,24.042,73.07
0.0498,44,8,19,20.616,67.17
0.0498,45,11,18,21.095,58.57
0.0498,46,7,14,15.652,63.43
0.0498,47,14,30,33.106,64.98
0.0498,48,3,24,24.187,82.87
0.0498,49,6,20,20.881,73.3
0.0498,50,10,22,24.166,65.56
0.0498,51,4,26,26.306,81.25
0.0498,52,5,21,21.587,76.61
0.0498,53,6,17,18.028,70.56
0.0498,54,9,15,17.493,59.04
0.0498,55,5,25,25.495,78.69
0.0498,56,11,20,22.825,61.19
0.0498,57,11,25,27.313,66.25
0.0498,58,12,19,22.472,57.72
0.0498,59,18,9,20.125,26.57
0.0498,60,12,19,22.472,57.72
0.0498,61,-4,34,34.234,96.71
0.0498,62,2,18,18.111,83.66
0.0498,63,0,18,18.0,90.0
0.1519,0,23,113,115.317,78.5
0.1519,1,17,0,17.0,0.0
0.1519,2,4,-3,5.0,-36.87
0.1519,3,-4,41,41.195,95.57
0.1519,4,-3,15,15.297,101.31
0.1519,5,6,13,14.318,65.22
0.1519,6,7,21,22.136,71.57
0.1519,7,3,17,17.263,79.99
0.1519,8,-3,19,19.235,98.97
0.1519,9,0,23,23.0,90.0
0.1519,10,-8,25,26.249,107.74
0.1519,11,9,16,18.358,60.64
0.1519,12,-2,14,14.142,98.13
0.1519,13,6,21,21.84,74.05
0.1519,14,4,20,20.396,78.69
0.1519,15,5,25,25.495,78.69
0.1519,16,-2,18,18.111,96.34
0.1519,17,-7,23,24.042,106.93
0.1519,18,4,8,8.944,63.43
0.1519,19,-15,14,20.518,136.97
0.1519,20,-3,14,14.318,102.09
0.1519,21,-6,16,17.088,110.56
0.1519,22,-7,15,16.553,115.02
0.1519,23,-5,8,9.434,122.01
0.1519,24,-9,11,14.213,129.29
0.1519,25,-13,15,19.849,130.91
0.1519,26,-4,7,8.062,119.74
0.1519,27,0,0,0.0,0.0
0.1519,28,0,0,0.0,0.0
0.1519,29,0,0,0.0,0.0
0.1519,30,0,0,0.0,0.0
0.1519,31,0,0,0.0,0.0
0.1519,32,0,0,0.0,0.0
0.1519,33,0,0,0.0,0.0
0.1519,34,0,0,0.0,0.0
0.1519,35,0,0,0.0,0.0
0.1519,36,0,0,0.0,0.0
0.1519,37,0,0,0.0,0.0
0.1519,38,19,-11,21.954,-30.07
0.1519,39,16,-9,18.358,-29.36
0.1519,40,17,-6,18.028,-19.44
0.1519,41,14,-5,14.866,-19.65
0.1519,42,17,-3,17.263,-10.01
0.1519,43,24,0,24.0,0.0
0.1519,44,22,8,23.409,19.98
0.1519,45,16,2,16.125,7.13
0.1519,46,22,-5,22.561,-12.8
0.1519,47,22,-2,22.091,-5.19
0.1519,48,19,10,21.471,27.76
0.1519,49,19,11,21.954,30.07
0.1519,50,18,12,21.633,33.69
0.1519,51,13,19,23.022,55.62
0.1519,52,10,13,16.401,52.43
0.1519,53,17,15,22.672,41.42
0.1519,54,0,8,8.0,90.0
0.1519,55,18,14,22.804,37.87
0.1519,56,0,17,17.0,90.0
0.1519,57,23,27,35.468,49.57
0.1519,58,7,10,12.207,55.01
0.1519,59,14,8,16.125,29.74
0.1519,60,18,15,23.431,39.81
0.1519,61,8,-1,8.062,-7.13
0.1519,62,-15,15,21.213,135.0
0.1519,63,16,33,36.674,64.13
0.2571,0,23,113,115.317,78.5
0.2571,1,17,0,17.0,0.0
0.2571,2,19,-9,21.024,-25.35
0.2571,3,-4,-9,9.849,-113.96
0.2571,4,-1,-19,19.026,-93.01
0.2571,5,8,-6,10.0,-36.87
0.2571,6,-1,-6,6.083,-99.46
0.2571,7,3,-10,10.44,-73.3
0.2571,8,4,-12,12.649,-71.57
0.2571,9,7,-19,20.248,-69.78
0.2571,10,1,-21,21.024,-87.27
0.2571,11,0,-10,10.0,-90.0
0.2571,12,7,-22,23.087,-72.35
0.2571,13,-2,-21,21.095,-95.44
0.2571,14,-4,-14,14.56,-105.95
0.2571,15,1,-17,17.029,-86.63
0.2571,16,-2,-14,14.142,-98.13
0.2571,17,0,-25,25.0,-90.0
0.2571,18,3,-20,20.224,-81.47
0.2571,19,-10,-17,19.723,-120.47
0.2571,20,-1,-11,11.045,-95.19
0.2571,21,-8,-15,17.0,-118.07
0.2571,22,-2,-6,6.325,-108.43
0.2571,23,-2,-12,12.166,-99.46
0.2571,24,-7,-11,13.038,-122.47
0.2571,25,-5,-16,16.763,-107.35
0.2571,26,-8,-13,15.264,-121.61
0.2571,27,0,0,0.0,0.0
0.2571,28,0,0,0.0,0.0
0.2571,29,0,0,0.0,0.0
0.2571,30,0,0,0.0,0.0
0.2571,31,0,0,0.0,0.0
0.2571,32,0,0,0.0,0.0
0.2571,33,0,0,0.0,0.0
0.2571,34,0,0,0.0,0.0
0.2571,35,0,0,0.0,0.0
0.2571,36,0,0,0.0,0.0
0.2571,37,0,0,0.0,0.0
0.2571,38,13,0,13.0,0.0
0.2571,39,17,1,17.029,3.37
0.2571,40,17,3,17.263,10.01
0.2571,41,14,1,14.036,4.09
0.2571,42,15,-1,15.033,-3.81
0.2571,43,16,-1,16.031,-3.58
0.2571,44,15,3,15.297,11.31
0.2571,45,14,-2,14.142,-8.13
0.2571,46,18,-2,18.111,-6.34
0.2571,47,20,4,20.396,11.31
0.2571,48,15,-5,15.811,-18.43
0.2571,49,19,-3,19.235,-8.97
0.2571,50,18,-9,20.125,-26.57
0.2571,51,23,-1,23.022,-2.49
0.2571,52,23,0,23.0,0.0
0.2571,53,11,-3,11.402,-15.26
0.2571,54,22,4,22.361,10.3
0.2571,55,15,-5,15.811,-18.43
0.2571,56,22,4,22.361,10.3
0.2571,57,12,1,12.042,4.76
0.2571,58,16,-6,17.088,-20.56
0.2571,59,23,-9,24.698,-21.37
0.2571,60,22,-10,24.166,-24.44
0.2571,61,2,-9,9.22,-77.47
0.2571,62,-14,-17,22.023,-129.47
0.2571,63,4,-19,19.416,-78.11
0.3603,0,23,113,115.317,78.5
0.3603,1,17,0,17.0,0.0
0.3603,2,15,-25,29.155,-59.04
0.3603,3,0,-7,7.0,-90.0
0.3603,4,-9,-20,21.932,-114.23
0.3603,5,3,-9,9.487,-71.57
0.3603,6,7,-23,24.042,-73.07
0.3603,7,13,-22,25.554,-59.42
0.3603,8,16,-14,21.26,-41.19
0.3603,9,-2,-9,9.22,-102.53
0.3603,10,7,-16,17.464,-66.37
0.3603,11,-1,-22,22.023,-92.6
0.3603,12,0,-18,18.0,-90.0
0.3603,13,-5,-21,21.587,-103.39
0.3603,14,-1,-24,24.021,-92.39
0.3603,15,0,-12,12.0,-90.0
0.3603,16,3,-18,18.248,-80.54
0.3603,17,-5,-15,15.811,-108.43
0.3603,18,-4,-15,15.524,-104.93
0.3603,19,-7,-9,11.402,-127.87
0.3603,20,-11,-14,17.804,-128.16
0.3603,21,-11,-15,18.601,-126.25
0.3603,22,-9,-20,21.932,-114.23
0.3603,23,-10,-11,14.866,-132.27
0.3603,24,-5,-10,11.18,-116.57
0.3603,25,-9,-14,16.643,-122.74
0.3603,26,-6,-9,10.817,-123.69
0.3603,27,0,0,0.0,0.0
0.3603,28,0,0,0.0,0.0
0.3603,29,0,0,0.0,0.0
0.3603,30,0,0,0.0,0.0
0.3603,31,0,0,0.0,0.0
0.3603,32,0,0,0.0,0.0
0.3603,33,0,0,0.0,0.0
0.3603,34,0,0,0.0,0.0
0.3603,35,0,0,0.0,0.0
0.3603,36,0,0,0.0,0.0
0.3603,37,0,0,0.0,0.0
0.3603,38,11,8,13.601,36.03
0.3603,39,8,14,16.125,60.26
0.3603,40,8,9,12.042,48.37
0.3603,41,10,14,17.205,54.46
0.3603,42,14,10,17.205,35.54
0.3603,43,9,14,16.643,57.26
0.3603,44,13,10,16.401,37.57
0.3603,45,11,11,15.556,45.0
0.3603,46,8,6,10.0,36.87
0.3603,47,20,10,22.361,26.57
0.3603,48,15,10,18.028,33.69
0.3603,49,20,9,21.932,24.23
0.3603,50,20,8,21.541,21.8
0.3603,51,16,6,17.088,20.56
0.3603,52,17,5,17.72,16.39
0.3603,53,14,7,15.652,26.57
0.3603,54,17,2,17.117,6.71
0.3603,55,13,8,15.264,31.61
0.3603,56,15,-8,17.0,-28.07
0.3603,57,18,3,18.248,9.46
0.3603,58,37,-10,38.328,-15.12
0.3603,59,10,1,10.05,5.71
0.3603,60,-7,-14,15.652,-116.57
0.3603,61,34,-10,35.44,-16.39
0.3603,62,-2,21,21.095,95.44
0.3603,63,21,4,21.378,10.78
0.9302,0,23,113,115.317,78.5
0.9302,1,17,0,17.0,0.0
0.9302,2,-24,0,24.0,180.0
0.9302,3,-25,4,25.318,170.91
0.9302,4,-19,-17,25.495,-138.18
0.9302,5,-14,-8,16.125,-150.26
0.9302,6,-9,1,9.055,173.66
0.9302,7,-18,-7,19.313,-158.75
0.9302,8,-18,-12,21.633,-146.31
0.9302,9,-13,-2,13.153,-171.25
0.9302,10,-19,-4,19.416,-168.11
0.9302,11,-14,-8,16.125,-150.26
0.9302,12,-19,0,19.0,180.0
0.9302,13,-14,0,14.0,180.0
0.9302,14,-14,6,15.232,156.8
0.9302,15,-13,1,13.038,175.6
0.9302,16,-20,7,21.19,160.71
0.9302,17,-23,7,24.042,163.07
0.9302,18,-18,5,18.682,164.48
0.9302,19,-7,-1,7.071,-171.87
0.9302,20,-20,4,20.396,168.69
0.9302,21,-22,3,22.204,172.23
0.9302,22,-17,7,18.385,157.62
0.9302,23,-12,3,12.369,165.96
0.9302,24,-21,2,21.095,174.56
0.9302,25,-19,1,19.026,176.99
0.9302,26,-15,-1,15.033,-176.19
0.9302,27,0,0,0.0,0.0
0.9302,28,0,0,0.0,0.0
0.9302,29,0,0,0.0,0.0
0.9302,30,0,0,0.0,0.0
0.9302,31,0,0,0.0,0.0
0.9302,32,0,0,0.0,0.0
0.9302,33,0,0,0.0,0.0
0.9302,34,0,0,0.0,0.0
0.9302,35,0,0,0.0,0.0
0.9302,36,0,0,0.0,0.0
0.9302,37,0,0,0.0,0.0
0.9302,38,-16,-9,18.358,-150.64
0.9302,39,-12,-6,13.416,-153.43
0.9302,40,-13,-7,14.765,-151.7
0.9302,41,-16,-9,18.358,-150.64
0.9302,42,-14,-13,19.105,-137.12
0.9302,43,-14,-7,15.652,-153.43
0.9302,44,-15,-11,18.601,-143.75
0.9302,45,-13,-6,14.318,-155.22
0.9302,46,-10,-9,13.454,-138.01
0.9302,47,-15,-10,18.028,-146.31
0.9302,48,-19,-12,22.472,-147.72
0.9302,49,-15,-8,17.0,-151.93
0.9302,50,-12,-15,19.209,-128.66
0.9302,51,-18,-15,23.431,-140.19
0.9302,52,-16,-17,23.345,-133.26
0.9302,53,-19,-6,19.925,-162.47
0.9302,54,-15,-8,17.0,-151.93
0.9302,55,-12,-10,15.62,-140.19
0.9302,56,-20,-2,20.1,-174.29
0.9302,57,-16,-7,17.464,-156.37
0.9302,58,-6,-14,15.232,-113.2
0.9302,59,-9,-3,9.487,-161.57
0.9302,60,-17,-16,23.345,-136.74
0.9302,61,-16,0,16.0,180.0
0.9302,62,-15,-18,23.431,-129.81
0.9302,63,-20,-8,21.541,-158.2
0.9757,0,23,113,115.317,78.5
0.9757,1,17,0,17.0,0.0
0.9757,2,15,-12,19.209,-38.66
0.9757,3,10,-10,14.142,-45.0
0.9757,4,12,2,12.166,9.46
0.9757,5,16,-25,29.682,-57.38
0.9757,6,25,-1,25.02,-2.29
0.9757,7,24,-16,28.844,-33.69
0.9757,8,-1,-9,9.055,-96.34
0.9757,9,29,-4,29.275,-7.85
0.9757,10,2,-15,15.133,-82.41
0.9757,11,12,-7,13.892,-30.26
0.9757,12,10,-14,17.205,-54.46
0.9757,13,17,3,17.263,10.01
0.9757,14,21,-16,26.401,-37.3
0.9757,15,1,-7,7.071,-81.87
0.9757,16,29,-12,31.385,-22.48
0.9757,17,8,-12,14.422,-56.31
0.9757,18,25,2,25.08,4.57
0.9757,19,24,-5,24.515,-11.77
0.9757,20,20,3,20.224,8.53
0.9757,21,12,-8,14.422,-33.69
0.9757,22,14,-3,14.318,-12.09
0.9757,23,20,-2,20.1,-5.71
0.9757,24,10,5,11.18,26.57
0.9757,25,18,7,19.313,21.25
0.9757,26,15,-1,15.033,-3.81
0.9757,27,0,0,0.0,0.0
0.9757,28,0,0,0.0,0.0
0.9757,29,0,0,0.0,0.0
0.9757,30,0,0,0.0,0.0
0.9757,31,0,0,0.0,0.0
0.9757,32,0,0,0.0,0.0
0.9757,33,0,0,0.0,0.0
0.9757,34,0,0,0.0,0.0
0.9757,35,0,0,0.0,0.0
0.9757,36,0,0,0.0,0.0
0.9757,37,0,0,0.0,0.0
0.9757,38,4,-17,17.464,-76.76
0.9757,39,9,-22,23.77,-67.75
0.9757,40,5,-12,13.0,-67.38
0.9757,41,10,-10,14.142,-45.0
0.9757,42,8,-17,18.788,-64.8
0.9757,43,11,-12,16.279,-47.49
0.9757,44,14,-19,23.601,-53.62
0.9757,45,7,-12,13.892,-59.74
0.9757,46,8,-16,17.889,-63.43
0.9757,47,10,-17,19.723,-59.53
0.9757,48,10,-9,13.454,-41.99
0.9757,49,12,-13,17.692,-47.29
0.9757,50,12,-15,19.209,-51.34
0.9757,51,11,-12,16.279,-47.49
0.9757,52,12,-11,16.279,-42.51
0.9757,53,14,-15,20.518,-46.97
0.9757,54,18,-9,20.125,-26.57
0.9757,55,19,-11,21.954,-30.07
0.9757,56,16,-11,19.416,-34.51
0.9757,57,13,-16,20.616,-50.91
0.9757,58,10,-11,14.866,-47.73
0.9757,59,16,-12,20.0,-36.87
0.9757,60,10,-13,16.401,-52.43
0.9757,61,20,-1,20.025,-2.86
0.9757,62,15,-7,16.553,-25.02
0.9757,63,24,-2,24.083,-4.76
1.279,0,23,113,115.317,78.5
1.279,1,17,0,17.0,0.0
1.279,2,9,13,15.811,55.3
1.279,3,18,21,27.659,49.4
1.279,4,-10,18,20.591,119.05
1.279,5,-5,7,8.602,125.54
1.279,6,3,20,20.224,81.47
1.279,7,23,21,31.145,42.4
1.279,8,30,12,32.311,21.8
1.279,9,37,-6,37.483,-9.21
1.279,10,36,17,39.812,25.28
1.279,11,12,10,15.62,39.81
1.279,12,18,3,18.248,9.46
1.279,13,17,1,17.029,3.37
1.279,14,29,12,31.385,22.48
1.279,15,29,14,32.202,25.77
1.279,16,14,10,17.205,35.54
1.279,17,25,14,28.653,29.25
1.279,18,21,13,24.698,31.76
1.279,19,18,14,22.804,37.87
1.279,20,20,7,21.19,19.29
1.279,21,20,3,20.224,8.53
1.279,22,10,2,10.198,11.31
1.279,23,11,1,11.045,5.19
1.279,24,8,11,13.601,53.97
1.279,25,13,3,13.342,12.99
1.279,26,13,10,16.401,37.57
1.279,27,0,0,0.0,0.0
1.279,28,0,0,0.0,0.0
1.279,29,0,0,0.0,0.0
1.279,30,0,0,0.0,0.0
1.279,31,0,0,0.0,0.0
1.279,32,0,0,0.0,0.0
1.279,33,0,0,0.0,0.0
1.279,34,0,0,0.0,0.0
1.279,35,0,0,0.0,0.0
1.279,36,0,0,0.0,0.0
1.279,37,0,0,0.0,0.0
1.279,38,-6,17,18.028,109.44
1.279,39,-4,20,20.396,101.31
1.279,40,-3,20,20.224,98.53
1.279,41,-5,16,16.763,107.35
1.279,42,-2,11,11.18,100.3
1.279,43,-2,22,22.091,95.19
1.279,44,1,16,16.031,86.42
1.279,45,2,20,20.1,84.29
1.279,46,-6,23,23.77,104.62
1.279,47,-10,17,19.723,120.47
1.279,48,-8,17,18.788,115.2
1.279,49,-3,19,19.235,98.97
1.279,50,4,15,15.524,75.07
1.279,51,1,27,27.019,87.88
1.279,52,-8,23,24.352,109.18
1.279,53,3,20,20.224,81.47
1.279,54,-2,21,21.095,95.44
1.279,55,-5,21,21.587,103.39
1.279,56,3,17,17.263,79.99
1.279,57,6,23,23.77,75.38
1.279,58,1,21,21.024,87.27
1.279,59,7,18,19.313,68.75
1.279,60,8,16,17.889,63.43
1.279,61,6,25,25.71,76.5
1.279,62,3,21,21.213,81.87
1.279,63,10,14,17.205,54.46
1.4863,0,23,113,115.317,78.5
1.4863,1,17,0,17.0,0.0
1.4863,2,-5,26,26.476,100.89
1.4863,3,9,8,12.042,41.63
1.4863,4,-13,24,27.295,118.44
1.4863,5,-4,25,25.318,99.09
1.4863,6,2,7,7.28,74.05
1.4863,7,7,29,29.833,76.43
1.4863,8,-1,22,22.023,92.6
1.4863,9,-4,19,19.416,101.89
1.4863,10,-5,15,15.811,108.43
1.4863,11,0,27,27.0,90.0
1.4863,12,-2,17,17.117,96.71
1.4863,13,1,16,16.031,86.42
1.4863,14,0,13,13.0,90.0
1.4863,15,4,25,25.318,80.91
1.4863,16,-11,16,19.416,124.51
1.4863,17,-5,23,23.537,102.26
1.4863,18,-4,20,20.396,101.31
1.4863,19,-10,21,23.259,115.46
1.4863,20,2,18,18.111,83.66
1.4863,21,-7,18,19.313,111.25
1.4863,22,-2,17,17.117,96.71
1.4863,23,-6,19,19.925,107.53
1.4863,24,-3,13,13.342,102.99
1.4863,25,-13,13,18.385,135.0
1.4863,26,-7,19,20.248,110.22
1.4863,27,0,0,0.0,0.0
1.4863,28,0,0,0.0,0.0
1.4863,29,0,0,0.0,0.0
1.4863,30,0,0,0.0,0.0
1.4863,31,0,0,0.0,0.0
1.4863,32,0,0,0.0,0.0
1.4863,33,0,0,0.0,0.0
1.4863,34,0,0,0.0,0.0
1.4863,35,0,0,0.0,0.0
1.4863,36,0,0,0.0,0.0
1.4863,37,0,0,0.0,0.0
1.4863,38,-4,10,10.77,111.8
1.4863,39,-2,14,14.142,98.13
1.4863,40,-2,9,9.22,102.53
1.4863,41,-7,15,16.553,115.02
1.4863,42,-5,13,13.928,111.04
1.4863,43,-1,15,15.033,93.81
1.4863,44,-1,16,16.031,93.58
1.4863,45,-2,15,15.133,97.59
1.4863,46,-6,13,14.318,114.78
1.4863,47,-15,14,20.518,136.97
1.4863,48,-6,17,18.028,109.44
1.4863,49,-7,17,18.385,112.38
1.4863,50,-4,18,18.439,102.53
1.4863,51,-3,16,16.279,100.62
1.4863,52,-5,15,15.811,108.43
1.4863,53,-15,16,21.932,133.15
1.4863,54,-2,16,16.125,97.13
1.4863,55,-6,15,16.155,111.8
1.4863,56,-11,12,16.279,132.51
1.4863,57,-3,12,12.369,104.04
1.4863,58,-13,22,25.554,120.58
1.4863,59,-11,10,14.866,137.73
1.4863,60,-7,30,30.806,103.13
1.4863,61,-12,13,17.692,132.71
1.4863,62,-11,15,18.601,126.25
1.4863,63,-5,21,21.587,103.39
1.6904,0,23,113,115.317,78.5
1.6904,1,17,0,17.0,0.0
1.6904,2,-23,-19,29.833,-140.44
1.6904,3,-2,-8,8.246,-104.04
1.6904,4,-18,7,19.313,158.75
1.6904,5,-23,-6,23.77,-165.38
1.6904,6,-13,14,19.105,132.88
1.6904,7,-15,0,15.0,180.0
1.6904,8,-19,8,20.616,157.17
1.6904,9,-7,17,18.385,112.38
1.6904,10,-12,4,12.649,161.57
1.6904,11,-13,5,13.928,158.96
1.6904,12,-16,11,19.416,145.49
1.6904,13,-16,13,20.616,140.91
1.6904,14,-23,9,24.698,158.63
1.6904,15,-12,5,13.0,157.38
1.6904,16,-16,7,17.464,156.37
1.6904,17,-15,10,18.028,146.31
1.6904,18,-15,10,18.028,146.31
1.6904,19,-19,13,23.022,145.62
1.6904,20,-10,7,12.207,145.01
1.6904,21,-15,5,15.811,161.57
1.6904,22,-11,2,11.18,169.7
1.6904,23,-11,12,16.279,132.51
1.6904,24,-16,4,16.492,165.96
1.6904,25,-12,9,15.0,143.13
1.6904,26,-20,13,23.854,146.98
1.6904,27,0,0,0.0,0.0
1.6904,28,0,0,0.0,0.0
1.6904,29,0,0,0.0,0.0
1.6904,30,0,0,0.0,0.0
1.6904,31,0,0,0.0,0.0
1.6904,32,0,0,0.0,0.0
1.6904,33,0,0,0.0,0.0
1.6904,34,0,0,0.0,0.0
1.6904,35,0,0,0.0,0.0
1.6904,36,0,0,0.0,0.0
1.6904,37,0,0,0.0,0.0
1.6904,38,-17,-2,17.117,-173.29
1.6904,39,-17,2,17.117,173.29
1.6904,40,-15,1,15.033,176.19
1.6904,41,-18,-5,18.682,-164.48
1.6904,42,-19,-4,19.416,-168.11
1.6904,43,-16,-5,16.763,-162.65
1.6904,44,-13,-3,13.342,-167.01
1.6904,45,-17,-1,17.029,-176.63
1.6904,46,-12,-6,13.416,-153.43
1.6904,47,-8,-1,8.062,-172.87
1.6904,48,-16,1,16.031,176.42
1.6904,49,-13,-7,14.765,-151.7
1.6904,50,-19,-4,19.416,-168.11
1.6904,51,-22,-6,22.804,-164.74
1.6904,52,-13,1,13.038,175.6
1.6904,53,-16,-1,16.031,-176.42
1.6904,54,-16,-3,16.279,-169.38
1.6904,55,-19,5,19.647,165.26
1.6904,56,-12,-8,14.422,-146.31
1.6904,57,-13,-4,13.601,-162.9
1.6904,58,-14,-4,14.56,-164.05
1.6904,59,-17,-1,17.029,-176.63
1.6904,60,-1,2,2.236,116.57
1.6904,61,2,-5,5.385,-68.2
1.6904,62,-16,-20,25.612,-128.66
1.6904,63,-16,3,16.279,169.38
1.8964,0,23,113,115.317,78.5
1.8964,1,17,0,17.0,0.0
1.8964,2,-19,15,24.207,141.71
1.8964,3,-11,7,13.038,147.53
1.8964,4,-9,9,12.728,135.0
1.8964,5,-27,11,29.155,157.83
1.8964,6,-15,-2,15.133,-172.41
1.8964,7,-10,6,11.662,149.04
1.8964,8,-8,19,20.616,112.83
1.8964,9,-16,20,25.612,128.66
1.8964,10,-16,7,17.464,156.37
1.8964,11,-14,23,26.926,121.33
1.8964,12,-5,7,8.602,125.54
1.8964,13,-2,18,18.111,96.34
1.8964,14,-9,21,22.847,113.2
1.8964,15,-6,12,13.416,116.57
1.8964,16,-6,16,17.088,110.56
1.8964,17,-1,20,20.025,92.86
1.8964,18,-2,17,17.117,96.71
1.8964,19,2,19,19.105,83.99
1.8964,20,2,12,12.166,80.54
1.8964,21,-1,14,14.036,94.09
1.8964,22,0,14,14.0,90.0
1.8964,23,0,14,14.0,90.0
1.8964,24,-6,18,18.974,108.43
1.8964,25,3,18,18.248,80.54
1.8964,26,3,11,11.402,74.74
1.8964,27,0,0,0.0,0.0
1.8964,28,0,0,0.0,0.0
1.8964,29,0,0,0.0,0.0
1.8964,30,0,0,0.0,0.0
1.8964,31,0,0,0.0,0.0
1.8964,32,0,0,0.0,0.0
1.8964,33,0,0,0.0,0.0
1.8964,34,0,0,0.0,0.0
1.8964,35,0,0,0.0,0.0
1.8964,36,0,0,0.0,0.0
1.8964,37,0,0,0.0,0.0
1.8964,38,-15,-14,20.518,-136.97
1.8964,39,-12,-15,19.209,-128.66
1.8964,40,-13,-15,19.849,-130.91
1.8964,41,-15,-15,21.213,-135.0
1.8964,42,-13,-18,22.204,-125.84
1.8964,43,-13,-20,23.854,-123.02
1.8964,44,-13,-8,15.264,-148.39
1.8964,45,-18,-12,21.633,-146.31
1.8964,46,-14,-11,17.804,-141.84
1.8964,47,-17,-13,21.401,-142.59
1.8964,48,-13,-12,17.692,-137.29
1.8964,49,-18,-10,20.591,-150.95
1.8964,50,-15,-9,17.493,-149.04
1.8964,51,-18,-9,20.125,-153.43
1.8964,52,-18,-8,19.698,-156.04
1.8964,53,-19,-6,19.925,-162.47
1.8964,54,-14,-5,14.866,-160.35
1.8964,55,-15,-6,16.155,-158.2
1.8964,56,-20,-1,20.025,-177.14
1.8964,57,-24,4,24.331,170.54
1.8964,58,-18,-7,19.313,-158.75
1.8964,59,-25,3,25.179,173.16
1.8964,60,-31,1,31.016,178.15
1.8964,61,-4,-9,9.849,-113.96
1.8964,62,-11,21,23.707,117.65
1.8964,63,-19,-3,19.235,-171.03
2.1052,0,23,113,115.317,78.5
2.1052,1,17,0,17.0,0.0
2.1052,2,-1,-2,2.236,-116.57
2.1052,3,-6,17,18.028,109.44
2.1052,4,-21,9,22.847,156.8
2.1052,5,-13,12,17.692,137.29
2.1052,6,-14,23,26.926,121.33
2.1052,7,-19,23,29.833,129.56
2.1052,8,-12,6,13.416,153.43
2.1052,9,-10,20,22.361,116.57
2.1052,10,-15,13,19.849,139.09
2.1052,11,-11,13,17.029,130.24
2.1052,12,-12,14,18.439,130.6
2.1052,13,-12,12,16.971,135.0
2.1052,14,-16,17,23.345,133.26
2.1052,15,-12,11,16.279,137.49
2.1052,16,-11,23,25.495,115.56
2.1052,17,-14,11,17.804,141.84
2.1052,18,-16,15,21.932,136.85
2.1052,19,-7,15,16.553,115.02
2.1052,20,-14,12,18.439,139.4
2.1052,21,-14,13,19.105,137.12
2.1052,22,-10,11,14.866,132.27
2.1052,23,-12,13,17.692,132.71
2.1052,24,-18,8,19.698,156.04
2.1052,25,-9,11,14.213,129.29
2.1052,26,-14,8,16.125,150.26
2.1052,27,0,0,0.0,0.0
2.1052,28,0,0,0.0,0.0
2.1052,29,0,0,0.0,0.0
2.1052,30,0,0,0.0,0.0
2.1052,31,0,0,0.0,0.0
2.1052,32,0,0,0.0,0.0
2.1052,33,0,0,0.0,0.0
2.1052,34,0,0,0.0,0.0
2.1052,35,0,0,0.0,0.0
2.1052,36,0,0,0.0,0.0
2.1052,37,0,0,0.0,0.0
2.1052,38,-6,13,14.318,114.78
2.1052,39,-11,16,19.416,124.51
2.1052,40,-4,16,16.492,104.04
2.1052,41,-5,15,15.811,108.43
2.1052,42,-6,14,15.232,113.2
2.1052,43,-9,15,17.493,120.96
2.1052,44,-7,8,10.63,131.19
2.1052,45,-5,14,14.866,109.65
2.1052,46,-10,18,20.591,119.05
2.1052,47,-8,16,17.889,116.57
2.1052,48,-9,16,18.358,119.36
2.1052,49,-10,13,16.401,127.57
2.1052,50,-9,14,16.643,122.74
2.1052,51,-14,14,19.799,135.0
2.1052,52,-9,17,19.235,117.9
2.1052,53,-9,8,12.042,138.37
2.1052,54,-20,14,24.413,145.01
2.1052,55,-14,24,27.785,120.26
2.1052,56,-7,16,17.464,113.63
2.1052,57,-9,8,12.042,138.37
2.1052,58,-5,11,12.083,114.44
2.1052,59,-15,7,16.553,154.98
2.1052,60,-13,14,19.105,132.88
2.1052,61,-17,6,18.028,160.56
2.1052,62,1,25,25.02,87.71
2.1052,63,-4,25,25.318,99.09
2.2088,0,23,113,115.317,78.5
2.2088,1,17,0,17.0,0.0
2.2088,2,5,-19,19.647,-75.26
2.2088,3,-21,-31,37.443,-124.11
2.2088,4,12,-28,30.463,-66.8
2.2088,5,-7,-26,26.926,-105.07
2.2088,6,-2,-13,13.153,-98.75
2.2088,7,-16,-20,25.612,-128.66
2.2088,8,-11,-12,16.279,-132.51
2.2088,9,-14,-23,26.926,-121.33
2.2088,10,-12,-13,17.692,-132.71
2.2088,11,-10,-20,22.361,-116.57
2.2088,12,-8,-18,19.698,-113.96
2.2088,13,-11,-13,17.029,-130.24
2.2088,14,-16,-18,24.083,-131.63
2.2088,15,-6,-19,19.925,-107.53
2.2088,16,-10,-19,21.471,-117.76
2.2088,17,-11,-25,27.313,-113.75
2.2088,18,-14,-22,26.077,-122.47
2.2088,19,-11,-17,20.248,-122.91
2.2088,20,-15,-15,21.213,-135.0
2.2088,21,-8,-14,16.125,-119.74
2.2088,22,-11,-17,20.248,-122.91
2.2088,23,-12,-10,15.62,-140.19
2.2088,24,-14,-13,19.105,-137.12
2.2088,25,-9,-13,15.811,-124.7
2.2088,26,-5,-8,9.434,-122.01
2.2088,27,0,0,0.0,0.0
2.2088,28,0,0,0.0,0.0
2.2088,29,0,0,0.0,0.0
2.2088,30,0,0,0.0,0.0
2.2088,31,0,0,0.0,0.0
2.2088,32,0,0,0.0,0.0
2.2088,33,0,0,0.0,0.0
2.2088,34,0,0,0.0,0.0
2.2088,35,0,0,0.0,0.0
2.2088,36,0,0,0.0,0.0
2.2088,37,0,0,0.0,0.0
2.2088,38,3,-11,11.402,-74.74
2.2088,39,-1,-24,24.021,-92.39
2.2088,40,1,-15,15.033,-86.19
2.2088,41,1,-18,18.028,-86.82
2.2088,42,3,-15,15.297,-78.69
2.2088,43,4,-17,17.464,-76.76
2.2088,44,3,-16,16.279,-79.38
2.2088,45,2,-14,14.142,-81.87
2.2088,46,3,-19,19.235,-81.03
2.2088,47,3,-16,16.279,-79.38
2.2088,48,2,-14,14.142,-81.87
2.2088,49,-1,-18,18.028,-93.18
2.2088,50,2,-20,20.1,-84.29
2.2088,51,6,-16,17.088,-69.44
2.2088,52,-2,-14,14.142,-98.13
2.2088,53,-1,-12,12.042,-94.76
2.2088,54,-3,-18,18.248,-99.46
2.2088,55,0,-24,24.0,-90.0
2.2088,56,-13,-23,26.42,-119.48
2.2088,57,0,-17,17.0,-90.0
2.2088,58,-3,-24,24.187,-97.13
2.2088,59,-14,-21,25.239,-123.69
2.2088,60,0,-26,26.0,-90.0
2.2088,61,13,-10,16.401,-37.57
2.2088,62,-10,-23,25.08,-113.5
2.2088,63,0,-24,24.0,-90.0
2.4092,0,23,113,115.317,78.5
2.4092,1,17,0,17.0,0.0
2.4092,2,-24,20,31.241,140.19
2.4092,3,-7,20,21.19,109.29
2.4092,4,-11,8,13.601,143.97
2.4092,5,-16,12,20.0,143.13
2.4092,6,-22,14,26.077,147.53
2.4092,7,-9,8,12.042,138.37
2.4092,8,-10,4,10.77,158.2
2.4092,9,-16,15,21.932,136.85
2.4092,10,-9,7,11.402,142.13
2.4092,11,-13,12,17.692,137.29
2.4092,12,-13,14,19.105,132.88
2.4092,13,-2,9,9.22,102.53
2.4092,14,-17,11,20.248,147.09
2.4092,15,-4,20,20.396,101.31
2.4092,16,-6,15,16.155,111.8
2.4092,17,-11,18,21.095,121.43
2.4092,18,-7,7,9.899,135.0
2.4092,19,-11,3,11.402,164.74
2.4092,20,-14,8,16.125,150.26
2.4092,21,-8,15,17.0,118.07
2.4092,22,-17,16,23.345,136.74
2.4092,23,-10,7,12.207,145.01
2.4092,24,-13,9,15.811,145.3
2.4092,25,-12,9,15.0,143.13
2.4092,26,-3,8,8.544,110.56
2.4092,27,0,0,0.0,0.0
2.4092,28,0,0,0.0,0.0
2.4092,29,0,0,0.0,0.0
2.4092,30,0,0,0.0,0.0
2.4092,31,0,0,0.0,0.0
2.4092,32,0,0,0.0,0.0
2.4092,33,0,0,0.0,0.0
2.4092,34,0,0,0.0,0.0
2.4092,35,0,0,0.0,0.0
2.4092,36,0,0,0.0,0.0
2.4092,37,0,0,0.0,0.0
2.4092,38,-12,10,15.62,140.19
2.4092,39,-10,9,13.454,138.01
2.4092,40,-12,13,17.692,132.71
2.4092,41,-13,9,15.811,145.3
2.4092,42,-9,8,12.042,138.37
2.4092,43,-13,8,15.264,148.39
2.4092,44,-15,8,17.0,151.93
2.4092,45,-13,6,14.318,155.22
2.4092,46,-13,6,14.318,155.22
2.4092,47,-15,6,16.155,158.2
2.4092,48,-20,9,21.932,155.77
2.4092,49,-18,8,19.698,156.04
2.4092,50,-18,10,20.591,150.95
2.4092,51,-13,3,13.342,167.01
2.4092,52,-15,10,18.028,146.31
2.4092,53,-14,4,14.56,164.05
2.4092,54,-11,3,11.402,164.74
2.4092,55,-14,3,14.318,167.91
2.4092,56,-15,2,15.133,172.41
2.4092,57,-3,0,3.0,180.0
2.4092,58,-2,11,11.18,100.3
2.4092,59,-22,5,22.561,167.2
2.4092,60,-26,-1,26.019,-177.8
2.4092,61,-19,12,22.472,147.72
2.4092,62,2,0,2.0,0.0
2.4092,63,-19,9,21.024,154.65
2.5121,0,23,113,115.317,78.5
2.5121,1,17,0,17.0,0.0
2.5121,2,-18,15,23.431,140.19
2.5121,3,-26,15,30.017,150.02
2.5121,4,-19,29,34.67,123.23
2.5121,5,-16,2,16.125,172.87
2.5121,6,-11,11,15.556,135.0
2.5121,7,-5,15,15.811,108.43
2.5121,8,-6,21,21.84,105.95
2.5121,9,-3,16,16.279,100.62
2.5121,10,-12,12,16.971,135.0
2.5121,11,-10,16,18.868,122.01
2.5121,12,-3,13,13.342,102.99
2.5121,13,-6,11,12.53,118.61
2.5121,14,-6,22,22.804,105.26
2.5121,15,-9,6,10.817,146.31
2.5121,16,-4,10,10.77,111.8
2.5121,17,-4,22,22.361,100.3
2.5121,18,-8,21,22.472,110.85
2.5121,19,-12,6,13.416,153.43
2.5121,20,-6,19,19.925,107.53
2.5121,21,-3,13,13.342,102.99
2.5121,22,-3,23,23.195,97.43
2.5121,23,-11,20,22.825,118.81
2.5121,24,-7,16,17.464,113.63
2.5121,25,-13,13,18.385,135.0
2.5121,26,-13,6,14.318,155.22
2.5121,27,0,0,0.0,0.0
2.5121,28,0,0,0.0,0.0
2.5121,29,0,0,0.0,0.0
2.5121,30,0,0,0.0,0.0
2.5121,31,0,0,0.0,0.0
2.5121,32,0,0,0.0,0.0
2.5121,33,0,0,0.0,0.0
2.5121,34,0,0,0.0,0.0
2.5121,35,0,0,0.0,0.0
2.5121,36,0,0,0.0,0.0
2.5121,37,0,0,0.0,0.0
2.5121,38,-15,12,19.209,141.34
2.5121,39,-17,5,17.72,163.61
2.5121,40,-17,7,18.385,157.62
2.5121,41,-13,10,16.401,142.43
2.5121,42,-23,5,23.537,167.74
2.5121,43,-18,15,23.431,140.19
2.5121,44,-16,8,17.889,153.43
2.5121,45,-14,10,17.205,144.46
2.5121,46,-23,8,24.352,160.82
2.5121,47,-20,10,22.361,153.43
2.5121,48,-20,9,21.932,155.77
2.5121,49,-15,5,15.811,161.57
2.5121,50,-14,7,15.652,153.43
2.5121,51,-23,5,23.537,167.74
2.5121,52,-19,7,20.248,159.78
2.5121,53,-20,7,21.19,160.71
2.5121,54,-12,13,17.692,132.71
2.5121,55,-18,1,18.028,176.82
2.5121,56,-9,7,11.402,142.13
2.5121,57,-18,13,22.204,144.16
2.5121,58,-10,10,14.142,135.0
2.5121,59,-11,14,17.804,128.16
2.5121,60,-28,11,30.083,158.55
2.5121,61,-36,19,40.706,152.18
2.5121,62,-13,10,16.401,142.43
2.5121,63,-13,22,25.554,120.58
2.6144,0,23,113,115.317,78.5
2.6144,1,17,0,17.0,0.0
2.6144,2,5,-24,24.515,-78.23
2.6144,3,7,1,7.071,8.13
2.6144,4,5,-1,5.099,-11.31
2.6144,5,11,-19,21.954,-59.93
2.6144,6,12,-20,23.324,-59.04
2.6144,7,8,-18,19.698,-66.04
2.6144,8,13,-18,22.204,-54.16
2.6144,9,16,-16,22.627,-45.0
2.6144,10,10,-15,18.028,-56.31
2.6144,11,16,-14,21.26,-41.19
2.6144,12,17,-23,28.601,-53.53
2.6144,13,13,-13,18.385,-45.0
2.6144,14,7,-24,25.0,-73.74
2.6144,15,17,-26,31.064,-56.82
2.6144,16,24,-10,26.0,-22.62
2.6144,17,9,-12,15.0,-53.13
2.6144,18,29,-14,32.202,-25.77
2.6144,19,14,-13,19.105,-42.88
2.6144,20,20,-14,24.413,-34.99
2.6144,21,11,-4,11.705,-19.98
2.6144,22,17,-14,22.023,-39.47
2.6144,23,13,-5,13.928,-21.04
2.6144,24,13,-11,17.029,-40.24
2.6144,25,10,-8,12.806,-38.66
2.6144,26,16,-10,18.868,-32.01
2.6144,27,0,0,0.0,0.0
2.6144,28,0,0,0.0,0.0
2.6144,29,0,0,0.0,0.0
2.6144,30,0,0,0.0,0.0
2.6144,31,0,0,0.0,0.0
2.6144,32,0,0,0.0,0.0
2.6144,33,0,0,0.0,0.0
2.6144,34,0,0,0.0,0.0
2.6144,35,0,0,0.0,0.0
2.6144,36,0,0,0.0,0.0
2.6144,37,0,0,0.0,0.0
2.6144,38,5,-17,17.72,-73.61
2.6144,39,10,-18,20.591,-60.95
2.6144,40,9,-16,18.358,-60.64
2.6144,41,12,-11,16.279,-42.51
2.6144,42,9,-15,17.493,-59.04
2.6144,43,8,-14,16.125,-60.26
2.6144,44,17,-13,21.401,-37.41
2.6144,45,15,-14,20.518,-43.03
2.6144,46,11,-13,17.029,-49.76
2.6144,47,13,-7,14.765,-28.3
2.6144,48,12,-15,19.209,-51.34
2.6144,49,14,-11,17.804,-38.16
2.6144,50,16,-12,20.0,-36.87
2.6144,51,9,-15,17.493,-59.04
2.6144,52,13,-12,17.692,-42.71
2.6144,53,8,-12,14.422,-56.31
2.6144,54,8,-12,14.422,-56.31
2.6144,55,7,-11,13.038,-57.53
2.6144,56,11,-8,13.601,-36.03
2.6144,57,9,-9,12.728,-45.0
2.6144,58,16,-15,21.932,-43.15
2.6144,59,17,-3,17.263,-10.01
2.6144,60,14,-8,16.125,-29.74
2.6144,61,10,-26,27.857,-68.96
2.6144,62,11,-32,33.838,-71.03
2.6144,63,-6,9,10.817,123.69
2.8174,0,23,113,115.317,78.5
2.8174,1,17,0,17.0,0.0
2.8174,2,-9,29,30.364,107.24
2.8174,3,-23,19,29.833,140.44
2.8174,4,3,20,20.224,81.47
2.8174,5,6,11,12.53,61.39
2.8174,6,-9,31,32.28,106.19
2.8174,7,-1,20,20.025,92.86
2.8174,8,4,17,17.464,76.76
2.8174,9,-4,17,17.464,103.24
2.8174,10,-7,23,24.042,106.93
2.8174,11,-6,23,23.77,104.62
2.8174,12,0,21,21.0,90.0
2.8174,13,-2,19,19.105,96.01
2.8174,14,-7,21,22.136,108.43
2.8174,15,0,19,19.0,90.0
2.8174,16,-3,23,23.195,97.43
2.8174,17,-16,10,18.868,147.99
2.8174,18,2,23,23.087,85.03
2.8174,19,-7,18,19.313,111.25
2.8174,20,-13,22,25.554,120.58
2.8174,21,-7,18,19.313,111.25
2.8174,22,-5,12,13.0,112.62
2.8174,23,-2,17,17.117,96.71
2.8174,24,-6,16,17.088,110.56
2.8174,25,-15,10,18.028,146.31
2.8174,26,-8,12,14.422,123.69
2.8174,27,0,0,0.0,0.0
2.8174,28,0,0,0.0,0.0
2.8174,29,0,0,0.0,0.0
2.8174,30,0,0,0.0,0.0
2.8174,31,0,0,0.0,0.0
2.8174,32,0,0,0.0,0.0
2.8174,33,0,0,0.0,0.0
2.8174,34,0,0,0.0,0.0
2.8174,35,0,0,0.0,0.0
2.8174,36,0,0,0.0,0.0
2.8174,37,0,0,0.0,0.0
2.8174,38,4,18,18.439,77.47
2.8174,39,-1,16,16.031,93.58
2.8174,40,-2,13,13.153,98.75
2.8174,41,-2,14,14.142,98.13
2.8174,42,1,11,11.045,84.81
2.8174,43,-6,22,22.804,105.26
2.8174,44,-9,12,15.0,126.87
2.8174,45,-2,22,22.091,95.19
2.8174,46,-7,15,16.553,115.02
2.8174,47,0,12,12.0,90.0
2.8174,48,-10,19,21.471,117.76
2.8174,49,-6,20,20.881,106.7
2.8174,50,-6,12,13.416,116.57
2.8174,51,-2,16,16.125,97.13
2.8174,52,-10,11,14.866,132.27
2.8174,53,1,16,16.031,86.42
2.8174,54,-1,10,10.05,95.71
2.8174,55,-4,23,23.345,99.87
2.8174,56,-8,19,20.616,112.83
2.8174,57,-4,18,18.439,102.53
2.8174,58,-5,13,13.928,111.04
2.8174,59,-9,21,22.847,113.2
2.8174,60,6,21,21.84,74.05
2.8174,61,4,-2,4.472,-26.57
2.8174,62,3,22,22.204,82.23
2.8174,63,3,10,10.44,73.3
2.9206,0,23,113,115.317,78.5
2.9206,1,17,0,17.0,0.0
2.9206,2,14,-10,17.205,-35.54
2.9206,3,26,-16,30.529,-31.61
2.9206,4,13,-12,17.692,-42.71
2.9206,5,21,-20,29.0,-43.6
2.9206,6,8,-4,8.944,-26.57
2.9206,7,1,-36,36.014,-88.41
2.9206,8,16,-22,27.203,-53.97
2.9206,9,10,-17,19.723,-59.53
2.9206,10,-17,-12,20.809,-144.78
2.9206,11,25,-36,43.829,-55.22
2.9206,12,8,-20,21.541,-68.2
2.9206,13,30,-1,30.017,-1.91
2.9206,14,25,-14,28.653,-29.25
2.9206,15,-2,-14,14.142,-98.13
2.9206,16,23,-14,26.926,-31.33
2.9206,17,16,-30,34.0,-61.93
2.9206,18,10,-20,22.361,-63.43
2.9206,19,15,-19,24.207,-51.71
2.9206,20,2,-6,6.325,-71.57
2.9206,21,21,-14,25.239,-33.69
2.9206,22,16,-15,21.932,-43.15
2.9206,23,4,-22,22.361,-79.7
2.9206,24,11,-17,20.248,-57.09
2.9206,25,9,-21,22.847,-66.8
2.9206,26,10,-12,15.62,-50.19
2.9206,27,0,0,0.0,0.0
2.9206,28,0,0,0.0,0.0
2.9206,29,0,0,0.0,0.0
2.9206,30,0,0,0.0,0.0
2.9206,31,0,0,0.0,0.0
2.9206,32,0,0,0.0,0.0
2.9206,33,0,0,0.0,0.0
2.9206,34,0,0,0.0,0.0
2.9206,35,0,0,0.0,0.0
2.9206,36,0,0,0.0,0.0
2.9206,37,0,0,0.0,0.0
2.9206,38,11,1,11.045,5.19
2.9206,39,17,-3,17.263,-10.01
2.9206,40,28,3,28.16,6.12
2.9206,41,15,8,17.0,28.07
2.9206,42,16,20,25.612,51.34
2.9206,43,14,4,14.56,15.95
2.9206,44,21,8,22.472,20.85
2.9206,45,17,-2,17.117,-6.71
2.9206,46,21,-5,21.587,-13.39
2.9206,47,20,8,21.541,21.8
2.9206,48,18,0,18.0,0.0
2.9206,49,16,2,16.125,7.13
2.9206,50,8,0,8.0,0.0
2.9206,51,22,2,22.091,5.19
2.9206,52,19,6,19.925,17.53
2.9206,53,16,-1,16.031,-3.58
2.9206,54,15,7,16.553,25.02
2.9206,55,16,-6,17.088,-20.56
2.9206,56,16,-2,16.125,-7.13
2.9206,57,12,-3,12.369,-14.04
2.9206,58,28,-10,29.732,-19.65
2.9206,59,15,-7,16.553,-25.02
2.9206,60,22,5,22.561,12.8
2.9206,61,9,-12,15.0,-53.13
2.9206,62,22,-10,24.166,-24.44
2.9206,63,25,-12,27.731,-25.64
3.1224,0,23,113,115.317,78.5
3.1224,1,17,0,17.0,0.0
3.1224,2,-19,6,19.925,162.47
3.1224,3,-32,23,39.408,144.29
3.1224,4,-19,10,21.471,152.24
3.1224,5,-4,22,22.361,100.3
3.1224,6,-8,24,25.298,108.43
3.1224,7,-6,26,26.683,102.99
3.1224,8,-11,21,23.707,117.65
3.1224,9,-7,15,16.553,115.02
3.1224,10,-6,15,16.155,111.8
3.1224,11,-2,23,23.087,94.97
3.1224,12,-1,13,13.038,94.4
3.1224,13,-6,14,15.232,113.2
3.1224,14,-1,16,16.031,93.58
3.1224,15,-2,20,20.1,95.71
3.1224,16,-5,21,21.587,103.39
3.1224,17,-1,22,22.023,92.6
3.1224,18,-2,13,13.153,98.75
3.1224,19,-7,15,16.553,115.02
3.1224,20,-5,17,17.72,106.39
3.1224,21,0,18,18.0,90.0
3.1224,22,0,18,18.0,90.0
3.1224,23,-7,14,15.652,116.57
3.1224,24,-3,15,15.297,101.31
3.1224,25,-9,9,12.728,135.0
3.1224,26,-4,2,4.472,153.43
3.1224,27,0,0,0.0,0.0
3.1224,28,0,0,0.0,0.0
3.1224,29,0,0,0.0,0.0
3.1224,30,0,0,0.0,0.0
3.1224,31,0,0,0.0,0.0
3.1224,32,0,0,0.0,0.0
3.1224,33,0,0,0.0,0.0
3.1224,34,0,0,0.0,0.0
3.1224,35,0,0,0.0,0.0
3.1224,36,0,0,0.0,0.0
3.1224,37,0,0,0.0,0.0
3.1224,38,-14,6,15.232,156.8
3.1224,39,-18,7,19.313,158.75
3.1224,40,-18,6,18.974,161.57
3.1224,41,-17,6,18.028,160.56
3.1224,42,-17,7,18.385,157.62
3.1224,43,-16,3,16.279,169.38
3.1224,44,-20,5,20.616,165.96
3.1224,45,-17,1,17.029,176.63
3.1224,46,-17,8,18.788,154.8
3.1224,47,-22,6,22.804,164.74
3.1224,48,-21,8,22.472,159.15
3.1224,49,-19,8,20.616,157.17
3.1224,50,-16,6,17.088,159.44
3.1224,51,-15,6,16.155,158.2
3.1224,52,-19,2,19.105,173.99
3.1224,53,-20,9,21.932,155.77
3.1224,54,-18,6,18.974,161.57
3.1224,55,-18,12,21.633,146.31
3.1224,56,-22,9,23.77,157.75
3.1224,57,-19,5,19.647,165.26
3.1224,58,-12,11,16.279,137.49
3.1224,59,-26,20,32.802,142.43
3.1224,60,-19,21,28.32,132.14
3.1224,61,-20,15,25.0,143.13
3.1224,62,-13,5,13.928,158.96
3.1224,63,-15,6,16.155,158.2
3.3435,0,23,113,115.317,78.5
3.3435,1,17,0,17.0,0.0
3.3435,2,-6,9,10.817,123.69
3.3435,3,-24,0,24.0,180.0
3.3435,4,-18,-7,19.313,-158.75
3.3435,5,-1,20,20.025,92.86
3.3435,6,-10,15,18.028,123.69
3.3435,7,-12,16,20.0,126.87
3.3435,8,-13,23,26.42,119.48
3.3435,9,-8,11,13.601,126.03
3.3435,10,-7,17,18.385,112.38
3.3435,11,-8,15,17.0,118.07
3.3435,12,-1,16,16.031,93.58
3.3435,13,-1,17,17.029,93.37
3.3435,14,-3,1,3.162,161.57
3.3435,15,-4,18,18.439,102.53
3.3435,16,-6,19,19.925,107.53
3.3435,17,-7,12,13.892,120.26
3.3435,18,-3,17,17.263,100.01
3.3435,19,-5,20,20.616,104.04
3.3435,20,-1,22,22.023,92.6
3.3435,21,-8,11,13.601,126.03
3.3435,22,4,15,15.524,75.07
3.3435,23,-6,13,14.318,114.78
3.3435,24,0,10,10.0,90.0
3.3435,25,-1,17,17.029,93.37
3.3435,26,1,16,16.031,86.42
3.3435,27,0,0,0.0,0.0
3.3435,28,0,0,0.0,0.0
3.3435,29,0,0,0.0,0.0
3.3435,30,0,0,0.0,0.0
3.3435,31,0,0,0.0,0.0
3.3435,32,0,0,0.0,0.0
3.3435,33,0,0,0.0,0.0
3.3435,34,0,0,0.0,0.0
3.3435,35,0,0,0.0,0.0
3.3435,36,0,0,0.0,0.0
3.3435,37,0,0,0.0,0.0
3.3435,38,-12,-7,13.892,-149.74
3.3435,39,-17,-6,18.028,-160.56
3.3435,40,-9,-5,10.296,-150.95
3.3435,41,-17,-5,17.72,-163.61
3.3435,42,-15,-6,16.155,-158.2
3.3435,43,-13,-6,14.318,-155.22
3.3435,44,-13,-3,13.342,-167.01
3.3435,45,-17,-4,17.464,-166.76
3.3435,46,-13,-3,13.342,-167.01
3.3435,47,-13,-10,16.401,-142.43
3.3435,48,-18,-3,18.248,-170.54
3.3435,49,-17,-9,19.235,-152.1
3.3435,50,-13,-7,14.765,-151.7
3.3435,51,-11,-8,13.601,-143.97
3.3435,52,-16,-9,18.358,-150.64
3.3435,53,-17,-5,17.72,-163.61
3.3435,54,-14,-3,14.318,-167.91
3.3435,55,-8,6,10.0,143.13
3.3435,56,-14,7,15.652,153.43
3.3435,57,-17,7,18.385,157.62
3.3435,58,-15,3,15.297,168.69
3.3435,59,-12,5,13.0,157.38
3.3435,60,-20,-6,20.881,-163.3
3.3435,61,-6,8,10.0,126.87
3.3435,62,-22,20,29.732,137.73
3.3435,63,-25,17,30.232,145.78
3.6406,0,23,113,115.317,78.5
3.6406,1,17,0,17.0,0.0
3.6406,2,4,-30,30.265,-82.41
3.6406,3,0,-48,48.0,-90.0
3.6406,4,-32,-10,33.526,-162.65
3.6406,5,-13,-42,43.966,-107.2
3.6406,6,-12,-15,19.209,-128.66
3.6406,7,-10,-25,26.926,-111.8
3.6406,8,-23,-5,23.537,-167.74
3.6406,9,-20,-28,34.409,-125.54
3.6406,10,-2,-25,25.08,-94.57
3.6406,11,-4,-28,28.284,-98.13
3.6406,12,-7,-34,34.713,-101.63
3.6406,13,-5,-18,18.682,-105.52
3.6406,14,-18,-28,33.287,-122.74
3.6406,15,-11,-27,29.155,-112.17
3.6406,16,-13,-26,29.069,-116.57
3.6406,17,-7,-22,23.087,-107.65
3.6406,18,-12,-17,20.809,-125.22
3.6406,19,-18,-20,26.907,-131.99
3.6406,20,-13,-20,23.854,-123.02
3.6406,21,-5,-25,25.495,-101.31
3.6406,22,-7,-19,20.248,-110.22
3.6406,23,-9,-12,15.0,-126.87
3.6406,24,-7,-7,9.899,-135.0
3.6406,25,3,-12,12.369,-75.96
3.6406,26,-7,-29,29.833,-103.57
3.6406,27,0,0,0.0,0.0
3.6406,28,0,0,0.0,0.0
3.6406,29,0,0,0.0,0.0
3.6406,30,0,0,0.0,0.0
3.6406,31,0,0,0.0,0.0
3.6406,32,0,0,0.0,0.0
3.6406,33,0,0,0.0,0.0
3.6406,34,0,0,0.0,0.0
3.6406,35,0,0,0.0,0.0
3.6406,36,0,0,0.0,0.0
3.6406,37,0,0,0.0,0.0
3.6406,38,-3,-19,19.235,-98.97
3.6406,39,6,-20,20.881,-73.3
3.6406,40,1,-24,24.021,-87.61
3.6406,41,7,-21,22.136,-71.57
3.6406,42,-6,-24,24.739,-104.04
3.6406,43,3,-20,20.224,-81.47
3.6406,44,4,-19,19.416,-78.11
3.6406,45,2,-22,22.091,-84.81
3.6406,46,10,-24,26.0,-67.38
3.6406,47,4,-21,21.378,-79.22
3.6406,48,-3,-23,23.195,-97.43
3.6406,49,2,-22,22.091,-84.81
3.6406,50,4,-22,22.361,-79.7
3.6406,51,-9,-18,20.125,-116.57
3.6406,52,6,-25,25.71,-76.5
3.6406,53,-4,-19,19.416,-101.89
3.6406,54,1,-34,34.015,-88.32
3.6406,55,-8,-26,27.203,-107.1
3.6406,56,7,-26,26.926,-74.93
3.6406,57,0,-21,21.0,-90.0
3.6406,58,-12,-32,34.176,-110.56
3.6406,59,-6,-29,29.614,-101.69
3.6406,60,-5,-35,35.355,-98.13
3.6406,61,-13,-12,17.692,-137.29
3.6406,62,8,-34,34.928,-76.76
3.6406,63,0,-24,24.0,-90.0
3.9407,0,23,113,115.317,78.5
3.9407,1,17,0,17.0,0.0
3.9407,2,-3,8,8.544,110.56
3.9407,3,-8,13,15.264,121.61
3.9407,4,-8,19,20.616,112.83
3.9407,5,4,15,15.524,75.07
3.9407,6,11,16,19.416,55.49
3.9407,7,18,22,28.425,50.71
3.9407,8,18,21,27.659,49.4
3.9407,9,-1,18,18.028,93.18
3.9407,10,8,13,15.264,58.39
3.9407,11,14,3,14.318,12.09
3.9407,12,-2,18,18.111,96.34
3.9407,13,17,13,21.401,37.41
3.9407,14,6,15,16.155,68.2
3.9407,15,13,23,26.42,60.52
3.9407,16,10,15,18.028,56.31
3.9407,17,9,20,21.932,65.77
3.9407,18,10,18,20.591,60.95
3.9407,19,11,18,21.095,58.57
3.9407,20,4,19,19.416,78.11
3.9407,21,17,17,24.042,45.0
3.9407,22,-2,15,15.133,97.59
3.9407,23,-2,29,29.069,93.95
3.9407,24,10,17,19.723,59.53
3.9407,25,-2,9,9.22,102.53
3.9407,26,0,14,14.0,90.0
3.9407,27,0,0,0.0,0.0
3.9407,28,0,0,0.0,0.0
3.9407,29,0,0,0.0,0.0
3.9407,30,0,0,0.0,0.0
3.9407,31,0,0,0.0,0.0
3.9407,32,0,0,0.0,0.0
3.9407,33,0,0,0.0,0.0
3.9407,34,0,0,0.0,0.0
3.9407,35,0,0,0.0,0.0
3.9407,36,0,0,0.0,0.0
3.9407,37,0,0,0.0,0.0
3.9407,38,6,12,13.416,63.43
3.9407,39,4,21,21.378,79.22
3.9407,40,0,16,16.0,90.0
3.9407,41,4,16,16.492,75.96
3.9407,42,-1,19,19.026,93.01
3.9407,43,1,11,11.045,84.81
3.9407,44,0,16,16.0,90.0
3.9407,45,0,13,13.0,90.0
3.9407,46,1,17,17.029,86.63
3.9407,47,-6,17,18.028,109.44
3.9407,48,-2,12,12.166,99.46
3.9407,49,1,16,16.031,86.42
3.9407,50,-1,17,17.029,93.37
3.9407,51,-3,19,19.235,98.97
3.9407,52,-7,16,17.464,113.63
3.9407,53,2,19,19.105,83.99
3.9407,54,-3,13,13.342,102.99
3.9407,55,0,14,14.0,90.0
3.9407,56,-1,19,19.026,93.01
3.9407,57,-3,17,17.263,100.01
3.9407,58,11,1,11.045,5.19
3.9407,59,-8,16,17.889,116.57
3.9407,60,13,21,24.698,58.24
3.9407,61,10,32,33.526,72.65
3.9407,62,-6,8,10.0,126.87
3.9407,63,17,9,19.235,27.9
4.045,0,23,113,115.317,78.5
4.045,1,17,0,17.0,0.0
4.045,2,19,6,19.925,17.53
4.045,3,15,-7,16.553,-25.02
4.045,4,22,-23,31.828,-46.27
4.045,5,1,-12,12.042,-85.24
4.045,6,10,-14,17.205,-54.46
4.045,7,7,-10,12.207,-55.01
4.045,8,2,-18,18.111,-83.66
4.045,9,16,-19,24.839,-49.9
4.045,10,5,-13,13.928,-68.96
4.045,11,8,-22,23.409,-70.02
4.045,12,8,-23,24.352,-70.82
4.045,13,8,-23,24.352,-70.82
4.045,14,8,-15,17.0,-61.93
4.045,15,9,-13,15.811,-55.3
4.045,16,6,-20,20.881,-73.3
4.045,17,11,-18,21.095,-58.57
4.045,18,8,-20,21.541,-68.2
4.045,19,6,-19,19.925,-72.47
4.045,20,4,-13,13.601,-72.9
4.045,21,7,-11,13.038,-57.53
4.045,22,14,-8,16.125,-29.74
4.045,23,9,-18,20.125,-63.43
4.045,24,5,-17,17.72,-73.61
4.045,25,14,-15,20.518,-46.97
4.045,26,5,-14,14.866,-70.35
4.045,27,0,0,0.0,0.0
4.045,28,0,0,0.0,0.0
4.045,29,0,0,0.0,0.0
4.045,30,0,0,0.0,0.0
4.045,31,0,0,0.0,0.0
4.045,32,0,0,0.0,0.0
4.045,33,0,0,0.0,0.0
4.045,34,0,0,0.0,0.0
4.045,35,0,0,0.0,0.0
4.045,36,0,0,0.0,0.0
4.045,37,0,0,0.0,0.0
4.045,38,17,-7,18.385,-22.38
4.045,39,22,-6,22.804,-15.26
4.045,40,20,-6,20.881,-16.7
4.045,41,16,-4,16.492,-14.04
4.045,42,16,-4,16.492,-14.04
4.045,43,15,-7,16.553,-25.02
4.045,44,16,-4,16.492,-14.04
4.045,45,19,-7,20.248,-20.22
4.045,46,13,-9,15.811,-34.7
4.045,47,22,-3,22.204,-7.77
4.045,48,19,-2,19.105,-6.01
4.045,49,18,-6,18.974,-18.43
4.045,50,23,-3,23.195,-7.43
4.045,51,12,-7,13.892,-30.26
4.045,52,18,-8,19.698,-23.96
4.045,53,20,-5,20.616,-14.04
4.045,54,18,-16,24.083,-41.63
4.045,55,19,-14,23.601,-36.38
4.045,56,17,-10,19.723,-30.47
4.045,57,16,-10,18.868,-32.01
4.045,58,9,-21,22.847,-66.8
4.045,59,20,-20,28.284,-45.0
4.045,60,21,-17,27.019,-38.99
4.045,61,23,-22,31.828,-43.73
4.045,62,17,-1,17.029,-3.37
4.045,63,14,-3,14.318,-12.09
4.1496,0,23,113,115.317,78.5
4.1496,1,17,0,17.0,0.0
4.1496,2,4,-19,19.416,-78.11
4.1496,3,-4,-34,34.234,-96.71
4.1496,4,5,-26,26.476,-79.11
4.1496,5,-4,-17,17.464,-103.24
4.1496,6,-1,-12,12.042,-94.76
4.1496,7,1,-18,18.028,-86.82
4.1496,8,-11,-23,25.495,-115.56
4.1496,9,-15,-16,21.932,-133.15
4.1496,10,-4,-25,25.318,-99.09
4.1496,11,-3,-9,9.487,-108.43
4.1496,12,-2,-13,13.153,-98.75
4.1496,13,-1,-15,15.033,-93.81
4.1496,14,-5,-24,24.515,-101.77
4.1496,15,-4,-16,16.492,-104.04
4.1496,16,1,-14,14.036,-85.91
4.1496,17,-11,-20,22.825,-118.81
4.1496,18,-2,-16,16.125,-97.13
4.1496,19,-2,-15,15.133,-97.59
4.1496,20,-8,-19,20.616,-112.83
4.1496,21,-6,-12,13.416,-116.57
4.1496,22,9,-27,28.46,-71.57
4.1496,23,-2,-10,10.198,-101.31
4.1496,24,-3,-21,21.213,-98.13
4.1496,25,-2,-11,11.18,-100.3
4.1496,26,10,-15,18.028,-56.31
4.1496,27,0,0,0.0,0.0
4.1496,28,0,0,0.0,0.0
4.1496,29,0,0,0.0,0.0
4.1496,30,0,0,0.0,0.0
4.1496,31,0,0,0.0,0.0
4.1496,32,0,0,0.0,0.0
4.1496,33,0,0,0.0,0.0
4.1496,34,0,0,0.0,0.0
4.1496,35,0,0,0.0,0.0
4.1496,36,0,0,0.0,0.0
4.1496,37,0,0,0.0,0.0
4.1496,38,0,-18,18.0,-90.0
4.1496,39,-4,-14,14.56,-105.95
4.1496,40,-5,-16,16.763,-107.35
4.1496,41,-1,-18,18.028,-93.18
4.1496,42,-2,-18,18.111,-96.34
4.1496,43,1,-14,14.036,-85.91
4.1496,44,1,-20,20.025,-87.14
4.1496,45,-3,-22,22.204,-97.77
4.1496,46,3,-21,21.213,-81.87
4.1496,47,4,-22,22.361,-79.7
4.1496,48,2,-17,17.117,-83.29
4.1496,49,3,-18,18.248,-80.54
4.1496,50,3,-17,17.263,-79.99
4.1496,51,-1,-25,25.02,-92.29
4.1496,52,1,-12,12.042,-85.24
4.1496,53,1,-33,33.015,-88.26
4.1496,54,0,-23,23.0,-90.0
4.1496,55,2,-18,18.111,-83.66
4.1496,56,-2,-21,21.095,-95.44
4.1496,57,8,-22,23.409,-70.02
4.1496,58,-7,-29,29.833,-103.57
4.1496,59,8,-14,16.125,-60.26
4.1496,60,7,-14,15.652,-63.43
4.1496,61,-5,-10,11.18,-116.57
4.1496,62,9,-29,30.364,-72.76
4.1496,63,-1,0,1.0,180.0
4.2532,0,23,113,115.317,78.5
4.2532,1,17,0,17.0,0.0
4.2532,2,-23,24,33.242,133.78
4.2532,3,5,5,7.071,45.0
4.2532,4,-35,19,39.825,151.5
4.2532,5,-10,20,22.361,116.57
4.2532,6,-17,21,27.019,128.99
4.2532,7,0,17,17.0,90.0
4.2532,8,-12,12,16.971,135.0
4.2532,9,-25,3,25.179,173.16
4.2532,10,-2,7,7.28,105.95
4.2532,11,-20,13,23.854,146.98
4.2532,12,-17,15,22.672,138.58
4.2532,13,-10,9,13.454,138.01
4.2532,14,-15,9,17.493,149.04
4.2532,15,-21,6,21.84,164.05
4.2532,16,-21,9,22.847,156.8
4.2532,17,-18,7,19.313,158.75
4.2532,18,-27,3,27.166,173.66
4.2532,19,-13,7,14.765,151.7
4.2532,20,-10,7,12.207,145.01
4.2532,21,-23,-2,23.087,-175.03
4.2532,22,-23,-1,23.022,-177.51
4.2532,23,-13,-4,13.601,-162.9
4.2532,24,-21,-1,21.024,-177.27
4.2532,25,-19,-2,19.105,-173.99
4.2532,26,-8,-5,9.434,-147.99
4.2532,27,0,0,0.0,0.0
4.2532,28,0,0,0.0,0.0
4.2532,29,0,0,0.0,0.0
4.2532,30,0,0,0.0,0.0
4.2532,31,0,0,0.0,0.0
4.2532,32,0,0,0.0,0.0
4.2532,33,0,0,0.0,0.0
4.2532,34,0,0,0.0,0.0
4.2532,35,0,0,0.0,0.0
4.2532,36,0,0,0.0,0.0
4.2532,37,0,0,0.0,0.0
4.2532,38,10,18,20.591,60.95
4.2532,39,14,19,23.601,53.62
4.2532,40,12,17,20.809,54.78
4.2532,41,10,20,22.361,63.43
4.2532,42,7,18,19.313,68.75
4.2532,43,3,19,19.235,81.03
4.2532,44,4,26,26.306,81.25
4.2532,45,4,14,14.56,74.05
4.2532,46,3,25,25.179,83.16
4.2532,47,-5,24,24.515,101.77
4.2532,48,-3,13,13.342,102.99
4.2532,49,-2,18,18.111,96.34
4.2532,50,2,18,18.111,83.66
4.2532,51,-16,20,25.612,128.66
4.2532,52,-9,15,17.493,120.96
4.2532,53,-2,21,21.095,95.44
4.2532,54,-12,17,20.809,125.22
4.2532,55,-8,21,22.472,110.85
4.2532,56,-1,13,13.038,94.4
4.2532,57,-4,31,31.257,97.35
4.2532,58,-9,18,20.125,116.57
4.2532,59,15,34,37.162,66.19
4.2532,60,-7,3,7.616,156.8
4.2532,61,-12,4,12.649,161.57
4.2532,62,-9,8,12.042,138.37
4.2532,63,-20,14,24.413,145.01
4.3534,0,23,113,115.317,78.5
4.3534,1,17,0,17.0,0.0
4.3534,2,29,-17,33.615,-30.38
4.3534,3,1,-10,10.05,-84.29
4.3534,4,14,2,14.142,8.13
4.3534,5,29,-15,32.65,-27.35
4.3534,6,9,-20,21.932,-65.77
4.3534,7,20,-18,26.907,-41.99
4.3534,8,13,-8,15.264,-31.61
4.3534,9,13,-15,19.849,-49.09
4.3534,10,17,-15,22.672,-41.42
4.3534,11,17,-7,18.385,-22.38
4.3534,12,14,-13,19.105,-42.88
4.3534,13,20,-16,25.612,-38.66
4.3534,14,15,-9,17.493,-30.96
4.3534,15,18,-1,18.028,-3.18
4.3534,16,21,-12,24.187,-29.74
4.3534,17,15,-2,15.133,-7.59
4.3534,18,13,-5,13.928,-21.04
4.3534,19,15,3,15.297,11.31
4.3534,20,14,6,15.232,23.2
4.3534,21,18,-3,18.248,-9.46
4.3534,22,19,6,19.925,17.53
4.3534,23,17,7,18.385,22.38
4.3534,24,19,21,28.32,47.86
4.3534,25,13,7,14.765,28.3
4.3534,26,10,8,12.806,38.66
4.3534,27,0,0,0.0,0.0
4.3534,28,0,0,0.0,0.0
4.3534,29,0,0,0.0,0.0
4.3534,30,0,0,0.0,0.0
4.3534,31,0,0,0.0,0.0
4.3534,32,0,0,0.0,0.0
4.3534,33,0,0,0.0,0.0
4.3534,34,0,0,0.0,0.0
4.3534,35,0,0,0.0,0.0
4.3534,36,0,0,0.0,0.0
4.3534,37,0,0,0.0,0.0
4.3534,38,2,-18,18.111,-83.66
4.3534,39,5,-16,16.763,-72.65
4.3534,40,9,-14,16.643,-57.26
4.3534,41,4,-15,15.524,-75.07
4.3534,42,11,-15,18.601,-53.75
4.3534,43,6,-13,14.318,-65.22
4.3534,44,8,-14,16.125,-60.26
4.3534,45,9,-11,14.213,-50.71
4.3534,46,17,-19,25.495,-48.18
4.3534,47,20,-18,26.907,-41.99
4.3534,48,11,-16,19.416,-55.49
4.3534,49,12,-16,20.0,-53.13
4.3534,50,11,-15,18.601,-53.75
4.3534,51,18,-14,22.804,-37.87
4.3534,52,19,-15,24.207,-38.29
4.3534,53,15,-9,17.493,-30.96
4.3534,54,19,-13,23.022,-34.38
4.3534,55,20,-11,22.825,-28.81
4.3534,56,9,-13,15.811,-55.3
4.3534,57,16,-19,24.839,-49.9
4.3534,58,23,-8,24.352,-19.18
4.3534,59,25,-22,33.302,-41.35
4.3534,60,17,-18,24.759,-46.64
4.3534,61,17,-22,27.803,-52.31
4.3534,62,23,-17,28.601,-36.47
4.3534,63,15,-14,20.518,-43.03
4.4599,0,23,113,115.317,78.5
4.4599,1,17,0,17.0,0.0
4.4599,2,-6,-20,20.881,-106.7
4.4599,3,3,-19,19.235,-81.03
4.4599,4,2,-23,23.087,-85.03
4.4599,5,3,-15,15.297,-78.69
4.4599,6,-4,-18,18.439,-102.53
4.4599,7,3,-14,14.318,-77.91
4.4599,8,1,-18,18.028,-86.82
4.4599,9,7,-23,24.042,-73.07
4.4599,10,-8,-20,21.541,-111.8
4.4599,11,-13,-20,23.854,-123.02
4.4599,12,-9,-19,21.024,-115.35
4.4599,13,-6,-12,13.416,-116.57
4.4599,14,-10,-14,17.205,-125.54
4.4599,15,-14,-17,22.023,-129.47
4.4599,16,-10,-25,26.926,-111.8
4.4599,17,-5,-18,18.682,-105.52
4.4599,18,-8,-15,17.0,-118.07
4.4599,19,-11,-19,21.954,-120.07
4.4599,20,-17,-15,22.672,-138.58
4.4599,21,-9,-16,18.358,-119.36
4.4599,22,-14,-16,21.26,-131.19
4.4599,23,-9,-17,19.235,-117.9
4.4599,24,-7,-14,15.652,-116.57
4.4599,25,-14,-20,24.413,-124.99
4.4599,26,-8,-21,22.472,-110.85
4.4599,27,0,0,0.0,0.0
4.4599,28,0,0,0.0,0.0
4.4599,29,0,0,0.0,0.0
4.4599,30,0,0,0.0,0.0
4.4599,31,0,0,0.0,0.0
4.4599,32,0,0,0.0,0.0
4.4599,33,0,0,0.0,0.0
4.4599,34,0,0,0.0,0.0
4.4599,35,0,0,0.0,0.0
4.4599,36,0,0,0.0,0.0
4.4599,37,0,0,0.0,0.0
4.4599,38,2,-14,14.142,-81.87
4.4599,39,10,-12,15.62,-50.19
4.4599,40,9,-11,14.213,-50.71
4.4599,41,9,-14,16.643,-57.26
4.4599,42,8,-11,13.601,-53.97
4.4599,43,11,-16,19.416,-55.49
4.4599,44,10,-11,14.866,-47.73
4.4599,45,11,-14,17.804,-51.84
4.4599,46,12,-14,18.439,-49.4
4.4599,47,8,-13,15.264,-58.39
4.4599,48,13,-19,23.022,-55.62
4.4599,49,9,-11,14.213,-50.71
4.4599,50,12,-18,21.633,-56.31
4.4599,51,2,-14,14.142,-81.87
4.4599,52,7,-15,16.553,-64.98
4.4599,53,11,-7,13.038,-32.47
4.4599,54,1,-11,11.045,-84.81
4.4599,55,9,-15,17.493,-59.04
4.4599,56,17,-7,18.385,-22.38
4.4599,57,7,-24,25.0,-73.74
4.4599,58,14,-30,33.106,-64.98
4.4599,59,1,-11,11.045,-84.81
4.4599,60,-1,-18,18.028,-93.18
4.4599,61,3,-26,26.173,-83.42
4.4599,62,3,-10,10.44,-73.3
4.4599,63,6,-16,17.088,-69.44
4.5525,0,23,113,115.317,78.5
4.5525,1,17,0,17.0,0.0
4.5525,2,28,7,28.862,14.04
4.5525,3,23,0,23.0,0.0
4.5525,4,18,-16,24.083,-41.63
4.5525,5,20,1,20.025,2.86
4.5525,6,12,6,13.416,26.57
4.5525,7,19,0,19.0,0.0
4.5525,8,15,-4,15.524,-14.93
4.5525,9,16,0,16.0,0.0
4.5525,10,13,-5,13.928,-21.04
4.5525,11,17,-7,18.385,-22.38
4.5525,12,23,5,23.537,12.26
4.5525,13,10,1,10.05,5.71
4.5525,14,17,-3,17.263,-10.01
4.5525,15,19,-5,19.647,-14.74
4.5525,16,18,3,18.248,9.46
4.5525,17,17,2,17.117,6.71
4.5525,18,12,0,12.0,0.0
4.5525,19,15,0,15.0,0.0
4.5525,20,18,-2,18.111,-6.34
4.5525,21,14,-2,14.142,-8.13
4.5525,22,16,0,16.0,0.0
4.5525,23,10,-2,10.198,-11.31
4.5525,24,9,-1,9.055,-6.34
4.5525,25,18,-3,18.248,-9.46
4.5525,26,5,1,5.099,11.31
4.5525,27,0,0,0.0,0.0
4.5525,28,0,0,0.0,0.0
4.5525,29,0,0,0.0,0.0
4.5525,30,0,0,0.0,0.0
4.5525,31,0,0,0.0,0.0
4.5525,32,0,0,0.0,0.0
4.5525,33,0,0,0.0,0.0
4.5525,34,0,0,0.0,0.0
4.5525,35,0,0,0.0,0.0
4.5525,36,0,0,0.0,0.0
4.5525,37,0,0,0.0,0.0
4.5525,38,14,-3,14.318,-12.09
4.5525,39,13,2,13.153,8.75
4.5525,40,17,2,17.117,6.71
4.5525,41,17,2,17.117,6.71
4.5525,42,12,2,12.166,9.46
4.5525,43,14,1,14.036,4.09
4.5525,44,14,3,14.318,12.09
4.5525,45,17,1,17.029,3.37
4.5525,46,8,1,8.062,7.13
4.5525,47,19,-3,19.235,-8.97
4.5525,48,19,2,19.105,6.01
4.5525,49,14,-1,14.036,-4.09
4.5525,50,16,1,16.031,3.58
4.5525,51,12,2,12.166,9.46
4.5525,52,16,0,16.0,0.0
4.5525,53,12,2,12.166,9.46
4.5525,54,12,4,12.649,18.43
4.5525,55,15,0,15.0,0.0
4.5525,56,18,5,18.682,15.52
4.5525,57,12,6,13.416,26.57
4.5525,58,11,0,11.0,0.0
4.5525,59,21,-3,21.213,-8.13
4.5525,60,29,3,29.155,5.91
4.5525,61,13,-6,14.318,-24.78
4.5525,62,7,2,7.28,15.95
4.5525,63,21,-1,21.024,-2.73
4.7653,0,23,113,115.317,78.5
4.7653,1,17,0,17.0,0.0
4.7653,2,-7,2,7.28,164.05
4.7653,3,-22,-9,23.77,-157.75
4.7653,4,-16,7,17.464,156.37
4.7653,5,-26,10,27.857,158.96
4.7653,6,-2,4,4.472,116.57
4.7653,7,-17,5,17.72,163.61
4.7653,8,-29,12,31.385,157.52
4.7653,9,-19,16,24.839,139.9
4.7653,10,-15,5,15.811,161.57
4.7653,11,-17,15,22.672,138.58
4.7653,12,-18,15,23.431,140.19
4.7653,13,-13,12,17.692,137.29
4.7653,14,-16,16,22.627,135.0
4.7653,15,-18,9,20.125,153.43
4.7653,16,-22,20,29.732,137.73
4.7653,17,-26,11,28.231,157.07
4.7653,18,-18,9,20.125,153.43
4.7653,19,-30,13,32.696,156.57
4.7653,20,-25,8,26.249,162.26
4.7653,21,-18,7,19.313,158.75
4.7653,22,-19,6,19.925,162.47
4.7653,23,-18,2,18.111,173.66
4.7653,24,-26,5,26.476,169.11
4.7653,25,-26,10,27.857,158.96
4.7653,26,-16,-2,16.125,-172.87
4.7653,27,0,0,0.0,0.0
4.7653,28,0,0,0.0,0.0
4.7653,29,0,0,0.0,0.0
4.7653,30,0,0,0.0,0.0
4.7653,31,0,0,0.0,0.0
4.7653,32,0,0,0.0,0.0
4.7653,33,0,0,0.0,0.0
4.7653,34,0,0,0.0,0.0
4.7653,35,0,0,0.0,0.0
4.7653,36,0,0,0.0,0.0
4.7653,37,0,0,0.0,0.0
4.7653,38,-12,5,13.0,157.38
4.7653,39,-11,7,13.038,147.53
4.7653,40,-17,11,20.248,147.09
4.7653,41,-14,8,16.125,150.26
4.7653,42,-14,8,16.125,150.26
4.7653,43,-19,3,19.235,171.03
4.7653,44,-16,4,16.492,165.96
4.7653,45,-17,1,17.029,176.63
4.7653,46,-21,8,22.472,159.15
4.7653,47,-19,-6,19.925,-162.47
4.7653,48,-25,5,25.495,168.69
4.7653,49,-8,1,8.062,172.87
4.7653,50,-13,9,15.811,145.3
4.7653,51,-22,6,22.804,164.74
4.7653,52,-23,6,23.77,165.38
4.7653,53,-17,10,19.723,149.53
4.7653,54,-16,3,16.279,169.38
4.7653,55,-12,8,14.422,146.31
4.7653,56,-26,5,26.476,169.11
4.7653,57,-29,-10,30.676,-160.97
4.7653,58,-20,5,20.616,165.96
4.7653,59,-12,15,19.209,128.66
4.7653,60,-10,4,10.77,158.2
4.7653,61,-34,2,34.059,176.63
4.7653,62,-13,24,27.295,118.44
4.7653,63,-34,17,38.013,153.43
4.9702,0,23,113,115.317,78.5
4.9702,1,17,0,17.0,0.0
4.9702,2,9,-14,16.643,-57.26
4.9702,3,-9,-12,15.0,-126.87
4.9702,4,6,-10,11.662,-59.04
4.9702,5,8,-14,16.125,-60.26
4.9702,6,11,-23,25.495,-64.44
4.9702,7,10,-21,23.259,-64.54
4.9702,8,31,-20,36.892,-32.83
4.9702,9,15,-24,28.302,-57.99
4.9702,10,12,-20,23.324,-59.04
4.9702,11,12,-16,20.0,-53.13
4.9702,12,15,-17,22.672,-48.58
4.9702,13,7,-15,16.553,-64.98
4.9702,14,12,-15,19.209,-51.34
4.9702,15,13,-17,21.401,-52.59
4.9702,16,13,-18,22.204,-54.16
4.9702,17,16,-14,21.26,-41.19
4.9702,18,12,-13,17.692,-47.29
4.9702,19,18,-5,18.682,-15.52
4.9702,20,21,-12,24.187,-29.74
4.9702,21,21,-9,22.847,-23.2
4.9702,22,13,-8,15.264,-31.61
4.9702,23,18,-15,23.431,-39.81
4.9702,24,20,-11,22.825,-28.81
4.9702,25,19,-6,19.925,-17.53
4.9702,26,14,1,14.036,4.09
4.9702,27,0,0,0.0,0.0
4.9702,28,0,0,0.0,0.0
4.9702,29,0,0,0.0,0.0
4.9702,30,0,0,0.0,0.0
4.9702,31,0,0,0.0,0.0
4.9702,32,0,0,0.0,0.0
4.9702,33,0,0,0.0,0.0
4.9702,34,0,0,0.0,0.0
4.9702,35,0,0,0.0,0.0
4.9702,36,0,0,0.0,0.0
4.9702,37,0,0,0.0,0.0
4.9702,38,5,-13,13.928,-68.96
4.9702,39,7,-18,19.313,-68.75
4.9702,40,9,-14,16.643,-57.26
4.9702,41,17,-17,24.042,-45.0
4.9702,42,10,-16,18.868,-57.99
4.9702,43,11,-13,17.029,-49.76
4.9702,44,10,-11,14.866,-47.73
4.9702,45,16,-12,20.0,-36.87
4.9702,46,14,-13,19.105,-42.88
4.9702,47,13,-9,15.811,-34.7
4.9702,48,15,-11,18.601,-36.25
4.9702,49,17,-15,22.672,-41.42
4.9702,50,13,-7,14.765,-28.3
4.9702,51,16,-12,20.0,-36.87
4.9702,52,10,-16,18.868,-57.99
4.9702,53,16,-13,20.616,-39.09
4.9702,54,19,-17,25.495,-41.82
4.9702,55,9,-12,15.0,-53.13
4.9702,56,8,-5,9.434,-32.01
4.9702,57,23,-10,25.08,-23.5
4.9702,58,18,-3,18.248,-9.46
4.9702,59,12,-7,13.892,-30.26
4.9702,60,15,-8,17.0,-28.07
4.9702,61,14,-22,26.077,-57.53
4.9702,62,5,-4,6.403,-38.66
4.9702,63,23,-12,25.942,-27.55
5.0683,0,23,113,115.317,78.5
5.0683,1,17,0,17.0,0.0
5.0683,2,-3,30,30.15,95.71
5.0683,3,-6,8,10.0,126.87
5.0683,4,4,20,20.396,78.69
5.0683,5,-3,14,14.318,102.09
5.0683,6,-7,-2,7.28,-164.05
5.0683,7,8,29,30.083,74.58
5.0683,8,2,8,8.246,75.96
5.0683,9,-8,2,8.246,165.96
5.0683,10,-16,1,16.031,176.42
5.0683,11,-23,-7,24.042,-163.07
5.0683,12,-2,18,18.111,96.34
5.0683,13,-15,22,26.627,124.29
5.0683,14,-12,23,25.942,117.55
5.0683,15,-8,-3,8.544,-159.44
5.0683,16,-12,18,21.633,123.69
5.0683,17,-4,13,13.601,107.1
5.0683,18,-8,9,12.042,131.63
5.0683,19,-8,22,23.409,109.98
5.0683,20,-14,11,17.804,141.84
5.0683,21,-14,10,17.205,144.46
5.0683,22,-15,9,17.493,149.04
5.0683,23,-10,8,12.806,141.34
5.0683,24,-17,8,18.788,154.8
5.0683,25,-15,16,21.932,133.15
5.0683,26,-18,11,21.095,148.57
5.0683,27,0,0,0.0,0.0
5.0683,28,0,0,0.0,0.0
5.0683,29,0,0,0.0,0.0
5.0683,30,0,0,0.0,0.0
5.0683,31,0,0,0.0,0.0
5.0683,32,0,0,0.0,0.0
5.0683,33,0,0,0.0,0.0
5.0683,34,0,0,0.0,0.0
5.0683,35,0,0,0.0,0.0
5.0683,36,0,0,0.0,0.0
5.0683,37,0,0,0.0,0.0
5.0683,38,1,13,13.038,85.6
5.0683,39,-1,9,9.055,96.34
5.0683,40,2,12,12.166,80.54
5.0683,41,-3,19,19.235,98.97
5.0683,42,-3,12,12.369,104.04
5.0683,43,-4,18,18.439,102.53
5.0683,44,0,15,15.0,90.0
5.0683,45,-1,14,14.036,94.09
5.0683,46,-4,19,19.416,101.89
5.0683,47,-2,16,16.125,97.13
5.0683,48,-6,22,22.804,105.26
5.0683,49,1,17,17.029,86.63
5.0683,50,-6,16,17.088,110.56
5.0683,51,-10,15,18.028,123.69
5.0683,52,-6,14,15.232,113.2
5.0683,53,-6,13,14.318,114.78
5.0683,54,-7,11,13.038,122.47
5.0683,55,-2,14,14.142,98.13
5.0683,56,-6,9,10.817,123.69
5.0683,57,-4,14,14.56,105.95
5.0683,58,-4,15,15.524,104.93
5.0683,59,-1,5,5.099,101.31
5.0683,60,-6,16,17.088,110.56
5.0683,61,2,22,22.091,84.81
5.0683,62,-10,11,14.866,132.27
5.0683,63,0,16,16.0,90.0
5.1746,0,23,113,115.317,78.5
5.1746,1,17,0,17.0,0.0
5.1746,2,3,-17,17.263,-79.99
5.1746,3,4,-4,5.657,-45.0
5.1746,4,-27,-22,34.828,-140.83
5.1746,5,-2,-17,17.117,-96.71
5.1746,6,-29,-2,29.069,-176.05
5.1746,7,-15,-4,15.524,-165.07
5.1746,8,-23,-3,23.195,-172.57
5.1746,9,-14,-6,15.232,-156.8
5.1746,10,-7,-3,7.616,-156.8
5.1746,11,-21,2,21.095,174.56
5.1746,12,-18,6,18.974,161.57
5.1746,13,-24,4,24.331,170.54
5.1746,14,-16,6,17.088,159.44
5.1746,15,-15,9,17.493,149.04
5.1746,16,-18,1,18.028,176.82
5.1746,17,-18,11,21.095,148.57
5.1746,18,-18,4,18.439,167.47
5.1746,19,-15,10,18.028,146.31
5.1746,20,-22,5,22.561,167.2
5.1746,21,-11,16,19.416,124.51
5.1746,22,-19,12,22.472,147.72
5.1746,23,-7,6,9.22,139.4
5.1746,24,-9,7,11.402,142.13
5.1746,25,-9,17,19.235,117.9
5.1746,26,-11,1,11.045,174.81
5.1746,27,0,0,0.0,0.0
5.1746,28,0,0,0.0,0.0
5.1746,29,0,0,0.0,0.0
5.1746,30,0,0,0.0,0.0
5.1746,31,0,0,0.0,0.0
5.1746,32,0,0,0.0,0.0
5.1746,33,0,0,0.0,0.0
5.1746,34,0,0,0.0,0.0
5.1746,35,0,0,0.0,0.0
5.1746,36,0,0,0.0,0.0
5.1746,37,0,0,0.0,0.0
5.1746,38,10,-18,20.591,-60.95
5.1746,39,9,-16,18.358,-60.64
5.1746,40,11,-13,17.029,-49.76
5.1746,41,11,-10,14.866,-42.27
5.1746,42,12,-12,16.971,-45.0
5.1746,43,5,-16,16.763,-72.65
5.1746,44,6,-13,14.318,-65.22
5.1746,45,9,-19,21.024,-64.65
5.1746,46,11,-10,14.866,-42.27
5.1746,47,7,-22,23.087,-72.35
5.1746,48,7,-17,18.385,-67.62
5.1746,49,4,-15,15.524,-75.07
5.1746,50,2,-21,21.095,-84.56
5.1746,51,3,-11,11.402,-74.74
5.1746,52,-1,-21,21.024,-92.73
5.1746,53,4,-9,9.849,-66.04
5.1746,54,-3,-32,32.14,-95.36
5.1746,55,1,-11,11.045,-84.81
5.1746,56,-3,-12,12.369,-104.04
5.1746,57,8,-18,19.698,-66.04
5.1746,58,7,-20,21.19,-70.71
5.1746,59,-8,-20,21.541,-111.8
5.1746,60,6,-15,16.155,-68.2
5.1746,61,-15,-22,26.627,-124.29
5.1746,62,-11,-2,11.18,-169.7
5.1746,63,-8,-16,17.889,-116.57
5.2859,0,23,113,115.317,78.5
5.2859,1,17,0,17.0,0.0
5.2859,2,-14,-19,23.601,-126.38
5.2859,3,5,-6,7.81,-50.19
5.2859,4,-14,-20,24.413,-124.99
5.2859,5,-10,-15,18.028,-123.69
5.2859,6,-13,-12,17.692,-137.29
5.2859,7,-6,-6,8.485,-135.0
5.2859,8,-5,-18,18.682,-105.52
5.2859,9,-13,-19,23.022,-124.38
5.2859,10,-10,-14,17.205,-125.54
5.2859,11,-8,-15,17.0,-118.07
5.2859,12,-4,-22,22.361,-100.3
5.2859,13,-8,-18,19.698,-113.96
5.2859,14,-12,-10,15.62,-140.19
5.2859,15,-8,-14,16.125,-119.74
5.2859,16,-12,-18,21.633,-123.69
5.2859,17,-8,-18,19.698,-113.96
5.2859,18,-3,-21,21.213,-98.13
5.2859,19,-13,-8,15.264,-148.39
5.2859,20,-6,-22,22.804,-105.26
5.2859,21,-6,-9,10.817,-123.69
5.2859,22,-15,-12,19.209,-141.34
5.2859,23,-7,-14,15.652,-116.57
5.2859,24,-6,-13,14.318,-114.78
5.2859,25,-7,-15,16.553,-115.02
5.2859,26,-8,-7,10.63,-138.81
5.2859,27,0,0,0.0,0.0
5.2859,28,0,0,0.0,0.0
5.2859,29,0,0,0.0,0.0
5.2859,30,0,0,0.0,0.0
5.2859,31,0,0,0.0,0.0
5.2859,32,0,0,0.0,0.0
5.2859,33,0,0,0.0,0.0
5.2859,34,0,0,0.0,0.0
5.2859,35,0,0,0.0,0.0
5.2859,36,0,0,0.0,0.0
5.2859,37,0,0,0.0,0.0
5.2859,38,-9,-8,12.042,-138.37
5.2859,39,-14,-10,17.205,-144.46
5.2859,40,-10,-18,20.591,-119.05
5.2859,41,-11,-12,16.279,-132.51
5.2859,42,-9,-14,16.643,-122.74
5.2859,43,-6,-12,13.416,-116.57
5.2859,44,-10,-16,18.868,-122.01
5.2859,45,-9,-13,15.811,-124.7
5.2859,46,-12,-16,20.0,-126.87
5.2859,47,-5,-20,20.616,-104.04
5.2859,48,-14,-20,24.413,-124.99
5.2859,49,-2,-19,19.105,-96.01
5.2859,50,-12,-21,24.187,-119.74
5.2859,51,-6,-25,25.71,-103.5
5.2859,52,-8,-11,13.601,-126.03
5.2859,53,-3,-10,10.44,-106.7
5.2859,54,-11,-14,17.804,-128.16
5.2859,55,-14,-18,22.804,-127.87
5.2859,56,-5,-9,10.296,-119.05
5.2859,57,-10,-19,21.471,-117.76
5.2859,58,-9,-19,21.024,-115.35
5.2859,59,-15,-18,23.431,-129.81
5.2859,60,-18,-12,21.633,-146.31
5.2859,61,-1,-22,22.023,-92.6
5.2859,62,-18,-34,38.471,-117.9
5.2859,63,2,-8,8.246,-75.96
5.3115,0,92,-63,111.503,-34.4
5.3115,1,21,0,21.0,0.0
5.3115,2,-11,27,29.155,112.17
5.3115,3,-13,0,13.0,180.0
5.3115,4,-2,6,6.325,108.43
5.3115,5,-19,17,25.495,138.18
5.3115,6,-19,19,26.87,135.0
5.3115,7,-14,18,22.804,127.87
5.3115,8,-16,17,23.345,133.26
5.3115,9,-14,11,17.804,141.84
5.3115,10,-7,7,9.899,135.0
5.3115,11,-8,24,25.298,108.43
5.3115,12,-11,14,17.804,128.16
5.3115,13,-4,17,17.464,103.24
5.3115,14,-13,11,17.029,139.76
5.3115,15,-24,11,26.401,155.38
5.3115,16,-16,7,17.464,156.37
5.3115,17,-18,9,20.125,153.43
5.3115,18,-26,15,30.017,150.02
5.3115,19,-18,11,21.095,148.57
5.3115,20,-14,12,18.439,139.4
5.3115,21,-14,9,16.643,147.26
5.3115,22,-14,-5,14.866,-160.35
5.3115,23,-17,6,18.028,160.56
5.3115,24,-16,6,17.088,159.44
5.3115,25,-16,5,16.763,162.65
5.3115,26,-15,4,15.524,165.07
5.3115,27,0,0,0.0,0.0
5.3115,28,0,0,0.0,0.0
5.3115,29,0,0,0.0,0.0
5.3115,30,0,0,0.0,0.0
5.3115,31,0,0,0.0,0.0
5.3115,32,0,0,0.0,0.0
5.3115,33,0,0,0.0,0.0
5.3115,34,0,0,0.0,0.0
5.3115,35,0,0,0.0,0.0
5.3115,36,0,0,0.0,0.0
5.3115,37,0,0,0.0,0.0
5.3115,38,2,14,14.142,81.87
5.3115,39,2,19,19.105,83.99
5.3115,40,0,14,14.0,90.0
5.3115,41,-2,18,18.111,96.34
5.3115,42,-3,15,15.297,101.31
5.3115,43,-4,13,13.601,107.1
5.3115,44,-4,18,18.439,102.53
5.3115,45,-10,15,18.028,123.69
5.3115,46,-4,14,14.56,105.95
5.3115,47,-8,17,18.788,115.2
5.3115,48,-2,12,12.166,99.46
5.3115,49,-4,18,18.439,102.53
5.3115,50,-6,14,15.232,113.2
5.3115,51,-6,17,18.028,109.44
5.3115,52,-2,17,17.117,96.71
5.3115,53,-9,16,18.358,119.36
5.3115,54,-6,11,12.53,118.61
5.3115,55,-13,16,20.616,129.09
5.3115,56,-10,16,18.868,122.01
5.3115,57,-10,3,10.44,163.3
5.3115,58,-8,9,12.042,131.63
5.3115,59,-15,13,19.849,139.09
5.3115,60,-24,32,40.0,126.87
5.3115,61,-13,16,20.616,129.09
5.3115,62,-18,15,23.431,140.19
5.3115,63,1,22,22.023,87.4
5.387,0,92,-63,111.503,-34.4
5.387,1,21,0,21.0,0.0
5.387,2,-13,3,13.342,167.01
5.387,3,4,17,17.464,76.76
5.387,4,-37,23,43.566,148.13
5.387,5,-13,10,16.401,142.43
5.387,6,-9,23,24.698,111.37
5.387,7,-9,17,19.235,117.9
5.387,8,-11,11,15.556,135.0
5.387,9,-3,26,26.173,96.58
5.387,10,-1,21,21.024,92.73
5.387,11,3,22,22.204,82.23
5.387,12,-1,29,29.017,91.97
5.387,13,2,16,16.125,82.87
5.387,14,-3,21,21.213,98.13
5.387,15,4,20,20.396,78.69
5.387,16,-3,25,25.179,96.84
5.387,17,1,25,25.02,87.71
5.387,18,-5,22,22.561,102.8
5.387,19,11,19,21.954,59.93
5.387,20,5,20,20.616,75.96
5.387,21,6,16,17.088,69.44
5.387,22,4,11,11.705,70.02
5.387,23,13,18,22.204,54.16
5.387,24,13,13,18.385,45.0
5.387,25,6,22,22.804,74.74
5.387,26,2,14,14.142,81.87
5.387,27,0,0,0.0,0.0
5.387,28,0,0,0.0,0.0
5.387,29,0,0,0.0,0.0
5.387,30,0,0,0.0,0.0
5.387,31,0,0,0.0,0.0
5.387,32,0,0,0.0,0.0
5.387,33,0,0,0.0,0.0
5.387,34,0,0,0.0,0.0
5.387,35,0,0,0.0,0.0
5.387,36,0,0,0.0,0.0
5.387,37,0,0,0.0,0.0
5.387,38,-16,-7,17.464,-156.37
5.387,39,-17,-4,17.464,-166.76
5.387,40,-20,-2,20.1,-174.29
5.387,41,-17,0,17.0,180.0
5.387,42,-18,-4,18.439,-167.47
5.387,43,-13,-5,13.928,-158.96
5.387,44,-25,-9,26.571,-160.2
5.387,45,-21,-2,21.095,-174.56
5.387,46,-21,-1,21.024,-177.27
5.387,47,-23,-3,23.195,-172.57
5.387,48,-24,-8,25.298,-161.57
5.387,49,-18,-6,18.974,-161.57
5.387,50,-19,4,19.416,168.11
5.387,51,-16,4,16.492,165.96
5.387,52,-21,4,21.378,169.22
5.387,53,-18,3,18.248,170.54
5.387,54,-19,1,19.026,176.99
5.387,55,-26,6,26.683,167.01
5.387,56,-28,-2,28.071,-175.91
5.387,57,-35,-8,35.903,-167.12
5.387,58,-23,9,24.698,158.63
5.387,59,-11,3,11.402,164.74
5.387,60,-8,14,16.125,119.74
5.387,61,5,22,22.561,77.2
5.387,62,-32,-4,32.249,-172.87
5.387,63,-25,0,25.0,180.0
5.5849,0,23,113,115.317,78.5
5.5849,1,17,0,17.0,0.0
5.5849,2,-9,18,20.125,116.57
5.5849,3,-24,23,33.242,136.22
5.5849,4,-7,-6,9.22,-139.4
5.5849,5,-6,3,6.708,153.43
5.5849,6,-14,-4,14.56,-164.05
5.5849,7,-12,5,13.0,157.38
5.5849,8,-13,23,26.42,119.48
5.5849,9,-10,13,16.401,127.57
5.5849,10,-9,8,12.042,138.37
5.5849,11,-11,20,22.825,118.81
5.5849,12,-20,10,22.361,153.43
5.5849,13,-16,14,21.26,138.81
5.5849,14,-9,12,15.0,126.87
5.5849,15,-6,8,10.0,126.87
5.5849,16,-12,9,15.0,143.13
5.5849,17,-14,5,14.866,160.35
5.5849,18,-4,15,15.524,104.93
5.5849,19,-12,12,16.971,135.0
5.5849,20,-13,7,14.765,151.7
5.5849,21,-15,10,18.028,146.31
5.5849,22,-13,10,16.401,142.43
5.5849,23,-6,9,10.817,123.69
5.5849,24,-5,17,17.72,106.39
5.5849,25,-13,15,19.849,130.91
5.5849,26,-12,13,17.692,132.71
5.5849,27,0,0,0.0,0.0
5.5849,28,0,0,0.0,0.0
5.5849,29,0,0,0.0,0.0
5.5849,30,0,0,0.0,0.0
5.5849,31,0,0,0.0,0.0
5.5849,32,0,0,0.0,0.0
5.5849,33,0,0,0.0,0.0
5.5849,34,0,0,0.0,0.0
5.5849,35,0,0,0.0,0.0
5.5849,36,0,0,0.0,0.0
5.5849,37,0,0,0.0,0.0
5.5849,38,-17,-5,17.72,-163.61
5.5849,39,-16,-2,16.125,-172.87
5.5849,40,-18,-1,18.028,-176.82
5.5849,41,-20,-6,20.881,-163.3
5.5849,42,-20,-2,20.1,-174.29
5.5849,43,-18,-6,18.974,-161.57
5.5849,44,-16,-3,16.279,-169.38
5.5849,45,-18,-3,18.248,-170.54
5.5849,46,-16,-5,16.763,-162.65
5.5849,47,-20,3,20.224,171.47
5.5849,48,-14,-2,14.142,-171.87
5.5849,49,-14,-1,14.036,-175.91
5.5849,50,-19,-5,19.647,-165.26
5.5849,51,-21,-7,22.136,-161.57
5.5849,52,-18,-1,18.028,-176.82
5.5849,53,-18,-3,18.248,-170.54
5.5849,54,-18,-1,18.028,-176.82
5.5849,55,-25,3,25.179,173.16
5.5849,56,-17,-1,17.029,-176.63
5.5849,57,-19,1,19.026,176.99
5.5849,58,-29,11,31.016,159.23
5.5849,59,-26,-8,27.203,-162.9
5.5849,60,-12,1,12.042,175.24
5.5849,61,-11,9,14.213,140.71
5.5849,62,-4,-11,11.705,-109.98
5.5849,63,-19,17,25.495,138.18
5.7867,0,23,113,115.317,78.5
5.7867,1,17,0,17.0,0.0
5.7867,2,19,-4,19.416,-11.89
5.7867,3,26,0,26.0,0.0
5.7867,4,15,-8,17.0,-28.07
5.7867,5,15,-4,15.524,-14.93
5.7867,6,24,-10,26.0,-22.62
5.7867,7,12,7,13.892,30.26
5.7867,8,15,0,15.0,0.0
5.7867,9,25,-5,25.495,-11.31
5.7867,10,8,-10,12.806,-51.34
5.7867,11,10,-8,12.806,-38.66
5.7867,12,24,-12,26.833,-26.57
5.7867,13,11,-4,11.705,-19.98
5.7867,14,21,-2,21.095,-5.44
5.7867,15,19,-8,20.616,-22.83
5.7867,16,13,-3,13.342,-12.99
5.7867,17,20,-10,22.361,-26.57
5.7867,18,26,-8,27.203,-17.1
5.7867,19,25,3,25.179,6.84
5.7867,20,18,0,18.0,0.0
5.7867,21,15,7,16.553,25.02
5.7867,22,21,6,21.84,15.95
5.7867,23,22,3,22.204,7.77
5.7867,24,14,1,14.036,4.09
5.7867,25,12,-2,12.166,-9.46
5.7867,26,16,11,19.416,34.51
5.7867,27,0,0,0.0,0.0
5.7867,28,0,0,0.0,0.0
5.7867,29,0,0,0.0,0.0
5.7867,30,0,0,0.0,0.0
5.7867,31,0,0,0.0,0.0
5.7867,32,0,0,0.0,0.0
5.7867,33,0,0,0.0,0.0
5.7867,34,0,0,0.0,0.0
5.7867,35,0,0,0.0,0.0
5.7867,36,0,0,0.0,0.0
5.7867,37,0,0,0.0,0.0
5.7867,38,12,-6,13.416,-26.57
5.7867,39,13,-10,16.401,-37.57
5.7867,40,14,-10,17.205,-35.54
5.7867,41,11,-8,13.601,-36.03
5.7867,42,14,-11,17.804,-38.16
5.7867,43,21,-12,24.187,-29.74
5.7867,44,18,-13,22.204,-35.84
5.7867,45,21,-6,21.84,-15.95
5.7867,46,16,-8,17.889,-26.57
5.7867,47,16,-5,16.763,-17.35
5.7867,48,21,-12,24.187,-29.74
5.7867,49,12,-9,15.0,-36.87
5.7867,50,12,-6,13.416,-26.57
5.7867,51,23,-7,24.042,-16.93
5.7867,52,20,-2,20.1,-5.71
5.7867,53,14,-9,16.643,-32.74
5.7867,54,16,-2,16.125,-7.13
5.7867,55,20,-5,20.616,-14.04
5.7867,56,15,-6,16.155,-21.8
5.7867,57,8,9,12.042,48.37
5.7867,58,13,-5,13.928,-21.04
5.7867,59,15,5,15.811,18.43
5.7867,60,23,7,24.042,16.93
5.7867,61,37,-9,38.079,-13.67
5.7867,62,18,3,18.248,9.46
5.7867,63,39,3,39.115,4.4
5.9875,0,23,113,115.317,78.5
5.9875,1,17,0,17.0,0.0
5.9875,2,15,-4,15.524,-14.93
5.9875,3,-9,10,13.454,131.99
5.9875,4,26,22,34.059,40.24
5.9875,5,16,8,17.889,26.57
5.9875,6,22,23,31.828,46.27
5.9875,7,7,6,9.22,40.6
5.9875,8,22,5,22.561,12.8
5.9875,9,26,13,29.069,26.57
5.9875,10,17,13,21.401,37.41
5.9875,11,26,11,28.231,22.93
5.9875,12,19,8,20.616,22.83
5.9875,13,12,1,12.042,4.76
5.9875,14,24,6,24.739,14.04
5.9875,15,19,8,20.616,22.83
5.9875,16,25,5,25.495,11.31
5.9875,17,34,2,34.059,3.37
5.9875,18,28,-3,28.16,-6.12
5.9875,19,28,2,28.071,4.09
5.9875,20,21,12,24.187,29.74
5.9875,21,9,10,13.454,48.01
5.9875,22,15,9,17.493,30.96
5.9875,23,22,19,29.069,40.82
5.9875,24,16,15,21.932,43.15
5.9875,25,10,12,15.62,50.19
5.9875,26,15,14,20.518,43.03
5.9875,27,0,0,0.0,0.0
5.9875,28,0,0,0.0,0.0
5.9875,29,0,0,0.0,0.0
5.9875,30,0,0,0.0,0.0
5.9875,31,0,0,0.0,0.0
5.9875,32,0,0,0.0,0.0
5.9875,33,0,0,0.0,0.0
5.9875,34,0,0,0.0,0.0
5.9875,35,0,0,0.0,0.0
5.9875,36,0,0,0.0,0.0
5.9875,37,0,0,0.0,0.0
5.9875,38,7,17,18.385,67.62
5.9875,39,6,12,13.416,63.43
5.9875,40,0,23,23.0,90.0
5.9875,41,-4,18,18.439,102.53
5.9875,42,1,20,20.025,87.14
5.9875,43,4,10,10.77,68.2
5.9875,44,1,19,19.026,86.99
5.9875,45,3,18,18.248,80.54
5.9875,46,-1,19,19.026,93.01
5.9875,47,2,14,14.142,81.87
5.9875,48,-2,18,18.111,96.34
5.9875,49,-4,22,22.361,100.3
5.9875,50,4,21,21.378,79.22
5.9875,51,-3,14,14.318,102.09
5.9875,52,2,25,25.08,85.43
5.9875,53,6,25,25.71,76.5
5.9875,54,15,11,18.601,36.25
5.9875,55,16,13,20.616,39.09
5.9875,56,-2,3,3.606,123.69
5.9875,57,12,23,25.942,62.45
5.9875,58,-6,8,10.0,126.87
5.9875,59,20,15,25.0,36.87
5.9875,60,4,11,11.705,70.02
5.9875,61,10,-10,14.142,-45.0
5.9875,62,18,6,18.974,18.43
5.9875,63,5,18,18.682,74.48
6.0986,0,23,113,115.317,78.5
6.0986,1,17,0,17.0,0.0
6.0986,2,-14,-8,16.125,-150.26
6.0986,3,-22,-14,26.077,-147.53
6.0986,4,-11,-2,11.18,-169.7
6.0986,5,-12,-8,14.422,-146.31
6.0986,6,-25,1,25.02,177.71
6.0986,7,-24,-3,24.187,-172.87
6.0986,8,-5,-17,17.72,-106.39
6.0986,9,-26,6,26.683,167.01
6.0986,10,-10,-6,11.662,-149.04
6.0986,11,-10,-16,18.868,-122.01
6.0986,12,-13,-10,16.401,-142.43
6.0986,13,-16,2,16.125,172.87
6.0986,14,-15,-5,15.811,-161.57
6.0986,15,-18,-7,19.313,-158.75
6.0986,16,-15,-5,15.811,-161.57
6.0986,17,-17,6,18.028,160.56
6.0986,18,-20,-12,23.324,-149.04
6.0986,19,-23,-4,23.345,-170.13
6.0986,20,-21,-3,21.213,-171.87
6.0986,21,-21,-6,21.84,-164.05
6.0986,22,-14,-7,15.652,-153.43
6.0986,23,-15,-13,19.849,-139.09
6.0986,24,-10,-6,11.662,-149.04
6.0986,25,-17,-6,18.028,-160.56
6.0986,26,-14,-4,14.56,-164.05
6.0986,27,0,0,0.0,0.0
6.0986,28,0,0,0.0,0.0
6.0986,29,0,0,0.0,0.0
6.0986,30,0,0,0.0,0.0
6.0986,31,0,0,0.0,0.0
6.0986,32,0,0,0.0,0.0
6.0986,33,0,0,0.0,0.0
6.0986,34,0,0,0.0,0.0
6.0986,35,0,0,0.0,0.0
6.0986,36,0,0,0.0,0.0
6.0986,37,0,0,0.0,0.0
6.0986,38,-12,0,12.0,180.0
6.0986,39,-16,-7,17.464,-156.37
6.0986,40,-13,0,13.0,180.0
6.0986,41,-13,-8,15.264,-148.39
6.0986,42,-19,1,19.026,176.99
6.0986,43,-10,-7,12.207,-145.01
6.0986,44,-16,-6,17.088,-159.44
6.0986,45,-19,-2,19.105,-173.99
6.0986,46,-15,-9,17.493,-149.04
6.0986,47,-15,-9,17.493,-149.04
6.0986,48,-12,-9,15.0,-143.13
6.0986,49,-20,-10,22.361,-153.43
6.0986,50,-19,-11,21.954,-149.93
6.0986,51,-19,-6,19.925,-162.47
6.0986,52,-14,-9,16.643,-147.26
6.0986,53,-15,-10,18.028,-146.31
6.0986,54,-15,-10,18.028,-146.31
6.0986,55,-11,-6,12.53,-151.39
6.0986,56,-16,-4,16.492,-165.96
6.0986,57,-14,-7,15.652,-153.43
6.0986,58,-15,-10,18.028,-146.31
6.0986,59,-15,-9,17.493,-149.04
6.0986,60,-16,-5,16.763,-162.65
6.0986,61,-17,-3,17.263,-169.99
6.0986,62,-14,-3,14.318,-167.91
6.0986,63,-17,-5,17.72,-163.61
6.2046,0,23,113,115.317,78.5
6.2046,1,17,0,17.0,0.0
6.2046,2,-11,-20,22.825,-118.81
6.2046,3,-23,0,23.0,180.0
6.2046,4,-23,-21,31.145,-137.6
6.2046,5,-17,-21,27.019,-128.99
6.2046,6,-13,-5,13.928,-158.96
6.2046,7,-21,-12,24.187,-150.26
6.2046,8,-15,-7,16.553,-154.98
6.2046,9,-24,-21,31.89,-138.81
6.2046,10,-16,-13,20.616,-140.91
6.2046,11,-20,-11,22.825,-151.19
6.2046,12,-22,-11,24.597,-153.43
6.2046,13,-19,-6,19.925,-162.47
6.2046,14,-22,-4,22.361,-169.7
6.2046,15,-15,-10,18.028,-146.31
6.2046,16,-18,-23,29.206,-128.05
6.2046,17,-14,-12,18.439,-139.4
6.2046,18,-19,-16,24.839,-139.9
6.2046,19,-9,-11,14.213,-129.29
6.2046,20,-19,-13,23.022,-145.62
6.2046,21,-21,-11,23.707,-152.35
6.2046,22,-10,-16,18.868,-122.01
6.2046,23,-10,-12,15.62,-129.81
6.2046,24,-17,-15,22.672,-138.58
6.2046,25,-6,-16,17.088,-110.56
6.2046,26,-10,-20,22.361,-116.57
6.2046,27,0,0,0.0,0.0
6.2046,28,0,0,0.0,0.0
6.2046,29,0,0,0.0,0.0
6.2046,30,0,0,0.0,0.0
6.2046,31,0,0,0.0,0.0
6.2046,32,0,0,0.0,0.0
6.2046,33,0,0,0.0,0.0
6.2046,34,0,0,0.0,0.0
6.2046,35,0,0,0.0,0.0
6.2046,36,0,0,0.0,0.0
6.2046,37,0,0,0.0,0.0
6.2046,38,-12,-14,18.439,-130.6
6.2046,39,-17,-9,19.235,-152.1
6.2046,40,-21,-14,25.239,-146.31
6.2046,41,-15,-9,17.493,-149.04
6.2046,42,-16,-19,24.839,-130.1
6.2046,43,-23,-14,26.926,-148.67
6.2046,44,-19,-11,21.954,-149.93
6.2046,45,-15,-8,17.0,-151.93
6.2046,46,-7,-17,18.385,-112.38
6.2046,47,-18,-12,21.633,-146.31
6.2046,48,-11,-25,27.313,-113.75
6.2046,49,-19,-22,29.069,-130.82
6.2046,50,-10,-21,23.259,-115.46
6.2046,51,-16,-18,24.083,-131.63
6.2046,52,-15,-18,23.431,-129.81
6.2046,53,-8,-18,19.698,-113.96
6.2046,54,-9,-13,15.811,-124.7
6.2046,55,-15,-24,28.302,-122.01
6.2046,56,-19,-19,26.87,-135.0
6.2046,57,-8,-22,23.409,-109.98
6.2046,58,-26,-24,35.384,-137.29
6.2046,59,-14,-19,23.601,-126.38
6.2046,60,-12,-26,28.636,-114.78
6.2046,61,-13,-10,16.401,-142.43
6.2046,62,-15,-8,17.0,-151.93
6.2046,63,-11,-6,12.53,-151.39
6.3026,0,23,113,115.317,78.5
6.3026,1,17,0,17.0,0.0
6.3026,2,-17,6,18.028,160.56
6.3026,3,-16,33,36.674,115.87
6.3026,4,-10,4,10.77,158.2
6.3026,5,-13,5,13.928,158.96
6.3026,6,-27,-3,27.166,-173.66
6.3026,7,-44,3,44.102,176.1
6.3026,8,-16,-16,22.627,-135.0
6.3026,9,-18,-6,18.974,-161.57
6.3026,10,-20,-2,20.1,-174.29
6.3026,11,-24,-14,27.785,-149.74
6.3026,12,-21,4,21.378,169.22
6.3026,13,-17,-3,17.263,-169.99
6.3026,14,-20,-5,20.616,-165.96
6.3026,15,-18,-17,24.759,-136.64
6.3026,16,-13,-10,16.401,-142.43
6.3026,17,-13,-13,18.385,-135.0
6.3026,18,-16,-13,20.616,-140.91
6.3026,19,-9,-17,19.235,-117.9
6.3026,20,-14,-13,19.105,-137.12
6.3026,21,-8,-21,22.472,-110.85
6.3026,22,-10,-12,15.62,-129.81
6.3026,23,-6,-21,21.84,-105.95
6.3026,24,-6,-15,16.155,-111.8
6.3026,25,-9,-11,14.213,-129.29
6.3026,26,-2,-14,14.142,-98.13
6.3026,27,0,0,0.0,0.0
6.3026,28,0,0,0.0,0.0
6.3026,29,0,0,0.0,0.0
6.3026,30,0,0,0.0,0.0
6.3026,31,0,0,0.0,0.0
6.3026,32,0,0,0.0,0.0
6.3026,33,0,0,0.0,0.0
6.3026,34,0,0,0.0,0.0
6.3026,35,0,0,0.0,0.0
6.3026,36,0,0,0.0,0.0
6.3026,37,0,0,0.0,0.0
6.3026,38,2,11,11.18,79.7
6.3026,39,2,14,14.142,81.87
6.3026,40,5,16,16.763,72.65
6.3026,41,2,13,13.153,81.25
6.3026,42,-1,20,20.025,92.86
6.3026,43,-2,15,15.133,97.59
6.3026,44,-3,18,18.248,99.46
6.3026,45,-8,19,20.616,112.83
6.3026,46,-5,16,16.763,107.35
6.3026,47,-7,15,16.553,115.02
6.3026,48,-13,15,19.849,130.91
6.3026,49,-13,16,20.616,129.09
6.3026,50,-16,13,20.616,140.91
6.3026,51,-13,23,26.42,119.48
6.3026,52,-21,11,23.707,152.35
6.3026,53,-15,12,19.209,141.34
6.3026,54,-9,17,19.235,117.9
6.3026,55,-14,4,14.56,164.05
6.3026,56,-23,10,25.08,156.5
6.3026,57,-23,21,31.145,137.6
6.3026,58,-31,-2,31.064,-176.31
6.3026,59,-26,20,32.802,142.43
6.3026,60,-11,2,11.18,169.7
6.3026,61,-29,-10,30.676,-160.97
6.3026,62,-24,-5,24.515,-168.23
6.3026,63,-23,30,37.802,127.48
6.5035,0,28,-64,69.857,-66.37
6.5035,1,1,0,1.0,0.0
6.5035,2,16,18,24.083,48.37
6.5035,3,16,18,24.083,48.37
6.5035,4,16,17,23.345,46.74
6.5035,5,17,17,24.042,45.0
6.5035,6,16,16,22.627,45.0
6.5035,7,16,14,21.26,41.19
6.5035,8,17,14,22.023,39.47
6.5035,9,16,14,21.26,41.19
6.5035,10,16,12,20.0,36.87
6.5035,11,18,12,21.633,33.69
6.5035,12,17,11,20.248,32.91
6.5035,13,17,11,20.248,32.91
6.5035,14,18,11,21.095,31.43
6.5035,15,17,11,20.248,32.91
6.5035,16,17,11,20.248,32.91
6.5035,17,17,11,20.248,32.91
6.5035,18,17,12,20.809,35.22
6.5035,19,16,12,20.0,36.87
6.5035,20,15,11,18.601,36.25
6.5035,21,15,12,19.209,38.66
6.5035,22,13,11,17.029,40.24
6.5035,23,13,11,17.029,40.24
6.5035,24,12,12,16.971,45.0
6.5035,25,11,13,17.029,49.76
6.5035,26,9,13,15.811,55.3
6.5035,27,0,0,0.0,0.0
6.5035,28,0,0,0.0,0.0
6.5035,29,0,0,0.0,0.0
6.5035,30,0,0,0.0,0.0
6.5035,31,0,0,0.0,0.0
6.5035,32,0,0,0.0,0.0
6.5035,33,0,0,0.0,0.0
6.5035,34,0,0,0.0,0.0
6.5035,35,0,0,0.0,0.0
6.5035,36,0,0,0.0,0.0
6.5035,37,0,0,0.0,0.0
6.5035,38,15,11,18.601,36.25
6.5035,39,14,13,19.105,42.88
6.5035,40,14,14,19.799,45.0
6.5035,41,14,15,20.518,46.97
6.5035,42,13,16,20.616,50.91
6.5035,43,13,18,22.204,54.16
6.5035,44,13,19,23.022,55.62
6.5035,45,12,19,22.472,57.72
6.5035,46,11,20,22.825,61.19
6.5035,47,12,20,23.324,59.04
6.5035,48,12,22,25.06,61.39
6.5035,49,11,21,23.707,62.35
6.5035,50,12,21,24.187,60.26
6.5035,51,11,20,22.825,61.19
6.5035,52,11,20,22.825,61.19
6.5035,53,11,21,23.707,62.35
6.5035,54,10,20,22.361,63.43
6.5035,55,11,20,22.825,61.19
6.5035,56,13,20,23.854,56.98
6.5035,57,14,20,24.413,55.01
6.5035,58,14,19,23.601,53.62
6.5035,59,14,19,23.601,53.62
6.5035,60,14,19,23.601,53.62
6.5035,61,17,20,26.249,49.64
6.5035,62,17,19,25.495,48.18
6.5035,63,17,20,26.249,49.64
6.5444,0,28,-64,69.857,-66.37
6.5444,1,1,0,1.0,0.0
6.5444,2,-21,-13,24.698,-148.24
6.5444,3,-22,-13,25.554,-149.42
6.5444,4,-20,-11,22.825,-151.19
6.5444,5,-20,-11,22.825,-151.19
6.5444,6,-20,-10,22.361,-153.43
6.5444,7,-20,-9,21.932,-155.77
6.5444,8,-19,-9,21.024,-154.65
6.5444,9,-18,-9,20.125,-153.43
6.5444,10,-18,-7,19.313,-158.75
6.5444,11,-20,-6,20.881,-163.3
6.5444,12,-19,-6,19.925,-162.47
6.5444,13,-20,-6,20.881,-163.3
6.5444,14,-20,-5,20.616,-165.96
6.5444,15,-19,-6,19.925,-162.47
6.5444,16,-20,-6,20.881,-163.3
6.5444,17,-19,-6,19.925,-162.47
6.5444,18,-19,-6,19.925,-162.47
6.5444,19,-18,-7,19.313,-158.75
6.5444,20,-17,-7,18.385,-157.62
6.5444,21,-17,-7,18.385,-157.62
6.5444,22,-15,-8,17.0,-151.93
6.5444,23,-16,-7,17.464,-156.37
6.5444,24,-15,-8,17.0,-151.93
6.5444,25,-14,-8,16.125,-150.26
6.5444,26,-12,-10,15.62,-140.19
6.5444,27,0,0,0.0,0.0
6.5444,28,0,0,0.0,0.0
6.5444,29,0,0,0.0,0.0
6.5444,30,0,0,0.0,0.0
6.5444,31,0,0,0.0,0.0
6.5444,32,0,0,0.0,0.0
6.5444,33,0,0,0.0,0.0
6.5444,34,0,0,0.0,0.0
6.5444,35,0,0,0.0,0.0
6.5444,36,0,0,0.0,0.0
6.5444,37,0,0,0.0,0.0
6.5444,38,-17,-6,18.028,-160.56
6.5444,39,-18,-8,19.698,-156.04
6.5444,40,-17,-9,19.235,-152.1
6.5444,41,-18,-10,20.591,-150.95
6.5444,42,-18,-11,21.095,-148.57
6.5444,43,-17,-13,21.401,-142.59
6.5444,44,-17,-14,22.023,-140.53
6.5444,45,-17,-14,22.023,-140.53
6.5444,46,-16,-15,21.932,-136.85
6.5444,47,-17,-15,22.672,-138.58
6.5444,48,-18,-16,24.083,-138.37
6.5444,49,-17,-16,23.345,-136.74
6.5444,50,-17,-16,23.345,-136.74
6.5444,51,-17,-16,23.345,-136.74
6.5444,52,-17,-16,23.345,-136.74
6.5444,53,-17,-16,23.345,-136.74
6.5444,54,-16,-16,22.627,-135.0
6.5444,55,-16,-15,21.932,-136.85
6.5444,56,-18,-15,23.431,-140.19
6.5444,57,-19,-14,23.601,-143.62
6.5444,58,-19,-14,23.601,-143.62
6.5444,59,-19,-14,23.601,-143.62
6.5444,60,-19,-14,23.601,-143.62
6.5444,61,-22,-14,26.077,-147.53
6.5444,62,-22,-13,25.554,-149.42
6.5444,63,-22,-13,25.554,-149.42
6.5731,0,28,-64,69.857,-66.37
6.5731,1,1,0,1.0,0.0
6.5731,2,-25,-7,25.962,-164.36
6.5731,3,-25,-7,25.962,-164.36
6.5731,4,-24,-7,25.0,-163.74
6.5731,5,-24,-7,25.0,-163.74
6.5731,6,-24,-5,24.515,-168.23
6.5731,7,-23,-4,23.345,-170.13
6.5731,8,-22,-4,22.361,-169.7
6.5731,9,-21,-3,21.213,-171.87
6.5731,10,-22,-2,22.091,-174.81
6.5731,11,-22,-1,22.023,-177.4
6.5731,12,-22,-1,22.023,-177.4
6.5731,13,-22,-1,22.023,-177.4
6.5731,14,-22,0,22.0,180.0
6.5731,15,-21,-1,21.024,-177.27
6.5731,16,-22,-1,22.023,-177.4
6.5731,17,-22,-1,22.023,-177.4
6.5731,18,-21,-2,21.095,-174.56
6.5731,19,-21,-2,21.095,-174.56
6.5731,20,-19,-2,19.105,-173.99
6.5731,21,-20,-2,20.1,-174.29
6.5731,22,-18,-3,18.248,-170.54
6.5731,23,-18,-3,18.248,-170.54
6.5731,24,-18,-4,18.439,-167.47
6.5731,25,-16,-5,16.763,-162.65
6.5731,26,-16,-6,17.088,-159.44
6.5731,27,0,0,0.0,0.0
6.5731,28,0,0,0.0,0.0
6.5731,29,0,0,0.0,0.0
6.5731,30,0,0,0.0,0.0
6.5731,31,0,0,0.0,0.0
6.5731,32,0,0,0.0,0.0
6.5731,33,0,0,0.0,0.0
6.5731,34,0,0,0.0,0.0
6.5731,35,0,0,0.0,0.0
6.5731,36,0,0,0.0,0.0
6.5731,37,0,0,0.0,0.0
6.5731,38,-20,-2,20.1,-174.29
6.5731,39,-20,-4,20.396,-168.69
6.5731,40,-20,-5,20.616,-165.96
6.5731,41,-21,-6,21.84,-164.05
6.5731,42,-21,-7,22.136,-161.57
6.5731,43,-21,-9,22.847,-156.8
6.5731,44,-22,-10,24.166,-155.56
6.5731,45,-21,-10,23.259,-154.54
6.5731,46,-21,-11,23.707,-152.35
6.5731,47,-22,-12,25.06,-151.39
6.5731,48,-22,-13,25.554,-149.42
6.5731,49,-22,-13,25.554,-149.42
6.5731,50,-22,-13,25.554,-149.42
6.5731,51,-21,-13,24.698,-148.24
6.5731,52,-21,-13,24.698,-148.24
6.5731,53,-22,-12,25.06,-151.39
6.5731,54,-20,-12,23.324,-149.04
6.5731,55,-21,-12,24.187,-150.26
6.5731,56,-22,-11,24.597,-153.43
6.5731,57,-23,-10,25.08,-156.5
6.5731,58,-23,-10,25.08,-156.5
6.5731,59,-24,-9,25.632,-159.44
6.5731,60,-23,-10,25.08,-156.5
6.5731,61,-26,-9,27.514,-160.91
6.5731,62,-26,-8,27.203,-162.9
6.5731,63,-25,-9,26.571,-160.2
6.6009,0,28,-64,69.857,-66.37
6.6009,1,1,0,1.0,0.0
6.6009,2,-18,17,24.759,136.64
6.6009,3,-18,18,25.456,135.0
6.6009,4,-17,18,24.759,133.36
6.6009,5,-16,17,23.345,133.26
6.6009,6,-16,18,24.083,131.63
6.6009,7,-14,17,22.023,129.47
6.6009,8,-14,17,22.023,129.47
6.6009,9,-13,17,21.401,127.41
6.6009,10,-12,18,21.633,123.69
6.6009,11,-12,19,22.472,122.28
6.6009,12,-11,18,21.095,121.43
6.6009,13,-11,18,21.095,121.43
6.6009,14,-10,19,21.471,117.76
6.6009,15,-10,18,20.591,119.05
6.6009,16,-11,18,21.095,121.43
6.6009,17,-11,18,21.095,121.43
6.6009,18,-11,18,21.095,121.43
6.6009,19,-12,17,20.809,125.22
6.6009,20,-11,16,19.416,124.51
6.6009,21,-11,15,18.601,126.25
6.6009,22,-11,14,17.804,128.16
6.6009,23,-11,14,17.804,128.16
6.6009,24,-12,13,17.692,132.71
6.6009,25,-12,12,16.971,135.0
6.6009,26,-13,11,17.029,139.76
6.6009,27,0,0,0.0,0.0
6.6009,28,0,0,0.0,0.0
6.6009,29,0,0,0.0,0.0
6.6009,30,0,0,0.0,0.0
6.6009,31,0,0,0.0,0.0
6.6009,32,0,0,0.0,0.0
6.6009,33,0,0,0.0,0.0
6.6009,34,0,0,0.0,0.0
6.6009,35,0,0,0.0,0.0
6.6009,36,0,0,0.0,0.0
6.6009,37,0,0,0.0,0.0
6.6009,38,-11,15,18.601,126.25
6.6009,39,-13,15,19.849,130.91
6.6009,40,-14,15,20.518,133.03
6.6009,41,-15,15,21.213,135.0
6.6009,42,-16,14,21.26,138.81
6.6009,43,-18,14,22.804,142.13
6.6009,44,-19,14,23.601,143.62
6.6009,45,-19,13,23.022,145.62
6.6009,46,-20,13,23.854,146.98
6.6009,47,-20,12,23.324,149.04
6.6009,48,-22,13,25.554,149.42
6.6009,49,-22,13,25.554,149.42
6.6009,50,-22,12,25.06,151.39
6.6009,51,-21,12,24.187,150.26
6.6009,52,-20,12,23.324,149.04
6.6009,53,-21,13,24.698,148.24
6.6009,54,-21,13,24.698,148.24
6.6009,55,-20,12,23.324,149.04
6.6009,56,-20,14,24.413,145.01
6.6009,57,-20,15,25.0,143.13
6.6009,58,-19,15,24.207,141.71
6.6009,59,-19,16,24.839,139.9
6.6009,60,-19,15,24.207,141.71
6.6009,61,-20,18,26.907,138.01
6.6009,62,-19,18,26.173,136.55
6.6009,63,-20,18,26.907,138.01
6.7195,0,23,113,115.317,78.5
6.7195,1,17,0,17.0,0.0
6.7195,2,-14,15,20.518,133.03
6.7195,3,-30,-7,30.806,-166.87
6.7195,4,-19,-5,19.647,-165.26
6.7195,5,-23,-15,27.459,-146.89
6.7195,6,-26,1,26.019,177.8
6.7195,7,-14,-2,14.142,-171.87
6.7195,8,-21,15,25.807,144.46
6.7195,9,-17,5,17.72,163.61
6.7195,10,-13,5,13.928,158.96
6.7195,11,-21,1,21.024,177.27
6.7195,12,-14,1,14.036,175.91
6.7195,13,-12,7,13.892,149.74
6.7195,14,-15,11,18.601,143.75
6.7195,15,-20,10,22.361,153.43
6.7195,16,-9,10,13.454,131.99
6.7195,17,-16,21,26.401,127.3
6.7195,18,-17,5,17.72,163.61
6.7195,19,-15,13,19.849,139.09
6.7195,20,-8,14,16.125,119.74
6.7195,21,-8,13,15.264,121.61
6.7195,22,-9,8,12.042,138.37
6.7195,23,-9,5,10.296,150.95
6.7195,24,-9,14,16.643,122.74
6.7195,25,-18,7,19.313,158.75
6.7195,26,-6,14,15.232,113.2
6.7195,27,0,0,0.0,0.0
6.7195,28,0,0,0.0,0.0
6.7195,29,0,0,0.0,0.0
6.7195,30,0,0,0.0,0.0
6.7195,31,0,0,0.0,0.0
6.7195,32,0,0,0.0,0.0
6.7195,33,0,0,0.0,0.0
6.7195,34,0,0,0.0,0.0
6.7195,35,0,0,0.0,0.0
6.7195,36,0,0,0.0,0.0
6.7195,37,0,0,0.0,0.0
6.7195,38,-5,-17,17.72,-106.39
6.7195,39,-1,-14,14.036,-94.09
6.7195,40,-9,-16,18.358,-119.36
6.7195,41,-8,-16,17.889,-116.57
6.7195,42,-6,-17,18.028,-109.44
6.7195,43,-8,-20,21.541,-111.8
6.7195,44,-9,-14,16.643,-122.74
6.7195,45,-3,-18,18.248,-99.46
6.7195,46,-6,-17,18.028,-109.44
6.7195,47,-5,-17,17.72,-106.39
6.7195,48,-13,-17,21.401,-127.41
6.7195,49,-11,-19,21.954,-120.07
6.7195,50,-9,-22,23.77,-112.25
6.7195,51,-15,-20,25.0,-126.87
6.7195,52,-8,-11,13.601,-126.03
6.7195,53,-11,-13,17.029,-130.24
6.7195,54,-11,-9,14.213,-140.71
6.7195,55,-15,-14,20.518,-136.97
6.7195,56,-12,-9,15.0,-143.13
6.7195,57,-14,-11,17.804,-141.84
6.7195,58,-21,-12,24.187,-150.26
6.7195,59,-29,-16,33.121,-151.11
6.7195,60,-20,-11,22.825,-151.19
6.7195,61,-33,1,33.015,178.26
6.7195,62,-17,-25,30.232,-124.22
6.7195,63,-24,-21,31.89,-138.81
6.8116,0,28,-64,69.857,-66.37
6.8116,1,1,0,1.0,0.0
6.8116,2,18,-15,23.431,-39.81
6.8116,3,18,-15,23.431,-39.81
6.8116,4,17,-15,22.672,-41.42
6.8116,5,18,-15,23.431,-39.81
6.8116,6,17,-14,22.023,-39.47
6.8116,7,16,-14,21.26,-41.19
6.8116,8,16,-15,21.932,-43.15
6.8116,9,14,-15,20.518,-46.97
6.8116,10,13,-15,19.849,-49.09
6.8116,11,13,-16,20.616,-50.91
6.8116,12,12,-16,20.0,-53.13
6.8116,13,12,-16,20.0,-53.13
6.8116,14,12,-16,20.0,-53.13
6.8116,15,12,-16,20.0,-53.13
6.8116,16,13,-16,20.616,-50.91
6.8116,17,13,-15,19.849,-49.09
6.8116,18,14,-15,20.518,-46.97
6.8116,19,13,-14,19.105,-47.12
6.8116,20,13,-13,18.385,-45.0
6.8116,21,13,-12,17.692,-42.71
6.8116,22,13,-11,17.029,-40.24
6.8116,23,13,-11,17.029,-40.24
6.8116,24,13,-10,16.401,-37.57
6.8116,25,13,-9,15.811,-34.7
6.8116,26,13,-8,15.264,-31.61
6.8116,27,0,0,0.0,0.0
6.8116,28,0,0,0.0,0.0
6.8116,29,0,0,0.0,0.0
6.8116,30,0,0,0.0,0.0
6.8116,31,0,0,0.0,0.0
6.8116,32,0,0,0.0,0.0
6.8116,33,0,0,0.0,0.0
6.8116,34,0,0,0.0,0.0
6.8116,35,0,0,0.0,0.0
6.8116,36,0,0,0.0,0.0
6.8116,37,0,0,0.0,0.0
6.8116,38,11,-14,17.804,-51.84
6.8116,39,12,-13,17.692,-47.29
6.8116,40,13,-13,18.385,-45.0
6.8116,41,15,-13,19.849,-40.91
6.8116,42,15,-12,19.209,-38.66
6.8116,43,17,-11,20.248,-32.91
6.8116,44,18,-11,21.095,-31.43
6.8116,45,18,-11,21.095,-31.43
6.8116,46,18,-10,20.591,-29.05
6.8116,47,19,-10,21.471,-27.76
6.8116,48,20,-10,22.361,-26.57
6.8116,49,20,-10,22.361,-26.57
6.8116,50,20,-10,22.361,-26.57
6.8116,51,20,-9,21.932,-24.23
6.8116,52,20,-9,21.932,-24.23
6.8116,53,19,-10,21.471,-27.76
6.8116,54,19,-10,21.471,-27.76
6.8116,55,19,-10,21.471,-27.76
6.8116,56,20,-11,22.825,-28.81
6.8116,57,19,-12,22.472,-32.28
6.8116,58,19,-12,22.472,-32.28
6.8116,59,19,-12,22.472,-32.28
6.8116,60,19,-13,23.022,-34.38
6.8116,61,20,-14,24.413,-34.99
6.8116,62,19,-15,24.207,-38.29
6.8116,63,20,-15,25.0,-36.87
6.8507,0,28,-64,69.857,-66.37
6.8507,1,1,0,1.0,0.0
6.8507,2,-23,4,23.345,170.13
6.8507,3,-23,4,23.345,170.13
6.8507,4,-22,4,22.361,169.7
6.8507,5,-22,4,22.361,169.7
6.8507,6,-22,5,22.561,167.2
6.8507,7,-21,5,21.587,166.61
6.8507,8,-20,5,20.616,165.96
6.8507,9,-19,5,19.647,165.26
6.8507,10,-19,6,19.925,162.47
6.8507,11,-19,7,20.248,159.78
6.8507,12,-18,7,19.313,158.75
6.8507,13,-19,7,20.248,159.78
6.8507,14,-19,8,20.616,157.17
6.8507,15,-18,7,19.313,158.75
6.8507,16,-19,7,20.248,159.78
6.8507,17,-18,7,19.313,158.75
6.8507,18,-19,7,20.248,159.78
6.8507,19,-18,6,18.974,161.57
6.8507,20,-18,5,18.682,164.48
6.8507,21,-18,5,18.682,164.48
6.8507,22,-17,3,17.263,169.99
6.8507,23,-16,3,16.279,169.38
6.8507,24,-17,2,17.117,173.29
6.8507,25,-16,1,16.031,176.42
6.8507,26,-16,0,16.0,180.0
6.8507,27,0,0,0.0,0.0
6.8507,28,0,0,0.0,0.0
6.8507,29,0,0,0.0,0.0
6.8507,30,0,0,0.0,0.0
6.8507,31,0,0,0.0,0.0
6.8507,32,0,0,0.0,0.0
6.8507,33,0,0,0.0,0.0
6.8507,34,0,0,0.0,0.0
6.8507,35,0,0,0.0,0.0
6.8507,36,0,0,0.0,0.0
6.8507,37,0,0,0.0,0.0
6.8507,38,-16,6,17.088,159.44
6.8507,39,-17,5,17.72,163.61
6.8507,40,-18,4,18.439,167.47
6.8507,41,-19,3,19.235,171.03
6.8507,42,-19,3,19.235,171.03
6.8507,43,-20,1,20.025,177.14
6.8507,44,-21,1,21.024,177.27
6.8507,45,-21,0,21.0,180.0
6.8507,46,-21,-1,21.024,-177.27
6.8507,47,-22,-1,22.023,-177.4
6.8507,48,-23,-1,23.022,-177.51
6.8507,49,-22,-1,22.023,-177.4
6.8507,50,-23,-1,23.022,-177.51
6.8507,51,-22,-2,22.091,-174.81
6.8507,52,-22,-2,22.091,-174.81
6.8507,53,-23,-1,23.022,-177.51
6.8507,54,-22,-2,22.091,-174.81
6.8507,55,-21,-1,21.024,-177.27
6.8507,56,-23,0,23.0,180.0
6.8507,57,-23,1,23.022,177.51
6.8507,58,-23,1,23.022,177.51
6.8507,59,-23,2,23.087,175.03
6.8507,60,-23,2,23.087,175.03
6.8507,61,-24,3,24.187,172.87
6.8507,62,-24,3,24.187,172.87
6.8507,63,-24,3,24.187,172.87
6.8764,0,28,-64,69.857,-66.37
6.8764,1,1,0,1.0,0.0
6.8764,2,-1,25,25.02,92.29
6.8764,3,-1,25,25.02,92.29
6.8764,4,-1,24,24.021,92.39
6.8764,5,0,24,24.0,90.0
6.8764,6,1,24,24.021,87.61
6.8764,7,2,23,23.087,85.03
6.8764,8,2,22,22.091,84.81
6.8764,9,2,21,21.095,84.56
6.8764,10,3,21,21.213,81.87
6.8764,11,3,22,22.204,82.23
6.8764,12,4,20,20.396,78.69
6.8764,13,4,21,21.378,79.22
6.8764,14,5,21,21.587,76.61
6.8764,15,4,21,21.378,79.22
6.8764,16,4,21,21.378,79.22
6.8764,17,4,21,21.378,79.22
6.8764,18,3,22,22.204,82.23
6.8764,19,2,20,20.1,84.29
6.8764,20,2,19,19.105,83.99
6.8764,21,2,19,19.105,83.99
6.8764,22,0,18,18.0,90.0
6.8764,23,0,18,18.0,90.0
6.8764,24,-1,18,18.028,93.18
6.8764,25,-2,17,17.117,96.71
6.8764,26,-3,16,16.279,100.62
6.8764,27,0,0,0.0,0.0
6.8764,28,0,0,0.0,0.0
6.8764,29,0,0,0.0,0.0
6.8764,30,0,0,0.0,0.0
6.8764,31,0,0,0.0,0.0
6.8764,32,0,0,0.0,0.0
6.8764,33,0,0,0.0,0.0
6.8764,34,0,0,0.0,0.0
6.8764,35,0,0,0.0,0.0
6.8764,36,0,0,0.0,0.0
6.8764,37,0,0,0.0,0.0
6.8764,38,3,18,18.248,80.54
6.8764,39,2,19,19.105,83.99
6.8764,40,0,19,19.0,90.0
6.8764,41,0,20,20.0,90.0
6.8764,42,-1,20,20.025,92.86
6.8764,43,-3,22,22.204,97.77
6.8764,44,-3,22,22.204,97.77
6.8764,45,-4,22,22.361,100.3
6.8764,46,-5,22,22.561,102.8
6.8764,47,-6,22,22.804,105.26
6.8764,48,-7,24,25.0,106.26
6.8764,49,-7,24,25.0,106.26
6.8764,50,-7,23,24.042,106.93
6.8764,51,-7,22,23.087,107.65
6.8764,52,-7,22,23.087,107.65
6.8764,53,-7,23,24.042,106.93
6.8764,54,-7,23,24.042,106.93
6.8764,55,-6,22,22.804,105.26
6.8764,56,-5,24,24.515,101.77
6.8764,57,-3,24,24.187,97.13
6.8764,58,-3,24,24.187,97.13
6.8764,59,-2,24,24.083,94.76
6.8764,60,-3,24,24.187,97.13
6.8764,61,-2,26,26.077,94.4
6.8764,62,-2,26,26.077,94.4
6.8764,63,-2,26,26.077,94.4
6.8904,0,28,-64,69.857,-66.37
6.8904,1,1,0,1.0,0.0
6.8904,2,20,10,22.361,26.57
6.8904,3,21,10,23.259,25.46
6.8904,4,19,9,21.024,25.35
6.8904,5,20,9,21.932,24.23
6.8904,6,20,8,21.541,21.8
6.8904,7,19,7,20.248,20.22
6.8904,8,19,7,20.248,20.22
6.8904,9,18,6,18.974,18.43
6.8904,10,18,5,18.682,15.52
6.8904,11,19,5,19.647,14.74
6.8904,12,18,4,18.439,12.53
6.8904,13,19,4,19.416,11.89
6.8904,14,19,4,19.416,11.89
6.8904,15,18,4,18.439,12.53
6.8904,16,19,4,19.416,11.89
6.8904,17,18,4,18.439,12.53
6.8904,18,19,5,19.647,14.74
6.8904,19,18,5,18.682,15.52
6.8904,20,17,5,17.72,16.39
6.8904,21,16,6,17.088,20.56
6.8904,22,15,6,16.155,21.8
6.8904,23,14,6,15.232,23.2
6.8904,24,15,7,16.553,25.02
6.8904,25,13,7,14.765,28.3
6.8904,26,12,9,15.0,36.87
6.8904,27,0,0,0.0,0.0
6.8904,28,0,0,0.0,0.0
6.8904,29,0,0,0.0,0.0
6.8904,30,0,0,0.0,0.0
6.8904,31,0,0,0.0,0.0
6.8904,32,0,0,0.0,0.0
6.8904,33,0,0,0.0,0.0
6.8904,34,0,0,0.0,0.0
6.8904,35,0,0,0.0,0.0
6.8904,36,0,0,0.0,0.0
6.8904,37,0,0,0.0,0.0
6.8904,38,16,4,16.492,14.04
6.8904,39,16,6,17.088,20.56
6.8904,40,16,6,17.088,20.56
6.8904,41,17,8,18.788,25.2
6.8904,42,16,8,17.889,26.57
6.8904,43,17,10,19.723,30.47
6.8904,44,16,11,19.416,34.51
6.8904,45,16,11,19.416,34.51
6.8904,46,16,12,20.0,36.87
6.8904,47,16,12,20.0,36.87
6.8904,48,17,14,22.023,39.47
6.8904,49,16,14,21.26,41.19
6.8904,50,17,14,22.023,39.47
6.8904,51,16,14,21.26,41.19
6.8904,52,16,13,20.616,39.09
6.8904,53,16,13,20.616,39.09
6.8904,54,16,14,21.26,41.19
6.8904,55,15,12,19.209,38.66
6.8904,56,18,13,22.204,35.84
6.8904,57,18,12,21.633,33.69
6.8904,58,18,11,21.095,31.43
6.8904,59,19,11,21.954,30.07
6.8904,60,18,11,21.095,31.43
6.8904,61,21,11,23.707,27.65
6.8904,62,21,11,23.707,27.65
6.8904,63,21,11,23.707,27.65
7.3305,0,23,113,115.317,78.5
7.3305,1,17,0,17.0,0.0
7.3305,2,2,-32,32.062,-86.42
7.3305,3,-3,-16,16.279,-100.62
7.3305,4,-14,-22,26.077,-122.47
7.3305,5,-17,-23,28.601,-126.47
7.3305,6,6,-19,19.925,-72.47
7.3305,7,-13,-25,28.178,-117.47
7.3305,8,5,-33,33.377,-81.38
7.3305,9,-1,-10,10.05,-95.71
7.3305,10,-11,-9,14.213,-140.71
7.3305,11,-3,-19,19.235,-98.97
7.3305,12,-10,-16,18.868,-122.01
7.3305,13,1,-12,12.042,-85.24
7.3305,14,-2,-26,26.077,-94.4
7.3305,15,-1,-24,24.021,-92.39
7.3305,16,-6,-19,19.925,-107.53
7.3305,17,6,-18,18.974,-71.57
7.3305,18,5,-12,13.0,-67.38
7.3305,19,2,-22,22.091,-84.81
7.3305,20,7,-22,23.087,-72.35
7.3305,21,5,-21,21.587,-76.61
7.3305,22,6,-12,13.416,-63.43
7.3305,23,5,-17,17.72,-73.61
7.3305,24,-3,-15,15.297,-101.31
7.3305,25,7,-19,20.248,-69.78
7.3305,26,3,-13,13.342,-77.01
7.3305,27,0,0,0.0,0.0
7.3305,28,0,0,0.0,0.0
7.3305,29,0,0,0.0,0.0
7.3305,30,0,0,0.0,0.0
7.3305,31,0,0,0.0,0.0
7.3305,32,0,0,0.0,0.0
7.3305,33,0,0,0.0,0.0
7.3305,34,0,0,0.0,0.0
7.3305,35,0,0,0.0,0.0
7.3305,36,0,0,0.0,0.0
7.3305,37,0,0,0.0,0.0
7.3305,38,-8,-8,11.314,-135.0
7.3305,39,-7,-18,19.313,-111.25
7.3305,40,-6,-14,15.232,-113.2
7.3305,41,-6,-21,21.84,-105.95
7.3305,42,-7,-11,13.038,-122.47
7.3305,43,-6,-18,18.974,-108.43
7.3305,44,-7,-18,19.313,-111.25
7.3305,45,-3,-23,23.195,-97.43
7.3305,46,-9,-16,18.358,-119.36
7.3305,47,-8,-18,19.698,-113.96
7.3305,48,-4,-18,18.439,-102.53
7.3305,49,-5,-22,22.561,-102.8
7.3305,50,-4,-22,22.361,-100.3
7.3305,51,2,-19,19.105,-83.99
7.3305,52,3,-21,21.213,-81.87
7.3305,53,-3,-11,11.402,-105.26
7.3305,54,-8,-20,21.541,-111.8
7.3305,55,-12,-15,19.209,-128.66
7.3305,56,0,-14,14.0,-90.0
7.3305,57,-7,-19,20.248,-110.22
7.3305,58,-1,-23,23.022,-92.49
7.3305,59,-8,-33,33.956,-103.63
7.3305,60,-11,-19,21.954,-120.07
7.3305,61,2,-4,4.472,-63.43
7.3305,62,-7,-30,30.806,-103.13
7.3305,63,-14,-27,30.414,-117.41
7.4196,0,23,113,115.317,78.5
7.4196,1,17,0,17.0,0.0
7.4196,2,22,13,25.554,30.58
7.4196,3,1,10,10.05,84.29
7.4196,4,-14,12,18.439,139.4
7.4196,5,1,18,18.028,86.82
7.4196,6,-16,17,23.345,133.26
7.4196,7,9,3,9.487,18.43
7.4196,8,7,10,12.207,55.01
7.4196,9,18,20,26.907,48.01
7.4196,10,4,16,16.492,75.96
7.4196,11,9,14,16.643,57.26
7.4196,12,-2,8,8.246,104.04
7.4196,13,-1,27,27.019,92.12
7.4196,14,2,27,27.074,85.76
7.4196,15,7,18,19.313,68.75
7.4196,16,5,20,20.616,75.96
7.4196,17,-1,15,15.033,93.81
7.4196,18,1,26,26.019,87.8
7.4196,19,8,18,19.698,66.04
7.4196,20,1,18,18.028,86.82
7.4196,21,4,13,13.601,72.9
7.4196,22,2,22,22.091,84.81
7.4196,23,-1,5,5.099,101.31
7.4196,24,-11,9,14.213,140.71
7.4196,25,1,20,20.025,87.14
7.4196,26,-4,13,13.601,107.1
7.4196,27,0,0,0.0,0.0
7.4196,28,0,0,0.0,0.0
7.4196,29,0,0,0.0,0.0
7.4196,30,0,0,0.0,0.0
7.4196,31,0,0,0.0,0.0
7.4196,32,0,0,0.0,0.0
7.4196,33,0,0,0.0,0.0
7.4196,34,0,0,0.0,0.0
7.4196,35,0,0,0.0,0.0
7.4196,36,0,0,0.0,0.0
7.4196,37,0,0,0.0,0.0
7.4196,38,8,7,10.63,41.19
7.4196,39,8,11,13.601,53.97
7.4196,40,8,15,17.0,61.93
7.4196,41,7,19,20.248,69.78
7.4196,42,6,11,12.53,61.39
7.4196,43,3,12,12.369,75.96
7.4196,44,5,17,17.72,73.61
7.4196,45,4,20,20.396,78.69
7.4196,46,4,17,17.464,76.76
7.4196,47,11,10,14.866,42.27
7.4196,48,10,22,24.166,65.56
7.4196,49,2,10,10.198,78.69
7.4196,50,3,16,16.279,79.38
7.4196,51,5,16,16.763,72.65
7.4196,52,3,16,16.279,79.38
7.4196,53,1,20,20.025,87.14
7.4196,54,10,22,24.166,65.56
7.4196,55,7,17,18.385,67.62
7.4196,56,9,12,15.0,53.13
7.4196,57,-3,26,26.173,96.58
7.4196,58,-2,1,2.236,153.43
7.4196,59,2,18,18.111,83.66
7.4196,60,15,34,37.162,66.19
7.4196,61,5,13,13.928,68.96
7.4196,62,20,7,21.19,19.29
7.4196,63,3,25,25.179,83.16
7.5292,0,23,113,115.317,78.5
7.5292,1,17,0,17.0,0.0
7.5292,2,12,-14,18.439,-49.4
7.5292,3,33,-15,36.249,-24.44
7.5292,4,10,-14,17.205,-54.46
7.5292,5,15,7,16.553,25.02
7.5292,6,15,-10,18.028,-33.69
7.5292,7,6,-2,6.325,-18.43
7.5292,8,16,-15,21.932,-43.15
7.5292,9,20,-14,24.413,-34.99
7.5292,10,9,-6,10.817,-33.69
7.5292,11,11,-5,12.083,-24.44
7.5292,12,14,-10,17.205,-35.54
7.5292,13,8,-4,8.944,-26.57
7.5292,14,14,-9,16.643,-32.74
7.5292,15,16,6,17.088,20.56
7.5292,16,14,0,14.0,0.0
7.5292,17,16,5,16.763,17.35
7.5292,18,17,-6,18.028,-19.44
7.5292,19,11,-3,11.402,-15.26
7.5292,20,17,3,17.263,10.01
7.5292,21,10,3,10.44,16.7
7.5292,22,11,2,11.18,10.3
7.5292,23,9,8,12.042,41.63
7.5292,24,15,-3,15.297,-11.31
7.5292,25,10,7,12.207,34.99
7.5292,26,12,9,15.0,36.87
7.5292,27,0,0,0.0,0.0
7.5292,28,0,0,0.0,0.0
7.5292,29,0,0,0.0,0.0
7.5292,30,0,0,0.0,0.0
7.5292,31,0,0,0.0,0.0
7.5292,32,0,0,0.0,0.0
7.5292,33,0,0,0.0,0.0
7.5292,34,0,0,0.0,0.0
7.5292,35,0,0,0.0,0.0
7.5292,36,0,0,0.0,0.0
7.5292,37,0,0,0.0,0.0
7.5292,38,-14,-7,15.652,-153.43
7.5292,39,-14,-13,19.105,-137.12
7.5292,40,-13,-16,20.616,-129.09
7.5292,41,-8,-13,15.264,-121.61
7.5292,42,-10,-13,16.401,-127.57
7.5292,43,-4,-14,14.56,-105.95
7.5292,44,-6,-17,18.028,-109.44
7.5292,45,-7,-14,15.652,-116.57
7.5292,46,-6,-15,16.155,-111.8
7.5292,47,2,-14,14.142,-81.87
7.5292,48,-10,-26,27.857,-111.04
7.5292,49,0,-20,20.0,-90.0
7.5292,50,-4,-18,18.439,-102.53
7.5292,51,0,-11,11.0,-90.0
7.5292,52,3,-18,18.248,-80.54
7.5292,53,4,-16,16.492,-75.96
7.5292,54,6,-19,19.925,-72.47
7.5292,55,2,-13,13.153,-81.25
7.5292,56,10,-3,10.44,-16.7
7.5292,57,4,-19,19.416,-78.11
7.5292,58,17,-11,20.248,-32.91
7.5292,59,8,-28,29.12,-74.05
7.5292,60,-5,-21,21.587,-103.39
7.5292,61,-13,-16,20.616,-129.09
7.5292,62,11,-7,13.038,-32.47
7.5292,63,12,-28,30.463,-66.8
7.6379,0,23,113,115.317,78.5
7.6379,1,17,0,17.0,0.0
7.6379,2,1,-11,11.045,-84.81
7.6379,3,-19,3,19.235,171.03
7.6379,4,-6,-1,6.083,-170.54
7.6379,5,-18,-9,20.125,-153.43
7.6379,6,-28,-3,28.16,-173.88
7.6379,7,-19,-7,20.248,-159.78
7.6379,8,-17,-12,20.809,-144.78
7.6379,9,-24,-9,25.632,-159.44
7.6379,10,-30,-7,30.806,-166.87
7.6379,11,-19,-14,23.601,-143.62
7.6379,12,-24,-2,24.083,-175.24
7.6379,13,-17,-9,19.235,-152.1
7.6379,14,-17,-7,18.385,-157.62
7.6379,15,-19,-4,19.416,-168.11
7.6379,16,-22,-5,22.561,-167.2
7.6379,17,-18,-3,18.248,-170.54
7.6379,18,-21,-4,21.378,-169.22
7.6379,19,-23,-10,25.08,-156.5
7.6379,20,-21,-12,24.187,-150.26
7.6379,21,-19,-5,19.647,-165.26
7.6379,22,-10,-4,10.77,-158.2
7.6379,23,-20,-6,20.881,-163.3
7.6379,24,-14,-10,17.205,-144.46
7.6379,25,-18,0,18.0,180.0
7.6379,26,-14,-7,15.652,-153.43
7.6379,27,0,0,0.0,0.0
7.6379,28,0,0,0.0,0.0
7.6379,29,0,0,0.0,0.0
7.6379,30,0,0,0.0,0.0
7.6379,31,0,0,0.0,0.0
7.6379,32,0,0,0.0,0.0
7.6379,33,0,0,0.0,0.0
7.6379,34,0,0,0.0,0.0
7.6379,35,0,0,0.0,0.0
7.6379,36,0,0,0.0,0.0
7.6379,37,0,0,0.0,0.0
7.6379,38,-15,-12,19.209,-141.34
7.6379,39,-14,-8,16.125,-150.26
7.6379,40,-14,-15,20.518,-133.03
7.6379,41,-10,-15,18.028,-123.69
7.6379,42,-10,-14,17.205,-125.54
7.6379,43,-5,-13,13.928,-111.04
7.6379,44,-15,-11,18.601,-143.75
7.6379,45,-7,-16,17.464,-113.63
7.6379,46,-13,-11,17.029,-139.76
7.6379,47,-12,-16,20.0,-126.87
7.6379,48,-10,-12,15.62,-129.81
7.6379,49,-16,-20,25.612,-128.66
7.6379,50,-19,-21,28.32,-132.14
7.6379,51,-17,-11,20.248,-147.09
7.6379,52,-12,-19,22.472,-122.28
7.6379,53,-13,-12,17.692,-137.29
7.6379,54,-15,-14,20.518,-136.97
7.6379,55,-15,-23,27.459,-123.11
7.6379,56,-18,-17,24.759,-136.64
7.6379,57,-18,-6,18.974,-161.57
7.6379,58,-16,-9,18.358,-150.64
7.6379,59,-17,-15,22.672,-138.58
7.6379,60,-13,-11,17.029,-139.76
7.6379,61,-23,7,24.042,163.07
7.6379,62,0,-21,21.0,-90.0
7.6379,63,-13,-16,20.616,-129.09
7.8298,0,23,113,115.317,78.5
7.8298,1,17,0,17.0,0.0
7.8298,2,-3,17,17.263,100.01
7.8298,3,-4,24,24.331,99.46
7.8298,4,-11,11,15.556,135.0
7.8298,5,2,9,9.22,77.47
7.8298,6,-8,3,8.544,159.44
7.8298,7,-14,15,20.518,133.03
7.8298,8,4,7,8.062,60.26
7.8298,9,1,27,27.019,87.88
7.8298,10,8,18,19.698,66.04
7.8298,11,-10,-1,10.05,-174.29
7.8298,12,7,13,14.765,61.7
7.8298,13,-11,-2,11.18,-169.7
7.8298,14,0,19,19.0,90.0
7.8298,15,-2,4,4.472,116.57
7.8298,16,-7,16,17.464,113.63
7.8298,17,4,9,9.849,66.04
7.8298,18,-3,11,11.402,105.26
7.8298,19,-8,19,20.616,112.83
7.8298,20,-6,12,13.416,116.57
7.8298,21,-8,7,10.63,138.81
7.8298,22,-13,4,13.601,162.9
7.8298,23,-5,6,7.81,129.81
7.8298,24,-13,8,15.264,148.39
7.8298,25,-11,5,12.083,155.56
7.8298,26,-13,7,14.765,151.7
7.8298,27,0,0,0.0,0.0
7.8298,28,0,0,0.0,0.0
7.8298,29,0,0,0.0,0.0
7.8298,30,0,0,0.0,0.0
7.8298,31,0,0,0.0,0.0
7.8298,32,0,0,0.0,0.0
7.8298,33,0,0,0.0,0.0
7.8298,34,0,0,0.0,0.0
7.8298,35,0,0,0.0,0.0
7.8298,36,0,0,0.0,0.0
7.8298,37,0,0,0.0,0.0
7.8298,38,8,10,12.806,51.34
7.8298,39,15,9,17.493,30.96
7.8298,40,11,6,12.53,28.61
7.8298,41,14,10,17.205,35.54
7.8298,42,8,18,19.698,66.04
7.8298,43,11,13,17.029,49.76
7.8298,44,11,9,14.213,39.29
7.8298,45,6,14,15.232,66.8
7.8298,46,4,18,18.439,77.47
7.8298,47,1,17,17.029,86.63
7.8298,48,3,16,16.279,79.38
7.8298,49,5,15,15.811,71.57
7.8298,50,1,13,13.038,85.6
7.8298,51,1,7,7.071,81.87
7.8298,52,-7,17,18.385,112.38
7.8298,53,5,14,14.866,70.35
7.8298,54,4,11,11.705,70.02
7.8298,55,4,16,16.492,75.96
7.8298,56,1,16,16.031,86.42
7.8298,57,-2,17,17.117,96.71
7.8298,58,-3,12,12.369,104.04
7.8298,59,-2,15,15.133,97.59
7.8298,60,2,10,10.198,78.69
7.8298,61,-2,17,17.117,96.71
7.8298,62,-3,18,18.248,99.46
7.8298,63,-1,16,16.031,93.58
7.9419,0,23,113,115.317,78.5
7.9419,1,17,0,17.0,0.0
7.9419,2,-14,8,16.125,150.26
7.9419,3,-2,-12,12.166,-99.46
7.9419,4,-27,-3,27.166,-173.66
7.9419,5,-19,-16,24.839,-139.9
7.9419,6,-20,-3,20.224,-171.47
7.9419,7,-22,-12,25.06,-151.39
7.9419,8,-15,-4,15.524,-165.07
7.9419,9,-15,-4,15.524,-165.07
7.9419,10,-19,-15,24.207,-141.71
7.9419,11,-14,-4,14.56,-164.05
7.9419,12,-3,-5,5.831,-120.96
7.9419,13,-15,-10,18.028,-146.31
7.9419,14,-19,2,19.105,173.99
7.9419,15,-18,-7,19.313,-158.75
7.9419,16,-16,-11,19.416,-145.49
7.9419,17,-18,-7,19.313,-158.75
7.9419,18,-18,1,18.028,176.82
7.9419,19,-13,-3,13.342,-167.01
7.9419,20,-18,-3,18.248,-170.54
7.9419,21,-20,-12,23.324,-149.04
7.9419,22,-12,-5,13.0,-157.38
7.9419,23,-19,3,19.235,171.03
7.9419,24,-18,-3,18.248,-170.54
7.9419,25,-14,-2,14.142,-171.87
7.9419,26,-11,-4,11.705,-160.02
7.9419,27,0,0,0.0,0.0
7.9419,28,0,0,0.0,0.0
7.9419,29,0,0,0.0,0.0
7.9419,30,0,0,0.0,0.0
7.9419,31,0,0,0.0,0.0
7.9419,32,0,0,0.0,0.0
7.9419,33,0,0,0.0,0.0
7.9419,34,0,0,0.0,0.0
7.9419,35,0,0,0.0,0.0
7.9419,36,0,0,0.0,0.0
7.9419,37,0,0,0.0,0.0
7.9419,38,1,-20,20.025,-87.14
7.9419,39,1,-16,16.031,-86.42
7.9419,40,-3,-17,17.263,-100.01
7.9419,41,0,-13,13.0,-90.0
7.9419,42,-2,-19,19.105,-96.01
7.9419,43,-7,-20,21.19,-109.29
7.9419,44,-6,-16,17.088,-110.56
7.9419,45,-1,-19,19.026,-93.01
7.9419,46,2,-18,18.111,-83.66
7.9419,47,-2,-22,22.091,-95.19
7.9419,48,-3,-14,14.318,-102.09
7.9419,49,-7,-19,20.248,-110.22
7.9419,50,0,-23,23.0,-90.0
7.9419,51,-1,-17,17.029,-93.37
7.9419,52,-3,-15,15.297,-101.31
7.9419,53,-2,-23,23.087,-94.97
7.9419,54,-1,-18,18.028,-93.18
7.9419,55,-9,-19,21.024,-115.35
7.9419,56,-3,-7,7.616,-113.2
7.9419,57,-13,-20,23.854,-123.02
7.9419,58,-20,-18,26.907,-138.01
7.9419,59,0,-20,20.0,-90.0
7.9419,60,-12,-19,22.472,-122.28
7.9419,61,-7,-34,34.713,-101.63
7.9419,62,-13,-13,18.385,-135.0
7.9419,63,11,-16,19.416,-55.49
8.0222,0,-93,48,104.657,152.7
8.0222,1,10,0,10.0,0.0
8.0222,2,10,22,24.166,65.56
8.0222,3,11,22,24.597,63.43
8.0222,4,10,22,24.166,65.56
8.0222,5,11,21,23.707,62.35
8.0222,6,11,20,22.825,61.19
8.0222,7,11,19,21.954,59.93
8.0222,8,12,19,22.472,57.72
8.0222,9,12,19,22.472,57.72
8.0222,10,12,17,20.809,54.78
8.0222,11,12,17,20.809,54.78
8.0222,12,12,16,20.0,53.13
8.0222,13,12,15,19.209,51.34
8.0222,14,12,16,20.0,53.13
8.0222,15,11,15,18.601,53.75
8.0222,16,11,15,18.601,53.75
8.0222,17,10,14,17.205,54.46
8.0222,18,10,14,17.205,54.46
8.0222,19,10,14,17.205,54.46
8.0222,20,9,13,15.811,55.3
8.0222,21,9,13,15.811,55.3
8.0222,22,8,13,15.264,58.39
8.0222,23,7,12,13.892,59.74
8.0222,24,7,12,13.892,59.74
8.0222,25,7,12,13.892,59.74
8.0222,26,5,12,13.0,67.38
8.0222,27,0,0,0.0,0.0
8.0222,28,0,0,0.0,0.0
8.0222,29,0,0,0.0,0.0
8.0222,30,0,0,0.0,0.0
8.0222,31,0,0,0.0,0.0
8.0222,32,0,0,0.0,0.0
8.0222,33,0,0,0.0,0.0
8.0222,34,0,0,0.0,0.0
8.0222,35,0,0,0.0,0.0
8.0222,36,0,0,0.0,0.0
8.0222,37,0,0,0.0,0.0
8.0222,38,10,16,18.868,57.99
8.0222,39,9,16,18.358,60.64
8.0222,40,8,17,18.788,64.8
8.0222,41,8,17,18.788,64.8
8.0222,42,7,18,19.313,68.75
8.0222,43,7,19,20.248,69.78
8.0222,44,6,20,20.881,73.3
8.0222,45,6,21,21.84,74.05
8.0222,46,6,22,22.804,74.74
8.0222,47,6,22,22.804,74.74
8.0222,48,6,23,23.77,75.38
8.0222,49,6,24,24.739,75.96
8.0222,50,6,23,23.77,75.38
8.0222,51,6,24,24.739,75.96
8.0222,52,6,24,24.739,75.96
8.0222,53,6,24,24.739,75.96
8.0222,54,6,24,24.739,75.96
8.0222,55,6,23,23.77,75.38
8.0222,56,7,24,25.0,73.74
8.0222,57,7,24,25.0,73.74
8.0222,58,7,24,25.0,73.74
8.0222,59,8,23,24.352,70.82
8.0222,60,9,24,25.632,69.44
8.0222,61,10,22,24.166,65.56
8.0222,62,9,23,24.698,68.63
8.0222,63,9,23,24.698,68.63
8.0485,0,-93,48,104.657,152.7
8.0485,1,10,0,10.0,0.0
8.0485,2,24,-9,25.632,-20.56
8.0485,3,23,-8,24.352,-19.18
8.0485,4,23,-8,24.352,-19.18
8.0485,5,22,-8,23.409,-19.98
8.0485,6,22,-8,23.409,-19.98
8.0485,7,22,-9,23.77,-22.25
8.0485,8,20,-9,21.932,-24.23
8.0485,9,19,-9,21.024,-25.35
8.0485,10,20,-10,22.361,-26.57
8.0485,11,19,-10,21.471,-27.76
8.0485,12,18,-10,20.591,-29.05
8.0485,13,17,-9,19.235,-27.9
8.0485,14,17,-10,19.723,-30.47
8.0485,15,17,-10,19.723,-30.47
8.0485,16,16,-9,18.358,-29.36
8.0485,17,17,-9,19.235,-27.9
8.0485,18,16,-9,18.358,-29.36
8.0485,19,15,-8,17.0,-28.07
8.0485,20,15,-8,17.0,-28.07
8.0485,21,14,-7,15.652,-26.57
8.0485,22,14,-7,15.652,-26.57
8.0485,23,14,-6,15.232,-23.2
8.0485,24,13,-6,14.318,-24.78
8.0485,25,13,-5,13.928,-21.04
8.0485,26,13,-4,13.601,-17.1
8.0485,27,0,0,0.0,0.0
8.0485,28,0,0,0.0,0.0
8.0485,29,0,0,0.0,0.0
8.0485,30,0,0,0.0,0.0
8.0485,31,0,0,0.0,0.0
8.0485,32,0,0,0.0,0.0
8.0485,33,0,0,0.0,0.0
8.0485,34,0,0,0.0,0.0
8.0485,35,0,0,0.0,0.0
8.0485,36,0,0,0.0,0.0
8.0485,37,0,0,0.0,0.0
8.0485,38,17,-8,18.788,-25.2
8.0485,39,17,-7,18.385,-22.38
8.0485,40,18,-7,19.313,-21.25
8.0485,41,19,-6,19.925,-17.53
8.0485,42,20,-6,20.881,-16.7
8.0485,43,20,-5,20.616,-14.04
8.0485,44,21,-4,21.378,-10.78
8.0485,45,22,-4,22.361,-10.3
8.0485,46,23,-4,23.345,-9.87
8.0485,47,24,-4,24.331,-9.46
8.0485,48,23,-3,23.195,-7.43
8.0485,49,24,-3,24.187,-7.13
8.0485,50,25,-3,25.179,-6.84
8.0485,51,25,-3,25.179,-6.84
8.0485,52,25,-3,25.179,-6.84
8.0485,53,25,-3,25.179,-6.84
8.0485,54,24,-3,24.187,-7.13
8.0485,55,25,-4,25.318,-9.09
8.0485,56,25,-5,25.495,-11.31
8.0485,57,25,-5,25.495,-11.31
8.0485,58,24,-5,24.515,-11.77
8.0485,59,25,-6,25.71,-13.5
8.0485,60,25,-6,25.71,-13.5
8.0485,61,24,-7,25.0,-16.26
8.0485,62,25,-6,25.71,-13.5
8.0485,63,25,-6,25.71,-13.5
8.0741,0,23,113,115.317,78.5
8.0741,1,17,0,17.0,0.0
8.0741,2,11,-27,29.155,-67.83
8.0741,3,17,-7,18.385,-22.38
8.0741,4,16,-11,19.416,-34.51
8.0741,5,9,-11,14.213,-50.71
8.0741,6,8,-2,8.246,-14.04
8.0741,7,8,-14,16.125,-60.26
8.0741,8,0,-13,13.0,-90.0
8.0741,9,17,-7,18.385,-22.38
8.0741,10,12,-16,20.0,-53.13
8.0741,11,24,-8,25.298,-18.43
8.0741,12,19,-7,20.248,-20.22
8.0741,13,13,-19,23.022,-55.62
8.0741,14,9,-6,10.817,-33.69
8.0741,15,17,-21,27.019,-51.01
8.0741,16,19,-14,23.601,-36.38
8.0741,17,11,-15,18.601,-53.75
8.0741,18,9,-11,14.213,-50.71
8.0741,19,7,-11,13.038,-57.53
8.0741,20,11,-13,17.029,-49.76
8.0741,21,9,-9,12.728,-45.0
8.0741,22,11,-6,12.53,-28.61
8.0741,23,15,-11,18.601,-36.25
8.0741,24,9,-12,15.0,-53.13
8.0741,25,13,-10,16.401,-37.57
8.0741,26,15,-6,16.155,-21.8
8.0741,27,0,0,0.0,0.0
8.0741,28,0,0,0.0,0.0
8.0741,29,0,0,0.0,0.0
8.0741,30,0,0,0.0,0.0
8.0741,31,0,0,0.0,0.0
8.0741,32,0,0,0.0,0.0
8.0741,33,0,0,0.0,0.0
8.0741,34,0,0,0.0,0.0
8.0741,35,0,0,0.0,0.0
8.0741,36,0,0,0.0,0.0
8.0741,37,0,0,0.0,0.0
8.0741,38,7,-11,13.038,-57.53
8.0741,39,11,-9,14.213,-39.29
8.0741,40,5,-16,16.763,-72.65
8.0741,41,10,-12,15.62,-50.19
8.0741,42,15,-9,17.493,-30.96
8.0741,43,11,-8,13.601,-36.03
8.0741,44,15,-12,19.209,-38.66
8.0741,45,18,-9,20.125,-26.57
8.0741,46,12,-9,15.0,-36.87
8.0741,47,18,-11,21.095,-31.43
8.0741,48,23,-7,24.042,-16.93
8.0741,49,15,-11,18.601,-36.25
8.0741,50,9,-8,12.042,-41.63
8.0741,51,14,-7,15.652,-26.57
8.0741,52,18,-13,22.204,-35.84
8.0741,53,12,-10,15.62,-39.81
8.0741,54,12,-15,19.209,-51.34
8.0741,55,16,-4,16.492,-14.04
8.0741,56,7,-3,7.616,-23.2
8.0741,57,2,-21,21.095,-84.56
8.0741,58,14,0,14.0,0.0
8.0741,59,20,-15,25.0,-36.87
8.0741,60,16,-19,24.839,-49.9
8.0741,61,5,-5,7.071,-45.0
8.0741,62,-2,3,3.606,123.69
8.0741,63,16,-29,33.121,-61.11
8.1595,0,94,-32,99.298,-18.8
8.1595,1,5,0,5.0,0.0
8.1595,2,-15,13,19.849,139.09
8.1595,3,-14,11,17.804,141.84
8.1595,4,-11,10,14.866,137.73
8.1595,5,-9,7,11.402,142.13
8.1595,6,-5,6,7.81,129.81
8.1595,7,-3,5,5.831,120.96
8.1595,8,1,4,4.123,75.96
8.1595,9,4,4,5.657,45.0
8.1595,10,7,3,7.616,23.2
8.1595,11,9,3,9.487,18.43
8.1595,12,12,4,12.649,18.43
8.1595,13,13,5,13.928,21.04
8.1595,14,13,6,14.318,24.78
8.1595,15,14,8,16.125,29.74
8.1595,16,13,9,15.811,34.7
8.1595,17,11,10,14.866,42.27
8.1595,18,9,10,13.454,48.01
8.1595,19,6,9,10.817,56.31
8.1595,20,4,8,8.944,63.43
8.1595,21,1,7,7.071,81.87
8.1595,22,-1,5,5.099,101.31
8.1595,23,-3,2,3.606,146.31
8.1595,24,-4,0,4.0,180.0
8.1595,25,-4,-3,5.0,-143.13
8.1595,26,-3,-5,5.831,-120.96
8.1595,27,0,0,0.0,0.0
8.1595,28,0,0,0.0,0.0
8.1595,29,0,0,0.0,0.0
8.1595,30,0,0,0.0,0.0
8.1595,31,0,0,0.0,0.0
8.1595,32,0,0,0.0,0.0
8.1595,33,0,0,0.0,0.0
8.1595,34,0,0,0.0,0.0
8.1595,35,0,0,0.0,0.0
8.1595,36,0,0,0.0,0.0
8.1595,37,0,0,0.0,0.0
8.1595,38,5,-7,8.602,-54.46
8.1595,39,3,-6,6.708,-63.43
8.1595,40,1,-6,6.083,-80.54
8.1595,41,-2,-6,6.325,-108.43
8.1595,42,-4,-7,8.062,-119.74
8.1595,43,-8,-8,11.314,-135.0
8.1595,44,-10,-10,14.142,-135.0
8.1595,45,-12,-11,16.279,-137.49
8.1595,46,-13,-14,19.105,-132.88
8.1595,47,-13,-16,20.616,-129.09
8.1595,48,-13,-16,20.616,-129.09
8.1595,49,-13,-17,21.401,-127.41
8.1595,50,-11,-17,20.248,-122.91
8.1595,51,-10,-16,18.868,-122.01
8.1595,52,-9,-13,15.811,-124.7
8.1595,53,-9,-10,13.454,-131.99
8.1595,54,-8,-7,10.63,-138.81
8.1595,55,-8,-4,8.944,-153.43
8.1595,56,-8,0,8.0,180.0
8.1595,57,-9,4,9.849,156.04
8.1595,58,-9,7,11.402,142.13
8.1595,59,-11,11,15.556,135.0
8.1595,60,-12,13,17.692,132.71
8.1595,61,-13,15,19.849,130.91
8.1595,62,-15,16,21.932,133.15
8.1595,63,-15,16,21.932,133.15
8.1797,0,-93,48,104.657,152.7
8.1797,1,10,0,10.0,0.0
8.1797,2,13,19,23.022,55.62
8.1797,3,13,18,22.204,54.16
8.1797,4,13,18,22.204,54.16
8.1797,5,13,17,21.401,52.59
8.1797,6,12,16,20.0,53.13
8.1797,7,13,16,20.616,50.91
8.1797,8,13,16,20.616,50.91
8.1797,9,13,15,19.849,49.09
8.1797,10,13,15,19.849,49.09
8.1797,11,13,14,19.105,47.12
8.1797,12,13,13,18.385,45.0
8.1797,13,14,13,19.105,42.88
8.1797,14,13,13,18.385,45.0
8.1797,15,13,13,18.385,45.0
8.1797,16,12,12,16.971,45.0
8.1797,17,12,12,16.971,45.0
8.1797,18,11,12,16.279,47.49
8.1797,19,11,11,15.556,45.0
8.1797,20,10,11,14.866,47.73
8.1797,21,10,11,14.866,47.73
8.1797,22,9,10,13.454,48.01
8.1797,23,8,10,12.806,51.34
8.1797,24,8,10,12.806,51.34
8.1797,25,8,10,12.806,51.34
8.1797,26,7,10,12.207,55.01
8.1797,27,0,0,0.0,0.0
8.1797,28,0,0,0.0,0.0
8.1797,29,0,0,0.0,0.0
8.1797,30,0,0,0.0,0.0
8.1797,31,0,0,0.0,0.0
8.1797,32,0,0,0.0,0.0
8.1797,33,0,0,0.0,0.0
8.1797,34,0,0,0.0,0.0
8.1797,35,0,0,0.0,0.0
8.1797,36,0,0,0.0,0.0
8.1797,37,0,0,0.0,0.0
8.1797,38,11,12,16.279,47.49
8.1797,39,10,13,16.401,52.43
8.1797,40,10,14,17.205,54.46
8.1797,41,10,14,17.205,54.46
8.1797,42,9,16,18.358,60.64
8.1797,43,9,16,18.358,60.64
8.1797,44,9,17,19.235,62.1
8.1797,45,9,18,20.125,63.43
8.1797,46,9,19,21.024,64.65
8.1797,47,9,19,21.024,64.65
8.1797,48,9,19,21.024,64.65
8.1797,49,9,20,21.932,65.77
8.1797,50,9,20,21.932,65.77
8.1797,51,9,21,22.847,66.8
8.1797,52,9,21,22.847,66.8
8.1797,53,9,21,22.847,66.8
8.1797,54,9,20,21.932,65.77
8.1797,55,10,21,23.259,64.54
8.1797,56,10,20,22.361,63.43
8.1797,57,10,20,22.361,63.43
8.1797,58,11,20,22.825,61.19
8.1797,59,11,21,23.707,62.35
8.1797,60,12,21,24.187,60.26
8.1797,61,12,19,22.472,57.72
8.1797,62,13,20,23.854,56.98
8.1797,63,12,19,22.472,57.72
8.2449,0,23,113,115.317,78.5
8.2449,1,17,0,17.0,0.0
8.2449,2,-16,29,33.121,118.89
8.2449,3,-6,26,26.683,102.99
8.2449,4,3,26,26.173,83.42
8.2449,5,1,22,22.023,87.4
8.2449,6,5,13,13.928,68.96
8.2449,7,-10,11,14.866,132.27
8.2449,8,1,12,12.042,85.24
8.2449,9,-3,21,21.213,98.13
8.2449,10,-4,15,15.524,104.93
8.2449,11,5,20,20.616,75.96
8.2449,12,0,21,21.0,90.0
8.2449,13,3,14,14.318,77.91
8.2449,14,0,22,22.0,90.0
8.2449,15,-2,19,19.105,96.01
8.2449,16,-3,17,17.263,100.01
8.2449,17,-6,22,22.804,105.26
8.2449,18,2,15,15.133,82.41
8.2449,19,5,18,18.682,74.48
8.2449,20,8,25,26.249,72.26
8.2449,21,-6,20,20.881,106.7
8.2449,22,5,24,24.515,78.23
8.2449,23,-3,20,20.224,98.53
8.2449,24,-7,12,13.892,120.26
8.2449,25,-6,19,19.925,107.53
8.2449,26,-6,17,18.028,109.44
8.2449,27,0,0,0.0,0.0
8.2449,28,0,0,0.0,0.0
8.2449,29,0,0,0.0,0.0
8.2449,30,0,0,0.0,0.0
8.2449,31,0,0,0.0,0.0
8.2449,32,0,0,0.0,0.0
8.2449,33,0,0,0.0,0.0
8.2449,34,0,0,0.0,0.0
8.2449,35,0,0,0.0,0.0
8.2449,36,0,0,0.0,0.0
8.2449,37,0,0,0.0,0.0
8.2449,38,-11,13,17.029,130.24
8.2449,39,-11,15,18.601,126.25
8.2449,40,-11,15,18.601,126.25
8.2449,41,-11,9,14.213,140.71
8.2449,42,-12,13,17.692,132.71
8.2449,43,-15,9,17.493,149.04
8.2449,44,-12,16,20.0,126.87
8.2449,45,-3,12,12.369,104.04
8.2449,46,-11,15,18.601,126.25
8.2449,47,-11,9,14.213,140.71
8.2449,48,-11,6,12.53,151.39
8.2449,49,-15,14,20.518,136.97
8.2449,50,-18,13,22.204,144.16
8.2449,51,-18,13,22.204,144.16
8.2449,52,-8,14,16.125,119.74
8.2449,53,-6,12,13.416,116.57
8.2449,54,-12,20,23.324,120.96
8.2449,55,-10,15,18.028,123.69
8.2449,56,-14,4,14.56,164.05
8.2449,57,-8,13,15.264,121.61
8.2449,58,-21,16,26.401,142.7
8.2449,59,9,15,17.493,59.04
8.2449,60,-9,9,12.728,135.0
8.2449,61,-8,4,8.944,153.43
8.2449,62,-9,23,24.698,111.37
8.2449,63,-20,28,34.409,125.54
8.2745,0,94,-32,99.298,-18.8
8.2745,1,5,0,5.0,0.0
8.2745,2,3,19,19.235,81.03
8.2745,3,2,17,17.117,83.29
8.2745,4,2,15,15.133,82.41
8.2745,5,2,12,12.166,80.54
8.2745,6,2,9,9.22,77.47
8.2745,7,2,6,6.325,71.57
8.2745,8,4,3,5.0,36.87
8.2745,9,6,1,6.083,9.46
8.2745,10,7,-1,7.071,-8.13
8.2745,11,9,-3,9.487,-18.43
8.2745,12,11,-4,11.705,-19.98
8.2745,13,13,-4,13.601,-17.1
8.2745,14,15,-3,15.297,-11.31
8.2745,15,15,-1,15.033,-3.81
8.2745,16,16,0,16.0,0.0
8.2745,17,14,2,14.142,8.13
8.2745,18,13,3,13.342,12.99
8.2745,19,10,5,11.18,26.57
8.2745,20,7,5,8.602,35.54
8.2745,21,4,5,6.403,51.34
8.2745,22,1,4,4.123,75.96
8.2745,23,-1,2,2.236,116.57
8.2745,24,-3,0,3.0,180.0
8.2745,25,-4,-3,5.0,-143.13
8.2745,26,-4,-5,6.403,-128.66
8.2745,27,0,0,0.0,0.0
8.2745,28,0,0,0.0,0.0
8.2745,29,0,0,0.0,0.0
8.2745,30,0,0,0.0,0.0
8.2745,31,0,0,0.0,0.0
8.2745,32,0,0,0.0,0.0
8.2745,33,0,0,0.0,0.0
8.2745,34,0,0,0.0,0.0
8.2745,35,0,0,0.0,0.0
8.2745,36,0,0,0.0,0.0
8.2745,37,0,0,0.0,0.0
8.2745,38,-10,-4,10.77,-158.2
8.2745,39,-9,-3,9.487,-161.57
8.2745,40,-8,-2,8.246,-165.96
8.2745,41,-8,1,8.062,172.87
8.2745,42,-8,3,8.544,159.44
8.2745,43,-9,5,10.296,150.95
8.2745,44,-10,8,12.806,141.34
8.2745,45,-12,9,15.0,143.13
8.2745,46,-14,11,17.804,141.84
8.2745,47,-16,11,19.416,145.49
8.2745,48,-17,11,20.248,147.09
8.2745,49,-18,10,20.591,150.95
8.2745,50,-18,9,20.125,153.43
8.2745,51,-16,8,17.889,153.43
8.2745,52,-15,7,16.553,154.98
8.2745,53,-13,7,14.765,151.7
8.2745,54,-10,7,12.207,145.01
8.2745,55,-7,7,9.899,135.0
8.2745,56,-4,8,8.944,116.57
8.2745,57,-1,10,10.05,95.71
8.2745,58,2,11,11.18,79.7
8.2745,59,3,14,14.318,77.91
8.2745,60,5,15,15.811,71.57
8.2745,61,6,17,18.028,70.56
8.2745,62,6,19,19.925,72.47
8.2745,63,6,20,20.881,73.3
8.3468,0,23,113,115.317,78.5
8.3468,1,17,0,17.0,0.0
8.3468,2,-13,-5,13.928,-158.96
8.3468,3,-34,13,36.401,159.08
8.3468,4,-8,12,14.422,123.69
8.3468,5,0,13,13.0,90.0
8.3468,6,-5,30,30.414,99.46
8.3468,7,-8,25,26.249,107.74
8.3468,8,-5,15,15.811,108.43
8.3468,9,-7,19,20.248,110.22
8.3468,10,-6,9,10.817,123.69
8.3468,11,-4,12,12.649,108.43
8.3468,12,-8,22,23.409,109.98
8.3468,13,-9,13,15.811,124.7
8.3468,14,-8,17,18.788,115.2
8.3468,15,-11,16,19.416,124.51
8.3468,16,-22,18,28.425,140.71
8.3468,17,-14,15,20.518,133.03
8.3468,18,-12,19,22.472,122.28
8.3468,19,-5,15,15.811,108.43
8.3468,20,-14,23,26.926,121.33
8.3468,21,-16,14,21.26,138.81
8.3468,22,-15,14,20.518,136.97
8.3468,23,-23,9,24.698,158.63
8.3468,24,-10,15,18.028,123.69
8.3468,25,-15,9,17.493,149.04
8.3468,26,-2,9,9.22,102.53
8.3468,27,0,0,0.0,0.0
8.3468,28,0,0,0.0,0.0
8.3468,29,0,0,0.0,0.0
8.3468,30,0,0,0.0,0.0
8.3468,31,0,0,0.0,0.0
8.3468,32,0,0,0.0,0.0
8.3468,33,0,0,0.0,0.0
8.3468,34,0,0,0.0,0.0
8.3468,35,0,0,0.0,0.0
8.3468,36,0,0,0.0,0.0
8.3468,37,0,0,0.0,0.0
8.3468,38,-4,18,18.439,102.53
8.3468,39,-3,21,21.213,98.13
8.3468,40,-10,15,18.028,123.69
8.3468,41,-7,15,16.553,115.02
8.3468,42,-9,15,17.493,120.96
8.3468,43,-6,16,17.088,110.56
8.3468,44,-10,22,24.166,114.44
8.3468,45,-6,10,11.662,120.96
8.3468,46,-11,15,18.601,126.25
8.3468,47,-15,21,25.807,125.54
8.3468,48,-16,13,20.616,140.91
8.3468,49,-5,23,23.537,102.26
8.3468,50,-18,16,24.083,138.37
8.3468,51,-11,6,12.53,151.39
8.3468,52,-7,21,22.136,108.43
8.3468,53,-15,18,23.431,129.81
8.3468,54,-16,18,24.083,131.63
8.3468,55,-18,-1,18.028,-176.82
8.3468,56,-19,9,21.024,154.65
8.3468,57,-20,9,21.932,155.77
8.3468,58,-29,4,29.275,172.15
8.3468,59,-8,26,27.203,107.1
8.3468,60,-22,32,38.833,124.51
8.3468,61,-8,2,8.246,165.96
8.3468,62,-11,14,17.804,128.16
8.3468,63,8,18,19.698,66.04
8.4509,0,23,113,115.317,78.5
8.4509,1,17,0,17.0,0.0
8.4509,2,0,18,18.0,90.0
8.4509,3,-14,9,16.643,147.26
8.4509,4,-15,8,17.0,151.93
8.4509,5,-23,16,28.018,145.18
8.4509,6,-17,10,19.723,149.53
8.4509,7,-42,21,46.957,153.43
8.4509,8,-16,12,20.0,143.13
8.4509,9,-15,24,28.302,122.01
8.4509,10,-19,18,26.173,136.55
8.4509,11,-18,9,20.125,153.43
8.4509,12,-19,12,22.472,147.72
8.4509,13,-9,24,25.632,110.56
8.4509,14,-12,16,20.0,126.87
8.4509,15,-1,16,16.031,93.58
8.4509,16,-15,13,19.849,139.09
8.4509,17,-20,11,22.825,151.19
8.4509,18,-10,12,15.62,129.81
8.4509,19,-10,16,18.868,122.01
8.4509,20,-15,7,16.553,154.98
8.4509,21,-16,13,20.616,140.91
8.4509,22,-14,1,14.036,175.91
8.4509,23,-21,12,24.187,150.26
8.4509,24,-18,0,18.0,180.0
8.4509,25,-14,6,15.232,156.8
8.4509,26,-15,3,15.297,168.69
8.4509,27,0,0,0.0,0.0
8.4509,28,0,0,0.0,0.0
8.4509,29,0,0,0.0,0.0
8.4509,30,0,0,0.0,0.0
8.4509,31,0,0,0.0,0.0
8.4509,32,0,0,0.0,0.0
8.4509,33,0,0,0.0,0.0
8.4509,34,0,0,0.0,0.0
8.4509,35,0,0,0.0,0.0
8.4509,36,0,0,0.0,0.0
8.4509,37,0,0,0.0,0.0
8.4509,38,-10,18,20.591,119.05
8.4509,39,-11,13,17.029,130.24
8.4509,40,-14,16,21.26,131.19
8.4509,41,-16,16,22.627,135.0
8.4509,42,-12,14,18.439,130.6
8.4509,43,-16,17,23.345,133.26
8.4509,44,-17,8,18.788,154.8
8.4509,45,-15,16,21.932,133.15
8.4509,46,-12,14,18.439,130.6
8.4509,47,-17,13,21.401,142.59
8.4509,48,-18,15,23.431,140.19
8.4509,49,-14,10,17.205,144.46
8.4509,50,-25,20,32.016,141.34
8.4509,51,-28,7,28.862,165.96
8.4509,52,-17,13,21.401,142.59
8.4509,53,-12,9,15.0,143.13
8.4509,54,-12,17,20.809,125.22
8.4509,55,-12,13,17.692,132.71
8.4509,56,-15,16,21.932,133.15
8.4509,57,-18,8,19.698,156.04
8.4509,58,-10,5,11.18,153.43
8.4509,59,-10,11,14.866,132.27
8.4509,60,-17,17,24.042,135.0
8.4509,61,-10,11,14.866,132.27
8.4509,62,-21,13,24.698,148.24
8.4509,63,4,19,19.416,78.11
8.6516,0,23,113,115.317,78.5
8.6516,1,17,0,17.0,0.0
8.6516,2,-4,22,22.361,100.3
8.6516,3,7,25,25.962,74.36
8.6516,4,-5,9,10.296,119.05
8.6516,5,1,25,25.02,87.71
8.6516,6,0,21,21.0,90.0
8.6516,7,-2,26,26.077,94.4
8.6516,8,-10,12,15.62,129.81
8.6516,9,-4,26,26.306,98.75
8.6516,10,-5,17,17.72,106.39
8.6516,11,2,26,26.077,85.6
8.6516,12,-2,24,24.083,94.76
8.6516,13,-3,20,20.224,98.53
8.6516,14,-4,20,20.396,101.31
8.6516,15,1,18,18.028,86.82
8.6516,16,-1,21,21.024,92.73
8.6516,17,-5,16,16.763,107.35
8.6516,18,4,14,14.56,74.05
8.6516,19,-1,18,18.028,93.18
8.6516,20,-1,16,16.031,93.58
8.6516,21,-1,20,20.025,92.86
8.6516,22,2,13,13.153,81.25
8.6516,23,-2,18,18.111,96.34
8.6516,24,-5,10,11.18,116.57
8.6516,25,-2,18,18.111,96.34
8.6516,26,-7,19,20.248,110.22
8.6516,27,0,0,0.0,0.0
8.6516,28,0,0,0.0,0.0
8.6516,29,0,0,0.0,0.0
8.6516,30,0,0,0.0,0.0
8.6516,31,0,0,0.0,0.0
8.6516,32,0,0,0.0,0.0
8.6516,33,0,0,0.0,0.0
8.6516,34,0,0,0.0,0.0
8.6516,35,0,0,0.0,0.0
8.6516,36,0,0,0.0,0.0
8.6516,37,0,0,0.0,0.0
8.6516,38,-9,14,16.643,122.74
8.6516,39,-2,17,17.117,96.71
8.6516,40,0,17,17.0,90.0
8.6516,41,-5,14,14.866,109.65
8.6516,42,-6,17,18.028,109.44
8.6516,43,-4,9,9.849,113.96
8.6516,44,-6,18,18.974,108.43
8.6516,45,4,15,15.524,75.07
8.6516,46,-6,20,20.881,106.7
8.6516,47,-8,24,25.298,108.43
8.6516,48,-9,20,21.932,114.23
8.6516,49,-9,13,15.811,124.7
8.6516,50,-8,15,17.0,118.07
8.6516,51,-10,17,19.723,120.47
8.6516,52,-8,15,17.0,118.07
8.6516,53,-3,19,19.235,98.97
8.6516,54,-7,16,17.464,113.63
8.6516,55,-6,17,18.028,109.44
8.6516,56,-8,22,23.409,109.98
8.6516,57,1,12,12.042,85.24
8.6516,58,-5,18,18.682,105.52
8.6516,59,-4,29,29.275,97.85
8.6516,60,0,22,22.0,90.0
8.6516,61,-7,16,17.464,113.63
8.6516,62,4,25,25.318,80.91
8.6516,63,-10,24,26.0,112.62
8.7638,0,23,113,115.317,78.5
8.7638,1,17,0,17.0,0.0
8.7638,2,0,-2,2.0,-90.0
8.7638,3,10,-5,11.18,-26.57
8.7638,4,-1,-20,20.025,-92.86
8.7638,5,8,-15,17.0,-61.93
8.7638,6,26,-11,28.231,-22.93
8.7638,7,12,-11,16.279,-42.51
8.7638,8,11,-15,18.601,-53.75
8.7638,9,23,-13,26.42,-29.48
8.7638,10,14,-12,18.439,-40.6
8.7638,11,18,-9,20.125,-26.57
8.7638,12,19,-18,26.173,-43.45
8.7638,13,10,-10,14.142,-45.0
8.7638,14,21,-13,24.698,-31.76
8.7638,15,16,-20,25.612,-51.34
8.7638,16,19,-11,21.954,-30.07
8.7638,17,10,-7,12.207,-34.99
8.7638,18,16,-12,20.0,-36.87
8.7638,19,11,-15,18.601,-53.75
8.7638,20,19,-12,22.472,-32.28
8.7638,21,18,-14,22.804,-37.87
8.7638,22,14,-5,14.866,-19.65
8.7638,23,15,-13,19.849,-40.91
8.7638,24,11,-5,12.083,-24.44
8.7638,25,21,-21,29.698,-45.0
8.7638,26,14,-7,15.652,-26.57
8.7638,27,0,0,0.0,0.0
8.7638,28,0,0,0.0,0.0
8.7638,29,0,0,0.0,0.0
8.7638,30,0,0,0.0,0.0
8.7638,31,0,0,0.0,0.0
8.7638,32,0,0,0.0,0.0
8.7638,33,0,0,0.0,0.0
8.7638,34,0,0,0.0,0.0
8.7638,35,0,0,0.0,0.0
8.7638,36,0,0,0.0,0.0
8.7638,37,0,0,0.0,0.0
8.7638,38,16,-7,17.464,-23.63
8.7638,39,14,-12,18.439,-40.6
8.7638,40,12,-12,16.971,-45.0
8.7638,41,17,-9,19.235,-27.9
8.7638,42,14,-10,17.205,-35.54
8.7638,43,18,-12,21.633,-33.69
8.7638,44,17,-6,18.028,-19.44
8.7638,45,15,-7,16.553,-25.02
8.7638,46,19,-3,19.235,-8.97
8.7638,47,21,-12,24.187,-29.74
8.7638,48,26,-8,27.203,-17.1
8.7638,49,17,-11,20.248,-32.91
8.7638,50,17,-9,19.235,-27.9
8.7638,51,16,-6,17.088,-20.56
8.7638,52,27,-4,27.295,-8.43
8.7638,53,19,-8,20.616,-22.83
8.7638,54,17,-10,19.723,-30.47
8.7638,55,27,-4,27.295,-8.43
8.7638,56,28,-3,28.16,-6.12
8.7638,57,16,-15,21.932,-43.15
8.7638,58,10,-4,10.77,-21.8
8.7638,59,14,-9,16.643,-32.74
8.7638,60,27,-4,27.295,-8.43
8.7638,61,33,-7,33.734,-11.98
8.7638,62,-10,-6,11.662,-149.04
8.7638,63,23,0,23.0,0.0
9.3852,0,92,-63,111.503,-34.4
9.3852,1,21,0,21.0,0.0
9.3852,2,-4,12,12.649,108.43
9.3852,3,10,16,18.868,57.99
9.3852,4,2,17,17.117,83.29
9.3852,5,2,28,28.071,85.91
9.3852,6,5,18,18.682,74.48
9.3852,7,-2,24,24.083,94.76
9.3852,8,-4,18,18.439,102.53
9.3852,9,8,23,24.352,70.82
9.3852,10,6,17,18.028,70.56
9.3852,11,3,23,23.195,82.57
9.3852,12,-4,14,14.56,105.95
9.3852,13,-5,22,22.561,102.8
9.3852,14,2,22,22.091,84.81
9.3852,15,-6,14,15.232,113.2
9.3852,16,0,21,21.0,90.0
9.3852,17,-3,21,21.213,98.13
9.3852,18,-6,12,13.416,116.57
9.3852,19,8,22,23.409,70.02
9.3852,20,-8,22,23.409,109.98
9.3852,21,7,24,25.0,73.74
9.3852,22,5,10,11.18,63.43
9.3852,23,4,18,18.439,77.47
9.3852,24,-3,22,22.204,97.77
9.3852,25,-2,13,13.153,98.75
9.3852,26,-2,12,12.166,99.46
9.3852,27,0,0,0.0,0.0
9.3852,28,0,0,0.0,0.0
9.3852,29,0,0,0.0,0.0
9.3852,30,0,0,0.0,0.0
9.3852,31,0,0,0.0,0.0
9.3852,32,0,0,0.0,0.0
9.3852,33,0,0,0.0,0.0
9.3852,34,0,0,0.0,0.0
9.3852,35,0,0,0.0,0.0
9.3852,36,0,0,0.0,0.0
9.3852,37,0,0,0.0,0.0
9.3852,38,-12,7,13.892,149.74
9.3852,39,-15,1,15.033,176.19
9.3852,40,-17,9,19.235,152.1
9.3852,41,-11,10,14.866,137.73
9.3852,42,-12,10,15.62,140.19
9.3852,43,-13,10,16.401,142.43
9.3852,44,-22,1,22.023,177.4
9.3852,45,-17,4,17.464,166.76
9.3852,46,-11,9,14.213,140.71
9.3852,47,-13,9,15.811,145.3
9.3852,48,-15,8,17.0,151.93
9.3852,49,-16,5,16.763,162.65
9.3852,50,-17,0,17.0,180.0
9.3852,51,-18,6,18.974,161.57
9.3852,52,-19,6,19.925,162.47
9.3852,53,-10,13,16.401,127.57
9.3852,54,-13,12,17.692,137.29
9.3852,55,-4,10,10.77,111.8
9.3852,56,-6,15,16.155,111.8
9.3852,57,-16,10,18.868,147.99
9.3852,58,-23,15,27.459,146.89
9.3852,59,0,18,18.0,90.0
9.3852,60,-12,6,13.416,153.43
9.3852,61,-11,11,15.556,135.0
9.3852,62,-12,23,25.942,117.55
9.3852,63,-24,24,33.941,135.0
9.4038,0,23,113,115.317,78.5
9.4038,1,17,0,17.0,0.0
9.4038,2,-23,-18,29.206,-141.95
9.4038,3,-11,-2,11.18,-169.7
9.4038,4,-24,14,27.785,149.74
9.4038,5,-27,12,29.547,156.04
9.4038,6,-5,3,5.831,149.04
9.4038,7,-25,2,25.08,175.43
9.4038,8,-11,-5,12.083,-155.56
9.4038,9,-21,11,23.707,152.35
9.4038,10,-19,9,21.024,154.65
9.4038,11,-13,7,14.765,151.7
9.4038,12,-12,5,13.0,157.38
9.4038,13,-18,13,22.204,144.16
9.4038,14,-12,4,12.649,161.57
9.4038,15,-16,14,21.26,138.81
9.4038,16,-12,12,16.971,135.0
9.4038,17,-14,11,17.804,141.84
9.4038,18,-15,8,17.0,151.93
9.4038,19,-13,11,17.029,139.76
9.4038,20,-11,14,17.804,128.16
9.4038,21,-12,3,12.369,165.96
9.4038,22,-16,8,17.889,153.43
9.4038,23,-4,7,8.062,119.74
9.4038,24,-15,10,18.028,146.31
9.4038,25,-6,4,7.211,146.31
9.4038,26,-17,8,18.788,154.8
9.4038,27,0,0,0.0,0.0
9.4038,28,0,0,0.0,0.0
9.4038,29,0,0,0.0,0.0
9.4038,30,0,0,0.0,0.0
9.4038,31,0,0,0.0,0.0
9.4038,32,0,0,0.0,0.0
9.4038,33,0,0,0.0,0.0
9.4038,34,0,0,0.0,0.0
9.4038,35,0,0,0.0,0.0
9.4038,36,0,0,0.0,0.0
9.4038,37,0,0,0.0,0.0
9.4038,38,-8,-12,14.422,-123.69
9.4038,39,-11,-10,14.866,-137.73
9.4038,40,-11,-13,17.029,-130.24
9.4038,41,-9,-12,15.0,-126.87
9.4038,42,-7,-12,13.892,-120.26
9.4038,43,-12,-9,15.0,-143.13
9.4038,44,-8,-13,15.264,-121.61
9.4038,45,-6,-13,14.318,-114.78
9.4038,46,-10,-11,14.866,-132.27
9.4038,47,-15,-15,21.213,-135.0
9.4038,48,-8,-11,13.601,-126.03
9.4038,49,-6,-11,12.53,-118.61
9.4038,50,-14,-7,15.652,-153.43
9.4038,51,-1,-14,14.036,-94.09
9.4038,52,-13,-15,19.849,-130.91
9.4038,53,-16,-12,20.0,-143.13
9.4038,54,-13,2,13.153,171.25
9.4038,55,-10,-7,12.207,-145.01
9.4038,56,-9,-5,10.296,-150.95
9.4038,57,-12,-3,12.369,-165.96
9.4038,58,-3,7,7.616,113.2
9.4038,59,-16,-2,16.125,-172.87
9.4038,60,-11,-2,11.18,-169.7
9.4038,61,-23,5,23.537,167.74
9.4038,62,-20,-13,23.854,-146.98
9.4038,63,-14,-17,22.023,-129.47
9.5846,0,23,113,115.317,78.5
9.5846,1,17,0,17.0,0.0
9.5846,2,-9,-26,27.514,-109.09
9.5846,3,-8,-19,20.616,-112.83
9.5846,4,-28,-15,31.765,-151.82
9.5846,5,-18,-9,20.125,-153.43
9.5846,6,-20,-1,20.025,-177.14
9.5846,7,-13,-5,13.928,-158.96
9.5846,8,-21,-9,22.847,-156.8
9.5846,9,-16,-13,20.616,-140.91
9.5846,10,-14,-12,18.439,-139.4
9.5846,11,-25,-9,26.571,-160.2
9.5846,12,-13,-13,18.385,-135.0
9.5846,13,-24,-9,25.632,-159.44
9.5846,14,-18,-8,19.698,-156.04
9.5846,15,-17,-6,18.028,-160.56
9.5846,16,-19,-6,19.925,-162.47
9.5846,17,-5,-5,7.071,-135.0
9.5846,18,-11,-15,18.601,-126.25
9.5846,19,-14,-10,17.205,-144.46
9.5846,20,-13,-5,13.928,-158.96
9.5846,21,-8,-13,15.264,-121.61
9.5846,22,-10,-11,14.866,-132.27
9.5846,23,-8,-14,16.125,-119.74
9.5846,24,-8,-10,12.806,-128.66
9.5846,25,-5,-8,9.434,-122.01
9.5846,26,-11,-22,24.597,-116.57
9.5846,27,0,0,0.0,0.0
9.5846,28,0,0,0.0,0.0
9.5846,29,0,0,0.0,0.0
9.5846,30,0,0,0.0,0.0
9.5846,31,0,0,0.0,0.0
9.5846,32,0,0,0.0,0.0
9.5846,33,0,0,0.0,0.0
9.5846,34,0,0,0.0,0.0
9.5846,35,0,0,0.0,0.0
9.5846,36,0,0,0.0,0.0
9.5846,37,0,0,0.0,0.0
9.5846,38,-18,2,18.111,173.66
9.5846,39,-18,-2,18.111,-173.66
9.5846,40,-18,-4,18.439,-167.47
9.5846,41,-16,-8,17.889,-153.43
9.5846,42,-21,-4,21.378,-169.22
9.5846,43,-19,-5,19.647,-165.26
9.5846,44,-17,-9,19.235,-152.1
9.5846,45,-25,-7,25.962,-164.36
9.5846,46,-14,1,14.036,175.91
9.5846,47,-22,-6,22.804,-164.74
9.5846,48,-20,-14,24.413,-145.01
9.5846,49,-17,-6,18.028,-160.56
9.5846,50,-17,-13,21.401,-142.59
9.5846,51,-20,-15,25.0,-143.13
9.5846,52,-19,-16,24.839,-139.9
9.5846,53,-18,-15,23.431,-140.19
9.5846,54,-11,-16,19.416,-124.51
9.5846,55,-7,-6,9.22,-139.4
9.5846,56,-20,-13,23.854,-146.98
9.5846,57,-11,-6,12.53,-151.39
9.5846,58,-13,-5,13.928,-158.96
9.5846,59,-20,-24,31.241,-129.81
9.5846,60,-9,-10,13.454,-131.99
9.5846,61,-27,-30,40.361,-131.99
9.5846,62,-4,3,5.0,143.13
9.5846,63,5,-8,9.434,-57.99
9.6866,0,23,113,115.317,78.5
9.6866,1,17,0,17.0,0.0
9.6866,2,22,-15,26.627,-34.29
9.6866,3,20,-13,23.854,-33.02
9.6866,4,20,-5,20.616,-14.04
9.6866,5,19,-10,21.471,-27.76
9.6866,6,8,-19,20.616,-67.17
9.6866,7,20,-4,20.396,-11.31
9.6866,8,11,-14,17.804,-51.84
9.6866,9,36,-17,39.812,-25.28
9.6866,10,36,-12,37.947,-18.43
9.6866,11,11,-11,15.556,-45.0
9.6866,12,13,-11,17.029,-40.24
9.6866,13,20,-13,23.854,-33.02
9.6866,14,19,-5,19.647,-14.74
9.6866,15,23,-19,29.833,-39.56
9.6866,16,-1,-7,7.071,-98.13
9.6866,17,19,-12,22.472,-32.28
9.6866,18,20,-2,20.1,-5.71
9.6866,19,8,-12,14.422,-56.31
9.6866,20,7,-15,16.553,-64.98
9.6866,21,17,-8,18.788,-25.2
9.6866,22,16,-7,17.464,-23.63
9.6866,23,9,-4,9.849,-23.96
9.6866,24,12,-12,16.971,-45.0
9.6866,25,13,-6,14.318,-24.78
9.6866,26,16,-4,16.492,-14.04
9.6866,27,0,0,0.0,0.0
9.6866,28,0,0,0.0,0.0
9.6866,29,0,0,0.0,0.0
9.6866,30,0,0,0.0,0.0
9.6866,31,0,0,0.0,0.0
9.6866,32,0,0,0.0,0.0
9.6866,33,0,0,0.0,0.0
9.6866,34,0,0,0.0,0.0
9.6866,35,0,0,0.0,0.0
9.6866,36,0,0,0.0,0.0
9.6866,37,0,0,0.0,0.0
9.6866,38,12,-14,18.439,-49.4
9.6866,39,8,-5,9.434,-32.01
9.6866,40,16,-10,18.868,-32.01
9.6866,41,11,-7,13.038,-32.47
9.6866,42,21,-9,22.847,-23.2
9.6866,43,16,-7,17.464,-23.63
9.6866,44,17,-1,17.029,-3.37
9.6866,45,16,-8,17.889,-26.57
9.6866,46,19,-4,19.416,-11.89
9.6866,47,18,-7,19.313,-21.25
9.6866,48,17,2,17.117,6.71
9.6866,49,18,1,18.028,3.18
9.6866,50,15,-2,15.133,-7.59
9.6866,51,19,-4,19.416,-11.89
9.6866,52,17,-6,18.028,-19.44
9.6866,53,17,-5,17.72,-16.39
9.6866,54,23,0,23.0,0.0
9.6866,55,19,-5,19.647,-14.74
9.6866,56,20,-4,20.396,-11.31
9.6866,57,21,-8,22.472,-20.85
9.6866,58,15,-2,15.133,-7.59
9.6866,59,19,-10,21.471,-27.76
9.6866,60,13,-9,15.811,-34.7
9.6866,61,27,-6,27.659,-12.53
9.6866,62,11,-10,14.866,-42.27
9.6866,63,18,-7,19.313,-21.25
9.887,0,23,113,115.317,78.5
9.887,1,17,0,17.0,0.0
9.887,2,-3,15,15.297,101.31
9.887,3,-23,19,29.833,140.44
9.887,4,-20,2,20.1,174.29
9.887,5,-6,23,23.77,104.62
9.887,6,-3,34,34.132,95.04
9.887,7,-14,28,31.305,116.57
9.887,8,-1,25,25.02,92.29
9.887,9,-5,13,13.928,111.04
9.887,10,-7,22,23.087,107.65
9.887,11,-7,16,17.464,113.63
9.887,12,-3,12,12.369,104.04
9.887,13,-4,22,22.361,100.3
9.887,14,-3,15,15.297,101.31
9.887,15,-2,20,20.1,95.71
9.887,16,-2,28,28.071,94.09
9.887,17,4,11,11.705,70.02
9.887,18,-2,8,8.246,104.04
9.887,19,-6,16,17.088,110.56
9.887,20,-5,11,12.083,114.44
9.887,21,-4,28,28.284,98.13
9.887,22,-3,17,17.263,100.01
9.887,23,2,12,12.166,80.54
9.887,24,3,12,12.369,75.96
9.887,25,1,15,15.033,86.19
9.887,26,-3,23,23.195,97.43
9.887,27,0,0,0.0,0.0
9.887,28,0,0,0.0,0.0
9.887,29,0,0,0.0,0.0
9.887,30,0,0,0.0,0.0
9.887,31,0,0,0.0,0.0
9.887,32,0,0,0.0,0.0
9.887,33,0,0,0.0,0.0
9.887,34,0,0,0.0,0.0
9.887,35,0,0,0.0,0.0
9.887,36,0,0,0.0,0.0
9.887,37,0,0,0.0,0.0
9.887,38,-11,-1,11.045,-174.81
9.887,39,-17,1,17.029,176.63
9.887,40,-18,5,18.682,164.48
9.887,41,-14,3,14.318,167.91
9.887,42,-19,5,19.647,165.26
9.887,43,-16,2,16.125,172.87
9.887,44,-14,6,15.232,156.8
9.887,45,-20,9,21.932,155.77
9.887,46,-15,5,15.811,161.57
9.887,47,-18,5,18.682,164.48
9.887,48,-17,5,17.72,163.61
9.887,49,-19,4,19.416,168.11
9.887,50,-21,9,22.847,156.8
9.887,51,-18,8,19.698,156.04
9.887,52,-19,6,19.925,162.47
9.887,53,-18,7,19.313,158.75
9.887,54,-22,5,22.561,167.2
9.887,55,-20,10,22.361,153.43
9.887,56,-16,8,17.889,153.43
9.887,57,-12,3,12.369,165.96
9.887,58,-15,15,21.213,135.0
9.887,59,-15,9,17.493,149.04
9.887,60,-22,15,26.627,145.71
9.887,61,-34,15,37.162,156.19
9.887,62,-11,-3,11.402,-164.74
9.887,63,-7,0,7.0,180.0
9.9828,0,23,113,115.317,78.5
9.9828,1,17,0,17.0,0.0
9.9828,2,14,-16,21.26,-48.81
9.9828,3,40,35,53.151,41.19
9.9828,4,9,2,9.22,12.53
9.9828,5,22,15,26.627,34.29
9.9828,6,12,9,15.0,36.87
9.9828,7,15,7,16.553,25.02
9.9828,8,19,11,21.954,30.07
9.9828,9,22,15,26.627,34.29
9.9828,10,15,8,17.0,28.07
9.9828,11,-8,16,17.889,116.57
9.9828,12,12,14,18.439,49.4
9.9828,13,18,13,22.204,35.84
9.9828,14,13,18,22.204,54.16
9.9828,15,19,17,25.495,41.82
9.9828,16,17,10,19.723,30.47
9.9828,17,10,13,16.401,52.43
9.9828,18,17,14,22.023,39.47
9.9828,19,15,13,19.849,40.91
9.9828,20,8,14,16.125,60.26
9.9828,21,19,18,26.173,43.45
9.9828,22,14,9,16.643,32.74
9.9828,23,10,9,13.454,41.99
9.9828,24,14,6,15.232,23.2
9.9828,25,5,15,15.811,71.57
9.9828,26,22,15,26.627,34.29
9.9828,27,0,0,0.0,0.0
9.9828,28,0,0,0.0,0.0
9.9828,29,0,0,0.0,0.0
9.9828,30,0,0,0.0,0.0
9.9828,31,0,0,0.0,0.0
9.9828,32,0,0,0.0,0.0
9.9828,33,0,0,0.0,0.0
9.9828,34,0,0,0.0,0.0
9.9828,35,0,0,0.0,0.0
9.9828,36,0,0,0.0,0.0
9.9828,37,0,0,0.0,0.0
9.9828,38,4,16,16.492,75.96
9.9828,39,6,20,20.881,73.3
9.9828,40,3,15,15.297,78.69
9.9828,41,5,22,22.561,77.2
9.9828,42,2,22,22.091,84.81
9.9828,43,1,17,17.029,86.63
9.9828,44,3,16,16.279,79.38
9.9828,45,7,20,21.19,70.71
9.9828,46,2,20,20.1,84.29
9.9828,47,-1,22,22.023,92.6
9.9828,48,8,24,25.298,71.57
9.9828,49,1,26,26.019,87.8
9.9828,50,-1,19,19.026,93.01
9.9828,51,5,22,22.561,77.2
9.9828,52,0,28,28.0,90.0
9.9828,53,6,23,23.77,75.38
9.9828,54,1,22,22.023,87.4
9.9828,55,-2,2,2.828,135.0
9.9828,56,11,37,38.601,73.44
9.9828,57,-8,23,24.352,109.18
9.9828,58,10,37,38.328,74.88
9.9828,59,11,23,25.495,64.44
9.9828,60,12,22,25.06,61.39
9.9828,61,-1,26,26.019,92.2
9.9828,62,30,30,42.426,45.0
9.9828,63,16,25,29.682,57.38
10.094,0,23,113,115.317,78.5
10.094,1,17,0,17.0,0.0
10.094,2,-13,-10,16.401,-142.43
10.094,3,-16,-21,26.401,-127.3
10.094,4,-18,-3,18.248,-170.54
10.094,5,-17,-9,19.235,-152.1
10.094,6,-15,-7,16.553,-154.98
10.094,7,-18,-4,18.439,-167.47
10.094,8,-11,-11,15.556,-135.0
10.094,9,-7,-11,13.038,-122.47
10.094,10,-16,-6,17.088,-159.44
10.094,11,-11,-8,13.601,-143.97
10.094,12,-17,-9,19.235,-152.1
10.094,13,-23,-7,24.042,-163.07
10.094,14,-20,-8,21.541,-158.2
10.094,15,-16,-9,18.358,-150.64
10.094,16,-13,-6,14.318,-155.22
10.094,17,-17,-5,17.72,-163.61
10.094,18,-14,-11,17.804,-141.84
10.094,19,-15,-6,16.155,-158.2
10.094,20,-5,-13,13.928,-111.04
10.094,21,-10,-14,17.205,-125.54
10.094,22,-13,-9,15.811,-145.3
10.094,23,-13,-14,19.105,-132.88
10.094,24,-12,-17,20.809,-125.22
10.094,25,-8,-15,17.0,-118.07
10.094,26,-13,-9,15.811,-145.3
10.094,27,0,0,0.0,0.0
10.094,28,0,0,0.0,0.0
10.094,29,0,0,0.0,0.0
10.094,30,0,0,0.0,0.0
10.094,31,0,0,0.0,0.0
10.094,32,0,0,0.0,0.0
10.094,33,0,0,0.0,0.0
10.094,34,0,0,0.0,0.0
10.094,35,0,0,0.0,0.0
10.094,36,0,0,0.0,0.0
10.094,37,0,0,0.0,0.0
10.094,38,-18,1,18.028,176.82
10.094,39,-17,-2,17.117,-173.29
10.094,40,-20,-1,20.025,-177.14
10.094,41,-11,-5,12.083,-155.56
10.094,42,-14,-5,14.866,-160.35
10.094,43,-12,1,12.042,175.24
10.094,44,-15,-7,16.553,-154.98
10.094,45,-13,-8,15.264,-148.39
10.094,46,-18,-8,19.698,-156.04
10.094,47,-19,-6,19.925,-162.47
10.094,48,-15,-11,18.601,-143.75
10.094,49,-11,-16,19.416,-124.51
10.094,50,-16,-9,18.358,-150.64
10.094,51,-16,-16,22.627,-135.0
10.094,52,-13,-11,17.029,-139.76
10.094,53,-9,-11,14.213,-129.29
10.094,54,-13,-9,15.811,-145.3
10.094,55,-13,-13,18.385,-135.0
10.094,56,-9,-5,10.296,-150.95
10.094,57,-21,-9,22.847,-156.8
10.094,58,-19,-5,19.647,-165.26
10.094,59,-9,-11,14.213,-129.29
10.094,60,-17,-13,21.401,-142.59
10.094,61,-13,-17,21.401,-127.41
10.094,62,-9,-10,13.454,-131.99
10.094,63,-20,3,20.224,171.47
10.1887,0,23,113,115.317,78.5
10.1887,1,17,0,17.0,0.0
10.1887,2,21,0,21.0,0.0
10.1887,3,31,10,32.573,17.88
10.1887,4,24,3,24.187,7.13
10.1887,5,15,5,15.811,18.43
10.1887,6,18,4,18.439,12.53
10.1887,7,32,1,32.016,1.79
10.1887,8,27,2,27.074,4.24
10.1887,9,19,9,21.024,25.35
10.1887,10,23,10,25.08,23.5
10.1887,11,22,7,23.087,17.65
10.1887,12,21,15,25.807,35.54
10.1887,13,21,6,21.84,15.95
10.1887,14,9,8,12.042,41.63
10.1887,15,10,10,14.142,45.0
10.1887,16,26,9,27.514,19.09
10.1887,17,13,9,15.811,34.7
10.1887,18,13,20,23.854,56.98
10.1887,19,20,23,30.48,48.99
10.1887,20,12,21,24.187,60.26
10.1887,21,12,24,26.833,63.43
10.1887,22,12,9,15.0,36.87
10.1887,23,8,23,24.352,70.82
10.1887,24,4,17,17.464,76.76
10.1887,25,3,22,22.204,82.23
10.1887,26,10,27,28.792,69.68
10.1887,27,0,0,0.0,0.0
10.1887,28,0,0,0.0,0.0
10.1887,29,0,0,0.0,0.0
10.1887,30,0,0,0.0,0.0
10.1887,31,0,0,0.0,0.0
10.1887,32,0,0,0.0,0.0
10.1887,33,0,0,0.0,0.0
10.1887,34,0,0,0.0,0.0
10.1887,35,0,0,0.0,0.0
10.1887,36,0,0,0.0,0.0
10.1887,37,0,0,0.0,0.0
10.1887,38,10,-18,20.591,-60.95
10.1887,39,11,-15,18.601,-53.75
10.1887,40,11,-11,15.556,-45.0
10.1887,41,13,-17,21.401,-52.59
10.1887,42,12,-12,16.971,-45.0
10.1887,43,14,-17,22.023,-50.53
10.1887,44,16,-8,17.889,-26.57
10.1887,45,19,-10,21.471,-27.76
10.1887,46,22,-7,23.087,-17.65
10.1887,47,15,-2,15.133,-7.59
10.1887,48,17,-4,17.464,-13.24
10.1887,49,18,-11,21.095,-31.43
10.1887,50,21,-5,21.587,-13.39
10.1887,51,20,-2,20.1,-5.71
10.1887,52,13,-5,13.928,-21.04
10.1887,53,17,-2,17.117,-6.71
10.1887,54,19,-3,19.235,-8.97
10.1887,55,22,-8,23.409,-19.98
10.1887,56,21,-1,21.024,-2.73
10.1887,57,17,-8,18.788,-25.2
10.1887,58,29,15,32.65,27.35
10.1887,59,43,-5,43.29,-6.63
10.1887,60,25,13,28.178,27.47
10.1887,61,36,17,39.812,25.28
10.1887,62,17,-7,18.385,-22.38
10.1887,63,22,-1,22.023,-2.6
10.4189,0,23,113,115.317,78.5
10.4189,1,17,0,17.0,0.0
10.4189,2,26,-27,37.483,-46.08
10.4189,3,24,7,25.0,16.26
10.4189,4,3,-7,7.616,-66.8
10.4189,5,2,-13,13.153,-81.25
10.4189,6,-8,-21,22.472,-110.85
10.4189,7,1,-10,10.05,-84.29
10.4189,8,0,-12,12.0,-90.0
10.4189,9,3,-28,28.16,-83.88
10.4189,10,9,-18,20.125,-63.43
10.4189,11,5,-24,24.515,-78.23
10.4189,12,2,-17,17.117,-83.29
10.4189,13,-4,-25,25.318,-99.09
10.4189,14,4,-18,18.439,-77.47
10.4189,15,-7,-19,20.248,-110.22
10.4189,16,-1,-21,21.024,-92.73
10.4189,17,-2,-17,17.117,-96.71
10.4189,18,-3,-22,22.204,-97.77
10.4189,19,-1,-21,21.024,-92.73
10.4189,20,-2,-18,18.111,-96.34
10.4189,21,-7,-19,20.248,-110.22
10.4189,22,-8,-17,18.788,-115.2
10.4189,23,-10,-18,20.591,-119.05
10.4189,24,-12,-23,25.942,-117.55
10.4189,25,-8,-13,15.264,-121.61
10.4189,26,-8,-10,12.806,-128.66
10.4189,27,0,0,0.0,0.0
10.4189,28,0,0,0.0,0.0
10.4189,29,0,0,0.0,0.0
10.4189,30,0,0,0.0,0.0
10.4189,31,0,0,0.0,0.0
10.4189,32,0,0,0.0,0.0
10.4189,33,0,0,0.0,0.0
10.4189,34,0,0,0.0,0.0
10.4189,35,0,0,0.0,0.0
10.4189,36,0,0,0.0,0.0
10.4189,37,0,0,0.0,0.0
10.4189,38,21,6,21.84,15.95
10.4189,39,15,6,16.155,21.8
10.4189,40,14,8,16.125,29.74
10.4189,41,18,5,18.682,15.52
10.4189,42,17,5,17.72,16.39
10.4189,43,21,4,21.378,10.78
10.4189,44,16,1,16.031,3.58
10.4189,45,23,3,23.195,7.43
10.4189,46,23,-2,23.087,-4.97
10.4189,47,13,-1,13.038,-4.4
10.4189,48,24,3,24.187,7.13
10.4189,49,20,-7,21.19,-19.29
10.4189,50,27,-3,27.166,-6.34
10.4189,51,17,-9,19.235,-27.9
10.4189,52,23,-6,23.77,-14.62
10.4189,53,25,-9,26.571,-19.8
10.4189,54,14,4,14.56,15.95
10.4189,55,14,-5,14.866,-19.65
10.4189,56,-6,-3,6.708,-153.43
10.4189,57,16,-11,19.416,-34.51
10.4189,58,7,-3,7.616,-23.2
10.4189,59,33,-4,33.242,-6.91
10.4189,60,6,-11,12.53,-61.39
10.4189,61,22,-45,50.09,-63.95
10.4189,62,2,-13,13.153,-81.25
10.4189,63,1,-20,20.025,-87.14
10.7289,0,23,113,115.317,78.5
10.7289,1,17,0,17.0,0.0
10.7289,2,-36,23,42.72,147.43
10.7289,3,-10,20,22.361,116.57
10.7289,4,5,11,12.083,65.56
10.7289,5,-15,8,17.0,151.93
10.7289,6,-14,4,14.56,164.05
10.7289,7,-6,15,16.155,111.8
10.7289,8,-10,12,15.62,129.81
10.7289,9,-7,18,19.313,111.25
10.7289,10,-18,16,24.083,138.37
10.7289,11,-12,19,22.472,122.28
10.7289,12,-17,14,22.023,140.53
10.7289,13,-16,11,19.416,145.49
10.7289,14,-10,6,11.662,149.04
10.7289,15,-4,12,12.649,108.43
10.7289,16,-12,9,15.0,143.13
10.7289,17,-13,15,19.849,130.91
10.7289,18,-15,6,16.155,158.2
10.7289,19,-13,2,13.153,171.25
10.7289,20,-21,13,24.698,148.24
10.7289,21,-15,1,15.033,176.19
10.7289,22,-16,4,16.492,165.96
10.7289,23,-15,6,16.155,158.2
10.7289,24,-15,9,17.493,149.04
10.7289,25,-13,7,14.765,151.7
10.7289,26,-14,6,15.232,156.8
10.7289,27,0,0,0.0,0.0
10.7289,28,0,0,0.0,0.0
10.7289,29,0,0,0.0,0.0
10.7289,30,0,0,0.0,0.0
10.7289,31,0,0,0.0,0.0
10.7289,32,0,0,0.0,0.0
10.7289,33,0,0,0.0,0.0
10.7289,34,0,0,0.0,0.0
10.7289,35,0,0,0.0,0.0
10.7289,36,0,0,0.0,0.0
10.7289,37,0,0,0.0,0.0
10.7289,38,5,16,16.763,72.65
10.7289,39,4,17,17.464,76.76
10.7289,40,2,22,22.091,84.81
10.7289,41,-1,19,19.026,93.01
10.7289,42,-3,16,16.279,100.62
10.7289,43,1,16,16.031,86.42
10.7289,44,-2,14,14.142,98.13
10.7289,45,-9,15,17.493,120.96
10.7289,46,-4,20,20.396,101.31
10.7289,47,-8,19,20.616,112.83
10.7289,48,-12,22,25.06,118.61
10.7289,49,-12,18,21.633,123.69
10.7289,50,-5,17,17.72,106.39
10.7289,51,-7,14,15.652,116.57
10.7289,52,-12,14,18.439,130.6
10.7289,53,-5,18,18.682,105.52
10.7289,54,-9,16,18.358,119.36
10.7289,55,-8,12,14.422,123.69
10.7289,56,-8,7,10.63,138.81
10.7289,57,-11,7,13.038,147.53
10.7289,58,-14,13,19.105,137.12
10.7289,59,-5,15,15.811,108.43
10.7289,60,-10,15,18.028,123.69
10.7289,61,-9,2,9.22,167.47
10.7289,62,-25,6,25.71,166.5
10.7289,63,3,21,21.213,81.87
10.8631,0,23,113,115.317,78.5
10.8631,1,17,0,17.0,0.0
10.8631,2,-21,-3,21.213,-171.87
10.8631,3,-31,-23,38.601,-143.43
10.8631,4,-17,-11,20.248,-147.09
10.8631,5,-16,-7,17.464,-156.37
10.8631,6,-20,1,20.025,177.14
10.8631,7,-3,-7,7.616,-113.2
10.8631,8,-12,-14,18.439,-130.6
10.8631,9,-17,-9,19.235,-152.1
10.8631,10,-4,-2,4.472,-153.43
10.8631,11,-9,-17,19.235,-117.9
10.8631,12,-23,-9,24.698,-158.63
10.8631,13,-15,-8,17.0,-151.93
10.8631,14,-15,-15,21.213,-135.0
10.8631,15,-12,-1,12.042,-175.24
10.8631,16,-12,-11,16.279,-137.49
10.8631,17,-20,-17,26.249,-139.64
10.8631,18,-16,-8,17.889,-153.43
10.8631,19,-9,-11,14.213,-129.29
10.8631,20,-3,-9,9.487,-108.43
10.8631,21,-7,-19,20.248,-110.22
10.8631,22,-3,-11,11.402,-105.26
10.8631,23,-3,-14,14.318,-102.09
10.8631,24,-8,-17,18.788,-115.2
10.8631,25,0,-14,14.0,-90.0
10.8631,26,-6,-15,16.155,-111.8
10.8631,27,0,0,0.0,0.0
10.8631,28,0,0,0.0,0.0
10.8631,29,0,0,0.0,0.0
10.8631,30,0,0,0.0,0.0
10.8631,31,0,0,0.0,0.0
10.8631,32,0,0,0.0,0.0
10.8631,33,0,0,0.0,0.0
10.8631,34,0,0,0.0,0.0
10.8631,35,0,0,0.0,0.0
10.8631,36,0,0,0.0,0.0
10.8631,37,0,0,0.0,0.0
10.8631,38,-10,13,16.401,127.57
10.8631,39,-12,9,15.0,143.13
10.8631,40,-17,8,18.788,154.8
10.8631,41,-16,7,17.464,156.37
10.8631,42,-19,8,20.616,157.17
10.8631,43,-19,2,19.105,173.99
10.8631,44,-18,10,20.591,150.95
10.8631,45,-18,8,19.698,156.04
10.8631,46,-15,6,16.155,158.2
10.8631,47,-15,6,16.155,158.2
10.8631,48,-22,3,22.204,172.23
10.8631,49,-21,2,21.095,174.56
10.8631,50,-20,7,21.19,160.71
10.8631,51,-25,4,25.318,170.91
10.8631,52,-25,4,25.318,170.91
10.8631,53,-24,2,24.083,175.24
10.8631,54,-21,-3,21.213,-171.87
10.8631,55,-21,-4,21.378,-169.22
10.8631,56,-26,-3,26.173,-173.42
10.8631,57,-26,-3,26.173,-173.42
10.8631,58,-26,2,26.077,175.6
10.8631,59,-13,-9,15.811,-145.3
10.8631,60,-23,5,23.537,167.74
10.8631,61,-25,6,25.71,166.5
10.8631,62,2,-15,15.133,-82.41
10.8631,63,-22,10,24.166,155.56
10.9157,0,23,113,115.317,78.5
10.9157,1,17,0,17.0,0.0
10.9157,2,26,-19,32.202,-36.16
10.9157,3,35,0,35.0,0.0
10.9157,4,27,-10,28.792,-20.32
10.9157,5,20,-7,21.19,-19.29
10.9157,6,23,-3,23.195,-7.43
10.9157,7,16,-11,19.416,-34.51
10.9157,8,24,-8,25.298,-18.43
10.9157,9,22,-15,26.627,-34.29
10.9157,10,19,-16,24.839,-40.1
10.9157,11,23,-6,23.77,-14.62
10.9157,12,24,-20,31.241,-39.81
10.9157,13,21,-8,22.472,-20.85
10.9157,14,23,-13,26.42,-29.48
10.9157,15,27,-17,31.906,-32.2
10.9157,16,9,-15,17.493,-59.04
10.9157,17,20,-5,20.616,-14.04
10.9157,18,29,-4,29.275,-7.85
10.9157,19,14,-7,15.652,-26.57
10.9157,20,20,-5,20.616,-14.04
10.9157,21,23,-9,24.698,-21.37
10.9157,22,17,-2,17.117,-6.71
10.9157,23,25,-7,25.962,-15.64
10.9157,24,11,-3,11.402,-15.26
10.9157,25,24,0,24.0,0.0
10.9157,26,21,6,21.84,15.95
10.9157,27,0,0,0.0,0.0
10.9157,28,0,0,0.0,0.0
10.9157,29,0,0,0.0,0.0
10.9157,30,0,0,0.0,0.0
10.9157,31,0,0,0.0,0.0
10.9157,32,0,0,0.0,0.0
10.9157,33,0,0,0.0,0.0
10.9157,34,0,0,0.0,0.0
10.9157,35,0,0,0.0,0.0
10.9157,36,0,0,0.0,0.0
10.9157,37,0,0,0.0,0.0
10.9157,38,10,-14,17.205,-54.46
10.9157,39,14,-16,21.26,-48.81
10.9157,40,18,-11,21.095,-31.43
10.9157,41,19,-9,21.024,-25.35
10.9157,42,14,-13,19.105,-42.88
10.9157,43,24,-12,26.833,-26.57
10.9157,44,21,-13,24.698,-31.76
10.9157,45,17,-10,19.723,-30.47
10.9157,46,17,-9,19.235,-27.9
10.9157,47,18,-6,18.974,-18.43
10.9157,48,18,-8,19.698,-23.96
10.9157,49,21,-8,22.472,-20.85
10.9157,50,20,-13,23.854,-33.02
10.9157,51,24,-11,26.401,-24.62
10.9157,52,22,-5,22.561,-12.8
10.9157,53,11,-10,14.866,-42.27
10.9157,54,30,-9,31.321,-16.7
10.9157,55,15,-2,15.133,-7.59
10.9157,56,26,-6,26.683,-12.99
10.9157,57,24,-9,25.632,-20.56
10.9157,58,17,-4,17.464,-13.24
10.9157,59,19,-13,23.022,-34.38
10.9157,60,18,-5,18.682,-15.52
10.9157,61,12,1,12.042,4.76
10.9157,62,22,5,22.561,12.8
10.9157,63,35,-5,35.355,-8.13
11.0656,0,23,113,115.317,78.5
11.0656,1,17,0,17.0,0.0
11.0656,2,22,10,24.166,24.44
11.0656,3,14,5,14.866,19.65
11.0656,4,4,14,14.56,74.05
11.0656,5,11,11,15.556,45.0
11.0656,6,8,8,11.314,45.0
11.0656,7,14,15,20.518,46.97
11.0656,8,1,7,7.071,81.87
11.0656,9,8,12,14.422,56.31
11.0656,10,1,14,14.036,85.91
11.0656,11,15,9,17.493,30.96
11.0656,12,13,28,30.871,65.1
11.0656,13,3,16,16.279,79.38
11.0656,14,6,13,14.318,65.22
11.0656,15,7,19,20.248,69.78
11.0656,16,2,13,13.153,81.25
11.0656,17,1,13,13.038,85.6
11.0656,18,6,17,18.028,70.56
11.0656,19,-2,20,20.1,95.71
11.0656,20,2,21,21.095,84.56
11.0656,21,3,17,17.263,79.99
11.0656,22,-2,12,12.166,99.46
11.0656,23,-5,5,7.071,135.0
11.0656,24,-4,14,14.56,105.95
11.0656,25,-7,16,17.464,113.63
11.0656,26,-1,14,14.036,94.09
11.0656,27,0,0,0.0,0.0
11.0656,28,0,0,0.0,0.0
11.0656,29,0,0,0.0,0.0
11.0656,30,0,0,0.0,0.0
11.0656,31,0,0,0.0,0.0
11.0656,32,0,0,0.0,0.0
11.0656,33,0,0,0.0,0.0
11.0656,34,0,0,0.0,0.0
11.0656,35,0,0,0.0,0.0
11.0656,36,0,0,0.0,0.0
11.0656,37,0,0,0.0,0.0
11.0656,38,7,4,8.062,29.74
11.0656,39,24,4,24.331,9.46
11.0656,40,15,7,16.553,25.02
11.0656,41,11,6,12.53,28.61
11.0656,42,15,3,15.297,11.31
11.0656,43,10,8,12.806,38.66
11.0656,44,15,11,18.601,36.25
11.0656,45,17,5,17.72,16.39
11.0656,46,17,12,20.809,35.22
11.0656,47,15,13,19.849,40.91
11.0656,48,19,12,22.472,32.28
11.0656,49,10,10,14.142,45.0
11.0656,50,6,11,12.53,61.39
11.0656,51,12,13,17.692,47.29
11.0656,52,10,21,23.259,64.54
11.0656,53,14,24,27.785,59.74
11.0656,54,11,9,14.213,39.29
11.0656,55,17,23,28.601,53.53
11.0656,56,9,8,12.042,41.63
11.0656,57,14,18,22.804,52.13
11.0656,58,9,23,24.698,68.63
11.0656,59,9,9,12.728,45.0
11.0656,60,4,15,15.524,75.07
11.0656,61,-11,24,26.401,114.62
11.0656,62,16,14,21.26,41.19
11.0656,63,15,5,15.811,18.43
11.1401,0,23,113,115.317,78.5
11.1401,1,17,0,17.0,0.0
11.1401,2,17,-6,18.028,-19.44
11.1401,3,13,-8,15.264,-31.61
11.1401,4,11,-11,15.556,-45.0
11.1401,5,19,-8,20.616,-22.83
11.1401,6,9,-16,18.358,-60.64
11.1401,7,8,-17,18.788,-64.8
11.1401,8,20,-8,21.541,-21.8
11.1401,9,12,-16,20.0,-53.13
11.1401,10,9,-10,13.454,-48.01
11.1401,11,7,-12,13.892,-59.74
11.1401,12,9,-9,12.728,-45.0
11.1401,13,11,-17,20.248,-57.09
11.1401,14,18,-9,20.125,-26.57
11.1401,15,15,-16,21.932,-46.85
11.1401,16,7,-11,13.038,-57.53
11.1401,17,9,-10,13.454,-48.01
11.1401,18,14,-5,14.866,-19.65
11.1401,19,10,-18,20.591,-60.95
11.1401,20,14,-4,14.56,-15.95
11.1401,21,14,-17,22.023,-50.53
11.1401,22,10,-4,10.77,-21.8
11.1401,23,11,-9,14.213,-39.29
11.1401,24,20,-6,20.881,-16.7
11.1401,25,16,-5,16.763,-17.35
11.1401,26,11,-8,13.601,-36.03
11.1401,27,0,0,0.0,0.0
11.1401,28,0,0,0.0,0.0
11.1401,29,0,0,0.0,0.0
11.1401,30,0,0,0.0,0.0
11.1401,31,0,0,0.0,0.0
11.1401,32,0,0,0.0,0.0
11.1401,33,0,0,0.0,0.0
11.1401,34,0,0,0.0,0.0
11.1401,35,0,0,0.0,0.0
11.1401,36,0,0,0.0,0.0
11.1401,37,0,0,0.0,0.0
11.1401,38,11,-14,17.804,-51.84
11.1401,39,5,-14,14.866,-70.35
11.1401,40,3,-15,15.297,-78.69
11.1401,41,10,-18,20.591,-60.95
11.1401,42,11,-10,14.866,-42.27
11.1401,43,7,-10,12.207,-55.01
11.1401,44,7,-13,14.765,-61.7
11.1401,45,12,-10,15.62,-39.81
11.1401,46,11,-8,13.601,-36.03
11.1401,47,11,-19,21.954,-59.93
11.1401,48,13,-11,17.029,-40.24
11.1401,49,15,-11,18.601,-36.25
11.1401,50,10,-13,16.401,-52.43
11.1401,51,9,-7,11.402,-37.87
11.1401,52,22,-17,27.803,-37.69
11.1401,53,21,-6,21.84,-15.95
11.1401,54,10,-8,12.806,-38.66
11.1401,55,23,-11,25.495,-25.56
11.1401,56,18,-9,20.125,-26.57
11.1401,57,14,-6,15.232,-23.2
11.1401,58,3,-18,18.248,-80.54
11.1401,59,20,-13,23.854,-33.02
11.1401,60,18,-11,21.095,-31.43
11.1401,61,10,-10,14.142,-45.0
11.1401,62,21,-30,36.62,-55.01
11.1401,63,-9,-7,11.402,-142.13
11.3222,0,23,113,115.317,78.5
11.3222,1,17,0,17.0,0.0
11.3222,2,-21,-6,21.84,-164.05
11.3222,3,-12,-8,14.422,-146.31
11.3222,4,-11,-12,16.279,-132.51
11.3222,5,-26,-12,28.636,-155.22
11.3222,6,-18,-1,18.028,-176.82
11.3222,7,-23,0,23.0,180.0
11.3222,8,-29,3,29.155,174.09
11.3222,9,-27,1,27.019,177.88
11.3222,10,-19,-9,21.024,-154.65
11.3222,11,-14,-5,14.866,-160.35
11.3222,12,-13,0,13.0,180.0
11.3222,13,-22,-2,22.091,-174.81
11.3222,14,-21,-1,21.024,-177.27
11.3222,15,-23,-5,23.537,-167.74
11.3222,16,-16,-7,17.464,-156.37
11.3222,17,-20,-7,21.19,-160.71
11.3222,18,-19,-6,19.925,-162.47
11.3222,19,-16,2,16.125,172.87
11.3222,20,-14,0,14.0,180.0
11.3222,21,-14,-7,15.652,-153.43
11.3222,22,-19,-9,21.024,-154.65
11.3222,23,-20,-5,20.616,-165.96
11.3222,24,-14,-10,17.205,-144.46
11.3222,25,-10,-8,12.806,-141.34
11.3222,26,-16,-5,16.763,-162.65
11.3222,27,0,0,0.0,0.0
11.3222,28,0,0,0.0,0.0
11.3222,29,0,0,0.0,0.0
11.3222,30,0,0,0.0,0.0
11.3222,31,0,0,0.0,0.0
11.3222,32,0,0,0.0,0.0
11.3222,33,0,0,0.0,0.0
11.3222,34,0,0,0.0,0.0
11.3222,35,0,0,0.0,0.0
11.3222,36,0,0,0.0,0.0
11.3222,37,0,0,0.0,0.0
11.3222,38,-20,-4,20.396,-168.69
11.3222,39,-16,-6,17.088,-159.44
11.3222,40,-16,-4,16.492,-165.96
11.3222,41,-18,-6,18.974,-161.57
11.3222,42,-19,-7,20.248,-159.78
11.3222,43,-16,-10,18.868,-147.99
11.3222,44,-17,-5,17.72,-163.61
11.3222,45,-14,-8,16.125,-150.26
11.3222,46,-17,-12,20.809,-144.78
11.3222,47,-13,-15,19.849,-130.91
11.3222,48,-16,-11,19.416,-145.49
11.3222,49,-16,-10,18.868,-147.99
11.3222,50,-11,-8,13.601,-143.97
11.3222,51,-11,-10,14.866,-137.73
11.3222,52,-17,-10,19.723,-149.53
11.3222,53,-18,-15,23.431,-140.19
11.3222,54,-22,-4,22.361,-169.7
11.3222,55,-18,-13,22.204,-144.16
11.3222,56,-18,-15,23.431,-140.19
11.3222,57,-15,-6,16.155,-158.2
11.3222,58,-19,-5,19.647,-165.26
11.3222,59,-26,-2,26.077,-175.6
11.3222,60,-15,0,15.0,180.0
11.3222,61,-15,-6,16.155,-158.2
11.3222,62,3,-9,9.487,-71.57
11.3222,63,-22,-5,22.561,-167.2
11.5186,0,23,113,115.317,78.5
11.5186,1,17,0,17.0,0.0
11.5186,2,26,26,36.77,45.0
11.5186,3,12,-18,21.633,-56.31
11.5186,4,12,-2,12.166,-9.46
11.5186,5,28,1,28.018,2.05
11.5186,6,24,2,24.083,4.76
11.5186,7,36,-2,36.056,-3.18
11.5186,8,22,-5,22.561,-12.8
11.5186,9,20,-5,20.616,-14.04
11.5186,10,28,-7,28.862,-14.04
11.5186,11,20,8,21.541,21.8
11.5186,12,19,-9,21.024,-25.35
11.5186,13,18,-5,18.682,-15.52
11.5186,14,16,-3,16.279,-10.62
11.5186,15,20,0,20.0,0.0
11.5186,16,17,-4,17.464,-13.24
11.5186,17,13,-11,17.029,-40.24
11.5186,18,16,1,16.031,3.58
11.5186,19,20,-4,20.396,-11.31
11.5186,20,19,5,19.647,14.74
11.5186,21,13,-5,13.928,-21.04
11.5186,22,23,-6,23.77,-14.62
11.5186,23,20,3,20.224,8.53
11.5186,24,15,8,17.0,28.07
11.5186,25,18,9,20.125,26.57
11.5186,26,20,8,21.541,21.8
11.5186,27,0,0,0.0,0.0
11.5186,28,0,0,0.0,0.0
11.5186,29,0,0,0.0,0.0
11.5186,30,0,0,0.0,0.0
11.5186,31,0,0,0.0,0.0
11.5186,32,0,0,0.0,0.0
11.5186,33,0,0,0.0,0.0
11.5186,34,0,0,0.0,0.0
11.5186,35,0,0,0.0,0.0
11.5186,36,0,0,0.0,0.0
11.5186,37,0,0,0.0,0.0
11.5186,38,14,5,14.866,19.65
11.5186,39,11,6,12.53,28.61
11.5186,40,17,8,18.788,25.2
11.5186,41,12,14,18.439,49.4
11.5186,42,15,11,18.601,36.25
11.5186,43,15,13,19.849,40.91
11.5186,44,14,9,16.643,32.74
11.5186,45,12,8,14.422,33.69
11.5186,46,15,9,17.493,30.96
11.5186,47,12,14,18.439,49.4
11.5186,48,13,13,18.385,45.0
11.5186,49,12,7,13.892,30.26
11.5186,50,8,11,13.601,53.97
11.5186,51,12,11,16.279,42.51
11.5186,52,16,7,17.464,23.63
11.5186,53,19,13,23.022,34.38
11.5186,54,13,13,18.385,45.0
11.5186,55,15,11,18.601,36.25
11.5186,56,16,18,24.083,48.37
11.5186,57,21,1,21.024,2.73
11.5186,58,29,0,29.0,0.0
11.5186,59,-3,2,3.606,146.31
11.5186,60,28,12,30.463,23.2
11.5186,61,19,22,29.069,49.18
11.5186,62,28,26,38.21,42.88
11.5186,63,6,9,10.817,56.31
11.6213,0,23,113,115.317,78.5
11.6213,1,17,0,17.0,0.0
11.6213,2,-2,25,25.08,94.57
11.6213,3,-6,30,30.594,101.31
11.6213,4,-11,26,28.231,112.93
11.6213,5,-7,8,10.63,131.19
11.6213,6,-10,11,14.866,132.27
11.6213,7,1,7,7.071,81.87
11.6213,8,-1,10,10.05,95.71
11.6213,9,-8,27,28.16,106.5
11.6213,10,3,28,28.16,83.88
11.6213,11,-4,20,20.396,101.31
11.6213,12,-5,21,21.587,103.39
11.6213,13,-7,18,19.313,111.25
11.6213,14,-3,16,16.279,100.62
11.6213,15,-4,15,15.524,104.93
11.6213,16,-1,14,14.036,94.09
11.6213,17,2,17,17.117,83.29
11.6213,18,-4,20,20.396,101.31
11.6213,19,-3,18,18.248,99.46
11.6213,20,2,20,20.1,84.29
11.6213,21,-8,9,12.042,131.63
11.6213,22,-4,17,17.464,103.24
11.6213,23,0,10,10.0,90.0
11.6213,24,-6,22,22.804,105.26
11.6213,25,-1,18,18.028,93.18
11.6213,26,-11,14,17.804,128.16
11.6213,27,0,0,0.0,0.0
11.6213,28,0,0,0.0,0.0
11.6213,29,0,0,0.0,0.0
11.6213,30,0,0,0.0,0.0
11.6213,31,0,0,0.0,0.0
11.6213,32,0,0,0.0,0.0
11.6213,33,0,0,0.0,0.0
11.6213,34,0,0,0.0,0.0
11.6213,35,0,0,0.0,0.0
11.6213,36,0,0,0.0,0.0
11.6213,37,0,0,0.0,0.0
11.6213,38,-10,10,14.142,135.0
11.6213,39,-6,13,14.318,114.78
11.6213,40,-7,17,18.385,112.38
11.6213,41,-11,9,14.213,140.71
11.6213,42,-7,14,15.652,116.57
11.6213,43,-9,6,10.817,146.31
11.6213,44,-16,17,23.345,133.26
11.6213,45,-9,13,15.811,124.7
11.6213,46,-9,10,13.454,131.99
11.6213,47,-17,15,22.672,138.58
11.6213,48,-15,9,17.493,149.04
11.6213,49,-12,12,16.971,135.0
11.6213,50,-14,14,19.799,135.0
11.6213,51,-6,5,7.81,140.19
11.6213,52,-12,15,19.209,128.66
11.6213,53,-15,17,22.672,131.42
11.6213,54,-10,11,14.866,132.27
11.6213,55,-3,3,4.243,135.0
11.6213,56,-6,14,15.232,113.2
11.6213,57,-15,5,15.811,161.57
11.6213,58,-7,22,23.087,107.65
11.6213,59,1,15,15.033,86.19
11.6213,60,6,19,19.925,72.47
11.6213,61,21,11,23.707,27.65
11.6213,62,-22,15,26.627,145.71
11.6213,63,-12,3,12.369,165.96
11.7273,0,23,113,115.317,78.5
11.7273,1,17,0,17.0,0.0
11.7273,2,20,13,23.854,33.02
11.7273,3,0,-14,14.0,-90.0
11.7273,4,8,-3,8.544,-20.56
11.7273,5,24,-24,33.941,-45.0
11.7273,6,-4,-22,22.361,-100.3
11.7273,7,6,-24,24.739,-75.96
11.7273,8,10,-14,17.205,-54.46
11.7273,9,11,-3,11.402,-15.26
11.7273,10,9,-19,21.024,-64.65
11.7273,11,16,-21,26.401,-52.7
11.7273,12,9,-17,19.235,-62.1
11.7273,13,6,-27,27.659,-77.47
11.7273,14,13,-20,23.854,-56.98
11.7273,15,7,-26,26.926,-74.93
11.7273,16,9,-12,15.0,-53.13
11.7273,17,5,-12,13.0,-67.38
11.7273,18,23,-11,25.495,-25.56
11.7273,19,14,-17,22.023,-50.53
11.7273,20,12,-15,19.209,-51.34
11.7273,21,12,-14,18.439,-49.4
11.7273,22,4,-11,11.705,-70.02
11.7273,23,7,-16,17.464,-66.37
11.7273,24,5,-15,15.811,-71.57
11.7273,25,7,-17,18.385,-67.62
11.7273,26,3,-13,13.342,-77.01
11.7273,27,0,0,0.0,0.0
11.7273,28,0,0,0.0,0.0
11.7273,29,0,0,0.0,0.0
11.7273,30,0,0,0.0,0.0
11.7273,31,0,0,0.0,0.0
11.7273,32,0,0,0.0,0.0
11.7273,33,0,0,0.0,0.0
11.7273,34,0,0,0.0,0.0
11.7273,35,0,0,0.0,0.0
11.7273,36,0,0,0.0,0.0
11.7273,37,0,0,0.0,0.0
11.7273,38,17,-2,17.117,-6.71
11.7273,39,22,-7,23.087,-17.65
11.7273,40,17,-1,17.029,-3.37
11.7273,41,20,-1,20.025,-2.86
11.7273,42,10,-5,11.18,-26.57
11.7273,43,22,-2,22.091,-5.19
11.7273,44,15,-3,15.297,-11.31
11.7273,45,22,-2,22.091,-5.19
11.7273,46,17,-1,17.029,-3.37
11.7273,47,17,-2,17.117,-6.71
11.7273,48,19,-2,19.105,-6.01
11.7273,49,18,4,18.439,12.53
11.7273,50,24,0,24.0,0.0
11.7273,51,17,-10,19.723,-30.47
11.7273,52,34,11,35.735,17.93
11.7273,53,10,-4,10.77,-21.8
11.7273,54,20,-24,31.241,-50.19
11.7273,55,25,-16,29.682,-32.62
11.7273,56,17,2,17.117,6.71
11.7273,57,44,-10,45.122,-12.8
11.7273,58,27,-4,27.295,-8.43
11.7273,59,5,-4,6.403,-38.66
11.7273,60,29,-15,32.65,-27.35
11.7273,61,30,-7,30.806,-13.13
11.7273,62,51,15,53.16,16.39
11.7273,63,21,-13,24.698,-31.76
12.0352,0,23,113,115.317,78.5
12.0352,1,17,0,17.0,0.0
12.0352,2,7,15,16.553,64.98
12.0352,3,-22,11,24.597,153.43
12.0352,4,-16,4,16.492,165.96
12.0352,5,-19,-7,20.248,-159.78
12.0352,6,-15,4,15.524,165.07
12.0352,7,-10,-7,12.207,-145.01
12.0352,8,-17,-1,17.029,-176.63
12.0352,9,-25,-3,25.179,-173.16
12.0352,10,-23,-2,23.087,-175.03
12.0352,11,-18,-11,21.095,-148.57
12.0352,12,-17,-8,18.788,-154.8
12.0352,13,-19,2,19.105,173.99
12.0352,14,-24,-10,26.0,-157.38
12.0352,15,-13,-13,18.385,-135.0
12.0352,16,-17,-21,27.019,-128.99
12.0352,17,-19,-13,23.022,-145.62
12.0352,18,-18,-7,19.313,-158.75
12.0352,19,-16,-10,18.868,-147.99
12.0352,20,-11,-11,15.556,-135.0
12.0352,21,-16,-15,21.932,-136.85
12.0352,22,-15,-18,23.431,-129.81
12.0352,23,-8,-17,18.788,-115.2
12.0352,24,-5,-14,14.866,-109.65
12.0352,25,-11,-19,21.954,-120.07
12.0352,26,-7,-10,12.207,-124.99
12.0352,27,0,0,0.0,0.0
12.0352,28,0,0,0.0,0.0
12.0352,29,0,0,0.0,0.0
12.0352,30,0,0,0.0,0.0
12.0352,31,0,0,0.0,0.0
12.0352,32,0,0,0.0,0.0
12.0352,33,0,0,0.0,0.0
12.0352,34,0,0,0.0,0.0
12.0352,35,0,0,0.0,0.0
12.0352,36,0,0,0.0,0.0
12.0352,37,0,0,0.0,0.0
12.0352,38,6,16,17.088,69.44
12.0352,39,5,17,17.72,73.61
12.0352,40,1,14,14.036,85.91
12.0352,41,4,19,19.416,78.11
12.0352,42,-3,15,15.297,101.31
12.0352,43,-4,17,17.464,103.24
12.0352,44,-1,21,21.024,92.73
12.0352,45,-3,16,16.279,100.62
12.0352,46,-5,16,16.763,107.35
12.0352,47,-9,15,17.493,120.96
12.0352,48,-4,17,17.464,103.24
12.0352,49,-11,17,20.248,122.91
12.0352,50,-15,15,21.213,135.0
12.0352,51,-6,17,18.028,109.44
12.0352,52,-20,15,25.0,143.13
12.0352,53,-15,25,29.155,120.96
12.0352,54,-19,15,24.207,141.71
12.0352,55,-14,13,19.105,137.12
12.0352,56,-6,9,10.817,123.69
12.0352,57,-9,11,14.213,129.29
12.0352,58,-15,-1,15.033,-176.19
12.0352,59,-23,-1,23.022,-177.51
12.0352,60,-14,13,19.105,137.12
12.0352,61,-29,-2,29.069,-176.05
12.0352,62,-51,19,54.424,159.57
12.0352,63,-9,17,19.235,117.9
12.3416,0,23,113,115.317,78.5
12.3416,1,17,0,17.0,0.0
12.3416,2,3,6,6.708,63.43
12.3416,3,10,17,19.723,59.53
12.3416,4,0,19,19.0,90.0
12.3416,5,11,17,20.248,57.09
12.3416,6,6,21,21.84,74.05
12.3416,7,9,15,17.493,59.04
12.3416,8,-7,12,13.892,120.26
12.3416,9,10,15,18.028,56.31
12.3416,10,15,14,20.518,43.03
12.3416,11,14,19,23.601,53.62
12.3416,12,12,13,17.692,47.29
12.3416,13,17,13,21.401,37.41
12.3416,14,15,11,18.601,36.25
12.3416,15,9,5,10.296,29.05
12.3416,16,14,12,18.439,40.6
12.3416,17,18,17,24.759,43.36
12.3416,18,10,12,15.62,50.19
12.3416,19,17,16,23.345,43.26
12.3416,20,12,12,16.971,45.0
12.3416,21,12,12,16.971,45.0
12.3416,22,15,16,21.932,46.85
12.3416,23,14,3,14.318,12.09
12.3416,24,12,12,16.971,45.0
12.3416,25,12,16,20.0,53.13
12.3416,26,-4,26,26.306,98.75
12.3416,27,0,0,0.0,0.0
12.3416,28,0,0,0.0,0.0
12.3416,29,0,0,0.0,0.0
12.3416,30,0,0,0.0,0.0
12.3416,31,0,0,0.0,0.0
12.3416,32,0,0,0.0,0.0
12.3416,33,0,0,0.0,0.0
12.3416,34,0,0,0.0,0.0
12.3416,35,0,0,0.0,0.0
12.3416,36,0,0,0.0,0.0
12.3416,37,0,0,0.0,0.0
12.3416,38,-1,12,12.042,94.76
12.3416,39,-1,15,15.033,93.81
12.3416,40,0,18,18.0,90.0
12.3416,41,-10,17,19.723,120.47
12.3416,42,4,15,15.524,75.07
12.3416,43,4,15,15.524,75.07
12.3416,44,-4,15,15.524,104.93
12.3416,45,1,18,18.028,86.82
12.3416,46,3,13,13.342,77.01
12.3416,47,-5,21,21.587,103.39
12.3416,48,-4,16,16.492,104.04
12.3416,49,-5,15,15.811,108.43
12.3416,50,-2,20,20.1,95.71
12.3416,51,-3,21,21.213,98.13
12.3416,52,6,18,18.974,71.57
12.3416,53,-4,11,11.705,109.98
12.3416,54,3,22,22.204,82.23
12.3416,55,4,20,20.396,78.69
12.3416,56,0,13,13.0,90.0
12.3416,57,2,8,8.246,75.96
12.3416,58,3,16,16.279,79.38
12.3416,59,10,21,23.259,64.54
12.3416,60,5,11,12.083,65.56
12.3416,61,5,24,24.515,78.23
12.3416,62,1,14,14.036,85.91
12.3416,63,11,6,12.53,28.61
12.4427,0,23,113,115.317,78.5
12.4427,1,17,0,17.0,0.0
12.4427,2,-5,-26,26.476,-100.89
12.4427,3,-4,-22,22.361,-100.3
12.4427,4,10,-4,10.77,-21.8
12.4427,5,12,-16,20.0,-53.13
12.4427,6,1,-13,13.038,-85.6
12.4427,7,22,-10,24.166,-24.44
12.4427,8,13,-10,16.401,-37.57
12.4427,9,9,-22,23.77,-67.75
12.4427,10,2,-12,12.166,-80.54
12.4427,11,11,-21,23.707,-62.35
12.4427,12,16,-11,19.416,-34.51
12.4427,13,28,-16,32.249,-29.74
12.4427,14,9,-15,17.493,-59.04
12.4427,15,15,-13,19.849,-40.91
12.4427,16,18,-8,19.698,-23.96
12.4427,17,20,-5,20.616,-14.04
12.4427,18,5,-15,15.811,-71.57
12.4427,19,15,-10,18.028,-33.69
12.4427,20,14,-9,16.643,-32.74
12.4427,21,7,-9,11.402,-52.13
12.4427,22,20,-5,20.616,-14.04
12.4427,23,14,-5,14.866,-19.65
12.4427,24,20,-4,20.396,-11.31
12.4427,25,18,-7,19.313,-21.25
12.4427,26,21,-11,23.707,-27.65
12.4427,27,0,0,0.0,0.0
12.4427,28,0,0,0.0,0.0
12.4427,29,0,0,0.0,0.0
12.4427,30,0,0,0.0,0.0
12.4427,31,0,0,0.0,0.0
12.4427,32,0,0,0.0,0.0
12.4427,33,0,0,0.0,0.0
12.4427,34,0,0,0.0,0.0
12.4427,35,0,0,0.0,0.0
12.4427,36,0,0,0.0,0.0
12.4427,37,0,0,0.0,0.0
12.4427,38,1,-16,16.031,-86.42
12.4427,39,8,-17,18.788,-64.8
12.4427,40,0,-15,15.0,-90.0
12.4427,41,2,-23,23.087,-85.03
12.4427,42,13,-12,17.692,-42.71
12.4427,43,11,-18,21.095,-58.57
12.4427,44,2,-16,16.125,-82.87
12.4427,45,14,-16,21.26,-48.81
12.4427,46,6,-9,10.817,-56.31
12.4427,47,12,-13,17.692,-47.29
12.4427,48,11,-16,19.416,-55.49
12.4427,49,13,-16,20.616,-50.91
12.4427,50,23,-8,24.352,-19.18
12.4427,51,5,-18,18.682,-74.48
12.4427,52,9,-19,21.024,-64.65
12.4427,53,8,-17,18.788,-64.8
12.4427,54,12,-14,18.439,-49.4
12.4427,55,8,-15,17.0,-61.93
12.4427,56,19,-8,20.616,-22.83
12.4427,57,8,-12,14.422,-56.31
12.4427,58,12,-4,12.649,-18.43
12.4427,59,6,-11,12.53,-61.39
12.4427,60,9,-19,21.024,-64.65
12.4427,61,1,-11,11.045,-84.81
12.4427,62,0,-7,7.0,-90.0
12.4427,63,7,-12,13.892,-59.74
12.6484,0,23,113,115.317,78.5
12.6484,1,17,0,17.0,0.0
12.6484,2,-7,-24,25.0,-106.26
12.6484,3,-23,2,23.087,175.03
12.6484,4,-20,-7,21.19,-160.71
12.6484,5,-27,-14,30.414,-152.59
12.6484,6,1,-24,24.021,-87.61
12.6484,7,-23,-32,39.408,-125.71
12.6484,8,-16,-13,20.616,-140.91
12.6484,9,6,-16,17.088,-69.44
12.6484,10,-10,-12,15.62,-129.81
12.6484,11,-19,-10,21.471,-152.24
12.6484,12,-9,-13,15.811,-124.7
12.6484,13,-4,-14,14.56,-105.95
12.6484,14,-13,-20,23.854,-123.02
12.6484,15,-18,-22,28.425,-129.29
12.6484,16,-9,-21,22.847,-113.2
12.6484,17,-20,-17,26.249,-139.64
12.6484,18,-10,-15,18.028,-123.69
12.6484,19,-14,-10,17.205,-144.46
12.6484,20,-14,-14,19.799,-135.0
12.6484,21,-10,-18,20.591,-119.05
12.6484,22,-15,-11,18.601,-143.75
12.6484,23,-5,-18,18.682,-105.52
12.6484,24,-11,-19,21.954,-120.07
12.6484,25,-16,-18,24.083,-131.63
12.6484,26,-12,-14,18.439,-130.6
12.6484,27,0,0,0.0,0.0
12.6484,28,0,0,0.0,0.0
12.6484,29,0,0,0.0,0.0
12.6484,30,0,0,0.0,0.0
12.6484,31,0,0,0.0,0.0
12.6484,32,0,0,0.0,0.0
12.6484,33,0,0,0.0,0.0
12.6484,34,0,0,0.0,0.0
12.6484,35,0,0,0.0,0.0
12.6484,36,0,0,0.0,0.0
12.6484,37,0,0,0.0,0.0
12.6484,38,-3,-13,13.342,-102.99
12.6484,39,0,-16,16.0,-90.0
12.6484,40,-5,-17,17.72,-106.39
12.6484,41,-1,-15,15.033,-93.81
12.6484,42,-2,-20,20.1,-95.71
12.6484,43,-1,-17,17.029,-93.37
12.6484,44,6,-19,19.925,-72.47
12.6484,45,2,-19,19.105,-83.99
12.6484,46,-1,-15,15.033,-93.81
12.6484,47,3,-19,19.235,-81.03
12.6484,48,3,-18,18.248,-80.54
12.6484,49,2,-21,21.095,-84.56
12.6484,50,-3,-20,20.224,-98.53
12.6484,51,-3,-19,19.235,-98.97
12.6484,52,3,-19,19.235,-81.03
12.6484,53,3,-18,18.248,-80.54
12.6484,54,-6,-21,21.84,-105.95
12.6484,55,-4,-19,19.416,-101.89
12.6484,56,6,-24,24.739,-75.96
12.6484,57,11,-5,12.083,-24.44
12.6484,58,12,-33,35.114,-70.02
12.6484,59,8,-19,20.616,-67.17
12.6484,60,1,-16,16.031,-86.42
12.6484,61,3,-28,28.16,-83.88
12.6484,62,21,-6,21.84,-15.95
12.6484,63,-6,-6,8.485,-135.0
12.7509,0,23,113,115.317,78.5
12.7509,1,17,0,17.0,0.0
12.7509,2,-13,-5,13.928,-158.96
12.7509,3,-28,-5,28.443,-169.88
12.7509,4,-22,-1,22.023,-177.4
12.7509,5,-32,5,32.388,171.12
12.7509,6,-10,22,24.166,114.44
12.7509,7,-15,-4,15.524,-165.07
12.7509,8,-14,27,30.414,117.41
12.7509,9,-36,-1,36.014,-178.41
12.7509,10,-30,-22,37.202,-143.75
12.7509,11,-18,1,18.028,176.82
12.7509,12,-34,27,43.417,141.55
12.7509,13,-7,-1,7.071,-171.87
12.7509,14,-28,5,28.443,169.88
12.7509,15,-21,12,24.187,150.26
12.7509,16,-17,7,18.385,157.62
12.7509,17,-25,16,29.682,147.38
12.7509,18,-17,7,18.385,157.62
12.7509,19,-20,5,20.616,165.96
12.7509,20,-20,12,23.324,149.04
12.7509,21,-24,4,24.331,170.54
12.7509,22,-14,3,14.318,167.91
12.7509,23,-18,5,18.682,164.48
12.7509,24,-21,1,21.024,177.27
12.7509,25,-16,-6,17.088,-159.44
12.7509,26,-12,-1,12.042,-175.24
12.7509,27,0,0,0.0,0.0
12.7509,28,0,0,0.0,0.0
12.7509,29,0,0,0.0,0.0
12.7509,30,0,0,0.0,0.0
12.7509,31,0,0,0.0,0.0
12.7509,32,0,0,0.0,0.0
12.7509,33,0,0,0.0,0.0
12.7509,34,0,0,0.0,0.0
12.7509,35,0,0,0.0,0.0
12.7509,36,0,0,0.0,0.0
12.7509,37,0,0,0.0,0.0
12.7509,38,-19,-2,19.105,-173.99
12.7509,39,-17,-1,17.029,-176.63
12.7509,40,-23,-1,23.022,-177.51
12.7509,41,-18,2,18.111,173.66
12.7509,42,-17,3,17.263,169.99
12.7509,43,-16,4,16.492,165.96
12.7509,44,-23,2,23.087,175.03
12.7509,45,-23,-8,24.352,-160.82
12.7509,46,-21,-7,22.136,-161.57
12.7509,47,-18,-2,18.111,-173.66
12.7509,48,-26,-5,26.476,-169.11
12.7509,49,-25,-7,25.962,-164.36
12.7509,50,-19,0,19.0,180.0
12.7509,51,-24,-3,24.187,-172.87
12.7509,52,-24,-3,24.187,-172.87
12.7509,53,-25,-8,26.249,-162.26
12.7509,54,-27,0,27.0,180.0
12.7509,55,-27,-4,27.295,-171.57
12.7509,56,-15,-8,17.0,-151.93
12.7509,57,-25,-5,25.495,-168.69
12.7509,58,-23,-1,23.022,-177.51
12.7509,59,-19,4,19.416,168.11
12.7509,60,-18,3,18.248,170.54
12.7509,61,-22,4,22.361,169.7
12.7509,62,-18,1,18.028,176.82
12.7509,63,-25,8,26.249,162.26
12.8531,0,23,113,115.317,78.5
12.8531,1,17,0,17.0,0.0
12.8531,2,3,-28,28.16,-83.88
12.8531,3,-18,-31,35.847,-120.14
12.8531,4,-17,-15,22.672,-138.58
12.8531,5,-8,-42,42.755,-100.78
12.8531,6,-3,-19,19.235,-98.97
12.8531,7,12,-32,34.176,-69.44
12.8531,8,3,-14,14.318,-77.91
12.8531,9,5,-25,25.495,-78.69
12.8531,10,9,-22,23.77,-67.75
12.8531,11,2,-27,27.074,-85.76
12.8531,12,7,-29,29.833,-76.43
12.8531,13,9,-27,28.46,-71.57
12.8531,14,15,-27,30.887,-60.95
12.8531,15,3,-24,24.187,-82.87
12.8531,16,7,-29,29.833,-76.43
12.8531,17,10,-18,20.591,-60.95
12.8531,18,12,-23,25.942,-62.45
12.8531,19,8,-22,23.409,-70.02
12.8531,20,7,-19,20.248,-69.78
12.8531,21,8,-18,19.698,-66.04
12.8531,22,6,-21,21.84,-74.05
12.8531,23,8,-13,15.264,-58.39
12.8531,24,19,-8,20.616,-22.83
12.8531,25,23,-18,29.206,-38.05
12.8531,26,6,-5,7.81,-39.81
12.8531,27,0,0,0.0,0.0
12.8531,28,0,0,0.0,0.0
12.8531,29,0,0,0.0,0.0
12.8531,30,0,0,0.0,0.0
12.8531,31,0,0,0.0,0.0
12.8531,32,0,0,0.0,0.0
12.8531,33,0,0,0.0,0.0
12.8531,34,0,0,0.0,0.0
12.8531,35,0,0,0.0,0.0
12.8531,36,0,0,0.0,0.0
12.8531,37,0,0,0.0,0.0
12.8531,38,-13,-11,17.029,-139.76
12.8531,39,-14,-11,17.804,-141.84
12.8531,40,-13,-11,17.029,-139.76
12.8531,41,-15,-13,19.849,-139.09
12.8531,42,-9,-18,20.125,-116.57
12.8531,43,-10,-19,21.471,-117.76
12.8531,44,-9,-16,18.358,-119.36
12.8531,45,-12,-18,21.633,-123.69
12.8531,46,-5,-18,18.682,-105.52
12.8531,47,-8,-19,20.616,-112.83
12.8531,48,-7,-27,27.893,-104.53
12.8531,49,-7,-23,24.042,-106.93
12.8531,50,-10,-28,29.732,-109.65
12.8531,51,-11,-15,18.601,-126.25
12.8531,52,-2,-21,21.095,-95.44
12.8531,53,-1,-23,23.022,-92.49
12.8531,54,-6,-29,29.614,-101.69
12.8531,55,-7,-23,24.042,-106.93
12.8531,56,-5,-23,23.537,-102.26
12.8531,57,0,-34,34.0,-90.0
12.8531,58,-9,-37,38.079,-103.67
12.8531,59,4,-25,25.318,-80.91
12.8531,60,1,-13,13.038,-85.6
12.8531,61,9,-42,42.953,-77.91
12.8531,62,6,-38,38.471,-81.03
12.8531,63,-5,-8,9.434,-122.01
12.9601,0,23,113,115.317,78.5
12.9601,1,17,0,17.0,0.0
12.9601,2,-6,-17,18.028,-109.44
12.9601,3,-19,-7,20.248,-159.78
12.9601,4,-3,-7,7.616,-113.2
12.9601,5,-12,-12,16.971,-135.0
12.9601,6,-22,-11,24.597,-153.43
12.9601,7,-13,-4,13.601,-162.9
12.9601,8,-11,-20,22.825,-118.81
12.9601,9,-4,-11,11.705,-109.98
12.9601,10,-12,-8,14.422,-146.31
12.9601,11,-21,-26,33.422,-128.93
12.9601,12,-7,-7,9.899,-135.0
12.9601,13,-29,0,29.0,180.0
12.9601,14,-10,-11,14.866,-132.27
12.9601,15,-11,5,12.083,155.56
12.9601,16,-15,-6,16.155,-158.2
12.9601,17,-17,-15,22.672,-138.58
12.9601,18,-20,-9,21.932,-155.77
12.9601,19,-10,-14,17.205,-125.54
12.9601,20,-9,-4,9.849,-156.04
12.9601,21,-17,-10,19.723,-149.53
12.9601,22,-7,-8,10.63,-131.19
12.9601,23,-11,-8,13.601,-143.97
12.9601,24,-8,-7,10.63,-138.81
12.9601,25,-10,-7,12.207,-145.01
12.9601,26,-11,-10,14.866,-137.73
12.9601,27,0,0,0.0,0.0
12.9601,28,0,0,0.0,0.0
12.9601,29,0,0,0.0,0.0
12.9601,30,0,0,0.0,0.0
12.9601,31,0,0,0.0,0.0
12.9601,32,0,0,0.0,0.0
12.9601,33,0,0,0.0,0.0
12.9601,34,0,0,0.0,0.0
12.9601,35,0,0,0.0,0.0
12.9601,36,0,0,0.0,0.0
12.9601,37,0,0,0.0,0.0
12.9601,38,-9,-3,9.487,-161.57
12.9601,39,2,-11,11.18,-79.7
12.9601,40,-3,-13,13.342,-102.99
12.9601,41,-6,-20,20.881,-106.7
12.9601,42,-6,-17,18.028,-109.44
12.9601,43,-8,-14,16.125,-119.74
12.9601,44,-5,-14,14.866,-109.65
12.9601,45,-2,-15,15.133,-97.59
12.9601,46,-2,-10,10.198,-101.31
12.9601,47,-2,-20,20.1,-95.71
12.9601,48,-2,-14,14.142,-98.13
12.9601,49,-10,-15,18.028,-123.69
12.9601,50,-5,-15,15.811,-108.43
12.9601,51,2,-18,18.111,-83.66
12.9601,52,-7,-18,19.313,-111.25
12.9601,53,0,-16,16.0,-90.0
12.9601,54,-9,-16,18.358,-119.36
12.9601,55,-5,-12,13.0,-112.62
12.9601,56,-6,-16,17.088,-110.56
12.9601,57,-7,-15,16.553,-115.02
12.9601,58,-7,-19,20.248,-110.22
12.9601,59,-14,-12,18.439,-139.4
12.9601,60,-6,-13,14.318,-114.78
12.9601,61,-5,-25,25.495,-101.31
12.9601,62,7,-18,19.313,-68.75
12.9601,63,-11,-19,21.954,-120.07
13.0613,0,23,113,115.317,78.5
13.0613,1,17,0,17.0,0.0
13.0613,2,3,-22,22.204,-82.23
13.0613,3,-9,-17,19.235,-117.9
13.0613,4,-6,-16,17.088,-110.56
13.0613,5,-7,-12,13.892,-120.26
13.0613,6,6,-10,11.662,-59.04
13.0613,7,-3,-21,21.213,-98.13
13.0613,8,-9,-23,24.698,-111.37
13.0613,9,-13,-23,26.42,-119.48
13.0613,10,-7,-14,15.652,-116.57
13.0613,11,1,-22,22.023,-87.4
13.0613,12,-6,-20,20.881,-106.7
13.0613,13,-3,-18,18.248,-99.46
13.0613,14,-3,-21,21.213,-98.13
13.0613,15,-8,-16,17.889,-116.57
13.0613,16,-2,-22,22.091,-95.19
13.0613,17,-2,-17,17.117,-96.71
13.0613,18,-5,-17,17.72,-106.39
13.0613,19,-6,-18,18.974,-108.43
13.0613,20,-8,-24,25.298,-108.43
13.0613,21,-7,-21,22.136,-108.43
13.0613,22,-6,-19,19.925,-107.53
13.0613,23,1,-21,21.024,-87.27
13.0613,24,-4,-18,18.439,-102.53
13.0613,25,-2,-14,14.142,-98.13
13.0613,26,5,-12,13.0,-67.38
13.0613,27,0,0,0.0,0.0
13.0613,28,0,0,0.0,0.0
13.0613,29,0,0,0.0,0.0
13.0613,30,0,0,0.0,0.0
13.0613,31,0,0,0.0,0.0
13.0613,32,0,0,0.0,0.0
13.0613,33,0,0,0.0,0.0
13.0613,34,0,0,0.0,0.0
13.0613,35,0,0,0.0,0.0
13.0613,36,0,0,0.0,0.0
13.0613,37,0,0,0.0,0.0
13.0613,38,-5,-13,13.928,-111.04
13.0613,39,0,-18,18.0,-90.0
13.0613,40,-6,-16,17.088,-110.56
13.0613,41,-6,-16,17.088,-110.56
13.0613,42,-5,-14,14.866,-109.65
13.0613,43,-4,-12,12.649,-108.43
13.0613,44,-3,-17,17.263,-100.01
13.0613,45,-3,-15,15.297,-101.31
13.0613,46,1,-19,19.026,-86.99
13.0613,47,-3,-20,20.224,-98.53
13.0613,48,0,-21,21.0,-90.0
13.0613,49,4,-17,17.464,-76.76
13.0613,50,-1,-18,18.028,-93.18
13.0613,51,-1,-17,17.029,-93.37
13.0613,52,-4,-15,15.524,-104.93
13.0613,53,-7,-15,16.553,-115.02
13.0613,54,-3,-18,18.248,-99.46
13.0613,55,-5,-23,23.537,-102.26
13.0613,56,1,-13,13.038,-85.6
13.0613,57,-3,-26,26.173,-96.58
13.0613,58,-2,-22,22.091,-95.19
13.0613,59,6,-26,26.683,-77.01
13.0613,60,-11,-13,17.029,-130.24
13.0613,61,2,-15,15.133,-82.41
13.0613,62,-2,-17,17.117,-96.71
13.0613,63,6,-27,27.659,-77.47
13.2608,0,23,113,115.317,78.5
13.2608,1,17,0,17.0,0.0
13.2608,2,16,20,25.612,51.34
13.2608,3,23,3,23.195,7.43
13.2608,4,12,-16,20.0,-53.13
13.2608,5,18,-2,18.111,-6.34
13.2608,6,17,0,17.0,0.0
13.2608,7,17,-2,17.117,-6.71
13.2608,8,18,5,18.682,15.52
13.2608,9,28,1,28.018,2.05
13.2608,10,23,-6,23.77,-14.62
13.2608,11,21,2,21.095,5.44
13.2608,12,14,-5,14.866,-19.65
13.2608,13,17,4,17.464,13.24
13.2608,14,16,-7,17.464,-23.63
13.2608,15,14,0,14.0,0.0
13.2608,16,18,-3,18.248,-9.46
13.2608,17,17,4,17.464,13.24
13.2608,18,12,2,12.166,9.46
13.2608,19,16,-4,16.492,-14.04
13.2608,20,18,2,18.111,6.34
13.2608,21,13,4,13.601,17.1
13.2608,22,21,3,21.213,8.13
13.2608,23,20,9,21.932,24.23
13.2608,24,13,7,14.765,28.3
13.2608,25,27,9,28.46,18.43
13.2608,26,16,5,16.763,17.35
13.2608,27,0,0,0.0,0.0
13.2608,28,0,0,0.0,0.0
13.2608,29,0,0,0.0,0.0
13.2608,30,0,0,0.0,0.0
13.2608,31,0,0,0.0,0.0
13.2608,32,0,0,0.0,0.0
13.2608,33,0,0,0.0,0.0
13.2608,34,0,0,0.0,0.0
13.2608,35,0,0,0.0,0.0
13.2608,36,0,0,0.0,0.0
13.2608,37,0,0,0.0,0.0
13.2608,38,15,-11,18.601,-36.25
13.2608,39,13,-16,20.616,-50.91
13.2608,40,16,-11,19.416,-34.51
13.2608,41,13,-9,15.811,-34.7
13.2608,42,14,-10,17.205,-35.54
13.2608,43,14,-8,16.125,-29.74
13.2608,44,14,-7,15.652,-26.57
13.2608,45,8,-5,9.434,-32.01
13.2608,46,18,-10,20.591,-29.05
13.2608,47,24,-5,24.515,-11.77
13.2608,48,21,-4,21.378,-10.78
13.2608,49,20,-5,20.616,-14.04
13.2608,50,16,-4,16.492,-14.04
13.2608,51,20,-5,20.616,-14.04
13.2608,52,14,-10,17.205,-35.54
13.2608,53,17,-2,17.117,-6.71
13.2608,54,14,1,14.036,4.09
13.2608,55,18,-2,18.111,-6.34
13.2608,56,21,-3,21.213,-8.13
13.2608,57,17,2,17.117,6.71
13.2608,58,21,-5,21.587,-13.39
13.2608,59,16,-7,17.464,-23.63
13.2608,60,23,-3,23.195,-7.43
13.2608,61,28,2,28.071,4.09
13.2608,62,12,-1,12.042,-4.76
13.2608,63,2,0,2.0,0.0
13.4127,0,23,113,115.317,78.5
13.4127,1,17,0,17.0,0.0
13.4127,2,-13,-15,19.849,-130.91
13.4127,3,-6,-29,29.614,-101.69
13.4127,4,-6,-6,8.485,-135.0
13.4127,5,-25,-15,29.155,-149.04
13.4127,6,-9,-9,12.728,-135.0
13.4127,7,-17,-12,20.809,-144.78
13.4127,8,-23,-10,25.08,-156.5
13.4127,9,-22,-22,31.113,-135.0
13.4127,10,-13,-5,13.928,-158.96
13.4127,11,-20,-1,20.025,-177.14
13.4127,12,-22,12,25.06,151.39
13.4127,13,-20,-12,23.324,-149.04
13.4127,14,-18,-2,18.111,-173.66
13.4127,15,-12,5,13.0,157.38
13.4127,16,-21,-1,21.024,-177.27
13.4127,17,-21,7,22.136,161.57
13.4127,18,-17,-6,18.028,-160.56
13.4127,19,-20,0,20.0,180.0
13.4127,20,-16,2,16.125,172.87
13.4127,21,-18,7,19.313,158.75
13.4127,22,-16,5,16.763,162.65
13.4127,23,-18,1,18.028,176.82
13.4127,24,-19,-2,19.105,-173.99
13.4127,25,-19,2,19.105,173.99
13.4127,26,-15,2,15.133,172.41
13.4127,27,0,0,0.0,0.0
13.4127,28,0,0,0.0,0.0
13.4127,29,0,0,0.0,0.0
13.4127,30,0,0,0.0,0.0
13.4127,31,0,0,0.0,0.0
13.4127,32,0,0,0.0,0.0
13.4127,33,0,0,0.0,0.0
13.4127,34,0,0,0.0,0.0
13.4127,35,0,0,0.0,0.0
13.4127,36,0,0,0.0,0.0
13.4127,37,0,0,0.0,0.0
13.4127,38,10,-17,19.723,-59.53
13.4127,39,13,-15,19.849,-49.09
13.4127,40,10,-12,15.62,-50.19
13.4127,41,15,-14,20.518,-43.03
13.4127,42,9,-10,13.454,-48.01
13.4127,43,15,-19,24.207,-51.71
13.4127,44,12,-13,17.692,-47.29
13.4127,45,10,-16,18.868,-57.99
13.4127,46,9,-18,20.125,-63.43
13.4127,47,11,-14,17.804,-51.84
13.4127,48,13,-19,23.022,-55.62
13.4127,49,10,-16,18.868,-57.99
13.4127,50,3,-15,15.297,-78.69
13.4127,51,4,-22,22.361,-79.7
13.4127,52,5,-19,19.647,-75.26
13.4127,53,5,-14,14.866,-70.35
13.4127,54,1,-19,19.026,-86.99
13.4127,55,-2,-21,21.095,-95.44
13.4127,56,3,-15,15.297,-78.69
13.4127,57,-10,-27,28.792,-110.32
13.4127,58,-3,-28,28.16,-96.12
13.4127,59,-8,-26,27.203,-107.1
13.4127,60,-3,-14,14.318,-102.09
13.4127,61,1,-11,11.045,-84.81
13.4127,62,-14,3,14.318,167.91
13.4127,63,-11,-26,28.231,-112.93
13.4862,0,23,113,115.317,78.5
13.4862,1,17,0,17.0,0.0
13.4862,2,-17,16,23.345,136.74
13.4862,3,-34,27,43.417,141.55
13.4862,4,-12,20,23.324,120.96
13.4862,5,-23,9,24.698,158.63
13.4862,6,-5,27,27.459,100.49
13.4862,7,-14,12,18.439,139.4
13.4862,8,1,17,17.029,86.63
13.4862,9,-4,27,27.295,98.43
13.4862,10,0,26,26.0,90.0
13.4862,11,-7,25,25.962,105.64
13.4862,12,0,15,15.0,90.0
13.4862,13,-6,23,23.77,104.62
13.4862,14,-4,25,25.318,99.09
13.4862,15,-2,22,22.091,95.19
13.4862,16,-7,21,22.136,108.43
13.4862,17,2,13,13.153,81.25
13.4862,18,5,18,18.682,74.48
13.4862,19,2,14,14.142,81.87
13.4862,20,4,14,14.56,74.05
13.4862,21,-1,5,5.099,101.31
13.4862,22,6,16,17.088,69.44
13.4862,23,8,11,13.601,53.97
13.4862,24,10,18,20.591,60.95
13.4862,25,3,14,14.318,77.91
13.4862,26,4,5,6.403,51.34
13.4862,27,0,0,0.0,0.0
13.4862,28,0,0,0.0,0.0
13.4862,29,0,0,0.0,0.0
13.4862,30,0,0,0.0,0.0
13.4862,31,0,0,0.0,0.0
13.4862,32,0,0,0.0,0.0
13.4862,33,0,0,0.0,0.0
13.4862,34,0,0,0.0,0.0
13.4862,35,0,0,0.0,0.0
13.4862,36,0,0,0.0,0.0
13.4862,37,0,0,0.0,0.0
13.4862,38,-17,-2,17.117,-173.29
13.4862,39,-15,-7,16.553,-154.98
13.4862,40,-22,-5,22.561,-167.2
13.4862,41,-18,-6,18.974,-161.57
13.4862,42,-13,-5,13.928,-158.96
13.4862,43,-15,-4,15.524,-165.07
13.4862,44,-17,-5,17.72,-163.61
13.4862,45,-15,-1,15.033,-176.19
13.4862,46,-18,-5,18.682,-164.48
13.4862,47,-19,3,19.235,171.03
13.4862,48,-22,1,22.023,177.4
13.4862,49,-24,1,24.021,177.61
13.4862,50,-22,6,22.804,164.74
13.4862,51,-17,2,17.117,173.29
13.4862,52,-21,-1,21.024,-177.27
13.4862,53,-28,0,28.0,180.0
13.4862,54,-29,-9,30.364,-162.76
13.4862,55,-15,-11,18.601,-143.75
13.4862,56,-28,8,29.12,164.05
13.4862,57,-20,5,20.616,165.96
13.4862,58,-26,15,30.017,150.02
13.4862,59,-17,-3,17.263,-169.99
13.4862,60,-19,14,23.601,143.62
13.4862,61,-19,21,28.32,132.14
13.4862,62,-25,11,27.313,156.25
13.4862,63,-29,-8,30.083,-164.58
13.6832,0,23,113,115.317,78.5
13.6832,1,17,0,17.0,0.0
13.6832,2,-16,8,17.889,153.43
13.6832,3,-1,17,17.029,93.37
13.6832,4,-2,14,14.142,98.13
13.6832,5,-2,20,20.1,95.71
13.6832,6,0,15,15.0,90.0
13.6832,7,6,14,15.232,66.8
13.6832,8,0,15,15.0,90.0
13.6832,9,2,23,23.087,85.03
13.6832,10,-8,17,18.788,115.2
13.6832,11,5,24,24.515,78.23
13.6832,12,9,17,19.235,62.1
13.6832,13,9,16,18.358,60.64
13.6832,14,3,15,15.297,78.69
13.6832,15,1,19,19.026,86.99
13.6832,16,11,18,21.095,58.57
13.6832,17,14,13,19.105,42.88
13.6832,18,11,16,19.416,55.49
13.6832,19,0,19,19.0,90.0
13.6832,20,3,24,24.187,82.87
13.6832,21,16,18,24.083,48.37
13.6832,22,5,15,15.811,71.57
13.6832,23,-3,16,16.279,100.62
13.6832,24,3,14,14.318,77.91
13.6832,25,11,19,21.954,59.93
13.6832,26,0,14,14.0,90.0
13.6832,27,0,0,0.0,0.0
13.6832,28,0,0,0.0,0.0
13.6832,29,0,0,0.0,0.0
13.6832,30,0,0,0.0,0.0
13.6832,31,0,0,0.0,0.0
13.6832,32,0,0,0.0,0.0
13.6832,33,0,0,0.0,0.0
13.6832,34,0,0,0.0,0.0
13.6832,35,0,0,0.0,0.0
13.6832,36,0,0,0.0,0.0
13.6832,37,0,0,0.0,0.0
13.6832,38,-2,17,17.117,96.71
13.6832,39,-5,14,14.866,109.65
13.6832,40,-5,16,16.763,107.35
13.6832,41,-9,15,17.493,120.96
13.6832,42,-12,18,21.633,123.69
13.6832,43,-9,21,22.847,113.2
13.6832,44,-11,16,19.416,124.51
13.6832,45,-10,13,16.401,127.57
13.6832,46,-7,20,21.19,109.29
13.6832,47,-8,18,19.698,113.96
13.6832,48,-10,19,21.471,117.76
13.6832,49,-5,19,19.647,104.74
13.6832,50,-11,14,17.804,128.16
13.6832,51,-8,11,13.601,126.03
13.6832,52,-6,14,15.232,113.2
13.6832,53,-14,27,30.414,117.41
13.6832,54,-13,15,19.849,130.91
13.6832,55,-3,27,27.166,96.34
13.6832,56,-6,23,23.77,104.62
13.6832,57,-7,23,24.042,106.93
13.6832,58,2,8,8.246,75.96
13.6832,59,1,15,15.033,86.19
13.6832,60,-16,7,17.464,156.37
13.6832,61,-3,26,26.173,96.58
13.6832,62,-15,26,30.017,119.98
13.6832,63,-7,2,7.28,164.05
13.898,0,23,113,115.317,78.5
13.898,1,17,0,17.0,0.0
13.898,2,9,-8,12.042,-41.63
13.898,3,17,4,17.464,13.24
13.898,4,31,17,35.355,28.74
13.898,5,6,4,7.211,33.69
13.898,6,23,6,23.77,14.62
13.898,7,21,0,21.0,0.0
13.898,8,14,1,14.036,4.09
13.898,9,23,0,23.0,0.0
13.898,10,29,-3,29.155,-5.91
13.898,11,27,2,27.074,4.24
13.898,12,14,3,14.318,12.09
13.898,13,24,17,29.411,35.31
13.898,14,21,10,23.259,25.46
13.898,15,16,-1,16.031,-3.58
13.898,16,16,3,16.279,10.62
13.898,17,24,5,24.515,11.77
13.898,18,13,6,14.318,24.78
13.898,19,20,4,20.396,11.31
13.898,20,11,4,11.705,19.98
13.898,21,12,9,15.0,36.87
13.898,22,5,12,13.0,67.38
13.898,23,10,6,11.662,30.96
13.898,24,7,3,7.616,23.2
13.898,25,11,9,14.213,39.29
13.898,26,7,14,15.652,63.43
13.898,27,0,0,0.0,0.0
13.898,28,0,0,0.0,0.0
13.898,29,0,0,0.0,0.0
13.898,30,0,0,0.0,0.0
13.898,31,0,0,0.0,0.0
13.898,32,0,0,0.0,0.0
13.898,33,0,0,0.0,0.0
13.898,34,0,0,0.0,0.0
13.898,35,0,0,0.0,0.0
13.898,36,0,0,0.0,0.0
13.898,37,0,0,0.0,0.0
13.898,38,12,-6,13.416,-26.57
13.898,39,12,-5,13.0,-22.62
13.898,40,16,-6,17.088,-20.56
13.898,41,13,-3,13.342,-12.99
13.898,42,16,-5,16.763,-17.35
13.898,43,16,-3,16.279,-10.62
13.898,44,16,-4,16.492,-14.04
13.898,45,16,0,16.0,0.0
13.898,46,15,-1,15.033,-3.81
13.898,47,11,-2,11.18,-10.3
13.898,48,23,3,23.195,7.43
13.898,49,18,-2,18.111,-6.34
13.898,50,18,4,18.439,12.53
13.898,51,21,2,21.095,5.44
13.898,52,13,2,13.153,8.75
13.898,53,17,-1,17.029,-3.37
13.898,54,16,3,16.279,10.62
13.898,55,13,8,15.264,31.61
13.898,56,21,-5,21.587,-13.39
13.898,57,22,-7,23.087,-17.65
13.898,58,16,-1,16.031,-3.58
13.898,59,21,14,25.239,33.69
13.898,60,21,6,21.84,15.95
13.898,61,30,-1,30.017,-1.91
13.898,62,-8,-18,19.698,-113.96
13.898,63,16,-1,16.031,-3.58
14.2039,0,23,113,115.317,78.5
14.2039,1,17,0,17.0,0.0
14.2039,2,20,-1,20.025,-2.86
14.2039,3,3,12,12.369,75.96
14.2039,4,18,-9,20.125,-26.57
14.2039,5,7,-7,9.899,-45.0
14.2039,6,27,-11,29.155,-22.17
14.2039,7,20,1,20.025,2.86
14.2039,8,23,-8,24.352,-19.18
14.2039,9,18,-5,18.682,-15.52
14.2039,10,26,-2,26.077,-4.4
14.2039,11,19,-11,21.954,-30.07
14.2039,12,11,-4,11.705,-19.98
14.2039,13,10,-12,15.62,-50.19
14.2039,14,22,-5,22.561,-12.8
14.2039,15,17,-6,18.028,-19.44
14.2039,16,22,-8,23.409,-19.98
14.2039,17,21,-7,22.136,-18.43
14.2039,18,17,-5,17.72,-16.39
14.2039,19,25,-16,29.682,-32.62
14.2039,20,13,-11,17.029,-40.24
14.2039,21,22,0,22.0,0.0
14.2039,22,15,-5,15.811,-18.43
14.2039,23,19,0,19.0,0.0
14.2039,24,14,-4,14.56,-15.95
14.2039,25,16,-4,16.492,-14.04
14.2039,26,23,0,23.0,0.0
14.2039,27,0,0,0.0,0.0
14.2039,28,0,0,0.0,0.0
14.2039,29,0,0,0.0,0.0
14.2039,30,0,0,0.0,0.0
14.2039,31,0,0,0.0,0.0
14.2039,32,0,0,0.0,0.0
14.2039,33,0,0,0.0,0.0
14.2039,34,0,0,0.0,0.0
14.2039,35,0,0,0.0,0.0
14.2039,36,0,0,0.0,0.0
14.2039,37,0,0,0.0,0.0
14.2039,38,19,-1,19.026,-3.01
14.2039,39,17,2,17.117,6.71
14.2039,40,18,-3,18.248,-9.46
14.2039,41,14,6,15.232,23.2
14.2039,42,16,4,16.492,14.04
14.2039,43,19,3,19.235,8.97
14.2039,44,15,-1,15.033,-3.81
14.2039,45,19,-2,19.105,-6.01
14.2039,46,19,4,19.416,11.89
14.2039,47,21,6,21.84,15.95
14.2039,48,21,7,22.136,18.43
14.2039,49,19,9,21.024,25.35
14.2039,50,14,4,14.56,15.95
14.2039,51,18,0,18.0,0.0
14.2039,52,12,7,13.892,30.26
14.2039,53,17,2,17.117,6.71
14.2039,54,24,-2,24.083,-4.76
14.2039,55,24,2,24.083,4.76
14.2039,56,15,0,15.0,0.0
14.2039,57,12,-3,12.369,-14.04
14.2039,58,32,4,32.249,7.13
14.2039,59,21,-6,21.84,-15.95
14.2039,60,28,-2,28.071,-4.09
14.2039,61,44,-16,46.819,-19.98
14.2039,62,9,-3,9.487,-18.43
14.2039,63,8,2,8.246,14.04
14.3088,0,23,113,115.317,78.5
14.3088,1,17,0,17.0,0.0
14.3088,2,-21,-7,22.136,-161.57
14.3088,3,-7,20,21.19,109.29
14.3088,4,-4,3,5.0,143.13
14.3088,5,-15,-9,17.493,-149.04
14.3088,6,-14,-6,15.232,-156.8
14.3088,7,-21,6,21.84,164.05
14.3088,8,-10,-7,12.207,-145.01
14.3088,9,-16,7,17.464,156.37
14.3088,10,-9,14,16.643,122.74
14.3088,11,-18,-9,20.125,-153.43
14.3088,12,-17,6,18.028,160.56
14.3088,13,-14,8,16.125,150.26
14.3088,14,-11,5,12.083,155.56
14.3088,15,-17,7,18.385,157.62
14.3088,16,-18,-2,18.111,-173.66
14.3088,17,-17,4,17.464,166.76
14.3088,18,-17,4,17.464,166.76
14.3088,19,-16,-2,16.125,-172.87
14.3088,20,-5,-6,7.81,-129.81
14.3088,21,-13,2,13.153,171.25
14.3088,22,-12,-6,13.416,-153.43
14.3088,23,-14,-5,14.866,-160.35
14.3088,24,-18,-3,18.248,-170.54
14.3088,25,-14,-2,14.142,-171.87
14.3088,26,-11,-2,11.18,-169.7
14.3088,27,0,0,0.0,0.0
14.3088,28,0,0,0.0,0.0
14.3088,29,0,0,0.0,0.0
14.3088,30,0,0,0.0,0.0
14.3088,31,0,0,0.0,0.0
14.3088,32,0,0,0.0,0.0
14.3088,33,0,0,0.0,0.0
14.3088,34,0,0,0.0,0.0
14.3088,35,0,0,0.0,0.0
14.3088,36,0,0,0.0,0.0
14.3088,37,0,0,0.0,0.0
14.3088,38,1,13,13.038,85.6
14.3088,39,-5,13,13.928,111.04
14.3088,40,-5,17,17.72,106.39
14.3088,41,-15,13,19.849,139.09
14.3088,42,-14,11,17.804,141.84
14.3088,43,-12,11,16.279,137.49
14.3088,44,-11,16,19.416,124.51
14.3088,45,-20,13,23.854,146.98
14.3088,46,-11,14,17.804,128.16
14.3088,47,-14,20,24.413,124.99
14.3088,48,-18,13,22.204,144.16
14.3088,49,-15,11,18.601,143.75
14.3088,50,-15,4,15.524,165.07
14.3088,51,-17,6,18.028,160.56
14.3088,52,-15,3,15.297,168.69
14.3088,53,-16,7,17.464,156.37
14.3088,54,-16,11,19.416,145.49
14.3088,55,-17,8,18.788,154.8
14.3088,56,-23,1,23.022,177.51
14.3088,57,-21,16,26.401,142.7
14.3088,58,-16,13,20.616,140.91
14.3088,59,-11,5,12.083,155.56
14.3088,60,-19,11,21.954,149.93
14.3088,61,-20,-4,20.396,-168.69
14.3088,62,-6,7,9.22,130.6
14.3088,63,-11,-9,14.213,-140.71
14.6105,0,23,113,115.317,78.5
14.6105,1,17,0,17.0,0.0
14.6105,2,13,-13,18.385,-45.0
14.6105,3,8,-3,8.544,-20.56
14.6105,4,10,-2,10.198,-11.31
14.6105,5,11,-2,11.18,-10.3
14.6105,6,16,-8,17.889,-26.57
14.6105,7,16,-6,17.088,-20.56
14.6105,8,22,-7,23.087,-17.65
14.6105,9,16,-13,20.616,-39.09
14.6105,10,12,-5,13.0,-22.62
14.6105,11,18,0,18.0,0.0
14.6105,12,12,-3,12.369,-14.04
14.6105,13,21,0,21.0,0.0
14.6105,14,13,-9,15.811,-34.7
14.6105,15,11,1,11.045,5.19
14.6105,16,12,-11,16.279,-42.51
14.6105,17,22,-8,23.409,-19.98
14.6105,18,20,-6,20.881,-16.7
14.6105,19,11,-2,11.18,-10.3
14.6105,20,14,-4,14.56,-15.95
14.6105,21,19,-3,19.235,-8.97
14.6105,22,22,5,22.561,12.8
14.6105,23,20,-7,21.19,-19.29
14.6105,24,10,3,10.44,16.7
14.6105,25,8,0,8.0,0.0
14.6105,26,13,5,13.928,21.04
14.6105,27,0,0,0.0,0.0
14.6105,28,0,0,0.0,0.0
14.6105,29,0,0,0.0,0.0
14.6105,30,0,0,0.0,0.0
14.6105,31,0,0,0.0,0.0
14.6105,32,0,0,0.0,0.0
14.6105,33,0,0,0.0,0.0
14.6105,34,0,0,0.0,0.0
14.6105,35,0,0,0.0,0.0
14.6105,36,0,0,0.0,0.0
14.6105,37,0,0,0.0,0.0
14.6105,38,10,-9,13.454,-41.99
14.6105,39,13,-8,15.264,-31.61
14.6105,40,10,-7,12.207,-34.99
14.6105,41,14,-4,14.56,-15.95
14.6105,42,12,0,12.0,0.0
14.6105,43,11,-2,11.18,-10.3
14.6105,44,14,-6,15.232,-23.2
14.6105,45,13,-1,13.038,-4.4
14.6105,46,12,-7,13.892,-30.26
14.6105,47,10,0,10.0,0.0
14.6105,48,18,0,18.0,0.0
14.6105,49,19,-2,19.105,-6.01
14.6105,50,16,-5,16.763,-17.35
14.6105,51,16,-4,16.492,-14.04
14.6105,52,6,-4,7.211,-33.69
14.6105,53,12,-5,13.0,-22.62
14.6105,54,19,-6,19.925,-17.53
14.6105,55,13,0,13.0,0.0
14.6105,56,18,-6,18.974,-18.43
14.6105,57,9,4,9.849,23.96
14.6105,58,15,-14,20.518,-43.03
14.6105,59,15,-7,16.553,-25.02
14.6105,60,3,-15,15.297,-78.69
14.6105,61,4,4,5.657,45.0
14.6105,62,-6,-9,10.817,-123.69
14.6105,63,15,-9,17.493,-30.96
14.911,0,23,113,115.317,78.5
14.911,1,17,0,17.0,0.0
14.911,2,-31,-7,31.78,-167.28
14.911,3,-11,-31,32.894,-109.54
14.911,4,-16,-26,30.529,-121.61
14.911,5,-13,0,13.0,180.0
14.911,6,-15,13,19.849,139.09
14.911,7,-22,7,23.087,162.35
14.911,8,-11,1,11.045,174.81
14.911,9,-11,1,11.045,174.81
14.911,10,-19,4,19.416,168.11
14.911,11,-18,3,18.248,170.54
14.911,12,-15,12,19.209,141.34
14.911,13,-14,1,14.036,175.91
14.911,14,-18,6,18.974,161.57
14.911,15,-17,7,18.385,157.62
14.911,16,-15,9,17.493,149.04
14.911,17,-18,7,19.313,158.75
14.911,18,-22,7,23.087,162.35
14.911,19,-10,8,12.806,141.34
14.911,20,-10,6,11.662,149.04
14.911,21,-12,6,13.416,153.43
14.911,22,-18,10,20.591,150.95
14.911,23,-13,14,19.105,132.88
14.911,24,-11,5,12.083,155.56
14.911,25,-4,7,8.062,119.74
14.911,26,-6,8,10.0,126.87
14.911,27,0,0,0.0,0.0
14.911,28,0,0,0.0,0.0
14.911,29,0,0,0.0,0.0
14.911,30,0,0,0.0,0.0
14.911,31,0,0,0.0,0.0
14.911,32,0,0,0.0,0.0
14.911,33,0,0,0.0,0.0
14.911,34,0,0,0.0,0.0
14.911,35,0,0,0.0,0.0
14.911,36,0,0,0.0,0.0
14.911,37,0,0,0.0,0.0
14.911,38,1,-15,15.033,-86.19
14.911,39,3,-15,15.297,-78.69
14.911,40,4,-14,14.56,-74.05
14.911,41,3,-17,17.263,-79.99
14.911,42,4,-14,14.56,-74.05
14.911,43,1,-23,23.022,-87.51
14.911,44,1,-18,18.028,-86.82
14.911,45,1,-14,14.036,-85.91
14.911,46,5,-20,20.616,-75.96
14.911,47,2,-18,18.111,-83.66
14.911,48,-3,-18,18.248,-99.46
14.911,49,-3,-15,15.297,-101.31
14.911,50,-4,-16,16.492,-104.04
14.911,51,-5,-17,17.72,-106.39
14.911,52,-5,-22,22.561,-102.8
14.911,53,-6,-15,16.155,-111.8
14.911,54,-10,-17,19.723,-120.47
14.911,55,-17,-16,23.345,-136.74
14.911,56,-6,-13,14.318,-114.78
14.911,57,-12,-17,20.809,-125.22
14.911,58,-17,-22,27.803,-127.69
14.911,59,-9,-19,21.024,-115.35
14.911,60,-2,-9,9.22,-102.53
14.911,61,-18,-4,18.439,-167.47
14.911,62,-17,4,17.464,166.76
14.911,63,-21,-8,22.472,-159.15
15.0275,0,23,113,115.317,78.5
15.0275,1,17,0,17.0,0.0
15.0275,2,-1,13,13.038,94.4
15.0275,3,3,7,7.616,66.8
15.0275,4,-2,16,16.125,97.13
15.0275,5,9,9,12.728,45.0
15.0275,6,10,23,25.08,66.5
15.0275,7,16,19,24.839,49.9
15.0275,8,13,22,25.554,59.42
15.0275,9,18,14,22.804,37.87
15.0275,10,22,21,30.414,43.67
15.0275,11,13,14,19.105,47.12
15.0275,12,15,11,18.601,36.25
15.0275,13,20,12,23.324,30.96
15.0275,14,21,14,25.239,33.69
15.0275,15,25,10,26.926,21.8
15.0275,16,22,7,23.087,17.65
15.0275,17,16,9,18.358,29.36
15.0275,18,23,9,24.698,21.37
15.0275,19,17,13,21.401,37.41
15.0275,20,27,5,27.459,10.49
15.0275,21,10,13,16.401,52.43
15.0275,22,12,12,16.971,45.0
15.0275,23,20,0,20.0,0.0
15.0275,24,16,10,18.868,32.01
15.0275,25,12,-6,13.416,-26.57
15.0275,26,13,14,19.105,47.12
15.0275,27,0,0,0.0,0.0
15.0275,28,0,0,0.0,0.0
15.0275,29,0,0,0.0,0.0
15.0275,30,0,0,0.0,0.0
15.0275,31,0,0,0.0,0.0
15.0275,32,0,0,0.0,0.0
15.0275,33,0,0,0.0,0.0
15.0275,34,0,0,0.0,0.0
15.0275,35,0,0,0.0,0.0
15.0275,36,0,0,0.0,0.0
15.0275,37,0,0,0.0,0.0
15.0275,38,0,21,21.0,90.0
15.0275,39,-1,16,16.031,93.58
15.0275,40,-3,19,19.235,98.97
15.0275,41,-4,18,18.439,102.53
15.0275,42,4,20,20.396,78.69
15.0275,43,2,19,19.105,83.99
15.0275,44,-3,16,16.279,100.62
15.0275,45,-1,19,19.026,93.01
15.0275,46,-9,20,21.932,114.23
15.0275,47,-7,18,19.313,111.25
15.0275,48,0,21,21.0,90.0
15.0275,49,2,20,20.1,84.29
15.0275,50,-3,22,22.204,97.77
15.0275,51,-2,16,16.125,97.13
15.0275,52,6,23,23.77,75.38
15.0275,53,4,26,26.306,81.25
15.0275,54,2,22,22.091,84.81
15.0275,55,4,21,21.378,79.22
15.0275,56,4,26,26.306,81.25
15.0275,57,16,16,22.627,45.0
15.0275,58,10,18,20.591,60.95
15.0275,59,12,19,22.472,57.72
15.0275,60,12,19,22.472,57.72
15.0275,61,11,24,26.401,65.38
15.0275,62,-8,33,33.956,103.63
15.0275,63,2,34,34.059,86.63
15.1116,0,23,113,115.317,78.5
15.1116,1,17,0,17.0,0.0
15.1116,2,4,-8,8.944,-63.43
15.1116,3,-4,-33,33.242,-96.91
15.1116,4,35,-7,35.693,-11.31
15.1116,5,34,-21,39.962,-31.7
15.1116,6,11,-9,14.213,-39.29
15.1116,7,11,-21,23.707,-62.35
15.1116,8,-5,-28,28.443,-100.12
15.1116,9,4,-11,11.705,-70.02
15.1116,10,0,-19,19.0,-90.0
15.1116,11,8,-18,19.698,-66.04
15.1116,12,1,-15,15.033,-86.19
15.1116,13,8,-15,17.0,-61.93
15.1116,14,15,-25,29.155,-59.04
15.1116,15,-3,-18,18.248,-99.46
15.1116,16,13,-23,26.42,-60.52
15.1116,17,10,-18,20.591,-60.95
15.1116,18,16,-22,27.203,-53.97
15.1116,19,7,-11,13.038,-57.53
15.1116,20,-5,-11,12.083,-114.44
15.1116,21,14,-13,19.105,-42.88
15.1116,22,17,-16,23.345,-43.26
15.1116,23,11,-17,20.248,-57.09
15.1116,24,7,-13,14.765,-61.7
15.1116,25,16,-20,25.612,-51.34
15.1116,26,8,-4,8.944,-26.57
15.1116,27,0,0,0.0,0.0
15.1116,28,0,0,0.0,0.0
15.1116,29,0,0,0.0,0.0
15.1116,30,0,0,0.0,0.0
15.1116,31,0,0,0.0,0.0
15.1116,32,0,0,0.0,0.0
15.1116,33,0,0,0.0,0.0
15.1116,34,0,0,0.0,0.0
15.1116,35,0,0,0.0,0.0
15.1116,36,0,0,0.0,0.0
15.1116,37,0,0,0.0,0.0
15.1116,38,17,-12,20.809,-35.22
15.1116,39,12,-16,20.0,-53.13
15.1116,40,14,-11,17.804,-38.16
15.1116,41,11,-18,21.095,-58.57
15.1116,42,21,-12,24.187,-29.74
15.1116,43,16,-15,21.932,-43.15
15.1116,44,22,-20,29.732,-42.27
15.1116,45,23,-21,31.145,-42.4
15.1116,46,16,-14,21.26,-41.19
15.1116,47,16,-14,21.26,-41.19
15.1116,48,23,-10,25.08,-23.5
15.1116,49,27,-10,28.792,-20.32
15.1116,50,20,-2,20.1,-5.71
15.1116,51,18,-19,26.173,-46.55
15.1116,52,26,-12,28.636,-24.78
15.1116,53,27,-8,28.16,-16.5
15.1116,54,4,-11,11.705,-70.02
15.1116,55,-1,-8,8.062,-97.13
15.1116,56,10,-21,23.259,-64.54
15.1116,57,8,-7,10.63,-41.19
15.1116,58,14,-9,16.643,-32.74
15.1116,59,18,-26,31.623,-55.3
15.1116,60,13,-30,32.696,-66.57
15.1116,61,6,-14,15.232,-66.8
15.1116,62,-3,-35,35.128,-94.9
15.1116,63,2,-54,54.037,-87.88
15.2325,0,23,113,115.317,78.5
15.2325,1,17,0,17.0,0.0
15.2325,2,-6,-14,15.232,-113.2
15.2325,3,-23,-3,23.195,-172.57
15.2325,4,-11,1,11.045,174.81
15.2325,5,-20,-17,26.249,-139.64
15.2325,6,-15,-13,19.849,-139.09
15.2325,7,-21,-14,25.239,-146.31
15.2325,8,-19,-9,21.024,-154.65
15.2325,9,-24,-16,28.844,-146.31
15.2325,10,-22,-6,22.804,-164.74
15.2325,11,-20,-11,22.825,-151.19
15.2325,12,-18,-8,19.698,-156.04
15.2325,13,-17,-5,17.72,-163.61
15.2325,14,-20,-10,22.361,-153.43
15.2325,15,-18,-8,19.698,-156.04
15.2325,16,-26,-6,26.683,-167.01
15.2325,17,-19,3,19.235,171.03
15.2325,18,-20,-6,20.881,-163.3
15.2325,19,-18,4,18.439,167.47
15.2325,20,-21,-6,21.84,-164.05
15.2325,21,-19,-6,19.925,-162.47
15.2325,22,-20,-7,21.19,-160.71
15.2325,23,-15,-5,15.811,-161.57
15.2325,24,-17,1,17.029,176.63
15.2325,25,-23,1,23.022,177.51
15.2325,26,-15,-5,15.811,-161.57
15.2325,27,0,0,0.0,0.0
15.2325,28,0,0,0.0,0.0
15.2325,29,0,0,0.0,0.0
15.2325,30,0,0,0.0,0.0
15.2325,31,0,0,0.0,0.0
15.2325,32,0,0,0.0,0.0
15.2325,33,0,0,0.0,0.0
15.2325,34,0,0,0.0,0.0
15.2325,35,0,0,0.0,0.0
15.2325,36,0,0,0.0,0.0
15.2325,37,0,0,0.0,0.0
15.2325,38,1,-13,13.038,-85.6
15.2325,39,1,-18,18.028,-86.82
15.2325,40,-1,-21,21.024,-92.73
15.2325,41,2,-17,17.117,-83.29
15.2325,42,0,-17,17.0,-90.0
15.2325,43,-3,-15,15.297,-101.31
15.2325,44,3,-18,18.248,-80.54
15.2325,45,3,-18,18.248,-80.54
15.2325,46,-3,-22,22.204,-97.77
15.2325,47,4,-19,19.416,-78.11
15.2325,48,-2,-19,19.105,-96.01
15.2325,49,-7,-21,22.136,-108.43
15.2325,50,3,-14,14.318,-77.91
15.2325,51,-1,-14,14.036,-94.09
15.2325,52,-11,-21,23.707,-117.65
15.2325,53,-1,-23,23.022,-92.49
15.2325,54,1,-19,19.026,-86.99
15.2325,55,-4,-26,26.306,-98.75
15.2325,56,4,-19,19.416,-78.11
15.2325,57,-9,-24,25.632,-110.56
15.2325,58,-15,-20,25.0,-126.87
15.2325,59,-29,-5,29.428,-170.22
15.2325,60,-25,-22,33.302,-138.65
15.2325,61,-12,-23,25.942,-117.55
15.2325,62,-20,-8,21.541,-158.2
15.2325,63,-5,-19,19.647,-104.74
15.4191,0,23,113,115.317,78.5
15.4191,1,17,0,17.0,0.0
15.4191,2,-24,-12,26.833,-153.43
15.4191,3,-34,-16,37.577,-154.8
15.4191,4,-14,-11,17.804,-141.84
15.4191,5,-16,-8,17.889,-153.43
15.4191,6,-14,-16,21.26,-131.19
15.4191,7,-22,-2,22.091,-174.81
15.4191,8,-17,2,17.117,173.29
15.4191,9,-16,-1,16.031,-176.42
15.4191,10,-16,-5,16.763,-162.65
15.4191,11,-20,-9,21.932,-155.77
15.4191,12,-22,0,22.0,180.0
15.4191,13,-18,-9,20.125,-153.43
15.4191,14,-20,-13,23.854,-146.98
15.4191,15,-13,-8,15.264,-148.39
15.4191,16,-22,-7,23.087,-162.35
15.4191,17,-17,-7,18.385,-157.62
15.4191,18,-19,-11,21.954,-149.93
15.4191,19,-19,-8,20.616,-157.17
15.4191,20,-14,-4,14.56,-164.05
15.4191,21,-13,-8,15.264,-148.39
15.4191,22,-12,-7,13.892,-149.74
15.4191,23,-8,-5,9.434,-147.99
15.4191,24,-13,-5,13.928,-158.96
15.4191,25,-9,-8,12.042,-138.37
15.4191,26,-10,-9,13.454,-138.01
15.4191,27,0,0,0.0,0.0
15.4191,28,0,0,0.0,0.0
15.4191,29,0,0,0.0,0.0
15.4191,30,0,0,0.0,0.0
15.4191,31,0,0,0.0,0.0
15.4191,32,0,0,0.0,0.0
15.4191,33,0,0,0.0,0.0
15.4191,34,0,0,0.0,0.0
15.4191,35,0,0,0.0,0.0
15.4191,36,0,0,0.0,0.0
15.4191,37,0,0,0.0,0.0
15.4191,38,-14,4,14.56,164.05
15.4191,39,-16,-2,16.125,-172.87
15.4191,40,-18,-2,18.111,-173.66
15.4191,41,-15,1,15.033,176.19
15.4191,42,-20,-2,20.1,-174.29
15.4191,43,-15,-5,15.811,-161.57
15.4191,44,-18,-1,18.028,-176.82
15.4191,45,-15,-4,15.524,-165.07
15.4191,46,-15,-2,15.133,-172.41
15.4191,47,-19,-3,19.235,-171.03
15.4191,48,-13,-8,15.264,-148.39
15.4191,49,-11,-5,12.083,-155.56
15.4191,50,-12,-1,12.042,-175.24
15.4191,51,-16,-3,16.279,-169.38
15.4191,52,-18,-11,21.095,-148.57
15.4191,53,-19,-6,19.925,-162.47
15.4191,54,-21,-10,23.259,-154.54
15.4191,55,-20,-7,21.19,-160.71
15.4191,56,-23,2,23.087,175.03
15.4191,57,-22,-4,22.361,-169.7
15.4191,58,-28,-10,29.732,-160.35
15.4191,59,-34,-2,34.059,-176.63
15.4191,60,-16,-2,16.125,-172.87
15.4191,61,-21,-7,22.136,-161.57
15.4191,62,-39,-14,41.437,-160.25
15.4191,63,-19,-4,19.416,-168.11
15.8315,0,23,113,115.317,78.5
15.8315,1,17,0,17.0,0.0
15.8315,2,-29,-3,29.155,-174.09
15.8315,3,-17,-41,44.385,-112.52
15.8315,4,-13,-12,17.692,-137.29
15.8315,5,-26,-14,29.53,-151.7
15.8315,6,-17,2,17.117,173.29
15.8315,7,-26,-4,26.306,-171.25
15.8315,8,-26,-2,26.077,-175.6
15.8315,9,-17,1,17.029,176.63
15.8315,10,-34,0,34.0,180.0
15.8315,11,-22,-7,23.087,-162.35
15.8315,12,-26,-8,27.203,-162.9
15.8315,13,-26,3,26.173,173.42
15.8315,14,-20,0,20.0,180.0
15.8315,15,-18,-6,18.974,-161.57
15.8315,16,-18,-3,18.248,-170.54
15.8315,17,-13,-4,13.601,-162.9
15.8315,18,-21,-5,21.587,-166.61
15.8315,19,-16,3,16.279,169.38
15.8315,20,-21,1,21.024,177.27
15.8315,21,-18,1,18.028,176.82
15.8315,22,-19,0,19.0,180.0
15.8315,23,-24,2,24.083,175.24
15.8315,24,-15,-2,15.133,-172.41
15.8315,25,-14,-5,14.866,-160.35
15.8315,26,-15,-4,15.524,-165.07
15.8315,27,0,0,0.0,0.0
15.8315,28,0,0,0.0,0.0
15.8315,29,0,0,0.0,0.0
15.8315,30,0,0,0.0,0.0
15.8315,31,0,0,0.0,0.0
15.8315,32,0,0,0.0,0.0
15.8315,33,0,0,0.0,0.0
15.8315,34,0,0,0.0,0.0
15.8315,35,0,0,0.0,0.0
15.8315,36,0,0,0.0,0.0
15.8315,37,0,0,0.0,0.0
15.8315,38,-14,-15,20.518,-133.03
15.8315,39,-11,-16,19.416,-124.51
15.8315,40,-4,-20,20.396,-101.31
15.8315,41,-13,-18,22.204,-125.84
15.8315,42,-12,-15,19.209,-128.66
15.8315,43,-9,-14,16.643,-122.74
15.8315,44,-7,-18,19.313,-111.25
15.8315,45,-8,-16,17.889,-116.57
15.8315,46,-7,-19,20.248,-110.22
15.8315,47,-9,-18,20.125,-116.57
15.8315,48,-10,-19,21.471,-117.76
15.8315,49,-7,-21,22.136,-108.43
15.8315,50,-8,-14,16.125,-119.74
15.8315,51,-20,-25,32.016,-128.66
15.8315,52,-7,-23,24.042,-106.93
15.8315,53,-15,-13,19.849,-139.09
15.8315,54,-6,-14,15.232,-113.2
15.8315,55,-14,-17,22.023,-129.47
15.8315,56,-23,-26,34.713,-131.5
15.8315,57,-13,-4,13.601,-162.9
15.8315,58,-12,-25,27.731,-115.64
15.8315,59,-19,-16,24.839,-139.9
15.8315,60,-22,-12,25.06,-151.39
15.8315,61,-30,-23,37.802,-142.52
15.8315,62,-8,30,31.048,104.93
15.8315,63,-24,-22,32.558,-137.49
16.0296,0,23,113,115.317,78.5
16.0296,1,17,0,17.0,0.0
16.0296,2,-29,-7,29.833,-166.43
16.0296,3,-12,-8,14.422,-146.31
16.0296,4,-18,1,18.028,176.82
16.0296,5,-18,-20,26.907,-131.99
16.0296,6,-10,6,11.662,149.04
16.0296,7,-15,25,29.155,120.96
16.0296,8,-20,-11,22.825,-151.19
16.0296,9,-21,-6,21.84,-164.05
16.0296,10,-45,-1,45.011,-178.73
16.0296,11,-20,-4,20.396,-168.69
16.0296,12,-25,4,25.318,170.91
16.0296,13,-22,-20,29.732,-137.73
16.0296,14,-32,-4,32.249,-172.87
16.0296,15,-22,-2,22.091,-174.81
16.0296,16,-38,-6,38.471,-171.03
16.0296,17,-32,3,32.14,174.64
16.0296,18,-15,-5,15.811,-161.57
16.0296,19,-20,-10,22.361,-153.43
16.0296,20,-25,-9,26.571,-160.2
16.0296,21,-18,-1,18.028,-176.82
16.0296,22,-18,-5,18.682,-164.48
16.0296,23,-16,-8,17.889,-153.43
16.0296,24,-18,-6,18.974,-161.57
16.0296,25,-16,-1,16.031,-176.42
16.0296,26,-14,-9,16.643,-147.26
16.0296,27,0,0,0.0,0.0
16.0296,28,0,0,0.0,0.0
16.0296,29,0,0,0.0,0.0
16.0296,30,0,0,0.0,0.0
16.0296,31,0,0,0.0,0.0
16.0296,32,0,0,0.0,0.0
16.0296,33,0,0,0.0,0.0
16.0296,34,0,0,0.0,0.0
16.0296,35,0,0,0.0,0.0
16.0296,36,0,0,0.0,0.0
16.0296,37,0,0,0.0,0.0
16.0296,38,-16,4,16.492,165.96
16.0296,39,-23,9,24.698,158.63
16.0296,40,-14,6,15.232,156.8
16.0296,41,-20,2,20.1,174.29
16.0296,42,-17,4,17.464,166.76
16.0296,43,-19,6,19.925,162.47
16.0296,44,-16,-1,16.031,-176.42
16.0296,45,-17,1,17.029,176.63
16.0296,46,-24,-2,24.083,-175.24
16.0296,47,-19,2,19.105,173.99
16.0296,48,-16,4,16.492,165.96
16.0296,49,-26,2,26.077,175.6
16.0296,50,-21,-2,21.095,-174.56
16.0296,51,-25,1,25.02,177.71
16.0296,52,-22,-2,22.091,-174.81
16.0296,53,-18,0,18.0,180.0
16.0296,54,-18,2,18.111,173.66
16.0296,55,-20,-3,20.224,-171.47
16.0296,56,-19,4,19.416,168.11
16.0296,57,-18,3,18.248,170.54
16.0296,58,-20,2,20.1,174.29
16.0296,59,-17,-2,17.117,-173.29
16.0296,60,-18,4,18.439,167.47
16.0296,61,-15,1,15.033,176.19
16.0296,62,-27,-2,27.074,-175.76
16.0296,63,-22,9,23.77,157.75
16.1339,0,23,113,115.317,78.5
16.1339,1,17,0,17.0,0.0
16.1339,2,-35,24,42.438,145.56
16.1339,3,-4,-8,8.944,-116.57
16.1339,4,-10,22,24.166,114.44
16.1339,5,-19,8,20.616,157.17
16.1339,6,-17,12,20.809,144.78
16.1339,7,-9,8,12.042,138.37
16.1339,8,-18,23,29.206,128.05
16.1339,9,-14,16,21.26,131.19
16.1339,10,-14,12,18.439,139.4
16.1339,11,-6,14,15.232,113.2
16.1339,12,-16,16,22.627,135.0
16.1339,13,-7,13,14.765,118.3
16.1339,14,-18,18,25.456,135.0
16.1339,15,-10,21,23.259,115.46
16.1339,16,-15,13,19.849,139.09
16.1339,17,-17,17,24.042,135.0
16.1339,18,-11,14,17.804,128.16
16.1339,19,-11,19,21.954,120.07
16.1339,20,-10,14,17.205,125.54
16.1339,21,-11,19,21.954,120.07
16.1339,22,-8,18,19.698,113.96
16.1339,23,-11,19,21.954,120.07
16.1339,24,-10,19,21.471,117.76
16.1339,25,-5,10,11.18,116.57
16.1339,26,-14,19,23.601,126.38
16.1339,27,0,0,0.0,0.0
16.1339,28,0,0,0.0,0.0
16.1339,29,0,0,0.0,0.0
16.1339,30,0,0,0.0,0.0
16.1339,31,0,0,0.0,0.0
16.1339,32,0,0,0.0,0.0
16.1339,33,0,0,0.0,0.0
16.1339,34,0,0,0.0,0.0
16.1339,35,0,0,0.0,0.0
16.1339,36,0,0,0.0,0.0
16.1339,37,0,0,0.0,0.0
16.1339,38,-13,2,13.153,171.25
16.1339,39,-18,6,18.974,161.57
16.1339,40,-20,3,20.224,171.47
16.1339,41,-19,-1,19.026,-176.99
16.1339,42,-16,-4,16.492,-165.96
16.1339,43,-20,1,20.025,177.14
16.1339,44,-22,1,22.023,177.4
16.1339,45,-18,0,18.0,180.0
16.1339,46,-18,2,18.111,173.66
16.1339,47,-20,1,20.025,177.14
16.1339,48,-22,2,22.091,174.81
16.1339,49,-17,8,18.788,154.8
16.1339,50,-18,3,18.248,170.54
16.1339,51,-15,2,15.133,172.41
16.1339,52,-17,-2,17.117,-173.29
16.1339,53,-19,1,19.026,176.99
16.1339,54,-17,9,19.235,152.1
16.1339,55,-19,10,21.471,152.24
16.1339,56,-13,6,14.318,155.22
16.1339,57,-12,6,13.416,153.43
16.1339,58,-25,-3,25.179,-173.16
16.1339,59,-32,2,32.062,176.42
16.1339,60,-16,10,18.868,147.99
16.1339,61,-10,8,12.806,141.34
16.1339,62,-16,-3,16.279,-169.38
16.1339,63,-23,5,23.537,167.74
16.2279,0,23,113,115.317,78.5
16.2279,1,17,0,17.0,0.0
16.2279,2,13,24,27.295,61.56
16.2279,3,4,16,16.492,75.96
16.2279,4,11,3,11.402,15.26
16.2279,5,-8,20,21.541,111.8
16.2279,6,9,20,21.932,65.77
16.2279,7,0,11,11.0,90.0
16.2279,8,8,16,17.889,63.43
16.2279,9,5,17,17.72,73.61
16.2279,10,4,10,10.77,68.2
16.2279,11,12,23,25.942,62.45
16.2279,12,5,23,23.537,77.74
16.2279,13,4,19,19.416,78.11
16.2279,14,5,15,15.811,71.57
16.2279,15,17,12,20.809,35.22
16.2279,16,2,20,20.1,84.29
16.2279,17,7,10,12.207,55.01
16.2279,18,13,14,19.105,47.12
16.2279,19,4,14,14.56,74.05
16.2279,20,6,12,13.416,63.43
16.2279,21,2,13,13.153,81.25
16.2279,22,10,14,17.205,54.46
16.2279,23,4,14,14.56,74.05
16.2279,24,4,10,10.77,68.2
16.2279,25,5,16,16.763,72.65
16.2279,26,-4,7,8.062,119.74
16.2279,27,0,0,0.0,0.0
16.2279,28,0,0,0.0,0.0
16.2279,29,0,0,0.0,0.0
16.2279,30,0,0,0.0,0.0
16.2279,31,0,0,0.0,0.0
16.2279,32,0,0,0.0,0.0
16.2279,33,0,0,0.0,0.0
16.2279,34,0,0,0.0,0.0
16.2279,35,0,0,0.0,0.0
16.2279,36,0,0,0.0,0.0
16.2279,37,0,0,0.0,0.0
16.2279,38,11,12,16.279,47.49
16.2279,39,5,14,14.866,70.35
16.2279,40,8,16,17.889,63.43
16.2279,41,9,12,15.0,53.13
16.2279,42,6,12,13.416,63.43
16.2279,43,6,15,16.155,68.2
16.2279,44,7,17,18.385,67.62
16.2279,45,4,9,9.849,66.04
16.2279,46,5,18,18.682,74.48
16.2279,47,4,10,10.77,68.2
16.2279,48,6,24,24.739,75.96
16.2279,49,3,15,15.297,78.69
16.2279,50,4,12,12.649,71.57
16.2279,51,2,17,17.117,83.29
16.2279,52,2,22,22.091,84.81
16.2279,53,4,20,20.396,78.69
16.2279,54,3,19,19.235,81.03
16.2279,55,1,11,11.045,84.81
16.2279,56,1,20,20.025,87.14
16.2279,57,5,16,16.763,72.65
16.2279,58,12,7,13.892,30.26
16.2279,59,2,25,25.08,85.43
16.2279,60,9,22,23.77,67.75
16.2279,61,4,16,16.492,75.96
16.2279,62,1,25,25.02,87.71
16.2279,63,12,36,37.947,71.57
16.4364,0,23,113,115.317,78.5
16.4364,1,17,0,17.0,0.0
16.4364,2,-18,26,31.623,124.7
16.4364,3,-7,19,20.248,110.22
16.4364,4,-16,27,31.385,120.65
16.4364,5,3,15,15.297,78.69
16.4364,6,4,21,21.378,79.22
16.4364,7,-3,16,16.279,100.62
16.4364,8,-5,9,10.296,119.05
16.4364,9,8,13,15.264,58.39
16.4364,10,5,11,12.083,65.56
16.4364,11,8,7,10.63,41.19
16.4364,12,10,16,18.868,57.99
16.4364,13,8,15,17.0,61.93
16.4364,14,9,19,21.024,64.65
16.4364,15,4,13,13.601,72.9
16.4364,16,7,11,13.038,57.53
16.4364,17,9,13,15.811,55.3
16.4364,18,11,15,18.601,53.75
16.4364,19,7,13,14.765,61.7
16.4364,20,11,11,15.556,45.0
16.4364,21,12,16,20.0,53.13
16.4364,22,8,13,15.264,58.39
16.4364,23,6,16,17.088,69.44
16.4364,24,5,17,17.72,73.61
16.4364,25,4,11,11.705,70.02
16.4364,26,8,4,8.944,26.57
16.4364,27,0,0,0.0,0.0
16.4364,28,0,0,0.0,0.0
16.4364,29,0,0,0.0,0.0
16.4364,30,0,0,0.0,0.0
16.4364,31,0,0,0.0,0.0
16.4364,32,0,0,0.0,0.0
16.4364,33,0,0,0.0,0.0
16.4364,34,0,0,0.0,0.0
16.4364,35,0,0,0.0,0.0
16.4364,36,0,0,0.0,0.0
16.4364,37,0,0,0.0,0.0
16.4364,38,-11,12,16.279,132.51
16.4364,39,-7,9,11.402,127.87
16.4364,40,-9,9,12.728,135.0
16.4364,41,-9,8,12.042,138.37
16.4364,42,-10,8,12.806,141.34
16.4364,43,-14,9,16.643,147.26
16.4364,44,-7,13,14.765,118.3
16.4364,45,-8,10,12.806,128.66
16.4364,46,-10,14,17.205,125.54
16.4364,47,-8,11,13.601,126.03
16.4364,48,-9,10,13.454,131.99
16.4364,49,-13,18,22.204,125.84
16.4364,50,-8,9,12.042,131.63
16.4364,51,-12,14,18.439,130.6
16.4364,52,-10,13,16.401,127.57
16.4364,53,-5,10,11.18,116.57
16.4364,54,-5,9,10.296,119.05
16.4364,55,-3,12,12.369,104.04
16.4364,56,-2,15,15.133,97.59
16.4364,57,-17,11,20.248,147.09
16.4364,58,-23,9,24.698,158.63
16.4364,59,-10,7,12.207,145.01
16.4364,60,2,21,21.095,84.56
16.4364,61,0,18,18.0,90.0
16.4364,62,18,0,18.0,0.0
16.4364,63,12,26,28.636,65.22
16.5427,0,23,113,115.317,78.5
16.5427,1,17,0,17.0,0.0
16.5427,2,-30,-6,30.594,-168.69
16.5427,3,-37,-9,38.079,-166.33
16.5427,4,-31,-14,34.015,-155.7
16.5427,5,-16,1,16.031,176.42
16.5427,6,-17,-3,17.263,-169.99
16.5427,7,-9,-8,12.042,-138.37
16.5427,8,-23,-5,23.537,-167.74
16.5427,9,-12,9,15.0,143.13
16.5427,10,-13,0,13.0,180.0
16.5427,11,-23,-5,23.537,-167.74
16.5427,12,-18,2,18.111,173.66
16.5427,13,-26,5,26.476,169.11
16.5427,14,-16,7,17.464,156.37
16.5427,15,-9,0,9.0,180.0
16.5427,16,-25,8,26.249,162.26
16.5427,17,-24,-3,24.187,-172.87
16.5427,18,-17,7,18.385,157.62
16.5427,19,-22,7,23.087,162.35
16.5427,20,-15,4,15.524,165.07
16.5427,21,-25,3,25.179,173.16
16.5427,22,-13,2,13.153,171.25
16.5427,23,-22,7,23.087,162.35
16.5427,24,-16,7,17.464,156.37
16.5427,25,-18,7,19.313,158.75
16.5427,26,-5,8,9.434,122.01
16.5427,27,0,0,0.0,0.0
16.5427,28,0,0,0.0,0.0
16.5427,29,0,0,0.0,0.0
16.5427,30,0,0,0.0,0.0
16.5427,31,0,0,0.0,0.0
16.5427,32,0,0,0.0,0.0
16.5427,33,0,0,0.0,0.0
16.5427,34,0,0,0.0,0.0
16.5427,35,0,0,0.0,0.0
16.5427,36,0,0,0.0,0.0
16.5427,37,0,0,0.0,0.0
16.5427,38,-8,-19,20.616,-112.83
16.5427,39,-8,-16,17.889,-116.57
16.5427,40,-9,-14,16.643,-122.74
16.5427,41,-4,-24,24.331,-99.46
16.5427,42,-5,-17,17.72,-106.39
16.5427,43,-2,-22,22.091,-95.19
16.5427,44,-7,-21,22.136,-108.43
16.5427,45,-15,-20,25.0,-126.87
16.5427,46,-7,-23,24.042,-106.93
16.5427,47,-16,-15,21.932,-136.85
16.5427,48,-11,-18,21.095,-121.43
16.5427,49,-12,-23,25.942,-117.55
16.5427,50,-6,-20,20.881,-106.7
16.5427,51,-11,-20,22.825,-118.81
16.5427,52,-12,-20,23.324,-120.96
16.5427,53,-14,-11,17.804,-141.84
16.5427,54,-10,-17,19.723,-120.47
16.5427,55,-28,-25,37.537,-138.24
16.5427,56,-27,-9,28.46,-161.57
16.5427,57,-20,-27,33.601,-126.53
16.5427,58,-12,-17,20.809,-125.22
16.5427,59,-26,-23,34.713,-138.5
16.5427,60,-7,-10,12.207,-124.99
16.5427,61,-4,20,20.396,101.31
16.5427,62,-27,9,28.46,161.57
16.5427,63,-24,12,26.833,153.43
16.6462,0,23,113,115.317,78.5
16.6462,1,17,0,17.0,0.0
16.6462,2,-23,-3,23.195,-172.57
16.6462,3,-29,2,29.069,176.05
16.6462,4,-25,-3,25.179,-173.16
16.6462,5,-17,2,17.117,173.29
16.6462,6,-26,-7,26.926,-164.93
16.6462,7,-16,10,18.868,147.99
16.6462,8,-22,-1,22.023,-177.4
16.6462,9,-13,5,13.928,158.96
16.6462,10,-22,12,25.06,151.39
16.6462,11,-11,-2,11.18,-169.7
16.6462,12,-19,1,19.026,176.99
16.6462,13,-22,3,22.204,172.23
16.6462,14,-21,1,21.024,177.27
16.6462,15,-27,-4,27.295,-171.57
16.6462,16,-20,-6,20.881,-163.3
16.6462,17,-16,0,16.0,180.0
16.6462,18,-24,7,25.0,163.74
16.6462,19,-22,8,23.409,160.02
16.6462,20,-18,2,18.111,173.66
16.6462,21,-25,3,25.179,173.16
16.6462,22,-18,6,18.974,161.57
16.6462,23,-21,6,21.84,164.05
16.6462,24,-22,5,22.561,167.2
16.6462,25,-25,8,26.249,162.26
16.6462,26,-22,6,22.804,164.74
16.6462,27,0,0,0.0,0.0
16.6462,28,0,0,0.0,0.0
16.6462,29,0,0,0.0,0.0
16.6462,30,0,0,0.0,0.0
16.6462,31,0,0,0.0,0.0
16.6462,32,0,0,0.0,0.0
16.6462,33,0,0,0.0,0.0
16.6462,34,0,0,0.0,0.0
16.6462,35,0,0,0.0,0.0
16.6462,36,0,0,0.0,0.0
16.6462,37,0,0,0.0,0.0
16.6462,38,-16,-4,16.492,-165.96
16.6462,39,-19,-7,20.248,-159.78
16.6462,40,-16,-5,16.763,-162.65
16.6462,41,-18,-12,21.633,-146.31
16.6462,42,-16,-11,19.416,-145.49
16.6462,43,-15,-9,17.493,-149.04
16.6462,44,-10,-14,17.205,-125.54
16.6462,45,-17,-9,19.235,-152.1
16.6462,46,-22,-8,23.409,-160.02
16.6462,47,-16,-17,23.345,-133.26
16.6462,48,-16,-8,17.889,-153.43
16.6462,49,-25,-16,29.682,-147.38
16.6462,50,-14,-13,19.105,-137.12
16.6462,51,-19,-13,23.022,-145.62
16.6462,52,-20,-10,22.361,-153.43
16.6462,53,-19,-10,21.471,-152.24
16.6462,54,-19,-15,24.207,-141.71
16.6462,55,-16,-17,23.345,-133.26
16.6462,56,-16,-11,19.416,-145.49
16.6462,57,-30,-15,33.541,-153.43
16.6462,58,-23,-18,29.206,-141.95
16.6462,59,-21,5,21.587,166.61
16.6462,60,-27,-18,32.45,-146.31
16.6462,61,-33,-6,33.541,-169.7
16.6462,62,-10,-15,18.028,-123.69
16.6462,63,-35,-4,35.228,-173.48
16.7584,0,92,-63,111.503,-34.4
16.7584,1,21,0,21.0,0.0
16.7584,2,-18,-28,33.287,-122.74
16.7584,3,-27,-17,31.906,-147.8
16.7584,4,-26,-4,26.306,-171.25
16.7584,5,-29,-13,31.78,-155.85
16.7584,6,-16,2,16.125,172.87
16.7584,7,-16,-2,16.125,-172.87
16.7584,8,-27,-5,27.459,-169.51
16.7584,9,-23,-4,23.345,-170.13
16.7584,10,-18,-14,22.804,-142.13
16.7584,11,-18,-2,18.111,-173.66
16.7584,12,-8,-2,8.246,-165.96
16.7584,13,-15,2,15.133,172.41
16.7584,14,-23,-11,25.495,-154.44
16.7584,15,-29,-12,31.385,-157.52
16.7584,16,-28,-14,31.305,-153.43
16.7584,17,-25,-1,25.02,-177.71
16.7584,18,-27,-12,29.547,-156.04
16.7584,19,-11,-14,17.804,-128.16
16.7584,20,-11,-10,14.866,-137.73
16.7584,21,-16,-23,28.018,-124.82
16.7584,22,-20,-20,28.284,-135.0
16.7584,23,-19,-4,19.416,-168.11
16.7584,24,-13,-11,17.029,-139.76
16.7584,25,-8,-11,13.601,-126.03
16.7584,26,-12,-13,17.692,-132.71
16.7584,27,0,0,0.0,0.0
16.7584,28,0,0,0.0,0.0
16.7584,29,0,0,0.0,0.0
16.7584,30,0,0,0.0,0.0
16.7584,31,0,0,0.0,0.0
16.7584,32,0,0,0.0,0.0
16.7584,33,0,0,0.0,0.0
16.7584,34,0,0,0.0,0.0
16.7584,35,0,0,0.0,0.0
16.7584,36,0,0,0.0,0.0
16.7584,37,0,0,0.0,0.0
16.7584,38,-21,2,21.095,174.56
16.7584,39,-18,0,18.0,180.0
16.7584,40,-24,-2,24.083,-175.24
16.7584,41,-18,-9,20.125,-153.43
16.7584,42,-18,-3,18.248,-170.54
16.7584,43,-21,-4,21.378,-169.22
16.7584,44,-15,-4,15.524,-165.07
16.7584,45,-24,-9,25.632,-159.44
16.7584,46,-20,-8,21.541,-158.2
16.7584,47,-14,-11,17.804,-141.84
16.7584,48,-21,-11,23.707,-152.35
16.7584,49,-18,-14,22.804,-142.13
16.7584,50,-24,-8,25.298,-161.57
16.7584,51,-12,-15,19.209,-128.66
16.7584,52,-15,-11,18.601,-143.75
16.7584,53,-14,0,14.0,180.0
16.7584,54,-23,-10,25.08,-156.5
16.7584,55,-23,-12,25.942,-152.45
16.7584,56,-16,-12,20.0,-143.13
16.7584,57,-10,-18,20.591,-119.05
16.7584,58,-13,-8,15.264,-148.39
16.7584,59,0,-4,4.0,-90.0
16.7584,60,-23,-6,23.77,-165.38
16.7584,61,1,-10,10.05,-84.29
16.7584,62,-25,0,25.0,180.0
16.7584,63,-20,11,22.825,151.19
16.7809,0,92,-63,111.503,-34.4
16.7809,1,21,0,21.0,0.0
16.7809,2,-14,5,14.866,160.35
16.7809,3,-17,6,18.028,160.56
16.7809,4,-9,21,22.847,113.2
16.7809,5,-7,15,16.553,115.02
16.7809,6,-5,22,22.561,102.8
16.7809,7,-12,29,31.385,112.48
16.7809,8,-17,13,21.401,142.59
16.7809,9,-9,23,24.698,111.37
16.7809,10,-12,10,15.62,140.19
16.7809,11,-15,24,28.302,122.01
16.7809,12,-5,22,22.561,102.8
16.7809,13,-10,24,26.0,112.62
16.7809,14,0,20,20.0,90.0
16.7809,15,-6,19,19.925,107.53
16.7809,16,-8,24,25.298,108.43
16.7809,17,-4,28,28.284,98.13
16.7809,18,-8,14,16.125,119.74
16.7809,19,3,17,17.263,79.99
16.7809,20,-9,17,19.235,117.9
16.7809,21,-2,19,19.105,96.01
16.7809,22,2,25,25.08,85.43
16.7809,23,-5,18,18.682,105.52
16.7809,24,-7,20,21.19,109.29
16.7809,25,-4,10,10.77,111.8
16.7809,26,-9,17,19.235,117.9
16.7809,27,0,0,0.0,0.0
16.7809,28,0,0,0.0,0.0
16.7809,29,0,0,0.0,0.0
16.7809,30,0,0,0.0,0.0
16.7809,31,0,0,0.0,0.0
16.7809,32,0,0,0.0,0.0
16.7809,33,0,0,0.0,0.0
16.7809,34,0,0,0.0,0.0
16.7809,35,0,0,0.0,0.0
16.7809,36,0,0,0.0,0.0
16.7809,37,0,0,0.0,0.0
16.7809,38,-19,-2,19.105,-173.99
16.7809,39,-22,0,22.0,180.0
16.7809,40,-21,1,21.024,177.27
16.7809,41,-23,-4,23.345,-170.13
16.7809,42,-23,3,23.195,172.57
16.7809,43,-22,3,22.204,172.23
16.7809,44,-20,1,20.025,177.14
16.7809,45,-18,-3,18.248,-170.54
16.7809,46,-24,-1,24.021,-177.61
16.7809,47,-24,1,24.021,177.61
16.7809,48,-19,3,19.235,171.03
16.7809,49,-20,-8,21.541,-158.2
16.7809,50,-19,4,19.416,168.11
16.7809,51,-14,2,14.142,171.87
16.7809,52,-18,7,19.313,158.75
16.7809,53,-21,7,22.136,161.57
16.7809,54,-19,5,19.647,165.26
16.7809,55,-19,2,19.105,173.99
16.7809,56,-24,11,26.401,155.38
16.7809,57,-19,14,23.601,143.62
16.7809,58,-19,14,23.601,143.62
16.7809,59,-20,9,21.932,155.77
16.7809,60,-13,12,17.692,137.29
16.7809,61,-11,-5,12.083,-155.56
16.7809,62,5,11,12.083,65.56
16.7809,63,-19,27,33.015,125.13
16.9474,0,23,113,115.317,78.5
16.9474,1,17,0,17.0,0.0
16.9474,2,14,18,22.804,52.13
16.9474,3,4,24,24.331,80.54
16.9474,4,-25,26,36.069,133.88
16.9474,5,-15,29,32.65,117.35
16.9474,6,1,32,32.016,88.21
16.9474,7,-11,24,26.401,114.62
16.9474,8,-3,24,24.187,97.13
16.9474,9,-14,18,22.804,127.87
16.9474,10,-6,23,23.77,104.62
16.9474,11,6,14,15.232,66.8
16.9474,12,3,22,22.204,82.23
16.9474,13,1,22,22.023,87.4
16.9474,14,-3,21,21.213,98.13
16.9474,15,2,20,20.1,84.29
16.9474,16,-9,19,21.024,115.35
16.9474,17,3,21,21.213,81.87
16.9474,18,-3,25,25.179,96.84
16.9474,19,10,23,25.08,66.5
16.9474,20,-2,25,25.08,94.57
16.9474,21,0,15,15.0,90.0
16.9474,22,2,31,31.064,86.31
16.9474,23,3,27,27.166,83.66
16.9474,24,-5,20,20.616,104.04
16.9474,25,-1,20,20.025,92.86
16.9474,26,-2,20,20.1,95.71
16.9474,27,0,0,0.0,0.0
16.9474,28,0,0,0.0,0.0
16.9474,29,0,0,0.0,0.0
16.9474,30,0,0,0.0,0.0
16.9474,31,0,0,0.0,0.0
16.9474,32,0,0,0.0,0.0
16.9474,33,0,0,0.0,0.0
16.9474,34,0,0,0.0,0.0
16.9474,35,0,0,0.0,0.0
16.9474,36,0,0,0.0,0.0
16.9474,37,0,0,0.0,0.0
16.9474,38,-19,14,23.601,143.62
16.9474,39,-22,9,23.77,157.75
16.9474,40,-18,6,18.974,161.57
16.9474,41,-23,7,24.042,163.07
16.9474,42,-20,10,22.361,153.43
16.9474,43,-18,12,21.633,146.31
16.9474,44,-25,10,26.926,158.2
16.9474,45,-21,6,21.84,164.05
16.9474,46,-20,17,26.249,139.64
16.9474,47,-22,14,26.077,147.53
16.9474,48,-17,11,20.248,147.09
16.9474,49,-16,15,21.932,136.85
16.9474,50,-15,10,18.028,146.31
16.9474,51,-22,12,25.06,151.39
16.9474,52,-26,17,31.064,146.82
16.9474,53,-14,7,15.652,153.43
16.9474,54,-9,19,21.024,115.35
16.9474,55,-13,24,27.295,118.44
16.9474,56,-35,-2,35.057,-176.73
16.9474,57,-10,12,15.62,129.81
16.9474,58,-28,6,28.636,167.91
16.9474,59,-5,5,7.071,135.0
16.9474,60,-11,23,25.495,115.56
16.9474,61,7,-13,14.765,-61.7
16.9474,62,-26,35,43.6,126.61
16.9474,63,-22,36,42.19,121.43
17.2549,0,23,113,115.317,78.5
17.2549,1,17,0,17.0,0.0
17.2549,2,11,14,17.804,51.84
17.2549,3,1,1,1.414,45.0
17.2549,4,15,-4,15.524,-14.93
17.2549,5,11,3,11.402,15.26
17.2549,6,21,2,21.095,5.44
17.2549,7,18,10,20.591,29.05
17.2549,8,13,-13,18.385,-45.0
17.2549,9,20,-2,20.1,-5.71
17.2549,10,22,-20,29.732,-42.27
17.2549,11,21,-20,29.0,-43.6
17.2549,12,15,-12,19.209,-38.66
17.2549,13,22,-5,22.561,-12.8
17.2549,14,18,-2,18.111,-6.34
17.2549,15,11,-10,14.866,-42.27
17.2549,16,23,-12,25.942,-27.55
17.2549,17,11,-12,16.279,-47.49
17.2549,18,12,-9,15.0,-36.87
17.2549,19,11,-16,19.416,-55.49
17.2549,20,17,-12,20.809,-35.22
17.2549,21,15,-12,19.209,-38.66
17.2549,22,15,-8,17.0,-28.07
17.2549,23,9,-14,16.643,-57.26
17.2549,24,7,-16,17.464,-66.37
17.2549,25,5,-5,7.071,-45.0
17.2549,26,1,-13,13.038,-85.6
17.2549,27,0,0,0.0,0.0
17.2549,28,0,0,0.0,0.0
17.2549,29,0,0,0.0,0.0
17.2549,30,0,0,0.0,0.0
17.2549,31,0,0,0.0,0.0
17.2549,32,0,0,0.0,0.0
17.2549,33,0,0,0.0,0.0
17.2549,34,0,0,0.0,0.0
17.2549,35,0,0,0.0,0.0
17.2549,36,0,0,0.0,0.0
17.2549,37,0,0,0.0,0.0
17.2549,38,3,13,13.342,77.01
17.2549,39,4,12,12.649,71.57
17.2549,40,0,16,16.0,90.0
17.2549,41,3,16,16.279,79.38
17.2549,42,8,16,17.889,63.43
17.2549,43,7,12,13.892,59.74
17.2549,44,9,14,16.643,57.26
17.2549,45,6,16,17.088,69.44
17.2549,46,7,15,16.553,64.98
17.2549,47,8,12,14.422,56.31
17.2549,48,10,21,23.259,64.54
17.2549,49,13,14,19.105,47.12
17.2549,50,8,13,15.264,58.39
17.2549,51,12,13,17.692,47.29
17.2549,52,6,9,10.817,56.31
17.2549,53,12,14,18.439,49.4
17.2549,54,21,20,29.0,43.6
17.2549,55,9,20,21.932,65.77
17.2549,56,8,-3,8.544,-20.56
17.2549,57,20,7,21.19,19.29
17.2549,58,8,19,20.616,67.17
17.2549,59,23,5,23.537,12.26
17.2549,60,27,-13,29.967,-25.71
17.2549,61,26,-10,27.857,-21.04
17.2549,62,15,7,16.553,25.02
17.2549,63,25,19,31.401,37.23
17.3091,0,92,-63,111.503,-34.4
17.3091,1,21,0,21.0,0.0
17.3091,2,-2,16,16.125,97.13
17.3091,3,-32,9,33.242,164.29
17.3091,4,-20,-2,20.1,-174.29
17.3091,5,-22,24,32.558,132.51
17.3091,6,-11,16,19.416,124.51
17.3091,7,-15,19,24.207,128.29
17.3091,8,-13,14,19.105,132.88
17.3091,9,-26,19,32.202,143.84
17.3091,10,-17,5,17.72,163.61
17.3091,11,-17,15,22.672,138.58
17.3091,12,-19,14,23.601,143.62
17.3091,13,-13,10,16.401,142.43
17.3091,14,-20,5,20.616,165.96
17.3091,15,-19,11,21.954,149.93
17.3091,16,-9,13,15.811,124.7
17.3091,17,-18,4,18.439,167.47
17.3091,18,-18,4,18.439,167.47
17.3091,19,-16,7,17.464,156.37
17.3091,20,-17,1,17.029,176.63
17.3091,21,-12,12,16.971,135.0
17.3091,22,-10,-2,10.198,-168.69
17.3091,23,-14,1,14.036,175.91
17.3091,24,-10,4,10.77,158.2
17.3091,25,-17,2,17.117,173.29
17.3091,26,-14,4,14.56,164.05
17.3091,27,0,0,0.0,0.0
17.3091,28,0,0,0.0,0.0
17.3091,29,0,0,0.0,0.0
17.3091,30,0,0,0.0,0.0
17.3091,31,0,0,0.0,0.0
17.3091,32,0,0,0.0,0.0
17.3091,33,0,0,0.0,0.0
17.3091,34,0,0,0.0,0.0
17.3091,35,0,0,0.0,0.0
17.3091,36,0,0,0.0,0.0
17.3091,37,0,0,0.0,0.0
17.3091,38,-1,14,14.036,94.09
17.3091,39,0,15,15.0,90.0
17.3091,40,-2,19,19.105,96.01
17.3091,41,-8,16,17.889,116.57
17.3091,42,-5,15,15.811,108.43
17.3091,43,-7,18,19.313,111.25
17.3091,44,-3,24,24.187,97.13
17.3091,45,-16,10,18.868,147.99
17.3091,46,-12,16,20.0,126.87
17.3091,47,-3,12,12.369,104.04
17.3091,48,-10,17,19.723,120.47
17.3091,49,-14,11,17.804,141.84
17.3091,50,-15,15,21.213,135.0
17.3091,51,-12,15,19.209,128.66
17.3091,52,-13,8,15.264,148.39
17.3091,53,-18,15,23.431,140.19
17.3091,54,-15,22,26.627,124.29
17.3091,55,-12,9,15.0,143.13
17.3091,56,-23,25,33.971,132.61
17.3091,57,-9,13,15.811,124.7
17.3091,58,-10,17,19.723,120.47
17.3091,59,-12,3,12.369,165.96
17.3091,60,-14,15,20.518,133.03
17.3091,61,-26,2,26.077,175.6
17.3091,62,-15,20,25.0,126.87
17.3091,63,-8,8,11.314,135.0
17.3474,0,92,-63,111.503,-34.4
17.3474,1,21,0,21.0,0.0
17.3474,2,-18,14,22.804,142.13
17.3474,3,-17,-5,17.72,-163.61
17.3474,4,-9,-6,10.817,-146.31
17.3474,5,-15,6,16.155,158.2
17.3474,6,-12,0,12.0,180.0
17.3474,7,-26,6,26.683,167.01
17.3474,8,-29,4,29.275,172.15
17.3474,9,-26,-1,26.019,-177.8
17.3474,10,-16,0,16.0,180.0
17.3474,11,-21,5,21.587,166.61
17.3474,12,-13,-2,13.153,-171.25
17.3474,13,-22,16,27.203,143.97
17.3474,14,-19,14,23.601,143.62
17.3474,15,-11,9,14.213,140.71
17.3474,16,-21,5,21.587,166.61
17.3474,17,-24,-1,24.021,-177.61
17.3474,18,-28,10,29.732,160.35
17.3474,19,-18,8,19.698,156.04
17.3474,20,-17,3,17.263,169.99
17.3474,21,-17,7,18.385,157.62
17.3474,22,-15,-4,15.524,-165.07
17.3474,23,-25,1,25.02,177.71
17.3474,24,-20,1,20.025,177.14
17.3474,25,-17,10,19.723,149.53
17.3474,26,-21,-2,21.095,-174.56
17.3474,27,0,0,0.0,0.0
17.3474,28,0,0,0.0,0.0
17.3474,29,0,0,0.0,0.0
17.3474,30,0,0,0.0,0.0
17.3474,31,0,0,0.0,0.0
17.3474,32,0,0,0.0,0.0
17.3474,33,0,0,0.0,0.0
17.3474,34,0,0,0.0,0.0
17.3474,35,0,0,0.0,0.0
17.3474,36,0,0,0.0,0.0
17.3474,37,0,0,0.0,0.0
17.3474,38,-24,11,26.401,155.38
17.3474,39,-11,0,11.0,180.0
17.3474,40,-17,4,17.464,166.76
17.3474,41,-23,8,24.352,160.82
17.3474,42,-24,-2,24.083,-175.24
17.3474,43,-22,7,23.087,162.35
17.3474,44,-19,-3,19.235,-171.03
17.3474,45,-10,-1,10.05,-174.29
17.3474,46,-28,-4,28.284,-171.87
17.3474,47,-20,-1,20.025,-177.14
17.3474,48,-19,-4,19.416,-168.11
17.3474,49,-23,1,23.022,177.51
17.3474,50,-14,-10,17.205,-144.46
17.3474,51,-19,-2,19.105,-173.99
17.3474,52,-20,8,21.541,158.2
17.3474,53,-18,5,18.682,164.48
17.3474,54,-25,0,25.0,180.0
17.3474,55,-16,2,16.125,172.87
17.3474,56,-9,3,9.487,161.57
17.3474,57,-18,-2,18.111,-173.66
17.3474,58,-21,-4,21.378,-169.22
17.3474,59,-28,8,29.12,164.05
17.3474,60,-18,1,18.028,176.82
17.3474,61,-7,19,20.248,110.22
17.3474,62,-16,-7,17.464,-156.37
17.3474,63,-9,-6,10.817,-146.31
17.3611,0,92,-63,111.503,-34.4
17.3611,1,21,0,21.0,0.0
17.3611,2,15,7,16.553,25.02
17.3611,3,9,-8,12.042,-41.63
17.3611,4,4,-9,9.849,-66.04
17.3611,5,18,-11,21.095,-31.43
17.3611,6,18,-5,18.682,-15.52
17.3611,7,11,3,11.402,15.26
17.3611,8,22,-3,22.204,-7.77
17.3611,9,11,1,11.045,5.19
17.3611,10,19,-9,21.024,-25.35
17.3611,11,22,-1,22.023,-2.6
17.3611,12,9,4,9.849,23.96
17.3611,13,18,4,18.439,12.53
17.3611,14,16,5,16.763,17.35
17.3611,15,17,1,17.029,3.37
17.3611,16,15,5,15.811,18.43
17.3611,17,19,2,19.105,6.01
17.3611,18,15,5,15.811,18.43
17.3611,19,7,11,13.038,57.53
17.3611,20,8,7,10.63,41.19
17.3611,21,6,8,10.0,53.13
17.3611,22,14,10,17.205,35.54
17.3611,23,7,20,21.19,70.71
17.3611,24,15,12,19.209,38.66
17.3611,25,16,1,16.031,3.58
17.3611,26,21,21,29.698,45.0
17.3611,27,0,0,0.0,0.0
17.3611,28,0,0,0.0,0.0
17.3611,29,0,0,0.0,0.0
17.3611,30,0,0,0.0,0.0
17.3611,31,0,0,0.0,0.0
17.3611,32,0,0,0.0,0.0
17.3611,33,0,0,0.0,0.0
17.3611,34,0,0,0.0,0.0
17.3611,35,0,0,0.0,0.0
17.3611,36,0,0,0.0,0.0
17.3611,37,0,0,0.0,0.0
17.3611,38,-14,-10,17.205,-144.46
17.3611,39,-13,-9,15.811,-145.3
17.3611,40,-10,-10,14.142,-135.0
17.3611,41,-7,-9,11.402,-127.87
17.3611,42,-8,-19,20.616,-112.83
17.3611,43,-7,-13,14.765,-118.3
17.3611,44,-1,-19,19.026,-93.01
17.3611,45,-7,-18,19.313,-111.25
17.3611,46,1,-17,17.029,-86.63
17.3611,47,3,-21,21.213,-81.87
17.3611,48,6,-15,16.155,-68.2
17.3611,49,-6,-19,19.925,-107.53
17.3611,50,4,-19,19.416,-78.11
17.3611,51,4,-18,18.439,-77.47
17.3611,52,14,-18,22.804,-52.13
17.3611,53,2,-17,17.117,-83.29
17.3611,54,-2,-20,20.1,-95.71
17.3611,55,8,-20,21.541,-68.2
17.3611,56,24,-14,27.785,-30.26
17.3611,57,22,-4,22.361,-10.3
17.3611,58,31,-10,32.573,-17.88
17.3611,59,9,-24,25.632,-69.44
17.3611,60,-16,-6,17.088,-159.44
17.3611,61,3,6,6.708,63.43
17.3611,62,14,-6,15.232,-23.2
17.3611,63,21,-20,29.0,-43.6
17.5693,0,23,113,115.317,78.5
17.5693,1,17,0,17.0,0.0
17.5693,2,-19,-25,31.401,-127.23
17.5693,3,-8,-21,22.472,-110.85
17.5693,4,-23,-19,29.833,-140.44
17.5693,5,-18,-14,22.804,-142.13
17.5693,6,-15,-25,29.155,-120.96
17.5693,7,-22,-9,23.77,-157.75
17.5693,8,-11,-6,12.53,-151.39
17.5693,9,-14,-16,21.26,-131.19
17.5693,10,-26,-14,29.53,-151.7
17.5693,11,-16,-11,19.416,-145.49
17.5693,12,-15,-13,19.849,-139.09
17.5693,13,-16,-9,18.358,-150.64
17.5693,14,-17,-3,17.263,-169.99
17.5693,15,-19,-10,21.471,-152.24
17.5693,16,-16,-10,18.868,-147.99
17.5693,17,-12,-6,13.416,-153.43
17.5693,18,-21,-5,21.587,-166.61
17.5693,19,-22,-10,24.166,-155.56
17.5693,20,-15,-14,20.518,-136.97
17.5693,21,-12,-16,20.0,-126.87
17.5693,22,-17,-9,19.235,-152.1
17.5693,23,-16,-10,18.868,-147.99
17.5693,24,-13,-3,13.342,-167.01
17.5693,25,-15,-4,15.524,-165.07
17.5693,26,-21,-8,22.472,-159.15
17.5693,27,0,0,0.0,0.0
17.5693,28,0,0,0.0,0.0
17.5693,29,0,0,0.0,0.0
17.5693,30,0,0,0.0,0.0
17.5693,31,0,0,0.0,0.0
17.5693,32,0,0,0.0,0.0
17.5693,33,0,0,0.0,0.0
17.5693,34,0,0,0.0,0.0
17.5693,35,0,0,0.0,0.0
17.5693,36,0,0,0.0,0.0
17.5693,37,0,0,0.0,0.0
17.5693,38,-6,-11,12.53,-118.61
17.5693,39,-8,-9,12.042,-131.63
17.5693,40,-6,-16,17.088,-110.56
17.5693,41,-7,-19,20.248,-110.22
17.5693,42,-5,-15,15.811,-108.43
17.5693,43,-9,-18,20.125,-116.57
17.5693,44,-4,-20,20.396,-101.31
17.5693,45,-6,-15,16.155,-111.8
17.5693,46,-8,-17,18.788,-115.2
17.5693,47,-13,-19,23.022,-124.38
17.5693,48,-6,-17,18.028,-109.44
17.5693,49,-14,-18,22.804,-127.87
17.5693,50,-7,-24,25.0,-106.26
17.5693,51,-5,-22,22.561,-102.8
17.5693,52,-12,-25,27.731,-115.64
17.5693,53,-5,-22,22.561,-102.8
17.5693,54,-4,-21,21.378,-100.78
17.5693,55,-3,-14,14.318,-102.09
17.5693,56,-7,-18,19.313,-111.25
17.5693,57,-6,-24,24.739,-104.04
17.5693,58,-11,-14,17.804,-128.16
17.5693,59,-9,-19,21.024,-115.35
17.5693,60,-22,-15,26.627,-145.71
17.5693,61,-13,-9,15.811,-145.3
17.5693,62,-27,-10,28.792,-159.68
17.5693,63,-9,-15,17.493,-120.96
17.6799,0,23,113,115.317,78.5
17.6799,1,17,0,17.0,0.0
17.6799,2,11,30,31.953,69.86
17.6799,3,-11,27,29.155,112.17
17.6799,4,8,22,23.409,70.02
17.6799,5,4,20,20.396,78.69
17.6799,6,10,22,24.166,65.56
17.6799,7,7,13,14.765,61.7
17.6799,8,2,9,9.22,77.47
17.6799,9,7,19,20.248,69.78
17.6799,10,13,13,18.385,45.0
17.6799,11,7,12,13.892,59.74
17.6799,12,9,17,19.235,62.1
17.6799,13,10,9,13.454,41.99
17.6799,14,11,10,14.866,42.27
17.6799,15,12,3,12.369,14.04
17.6799,16,8,8,11.314,45.0
17.6799,17,11,-5,12.083,-24.44
17.6799,18,13,11,17.029,40.24
17.6799,19,14,10,17.205,35.54
17.6799,20,8,9,12.042,48.37
17.6799,21,17,5,17.72,16.39
17.6799,22,15,-4,15.524,-14.93
17.6799,23,22,10,24.166,24.44
17.6799,24,20,2,20.1,5.71
17.6799,25,5,-10,11.18,-63.43
17.6799,26,2,-1,2.236,-26.57
17.6799,27,0,0,0.0,0.0
17.6799,28,0,0,0.0,0.0
17.6799,29,0,0,0.0,0.0
17.6799,30,0,0,0.0,0.0
17.6799,31,0,0,0.0,0.0
17.6799,32,0,0,0.0,0.0
17.6799,33,0,0,0.0,0.0
17.6799,34,0,0,0.0,0.0
17.6799,35,0,0,0.0,0.0
17.6799,36,0,0,0.0,0.0
17.6799,37,0,0,0.0,0.0
17.6799,38,-15,4,15.524,165.07
17.6799,39,-15,6,16.155,158.2
17.6799,40,-17,8,18.788,154.8
17.6799,41,-15,4,15.524,165.07
17.6799,42,-17,1,17.029,176.63
17.6799,43,-19,3,19.235,171.03
17.6799,44,-15,6,16.155,158.2
17.6799,45,-20,8,21.541,158.2
17.6799,46,-12,7,13.892,149.74
17.6799,47,-17,9,19.235,152.1
17.6799,48,-21,7,22.136,161.57
17.6799,49,-15,6,16.155,158.2
17.6799,50,-11,8,13.601,143.97
17.6799,51,-18,14,22.804,142.13
17.6799,52,-20,13,23.854,146.98
17.6799,53,-15,14,20.518,136.97
17.6799,54,-15,5,15.811,161.57
17.6799,55,-10,14,17.205,125.54
17.6799,56,-14,8,16.125,150.26
17.6799,57,-4,12,12.649,108.43
17.6799,58,-2,10,10.198,101.31
17.6799,59,-7,14,15.652,116.57
17.6799,60,-3,21,21.213,98.13
17.6799,61,7,10,12.207,55.01
17.6799,62,-16,31,34.886,117.3
17.6799,63,-17,7,18.385,157.62
17.6961,0,92,-63,111.503,-34.4
17.6961,1,21,0,21.0,0.0
17.6961,2,29,-33,43.932,-48.69
17.6961,3,2,-15,15.133,-82.41
17.6961,4,8,-15,17.0,-61.93
17.6961,5,15,-18,23.431,-50.19
17.6961,6,1,-15,15.033,-86.19
17.6961,7,2,-19,19.105,-83.99
17.6961,8,12,-17,20.809,-54.78
17.6961,9,11,-12,16.279,-47.49
17.6961,10,1,-17,17.029,-86.63
17.6961,11,0,-19,19.0,-90.0
17.6961,12,-4,-21,21.378,-100.78
17.6961,13,-8,-24,25.298,-108.43
17.6961,14,1,-35,35.014,-88.36
17.6961,15,8,-25,26.249,-72.26
17.6961,16,-15,-26,30.017,-119.98
17.6961,17,-6,-24,24.739,-104.04
17.6961,18,-4,-15,15.524,-104.93
17.6961,19,-5,-30,30.414,-99.46
17.6961,20,-4,-23,23.345,-99.87
17.6961,21,-7,-12,13.892,-120.26
17.6961,22,1,-21,21.024,-87.27
17.6961,23,-1,-17,17.029,-93.37
17.6961,24,-9,-24,25.632,-110.56
17.6961,25,-6,-23,23.77,-104.62
17.6961,26,1,-17,17.029,-86.63
17.6961,27,0,0,0.0,0.0
17.6961,28,0,0,0.0,0.0
17.6961,29,0,0,0.0,0.0
17.6961,30,0,0,0.0,0.0
17.6961,31,0,0,0.0,0.0
17.6961,32,0,0,0.0,0.0
17.6961,33,0,0,0.0,0.0
17.6961,34,0,0,0.0,0.0
17.6961,35,0,0,0.0,0.0
17.6961,36,0,0,0.0,0.0
17.6961,37,0,0,0.0,0.0
17.6961,38,24,-8,25.298,-18.43
17.6961,39,20,-5,20.616,-14.04
17.6961,40,14,-3,14.318,-12.09
17.6961,41,22,-3,22.204,-7.77
17.6961,42,13,-4,13.601,-17.1
17.6961,43,22,-9,23.77,-22.25
17.6961,44,17,-7,18.385,-22.38
17.6961,45,21,-5,21.587,-13.39
17.6961,46,20,-12,23.324,-30.96
17.6961,47,13,-10,16.401,-37.57
17.6961,48,19,-5,19.647,-14.74
17.6961,49,24,-6,24.739,-14.04
17.6961,50,24,-13,27.295,-28.44
17.6961,51,20,-19,27.586,-43.53
17.6961,52,11,-10,14.866,-42.27
17.6961,53,19,-20,27.586,-46.47
17.6961,54,10,-2,10.198,-11.31
17.6961,55,19,-7,20.248,-20.22
17.6961,56,21,-17,27.019,-38.99
17.6961,57,-2,1,2.236,153.43
17.6961,58,13,6,14.318,24.78
17.6961,59,-1,-5,5.099,-101.31
17.6961,60,-3,-9,9.487,-108.43
17.6961,61,32,-9,33.242,-15.71
17.6961,62,26,-45,51.971,-59.98
17.6961,63,46,-24,51.884,-27.55
17.8667,0,23,113,115.317,78.5
17.8667,1,17,0,17.0,0.0
17.8667,2,2,-24,24.083,-85.24
17.8667,3,32,-14,34.928,-23.63
17.8667,4,27,-11,29.155,-22.17
17.8667,5,4,-21,21.378,-79.22
17.8667,6,8,-26,27.203,-72.9
17.8667,7,0,-31,31.0,-90.0
17.8667,8,8,-30,31.048,-75.07
17.8667,9,10,-23,25.08,-66.5
17.8667,10,7,-27,27.893,-75.47
17.8667,11,4,-21,21.378,-79.22
17.8667,12,11,-32,33.838,-71.03
17.8667,13,0,-21,21.0,-90.0
17.8667,14,1,-20,20.025,-87.14
17.8667,15,6,-20,20.881,-73.3
17.8667,16,-6,-13,14.318,-114.78
17.8667,17,3,-29,29.155,-84.09
17.8667,18,-1,-26,26.019,-92.2
17.8667,19,-6,-21,21.84,-105.95
17.8667,20,3,-20,20.224,-81.47
17.8667,21,2,-12,12.166,-80.54
17.8667,22,0,-19,19.0,-90.0
17.8667,23,1,-20,20.025,-87.14
17.8667,24,-2,-17,17.117,-96.71
17.8667,25,2,-19,19.105,-83.99
17.8667,26,6,-12,13.416,-63.43
17.8667,27,0,0,0.0,0.0
17.8667,28,0,0,0.0,0.0
17.8667,29,0,0,0.0,0.0
17.8667,30,0,0,0.0,0.0
17.8667,31,0,0,0.0,0.0
17.8667,32,0,0,0.0,0.0
17.8667,33,0,0,0.0,0.0
17.8667,34,0,0,0.0,0.0
17.8667,35,0,0,0.0,0.0
17.8667,36,0,0,0.0,0.0
17.8667,37,0,0,0.0,0.0
17.8667,38,18,2,18.111,6.34
17.8667,39,16,4,16.492,14.04
17.8667,40,19,2,19.105,6.01
17.8667,41,18,5,18.682,15.52
17.8667,42,17,1,17.029,3.37
17.8667,43,15,0,15.0,0.0
17.8667,44,20,2,20.1,5.71
17.8667,45,18,3,18.248,9.46
17.8667,46,17,-6,18.028,-19.44
17.8667,47,22,3,22.204,7.77
17.8667,48,21,2,21.095,5.44
17.8667,49,15,0,15.0,0.0
17.8667,50,10,4,10.77,21.8
17.8667,51,17,2,17.117,6.71
17.8667,52,27,-2,27.074,-4.24
17.8667,53,12,-5,13.0,-22.62
17.8667,54,19,-5,19.647,-14.74
17.8667,55,17,4,17.464,13.24
17.8667,56,9,-2,9.22,-12.53
17.8667,57,23,-6,23.77,-14.62
17.8667,58,22,-14,26.077,-32.47
17.8667,59,14,-14,19.799,-45.0
17.8667,60,24,-14,27.785,-30.26
17.8667,61,27,-8,28.16,-16.5
17.8667,62,19,-1,19.026,-3.01
17.8667,63,-2,-26,26.077,-94.4
17.9727,0,23,113,115.317,78.5
17.9727,1,17,0,17.0,0.0
17.9727,2,-9,11,14.213,129.29
17.9727,3,-13,-5,13.928,-158.96
17.9727,4,5,19,19.647,75.26
17.9727,5,-22,17,27.803,142.31
17.9727,6,3,14,14.318,77.91
17.9727,7,-9,20,21.932,114.23
17.9727,8,8,25,26.249,72.26
17.9727,9,-2,16,16.125,97.13
17.9727,10,2,23,23.087,85.03
17.9727,11,11,19,21.954,59.93
17.9727,12,13,14,19.105,47.12
17.9727,13,0,8,8.0,90.0
17.9727,14,4,16,16.492,75.96
17.9727,15,9,11,14.213,50.71
17.9727,16,9,15,17.493,59.04
17.9727,17,5,13,13.928,68.96
17.9727,18,12,6,13.416,26.57
17.9727,19,8,14,16.125,60.26
17.9727,20,9,9,12.728,45.0
17.9727,21,20,11,22.825,28.81
17.9727,22,4,8,8.944,63.43
17.9727,23,19,7,20.248,20.22
17.9727,24,8,8,11.314,45.0
17.9727,25,18,4,18.439,12.53
17.9727,26,9,14,16.643,57.26
17.9727,27,0,0,0.0,0.0
17.9727,28,0,0,0.0,0.0
17.9727,29,0,0,0.0,0.0
17.9727,30,0,0,0.0,0.0
17.9727,31,0,0,0.0,0.0
17.9727,32,0,0,0.0,0.0
17.9727,33,0,0,0.0,0.0
17.9727,34,0,0,0.0,0.0
17.9727,35,0,0,0.0,0.0
17.9727,36,0,0,0.0,0.0
17.9727,37,0,0,0.0,0.0
17.9727,38,-17,-10,19.723,-149.53
17.9727,39,-8,-14,16.125,-119.74
17.9727,40,-10,-14,17.205,-125.54
17.9727,41,-13,-17,21.401,-127.41
17.9727,42,-15,-11,18.601,-143.75
17.9727,43,-12,-13,17.692,-132.71
17.9727,44,-20,-17,26.249,-139.64
17.9727,45,-15,-10,18.028,-146.31
17.9727,46,-18,-8,19.698,-156.04
17.9727,47,-21,-10,23.259,-154.54
17.9727,48,-14,-16,21.26,-131.19
17.9727,49,-27,-9,28.46,-161.57
17.9727,50,-16,-6,17.088,-159.44
17.9727,51,-16,-8,17.889,-153.43
17.9727,52,-23,-4,23.345,-170.13
17.9727,53,-17,-1,17.029,-176.63
17.9727,54,-18,2,18.111,173.66
17.9727,55,-14,-4,14.56,-164.05
17.9727,56,-16,-8,17.889,-153.43
17.9727,57,-21,17,27.019,141.01
17.9727,58,-18,4,18.439,167.47
17.9727,59,-20,11,22.825,151.19
17.9727,60,-13,19,23.022,124.38
17.9727,61,-21,23,31.145,132.4
17.9727,62,-33,-11,34.785,-161.57
17.9727,63,-16,2,16.125,172.87
18.0792,0,23,113,115.317,78.5
18.0792,1,17,0,17.0,0.0
18.0792,2,21,-6,21.84,-15.95
18.0792,3,10,-9,13.454,-41.99
18.0792,4,13,-11,17.029,-40.24
18.0792,5,22,8,23.409,19.98
18.0792,6,11,-3,11.402,-15.26
18.0792,7,18,-4,18.439,-12.53
18.0792,8,14,1,14.036,4.09
18.0792,9,11,-6,12.53,-28.61
18.0792,10,14,2,14.142,8.13
18.0792,11,26,13,29.069,26.57
18.0792,12,23,17,28.601,36.47
18.0792,13,8,19,20.616,67.17
18.0792,14,8,7,10.63,41.19
18.0792,15,3,8,8.544,69.44
18.0792,16,17,26,31.064,56.82
18.0792,17,5,3,5.831,30.96
18.0792,18,11,15,18.601,53.75
18.0792,19,17,4,17.464,13.24
18.0792,20,4,20,20.396,78.69
18.0792,21,7,15,16.553,64.98
18.0792,22,-2,18,18.111,96.34
18.0792,23,3,16,16.279,79.38
18.0792,24,7,18,19.313,68.75
18.0792,25,0,12,12.0,90.0
18.0792,26,-4,8,8.944,116.57
18.0792,27,0,0,0.0,0.0
18.0792,28,0,0,0.0,0.0
18.0792,29,0,0,0.0,0.0
18.0792,30,0,0,0.0,0.0
18.0792,31,0,0,0.0,0.0
18.0792,32,0,0,0.0,0.0
18.0792,33,0,0,0.0,0.0
18.0792,34,0,0,0.0,0.0
18.0792,35,0,0,0.0,0.0
18.0792,36,0,0,0.0,0.0
18.0792,37,0,0,0.0,0.0
18.0792,38,-10,-18,20.591,-119.05
18.0792,39,-6,-16,17.088,-110.56
18.0792,40,-5,-22,22.561,-102.8
18.0792,41,0,-17,17.0,-90.0
18.0792,42,2,-16,16.125,-82.87
18.0792,43,3,-12,12.369,-75.96
18.0792,44,-1,-16,16.031,-93.58
18.0792,45,6,-12,13.416,-63.43
18.0792,46,1,-18,18.028,-86.82
18.0792,47,9,-16,18.358,-60.64
18.0792,48,14,-14,19.799,-45.0
18.0792,49,12,-16,20.0,-53.13
18.0792,50,13,-12,17.692,-42.71
18.0792,51,13,-13,18.385,-45.0
18.0792,52,14,-8,16.125,-29.74
18.0792,53,22,-10,24.166,-24.44
18.0792,54,26,-18,31.623,-34.7
18.0792,55,8,-3,8.544,-20.56
18.0792,56,17,-5,17.72,-16.39
18.0792,57,21,-5,21.587,-13.39
18.0792,58,10,-12,15.62,-50.19
18.0792,59,29,-6,29.614,-11.69
18.0792,60,25,9,26.571,19.8
18.0792,61,2,-6,6.325,-71.57
18.0792,62,25,14,28.653,29.25
18.0792,63,44,-21,48.754,-25.51
18.5042,0,23,113,115.317,78.5
18.5042,1,17,0,17.0,0.0
18.5042,2,0,30,30.0,90.0
18.5042,3,-3,15,15.297,101.31
18.5042,4,2,16,16.125,82.87
18.5042,5,6,26,26.683,77.01
18.5042,6,22,20,29.732,42.27
18.5042,7,4,27,27.295,81.57
18.5042,8,9,10,13.454,48.01
18.5042,9,11,17,20.248,57.09
18.5042,10,8,22,23.409,70.02
18.5042,11,14,6,15.232,23.2
18.5042,12,13,22,25.554,59.42
18.5042,13,17,10,19.723,30.47
18.5042,14,10,19,21.471,62.24
18.5042,15,15,16,21.932,46.85
18.5042,16,12,9,15.0,36.87
18.5042,17,20,12,23.324,30.96
18.5042,18,12,19,22.472,57.72
18.5042,19,6,17,18.028,70.56
18.5042,20,12,12,16.971,45.0
18.5042,21,9,13,15.811,55.3
18.5042,22,12,5,13.0,22.62
18.5042,23,20,13,23.854,33.02
18.5042,24,7,9,11.402,52.13
18.5042,25,11,8,13.601,36.03
18.5042,26,10,11,14.866,47.73
18.5042,27,0,0,0.0,0.0
18.5042,28,0,0,0.0,0.0
18.5042,29,0,0,0.0,0.0
18.5042,30,0,0,0.0,0.0
18.5042,31,0,0,0.0,0.0
18.5042,32,0,0,0.0,0.0
18.5042,33,0,0,0.0,0.0
18.5042,34,0,0,0.0,0.0
18.5042,35,0,0,0.0,0.0
18.5042,36,0,0,0.0,0.0
18.5042,37,0,0,0.0,0.0
18.5042,38,-4,25,25.318,99.09
18.5042,39,-5,8,9.434,122.01
18.5042,40,-10,10,14.142,135.0
18.5042,41,-4,17,17.464,103.24
18.5042,42,-9,18,20.125,116.57
18.5042,43,-1,18,18.028,93.18
18.5042,44,-1,22,22.023,92.6
18.5042,45,-3,20,20.224,98.53
18.5042,46,-4,23,23.345,99.87
18.5042,47,-6,22,22.804,105.26
18.5042,48,-7,16,17.464,113.63
18.5042,49,-6,23,23.77,104.62
18.5042,50,-1,19,19.026,93.01
18.5042,51,-10,19,21.471,117.76
18.5042,52,-3,14,14.318,102.09
18.5042,53,3,23,23.195,82.57
18.5042,54,4,12,12.649,71.57
18.5042,55,-6,22,22.804,105.26
18.5042,56,-9,17,19.235,117.9
18.5042,57,-3,18,18.248,99.46
18.5042,58,0,28,28.0,90.0
18.5042,59,12,18,21.633,56.31
18.5042,60,-10,22,24.166,114.44
18.5042,61,-4,16,16.492,104.04
18.5042,62,12,15,19.209,51.34
18.5042,63,-4,9,9.849,113.96
18.6804,0,92,-63,111.503,-34.4
18.6804,1,21,0,21.0,0.0
18.6804,2,-5,-25,25.495,-101.31
18.6804,3,-17,-32,36.235,-117.98
18.6804,4,-14,-2,14.142,-171.87
18.6804,5,-9,-10,13.454,-131.99
18.6804,6,-14,-29,32.202,-115.77
18.6804,7,-5,-14,14.866,-109.65
18.6804,8,-17,-14,22.023,-140.53
18.6804,9,-10,-17,19.723,-120.47
18.6804,10,-16,-19,24.839,-130.1
18.6804,11,-20,-26,32.802,-127.57
18.6804,12,-6,-22,22.804,-105.26
18.6804,13,-28,-26,38.21,-137.12
18.6804,14,-19,-20,27.586,-133.53
18.6804,15,-21,-24,31.89,-131.19
18.6804,16,-21,-18,27.659,-139.4
18.6804,17,-2,-23,23.087,-94.97
18.6804,18,-4,-28,28.284,-98.13
18.6804,19,-7,-18,19.313,-111.25
18.6804,20,-12,-16,20.0,-126.87
18.6804,21,-2,-24,24.083,-94.76
18.6804,22,-9,-18,20.125,-116.57
18.6804,23,1,-19,19.026,-86.99
18.6804,24,-7,-25,25.962,-105.64
18.6804,25,-3,-12,12.369,-104.04
18.6804,26,-3,-15,15.297,-101.31
18.6804,27,0,0,0.0,0.0
18.6804,28,0,0,0.0,0.0
18.6804,29,0,0,0.0,0.0
18.6804,30,0,0,0.0,0.0
18.6804,31,0,0,0.0,0.0
18.6804,32,0,0,0.0,0.0
18.6804,33,0,0,0.0,0.0
18.6804,34,0,0,0.0,0.0
18.6804,35,0,0,0.0,0.0
18.6804,36,0,0,0.0,0.0
18.6804,37,0,0,0.0,0.0
18.6804,38,-17,-17,24.042,-135.0
18.6804,39,-10,-9,13.454,-138.01
18.6804,40,-10,-15,18.028,-123.69
18.6804,41,-19,-11,21.954,-149.93
18.6804,42,-15,-21,25.807,-125.54
18.6804,43,-14,-13,19.105,-137.12
18.6804,44,-8,-14,16.125,-119.74
18.6804,45,-10,-13,16.401,-127.57
18.6804,46,-21,-12,24.187,-150.26
18.6804,47,-15,-18,23.431,-129.81
18.6804,48,-12,-9,15.0,-143.13
18.6804,49,-8,-20,21.541,-111.8
18.6804,50,-15,-18,23.431,-129.81
18.6804,51,-2,-8,8.246,-104.04
18.6804,52,-7,-21,22.136,-108.43
18.6804,53,-16,-21,26.401,-127.3
18.6804,54,-16,-14,21.26,-138.81
18.6804,55,-11,-16,19.416,-124.51
18.6804,56,-15,-17,22.672,-131.42
18.6804,57,-4,-30,30.265,-97.59
18.6804,58,-5,-25,25.495,-101.31
18.6804,59,-4,-24,24.331,-99.46
18.6804,60,-16,-28,32.249,-119.74
18.6804,61,-19,-9,21.024,-154.65
18.6804,62,-19,-19,26.87,-135.0
18.6804,63,-10,-33,34.482,-106.86
18.82,0,23,113,115.317,78.5
18.82,1,17,0,17.0,0.0
18.82,2,-7,22,23.087,107.65
18.82,3,4,13,13.601,72.9
18.82,4,16,16,22.627,45.0
18.82,5,11,32,33.838,71.03
18.82,6,-2,3,3.606,123.69
18.82,7,-3,21,21.213,98.13
18.82,8,11,15,18.601,53.75
18.82,9,0,28,28.0,90.0
18.82,10,13,19,23.022,55.62
18.82,11,10,24,26.0,67.38
18.82,12,6,13,14.318,65.22
18.82,13,16,17,23.345,46.74
18.82,14,14,21,25.239,56.31
18.82,15,13,14,19.105,47.12
18.82,16,11,15,18.601,53.75
18.82,17,7,12,13.892,59.74
18.82,18,13,15,19.849,49.09
18.82,19,15,15,21.213,45.0
18.82,20,14,13,19.105,42.88
18.82,21,16,8,17.889,26.57
18.82,22,11,4,11.705,19.98
18.82,23,9,4,9.849,23.96
18.82,24,14,3,14.318,12.09
18.82,25,6,13,14.318,65.22
18.82,26,10,11,14.866,47.73
18.82,27,0,0,0.0,0.0
18.82,28,0,0,0.0,0.0
18.82,29,0,0,0.0,0.0
18.82,30,0,0,0.0,0.0
18.82,31,0,0,0.0,0.0
18.82,32,0,0,0.0,0.0
18.82,33,0,0,0.0,0.0
18.82,34,0,0,0.0,0.0
18.82,35,0,0,0.0,0.0
18.82,36,0,0,0.0,0.0
18.82,37,0,0,0.0,0.0
18.82,38,-13,10,16.401,142.43
18.82,39,-16,2,16.125,172.87
18.82,40,-10,8,12.806,141.34
18.82,41,-8,5,9.434,147.99
18.82,42,-15,9,17.493,149.04
18.82,43,-15,15,21.213,135.0
18.82,44,-19,8,20.616,157.17
18.82,45,-20,7,21.19,160.71
18.82,46,-14,11,17.804,141.84
18.82,47,-17,11,20.248,147.09
18.82,48,-17,18,24.759,133.36
18.82,49,-23,13,26.42,150.52
18.82,50,-17,13,21.401,142.59
18.82,51,-16,10,18.868,147.99
18.82,52,-16,10,18.868,147.99
18.82,53,-10,18,20.591,119.05
18.82,54,-13,15,19.849,130.91
18.82,55,-14,13,19.105,137.12
18.82,56,-12,14,18.439,130.6
18.82,57,-17,19,25.495,131.82
18.82,58,-18,9,20.125,153.43
18.82,59,6,12,13.416,63.43
18.82,60,-1,18,18.028,93.18
18.82,61,-15,21,25.807,125.54
18.82,62,17,4,17.464,13.24
18.82,63,-3,22,22.204,97.77
19.0055,0,23,113,115.317,78.5
19.0055,1,17,0,17.0,0.0
19.0055,2,-18,-16,24.083,-138.37
19.0055,3,-14,-14,19.799,-135.0
19.0055,4,-19,-16,24.839,-139.9
19.0055,5,-20,-14,24.413,-145.01
19.0055,6,-13,-5,13.928,-158.96
19.0055,7,-24,-3,24.187,-172.87
19.0055,8,-7,21,22.136,108.43
19.0055,9,-33,-16,36.674,-154.13
19.0055,10,-9,-14,16.643,-122.74
19.0055,11,-10,-7,12.207,-145.01
19.0055,12,-18,5,18.682,164.48
19.0055,13,-22,4,22.361,169.7
19.0055,14,-31,-1,31.016,-178.15
19.0055,15,-20,-3,20.224,-171.47
19.0055,16,-29,6,29.614,168.31
19.0055,17,-12,-4,12.649,-161.57
19.0055,18,-15,-5,15.811,-161.57
19.0055,19,-27,1,27.019,177.88
19.0055,20,-20,0,20.0,180.0
19.0055,21,-16,7,17.464,156.37
19.0055,22,-25,0,25.0,180.0
19.0055,23,-14,4,14.56,164.05
19.0055,24,-17,-1,17.029,-176.63
19.0055,25,-15,-4,15.524,-165.07
19.0055,26,-16,1,16.031,176.42
19.0055,27,0,0,0.0,0.0
19.0055,28,0,0,0.0,0.0
19.0055,29,0,0,0.0,0.0
19.0055,30,0,0,0.0,0.0
19.0055,31,0,0,0.0,0.0
19.0055,32,0,0,0.0,0.0
19.0055,33,0,0,0.0,0.0
19.0055,34,0,0,0.0,0.0
19.0055,35,0,0,0.0,0.0
19.0055,36,0,0,0.0,0.0
19.0055,37,0,0,0.0,0.0
19.0055,38,0,-18,18.0,-90.0
19.0055,39,4,-18,18.439,-77.47
19.0055,40,3,-20,20.224,-81.47
19.0055,41,8,-17,18.788,-64.8
19.0055,42,9,-14,16.643,-57.26
19.0055,43,5,-15,15.811,-71.57
19.0055,44,5,-20,20.616,-75.96
19.0055,45,8,-18,19.698,-66.04
19.0055,46,2,-20,20.1,-84.29
19.0055,47,5,-21,21.587,-76.61
19.0055,48,4,-17,17.464,-76.76
19.0055,49,5,-19,19.647,-75.26
19.0055,50,2,-24,24.083,-85.24
19.0055,51,5,-17,17.72,-73.61
19.0055,52,1,-16,16.031,-86.42
19.0055,53,1,-20,20.025,-87.14
19.0055,54,-1,-21,21.024,-92.73
19.0055,55,-7,-28,28.862,-104.04
19.0055,56,-2,-18,18.111,-96.34
19.0055,57,-3,-17,17.263,-100.01
19.0055,58,-6,-10,11.662,-120.96
19.0055,59,-12,-22,25.06,-118.61
19.0055,60,-20,-30,36.056,-123.69
19.0055,61,-9,-12,15.0,-126.87
19.0055,62,-8,-12,14.422,-123.69
19.0055,63,-10,-23,25.08,-113.5
19.1337,0,23,113,115.317,78.5
19.1337,1,17,0,17.0,0.0
19.1337,2,7,-13,14.765,-61.7
19.1337,3,-6,-19,19.925,-107.53
19.1337,4,28,-21,35.0,-36.87
19.1337,5,6,-12,13.416,-63.43
19.1337,6,17,-34,38.013,-63.43
19.1337,7,9,-22,23.77,-67.75
19.1337,8,8,-17,18.788,-64.8
19.1337,9,-1,-16,16.031,-93.58
19.1337,10,3,-22,22.204,-82.23
19.1337,11,3,-26,26.173,-83.42
19.1337,12,6,-20,20.881,-73.3
19.1337,13,12,-21,24.187,-60.26
19.1337,14,8,-21,22.472,-69.15
19.1337,15,11,-16,19.416,-55.49
19.1337,16,1,-30,30.017,-88.09
19.1337,17,3,-17,17.263,-79.99
19.1337,18,5,-28,28.443,-79.88
19.1337,19,9,-17,19.235,-62.1
19.1337,20,3,-17,17.263,-79.99
19.1337,21,8,-23,24.352,-70.82
19.1337,22,9,-29,30.364,-72.76
19.1337,23,4,-23,23.345,-80.13
19.1337,24,8,-21,22.472,-69.15
19.1337,25,12,-19,22.472,-57.72
19.1337,26,10,-13,16.401,-52.43
19.1337,27,0,0,0.0,0.0
19.1337,28,0,0,0.0,0.0
19.1337,29,0,0,0.0,0.0
19.1337,30,0,0,0.0,0.0
19.1337,31,0,0,0.0,0.0
19.1337,32,0,0,0.0,0.0
19.1337,33,0,0,0.0,0.0
19.1337,34,0,0,0.0,0.0
19.1337,35,0,0,0.0,0.0
19.1337,36,0,0,0.0,0.0
19.1337,37,0,0,0.0,0.0
19.1337,38,15,-8,17.0,-28.07
19.1337,39,16,-8,17.889,-26.57
19.1337,40,15,-8,17.0,-28.07
19.1337,41,17,-5,17.72,-16.39
19.1337,42,19,-4,19.416,-11.89
19.1337,43,11,-5,12.083,-24.44
19.1337,44,19,-7,20.248,-20.22
19.1337,45,14,-4,14.56,-15.95
19.1337,46,18,-13,22.204,-35.84
19.1337,47,20,-2,20.1,-5.71
19.1337,48,20,-12,23.324,-30.96
19.1337,49,22,-13,25.554,-30.58
19.1337,50,11,-6,12.53,-28.61
19.1337,51,12,-8,14.422,-33.69
19.1337,52,19,-15,24.207,-38.29
19.1337,53,19,-3,19.235,-8.97
19.1337,54,23,-7,24.042,-16.93
19.1337,55,10,-5,11.18,-26.57
19.1337,56,10,0,10.0,0.0
19.1337,57,18,-12,21.633,-33.69
19.1337,58,22,-10,24.166,-24.44
19.1337,59,7,-24,25.0,-73.74
19.1337,60,21,-15,25.807,-35.54
19.1337,61,9,-5,10.296,-29.05
19.1337,62,17,-10,19.723,-30.47
19.1337,63,14,-28,31.305,-63.43
19.3194,0,23,113,115.317,78.5
19.3194,1,17,0,17.0,0.0
19.3194,2,14,-26,29.53,-61.7
19.3194,3,9,-14,16.643,-57.26
19.3194,4,4,-1,4.123,-14.04
19.3194,5,4,-5,6.403,-51.34
19.3194,6,13,8,15.264,31.61
19.3194,7,25,-6,25.71,-13.5
19.3194,8,14,-1,14.036,-4.09
19.3194,9,22,3,22.204,7.77
19.3194,10,19,2,19.105,6.01
19.3194,11,17,2,17.117,6.71
19.3194,12,16,10,18.868,32.01
19.3194,13,18,5,18.682,15.52
19.3194,14,16,12,20.0,36.87
19.3194,15,18,10,20.591,29.05
19.3194,16,11,6,12.53,28.61
19.3194,17,17,18,24.759,46.64
19.3194,18,6,15,16.155,68.2
19.3194,19,12,6,13.416,26.57
19.3194,20,8,15,17.0,61.93
19.3194,21,7,7,9.899,45.0
19.3194,22,5,8,9.434,57.99
19.3194,23,6,15,16.155,68.2
19.3194,24,6,21,21.84,74.05
19.3194,25,-2,20,20.1,95.71
19.3194,26,-3,13,13.342,102.99
19.3194,27,0,0,0.0,0.0
19.3194,28,0,0,0.0,0.0
19.3194,29,0,0,0.0,0.0
19.3194,30,0,0,0.0,0.0
19.3194,31,0,0,0.0,0.0
19.3194,32,0,0,0.0,0.0
19.3194,33,0,0,0.0,0.0
19.3194,34,0,0,0.0,0.0
19.3194,35,0,0,0.0,0.0
19.3194,36,0,0,0.0,0.0
19.3194,37,0,0,0.0,0.0
19.3194,38,-15,-7,16.553,-154.98
19.3194,39,-14,-13,19.105,-137.12
19.3194,40,-13,-8,15.264,-148.39
19.3194,41,-9,-8,12.042,-138.37
19.3194,42,-8,-13,15.264,-121.61
19.3194,43,-9,-20,21.932,-114.23
19.3194,44,-3,-17,17.263,-100.01
19.3194,45,-7,-12,13.892,-120.26
19.3194,46,-3,-12,12.369,-104.04
19.3194,47,0,-10,10.0,-90.0
19.3194,48,0,-15,15.0,-90.0
19.3194,49,5,-9,10.296,-60.95
19.3194,50,2,-10,10.198,-78.69
19.3194,51,5,-16,16.763,-72.65
19.3194,52,4,-17,17.464,-76.76
19.3194,53,7,-17,18.385,-67.62
19.3194,54,7,-13,14.765,-61.7
19.3194,55,0,-21,21.0,-90.0
19.3194,56,4,-11,11.705,-70.02
19.3194,57,15,-16,21.932,-46.85
19.3194,58,7,-9,11.402,-52.13
19.3194,59,10,-12,15.62,-50.19
19.3194,60,3,-8,8.544,-69.44
19.3194,61,10,-2,10.198,-11.31
19.3194,62,35,-14,37.696,-21.8
19.3194,63,18,-16,24.083,-41.63
19.4146,0,23,113,115.317,78.5
19.4146,1,17,0,17.0,0.0
19.4146,2,-6,-7,9.22,-130.6
19.4146,3,-23,-8,24.352,-160.82
19.4146,4,-33,12,35.114,160.02
19.4146,5,-21,12,24.187,150.26
19.4146,6,-5,9,10.296,119.05
19.4146,7,-29,8,30.083,164.58
19.4146,8,-26,5,26.476,169.11
19.4146,9,-14,16,21.26,131.19
19.4146,10,-11,13,17.029,130.24
19.4146,11,-24,12,26.833,153.43
19.4146,12,-25,13,28.178,152.53
19.4146,13,-23,5,23.537,167.74
19.4146,14,-5,18,18.682,105.52
19.4146,15,-17,15,22.672,138.58
19.4146,16,-21,11,23.707,152.35
19.4146,17,-23,14,26.926,148.67
19.4146,18,-16,5,16.763,162.65
19.4146,19,-16,7,17.464,156.37
19.4146,20,-17,12,20.809,144.78
19.4146,21,-18,8,19.698,156.04
19.4146,22,-24,8,25.298,161.57
19.4146,23,-22,4,22.361,169.7
19.4146,24,-25,6,25.71,166.5
19.4146,25,-15,10,18.028,146.31
19.4146,26,-16,6,17.088,159.44
19.4146,27,0,0,0.0,0.0
19.4146,28,0,0,0.0,0.0
19.4146,29,0,0,0.0,0.0
19.4146,30,0,0,0.0,0.0
19.4146,31,0,0,0.0,0.0
19.4146,32,0,0,0.0,0.0
19.4146,33,0,0,0.0,0.0
19.4146,34,0,0,0.0,0.0
19.4146,35,0,0,0.0,0.0
19.4146,36,0,0,0.0,0.0
19.4146,37,0,0,0.0,0.0
19.4146,38,-5,14,14.866,109.65
19.4146,39,-10,19,21.471,117.76
19.4146,40,-8,17,18.788,115.2
19.4146,41,-17,12,20.809,144.78
19.4146,42,-18,8,19.698,156.04
19.4146,43,-25,3,25.179,173.16
19.4146,44,-19,5,19.647,165.26
19.4146,45,-19,6,19.925,162.47
19.4146,46,-16,3,16.279,169.38
19.4146,47,-23,4,23.345,170.13
19.4146,48,-21,8,22.472,159.15
19.4146,49,-18,9,20.125,153.43
19.4146,50,-21,9,22.847,156.8
19.4146,51,-19,2,19.105,173.99
19.4146,52,-23,1,23.022,177.51
19.4146,53,-14,11,17.804,141.84
19.4146,54,-28,3,28.16,173.88
19.4146,55,-27,0,27.0,180.0
19.4146,56,-25,8,26.249,162.26
19.4146,57,-24,12,26.833,153.43
19.4146,58,-20,12,23.324,149.04
19.4146,59,-18,16,24.083,138.37
19.4146,60,-22,13,25.554,149.42
19.4146,61,-30,9,31.321,163.3
19.4146,62,-5,5,7.071,135.0
19.4146,63,-14,-8,16.125,-150.26
19.51,0,23,113,115.317,78.5
19.51,1,17,0,17.0,0.0
19.51,2,-14,5,14.866,160.35
19.51,3,-20,28,34.409,125.54
19.51,4,-29,19,34.67,146.77
19.51,5,-1,20,20.025,92.86
19.51,6,-21,26,33.422,128.93
19.51,7,-15,12,19.209,141.34
19.51,8,-4,4,5.657,135.0
19.51,9,-3,8,8.544,110.56
19.51,10,4,25,25.318,80.91
19.51,11,-6,20,20.881,106.7
19.51,12,-7,19,20.248,110.22
19.51,13,2,26,26.077,85.6
19.51,14,2,17,17.117,83.29
19.51,15,0,17,17.0,90.0
19.51,16,0,18,18.0,90.0
19.51,17,6,9,10.817,56.31
19.51,18,8,20,21.541,68.2
19.51,19,8,10,12.806,51.34
19.51,20,10,22,24.166,65.56
19.51,21,11,12,16.279,47.49
19.51,22,4,15,15.524,75.07
19.51,23,11,15,18.601,53.75
19.51,24,10,5,11.18,26.57
19.51,25,7,7,9.899,45.0
19.51,26,10,10,14.142,45.0
19.51,27,0,0,0.0,0.0
19.51,28,0,0,0.0,0.0
19.51,29,0,0,0.0,0.0
19.51,30,0,0,0.0,0.0
19.51,31,0,0,0.0,0.0
19.51,32,0,0,0.0,0.0
19.51,33,0,0,0.0,0.0
19.51,34,0,0,0.0,0.0
19.51,35,0,0,0.0,0.0
19.51,36,0,0,0.0,0.0
19.51,37,0,0,0.0,0.0
19.51,38,-3,-11,11.402,-105.26
19.51,39,0,-15,15.0,-90.0
19.51,40,-3,-17,17.263,-100.01
19.51,41,-5,-15,15.811,-108.43
19.51,42,-7,-16,17.464,-113.63
19.51,43,-7,-20,21.19,-109.29
19.51,44,-7,-12,13.892,-120.26
19.51,45,-6,-18,18.974,-108.43
19.51,46,-11,-15,18.601,-126.25
19.51,47,-6,-17,18.028,-109.44
19.51,48,-15,-13,19.849,-139.09
19.51,49,-11,-12,16.279,-132.51
19.51,50,-10,-10,14.142,-135.0
19.51,51,-15,-5,15.811,-161.57
19.51,52,-18,-6,18.974,-161.57
19.51,53,-15,-7,16.553,-154.98
19.51,54,-27,0,27.0,180.0
19.51,55,-10,-6,11.662,-149.04
19.51,56,-17,0,17.0,180.0
19.51,57,-13,-2,13.153,-171.25
19.51,58,-13,0,13.0,180.0
19.51,59,-15,11,18.601,143.75
19.51,60,-23,0,23.0,180.0
19.51,61,-40,23,46.141,150.1
19.51,62,-31,-14,34.015,-155.7
19.51,63,-3,6,6.708,116.57
19.8267,0,28,-64,69.857,-66.37
19.8267,1,1,0,1.0,0.0
19.8267,2,21,-14,25.239,-33.69
19.8267,3,22,-14,26.077,-32.47
19.8267,4,21,-14,25.239,-33.69
19.8267,5,21,-14,25.239,-33.69
19.8267,6,19,-14,23.601,-36.38
19.8267,7,18,-14,22.804,-37.87
19.8267,8,18,-14,22.804,-37.87
19.8267,9,17,-15,22.672,-41.42
19.8267,10,16,-16,22.627,-45.0
19.8267,11,16,-17,23.345,-46.74
19.8267,12,15,-16,21.932,-46.85
19.8267,13,15,-16,21.932,-46.85
19.8267,14,15,-17,22.672,-48.58
19.8267,15,15,-16,21.932,-46.85
19.8267,16,15,-16,21.932,-46.85
19.8267,17,15,-16,21.932,-46.85
19.8267,18,16,-16,22.627,-45.0
19.8267,19,15,-15,21.213,-45.0
19.8267,20,15,-14,20.518,-43.03
19.8267,21,15,-13,19.849,-40.91
19.8267,22,15,-11,18.601,-36.25
19.8267,23,15,-11,18.601,-36.25
19.8267,24,15,-10,18.028,-33.69
19.8267,25,15,-9,17.493,-30.96
19.8267,26,16,-8,17.889,-26.57
19.8267,27,0,0,0.0,0.0
19.8267,28,0,0,0.0,0.0
19.8267,29,0,0,0.0,0.0
19.8267,30,0,0,0.0,0.0
19.8267,31,0,0,0.0,0.0
19.8267,32,0,0,0.0,0.0
19.8267,33,0,0,0.0,0.0
19.8267,34,0,0,0.0,0.0
19.8267,35,0,0,0.0,0.0
19.8267,36,0,0,0.0,0.0
19.8267,37,0,0,0.0,0.0
19.8267,38,13,-13,18.385,-45.0
19.8267,39,15,-12,19.209,-38.66
19.8267,40,16,-12,20.0,-36.87
19.8267,41,17,-11,20.248,-32.91
19.8267,42,18,-10,20.591,-29.05
19.8267,43,19,-10,21.471,-27.76
19.8267,44,20,-9,21.932,-24.23
19.8267,45,21,-9,22.847,-23.2
19.8267,46,21,-8,22.472,-20.85
19.8267,47,22,-8,23.409,-19.98
19.8267,48,23,-8,24.352,-19.18
19.8267,49,23,-8,24.352,-19.18
19.8267,50,23,-8,24.352,-19.18
19.8267,51,22,-7,23.087,-17.65
19.8267,52,22,-7,23.087,-17.65
19.8267,53,22,-8,23.409,-19.98
19.8267,54,22,-8,23.409,-19.98
19.8267,55,22,-8,23.409,-19.98
19.8267,56,22,-10,24.166,-24.44
19.8267,57,22,-10,24.166,-24.44
19.8267,58,22,-11,24.597,-26.57
19.8267,59,22,-11,24.597,-26.57
19.8267,60,22,-12,25.06,-28.61
19.8267,61,23,-13,26.42,-29.48
19.8267,62,22,-14,26.077,-32.47
19.8267,63,23,-14,26.926,-31.33
19.8469,0,23,113,115.317,78.5
19.8469,1,17,0,17.0,0.0
19.8469,2,18,27,32.45,56.31
19.8469,3,30,9,31.321,16.7
19.8469,4,28,16,32.249,29.74
19.8469,5,14,10,17.205,35.54
19.8469,6,13,18,22.204,54.16
19.8469,7,13,11,17.029,40.24
19.8469,8,10,13,16.401,52.43
19.8469,9,8,10,12.806,51.34
19.8469,10,12,13,17.692,47.29
19.8469,11,8,12,14.422,56.31
19.8469,12,20,16,25.612,38.66
19.8469,13,4,24,24.331,80.54
19.8469,14,11,19,21.954,59.93
19.8469,15,10,17,19.723,59.53
19.8469,16,11,22,24.597,63.43
19.8469,17,4,16,16.492,75.96
19.8469,18,11,16,19.416,55.49
19.8469,19,0,15,15.0,90.0
19.8469,20,2,18,18.111,83.66
19.8469,21,5,13,13.928,68.96
19.8469,22,-5,20,20.616,104.04
19.8469,23,-4,18,18.439,102.53
19.8469,24,-4,20,20.396,101.31
19.8469,25,-1,12,12.042,94.76
19.8469,26,1,17,17.029,86.63
19.8469,27,0,0,0.0,0.0
19.8469,28,0,0,0.0,0.0
19.8469,29,0,0,0.0,0.0
19.8469,30,0,0,0.0,0.0
19.8469,31,0,0,0.0,0.0
19.8469,32,0,0,0.0,0.0
19.8469,33,0,0,0.0,0.0
19.8469,34,0,0,0.0,0.0
19.8469,35,0,0,0.0,0.0
19.8469,36,0,0,0.0,0.0
19.8469,37,0,0,0.0,0.0
19.8469,38,10,-11,14.866,-47.73
19.8469,39,15,-11,18.601,-36.25
19.8469,40,12,-10,15.62,-39.81
19.8469,41,13,-7,14.765,-28.3
19.8469,42,13,-8,15.264,-31.61
19.8469,43,15,-8,17.0,-28.07
19.8469,44,14,-4,14.56,-15.95
19.8469,45,16,-8,17.889,-26.57
19.8469,46,17,-2,17.117,-6.71
19.8469,47,20,0,20.0,0.0
19.8469,48,13,-1,13.038,-4.4
19.8469,49,23,1,23.022,2.49
19.8469,50,16,1,16.031,3.58
19.8469,51,19,3,19.235,8.97
19.8469,52,14,0,14.0,0.0
19.8469,53,16,-2,16.125,-7.13
19.8469,54,23,-1,23.022,-2.49
19.8469,55,17,5,17.72,16.39
19.8469,56,10,9,13.454,41.99
19.8469,57,25,6,25.71,13.5
19.8469,58,40,-5,40.311,-7.13
19.8469,59,30,0,30.0,0.0
19.8469,60,6,-3,6.708,-26.57
19.8469,61,17,23,28.601,53.53
19.8469,62,25,24,34.655,43.83
19.8469,63,25,9,26.571,19.8
19.8841,0,28,-64,69.857,-66.37
19.8841,1,1,0,1.0,0.0
19.8841,2,0,-18,18.0,-90.0
19.8841,3,0,-18,18.0,-90.0
19.8841,4,1,-17,17.029,-86.63
19.8841,5,0,-17,17.0,-90.0
19.8841,6,0,-17,17.0,-90.0
19.8841,7,-1,-16,16.031,-93.58
19.8841,8,-1,-16,16.031,-93.58
19.8841,9,-1,-16,16.031,-93.58
19.8841,10,-2,-16,16.125,-97.13
19.8841,11,-3,-16,16.279,-100.62
19.8841,12,-3,-15,15.297,-101.31
19.8841,13,-3,-15,15.297,-101.31
19.8841,14,-4,-15,15.524,-104.93
19.8841,15,-3,-15,15.297,-101.31
19.8841,16,-3,-15,15.297,-101.31
19.8841,17,-3,-15,15.297,-101.31
19.8841,18,-3,-15,15.297,-101.31
19.8841,19,-2,-15,15.133,-97.59
19.8841,20,-2,-14,14.142,-98.13
19.8841,21,-1,-14,14.036,-94.09
19.8841,22,-1,-13,13.038,-94.4
19.8841,23,-1,-13,13.038,-94.4
19.8841,24,0,-13,13.0,-90.0
19.8841,25,1,-12,12.042,-85.24
19.8841,26,2,-12,12.166,-80.54
19.8841,27,0,0,0.0,0.0
19.8841,28,0,0,0.0,0.0
19.8841,29,0,0,0.0,0.0
19.8841,30,0,0,0.0,0.0
19.8841,31,0,0,0.0,0.0
19.8841,32,0,0,0.0,0.0
19.8841,33,0,0,0.0,0.0
19.8841,34,0,0,0.0,0.0
19.8841,35,0,0,0.0,0.0
19.8841,36,0,0,0.0,0.0
19.8841,37,0,0,0.0,0.0
19.8841,38,-1,-14,14.036,-94.09
19.8841,39,0,-14,14.0,-90.0
19.8841,40,0,-15,15.0,-90.0
19.8841,41,1,-15,15.033,-86.19
19.8841,42,2,-15,15.133,-82.41
19.8841,43,3,-15,15.297,-78.69
19.8841,44,3,-16,16.279,-79.38
19.8841,45,4,-16,16.492,-75.96
19.8841,46,4,-16,16.492,-75.96
19.8841,47,5,-16,16.763,-72.65
19.8841,48,5,-17,17.72,-73.61
19.8841,49,5,-16,16.763,-72.65
19.8841,50,5,-16,16.763,-72.65
19.8841,51,5,-16,16.763,-72.65
19.8841,52,5,-16,16.763,-72.65
19.8841,53,5,-17,17.72,-73.61
19.8841,54,5,-16,16.763,-72.65
19.8841,55,5,-16,16.763,-72.65
19.8841,56,4,-17,17.464,-76.76
19.8841,57,3,-17,17.263,-79.99
19.8841,58,3,-17,17.263,-79.99
19.8841,59,3,-17,17.263,-79.99
19.8841,60,3,-17,17.263,-79.99
19.8841,61,2,-19,19.105,-83.99
19.8841,62,1,-18,18.028,-86.82
19.8841,63,2,-18,18.111,-83.66
19.9739,0,92,-63,111.503,-34.4
19.9739,1,21,0,21.0,0.0
19.9739,2,-11,7,13.038,147.53
19.9739,3,4,27,27.295,81.57
19.9739,4,-9,0,9.0,180.0
19.9739,5,-10,18,20.591,119.05
19.9739,6,4,16,16.492,75.96
19.9739,7,-1,19,19.026,93.01
19.9739,8,0,25,25.0,90.0
19.9739,9,-10,14,17.205,125.54
19.9739,10,4,11,11.705,70.02
19.9739,11,-1,22,22.023,92.6
19.9739,12,-3,20,20.224,98.53
19.9739,13,-1,24,24.021,92.39
19.9739,14,-3,24,24.187,97.13
19.9739,15,-4,15,15.524,104.93
19.9739,16,-1,21,21.024,92.73
19.9739,17,3,16,16.279,79.38
19.9739,18,-1,14,14.036,94.09
19.9739,19,-2,23,23.087,94.97
19.9739,20,-3,22,22.204,97.77
19.9739,21,-3,22,22.204,97.77
19.9739,22,2,13,13.153,81.25
19.9739,23,0,14,14.0,90.0
19.9739,24,2,14,14.142,81.87
19.9739,25,-5,18,18.682,105.52
19.9739,26,-5,12,13.0,112.62
19.9739,27,0,0,0.0,0.0
19.9739,28,0,0,0.0,0.0
19.9739,29,0,0,0.0,0.0
19.9739,30,0,0,0.0,0.0
19.9739,31,0,0,0.0,0.0
19.9739,32,0,0,0.0,0.0
19.9739,33,0,0,0.0,0.0
19.9739,34,0,0,0.0,0.0
19.9739,35,0,0,0.0,0.0
19.9739,36,0,0,0.0,0.0
19.9739,37,0,0,0.0,0.0
19.9739,38,-6,12,13.416,116.57
19.9739,39,-11,8,13.601,143.97
19.9739,40,-10,11,14.866,132.27
19.9739,41,-10,15,18.028,123.69
19.9739,42,-12,8,14.422,146.31
19.9739,43,-12,6,13.416,153.43
19.9739,44,-13,9,15.811,145.3
19.9739,45,-17,9,19.235,152.1
19.9739,46,-12,10,15.62,140.19
19.9739,47,-10,10,14.142,135.0
19.9739,48,-15,13,19.849,139.09
19.9739,49,-16,20,25.612,128.66
19.9739,50,-14,13,19.105,137.12
19.9739,51,-10,12,15.62,129.81
19.9739,52,-5,12,13.0,112.62
19.9739,53,-12,14,18.439,130.6
19.9739,54,-7,15,16.553,115.02
19.9739,55,-8,14,16.125,119.74
19.9739,56,-11,17,20.248,122.91
19.9739,57,-13,18,22.204,125.84
19.9739,58,-13,17,21.401,127.41
19.9739,59,-1,8,8.062,97.13
19.9739,60,1,7,7.071,81.87
19.9739,61,-42,15,44.598,160.35
19.9739,62,-10,9,13.454,138.01
19.9739,63,9,13,15.811,55.3
20.0285,0,23,113,115.317,78.5
20.0285,1,17,0,17.0,0.0
20.0285,2,-12,-44,45.607,-105.26
20.0285,3,-20,-24,31.241,-129.81
20.0285,4,4,-3,5.0,-36.87
20.0285,5,-2,-7,7.28,-105.95
20.0285,6,-21,-24,31.89,-131.19
20.0285,7,-6,-12,13.416,-116.57
20.0285,8,-18,-15,23.431,-140.19
20.0285,9,-3,-15,15.297,-101.31
20.0285,10,-8,-16,17.889,-116.57
20.0285,11,-6,-11,12.53,-118.61
20.0285,12,-6,-17,18.028,-109.44
20.0285,13,-10,-12,15.62,-129.81
20.0285,14,-11,-17,20.248,-122.91
20.0285,15,-17,-16,23.345,-136.74
20.0285,16,-17,-24,29.411,-125.31
20.0285,17,-10,-20,22.361,-116.57
20.0285,18,-12,-17,20.809,-125.22
20.0285,19,-15,-9,17.493,-149.04
20.0285,20,-17,-12,20.809,-144.78
20.0285,21,-6,-17,18.028,-109.44
20.0285,22,-1,-19,19.026,-93.01
20.0285,23,-10,-14,17.205,-125.54
20.0285,24,-3,-18,18.248,-99.46
20.0285,25,4,-13,13.601,-72.9
20.0285,26,-11,-17,20.248,-122.91
20.0285,27,0,0,0.0,0.0
20.0285,28,0,0,0.0,0.0
20.0285,29,0,0,0.0,0.0
20.0285,30,0,0,0.0,0.0
20.0285,31,0,0,0.0,0.0
20.0285,32,0,0,0.0,0.0
20.0285,33,0,0,0.0,0.0
20.0285,34,0,0,0.0,0.0
20.0285,35,0,0,0.0,0.0
20.0285,36,0,0,0.0,0.0
20.0285,37,0,0,0.0,0.0
20.0285,38,-6,-11,12.53,-118.61
20.0285,39,-8,-10,12.806,-128.66
20.0285,40,-16,-13,20.616,-140.91
20.0285,41,-19,-9,21.024,-154.65
20.0285,42,-14,-16,21.26,-131.19
20.0285,43,-12,-18,21.633,-123.69
20.0285,44,-15,-17,22.672,-131.42
20.0285,45,-11,-13,17.029,-130.24
20.0285,46,-6,-17,18.028,-109.44
20.0285,47,-15,-14,20.518,-136.97
20.0285,48,-12,-20,23.324,-120.96
20.0285,49,-4,-20,20.396,-101.31
20.0285,50,-13,-17,21.401,-127.41
20.0285,51,-9,-19,21.024,-115.35
20.0285,52,-11,-17,20.248,-122.91
20.0285,53,-15,-27,30.887,-119.05
20.0285,54,-11,-14,17.804,-128.16
20.0285,55,-3,-27,27.166,-96.34
20.0285,56,-19,-23,29.833,-129.56
20.0285,57,-3,-16,16.279,-100.62
20.0285,58,-18,-7,19.313,-158.75
20.0285,59,-10,-19,21.471,-117.76
20.0285,60,-5,-23,23.537,-102.26
20.0285,61,-3,-17,17.263,-100.01
20.0285,62,-18,-10,20.591,-150.95
20.0285,63,-4,-16,16.492,-104.04
20.1286,0,23,113,115.317,78.5
20.1286,1,17,0,17.0,0.0
20.1286,2,-34,-14,36.77,-157.62
20.1286,3,-26,2,26.077,175.6
20.1286,4,-19,2,19.105,173.99
20.1286,5,-20,-15,25.0,-143.13
20.1286,6,-25,3,25.179,173.16
20.1286,7,-25,-5,25.495,-168.69
20.1286,8,-28,-12,30.463,-156.8
20.1286,9,-28,-6,28.636,-167.91
20.1286,10,-22,0,22.0,180.0
20.1286,11,-26,-4,26.306,-171.25
20.1286,12,-18,-7,19.313,-158.75
20.1286,13,-19,-8,20.616,-157.17
20.1286,14,-15,-2,15.133,-172.41
20.1286,15,-20,-10,22.361,-153.43
20.1286,16,-15,-18,23.431,-129.81
20.1286,17,-9,-4,9.849,-156.04
20.1286,18,-11,3,11.402,164.74
20.1286,19,-18,0,18.0,180.0
20.1286,20,-13,-9,15.811,-145.3
20.1286,21,-12,-8,14.422,-146.31
20.1286,22,-17,-2,17.117,-173.29
20.1286,23,-9,-4,9.849,-156.04
20.1286,24,-12,-3,12.369,-165.96
20.1286,25,-10,-1,10.05,-174.29
20.1286,26,-19,-8,20.616,-157.17
20.1286,27,0,0,0.0,0.0
20.1286,28,0,0,0.0,0.0
20.1286,29,0,0,0.0,0.0
20.1286,30,0,0,0.0,0.0
20.1286,31,0,0,0.0,0.0
20.1286,32,0,0,0.0,0.0
20.1286,33,0,0,0.0,0.0
20.1286,34,0,0,0.0,0.0
20.1286,35,0,0,0.0,0.0
20.1286,36,0,0,0.0,0.0
20.1286,37,0,0,0.0,0.0
20.1286,38,-19,-5,19.647,-165.26
20.1286,39,-15,-4,15.524,-165.07
20.1286,40,-9,-2,9.22,-167.47
20.1286,41,-11,-6,12.53,-151.39
20.1286,42,-19,1,19.026,176.99
20.1286,43,-14,-11,17.804,-141.84
20.1286,44,-12,-5,13.0,-157.38
20.1286,45,-14,-5,14.866,-160.35
20.1286,46,-14,-1,14.036,-175.91
20.1286,47,-13,-5,13.928,-158.96
20.1286,48,-15,-7,16.553,-154.98
20.1286,49,-19,-9,21.024,-154.65
20.1286,50,-17,-10,19.723,-149.53
20.1286,51,-17,-12,20.809,-144.78
20.1286,52,-19,-6,19.925,-162.47
20.1286,53,-14,-18,22.804,-127.87
20.1286,54,-15,-13,19.849,-139.09
20.1286,55,-17,-8,18.788,-154.8
20.1286,56,-24,-9,25.632,-159.44
20.1286,57,-17,-10,19.723,-149.53
20.1286,58,5,-18,18.682,-74.48
20.1286,59,-21,1,21.024,177.27
20.1286,60,-24,-5,24.515,-168.23
20.1286,61,-24,-12,26.833,-153.43
20.1286,62,-9,-15,17.493,-120.96
20.1286,63,-13,-4,13.601,-162.9
20.2241,0,23,113,115.317,78.5
20.2241,1,17,0,17.0,0.0
20.2241,2,18,30,34.986,59.04
20.2241,3,-2,20,20.1,95.71
20.2241,4,-11,23,25.495,115.56
20.2241,5,-3,27,27.166,96.34
20.2241,6,-2,10,10.198,101.31
20.2241,7,-1,22,22.023,92.6
20.2241,8,-1,25,25.02,92.29
20.2241,9,4,25,25.318,80.91
20.2241,10,6,29,29.614,78.31
20.2241,11,5,24,24.515,78.23
20.2241,12,11,20,22.825,61.19
20.2241,13,5,12,13.0,67.38
20.2241,14,2,20,20.1,84.29
20.2241,15,8,27,28.16,73.5
20.2241,16,7,20,21.19,70.71
20.2241,17,6,22,22.804,74.74
20.2241,18,20,24,31.241,50.19
20.2241,19,5,18,18.682,74.48
20.2241,20,11,9,14.213,39.29
20.2241,21,0,14,14.0,90.0
20.2241,22,13,18,22.204,54.16
20.2241,23,13,23,26.42,60.52
20.2241,24,3,18,18.248,80.54
20.2241,25,6,19,19.925,72.47
20.2241,26,3,22,22.204,82.23
20.2241,27,0,0,0.0,0.0
20.2241,28,0,0,0.0,0.0
20.2241,29,0,0,0.0,0.0
20.2241,30,0,0,0.0,0.0
20.2241,31,0,0,0.0,0.0
20.2241,32,0,0,0.0,0.0
20.2241,33,0,0,0.0,0.0
20.2241,34,0,0,0.0,0.0
20.2241,35,0,0,0.0,0.0
20.2241,36,0,0,0.0,0.0
20.2241,37,0,0,0.0,0.0
20.2241,38,-17,19,25.495,131.82
20.2241,39,-1,22,22.023,92.6
20.2241,40,-16,24,28.844,123.69
20.2241,41,-18,13,22.204,144.16
20.2241,42,-12,17,20.809,125.22
20.2241,43,-8,20,21.541,111.8
20.2241,44,-20,22,29.732,132.27
20.2241,45,-12,13,17.692,132.71
20.2241,46,-15,23,27.459,123.11
20.2241,47,-10,13,16.401,127.57
20.2241,48,-15,20,25.0,126.87
20.2241,49,-16,21,26.401,127.3
20.2241,50,-11,19,21.954,120.07
20.2241,51,-23,22,31.828,136.27
20.2241,52,-14,22,26.077,122.47
20.2241,53,-13,10,16.401,142.43
20.2241,54,-3,18,18.248,99.46
20.2241,55,-11,28,30.083,111.45
20.2241,56,-12,15,19.209,128.66
20.2241,57,-10,32,33.526,107.35
20.2241,58,-26,20,32.802,142.43
20.2241,59,-2,20,20.1,95.71
20.2241,60,-12,10,15.62,140.19
20.2241,61,-2,0,2.0,180.0
20.2241,62,3,30,30.15,84.29
20.2241,63,-13,28,30.871,114.9
20.3314,0,23,113,115.317,78.5
20.3314,1,17,0,17.0,0.0
20.3314,2,18,-41,44.777,-66.3
20.3314,3,6,-25,25.71,-76.5
20.3314,4,10,-20,22.361,-63.43
20.3314,5,0,-21,21.0,-90.0
20.3314,6,-6,-13,14.318,-114.78
20.3314,7,4,-25,25.318,-80.91
20.3314,8,0,-14,14.0,-90.0
20.3314,9,-2,-16,16.125,-97.13
20.3314,10,-7,-18,19.313,-111.25
20.3314,11,-6,-16,17.088,-110.56
20.3314,12,1,-18,18.028,-86.82
20.3314,13,1,-17,17.029,-86.63
20.3314,14,-3,-24,24.187,-97.13
20.3314,15,-3,-16,16.279,-100.62
20.3314,16,-4,-16,16.492,-104.04
20.3314,17,-7,-11,13.038,-122.47
20.3314,18,1,-15,15.033,-86.19
20.3314,19,-1,-21,21.024,-92.73
20.3314,20,-1,-16,16.031,-93.58
20.3314,21,8,-19,20.616,-67.17
20.3314,22,0,-17,17.0,-90.0
20.3314,23,-11,-24,26.401,-114.62
20.3314,24,10,-21,23.259,-64.54
20.3314,25,1,-4,4.123,-75.96
20.3314,26,7,-18,19.313,-68.75
20.3314,27,0,0,0.0,0.0
20.3314,28,0,0,0.0,0.0
20.3314,29,0,0,0.0,0.0
20.3314,30,0,0,0.0,0.0
20.3314,31,0,0,0.0,0.0
20.3314,32,0,0,0.0,0.0
20.3314,33,0,0,0.0,0.0
20.3314,34,0,0,0.0,0.0
20.3314,35,0,0,0.0,0.0
20.3314,36,0,0,0.0,0.0
20.3314,37,0,0,0.0,0.0
20.3314,38,1,-15,15.033,-86.19
20.3314,39,4,-11,11.705,-70.02
20.3314,40,7,-14,15.652,-63.43
20.3314,41,7,-13,14.765,-61.7
20.3314,42,4,-15,15.524,-75.07
20.3314,43,4,-11,11.705,-70.02
20.3314,44,7,-10,12.207,-55.01
20.3314,45,5,-14,14.866,-70.35
20.3314,46,1,-17,17.029,-86.63
20.3314,47,1,-13,13.038,-85.6
20.3314,48,2,-13,13.153,-81.25
20.3314,49,6,-16,17.088,-69.44
20.3314,50,7,-15,16.553,-64.98
20.3314,51,1,-18,18.028,-86.82
20.3314,52,9,-10,13.454,-48.01
20.3314,53,5,-20,20.616,-75.96
20.3314,54,1,-15,15.033,-86.19
20.3314,55,0,-21,21.0,-90.0
20.3314,56,6,-28,28.636,-77.91
20.3314,57,2,-27,27.074,-85.76
20.3314,58,-10,-25,26.926,-111.8
20.3314,59,18,-15,23.431,-39.81
20.3314,60,-15,-11,18.601,-143.75
20.3314,61,20,-1,20.025,-2.86
20.3314,62,-16,-19,24.839,-130.1
20.3314,63,9,-1,9.055,-6.34
20.4269,0,23,113,115.317,78.5
20.4269,1,17,0,17.0,0.0
20.4269,2,25,-9,26.571,-19.8
20.4269,3,23,-7,24.042,-16.93
20.4269,4,42,9,42.953,12.09
20.4269,5,21,0,21.0,0.0
20.4269,6,16,-8,17.889,-26.57
20.4269,7,29,-15,32.65,-27.35
20.4269,8,25,-18,30.806,-35.75
20.4269,9,2,18,18.111,83.66
20.4269,10,28,-14,31.305,-26.57
20.4269,11,41,-7,41.593,-9.69
20.4269,12,7,-17,18.385,-67.62
20.4269,13,33,2,33.061,3.47
20.4269,14,9,-6,10.817,-33.69
20.4269,15,-2,-1,2.236,-153.43
20.4269,16,25,-17,30.232,-34.22
20.4269,17,13,-18,22.204,-54.16
20.4269,18,16,-12,20.0,-36.87
20.4269,19,23,-10,25.08,-23.5
20.4269,20,29,-9,30.364,-17.24
20.4269,21,11,-3,11.402,-15.26
20.4269,22,16,-9,18.358,-29.36
20.4269,23,21,-11,23.707,-27.65
20.4269,24,20,-9,21.932,-24.23
20.4269,25,17,-4,17.464,-13.24
20.4269,26,18,-3,18.248,-9.46
20.4269,27,0,0,0.0,0.0
20.4269,28,0,0,0.0,0.0
20.4269,29,0,0,0.0,0.0
20.4269,30,0,0,0.0,0.0
20.4269,31,0,0,0.0,0.0
20.4269,32,0,0,0.0,0.0
20.4269,33,0,0,0.0,0.0
20.4269,34,0,0,0.0,0.0
20.4269,35,0,0,0.0,0.0
20.4269,36,0,0,0.0,0.0
20.4269,37,0,0,0.0,0.0
20.4269,38,10,12,15.62,50.19
20.4269,39,14,12,18.439,40.6
20.4269,40,0,5,5.0,90.0
20.4269,41,6,6,8.485,45.0
20.4269,42,6,6,8.485,45.0
20.4269,43,13,8,15.264,31.61
20.4269,44,5,16,16.763,72.65
20.4269,45,8,13,15.264,58.39
20.4269,46,11,16,19.416,55.49
20.4269,47,13,12,17.692,42.71
20.4269,48,12,14,18.439,49.4
20.4269,49,16,9,18.358,29.36
20.4269,50,16,16,22.627,45.0
20.4269,51,9,12,15.0,53.13
20.4269,52,17,10,19.723,30.47
20.4269,53,6,15,16.155,68.2
20.4269,54,14,11,17.804,38.16
20.4269,55,15,9,17.493,30.96
20.4269,56,10,12,15.62,50.19
20.4269,57,20,5,20.616,14.04
20.4269,58,11,7,13.038,32.47
20.4269,59,13,6,14.318,24.78
20.4269,60,21,3,21.213,8.13
20.4269,61,6,3,6.708,26.57
20.4269,62,16,2,16.125,7.13
20.4269,63,16,17,23.345,46.74
20.536,0,23,113,115.317,78.5
20.536,1,17,0,17.0,0.0
20.536,2,22,-14,26.077,-32.47
20.536,3,-1,-24,24.021,-92.39
20.536,4,6,-14,15.232,-66.8
20.536,5,7,-19,20.248,-69.78
20.536,6,10,-9,13.454,-41.99
20.536,7,5,-25,25.495,-78.69
20.536,8,9,-9,12.728,-45.0
20.536,9,7,-15,16.553,-64.98
20.536,10,3,-19,19.235,-81.03
20.536,11,1,-19,19.026,-86.99
20.536,12,5,-26,26.476,-79.11
20.536,13,6,-12,13.416,-63.43
20.536,14,9,-20,21.932,-65.77
20.536,15,1,-22,22.023,-87.4
20.536,16,13,-15,19.849,-49.09
20.536,17,-2,-21,21.095,-95.44
20.536,18,3,-22,22.204,-82.23
20.536,19,6,-18,18.974,-71.57
20.536,20,9,-21,22.847,-66.8
20.536,21,7,-20,21.19,-70.71
20.536,22,9,-12,15.0,-53.13
20.536,23,8,-17,18.788,-64.8
20.536,24,10,-18,20.591,-60.95
20.536,25,8,-20,21.541,-68.2
20.536,26,9,-9,12.728,-45.0
20.536,27,0,0,0.0,0.0
20.536,28,0,0,0.0,0.0
20.536,29,0,0,0.0,0.0
20.536,30,0,0,0.0,0.0
20.536,31,0,0,0.0,0.0
20.536,32,0,0,0.0,0.0
20.536,33,0,0,0.0,0.0
20.536,34,0,0,0.0,0.0
20.536,35,0,0,0.0,0.0
20.536,36,0,0,0.0,0.0
20.536,37,0,0,0.0,0.0
20.536,38,8,-18,19.698,-66.04
20.536,39,11,-9,14.213,-39.29
20.536,40,10,-10,14.142,-45.0
20.536,41,10,-15,18.028,-56.31
20.536,42,17,-7,18.385,-22.38
20.536,43,9,-12,15.0,-53.13
20.536,44,13,-9,15.811,-34.7
20.536,45,13,-7,14.765,-28.3
20.536,46,14,-11,17.804,-38.16
20.536,47,12,-14,18.439,-49.4
20.536,48,12,-14,18.439,-49.4
20.536,49,15,-9,17.493,-30.96
20.536,50,12,-13,17.692,-47.29
20.536,51,16,-18,24.083,-48.37
20.536,52,21,-15,25.807,-35.54
20.536,53,6,-15,16.155,-68.2
20.536,54,9,-21,22.847,-66.8
20.536,55,14,-14,19.799,-45.0
20.536,56,17,-11,20.248,-32.91
20.536,57,5,-15,15.811,-71.57
20.536,58,0,-11,11.0,-90.0
20.536,59,17,-16,23.345,-43.26
20.536,60,8,-16,17.889,-63.43
20.536,61,10,-8,12.806,-38.66
20.536,62,15,-24,28.302,-57.99
20.536,63,26,-8,27.203,-17.1
20.6323,0,23,113,115.317,78.5
20.6323,1,17,0,17.0,0.0
20.6323,2,17,6,18.028,19.44
20.6323,3,6,4,7.211,33.69
20.6323,4,14,9,16.643,32.74
20.6323,5,4,7,8.062,60.26
20.6323,6,8,15,17.0,61.93
20.6323,7,20,-4,20.396,-11.31
20.6323,8,17,9,19.235,27.9
20.6323,9,9,12,15.0,53.13
20.6323,10,21,5,21.587,13.39
20.6323,11,15,14,20.518,43.03
20.6323,12,16,12,20.0,36.87
20.6323,13,13,10,16.401,37.57
20.6323,14,11,9,14.213,39.29
20.6323,15,17,12,20.809,35.22
20.6323,16,22,6,22.804,15.26
20.6323,17,12,9,15.0,36.87
20.6323,18,10,7,12.207,34.99
20.6323,19,12,12,16.971,45.0
20.6323,20,7,2,7.28,15.95
20.6323,21,15,11,18.601,36.25
20.6323,22,5,4,6.403,38.66
20.6323,23,12,8,14.422,33.69
20.6323,24,11,9,14.213,39.29
20.6323,25,6,11,12.53,61.39
20.6323,26,11,12,16.279,47.49
20.6323,27,0,0,0.0,0.0
20.6323,28,0,0,0.0,0.0
20.6323,29,0,0,0.0,0.0
20.6323,30,0,0,0.0,0.0
20.6323,31,0,0,0.0,0.0
20.6323,32,0,0,0.0,0.0
20.6323,33,0,0,0.0,0.0
20.6323,34,0,0,0.0,0.0
20.6323,35,0,0,0.0,0.0
20.6323,36,0,0,0.0,0.0
20.6323,37,0,0,0.0,0.0
20.6323,38,-1,12,12.042,94.76
20.6323,39,0,14,14.0,90.0
20.6323,40,4,17,17.464,76.76
20.6323,41,6,13,14.318,65.22
20.6323,42,3,11,11.402,74.74
20.6323,43,-1,9,9.055,96.34
20.6323,44,0,14,14.0,90.0
20.6323,45,2,11,11.18,79.7
20.6323,46,-3,11,11.402,105.26
20.6323,47,-3,18,18.248,99.46
20.6323,48,2,16,16.125,82.87
20.6323,49,1,9,9.055,83.66
20.6323,50,13,11,17.029,40.24
20.6323,51,-1,14,14.036,94.09
20.6323,52,-1,20,20.025,92.86
20.6323,53,4,18,18.439,77.47
20.6323,54,4,10,10.77,68.2
20.6323,55,-4,21,21.378,100.78
20.6323,56,-1,13,13.038,94.4
20.6323,57,5,1,5.099,11.31
20.6323,58,21,5,21.587,13.39
20.6323,59,11,10,14.866,42.27
20.6323,60,-6,14,15.232,113.2
20.6323,61,23,14,26.926,31.33
20.6323,62,7,17,18.385,67.62
20.6323,63,-2,-7,7.28,-105.95
20.7381,0,23,113,115.317,78.5
20.7381,1,17,0,17.0,0.0
20.7381,2,-8,17,18.788,115.2
20.7381,3,-1,23,23.022,92.49
20.7381,4,1,22,22.023,87.4
20.7381,5,-4,17,17.464,103.24
20.7381,6,-14,8,16.125,150.26
20.7381,7,0,16,16.0,90.0
20.7381,8,-2,16,16.125,97.13
20.7381,9,2,13,13.153,81.25
20.7381,10,2,10,10.198,78.69
20.7381,11,-7,12,13.892,120.26
20.7381,12,-3,22,22.204,97.77
20.7381,13,-1,27,27.019,92.12
20.7381,14,-2,25,25.08,94.57
20.7381,15,6,26,26.683,77.01
20.7381,16,6,16,17.088,69.44
20.7381,17,0,21,21.0,90.0
20.7381,18,3,7,7.616,66.8
20.7381,19,-5,16,16.763,107.35
20.7381,20,-10,20,22.361,116.57
20.7381,21,-3,19,19.235,98.97
20.7381,22,-5,9,10.296,119.05
20.7381,23,0,15,15.0,90.0
20.7381,24,-5,13,13.928,111.04
20.7381,25,-1,10,10.05,95.71
20.7381,26,0,15,15.0,90.0
20.7381,27,0,0,0.0,0.0
20.7381,28,0,0,0.0,0.0
20.7381,29,0,0,0.0,0.0
20.7381,30,0,0,0.0,0.0
20.7381,31,0,0,0.0,0.0
20.7381,32,0,0,0.0,0.0
20.7381,33,0,0,0.0,0.0
20.7381,34,0,0,0.0,0.0
20.7381,35,0,0,0.0,0.0
20.7381,36,0,0,0.0,0.0
20.7381,37,0,0,0.0,0.0
20.7381,38,3,22,22.204,82.23
20.7381,39,-1,19,19.026,93.01
20.7381,40,-3,20,20.224,98.53
20.7381,41,-1,16,16.031,93.58
20.7381,42,-1,12,12.042,94.76
20.7381,43,-7,16,17.464,113.63
20.7381,44,1,20,20.025,87.14
20.7381,45,-6,19,19.925,107.53
20.7381,46,-6,14,15.232,113.2
20.7381,47,-3,22,22.204,97.77
20.7381,48,-4,15,15.524,104.93
20.7381,49,-9,16,18.358,119.36
20.7381,50,-4,18,18.439,102.53
20.7381,51,-5,14,14.866,109.65
20.7381,52,-7,20,21.19,109.29
20.7381,53,-5,17,17.72,106.39
20.7381,54,0,16,16.0,90.0
20.7381,55,-7,19,20.248,110.22
20.7381,56,-9,21,22.847,113.2
20.7381,57,-4,20,20.396,101.31
20.7381,58,0,22,22.0,90.0
20.7381,59,-7,22,23.087,107.65
20.7381,60,-5,14,14.866,109.65
20.7381,61,-5,21,21.587,103.39
20.7381,62,-3,25,25.179,96.84
20.7381,63,-8,19,20.616,112.83
20.946,0,23,113,115.317,78.5
20.946,1,17,0,17.0,0.0
20.946,2,-16,-19,24.839,-130.1
20.946,3,16,-15,21.932,-43.15
20.946,4,-1,-19,19.026,-93.01
20.946,5,-9,-12,15.0,-126.87
20.946,6,4,-11,11.705,-70.02
20.946,7,0,-14,14.0,-90.0
20.946,8,-1,-18,18.028,-93.18
20.946,9,-4,-24,24.331,-99.46
20.946,10,-1,-16,16.031,-93.58
20.946,11,-4,-11,11.705,-109.98
20.946,12,-17,-19,25.495,-131.82
20.946,13,-4,-9,9.849,-113.96
20.946,14,-8,-38,38.833,-101.89
20.946,15,-3,-3,4.243,-135.0
20.946,16,9,-3,9.487,-18.43
20.946,17,-7,-16,17.464,-113.63
20.946,18,4,-18,18.439,-77.47
20.946,19,-7,-14,15.652,-116.57
20.946,20,-6,-15,16.155,-111.8
20.946,21,5,-22,22.561,-77.2
20.946,22,1,-14,14.036,-85.91
20.946,23,-2,-18,18.111,-96.34
20.946,24,-1,-14,14.036,-94.09
20.946,25,-2,-11,11.18,-100.3
20.946,26,-5,-12,13.0,-112.62
20.946,27,0,0,0.0,0.0
20.946,28,0,0,0.0,0.0
20.946,29,0,0,0.0,0.0
20.946,30,0,0,0.0,0.0
20.946,31,0,0,0.0,0.0
20.946,32,0,0,0.0,0.0
20.946,33,0,0,0.0,0.0
20.946,34,0,0,0.0,0.0
20.946,35,0,0,0.0,0.0
20.946,36,0,0,0.0,0.0
20.946,37,0,0,0.0,0.0
20.946,38,-5,-13,13.928,-111.04
20.946,39,1,-14,14.036,-85.91
20.946,40,0,-16,16.0,-90.0
20.946,41,2,-16,16.125,-82.87
20.946,42,-2,-17,17.117,-96.71
20.946,43,-3,-14,14.318,-102.09
20.946,44,-3,-16,16.279,-100.62
20.946,45,-4,-19,19.416,-101.89
20.946,46,-1,-16,16.031,-93.58
20.946,47,-1,-21,21.024,-92.73
20.946,48,-3,-20,20.224,-98.53
20.946,49,5,-19,19.647,-75.26
20.946,50,-1,-16,16.031,-93.58
20.946,51,0,-18,18.0,-90.0
20.946,52,-1,-17,17.029,-93.37
20.946,53,-6,-18,18.974,-108.43
20.946,54,1,-17,17.029,-86.63
20.946,55,2,-7,7.28,-74.05
20.946,56,-2,-17,17.117,-96.71
20.946,57,1,-12,12.042,-85.24
20.946,58,-9,-14,16.643,-122.74
20.946,59,1,-14,14.036,-85.91
20.946,60,-1,-16,16.031,-93.58
20.946,61,-15,-19,24.207,-128.29
20.946,62,-7,-21,22.136,-108.43
20.946,63,1,-22,22.023,-87.4
21.0403,0,23,113,115.317,78.5
21.0403,1,17,0,17.0,0.0
21.0403,2,-2,31,31.064,93.69
21.0403,3,15,21,25.807,54.46
21.0403,4,8,15,17.0,61.93
21.0403,5,-7,29,29.833,103.57
21.0403,6,2,21,21.095,84.56
21.0403,7,9,17,19.235,62.1
21.0403,8,5,14,14.866,70.35
21.0403,9,11,17,20.248,57.09
21.0403,10,14,21,25.239,56.31
21.0403,11,8,26,27.203,72.9
21.0403,12,7,21,22.136,71.57
21.0403,13,11,24,26.401,65.38
21.0403,14,-2,23,23.087,94.97
21.0403,15,1,25,25.02,87.71
21.0403,16,6,17,18.028,70.56
21.0403,17,12,15,19.209,51.34
21.0403,18,-2,19,19.105,96.01
21.0403,19,0,27,27.0,90.0
21.0403,20,3,17,17.263,79.99
21.0403,21,7,21,22.136,71.57
21.0403,22,4,24,24.331,80.54
21.0403,23,2,22,22.091,84.81
21.0403,24,0,15,15.0,90.0
21.0403,25,-1,16,16.031,93.58
21.0403,26,-2,17,17.117,96.71
21.0403,27,0,0,0.0,0.0
21.0403,28,0,0,0.0,0.0
21.0403,29,0,0,0.0,0.0
21.0403,30,0,0,0.0,0.0
21.0403,31,0,0,0.0,0.0
21.0403,32,0,0,0.0,0.0
21.0403,33,0,0,0.0,0.0
21.0403,34,0,0,0.0,0.0
21.0403,35,0,0,0.0,0.0
21.0403,36,0,0,0.0,0.0
21.0403,37,0,0,0.0,0.0
21.0403,38,10,18,20.591,60.95
21.0403,39,9,14,16.643,57.26
21.0403,40,6,13,14.318,65.22
21.0403,41,9,16,18.358,60.64
21.0403,42,3,17,17.263,79.99
21.0403,43,5,20,20.616,75.96
21.0403,44,3,12,12.369,75.96
21.0403,45,7,19,20.248,69.78
21.0403,46,6,22,22.804,74.74
21.0403,47,1,21,21.024,87.27
21.0403,48,6,24,24.739,75.96
21.0403,49,1,21,21.024,87.27
21.0403,50,-3,24,24.187,97.13
21.0403,51,3,26,26.173,83.42
21.0403,52,4,22,22.361,79.7
21.0403,53,-4,19,19.416,101.89
21.0403,54,0,22,22.0,90.0
21.0403,55,3,19,19.235,81.03
21.0403,56,7,15,16.553,64.98
21.0403,57,2,27,27.074,85.76
21.0403,58,7,17,18.385,67.62
21.0403,59,10,8,12.806,38.66
21.0403,60,8,18,19.698,66.04
21.0403,61,-1,28,28.018,92.05
21.0403,62,-14,23,26.926,121.33
21.0403,63,7,22,23.087,72.35
21.1467,0,23,113,115.317,78.5
21.1467,1,17,0,17.0,0.0
21.1467,2,3,-17,17.263,-79.99
21.1467,3,11,-11,15.556,-45.0
21.1467,4,14,-14,19.799,-45.0
21.1467,5,9,-8,12.042,-41.63
21.1467,6,3,-13,13.342,-77.01
21.1467,7,8,-18,19.698,-66.04
21.1467,8,9,-6,10.817,-33.69
21.1467,9,2,-19,19.105,-83.99
21.1467,10,8,-20,21.541,-68.2
21.1467,11,3,-20,20.224,-81.47
21.1467,12,12,-18,21.633,-56.31
21.1467,13,1,-15,15.033,-86.19
21.1467,14,10,-13,16.401,-52.43
21.1467,15,14,-20,24.413,-55.01
21.1467,16,5,-19,19.647,-75.26
21.1467,17,12,-13,17.692,-47.29
21.1467,18,6,-19,19.925,-72.47
21.1467,19,9,-16,18.358,-60.64
21.1467,20,14,-18,22.804,-52.13
21.1467,21,10,-11,14.866,-47.73
21.1467,22,3,-15,15.297,-78.69
21.1467,23,9,-11,14.213,-50.71
21.1467,24,8,-17,18.788,-64.8
21.1467,25,11,-9,14.213,-39.29
21.1467,26,-1,-5,5.099,-101.31
21.1467,27,0,0,0.0,0.0
21.1467,28,0,0,0.0,0.0
21.1467,29,0,0,0.0,0.0
21.1467,30,0,0,0.0,0.0
21.1467,31,0,0,0.0,0.0
21.1467,32,0,0,0.0,0.0
21.1467,33,0,0,0.0,0.0
21.1467,34,0,0,0.0,0.0
21.1467,35,0,0,0.0,0.0
21.1467,36,0,0,0.0,0.0
21.1467,37,0,0,0.0,0.0
21.1467,38,2,-13,13.153,-81.25
21.1467,39,7,-15,16.553,-64.98
21.1467,40,6,-15,16.155,-68.2
21.1467,41,10,-14,17.205,-54.46
21.1467,42,7,-14,15.652,-63.43
21.1467,43,4,-14,14.56,-74.05
21.1467,44,8,-14,16.125,-60.26
21.1467,45,9,-14,16.643,-57.26
21.1467,46,11,-20,22.825,-61.19
21.1467,47,8,-14,16.125,-60.26
21.1467,48,6,-13,14.318,-65.22
21.1467,49,13,-16,20.616,-50.91
21.1467,50,9,-13,15.811,-55.3
21.1467,51,13,-15,19.849,-49.09
21.1467,52,8,-13,15.264,-58.39
21.1467,53,2,-16,16.125,-82.87
21.1467,54,12,-13,17.692,-47.29
21.1467,55,14,-18,22.804,-52.13
21.1467,56,9,-14,16.643,-57.26
21.1467,57,2,-22,22.091,-84.81
21.1467,58,14,-17,22.023,-50.53
21.1467,59,8,-28,29.12,-74.05
21.1467,60,12,-18,21.633,-56.31
21.1467,61,13,-20,23.854,-56.98
21.1467,62,13,5,13.928,21.04
21.1467,63,12,-28,30.463,-66.8
21.2455,0,23,113,115.317,78.5
21.2455,1,17,0,17.0,0.0
21.2455,2,30,14,33.106,25.02
21.2455,3,16,2,16.125,7.13
21.2455,4,18,14,22.804,37.87
21.2455,5,24,5,24.515,11.77
21.2455,6,18,1,18.028,3.18
21.2455,7,36,11,37.643,16.99
21.2455,8,15,-11,18.601,-36.25
21.2455,9,23,7,24.042,16.93
21.2455,10,18,9,20.125,26.57
21.2455,11,19,7,20.248,20.22
21.2455,12,16,13,20.616,39.09
21.2455,13,16,-1,16.031,-3.58
21.2455,14,20,8,21.541,21.8
21.2455,15,21,22,30.414,46.33
21.2455,16,26,9,27.514,19.09
21.2455,17,22,14,26.077,32.47
21.2455,18,10,4,10.77,21.8
21.2455,19,28,14,31.305,26.57
21.2455,20,19,8,20.616,22.83
21.2455,21,26,9,27.514,19.09
21.2455,22,14,15,20.518,46.97
21.2455,23,19,13,23.022,34.38
21.2455,24,12,18,21.633,56.31
21.2455,25,9,13,15.811,55.3
21.2455,26,7,23,24.042,73.07
21.2455,27,0,0,0.0,0.0
21.2455,28,0,0,0.0,0.0
21.2455,29,0,0,0.0,0.0
21.2455,30,0,0,0.0,0.0
21.2455,31,0,0,0.0,0.0
21.2455,32,0,0,0.0,0.0
21.2455,33,0,0,0.0,0.0
21.2455,34,0,0,0.0,0.0
21.2455,35,0,0,0.0,0.0
21.2455,36,0,0,0.0,0.0
21.2455,37,0,0,0.0,0.0
21.2455,38,17,-17,24.042,-45.0
21.2455,39,11,-21,23.707,-62.35
21.2455,40,16,-16,22.627,-45.0
21.2455,41,17,-10,19.723,-30.47
21.2455,42,18,-10,20.591,-29.05
21.2455,43,23,-13,26.42,-29.48
21.2455,44,20,-16,25.612,-38.66
21.2455,45,16,-5,16.763,-17.35
21.2455,46,19,-10,21.471,-27.76
21.2455,47,21,-18,27.659,-40.6
21.2455,48,23,-16,28.018,-34.82
21.2455,49,20,-1,20.025,-2.86
21.2455,50,24,-8,25.298,-18.43
21.2455,51,17,-9,19.235,-27.9
21.2455,52,27,-7,27.893,-14.53
21.2455,53,26,-10,27.857,-21.04
21.2455,54,20,-6,20.881,-16.7
21.2455,55,25,1,25.02,2.29
21.2455,56,30,-3,30.15,-5.71
21.2455,57,17,-5,17.72,-16.39
21.2455,58,19,-10,21.471,-27.76
21.2455,59,37,-8,37.855,-12.2
21.2455,60,37,-24,44.102,-32.97
21.2455,61,27,19,33.015,35.13
21.2455,62,34,28,44.045,39.47
21.2455,63,20,-22,29.732,-47.73
21.3454,0,23,113,115.317,78.5
21.3454,1,17,0,17.0,0.0
21.3454,2,2,3,3.606,56.31
21.3454,3,25,6,25.71,13.5
21.3454,4,19,14,23.601,36.38
21.3454,5,11,23,25.495,64.44
21.3454,6,6,22,22.804,74.74
21.3454,7,15,24,28.302,57.99
21.3454,8,29,15,32.65,27.35
21.3454,9,25,13,28.178,27.47
21.3454,10,12,17,20.809,54.78
21.3454,11,7,13,14.765,61.7
21.3454,12,14,11,17.804,38.16
21.3454,13,19,15,24.207,38.29
21.3454,14,14,13,19.105,42.88
21.3454,15,8,5,9.434,32.01
21.3454,16,8,13,15.264,58.39
21.3454,17,-5,14,14.866,109.65
21.3454,18,11,12,16.279,47.49
21.3454,19,22,5,22.561,12.8
21.3454,20,11,17,20.248,57.09
21.3454,21,15,11,18.601,36.25
21.3454,22,10,2,10.198,11.31
21.3454,23,12,16,20.0,53.13
21.3454,24,3,6,6.708,63.43
21.3454,25,7,14,15.652,63.43
21.3454,26,11,8,13.601,36.03
21.3454,27,0,0,0.0,0.0
21.3454,28,0,0,0.0,0.0
21.3454,29,0,0,0.0,0.0
21.3454,30,0,0,0.0,0.0
21.3454,31,0,0,0.0,0.0
21.3454,32,0,0,0.0,0.0
21.3454,33,0,0,0.0,0.0
21.3454,34,0,0,0.0,0.0
21.3454,35,0,0,0.0,0.0
21.3454,36,0,0,0.0,0.0
21.3454,37,0,0,0.0,0.0
21.3454,38,11,13,17.029,49.76
21.3454,39,4,12,12.649,71.57
21.3454,40,2,13,13.153,81.25
21.3454,41,6,16,17.088,69.44
21.3454,42,3,15,15.297,78.69
21.3454,43,10,20,22.361,63.43
21.3454,44,1,17,17.029,86.63
21.3454,45,6,16,17.088,69.44
21.3454,46,3,20,20.224,81.47
21.3454,47,4,19,19.416,78.11
21.3454,48,2,25,25.08,85.43
21.3454,49,-1,18,18.028,93.18
21.3454,50,6,16,17.088,69.44
21.3454,51,4,18,18.439,77.47
21.3454,52,4,15,15.524,75.07
21.3454,53,13,15,19.849,49.09
21.3454,54,14,19,23.601,53.62
21.3454,55,-2,14,14.142,98.13
21.3454,56,3,10,10.44,73.3
21.3454,57,-2,17,17.117,96.71
21.3454,58,8,28,29.12,74.05
21.3454,59,8,11,13.601,53.97
21.3454,60,7,31,31.78,77.28
21.3454,61,3,17,17.263,79.99
21.3454,62,-9,22,23.77,112.25
21.3454,63,18,16,24.083,41.63
21.5561,0,23,113,115.317,78.5
21.5561,1,17,0,17.0,0.0
21.5561,2,-13,0,13.0,180.0
21.5561,3,-12,-6,13.416,-153.43
21.5561,4,-8,29,30.083,105.42
21.5561,5,-8,3,8.544,159.44
21.5561,6,-9,16,18.358,119.36
21.5561,7,-7,18,19.313,111.25
21.5561,8,2,18,18.111,83.66
21.5561,9,-2,15,15.133,97.59
21.5561,10,-5,18,18.682,105.52
21.5561,11,-4,20,20.396,101.31
21.5561,12,-1,20,20.025,92.86
21.5561,13,5,21,21.587,76.61
21.5561,14,-7,21,22.136,108.43
21.5561,15,-2,24,24.083,94.76
21.5561,16,-6,22,22.804,105.26
21.5561,17,2,21,21.095,84.56
21.5561,18,2,22,22.091,84.81
21.5561,19,1,16,16.031,86.42
21.5561,20,2,14,14.142,81.87
21.5561,21,-1,26,26.019,92.2
21.5561,22,-1,13,13.038,94.4
21.5561,23,3,24,24.187,82.87
21.5561,24,0,19,19.0,90.0
21.5561,25,5,20,20.616,75.96
21.5561,26,4,13,13.601,72.9
21.5561,27,0,0,0.0,0.0
21.5561,28,0,0,0.0,0.0
21.5561,29,0,0,0.0,0.0
21.5561,30,0,0,0.0,0.0
21.5561,31,0,0,0.0,0.0
21.5561,32,0,0,0.0,0.0
21.5561,33,0,0,0.0,0.0
21.5561,34,0,0,0.0,0.0
21.5561,35,0,0,0.0,0.0
21.5561,36,0,0,0.0,0.0
21.5561,37,0,0,0.0,0.0
21.5561,38,-14,-9,16.643,-147.26
21.5561,39,-13,-7,14.765,-151.7
21.5561,40,-15,-9,17.493,-149.04
21.5561,41,-12,-8,14.422,-146.31
21.5561,42,-11,-12,16.279,-132.51
21.5561,43,-17,-11,20.248,-147.09
21.5561,44,-13,-2,13.153,-171.25
21.5561,45,-12,-13,17.692,-132.71
21.5561,46,-17,-7,18.385,-157.62
21.5561,47,-21,-10,23.259,-154.54
21.5561,48,-16,-10,18.868,-147.99
21.5561,49,-16,-9,18.358,-150.64
21.5561,50,-12,-7,13.892,-149.74
21.5561,51,-19,3,19.235,171.03
21.5561,52,-15,-5,15.811,-161.57
21.5561,53,-15,-4,15.524,-165.07
21.5561,54,-18,6,18.974,161.57
21.5561,55,-12,2,12.166,170.54
21.5561,56,-23,-5,23.537,-167.74
21.5561,57,-13,-5,13.928,-158.96
21.5561,58,-10,-8,12.806,-141.34
21.5561,59,-10,1,10.05,174.29
21.5561,60,-17,5,17.72,163.61
21.5561,61,-24,10,26.0,157.38
21.5561,62,-16,-12,20.0,-143.13
21.5561,63,0,-5,5.0,-90.0
21.7632,0,23,113,115.317,78.5
21.7632,1,17,0,17.0,0.0
21.7632,2,-13,-14,19.105,-132.88
21.7632,3,-24,-24,33.941,-135.0
21.7632,4,-10,-12,15.62,-129.81
21.7632,5,-18,-20,26.907,-131.99
21.7632,6,-12,-17,20.809,-125.22
21.7632,7,6,-31,31.575,-79.05
21.7632,8,-1,-18,18.028,-93.18
21.7632,9,-16,-24,28.844,-123.69
21.7632,10,-6,-21,21.84,-105.95
21.7632,11,-10,-12,15.62,-129.81
21.7632,12,1,-22,22.023,-87.4
21.7632,13,-7,-25,25.962,-105.64
21.7632,14,-7,-25,25.962,-105.64
21.7632,15,-7,-18,19.313,-111.25
21.7632,16,1,-32,32.016,-88.21
21.7632,17,-3,-29,29.155,-95.91
21.7632,18,-8,-26,27.203,-107.1
21.7632,19,-4,-18,18.439,-102.53
21.7632,20,-2,-25,25.08,-94.57
21.7632,21,-8,-26,27.203,-107.1
21.7632,22,-3,-20,20.224,-98.53
21.7632,23,0,-19,19.0,-90.0
21.7632,24,0,-18,18.0,-90.0
21.7632,25,5,-19,19.647,-75.26
21.7632,26,-8,-20,21.541,-111.8
21.7632,27,0,0,0.0,0.0
21.7632,28,0,0,0.0,0.0
21.7632,29,0,0,0.0,0.0
21.7632,30,0,0,0.0,0.0
21.7632,31,0,0,0.0,0.0
21.7632,32,0,0,0.0,0.0
21.7632,33,0,0,0.0,0.0
21.7632,34,0,0,0.0,0.0
21.7632,35,0,0,0.0,0.0
21.7632,36,0,0,0.0,0.0
21.7632,37,0,0,0.0,0.0
21.7632,38,-12,-17,20.809,-125.22
21.7632,39,-8,-13,15.264,-121.61
21.7632,40,-8,-21,22.472,-110.85
21.7632,41,-8,-16,17.889,-116.57
21.7632,42,-4,-21,21.378,-100.78
21.7632,43,-1,-20,20.025,-92.86
21.7632,44,-9,-22,23.77,-112.25
21.7632,45,-9,-21,22.847,-113.2
21.7632,46,-5,-19,19.647,-104.74
21.7632,47,-6,-20,20.881,-106.7
21.7632,48,-2,-26,26.077,-94.4
21.7632,49,-8,-24,25.298,-108.43
21.7632,50,-4,-22,22.361,-100.3
21.7632,51,-2,-23,23.087,-94.97
21.7632,52,-7,-18,19.313,-111.25
21.7632,53,-13,-21,24.698,-121.76
21.7632,54,-4,-26,26.306,-98.75
21.7632,55,1,-24,24.021,-87.61
21.7632,56,-10,-6,11.662,-149.04
21.7632,57,0,-19,19.0,-90.0
21.7632,58,-5,-14,14.866,-109.65
21.7632,59,-10,-21,23.259,-115.46
21.7632,60,-7,-31,31.78,-102.72
21.7632,61,-10,-24,26.0,-112.62
21.7632,62,-3,-8,8.544,-110.56
21.7632,63,13,-23,26.42,-60.52
21.8668,0,23,113,115.317,78.5
21.8668,1,17,0,17.0,0.0
21.8668,2,-11,-26,28.231,-112.93
21.8668,3,-11,-22,24.597,-116.57
21.8668,4,-18,-24,30.0,-126.87
21.8668,5,2,-14,14.142,-81.87
21.8668,6,-12,-31,33.242,-111.16
21.8668,7,-11,-16,19.416,-124.51
21.8668,8,-6,-19,19.925,-107.53
21.8668,9,-2,-16,16.125,-97.13
21.8668,10,-6,-12,13.416,-116.57
21.8668,11,-6,-8,10.0,-126.87
21.8668,12,-4,-13,13.601,-107.1
21.8668,13,0,-26,26.0,-90.0
21.8668,14,-4,-14,14.56,-105.95
21.8668,15,-4,-25,25.318,-99.09
21.8668,16,-9,-11,14.213,-129.29
21.8668,17,-10,-7,12.207,-145.01
21.8668,18,-6,-13,14.318,-114.78
21.8668,19,-16,-11,19.416,-145.49
21.8668,20,-13,-18,22.204,-125.84
21.8668,21,-9,-13,15.811,-124.7
21.8668,22,-15,-14,20.518,-136.97
21.8668,23,-8,-6,10.0,-143.13
21.8668,24,-8,-12,14.422,-123.69
21.8668,25,-2,-11,11.18,-100.3
21.8668,26,-10,-15,18.028,-123.69
21.8668,27,0,0,0.0,0.0
21.8668,28,0,0,0.0,0.0
21.8668,29,0,0,0.0,0.0
21.8668,30,0,0,0.0,0.0
21.8668,31,0,0,0.0,0.0
21.8668,32,0,0,0.0,0.0
21.8668,33,0,0,0.0,0.0
21.8668,34,0,0,0.0,0.0
21.8668,35,0,0,0.0,0.0
21.8668,36,0,0,0.0,0.0
21.8668,37,0,0,0.0,0.0
21.8668,38,6,-14,15.232,-66.8
21.8668,39,11,-14,17.804,-51.84
21.8668,40,12,-10,15.62,-39.81
21.8668,41,10,-12,15.62,-50.19
21.8668,42,11,-17,20.248,-57.09
21.8668,43,15,-10,18.028,-33.69
21.8668,44,12,-10,15.62,-39.81
21.8668,45,10,-12,15.62,-50.19
21.8668,46,8,-14,16.125,-60.26
21.8668,47,8,-15,17.0,-61.93
21.8668,48,7,-10,12.207,-55.01
21.8668,49,8,-14,16.125,-60.26
21.8668,50,15,-11,18.601,-36.25
21.8668,51,8,-11,13.601,-53.97
21.8668,52,10,-10,14.142,-45.0
21.8668,53,6,-11,12.53,-61.39
21.8668,54,6,-10,11.662,-59.04
21.8668,55,7,-27,27.893,-75.47
21.8668,56,4,-9,9.849,-66.04
21.8668,57,-9,-16,18.358,-119.36
21.8668,58,8,-24,25.298,-71.57
21.8668,59,8,-25,26.249,-72.26
21.8668,60,-3,-4,5.0,-126.87
21.8668,61,5,-8,9.434,-57.99
21.8668,62,10,-14,17.205,-54.46
21.8668,63,4,-17,17.464,-76.76
21.9713,0,23,113,115.317,78.5
21.9713,1,17,0,17.0,0.0
21.9713,2,7,-12,13.892,-59.74
21.9713,3,0,-4,4.0,-90.0
21.9713,4,15,-16,21.932,-46.85
21.9713,5,-3,-14,14.318,-102.09
21.9713,6,3,-15,15.297,-78.69
21.9713,7,-14,-28,31.305,-116.57
21.9713,8,-2,-14,14.142,-98.13
21.9713,9,-4,-11,11.705,-109.98
21.9713,10,-6,-12,13.416,-116.57
21.9713,11,-7,-15,16.553,-115.02
21.9713,12,-14,-13,19.105,-137.12
21.9713,13,-2,-20,20.1,-95.71
21.9713,14,-6,-15,16.155,-111.8
21.9713,15,-6,-13,14.318,-114.78
21.9713,16,-6,-19,19.925,-107.53
21.9713,17,-6,-9,10.817,-123.69
21.9713,18,-10,-15,18.028,-123.69
21.9713,19,-8,-19,20.616,-112.83
21.9713,20,-11,-17,20.248,-122.91
21.9713,21,-4,-12,12.649,-108.43
21.9713,22,-7,-13,14.765,-118.3
21.9713,23,-3,-12,12.369,-104.04
21.9713,24,-1,-7,7.071,-98.13
21.9713,25,-5,-11,12.083,-114.44
21.9713,26,-2,-6,6.325,-108.43
21.9713,27,0,0,0.0,0.0
21.9713,28,0,0,0.0,0.0
21.9713,29,0,0,0.0,0.0
21.9713,30,0,0,0.0,0.0
21.9713,31,0,0,0.0,0.0
21.9713,32,0,0,0.0,0.0
21.9713,33,0,0,0.0,0.0
21.9713,34,0,0,0.0,0.0
21.9713,35,0,0,0.0,0.0
21.9713,36,0,0,0.0,0.0
21.9713,37,0,0,0.0,0.0
21.9713,38,-1,-19,19.026,-93.01
21.9713,39,2,-13,13.153,-81.25
21.9713,40,-1,-14,14.036,-94.09
21.9713,41,3,-20,20.224,-81.47
21.9713,42,8,-15,17.0,-61.93
21.9713,43,-1,-15,15.033,-93.81
21.9713,44,2,-17,17.117,-83.29
21.9713,45,1,-17,17.029,-86.63
21.9713,46,2,-17,17.117,-83.29
21.9713,47,4,-17,17.464,-76.76
21.9713,48,5,-16,16.763,-72.65
21.9713,49,6,-14,15.232,-66.8
21.9713,50,3,-15,15.297,-78.69
21.9713,51,3,-16,16.279,-79.38
21.9713,52,-4,-14,14.56,-105.95
21.9713,53,4,-15,15.524,-75.07
21.9713,54,9,-20,21.932,-65.77
21.9713,55,1,-14,14.036,-85.91
21.9713,56,-4,-28,28.284,-98.13
21.9713,57,3,-23,23.195,-82.57
21.9713,58,7,-27,27.893,-75.47
21.9713,59,4,-2,4.472,-26.57
21.9713,60,-7,-13,14.765,-118.3
21.9713,61,14,-10,17.205,-35.54
21.9713,62,14,-14,19.799,-45.0
21.9713,63,-5,-25,25.495,-101.31
22.0742,0,23,113,115.317,78.5
22.0742,1,17,0,17.0,0.0
22.0742,2,2,-22,22.091,-84.81
22.0742,3,27,0,27.0,0.0
22.0742,4,17,-16,23.345,-43.26
22.0742,5,16,-26,30.529,-58.39
22.0742,6,11,-15,18.601,-53.75
22.0742,7,3,-18,18.248,-80.54
22.0742,8,3,-8,8.544,-69.44
22.0742,9,24,-7,25.0,-16.26
22.0742,10,22,-19,29.069,-40.82
22.0742,11,22,-18,28.425,-39.29
22.0742,12,7,-13,14.765,-61.7
22.0742,13,15,-16,21.932,-46.85
22.0742,14,20,-14,24.413,-34.99
22.0742,15,12,-14,18.439,-49.4
22.0742,16,13,-13,18.385,-45.0
22.0742,17,20,-9,21.932,-24.23
22.0742,18,17,-10,19.723,-30.47
22.0742,19,2,-16,16.125,-82.87
22.0742,20,14,-12,18.439,-40.6
22.0742,21,11,-11,15.556,-45.0
22.0742,22,14,-10,17.205,-35.54
22.0742,23,9,-6,10.817,-33.69
22.0742,24,9,-4,9.849,-23.96
22.0742,25,18,0,18.0,0.0
22.0742,26,24,3,24.187,7.13
22.0742,27,0,0,0.0,0.0
22.0742,28,0,0,0.0,0.0
22.0742,29,0,0,0.0,0.0
22.0742,30,0,0,0.0,0.0
22.0742,31,0,0,0.0,0.0
22.0742,32,0,0,0.0,0.0
22.0742,33,0,0,0.0,0.0
22.0742,34,0,0,0.0,0.0
22.0742,35,0,0,0.0,0.0
22.0742,36,0,0,0.0,0.0
22.0742,37,0,0,0.0,0.0
22.0742,38,-5,-12,13.0,-112.62
22.0742,39,-11,-14,17.804,-128.16
22.0742,40,-5,-15,15.811,-108.43
22.0742,41,-7,-16,17.464,-113.63
22.0742,42,-8,-19,20.616,-112.83
22.0742,43,-9,-13,15.811,-124.7
22.0742,44,-3,-18,18.248,-99.46
22.0742,45,-1,-19,19.026,-93.01
22.0742,46,-2,-19,19.105,-96.01
22.0742,47,4,-21,21.378,-79.22
22.0742,48,-2,-23,23.087,-94.97
22.0742,49,2,-24,24.083,-85.24
22.0742,50,2,-16,16.125,-82.87
22.0742,51,4,-22,22.361,-79.7
22.0742,52,5,-22,22.561,-77.2
22.0742,53,5,-20,20.616,-75.96
22.0742,54,8,-19,20.616,-67.17
22.0742,55,3,-18,18.248,-80.54
22.0742,56,16,-21,26.401,-52.7
22.0742,57,5,-21,21.587,-76.61
22.0742,58,7,-17,18.385,-67.62
22.0742,59,13,-20,23.854,-56.98
22.0742,60,13,-18,22.204,-54.16
22.0742,61,-1,-14,14.036,-94.09
22.0742,62,32,-24,40.0,-36.87
22.0742,63,-3,-11,11.402,-105.26
22.2705,0,23,113,115.317,78.5
22.2705,1,17,0,17.0,0.0
22.2705,2,25,-2,25.08,-4.57
22.2705,3,15,-12,19.209,-38.66
22.2705,4,23,-10,25.08,-23.5
22.2705,5,18,-12,21.633,-33.69
22.2705,6,16,-15,21.932,-43.15
22.2705,7,14,-20,24.413,-55.01
22.2705,8,15,-11,18.601,-36.25
22.2705,9,16,-11,19.416,-34.51
22.2705,10,12,-21,24.187,-60.26
22.2705,11,11,-17,20.248,-57.09
22.2705,12,14,-14,19.799,-45.0
22.2705,13,7,-18,19.313,-68.75
22.2705,14,10,-18,20.591,-60.95
22.2705,15,8,-21,22.472,-69.15
22.2705,16,6,-18,18.974,-71.57
22.2705,17,10,-20,22.361,-63.43
22.2705,18,11,-17,20.248,-57.09
22.2705,19,6,-13,14.318,-65.22
22.2705,20,0,-22,22.0,-90.0
22.2705,21,11,-23,25.495,-64.44
22.2705,22,4,-17,17.464,-76.76
22.2705,23,9,-13,15.811,-55.3
22.2705,24,9,-17,19.235,-62.1
22.2705,25,3,-14,14.318,-77.91
22.2705,26,7,-16,17.464,-66.37
22.2705,27,0,0,0.0,0.0
22.2705,28,0,0,0.0,0.0
22.2705,29,0,0,0.0,0.0
22.2705,30,0,0,0.0,0.0
22.2705,31,0,0,0.0,0.0
22.2705,32,0,0,0.0,0.0
22.2705,33,0,0,0.0,0.0
22.2705,34,0,0,0.0,0.0
22.2705,35,0,0,0.0,0.0
22.2705,36,0,0,0.0,0.0
22.2705,37,0,0,0.0,0.0
22.2705,38,12,2,12.166,9.46
22.2705,39,11,3,11.402,15.26
22.2705,40,14,3,14.318,12.09
22.2705,41,16,9,18.358,29.36
22.2705,42,14,2,14.142,8.13
22.2705,43,12,10,15.62,39.81
22.2705,44,17,3,17.263,10.01
22.2705,45,15,2,15.133,7.59
22.2705,46,11,3,11.402,15.26
22.2705,47,19,8,20.616,22.83
22.2705,48,17,8,18.788,25.2
22.2705,49,17,4,17.464,13.24
22.2705,50,18,0,18.0,0.0
22.2705,51,14,9,16.643,32.74
22.2705,52,17,2,17.117,6.71
22.2705,53,19,3,19.235,8.97
22.2705,54,21,1,21.024,2.73
22.2705,55,21,8,22.472,20.85
22.2705,56,24,0,24.0,0.0
22.2705,57,18,-1,18.028,-3.18
22.2705,58,29,-6,29.614,-11.69
22.2705,59,3,3,4.243,45.0
22.2705,60,27,5,27.459,10.49
22.2705,61,36,-4,36.222,-6.34
22.2705,62,28,4,28.284,8.13
22.2705,63,11,10,14.866,42.27
22.3885,0,23,113,115.317,78.5
22.3885,1,17,0,17.0,0.0
22.3885,2,-16,2,16.125,172.87
22.3885,3,-37,-8,37.855,-167.8
22.3885,4,-35,-8,35.903,-167.12
22.3885,5,-14,-6,15.232,-156.8
22.3885,6,-10,-12,15.62,-129.81
22.3885,7,-11,-2,11.18,-169.7
22.3885,8,-27,-7,27.893,-165.47
22.3885,9,-23,-6,23.77,-165.38
22.3885,10,-11,-6,12.53,-151.39
22.3885,11,-16,-2,16.125,-172.87
22.3885,12,-26,-4,26.306,-171.25
22.3885,13,-23,-2,23.087,-175.03
22.3885,14,-21,-3,21.213,-171.87
22.3885,15,-11,-9,14.213,-140.71
22.3885,16,-10,-8,12.806,-141.34
22.3885,17,-22,-9,23.77,-157.75
22.3885,18,-16,-6,17.088,-159.44
22.3885,19,-20,-10,22.361,-153.43
22.3885,20,-15,-12,19.209,-141.34
22.3885,21,-19,-5,19.647,-165.26
22.3885,22,-12,-10,15.62,-140.19
22.3885,23,-14,1,14.036,175.91
22.3885,24,-10,-14,17.205,-125.54
22.3885,25,-12,-7,13.892,-149.74
22.3885,26,-9,-14,16.643,-122.74
22.3885,27,0,0,0.0,0.0
22.3885,28,0,0,0.0,0.0
22.3885,29,0,0,0.0,0.0
22.3885,30,0,0,0.0,0.0
22.3885,31,0,0,0.0,0.0
22.3885,32,0,0,0.0,0.0
22.3885,33,0,0,0.0,0.0
22.3885,34,0,0,0.0,0.0
22.3885,35,0,0,0.0,0.0
22.3885,36,0,0,0.0,0.0
22.3885,37,0,0,0.0,0.0
22.3885,38,-9,7,11.402,142.13
22.3885,39,-14,4,14.56,164.05
22.3885,40,-17,9,19.235,152.1
22.3885,41,-17,6,18.028,160.56
22.3885,42,-19,6,19.925,162.47
22.3885,43,-15,2,15.133,172.41
22.3885,44,-21,5,21.587,166.61
22.3885,45,-17,6,18.028,160.56
22.3885,46,-17,2,17.117,173.29
22.3885,47,-16,0,16.0,180.0
22.3885,48,-18,-1,18.028,-176.82
22.3885,49,-24,-9,25.632,-159.44
22.3885,50,-21,3,21.213,171.87
22.3885,51,-16,0,16.0,180.0
22.3885,52,-20,-2,20.1,-174.29
22.3885,53,-20,2,20.1,174.29
22.3885,54,-17,1,17.029,176.63
22.3885,55,-20,2,20.1,174.29
22.3885,56,-17,-10,19.723,-149.53
22.3885,57,-31,-11,32.894,-160.46
22.3885,58,-17,5,17.72,163.61
22.3885,59,-9,-4,9.849,-156.04
22.3885,60,-20,10,22.361,153.43
22.3885,61,-16,11,19.416,145.49
22.3885,62,-9,-9,12.728,-135.0
22.3885,63,-28,9,29.411,162.18
22.5787,0,28,-64,69.857,-66.37
22.5787,1,1,0,1.0,0.0
22.5787,2,2,-25,25.08,-85.43
22.5787,3,2,-25,25.08,-85.43
22.5787,4,2,-25,25.08,-85.43
22.5787,5,2,-24,24.083,-85.24
22.5787,6,1,-23,23.022,-87.51
22.5787,7,0,-23,23.0,-90.0
22.5787,8,0,-23,23.0,-90.0
22.5787,9,-1,-22,22.023,-92.6
22.5787,10,-2,-22,22.091,-95.19
22.5787,11,-3,-22,22.204,-97.77
22.5787,12,-3,-20,20.224,-98.53
22.5787,13,-3,-21,21.213,-98.13
22.5787,14,-4,-22,22.361,-100.3
22.5787,15,-3,-21,21.213,-98.13
22.5787,16,-3,-22,22.204,-97.77
22.5787,17,-3,-21,21.213,-98.13
22.5787,18,-3,-21,21.213,-98.13
22.5787,19,-2,-21,21.095,-95.44
22.5787,20,-1,-19,19.026,-93.01
22.5787,21,-1,-19,19.026,-93.01
22.5787,22,0,-18,18.0,-90.0
22.5787,23,0,-17,17.0,-90.0
22.5787,24,1,-18,18.028,-86.82
22.5787,25,1,-17,17.029,-86.63
22.5787,26,3,-16,16.279,-79.38
22.5787,27,0,0,0.0,0.0
22.5787,28,0,0,0.0,0.0
22.5787,29,0,0,0.0,0.0
22.5787,30,0,0,0.0,0.0
22.5787,31,0,0,0.0,0.0
22.5787,32,0,0,0.0,0.0
22.5787,33,0,0,0.0,0.0
22.5787,34,0,0,0.0,0.0
22.5787,35,0,0,0.0,0.0
22.5787,36,0,0,0.0,0.0
22.5787,37,0,0,0.0,0.0
22.5787,38,-1,-19,19.026,-93.01
22.5787,39,0,-19,19.0,-90.0
22.5787,40,2,-20,20.1,-84.29
22.5787,41,2,-21,21.095,-84.56
22.5787,42,3,-21,21.213,-81.87
22.5787,43,5,-21,21.587,-76.61
22.5787,44,6,-21,21.84,-74.05
22.5787,45,6,-22,22.804,-74.74
22.5787,46,7,-21,22.136,-71.57
22.5787,47,8,-22,23.409,-70.02
22.5787,48,8,-23,24.352,-70.82
22.5787,49,8,-23,24.352,-70.82
22.5787,50,8,-22,23.409,-70.02
22.5787,51,9,-22,23.77,-67.75
22.5787,52,8,-22,23.409,-70.02
22.5787,53,7,-22,23.087,-72.35
22.5787,54,8,-22,23.409,-70.02
22.5787,55,8,-22,23.409,-70.02
22.5787,56,7,-23,24.042,-73.07
22.5787,57,5,-23,23.537,-77.74
22.5787,58,5,-23,23.537,-77.74
22.5787,59,5,-24,24.515,-78.23
22.5787,60,5,-23,23.537,-77.74
22.5787,61,4,-26,26.306,-81.25
22.5787,62,3,-26,26.173,-83.42
22.5787,63,4,-26,26.306,-81.25
22.6179,0,28,-64,69.857,-66.37
22.6179,1,1,0,1.0,0.0
22.6179,2,-23,-10,25.08,-156.5
22.6179,3,-22,-10,24.166,-155.56
22.6179,4,-22,-10,24.166,-155.56
22.6179,5,-21,-9,22.847,-156.8
22.6179,6,-22,-9,23.77,-157.75
22.6179,7,-21,-7,22.136,-161.57
22.6179,8,-21,-7,22.136,-161.57
22.6179,9,-20,-6,20.881,-163.3
22.6179,10,-21,-6,21.84,-164.05
22.6179,11,-21,-5,21.587,-166.61
22.6179,12,-20,-4,20.396,-168.69
22.6179,13,-20,-4,20.396,-168.69
22.6179,14,-21,-4,21.378,-169.22
22.6179,15,-21,-3,21.213,-171.87
22.6179,16,-20,-3,20.224,-171.47
22.6179,17,-21,-4,21.378,-169.22
22.6179,18,-20,-4,20.396,-168.69
22.6179,19,-19,-5,19.647,-165.26
22.6179,20,-19,-5,19.647,-165.26
22.6179,21,-18,-6,18.974,-161.57
22.6179,22,-17,-6,18.028,-160.56
22.6179,23,-17,-6,18.028,-160.56
22.6179,24,-17,-7,18.385,-157.62
22.6179,25,-15,-7,16.553,-154.98
22.6179,26,-14,-8,16.125,-150.26
22.6179,27,0,0,0.0,0.0
22.6179,28,0,0,0.0,0.0
22.6179,29,0,0,0.0,0.0
22.6179,30,0,0,0.0,0.0
22.6179,31,0,0,0.0,0.0
22.6179,32,0,0,0.0,0.0
22.6179,33,0,0,0.0,0.0
22.6179,34,0,0,0.0,0.0
22.6179,35,0,0,0.0,0.0
22.6179,36,0,0,0.0,0.0
22.6179,37,0,0,0.0,0.0
22.6179,38,-17,-6,18.028,-160.56
22.6179,39,-17,-8,18.788,-154.8
22.6179,40,-18,-8,19.698,-156.04
22.6179,41,-18,-9,20.125,-153.43
22.6179,42,-18,-10,20.591,-150.95
22.6179,43,-17,-12,20.809,-144.78
22.6179,44,-18,-12,21.633,-146.31
22.6179,45,-17,-13,21.401,-142.59
22.6179,46,-17,-14,22.023,-140.53
22.6179,47,-18,-15,23.431,-140.19
22.6179,48,-18,-16,24.083,-138.37
22.6179,49,-17,-16,23.345,-136.74
22.6179,50,-17,-16,23.345,-136.74
22.6179,51,-17,-15,22.672,-138.58
22.6179,52,-17,-15,22.672,-138.58
22.6179,53,-18,-15,23.431,-140.19
22.6179,54,-17,-14,22.023,-140.53
22.6179,55,-18,-14,22.804,-142.13
22.6179,56,-19,-14,23.601,-143.62
22.6179,57,-20,-13,23.854,-146.98
22.6179,58,-20,-13,23.854,-146.98
22.6179,59,-21,-12,24.187,-150.26
22.6179,60,-20,-13,23.854,-146.98
22.6179,61,-23,-12,25.942,-152.45
22.6179,62,-23,-12,25.942,-152.45
22.6179,63,-22,-12,25.06,-151.39
22.653,0,28,-64,69.857,-66.37
22.653,1,1,0,1.0,0.0
22.653,2,-20,13,23.854,146.98
22.653,3,-20,13,23.854,146.98
22.653,4,-19,14,23.601,143.62
22.653,5,-18,13,22.204,144.16
22.653,6,-18,14,22.804,142.13
22.653,7,-17,14,22.023,140.53
22.653,8,-16,14,21.26,138.81
22.653,9,-16,14,21.26,138.81
22.653,10,-15,14,20.518,136.97
22.653,11,-15,15,21.213,135.0
22.653,12,-14,15,20.518,133.03
22.653,13,-14,14,19.799,135.0
22.653,14,-14,15,20.518,133.03
22.653,15,-14,15,20.518,133.03
22.653,16,-14,15,20.518,133.03
22.653,17,-14,15,20.518,133.03
22.653,18,-14,14,19.799,135.0
22.653,19,-14,14,19.799,135.0
22.653,20,-13,12,17.692,137.29
22.653,21,-14,12,18.439,139.4
22.653,22,-14,10,17.205,144.46
22.653,23,-14,10,17.205,144.46
22.653,24,-14,9,16.643,147.26
22.653,25,-14,8,16.125,150.26
22.653,26,-15,7,16.553,154.98
22.653,27,0,0,0.0,0.0
22.653,28,0,0,0.0,0.0
22.653,29,0,0,0.0,0.0
22.653,30,0,0,0.0,0.0
22.653,31,0,0,0.0,0.0
22.653,32,0,0,0.0,0.0
22.653,33,0,0,0.0,0.0
22.653,34,0,0,0.0,0.0
22.653,35,0,0,0.0,0.0
22.653,36,0,0,0.0,0.0
22.653,37,0,0,0.0,0.0
22.653,38,-12,12,16.971,135.0
22.653,39,-14,12,18.439,139.4
22.653,40,-15,11,18.601,143.75
22.653,41,-16,11,19.416,145.49
22.653,42,-17,10,19.723,149.53
22.653,43,-18,10,20.591,150.95
22.653,44,-19,10,21.471,152.24
22.653,45,-19,9,21.024,154.65
22.653,46,-20,9,21.932,155.77
22.653,47,-21,8,22.472,159.15
22.653,48,-22,9,23.77,157.75
22.653,49,-22,8,23.409,160.02
22.653,50,-21,8,22.472,159.15
22.653,51,-21,7,22.136,161.57
22.653,52,-21,7,22.136,161.57
22.653,53,-22,8,23.409,160.02
22.653,54,-21,8,22.472,159.15
22.653,55,-20,8,21.541,158.2
22.653,56,-21,10,23.259,154.54
22.653,57,-20,11,22.825,151.19
22.653,58,-20,11,22.825,151.19
22.653,59,-20,11,22.825,151.19
22.653,60,-21,12,24.187,150.26
22.653,61,-21,13,24.698,148.24
22.653,62,-21,13,24.698,148.24
22.653,63,-21,13,24.698,148.24
22.6843,0,28,-64,69.857,-66.37
22.6843,1,1,0,1.0,0.0
22.6843,2,24,7,25.0,16.26
22.6843,3,23,7,24.042,16.93
22.6843,4,22,7,23.087,17.65
22.6843,5,22,6,22.804,15.26
22.6843,6,22,6,22.804,15.26
22.6843,7,21,5,21.587,13.39
22.6843,8,21,4,21.378,10.78
22.6843,9,20,4,20.396,11.31
22.6843,10,20,2,20.1,5.71
22.6843,11,21,1,21.024,2.73
22.6843,12,20,1,20.025,2.86
22.6843,13,20,0,20.0,0.0
22.6843,14,21,0,21.0,0.0
22.6843,15,20,1,20.025,2.86
22.6843,16,20,1,20.025,2.86
22.6843,17,20,1,20.025,2.86
22.6843,18,20,2,20.1,5.71
22.6843,19,19,2,19.105,6.01
22.6843,20,18,2,18.111,6.34
22.6843,21,18,3,18.248,9.46
22.6843,22,17,3,17.263,10.01
22.6843,23,16,3,16.279,10.62
22.6843,24,16,4,16.492,14.04
22.6843,25,15,5,15.811,18.43
22.6843,26,14,6,15.232,23.2
22.6843,27,0,0,0.0,0.0
22.6843,28,0,0,0.0,0.0
22.6843,29,0,0,0.0,0.0
22.6843,30,0,0,0.0,0.0
22.6843,31,0,0,0.0,0.0
22.6843,32,0,0,0.0,0.0
22.6843,33,0,0,0.0,0.0
22.6843,34,0,0,0.0,0.0
22.6843,35,0,0,0.0,0.0
22.6843,36,0,0,0.0,0.0
22.6843,37,0,0,0.0,0.0
22.6843,38,17,3,17.263,10.01
22.6843,39,17,5,17.72,16.39
22.6843,40,18,5,18.682,15.52
22.6843,41,19,6,19.925,17.53
22.6843,42,19,7,20.248,20.22
22.6843,43,19,9,21.024,25.35
22.6843,44,18,10,20.591,29.05
22.6843,45,19,10,21.471,27.76
22.6843,46,19,12,22.472,32.28
22.6843,47,19,12,22.472,32.28
22.6843,48,19,13,23.022,34.38
22.6843,49,19,12,22.472,32.28
22.6843,50,19,12,22.472,32.28
22.6843,51,19,12,22.472,32.28
22.6843,52,18,12,21.633,33.69
22.6843,53,19,13,23.022,34.38
22.6843,54,19,12,22.472,32.28
22.6843,55,18,11,21.095,31.43
22.6843,56,20,11,22.825,28.81
22.6843,57,21,11,23.707,27.65
22.6843,58,21,10,23.259,25.46
22.6843,59,22,9,23.77,22.25
22.6843,60,21,9,22.847,23.2
22.6843,61,23,8,24.352,19.18
22.6843,62,23,8,24.352,19.18
22.6843,63,24,9,25.632,20.56
22.7067,0,-105,112,153.522,133.15
22.7067,1,9,0,9.0,0.0
22.7067,2,4,-31,31.257,-82.65
22.7067,3,6,-29,29.614,-78.31
22.7067,4,5,-26,26.476,-79.11
22.7067,5,4,-22,22.361,-79.7
22.7067,6,1,-16,16.031,-86.42
22.7067,7,-1,-12,12.042,-94.76
22.7067,8,-4,-8,8.944,-116.57
22.7067,9,-8,-5,9.434,-147.99
22.7067,10,-11,-1,11.045,-174.81
22.7067,11,-14,0,14.0,180.0
22.7067,12,-19,2,19.105,173.99
22.7067,13,-21,2,21.095,174.56
22.7067,14,-24,1,24.021,177.61
22.7067,15,-25,-1,25.02,-177.71
22.7067,16,-26,-4,26.306,-171.25
22.7067,17,-24,-6,24.739,-165.96
22.7067,18,-22,-9,23.77,-157.75
22.7067,19,-18,-11,21.095,-148.57
22.7067,20,-14,-12,18.439,-139.4
22.7067,21,-9,-12,15.0,-126.87
22.7067,22,-5,-10,11.18,-116.57
22.7067,23,0,-8,8.0,-90.0
22.7067,24,3,-5,5.831,-59.04
22.7067,25,5,-2,5.385,-21.8
22.7067,26,6,3,6.708,26.57
22.7067,27,0,0,0.0,0.0
22.7067,28,0,0,0.0,0.0
22.7067,29,0,0,0.0,0.0
22.7067,30,0,0,0.0,0.0
22.7067,31,0,0,0.0,0.0
22.7067,32,0,0,0.0,0.0
22.7067,33,0,0,0.0,0.0
22.7067,34,0,0,0.0,0.0
22.7067,35,0,0,0.0,0.0
22.7067,36,0,0,0.0,0.0
22.7067,37,0,0,0.0,0.0
22.7067,38,3,14,14.318,77.91
22.7067,39,4,11,11.705,70.02
22.7067,40,5,8,9.434,57.99
22.7067,41,8,5,9.434,32.01
22.7067,42,12,3,12.369,14.04
22.7067,43,16,1,16.031,3.58
22.7067,44,19,0,19.0,0.0
22.7067,45,24,-1,24.021,-2.39
22.7067,46,27,0,27.0,0.0
22.7067,47,30,1,30.017,1.91
22.7067,48,31,2,31.064,3.69
22.7067,49,31,4,31.257,7.35
22.7067,50,30,5,30.414,9.46
22.7067,51,27,4,27.295,8.43
22.7067,52,24,3,24.187,7.13
22.7067,53,20,2,20.1,5.71
22.7067,54,18,-1,18.028,-3.18
22.7067,55,14,-4,14.56,-15.95
22.7067,56,10,-9,13.454,-41.99
22.7067,57,8,-13,15.264,-58.39
22.7067,58,5,-18,18.682,-74.48
22.7067,59,3,-23,23.195,-82.57
22.7067,60,2,-27,27.074,-85.76
22.7067,61,2,-30,30.067,-86.19
22.7067,62,3,-32,32.14,-84.64
22.7067,63,3,-35,35.128,-85.1
22.783,0,28,-64,69.857,-66.37
22.783,1,1,0,1.0,0.0
22.783,2,-20,-17,26.249,-139.64
22.783,3,-21,-17,27.019,-141.01
22.783,4,-19,-16,24.839,-139.9
22.783,5,-20,-16,25.612,-141.34
22.783,6,-19,-15,24.207,-141.71
22.783,7,-20,-14,24.413,-145.01
22.783,8,-20,-13,23.854,-146.98
22.783,9,-19,-13,23.022,-145.62
22.783,10,-19,-11,21.954,-149.93
22.783,11,-20,-11,22.825,-151.19
22.783,12,-20,-10,22.361,-153.43
22.783,13,-20,-10,22.361,-153.43
22.783,14,-21,-10,23.259,-154.54
22.783,15,-19,-10,21.471,-152.24
22.783,16,-21,-10,23.259,-154.54
22.783,17,-20,-10,22.361,-153.43
22.783,18,-20,-11,22.825,-151.19
22.783,19,-19,-11,21.954,-149.93
22.783,20,-18,-11,21.095,-148.57
22.783,21,-17,-11,20.248,-147.09
22.783,22,-16,-11,19.416,-145.49
22.783,23,-16,-11,19.416,-145.49
22.783,24,-15,-12,19.209,-141.34
22.783,25,-14,-12,18.439,-139.4
22.783,26,-13,-13,18.385,-135.0
22.783,27,0,0,0.0,0.0
22.783,28,0,0,0.0,0.0
22.783,29,0,0,0.0,0.0
22.783,30,0,0,0.0,0.0
22.783,31,0,0,0.0,0.0
22.783,32,0,0,0.0,0.0
22.783,33,0,0,0.0,0.0
22.783,34,0,0,0.0,0.0
22.783,35,0,0,0.0,0.0
22.783,36,0,0,0.0,0.0
22.783,37,0,0,0.0,0.0
22.783,38,-16,-10,18.868,-147.99
22.783,39,-16,-13,20.616,-140.91
22.783,40,-16,-13,20.616,-140.91
22.783,41,-16,-15,21.932,-136.85
22.783,42,-15,-15,21.213,-135.0
22.783,43,-15,-17,22.672,-131.42
22.783,44,-14,-18,22.804,-127.87
22.783,45,-14,-18,22.804,-127.87
22.783,46,-14,-19,23.601,-126.38
22.783,47,-14,-19,23.601,-126.38
22.783,48,-14,-21,25.239,-123.69
22.783,49,-14,-21,25.239,-123.69
22.783,50,-14,-21,25.239,-123.69
22.783,51,-14,-20,24.413,-124.99
22.783,52,-14,-20,24.413,-124.99
22.783,53,-14,-20,24.413,-124.99
22.783,54,-14,-20,24.413,-124.99
22.783,55,-14,-19,23.601,-126.38
22.783,56,-16,-20,25.612,-128.66
22.783,57,-16,-18,24.083,-131.63
22.783,58,-17,-18,24.759,-133.36
22.783,59,-18,-18,25.456,-135.0
22.783,60,-17,-18,24.759,-133.36
22.783,61,-20,-19,27.586,-136.47
22.783,62,-20,-18,26.907,-138.01
22.783,63,-20,-19,27.586,-136.47
22.8252,0,28,-64,69.857,-66.37
22.8252,1,1,0,1.0,0.0
22.8252,2,23,0,23.0,0.0
22.8252,3,23,0,23.0,0.0
22.8252,4,21,0,21.0,0.0
22.8252,5,22,-1,22.023,-2.6
22.8252,6,21,-2,21.095,-5.44
22.8252,7,21,-2,21.095,-5.44
22.8252,8,21,-1,21.024,-2.73
22.8252,9,20,-2,20.1,-5.71
22.8252,10,19,-4,19.416,-11.89
22.8252,11,20,-6,20.881,-16.7
22.8252,12,19,-5,19.647,-14.74
22.8252,13,18,-6,18.974,-18.43
22.8252,14,19,-6,19.925,-17.53
22.8252,15,19,-5,19.647,-14.74
22.8252,16,20,-6,20.881,-16.7
22.8252,17,19,-5,19.647,-14.74
22.8252,18,20,-4,20.396,-11.31
22.8252,19,19,-4,19.416,-11.89
22.8252,20,18,-3,18.248,-9.46
22.8252,21,17,-2,17.117,-6.71
22.8252,22,17,-2,17.117,-6.71
22.8252,23,16,-1,16.031,-3.58
22.8252,24,17,-1,17.029,-3.37
22.8252,25,16,-1,16.031,-3.58
22.8252,26,15,1,15.033,3.81
22.8252,27,0,0,0.0,0.0
22.8252,28,0,0,0.0,0.0
22.8252,29,0,0,0.0,0.0
22.8252,30,0,0,0.0,0.0
22.8252,31,0,0,0.0,0.0
22.8252,32,0,0,0.0,0.0
22.8252,33,0,0,0.0,0.0
22.8252,34,0,0,0.0,0.0
22.8252,35,0,0,0.0,0.0
22.8252,36,0,0,0.0,0.0
22.8252,37,0,0,0.0,0.0
22.8252,38,17,-3,17.263,-10.01
22.8252,39,18,-1,18.028,-3.18
22.8252,40,18,-1,18.028,-3.18
22.8252,41,19,0,19.0,0.0
22.8252,42,19,1,19.026,3.01
22.8252,43,20,3,20.224,8.53
22.8252,44,20,4,20.396,11.31
22.8252,45,20,4,20.396,11.31
22.8252,46,20,5,20.616,14.04
22.8252,47,20,5,20.616,14.04
22.8252,48,21,5,21.587,13.39
22.8252,49,21,6,21.84,15.95
22.8252,50,22,6,22.804,15.26
22.8252,51,21,6,21.84,15.95
22.8252,52,20,6,20.881,16.7
22.8252,53,21,5,21.587,13.39
22.8252,54,20,5,20.616,14.04
22.8252,55,20,5,20.616,14.04
22.8252,56,21,4,21.378,10.78
22.8252,57,22,4,22.361,10.3
22.8252,58,22,4,22.361,10.3
22.8252,59,23,3,23.195,7.43
22.8252,60,22,3,22.204,7.77
22.8252,61,24,1,24.021,2.39
22.8252,62,24,0,24.0,0.0
22.8252,63,25,1,25.02,2.29
22.8538,0,28,-64,69.857,-66.37
22.8538,1,1,0,1.0,0.0
22.8538,2,8,-22,23.409,-70.02
22.8538,3,8,-22,23.409,-70.02
22.8538,4,8,-22,23.409,-70.02
22.8538,5,8,-22,23.409,-70.02
22.8538,6,7,-22,23.087,-72.35
22.8538,7,6,-21,21.84,-74.05
22.8538,8,5,-21,21.587,-76.61
22.8538,9,5,-21,21.587,-76.61
22.8538,10,4,-20,20.396,-78.69
22.8538,11,3,-22,22.204,-82.23
22.8538,12,2,-21,21.095,-84.56
22.8538,13,2,-20,20.1,-84.29
22.8538,14,2,-21,21.095,-84.56
22.8538,15,2,-21,21.095,-84.56
22.8538,16,2,-21,21.095,-84.56
22.8538,17,2,-20,20.1,-84.29
22.8538,18,3,-21,21.213,-81.87
22.8538,19,3,-19,19.235,-81.03
22.8538,20,4,-19,19.416,-78.11
22.8538,21,3,-18,18.248,-80.54
22.8538,22,4,-17,17.464,-76.76
22.8538,23,5,-16,16.763,-72.65
22.8538,24,5,-16,16.763,-72.65
22.8538,25,6,-15,16.155,-68.2
22.8538,26,7,-14,15.652,-63.43
22.8538,27,0,0,0.0,0.0
22.8538,28,0,0,0.0,0.0
22.8538,29,0,0,0.0,0.0
22.8538,30,0,0,0.0,0.0
22.8538,31,0,0,0.0,0.0
22.8538,32,0,0,0.0,0.0
22.8538,33,0,0,0.0,0.0
22.8538,34,0,0,0.0,0.0
22.8538,35,0,0,0.0,0.0
22.8538,36,0,0,0.0,0.0
22.8538,37,0,0,0.0,0.0
22.8538,38,4,-17,17.464,-76.76
22.8538,39,5,-17,17.72,-73.61
22.8538,40,6,-18,18.974,-71.57
22.8538,41,7,-18,19.313,-68.75
22.8538,42,8,-18,19.698,-66.04
22.8538,43,10,-18,20.591,-60.95
22.8538,44,10,-19,21.471,-62.24
22.8538,45,11,-18,21.095,-58.57
22.8538,46,11,-18,21.095,-58.57
22.8538,47,13,-18,22.204,-54.16
22.8538,48,13,-19,23.022,-55.62
22.8538,49,14,-18,22.804,-52.13
22.8538,50,13,-18,22.204,-54.16
22.8538,51,13,-18,22.204,-54.16
22.8538,52,13,-17,21.401,-52.59
22.8538,53,13,-19,23.022,-55.62
22.8538,54,12,-18,21.633,-56.31
22.8538,55,12,-18,21.633,-56.31
22.8538,56,12,-19,22.472,-57.72
22.8538,57,11,-20,22.825,-61.19
22.8538,58,11,-20,22.825,-61.19
22.8538,59,10,-20,22.361,-63.43
22.8538,60,11,-20,22.825,-61.19
22.8538,61,11,-22,24.597,-63.43
22.8538,62,9,-22,23.77,-67.75
22.8538,63,11,-23,25.495,-64.44
22.896,0,28,-64,69.857,-66.37
22.896,1,1,0,1.0,0.0
22.896,2,1,-26,26.019,-87.8
22.896,3,1,-25,25.02,-87.71
22.896,4,1,-25,25.02,-87.71
22.896,5,1,-24,24.021,-87.61
22.896,6,0,-24,24.0,-90.0
22.896,7,-1,-24,24.021,-92.39
22.896,8,-1,-23,23.022,-92.49
22.896,9,-2,-23,23.087,-94.97
22.896,10,-3,-22,22.204,-97.77
22.896,11,-4,-23,23.345,-99.87
22.896,12,-5,-21,21.587,-103.39
22.896,13,-5,-21,21.587,-103.39
22.896,14,-5,-22,22.561,-102.8
22.896,15,-5,-22,22.561,-102.8
22.896,16,-5,-22,22.561,-102.8
22.896,17,-5,-22,22.561,-102.8
22.896,18,-4,-22,22.361,-100.3
22.896,19,-3,-21,21.213,-98.13
22.896,20,-3,-21,21.213,-98.13
22.896,21,-2,-21,21.095,-95.44
22.896,22,-1,-19,19.026,-93.01
22.896,23,-1,-19,19.026,-93.01
22.896,24,-1,-19,19.026,-93.01
22.896,25,1,-18,18.028,-86.82
22.896,26,2,-18,18.111,-83.66
22.896,27,0,0,0.0,0.0
22.896,28,0,0,0.0,0.0
22.896,29,0,0,0.0,0.0
22.896,30,0,0,0.0,0.0
22.896,31,0,0,0.0,0.0
22.896,32,0,0,0.0,0.0
22.896,33,0,0,0.0,0.0
22.896,34,0,0,0.0,0.0
22.896,35,0,0,0.0,0.0
22.896,36,0,0,0.0,0.0
22.896,37,0,0,0.0,0.0
22.896,38,-1,-19,19.026,-93.01
22.896,39,0,-20,20.0,-90.0
22.896,40,1,-20,20.025,-87.14
22.896,41,2,-21,21.095,-84.56
22.896,42,3,-21,21.213,-81.87
22.896,43,5,-22,22.561,-77.2
22.896,44,5,-22,22.561,-77.2
22.896,45,6,-22,22.804,-74.74
22.896,46,7,-22,23.087,-72.35
22.896,47,7,-22,23.087,-72.35
22.896,48,8,-24,25.298,-71.57
22.896,49,8,-23,24.352,-70.82
22.896,50,8,-23,24.352,-70.82
22.896,51,8,-22,23.409,-70.02
22.896,52,8,-22,23.409,-70.02
22.896,53,7,-23,24.042,-73.07
22.896,54,7,-22,23.087,-72.35
22.896,55,7,-22,23.087,-72.35
22.896,56,6,-23,23.77,-75.38
22.896,57,5,-24,24.515,-78.23
22.896,58,4,-24,24.331,-80.54
22.896,59,4,-25,25.318,-80.91
22.896,60,4,-24,24.331,-80.54
22.896,61,3,-26,26.173,-83.42
22.896,62,3,-26,26.173,-83.42
22.896,63,3,-27,27.166,-83.66
22.9114,0,28,-64,69.857,-66.37
22.9114,1,1,0,1.0,0.0
22.9114,2,-1,23,23.022,92.49
22.9114,3,-1,23,23.022,92.49
22.9114,4,-1,23,23.022,92.49
22.9114,5,-1,23,23.022,92.49
22.9114,6,0,22,22.0,90.0
22.9114,7,1,21,21.024,87.27
22.9114,8,1,21,21.024,87.27
22.9114,9,1,20,20.025,87.14
22.9114,10,2,20,20.1,84.29
22.9114,11,3,20,20.224,81.47
22.9114,12,3,19,19.235,81.03
22.9114,13,3,19,19.235,81.03
22.9114,14,4,20,20.396,78.69
22.9114,15,4,19,19.416,78.11
22.9114,16,4,20,20.396,78.69
22.9114,17,3,19,19.235,81.03
22.9114,18,3,20,20.224,81.47
22.9114,19,2,19,19.105,83.99
22.9114,20,1,18,18.028,86.82
22.9114,21,1,18,18.028,86.82
22.9114,22,0,16,16.0,90.0
22.9114,23,0,16,16.0,90.0
22.9114,24,-1,17,17.029,93.37
22.9114,25,-2,16,16.125,97.13
22.9114,26,-3,15,15.297,101.31
22.9114,27,0,0,0.0,0.0
22.9114,28,0,0,0.0,0.0
22.9114,29,0,0,0.0,0.0
22.9114,30,0,0,0.0,0.0
22.9114,31,0,0,0.0,0.0
22.9114,32,0,0,0.0,0.0
22.9114,33,0,0,0.0,0.0
22.9114,34,0,0,0.0,0.0
22.9114,35,0,0,0.0,0.0
22.9114,36,0,0,0.0,0.0
22.9114,37,0,0,0.0,0.0
22.9114,38,2,17,17.117,83.29
22.9114,39,1,18,18.028,86.82
22.9114,40,0,18,18.0,90.0
22.9114,41,-1,19,19.026,93.01
22.9114,42,-2,19,19.105,96.01
22.9114,43,-3,20,20.224,98.53
22.9114,44,-4,21,21.378,100.78
22.9114,45,-5,20,20.616,104.04
22.9114,46,-5,20,20.616,104.04
22.9114,47,-6,20,20.881,106.7
22.9114,48,-6,22,22.804,105.26
22.9114,49,-7,22,23.087,107.65
22.9114,50,-6,21,21.84,105.95
22.9114,51,-6,20,20.881,106.7
22.9114,52,-6,20,20.881,106.7
22.9114,53,-6,21,21.84,105.95
22.9114,54,-6,21,21.84,105.95
22.9114,55,-6,20,20.881,106.7
22.9114,56,-5,22,22.561,102.8
22.9114,57,-4,22,22.361,100.3
22.9114,58,-4,22,22.361,100.3
22.9114,59,-3,22,22.204,97.77
22.9114,60,-4,22,22.361,100.3
22.9114,61,-2,24,24.083,94.76
22.9114,62,-1,24,24.021,92.39
22.9114,63,-3,25,25.179,96.84
22.9937,0,23,113,115.317,78.5
22.9937,1,17,0,17.0,0.0
22.9937,2,-9,-7,11.402,-142.13
22.9937,3,-14,-27,30.414,-117.41
22.9937,4,-25,-27,36.797,-132.8
22.9937,5,-17,-21,27.019,-128.99
22.9937,6,-10,-9,13.454,-138.01
22.9937,7,0,-13,13.0,-90.0
22.9937,8,-15,-16,21.932,-133.15
22.9937,9,-11,-17,20.248,-122.91
22.9937,10,-12,-15,19.209,-128.66
22.9937,11,-16,-15,21.932,-136.85
22.9937,12,-12,-14,18.439,-130.6
22.9937,13,-11,-18,21.095,-121.43
22.9937,14,-11,-13,17.029,-130.24
22.9937,15,-23,-19,29.833,-140.44
22.9937,16,-13,-11,17.029,-139.76
22.9937,17,-17,-20,26.249,-130.36
22.9937,18,-11,-16,19.416,-124.51
22.9937,19,-16,-14,21.26,-138.81
22.9937,20,-14,-13,19.105,-137.12
22.9937,21,-16,-12,20.0,-143.13
22.9937,22,-9,-19,21.024,-115.35
22.9937,23,-20,-25,32.016,-128.66
22.9937,24,-7,-11,13.038,-122.47
22.9937,25,3,-24,24.187,-82.87
22.9937,26,4,-19,19.416,-78.11
22.9937,27,0,0,0.0,0.0
22.9937,28,0,0,0.0,0.0
22.9937,29,0,0,0.0,0.0
22.9937,30,0,0,0.0,0.0
22.9937,31,0,0,0.0,0.0
22.9937,32,0,0,0.0,0.0
22.9937,33,0,0,0.0,0.0
22.9937,34,0,0,0.0,0.0
22.9937,35,0,0,0.0,0.0
22.9937,36,0,0,0.0,0.0
22.9937,37,0,0,0.0,0.0
22.9937,38,6,-16,17.088,-69.44
22.9937,39,2,-14,14.142,-81.87
22.9937,40,1,-15,15.033,-86.19
22.9937,41,6,-13,14.318,-65.22
22.9937,42,2,-18,18.111,-83.66
22.9937,43,-4,-17,17.464,-103.24
22.9937,44,6,-14,15.232,-66.8
22.9937,45,4,-14,14.56,-74.05
22.9937,46,3,-17,17.263,-79.99
22.9937,47,8,-14,16.125,-60.26
22.9937,48,1,-19,19.026,-86.99
22.9937,49,3,-22,22.204,-82.23
22.9937,50,9,-21,22.847,-66.8
22.9937,51,-3,-22,22.204,-97.77
22.9937,52,1,-19,19.026,-86.99
22.9937,53,-8,-21,22.472,-110.85
22.9937,54,6,-21,21.84,-74.05
22.9937,55,-1,-14,14.036,-94.09
22.9937,56,-2,-22,22.091,-95.19
22.9937,57,1,-23,23.022,-87.51
22.9937,58,-5,-15,15.811,-108.43
22.9937,59,-6,-25,25.71,-103.5
22.9937,60,13,-25,28.178,-62.53
22.9937,61,14,-22,26.077,-57.53
22.9937,62,-5,-12,13.0,-112.62
22.9937,63,-5,-11,12.083,-114.44
23.0977,0,23,113,115.317,78.5
23.0977,1,17,0,17.0,0.0
23.0977,2,-14,-13,19.105,-137.12
23.0977,3,-17,-37,40.719,-114.68
23.0977,4,-9,0,9.0,180.0
23.0977,5,-19,-28,33.838,-124.16
23.0977,6,-11,-1,11.045,-174.81
23.0977,7,-27,-1,27.019,-177.88
23.0977,8,-18,-16,24.083,-138.37
23.0977,9,-6,-14,15.232,-113.2
23.0977,10,-18,-6,18.974,-161.57
23.0977,11,-15,-3,15.297,-168.69
23.0977,12,-20,-3,20.224,-171.47
23.0977,13,-13,-7,14.765,-151.7
23.0977,14,-22,-2,22.091,-174.81
23.0977,15,-12,-8,14.422,-146.31
23.0977,16,-15,-11,18.601,-143.75
23.0977,17,-18,-3,18.248,-170.54
23.0977,18,-15,-16,21.932,-133.15
23.0977,19,-18,-6,18.974,-161.57
23.0977,20,-14,-13,19.105,-137.12
23.0977,21,-12,-12,16.971,-135.0
23.0977,22,-11,-6,12.53,-151.39
23.0977,23,-17,-9,19.235,-152.1
23.0977,24,-12,-11,16.279,-137.49
23.0977,25,-7,-5,8.602,-144.46
23.0977,26,-13,-7,14.765,-151.7
23.0977,27,0,0,0.0,0.0
23.0977,28,0,0,0.0,0.0
23.0977,29,0,0,0.0,0.0
23.0977,30,0,0,0.0,0.0
23.0977,31,0,0,0.0,0.0
23.0977,32,0,0,0.0,0.0
23.0977,33,0,0,0.0,0.0
23.0977,34,0,0,0.0,0.0
23.0977,35,0,0,0.0,0.0
23.0977,36,0,0,0.0,0.0
23.0977,37,0,0,0.0,0.0
23.0977,38,-11,-5,12.083,-155.56
23.0977,39,-11,-8,13.601,-143.97
23.0977,40,-13,-8,15.264,-148.39
23.0977,41,-15,-13,19.849,-139.09
23.0977,42,-11,-8,13.601,-143.97
23.0977,43,-12,-10,15.62,-140.19
23.0977,44,-11,-11,15.556,-135.0
23.0977,45,-19,-9,21.024,-154.65
23.0977,46,-13,-10,16.401,-142.43
23.0977,47,-15,-13,19.849,-139.09
23.0977,48,-17,-10,19.723,-149.53
23.0977,49,-22,-10,24.166,-155.56
23.0977,50,-18,-12,21.633,-146.31
23.0977,51,-12,-9,15.0,-143.13
23.0977,52,-20,-7,21.19,-160.71
23.0977,53,-21,-12,24.187,-150.26
23.0977,54,-15,-17,22.672,-131.42
23.0977,55,-15,-9,17.493,-149.04
23.0977,56,-17,-9,19.235,-152.1
23.0977,57,-12,-8,14.422,-146.31
23.0977,58,-17,-5,17.72,-163.61
23.0977,59,-15,-13,19.849,-139.09
23.0977,60,-23,-7,24.042,-163.07
23.0977,61,-25,-8,26.249,-162.26
23.0977,62,-29,-15,32.65,-152.65
23.0977,63,-10,5,11.18,153.43
23.1951,0,23,113,115.317,78.5
23.1951,1,17,0,17.0,0.0
23.1951,2,2,19,19.105,83.99
23.1951,3,-10,4,10.77,158.2
23.1951,4,-15,8,17.0,151.93
23.1951,5,-2,12,12.166,99.46
23.1951,6,-4,13,13.601,107.1
23.1951,7,-6,14,15.232,113.2
23.1951,8,-1,19,19.026,93.01
23.1951,9,-5,13,13.928,111.04
23.1951,10,-11,8,13.601,143.97
23.1951,11,-6,13,14.318,114.78
23.1951,12,-12,9,15.0,143.13
23.1951,13,-8,15,17.0,118.07
23.1951,14,-11,14,17.804,128.16
23.1951,15,-13,17,21.401,127.41
23.1951,16,-10,15,18.028,123.69
23.1951,17,-10,10,14.142,135.0
23.1951,18,-9,8,12.042,138.37
23.1951,19,-12,12,16.971,135.0
23.1951,20,-8,11,13.601,126.03
23.1951,21,-12,11,16.279,137.49
23.1951,22,-15,9,17.493,149.04
23.1951,23,-12,11,16.279,137.49
23.1951,24,-15,9,17.493,149.04
23.1951,25,-17,10,19.723,149.53
23.1951,26,-22,7,23.087,162.35
23.1951,27,0,0,0.0,0.0
23.1951,28,0,0,0.0,0.0
23.1951,29,0,0,0.0,0.0
23.1951,30,0,0,0.0,0.0
23.1951,31,0,0,0.0,0.0
23.1951,32,0,0,0.0,0.0
23.1951,33,0,0,0.0,0.0
23.1951,34,0,0,0.0,0.0
23.1951,35,0,0,0.0,0.0
23.1951,36,0,0,0.0,0.0
23.1951,37,0,0,0.0,0.0
23.1951,38,-4,14,14.56,105.95
23.1951,39,-4,14,14.56,105.95
23.1951,40,-6,11,12.53,118.61
23.1951,41,-7,17,18.385,112.38
23.1951,42,-7,15,16.553,115.02
23.1951,43,-11,10,14.866,137.73
23.1951,44,-9,13,15.811,124.7
23.1951,45,-11,16,19.416,124.51
23.1951,46,-7,12,13.892,120.26
23.1951,47,-10,17,19.723,120.47
23.1951,48,-10,15,18.028,123.69
23.1951,49,-10,22,24.166,114.44
23.1951,50,-8,18,19.698,113.96
23.1951,51,-9,16,18.358,119.36
23.1951,52,-11,15,18.601,126.25
23.1951,53,-9,16,18.358,119.36
23.1951,54,-18,11,21.095,148.57
23.1951,55,-11,15,18.601,126.25
23.1951,56,-12,21,24.187,119.74
23.1951,57,-5,10,11.18,116.57
23.1951,58,-13,15,19.849,130.91
23.1951,59,-18,13,22.204,144.16
23.1951,60,-11,21,23.707,117.65
23.1951,61,-4,16,16.492,104.04
23.1951,62,-8,19,20.616,112.83
23.1951,63,-19,13,23.022,145.62
23.2903,0,23,113,115.317,78.5
23.2903,1,17,0,17.0,0.0
23.2903,2,34,-3,34.132,-5.04
23.2903,3,-19,9,21.024,154.65
23.2903,4,-6,7,9.22,130.6
23.2903,5,-1,24,24.021,92.39
23.2903,6,22,28,35.609,51.84
23.2903,7,7,21,22.136,71.57
23.2903,8,0,17,17.0,90.0
23.2903,9,4,19,19.416,78.11
23.2903,10,2,17,17.117,83.29
23.2903,11,1,22,22.023,87.4
23.2903,12,-4,16,16.492,104.04
23.2903,13,7,16,17.464,66.37
23.2903,14,9,26,27.514,70.91
23.2903,15,1,16,16.031,86.42
23.2903,16,2,21,21.095,84.56
23.2903,17,0,22,22.0,90.0
23.2903,18,4,21,21.378,79.22
23.2903,19,-1,18,18.028,93.18
23.2903,20,1,21,21.024,87.27
23.2903,21,4,11,11.705,70.02
23.2903,22,-3,22,22.204,97.77
23.2903,23,-7,9,11.402,127.87
23.2903,24,-8,15,17.0,118.07
23.2903,25,-3,16,16.279,100.62
23.2903,26,-7,19,20.248,110.22
23.2903,27,0,0,0.0,0.0
23.2903,28,0,0,0.0,0.0
23.2903,29,0,0,0.0,0.0
23.2903,30,0,0,0.0,0.0
23.2903,31,0,0,0.0,0.0
23.2903,32,0,0,0.0,0.0
23.2903,33,0,0,0.0,0.0
23.2903,34,0,0,0.0,0.0
23.2903,35,0,0,0.0,0.0
23.2903,36,0,0,0.0,0.0
23.2903,37,0,0,0.0,0.0
23.2903,38,16,7,17.464,23.63
23.2903,39,12,10,15.62,39.81
23.2903,40,15,9,17.493,30.96
23.2903,41,18,10,20.591,29.05
23.2903,42,9,12,15.0,53.13
23.2903,43,8,8,11.314,45.0
23.2903,44,12,11,16.279,42.51
23.2903,45,7,19,20.248,69.78
23.2903,46,10,12,15.62,50.19
23.2903,47,11,12,16.279,47.49
23.2903,48,12,14,18.439,49.4
23.2903,49,7,17,18.385,67.62
23.2903,50,7,14,15.652,63.43
23.2903,51,13,9,15.811,34.7
23.2903,52,5,13,13.928,68.96
23.2903,53,10,23,25.08,66.5
23.2903,54,12,10,15.62,39.81
23.2903,55,-7,12,13.892,120.26
23.2903,56,3,24,24.187,82.87
23.2903,57,6,13,14.318,65.22
23.2903,58,10,19,21.471,62.24
23.2903,59,4,9,9.849,66.04
23.2903,60,-5,8,9.434,122.01
23.2903,61,13,21,24.698,58.24
23.2903,62,23,30,37.802,52.52
23.2903,63,1,21,21.024,87.27
23.5054,0,23,113,115.317,78.5
23.5054,1,17,0,17.0,0.0
23.5054,2,-8,-23,24.352,-109.18
23.5054,3,-11,1,11.045,174.81
23.5054,4,-26,-7,26.926,-164.93
23.5054,5,-23,0,23.0,180.0
23.5054,6,-30,0,30.0,180.0
23.5054,7,-18,-3,18.248,-170.54
23.5054,8,-25,-2,25.08,-175.43
23.5054,9,-23,-4,23.345,-170.13
23.5054,10,-13,0,13.0,180.0
23.5054,11,-14,-2,14.142,-171.87
23.5054,12,-20,1,20.025,177.14
23.5054,13,-25,6,25.71,166.5
23.5054,14,-20,-3,20.224,-171.47
23.5054,15,-17,3,17.263,169.99
23.5054,16,-16,7,17.464,156.37
23.5054,17,-11,15,18.601,126.25
23.5054,18,-17,10,19.723,149.53
23.5054,19,-12,1,12.042,175.24
23.5054,20,-21,2,21.095,174.56
23.5054,21,-18,3,18.248,170.54
23.5054,22,-15,1,15.033,176.19
23.5054,23,-14,5,14.866,160.35
23.5054,24,-20,6,20.881,163.3
23.5054,25,-20,5,20.616,165.96
23.5054,26,-16,8,17.889,153.43
23.5054,27,0,0,0.0,0.0
23.5054,28,0,0,0.0,0.0
23.5054,29,0,0,0.0,0.0
23.5054,30,0,0,0.0,0.0
23.5054,31,0,0,0.0,0.0
23.5054,32,0,0,0.0,0.0
23.5054,33,0,0,0.0,0.0
23.5054,34,0,0,0.0,0.0
23.5054,35,0,0,0.0,0.0
23.5054,36,0,0,0.0,0.0
23.5054,37,0,0,0.0,0.0
23.5054,38,-2,-13,13.153,-98.75
23.5054,39,-1,-21,21.024,-92.73
23.5054,40,2,-19,19.105,-83.99
23.5054,41,1,-18,18.028,-86.82
23.5054,42,-7,-18,19.313,-111.25
23.5054,43,3,-24,24.187,-82.87
23.5054,44,-1,-17,17.029,-93.37
23.5054,45,-7,-17,18.385,-112.38
23.5054,46,0,-20,20.0,-90.0
23.5054,47,-1,-23,23.022,-92.49
23.5054,48,-1,-28,28.018,-92.05
23.5054,49,-11,-17,20.248,-122.91
23.5054,50,-2,-27,27.074,-94.24
23.5054,51,3,-16,16.279,-79.38
23.5054,52,-11,-21,23.707,-117.65
23.5054,53,-10,-15,18.028,-123.69
23.5054,54,-2,-19,19.105,-96.01
23.5054,55,-14,-17,22.023,-129.47
23.5054,56,-13,-19,23.022,-124.38
23.5054,57,-18,-12,21.633,-146.31
23.5054,58,-15,-34,37.162,-113.81
23.5054,59,-7,-15,16.553,-115.02
23.5054,60,-13,-13,18.385,-135.0
23.5054,61,-13,-9,15.811,-145.3
23.5054,62,-14,-33,35.847,-112.99
23.5054,63,-17,-12,20.809,-144.78
23.6089,0,23,113,115.317,78.5
23.6089,1,17,0,17.0,0.0
23.6089,2,-11,-5,12.083,-155.56
23.6089,3,-16,7,17.464,156.37
23.6089,4,-2,10,10.198,101.31
23.6089,5,-10,7,12.207,145.01
23.6089,6,-19,12,22.472,147.72
23.6089,7,-20,11,22.825,151.19
23.6089,8,-4,0,4.0,180.0
23.6089,9,-21,2,21.095,174.56
23.6089,10,-15,7,16.553,154.98
23.6089,11,-18,-1,18.028,-176.82
23.6089,12,-16,0,16.0,180.0
23.6089,13,-20,-7,21.19,-160.71
23.6089,14,-30,9,31.321,163.3
23.6089,15,-6,12,13.416,116.57
23.6089,16,-28,-19,33.838,-145.84
23.6089,17,-25,-6,25.71,-166.5
23.6089,18,-29,2,29.069,176.05
23.6089,19,-16,-9,18.358,-150.64
23.6089,20,-13,-4,13.601,-162.9
23.6089,21,-12,-1,12.042,-175.24
23.6089,22,-11,-8,13.601,-143.97
23.6089,23,-25,2,25.08,175.43
23.6089,24,-13,-2,13.153,-171.25
23.6089,25,-16,-4,16.492,-165.96
23.6089,26,-12,-14,18.439,-130.6
23.6089,27,0,0,0.0,0.0
23.6089,28,0,0,0.0,0.0
23.6089,29,0,0,0.0,0.0
23.6089,30,0,0,0.0,0.0
23.6089,31,0,0,0.0,0.0
23.6089,32,0,0,0.0,0.0
23.6089,33,0,0,0.0,0.0
23.6089,34,0,0,0.0,0.0
23.6089,35,0,0,0.0,0.0
23.6089,36,0,0,0.0,0.0
23.6089,37,0,0,0.0,0.0
23.6089,38,-6,16,17.088,110.56
23.6089,39,-8,15,17.0,118.07
23.6089,40,-8,10,12.806,128.66
23.6089,41,-10,15,18.028,123.69
23.6089,42,-13,16,20.616,129.09
23.6089,43,-16,10,18.868,147.99
23.6089,44,-11,5,12.083,155.56
23.6089,45,-17,13,21.401,142.59
23.6089,46,-12,14,18.439,130.6
23.6089,47,-12,12,16.971,135.0
23.6089,48,-16,12,20.0,143.13
23.6089,49,-21,15,25.807,144.46
23.6089,50,-21,9,22.847,156.8
23.6089,51,-21,6,21.84,164.05
23.6089,52,-15,16,21.932,133.15
23.6089,53,-14,9,16.643,147.26
23.6089,54,-13,5,13.928,158.96
23.6089,55,-16,4,16.492,165.96
23.6089,56,-19,15,24.207,141.71
23.6089,57,-16,13,20.616,140.91
23.6089,58,-28,0,28.0,180.0
23.6089,59,-20,14,24.413,145.01
23.6089,60,-23,12,25.942,152.45
23.6089,61,-11,-7,13.038,-147.53
23.6089,62,-17,-8,18.788,-154.8
23.6089,63,-12,-1,12.042,-175.24
23.706,0,23,113,115.317,78.5
23.706,1,17,0,17.0,0.0
23.706,2,1,-15,15.033,-86.19
23.706,3,4,-13,13.601,-72.9
23.706,4,38,-16,41.231,-22.83
23.706,5,26,-11,28.231,-22.93
23.706,6,12,-8,14.422,-33.69
23.706,7,17,-16,23.345,-43.26
23.706,8,10,-7,12.207,-34.99
23.706,9,6,-15,16.155,-68.2
23.706,10,14,-6,15.232,-23.2
23.706,11,7,-16,17.464,-66.37
23.706,12,11,0,11.0,0.0
23.706,13,24,-5,24.515,-11.77
23.706,14,18,-14,22.804,-37.87
23.706,15,7,-18,19.313,-68.75
23.706,16,17,-13,21.401,-37.41
23.706,17,19,-14,23.601,-36.38
23.706,18,25,-12,27.731,-25.64
23.706,19,14,-4,14.56,-15.95
23.706,20,17,-4,17.464,-13.24
23.706,21,11,-5,12.083,-24.44
23.706,22,15,1,15.033,3.81
23.706,23,25,-2,25.08,-4.57
23.706,24,19,-3,19.235,-8.97
23.706,25,14,-1,14.036,-4.09
23.706,26,16,-3,16.279,-10.62
23.706,27,0,0,0.0,0.0
23.706,28,0,0,0.0,0.0
23.706,29,0,0,0.0,0.0
23.706,30,0,0,0.0,0.0
23.706,31,0,0,0.0,0.0
23.706,32,0,0,0.0,0.0
23.706,33,0,0,0.0,0.0
23.706,34,0,0,0.0,0.0
23.706,35,0,0,0.0,0.0
23.706,36,0,0,0.0,0.0
23.706,37,0,0,0.0,0.0
23.706,38,3,-16,16.279,-79.38
23.706,39,0,-13,13.0,-90.0
23.706,40,3,-15,15.297,-78.69
23.706,41,2,-14,14.142,-81.87
23.706,42,0,-23,23.0,-90.0
23.706,43,5,-18,18.682,-74.48
23.706,44,4,-11,11.705,-70.02
23.706,45,3,-16,16.279,-79.38
23.706,46,4,-20,20.396,-78.69
23.706,47,4,-14,14.56,-74.05
23.706,48,12,-11,16.279,-42.51
23.706,49,9,-16,18.358,-60.64
23.706,50,7,-23,24.042,-73.07
23.706,51,10,-15,18.028,-56.31
23.706,52,19,-19,26.87,-45.0
23.706,53,15,-22,26.627,-55.71
23.706,54,16,-8,17.889,-26.57
23.706,55,2,-18,18.111,-83.66
23.706,56,14,-18,22.804,-52.13
23.706,57,13,-15,19.849,-49.09
23.706,58,14,-26,29.53,-61.7
23.706,59,21,-23,31.145,-47.6
23.706,60,17,-28,32.757,-58.74
23.706,61,7,-25,25.962,-74.36
23.706,62,1,-9,9.055,-83.66
23.706,63,14,-18,22.804,-52.13
23.8082,0,23,113,115.317,78.5
23.8082,1,17,0,17.0,0.0
23.8082,2,-4,18,18.439,102.53
23.8082,3,1,30,30.017,88.09
23.8082,4,-1,32,32.016,91.79
23.8082,5,14,20,24.413,55.01
23.8082,6,7,20,21.19,70.71
23.8082,7,4,6,7.211,56.31
23.8082,8,12,20,23.324,59.04
23.8082,9,10,9,13.454,41.99
23.8082,10,7,14,15.652,63.43
23.8082,11,31,13,33.615,22.75
23.8082,12,21,8,22.472,20.85
23.8082,13,15,1,15.033,3.81
23.8082,14,22,-1,22.023,-2.6
23.8082,15,27,8,28.16,16.5
23.8082,16,19,5,19.647,14.74
23.8082,17,17,10,19.723,30.47
23.8082,18,20,4,20.396,11.31
23.8082,19,18,1,18.028,3.18
23.8082,20,18,-4,18.439,-12.53
23.8082,21,12,1,12.042,4.76
23.8082,22,23,-2,23.087,-4.97
23.8082,23,15,-5,15.811,-18.43
23.8082,24,18,1,18.028,3.18
23.8082,25,17,0,17.0,0.0
23.8082,26,16,0,16.0,0.0
23.8082,27,0,0,0.0,0.0
23.8082,28,0,0,0.0,0.0
23.8082,29,0,0,0.0,0.0
23.8082,30,0,0,0.0,0.0
23.8082,31,0,0,0.0,0.0
23.8082,32,0,0,0.0,0.0
23.8082,33,0,0,0.0,0.0
23.8082,34,0,0,0.0,0.0
23.8082,35,0,0,0.0,0.0
23.8082,36,0,0,0.0,0.0
23.8082,37,0,0,0.0,0.0
23.8082,38,-12,2,12.166,170.54
23.8082,39,-17,-1,17.029,-176.63
23.8082,40,-16,1,16.031,176.42
23.8082,41,-16,4,16.492,165.96
23.8082,42,-16,6,17.088,159.44
23.8082,43,-19,4,19.416,168.11
23.8082,44,-10,5,11.18,153.43
23.8082,45,-18,6,18.974,161.57
23.8082,46,-11,6,12.53,151.39
23.8082,47,-11,7,13.038,147.53
23.8082,48,-11,11,15.556,135.0
23.8082,49,-18,7,19.313,158.75
23.8082,50,-17,15,22.672,138.58
23.8082,51,-11,10,14.866,137.73
23.8082,52,-14,5,14.866,160.35
23.8082,53,-10,19,21.471,117.76
23.8082,54,-4,10,10.77,111.8
23.8082,55,-6,4,7.211,146.31
23.8082,56,-18,19,26.173,133.45
23.8082,57,-22,6,22.804,164.74
23.8082,58,-14,13,19.105,137.12
23.8082,59,-18,16,24.083,138.37
23.8082,60,3,-3,4.243,-45.0
23.8082,61,20,22,29.732,47.73
23.8082,62,-21,33,39.115,122.47
23.8082,63,0,15,15.0,90.0
24.2206,0,23,113,115.317,78.5
24.2206,1,17,0,17.0,0.0
24.2206,2,8,8,11.314,45.0
24.2206,3,6,-24,24.739,-75.96
24.2206,4,9,-20,21.932,-65.77
24.2206,5,16,-17,23.345,-46.74
24.2206,6,17,-11,20.248,-32.91
24.2206,7,10,-14,17.205,-54.46
24.2206,8,7,-19,20.248,-69.78
24.2206,9,-3,-14,14.318,-102.09
24.2206,10,6,-18,18.974,-71.57
24.2206,11,0,-28,28.0,-90.0
24.2206,12,3,-20,20.224,-81.47
24.2206,13,5,-18,18.682,-74.48
24.2206,14,2,-19,19.105,-83.99
24.2206,15,-3,-21,21.213,-98.13
24.2206,16,1,-14,14.036,-85.91
24.2206,17,1,-18,18.028,-86.82
24.2206,18,-3,-20,20.224,-98.53
24.2206,19,-5,-14,14.866,-109.65
24.2206,20,-1,-18,18.028,-93.18
24.2206,21,4,-19,19.416,-78.11
24.2206,22,1,-21,21.024,-87.27
24.2206,23,-8,-13,15.264,-121.61
24.2206,24,-2,-16,16.125,-97.13
24.2206,25,0,-12,12.0,-90.0
24.2206,26,-3,-18,18.248,-99.46
24.2206,27,0,0,0.0,0.0
24.2206,28,0,0,0.0,0.0
24.2206,29,0,0,0.0,0.0
24.2206,30,0,0,0.0,0.0
24.2206,31,0,0,0.0,0.0
24.2206,32,0,0,0.0,0.0
24.2206,33,0,0,0.0,0.0
24.2206,34,0,0,0.0,0.0
24.2206,35,0,0,0.0,0.0
24.2206,36,0,0,0.0,0.0
24.2206,37,0,0,0.0,0.0
24.2206,38,6,6,8.485,45.0
24.2206,39,13,8,15.264,31.61
24.2206,40,14,9,16.643,32.74
24.2206,41,13,9,15.811,34.7
24.2206,42,12,6,13.416,26.57
24.2206,43,13,4,13.601,17.1
24.2206,44,12,11,16.279,42.51
24.2206,45,11,8,13.601,36.03
24.2206,46,17,8,18.788,25.2
24.2206,47,21,10,23.259,25.46
24.2206,48,15,4,15.524,14.93
24.2206,49,16,2,16.125,7.13
24.2206,50,11,10,14.866,42.27
24.2206,51,19,4,19.416,11.89
24.2206,52,13,4,13.601,17.1
24.2206,53,18,4,18.439,12.53
24.2206,54,20,6,20.881,16.7
24.2206,55,11,3,11.402,15.26
24.2206,56,20,-6,20.881,-16.7
24.2206,57,11,1,11.045,5.19
24.2206,58,18,1,18.028,3.18
24.2206,59,23,12,25.942,27.55
24.2206,60,10,-17,19.723,-59.53
24.2206,61,27,-11,29.155,-22.17
24.2206,62,22,-12,25.06,-28.61
24.2206,63,23,6,23.77,14.62
24.4468,0,23,113,115.317,78.5
24.4468,1,17,0,17.0,0.0
24.4468,2,-29,-23,37.014,-141.58
24.4468,3,-7,7,9.899,135.0
24.4468,4,-30,-25,39.051,-140.19
24.4468,5,-28,-19,33.838,-145.84
24.4468,6,-4,-12,12.649,-108.43
24.4468,7,-25,0,25.0,180.0
24.4468,8,-22,-4,22.361,-169.7
24.4468,9,-9,-1,9.055,-173.66
24.4468,10,-21,-11,23.707,-152.35
24.4468,11,-19,-4,19.416,-168.11
24.4468,12,-22,-3,22.204,-172.23
24.4468,13,-19,3,19.235,171.03
24.4468,14,-17,3,17.263,169.99
24.4468,15,-24,3,24.187,172.87
24.4468,16,-22,-8,23.409,-160.02
24.4468,17,-16,-2,16.125,-172.87
24.4468,18,-12,9,15.0,143.13
24.4468,19,-21,14,25.239,146.31
24.4468,20,-17,-3,17.263,-169.99
24.4468,21,-28,-3,28.16,-173.88
24.4468,22,-18,-4,18.439,-167.47
24.4468,23,-22,-9,23.77,-157.75
24.4468,24,-19,-3,19.235,-171.03
24.4468,25,-15,-2,15.133,-172.41
24.4468,26,-11,-3,11.402,-164.74
24.4468,27,0,0,0.0,0.0
24.4468,28,0,0,0.0,0.0
24.4468,29,0,0,0.0,0.0
24.4468,30,0,0,0.0,0.0
24.4468,31,0,0,0.0,0.0
24.4468,32,0,0,0.0,0.0
24.4468,33,0,0,0.0,0.0
24.4468,34,0,0,0.0,0.0
24.4468,35,0,0,0.0,0.0
24.4468,36,0,0,0.0,0.0
24.4468,37,0,0,0.0,0.0
24.4468,38,-5,-15,15.811,-108.43
24.4468,39,-4,-26,26.306,-98.75
24.4468,40,-4,-17,17.464,-103.24
24.4468,41,-4,-20,20.396,-101.31
24.4468,42,-8,-21,22.472,-110.85
24.4468,43,-8,-17,18.788,-115.2
24.4468,44,-5,-25,25.495,-101.31
24.4468,45,-5,-27,27.459,-100.49
24.4468,46,-1,-19,19.026,-93.01
24.4468,47,-6,-22,22.804,-105.26
24.4468,48,-6,-21,21.84,-105.95
24.4468,49,-6,-23,23.77,-104.62
24.4468,50,-8,-17,18.788,-115.2
24.4468,51,-10,-19,21.471,-117.76
24.4468,52,-1,-19,19.026,-93.01
24.4468,53,-7,-11,13.038,-122.47
24.4468,54,-13,-21,24.698,-121.76
24.4468,55,-17,-16,23.345,-136.74
24.4468,56,-14,-40,42.379,-109.29
24.4468,57,-20,-9,21.932,-155.77
24.4468,58,-2,-24,24.083,-94.76
24.4468,59,-17,-12,20.809,-144.78
24.4468,60,-19,-28,33.838,-124.16
24.4468,61,-23,-6,23.77,-165.38
24.4468,62,-7,-42,42.579,-99.46
24.4468,63,-11,-2,11.18,-169.7
24.5522,0,23,113,115.317,78.5
24.5522,1,17,0,17.0,0.0
24.5522,2,14,11,17.804,38.16
24.5522,3,19,13,23.022,34.38
24.5522,4,27,11,29.155,22.17
24.5522,5,12,2,12.166,9.46
24.5522,6,17,-4,17.464,-13.24
24.5522,7,17,10,19.723,30.47
24.5522,8,8,1,8.062,7.13
24.5522,9,24,3,24.187,7.13
24.5522,10,24,8,25.298,18.43
24.5522,11,15,2,15.133,7.59
24.5522,12,21,10,23.259,25.46
24.5522,13,21,-1,21.024,-2.73
24.5522,14,19,5,19.647,14.74
24.5522,15,20,2,20.1,5.71
24.5522,16,14,-4,14.56,-15.95
24.5522,17,26,14,29.53,28.3
24.5522,18,22,6,22.804,15.26
24.5522,19,13,2,13.153,8.75
24.5522,20,17,11,20.248,32.91
24.5522,21,5,12,13.0,67.38
24.5522,22,8,10,12.806,51.34
24.5522,23,10,12,15.62,50.19
24.5522,24,17,4,17.464,13.24
24.5522,25,12,16,20.0,53.13
24.5522,26,10,6,11.662,30.96
24.5522,27,0,0,0.0,0.0
24.5522,28,0,0,0.0,0.0
24.5522,29,0,0,0.0,0.0
24.5522,30,0,0,0.0,0.0
24.5522,31,0,0,0.0,0.0
24.5522,32,0,0,0.0,0.0
24.5522,33,0,0,0.0,0.0
24.5522,34,0,0,0.0,0.0
24.5522,35,0,0,0.0,0.0
24.5522,36,0,0,0.0,0.0
24.5522,37,0,0,0.0,0.0
24.5522,38,12,7,13.892,30.26
24.5522,39,6,15,16.155,68.2
24.5522,40,10,8,12.806,38.66
24.5522,41,12,17,20.809,54.78
24.5522,42,11,15,18.601,53.75
24.5522,43,10,8,12.806,38.66
24.5522,44,13,18,22.204,54.16
24.5522,45,11,13,17.029,49.76
24.5522,46,12,14,18.439,49.4
24.5522,47,7,20,21.19,70.71
24.5522,48,9,17,19.235,62.1
24.5522,49,4,18,18.439,77.47
24.5522,50,10,16,18.868,57.99
24.5522,51,10,21,23.259,64.54
24.5522,52,15,14,20.518,43.03
24.5522,53,13,20,23.854,56.98
24.5522,54,9,15,17.493,59.04
24.5522,55,7,14,15.652,63.43
24.5522,56,10,10,14.142,45.0
24.5522,57,1,18,18.028,86.82
24.5522,58,11,17,20.248,57.09
24.5522,59,6,14,15.232,66.8
24.5522,60,18,20,26.907,48.01
24.5522,61,14,18,22.804,52.13
24.5522,62,-3,14,14.318,102.09
24.5522,63,13,18,22.204,54.16
24.6548,0,23,113,115.317,78.5
24.6548,1,17,0,17.0,0.0
24.6548,2,20,-22,29.732,-47.73
24.6548,3,-3,-22,22.204,-97.77
24.6548,4,2,-7,7.28,-74.05
24.6548,5,2,-37,37.054,-86.91
24.6548,6,-4,-10,10.77,-111.8
24.6548,7,8,-18,19.698,-66.04
24.6548,8,3,-34,34.132,-84.96
24.6548,9,13,-30,32.696,-66.57
24.6548,10,-6,-14,15.232,-113.2
24.6548,11,-6,-20,20.881,-106.7
24.6548,12,0,-12,12.0,-90.0
24.6548,13,6,-22,22.804,-74.74
24.6548,14,13,-23,26.42,-60.52
24.6548,15,4,-33,33.242,-83.09
24.6548,16,14,-30,33.106,-64.98
24.6548,17,11,-22,24.597,-63.43
24.6548,18,12,-23,25.942,-62.45
24.6548,19,2,-29,29.069,-86.05
24.6548,20,0,-9,9.0,-90.0
24.6548,21,13,-25,28.178,-62.53
24.6548,22,-6,-30,30.594,-101.31
24.6548,23,4,-26,26.306,-81.25
24.6548,24,6,-17,18.028,-70.56
24.6548,25,11,-21,23.707,-62.35
24.6548,26,16,-26,30.529,-58.39
24.6548,27,0,0,0.0,0.0
24.6548,28,0,0,0.0,0.0
24.6548,29,0,0,0.0,0.0
24.6548,30,0,0,0.0,0.0
24.6548,31,0,0,0.0,0.0
24.6548,32,0,0,0.0,0.0
24.6548,33,0,0,0.0,0.0
24.6548,34,0,0,0.0,0.0
24.6548,35,0,0,0.0,0.0
24.6548,36,0,0,0.0,0.0
24.6548,37,0,0,0.0,0.0
24.6548,38,12,-22,25.06,-61.39
24.6548,39,13,-20,23.854,-56.98
24.6548,40,9,-9,12.728,-45.0
24.6548,41,10,-12,15.62,-50.19
24.6548,42,17,-23,28.601,-53.53
24.6548,43,21,-19,28.32,-42.14
24.6548,44,8,-24,25.298,-71.57
24.6548,45,14,-20,24.413,-55.01
24.6548,46,16,-19,24.839,-49.9
24.6548,47,14,-19,23.601,-53.62
24.6548,48,18,-18,25.456,-45.0
24.6548,49,18,-15,23.431,-39.81
24.6548,50,9,-24,25.632,-69.44
24.6548,51,11,-6,12.53,-28.61
24.6548,52,22,-14,26.077,-32.47
24.6548,53,3,-7,7.616,-66.8
24.6548,54,15,-15,21.213,-45.0
24.6548,55,6,-4,7.211,-33.69
24.6548,56,25,-15,29.155,-30.96
24.6548,57,32,-10,33.526,-17.35
24.6548,58,8,-19,20.616,-67.17
24.6548,59,7,-27,27.893,-75.47
24.6548,60,12,-21,24.187,-60.26
24.6548,61,13,-28,30.871,-65.1
24.6548,62,20,-16,25.612,-38.66
24.6548,63,13,-14,19.105,-47.12
24.767,0,23,113,115.317,78.5
24.767,1,17,0,17.0,0.0
24.767,2,-10,-8,12.806,-141.34
24.767,3,-36,-8,36.878,-167.47
24.767,4,-14,-8,16.125,-150.26
24.767,5,-29,-10,30.676,-160.97
24.767,6,-10,-12,15.62,-129.81
24.767,7,-13,0,13.0,180.0
24.767,8,-19,-3,19.235,-171.03
24.767,9,-8,-5,9.434,-147.99
24.767,10,-16,-5,16.763,-162.65
24.767,11,-19,-10,21.471,-152.24
24.767,12,-15,-6,16.155,-158.2
24.767,13,-25,-1,25.02,-177.71
24.767,14,-15,-4,15.524,-165.07
24.767,15,-12,-9,15.0,-143.13
24.767,16,-24,-3,24.187,-172.87
24.767,17,-12,-5,13.0,-157.38
24.767,18,-15,-9,17.493,-149.04
24.767,19,-14,-8,16.125,-150.26
24.767,20,-14,-6,15.232,-156.8
24.767,21,-20,-3,20.224,-171.47
24.767,22,-14,-9,16.643,-147.26
24.767,23,-22,-10,24.166,-155.56
24.767,24,-18,-13,22.204,-144.16
24.767,25,-16,-4,16.492,-165.96
24.767,26,-14,-11,17.804,-141.84
24.767,27,0,0,0.0,0.0
24.767,28,0,0,0.0,0.0
24.767,29,0,0,0.0,0.0
24.767,30,0,0,0.0,0.0
24.767,31,0,0,0.0,0.0
24.767,32,0,0,0.0,0.0
24.767,33,0,0,0.0,0.0
24.767,34,0,0,0.0,0.0
24.767,35,0,0,0.0,0.0
24.767,36,0,0,0.0,0.0
24.767,37,0,0,0.0,0.0
24.767,38,-19,0,19.0,180.0
24.767,39,-19,-3,19.235,-171.03
24.767,40,-10,0,10.0,180.0
24.767,41,-19,0,19.0,180.0
24.767,42,-20,0,20.0,180.0
24.767,43,-13,-4,13.601,-162.9
24.767,44,-17,-5,17.72,-163.61
24.767,45,-23,0,23.0,180.0
24.767,46,-12,-7,13.892,-149.74
24.767,47,-21,-6,21.84,-164.05
24.767,48,-16,-1,16.031,-176.42
24.767,49,-16,-9,18.358,-150.64
24.767,50,-17,-5,17.72,-163.61
24.767,51,-14,0,14.0,180.0
24.767,52,-18,-4,18.439,-167.47
24.767,53,-18,-9,20.125,-153.43
24.767,54,-23,-11,25.495,-154.44
24.767,55,-15,-16,21.932,-133.15
24.767,56,-15,-9,17.493,-149.04
24.767,57,-12,-13,17.692,-132.71
24.767,58,-22,-12,25.06,-151.39
24.767,59,-19,16,24.839,139.9
24.767,60,-2,1,2.236,153.43
24.767,61,-31,6,31.575,169.05
24.767,62,-9,-19,21.024,-115.35
24.767,63,-25,-14,28.653,-150.75
25.311,0,23,113,115.317,78.5
25.311,1,17,0,17.0,0.0
25.311,2,4,4,5.657,45.0
25.311,3,15,8,17.0,28.07
25.311,4,16,8,17.889,26.57
25.311,5,21,15,25.807,35.54
25.311,6,10,-10,14.142,-45.0
25.311,7,16,10,18.868,32.01
25.311,8,16,1,16.031,3.58
25.311,9,21,-3,21.213,-8.13
25.311,10,25,13,28.178,27.47
25.311,11,21,3,21.213,8.13
25.311,12,10,3,10.44,16.7
25.311,13,22,2,22.091,5.19
25.311,14,21,9,22.847,23.2
25.311,15,20,4,20.396,11.31
25.311,16,15,5,15.811,18.43
25.311,17,19,3,19.235,8.97
25.311,18,20,9,21.932,24.23
25.311,19,22,1,22.023,2.6
25.311,20,16,5,16.763,17.35
25.311,21,16,1,16.031,3.58
25.311,22,25,2,25.08,4.57
25.311,23,14,11,17.804,38.16
25.311,24,16,12,20.0,36.87
25.311,25,9,9,12.728,45.0
25.311,26,9,8,12.042,41.63
25.311,27,0,0,0.0,0.0
25.311,28,0,0,0.0,0.0
25.311,29,0,0,0.0,0.0
25.311,30,0,0,0.0,0.0
25.311,31,0,0,0.0,0.0
25.311,32,0,0,0.0,0.0
25.311,33,0,0,0.0,0.0
25.311,34,0,0,0.0,0.0
25.311,35,0,0,0.0,0.0
25.311,36,0,0,0.0,0.0
25.311,37,0,0,0.0,0.0
25.311,38,12,7,13.892,30.26
25.311,39,11,8,13.601,36.03
25.311,40,12,7,13.892,30.26
25.311,41,16,13,20.616,39.09
25.311,42,15,12,19.209,38.66
25.311,43,14,12,18.439,40.6
25.311,44,8,9,12.042,48.37
25.311,45,11,10,14.866,42.27
25.311,46,10,14,17.205,54.46
25.311,47,6,11,12.53,61.39
25.311,48,14,14,19.799,45.0
25.311,49,11,13,17.029,49.76
25.311,50,7,10,12.207,55.01
25.311,51,12,16,20.0,53.13
25.311,52,12,7,13.892,30.26
25.311,53,13,1,13.038,4.4
25.311,54,19,8,20.616,22.83
25.311,55,16,11,19.416,34.51
25.311,56,11,24,26.401,65.38
25.311,57,16,22,27.203,53.97
25.311,58,11,7,13.038,32.47
25.311,59,12,6,13.416,26.57
25.311,60,19,2,19.105,6.01
25.311,61,0,10,10.0,90.0
25.311,62,-4,14,14.56,105.95
25.311,63,27,0,27.0,0.0
25.3401,0,23,113,115.317,78.5
25.3401,1,17,0,17.0,0.0
25.3401,2,21,10,23.259,25.46
25.3401,3,6,1,6.083,9.46
25.3401,4,22,4,22.361,10.3
25.3401,5,20,4,20.396,11.31
25.3401,6,23,-5,23.537,-12.26
25.3401,7,15,-4,15.524,-14.93
25.3401,8,2,2,2.828,45.0
25.3401,9,16,9,18.358,29.36
25.3401,10,6,-2,6.325,-18.43
25.3401,11,26,9,27.514,19.09
25.3401,12,20,2,20.1,5.71
25.3401,13,22,-3,22.204,-7.77
25.3401,14,26,4,26.306,8.75
25.3401,15,19,10,21.471,27.76
25.3401,16,12,5,13.0,22.62
25.3401,17,25,-2,25.08,-4.57
25.3401,18,14,2,14.142,8.13
25.3401,19,20,4,20.396,11.31
25.3401,20,20,0,20.0,0.0
25.3401,21,21,-3,21.213,-8.13
25.3401,22,25,1,25.02,2.29
25.3401,23,9,8,12.042,41.63
25.3401,24,19,4,19.416,11.89
25.3401,25,19,8,20.616,22.83
25.3401,26,8,1,8.062,7.13
25.3401,27,0,0,0.0,0.0
25.3401,28,0,0,0.0,0.0
25.3401,29,0,0,0.0,0.0
25.3401,30,0,0,0.0,0.0
25.3401,31,0,0,0.0,0.0
25.3401,32,0,0,0.0,0.0
25.3401,33,0,0,0.0,0.0
25.3401,34,0,0,0.0,0.0
25.3401,35,0,0,0.0,0.0
25.3401,36,0,0,0.0,0.0
25.3401,37,0,0,0.0,0.0
25.3401,38,10,13,16.401,52.43
25.3401,39,13,12,17.692,42.71
25.3401,40,12,12,16.971,45.0
25.3401,41,9,9,12.728,45.0
25.3401,42,13,11,17.029,40.24
25.3401,43,13,14,19.105,47.12
25.3401,44,6,13,14.318,65.22
25.3401,45,11,14,17.804,51.84
25.3401,46,15,16,21.932,46.85
25.3401,47,14,13,19.105,42.88
25.3401,48,13,14,19.105,47.12
25.3401,49,18,14,22.804,37.87
25.3401,50,12,12,16.971,45.0
25.3401,51,12,11,16.279,42.51
25.3401,52,12,23,25.942,62.45
25.3401,53,14,12,18.439,40.6
25.3401,54,15,17,22.672,48.58
25.3401,55,12,6,13.416,26.57
25.3401,56,11,5,12.083,24.44
25.3401,57,19,7,20.248,20.22
25.3401,58,24,4,24.331,9.46
25.3401,59,4,7,8.062,60.26
25.3401,60,28,17,32.757,31.26
25.3401,61,18,14,22.804,37.87
25.3401,62,33,34,47.381,45.86
25.3401,63,3,5,5.831,59.04
25.4497,0,23,113,115.317,78.5
25.4497,1,17,0,17.0,0.0
25.4497,2,0,-25,25.0,-90.0
25.4497,3,-3,-32,32.14,-95.36
25.4497,4,2,-19,19.105,-83.99
25.4497,5,-5,-20,20.616,-104.04
25.4497,6,-1,-12,12.042,-94.76
25.4497,7,8,-11,13.601,-53.97
25.4497,8,8,-19,20.616,-67.17
25.4497,9,-1,-12,12.042,-94.76
25.4497,10,-7,-3,7.616,-156.8
25.4497,11,-3,-17,17.263,-100.01
25.4497,12,2,-5,5.385,-68.2
25.4497,13,5,-19,19.647,-75.26
25.4497,14,9,-17,19.235,-62.1
25.4497,15,8,-9,12.042,-48.37
25.4497,16,9,-24,25.632,-69.44
25.4497,17,2,-17,17.117,-83.29
25.4497,18,-2,-19,19.105,-96.01
25.4497,19,11,-19,21.954,-59.93
25.4497,20,1,-20,20.025,-87.14
25.4497,21,1,-19,19.026,-86.99
25.4497,22,1,-13,13.038,-85.6
25.4497,23,6,-18,18.974,-71.57
25.4497,24,0,-17,17.0,-90.0
25.4497,25,5,-19,19.647,-75.26
25.4497,26,7,-16,17.464,-66.37
25.4497,27,0,0,0.0,0.0
25.4497,28,0,0,0.0,0.0
25.4497,29,0,0,0.0,0.0
25.4497,30,0,0,0.0,0.0
25.4497,31,0,0,0.0,0.0
25.4497,32,0,0,0.0,0.0
25.4497,33,0,0,0.0,0.0
25.4497,34,0,0,0.0,0.0
25.4497,35,0,0,0.0,0.0
25.4497,36,0,0,0.0,0.0
25.4497,37,0,0,0.0,0.0
25.4497,38,-12,-8,14.422,-146.31
25.4497,39,-11,-11,15.556,-135.0
25.4497,40,-8,-12,14.422,-123.69
25.4497,41,-13,-7,14.765,-151.7
25.4497,42,-12,-6,13.416,-153.43
25.4497,43,-20,-13,23.854,-146.98
25.4497,44,-17,-15,22.672,-138.58
25.4497,45,-8,-20,21.541,-111.8
25.4497,46,-9,-17,19.235,-117.9
25.4497,47,-9,-14,16.643,-122.74
25.4497,48,-8,-17,18.788,-115.2
25.4497,49,-10,-15,18.028,-123.69
25.4497,50,-9,-19,21.024,-115.35
25.4497,51,-15,-12,19.209,-141.34
25.4497,52,-8,-11,13.601,-126.03
25.4497,53,-3,-16,16.279,-100.62
25.4497,54,-2,-19,19.105,-96.01
25.4497,55,-8,-16,17.889,-116.57
25.4497,56,-7,-23,24.042,-106.93
25.4497,57,-9,-14,16.643,-122.74
25.4497,58,-6,-15,16.155,-111.8
25.4497,59,-2,-24,24.083,-94.76
25.4497,60,-9,-26,27.514,-109.09
25.4497,61,-2,-20,20.1,-95.71
25.4497,62,-3,-18,18.248,-99.46
25.4497,63,-8,-22,23.409,-109.98
25.5464,0,23,113,115.317,78.5
25.5464,1,17,0,17.0,0.0
25.5464,2,18,21,27.659,49.4
25.5464,3,9,16,18.358,60.64
25.5464,4,18,19,26.173,46.55
25.5464,5,15,17,22.672,48.58
25.5464,6,16,15,21.932,43.15
25.5464,7,15,13,19.849,40.91
25.5464,8,15,20,25.0,53.13
25.5464,9,3,23,23.195,82.57
25.5464,10,3,18,18.248,80.54
25.5464,11,16,20,25.612,51.34
25.5464,12,11,10,14.866,42.27
25.5464,13,7,22,23.087,72.35
25.5464,14,18,24,30.0,53.13
25.5464,15,2,25,25.08,85.43
25.5464,16,7,16,17.464,66.37
25.5464,17,14,0,14.0,0.0
25.5464,18,0,28,28.0,90.0
25.5464,19,14,19,23.601,53.62
25.5464,20,12,17,20.809,54.78
25.5464,21,8,20,21.541,68.2
25.5464,22,7,18,19.313,68.75
25.5464,23,5,21,21.587,76.61
25.5464,24,4,9,9.849,66.04
25.5464,25,-1,11,11.045,95.19
25.5464,26,-3,19,19.235,98.97
25.5464,27,0,0,0.0,0.0
25.5464,28,0,0,0.0,0.0
25.5464,29,0,0,0.0,0.0
25.5464,30,0,0,0.0,0.0
25.5464,31,0,0,0.0,0.0
25.5464,32,0,0,0.0,0.0
25.5464,33,0,0,0.0,0.0
25.5464,34,0,0,0.0,0.0
25.5464,35,0,0,0.0,0.0
25.5464,36,0,0,0.0,0.0
25.5464,37,0,0,0.0,0.0
25.5464,38,17,-6,18.028,-19.44
25.5464,39,19,-2,19.105,-6.01
25.5464,40,13,1,13.038,4.4
25.5464,41,20,3,20.224,8.53
25.5464,42,17,6,18.028,19.44
25.5464,43,22,5,22.561,12.8
25.5464,44,20,10,22.361,26.57
25.5464,45,19,4,19.416,11.89
25.5464,46,20,8,21.541,21.8
25.5464,47,16,2,16.125,7.13
25.5464,48,17,6,18.028,19.44
25.5464,49,14,7,15.652,26.57
25.5464,50,15,14,20.518,43.03
25.5464,51,15,10,18.028,33.69
25.5464,52,17,20,26.249,49.64
25.5464,53,8,15,17.0,61.93
25.5464,54,21,13,24.698,31.76
25.5464,55,14,7,15.652,26.57
25.5464,56,16,19,24.839,49.9
25.5464,57,15,16,21.932,46.85
25.5464,58,11,7,13.038,32.47
25.5464,59,22,13,25.554,30.58
25.5464,60,22,18,28.425,39.29
25.5464,61,37,12,38.897,17.97
25.5464,62,31,-23,38.601,-36.57
25.5464,63,26,9,27.514,19.09
25.6579,0,23,113,115.317,78.5
25.6579,1,17,0,17.0,0.0
25.6579,2,11,-13,17.029,-49.76
25.6579,3,16,-19,24.839,-49.9
25.6579,4,22,-15,26.627,-34.29
25.6579,5,7,-19,20.248,-69.78
25.6579,6,10,-8,12.806,-38.66
25.6579,7,12,-19,22.472,-57.72
25.6579,8,19,-21,28.32,-47.86
25.6579,9,17,-14,22.023,-39.47
25.6579,10,11,-26,28.231,-67.07
25.6579,11,16,-24,28.844,-56.31
25.6579,12,18,-16,24.083,-41.63
25.6579,13,6,-23,23.77,-75.38
25.6579,14,-1,-23,23.022,-92.49
25.6579,15,8,-24,25.298,-71.57
25.6579,16,11,-31,32.894,-70.46
25.6579,17,7,-23,24.042,-73.07
25.6579,18,-1,-17,17.029,-93.37
25.6579,19,-2,-21,21.095,-95.44
25.6579,20,4,-19,19.416,-78.11
25.6579,21,3,-20,20.224,-81.47
25.6579,22,6,-31,31.575,-79.05
25.6579,23,5,-23,23.537,-77.74
25.6579,24,16,-17,23.345,-46.74
25.6579,25,-5,-17,17.72,-106.39
25.6579,26,16,-24,28.844,-56.31
25.6579,27,0,0,0.0,0.0
25.6579,28,0,0,0.0,0.0
25.6579,29,0,0,0.0,0.0
25.6579,30,0,0,0.0,0.0
25.6579,31,0,0,0.0,0.0
25.6579,32,0,0,0.0,0.0
25.6579,33,0,0,0.0,0.0
25.6579,34,0,0,0.0,0.0
25.6579,35,0,0,0.0,0.0
25.6579,36,0,0,0.0,0.0
25.6579,37,0,0,0.0,0.0
25.6579,38,12,-3,12.369,-14.04
25.6579,39,17,2,17.117,6.71
25.6579,40,20,-1,20.025,-2.86
25.6579,41,19,0,19.0,0.0
25.6579,42,14,2,14.142,8.13
25.6579,43,10,7,12.207,34.99
25.6579,44,22,4,22.361,10.3
25.6579,45,19,-1,19.026,-3.01
25.6579,46,22,-4,22.361,-10.3
25.6579,47,21,1,21.024,2.73
25.6579,48,15,0,15.0,0.0
25.6579,49,21,-1,21.024,-2.73
25.6579,50,18,-3,18.248,-9.46
25.6579,51,16,-2,16.125,-7.13
25.6579,52,21,-3,21.213,-8.13
25.6579,53,26,-4,26.306,-8.75
25.6579,54,25,-16,29.682,-32.62
25.6579,55,15,-6,16.155,-21.8
25.6579,56,28,-15,31.765,-28.18
25.6579,57,17,-2,17.117,-6.71
25.6579,58,28,-6,28.636,-12.09
25.6579,59,27,-8,28.16,-16.5
25.6579,60,25,-13,28.178,-27.47
25.6579,61,29,2,29.069,3.95
25.6579,62,20,-19,27.586,-43.53
25.6579,63,23,1,23.022,2.49
25.8665,0,23,113,115.317,78.5
25.8665,1,17,0,17.0,0.0
25.8665,2,-29,-30,41.725,-134.03
25.8665,3,-1,0,1.0,180.0
25.8665,4,-9,-12,15.0,-126.87
25.8665,5,-16,-30,34.0,-118.07
25.8665,6,-20,-29,35.228,-124.59
25.8665,7,-9,-21,22.847,-113.2
25.8665,8,-14,-27,30.414,-117.41
25.8665,9,-18,-26,31.623,-124.7
25.8665,10,-14,-14,19.799,-135.0
25.8665,11,-9,-12,15.0,-126.87
25.8665,12,-16,-21,26.401,-127.3
25.8665,13,-19,-17,25.495,-138.18
25.8665,14,-12,-17,20.809,-125.22
25.8665,15,-15,-17,22.672,-131.42
25.8665,16,-17,-18,24.759,-133.36
25.8665,17,-6,-16,17.088,-110.56
25.8665,18,-14,-17,22.023,-129.47
25.8665,19,-16,-25,29.682,-122.62
25.8665,20,-14,-19,23.601,-126.38
25.8665,21,-9,-23,24.698,-111.37
25.8665,22,-12,-23,25.942,-117.55
25.8665,23,-13,-16,20.616,-129.09
25.8665,24,-10,-24,26.0,-112.62
25.8665,25,-2,-16,16.125,-97.13
25.8665,26,-13,-27,29.967,-115.71
25.8665,27,0,0,0.0,0.0
25.8665,28,0,0,0.0,0.0
25.8665,29,0,0,0.0,0.0
25.8665,30,0,0,0.0,0.0
25.8665,31,0,0,0.0,0.0
25.8665,32,0,0,0.0,0.0
25.8665,33,0,0,0.0,0.0
25.8665,34,0,0,0.0,0.0
25.8665,35,0,0,0.0,0.0
25.8665,36,0,0,0.0,0.0
25.8665,37,0,0,0.0,0.0
25.8665,38,-10,-10,14.142,-135.0
25.8665,39,-18,-10,20.591,-150.95
25.8665,40,-18,-14,22.804,-142.13
25.8665,41,-15,-11,18.601,-143.75
25.8665,42,-14,-14,19.799,-135.0
25.8665,43,-16,-17,23.345,-133.26
25.8665,44,-13,-18,22.204,-125.84
25.8665,45,-16,-23,28.018,-124.82
25.8665,46,-17,-15,22.672,-138.58
25.8665,47,-18,-22,28.425,-129.29
25.8665,48,-15,-19,24.207,-128.29
25.8665,49,-11,-10,14.866,-137.73
25.8665,50,-8,-19,20.616,-112.83
25.8665,51,-8,-11,13.601,-126.03
25.8665,52,-17,-22,27.803,-127.69
25.8665,53,-12,-22,25.06,-118.61
25.8665,54,-8,-22,23.409,-109.98
25.8665,55,-16,-16,22.627,-135.0
25.8665,56,-6,-14,15.232,-113.2
25.8665,57,-5,-13,13.928,-111.04
25.8665,58,-16,-26,30.529,-121.61
25.8665,59,-7,-11,13.038,-122.47
25.8665,60,-21,-19,28.32,-137.86
25.8665,61,-1,-20,20.025,-92.86
25.8665,62,1,-31,31.016,-88.15
25.8665,63,-7,-19,20.248,-110.22
26.0628,0,23,113,115.317,78.5
26.0628,1,17,0,17.0,0.0
26.0628,2,-2,-24,24.083,-94.76
26.0628,3,-5,-7,8.602,-125.54
26.0628,4,-12,-29,31.385,-112.48
26.0628,5,-4,-28,28.284,-98.13
26.0628,6,0,-35,35.0,-90.0
26.0628,7,7,-19,20.248,-69.78
26.0628,8,1,-20,20.025,-87.14
26.0628,9,6,-26,26.683,-77.01
26.0628,10,-14,-21,25.239,-123.69
26.0628,11,-1,-25,25.02,-92.29
26.0628,12,-7,-22,23.087,-107.65
26.0628,13,-14,-25,28.653,-119.25
26.0628,14,1,-23,23.022,-87.51
26.0628,15,1,-9,9.055,-83.66
26.0628,16,-18,-21,27.659,-130.6
26.0628,17,-11,-26,28.231,-112.93
26.0628,18,-8,-22,23.409,-109.98
26.0628,19,-7,-10,12.207,-124.99
26.0628,20,-13,-15,19.849,-130.91
26.0628,21,-9,-11,14.213,-129.29
26.0628,22,-8,-14,16.125,-119.74
26.0628,23,-13,-14,19.105,-132.88
26.0628,24,-16,-8,17.889,-153.43
26.0628,25,-17,-9,19.235,-152.1
26.0628,26,-14,-10,17.205,-144.46
26.0628,27,0,0,0.0,0.0
26.0628,28,0,0,0.0,0.0
26.0628,29,0,0,0.0,0.0
26.0628,30,0,0,0.0,0.0
26.0628,31,0,0,0.0,0.0
26.0628,32,0,0,0.0,0.0
26.0628,33,0,0,0.0,0.0
26.0628,34,0,0,0.0,0.0
26.0628,35,0,0,0.0,0.0
26.0628,36,0,0,0.0,0.0
26.0628,37,0,0,0.0,0.0
26.0628,38,15,9,17.493,30.96
26.0628,39,11,7,13.038,32.47
26.0628,40,16,7,17.464,23.63
26.0628,41,19,6,19.925,17.53
26.0628,42,13,7,14.765,28.3
26.0628,43,19,14,23.601,36.38
26.0628,44,16,-2,16.125,-7.13
26.0628,45,15,-5,15.811,-18.43
26.0628,46,20,11,22.825,28.81
26.0628,47,22,1,22.023,2.6
26.0628,48,17,8,18.788,25.2
26.0628,49,12,5,13.0,22.62
26.0628,50,13,0,13.0,0.0
26.0628,51,19,-6,19.925,-17.53
26.0628,52,20,-3,20.224,-8.53
26.0628,53,20,-14,24.413,-34.99
26.0628,54,20,-4,20.396,-11.31
26.0628,55,28,-4,28.284,-8.13
26.0628,56,24,-3,24.187,-7.13
26.0628,57,19,-13,23.022,-34.38
26.0628,58,26,-10,27.857,-21.04
26.0628,59,18,-9,20.125,-26.57
26.0628,60,1,-6,6.083,-80.54
26.0628,61,10,-34,35.44,-73.61
26.0628,62,29,-3,29.155,-5.91
26.0628,63,-2,-20,20.1,-95.71
26.2662,0,92,-63,111.503,-34.4
26.2662,1,21,0,21.0,0.0
26.2662,2,-15,1,15.033,176.19
26.2662,3,-15,26,30.017,119.98
26.2662,4,-15,13,19.849,139.09
26.2662,5,-16,15,21.932,136.85
26.2662,6,0,13,13.0,90.0
26.2662,7,-7,31,31.78,102.72
26.2662,8,-6,31,31.575,100.95
26.2662,9,-5,14,14.866,109.65
26.2662,10,-5,26,26.476,100.89
26.2662,11,-7,21,22.136,108.43
26.2662,12,2,27,27.074,85.76
26.2662,13,-5,33,33.377,98.62
26.2662,14,-9,22,23.77,112.25
26.2662,15,2,16,16.125,82.87
26.2662,16,-15,21,25.807,125.54
26.2662,17,-2,23,23.087,94.97
26.2662,18,-5,21,21.587,103.39
26.2662,19,-4,27,27.295,98.43
26.2662,20,1,33,33.015,88.26
26.2662,21,-4,21,21.378,100.78
26.2662,22,-8,21,22.472,110.85
26.2662,23,-4,18,18.439,102.53
26.2662,24,-10,27,28.792,110.32
26.2662,25,-2,18,18.111,96.34
26.2662,26,-10,25,26.926,111.8
26.2662,27,0,0,0.0,0.0
26.2662,28,0,0,0.0,0.0
26.2662,29,0,0,0.0,0.0
26.2662,30,0,0,0.0,0.0
26.2662,31,0,0,0.0,0.0
26.2662,32,0,0,0.0,0.0
26.2662,33,0,0,0.0,0.0
26.2662,34,0,0,0.0,0.0
26.2662,35,0,0,0.0,0.0
26.2662,36,0,0,0.0,0.0
26.2662,37,0,0,0.0,0.0
26.2662,38,-13,12,17.692,137.29
26.2662,39,-14,16,21.26,131.19
26.2662,40,-10,23,25.08,113.5
26.2662,41,-13,12,17.692,137.29
26.2662,42,-12,19,22.472,122.28
26.2662,43,-14,5,14.866,160.35
26.2662,44,-20,11,22.825,151.19
26.2662,45,-17,16,23.345,136.74
26.2662,46,-20,17,26.249,139.64
26.2662,47,-22,20,29.732,137.73
26.2662,48,-14,16,21.26,131.19
26.2662,49,-19,8,20.616,157.17
26.2662,50,-20,12,23.324,149.04
26.2662,51,-17,12,20.809,144.78
26.2662,52,-16,21,26.401,127.3
26.2662,53,-20,17,26.249,139.64
26.2662,54,-11,17,20.248,122.91
26.2662,55,-16,15,21.932,136.85
26.2662,56,-16,20,25.612,128.66
26.2662,57,-11,21,23.707,117.65
26.2662,58,-7,22,23.087,107.65
26.2662,59,-20,15,25.0,143.13
26.2662,60,-6,10,11.662,120.96
26.2662,61,-20,14,24.413,145.01
26.2662,62,19,8,20.616,22.83
26.2662,63,-6,11,12.53,118.61
26.3033,0,23,113,115.317,78.5
26.3033,1,17,0,17.0,0.0
26.3033,2,4,1,4.123,14.04
26.3033,3,2,-26,26.077,-85.6
26.3033,4,4,-29,29.275,-82.15
26.3033,5,11,-24,26.401,-65.38
26.3033,6,9,-17,19.235,-62.1
26.3033,7,-2,-14,14.142,-98.13
26.3033,8,4,-26,26.306,-81.25
26.3033,9,10,-24,26.0,-67.38
26.3033,10,4,-22,22.361,-79.7
26.3033,11,-12,-23,25.942,-117.55
26.3033,12,-6,-19,19.925,-107.53
26.3033,13,6,-15,16.155,-68.2
26.3033,14,-2,-39,39.051,-92.94
26.3033,15,-10,-11,14.866,-132.27
26.3033,16,-2,-28,28.071,-94.09
26.3033,17,-9,-29,30.364,-107.24
26.3033,18,4,-17,17.464,-76.76
26.3033,19,-12,-30,32.311,-111.8
26.3033,20,-15,-25,29.155,-120.96
26.3033,21,-12,-29,31.385,-112.48
26.3033,22,-7,-16,17.464,-113.63
26.3033,23,-5,-23,23.537,-102.26
26.3033,24,-1,-15,15.033,-93.81
26.3033,25,1,-21,21.024,-87.27
26.3033,26,-3,-13,13.342,-102.99
26.3033,27,0,0,0.0,0.0
26.3033,28,0,0,0.0,0.0
26.3033,29,0,0,0.0,0.0
26.3033,30,0,0,0.0,0.0
26.3033,31,0,0,0.0,0.0
26.3033,32,0,0,0.0,0.0
26.3033,33,0,0,0.0,0.0
26.3033,34,0,0,0.0,0.0
26.3033,35,0,0,0.0,0.0
26.3033,36,0,0,0.0,0.0
26.3033,37,0,0,0.0,0.0
26.3033,38,15,-9,17.493,-30.96
26.3033,39,14,-9,16.643,-32.74
26.3033,40,13,-11,17.029,-40.24
26.3033,41,13,-5,13.928,-21.04
26.3033,42,17,-14,22.023,-39.47
26.3033,43,14,-9,16.643,-32.74
26.3033,44,24,-3,24.187,-7.13
26.3033,45,14,-2,14.142,-8.13
26.3033,46,21,-12,24.187,-29.74
26.3033,47,18,-9,20.125,-26.57
26.3033,48,14,-11,17.804,-38.16
26.3033,49,17,-6,18.028,-19.44
26.3033,50,11,-2,11.18,-10.3
26.3033,51,14,-13,19.105,-42.88
26.3033,52,6,-13,14.318,-65.22
26.3033,53,10,-8,12.806,-38.66
26.3033,54,14,-6,15.232,-23.2
26.3033,55,8,-13,15.264,-58.39
26.3033,56,5,-12,13.0,-67.38
26.3033,57,29,-13,31.78,-24.15
26.3033,58,5,-18,18.682,-74.48
26.3033,59,15,-16,21.932,-46.85
26.3033,60,17,-15,22.672,-41.42
26.3033,61,5,11,12.083,65.56
26.3033,62,-8,-30,31.048,-104.93
26.3033,63,0,-33,33.0,-90.0
26.3273,0,92,-63,111.503,-34.4
26.3273,1,21,0,21.0,0.0
26.3273,2,-2,-20,20.1,-95.71
26.3273,3,1,-16,16.031,-86.42
26.3273,4,19,-14,23.601,-36.38
26.3273,5,8,-17,18.788,-64.8
26.3273,6,11,-8,13.601,-36.03
26.3273,7,2,-27,27.074,-85.76
26.3273,8,6,-17,18.028,-70.56
26.3273,9,7,-22,23.087,-72.35
26.3273,10,13,-27,29.967,-64.29
26.3273,11,11,-24,26.401,-65.38
26.3273,12,18,-14,22.804,-37.87
26.3273,13,10,-20,22.361,-63.43
26.3273,14,8,-19,20.616,-67.17
26.3273,15,1,-12,12.042,-85.24
26.3273,16,5,-20,20.616,-75.96
26.3273,17,-3,-23,23.195,-97.43
26.3273,18,1,-23,23.022,-87.51
26.3273,19,9,-20,21.932,-65.77
26.3273,20,-9,-15,17.493,-120.96
26.3273,21,1,-19,19.026,-86.99
26.3273,22,4,-22,22.361,-79.7
26.3273,23,4,-17,17.464,-76.76
26.3273,24,-3,-23,23.195,-97.43
26.3273,25,1,-21,21.024,-87.27
26.3273,26,0,-23,23.0,-90.0
26.3273,27,0,0,0.0,0.0
26.3273,28,0,0,0.0,0.0
26.3273,29,0,0,0.0,0.0
26.3273,30,0,0,0.0,0.0
26.3273,31,0,0,0.0,0.0
26.3273,32,0,0,0.0,0.0
26.3273,33,0,0,0.0,0.0
26.3273,34,0,0,0.0,0.0
26.3273,35,0,0,0.0,0.0
26.3273,36,0,0,0.0,0.0
26.3273,37,0,0,0.0,0.0
26.3273,38,20,4,20.396,11.31
26.3273,39,17,5,17.72,16.39
26.3273,40,21,5,21.587,13.39
26.3273,41,20,1,20.025,2.86
26.3273,42,22,2,22.091,5.19
26.3273,43,20,6,20.881,16.7
26.3273,44,19,1,19.026,3.01
26.3273,45,18,5,18.682,15.52
26.3273,46,18,5,18.682,15.52
26.3273,47,20,5,20.616,14.04
26.3273,48,23,2,23.087,4.97
26.3273,49,18,1,18.028,3.18
26.3273,50,23,5,23.537,12.26
26.3273,51,12,-2,12.166,-9.46
26.3273,52,20,0,20.0,0.0
26.3273,53,23,3,23.195,7.43
26.3273,54,22,1,22.023,2.6
26.3273,55,20,-17,26.249,-40.36
26.3273,56,12,-2,12.166,-9.46
26.3273,57,13,-12,17.692,-42.71
26.3273,58,43,-37,56.727,-40.71
26.3273,59,12,-13,17.692,-47.29
26.3273,60,17,-25,30.232,-55.78
26.3273,61,37,4,37.216,6.17
26.3273,62,13,6,14.318,24.78
26.3273,63,28,-22,35.609,-38.16
26.3445,0,92,-63,111.503,-34.4
26.3445,1,21,0,21.0,0.0
26.3445,2,17,22,27.803,52.31
26.3445,3,6,19,19.925,72.47
26.3445,4,5,7,8.602,54.46
26.3445,5,17,3,17.263,10.01
26.3445,6,26,4,26.306,8.75
26.3445,7,0,-6,6.0,-90.0
26.3445,8,12,-2,12.166,-9.46
26.3445,9,18,-3,18.248,-9.46
26.3445,10,-5,22,22.561,102.8
26.3445,11,9,7,11.402,37.87
26.3445,12,11,3,11.402,15.26
26.3445,13,13,3,13.342,12.99
26.3445,14,9,0,9.0,0.0
26.3445,15,15,14,20.518,43.03
26.3445,16,17,5,17.72,16.39
26.3445,17,22,12,25.06,28.61
26.3445,18,16,9,18.358,29.36
26.3445,19,17,2,17.117,6.71
26.3445,20,17,13,21.401,37.41
26.3445,21,12,6,13.416,26.57
26.3445,22,13,7,14.765,28.3
26.3445,23,6,9,10.817,56.31
26.3445,24,11,5,12.083,24.44
26.3445,25,12,15,19.209,51.34
26.3445,26,6,2,6.325,18.43
26.3445,27,0,0,0.0,0.0
26.3445,28,0,0,0.0,0.0
26.3445,29,0,0,0.0,0.0
26.3445,30,0,0,0.0,0.0
26.3445,31,0,0,0.0,0.0
26.3445,32,0,0,0.0,0.0
26.3445,33,0,0,0.0,0.0
26.3445,34,0,0,0.0,0.0
26.3445,35,0,0,0.0,0.0
26.3445,36,0,0,0.0,0.0
26.3445,37,0,0,0.0,0.0
26.3445,38,1,12,12.042,85.24
26.3445,39,6,11,12.53,61.39
26.3445,40,11,16,19.416,55.49
26.3445,41,-3,11,11.402,105.26
26.3445,42,1,16,16.031,86.42
26.3445,43,6,18,18.974,71.57
26.3445,44,7,14,15.652,63.43
26.3445,45,3,16,16.279,79.38
26.3445,46,5,18,18.682,74.48
26.3445,47,2,16,16.125,82.87
26.3445,48,3,17,17.263,79.99
26.3445,49,0,18,18.0,90.0
26.3445,50,-3,18,18.248,99.46
26.3445,51,3,15,15.297,78.69
26.3445,52,1,14,14.036,85.91
26.3445,53,0,18,18.0,90.0
26.3445,54,-3,15,15.297,101.31
26.3445,55,2,22,22.091,84.81
26.3445,56,3,11,11.402,74.74
26.3445,57,4,21,21.378,79.22
26.3445,58,10,9,13.454,41.99
26.3445,59,5,13,13.928,68.96
26.3445,60,18,20,26.907,48.01
26.3445,61,9,16,18.358,60.64
26.3445,62,14,17,22.023,50.53
26.3445,63,10,9,13.454,41.99
26.4724,0,23,113,115.317,78.5
26.4724,1,17,0,17.0,0.0
26.4724,2,-8,-4,8.944,-153.43
26.4724,3,-25,10,26.926,158.2
26.4724,4,-14,-5,14.866,-160.35
26.4724,5,-11,11,15.556,135.0
26.4724,6,-13,3,13.342,167.01
26.4724,7,-7,11,13.038,122.47
26.4724,8,-21,14,25.239,146.31
26.4724,9,-22,3,22.204,172.23
26.4724,10,-20,11,22.825,151.19
26.4724,11,-16,6,17.088,159.44
26.4724,12,-23,6,23.77,165.38
26.4724,13,-15,21,25.807,125.54
26.4724,14,-18,0,18.0,180.0
26.4724,15,-16,-1,16.031,-176.42
26.4724,16,-18,4,18.439,167.47
26.4724,17,-13,9,15.811,145.3
26.4724,18,-15,10,18.028,146.31
26.4724,19,-11,9,14.213,140.71
26.4724,20,-19,4,19.416,168.11
26.4724,21,-18,4,18.439,167.47
26.4724,22,-23,4,23.345,170.13
26.4724,23,-17,0,17.0,180.0
26.4724,24,-9,7,11.402,142.13
26.4724,25,-16,3,16.279,169.38
26.4724,26,-18,6,18.974,161.57
26.4724,27,0,0,0.0,0.0
26.4724,28,0,0,0.0,0.0
26.4724,29,0,0,0.0,0.0
26.4724,30,0,0,0.0,0.0
26.4724,31,0,0,0.0,0.0
26.4724,32,0,0,0.0,0.0
26.4724,33,0,0,0.0,0.0
26.4724,34,0,0,0.0,0.0
26.4724,35,0,0,0.0,0.0
26.4724,36,0,0,0.0,0.0
26.4724,37,0,0,0.0,0.0
26.4724,38,-16,5,16.763,162.65
26.4724,39,-17,6,18.028,160.56
26.4724,40,-13,2,13.153,171.25
26.4724,41,-18,5,18.682,164.48
26.4724,42,-13,6,14.318,155.22
26.4724,43,-20,3,20.224,171.47
26.4724,44,-18,6,18.974,161.57
26.4724,45,-14,1,14.036,175.91
26.4724,46,-19,2,19.105,173.99
26.4724,47,-14,2,14.142,171.87
26.4724,48,-24,2,24.083,175.24
26.4724,49,-20,5,20.616,165.96
26.4724,50,-17,1,17.029,176.63
26.4724,51,-22,1,22.023,177.4
26.4724,52,-16,11,19.416,145.49
26.4724,53,-18,2,18.111,173.66
26.4724,54,-18,-4,18.439,-167.47
26.4724,55,-8,4,8.944,153.43
26.4724,56,-12,6,13.416,153.43
26.4724,57,-25,18,30.806,144.25
26.4724,58,-19,3,19.235,171.03
26.4724,59,-9,25,26.571,109.8
26.4724,60,-17,4,17.464,166.76
26.4724,61,-16,4,16.492,165.96
26.4724,62,-21,21,29.698,135.0
26.4724,63,-12,15,19.209,128.66
26.5832,0,23,113,115.317,78.5
26.5832,1,17,0,17.0,0.0
26.5832,2,9,-34,35.171,-75.17
26.5832,3,7,-7,9.899,-45.0
26.5832,4,6,-23,23.77,-75.38
26.5832,5,8,-15,17.0,-61.93
26.5832,6,10,-14,17.205,-54.46
26.5832,7,2,-9,9.22,-77.47
26.5832,8,19,-19,26.87,-45.0
26.5832,9,11,-9,14.213,-39.29
26.5832,10,3,-21,21.213,-81.87
26.5832,11,13,-5,13.928,-21.04
26.5832,12,7,-17,18.385,-67.62
26.5832,13,5,-22,22.561,-77.2
26.5832,14,8,-20,21.541,-68.2
26.5832,15,14,-17,22.023,-50.53
26.5832,16,12,-13,17.692,-47.29
26.5832,17,14,-10,17.205,-35.54
26.5832,18,17,-20,26.249,-49.64
26.5832,19,11,-11,15.556,-45.0
26.5832,20,10,-16,18.868,-57.99
26.5832,21,17,-14,22.023,-39.47
26.5832,22,5,-8,9.434,-57.99
26.5832,23,7,-8,10.63,-48.81
26.5832,24,14,-10,17.205,-35.54
26.5832,25,16,0,16.0,0.0
26.5832,26,16,-10,18.868,-32.01
26.5832,27,0,0,0.0,0.0
26.5832,28,0,0,0.0,0.0
26.5832,29,0,0,0.0,0.0
26.5832,30,0,0,0.0,0.0
26.5832,31,0,0,0.0,0.0
26.5832,32,0,0,0.0,0.0
26.5832,33,0,0,0.0,0.0
26.5832,34,0,0,0.0,0.0
26.5832,35,0,0,0.0,0.0
26.5832,36,0,0,0.0,0.0
26.5832,37,0,0,0.0,0.0
26.5832,38,-10,-17,19.723,-120.47
26.5832,39,-4,-20,20.396,-101.31
26.5832,40,4,-18,18.439,-77.47
26.5832,41,3,-19,19.235,-81.03
26.5832,42,-4,-16,16.492,-104.04
26.5832,43,0,-20,20.0,-90.0
26.5832,44,1,-17,17.029,-86.63
26.5832,45,-1,-22,22.023,-92.6
26.5832,46,6,-18,18.974,-71.57
26.5832,47,1,-18,18.028,-86.82
26.5832,48,6,-13,14.318,-65.22
26.5832,49,5,-23,23.537,-77.74
26.5832,50,6,-13,14.318,-65.22
26.5832,51,5,-22,22.561,-77.2
26.5832,52,12,-10,15.62,-39.81
26.5832,53,17,-13,21.401,-37.41
26.5832,54,3,-10,10.44,-73.3
26.5832,55,10,-16,18.868,-57.99
26.5832,56,10,-23,25.08,-66.5
26.5832,57,2,-17,17.117,-83.29
26.5832,58,7,-17,18.385,-67.62
26.5832,59,1,-6,6.083,-80.54
26.5832,60,7,-6,9.22,-40.6
26.5832,61,32,-14,34.928,-23.63
26.5832,62,-18,-10,20.591,-150.95
26.5832,63,-11,-12,16.279,-132.51
26.6835,0,23,113,115.317,78.5
26.6835,1,17,0,17.0,0.0
26.6835,2,-22,-14,26.077,-147.53
26.6835,3,-12,-31,33.242,-111.16
26.6835,4,-13,-30,32.696,-113.43
26.6835,5,-7,-20,21.19,-109.29
26.6835,6,-12,-10,15.62,-140.19
26.6835,7,-9,-19,21.024,-115.35
26.6835,8,-9,-19,21.024,-115.35
26.6835,9,-8,-14,16.125,-119.74
26.6835,10,-17,-9,19.235,-152.1
26.6835,11,-14,-15,20.518,-133.03
26.6835,12,-19,-3,19.235,-171.03
26.6835,13,-11,-19,21.954,-120.07
26.6835,14,-11,-24,26.401,-114.62
26.6835,15,-14,-9,16.643,-147.26
26.6835,16,-6,-12,13.416,-116.57
26.6835,17,-11,-11,15.556,-135.0
26.6835,18,-16,-9,18.358,-150.64
26.6835,19,-5,-24,24.515,-101.77
26.6835,20,-15,-18,23.431,-129.81
26.6835,21,-5,-13,13.928,-111.04
26.6835,22,-14,-18,22.804,-127.87
26.6835,23,-13,-16,20.616,-129.09
26.6835,24,-5,-11,12.083,-114.44
26.6835,25,-12,-12,16.971,-135.0
26.6835,26,-8,-16,17.889,-116.57
26.6835,27,0,0,0.0,0.0
26.6835,28,0,0,0.0,0.0
26.6835,29,0,0,0.0,0.0
26.6835,30,0,0,0.0,0.0
26.6835,31,0,0,0.0,0.0
26.6835,32,0,0,0.0,0.0
26.6835,33,0,0,0.0,0.0
26.6835,34,0,0,0.0,0.0
26.6835,35,0,0,0.0,0.0
26.6835,36,0,0,0.0,0.0
26.6835,37,0,0,0.0,0.0
26.6835,38,-13,-16,20.616,-129.09
26.6835,39,-17,-16,23.345,-136.74
26.6835,40,-9,-12,15.0,-126.87
26.6835,41,-10,-15,18.028,-123.69
26.6835,42,-9,-18,20.125,-116.57
26.6835,43,-7,-15,16.553,-115.02
26.6835,44,-11,-22,24.597,-116.57
26.6835,45,-4,-16,16.492,-104.04
26.6835,46,-10,-19,21.471,-117.76
26.6835,47,-9,-22,23.77,-112.25
26.6835,48,-6,-21,21.84,-105.95
26.6835,49,-9,-24,25.632,-110.56
26.6835,50,-7,-21,22.136,-108.43
26.6835,51,-7,-14,15.652,-116.57
26.6835,52,-12,-32,34.176,-110.56
26.6835,53,-9,-10,13.454,-131.99
26.6835,54,-6,-26,26.683,-102.99
26.6835,55,1,-16,16.031,-86.42
26.6835,56,-9,-11,14.213,-129.29
26.6835,57,-11,-27,29.155,-112.17
26.6835,58,-4,-16,16.492,-104.04
26.6835,59,-20,-33,38.588,-121.22
26.6835,60,-4,-12,12.649,-108.43
26.6835,61,-24,-21,31.89,-138.81
26.6835,62,-10,-23,25.08,-113.5
26.6835,63,-12,-19,22.472,-122.28
26.8788,0,23,113,115.317,78.5
26.8788,1,17,0,17.0,0.0
26.8788,2,20,20,28.284,45.0
26.8788,3,28,14,31.305,26.57
26.8788,4,13,12,17.692,42.71
26.8788,5,24,11,26.401,24.62
26.8788,6,11,-6,12.53,-28.61
26.8788,7,27,4,27.295,8.43
26.8788,8,25,5,25.495,11.31
26.8788,9,12,-6,13.416,-26.57
26.8788,10,15,10,18.028,33.69
26.8788,11,25,-2,25.08,-4.57
26.8788,12,27,5,27.459,10.49
26.8788,13,23,3,23.195,7.43
26.8788,14,24,-2,24.083,-4.76
26.8788,15,26,-2,26.077,-4.4
26.8788,16,31,-6,31.575,-10.95
26.8788,17,26,-2,26.077,-4.4
26.8788,18,19,5,19.647,14.74
26.8788,19,18,8,19.698,23.96
26.8788,20,23,-6,23.77,-14.62
26.8788,21,19,0,19.0,0.0
26.8788,22,12,-2,12.166,-9.46
26.8788,23,18,-4,18.439,-12.53
26.8788,24,11,6,12.53,28.61
26.8788,25,20,0,20.0,0.0
26.8788,26,13,2,13.153,8.75
26.8788,27,0,0,0.0,0.0
26.8788,28,0,0,0.0,0.0
26.8788,29,0,0,0.0,0.0
26.8788,30,0,0,0.0,0.0
26.8788,31,0,0,0.0,0.0
26.8788,32,0,0,0.0,0.0
26.8788,33,0,0,0.0,0.0
26.8788,34,0,0,0.0,0.0
26.8788,35,0,0,0.0,0.0
26.8788,36,0,0,0.0,0.0
26.8788,37,0,0,0.0,0.0
26.8788,38,14,18,22.804,52.13
26.8788,39,9,10,13.454,48.01
26.8788,40,13,8,15.264,31.61
26.8788,41,10,14,17.205,54.46
26.8788,42,10,20,22.361,63.43
26.8788,43,17,11,20.248,32.91
26.8788,44,12,12,16.971,45.0
26.8788,45,12,18,21.633,56.31
26.8788,46,11,16,19.416,55.49
26.8788,47,10,15,18.028,56.31
26.8788,48,16,16,22.627,45.0
26.8788,49,6,17,18.028,70.56
26.8788,50,12,18,21.633,56.31
26.8788,51,3,21,21.213,81.87
26.8788,52,14,9,16.643,32.74
26.8788,53,10,17,19.723,59.53
26.8788,54,15,14,20.518,43.03
26.8788,55,12,13,17.692,47.29
26.8788,56,15,14,20.518,43.03
26.8788,57,21,21,29.698,45.0
26.8788,58,20,18,26.907,41.99
26.8788,59,10,21,23.259,64.54
26.8788,60,14,-1,14.036,-4.09
26.8788,61,3,16,16.279,79.38
26.8788,62,8,15,17.0,61.93
26.8788,63,10,22,24.166,65.56
26.9773,0,23,113,115.317,78.5
26.9773,1,17,0,17.0,0.0
26.9773,2,19,26,32.202,53.84
26.9773,3,23,18,29.206,38.05
26.9773,4,16,13,20.616,39.09
26.9773,5,20,13,23.854,33.02
26.9773,6,4,5,6.403,51.34
26.9773,7,9,8,12.042,41.63
26.9773,8,16,4,16.492,14.04
26.9773,9,15,12,19.209,38.66
26.9773,10,21,3,21.213,8.13
26.9773,11,10,4,10.77,21.8
26.9773,12,9,14,16.643,57.26
26.9773,13,18,3,18.248,9.46
26.9773,14,16,5,16.763,17.35
26.9773,15,6,0,6.0,0.0
26.9773,16,19,10,21.471,27.76
26.9773,17,13,11,17.029,40.24
26.9773,18,15,11,18.601,36.25
26.9773,19,13,6,14.318,24.78
26.9773,20,11,12,16.279,47.49
26.9773,21,14,5,14.866,19.65
26.9773,22,11,8,13.601,36.03
26.9773,23,10,4,10.77,21.8
26.9773,24,6,4,7.211,33.69
26.9773,25,2,7,7.28,74.05
26.9773,26,2,10,10.198,78.69
26.9773,27,0,0,0.0,0.0
26.9773,28,0,0,0.0,0.0
26.9773,29,0,0,0.0,0.0
26.9773,30,0,0,0.0,0.0
26.9773,31,0,0,0.0,0.0
26.9773,32,0,0,0.0,0.0
26.9773,33,0,0,0.0,0.0
26.9773,34,0,0,0.0,0.0
26.9773,35,0,0,0.0,0.0
26.9773,36,0,0,0.0,0.0
26.9773,37,0,0,0.0,0.0
26.9773,38,14,0,14.0,0.0
26.9773,39,12,2,12.166,9.46
26.9773,40,14,-2,14.142,-8.13
26.9773,41,14,3,14.318,12.09
26.9773,42,15,5,15.811,18.43
26.9773,43,19,-1,19.026,-3.01
26.9773,44,12,9,15.0,36.87
26.9773,45,17,4,17.464,13.24
26.9773,46,10,3,10.44,16.7
26.9773,47,15,5,15.811,18.43
26.9773,48,12,3,12.369,14.04
26.9773,49,14,10,17.205,35.54
26.9773,50,11,7,13.038,32.47
26.9773,51,14,3,14.318,12.09
26.9773,52,12,8,14.422,33.69
26.9773,53,5,11,12.083,65.56
26.9773,54,15,7,16.553,25.02
26.9773,55,14,1,14.036,4.09
26.9773,56,21,0,21.0,0.0
26.9773,57,6,3,6.708,26.57
26.9773,58,18,14,22.804,37.87
26.9773,59,21,9,22.847,23.2
26.9773,60,25,3,25.179,6.84
26.9773,61,-4,18,18.439,102.53
26.9773,62,17,-8,18.788,-25.2
26.9773,63,19,12,22.472,32.28
27.1924,0,23,113,115.317,78.5
27.1924,1,17,0,17.0,0.0
27.1924,2,2,-18,18.111,-83.66
27.1924,3,-9,-27,28.46,-108.43
27.1924,4,-21,-32,38.275,-123.27
27.1924,5,-15,-24,28.302,-122.01
27.1924,6,1,-28,28.018,-87.95
27.1924,7,-12,-27,29.547,-113.96
27.1924,8,-9,-13,15.811,-124.7
27.1924,9,-16,-13,20.616,-140.91
27.1924,10,-10,-11,14.866,-132.27
27.1924,11,-4,-25,25.318,-99.09
27.1924,12,-6,-26,26.683,-102.99
27.1924,13,-1,-20,20.025,-92.86
27.1924,14,-7,-15,16.553,-115.02
27.1924,15,-6,-14,15.232,-113.2
27.1924,16,-8,-17,18.788,-115.2
27.1924,17,-3,-30,30.15,-95.71
27.1924,18,3,-20,20.224,-81.47
27.1924,19,3,-23,23.195,-82.57
27.1924,20,-1,-17,17.029,-93.37
27.1924,21,4,-26,26.306,-81.25
27.1924,22,9,-15,17.493,-59.04
27.1924,23,4,-15,15.524,-75.07
27.1924,24,3,-22,22.204,-82.23
27.1924,25,9,-16,18.358,-60.64
27.1924,26,12,-16,20.0,-53.13
27.1924,27,0,0,0.0,0.0
27.1924,28,0,0,0.0,0.0
27.1924,29,0,0,0.0,0.0
27.1924,30,0,0,0.0,0.0
27.1924,31,0,0,0.0,0.0
27.1924,32,0,0,0.0,0.0
27.1924,33,0,0,0.0,0.0
27.1924,34,0,0,0.0,0.0
27.1924,35,0,0,0.0,0.0
27.1924,36,0,0,0.0,0.0
27.1924,37,0,0,0.0,0.0
27.1924,38,-18,3,18.248,170.54
27.1924,39,-19,2,19.105,173.99
27.1924,40,-12,3,12.369,165.96
27.1924,41,-16,-4,16.492,-165.96
27.1924,42,-20,-5,20.616,-165.96
27.1924,43,-14,-1,14.036,-175.91
27.1924,44,-17,-3,17.263,-169.99
27.1924,45,-16,-9,18.358,-150.64
27.1924,46,-16,-10,18.868,-147.99
27.1924,47,-16,-10,18.868,-147.99
27.1924,48,-21,-12,24.187,-150.26
27.1924,49,-21,-2,21.095,-174.56
27.1924,50,-21,-8,22.472,-159.15
27.1924,51,-11,-7,13.038,-147.53
27.1924,52,-17,-10,19.723,-149.53
27.1924,53,-9,-21,22.847,-113.2
27.1924,54,-12,-5,13.0,-157.38
27.1924,55,3,-12,12.369,-75.96
27.1924,56,-22,-23,31.828,-133.73
27.1924,57,-21,-17,27.019,-141.01
27.1924,58,-19,-11,21.954,-149.93
27.1924,59,-29,-14,32.202,-154.23
27.1924,60,-13,-9,15.811,-145.3
27.1924,61,-31,-25,39.825,-141.12
27.1924,62,-28,7,28.862,165.96
27.1924,63,-29,-11,31.016,-159.23
27.388,0,23,113,115.317,78.5
27.388,1,17,0,17.0,0.0
27.388,2,32,-7,32.757,-12.34
27.388,3,5,15,15.811,71.57
27.388,4,30,9,31.321,16.7
27.388,5,9,1,9.055,6.34
27.388,6,17,9,19.235,27.9
27.388,7,6,5,7.81,39.81
27.388,8,25,5,25.495,11.31
27.388,9,13,6,14.318,24.78
27.388,10,12,1,12.042,4.76
27.388,11,16,-2,16.125,-7.13
27.388,12,19,5,19.647,14.74
27.388,13,16,2,16.125,7.13
27.388,14,20,2,20.1,5.71
27.388,15,16,4,16.492,14.04
27.388,16,11,3,11.402,15.26
27.388,17,24,4,24.331,9.46
27.388,18,20,5,20.616,14.04
27.388,19,17,11,20.248,32.91
27.388,20,13,4,13.601,17.1
27.388,21,18,6,18.974,18.43
27.388,22,17,6,18.028,19.44
27.388,23,13,7,14.765,28.3
27.388,24,13,13,18.385,45.0
27.388,25,9,15,17.493,59.04
27.388,26,16,7,17.464,23.63
27.388,27,0,0,0.0,0.0
27.388,28,0,0,0.0,0.0
27.388,29,0,0,0.0,0.0
27.388,30,0,0,0.0,0.0
27.388,31,0,0,0.0,0.0
27.388,32,0,0,0.0,0.0
27.388,33,0,0,0.0,0.0
27.388,34,0,0,0.0,0.0
27.388,35,0,0,0.0,0.0
27.388,36,0,0,0.0,0.0
27.388,37,0,0,0.0,0.0
27.388,38,11,10,14.866,42.27
27.388,39,10,4,10.77,21.8
27.388,40,9,12,15.0,53.13
27.388,41,11,7,13.038,32.47
27.388,42,10,13,16.401,52.43
27.388,43,7,8,10.63,48.81
27.388,44,10,18,20.591,60.95
27.388,45,5,6,7.81,50.19
27.388,46,7,16,17.464,66.37
27.388,47,6,8,10.0,53.13
27.388,48,9,10,13.454,48.01
27.388,49,8,13,15.264,58.39
27.388,50,11,11,15.556,45.0
27.388,51,9,7,11.402,37.87
27.388,52,4,12,12.649,71.57
27.388,53,11,7,13.038,32.47
27.388,54,13,11,17.029,40.24
27.388,55,17,2,17.117,6.71
27.388,56,9,18,20.125,63.43
27.388,57,9,0,9.0,0.0
27.388,58,4,-2,4.472,-26.57
27.388,59,9,17,19.235,62.1
27.388,60,8,-6,10.0,-36.87
27.388,61,22,-3,22.204,-7.77
27.388,62,26,-11,28.231,-22.93
27.388,63,22,10,24.166,24.44
27.4983,0,23,113,115.317,78.5
27.4983,1,17,0,17.0,0.0
27.4983,2,-31,1,31.016,178.15
27.4983,3,-19,5,19.647,165.26
27.4983,4,-19,2,19.105,173.99
27.4983,5,-19,10,21.471,152.24
27.4983,6,-24,12,26.833,153.43
27.4983,7,-24,10,26.0,157.38
27.4983,8,-26,14,29.53,151.7
27.4983,9,-14,1,14.036,175.91
27.4983,10,-17,11,20.248,147.09
27.4983,11,-19,11,21.954,149.93
27.4983,12,-20,13,23.854,146.98
27.4983,13,-16,3,16.279,169.38
27.4983,14,-23,5,23.537,167.74
27.4983,15,-28,9,29.411,162.18
27.4983,16,-18,11,21.095,148.57
27.4983,17,-23,7,24.042,163.07
27.4983,18,-22,7,23.087,162.35
27.4983,19,-17,8,18.788,154.8
27.4983,20,-22,7,23.087,162.35
27.4983,21,-18,5,18.682,164.48
27.4983,22,-18,6,18.974,161.57
27.4983,23,-22,3,22.204,172.23
27.4983,24,-12,11,16.279,137.49
27.4983,25,-21,3,21.213,171.87
27.4983,26,-17,-5,17.72,-163.61
27.4983,27,0,0,0.0,0.0
27.4983,28,0,0,0.0,0.0
27.4983,29,0,0,0.0,0.0
27.4983,30,0,0,0.0,0.0
27.4983,31,0,0,0.0,0.0
27.4983,32,0,0,0.0,0.0
27.4983,33,0,0,0.0,0.0
27.4983,34,0,0,0.0,0.0
27.4983,35,0,0,0.0,0.0
27.4983,36,0,0,0.0,0.0
27.4983,37,0,0,0.0,0.0
27.4983,38,-15,9,17.493,149.04
27.4983,39,-18,4,18.439,167.47
27.4983,40,-17,2,17.117,173.29
27.4983,41,-18,-2,18.111,-173.66
27.4983,42,-19,5,19.647,165.26
27.4983,43,-21,-3,21.213,-171.87
27.4983,44,-17,-1,17.029,-176.63
27.4983,45,-17,-5,17.72,-163.61
27.4983,46,-20,4,20.396,168.69
27.4983,47,-19,-1,19.026,-176.99
27.4983,48,-16,1,16.031,176.42
27.4983,49,-19,1,19.026,176.99
27.4983,50,-22,-3,22.204,-172.23
27.4983,51,-20,1,20.025,177.14
27.4983,52,-21,-2,21.095,-174.56
27.4983,53,-16,3,16.279,169.38
27.4983,54,-24,3,24.187,172.87
27.4983,55,-23,8,24.352,160.82
27.4983,56,-12,-4,12.649,-161.57
27.4983,57,-21,5,21.587,166.61
27.4983,58,-22,2,22.091,174.81
27.4983,59,-18,-3,18.248,-170.54
27.4983,60,-15,1,15.033,176.19
27.4983,61,-20,6,20.881,163.3
27.4983,62,-31,5,31.401,170.84
27.4983,63,-27,6,27.659,167.47
27.6021,0,23,113,115.317,78.5
27.6021,1,17,0,17.0,0.0
27.6021,2,-15,-4,15.524,-165.07
27.6021,3,2,-6,6.325,-71.57
27.6021,4,-4,-6,7.211,-123.69
27.6021,5,-19,-22,29.069,-130.82
27.6021,6,-21,-11,23.707,-152.35
27.6021,7,-23,-9,24.698,-158.63
27.6021,8,-18,-5,18.682,-164.48
27.6021,9,-12,-12,16.971,-135.0
27.6021,10,-23,-19,29.833,-140.44
27.6021,11,-20,-15,25.0,-143.13
27.6021,12,-14,-4,14.56,-164.05
27.6021,13,-8,-7,10.63,-138.81
27.6021,14,-15,-6,16.155,-158.2
27.6021,15,-9,-17,19.235,-117.9
27.6021,16,-20,-13,23.854,-146.98
27.6021,17,-14,-17,22.023,-129.47
27.6021,18,-8,-14,16.125,-119.74
27.6021,19,-5,-17,17.72,-106.39
27.6021,20,-12,-12,16.971,-135.0
27.6021,21,-6,-15,16.155,-111.8
27.6021,22,-1,-10,10.05,-95.71
27.6021,23,-9,-11,14.213,-129.29
27.6021,24,-3,-18,18.248,-99.46
27.6021,25,0,-14,14.0,-90.0
27.6021,26,2,-12,12.166,-80.54
27.6021,27,0,0,0.0,0.0
27.6021,28,0,0,0.0,0.0
27.6021,29,0,0,0.0,0.0
27.6021,30,0,0,0.0,0.0
27.6021,31,0,0,0.0,0.0
27.6021,32,0,0,0.0,0.0
27.6021,33,0,0,0.0,0.0
27.6021,34,0,0,0.0,0.0
27.6021,35,0,0,0.0,0.0
27.6021,36,0,0,0.0,0.0
27.6021,37,0,0,0.0,0.0
27.6021,38,-10,12,15.62,129.81
27.6021,39,-9,14,16.643,122.74
27.6021,40,-15,14,20.518,136.97
27.6021,41,-14,11,17.804,141.84
27.6021,42,-20,10,22.361,153.43
27.6021,43,-18,7,19.313,158.75
27.6021,44,-19,4,19.416,168.11
27.6021,45,-13,11,17.029,139.76
27.6021,46,-22,5,22.561,167.2
27.6021,47,-14,3,14.318,167.91
27.6021,48,-18,-1,18.028,-176.82
27.6021,49,-23,4,23.345,170.13
27.6021,50,-25,14,28.653,150.75
27.6021,51,-23,-2,23.087,-175.03
27.6021,52,-24,-1,24.021,-177.61
27.6021,53,-15,-10,18.028,-146.31
27.6021,54,-13,-3,13.342,-167.01
27.6021,55,-24,0,24.0,180.0
27.6021,56,-4,10,10.77,111.8
27.6021,57,-20,-14,24.413,-145.01
27.6021,58,-28,-14,31.305,-153.43
27.6021,59,-16,9,18.358,150.64
27.6021,60,-17,-3,17.263,-169.99
27.6021,61,-16,-28,32.249,-119.74
27.6021,62,-19,-1,19.026,-176.99
27.6021,63,-14,-10,17.205,-144.46
27.7122,0,28,-64,69.857,-66.37
27.7122,1,1,0,1.0,0.0
27.7122,2,-13,-22,25.554,-120.58
27.7122,3,-14,-21,25.239,-123.69
27.7122,4,-13,-21,24.698,-121.76
27.7122,5,-13,-20,23.854,-123.02
27.7122,6,-13,-19,23.022,-124.38
27.7122,7,-13,-18,22.204,-125.84
27.7122,8,-13,-18,22.204,-125.84
27.7122,9,-14,-17,22.023,-129.47
27.7122,10,-14,-16,21.26,-131.19
27.7122,11,-15,-16,21.932,-133.15
27.7122,12,-15,-15,21.213,-135.0
27.7122,13,-15,-14,20.518,-136.97
27.7122,14,-16,-15,21.932,-136.85
27.7122,15,-15,-15,21.213,-135.0
27.7122,16,-15,-15,21.213,-135.0
27.7122,17,-15,-14,20.518,-136.97
27.7122,18,-14,-15,20.518,-133.03
27.7122,19,-14,-15,20.518,-133.03
27.7122,20,-12,-15,19.209,-128.66
27.7122,21,-12,-14,18.439,-130.6
27.7122,22,-11,-14,17.804,-128.16
27.7122,23,-11,-14,17.804,-128.16
27.7122,24,-10,-15,18.028,-123.69
27.7122,25,-9,-15,17.493,-120.96
27.7122,26,-7,-15,16.553,-115.02
27.7122,27,0,0,0.0,0.0
27.7122,28,0,0,0.0,0.0
27.7122,29,0,0,0.0,0.0
27.7122,30,0,0,0.0,0.0
27.7122,31,0,0,0.0,0.0
27.7122,32,0,0,0.0,0.0
27.7122,33,0,0,0.0,0.0
27.7122,34,0,0,0.0,0.0
27.7122,35,0,0,0.0,0.0
27.7122,36,0,0,0.0,0.0
27.7122,37,0,0,0.0,0.0
27.7122,38,-12,-15,19.209,-128.66
27.7122,39,-10,-17,19.723,-120.47
27.7122,40,-11,-17,20.248,-122.91
27.7122,41,-11,-19,21.954,-120.07
27.7122,42,-9,-19,21.024,-115.35
27.7122,43,-8,-20,21.541,-111.8
27.7122,44,-8,-21,22.472,-110.85
27.7122,45,-7,-22,23.087,-107.65
27.7122,46,-7,-22,23.087,-107.65
27.7122,47,-6,-22,22.804,-105.26
27.7122,48,-7,-24,25.0,-106.26
27.7122,49,-7,-23,24.042,-106.93
27.7122,50,-6,-23,23.77,-104.62
27.7122,51,-6,-23,23.77,-104.62
27.7122,52,-6,-22,22.804,-105.26
27.7122,53,-7,-23,24.042,-106.93
27.7122,54,-7,-23,24.042,-106.93
27.7122,55,-7,-22,23.087,-107.65
27.7122,56,-9,-23,24.698,-111.37
27.7122,57,-9,-22,23.77,-112.25
27.7122,58,-9,-22,23.77,-112.25
27.7122,59,-11,-23,25.495,-115.56
27.7122,60,-10,-22,24.166,-114.44
27.7122,61,-12,-23,25.942,-117.55
27.7122,62,-13,-23,26.42,-119.48
27.7122,63,-12,-24,26.833,-116.57
27.7554,0,82,32,88.023,21.32
27.7554,1,5,0,5.0,0.0
27.7554,2,-4,-23,23.345,-99.87
27.7554,3,-4,-23,23.345,-99.87
27.7554,4,-4,-22,22.361,-100.3
27.7554,5,-5,-22,22.561,-102.8
27.7554,6,-5,-21,21.587,-103.39
27.7554,7,-6,-21,21.84,-105.95
27.7554,8,-6,-20,20.881,-106.7
27.7554,9,-6,-20,20.881,-106.7
27.7554,10,-7,-19,20.248,-110.22
27.7554,11,-8,-19,20.616,-112.83
27.7554,12,-9,-18,20.125,-116.57
27.7554,13,-9,-18,20.125,-116.57
27.7554,14,-9,-19,21.024,-115.35
27.7554,15,-9,-19,21.024,-115.35
27.7554,16,-9,-19,21.024,-115.35
27.7554,17,-8,-18,19.698,-113.96
27.7554,18,-8,-19,20.616,-112.83
27.7554,19,-7,-19,20.248,-110.22
27.7554,20,-6,-18,18.974,-108.43
27.7554,21,-6,-18,18.974,-108.43
27.7554,22,-5,-17,17.72,-106.39
27.7554,23,-4,-17,17.464,-103.24
27.7554,24,-4,-17,17.464,-103.24
27.7554,25,-3,-16,16.279,-100.62
27.7554,26,-1,-17,17.029,-93.37
27.7554,27,0,0,0.0,0.0
27.7554,28,0,0,0.0,0.0
27.7554,29,0,0,0.0,0.0
27.7554,30,0,0,0.0,0.0
27.7554,31,0,0,0.0,0.0
27.7554,32,0,0,0.0,0.0
27.7554,33,0,0,0.0,0.0
27.7554,34,0,0,0.0,0.0
27.7554,35,0,0,0.0,0.0
27.7554,36,0,0,0.0,0.0
27.7554,37,0,0,0.0,0.0
27.7554,38,-6,-17,18.028,-109.44
27.7554,39,-5,-18,18.682,-105.52
27.7554,40,-4,-18,18.439,-102.53
27.7554,41,-4,-19,19.416,-101.89
27.7554,42,-3,-19,19.235,-98.97
27.7554,43,-2,-21,21.095,-95.44
27.7554,44,-1,-21,21.024,-92.73
27.7554,45,0,-22,22.0,-90.0
27.7554,46,1,-22,22.023,-87.4
27.7554,47,1,-22,22.023,-87.4
27.7554,48,1,-23,23.022,-87.51
27.7554,49,1,-22,22.023,-87.4
27.7554,50,1,-23,23.022,-87.51
27.7554,51,1,-22,22.023,-87.4
27.7554,52,1,-23,23.022,-87.51
27.7554,53,1,-22,22.023,-87.4
27.7554,54,1,-23,23.022,-87.51
27.7554,55,0,-22,22.0,-90.0
27.7554,56,-1,-23,23.022,-92.49
27.7554,57,-1,-23,23.022,-92.49
27.7554,58,-2,-23,23.087,-94.97
27.7554,59,-2,-24,24.083,-94.76
27.7554,60,-3,-24,24.187,-97.13
27.7554,61,-4,-24,24.331,-99.46
27.7554,62,-4,-24,24.331,-99.46
27.7554,63,-4,-25,25.318,-99.09
27.7718,0,28,-64,69.857,-66.37
27.7718,1,1,0,1.0,0.0
27.7718,2,-1,23,23.022,92.49
27.7718,3,0,22,22.0,90.0
27.7718,4,-1,22,22.023,92.6
27.7718,5,0,22,22.0,90.0
27.7718,6,1,21,21.024,87.27
27.7718,7,2,21,21.095,84.56
27.7718,8,2,20,20.1,84.29
27.7718,9,2,19,19.105,83.99
27.7718,10,3,19,19.235,81.03
27.7718,11,4,20,20.396,78.69
27.7718,12,4,18,18.439,77.47
27.7718,13,4,19,19.416,78.11
27.7718,14,5,19,19.647,75.26
27.7718,15,4,19,19.416,78.11
27.7718,16,5,19,19.647,75.26
27.7718,17,5,19,19.647,75.26
27.7718,18,4,19,19.416,78.11
27.7718,19,4,19,19.416,78.11
27.7718,20,3,18,18.248,80.54
27.7718,21,2,18,18.111,83.66
27.7718,22,2,17,17.117,83.29
27.7718,23,1,17,17.029,86.63
27.7718,24,0,17,17.0,90.0
27.7718,25,-1,16,16.031,93.58
27.7718,26,-2,16,16.125,97.13
27.7718,27,0,0,0.0,0.0
27.7718,28,0,0,0.0,0.0
27.7718,29,0,0,0.0,0.0
27.7718,30,0,0,0.0,0.0
27.7718,31,0,0,0.0,0.0
27.7718,32,0,0,0.0,0.0
27.7718,33,0,0,0.0,0.0
27.7718,34,0,0,0.0,0.0
27.7718,35,0,0,0.0,0.0
27.7718,36,0,0,0.0,0.0
27.7718,37,0,0,0.0,0.0
27.7718,38,1,16,16.031,86.42
27.7718,39,0,17,17.0,90.0
27.7718,40,-1,17,17.029,93.37
27.7718,41,-2,18,18.111,96.34
27.7718,42,-2,19,19.105,96.01
27.7718,43,-4,19,19.416,101.89
27.7718,44,-4,20,20.396,101.31
27.7718,45,-5,20,20.616,104.04
27.7718,46,-6,20,20.881,106.7
27.7718,47,-6,20,20.881,106.7
27.7718,48,-7,21,22.136,108.43
27.7718,49,-7,21,22.136,108.43
27.7718,50,-7,20,21.19,109.29
27.7718,51,-7,20,21.19,109.29
27.7718,52,-7,20,21.19,109.29
27.7718,53,-7,21,22.136,108.43
27.7718,54,-6,20,20.881,106.7
27.7718,55,-6,20,20.881,106.7
27.7718,56,-5,21,21.587,103.39
27.7718,57,-4,21,21.378,100.78
27.7718,58,-3,21,21.213,98.13
27.7718,59,-3,22,22.204,97.77
27.7718,60,-3,22,22.204,97.77
27.7718,61,-3,23,23.195,97.43
27.7718,62,-1,23,23.022,92.49
27.7718,63,-2,24,24.083,94.76
27.9042,0,23,113,115.317,78.5
27.9042,1,17,0,17.0,0.0
27.9042,2,-16,15,21.932,136.85
27.9042,3,-19,13,23.022,145.62
27.9042,4,-11,25,27.313,113.75
27.9042,5,-3,6,6.708,116.57
27.9042,6,-8,9,12.042,131.63
27.9042,7,-7,11,13.038,122.47
27.9042,8,-12,17,20.809,125.22
27.9042,9,-3,23,23.195,97.43
27.9042,10,-4,16,16.492,104.04
27.9042,11,3,18,18.248,80.54
27.9042,12,2,13,13.153,81.25
27.9042,13,0,20,20.0,90.0
27.9042,14,-1,9,9.055,96.34
27.9042,15,6,27,27.659,77.47
27.9042,16,0,20,20.0,90.0
27.9042,17,-5,18,18.682,105.52
27.9042,18,2,20,20.1,84.29
27.9042,19,-1,15,15.033,93.81
27.9042,20,4,17,17.464,76.76
27.9042,21,4,12,12.649,71.57
27.9042,22,1,18,18.028,86.82
27.9042,23,4,12,12.649,71.57
27.9042,24,2,16,16.125,82.87
27.9042,25,-5,14,14.866,109.65
27.9042,26,-6,12,13.416,116.57
27.9042,27,0,0,0.0,0.0
27.9042,28,0,0,0.0,0.0
27.9042,29,0,0,0.0,0.0
27.9042,30,0,0,0.0,0.0
27.9042,31,0,0,0.0,0.0
27.9042,32,0,0,0.0,0.0
27.9042,33,0,0,0.0,0.0
27.9042,34,0,0,0.0,0.0
27.9042,35,0,0,0.0,0.0
27.9042,36,0,0,0.0,0.0
27.9042,37,0,0,0.0,0.0
27.9042,38,-7,9,11.402,127.87
27.9042,39,-10,7,12.207,145.01
27.9042,40,-14,3,14.318,167.91
27.9042,41,-14,9,16.643,147.26
27.9042,42,-17,6,18.028,160.56
27.9042,43,-18,1,18.028,176.82
27.9042,44,-12,6,13.416,153.43
27.9042,45,-16,3,16.279,169.38
27.9042,46,-12,11,16.279,137.49
27.9042,47,-8,6,10.0,143.13
27.9042,48,-18,10,20.591,150.95
27.9042,49,-17,10,19.723,149.53
27.9042,50,-13,8,15.264,148.39
27.9042,51,-17,0,17.0,180.0
27.9042,52,-15,6,16.155,158.2
27.9042,53,-16,20,25.612,128.66
27.9042,54,-17,10,19.723,149.53
27.9042,55,-12,7,13.892,149.74
27.9042,56,-17,14,22.023,140.53
27.9042,57,-5,10,11.18,116.57
27.9042,58,-10,15,18.028,123.69
27.9042,59,-5,20,20.616,104.04
27.9042,60,-16,14,21.26,138.81
27.9042,61,-10,9,13.454,138.01
27.9042,62,-21,19,28.32,137.86
27.9042,63,-10,2,10.198,168.69
28.4206,0,23,113,115.317,78.5
28.4206,1,17,0,17.0,0.0
28.4206,2,-17,13,21.401,142.59
28.4206,3,-16,8,17.889,153.43
28.4206,4,-9,31,32.28,106.19
28.4206,5,-7,1,7.071,171.87
28.4206,6,-17,24,29.411,125.31
28.4206,7,-4,19,19.416,101.89
28.4206,8,-27,22,34.828,140.83
28.4206,9,-12,21,24.187,119.74
28.4206,10,-15,10,18.028,146.31
28.4206,11,-14,22,26.077,122.47
28.4206,12,-9,19,21.024,115.35
28.4206,13,-12,22,25.06,118.61
28.4206,14,-17,13,21.401,142.59
28.4206,15,-16,18,24.083,131.63
28.4206,16,-11,18,21.095,121.43
28.4206,17,-15,13,19.849,139.09
28.4206,18,-27,19,33.015,144.87
28.4206,19,-12,19,22.472,122.28
28.4206,20,-11,17,20.248,122.91
28.4206,21,-18,13,22.204,144.16
28.4206,22,-16,18,24.083,131.63
28.4206,23,-11,13,17.029,130.24
28.4206,24,-16,10,18.868,147.99
28.4206,25,-19,19,26.87,135.0
28.4206,26,-11,12,16.279,132.51
28.4206,27,0,0,0.0,0.0
28.4206,28,0,0,0.0,0.0
28.4206,29,0,0,0.0,0.0
28.4206,30,0,0,0.0,0.0
28.4206,31,0,0,0.0,0.0
28.4206,32,0,0,0.0,0.0
28.4206,33,0,0,0.0,0.0
28.4206,34,0,0,0.0,0.0
28.4206,35,0,0,0.0,0.0
28.4206,36,0,0,0.0,0.0
28.4206,37,0,0,0.0,0.0
28.4206,38,-14,16,21.26,131.19
28.4206,39,-16,18,24.083,131.63
28.4206,40,-10,15,18.028,123.69
28.4206,41,-15,16,21.932,133.15
28.4206,42,-12,13,17.692,132.71
28.4206,43,-18,13,22.204,144.16
28.4206,44,-14,11,17.804,141.84
28.4206,45,-4,12,12.649,108.43
28.4206,46,-24,6,24.739,165.96
28.4206,47,-14,8,16.125,150.26
28.4206,48,-17,11,20.248,147.09
28.4206,49,-20,15,25.0,143.13
28.4206,50,-18,9,20.125,153.43
28.4206,51,-20,12,23.324,149.04
28.4206,52,-22,14,26.077,147.53
28.4206,53,-13,7,14.765,151.7
28.4206,54,-22,8,23.409,160.02
28.4206,55,-19,3,19.235,171.03
28.4206,56,-19,-4,19.416,-168.11
28.4206,57,-31,11,32.894,160.46
28.4206,58,-29,-2,29.069,-176.05
28.4206,59,-22,16,27.203,143.97
28.4206,60,-18,17,24.759,136.64
28.4206,61,-17,13,21.401,142.59
28.4206,62,-7,26,26.926,105.07
28.4206,63,-36,-12,37.947,-161.57
28.6181,0,23,113,115.317,78.5
28.6181,1,17,0,17.0,0.0
28.6181,2,31,1,31.016,1.85
28.6181,3,33,-11,34.785,-18.43
28.6181,4,27,-4,27.295,-8.43
28.6181,5,30,-9,31.321,-16.7
28.6181,6,35,-9,36.139,-14.42
28.6181,7,9,21,22.847,66.8
28.6181,8,22,-1,22.023,-2.6
28.6181,9,31,2,31.064,3.69
28.6181,10,26,-29,38.949,-48.12
28.6181,11,17,-3,17.263,-10.01
28.6181,12,24,-30,38.419,-51.34
28.6181,13,23,7,24.042,16.93
28.6181,14,8,14,16.125,60.26
28.6181,15,24,4,24.331,9.46
28.6181,16,11,-6,12.53,-28.61
28.6181,17,18,-5,18.682,-15.52
28.6181,18,15,-5,15.811,-18.43
28.6181,19,23,-9,24.698,-21.37
28.6181,20,13,-4,13.601,-17.1
28.6181,21,19,-2,19.105,-6.01
28.6181,22,24,1,24.021,2.39
28.6181,23,15,-3,15.297,-11.31
28.6181,24,14,2,14.142,8.13
28.6181,25,29,-2,29.069,-3.95
28.6181,26,22,2,22.091,5.19
28.6181,27,0,0,0.0,0.0
28.6181,28,0,0,0.0,0.0
28.6181,29,0,0,0.0,0.0
28.6181,30,0,0,0.0,0.0
28.6181,31,0,0,0.0,0.0
28.6181,32,0,0,0.0,0.0
28.6181,33,0,0,0.0,0.0
28.6181,34,0,0,0.0,0.0
28.6181,35,0,0,0.0,0.0
28.6181,36,0,0,0.0,0.0
28.6181,37,0,0,0.0,0.0
28.6181,38,23,-7,24.042,-16.93
28.6181,39,20,3,20.224,8.53
28.6181,40,26,-3,26.173,-6.58
28.6181,41,19,-1,19.026,-3.01
28.6181,42,26,-2,26.077,-4.4
28.6181,43,26,4,26.306,8.75
28.6181,44,22,2,22.091,5.19
28.6181,45,22,10,24.166,24.44
28.6181,46,27,-1,27.019,-2.12
28.6181,47,19,4,19.416,11.89
28.6181,48,23,4,23.345,9.87
28.6181,49,31,3,31.145,5.53
28.6181,50,20,-2,20.1,-5.71
28.6181,51,27,10,28.792,20.32
28.6181,52,31,2,31.064,3.69
28.6181,53,23,1,23.022,2.49
28.6181,54,26,-3,26.173,-6.58
28.6181,55,27,7,27.893,14.53
28.6181,56,26,4,26.306,8.75
28.6181,57,19,3,19.235,8.97
28.6181,58,29,3,29.155,5.91
28.6181,59,34,-10,35.44,-16.39
28.6181,60,24,0,24.0,0.0
28.6181,61,21,9,22.847,23.2
28.6181,62,22,-3,22.204,-7.77
28.6181,63,23,-2,23.087,-4.97
28.7264,0,23,113,115.317,78.5
28.7264,1,17,0,17.0,0.0
28.7264,2,0,-31,31.0,-90.0
28.7264,3,-9,-9,12.728,-135.0
28.7264,4,-19,8,20.616,157.17
28.7264,5,-8,-22,23.409,-109.98
28.7264,6,-8,-16,17.889,-116.57
28.7264,7,-9,-3,9.487,-161.57
28.7264,8,-12,-14,18.439,-130.6
28.7264,9,-10,-10,14.142,-135.0
28.7264,10,-14,-9,16.643,-147.26
28.7264,11,-7,-7,9.899,-135.0
28.7264,12,-17,-5,17.72,-163.61
28.7264,13,-19,-7,20.248,-159.78
28.7264,14,-11,0,11.0,180.0
28.7264,15,-10,5,11.18,153.43
28.7264,16,-20,4,20.396,168.69
28.7264,17,-16,4,16.492,165.96
28.7264,18,-11,4,11.705,160.02
28.7264,19,-15,-4,15.524,-165.07
28.7264,20,-14,7,15.652,153.43
28.7264,21,-21,3,21.213,171.87
28.7264,22,-21,1,21.024,177.27
28.7264,23,-12,8,14.422,146.31
28.7264,24,-14,5,14.866,160.35
28.7264,25,-17,8,18.788,154.8
28.7264,26,-12,4,12.649,161.57
28.7264,27,0,0,0.0,0.0
28.7264,28,0,0,0.0,0.0
28.7264,29,0,0,0.0,0.0
28.7264,30,0,0,0.0,0.0
28.7264,31,0,0,0.0,0.0
28.7264,32,0,0,0.0,0.0
28.7264,33,0,0,0.0,0.0
28.7264,34,0,0,0.0,0.0
28.7264,35,0,0,0.0,0.0
28.7264,36,0,0,0.0,0.0
28.7264,37,0,0,0.0,0.0
28.7264,38,16,-9,18.358,-29.36
28.7264,39,12,-8,14.422,-33.69
28.7264,40,12,-7,13.892,-30.26
28.7264,41,14,-9,16.643,-32.74
28.7264,42,14,-8,16.125,-29.74
28.7264,43,15,-11,18.601,-36.25
28.7264,44,11,-12,16.279,-47.49
28.7264,45,14,-10,17.205,-35.54
28.7264,46,13,-9,15.811,-34.7
28.7264,47,14,-8,16.125,-29.74
28.7264,48,14,-12,18.439,-40.6
28.7264,49,6,-16,17.088,-69.44
28.7264,50,11,-17,20.248,-57.09
28.7264,51,7,-18,19.313,-68.75
28.7264,52,6,-11,12.53,-61.39
28.7264,53,9,-19,21.024,-64.65
28.7264,54,4,-17,17.464,-76.76
28.7264,55,2,-19,19.105,-83.99
28.7264,56,2,-22,22.091,-84.81
28.7264,57,-6,-11,12.53,-118.61
28.7264,58,7,-22,23.087,-72.35
28.7264,59,5,-20,20.616,-75.96
28.7264,60,-2,-28,28.071,-94.09
28.7264,61,-5,-12,13.0,-112.62
28.7264,62,-10,1,10.05,174.29
28.7264,63,-5,-20,20.616,-104.04
28.8279,0,23,113,115.317,78.5
28.8279,1,17,0,17.0,0.0
28.8279,2,-3,-23,23.195,-97.43
28.8279,3,32,-28,42.521,-41.19
28.8279,4,12,-24,26.833,-63.43
28.8279,5,1,-23,23.022,-87.51
28.8279,6,23,-24,33.242,-46.22
28.8279,7,2,-18,18.111,-83.66
28.8279,8,5,-22,22.561,-77.2
28.8279,9,17,-5,17.72,-16.39
28.8279,10,14,-15,20.518,-46.97
28.8279,11,17,-17,24.042,-45.0
28.8279,12,15,-18,23.431,-50.19
28.8279,13,17,-18,24.759,-46.64
28.8279,14,15,-9,17.493,-30.96
28.8279,15,18,-19,26.173,-46.55
28.8279,16,16,-15,21.932,-43.15
28.8279,17,9,-20,21.932,-65.77
28.8279,18,21,-7,22.136,-18.43
28.8279,19,16,-11,19.416,-34.51
28.8279,20,18,-3,18.248,-9.46
28.8279,21,20,-2,20.1,-5.71
28.8279,22,12,-8,14.422,-33.69
28.8279,23,11,-1,11.045,-5.19
28.8279,24,15,4,15.524,14.93
28.8279,25,7,3,7.616,23.2
28.8279,26,19,4,19.416,11.89
28.8279,27,0,0,0.0,0.0
28.8279,28,0,0,0.0,0.0
28.8279,29,0,0,0.0,0.0
28.8279,30,0,0,0.0,0.0
28.8279,31,0,0,0.0,0.0
28.8279,32,0,0,0.0,0.0
28.8279,33,0,0,0.0,0.0
28.8279,34,0,0,0.0,0.0
28.8279,35,0,0,0.0,0.0
28.8279,36,0,0,0.0,0.0
28.8279,37,0,0,0.0,0.0
28.8279,38,-13,-13,18.385,-135.0
28.8279,39,-11,-18,21.095,-121.43
28.8279,40,-11,-13,17.029,-130.24
28.8279,41,-8,-15,17.0,-118.07
28.8279,42,-10,-19,21.471,-117.76
28.8279,43,-4,-15,15.524,-104.93
28.8279,44,-7,-20,21.19,-109.29
28.8279,45,-6,-21,21.84,-105.95
28.8279,46,-5,-26,26.476,-100.89
28.8279,47,4,-21,21.378,-79.22
28.8279,48,-5,-19,19.647,-104.74
28.8279,49,-5,-25,25.495,-101.31
28.8279,50,-2,-19,19.105,-96.01
28.8279,51,4,-25,25.318,-80.91
28.8279,52,-1,-19,19.026,-93.01
28.8279,53,8,-19,20.616,-67.17
28.8279,54,3,-21,21.213,-81.87
28.8279,55,-3,-25,25.179,-96.84
28.8279,56,9,-23,24.698,-68.63
28.8279,57,1,-33,33.015,-88.26
28.8279,58,27,-25,36.797,-42.8
28.8279,59,13,-36,38.275,-70.14
28.8279,60,13,-8,15.264,-31.61
28.8279,61,18,-40,43.863,-65.77
28.8279,62,-15,-25,29.155,-120.96
28.8279,63,-7,-14,15.652,-116.57
28.9301,0,23,113,115.317,78.5
28.9301,1,17,0,17.0,0.0
28.9301,2,-9,-6,10.817,-146.31
28.9301,3,-18,-12,21.633,-146.31
28.9301,4,-10,-5,11.18,-153.43
28.9301,5,-11,-11,15.556,-135.0
28.9301,6,-16,-16,22.627,-135.0
28.9301,7,-15,-5,15.811,-161.57
28.9301,8,-14,-5,14.866,-160.35
28.9301,9,-7,-5,8.602,-144.46
28.9301,10,-18,-17,24.759,-136.64
28.9301,11,-18,-27,32.45,-123.69
28.9301,12,-23,-11,25.495,-154.44
28.9301,13,-21,-19,28.32,-137.86
28.9301,14,-16,-2,16.125,-172.87
28.9301,15,-12,-24,26.833,-116.57
28.9301,16,4,-16,16.492,-75.96
28.9301,17,1,-30,30.017,-88.09
28.9301,18,-22,-23,31.828,-133.73
28.9301,19,0,-12,12.0,-90.0
28.9301,20,7,-21,22.136,-71.57
28.9301,21,-7,-10,12.207,-124.99
28.9301,22,-3,-7,7.616,-113.2
28.9301,23,11,-16,19.416,-55.49
28.9301,24,6,-13,14.318,-65.22
28.9301,25,3,-19,19.235,-81.03
28.9301,26,5,-16,16.763,-72.65
28.9301,27,0,0,0.0,0.0
28.9301,28,0,0,0.0,0.0
28.9301,29,0,0,0.0,0.0
28.9301,30,0,0,0.0,0.0
28.9301,31,0,0,0.0,0.0
28.9301,32,0,0,0.0,0.0
28.9301,33,0,0,0.0,0.0
28.9301,34,0,0,0.0,0.0
28.9301,35,0,0,0.0,0.0
28.9301,36,0,0,0.0,0.0
28.9301,37,0,0,0.0,0.0
28.9301,38,2,14,14.142,81.87
28.9301,39,-2,13,13.153,98.75
28.9301,40,-2,13,13.153,98.75
28.9301,41,0,14,14.0,90.0
28.9301,42,-5,14,14.866,109.65
28.9301,43,-4,18,18.439,102.53
28.9301,44,-7,13,14.765,118.3
28.9301,45,-12,8,14.422,146.31
28.9301,46,-16,19,24.839,130.1
28.9301,47,-16,18,24.083,131.63
28.9301,48,-9,15,17.493,120.96
28.9301,49,-14,6,15.232,156.8
28.9301,50,-13,14,19.105,132.88
28.9301,51,-13,13,18.385,135.0
28.9301,52,-18,6,18.974,161.57
28.9301,53,-22,6,22.804,164.74
28.9301,54,-20,3,20.224,171.47
28.9301,55,-20,-4,20.396,-168.69
28.9301,56,-21,3,21.213,171.87
28.9301,57,-31,-5,31.401,-170.84
28.9301,58,-26,5,26.476,169.11
28.9301,59,-22,2,22.091,174.81
28.9301,60,-14,3,14.318,167.91
28.9301,61,-20,7,21.19,160.71
28.9301,62,-27,-14,30.414,-152.59
28.9301,63,-14,14,19.799,135.0
29.0356,0,28,-64,69.857,-66.37
29.0356,1,1,0,1.0,0.0
29.0356,2,17,19,25.495,48.18
29.0356,3,17,19,25.495,48.18
29.0356,4,17,18,24.759,46.64
29.0356,5,17,18,24.759,46.64
29.0356,6,17,17,24.042,45.0
29.0356,7,17,15,22.672,41.42
29.0356,8,17,15,22.672,41.42
29.0356,9,17,14,22.023,39.47
29.0356,10,18,13,22.204,35.84
29.0356,11,19,12,22.472,32.28
29.0356,12,18,12,21.633,33.69
29.0356,13,19,12,22.472,32.28
29.0356,14,19,12,22.472,32.28
29.0356,15,18,11,21.095,31.43
29.0356,16,19,12,22.472,32.28
29.0356,17,19,12,22.472,32.28
29.0356,18,18,13,22.204,35.84
29.0356,19,17,13,21.401,37.41
29.0356,20,16,12,20.0,36.87
29.0356,21,15,13,19.849,40.91
29.0356,22,14,12,18.439,40.6
29.0356,23,14,12,18.439,40.6
29.0356,24,14,13,19.105,42.88
29.0356,25,12,13,17.692,47.29
29.0356,26,11,14,17.804,51.84
29.0356,27,0,0,0.0,0.0
29.0356,28,0,0,0.0,0.0
29.0356,29,0,0,0.0,0.0
29.0356,30,0,0,0.0,0.0
29.0356,31,0,0,0.0,0.0
29.0356,32,0,0,0.0,0.0
29.0356,33,0,0,0.0,0.0
29.0356,34,0,0,0.0,0.0
29.0356,35,0,0,0.0,0.0
29.0356,36,0,0,0.0,0.0
29.0356,37,0,0,0.0,0.0
29.0356,38,13,12,17.692,42.71
29.0356,39,13,13,18.385,45.0
29.0356,40,12,14,18.439,49.4
29.0356,41,13,15,19.849,49.09
29.0356,42,12,16,20.0,53.13
29.0356,43,11,18,21.095,58.57
29.0356,44,11,19,21.954,59.93
29.0356,45,10,19,21.471,62.24
29.0356,46,10,20,22.361,63.43
29.0356,47,10,20,22.361,63.43
29.0356,48,10,22,24.166,65.56
29.0356,49,10,21,23.259,64.54
29.0356,50,10,21,23.259,64.54
29.0356,51,10,21,23.259,64.54
29.0356,52,10,21,23.259,64.54
29.0356,53,10,21,23.259,64.54
29.0356,54,10,21,23.259,64.54
29.0356,55,10,20,22.361,63.43
29.0356,56,12,20,23.324,59.04
29.0356,57,13,20,23.854,56.98
29.0356,58,14,20,24.413,55.01
29.0356,59,14,20,24.413,55.01
29.0356,60,14,20,24.413,55.01
29.0356,61,17,20,26.249,49.64
29.0356,62,17,20,26.249,49.64
29.0356,63,17,20,26.249,49.64
29.0781,0,82,32,88.023,21.32
29.0781,1,5,0,5.0,0.0
29.0781,2,-24,-4,24.331,-170.54
29.0781,3,-24,-4,24.331,-170.54
29.0781,4,-23,-4,23.345,-170.13
29.0781,5,-24,-3,24.187,-172.87
29.0781,6,-23,-2,23.087,-175.03
29.0781,7,-22,-1,22.023,-177.4
29.0781,8,-22,-1,22.023,-177.4
29.0781,9,-21,0,21.0,180.0
29.0781,10,-21,0,21.0,180.0
29.0781,11,-21,1,21.024,177.27
29.0781,12,-21,2,21.095,174.56
29.0781,13,-21,2,21.095,174.56
29.0781,14,-21,2,21.095,174.56
29.0781,15,-21,2,21.095,174.56
29.0781,16,-21,2,21.095,174.56
29.0781,17,-21,2,21.095,174.56
29.0781,18,-20,1,20.025,177.14
29.0781,19,-20,1,20.025,177.14
29.0781,20,-19,0,19.0,180.0
29.0781,21,-19,0,19.0,180.0
29.0781,22,-19,-1,19.026,-176.99
29.0781,23,-18,-1,18.028,-176.82
29.0781,24,-17,-2,17.117,-173.29
29.0781,25,-16,-3,16.279,-169.38
29.0781,26,-16,-5,16.763,-162.65
29.0781,27,0,0,0.0,0.0
29.0781,28,0,0,0.0,0.0
29.0781,29,0,0,0.0,0.0
29.0781,30,0,0,0.0,0.0
29.0781,31,0,0,0.0,0.0
29.0781,32,0,0,0.0,0.0
29.0781,33,0,0,0.0,0.0
29.0781,34,0,0,0.0,0.0
29.0781,35,0,0,0.0,0.0
29.0781,36,0,0,0.0,0.0
29.0781,37,0,0,0.0,0.0
29.0781,38,-18,-2,18.111,-173.66
29.0781,39,-19,-3,19.235,-171.03
29.0781,40,-19,-4,19.416,-168.11
29.0781,41,-20,-5,20.616,-165.96
29.0781,42,-20,-6,20.881,-163.3
29.0781,43,-20,-7,21.19,-160.71
29.0781,44,-21,-8,22.472,-159.15
29.0781,45,-21,-9,22.847,-156.8
29.0781,46,-21,-10,23.259,-154.54
29.0781,47,-21,-10,23.259,-154.54
29.0781,48,-21,-11,23.707,-152.35
29.0781,49,-21,-11,23.707,-152.35
29.0781,50,-21,-11,23.707,-152.35
29.0781,51,-21,-11,23.707,-152.35
29.0781,52,-21,-10,23.259,-154.54
29.0781,53,-21,-10,23.259,-154.54
29.0781,54,-21,-10,23.259,-154.54
29.0781,55,-22,-10,24.166,-155.56
29.0781,56,-22,-8,23.409,-160.02
29.0781,57,-23,-7,24.042,-163.07
29.0781,58,-23,-7,24.042,-163.07
29.0781,59,-24,-6,24.739,-165.96
29.0781,60,-24,-7,25.0,-163.74
29.0781,61,-25,-6,25.71,-166.5
29.0781,62,-25,-5,25.495,-168.69
29.0781,63,-24,-6,24.739,-165.96
29.0961,0,28,-64,69.857,-66.37
29.0961,1,1,0,1.0,0.0
29.0961,2,-9,-25,26.571,-109.8
29.0961,3,-9,-24,25.632,-110.56
29.0961,4,-8,-24,25.298,-108.43
29.0961,5,-8,-23,24.352,-109.18
29.0961,6,-9,-22,23.77,-112.25
29.0961,7,-10,-21,23.259,-115.46
29.0961,8,-9,-21,22.847,-113.2
29.0961,9,-10,-20,22.361,-116.57
29.0961,10,-11,-20,22.825,-118.81
29.0961,11,-12,-19,22.472,-122.28
29.0961,12,-12,-18,21.633,-123.69
29.0961,13,-12,-18,21.633,-123.69
29.0961,14,-12,-18,21.633,-123.69
29.0961,15,-12,-18,21.633,-123.69
29.0961,16,-12,-19,22.472,-122.28
29.0961,17,-12,-18,21.633,-123.69
29.0961,18,-11,-19,21.954,-120.07
29.0961,19,-10,-18,20.591,-119.05
29.0961,20,-9,-18,20.125,-116.57
29.0961,21,-9,-18,20.125,-116.57
29.0961,22,-8,-17,18.788,-115.2
29.0961,23,-8,-17,18.788,-115.2
29.0961,24,-6,-17,18.028,-109.44
29.0961,25,-5,-17,17.72,-106.39
29.0961,26,-4,-17,17.464,-103.24
29.0961,27,0,0,0.0,0.0
29.0961,28,0,0,0.0,0.0
29.0961,29,0,0,0.0,0.0
29.0961,30,0,0,0.0,0.0
29.0961,31,0,0,0.0,0.0
29.0961,32,0,0,0.0,0.0
29.0961,33,0,0,0.0,0.0
29.0961,34,0,0,0.0,0.0
29.0961,35,0,0,0.0,0.0
29.0961,36,0,0,0.0,0.0
29.0961,37,0,0,0.0,0.0
29.0961,38,-10,-17,19.723,-120.47
29.0961,39,-9,-19,21.024,-115.35
29.0961,40,-8,-20,21.541,-111.8
29.0961,41,-8,-20,21.541,-111.8
29.0961,42,-7,-21,22.136,-108.43
29.0961,43,-5,-22,22.561,-102.8
29.0961,44,-5,-23,23.537,-102.26
29.0961,45,-4,-24,24.331,-99.46
29.0961,46,-4,-24,24.331,-99.46
29.0961,47,-3,-24,24.187,-97.13
29.0961,48,-3,-26,26.173,-96.58
29.0961,49,-2,-25,25.08,-94.57
29.0961,50,-3,-25,25.179,-96.84
29.0961,51,-2,-25,25.08,-94.57
29.0961,52,-2,-24,24.083,-94.76
29.0961,53,-3,-25,25.179,-96.84
29.0961,54,-2,-24,24.083,-94.76
29.0961,55,-2,-24,24.083,-94.76
29.0961,56,-4,-24,24.331,-99.46
29.0961,57,-5,-24,24.515,-101.77
29.0961,58,-6,-25,25.71,-103.5
29.0961,59,-6,-25,25.71,-103.5
29.0961,60,-5,-25,25.495,-101.31
29.0961,61,-7,-26,26.926,-105.07
29.0961,62,-8,-26,27.203,-107.1
29.0961,63,-7,-26,26.926,-105.07
29.1289,0,23,113,115.317,78.5
29.1289,1,17,0,17.0,0.0
29.1289,2,22,6,22.804,15.26
29.1289,3,37,-13,39.217,-19.36
29.1289,4,6,-3,6.708,-26.57
29.1289,5,15,-14,20.518,-43.03
29.1289,6,5,-3,5.831,-30.96
29.1289,7,10,-7,12.207,-34.99
29.1289,8,8,-10,12.806,-51.34
29.1289,9,2,-21,21.095,-84.56
29.1289,10,15,-11,18.601,-36.25
29.1289,11,15,-17,22.672,-48.58
29.1289,12,11,-3,11.402,-15.26
29.1289,13,0,-12,12.0,-90.0
29.1289,14,9,-27,28.46,-71.57
29.1289,15,10,-15,18.028,-56.31
29.1289,16,2,-26,26.077,-85.6
29.1289,17,14,-23,26.926,-58.67
29.1289,18,8,-20,21.541,-68.2
29.1289,19,0,-21,21.0,-90.0
29.1289,20,4,-14,14.56,-74.05
29.1289,21,9,-16,18.358,-60.64
29.1289,22,4,-17,17.464,-76.76
29.1289,23,2,-17,17.117,-83.29
29.1289,24,-6,-19,19.925,-107.53
29.1289,25,6,-14,15.232,-66.8
29.1289,26,-1,-17,17.029,-93.37
29.1289,27,0,0,0.0,0.0
29.1289,28,0,0,0.0,0.0
29.1289,29,0,0,0.0,0.0
29.1289,30,0,0,0.0,0.0
29.1289,31,0,0,0.0,0.0
29.1289,32,0,0,0.0,0.0
29.1289,33,0,0,0.0,0.0
29.1289,34,0,0,0.0,0.0
29.1289,35,0,0,0.0,0.0
29.1289,36,0,0,0.0,0.0
29.1289,37,0,0,0.0,0.0
29.1289,38,1,18,18.028,86.82
29.1289,39,7,16,17.464,66.37
29.1289,40,3,17,17.263,79.99
29.1289,41,-1,20,20.025,92.86
29.1289,42,6,19,19.925,72.47
29.1289,43,-2,14,14.142,98.13
29.1289,44,5,21,21.587,76.61
29.1289,45,7,16,17.464,66.37
29.1289,46,6,16,17.088,69.44
29.1289,47,2,14,14.142,81.87
29.1289,48,14,17,22.023,50.53
29.1289,49,7,20,21.19,70.71
29.1289,50,5,5,7.071,45.0
29.1289,51,8,13,15.264,58.39
29.1289,52,11,22,24.597,63.43
29.1289,53,16,11,19.416,34.51
29.1289,54,9,4,9.849,23.96
29.1289,55,15,5,15.811,18.43
29.1289,56,23,2,23.087,4.97
29.1289,57,21,7,22.136,18.43
29.1289,58,2,-2,2.828,-45.0
29.1289,59,1,-3,3.162,-71.57
29.1289,60,19,11,21.954,30.07
29.1289,61,38,16,41.231,22.83
29.1289,62,22,22,31.113,45.0
29.1289,63,27,30,40.361,48.01
29.2381,0,23,113,115.317,78.5
29.2381,1,17,0,17.0,0.0
29.2381,2,26,-12,28.636,-24.78
29.2381,3,21,-23,31.145,-47.6
29.2381,4,26,-13,29.069,-26.57
29.2381,5,12,-5,13.0,-22.62
29.2381,6,11,0,11.0,0.0
29.2381,7,19,-12,22.472,-32.28
29.2381,8,12,-8,14.422,-33.69
29.2381,9,20,-13,23.854,-33.02
29.2381,10,22,-10,24.166,-24.44
29.2381,11,21,-16,26.401,-37.3
29.2381,12,14,-7,15.652,-26.57
29.2381,13,22,-16,27.203,-36.03
29.2381,14,8,-18,19.698,-66.04
29.2381,15,21,-14,25.239,-33.69
29.2381,16,30,-13,32.696,-23.43
29.2381,17,18,-5,18.682,-15.52
29.2381,18,16,1,16.031,3.58
29.2381,19,15,-3,15.297,-11.31
29.2381,20,17,4,17.464,13.24
29.2381,21,24,-2,24.083,-4.76
29.2381,22,18,-6,18.974,-18.43
29.2381,23,21,13,24.698,31.76
29.2381,24,14,2,14.142,8.13
29.2381,25,17,11,20.248,32.91
29.2381,26,15,10,18.028,33.69
29.2381,27,0,0,0.0,0.0
29.2381,28,0,0,0.0,0.0
29.2381,29,0,0,0.0,0.0
29.2381,30,0,0,0.0,0.0
29.2381,31,0,0,0.0,0.0
29.2381,32,0,0,0.0,0.0
29.2381,33,0,0,0.0,0.0
29.2381,34,0,0,0.0,0.0
29.2381,35,0,0,0.0,0.0
29.2381,36,0,0,0.0,0.0
29.2381,37,0,0,0.0,0.0
29.2381,38,-3,-25,25.179,-96.84
29.2381,39,-4,-23,23.345,-99.87
29.2381,40,-3,-20,20.224,-98.53
29.2381,41,6,-22,22.804,-74.74
29.2381,42,4,-17,17.464,-76.76
29.2381,43,4,-17,17.464,-76.76
29.2381,44,3,-17,17.263,-79.99
29.2381,45,7,-19,20.248,-69.78
29.2381,46,1,-20,20.025,-87.14
29.2381,47,14,-21,25.239,-56.31
29.2381,48,8,-18,19.698,-66.04
29.2381,49,11,-16,19.416,-55.49
29.2381,50,12,-14,18.439,-49.4
29.2381,51,21,-11,23.707,-27.65
29.2381,52,16,-17,23.345,-46.74
29.2381,53,9,-9,12.728,-45.0
29.2381,54,10,-8,12.806,-38.66
29.2381,55,17,-6,18.028,-19.44
29.2381,56,16,-20,25.612,-51.34
29.2381,57,7,-4,8.062,-29.74
29.2381,58,5,-21,21.587,-76.61
29.2381,59,-4,-10,10.77,-111.8
29.2381,60,9,-13,15.811,-55.3
29.2381,61,36,-29,46.228,-38.85
29.2381,62,3,-31,31.145,-84.47
29.2381,63,22,-32,38.833,-55.49
29.8525,0,23,113,115.317,78.5
29.8525,1,17,0,17.0,0.0
29.8525,2,15,25,29.155,59.04
29.8525,3,2,12,12.166,80.54
29.8525,4,5,13,13.928,68.96
29.8525,5,5,18,18.682,74.48
29.8525,6,0,17,17.0,90.0
29.8525,7,-2,17,17.117,96.71
29.8525,8,4,15,15.524,75.07
29.8525,9,1,6,6.083,80.54
29.8525,10,6,18,18.974,71.57
29.8525,11,9,15,17.493,59.04
29.8525,12,12,8,14.422,33.69
29.8525,13,14,14,19.799,45.0
29.8525,14,13,17,21.401,52.59
29.8525,15,5,9,10.296,60.95
29.8525,16,12,14,18.439,49.4
29.8525,17,5,14,14.866,70.35
29.8525,18,8,11,13.601,53.97
29.8525,19,19,7,20.248,20.22
29.8525,20,8,11,13.601,53.97
29.8525,21,16,-1,16.031,-3.58
29.8525,22,5,4,6.403,38.66
29.8525,23,9,6,10.817,33.69
29.8525,24,5,5,7.071,45.0
29.8525,25,10,11,14.866,47.73
29.8525,26,13,10,16.401,37.57
29.8525,27,0,0,0.0,0.0
29.8525,28,0,0,0.0,0.0
29.8525,29,0,0,0.0,0.0
29.8525,30,0,0,0.0,0.0
29.8525,31,0,0,0.0,0.0
29.8525,32,0,0,0.0,0.0
29.8525,33,0,0,0.0,0.0
29.8525,34,0,0,0.0,0.0
29.8525,35,0,0,0.0,0.0
29.8525,36,0,0,0.0,0.0
29.8525,37,0,0,0.0,0.0
29.8525,38,-4,11,11.705,109.98
29.8525,39,-8,9,12.042,131.63
29.8525,40,-13,12,17.692,137.29
29.8525,41,-10,14,17.205,125.54
29.8525,42,-16,9,18.358,150.64
29.8525,43,-9,7,11.402,142.13
29.8525,44,-13,9,15.811,145.3
29.8525,45,-9,14,16.643,122.74
29.8525,46,-10,14,17.205,125.54
29.8525,47,-11,9,14.213,140.71
29.8525,48,-10,20,22.361,116.57
29.8525,49,-5,11,12.083,114.44
29.8525,50,-13,13,18.385,135.0
29.8525,51,-12,14,18.439,130.6
29.8525,52,-13,13,18.385,135.0
29.8525,53,-6,17,18.028,109.44
29.8525,54,-9,20,21.932,114.23
29.8525,55,1,7,7.071,81.87
29.8525,56,-5,20,20.616,104.04
29.8525,57,-5,17,17.72,106.39
29.8525,58,-9,24,25.632,110.56
29.8525,59,-7,11,13.038,122.47
29.8525,60,-14,18,22.804,127.87
29.8525,61,-19,-2,19.105,-173.99
29.8525,62,20,18,26.907,41.99
29.8525,63,3,11,11.402,74.74
29.9497,0,23,113,115.317,78.5
29.9497,1,17,0,17.0,0.0
29.9497,2,4,24,24.331,80.54
29.9497,3,-13,9,15.811,145.3
29.9497,4,6,34,34.525,79.99
29.9497,5,9,19,21.024,64.65
29.9497,6,-1,26,26.019,92.2
29.9497,7,-4,17,17.464,103.24
29.9497,8,6,17,18.028,70.56
29.9497,9,-4,23,23.345,99.87
29.9497,10,11,16,19.416,55.49
29.9497,11,4,15,15.524,75.07
29.9497,12,2,11,11.18,79.7
29.9497,13,11,17,20.248,57.09
29.9497,14,5,16,16.763,72.65
29.9497,15,7,17,18.385,67.62
29.9497,16,6,18,18.974,71.57
29.9497,17,5,15,15.811,71.57
29.9497,18,-2,16,16.125,97.13
29.9497,19,-4,18,18.439,102.53
29.9497,20,2,19,19.105,83.99
29.9497,21,9,16,18.358,60.64
29.9497,22,6,17,18.028,70.56
29.9497,23,-1,16,16.031,93.58
29.9497,24,-4,17,17.464,103.24
29.9497,25,3,14,14.318,77.91
29.9497,26,-1,13,13.038,94.4
29.9497,27,0,0,0.0,0.0
29.9497,28,0,0,0.0,0.0
29.9497,29,0,0,0.0,0.0
29.9497,30,0,0,0.0,0.0
29.9497,31,0,0,0.0,0.0
29.9497,32,0,0,0.0,0.0
29.9497,33,0,0,0.0,0.0
29.9497,34,0,0,0.0,0.0
29.9497,35,0,0,0.0,0.0
29.9497,36,0,0,0.0,0.0
29.9497,37,0,0,0.0,0.0
29.9497,38,0,15,15.0,90.0
29.9497,39,-2,14,14.142,98.13
29.9497,40,0,14,14.0,90.0
29.9497,41,-3,11,11.402,105.26
29.9497,42,5,17,17.72,73.61
29.9497,43,1,19,19.026,86.99
29.9497,44,-3,19,19.235,98.97
29.9497,45,-4,15,15.524,104.93
29.9497,46,-4,16,16.492,104.04
29.9497,47,-5,14,14.866,109.65
29.9497,48,-8,22,23.409,109.98
29.9497,49,-4,21,21.378,100.78
29.9497,50,-7,15,16.553,115.02
29.9497,51,-2,20,20.1,95.71
29.9497,52,2,15,15.133,82.41
29.9497,53,3,22,22.204,82.23
29.9497,54,-2,26,26.077,94.4
29.9497,55,-5,15,15.811,108.43
29.9497,56,3,16,16.279,79.38
29.9497,57,5,23,23.537,77.74
29.9497,58,-8,10,12.806,128.66
29.9497,59,4,22,22.361,79.7
29.9497,60,5,20,20.616,75.96
29.9497,61,-4,12,12.649,108.43
29.9497,62,0,24,24.0,90.0
29.9497,63,0,30,30.0,90.0
30.1586,0,23,113,115.317,78.5
30.1586,1,17,0,17.0,0.0
30.1586,2,-1,-24,24.021,-92.39
30.1586,3,9,-2,9.22,-12.53
30.1586,4,14,-8,16.125,-29.74
30.1586,5,24,2,24.083,4.76
30.1586,6,16,-6,17.088,-20.56
30.1586,7,12,-15,19.209,-51.34
30.1586,8,23,-7,24.042,-16.93
30.1586,9,21,-7,22.136,-18.43
30.1586,10,19,-5,19.647,-14.74
30.1586,11,14,-7,15.652,-26.57
30.1586,12,22,-4,22.361,-10.3
30.1586,13,7,-2,7.28,-15.95
30.1586,14,11,-5,12.083,-24.44
30.1586,15,17,0,17.0,0.0
30.1586,16,24,-3,24.187,-7.13
30.1586,17,13,-1,13.038,-4.4
30.1586,18,14,4,14.56,15.95
30.1586,19,14,-4,14.56,-15.95
30.1586,20,6,8,10.0,53.13
30.1586,21,17,6,18.028,19.44
30.1586,22,10,2,10.198,11.31
30.1586,23,12,9,15.0,36.87
30.1586,24,15,12,19.209,38.66
30.1586,25,5,11,12.083,65.56
30.1586,26,9,11,14.213,50.71
30.1586,27,0,0,0.0,0.0
30.1586,28,0,0,0.0,0.0
30.1586,29,0,0,0.0,0.0
30.1586,30,0,0,0.0,0.0
30.1586,31,0,0,0.0,0.0
30.1586,32,0,0,0.0,0.0
30.1586,33,0,0,0.0,0.0
30.1586,34,0,0,0.0,0.0
30.1586,35,0,0,0.0,0.0
30.1586,36,0,0,0.0,0.0
30.1586,37,0,0,0.0,0.0
30.1586,38,-6,-14,15.232,-113.2
30.1586,39,-3,-15,15.297,-101.31
30.1586,40,-2,-17,17.117,-96.71
30.1586,41,-3,-12,12.369,-104.04
30.1586,42,-1,-17,17.029,-93.37
30.1586,43,2,-21,21.095,-84.56
30.1586,44,1,-16,16.031,-86.42
30.1586,45,1,-19,19.026,-86.99
30.1586,46,6,-19,19.925,-72.47
30.1586,47,5,-15,15.811,-71.57
30.1586,48,9,-17,19.235,-62.1
30.1586,49,9,-20,21.932,-65.77
30.1586,50,9,-22,23.77,-67.75
30.1586,51,7,-15,16.553,-64.98
30.1586,52,5,-17,17.72,-73.61
30.1586,53,15,-13,19.849,-40.91
30.1586,54,18,-9,20.125,-26.57
30.1586,55,-4,-16,16.492,-104.04
30.1586,56,7,-24,25.0,-73.74
30.1586,57,2,-12,12.166,-80.54
30.1586,58,3,-7,7.616,-66.8
30.1586,59,16,-9,18.358,-29.36
30.1586,60,6,-8,10.0,-53.13
30.1586,61,9,-1,9.055,-6.34
30.1586,62,21,-34,39.962,-58.3
30.1586,63,10,-20,22.361,-63.43
30.2622,0,23,113,115.317,78.5
30.2622,1,17,0,17.0,0.0
30.2622,2,-35,24,42.438,145.56
30.2622,3,-22,-1,22.023,-177.4
30.2622,4,-25,5,25.495,168.69
30.2622,5,-21,-6,21.84,-164.05
30.2622,6,-30,-17,34.482,-150.46
30.2622,7,-22,-1,22.023,-177.4
30.2622,8,-13,3,13.342,167.01
30.2622,9,-23,10,25.08,156.5
30.2622,10,-14,-2,14.142,-171.87
30.2622,11,-20,3,20.224,171.47
30.2622,12,-25,-4,25.318,-170.91
30.2622,13,-18,6,18.974,161.57
30.2622,14,-21,3,21.213,171.87
30.2622,15,-28,5,28.443,169.88
30.2622,16,-23,8,24.352,160.82
30.2622,17,-15,11,18.601,143.75
30.2622,18,-14,5,14.866,160.35
30.2622,19,-11,2,11.18,169.7
30.2622,20,-17,11,20.248,147.09
30.2622,21,-21,15,25.807,144.46
30.2622,22,-17,7,18.385,157.62
30.2622,23,-15,5,15.811,161.57
30.2622,24,-14,6,15.232,156.8
30.2622,25,-6,8,10.0,126.87
30.2622,26,-19,5,19.647,165.26
30.2622,27,0,0,0.0,0.0
30.2622,28,0,0,0.0,0.0
30.2622,29,0,0,0.0,0.0
30.2622,30,0,0,0.0,0.0
30.2622,31,0,0,0.0,0.0
30.2622,32,0,0,0.0,0.0
30.2622,33,0,0,0.0,0.0
30.2622,34,0,0,0.0,0.0
30.2622,35,0,0,0.0,0.0
30.2622,36,0,0,0.0,0.0
30.2622,37,0,0,0.0,0.0
30.2622,38,-4,-18,18.439,-102.53
30.2622,39,2,-19,19.105,-83.99
30.2622,40,2,-17,17.117,-83.29
30.2622,41,-3,-21,21.213,-98.13
30.2622,42,3,-23,23.195,-82.57
30.2622,43,3,-18,18.248,-80.54
30.2622,44,-2,-15,15.133,-97.59
30.2622,45,1,-18,18.028,-86.82
30.2622,46,0,-19,19.0,-90.0
30.2622,47,3,-21,21.213,-81.87
30.2622,48,-4,-21,21.378,-100.78
30.2622,49,-4,-18,18.439,-102.53
30.2622,50,-3,-23,23.195,-97.43
30.2622,51,-4,-25,25.318,-99.09
30.2622,52,-6,-22,22.804,-105.26
30.2622,53,2,-20,20.1,-84.29
30.2622,54,-10,-20,22.361,-116.57
30.2622,55,-13,-31,33.615,-112.75
30.2622,56,-12,-20,23.324,-120.96
30.2622,57,-18,-24,30.0,-126.87
30.2622,58,-32,-23,39.408,-144.29
30.2622,59,-3,-8,8.544,-110.56
30.2622,60,-25,-7,25.962,-164.36
30.2622,61,-34,-38,50.99,-131.82
30.2622,62,-15,-10,18.028,-146.31
30.2622,63,-24,-32,40.0,-126.87
30.3639,0,23,113,115.317,78.5
30.3639,1,17,0,17.0,0.0
30.3639,2,-17,-15,22.672,-138.58
30.3639,3,-7,8,10.63,131.19
30.3639,4,-23,16,28.018,145.18
30.3639,5,-20,19,27.586,136.47
30.3639,6,-16,26,30.529,121.61
30.3639,7,-10,32,33.526,107.35
30.3639,8,-18,21,27.659,130.6
30.3639,9,-28,23,36.235,140.6
30.3639,10,-1,2,2.236,116.57
30.3639,11,-15,12,19.209,141.34
30.3639,12,-10,15,18.028,123.69
30.3639,13,-10,18,20.591,119.05
30.3639,14,-7,27,27.893,104.53
30.3639,15,-7,16,17.464,113.63
30.3639,16,-24,13,27.295,151.56
30.3639,17,-9,13,15.811,124.7
30.3639,18,-19,15,24.207,141.71
30.3639,19,-19,11,21.954,149.93
30.3639,20,-21,11,23.707,152.35
30.3639,21,-23,9,24.698,158.63
30.3639,22,-22,13,25.554,149.42
30.3639,23,-12,0,12.0,180.0
30.3639,24,-12,4,12.649,161.57
30.3639,25,-17,-2,17.117,-173.29
30.3639,26,-14,8,16.125,150.26
30.3639,27,0,0,0.0,0.0
30.3639,28,0,0,0.0,0.0
30.3639,29,0,0,0.0,0.0
30.3639,30,0,0,0.0,0.0
30.3639,31,0,0,0.0,0.0
30.3639,32,0,0,0.0,0.0
30.3639,33,0,0,0.0,0.0
30.3639,34,0,0,0.0,0.0
30.3639,35,0,0,0.0,0.0
30.3639,36,0,0,0.0,0.0
30.3639,37,0,0,0.0,0.0
30.3639,38,-5,13,13.928,111.04
30.3639,39,-8,17,18.788,115.2
30.3639,40,-8,14,16.125,119.74
30.3639,41,-6,13,14.318,114.78
30.3639,42,-11,13,17.029,130.24
30.3639,43,-6,14,15.232,113.2
30.3639,44,-10,7,12.207,145.01
30.3639,45,-9,22,23.77,112.25
30.3639,46,-5,10,11.18,116.57
30.3639,47,-11,8,13.601,143.97
30.3639,48,-13,8,15.264,148.39
30.3639,49,-12,9,15.0,143.13
30.3639,50,-13,15,19.849,130.91
30.3639,51,-16,6,17.088,159.44
30.3639,52,-12,12,16.971,135.0
30.3639,53,-16,8,17.889,153.43
30.3639,54,-19,16,24.839,139.9
30.3639,55,-4,13,13.601,107.1
30.3639,56,-13,17,21.401,127.41
30.3639,57,-24,14,27.785,149.74
30.3639,58,-9,17,19.235,117.9
30.3639,59,-7,10,12.207,124.99
30.3639,60,-7,2,7.28,164.05
30.3639,61,-7,2,7.28,164.05
30.3639,62,-33,4,33.242,173.09
30.3639,63,-18,5,18.682,164.48
30.5699,0,23,113,115.317,78.5
30.5699,1,17,0,17.0,0.0
30.5699,2,6,-15,16.155,-68.2
30.5699,3,-25,-18,30.806,-144.25
30.5699,4,22,-8,23.409,-19.98
30.5699,5,5,-20,20.616,-75.96
30.5699,6,-1,-24,24.021,-92.39
30.5699,7,3,5,5.831,59.04
30.5699,8,-5,-18,18.682,-105.52
30.5699,9,-1,-25,25.02,-92.29
30.5699,10,4,-20,20.396,-78.69
30.5699,11,-1,-25,25.02,-92.29
30.5699,12,-4,-16,16.492,-104.04
30.5699,13,-1,-20,20.025,-92.86
30.5699,14,1,-29,29.017,-88.03
30.5699,15,-1,-14,14.036,-94.09
30.5699,16,-1,-20,20.025,-92.86
30.5699,17,3,-21,21.213,-81.87
30.5699,18,2,-17,17.117,-83.29
30.5699,19,-8,-19,20.616,-112.83
30.5699,20,9,-25,26.571,-70.2
30.5699,21,-1,-23,23.022,-92.49
30.5699,22,8,-20,21.541,-68.2
30.5699,23,1,-16,16.031,-86.42
30.5699,24,4,-13,13.601,-72.9
30.5699,25,6,-16,17.088,-69.44
30.5699,26,21,-10,23.259,-25.46
30.5699,27,0,0,0.0,0.0
30.5699,28,0,0,0.0,0.0
30.5699,29,0,0,0.0,0.0
30.5699,30,0,0,0.0,0.0
30.5699,31,0,0,0.0,0.0
30.5699,32,0,0,0.0,0.0
30.5699,33,0,0,0.0,0.0
30.5699,34,0,0,0.0,0.0
30.5699,35,0,0,0.0,0.0
30.5699,36,0,0,0.0,0.0
30.5699,37,0,0,0.0,0.0
30.5699,38,-10,-15,18.028,-123.69
30.5699,39,-13,-15,19.849,-130.91
30.5699,40,-12,-16,20.0,-126.87
30.5699,41,-8,-18,19.698,-113.96
30.5699,42,-9,-17,19.235,-117.9
30.5699,43,-4,-17,17.464,-103.24
30.5699,44,-3,-15,15.297,-101.31
30.5699,45,-9,-16,18.358,-119.36
30.5699,46,0,-19,19.0,-90.0
30.5699,47,-6,-21,21.84,-105.95
30.5699,48,2,-12,12.166,-80.54
30.5699,49,-6,-15,16.155,-111.8
30.5699,50,-7,-22,23.087,-107.65
30.5699,51,-7,-19,20.248,-110.22
30.5699,52,0,-20,20.0,-90.0
30.5699,53,-1,-18,18.028,-93.18
30.5699,54,3,-14,14.318,-77.91
30.5699,55,-7,-26,26.926,-105.07
30.5699,56,8,-17,18.788,-64.8
30.5699,57,7,-22,23.087,-72.35
30.5699,58,-1,-26,26.019,-92.2
30.5699,59,-1,-26,26.019,-92.2
30.5699,60,2,-19,19.105,-83.99
30.5699,61,-11,-8,13.601,-143.97
30.5699,62,11,-17,20.248,-57.09
30.5699,63,-11,-38,39.56,-106.14
30.7748,0,23,113,115.317,78.5
30.7748,1,17,0,17.0,0.0
30.7748,2,12,-19,22.472,-57.72
30.7748,3,14,-32,34.928,-66.37
30.7748,4,7,-15,16.553,-64.98
30.7748,5,5,-9,10.296,-60.95
30.7748,6,-4,-14,14.56,-105.95
30.7748,7,4,-23,23.345,-80.13
30.7748,8,-1,-12,12.042,-94.76
30.7748,9,-11,-10,14.866,-137.73
30.7748,10,4,-20,20.396,-78.69
30.7748,11,2,-22,22.091,-84.81
30.7748,12,-8,-25,26.249,-107.74
30.7748,13,2,-26,26.077,-85.6
30.7748,14,-5,-20,20.616,-104.04
30.7748,15,-4,-21,21.378,-100.78
30.7748,16,1,-20,20.025,-87.14
30.7748,17,-11,-20,22.825,-118.81
30.7748,18,-1,-17,17.029,-93.37
30.7748,19,-8,-16,17.889,-116.57
30.7748,20,-6,-21,21.84,-105.95
30.7748,21,1,-12,12.042,-85.24
30.7748,22,-5,-16,16.763,-107.35
30.7748,23,-1,-16,16.031,-93.58
30.7748,24,-3,-21,21.213,-98.13
30.7748,25,-2,-12,12.166,-99.46
30.7748,26,-2,-11,11.18,-100.3
30.7748,27,0,0,0.0,0.0
30.7748,28,0,0,0.0,0.0
30.7748,29,0,0,0.0,0.0
30.7748,30,0,0,0.0,0.0
30.7748,31,0,0,0.0,0.0
30.7748,32,0,0,0.0,0.0
30.7748,33,0,0,0.0,0.0
30.7748,34,0,0,0.0,0.0
30.7748,35,0,0,0.0,0.0
30.7748,36,0,0,0.0,0.0
30.7748,37,0,0,0.0,0.0
30.7748,38,11,-9,14.213,-39.29
30.7748,39,15,-8,17.0,-28.07
30.7748,40,13,-7,14.765,-28.3
30.7748,41,12,-12,16.971,-45.0
30.7748,42,15,-6,16.155,-21.8
30.7748,43,15,-8,17.0,-28.07
30.7748,44,14,-8,16.125,-29.74
30.7748,45,18,-11,21.095,-31.43
30.7748,46,20,-6,20.881,-16.7
30.7748,47,16,-14,21.26,-41.19
30.7748,48,13,-15,19.849,-49.09
30.7748,49,15,-14,20.518,-43.03
30.7748,50,21,-12,24.187,-29.74
30.7748,51,18,-15,23.431,-39.81
30.7748,52,16,-8,17.889,-26.57
30.7748,53,18,-13,22.204,-35.84
30.7748,54,12,-7,13.892,-30.26
30.7748,55,14,-16,21.26,-48.81
30.7748,56,20,-17,26.249,-40.36
30.7748,57,13,-20,23.854,-56.98
30.7748,58,9,-21,22.847,-66.8
30.7748,59,13,-18,22.204,-54.16
30.7748,60,18,-27,32.45,-56.31
30.7748,61,12,-19,22.472,-57.72
30.7748,62,3,-19,19.235,-81.03
30.7748,63,17,-22,27.803,-52.31
31.0801,0,23,113,115.317,78.5
31.0801,1,17,0,17.0,0.0
31.0801,2,9,-2,9.22,-12.53
31.0801,3,21,8,22.472,20.85
31.0801,4,36,-1,36.014,-1.59
31.0801,5,16,-5,16.763,-17.35
31.0801,6,5,11,12.083,65.56
31.0801,7,11,2,11.18,10.3
31.0801,8,31,8,32.016,14.47
31.0801,9,29,6,29.614,11.69
31.0801,10,5,12,13.0,67.38
31.0801,11,31,12,33.242,21.16
31.0801,12,31,-5,31.401,-9.16
31.0801,13,1,5,5.099,78.69
31.0801,14,14,2,14.142,8.13
31.0801,15,28,-5,28.443,-10.12
31.0801,16,20,14,24.413,34.99
31.0801,17,18,2,18.111,6.34
31.0801,18,13,11,17.029,40.24
31.0801,19,20,0,20.0,0.0
31.0801,20,19,7,20.248,20.22
31.0801,21,23,11,25.495,25.56
31.0801,22,15,11,18.601,36.25
31.0801,23,13,10,16.401,37.57
31.0801,24,2,9,9.22,77.47
31.0801,25,13,7,14.765,28.3
31.0801,26,11,14,17.804,51.84
31.0801,27,0,0,0.0,0.0
31.0801,28,0,0,0.0,0.0
31.0801,29,0,0,0.0,0.0
31.0801,30,0,0,0.0,0.0
31.0801,31,0,0,0.0,0.0
31.0801,32,0,0,0.0,0.0
31.0801,33,0,0,0.0,0.0
31.0801,34,0,0,0.0,0.0
31.0801,35,0,0,0.0,0.0
31.0801,36,0,0,0.0,0.0
31.0801,37,0,0,0.0,0.0
31.0801,38,12,-8,14.422,-33.69
31.0801,39,7,3,7.616,23.2
31.0801,40,16,-4,16.492,-14.04
31.0801,41,20,-4,20.396,-11.31
31.0801,42,16,-3,16.279,-10.62
31.0801,43,23,-5,23.537,-12.26
31.0801,44,17,0,17.0,0.0
31.0801,45,13,-2,13.153,-8.75
31.0801,46,20,7,21.19,19.29
31.0801,47,20,5,20.616,14.04
31.0801,48,22,3,22.204,7.77
31.0801,49,25,5,25.495,11.31
31.0801,50,24,3,24.187,7.13
31.0801,51,18,4,18.439,12.53
31.0801,52,22,8,23.409,19.98
31.0801,53,17,6,18.028,19.44
31.0801,54,19,11,21.954,30.07
31.0801,55,21,13,24.698,31.76
31.0801,56,23,8,24.352,19.18
31.0801,57,21,6,21.84,15.95
31.0801,58,21,10,23.259,25.46
31.0801,59,20,10,22.361,26.57
31.0801,60,17,9,19.235,27.9
31.0801,61,16,-1,16.031,-3.58
31.0801,62,20,0,20.0,0.0
31.0801,63,13,11,17.029,40.24
31.1861,0,23,113,115.317,78.5
31.1861,1,17,0,17.0,0.0
31.1861,2,16,-10,18.868,-32.01
31.1861,3,6,-12,13.416,-63.43
31.1861,4,15,-19,24.207,-51.71
31.1861,5,2,-21,21.095,-84.56
31.1861,6,3,-9,9.487,-71.57
31.1861,7,7,-13,14.765,-61.7
31.1861,8,1,-13,13.038,-85.6
31.1861,9,1,-27,27.019,-87.88
31.1861,10,0,-24,24.0,-90.0
31.1861,11,-1,-23,23.022,-92.49
31.1861,12,-8,-25,26.249,-107.74
31.1861,13,7,-17,18.385,-67.62
31.1861,14,-2,-17,17.117,-96.71
31.1861,15,-4,-19,19.416,-101.89
31.1861,16,-7,-14,15.652,-116.57
31.1861,17,0,-14,14.0,-90.0
31.1861,18,-3,-12,12.369,-104.04
31.1861,19,2,-20,20.1,-84.29
31.1861,20,0,-20,20.0,-90.0
31.1861,21,-3,-10,10.44,-106.7
31.1861,22,5,-23,23.537,-77.74
31.1861,23,0,-15,15.0,-90.0
31.1861,24,6,-12,13.416,-63.43
31.1861,25,-1,-13,13.038,-94.4
31.1861,26,3,-12,12.369,-75.96
31.1861,27,0,0,0.0,0.0
31.1861,28,0,0,0.0,0.0
31.1861,29,0,0,0.0,0.0
31.1861,30,0,0,0.0,0.0
31.1861,31,0,0,0.0,0.0
31.1861,32,0,0,0.0,0.0
31.1861,33,0,0,0.0,0.0
31.1861,34,0,0,0.0,0.0
31.1861,35,0,0,0.0,0.0
31.1861,36,0,0,0.0,0.0
31.1861,37,0,0,0.0,0.0
31.1861,38,17,-9,19.235,-27.9
31.1861,39,14,-7,15.652,-26.57
31.1861,40,17,-5,17.72,-16.39
31.1861,41,14,-10,17.205,-35.54
31.1861,42,14,-8,16.125,-29.74
31.1861,43,12,-3,12.369,-14.04
31.1861,44,13,-8,15.264,-31.61
31.1861,45,18,-7,19.313,-21.25
31.1861,46,13,-9,15.811,-34.7
31.1861,47,16,-3,16.279,-10.62
31.1861,48,19,-12,22.472,-32.28
31.1861,49,16,-9,18.358,-29.36
31.1861,50,19,-6,19.925,-17.53
31.1861,51,17,-6,18.028,-19.44
31.1861,52,15,-13,19.849,-40.91
31.1861,53,15,-5,15.811,-18.43
31.1861,54,8,-7,10.63,-41.19
31.1861,55,7,-15,16.553,-64.98
31.1861,56,18,-20,26.907,-48.01
31.1861,57,14,-26,29.53,-61.7
31.1861,58,11,-11,15.556,-45.0
31.1861,59,14,-18,22.804,-52.13
31.1861,60,-9,-15,17.493,-120.96
31.1861,61,28,-25,37.537,-41.76
31.1861,62,9,-3,9.487,-18.43
31.1861,63,37,-9,38.079,-13.67
31.4214,0,23,113,115.317,78.5
31.4214,1,17,0,17.0,0.0
31.4214,2,-2,8,8.246,104.04
31.4214,3,-14,14,19.799,135.0
31.4214,4,-18,4,18.439,167.47
31.4214,5,-12,10,15.62,140.19
31.4214,6,-17,12,20.809,144.78
31.4214,7,-9,14,16.643,122.74
31.4214,8,-18,6,18.974,161.57
31.4214,9,-8,8,11.314,135.0
31.4214,10,-11,11,15.556,135.0
31.4214,11,-17,9,19.235,152.1
31.4214,12,-17,11,20.248,147.09
31.4214,13,-13,22,25.554,120.58
31.4214,14,-10,22,24.166,114.44
31.4214,15,-11,21,23.707,117.65
31.4214,16,-8,18,19.698,113.96
31.4214,17,-10,25,26.926,111.8
31.4214,18,-18,11,21.095,148.57
31.4214,19,-2,14,14.142,98.13
31.4214,20,-10,17,19.723,120.47
31.4214,21,-5,9,10.296,119.05
31.4214,22,-8,14,16.125,119.74
31.4214,23,-7,10,12.207,124.99
31.4214,24,-4,12,12.649,108.43
31.4214,25,-3,15,15.297,101.31
31.4214,26,-3,6,6.708,116.57
31.4214,27,0,0,0.0,0.0
31.4214,28,0,0,0.0,0.0
31.4214,29,0,0,0.0,0.0
31.4214,30,0,0,0.0,0.0
31.4214,31,0,0,0.0,0.0
31.4214,32,0,0,0.0,0.0
31.4214,33,0,0,0.0,0.0
31.4214,34,0,0,0.0,0.0
31.4214,35,0,0,0.0,0.0
31.4214,36,0,0,0.0,0.0
31.4214,37,0,0,0.0,0.0
31.4214,38,-9,-16,18.358,-119.36
31.4214,39,-9,-18,20.125,-116.57
31.4214,40,-8,-15,17.0,-118.07
31.4214,41,-2,-17,17.117,-96.71
31.4214,42,-6,-14,15.232,-113.2
31.4214,43,-4,-14,14.56,-105.95
31.4214,44,-8,-13,15.264,-121.61
31.4214,45,-11,-16,19.416,-124.51
31.4214,46,-15,-15,21.213,-135.0
31.4214,47,-6,-21,21.84,-105.95
31.4214,48,-8,-21,22.472,-110.85
31.4214,49,-10,-16,18.868,-122.01
31.4214,50,-11,-20,22.825,-118.81
31.4214,51,-13,-15,19.849,-130.91
31.4214,52,-19,-14,23.601,-143.62
31.4214,53,-15,-10,18.028,-146.31
31.4214,54,-18,-6,18.974,-161.57
31.4214,55,-11,-15,18.601,-126.25
31.4214,56,-11,-6,12.53,-151.39
31.4214,57,-28,-20,34.409,-144.46
31.4214,58,-3,-24,24.187,-97.13
31.4214,59,-14,-8,16.125,-150.26
31.4214,60,-22,-3,22.204,-172.23
31.4214,61,-38,-6,38.471,-171.03
31.4214,62,-31,9,32.28,163.81
31.4214,63,-2,-21,21.095,-95.44
31.5017,0,23,113,115.317,78.5
31.5017,1,17,0,17.0,0.0
31.5017,2,-3,5,5.831,120.96
31.5017,3,-6,19,19.925,107.53
31.5017,4,5,4,6.403,38.66
31.5017,5,-1,20,20.025,92.86
31.5017,6,0,31,31.0,90.0
31.5017,7,3,18,18.248,80.54
31.5017,8,1,17,17.029,86.63
31.5017,9,1,24,24.021,87.61
31.5017,10,8,19,20.616,67.17
31.5017,11,5,21,21.587,76.61
31.5017,12,8,23,24.352,70.82
31.5017,13,2,23,23.087,85.03
31.5017,14,5,21,21.587,76.61
31.5017,15,4,25,25.318,80.91
31.5017,16,-4,20,20.396,101.31
31.5017,17,5,30,30.414,80.54
31.5017,18,-2,23,23.087,94.97
31.5017,19,-1,23,23.022,92.49
31.5017,20,-2,30,30.067,93.81
31.5017,21,0,17,17.0,90.0
31.5017,22,-6,29,29.614,101.69
31.5017,23,-1,19,19.026,93.01
31.5017,24,-4,10,10.77,111.8
31.5017,25,5,10,11.18,63.43
31.5017,26,-2,19,19.105,96.01
31.5017,27,0,0,0.0,0.0
31.5017,28,0,0,0.0,0.0
31.5017,29,0,0,0.0,0.0
31.5017,30,0,0,0.0,0.0
31.5017,31,0,0,0.0,0.0
31.5017,32,0,0,0.0,0.0
31.5017,33,0,0,0.0,0.0
31.5017,34,0,0,0.0,0.0
31.5017,35,0,0,0.0,0.0
31.5017,36,0,0,0.0,0.0
31.5017,37,0,0,0.0,0.0
31.5017,38,2,13,13.153,81.25
31.5017,39,10,13,16.401,52.43
31.5017,40,-2,17,17.117,96.71
31.5017,41,-1,16,16.031,93.58
31.5017,42,-2,19,19.105,96.01
31.5017,43,-6,17,18.028,109.44
31.5017,44,-6,17,18.028,109.44
31.5017,45,-3,18,18.248,99.46
31.5017,46,-1,16,16.031,93.58
31.5017,47,-3,18,18.248,99.46
31.5017,48,-7,16,17.464,113.63
31.5017,49,-2,17,17.117,96.71
31.5017,50,-7,22,23.087,107.65
31.5017,51,0,20,20.0,90.0
31.5017,52,-4,11,11.705,109.98
31.5017,53,0,23,23.0,90.0
31.5017,54,0,26,26.0,90.0
31.5017,55,-4,19,19.416,101.89
31.5017,56,-6,19,19.925,107.53
31.5017,57,-3,19,19.235,98.97
31.5017,58,-16,24,28.844,123.69
31.5017,59,1,23,23.022,87.51
31.5017,60,6,21,21.84,74.05
31.5017,61,9,0,9.0,0.0
31.5017,62,-6,19,19.925,107.53
31.5017,63,-10,20,22.361,116.57
31.8039,0,23,113,115.317,78.5
31.8039,1,17,0,17.0,0.0
31.8039,2,14,-2,14.142,-8.13
31.8039,3,22,-18,28.425,-39.29
31.8039,4,2,0,2.0,0.0
31.8039,5,25,-4,25.318,-9.09
31.8039,6,25,-5,25.495,-11.31
31.8039,7,31,2,31.064,3.69
31.8039,8,23,-1,23.022,-2.49
31.8039,9,16,-6,17.088,-20.56
31.8039,10,16,-10,18.868,-32.01
31.8039,11,14,5,14.866,19.65
31.8039,12,16,1,16.031,3.58
31.8039,13,17,-10,19.723,-30.47
31.8039,14,22,-6,22.804,-15.26
31.8039,15,16,-5,16.763,-17.35
31.8039,16,13,-3,13.342,-12.99
31.8039,17,28,-10,29.732,-19.65
31.8039,18,21,-2,21.095,-5.44
31.8039,19,18,3,18.248,9.46
31.8039,20,19,8,20.616,22.83
31.8039,21,18,0,18.0,0.0
31.8039,22,9,0,9.0,0.0
31.8039,23,17,4,17.464,13.24
31.8039,24,8,1,8.062,7.13
31.8039,25,7,7,9.899,45.0
31.8039,26,17,1,17.029,3.37
31.8039,27,0,0,0.0,0.0
31.8039,28,0,0,0.0,0.0
31.8039,29,0,0,0.0,0.0
31.8039,30,0,0,0.0,0.0
31.8039,31,0,0,0.0,0.0
31.8039,32,0,0,0.0,0.0
31.8039,33,0,0,0.0,0.0
31.8039,34,0,0,0.0,0.0
31.8039,35,0,0,0.0,0.0
31.8039,36,0,0,0.0,0.0
31.8039,37,0,0,0.0,0.0
31.8039,38,13,-10,16.401,-37.57
31.8039,39,15,-11,18.601,-36.25
31.8039,40,15,-10,18.028,-33.69
31.8039,41,15,-11,18.601,-36.25
31.8039,42,15,-6,16.155,-21.8
31.8039,43,17,-7,18.385,-22.38
31.8039,44,21,-8,22.472,-20.85
31.8039,45,13,-4,13.601,-17.1
31.8039,46,16,-4,16.492,-14.04
31.8039,47,26,-7,26.926,-15.07
31.8039,48,20,-2,20.1,-5.71
31.8039,49,19,-3,19.235,-8.97
31.8039,50,21,-7,22.136,-18.43
31.8039,51,17,-6,18.028,-19.44
31.8039,52,22,-5,22.561,-12.8
31.8039,53,25,-7,25.962,-15.64
31.8039,54,11,-9,14.213,-39.29
31.8039,55,17,3,17.263,10.01
31.8039,56,12,-1,12.042,-4.76
31.8039,57,24,4,24.331,9.46
31.8039,58,28,-1,28.018,-2.05
31.8039,59,16,-20,25.612,-51.34
31.8039,60,11,4,11.705,19.98
31.8039,61,10,3,10.44,16.7
31.8039,62,2,10,10.198,78.69
31.8039,63,-4,0,4.0,180.0
31.9172,0,23,113,115.317,78.5
31.9172,1,17,0,17.0,0.0
31.9172,2,37,11,38.601,16.56
31.9172,3,13,1,13.038,4.4
31.9172,4,19,15,24.207,38.29
31.9172,5,27,19,33.015,35.13
31.9172,6,20,22,29.732,47.73
31.9172,7,13,25,28.178,62.53
31.9172,8,32,13,34.54,22.11
31.9172,9,16,21,26.401,52.7
31.9172,10,20,12,23.324,30.96
31.9172,11,14,7,15.652,26.57
31.9172,12,17,11,20.248,32.91
31.9172,13,20,15,25.0,36.87
31.9172,14,19,16,24.839,40.1
31.9172,15,16,16,22.627,45.0
31.9172,16,9,22,23.77,67.75
31.9172,17,14,9,16.643,32.74
31.9172,18,14,12,18.439,40.6
31.9172,19,15,15,21.213,45.0
31.9172,20,18,21,27.659,49.4
31.9172,21,11,4,11.705,19.98
31.9172,22,23,17,28.601,36.47
31.9172,23,13,8,15.264,31.61
31.9172,24,5,20,20.616,75.96
31.9172,25,14,7,15.652,26.57
31.9172,26,7,10,12.207,55.01
31.9172,27,0,0,0.0,0.0
31.9172,28,0,0,0.0,0.0
31.9172,29,0,0,0.0,0.0
31.9172,30,0,0,0.0,0.0
31.9172,31,0,0,0.0,0.0
31.9172,32,0,0,0.0,0.0
31.9172,33,0,0,0.0,0.0
31.9172,34,0,0,0.0,0.0
31.9172,35,0,0,0.0,0.0
31.9172,36,0,0,0.0,0.0
31.9172,37,0,0,0.0,0.0
31.9172,38,18,-7,19.313,-21.25
31.9172,39,21,-7,22.136,-18.43
31.9172,40,23,-2,23.087,-4.97
31.9172,41,23,-6,23.77,-14.62
31.9172,42,25,1,25.02,2.29
31.9172,43,24,-1,24.021,-2.39
31.9172,44,19,-4,19.416,-11.89
31.9172,45,28,9,29.411,17.82
31.9172,46,22,7,23.087,17.65
31.9172,47,29,9,30.364,17.24
31.9172,48,20,9,21.932,24.23
31.9172,49,22,4,22.361,10.3
31.9172,50,27,11,29.155,22.17
31.9172,51,19,9,21.024,25.35
31.9172,52,12,2,12.166,9.46
31.9172,53,19,3,19.235,8.97
31.9172,54,2,18,18.111,83.66
31.9172,55,36,9,37.108,14.04
31.9172,56,14,19,23.601,53.62
31.9172,57,18,-1,18.028,-3.18
31.9172,58,17,13,21.401,37.41
31.9172,59,32,17,36.235,27.98
31.9172,60,17,-18,24.759,-46.64
31.9172,61,33,2,33.061,3.47
31.9172,62,15,37,39.925,67.93
31.9172,63,31,8,32.016,14.47
32.1267,0,23,113,115.317,78.5
32.1267,1,17,0,17.0,0.0
32.1267,2,15,7,16.553,25.02
32.1267,3,18,-4,18.439,-12.53
32.1267,4,20,3,20.224,8.53
32.1267,5,25,-7,25.962,-15.64
32.1267,6,7,2,7.28,15.95
32.1267,7,14,-2,14.142,-8.13
32.1267,8,23,-15,27.459,-33.11
32.1267,9,21,-3,21.213,-8.13
32.1267,10,13,-7,14.765,-28.3
32.1267,11,14,-7,15.652,-26.57
32.1267,12,16,-10,18.868,-32.01
32.1267,13,23,-13,26.42,-29.48
32.1267,14,10,-11,14.866,-47.73
32.1267,15,14,-9,16.643,-32.74
32.1267,16,19,-15,24.207,-38.29
32.1267,17,14,-15,20.518,-46.97
32.1267,18,11,-4,11.705,-19.98
32.1267,19,12,-13,17.692,-47.29
32.1267,20,15,-11,18.601,-36.25
32.1267,21,9,-13,15.811,-55.3
32.1267,22,12,-10,15.62,-39.81
32.1267,23,8,-15,17.0,-61.93
32.1267,24,8,-8,11.314,-45.0
32.1267,25,6,-10,11.662,-59.04
32.1267,26,5,-12,13.0,-67.38
32.1267,27,0,0,0.0,0.0
32.1267,28,0,0,0.0,0.0
32.1267,29,0,0,0.0,0.0
32.1267,30,0,0,0.0,0.0
32.1267,31,0,0,0.0,0.0
32.1267,32,0,0,0.0,0.0
32.1267,33,0,0,0.0,0.0
32.1267,34,0,0,0.0,0.0
32.1267,35,0,0,0.0,0.0
32.1267,36,0,0,0.0,0.0
32.1267,37,0,0,0.0,0.0
32.1267,38,5,13,13.928,68.96
32.1267,39,4,9,9.849,66.04
32.1267,40,3,13,13.342,77.01
32.1267,41,3,12,12.369,75.96
32.1267,42,6,15,16.155,68.2
32.1267,43,6,15,16.155,68.2
32.1267,44,5,12,13.0,67.38
32.1267,45,6,13,14.318,65.22
32.1267,46,1,13,13.038,85.6
32.1267,47,10,8,12.806,38.66
32.1267,48,11,11,15.556,45.0
32.1267,49,4,12,12.649,71.57
32.1267,50,16,6,17.088,20.56
32.1267,51,3,16,16.279,79.38
32.1267,52,11,12,16.279,47.49
32.1267,53,14,7,15.652,26.57
32.1267,54,22,10,24.166,24.44
32.1267,55,22,1,22.023,2.6
32.1267,56,20,-7,21.19,-19.29
32.1267,57,21,0,21.0,0.0
32.1267,58,37,30,47.634,39.04
32.1267,59,13,17,21.401,52.59
32.1267,60,21,2,21.095,5.44
32.1267,61,24,-6,24.739,-14.04
32.1267,62,18,-5,18.682,-15.52
32.1267,63,0,14,14.0,90.0
32.5276,0,92,-63,111.503,-34.4
32.5276,1,21,0,21.0,0.0
32.5276,2,-6,-26,26.683,-102.99
32.5276,3,-4,-15,15.524,-104.93
32.5276,4,0,-19,19.0,-90.0
32.5276,5,9,-12,15.0,-53.13
32.5276,6,14,-19,23.601,-53.62
32.5276,7,-8,-8,11.314,-135.0
32.5276,8,-14,-3,14.318,-167.91
32.5276,9,10,-13,16.401,-52.43
32.5276,10,-1,-31,31.016,-91.85
32.5276,11,-4,-29,29.275,-97.85
32.5276,12,-24,-44,50.12,-118.61
32.5276,13,-3,-9,9.487,-108.43
32.5276,14,5,-24,24.515,-78.23
32.5276,15,-10,-13,16.401,-127.57
32.5276,16,-11,-10,14.866,-137.73
32.5276,17,-16,-25,29.682,-122.62
32.5276,18,-10,-19,21.471,-117.76
32.5276,19,-2,-26,26.077,-94.4
32.5276,20,-3,-19,19.235,-98.97
32.5276,21,-1,-16,16.031,-93.58
32.5276,22,-5,-23,23.537,-102.26
32.5276,23,-2,-17,17.117,-96.71
32.5276,24,2,-17,17.117,-83.29
32.5276,25,2,-13,13.153,-81.25
32.5276,26,9,-9,12.728,-45.0
32.5276,27,0,0,0.0,0.0
32.5276,28,0,0,0.0,0.0
32.5276,29,0,0,0.0,0.0
32.5276,30,0,0,0.0,0.0
32.5276,31,0,0,0.0,0.0
32.5276,32,0,0,0.0,0.0
32.5276,33,0,0,0.0,0.0
32.5276,34,0,0,0.0,0.0
32.5276,35,0,0,0.0,0.0
32.5276,36,0,0,0.0,0.0
32.5276,37,0,0,0.0,0.0
32.5276,38,-15,-4,15.524,-165.07
32.5276,39,0,-17,17.0,-90.0
32.5276,40,-9,-14,16.643,-122.74
32.5276,41,-5,-14,14.866,-109.65
32.5276,42,-12,-17,20.809,-125.22
32.5276,43,-5,-17,17.72,-106.39
32.5276,44,-1,-18,18.028,-93.18
32.5276,45,-3,-19,19.235,-98.97
32.5276,46,-2,-16,16.125,-97.13
32.5276,47,-6,-19,19.925,-107.53
32.5276,48,1,-24,24.021,-87.61
32.5276,49,-7,-15,16.553,-115.02
32.5276,50,-2,-14,14.142,-98.13
32.5276,51,-7,-29,29.833,-103.57
32.5276,52,5,-22,22.561,-77.2
32.5276,53,-6,-20,20.881,-106.7
32.5276,54,2,-23,23.087,-85.03
32.5276,55,-6,-15,16.155,-111.8
32.5276,56,-2,-21,21.095,-95.44
32.5276,57,-10,-26,27.857,-111.04
32.5276,58,-2,-22,22.091,-95.19
32.5276,59,0,-20,20.0,-90.0
32.5276,60,1,-21,21.024,-87.27
32.5276,61,0,-22,22.0,-90.0
32.5276,62,0,-15,15.0,-90.0
32.5276,63,2,-17,17.117,-83.29
32.6393,0,23,113,115.317,78.5
32.6393,1,17,0,17.0,0.0
32.6393,2,-4,13,13.601,107.1
32.6393,3,-3,18,18.248,99.46
32.6393,4,10,27,28.792,69.68
32.6393,5,0,17,17.0,90.0
32.6393,6,12,13,17.692,47.29
32.6393,7,6,15,16.155,68.2
32.6393,8,9,8,12.042,41.63
32.6393,9,17,18,24.759,46.64
32.6393,10,11,22,24.597,63.43
32.6393,11,12,5,13.0,22.62
32.6393,12,4,24,24.331,80.54
32.6393,13,15,21,25.807,54.46
32.6393,14,18,7,19.313,21.25
32.6393,15,6,-1,6.083,-9.46
32.6393,16,12,10,15.62,39.81
32.6393,17,13,6,14.318,24.78
32.6393,18,19,6,19.925,17.53
32.6393,19,13,0,13.0,0.0
32.6393,20,22,9,23.77,22.25
32.6393,21,12,8,14.422,33.69
32.6393,22,26,4,26.306,8.75
32.6393,23,14,9,16.643,32.74
32.6393,24,17,7,18.385,22.38
32.6393,25,21,4,21.378,10.78
32.6393,26,14,11,17.804,38.16
32.6393,27,0,0,0.0,0.0
32.6393,28,0,0,0.0,0.0
32.6393,29,0,0,0.0,0.0
32.6393,30,0,0,0.0,0.0
32.6393,31,0,0,0.0,0.0
32.6393,32,0,0,0.0,0.0
32.6393,33,0,0,0.0,0.0
32.6393,34,0,0,0.0,0.0
32.6393,35,0,0,0.0,0.0
32.6393,36,0,0,0.0,0.0
32.6393,37,0,0,0.0,0.0
32.6393,38,-15,11,18.601,143.75
32.6393,39,-10,4,10.77,158.2
32.6393,40,-17,12,20.809,144.78
32.6393,41,-16,16,22.627,135.0
32.6393,42,-21,8,22.472,159.15
32.6393,43,-16,8,17.889,153.43
32.6393,44,-15,11,18.601,143.75
32.6393,45,-12,0,12.0,180.0
32.6393,46,-13,13,18.385,135.0
32.6393,47,-21,12,24.187,150.26
32.6393,48,-14,4,14.56,164.05
32.6393,49,-13,12,17.692,137.29
32.6393,50,-15,17,22.672,131.42
32.6393,51,-11,19,21.954,120.07
32.6393,52,-16,14,21.26,138.81
32.6393,53,-7,16,17.464,113.63
32.6393,54,2,16,16.125,82.87
32.6393,55,1,13,13.038,85.6
32.6393,56,-11,22,24.597,116.57
32.6393,57,-6,24,24.739,104.04
32.6393,58,2,2,2.828,45.0
32.6393,59,1,15,15.033,86.19
32.6393,60,10,14,17.205,54.46
32.6393,61,1,39,39.013,88.53
32.6393,62,-14,-2,14.142,-171.87
32.6393,63,-2,5,5.385,111.8
32.9458,0,23,113,115.317,78.5
32.9458,1,17,0,17.0,0.0
32.9458,2,17,2,17.117,6.71
32.9458,3,19,-19,26.87,-45.0
32.9458,4,20,9,21.932,24.23
32.9458,5,9,-7,11.402,-37.87
32.9458,6,12,1,12.042,4.76
32.9458,7,23,1,23.022,2.49
32.9458,8,31,6,31.575,10.95
32.9458,9,18,-2,18.111,-6.34
32.9458,10,17,-1,17.029,-3.37
32.9458,11,17,10,19.723,30.47
32.9458,12,21,14,25.239,33.69
32.9458,13,24,4,24.331,9.46
32.9458,14,14,18,22.804,52.13
32.9458,15,17,22,27.803,52.31
32.9458,16,15,4,15.524,14.93
32.9458,17,15,12,19.209,38.66
32.9458,18,14,17,22.023,50.53
32.9458,19,18,9,20.125,26.57
32.9458,20,17,10,19.723,30.47
32.9458,21,11,21,23.707,62.35
32.9458,22,8,11,13.601,53.97
32.9458,23,12,10,15.62,39.81
32.9458,24,11,8,13.601,36.03
32.9458,25,7,19,20.248,69.78
32.9458,26,10,15,18.028,56.31
32.9458,27,0,0,0.0,0.0
32.9458,28,0,0,0.0,0.0
32.9458,29,0,0,0.0,0.0
32.9458,30,0,0,0.0,0.0
32.9458,31,0,0,0.0,0.0
32.9458,32,0,0,0.0,0.0
32.9458,33,0,0,0.0,0.0
32.9458,34,0,0,0.0,0.0
32.9458,35,0,0,0.0,0.0
32.9458,36,0,0,0.0,0.0
32.9458,37,0,0,0.0,0.0
32.9458,38,13,-17,21.401,-52.59
32.9458,39,2,-13,13.153,-81.25
32.9458,40,10,-19,21.471,-62.24
32.9458,41,6,-23,23.77,-75.38
32.9458,42,10,-14,17.205,-54.46
32.9458,43,13,-8,15.264,-31.61
32.9458,44,14,-16,21.26,-48.81
32.9458,45,13,-11,17.029,-40.24
32.9458,46,14,-19,23.601,-53.62
32.9458,47,15,-14,20.518,-43.03
32.9458,48,16,-14,21.26,-41.19
32.9458,49,22,-4,22.361,-10.3
32.9458,50,16,-2,16.125,-7.13
32.9458,51,6,-6,8.485,-45.0
32.9458,52,21,-5,21.587,-13.39
32.9458,53,20,2,20.1,5.71
32.9458,54,20,10,22.361,26.57
32.9458,55,24,-7,25.0,-16.26
32.9458,56,20,-7,21.19,-19.29
32.9458,57,7,-5,8.602,-35.54
32.9458,58,22,3,22.204,7.77
32.9458,59,26,-17,31.064,-33.18
32.9458,60,28,10,29.732,19.65
32.9458,61,15,21,25.807,54.46
32.9458,62,44,5,44.283,6.48
32.9458,63,16,-12,20.0,-36.87
33.0675,0,-93,48,104.657,152.7
33.0675,1,10,0,10.0,0.0
33.0675,2,-22,-13,25.554,-149.42
33.0675,3,-21,-12,24.187,-150.26
33.0675,4,-20,-13,23.854,-146.98
33.0675,5,-20,-12,23.324,-149.04
33.0675,6,-20,-12,23.324,-149.04
33.0675,7,-20,-11,22.825,-151.19
33.0675,8,-19,-11,21.954,-149.93
33.0675,9,-19,-10,21.471,-152.24
33.0675,10,-19,-10,21.471,-152.24
33.0675,11,-19,-9,21.024,-154.65
33.0675,12,-19,-9,21.024,-154.65
33.0675,13,-19,-8,20.616,-157.17
33.0675,14,-18,-8,19.698,-156.04
33.0675,15,-18,-8,19.698,-156.04
33.0675,16,-17,-8,18.788,-154.8
33.0675,17,-17,-8,18.788,-154.8
33.0675,18,-16,-8,17.889,-153.43
33.0675,19,-16,-7,17.464,-156.37
33.0675,20,-14,-8,16.125,-150.26
33.0675,21,-14,-8,16.125,-150.26
33.0675,22,-14,-7,15.652,-153.43
33.0675,23,-13,-7,14.765,-151.7
33.0675,24,-12,-7,13.892,-149.74
33.0675,25,-11,-8,13.601,-143.97
33.0675,26,-11,-9,14.213,-140.71
33.0675,27,0,0,0.0,0.0
33.0675,28,0,0,0.0,0.0
33.0675,29,0,0,0.0,0.0
33.0675,30,0,0,0.0,0.0
33.0675,31,0,0,0.0,0.0
33.0675,32,0,0,0.0,0.0
33.0675,33,0,0,0.0,0.0
33.0675,34,0,0,0.0,0.0
33.0675,35,0,0,0.0,0.0
33.0675,36,0,0,0.0,0.0
33.0675,37,0,0,0.0,0.0
33.0675,38,-17,-6,18.028,-160.56
33.0675,39,-16,-8,17.889,-153.43
33.0675,40,-17,-9,19.235,-152.1
33.0675,41,-17,-9,19.235,-152.1
33.0675,42,-17,-11,20.248,-147.09
33.0675,43,-17,-11,20.248,-147.09
33.0675,44,-17,-12,20.809,-144.78
33.0675,45,-17,-13,21.401,-142.59
33.0675,46,-18,-14,22.804,-142.13
33.0675,47,-19,-14,23.601,-143.62
33.0675,48,-18,-15,23.431,-140.19
33.0675,49,-18,-15,23.431,-140.19
33.0675,50,-19,-16,24.839,-139.9
33.0675,51,-18,-16,24.083,-138.37
33.0675,52,-18,-16,24.083,-138.37
33.0675,53,-19,-16,24.839,-139.9
33.0675,54,-18,-16,24.083,-138.37
33.0675,55,-19,-16,24.839,-139.9
33.0675,56,-20,-15,25.0,-143.13
33.0675,57,-20,-15,25.0,-143.13
33.0675,58,-20,-15,25.0,-143.13
33.0675,59,-20,-15,25.0,-143.13
33.0675,60,-21,-15,25.807,-144.46
33.0675,61,-21,-14,25.239,-146.31
33.0675,62,-20,-14,24.413,-145.01
33.0675,63,-20,-14,24.413,-145.01
33.1348,0,23,113,115.317,78.5
33.1348,1,17,0,17.0,0.0
33.1348,2,14,-14,19.799,-45.0
33.1348,3,0,1,1.0,90.0
33.1348,4,-5,-18,18.682,-105.52
33.1348,5,13,-18,22.204,-54.16
33.1348,6,9,1,9.055,6.34
33.1348,7,5,-11,12.083,-65.56
33.1348,8,4,-8,8.944,-63.43
33.1348,9,-2,-11,11.18,-100.3
33.1348,10,7,-14,15.652,-63.43
33.1348,11,4,-9,9.849,-66.04
33.1348,12,1,-16,16.031,-86.42
33.1348,13,1,-16,16.031,-86.42
33.1348,14,0,-13,13.0,-90.0
33.1348,15,-1,-17,17.029,-93.37
33.1348,16,-4,-17,17.464,-103.24
33.1348,17,2,-12,12.166,-80.54
33.1348,18,-1,-14,14.036,-94.09
33.1348,19,1,-15,15.033,-86.19
33.1348,20,-2,-15,15.133,-97.59
33.1348,21,2,-15,15.133,-82.41
33.1348,22,-3,-13,13.342,-102.99
33.1348,23,1,-11,11.045,-84.81
33.1348,24,4,-16,16.492,-75.96
33.1348,25,-1,-14,14.036,-94.09
33.1348,26,-1,-13,13.038,-94.4
33.1348,27,0,0,0.0,0.0
33.1348,28,0,0,0.0,0.0
33.1348,29,0,0,0.0,0.0
33.1348,30,0,0,0.0,0.0
33.1348,31,0,0,0.0,0.0
33.1348,32,0,0,0.0,0.0
33.1348,33,0,0,0.0,0.0
33.1348,34,0,0,0.0,0.0
33.1348,35,0,0,0.0,0.0
33.1348,36,0,0,0.0,0.0
33.1348,37,0,0,0.0,0.0
33.1348,38,12,8,14.422,33.69
33.1348,39,10,5,11.18,26.57
33.1348,40,10,12,15.62,50.19
33.1348,41,11,11,15.556,45.0
33.1348,42,13,7,14.765,28.3
33.1348,43,15,6,16.155,21.8
33.1348,44,9,6,10.817,33.69
33.1348,45,15,7,16.553,25.02
33.1348,46,11,5,12.083,24.44
33.1348,47,11,9,14.213,39.29
33.1348,48,17,7,18.385,22.38
33.1348,49,16,7,17.464,23.63
33.1348,50,13,3,13.342,12.99
33.1348,51,10,2,10.198,11.31
33.1348,52,15,2,15.133,7.59
33.1348,53,15,-1,15.033,-3.81
33.1348,54,25,2,25.08,4.57
33.1348,55,14,1,14.036,4.09
33.1348,56,10,14,17.205,54.46
33.1348,57,11,-2,11.18,-10.3
33.1348,58,10,9,13.454,41.99
33.1348,59,29,0,29.0,0.0
33.1348,60,-3,5,5.831,120.96
33.1348,61,27,-21,34.205,-37.87
33.1348,62,26,-12,28.636,-24.78
33.1348,63,-4,-12,12.649,-108.43
33.1513,0,23,113,115.317,78.5
33.1513,1,17,0,17.0,0.0
33.1513,2,-37,-16,40.311,-156.61
33.1513,3,-41,21,46.065,152.88
33.1513,4,-42,-9,42.953,-167.91
33.1513,5,-29,-10,30.676,-160.97
33.1513,6,-15,-13,19.849,-139.09
33.1513,7,-37,1,37.014,178.45
33.1513,8,-24,3,24.187,172.87
33.1513,9,-31,-1,31.016,-178.15
33.1513,10,-24,8,25.298,161.57
33.1513,11,-25,1,25.02,177.71
33.1513,12,-22,8,23.409,160.02
33.1513,13,-27,1,27.019,177.88
33.1513,14,-27,6,27.659,167.47
33.1513,15,-25,4,25.318,170.91
33.1513,16,-33,2,33.061,176.53
33.1513,17,-20,0,20.0,180.0
33.1513,18,-15,3,15.297,168.69
33.1513,19,-16,4,16.492,165.96
33.1513,20,-27,-1,27.019,-177.88
33.1513,21,-22,5,22.561,167.2
33.1513,22,-18,4,18.439,167.47
33.1513,23,-19,-8,20.616,-157.17
33.1513,24,-13,5,13.928,158.96
33.1513,25,-16,3,16.279,169.38
33.1513,26,-18,4,18.439,167.47
33.1513,27,0,0,0.0,0.0
33.1513,28,0,0,0.0,0.0
33.1513,29,0,0,0.0,0.0
33.1513,30,0,0,0.0,0.0
33.1513,31,0,0,0.0,0.0
33.1513,32,0,0,0.0,0.0
33.1513,33,0,0,0.0,0.0
33.1513,34,0,0,0.0,0.0
33.1513,35,0,0,0.0,0.0
33.1513,36,0,0,0.0,0.0
33.1513,37,0,0,0.0,0.0
33.1513,38,-19,-3,19.235,-171.03
33.1513,39,-18,-5,18.682,-164.48
33.1513,40,-24,-7,25.0,-163.74
33.1513,41,-20,-6,20.881,-163.3
33.1513,42,-17,-6,18.028,-160.56
33.1513,43,-22,-6,22.804,-164.74
33.1513,44,-22,-9,23.77,-157.75
33.1513,45,-24,-11,26.401,-155.38
33.1513,46,-19,-10,21.471,-152.24
33.1513,47,-23,-7,24.042,-163.07
33.1513,48,-15,-9,17.493,-149.04
33.1513,49,-17,-15,22.672,-138.58
33.1513,50,-16,-15,21.932,-136.85
33.1513,51,-21,-15,25.807,-144.46
33.1513,52,-20,-2,20.1,-174.29
33.1513,53,-23,-9,24.698,-158.63
33.1513,54,-21,-12,24.187,-150.26
33.1513,55,-15,-8,17.0,-151.93
33.1513,56,-20,-12,23.324,-149.04
33.1513,57,-30,-12,32.311,-158.2
33.1513,58,-17,6,18.028,160.56
33.1513,59,-36,0,36.0,180.0
33.1513,60,-26,-20,32.802,-142.43
33.1513,61,-25,13,28.178,152.53
33.1513,62,-15,-8,17.0,-151.93
33.1513,63,-30,1,30.017,178.09
33.1964,0,94,-32,99.298,-18.8
33.1964,1,5,0,5.0,0.0
33.1964,2,-13,41,43.012,107.59
33.1964,3,-12,36,37.947,108.43
33.1964,4,-10,31,32.573,107.88
33.1964,5,-7,24,25.0,106.26
33.1964,6,-4,19,19.416,101.89
33.1964,7,0,13,13.0,90.0
33.1964,8,4,8,8.944,63.43
33.1964,9,10,3,10.44,16.7
33.1964,10,15,-1,15.033,-3.81
33.1964,11,20,-4,20.396,-11.31
33.1964,12,24,-5,24.515,-11.77
33.1964,13,29,-6,29.614,-11.69
33.1964,14,31,-4,31.257,-7.35
33.1964,15,34,-1,34.015,-1.68
33.1964,16,34,1,34.015,1.68
33.1964,17,32,6,32.558,10.62
33.1964,18,29,8,30.083,15.42
33.1964,19,24,11,26.401,24.62
33.1964,20,19,13,23.022,34.38
33.1964,21,13,13,18.385,45.0
33.1964,22,6,12,13.416,63.43
33.1964,23,2,10,10.198,78.69
33.1964,24,-3,7,7.616,113.2
33.1964,25,-8,3,8.544,159.44
33.1964,26,-10,-1,10.05,-174.29
33.1964,27,0,0,0.0,0.0
33.1964,28,0,0,0.0,0.0
33.1964,29,0,0,0.0,0.0
33.1964,30,0,0,0.0,0.0
33.1964,31,0,0,0.0,0.0
33.1964,32,0,0,0.0,0.0
33.1964,33,0,0,0.0,0.0
33.1964,34,0,0,0.0,0.0
33.1964,35,0,0,0.0,0.0
33.1964,36,0,0,0.0,0.0
33.1964,37,0,0,0.0,0.0
33.1964,38,4,-20,20.396,-78.69
33.1964,39,1,-16,16.031,-86.42
33.1964,40,-4,-13,13.601,-107.1
33.1964,41,-9,-10,13.454,-131.99
33.1964,42,-15,-9,17.493,-149.04
33.1964,43,-21,-9,22.847,-156.8
33.1964,44,-27,-9,28.46,-161.57
33.1964,45,-33,-11,34.785,-161.57
33.1964,46,-37,-13,39.217,-160.64
33.1964,47,-40,-15,42.72,-159.44
33.1964,48,-41,-17,44.385,-157.48
33.1964,49,-40,-19,44.283,-154.59
33.1964,50,-38,-20,42.942,-152.24
33.1964,51,-35,-18,39.357,-152.78
33.1964,52,-30,-15,33.541,-153.43
33.1964,53,-26,-11,28.231,-157.07
33.1964,54,-22,-5,22.561,-167.2
33.1964,55,-18,1,18.028,176.82
33.1964,56,-14,8,16.125,150.26
33.1964,57,-11,16,19.416,124.51
33.1964,58,-9,22,23.77,112.25
33.1964,59,-8,29,30.083,105.42
33.1964,60,-7,36,36.674,101.0
33.1964,61,-7,40,40.608,99.93
33.1964,62,-9,44,44.911,101.56
33.1964,63,-10,45,46.098,102.53
33.1985,0,-93,48,104.657,152.7
33.1985,1,10,0,10.0,0.0
33.1985,2,13,-21,24.698,-58.24
33.1985,3,12,-19,22.472,-57.72
33.1985,4,12,-20,23.324,-59.04
33.1985,5,12,-19,22.472,-57.72
33.1985,6,12,-19,22.472,-57.72
33.1985,7,10,-19,21.471,-62.24
33.1985,8,10,-19,21.471,-62.24
33.1985,9,10,-19,21.471,-62.24
33.1985,10,9,-19,21.024,-64.65
33.1985,11,9,-19,21.024,-64.65
33.1985,12,9,-18,20.125,-63.43
33.1985,13,8,-18,19.698,-66.04
33.1985,14,8,-17,18.788,-64.8
33.1985,15,8,-17,18.788,-64.8
33.1985,16,8,-17,18.788,-64.8
33.1985,17,8,-16,17.889,-63.43
33.1985,18,7,-16,17.464,-66.37
33.1985,19,7,-15,16.553,-64.98
33.1985,20,7,-14,15.652,-63.43
33.1985,21,7,-13,14.765,-61.7
33.1985,22,7,-13,14.765,-61.7
33.1985,23,7,-12,13.892,-59.74
33.1985,24,8,-12,14.422,-56.31
33.1985,25,7,-11,13.038,-57.53
33.1985,26,8,-10,12.806,-51.34
33.1985,27,0,0,0.0,0.0
33.1985,28,0,0,0.0,0.0
33.1985,29,0,0,0.0,0.0
33.1985,30,0,0,0.0,0.0
33.1985,31,0,0,0.0,0.0
33.1985,32,0,0,0.0,0.0
33.1985,33,0,0,0.0,0.0
33.1985,34,0,0,0.0,0.0
33.1985,35,0,0,0.0,0.0
33.1985,36,0,0,0.0,0.0
33.1985,37,0,0,0.0,0.0
33.1985,38,7,-16,17.464,-66.37
33.1985,39,9,-15,17.493,-59.04
33.1985,40,9,-16,18.358,-60.64
33.1985,41,10,-16,18.868,-57.99
33.1985,42,11,-16,19.416,-55.49
33.1985,43,12,-15,19.209,-51.34
33.1985,44,12,-16,20.0,-53.13
33.1985,45,13,-16,20.616,-50.91
33.1985,46,14,-17,22.023,-50.53
33.1985,47,15,-17,22.672,-48.58
33.1985,48,16,-16,22.627,-45.0
33.1985,49,16,-16,22.627,-45.0
33.1985,50,16,-16,22.627,-45.0
33.1985,51,17,-16,23.345,-43.26
33.1985,52,16,-17,23.345,-46.74
33.1985,53,16,-17,23.345,-46.74
33.1985,54,16,-17,23.345,-46.74
33.1985,55,16,-18,24.083,-48.37
33.1985,56,16,-18,24.083,-48.37
33.1985,57,16,-18,24.083,-48.37
33.1985,58,15,-19,24.207,-51.71
33.1985,59,15,-19,24.207,-51.71
33.1985,60,15,-20,25.0,-53.13
33.1985,61,15,-19,24.207,-51.71
33.1985,62,15,-20,25.0,-53.13
33.1985,63,15,-19,24.207,-51.71
33.3297,0,94,-32,99.298,-18.8
33.3297,1,5,0,5.0,0.0
33.3297,2,-32,1,32.016,178.21
33.3297,3,-27,1,27.019,177.88
33.3297,4,-23,1,23.022,177.51
33.3297,5,-18,1,18.028,176.82
33.3297,6,-13,3,13.342,167.01
33.3297,7,-8,4,8.944,153.43
33.3297,8,-3,6,6.708,116.57
33.3297,9,1,9,9.055,83.66
33.3297,10,4,11,11.705,70.02
33.3297,11,7,14,15.652,63.43
33.3297,12,7,18,19.313,68.75
33.3297,13,8,20,21.541,68.2
33.3297,14,7,22,23.087,72.35
33.3297,15,6,23,23.77,75.38
33.3297,16,4,23,23.345,80.13
33.3297,17,0,23,23.0,90.0
33.3297,18,-2,20,20.1,95.71
33.3297,19,-5,16,16.763,107.35
33.3297,20,-6,12,13.416,116.57
33.3297,21,-7,8,10.63,131.19
33.3297,22,-6,3,6.708,153.43
33.3297,23,-5,0,5.0,180.0
33.3297,24,-3,-4,5.0,-126.87
33.3297,25,0,-7,7.0,-90.0
33.3297,26,3,-8,8.544,-69.44
33.3297,27,0,0,0.0,0.0
33.3297,28,0,0,0.0,0.0
33.3297,29,0,0,0.0,0.0
33.3297,30,0,0,0.0,0.0
33.3297,31,0,0,0.0,0.0
33.3297,32,0,0,0.0,0.0
33.3297,33,0,0,0.0,0.0
33.3297,34,0,0,0.0,0.0
33.3297,35,0,0,0.0,0.0
33.3297,36,0,0,0.0,0.0
33.3297,37,0,0,0.0,0.0
33.3297,38,13,-7,14.765,-28.3
33.3297,39,10,-7,12.207,-34.99
33.3297,40,6,-9,10.817,-56.31
33.3297,41,2,-10,10.198,-78.69
33.3297,42,-1,-14,14.036,-94.09
33.3297,43,-3,-17,17.263,-100.01
33.3297,44,-5,-21,21.587,-103.39
33.3297,45,-6,-25,25.71,-103.5
33.3297,46,-6,-29,29.614,-101.69
33.3297,47,-6,-31,31.575,-100.95
33.3297,48,-4,-32,32.249,-97.13
33.3297,49,-3,-32,32.14,-95.36
33.3297,50,-1,-31,31.016,-91.85
33.3297,51,0,-28,28.0,-90.0
33.3297,52,-1,-25,25.02,-92.29
33.3297,53,-3,-20,20.224,-98.53
33.3297,54,-5,-15,15.811,-108.43
33.3297,55,-8,-12,14.422,-123.69
33.3297,56,-11,-6,12.53,-151.39
33.3297,57,-16,-2,16.125,-172.87
33.3297,58,-19,1,19.026,176.99
33.3297,59,-24,4,24.331,170.54
33.3297,60,-27,5,27.459,169.51
33.3297,61,-31,6,31.575,169.05
33.3297,62,-33,5,33.377,171.38
33.3297,63,-35,5,35.355,171.87
33.334,0,23,113,115.317,78.5
33.334,1,17,0,17.0,0.0
33.334,2,-44,-6,44.407,-172.23
33.334,3,-9,-4,9.849,-156.04
33.334,4,1,4,4.123,75.96
33.334,5,-24,-6,24.739,-165.96
33.334,6,-35,-6,35.511,-170.27
33.334,7,-16,0,16.0,180.0
33.334,8,-28,9,29.411,162.18
33.334,9,-21,5,21.587,166.61
33.334,10,-8,16,17.889,116.57
33.334,11,-13,10,16.401,142.43
33.334,12,-9,18,20.125,116.57
33.334,13,-10,10,14.142,135.0
33.334,14,-10,14,17.205,125.54
33.334,15,-12,17,20.809,125.22
33.334,16,-16,8,17.889,153.43
33.334,17,-25,12,27.731,154.36
33.334,18,-12,11,16.279,137.49
33.334,19,-16,15,21.932,136.85
33.334,20,-14,15,20.518,133.03
33.334,21,-10,14,17.205,125.54
33.334,22,-15,12,19.209,141.34
33.334,23,-8,15,17.0,118.07
33.334,24,-6,7,9.22,130.6
33.334,25,-8,14,16.125,119.74
33.334,26,-19,6,19.925,162.47
33.334,27,0,0,0.0,0.0
33.334,28,0,0,0.0,0.0
33.334,29,0,0,0.0,0.0
33.334,30,0,0,0.0,0.0
33.334,31,0,0,0.0,0.0
33.334,32,0,0,0.0,0.0
33.334,33,0,0,0.0,0.0
33.334,34,0,0,0.0,0.0
33.334,35,0,0,0.0,0.0
33.334,36,0,0,0.0,0.0
33.334,37,0,0,0.0,0.0
33.334,38,-13,-13,18.385,-135.0
33.334,39,-14,-7,15.652,-153.43
33.334,40,-17,-8,18.788,-154.8
33.334,41,-15,-9,17.493,-149.04
33.334,42,-17,-8,18.788,-154.8
33.334,43,-16,-8,17.889,-153.43
33.334,44,-20,-10,22.361,-153.43
33.334,45,-18,-7,19.313,-158.75
33.334,46,-23,-8,24.352,-160.82
33.334,47,-14,-9,16.643,-147.26
33.334,48,-12,-11,16.279,-137.49
33.334,49,-18,-6,18.974,-161.57
33.334,50,-15,-12,19.209,-141.34
33.334,51,-27,-6,27.659,-167.47
33.334,52,-18,-10,20.591,-150.95
33.334,53,-20,-11,22.825,-151.19
33.334,54,-14,-5,14.866,-160.35
33.334,55,-21,-12,24.187,-150.26
33.334,56,-7,-3,7.616,-156.8
33.334,57,-17,-4,17.464,-166.76
33.334,58,-29,-9,30.364,-162.76
33.334,59,-16,-6,17.088,-159.44
33.334,60,-28,-3,28.16,-173.88
33.334,61,-39,-4,39.205,-174.14
33.334,62,2,-3,3.606,-56.31
33.334,63,-19,-8,20.616,-157.17
33.5367,0,23,113,115.317,78.5
33.5367,1,17,0,17.0,0.0
33.5367,2,-4,18,18.439,102.53
33.5367,3,11,16,19.416,55.49
33.5367,4,15,14,20.518,43.03
33.5367,5,10,28,29.732,70.35
33.5367,6,18,27,32.45,56.31
33.5367,7,11,20,22.825,61.19
33.5367,8,9,10,13.454,48.01
33.5367,9,7,20,21.19,70.71
33.5367,10,11,12,16.279,47.49
33.5367,11,-3,27,27.166,96.34
33.5367,12,13,14,19.105,47.12
33.5367,13,10,25,26.926,68.2
33.5367,14,13,17,21.401,52.59
33.5367,15,10,22,24.166,65.56
33.5367,16,18,9,20.125,26.57
33.5367,17,15,17,22.672,48.58
33.5367,18,10,14,17.205,54.46
33.5367,19,22,13,25.554,30.58
33.5367,20,14,14,19.799,45.0
33.5367,21,11,7,13.038,32.47
33.5367,22,11,19,21.954,59.93
33.5367,23,5,11,12.083,65.56
33.5367,24,2,10,10.198,78.69
33.5367,25,6,16,17.088,69.44
33.5367,26,15,17,22.672,48.58
33.5367,27,0,0,0.0,0.0
33.5367,28,0,0,0.0,0.0
33.5367,29,0,0,0.0,0.0
33.5367,30,0,0,0.0,0.0
33.5367,31,0,0,0.0,0.0
33.5367,32,0,0,0.0,0.0
33.5367,33,0,0,0.0,0.0
33.5367,34,0,0,0.0,0.0
33.5367,35,0,0,0.0,0.0
33.5367,36,0,0,0.0,0.0
33.5367,37,0,0,0.0,0.0
33.5367,38,-3,18,18.248,99.46
33.5367,39,1,16,16.031,86.42
33.5367,40,-3,14,14.318,102.09
33.5367,41,-4,19,19.416,101.89
33.5367,42,-6,13,14.318,114.78
33.5367,43,-8,19,20.616,112.83
33.5367,44,-3,21,21.213,98.13
33.5367,45,-1,19,19.026,93.01
33.5367,46,-8,15,17.0,118.07
33.5367,47,-7,22,23.087,107.65
33.5367,48,-4,14,14.56,105.95
33.5367,49,-3,11,11.402,105.26
33.5367,50,-6,23,23.77,104.62
33.5367,51,-5,9,10.296,119.05
33.5367,52,-6,21,21.84,105.95
33.5367,53,0,20,20.0,90.0
33.5367,54,3,15,15.297,78.69
33.5367,55,-5,21,21.587,103.39
33.5367,56,5,10,11.18,63.43
33.5367,57,3,18,18.248,80.54
33.5367,58,-4,27,27.295,98.43
33.5367,59,16,35,38.484,65.43
33.5367,60,3,16,16.279,79.38
33.5367,61,-2,-10,10.198,-101.31
33.5367,62,11,-12,16.279,-47.49
33.5367,63,1,15,15.033,86.19
33.6443,0,23,113,115.317,78.5
33.6443,1,17,0,17.0,0.0
33.6443,2,-19,-13,23.022,-145.62
33.6443,3,-27,-8,28.16,-163.5
33.6443,4,-25,-1,25.02,-177.71
33.6443,5,-14,4,14.56,164.05
33.6443,6,-17,2,17.117,173.29
33.6443,7,-13,14,19.105,132.88
33.6443,8,-8,10,12.806,128.66
33.6443,9,-16,15,21.932,136.85
33.6443,10,-12,9,15.0,143.13
33.6443,11,-12,13,17.692,132.71
33.6443,12,-13,18,22.204,125.84
33.6443,13,-6,12,13.416,116.57
33.6443,14,-7,13,14.765,118.3
33.6443,15,-8,9,12.042,131.63
33.6443,16,-4,23,23.345,99.87
33.6443,17,-3,14,14.318,102.09
33.6443,18,-10,25,26.926,111.8
33.6443,19,-4,16,16.492,104.04
33.6443,20,-2,13,13.153,98.75
33.6443,21,-5,16,16.763,107.35
33.6443,22,-7,13,14.765,118.3
33.6443,23,1,40,40.012,88.57
33.6443,24,-15,23,27.459,123.11
33.6443,25,-10,-2,10.198,-168.69
33.6443,26,-1,11,11.045,95.19
33.6443,27,0,0,0.0,0.0
33.6443,28,0,0,0.0,0.0
33.6443,29,0,0,0.0,0.0
33.6443,30,0,0,0.0,0.0
33.6443,31,0,0,0.0,0.0
33.6443,32,0,0,0.0,0.0
33.6443,33,0,0,0.0,0.0
33.6443,34,0,0,0.0,0.0
33.6443,35,0,0,0.0,0.0
33.6443,36,0,0,0.0,0.0
33.6443,37,0,0,0.0,0.0
33.6443,38,-3,-18,18.248,-99.46
33.6443,39,-5,-21,21.587,-103.39
33.6443,40,-3,-15,15.297,-101.31
33.6443,41,-5,-18,18.682,-105.52
33.6443,42,-5,-14,14.866,-109.65
33.6443,43,-3,-17,17.263,-100.01
33.6443,44,-2,-22,22.091,-95.19
33.6443,45,-13,-19,23.022,-124.38
33.6443,46,-2,-13,13.153,-98.75
33.6443,47,-5,-17,17.72,-106.39
33.6443,48,-5,-13,13.928,-111.04
33.6443,49,-10,-15,18.028,-123.69
33.6443,50,-5,-19,19.647,-104.74
33.6443,51,-13,-17,21.401,-127.41
33.6443,52,-15,-19,24.207,-128.29
33.6443,53,-8,-10,12.806,-128.66
33.6443,54,-15,-21,25.807,-125.54
33.6443,55,-19,-7,20.248,-159.78
33.6443,56,-12,-19,22.472,-122.28
33.6443,57,-19,-1,19.026,-176.99
33.6443,58,-17,-9,19.235,-152.1
33.6443,59,-17,-8,18.788,-154.8
33.6443,60,0,2,2.0,90.0
33.6443,61,-18,3,18.248,170.54
33.6443,62,-16,13,20.616,140.91
33.6443,63,-33,10,34.482,163.14
33.8448,0,23,113,115.317,78.5
33.8448,1,17,0,17.0,0.0
33.8448,2,-3,16,16.279,100.62
33.8448,3,-7,27,27.893,104.53
33.8448,4,-14,18,22.804,127.87
33.8448,5,2,19,19.105,83.99
33.8448,6,-2,12,12.166,99.46
33.8448,7,-1,11,11.045,95.19
33.8448,8,-5,19,19.647,104.74
33.8448,9,3,8,8.544,69.44
33.8448,10,5,20,20.616,75.96
33.8448,11,0,20,20.0,90.0
33.8448,12,-4,16,16.492,104.04
33.8448,13,0,14,14.0,90.0
33.8448,14,0,18,18.0,90.0
33.8448,15,7,17,18.385,67.62
33.8448,16,-5,16,16.763,107.35
33.8448,17,4,22,22.361,79.7
33.8448,18,-4,19,19.416,101.89
33.8448,19,1,17,17.029,86.63
33.8448,20,-4,21,21.378,100.78
33.8448,21,-4,17,17.464,103.24
33.8448,22,0,18,18.0,90.0
33.8448,23,-1,11,11.045,95.19
33.8448,24,-6,15,16.155,111.8
33.8448,25,-1,17,17.029,93.37
33.8448,26,-7,13,14.765,118.3
33.8448,27,0,0,0.0,0.0
33.8448,28,0,0,0.0,0.0
33.8448,29,0,0,0.0,0.0
33.8448,30,0,0,0.0,0.0
33.8448,31,0,0,0.0,0.0
33.8448,32,0,0,0.0,0.0
33.8448,33,0,0,0.0,0.0
33.8448,34,0,0,0.0,0.0
33.8448,35,0,0,0.0,0.0
33.8448,36,0,0,0.0,0.0
33.8448,37,0,0,0.0,0.0
33.8448,38,-10,11,14.866,132.27
33.8448,39,-11,9,14.213,140.71
33.8448,40,-11,10,14.866,137.73
33.8448,41,-16,13,20.616,140.91
33.8448,42,-11,8,13.601,143.97
33.8448,43,-11,7,13.038,147.53
33.8448,44,-10,14,17.205,125.54
33.8448,45,-13,9,15.811,145.3
33.8448,46,-13,11,17.029,139.76
33.8448,47,-16,6,17.088,159.44
33.8448,48,-13,9,15.811,145.3
33.8448,49,-16,14,21.26,138.81
33.8448,50,-12,7,13.892,149.74
33.8448,51,-8,8,11.314,135.0
33.8448,52,-9,8,12.042,138.37
33.8448,53,-12,12,16.971,135.0
33.8448,54,-11,18,21.095,121.43
33.8448,55,-10,14,17.205,125.54
33.8448,56,-15,8,17.0,151.93
33.8448,57,-11,10,14.866,137.73
33.8448,58,-9,21,22.847,113.2
33.8448,59,-5,10,11.18,116.57
33.8448,60,-12,16,20.0,126.87
33.8448,61,-6,18,18.974,108.43
33.8448,62,-6,4,7.211,146.31
33.8448,63,-7,36,36.674,101.0
33.9497,0,23,113,115.317,78.5
33.9497,1,17,0,17.0,0.0
33.9497,2,-15,10,18.028,146.31
33.9497,3,-2,5,5.385,111.8
33.9497,4,-27,-11,29.155,-157.83
33.9497,5,-14,-4,14.56,-164.05
33.9497,6,-15,-5,15.811,-161.57
33.9497,7,-20,5,20.616,165.96
33.9497,8,-20,-7,21.19,-160.71
33.9497,9,-13,-4,13.601,-162.9
33.9497,10,-20,-8,21.541,-158.2
33.9497,11,-20,-8,21.541,-158.2
33.9497,12,-18,-2,18.111,-173.66
33.9497,13,-24,-10,26.0,-157.38
33.9497,14,-20,-5,20.616,-165.96
33.9497,15,-20,-9,21.932,-155.77
33.9497,16,-16,-8,17.889,-153.43
33.9497,17,-18,-6,18.974,-161.57
33.9497,18,-18,-9,20.125,-153.43
33.9497,19,-14,-12,18.439,-139.4
33.9497,20,-17,-10,19.723,-149.53
33.9497,21,-13,-6,14.318,-155.22
33.9497,22,-12,-19,22.472,-122.28
33.9497,23,-7,-14,15.652,-116.57
33.9497,24,-5,-10,11.18,-116.57
33.9497,25,-9,-12,15.0,-126.87
33.9497,26,-5,-11,12.083,-114.44
33.9497,27,0,0,0.0,0.0
33.9497,28,0,0,0.0,0.0
33.9497,29,0,0,0.0,0.0
33.9497,30,0,0,0.0,0.0
33.9497,31,0,0,0.0,0.0
33.9497,32,0,0,0.0,0.0
33.9497,33,0,0,0.0,0.0
33.9497,34,0,0,0.0,0.0
33.9497,35,0,0,0.0,0.0
33.9497,36,0,0,0.0,0.0
33.9497,37,0,0,0.0,0.0
33.9497,38,-5,16,16.763,107.35
33.9497,39,-7,14,15.652,116.57
33.9497,40,-10,15,18.028,123.69
33.9497,41,-9,13,15.811,124.7
33.9497,42,-10,14,17.205,125.54
33.9497,43,-14,10,17.205,144.46
33.9497,44,-10,11,14.866,132.27
33.9497,45,-13,9,15.811,145.3
33.9497,46,-13,6,14.318,155.22
33.9497,47,-18,7,19.313,158.75
33.9497,48,-19,12,22.472,147.72
33.9497,49,-20,0,20.0,180.0
33.9497,50,-14,6,15.232,156.8
33.9497,51,-18,8,19.698,156.04
33.9497,52,-18,3,18.248,170.54
33.9497,53,-16,-1,16.031,-176.42
33.9497,54,-14,3,14.318,167.91
33.9497,55,-17,-2,17.117,-173.29
33.9497,56,-26,-3,26.173,-173.42
33.9497,57,-15,15,21.213,135.0
33.9497,58,-21,-16,26.401,-142.7
33.9497,59,-27,2,27.074,175.76
33.9497,60,-4,9,9.849,113.96
33.9497,61,-18,-13,22.204,-144.16
33.9497,62,-18,6,18.974,161.57
33.9497,63,-40,-3,40.112,-175.71
34.1535,0,23,113,115.317,78.5
34.1535,1,17,0,17.0,0.0
34.1535,2,17,13,21.401,37.41
34.1535,3,12,0,12.0,0.0
34.1535,4,10,22,24.166,65.56
34.1535,5,21,15,25.807,35.54
34.1535,6,6,24,24.739,75.96
34.1535,7,13,26,29.069,63.43
34.1535,8,16,5,16.763,17.35
34.1535,9,19,10,21.471,27.76
34.1535,10,14,12,18.439,40.6
34.1535,11,6,15,16.155,68.2
34.1535,12,13,25,28.178,62.53
34.1535,13,12,18,21.633,56.31
34.1535,14,11,19,21.954,59.93
34.1535,15,13,18,22.204,54.16
34.1535,16,10,13,16.401,52.43
34.1535,17,4,23,23.345,80.13
34.1535,18,7,14,15.652,63.43
34.1535,19,6,24,24.739,75.96
34.1535,20,5,22,22.561,77.2
34.1535,21,5,18,18.682,74.48
34.1535,22,7,24,25.0,73.74
34.1535,23,-1,14,14.036,94.09
34.1535,24,4,15,15.524,75.07
34.1535,25,5,17,17.72,73.61
34.1535,26,0,10,10.0,90.0
34.1535,27,0,0,0.0,0.0
34.1535,28,0,0,0.0,0.0
34.1535,29,0,0,0.0,0.0
34.1535,30,0,0,0.0,0.0
34.1535,31,0,0,0.0,0.0
34.1535,32,0,0,0.0,0.0
34.1535,33,0,0,0.0,0.0
34.1535,34,0,0,0.0,0.0
34.1535,35,0,0,0.0,0.0
34.1535,36,0,0,0.0,0.0
34.1535,37,0,0,0.0,0.0
34.1535,38,20,-6,20.881,-16.7
34.1535,39,15,0,15.0,0.0
34.1535,40,26,-1,26.019,-2.2
34.1535,41,23,-3,23.195,-7.43
34.1535,42,22,-1,22.023,-2.6
34.1535,43,22,7,23.087,17.65
34.1535,44,17,0,17.0,0.0
34.1535,45,16,3,16.279,10.62
34.1535,46,22,8,23.409,19.98
34.1535,47,23,6,23.77,14.62
34.1535,48,14,9,16.643,32.74
34.1535,49,18,13,22.204,35.84
34.1535,50,17,15,22.672,41.42
34.1535,51,14,13,19.105,42.88
34.1535,52,18,7,19.313,21.25
34.1535,53,16,13,20.616,39.09
34.1535,54,7,6,9.22,40.6
34.1535,55,23,15,27.459,33.11
34.1535,56,11,8,13.601,36.03
34.1535,57,12,4,12.649,18.43
34.1535,58,10,9,13.454,41.99
34.1535,59,28,16,32.249,29.74
34.1535,60,3,15,15.297,78.69
34.1535,61,11,28,30.083,68.55
34.1535,62,8,2,8.246,14.04
34.1535,63,20,1,20.025,2.86
34.261,0,23,113,115.317,78.5
34.261,1,17,0,17.0,0.0
34.261,2,-21,-34,39.962,-121.7
34.261,3,-17,-2,17.117,-173.29
34.261,4,-11,-7,13.038,-147.53
34.261,5,-31,-17,35.355,-151.26
34.261,6,-27,-5,27.459,-169.51
34.261,7,-19,11,21.954,149.93
34.261,8,-32,-17,36.235,-152.02
34.261,9,-14,-11,17.804,-141.84
34.261,10,-16,-5,16.763,-162.65
34.261,11,-12,7,13.892,149.74
34.261,12,-17,6,18.028,160.56
34.261,13,-12,-7,13.892,-149.74
34.261,14,-15,-20,25.0,-126.87
34.261,15,-22,18,28.425,140.71
34.261,16,-20,-10,22.361,-153.43
34.261,17,-17,-13,21.401,-142.59
34.261,18,-17,21,27.019,128.99
34.261,19,-16,5,16.763,162.65
34.261,20,-22,-7,23.087,-162.35
34.261,21,-29,-2,29.069,-176.05
34.261,22,-20,-9,21.932,-155.77
34.261,23,-23,2,23.087,175.03
34.261,24,-18,2,18.111,173.66
34.261,25,-15,-1,15.033,-176.19
34.261,26,-17,1,17.029,176.63
34.261,27,0,0,0.0,0.0
34.261,28,0,0,0.0,0.0
34.261,29,0,0,0.0,0.0
34.261,30,0,0,0.0,0.0
34.261,31,0,0,0.0,0.0
34.261,32,0,0,0.0,0.0
34.261,33,0,0,0.0,0.0
34.261,34,0,0,0.0,0.0
34.261,35,0,0,0.0,0.0
34.261,36,0,0,0.0,0.0
34.261,37,0,0,0.0,0.0
34.261,38,-14,-12,18.439,-139.4
34.261,39,-11,-13,17.029,-130.24
34.261,40,-10,-14,17.205,-125.54
34.261,41,-10,-14,17.205,-125.54
34.261,42,-14,-13,19.105,-137.12
34.261,43,-14,-23,26.926,-121.33
34.261,44,-11,-21,23.707,-117.65
34.261,45,-15,-14,20.518,-136.97
34.261,46,-7,-17,18.385,-112.38
34.261,47,-11,-10,14.866,-137.73
34.261,48,-14,-15,20.518,-133.03
34.261,49,-17,-18,24.759,-133.36
34.261,50,-13,-19,23.022,-124.38
34.261,51,-9,-20,21.932,-114.23
34.261,52,-18,-20,26.907,-131.99
34.261,53,-23,-14,26.926,-148.67
34.261,54,-18,-14,22.804,-142.13
34.261,55,-11,-17,20.248,-122.91
34.261,56,-18,0,18.0,180.0
34.261,57,-20,-22,29.732,-132.27
34.261,58,-18,0,18.0,180.0
34.261,59,-15,-4,15.524,-165.07
34.261,60,-25,-7,25.962,-164.36
34.261,61,-22,-15,26.627,-145.71
34.261,62,-3,-32,32.14,-95.36
34.261,63,-16,8,17.889,153.43
34.3626,0,23,113,115.317,78.5
34.3626,1,17,0,17.0,0.0
34.3626,2,-29,7,29.833,166.43
34.3626,3,-7,-9,11.402,-127.87
34.3626,4,-31,-8,32.016,-165.53
34.3626,5,-13,13,18.385,135.0
34.3626,6,-21,-3,21.213,-171.87
34.3626,7,-25,10,26.926,158.2
34.3626,8,-18,3,18.248,170.54
34.3626,9,-18,1,18.028,176.82
34.3626,10,-25,-2,25.08,-175.43
34.3626,11,-15,4,15.524,165.07
34.3626,12,-20,-5,20.616,-165.96
34.3626,13,-15,-11,18.601,-143.75
34.3626,14,-20,-8,21.541,-158.2
34.3626,15,-17,-7,18.385,-157.62
34.3626,16,-14,-2,14.142,-171.87
34.3626,17,-18,-6,18.974,-161.57
34.3626,18,-14,-1,14.036,-175.91
34.3626,19,-19,-9,21.024,-154.65
34.3626,20,-8,-10,12.806,-128.66
34.3626,21,-18,-13,22.204,-144.16
34.3626,22,-15,-12,19.209,-141.34
34.3626,23,-9,-11,14.213,-129.29
34.3626,24,-11,-10,14.866,-137.73
34.3626,25,-4,-11,11.705,-109.98
34.3626,26,-13,-9,15.811,-145.3
34.3626,27,0,0,0.0,0.0
34.3626,28,0,0,0.0,0.0
34.3626,29,0,0,0.0,0.0
34.3626,30,0,0,0.0,0.0
34.3626,31,0,0,0.0,0.0
34.3626,32,0,0,0.0,0.0
34.3626,33,0,0,0.0,0.0
34.3626,34,0,0,0.0,0.0
34.3626,35,0,0,0.0,0.0
34.3626,36,0,0,0.0,0.0
34.3626,37,0,0,0.0,0.0
34.3626,38,10,10,14.142,45.0
34.3626,39,8,12,14.422,56.31
34.3626,40,4,16,16.492,75.96
34.3626,41,6,15,16.155,68.2
34.3626,42,6,17,18.028,70.56
34.3626,43,4,13,13.601,72.9
34.3626,44,5,12,13.0,67.38
34.3626,45,1,19,19.026,86.99
34.3626,46,3,17,17.263,79.99
34.3626,47,-4,19,19.416,101.89
34.3626,48,-2,22,22.091,95.19
34.3626,49,-8,18,19.698,113.96
34.3626,50,-9,18,20.125,116.57
34.3626,51,-2,21,21.095,95.44
34.3626,52,-6,11,12.53,118.61
34.3626,53,-6,24,24.739,104.04
34.3626,54,-10,14,17.205,125.54
34.3626,55,-20,13,23.854,146.98
34.3626,56,-19,13,23.022,145.62
34.3626,57,-17,19,25.495,131.82
34.3626,58,-19,14,23.601,143.62
34.3626,59,-12,11,16.279,137.49
34.3626,60,-31,13,33.615,157.25
34.3626,61,-36,15,39.0,157.38
34.3626,62,-12,20,23.324,120.96
34.3626,63,-9,16,18.358,119.36
34.6663,0,23,113,115.317,78.5
34.6663,1,17,0,17.0,0.0
34.6663,2,-18,-16,24.083,-138.37
34.6663,3,-11,-6,12.53,-151.39
34.6663,4,-16,14,21.26,138.81
34.6663,5,-36,7,36.674,169.0
34.6663,6,-24,9,25.632,159.44
34.6663,7,-24,-5,24.515,-168.23
34.6663,8,-15,12,19.209,141.34
34.6663,9,-27,2,27.074,175.76
34.6663,10,-29,1,29.017,178.03
34.6663,11,-12,5,13.0,157.38
34.6663,12,-24,-6,24.739,-165.96
34.6663,13,-10,14,17.205,125.54
34.6663,14,-27,1,27.019,177.88
34.6663,15,-18,6,18.974,161.57
34.6663,16,-19,-5,19.647,-165.26
34.6663,17,-19,5,19.647,165.26
34.6663,18,-18,4,18.439,167.47
34.6663,19,-13,5,13.928,158.96
34.6663,20,-14,4,14.56,164.05
34.6663,21,-15,6,16.155,158.2
34.6663,22,-22,9,23.77,157.75
34.6663,23,-14,6,15.232,156.8
34.6663,24,-15,9,17.493,149.04
34.6663,25,-14,9,16.643,147.26
34.6663,26,-19,12,22.472,147.72
34.6663,27,0,0,0.0,0.0
34.6663,28,0,0,0.0,0.0
34.6663,29,0,0,0.0,0.0
34.6663,30,0,0,0.0,0.0
34.6663,31,0,0,0.0,0.0
34.6663,32,0,0,0.0,0.0
34.6663,33,0,0,0.0,0.0
34.6663,34,0,0,0.0,0.0
34.6663,35,0,0,0.0,0.0
34.6663,36,0,0,0.0,0.0
34.6663,37,0,0,0.0,0.0
34.6663,38,-4,-12,12.649,-108.43
34.6663,39,-6,-15,16.155,-111.8
34.6663,40,-5,-17,17.72,-106.39
34.6663,41,-4,-13,13.601,-107.1
34.6663,42,-4,-20,20.396,-101.31
34.6663,43,-5,-17,17.72,-106.39
34.6663,44,2,-17,17.117,-83.29
34.6663,45,-6,-15,16.155,-111.8
34.6663,46,-5,-16,16.763,-107.35
34.6663,47,-10,-14,17.205,-125.54
34.6663,48,-9,-18,20.125,-116.57
34.6663,49,-9,-14,16.643,-122.74
34.6663,50,-11,-15,18.601,-126.25
34.6663,51,-7,-15,16.553,-115.02
34.6663,52,-11,-11,15.556,-135.0
34.6663,53,-12,-16,20.0,-126.87
34.6663,54,-16,-18,24.083,-131.63
34.6663,55,-9,-7,11.402,-142.13
34.6663,56,-16,-12,20.0,-143.13
34.6663,57,-16,-13,20.616,-140.91
34.6663,58,-25,-6,25.71,-166.5
34.6663,59,-17,-8,18.788,-154.8
34.6663,60,-15,-6,16.155,-158.2
34.6663,61,-14,-2,14.142,-171.87
34.6663,62,-15,1,15.033,176.19
34.6663,63,-25,-3,25.179,-173.16
34.9649,0,23,113,115.317,78.5
34.9649,1,17,0,17.0,0.0
34.9649,2,11,-25,27.313,-66.25
34.9649,3,11,2,11.18,10.3
34.9649,4,16,14,21.26,41.19
34.9649,5,20,-9,21.932,-24.23
34.9649,6,13,-8,15.264,-31.61
34.9649,7,16,5,16.763,17.35
34.9649,8,13,-14,19.105,-47.12
34.9649,9,21,-2,21.095,-5.44
34.9649,10,9,-2,9.22,-12.53
34.9649,11,15,-2,15.133,-7.59
34.9649,12,23,-12,25.942,-27.55
34.9649,13,13,0,13.0,0.0
34.9649,14,21,0,21.0,0.0
34.9649,15,20,-3,20.224,-8.53
34.9649,16,16,-13,20.616,-39.09
34.9649,17,19,4,19.416,11.89
34.9649,18,15,-6,16.155,-21.8
34.9649,19,25,-1,25.02,-2.29
34.9649,20,19,0,19.0,0.0
34.9649,21,19,1,19.026,3.01
34.9649,22,27,4,27.295,8.43
34.9649,23,11,10,14.866,42.27
34.9649,24,16,8,17.889,26.57
34.9649,25,11,9,14.213,39.29
34.9649,26,15,12,19.209,38.66
34.9649,27,0,0,0.0,0.0
34.9649,28,0,0,0.0,0.0
34.9649,29,0,0,0.0,0.0
34.9649,30,0,0,0.0,0.0
34.9649,31,0,0,0.0,0.0
34.9649,32,0,0,0.0,0.0
34.9649,33,0,0,0.0,0.0
34.9649,34,0,0,0.0,0.0
34.9649,35,0,0,0.0,0.0
34.9649,36,0,0,0.0,0.0
34.9649,37,0,0,0.0,0.0
34.9649,38,10,1,10.05,5.71
34.9649,39,14,3,14.318,12.09
34.9649,40,15,-1,15.033,-3.81
34.9649,41,17,0,17.0,0.0
34.9649,42,14,-2,14.142,-8.13
34.9649,43,10,4,10.77,21.8
34.9649,44,11,5,12.083,24.44
34.9649,45,18,5,18.682,15.52
34.9649,46,23,3,23.195,7.43
34.9649,47,10,1,10.05,5.71
34.9649,48,16,6,17.088,20.56
34.9649,49,15,3,15.297,11.31
34.9649,50,19,2,19.105,6.01
34.9649,51,8,-1,8.062,-7.13
34.9649,52,10,4,10.77,21.8
34.9649,53,13,-4,13.601,-17.1
34.9649,54,22,5,22.561,12.8
34.9649,55,15,4,15.524,14.93
34.9649,56,14,4,14.56,15.95
34.9649,57,6,8,10.0,53.13
34.9649,58,22,-5,22.561,-12.8
34.9649,59,11,-8,13.601,-36.03
34.9649,60,24,7,25.0,16.26
34.9649,61,-4,7,8.062,119.74
34.9649,62,15,-10,18.028,-33.69
34.9649,63,-9,-7,11.402,-142.13
35.0762,0,23,113,115.317,78.5
35.0762,1,17,0,17.0,0.0
35.0762,2,12,-21,24.187,-60.26
35.0762,3,10,-13,16.401,-52.43
35.0762,4,3,-14,14.318,-77.91
35.0762,5,5,-23,23.537,-77.74
35.0762,6,10,-12,15.62,-50.19
35.0762,7,20,-12,23.324,-30.96
35.0762,8,7,-9,11.402,-52.13
35.0762,9,20,-14,24.413,-34.99
35.0762,10,5,-14,14.866,-70.35
35.0762,11,6,-13,14.318,-65.22
35.0762,12,8,-17,18.788,-64.8
35.0762,13,8,-10,12.806,-51.34
35.0762,14,11,-25,27.313,-66.25
35.0762,15,10,-11,14.866,-47.73
35.0762,16,7,-20,21.19,-70.71
35.0762,17,8,-13,15.264,-58.39
35.0762,18,8,-16,17.889,-63.43
35.0762,19,5,-12,13.0,-67.38
35.0762,20,14,-18,22.804,-52.13
35.0762,21,12,-17,20.809,-54.78
35.0762,22,5,-15,15.811,-71.57
35.0762,23,6,-8,10.0,-53.13
35.0762,24,3,-15,15.297,-78.69
35.0762,25,9,-18,20.125,-63.43
35.0762,26,5,-18,18.682,-74.48
35.0762,27,0,0,0.0,0.0
35.0762,28,0,0,0.0,0.0
35.0762,29,0,0,0.0,0.0
35.0762,30,0,0,0.0,0.0
35.0762,31,0,0,0.0,0.0
35.0762,32,0,0,0.0,0.0
35.0762,33,0,0,0.0,0.0
35.0762,34,0,0,0.0,0.0
35.0762,35,0,0,0.0,0.0
35.0762,36,0,0,0.0,0.0
35.0762,37,0,0,0.0,0.0
35.0762,38,12,-12,16.971,-45.0
35.0762,39,11,-12,16.279,-47.49
35.0762,40,12,-12,16.971,-45.0
35.0762,41,16,-7,17.464,-23.63
35.0762,42,7,-8,10.63,-48.81
35.0762,43,14,-8,16.125,-29.74
35.0762,44,16,-10,18.868,-32.01
35.0762,45,20,-9,21.932,-24.23
35.0762,46,10,-11,14.866,-47.73
35.0762,47,12,-5,13.0,-22.62
35.0762,48,19,-9,21.024,-25.35
35.0762,49,17,-21,27.019,-51.01
35.0762,50,21,-9,22.847,-23.2
35.0762,51,12,-11,16.279,-42.51
35.0762,52,14,-16,21.26,-48.81
35.0762,53,13,-17,21.401,-52.59
35.0762,54,15,-4,15.524,-14.93
35.0762,55,14,-5,14.866,-19.65
35.0762,56,12,-25,27.731,-64.36
35.0762,57,26,0,26.0,0.0
35.0762,58,22,-10,24.166,-24.44
35.0762,59,13,-19,23.022,-55.62
35.0762,60,36,-24,43.267,-33.69
35.0762,61,41,-9,41.976,-12.38
35.0762,62,7,-18,19.313,-68.75
35.0762,63,18,-36,40.249,-63.43
35.1777,0,23,113,115.317,78.5
35.1777,1,17,0,17.0,0.0
35.1777,2,-17,-12,20.809,-144.78
35.1777,3,-20,-6,20.881,-163.3
35.1777,4,-14,-1,14.036,-175.91
35.1777,5,-24,-7,25.0,-163.74
35.1777,6,-29,2,29.069,176.05
35.1777,7,-29,-10,30.676,-160.97
35.1777,8,-5,5,7.071,135.0
35.1777,9,-22,-6,22.804,-164.74
35.1777,10,-12,1,12.042,175.24
35.1777,11,-10,-1,10.05,-174.29
35.1777,12,-27,1,27.019,177.88
35.1777,13,-13,5,13.928,158.96
35.1777,14,-30,10,31.623,161.57
35.1777,15,-18,6,18.974,161.57
35.1777,16,-14,6,15.232,156.8
35.1777,17,-19,6,19.925,162.47
35.1777,18,-23,3,23.195,172.57
35.1777,19,-20,5,20.616,165.96
35.1777,20,-18,6,18.974,161.57
35.1777,21,-14,6,15.232,156.8
35.1777,22,-11,4,11.705,160.02
35.1777,23,-17,7,18.385,157.62
35.1777,24,-18,10,20.591,150.95
35.1777,25,-15,8,17.0,151.93
35.1777,26,-13,3,13.342,167.01
35.1777,27,0,0,0.0,0.0
35.1777,28,0,0,0.0,0.0
35.1777,29,0,0,0.0,0.0
35.1777,30,0,0,0.0,0.0
35.1777,31,0,0,0.0,0.0
35.1777,32,0,0,0.0,0.0
35.1777,33,0,0,0.0,0.0
35.1777,34,0,0,0.0,0.0
35.1777,35,0,0,0.0,0.0
35.1777,36,0,0,0.0,0.0
35.1777,37,0,0,0.0,0.0
35.1777,38,-5,-17,17.72,-106.39
35.1777,39,-4,-16,16.492,-104.04
35.1777,40,-2,-16,16.125,-97.13
35.1777,41,0,-17,17.0,-90.0
35.1777,42,-5,-20,20.616,-104.04
35.1777,43,-1,-15,15.033,-93.81
35.1777,44,-1,-20,20.025,-92.86
35.1777,45,1,-17,17.029,-86.63
35.1777,46,-7,-21,22.136,-108.43
35.1777,47,-9,-14,16.643,-122.74
35.1777,48,-1,-11,11.045,-95.19
35.1777,49,-8,-24,25.298,-108.43
35.1777,50,-7,-22,23.087,-107.65
35.1777,51,-11,-14,17.804,-128.16
35.1777,52,-11,-20,22.825,-118.81
35.1777,53,0,-19,19.0,-90.0
35.1777,54,-11,-22,24.597,-116.57
35.1777,55,-17,-18,24.759,-133.36
35.1777,56,-2,-4,4.472,-116.57
35.1777,57,-21,-28,35.0,-126.87
35.1777,58,-1,1,1.414,135.0
35.1777,59,-5,-12,13.0,-112.62
35.1777,60,-26,4,26.306,171.25
35.1777,61,-22,-14,26.077,-147.53
35.1777,62,-25,-21,32.65,-139.97
35.1777,63,6,-20,20.881,-73.3
35.4804,0,23,113,115.317,78.5
35.4804,1,17,0,17.0,0.0
35.4804,2,-14,24,27.785,120.26
35.4804,3,9,5,10.296,29.05
35.4804,4,-17,14,22.023,140.53
35.4804,5,-19,10,21.471,152.24
35.4804,6,7,8,10.63,48.81
35.4804,7,-12,20,23.324,120.96
35.4804,8,-5,15,15.811,108.43
35.4804,9,-8,18,19.698,113.96
35.4804,10,-12,14,18.439,130.6
35.4804,11,-8,17,18.788,115.2
35.4804,12,-5,8,9.434,122.01
35.4804,13,-14,11,17.804,141.84
35.4804,14,-14,22,26.077,122.47
35.4804,15,-3,12,12.369,104.04
35.4804,16,-4,15,15.524,104.93
35.4804,17,-6,20,20.881,106.7
35.4804,18,-2,21,21.095,95.44
35.4804,19,-10,7,12.207,145.01
35.4804,20,-12,17,20.809,125.22
35.4804,21,-11,21,23.707,117.65
35.4804,22,-7,10,12.207,124.99
35.4804,23,-17,10,19.723,149.53
35.4804,24,-13,14,19.105,132.88
35.4804,25,-12,13,17.692,132.71
35.4804,26,-10,9,13.454,138.01
35.4804,27,0,0,0.0,0.0
35.4804,28,0,0,0.0,0.0
35.4804,29,0,0,0.0,0.0
35.4804,30,0,0,0.0,0.0
35.4804,31,0,0,0.0,0.0
35.4804,32,0,0,0.0,0.0
35.4804,33,0,0,0.0,0.0
35.4804,34,0,0,0.0,0.0
35.4804,35,0,0,0.0,0.0
35.4804,36,0,0,0.0,0.0
35.4804,37,0,0,0.0,0.0
35.4804,38,-1,13,13.038,94.4
35.4804,39,1,14,14.036,85.91
35.4804,40,-2,17,17.117,96.71
35.4804,41,2,10,10.198,78.69
35.4804,42,-4,18,18.439,102.53
35.4804,43,-4,18,18.439,102.53
35.4804,44,-8,15,17.0,118.07
35.4804,45,-7,16,17.464,113.63
35.4804,46,-4,14,14.56,105.95
35.4804,47,-1,19,19.026,93.01
35.4804,48,-6,16,17.088,110.56
35.4804,49,-9,14,16.643,122.74
35.4804,50,-5,14,14.866,109.65
35.4804,51,-1,17,17.029,93.37
35.4804,52,-9,14,16.643,122.74
35.4804,53,-6,12,13.416,116.57
35.4804,54,-6,17,18.028,109.44
35.4804,55,-5,17,17.72,106.39
35.4804,56,-15,21,25.807,125.54
35.4804,57,-18,10,20.591,150.95
35.4804,58,-11,23,25.495,115.56
35.4804,59,-13,20,23.854,123.02
35.4804,60,-12,19,22.472,122.28
35.4804,61,-9,2,9.22,167.47
35.4804,62,-13,29,31.78,114.15
35.4804,63,-6,19,19.925,107.53
35.5872,0,23,113,115.317,78.5
35.5872,1,17,0,17.0,0.0
35.5872,2,-41,7,41.593,170.31
35.5872,3,-36,-18,40.249,-153.43
35.5872,4,-36,-16,39.395,-156.04
35.5872,5,-17,-19,25.495,-131.82
35.5872,6,-20,-11,22.825,-151.19
35.5872,7,-23,-14,26.926,-148.67
35.5872,8,-16,-7,17.464,-156.37
35.5872,9,-16,-6,17.088,-159.44
35.5872,10,-16,4,16.492,165.96
35.5872,11,-26,-12,28.636,-155.22
35.5872,12,-14,-10,17.205,-144.46
35.5872,13,-35,-4,35.228,-173.48
35.5872,14,-20,2,20.1,174.29
35.5872,15,-25,2,25.08,175.43
35.5872,16,-30,-5,30.414,-170.54
35.5872,17,-23,-4,23.345,-170.13
35.5872,18,-29,6,29.614,168.31
35.5872,19,-28,-6,28.636,-167.91
35.5872,20,-20,1,20.025,177.14
35.5872,21,-22,4,22.361,169.7
35.5872,22,-29,1,29.017,178.03
35.5872,23,-21,-2,21.095,-174.56
35.5872,24,-6,8,10.0,126.87
35.5872,25,-19,1,19.026,176.99
35.5872,26,-12,-1,12.042,-175.24
35.5872,27,0,0,0.0,0.0
35.5872,28,0,0,0.0,0.0
35.5872,29,0,0,0.0,0.0
35.5872,30,0,0,0.0,0.0
35.5872,31,0,0,0.0,0.0
35.5872,32,0,0,0.0,0.0
35.5872,33,0,0,0.0,0.0
35.5872,34,0,0,0.0,0.0
35.5872,35,0,0,0.0,0.0
35.5872,36,0,0,0.0,0.0
35.5872,37,0,0,0.0,0.0
35.5872,38,-1,-27,27.019,-92.12
35.5872,39,1,-27,27.019,-87.88
35.5872,40,3,-25,25.179,-83.16
35.5872,41,-2,-21,21.095,-95.44
35.5872,42,3,-21,21.213,-81.87
35.5872,43,4,-19,19.416,-78.11
35.5872,44,0,-24,24.0,-90.0
35.5872,45,0,-21,21.0,-90.0
35.5872,46,-3,-25,25.179,-96.84
35.5872,47,0,-24,24.0,-90.0
35.5872,48,-2,-29,29.069,-93.95
35.5872,49,-7,-21,22.136,-108.43
35.5872,50,-2,-25,25.08,-94.57
35.5872,51,-5,-18,18.682,-105.52
35.5872,52,-10,-23,25.08,-113.5
35.5872,53,-3,-30,30.15,-95.71
35.5872,54,-12,-31,33.242,-111.16
35.5872,55,11,-23,25.495,-64.44
35.5872,56,-12,-19,22.472,-122.28
35.5872,57,-8,-21,22.472,-110.85
35.5872,58,-15,-34,37.162,-113.81
35.5872,59,-41,-9,41.976,-167.62
35.5872,60,-3,-32,32.14,-95.36
35.5872,61,-1,12,12.042,94.76
35.5872,62,17,-5,17.72,-16.39
35.5872,63,-32,-7,32.757,-167.66
35.6889,0,23,113,115.317,78.5
35.6889,1,17,0,17.0,0.0
35.6889,2,14,-33,35.847,-67.01
35.6889,3,-19,-26,32.202,-126.16
35.6889,4,19,-21,28.32,-47.86
35.6889,5,0,-23,23.0,-90.0
35.6889,6,5,-15,15.811,-71.57
35.6889,7,-4,-7,8.062,-119.74
35.6889,8,-1,-13,13.038,-94.4
35.6889,9,-5,-22,22.561,-102.8
35.6889,10,-6,-16,17.088,-110.56
35.6889,11,-5,-14,14.866,-109.65
35.6889,12,-9,-21,22.847,-113.2
35.6889,13,3,-26,26.173,-83.42
35.6889,14,-11,-20,22.825,-118.81
35.6889,15,0,-18,18.0,-90.0
35.6889,16,-1,-15,15.033,-93.81
35.6889,17,-5,-11,12.083,-114.44
35.6889,18,0,-18,18.0,-90.0
35.6889,19,-9,-16,18.358,-119.36
35.6889,20,-5,-18,18.682,-105.52
35.6889,21,-9,-18,20.125,-116.57
35.6889,22,-3,-17,17.263,-100.01
35.6889,23,-5,-18,18.682,-105.52
35.6889,24,1,-22,22.023,-87.4
35.6889,25,15,-18,23.431,-50.19
35.6889,26,-1,-14,14.036,-94.09
35.6889,27,0,0,0.0,0.0
35.6889,28,0,0,0.0,0.0
35.6889,29,0,0,0.0,0.0
35.6889,30,0,0,0.0,0.0
35.6889,31,0,0,0.0,0.0
35.6889,32,0,0,0.0,0.0
35.6889,33,0,0,0.0,0.0
35.6889,34,0,0,0.0,0.0
35.6889,35,0,0,0.0,0.0
35.6889,36,0,0,0.0,0.0
35.6889,37,0,0,0.0,0.0
35.6889,38,-5,-21,21.587,-103.39
35.6889,39,-7,-19,20.248,-110.22
35.6889,40,-5,-15,15.811,-108.43
35.6889,41,-1,-17,17.029,-93.37
35.6889,42,-1,-12,12.042,-94.76
35.6889,43,0,-14,14.0,-90.0
35.6889,44,-3,-17,17.263,-100.01
35.6889,45,0,-14,14.0,-90.0
35.6889,46,3,-17,17.263,-79.99
35.6889,47,2,-17,17.117,-83.29
35.6889,48,6,-21,21.84,-74.05
35.6889,49,1,-21,21.024,-87.27
35.6889,50,3,-16,16.279,-79.38
35.6889,51,2,-20,20.1,-84.29
35.6889,52,-2,-16,16.125,-97.13
35.6889,53,-3,-19,19.235,-98.97
35.6889,54,2,-19,19.105,-83.99
35.6889,55,-1,-20,20.025,-92.86
35.6889,56,1,-22,22.023,-87.4
35.6889,57,-7,-16,17.464,-113.63
35.6889,58,15,-20,25.0,-53.13
35.6889,59,4,-33,33.242,-83.09
35.6889,60,1,-21,21.024,-87.27
35.6889,61,24,-14,27.785,-30.26
35.6889,62,-15,-33,36.249,-114.44
35.6889,63,5,-15,15.811,-71.57
35.7944,0,23,113,115.317,78.5
35.7944,1,17,0,17.0,0.0
35.7944,2,-37,25,44.654,145.95
35.7944,3,-11,8,13.601,143.97
35.7944,4,-23,6,23.77,165.38
35.7944,5,-13,14,19.105,132.88
35.7944,6,-17,15,22.672,138.58
35.7944,7,-23,7,24.042,163.07
35.7944,8,-23,11,25.495,154.44
35.7944,9,-14,14,19.799,135.0
35.7944,10,-29,19,34.67,146.77
35.7944,11,-16,11,19.416,145.49
35.7944,12,-23,18,29.206,141.95
35.7944,13,-18,12,21.633,146.31
35.7944,14,-18,15,23.431,140.19
35.7944,15,-11,9,14.213,140.71
35.7944,16,-26,15,30.017,150.02
35.7944,17,-16,21,26.401,127.3
35.7944,18,-15,15,21.213,135.0
35.7944,19,-17,2,17.117,173.29
35.7944,20,-24,8,25.298,161.57
35.7944,21,-20,1,20.025,177.14
35.7944,22,-13,11,17.029,139.76
35.7944,23,-15,14,20.518,136.97
35.7944,24,-21,4,21.378,169.22
35.7944,25,-24,8,25.298,161.57
35.7944,26,-22,-2,22.091,-174.81
35.7944,27,0,0,0.0,0.0
35.7944,28,0,0,0.0,0.0
35.7944,29,0,0,0.0,0.0
35.7944,30,0,0,0.0,0.0
35.7944,31,0,0,0.0,0.0
35.7944,32,0,0,0.0,0.0
35.7944,33,0,0,0.0,0.0
35.7944,34,0,0,0.0,0.0
35.7944,35,0,0,0.0,0.0
35.7944,36,0,0,0.0,0.0
35.7944,37,0,0,0.0,0.0
35.7944,38,-11,18,21.095,121.43
35.7944,39,-17,13,21.401,142.59
35.7944,40,-14,15,20.518,133.03
35.7944,41,-17,1,17.029,176.63
35.7944,42,-20,5,20.616,165.96
35.7944,43,-18,4,18.439,167.47
35.7944,44,-15,10,18.028,146.31
35.7944,45,-16,8,17.889,153.43
35.7944,46,-13,7,14.765,151.7
35.7944,47,-14,8,16.125,150.26
35.7944,48,-15,8,17.0,151.93
35.7944,49,-22,10,24.166,155.56
35.7944,50,-26,15,30.017,150.02
35.7944,51,-18,11,21.095,148.57
35.7944,52,-19,3,19.235,171.03
35.7944,53,-24,0,24.0,180.0
35.7944,54,-17,10,19.723,149.53
35.7944,55,-23,14,26.926,148.67
35.7944,56,-28,5,28.443,169.88
35.7944,57,-6,3,6.708,153.43
35.7944,58,-13,6,14.318,155.22
35.7944,59,-17,-9,19.235,-152.1
35.7944,60,-25,10,26.926,158.2
35.7944,61,4,1,4.123,14.04
35.7944,62,-24,-6,24.739,-165.96
35.7944,63,-36,9,37.108,165.96
35.9109,0,92,-63,111.503,-34.4
35.9109,1,21,0,21.0,0.0
35.9109,2,-16,-24,28.844,-123.69
35.9109,3,-25,-15,29.155,-149.04
35.9109,4,-13,-37,39.217,-109.36
35.9109,5,-8,-17,18.788,-115.2
35.9109,6,-3,-26,26.173,-96.58
35.9109,7,-15,-18,23.431,-129.81
35.9109,8,-2,-16,16.125,-97.13
35.9109,9,-9,-24,25.632,-110.56
35.9109,10,-15,-22,26.627,-124.29
35.9109,11,-10,-18,20.591,-119.05
35.9109,12,-13,-20,23.854,-123.02
35.9109,13,-9,-17,19.235,-117.9
35.9109,14,-4,-15,15.524,-104.93
35.9109,15,-13,-27,29.967,-115.71
35.9109,16,-15,-23,27.459,-123.11
35.9109,17,-12,-20,23.324,-120.96
35.9109,18,-18,-20,26.907,-131.99
35.9109,19,-7,-15,16.553,-115.02
35.9109,20,-13,-23,26.42,-119.48
35.9109,21,-8,-20,21.541,-111.8
35.9109,22,-10,-15,18.028,-123.69
35.9109,23,-14,-7,15.652,-153.43
35.9109,24,-16,-23,28.018,-124.82
35.9109,25,-11,-24,26.401,-114.62
35.9109,26,-4,-20,20.396,-101.31
35.9109,27,0,0,0.0,0.0
35.9109,28,0,0,0.0,0.0
35.9109,29,0,0,0.0,0.0
35.9109,30,0,0,0.0,0.0
35.9109,31,0,0,0.0,0.0
35.9109,32,0,0,0.0,0.0
35.9109,33,0,0,0.0,0.0
35.9109,34,0,0,0.0,0.0
35.9109,35,0,0,0.0,0.0
35.9109,36,0,0,0.0,0.0
35.9109,37,0,0,0.0,0.0
35.9109,38,15,-17,22.672,-48.58
35.9109,39,7,-11,13.038,-57.53
35.9109,40,13,-11,17.029,-40.24
35.9109,41,9,-15,17.493,-59.04
35.9109,42,21,-10,23.259,-25.46
35.9109,43,10,-12,15.62,-50.19
35.9109,44,19,-18,26.173,-43.45
35.9109,45,17,-11,20.248,-32.91
35.9109,46,15,-20,25.0,-53.13
35.9109,47,8,-14,16.125,-60.26
35.9109,48,13,-17,21.401,-52.59
35.9109,49,14,-15,20.518,-46.97
35.9109,50,15,-16,21.932,-46.85
35.9109,51,17,-23,28.601,-53.53
35.9109,52,13,-17,21.401,-52.59
35.9109,53,9,-25,26.571,-70.2
35.9109,54,10,-15,18.028,-56.31
35.9109,55,14,-20,24.413,-55.01
35.9109,56,21,-21,29.698,-45.0
35.9109,57,7,-13,14.765,-61.7
35.9109,58,14,-19,23.601,-53.62
35.9109,59,10,-8,12.806,-38.66
35.9109,60,1,-10,10.05,-84.29
35.9109,61,7,-15,16.553,-64.98
35.9109,62,-1,-22,22.023,-92.6
35.9109,63,-5,-13,13.928,-111.04
35.9331,0,92,-63,111.503,-34.4
35.9331,1,21,0,21.0,0.0
35.9331,2,11,5,12.083,24.44
35.9331,3,20,10,22.361,26.57
35.9331,4,24,14,27.785,30.26
35.9331,5,23,7,24.042,16.93
35.9331,6,20,8,21.541,21.8
35.9331,7,23,6,23.77,14.62
35.9331,8,21,-1,21.024,-2.73
35.9331,9,21,8,22.472,20.85
35.9331,10,16,6,17.088,20.56
35.9331,11,24,8,25.298,18.43
35.9331,12,19,6,19.925,17.53
35.9331,13,25,1,25.02,2.29
35.9331,14,17,9,19.235,27.9
35.9331,15,18,1,18.028,3.18
35.9331,16,21,5,21.587,13.39
35.9331,17,19,9,21.024,25.35
35.9331,18,26,4,26.306,8.75
35.9331,19,16,7,17.464,23.63
35.9331,20,20,11,22.825,28.81
35.9331,21,23,10,25.08,23.5
35.9331,22,22,7,23.087,17.65
35.9331,23,21,6,21.84,15.95
35.9331,24,6,7,9.22,49.4
35.9331,25,19,-1,19.026,-3.01
35.9331,26,12,12,16.971,45.0
35.9331,27,0,0,0.0,0.0
35.9331,28,0,0,0.0,0.0
35.9331,29,0,0,0.0,0.0
35.9331,30,0,0,0.0,0.0
35.9331,31,0,0,0.0,0.0
35.9331,32,0,0,0.0,0.0
35.9331,33,0,0,0.0,0.0
35.9331,34,0,0,0.0,0.0
35.9331,35,0,0,0.0,0.0
35.9331,36,0,0,0.0,0.0
35.9331,37,0,0,0.0,0.0
35.9331,38,13,9,15.811,34.7
35.9331,39,11,9,14.213,39.29
35.9331,40,8,16,17.889,63.43
35.9331,41,6,16,17.088,69.44
35.9331,42,5,14,14.866,70.35
35.9331,43,7,13,14.765,61.7
35.9331,44,10,22,24.166,65.56
35.9331,45,16,12,20.0,36.87
35.9331,46,13,15,19.849,49.09
35.9331,47,14,17,22.023,50.53
35.9331,48,16,15,21.932,43.15
35.9331,49,8,18,19.698,66.04
35.9331,50,12,11,16.279,42.51
35.9331,51,8,8,11.314,45.0
35.9331,52,7,18,19.313,68.75
35.9331,53,9,16,18.358,60.64
35.9331,54,11,22,24.597,63.43
35.9331,55,16,10,18.868,32.01
35.9331,56,14,6,15.232,23.2
35.9331,57,20,14,24.413,34.99
35.9331,58,15,13,19.849,40.91
35.9331,59,0,15,15.0,90.0
35.9331,60,14,18,22.804,52.13
35.9331,61,6,15,16.155,68.2
35.9331,62,6,-1,6.083,-9.46
35.9331,63,20,18,26.907,41.99
35.9743,0,92,-63,111.503,-34.4
35.9743,1,21,0,21.0,0.0
35.9743,2,-9,-14,16.643,-122.74
35.9743,3,5,-26,26.476,-79.11
35.9743,4,-10,-19,21.471,-117.76
35.9743,5,-12,-20,23.324,-120.96
35.9743,6,-9,-24,25.632,-110.56
35.9743,7,-13,-10,16.401,-142.43
35.9743,8,-17,-16,23.345,-136.74
35.9743,9,-17,-20,26.249,-130.36
35.9743,10,-14,-23,26.926,-121.33
35.9743,11,-9,-10,13.454,-131.99
35.9743,12,-8,-15,17.0,-118.07
35.9743,13,-16,-15,21.932,-136.85
35.9743,14,-13,-14,19.105,-132.88
35.9743,15,-19,-12,22.472,-147.72
35.9743,16,-6,-17,18.028,-109.44
35.9743,17,-4,-24,24.331,-99.46
35.9743,18,-17,-17,24.042,-135.0
35.9743,19,-21,-12,24.187,-150.26
35.9743,20,-18,-12,21.633,-146.31
35.9743,21,-13,-15,19.849,-130.91
35.9743,22,-16,-17,23.345,-133.26
35.9743,23,-14,-16,21.26,-131.19
35.9743,24,-18,-22,28.425,-129.29
35.9743,25,-8,-22,23.409,-109.98
35.9743,26,-6,-24,24.739,-104.04
35.9743,27,0,0,0.0,0.0
35.9743,28,0,0,0.0,0.0
35.9743,29,0,0,0.0,0.0
35.9743,30,0,0,0.0,0.0
35.9743,31,0,0,0.0,0.0
35.9743,32,0,0,0.0,0.0
35.9743,33,0,0,0.0,0.0
35.9743,34,0,0,0.0,0.0
35.9743,35,0,0,0.0,0.0
35.9743,36,0,0,0.0,0.0
35.9743,37,0,0,0.0,0.0
35.9743,38,-2,-22,22.091,-95.19
35.9743,39,1,-22,22.023,-87.4
35.9743,40,1,-13,13.038,-85.6
35.9743,41,9,-17,19.235,-62.1
35.9743,42,-1,-15,15.033,-93.81
35.9743,43,1,-15,15.033,-86.19
35.9743,44,3,-12,12.369,-75.96
35.9743,45,-1,-19,19.026,-93.01
35.9743,46,4,-23,23.345,-80.13
35.9743,47,6,-22,22.804,-74.74
35.9743,48,5,-15,15.811,-71.57
35.9743,49,-2,-15,15.133,-97.59
35.9743,50,3,-20,20.224,-81.47
35.9743,51,-2,-16,16.125,-97.13
35.9743,52,-1,-27,27.019,-92.12
35.9743,53,-1,-25,25.02,-92.29
35.9743,54,-2,-19,19.105,-96.01
35.9743,55,6,-14,15.232,-66.8
35.9743,56,-7,-11,13.038,-122.47
35.9743,57,0,-17,17.0,-90.0
35.9743,58,6,-20,20.881,-73.3
35.9743,59,-3,-13,13.342,-102.99
35.9743,60,2,-27,27.074,-85.76
35.9743,61,-11,-14,17.804,-128.16
35.9743,62,11,-25,27.313,-66.25
35.9743,63,3,-33,33.136,-84.81
36.1013,0,23,113,115.317,78.5
36.1013,1,17,0,17.0,0.0
36.1013,2,-1,3,3.162,108.43
36.1013,3,3,-16,16.279,-79.38
36.1013,4,13,-16,20.616,-50.91
36.1013,5,13,-11,17.029,-40.24
36.1013,6,43,-19,47.011,-23.84
36.1013,7,20,-7,21.19,-19.29
36.1013,8,12,-22,25.06,-61.39
36.1013,9,4,-7,8.062,-60.26
36.1013,10,12,-24,26.833,-63.43
36.1013,11,15,-12,19.209,-38.66
36.1013,12,-6,-41,41.437,-98.33
36.1013,13,2,-29,29.069,-86.05
36.1013,14,-1,-29,29.017,-91.97
36.1013,15,17,-28,32.757,-58.74
36.1013,16,7,-21,22.136,-71.57
36.1013,17,5,-25,25.495,-78.69
36.1013,18,-3,-29,29.155,-95.91
36.1013,19,4,-24,24.331,-80.54
36.1013,20,-1,-24,24.021,-92.39
36.1013,21,3,-17,17.263,-79.99
36.1013,22,-3,-18,18.248,-99.46
36.1013,23,4,-27,27.295,-81.57
36.1013,24,-1,-19,19.026,-93.01
36.1013,25,-2,-15,15.133,-97.59
36.1013,26,-6,-16,17.088,-110.56
36.1013,27,0,0,0.0,0.0
36.1013,28,0,0,0.0,0.0
36.1013,29,0,0,0.0,0.0
36.1013,30,0,0,0.0,0.0
36.1013,31,0,0,0.0,0.0
36.1013,32,0,0,0.0,0.0
36.1013,33,0,0,0.0,0.0
36.1013,34,0,0,0.0,0.0
36.1013,35,0,0,0.0,0.0
36.1013,36,0,0,0.0,0.0
36.1013,37,0,0,0.0,0.0
36.1013,38,8,19,20.616,67.17
36.1013,39,4,14,14.56,74.05
36.1013,40,4,11,11.705,70.02
36.1013,41,13,19,23.022,55.62
36.1013,42,13,16,20.616,50.91
36.1013,43,10,16,18.868,57.99
36.1013,44,9,22,23.77,67.75
36.1013,45,8,11,13.601,53.97
36.1013,46,13,16,20.616,50.91
36.1013,47,12,19,22.472,57.72
36.1013,48,10,20,22.361,63.43
36.1013,49,12,17,20.809,54.78
36.1013,50,20,14,24.413,34.99
36.1013,51,22,16,27.203,36.03
36.1013,52,12,16,20.0,53.13
36.1013,53,14,10,17.205,35.54
36.1013,54,22,15,26.627,34.29
36.1013,55,17,9,19.235,27.9
36.1013,56,11,-1,11.045,-5.19
36.1013,57,-3,4,5.0,126.87
36.1013,58,31,-13,33.615,-22.75
36.1013,59,19,-5,19.647,-14.74
36.1013,60,41,5,41.304,6.95
36.1013,61,42,-23,47.885,-28.71
36.1013,62,16,26,30.529,58.39
36.1013,63,19,8,20.616,22.83
36.1973,0,23,113,115.317,78.5
36.1973,1,17,0,17.0,0.0
36.1973,2,39,2,39.051,2.94
36.1973,3,20,28,34.409,54.46
36.1973,4,6,0,6.0,0.0
36.1973,5,13,-1,13.038,-4.4
36.1973,6,7,17,18.385,67.62
36.1973,7,19,11,21.954,30.07
36.1973,8,13,11,17.029,40.24
36.1973,9,15,23,27.459,56.89
36.1973,10,14,16,21.26,48.81
36.1973,11,12,10,15.62,39.81
36.1973,12,16,9,18.358,29.36
36.1973,13,18,11,21.095,31.43
36.1973,14,20,19,27.586,43.53
36.1973,15,10,13,16.401,52.43
36.1973,16,3,23,23.195,82.57
36.1973,17,-2,14,14.142,98.13
36.1973,18,16,12,20.0,36.87
36.1973,19,8,16,17.889,63.43
36.1973,20,10,13,16.401,52.43
36.1973,21,6,17,18.028,70.56
36.1973,22,-2,15,15.133,97.59
36.1973,23,5,15,15.811,71.57
36.1973,24,4,11,11.705,70.02
36.1973,25,-8,11,13.601,126.03
36.1973,26,15,20,25.0,53.13
36.1973,27,0,0,0.0,0.0
36.1973,28,0,0,0.0,0.0
36.1973,29,0,0,0.0,0.0
36.1973,30,0,0,0.0,0.0
36.1973,31,0,0,0.0,0.0
36.1973,32,0,0,0.0,0.0
36.1973,33,0,0,0.0,0.0
36.1973,34,0,0,0.0,0.0
36.1973,35,0,0,0.0,0.0
36.1973,36,0,0,0.0,0.0
36.1973,37,0,0,0.0,0.0
36.1973,38,13,-8,15.264,-31.61
36.1973,39,17,-5,17.72,-16.39
36.1973,40,14,-4,14.56,-15.95
36.1973,41,18,-2,18.111,-6.34
36.1973,42,13,-4,13.601,-17.1
36.1973,43,23,2,23.087,4.97
36.1973,44,23,0,23.0,0.0
36.1973,45,17,0,17.0,0.0
36.1973,46,19,2,19.105,6.01
36.1973,47,28,-1,28.018,-2.05
36.1973,48,18,-1,18.028,-3.18
36.1973,49,17,6,18.028,19.44
36.1973,50,14,4,14.56,15.95
36.1973,51,16,3,16.279,10.62
36.1973,52,15,5,15.811,18.43
36.1973,53,18,9,20.125,26.57
36.1973,54,24,9,25.632,20.56
36.1973,55,20,9,21.932,24.23
36.1973,56,9,14,16.643,57.26
36.1973,57,10,12,15.62,50.19
36.1973,58,17,13,21.401,37.41
36.1973,59,12,4,12.649,18.43
36.1973,60,18,-6,18.974,-18.43
36.1973,61,5,3,5.831,30.96
36.1973,62,5,34,34.366,81.63
36.1973,63,29,10,30.676,19.03
36.3012,0,23,113,115.317,78.5
36.3012,1,17,0,17.0,0.0
36.3012,2,8,-33,33.956,-76.37
36.3012,3,10,-12,15.62,-50.19
36.3012,4,14,-16,21.26,-48.81
36.3012,5,9,-19,21.024,-64.65
36.3012,6,15,-18,23.431,-50.19
36.3012,7,11,-16,19.416,-55.49
36.3012,8,6,-20,20.881,-73.3
36.3012,9,11,-16,19.416,-55.49
36.3012,10,16,-4,16.492,-14.04
36.3012,11,23,-26,34.713,-48.5
36.3012,12,5,-27,27.459,-79.51
36.3012,13,13,-9,15.811,-34.7
36.3012,14,16,-11,19.416,-34.51
36.3012,15,10,-9,13.454,-41.99
36.3012,16,15,-17,22.672,-48.58
36.3012,17,22,-14,26.077,-32.47
36.3012,18,12,-12,16.971,-45.0
36.3012,19,19,-12,22.472,-32.28
36.3012,20,9,-11,14.213,-50.71
36.3012,21,21,-12,24.187,-29.74
36.3012,22,7,-18,19.313,-68.75
36.3012,23,11,-8,13.601,-36.03
36.3012,24,13,-8,15.264,-31.61
36.3012,25,12,-13,17.692,-47.29
36.3012,26,17,-2,17.117,-6.71
36.3012,27,0,0,0.0,0.0
36.3012,28,0,0,0.0,0.0
36.3012,29,0,0,0.0,0.0
36.3012,30,0,0,0.0,0.0
36.3012,31,0,0,0.0,0.0
36.3012,32,0,0,0.0,0.0
36.3012,33,0,0,0.0,0.0
36.3012,34,0,0,0.0,0.0
36.3012,35,0,0,0.0,0.0
36.3012,36,0,0,0.0,0.0
36.3012,37,0,0,0.0,0.0
36.3012,38,3,-18,18.248,-80.54
36.3012,39,4,-19,19.416,-78.11
36.3012,40,4,-18,18.439,-77.47
36.3012,41,1,-18,18.028,-86.82
36.3012,42,4,-15,15.524,-75.07
36.3012,43,7,-18,19.313,-68.75
36.3012,44,5,-13,13.928,-68.96
36.3012,45,7,-16,17.464,-66.37
36.3012,46,11,-15,18.601,-53.75
36.3012,47,11,-17,20.248,-57.09
36.3012,48,9,-15,17.493,-59.04
36.3012,49,13,-21,24.698,-58.24
36.3012,50,19,-16,24.839,-40.1
36.3012,51,12,-14,18.439,-49.4
36.3012,52,9,-10,13.454,-48.01
36.3012,53,14,-15,20.518,-46.97
36.3012,54,12,-8,14.422,-33.69
36.3012,55,8,-24,25.298,-71.57
36.3012,56,8,-17,18.788,-64.8
36.3012,57,0,-20,20.0,-90.0
36.3012,58,7,-11,13.038,-57.53
36.3012,59,26,-27,37.483,-46.08
36.3012,60,7,-26,26.926,-74.93
36.3012,61,6,-27,27.659,-77.47
36.3012,62,19,-3,19.235,-8.97
36.3012,63,23,-9,24.698,-21.37
36.4355,0,23,113,115.317,78.5
36.4355,1,17,0,17.0,0.0
36.4355,2,32,18,36.715,29.36
36.4355,3,20,-9,21.932,-24.23
36.4355,4,21,16,26.401,37.3
36.4355,5,31,16,34.886,27.3
36.4355,6,29,24,37.643,39.61
36.4355,7,32,2,32.062,3.58
36.4355,8,19,5,19.647,14.74
36.4355,9,15,5,15.811,18.43
36.4355,10,18,2,18.111,6.34
36.4355,11,27,2,27.074,4.24
36.4355,12,24,3,24.187,7.13
36.4355,13,24,3,24.187,7.13
36.4355,14,17,4,17.464,13.24
36.4355,15,19,8,20.616,22.83
36.4355,16,22,1,22.023,2.6
36.4355,17,27,12,29.547,23.96
36.4355,18,23,15,27.459,33.11
36.4355,19,29,8,30.083,15.42
36.4355,20,20,11,22.825,28.81
36.4355,21,21,18,27.659,40.6
36.4355,22,21,14,25.239,33.69
36.4355,23,20,8,21.541,21.8
36.4355,24,22,17,27.803,37.69
36.4355,25,18,15,23.431,39.81
36.4355,26,18,12,21.633,33.69
36.4355,27,0,0,0.0,0.0
36.4355,28,0,0,0.0,0.0
36.4355,29,0,0,0.0,0.0
36.4355,30,0,0,0.0,0.0
36.4355,31,0,0,0.0,0.0
36.4355,32,0,0,0.0,0.0
36.4355,33,0,0,0.0,0.0
36.4355,34,0,0,0.0,0.0
36.4355,35,0,0,0.0,0.0
36.4355,36,0,0,0.0,0.0
36.4355,37,0,0,0.0,0.0
36.4355,38,14,10,17.205,35.54
36.4355,39,15,17,22.672,48.58
36.4355,40,14,10,17.205,35.54
36.4355,41,10,17,19.723,59.53
36.4355,42,22,17,27.803,37.69
36.4355,43,11,17,20.248,57.09
36.4355,44,18,23,29.206,51.95
36.4355,45,10,24,26.0,67.38
36.4355,46,12,22,25.06,61.39
36.4355,47,14,19,23.601,53.62
36.4355,48,14,24,27.785,59.74
36.4355,49,21,19,28.32,42.14
36.4355,50,19,23,29.833,50.44
36.4355,51,20,28,34.409,54.46
36.4355,52,13,16,20.616,50.91
36.4355,53,21,24,31.89,48.81
36.4355,54,19,22,29.069,49.18
36.4355,55,14,21,25.239,56.31
36.4355,56,12,18,21.633,56.31
36.4355,57,21,14,25.239,33.69
36.4355,58,28,18,33.287,32.74
36.4355,59,22,22,31.113,45.0
36.4355,60,22,26,34.059,49.76
36.4355,61,27,15,30.887,29.05
36.4355,62,12,35,37.0,71.08
36.4355,63,14,17,22.023,50.53
36.6324,0,23,113,115.317,78.5
36.6324,1,17,0,17.0,0.0
36.6324,2,-26,5,26.476,169.11
36.6324,3,-19,4,19.416,168.11
36.6324,4,-9,11,14.213,129.29
36.6324,5,-18,12,21.633,146.31
36.6324,6,-16,15,21.932,136.85
36.6324,7,-10,16,18.868,122.01
36.6324,8,-33,15,36.249,155.56
36.6324,9,-27,5,27.459,169.51
36.6324,10,-18,11,21.095,148.57
36.6324,11,-16,6,17.088,159.44
36.6324,12,-16,12,20.0,143.13
36.6324,13,-13,17,21.401,127.41
36.6324,14,-15,8,17.0,151.93
36.6324,15,-8,10,12.806,128.66
36.6324,16,-12,6,13.416,153.43
36.6324,17,-19,10,21.471,152.24
36.6324,18,-9,6,10.817,146.31
36.6324,19,-24,12,26.833,153.43
36.6324,20,-10,13,16.401,127.57
36.6324,21,-12,14,18.439,130.6
36.6324,22,-13,16,20.616,129.09
36.6324,23,-14,7,15.652,153.43
36.6324,24,-10,10,14.142,135.0
36.6324,25,-12,10,15.62,140.19
36.6324,26,-8,10,12.806,128.66
36.6324,27,0,0,0.0,0.0
36.6324,28,0,0,0.0,0.0
36.6324,29,0,0,0.0,0.0
36.6324,30,0,0,0.0,0.0
36.6324,31,0,0,0.0,0.0
36.6324,32,0,0,0.0,0.0
36.6324,33,0,0,0.0,0.0
36.6324,34,0,0,0.0,0.0
36.6324,35,0,0,0.0,0.0
36.6324,36,0,0,0.0,0.0
36.6324,37,0,0,0.0,0.0
36.6324,38,-19,-1,19.026,-176.99
36.6324,39,-20,-5,20.616,-165.96
36.6324,40,-18,-4,18.439,-167.47
36.6324,41,-17,-3,17.263,-169.99
36.6324,42,-18,-4,18.439,-167.47
36.6324,43,-17,-7,18.385,-157.62
36.6324,44,-20,-4,20.396,-168.69
36.6324,45,-16,-1,16.031,-176.42
36.6324,46,-23,-5,23.537,-167.74
36.6324,47,-21,-8,22.472,-159.15
36.6324,48,-24,-9,25.632,-159.44
36.6324,49,-21,-5,21.587,-166.61
36.6324,50,-18,1,18.028,176.82
36.6324,51,-20,0,20.0,180.0
36.6324,52,-20,-4,20.396,-168.69
36.6324,53,-21,-5,21.587,-166.61
36.6324,54,-18,-8,19.698,-156.04
36.6324,55,-22,-2,22.091,-174.81
36.6324,56,-27,1,27.019,177.88
36.6324,57,-24,-6,24.739,-165.96
36.6324,58,-17,-3,17.263,-169.99
36.6324,59,-24,8,25.298,161.57
36.6324,60,-14,-6,15.232,-156.8
36.6324,61,-18,5,18.682,164.48
36.6324,62,-6,-13,14.318,-114.78
36.6324,63,-15,16,21.932,133.15
36.7286,0,23,113,115.317,78.5
36.7286,1,17,0,17.0,0.0
36.7286,2,16,25,29.682,57.38
36.7286,3,14,12,18.439,40.6
36.7286,4,20,13,23.854,33.02
36.7286,5,13,1,13.038,4.4
36.7286,6,20,14,24.413,34.99
36.7286,7,25,16,29.682,32.62
36.7286,8,4,18,18.439,77.47
36.7286,9,2,21,21.095,84.56
36.7286,10,24,19,30.61,38.37
36.7286,11,19,23,29.833,50.44
36.7286,12,3,30,30.15,84.29
36.7286,13,20,46,50.16,66.5
36.7286,14,11,36,37.643,73.01
36.7286,15,3,13,13.342,77.01
36.7286,16,-9,16,18.358,119.36
36.7286,17,8,18,19.698,66.04
36.7286,18,16,27,31.385,59.35
36.7286,19,14,17,22.023,50.53
36.7286,20,6,8,10.0,53.13
36.7286,21,8,14,16.125,60.26
36.7286,22,1,14,14.036,85.91
36.7286,23,2,10,10.198,78.69
36.7286,24,-2,13,13.153,98.75
36.7286,25,0,15,15.0,90.0
36.7286,26,2,12,12.166,80.54
36.7286,27,0,0,0.0,0.0
36.7286,28,0,0,0.0,0.0
36.7286,29,0,0,0.0,0.0
36.7286,30,0,0,0.0,0.0
36.7286,31,0,0,0.0,0.0
36.7286,32,0,0,0.0,0.0
36.7286,33,0,0,0.0,0.0
36.7286,34,0,0,0.0,0.0
36.7286,35,0,0,0.0,0.0
36.7286,36,0,0,0.0,0.0
36.7286,37,0,0,0.0,0.0
36.7286,38,9,3,9.487,18.43
36.7286,39,16,7,17.464,23.63
36.7286,40,13,8,15.264,31.61
36.7286,41,14,8,16.125,29.74
36.7286,42,20,9,21.932,24.23
36.7286,43,4,8,8.944,63.43
36.7286,44,15,8,17.0,28.07
36.7286,45,16,17,23.345,46.74
36.7286,46,17,10,19.723,30.47
36.7286,47,19,12,22.472,32.28
36.7286,48,13,14,19.105,47.12
36.7286,49,11,7,13.038,32.47
36.7286,50,16,14,21.26,41.19
36.7286,51,18,22,28.425,50.71
36.7286,52,7,11,13.038,57.53
36.7286,53,16,14,21.26,41.19
36.7286,54,7,9,11.402,52.13
36.7286,55,12,16,20.0,53.13
36.7286,56,17,17,24.042,45.0
36.7286,57,13,15,19.849,49.09
36.7286,58,12,19,22.472,57.72
36.7286,59,9,16,18.358,60.64
36.7286,60,14,12,18.439,40.6
36.7286,61,4,17,17.464,76.76
36.7286,62,11,12,16.279,47.49
36.7286,63,14,14,19.799,45.0
37.0448,0,23,113,115.317,78.5
37.0448,1,17,0,17.0,0.0
37.0448,2,17,-9,19.235,-27.9
37.0448,3,17,-14,22.023,-39.47
37.0448,4,13,-9,15.811,-34.7
37.0448,5,16,-17,23.345,-46.74
37.0448,6,17,-13,21.401,-37.41
37.0448,7,11,3,11.402,15.26
37.0448,8,2,-16,16.125,-82.87
37.0448,9,9,-21,22.847,-66.8
37.0448,10,19,-20,27.586,-46.47
37.0448,11,27,-12,29.547,-23.96
37.0448,12,29,-18,34.132,-31.83
37.0448,13,7,-23,24.042,-73.07
37.0448,14,25,-13,28.178,-27.47
37.0448,15,13,-3,13.342,-12.99
37.0448,16,11,-33,34.785,-71.57
37.0448,17,1,-13,13.038,-85.6
37.0448,18,20,-16,25.612,-38.66
37.0448,19,8,-13,15.264,-58.39
37.0448,20,4,-21,21.378,-79.22
37.0448,21,7,-19,20.248,-69.78
37.0448,22,14,-14,19.799,-45.0
37.0448,23,19,-14,23.601,-36.38
37.0448,24,9,-19,21.024,-64.65
37.0448,25,20,-8,21.541,-21.8
37.0448,26,13,-12,17.692,-42.71
37.0448,27,0,0,0.0,0.0
37.0448,28,0,0,0.0,0.0
37.0448,29,0,0,0.0,0.0
37.0448,30,0,0,0.0,0.0
37.0448,31,0,0,0.0,0.0
37.0448,32,0,0,0.0,0.0
37.0448,33,0,0,0.0,0.0
37.0448,34,0,0,0.0,0.0
37.0448,35,0,0,0.0,0.0
37.0448,36,0,0,0.0,0.0
37.0448,37,0,0,0.0,0.0
37.0448,38,17,-5,17.72,-16.39
37.0448,39,14,-7,15.652,-26.57
37.0448,40,17,-2,17.117,-6.71
37.0448,41,13,0,13.0,0.0
37.0448,42,16,-3,16.279,-10.62
37.0448,43,8,0,8.0,0.0
37.0448,44,23,4,23.345,9.87
37.0448,45,23,-10,25.08,-23.5
37.0448,46,18,-4,18.439,-12.53
37.0448,47,14,1,14.036,4.09
37.0448,48,19,5,19.647,14.74
37.0448,49,17,-8,18.788,-25.2
37.0448,50,13,5,13.928,21.04
37.0448,51,15,-6,16.155,-21.8
37.0448,52,19,-8,20.616,-22.83
37.0448,53,14,-3,14.318,-12.09
37.0448,54,18,-3,18.248,-9.46
37.0448,55,9,-2,9.22,-12.53
37.0448,56,13,1,13.038,4.4
37.0448,57,11,-5,12.083,-24.44
37.0448,58,11,-11,15.556,-45.0
37.0448,59,13,-15,19.849,-49.09
37.0448,60,13,-5,13.928,-21.04
37.0448,61,17,2,17.117,6.71
37.0448,62,11,-12,16.279,-47.49
37.0448,63,18,-8,19.698,-23.96
37.2658,0,23,113,115.317,78.5
37.2658,1,17,0,17.0,0.0
37.2658,2,-16,-39,42.154,-112.31
37.2658,3,13,-24,27.295,-61.56
37.2658,4,12,-32,34.176,-69.44
37.2658,5,-12,-16,20.0,-126.87
37.2658,6,-12,-16,20.0,-126.87
37.2658,7,-19,-19,26.87,-135.0
37.2658,8,-2,-10,10.198,-101.31
37.2658,9,-9,-14,16.643,-122.74
37.2658,10,-9,-18,20.125,-116.57
37.2658,11,-5,-10,11.18,-116.57
37.2658,12,-11,-15,18.601,-126.25
37.2658,13,-22,-12,25.06,-151.39
37.2658,14,-18,-20,26.907,-131.99
37.2658,15,-11,-15,18.601,-126.25
37.2658,16,-12,-13,17.692,-132.71
37.2658,17,-17,-15,22.672,-138.58
37.2658,18,-10,-12,15.62,-129.81
37.2658,19,-15,-8,17.0,-151.93
37.2658,20,-8,-11,13.601,-126.03
37.2658,21,-17,-12,20.809,-144.78
37.2658,22,-22,-10,24.166,-155.56
37.2658,23,-12,-5,13.0,-157.38
37.2658,24,-17,-6,18.028,-160.56
37.2658,25,-19,-13,23.022,-145.62
37.2658,26,-8,-5,9.434,-147.99
37.2658,27,0,0,0.0,0.0
37.2658,28,0,0,0.0,0.0
37.2658,29,0,0,0.0,0.0
37.2658,30,0,0,0.0,0.0
37.2658,31,0,0,0.0,0.0
37.2658,32,0,0,0.0,0.0
37.2658,33,0,0,0.0,0.0
37.2658,34,0,0,0.0,0.0
37.2658,35,0,0,0.0,0.0
37.2658,36,0,0,0.0,0.0
37.2658,37,0,0,0.0,0.0
37.2658,38,16,-3,16.279,-10.62
37.2658,39,19,-4,19.416,-11.89
37.2658,40,15,-6,16.155,-21.8
37.2658,41,15,-3,15.297,-11.31
37.2658,42,12,-5,13.0,-22.62
37.2658,43,21,-7,22.136,-18.43
37.2658,44,15,-5,15.811,-18.43
37.2658,45,16,-9,18.358,-29.36
37.2658,46,16,-6,17.088,-20.56
37.2658,47,14,-13,19.105,-42.88
37.2658,48,14,-8,16.125,-29.74
37.2658,49,16,-12,20.0,-36.87
37.2658,50,12,-14,18.439,-49.4
37.2658,51,12,-20,23.324,-59.04
37.2658,52,13,-13,18.385,-45.0
37.2658,53,13,-15,19.849,-49.09
37.2658,54,16,-11,19.416,-34.51
37.2658,55,9,-13,15.811,-55.3
37.2658,56,10,-6,11.662,-30.96
37.2658,57,16,-13,20.616,-39.09
37.2658,58,2,-11,11.18,-79.7
37.2658,59,12,-27,29.547,-66.04
37.2658,60,-1,-10,10.05,-95.71
37.2658,61,-13,-22,25.554,-120.58
37.2658,62,-22,-16,27.203,-143.97
37.2658,63,-2,-37,37.054,-93.09
37.3347,0,23,113,115.317,78.5
37.3347,1,17,0,17.0,0.0
37.3347,2,-3,-23,23.195,-97.43
37.3347,3,0,-15,15.0,-90.0
37.3347,4,8,-17,18.788,-64.8
37.3347,5,12,-11,16.279,-42.51
37.3347,6,20,-15,25.0,-36.87
37.3347,7,12,-5,13.0,-22.62
37.3347,8,10,-7,12.207,-34.99
37.3347,9,19,-23,29.833,-50.44
37.3347,10,11,-24,26.401,-65.38
37.3347,11,9,-23,24.698,-68.63
37.3347,12,7,-14,15.652,-63.43
37.3347,13,10,-19,21.471,-62.24
37.3347,14,14,-26,29.53,-61.7
37.3347,15,-2,-15,15.133,-97.59
37.3347,16,8,-18,19.698,-66.04
37.3347,17,15,-11,18.601,-36.25
37.3347,18,8,-16,17.889,-63.43
37.3347,19,12,-20,23.324,-59.04
37.3347,20,7,-9,11.402,-52.13
37.3347,21,3,-12,12.369,-75.96
37.3347,22,13,-15,19.849,-49.09
37.3347,23,-2,-10,10.198,-101.31
37.3347,24,9,-15,17.493,-59.04
37.3347,25,13,-25,28.178,-62.53
37.3347,26,14,-10,17.205,-35.54
37.3347,27,0,0,0.0,0.0
37.3347,28,0,0,0.0,0.0
37.3347,29,0,0,0.0,0.0
37.3347,30,0,0,0.0,0.0
37.3347,31,0,0,0.0,0.0
37.3347,32,0,0,0.0,0.0
37.3347,33,0,0,0.0,0.0
37.3347,34,0,0,0.0,0.0
37.3347,35,0,0,0.0,0.0
37.3347,36,0,0,0.0,0.0
37.3347,37,0,0,0.0,0.0
37.3347,38,13,-13,18.385,-45.0
37.3347,39,9,-12,15.0,-53.13
37.3347,40,10,-11,14.866,-47.73
37.3347,41,19,-8,20.616,-22.83
37.3347,42,8,-10,12.806,-51.34
37.3347,43,14,-10,17.205,-35.54
37.3347,44,17,-10,19.723,-30.47
37.3347,45,16,-9,18.358,-29.36
37.3347,46,18,-4,18.439,-12.53
37.3347,47,20,-10,22.361,-26.57
37.3347,48,17,-13,21.401,-37.41
37.3347,49,18,-9,20.125,-26.57
37.3347,50,24,-11,26.401,-24.62
37.3347,51,13,-9,15.811,-34.7
37.3347,52,14,-11,17.804,-38.16
37.3347,53,10,-8,12.806,-38.66
37.3347,54,14,-12,18.439,-40.6
37.3347,55,16,-11,19.416,-34.51
37.3347,56,25,-3,25.179,-6.84
37.3347,57,20,-4,20.396,-11.31
37.3347,58,4,-1,4.123,-14.04
37.3347,59,3,-3,4.243,-45.0
37.3347,60,9,-7,11.402,-37.87
37.3347,61,8,-34,34.928,-76.76
37.3347,62,8,-8,11.314,-45.0
37.3347,63,9,-2,9.22,-12.53
37.5296,0,23,113,115.317,78.5
37.5296,1,17,0,17.0,0.0
37.5296,2,30,19,35.511,32.35
37.5296,3,22,11,24.597,26.57
37.5296,4,8,15,17.0,61.93
37.5296,5,19,-10,21.471,-27.76
37.5296,6,28,1,28.018,2.05
37.5296,7,36,8,36.878,12.53
37.5296,8,32,17,36.235,27.98
37.5296,9,11,11,15.556,45.0
37.5296,10,15,-6,16.155,-21.8
37.5296,11,23,0,23.0,0.0
37.5296,12,16,2,16.125,7.13
37.5296,13,21,10,23.259,25.46
37.5296,14,25,7,25.962,15.64
37.5296,15,7,4,8.062,29.74
37.5296,16,14,13,19.105,42.88
37.5296,17,25,8,26.249,17.74
37.5296,18,18,5,18.682,15.52
37.5296,19,15,4,15.524,14.93
37.5296,20,18,6,18.974,18.43
37.5296,21,14,7,15.652,26.57
37.5296,22,15,6,16.155,21.8
37.5296,23,11,7,13.038,32.47
37.5296,24,16,-2,16.125,-7.13
37.5296,25,10,8,12.806,38.66
37.5296,26,13,6,14.318,24.78
37.5296,27,0,0,0.0,0.0
37.5296,28,0,0,0.0,0.0
37.5296,29,0,0,0.0,0.0
37.5296,30,0,0,0.0,0.0
37.5296,31,0,0,0.0,0.0
37.5296,32,0,0,0.0,0.0
37.5296,33,0,0,0.0,0.0
37.5296,34,0,0,0.0,0.0
37.5296,35,0,0,0.0,0.0
37.5296,36,0,0,0.0,0.0
37.5296,37,0,0,0.0,0.0
37.5296,38,15,3,15.297,11.31
37.5296,39,17,3,17.263,10.01
37.5296,40,15,6,16.155,21.8
37.5296,41,15,5,15.811,18.43
37.5296,42,11,6,12.53,28.61
37.5296,43,14,7,15.652,26.57
37.5296,44,14,13,19.105,42.88
37.5296,45,18,5,18.682,15.52
37.5296,46,12,7,13.892,30.26
37.5296,47,15,6,16.155,21.8
37.5296,48,14,9,16.643,32.74
37.5296,49,12,3,12.369,14.04
37.5296,50,10,11,14.866,47.73
37.5296,51,20,8,21.541,21.8
37.5296,52,10,3,10.44,16.7
37.5296,53,11,-1,11.045,-5.19
37.5296,54,22,13,25.554,30.58
37.5296,55,20,3,20.224,8.53
37.5296,56,11,10,14.866,42.27
37.5296,57,8,-4,8.944,-26.57
37.5296,58,11,15,18.601,53.75
37.5296,59,22,16,27.203,36.03
37.5296,60,19,0,19.0,0.0
37.5296,61,9,18,20.125,63.43
37.5296,62,30,5,30.414,9.46
37.5296,63,26,1,26.019,2.2
37.6332,0,23,113,115.317,78.5
37.6332,1,17,0,17.0,0.0
37.6332,2,3,27,27.166,83.66
37.6332,3,8,18,19.698,66.04
37.6332,4,-5,-5,7.071,-135.0
37.6332,5,-8,19,20.616,112.83
37.6332,6,-9,-12,15.0,-126.87
37.6332,7,-28,6,28.636,167.91
37.6332,8,-6,15,16.155,111.8
37.6332,9,-16,2,16.125,172.87
37.6332,10,-16,3,16.279,169.38
37.6332,11,-13,7,14.765,151.7
37.6332,12,-16,2,16.125,172.87
37.6332,13,-18,10,20.591,150.95
37.6332,14,-13,4,13.601,162.9
37.6332,15,-13,7,14.765,151.7
37.6332,16,-22,-12,25.06,-151.39
37.6332,17,-24,3,24.187,172.87
37.6332,18,-19,-2,19.105,-173.99
37.6332,19,-18,5,18.682,164.48
37.6332,20,-18,-11,21.095,-148.57
37.6332,21,-18,-13,22.204,-144.16
37.6332,22,-16,-14,21.26,-138.81
37.6332,23,-7,-16,17.464,-113.63
37.6332,24,-5,-13,13.928,-111.04
37.6332,25,-7,-11,13.038,-122.47
37.6332,26,-6,-12,13.416,-116.57
37.6332,27,0,0,0.0,0.0
37.6332,28,0,0,0.0,0.0
37.6332,29,0,0,0.0,0.0
37.6332,30,0,0,0.0,0.0
37.6332,31,0,0,0.0,0.0
37.6332,32,0,0,0.0,0.0
37.6332,33,0,0,0.0,0.0
37.6332,34,0,0,0.0,0.0
37.6332,35,0,0,0.0,0.0
37.6332,36,0,0,0.0,0.0
37.6332,37,0,0,0.0,0.0
37.6332,38,12,-12,16.971,-45.0
37.6332,39,12,-12,16.971,-45.0
37.6332,40,18,-10,20.591,-29.05
37.6332,41,17,-3,17.263,-10.01
37.6332,42,21,-2,21.095,-5.44
37.6332,43,16,-1,16.031,-3.58
37.6332,44,18,0,18.0,0.0
37.6332,45,15,-3,15.297,-11.31
37.6332,46,19,5,19.647,14.74
37.6332,47,24,7,25.0,16.26
37.6332,48,17,5,17.72,16.39
37.6332,49,17,11,20.248,32.91
37.6332,50,10,5,11.18,26.57
37.6332,51,18,10,20.591,29.05
37.6332,52,8,12,14.422,56.31
37.6332,53,14,17,22.023,50.53
37.6332,54,7,17,18.385,67.62
37.6332,55,13,26,29.069,63.43
37.6332,56,13,1,13.038,4.4
37.6332,57,13,-2,13.153,-8.75
37.6332,58,3,20,20.224,81.47
37.6332,59,2,18,18.111,83.66
37.6332,60,3,35,35.128,85.1
37.6332,61,-1,20,20.025,92.86
37.6332,62,30,-11,31.953,-20.14
37.6332,63,10,20,22.361,63.43
37.7393,0,23,113,115.317,78.5
37.7393,1,17,0,17.0,0.0
37.7393,2,-27,-9,28.46,-161.57
37.7393,3,-25,1,25.02,177.71
37.7393,4,-14,2,14.142,171.87
37.7393,5,-12,-1,12.042,-175.24
37.7393,6,-10,-11,14.866,-132.27
37.7393,7,-16,1,16.031,176.42
37.7393,8,-16,17,23.345,133.26
37.7393,9,-22,0,22.0,180.0
37.7393,10,-16,13,20.616,140.91
37.7393,11,-22,-9,23.77,-157.75
37.7393,12,-8,-11,13.601,-126.03
37.7393,13,-9,7,11.402,142.13
37.7393,14,-12,2,12.166,170.54
37.7393,15,-11,5,12.083,155.56
37.7393,16,-13,-7,14.765,-151.7
37.7393,17,-14,3,14.318,167.91
37.7393,18,-19,1,19.026,176.99
37.7393,19,-5,0,5.0,180.0
37.7393,20,-23,-7,24.042,-163.07
37.7393,21,-18,-7,19.313,-158.75
37.7393,22,-25,-7,25.962,-164.36
37.7393,23,-19,-1,19.026,-176.99
37.7393,24,-18,-3,18.248,-170.54
37.7393,25,-12,-6,13.416,-153.43
37.7393,26,-4,0,4.0,180.0
37.7393,27,0,0,0.0,0.0
37.7393,28,0,0,0.0,0.0
37.7393,29,0,0,0.0,0.0
37.7393,30,0,0,0.0,0.0
37.7393,31,0,0,0.0,0.0
37.7393,32,0,0,0.0,0.0
37.7393,33,0,0,0.0,0.0
37.7393,34,0,0,0.0,0.0
37.7393,35,0,0,0.0,0.0
37.7393,36,0,0,0.0,0.0
37.7393,37,0,0,0.0,0.0
37.7393,38,-13,2,13.153,171.25
37.7393,39,-13,-2,13.153,-171.25
37.7393,40,-21,-2,21.095,-174.56
37.7393,41,-19,1,19.026,176.99
37.7393,42,-21,-6,21.84,-164.05
37.7393,43,-20,3,20.224,171.47
37.7393,44,-16,-7,17.464,-156.37
37.7393,45,-14,0,14.0,180.0
37.7393,46,-14,-4,14.56,-164.05
37.7393,47,-17,-8,18.788,-154.8
37.7393,48,-17,-6,18.028,-160.56
37.7393,49,-17,-7,18.385,-157.62
37.7393,50,-13,-10,16.401,-142.43
37.7393,51,-21,-12,24.187,-150.26
37.7393,52,-14,-10,17.205,-144.46
37.7393,53,-22,-3,22.204,-172.23
37.7393,54,-12,-5,13.0,-157.38
37.7393,55,-13,-7,14.765,-151.7
37.7393,56,-19,-8,20.616,-157.17
37.7393,57,-21,-8,22.472,-159.15
37.7393,58,-13,-10,16.401,-142.43
37.7393,59,-21,-3,21.213,-171.87
37.7393,60,-24,4,24.331,170.54
37.7393,61,-16,0,16.0,180.0
37.7393,62,-9,-7,11.402,-142.13
37.7393,63,-29,-13,31.78,-155.85
38.1488,0,23,113,115.317,78.5
38.1488,1,17,0,17.0,0.0
38.1488,2,4,0,4.0,0.0
38.1488,3,19,-4,19.416,-11.89
38.1488,4,14,-15,20.518,-46.97
38.1488,5,18,-8,19.698,-23.96
38.1488,6,12,-11,16.279,-42.51
38.1488,7,10,-1,10.05,-5.71
38.1488,8,11,-15,18.601,-53.75
38.1488,9,16,-10,18.868,-32.01
38.1488,10,7,-11,13.038,-57.53
38.1488,11,14,-6,15.232,-23.2
38.1488,12,15,-8,17.0,-28.07
38.1488,13,17,-8,18.788,-25.2
38.1488,14,17,-13,21.401,-37.41
38.1488,15,12,-6,13.416,-26.57
38.1488,16,20,-10,22.361,-26.57
38.1488,17,11,-10,14.866,-42.27
38.1488,18,17,-5,17.72,-16.39
38.1488,19,15,-6,16.155,-21.8
38.1488,20,15,-6,16.155,-21.8
38.1488,21,9,-3,9.487,-18.43
38.1488,22,17,-1,17.029,-3.37
38.1488,23,17,6,18.028,19.44
38.1488,24,12,-2,12.166,-9.46
38.1488,25,19,4,19.416,11.89
38.1488,26,16,0,16.0,0.0
38.1488,27,0,0,0.0,0.0
38.1488,28,0,0,0.0,0.0
38.1488,29,0,0,0.0,0.0
38.1488,30,0,0,0.0,0.0
38.1488,31,0,0,0.0,0.0
38.1488,32,0,0,0.0,0.0
38.1488,33,0,0,0.0,0.0
38.1488,34,0,0,0.0,0.0
38.1488,35,0,0,0.0,0.0
38.1488,36,0,0,0.0,0.0
38.1488,37,0,0,0.0,0.0
38.1488,38,12,-9,15.0,-36.87
38.1488,39,15,-12,19.209,-38.66
38.1488,40,13,-10,16.401,-37.57
38.1488,41,16,-5,16.763,-17.35
38.1488,42,16,-7,17.464,-23.63
38.1488,43,13,-2,13.153,-8.75
38.1488,44,14,-12,18.439,-40.6
38.1488,45,13,-10,16.401,-37.57
38.1488,46,9,-6,10.817,-33.69
38.1488,47,13,-3,13.342,-12.99
38.1488,48,14,-3,14.318,-12.09
38.1488,49,15,-5,15.811,-18.43
38.1488,50,21,-2,21.095,-5.44
38.1488,51,19,2,19.105,6.01
38.1488,52,15,-4,15.524,-14.93
38.1488,53,11,-4,11.705,-19.98
38.1488,54,9,-4,9.849,-23.96
38.1488,55,10,-4,10.77,-21.8
38.1488,56,12,-5,13.0,-22.62
38.1488,57,22,0,22.0,0.0
38.1488,58,12,-13,17.692,-47.29
38.1488,59,8,-16,17.889,-63.43
38.1488,60,30,1,30.017,1.91
38.1488,61,21,1,21.024,2.73
38.1488,62,-2,-17,17.117,-96.71
38.1488,63,4,-3,5.0,-36.87
38.3544,0,23,113,115.317,78.5
38.3544,1,17,0,17.0,0.0
38.3544,2,-21,14,25.239,146.31
38.3544,3,-20,6,20.881,163.3
38.3544,4,-22,6,22.804,164.74
38.3544,5,-14,13,19.105,137.12
38.3544,6,-12,7,13.892,149.74
38.3544,7,-16,-3,16.279,-169.38
38.3544,8,-21,12,24.187,150.26
38.3544,9,-9,17,19.235,117.9
38.3544,10,-14,15,20.518,133.03
38.3544,11,-10,15,18.028,123.69
38.3544,12,-10,9,13.454,138.01
38.3544,13,-16,13,20.616,140.91
38.3544,14,-11,14,17.804,128.16
38.3544,15,-7,16,17.464,113.63
38.3544,16,-14,11,17.804,141.84
38.3544,17,-8,8,11.314,135.0
38.3544,18,-15,15,21.213,135.0
38.3544,19,-8,16,17.889,116.57
38.3544,20,-7,15,16.553,115.02
38.3544,21,-10,15,18.028,123.69
38.3544,22,3,14,14.318,77.91
38.3544,23,-19,9,21.024,154.65
38.3544,24,-8,19,20.616,112.83
38.3544,25,-12,14,18.439,130.6
38.3544,26,-5,15,15.811,108.43
38.3544,27,0,0,0.0,0.0
38.3544,28,0,0,0.0,0.0
38.3544,29,0,0,0.0,0.0
38.3544,30,0,0,0.0,0.0
38.3544,31,0,0,0.0,0.0
38.3544,32,0,0,0.0,0.0
38.3544,33,0,0,0.0,0.0
38.3544,34,0,0,0.0,0.0
38.3544,35,0,0,0.0,0.0
38.3544,36,0,0,0.0,0.0
38.3544,37,0,0,0.0,0.0
38.3544,38,-14,-4,14.56,-164.05
38.3544,39,-13,-6,14.318,-155.22
38.3544,40,-20,-3,20.224,-171.47
38.3544,41,-12,-5,13.0,-157.38
38.3544,42,-12,-8,14.422,-146.31
38.3544,43,-17,-14,22.023,-140.53
38.3544,44,-16,-9,18.358,-150.64
38.3544,45,-13,-10,16.401,-142.43
38.3544,46,-17,-9,19.235,-152.1
38.3544,47,-16,-6,17.088,-159.44
38.3544,48,-15,-11,18.601,-143.75
38.3544,49,-19,-6,19.925,-162.47
38.3544,50,-13,-15,19.849,-130.91
38.3544,51,-16,-4,16.492,-165.96
38.3544,52,-18,-9,20.125,-153.43
38.3544,53,-19,-4,19.416,-168.11
38.3544,54,-19,4,19.416,168.11
38.3544,55,-16,0,16.0,180.0
38.3544,56,-26,-1,26.019,-177.8
38.3544,57,-26,0,26.0,180.0
38.3544,58,-27,-6,27.659,-167.47
38.3544,59,-7,9,11.402,127.87
38.3544,60,-14,9,16.643,147.26
38.3544,61,-39,-11,40.522,-164.25
38.3544,62,-14,-5,14.866,-160.35
38.3544,63,-22,-27,34.828,-129.17
38.4466,0,23,113,115.317,78.5
38.4466,1,17,0,17.0,0.0
38.4466,2,4,4,5.657,45.0
38.4466,3,6,7,9.22,49.4
38.4466,4,15,9,17.493,30.96
38.4466,5,11,8,13.601,36.03
38.4466,6,11,-2,11.18,-10.3
38.4466,7,13,13,18.385,45.0
38.4466,8,10,0,10.0,0.0
38.4466,9,5,6,7.81,50.19
38.4466,10,15,12,19.209,38.66
38.4466,11,10,0,10.0,0.0
38.4466,12,19,9,21.024,25.35
38.4466,13,6,7,9.22,49.4
38.4466,14,8,9,12.042,48.37
38.4466,15,16,1,16.031,3.58
38.4466,16,17,6,18.028,19.44
38.4466,17,16,6,17.088,20.56
38.4466,18,8,8,11.314,45.0
38.4466,19,11,8,13.601,36.03
38.4466,20,12,4,12.649,18.43
38.4466,21,5,6,7.81,50.19
38.4466,22,8,9,12.042,48.37
38.4466,23,11,10,14.866,42.27
38.4466,24,3,6,6.708,63.43
38.4466,25,15,7,16.553,25.02
38.4466,26,10,15,18.028,56.31
38.4466,27,0,0,0.0,0.0
38.4466,28,0,0,0.0,0.0
38.4466,29,0,0,0.0,0.0
38.4466,30,0,0,0.0,0.0
38.4466,31,0,0,0.0,0.0
38.4466,32,0,0,0.0,0.0
38.4466,33,0,0,0.0,0.0
38.4466,34,0,0,0.0,0.0
38.4466,35,0,0,0.0,0.0
38.4466,36,0,0,0.0,0.0
38.4466,37,0,0,0.0,0.0
38.4466,38,11,5,12.083,24.44
38.4466,39,9,7,11.402,37.87
38.4466,40,13,7,14.765,28.3
38.4466,41,12,8,14.422,33.69
38.4466,42,10,17,19.723,59.53
38.4466,43,8,8,11.314,45.0
38.4466,44,15,8,17.0,28.07
38.4466,45,9,6,10.817,33.69
38.4466,46,12,13,17.692,47.29
38.4466,47,13,12,17.692,42.71
38.4466,48,11,10,14.866,42.27
38.4466,49,9,11,14.213,50.71
38.4466,50,8,17,18.788,64.8
38.4466,51,5,17,17.72,73.61
38.4466,52,7,10,12.207,55.01
38.4466,53,13,16,20.616,50.91
38.4466,54,12,10,15.62,39.81
38.4466,55,11,18,21.095,58.57
38.4466,56,16,7,17.464,23.63
38.4466,57,14,14,19.799,45.0
38.4466,58,10,10,14.142,45.0
38.4466,59,18,7,19.313,21.25
38.4466,60,12,9,15.0,36.87
38.4466,61,4,4,5.657,45.0
38.4466,62,26,12,28.636,24.78
38.4466,63,22,8,23.409,19.98
38.5538,0,23,113,115.317,78.5
38.5538,1,17,0,17.0,0.0
38.5538,2,20,8,21.541,21.8
38.5538,3,23,31,38.601,53.43
38.5538,4,38,12,39.85,17.53
38.5538,5,19,8,20.616,22.83
38.5538,6,32,24,40.0,36.87
38.5538,7,25,3,25.179,6.84
38.5538,8,15,7,16.553,25.02
38.5538,9,18,20,26.907,48.01
38.5538,10,14,14,19.799,45.0
38.5538,11,12,15,19.209,51.34
38.5538,12,16,19,24.839,49.9
38.5538,13,6,25,25.71,76.5
38.5538,14,12,13,17.692,47.29
38.5538,15,10,17,19.723,59.53
38.5538,16,7,26,26.926,74.93
38.5538,17,17,20,26.249,49.64
38.5538,18,7,20,21.19,70.71
38.5538,19,6,17,18.028,70.56
38.5538,20,-2,22,22.091,95.19
38.5538,21,3,19,19.235,81.03
38.5538,22,0,23,23.0,90.0
38.5538,23,-10,15,18.028,123.69
38.5538,24,-2,12,12.166,99.46
38.5538,25,-11,24,26.401,114.62
38.5538,26,-8,16,17.889,116.57
38.5538,27,0,0,0.0,0.0
38.5538,28,0,0,0.0,0.0
38.5538,29,0,0,0.0,0.0
38.5538,30,0,0,0.0,0.0
38.5538,31,0,0,0.0,0.0
38.5538,32,0,0,0.0,0.0
38.5538,33,0,0,0.0,0.0
38.5538,34,0,0,0.0,0.0
38.5538,35,0,0,0.0,0.0
38.5538,36,0,0,0.0,0.0
38.5538,37,0,0,0.0,0.0
38.5538,38,-3,-17,17.263,-100.01
38.5538,39,-2,-18,18.111,-96.34
38.5538,40,-3,-19,19.235,-98.97
38.5538,41,5,-20,20.616,-75.96
38.5538,42,1,-16,16.031,-86.42
38.5538,43,7,-23,24.042,-73.07
38.5538,44,7,-14,15.652,-63.43
38.5538,45,8,-15,17.0,-61.93
38.5538,46,11,-15,18.601,-53.75
38.5538,47,15,-17,22.672,-48.58
38.5538,48,13,-17,21.401,-52.59
38.5538,49,16,-20,25.612,-51.34
38.5538,50,15,-18,23.431,-50.19
38.5538,51,18,-14,22.804,-37.87
38.5538,52,18,-13,22.204,-35.84
38.5538,53,16,-13,20.616,-39.09
38.5538,54,17,-11,20.248,-32.91
38.5538,55,20,-4,20.396,-11.31
38.5538,56,16,6,17.088,20.56
38.5538,57,20,-6,20.881,-16.7
38.5538,58,5,-3,5.831,-30.96
38.5538,59,22,0,22.0,0.0
38.5538,60,33,-15,36.249,-24.44
38.5538,61,30,-23,37.802,-37.48
38.5538,62,17,-7,18.385,-22.38
38.5538,63,15,-14,20.518,-43.03
38.6513,0,28,-64,69.857,-66.37
38.6513,1,1,0,1.0,0.0
38.6513,2,-15,18,23.431,129.81
38.6513,3,-14,18,22.804,127.87
38.6513,4,-14,18,22.804,127.87
38.6513,5,-14,18,22.804,127.87
38.6513,6,-13,18,22.204,125.84
38.6513,7,-12,18,21.633,123.69
38.6513,8,-11,18,21.095,121.43
38.6513,9,-10,17,19.723,120.47
38.6513,10,-10,18,20.591,119.05
38.6513,11,-9,19,21.024,115.35
38.6513,12,-9,18,20.125,116.57
38.6513,13,-8,18,19.698,113.96
38.6513,14,-8,18,19.698,113.96
38.6513,15,-8,18,19.698,113.96
38.6513,16,-8,18,19.698,113.96
38.6513,17,-9,18,20.125,116.57
38.6513,18,-9,18,20.125,116.57
38.6513,19,-9,17,19.235,117.9
38.6513,20,-9,16,18.358,119.36
38.6513,21,-9,15,17.493,120.96
38.6513,22,-9,14,16.643,122.74
38.6513,23,-10,14,17.205,125.54
38.6513,24,-10,14,17.205,125.54
38.6513,25,-11,12,16.279,132.51
38.6513,26,-11,11,15.556,135.0
38.6513,27,0,0,0.0,0.0
38.6513,28,0,0,0.0,0.0
38.6513,29,0,0,0.0,0.0
38.6513,30,0,0,0.0,0.0
38.6513,31,0,0,0.0,0.0
38.6513,32,0,0,0.0,0.0
38.6513,33,0,0,0.0,0.0
38.6513,34,0,0,0.0,0.0
38.6513,35,0,0,0.0,0.0
38.6513,36,0,0,0.0,0.0
38.6513,37,0,0,0.0,0.0
38.6513,38,-9,15,17.493,120.96
38.6513,39,-11,15,18.601,126.25
38.6513,40,-12,15,19.209,128.66
38.6513,41,-13,15,19.849,130.91
38.6513,42,-13,14,19.105,132.88
38.6513,43,-15,14,20.518,136.97
38.6513,44,-16,14,21.26,138.81
38.6513,45,-17,14,22.023,140.53
38.6513,46,-17,13,21.401,142.59
38.6513,47,-18,13,22.204,144.16
38.6513,48,-19,14,23.601,143.62
38.6513,49,-19,13,23.022,145.62
38.6513,50,-19,13,23.022,145.62
38.6513,51,-18,12,21.633,146.31
38.6513,52,-18,12,21.633,146.31
38.6513,53,-18,14,22.804,142.13
38.6513,54,-18,13,22.204,144.16
38.6513,55,-18,13,22.204,144.16
38.6513,56,-18,14,22.804,142.13
38.6513,57,-16,16,22.627,135.0
38.6513,58,-16,16,22.627,135.0
38.6513,59,-16,16,22.627,135.0
38.6513,60,-16,16,22.627,135.0
38.6513,61,-16,18,24.083,131.63
38.6513,62,-16,18,24.083,131.63
38.6513,63,-17,18,24.759,133.36
38.674,0,-105,112,153.522,133.15
38.674,1,9,0,9.0,0.0
38.674,2,-7,22,23.087,107.65
38.674,3,-7,22,23.087,107.65
38.674,4,-6,21,21.84,105.95
38.674,5,-6,21,21.84,105.95
38.674,6,-5,20,20.616,104.04
38.674,7,-4,20,20.396,101.31
38.674,8,-3,20,20.224,98.53
38.674,9,-3,20,20.224,98.53
38.674,10,-2,20,20.1,95.71
38.674,11,-2,19,19.105,96.01
38.674,12,-1,19,19.026,93.01
38.674,13,-1,19,19.026,93.01
38.674,14,-1,19,19.026,93.01
38.674,15,-1,20,20.025,92.86
38.674,16,-1,19,19.026,93.01
38.674,17,-1,19,19.026,93.01
38.674,18,-2,19,19.105,96.01
38.674,19,-3,19,19.235,98.97
38.674,20,-3,18,18.248,99.46
38.674,21,-3,18,18.248,99.46
38.674,22,-4,16,16.492,104.04
38.674,23,-4,16,16.492,104.04
38.674,24,-5,16,16.763,107.35
38.674,25,-6,15,16.155,111.8
38.674,26,-7,14,15.652,116.57
38.674,27,0,0,0.0,0.0
38.674,28,0,0,0.0,0.0
38.674,29,0,0,0.0,0.0
38.674,30,0,0,0.0,0.0
38.674,31,0,0,0.0,0.0
38.674,32,0,0,0.0,0.0
38.674,33,0,0,0.0,0.0
38.674,34,0,0,0.0,0.0
38.674,35,0,0,0.0,0.0
38.674,36,0,0,0.0,0.0
38.674,37,0,0,0.0,0.0
38.674,38,-1,17,17.029,93.37
38.674,39,-3,18,18.248,99.46
38.674,40,-4,18,18.439,102.53
38.674,41,-5,18,18.682,105.52
38.674,42,-6,18,18.974,108.43
38.674,43,-7,19,20.248,110.22
38.674,44,-8,19,20.616,112.83
38.674,45,-9,19,21.024,115.35
38.674,46,-10,19,21.471,117.76
38.674,47,-10,19,21.471,117.76
38.674,48,-11,19,21.954,120.07
38.674,49,-11,19,21.954,120.07
38.674,50,-11,19,21.954,120.07
38.674,51,-11,19,21.954,120.07
38.674,52,-11,19,21.954,120.07
38.674,53,-11,19,21.954,120.07
38.674,54,-11,19,21.954,120.07
38.674,55,-10,19,21.471,117.76
38.674,56,-10,19,21.471,117.76
38.674,57,-9,20,21.932,114.23
38.674,58,-9,21,22.847,113.2
38.674,59,-8,21,22.472,110.85
38.674,60,-8,22,23.409,109.98
38.674,61,-7,22,23.087,107.65
38.674,62,-7,22,23.087,107.65
38.674,63,-7,23,24.042,106.93
38.7699,0,23,113,115.317,78.5
38.7699,1,17,0,17.0,0.0
38.7699,2,-9,11,14.213,129.29
38.7699,3,-15,19,24.207,128.29
38.7699,4,-12,22,25.06,118.61
38.7699,5,-1,21,21.024,92.73
38.7699,6,-3,17,17.263,100.01
38.7699,7,-1,7,7.071,98.13
38.7699,8,1,16,16.031,86.42
38.7699,9,-4,15,15.524,104.93
38.7699,10,-8,13,15.264,121.61
38.7699,11,-6,19,19.925,107.53
38.7699,12,-7,16,17.464,113.63
38.7699,13,7,11,13.038,57.53
38.7699,14,-6,8,10.0,126.87
38.7699,15,-5,14,14.866,109.65
38.7699,16,-5,18,18.682,105.52
38.7699,17,-2,20,20.1,95.71
38.7699,18,-3,18,18.248,99.46
38.7699,19,-7,15,16.553,115.02
38.7699,20,-4,16,16.492,104.04
38.7699,21,-11,9,14.213,140.71
38.7699,22,-10,7,12.207,145.01
38.7699,23,-2,6,6.325,108.43
38.7699,24,-9,4,9.849,156.04
38.7699,25,-9,20,21.932,114.23
38.7699,26,-12,15,19.209,128.66
38.7699,27,0,0,0.0,0.0
38.7699,28,0,0,0.0,0.0
38.7699,29,0,0,0.0,0.0
38.7699,30,0,0,0.0,0.0
38.7699,31,0,0,0.0,0.0
38.7699,32,0,0,0.0,0.0
38.7699,33,0,0,0.0,0.0
38.7699,34,0,0,0.0,0.0
38.7699,35,0,0,0.0,0.0
38.7699,36,0,0,0.0,0.0
38.7699,37,0,0,0.0,0.0
38.7699,38,2,13,13.153,81.25
38.7699,39,-3,14,14.318,102.09
38.7699,40,0,17,17.0,90.0
38.7699,41,0,10,10.0,90.0
38.7699,42,0,17,17.0,90.0
38.7699,43,-5,14,14.866,109.65
38.7699,44,-1,16,16.031,93.58
38.7699,45,-1,18,18.028,93.18
38.7699,46,-2,20,20.1,95.71
38.7699,47,-2,15,15.133,97.59
38.7699,48,-6,22,22.804,105.26
38.7699,49,-3,17,17.263,100.01
38.7699,50,-5,13,13.928,111.04
38.7699,51,-1,19,19.026,93.01
38.7699,52,-3,15,15.297,101.31
38.7699,53,-3,17,17.263,100.01
38.7699,54,1,12,12.042,85.24
38.7699,55,5,20,20.616,75.96
38.7699,56,-2,20,20.1,95.71
38.7699,57,-5,8,9.434,122.01
38.7699,58,-14,4,14.56,164.05
38.7699,59,-1,24,24.021,92.39
38.7699,60,8,15,17.0,61.93
38.7699,61,-2,38,38.053,93.01
38.7699,62,-2,5,5.385,111.8
38.7699,63,0,28,28.0,90.0
38.794,0,28,-64,69.857,-66.37
38.794,1,1,0,1.0,0.0
38.794,2,-16,19,24.839,130.1
38.794,3,-16,19,24.839,130.1
38.794,4,-15,19,24.207,128.29
38.794,5,-14,19,23.601,126.38
38.794,6,-14,19,23.601,126.38
38.794,7,-12,19,22.472,122.28
38.794,8,-12,18,21.633,123.69
38.794,9,-11,18,21.095,121.43
38.794,10,-10,18,20.591,119.05
38.794,11,-10,19,21.471,117.76
38.794,12,-9,19,21.024,115.35
38.794,13,-9,19,21.024,115.35
38.794,14,-9,20,21.932,114.23
38.794,15,-9,19,21.024,115.35
38.794,16,-9,20,21.932,114.23
38.794,17,-9,19,21.024,115.35
38.794,18,-10,20,22.361,116.57
38.794,19,-10,18,20.591,119.05
38.794,20,-10,17,19.723,120.47
38.794,21,-10,17,19.723,120.47
38.794,22,-10,15,18.028,123.69
38.794,23,-11,14,17.804,128.16
38.794,24,-11,14,17.804,128.16
38.794,25,-11,13,17.029,130.24
38.794,26,-13,12,17.692,137.29
38.794,27,0,0,0.0,0.0
38.794,28,0,0,0.0,0.0
38.794,29,0,0,0.0,0.0
38.794,30,0,0,0.0,0.0
38.794,31,0,0,0.0,0.0
38.794,32,0,0,0.0,0.0
38.794,33,0,0,0.0,0.0
38.794,34,0,0,0.0,0.0
38.794,35,0,0,0.0,0.0
38.794,36,0,0,0.0,0.0
38.794,37,0,0,0.0,0.0
38.794,38,-10,14,17.205,125.54
38.794,39,-11,14,17.804,128.16
38.794,40,-12,14,18.439,130.6
38.794,41,-13,14,19.105,132.88
38.794,42,-14,13,19.105,137.12
38.794,43,-15,13,19.849,139.09
38.794,44,-16,13,20.616,140.91
38.794,45,-17,13,21.401,142.59
38.794,46,-17,13,21.401,142.59
38.794,47,-18,13,22.204,144.16
38.794,48,-19,13,23.022,145.62
38.794,49,-19,13,23.022,145.62
38.794,50,-19,13,23.022,145.62
38.794,51,-18,12,21.633,146.31
38.794,52,-19,12,22.472,147.72
38.794,53,-18,13,22.204,144.16
38.794,54,-18,13,22.204,144.16
38.794,55,-18,13,22.204,144.16
38.794,56,-18,14,22.804,142.13
38.794,57,-17,15,22.672,138.58
38.794,58,-17,15,22.672,138.58
38.794,59,-16,16,22.627,135.0
38.794,60,-17,16,23.345,136.74
38.794,61,-17,18,24.759,133.36
38.794,62,-16,19,24.839,130.1
38.794,63,-17,19,25.495,131.82
38.8415,0,94,-32,99.298,-18.8
38.8415,1,5,0,5.0,0.0
38.8415,2,-16,-17,23.345,-133.26
38.8415,3,-15,-16,21.932,-133.15
38.8415,4,-15,-17,22.672,-131.42
38.8415,5,-16,-15,21.932,-136.85
38.8415,6,-15,-15,21.213,-135.0
38.8415,7,-16,-13,20.616,-140.91
38.8415,8,-16,-13,20.616,-140.91
38.8415,9,-15,-12,19.209,-141.34
38.8415,10,-16,-12,20.0,-143.13
38.8415,11,-16,-12,20.0,-143.13
38.8415,12,-17,-11,20.248,-147.09
38.8415,13,-17,-11,20.248,-147.09
38.8415,14,-17,-10,19.723,-149.53
38.8415,15,-17,-11,20.248,-147.09
38.8415,16,-17,-11,20.248,-147.09
38.8415,17,-17,-11,20.248,-147.09
38.8415,18,-16,-11,19.416,-145.49
38.8415,19,-16,-11,19.416,-145.49
38.8415,20,-15,-11,18.601,-143.75
38.8415,21,-15,-11,18.601,-143.75
38.8415,22,-14,-11,17.804,-141.84
38.8415,23,-13,-12,17.692,-137.29
38.8415,24,-12,-12,16.971,-135.0
38.8415,25,-11,-12,16.279,-132.51
38.8415,26,-10,-13,16.401,-127.57
38.8415,27,0,0,0.0,0.0
38.8415,28,0,0,0.0,0.0
38.8415,29,0,0,0.0,0.0
38.8415,30,0,0,0.0,0.0
38.8415,31,0,0,0.0,0.0
38.8415,32,0,0,0.0,0.0
38.8415,33,0,0,0.0,0.0
38.8415,34,0,0,0.0,0.0
38.8415,35,0,0,0.0,0.0
38.8415,36,0,0,0.0,0.0
38.8415,37,0,0,0.0,0.0
38.8415,38,-12,-11,16.279,-137.49
38.8415,39,-11,-12,16.279,-132.51
38.8415,40,-12,-13,17.692,-132.71
38.8415,41,-11,-14,17.804,-128.16
38.8415,42,-11,-15,18.601,-126.25
38.8415,43,-11,-16,19.416,-124.51
38.8415,44,-11,-17,20.248,-122.91
38.8415,45,-10,-17,19.723,-120.47
38.8415,46,-10,-18,20.591,-119.05
38.8415,47,-10,-19,21.471,-117.76
38.8415,48,-9,-19,21.024,-115.35
38.8415,49,-9,-19,21.024,-115.35
38.8415,50,-9,-19,21.024,-115.35
38.8415,51,-9,-18,20.125,-116.57
38.8415,52,-9,-18,20.125,-116.57
38.8415,53,-9,-19,21.024,-115.35
38.8415,54,-10,-18,20.591,-119.05
38.8415,55,-10,-19,21.471,-117.76
38.8415,56,-12,-18,21.633,-123.69
38.8415,57,-13,-18,22.204,-125.84
38.8415,58,-13,-17,21.401,-127.41
38.8415,59,-14,-17,22.023,-129.47
38.8415,60,-14,-18,22.804,-127.87
38.8415,61,-14,-18,22.804,-127.87
38.8415,62,-14,-18,22.804,-127.87
38.8415,63,-15,-18,23.431,-129.81
38.8629,0,28,-64,69.857,-66.37
38.8629,1,1,0,1.0,0.0
38.8629,2,8,21,22.472,69.15
38.8629,3,7,22,23.087,72.35
38.8629,4,7,20,21.19,70.71
38.8629,5,8,20,21.541,68.2
38.8629,6,8,20,21.541,68.2
38.8629,7,8,18,19.698,66.04
38.8629,8,9,18,20.125,63.43
38.8629,9,8,17,18.788,64.8
38.8629,10,9,16,18.358,60.64
38.8629,11,10,17,19.723,59.53
38.8629,12,10,16,18.868,57.99
38.8629,13,11,16,19.416,55.49
38.8629,14,11,17,20.248,57.09
38.8629,15,10,15,18.028,56.31
38.8629,16,11,17,20.248,57.09
38.8629,17,10,16,18.868,57.99
38.8629,18,9,17,19.235,62.1
38.8629,19,9,16,18.358,60.64
38.8629,20,8,15,17.0,61.93
38.8629,21,8,15,17.0,61.93
38.8629,22,6,15,16.155,68.2
38.8629,23,6,15,16.155,68.2
38.8629,24,5,15,15.811,71.57
38.8629,25,4,15,15.524,75.07
38.8629,26,3,15,15.297,78.69
38.8629,27,0,0,0.0,0.0
38.8629,28,0,0,0.0,0.0
38.8629,29,0,0,0.0,0.0
38.8629,30,0,0,0.0,0.0
38.8629,31,0,0,0.0,0.0
38.8629,32,0,0,0.0,0.0
38.8629,33,0,0,0.0,0.0
38.8629,34,0,0,0.0,0.0
38.8629,35,0,0,0.0,0.0
38.8629,36,0,0,0.0,0.0
38.8629,37,0,0,0.0,0.0
38.8629,38,8,15,17.0,61.93
38.8629,39,8,16,17.889,63.43
38.8629,40,6,17,18.028,70.56
38.8629,41,7,18,19.313,68.75
38.8629,42,5,18,18.682,74.48
38.8629,43,5,20,20.616,75.96
38.8629,44,4,20,20.396,78.69
38.8629,45,4,21,21.378,79.22
38.8629,46,3,21,21.213,81.87
38.8629,47,2,21,21.095,84.56
38.8629,48,2,22,22.091,84.81
38.8629,49,2,22,22.091,84.81
38.8629,50,3,22,22.204,82.23
38.8629,51,1,22,22.023,87.4
38.8629,52,1,21,21.024,87.27
38.8629,53,2,22,22.091,84.81
38.8629,54,2,21,21.095,84.56
38.8629,55,2,20,20.1,84.29
38.8629,56,3,22,22.204,82.23
38.8629,57,5,22,22.561,77.2
38.8629,58,5,22,22.561,77.2
38.8629,59,5,21,21.587,76.61
38.8629,60,4,22,22.361,79.7
38.8629,61,7,23,24.042,73.07
38.8629,62,8,23,24.352,70.82
38.8629,63,7,23,24.042,73.07
38.969,0,23,113,115.317,78.5
38.969,1,17,0,17.0,0.0
38.969,2,-31,-14,34.015,-155.7
38.969,3,-3,-26,26.173,-96.58
38.969,4,3,-16,16.279,-79.38
38.969,5,-14,-24,27.785,-120.26
38.969,6,-9,-26,27.514,-109.09
38.969,7,-3,-22,22.204,-97.77
38.969,8,2,-20,20.1,-84.29
38.969,9,-7,-20,21.19,-109.29
38.969,10,-2,-21,21.095,-95.44
38.969,11,5,-21,21.587,-76.61
38.969,12,10,-18,20.591,-60.95
38.969,13,2,-31,31.064,-86.31
38.969,14,-6,-22,22.804,-105.26
38.969,15,-2,-18,18.111,-96.34
38.969,16,3,-16,16.279,-79.38
38.969,17,8,-19,20.616,-67.17
38.969,18,12,-24,26.833,-63.43
38.969,19,11,-25,27.313,-66.25
38.969,20,10,-24,26.0,-67.38
38.969,21,14,-29,32.202,-64.23
38.969,22,0,-14,14.0,-90.0
38.969,23,21,-10,23.259,-25.46
38.969,24,20,-9,21.932,-24.23
38.969,25,19,-14,23.601,-36.38
38.969,26,18,-9,20.125,-26.57
38.969,27,0,0,0.0,0.0
38.969,28,0,0,0.0,0.0
38.969,29,0,0,0.0,0.0
38.969,30,0,0,0.0,0.0
38.969,31,0,0,0.0,0.0
38.969,32,0,0,0.0,0.0
38.969,33,0,0,0.0,0.0
38.969,34,0,0,0.0,0.0
38.969,35,0,0,0.0,0.0
38.969,36,0,0,0.0,0.0
38.969,37,0,0,0.0,0.0
38.969,38,-17,-7,18.385,-157.62
38.969,39,-14,-10,17.205,-144.46
38.969,40,-12,-9,15.0,-143.13
38.969,41,-15,-13,19.849,-139.09
38.969,42,-14,-13,19.105,-137.12
38.969,43,-18,-11,21.095,-148.57
38.969,44,-11,-9,14.213,-140.71
38.969,45,-11,-15,18.601,-126.25
38.969,46,-12,-12,16.971,-135.0
38.969,47,-16,-22,27.203,-126.03
38.969,48,-8,-15,17.0,-118.07
38.969,49,-11,-24,26.401,-114.62
38.969,50,-8,-16,17.889,-116.57
38.969,51,-11,-14,17.804,-128.16
38.969,52,-7,-12,13.892,-120.26
38.969,53,-17,-14,22.023,-140.53
38.969,54,6,-19,19.925,-72.47
38.969,55,-6,-4,7.211,-146.31
38.969,56,-5,-26,26.476,-100.89
38.969,57,-5,-30,30.414,-99.46
38.969,58,-29,-18,34.132,-148.17
38.969,59,6,-21,21.84,-74.05
38.969,60,15,-7,16.553,-25.02
38.969,61,8,-28,29.12,-74.05
38.969,62,-26,-16,30.529,-148.39
38.969,63,-20,-12,23.324,-149.04
39.3857,0,92,-63,111.503,-34.4
39.3857,1,21,0,21.0,0.0
39.3857,2,37,-7,37.656,-10.71
39.3857,3,3,-18,18.248,-80.54
39.3857,4,7,2,7.28,15.95
39.3857,5,8,-22,23.409,-70.02
39.3857,6,6,-7,9.22,-49.4
39.3857,7,10,-13,16.401,-52.43
39.3857,8,8,-20,21.541,-68.2
39.3857,9,14,-16,21.26,-48.81
39.3857,10,12,-14,18.439,-49.4
39.3857,11,8,-13,15.264,-58.39
39.3857,12,8,-14,16.125,-60.26
39.3857,13,11,-18,21.095,-58.57
39.3857,14,13,-13,18.385,-45.0
39.3857,15,7,-18,19.313,-68.75
39.3857,16,9,-15,17.493,-59.04
39.3857,17,17,-7,18.385,-22.38
39.3857,18,9,-11,14.213,-50.71
39.3857,19,14,-13,19.105,-42.88
39.3857,20,15,-18,23.431,-50.19
39.3857,21,7,-13,14.765,-61.7
39.3857,22,10,-15,18.028,-56.31
39.3857,23,7,-14,15.652,-63.43
39.3857,24,13,-13,18.385,-45.0
39.3857,25,17,-12,20.809,-35.22
39.3857,26,13,-8,15.264,-31.61
39.3857,27,0,0,0.0,0.0
39.3857,28,0,0,0.0,0.0
39.3857,29,0,0,0.0,0.0
39.3857,30,0,0,0.0,0.0
39.3857,31,0,0,0.0,0.0
39.3857,32,0,0,0.0,0.0
39.3857,33,0,0,0.0,0.0
39.3857,34,0,0,0.0,0.0
39.3857,35,0,0,0.0,0.0
39.3857,36,0,0,0.0,0.0
39.3857,37,0,0,0.0,0.0
39.3857,38,9,-14,16.643,-57.26
39.3857,39,9,-10,13.454,-48.01
39.3857,40,16,-17,23.345,-46.74
39.3857,41,15,-13,19.849,-40.91
39.3857,42,13,-13,18.385,-45.0
39.3857,43,18,-11,21.095,-31.43
39.3857,44,12,-5,13.0,-22.62
39.3857,45,20,-12,23.324,-30.96
39.3857,46,15,-6,16.155,-21.8
39.3857,47,12,-14,18.439,-49.4
39.3857,48,15,-14,20.518,-43.03
39.3857,49,15,-17,22.672,-48.58
39.3857,50,20,-9,21.932,-24.23
39.3857,51,17,-5,17.72,-16.39
39.3857,52,20,-14,24.413,-34.99
39.3857,53,13,-11,17.029,-40.24
39.3857,54,18,-7,19.313,-21.25
39.3857,55,22,-14,26.077,-32.47
39.3857,56,22,-6,22.804,-15.26
39.3857,57,14,-9,16.643,-32.74
39.3857,58,15,-15,21.213,-45.0
39.3857,59,25,-6,25.71,-13.5
39.3857,60,12,-4,12.649,-18.43
39.3857,61,15,-8,17.0,-28.07
39.3857,62,7,-16,17.464,-66.37
39.3857,63,14,-18,22.804,-52.13
39.4063,0,23,113,115.317,78.5
39.4063,1,17,0,17.0,0.0
39.4063,2,30,3,30.15,5.71
39.4063,3,11,-5,12.083,-24.44
39.4063,4,11,-10,14.866,-42.27
39.4063,5,22,10,24.166,24.44
39.4063,6,4,-3,5.0,-36.87
39.4063,7,7,-5,8.602,-35.54
39.4063,8,12,-11,16.279,-42.51
39.4063,9,13,-5,13.928,-21.04
39.4063,10,11,-5,12.083,-24.44
39.4063,11,13,-14,19.105,-47.12
39.4063,12,13,-15,19.849,-49.09
39.4063,13,15,-16,21.932,-46.85
39.4063,14,6,-12,13.416,-63.43
39.4063,15,16,-8,17.889,-26.57
39.4063,16,13,-18,22.204,-54.16
39.4063,17,8,-11,13.601,-53.97
39.4063,18,13,-9,15.811,-34.7
39.4063,19,16,-13,20.616,-39.09
39.4063,20,10,-14,17.205,-54.46
39.4063,21,10,-15,18.028,-56.31
39.4063,22,11,-13,17.029,-49.76
39.4063,23,8,-9,12.042,-48.37
39.4063,24,3,-11,11.402,-74.74
39.4063,25,11,-7,13.038,-32.47
39.4063,26,14,-12,18.439,-40.6
39.4063,27,0,0,0.0,0.0
39.4063,28,0,0,0.0,0.0
39.4063,29,0,0,0.0,0.0
39.4063,30,0,0,0.0,0.0
39.4063,31,0,0,0.0,0.0
39.4063,32,0,0,0.0,0.0
39.4063,33,0,0,0.0,0.0
39.4063,34,0,0,0.0,0.0
39.4063,35,0,0,0.0,0.0
39.4063,36,0,0,0.0,0.0
39.4063,37,0,0,0.0,0.0
39.4063,38,11,11,15.556,45.0
39.4063,39,14,11,17.804,38.16
39.4063,40,13,8,15.264,31.61
39.4063,41,9,10,13.454,48.01
39.4063,42,13,12,17.692,42.71
39.4063,43,13,11,17.029,40.24
39.4063,44,14,12,18.439,40.6
39.4063,45,8,12,14.422,56.31
39.4063,46,11,14,17.804,51.84
39.4063,47,17,12,20.809,35.22
39.4063,48,10,9,13.454,41.99
39.4063,49,13,9,15.811,34.7
39.4063,50,14,10,17.205,35.54
39.4063,51,10,3,10.44,16.7
39.4063,52,9,11,14.213,50.71
39.4063,53,17,7,18.385,22.38
39.4063,54,20,10,22.361,26.57
39.4063,55,13,15,19.849,49.09
39.4063,56,16,3,16.279,10.62
39.4063,57,28,1,28.018,2.05
39.4063,58,14,10,17.205,35.54
39.4063,59,16,-2,16.125,-7.13
39.4063,60,8,0,8.0,0.0
39.4063,61,17,6,18.028,19.44
39.4063,62,11,-3,11.402,-15.26
39.4063,63,22,-2,22.091,-5.19
39.4444,0,92,-63,111.503,-34.4
39.4444,1,21,0,21.0,0.0
39.4444,2,-18,-31,35.847,-120.14
39.4444,3,4,-10,10.77,-68.2
39.4444,4,12,-11,16.279,-42.51
39.4444,5,13,-22,25.554,-59.42
39.4444,6,9,-38,39.051,-76.68
39.4444,7,6,-27,27.659,-77.47
39.4444,8,1,-26,26.019,-87.8
39.4444,9,1,-19,19.026,-86.99
39.4444,10,17,-4,17.464,-13.24
39.4444,11,15,-14,20.518,-43.03
39.4444,12,17,-15,22.672,-41.42
39.4444,13,20,-6,20.881,-16.7
39.4444,14,12,-15,19.209,-51.34
39.4444,15,23,-8,24.352,-19.18
39.4444,16,14,-10,17.205,-35.54
39.4444,17,13,-15,19.849,-49.09
39.4444,18,15,1,15.033,3.81
39.4444,19,20,2,20.1,5.71
39.4444,20,14,-5,14.866,-19.65
39.4444,21,24,8,25.298,18.43
39.4444,22,11,6,12.53,28.61
39.4444,23,13,6,14.318,24.78
39.4444,24,10,5,11.18,26.57
39.4444,25,19,6,19.925,17.53
39.4444,26,15,12,19.209,38.66
39.4444,27,0,0,0.0,0.0
39.4444,28,0,0,0.0,0.0
39.4444,29,0,0,0.0,0.0
39.4444,30,0,0,0.0,0.0
39.4444,31,0,0,0.0,0.0
39.4444,32,0,0,0.0,0.0
39.4444,33,0,0,0.0,0.0
39.4444,34,0,0,0.0,0.0
39.4444,35,0,0,0.0,0.0
39.4444,36,0,0,0.0,0.0
39.4444,37,0,0,0.0,0.0
39.4444,38,-20,14,24.413,145.01
39.4444,39,-16,7,17.464,156.37
39.4444,40,-21,9,22.847,156.8
39.4444,41,-16,3,16.279,169.38
39.4444,42,-23,-1,23.022,-177.51
39.4444,43,-11,9,14.213,140.71
39.4444,44,-18,2,18.111,173.66
39.4444,45,-18,0,18.0,180.0
39.4444,46,-21,-7,22.136,-161.57
39.4444,47,-1,-17,17.029,-93.37
39.4444,48,-24,-10,26.0,-157.38
39.4444,49,-17,-15,22.672,-138.58
39.4444,50,-25,-6,25.71,-166.5
39.4444,51,-11,-19,21.954,-120.07
39.4444,52,-18,-16,24.083,-138.37
39.4444,53,-12,-15,19.209,-128.66
39.4444,54,-14,-11,17.804,-141.84
39.4444,55,-21,-21,29.698,-135.0
39.4444,56,-18,-21,27.659,-130.6
39.4444,57,-1,-22,22.023,-92.6
39.4444,58,-11,-36,37.643,-106.99
39.4444,59,-20,-31,36.892,-122.83
39.4444,60,-21,-31,37.443,-124.11
39.4444,61,-9,-3,9.487,-161.57
39.4444,62,8,-22,23.409,-70.02
39.4444,63,-10,-37,38.328,-105.12
39.6792,0,23,113,115.317,78.5
39.6792,1,17,0,17.0,0.0
39.6792,2,15,-6,16.155,-21.8
39.6792,3,13,-7,14.765,-28.3
39.6792,4,24,-6,24.739,-14.04
39.6792,5,22,-3,22.204,-7.77
39.6792,6,18,-7,19.313,-21.25
39.6792,7,13,-14,19.105,-47.12
39.6792,8,20,-21,29.0,-46.4
39.6792,9,8,-14,16.125,-60.26
39.6792,10,22,-40,45.651,-61.19
39.6792,11,0,-2,2.0,-90.0
39.6792,12,9,-28,29.411,-72.18
39.6792,13,19,-8,20.616,-22.83
39.6792,14,20,-13,23.854,-33.02
39.6792,15,18,1,18.028,3.18
39.6792,16,12,-6,13.416,-26.57
39.6792,17,5,-19,19.647,-75.26
39.6792,18,18,-13,22.204,-35.84
39.6792,19,10,-21,23.259,-64.54
39.6792,20,8,-15,17.0,-61.93
39.6792,21,3,-13,13.342,-77.01
39.6792,22,8,-15,17.0,-61.93
39.6792,23,9,-13,15.811,-55.3
39.6792,24,6,-13,14.318,-65.22
39.6792,25,9,-12,15.0,-53.13
39.6792,26,7,-14,15.652,-63.43
39.6792,27,0,0,0.0,0.0
39.6792,28,0,0,0.0,0.0
39.6792,29,0,0,0.0,0.0
39.6792,30,0,0,0.0,0.0
39.6792,31,0,0,0.0,0.0
39.6792,32,0,0,0.0,0.0
39.6792,33,0,0,0.0,0.0
39.6792,34,0,0,0.0,0.0
39.6792,35,0,0,0.0,0.0
39.6792,36,0,0,0.0,0.0
39.6792,37,0,0,0.0,0.0
39.6792,38,17,-2,17.117,-6.71
39.6792,39,18,6,18.974,18.43
39.6792,40,10,0,10.0,0.0
39.6792,41,8,4,8.944,26.57
39.6792,42,11,4,11.705,19.98
39.6792,43,16,3,16.279,10.62
39.6792,44,17,7,18.385,22.38
39.6792,45,15,6,16.155,21.8
39.6792,46,13,9,15.811,34.7
39.6792,47,15,0,15.0,0.0
39.6792,48,14,3,14.318,12.09
39.6792,49,16,4,16.492,14.04
39.6792,50,15,5,15.811,18.43
39.6792,51,13,6,14.318,24.78
39.6792,52,18,4,18.439,12.53
39.6792,53,18,6,18.974,18.43
39.6792,54,19,7,20.248,20.22
39.6792,55,13,0,13.0,0.0
39.6792,56,16,-3,16.279,-10.62
39.6792,57,17,-3,17.263,-10.01
39.6792,58,16,-2,16.125,-7.13
39.6792,59,16,-4,16.492,-14.04
39.6792,60,21,5,21.587,13.39
39.6792,61,21,-9,22.847,-23.2
39.6792,62,17,-5,17.72,-16.39
39.6792,63,22,-4,22.361,-10.3
39.7881,0,23,113,115.317,78.5
39.7881,1,17,0,17.0,0.0
39.7881,2,-19,-4,19.416,-168.11
39.7881,3,-21,-12,24.187,-150.26
39.7881,4,-18,-11,21.095,-148.57
39.7881,5,-14,-4,14.56,-164.05
39.7881,6,-11,1,11.045,174.81
39.7881,7,-21,1,21.024,177.27
39.7881,8,-12,-5,13.0,-157.38
39.7881,9,-14,-2,14.142,-171.87
39.7881,10,-17,-1,17.029,-176.63
39.7881,11,-12,-8,14.422,-146.31
39.7881,12,-17,-3,17.263,-169.99
39.7881,13,-13,-1,13.038,-175.6
39.7881,14,-16,1,16.031,176.42
39.7881,15,-24,7,25.0,163.74
39.7881,16,-10,-8,12.806,-141.34
39.7881,17,-23,-1,23.022,-177.51
39.7881,18,-14,4,14.56,164.05
39.7881,19,-13,3,13.342,167.01
39.7881,20,-19,3,19.235,171.03
39.7881,21,-12,4,12.649,161.57
39.7881,22,-17,5,17.72,163.61
39.7881,23,-9,0,9.0,180.0
39.7881,24,-23,3,23.195,172.57
39.7881,25,-15,4,15.524,165.07
39.7881,26,-10,4,10.77,158.2
39.7881,27,0,0,0.0,0.0
39.7881,28,0,0,0.0,0.0
39.7881,29,0,0,0.0,0.0
39.7881,30,0,0,0.0,0.0
39.7881,31,0,0,0.0,0.0
39.7881,32,0,0,0.0,0.0
39.7881,33,0,0,0.0,0.0
39.7881,34,0,0,0.0,0.0
39.7881,35,0,0,0.0,0.0
39.7881,36,0,0,0.0,0.0
39.7881,37,0,0,0.0,0.0
39.7881,38,-2,-15,15.133,-97.59
39.7881,39,-2,-15,15.133,-97.59
39.7881,40,4,-15,15.524,-75.07
39.7881,41,-1,-17,17.029,-93.37
39.7881,42,1,-17,17.029,-86.63
39.7881,43,0,-14,14.0,-90.0
39.7881,44,2,-17,17.117,-83.29
39.7881,45,0,-14,14.0,-90.0
39.7881,46,1,-20,20.025,-87.14
39.7881,47,3,-16,16.279,-79.38
39.7881,48,-1,-16,16.031,-93.58
39.7881,49,1,-19,19.026,-86.99
39.7881,50,-4,-12,12.649,-108.43
39.7881,51,7,-23,24.042,-73.07
39.7881,52,-2,-15,15.133,-97.59
39.7881,53,-6,-21,21.84,-105.95
39.7881,54,-5,-24,24.515,-101.77
39.7881,55,-14,-11,17.804,-141.84
39.7881,56,0,-22,22.0,-90.0
39.7881,57,-6,-12,13.416,-116.57
39.7881,58,-6,-11,12.53,-118.61
39.7881,59,-5,-13,13.928,-111.04
39.7881,60,-11,-11,15.556,-135.0
39.7881,61,-8,-17,18.788,-115.2
39.7881,62,3,-8,8.544,-69.44
39.7881,63,-14,-4,14.56,-164.05
39.8854,0,23,113,115.317,78.5
39.8854,1,17,0,17.0,0.0
39.8854,2,13,-4,13.601,-17.1
39.8854,3,8,-31,32.016,-75.53
39.8854,4,0,-11,11.0,-90.0
39.8854,5,14,-5,14.866,-19.65
39.8854,6,5,-19,19.647,-75.26
39.8854,7,18,-10,20.591,-29.05
39.8854,8,7,-15,16.553,-64.98
39.8854,9,5,-7,8.602,-54.46
39.8854,10,13,-6,14.318,-24.78
39.8854,11,17,-10,19.723,-30.47
39.8854,12,15,-14,20.518,-43.03
39.8854,13,10,-9,13.454,-41.99
39.8854,14,16,-16,22.627,-45.0
39.8854,15,12,0,12.0,0.0
39.8854,16,13,-7,14.765,-28.3
39.8854,17,8,-13,15.264,-58.39
39.8854,18,19,4,19.416,11.89
39.8854,19,17,-5,17.72,-16.39
39.8854,20,10,-1,10.05,-5.71
39.8854,21,16,-6,17.088,-20.56
39.8854,22,11,6,12.53,28.61
39.8854,23,16,-9,18.358,-29.36
39.8854,24,12,7,13.892,30.26
39.8854,25,13,0,13.0,0.0
39.8854,26,18,6,18.974,18.43
39.8854,27,0,0,0.0,0.0
39.8854,28,0,0,0.0,0.0
39.8854,29,0,0,0.0,0.0
39.8854,30,0,0,0.0,0.0
39.8854,31,0,0,0.0,0.0
39.8854,32,0,0,0.0,0.0
39.8854,33,0,0,0.0,0.0
39.8854,34,0,0,0.0,0.0
39.8854,35,0,0,0.0,0.0
39.8854,36,0,0,0.0,0.0
39.8854,37,0,0,0.0,0.0
39.8854,38,-5,-11,12.083,-114.44
39.8854,39,-8,-11,13.601,-126.03
39.8854,40,-8,-17,18.788,-115.2
39.8854,41,-6,-14,15.232,-113.2
39.8854,42,-8,-14,16.125,-119.74
39.8854,43,-5,-18,18.682,-105.52
39.8854,44,3,-21,21.213,-81.87
39.8854,45,-7,-18,19.313,-111.25
39.8854,46,-1,-12,12.042,-94.76
39.8854,47,-2,-21,21.095,-95.44
39.8854,48,-2,-18,18.111,-96.34
39.8854,49,-1,-19,19.026,-93.01
39.8854,50,-2,-17,17.117,-96.71
39.8854,51,7,-19,20.248,-69.78
39.8854,52,0,-22,22.0,-90.0
39.8854,53,0,-15,15.0,-90.0
39.8854,54,4,-15,15.524,-75.07
39.8854,55,0,-19,19.0,-90.0
39.8854,56,0,-17,17.0,-90.0
39.8854,57,12,-17,20.809,-54.78
39.8854,58,20,-15,25.0,-36.87
39.8854,59,9,-22,23.77,-67.75
39.8854,60,1,-10,10.05,-84.29
39.8854,61,-13,1,13.038,175.6
39.8854,62,10,-8,12.806,-38.66
39.8854,63,-7,-14,15.652,-116.57
39.9907,0,23,113,115.317,78.5
39.9907,1,17,0,17.0,0.0
39.9907,2,6,-35,35.511,-80.27
39.9907,3,4,-5,6.403,-51.34
39.9907,4,11,-26,28.231,-67.07
39.9907,5,12,-31,33.242,-68.84
39.9907,6,3,-14,14.318,-77.91
39.9907,7,9,-28,29.411,-72.18
39.9907,8,5,-22,22.561,-77.2
39.9907,9,3,-19,19.235,-81.03
39.9907,10,-1,-23,23.022,-92.49
39.9907,11,4,-24,24.331,-80.54
39.9907,12,-3,-17,17.263,-100.01
39.9907,13,1,-12,12.042,-85.24
39.9907,14,5,-18,18.682,-74.48
39.9907,15,8,-20,21.541,-68.2
39.9907,16,0,-21,21.0,-90.0
39.9907,17,1,-22,22.023,-87.4
39.9907,18,8,-21,22.472,-69.15
39.9907,19,2,-18,18.111,-83.66
39.9907,20,9,-14,16.643,-57.26
39.9907,21,9,-23,24.698,-68.63
39.9907,22,6,-11,12.53,-61.39
39.9907,23,7,-16,17.464,-66.37
39.9907,24,13,-22,25.554,-59.42
39.9907,25,2,-24,24.083,-85.24
39.9907,26,8,-16,17.889,-63.43
39.9907,27,0,0,0.0,0.0
39.9907,28,0,0,0.0,0.0
39.9907,29,0,0,0.0,0.0
39.9907,30,0,0,0.0,0.0
39.9907,31,0,0,0.0,0.0
39.9907,32,0,0,0.0,0.0
39.9907,33,0,0,0.0,0.0
39.9907,34,0,0,0.0,0.0
39.9907,35,0,0,0.0,0.0
39.9907,36,0,0,0.0,0.0
39.9907,37,0,0,0.0,0.0
39.9907,38,13,-10,16.401,-37.57
39.9907,39,14,-15,20.518,-46.97
39.9907,40,14,-13,19.105,-42.88
39.9907,41,11,-10,14.866,-42.27
39.9907,42,7,-12,13.892,-59.74
39.9907,43,10,-13,16.401,-52.43
39.9907,44,14,-13,19.105,-42.88
39.9907,45,21,-13,24.698,-31.76
39.9907,46,14,-10,17.205,-35.54
39.9907,47,11,-11,15.556,-45.0
39.9907,48,11,-11,15.556,-45.0
39.9907,49,20,-20,28.284,-45.0
39.9907,50,20,-13,23.854,-33.02
39.9907,51,18,-10,20.591,-29.05
39.9907,52,15,-14,20.518,-43.03
39.9907,53,9,-15,17.493,-59.04
39.9907,54,11,-20,22.825,-61.19
39.9907,55,3,-17,17.263,-79.99
39.9907,56,18,-17,24.759,-43.36
39.9907,57,10,-20,22.361,-63.43
39.9907,58,8,-8,11.314,-45.0
39.9907,59,7,3,7.616,23.2
39.9907,60,2,-9,9.22,-77.47
39.9907,61,3,20,20.224,81.47
39.9907,62,26,-45,51.971,-59.98
39.9907,63,31,-34,46.011,-47.64
40.0911,0,23,113,115.317,78.5
40.0911,1,17,0,17.0,0.0
40.0911,2,6,13,14.318,65.22
40.0911,3,2,15,15.133,82.41
40.0911,4,20,31,36.892,57.17
40.0911,5,-2,25,25.08,94.57
40.0911,6,6,18,18.974,71.57
40.0911,7,9,5,10.296,29.05
40.0911,8,13,15,19.849,49.09
40.0911,9,3,15,15.297,78.69
40.0911,10,2,14,14.142,81.87
40.0911,11,16,16,22.627,45.0
40.0911,12,9,14,16.643,57.26
40.0911,13,20,7,21.19,19.29
40.0911,14,15,6,16.155,21.8
40.0911,15,21,2,21.095,5.44
40.0911,16,18,9,20.125,26.57
40.0911,17,15,17,22.672,48.58
40.0911,18,23,12,25.942,27.55
40.0911,19,12,3,12.369,14.04
40.0911,20,28,11,30.083,21.45
40.0911,21,17,11,20.248,32.91
40.0911,22,7,10,12.207,55.01
40.0911,23,14,9,16.643,32.74
40.0911,24,11,11,15.556,45.0
40.0911,25,18,1,18.028,3.18
40.0911,26,21,12,24.187,29.74
40.0911,27,0,0,0.0,0.0
40.0911,28,0,0,0.0,0.0
40.0911,29,0,0,0.0,0.0
40.0911,30,0,0,0.0,0.0
40.0911,31,0,0,0.0,0.0
40.0911,32,0,0,0.0,0.0
40.0911,33,0,0,0.0,0.0
40.0911,34,0,0,0.0,0.0
40.0911,35,0,0,0.0,0.0
40.0911,36,0,0,0.0,0.0
40.0911,37,0,0,0.0,0.0
40.0911,38,-14,5,14.866,160.35
40.0911,39,-7,1,7.071,171.87
40.0911,40,-15,12,19.209,141.34
40.0911,41,-16,11,19.416,145.49
40.0911,42,-9,3,9.487,161.57
40.0911,43,-23,11,25.495,154.44
40.0911,44,-17,7,18.385,157.62
40.0911,45,-21,8,22.472,159.15
40.0911,46,-14,5,14.866,160.35
40.0911,47,-16,8,17.889,153.43
40.0911,48,-12,5,13.0,157.38
40.0911,49,-11,13,17.029,130.24
40.0911,50,2,8,8.246,75.96
40.0911,51,-19,17,25.495,138.18
40.0911,52,-7,18,19.313,111.25
40.0911,53,-12,20,23.324,120.96
40.0911,54,-11,8,13.601,143.97
40.0911,55,-27,7,27.893,165.47
40.0911,56,-19,7,20.248,159.78
40.0911,57,-3,26,26.173,96.58
40.0911,58,-12,9,15.0,143.13
40.0911,59,2,22,22.091,84.81
40.0911,60,1,22,22.023,87.4
40.0911,61,13,7,14.765,28.3
40.0911,62,9,24,25.632,69.44
40.0911,63,1,33,33.015,88.26
40.5103,0,23,113,115.317,78.5
40.5103,1,17,0,17.0,0.0
40.5103,2,-17,2,17.117,173.29
40.5103,3,-21,-13,24.698,-148.24
40.5103,4,-13,-15,19.849,-130.91
40.5103,5,-15,-18,23.431,-129.81
40.5103,6,-7,-16,17.464,-113.63
40.5103,7,-21,-15,25.807,-144.46
40.5103,8,-21,-3,21.213,-171.87
40.5103,9,-23,-14,26.926,-148.67
40.5103,10,-22,-13,25.554,-149.42
40.5103,11,-21,-26,33.422,-128.93
40.5103,12,-12,-16,20.0,-126.87
40.5103,13,-20,-7,21.19,-160.71
40.5103,14,-19,-13,23.022,-145.62
40.5103,15,-22,-20,29.732,-137.73
40.5103,16,-20,-11,22.825,-151.19
40.5103,17,-19,-3,19.235,-171.03
40.5103,18,-6,-22,22.804,-105.26
40.5103,19,-22,-5,22.561,-167.2
40.5103,20,-9,-10,13.454,-131.99
40.5103,21,-16,-8,17.889,-153.43
40.5103,22,-11,-12,16.279,-132.51
40.5103,23,-10,0,10.0,180.0
40.5103,24,-15,-16,21.932,-133.15
40.5103,25,-12,-16,20.0,-126.87
40.5103,26,-14,-2,14.142,-171.87
40.5103,27,0,0,0.0,0.0
40.5103,28,0,0,0.0,0.0
40.5103,29,0,0,0.0,0.0
40.5103,30,0,0,0.0,0.0
40.5103,31,0,0,0.0,0.0
40.5103,32,0,0,0.0,0.0
40.5103,33,0,0,0.0,0.0
40.5103,34,0,0,0.0,0.0
40.5103,35,0,0,0.0,0.0
40.5103,36,0,0,0.0,0.0
40.5103,37,0,0,0.0,0.0
40.5103,38,-11,-13,17.029,-130.24
40.5103,39,-6,-18,18.974,-108.43
40.5103,40,-11,-9,14.213,-140.71
40.5103,41,-10,-14,17.205,-125.54
40.5103,42,-12,-12,16.971,-135.0
40.5103,43,-6,-21,21.84,-105.95
40.5103,44,-12,-15,19.209,-128.66
40.5103,45,-9,-12,15.0,-126.87
40.5103,46,-7,-20,21.19,-109.29
40.5103,47,-14,-14,19.799,-135.0
40.5103,48,-3,-17,17.263,-100.01
40.5103,49,-8,-19,20.616,-112.83
40.5103,50,-2,-17,17.117,-96.71
40.5103,51,-1,-13,13.038,-94.4
40.5103,52,-11,-22,24.597,-116.57
40.5103,53,-4,-20,20.396,-101.31
40.5103,54,-5,-20,20.616,-104.04
40.5103,55,-13,-22,25.554,-120.58
40.5103,56,-9,-21,22.847,-113.2
40.5103,57,-12,-19,22.472,-122.28
40.5103,58,-3,-9,9.487,-108.43
40.5103,59,-22,-2,22.091,-174.81
40.5103,60,-2,-21,21.095,-95.44
40.5103,61,-9,-22,23.77,-112.25
40.5103,62,-17,-13,21.401,-142.59
40.5103,63,-8,-14,16.125,-119.74
40.6019,0,23,113,115.317,78.5
40.6019,1,17,0,17.0,0.0
40.6019,2,24,-21,31.89,-41.19
40.6019,3,17,-9,19.235,-27.9
40.6019,4,10,1,10.05,5.71
40.6019,5,17,6,18.028,19.44
40.6019,6,28,-18,33.287,-32.74
40.6019,7,20,-6,20.881,-16.7
40.6019,8,18,-7,19.313,-21.25
40.6019,9,18,-7,19.313,-21.25
40.6019,10,19,-6,19.925,-17.53
40.6019,11,25,-9,26.571,-19.8
40.6019,12,14,-13,19.105,-42.88
40.6019,13,2,4,4.472,63.43
40.6019,14,21,2,21.095,5.44
40.6019,15,19,-6,19.925,-17.53
40.6019,16,16,1,16.031,3.58
40.6019,17,23,-2,23.087,-4.97
40.6019,18,20,3,20.224,8.53
40.6019,19,16,-2,16.125,-7.13
40.6019,20,18,1,18.028,3.18
40.6019,21,17,8,18.788,25.2
40.6019,22,16,5,16.763,17.35
40.6019,23,16,1,16.031,3.58
40.6019,24,13,-1,13.038,-4.4
40.6019,25,17,7,18.385,22.38
40.6019,26,13,5,13.928,21.04
40.6019,27,0,0,0.0,0.0
40.6019,28,0,0,0.0,0.0
40.6019,29,0,0,0.0,0.0
40.6019,30,0,0,0.0,0.0
40.6019,31,0,0,0.0,0.0
40.6019,32,0,0,0.0,0.0
40.6019,33,0,0,0.0,0.0
40.6019,34,0,0,0.0,0.0
40.6019,35,0,0,0.0,0.0
40.6019,36,0,0,0.0,0.0
40.6019,37,0,0,0.0,0.0
40.6019,38,6,-16,17.088,-69.44
40.6019,39,6,-15,16.155,-68.2
40.6019,40,13,-18,22.204,-54.16
40.6019,41,11,-15,18.601,-53.75
40.6019,42,10,-21,23.259,-64.54
40.6019,43,10,-20,22.361,-63.43
40.6019,44,10,-18,20.591,-60.95
40.6019,45,10,-9,13.454,-41.99
40.6019,46,13,-20,23.854,-56.98
40.6019,47,19,-12,22.472,-32.28
40.6019,48,15,-13,19.849,-40.91
40.6019,49,18,-10,20.591,-29.05
40.6019,50,25,-18,30.806,-35.75
40.6019,51,18,-10,20.591,-29.05
40.6019,52,12,-5,13.0,-22.62
40.6019,53,13,-15,19.849,-49.09
40.6019,54,7,-8,10.63,-48.81
40.6019,55,8,-11,13.601,-53.97
40.6019,56,9,-4,9.849,-23.96
40.6019,57,25,-19,31.401,-37.23
40.6019,58,23,-2,23.087,-4.97
40.6019,59,20,-20,28.284,-45.0
40.6019,60,32,-16,35.777,-26.57
40.6019,61,12,0,12.0,0.0
40.6019,62,35,-19,39.825,-28.5
40.6019,63,7,-1,7.071,-8.13
40.8043,0,23,113,115.317,78.5
40.8043,1,17,0,17.0,0.0
40.8043,2,4,4,5.657,45.0
40.8043,3,17,2,17.117,6.71
40.8043,4,20,1,20.025,2.86
40.8043,5,11,1,11.045,5.19
40.8043,6,16,-1,16.031,-3.58
40.8043,7,13,4,13.601,17.1
40.8043,8,22,0,22.0,0.0
40.8043,9,14,-9,16.643,-32.74
40.8043,10,15,-7,16.553,-25.02
40.8043,11,22,-7,23.087,-17.65
40.8043,12,15,-10,18.028,-33.69
40.8043,13,3,-8,8.544,-69.44
40.8043,14,16,-9,18.358,-29.36
40.8043,15,4,-6,7.211,-56.31
40.8043,16,15,-6,16.155,-21.8
40.8043,17,8,-10,12.806,-51.34
40.8043,18,9,-10,13.454,-48.01
40.8043,19,13,-17,21.401,-52.59
40.8043,20,17,-7,18.385,-22.38
40.8043,21,9,-15,17.493,-59.04
40.8043,22,13,-4,13.601,-17.1
40.8043,23,12,-3,12.369,-14.04
40.8043,24,7,-8,10.63,-48.81
40.8043,25,14,-8,16.125,-29.74
40.8043,26,12,-5,13.0,-22.62
40.8043,27,0,0,0.0,0.0
40.8043,28,0,0,0.0,0.0
40.8043,29,0,0,0.0,0.0
40.8043,30,0,0,0.0,0.0
40.8043,31,0,0,0.0,0.0
40.8043,32,0,0,0.0,0.0
40.8043,33,0,0,0.0,0.0
40.8043,34,0,0,0.0,0.0
40.8043,35,0,0,0.0,0.0
40.8043,36,0,0,0.0,0.0
40.8043,37,0,0,0.0,0.0
40.8043,38,13,4,13.601,17.1
40.8043,39,9,4,9.849,23.96
40.8043,40,12,10,15.62,39.81
40.8043,41,7,12,13.892,59.74
40.8043,42,8,10,12.806,51.34
40.8043,43,14,8,16.125,29.74
40.8043,44,10,10,14.142,45.0
40.8043,45,14,11,17.804,38.16
40.8043,46,8,7,10.63,41.19
40.8043,47,11,10,14.866,42.27
40.8043,48,10,7,12.207,34.99
40.8043,49,11,8,13.601,36.03
40.8043,50,14,11,17.804,38.16
40.8043,51,19,12,22.472,32.28
40.8043,52,12,11,16.279,42.51
40.8043,53,15,6,16.155,21.8
40.8043,54,13,9,15.811,34.7
40.8043,55,13,10,16.401,37.57
40.8043,56,21,1,21.024,2.73
40.8043,57,4,6,7.211,56.31
40.8043,58,26,1,26.019,2.2
40.8043,59,13,7,14.765,28.3
40.8043,60,7,10,12.207,55.01
40.8043,61,30,20,36.056,33.69
40.8043,62,-6,8,10.0,126.87
40.8043,63,14,2,14.142,8.13
41.0101,0,23,113,115.317,78.5
41.0101,1,17,0,17.0,0.0
41.0101,2,20,26,32.802,52.43
41.0101,3,11,38,39.56,73.86
41.0101,4,2,13,13.153,81.25
41.0101,5,15,30,33.541,63.43
41.0101,6,-7,15,16.553,115.02
41.0101,7,15,28,31.765,61.82
41.0101,8,11,20,22.825,61.19
41.0101,9,21,6,21.84,15.95
41.0101,10,18,16,24.083,41.63
41.0101,11,16,11,19.416,34.51
41.0101,12,9,19,21.024,64.65
41.0101,13,16,22,27.203,53.97
41.0101,14,12,17,20.809,54.78
41.0101,15,6,16,17.088,69.44
41.0101,16,12,29,31.385,67.52
41.0101,17,17,17,24.042,45.0
41.0101,18,19,13,23.022,34.38
41.0101,19,10,10,14.142,45.0
41.0101,20,6,11,12.53,61.39
41.0101,21,13,15,19.849,49.09
41.0101,22,6,8,10.0,53.13
41.0101,23,19,14,23.601,36.38
41.0101,24,17,10,19.723,30.47
41.0101,25,12,16,20.0,53.13
41.0101,26,8,13,15.264,58.39
41.0101,27,0,0,0.0,0.0
41.0101,28,0,0,0.0,0.0
41.0101,29,0,0,0.0,0.0
41.0101,30,0,0,0.0,0.0
41.0101,31,0,0,0.0,0.0
41.0101,32,0,0,0.0,0.0
41.0101,33,0,0,0.0,0.0
41.0101,34,0,0,0.0,0.0
41.0101,35,0,0,0.0,0.0
41.0101,36,0,0,0.0,0.0
41.0101,37,0,0,0.0,0.0
41.0101,38,1,20,20.025,87.14
41.0101,39,-1,17,17.029,93.37
41.0101,40,-3,16,16.279,100.62
41.0101,41,-3,16,16.279,100.62
41.0101,42,-3,20,20.224,98.53
41.0101,43,-14,21,25.239,123.69
41.0101,44,-5,12,13.0,112.62
41.0101,45,-4,17,17.464,103.24
41.0101,46,-8,21,22.472,110.85
41.0101,47,-7,16,17.464,113.63
41.0101,48,-5,23,23.537,102.26
41.0101,49,1,24,24.021,87.61
41.0101,50,-5,19,19.647,104.74
41.0101,51,-3,11,11.402,105.26
41.0101,52,-11,15,18.601,126.25
41.0101,53,-9,24,25.632,110.56
41.0101,54,-1,25,25.02,92.29
41.0101,55,-10,16,18.868,122.01
41.0101,56,-1,14,14.036,94.09
41.0101,57,-11,17,20.248,122.91
41.0101,58,-1,21,21.024,92.73
41.0101,59,10,-1,10.05,-5.71
41.0101,60,9,15,17.493,59.04
41.0101,61,24,19,30.61,38.37
41.0101,62,-6,18,18.974,108.43
41.0101,63,-1,16,16.031,93.58
41.123,0,23,113,115.317,78.5
41.123,1,17,0,17.0,0.0
41.123,2,-24,-26,35.384,-132.71
41.123,3,-8,-3,8.544,-159.44
41.123,4,-21,-17,27.019,-141.01
41.123,5,-12,-6,13.416,-153.43
41.123,6,-19,-28,33.838,-124.16
41.123,7,1,-9,9.055,-83.66
41.123,8,-3,-4,5.0,-126.87
41.123,9,-11,-21,23.707,-117.65
41.123,10,3,-27,27.166,-83.66
41.123,11,-5,-17,17.72,-106.39
41.123,12,-10,-16,18.868,-122.01
41.123,13,1,-13,13.038,-85.6
41.123,14,5,-19,19.647,-75.26
41.123,15,0,-23,23.0,-90.0
41.123,16,-1,-21,21.024,-92.73
41.123,17,7,-16,17.464,-66.37
41.123,18,4,-14,14.56,-74.05
41.123,19,15,-20,25.0,-53.13
41.123,20,5,-5,7.071,-45.0
41.123,21,10,-14,17.205,-54.46
41.123,22,3,-13,13.342,-77.01
41.123,23,9,-14,16.643,-57.26
41.123,24,13,-7,14.765,-28.3
41.123,25,11,-8,13.601,-36.03
41.123,26,14,-14,19.799,-45.0
41.123,27,0,0,0.0,0.0
41.123,28,0,0,0.0,0.0
41.123,29,0,0,0.0,0.0
41.123,30,0,0,0.0,0.0
41.123,31,0,0,0.0,0.0
41.123,32,0,0,0.0,0.0
41.123,33,0,0,0.0,0.0
41.123,34,0,0,0.0,0.0
41.123,35,0,0,0.0,0.0
41.123,36,0,0,0.0,0.0
41.123,37,0,0,0.0,0.0
41.123,38,-10,4,10.77,158.2
41.123,39,-10,1,10.05,174.29
41.123,40,-15,2,15.133,172.41
41.123,41,-22,2,22.091,174.81
41.123,42,-14,4,14.56,164.05
41.123,43,-18,1,18.028,176.82
41.123,44,-16,0,16.0,180.0
41.123,45,-16,-5,16.763,-162.65
41.123,46,-20,-7,21.19,-160.71
41.123,47,-21,-4,21.378,-169.22
41.123,48,-15,-2,15.133,-172.41
41.123,49,-15,-6,16.155,-158.2
41.123,50,-9,-17,19.235,-117.9
41.123,51,-14,-10,17.205,-144.46
41.123,52,-11,-6,12.53,-151.39
41.123,53,-16,-4,16.492,-165.96
41.123,54,-11,-11,15.556,-135.0
41.123,55,-16,-15,21.932,-136.85
41.123,56,-3,-21,21.213,-98.13
41.123,57,-16,-13,20.616,-140.91
41.123,58,-11,-3,11.402,-164.74
41.123,59,-8,-16,17.889,-116.57
41.123,60,-8,-23,24.352,-109.18
41.123,61,-27,-8,28.16,-163.5
41.123,62,-2,-32,32.062,-93.58
41.123,63,-28,-13,30.871,-155.1
41.4179,0,23,113,115.317,78.5
41.4179,1,17,0,17.0,0.0
41.4179,2,4,26,26.306,81.25
41.4179,3,24,11,26.401,24.62
41.4179,4,3,26,26.173,83.42
41.4179,5,14,10,17.205,35.54
41.4179,6,7,11,13.038,57.53
41.4179,7,10,11,14.866,47.73
41.4179,8,4,6,7.211,56.31
41.4179,9,8,5,9.434,32.01
41.4179,10,16,16,22.627,45.0
41.4179,11,9,7,11.402,37.87
41.4179,12,9,12,15.0,53.13
41.4179,13,5,11,12.083,65.56
41.4179,14,13,15,19.849,49.09
41.4179,15,14,9,16.643,32.74
41.4179,16,13,16,20.616,50.91
41.4179,17,8,14,16.125,60.26
41.4179,18,12,19,22.472,57.72
41.4179,19,12,20,23.324,59.04
41.4179,20,16,8,17.889,26.57
41.4179,21,13,20,23.854,56.98
41.4179,22,6,12,13.416,63.43
41.4179,23,16,16,22.627,45.0
41.4179,24,6,11,12.53,61.39
41.4179,25,2,14,14.142,81.87
41.4179,26,7,9,11.402,52.13
41.4179,27,0,0,0.0,0.0
41.4179,28,0,0,0.0,0.0
41.4179,29,0,0,0.0,0.0
41.4179,30,0,0,0.0,0.0
41.4179,31,0,0,0.0,0.0
41.4179,32,0,0,0.0,0.0
41.4179,33,0,0,0.0,0.0
41.4179,34,0,0,0.0,0.0
41.4179,35,0,0,0.0,0.0
41.4179,36,0,0,0.0,0.0
41.4179,37,0,0,0.0,0.0
41.4179,38,7,14,15.652,63.43
41.4179,39,5,15,15.811,71.57
41.4179,40,4,16,16.492,75.96
41.4179,41,7,16,17.464,66.37
41.4179,42,3,16,16.279,79.38
41.4179,43,4,17,17.464,76.76
41.4179,44,4,14,14.56,74.05
41.4179,45,3,17,17.263,79.99
41.4179,46,8,19,20.616,67.17
41.4179,47,5,17,17.72,73.61
41.4179,48,6,19,19.925,72.47
41.4179,49,7,16,17.464,66.37
41.4179,50,7,18,19.313,68.75
41.4179,51,6,14,15.232,66.8
41.4179,52,3,20,20.224,81.47
41.4179,53,7,16,17.464,66.37
41.4179,54,11,20,22.825,61.19
41.4179,55,7,9,11.402,52.13
41.4179,56,3,16,16.279,79.38
41.4179,57,10,15,18.028,56.31
41.4179,58,-5,18,18.682,105.52
41.4179,59,8,16,17.889,63.43
41.4179,60,15,16,21.932,46.85
41.4179,61,12,5,13.0,22.62
41.4179,62,15,-5,15.811,-18.43
41.4179,63,-3,23,23.195,97.43
41.5219,0,23,113,115.317,78.5
41.5219,1,17,0,17.0,0.0
41.5219,2,-10,7,12.207,145.01
41.5219,3,12,19,22.472,57.72
41.5219,4,3,0,3.0,0.0
41.5219,5,2,14,14.142,81.87
41.5219,6,2,13,13.153,81.25
41.5219,7,-12,24,26.833,116.57
41.5219,8,-7,11,13.038,122.47
41.5219,9,-4,24,24.331,99.46
41.5219,10,-6,23,23.77,104.62
41.5219,11,-4,9,9.849,113.96
41.5219,12,-1,13,13.038,94.4
41.5219,13,-10,16,18.868,122.01
41.5219,14,-1,13,13.038,94.4
41.5219,15,-3,22,22.204,97.77
41.5219,16,-8,9,12.042,131.63
41.5219,17,-4,22,22.361,100.3
41.5219,18,-7,21,22.136,108.43
41.5219,19,-1,20,20.025,92.86
41.5219,20,-3,16,16.279,100.62
41.5219,21,-14,24,27.785,120.26
41.5219,22,-13,17,21.401,127.41
41.5219,23,-6,16,17.088,110.56
41.5219,24,-3,5,5.831,120.96
41.5219,25,-9,12,15.0,126.87
41.5219,26,-11,3,11.402,164.74
41.5219,27,0,0,0.0,0.0
41.5219,28,0,0,0.0,0.0
41.5219,29,0,0,0.0,0.0
41.5219,30,0,0,0.0,0.0
41.5219,31,0,0,0.0,0.0
41.5219,32,0,0,0.0,0.0
41.5219,33,0,0,0.0,0.0
41.5219,34,0,0,0.0,0.0
41.5219,35,0,0,0.0,0.0
41.5219,36,0,0,0.0,0.0
41.5219,37,0,0,0.0,0.0
41.5219,38,15,5,15.811,18.43
41.5219,39,12,6,13.416,26.57
41.5219,40,13,3,13.342,12.99
41.5219,41,11,11,15.556,45.0
41.5219,42,13,11,17.029,40.24
41.5219,43,8,11,13.601,53.97
41.5219,44,13,17,21.401,52.59
41.5219,45,10,14,17.205,54.46
41.5219,46,13,12,17.692,42.71
41.5219,47,8,13,15.264,58.39
41.5219,48,4,19,19.416,78.11
41.5219,49,6,13,14.318,65.22
41.5219,50,7,21,22.136,71.57
41.5219,51,13,15,19.849,49.09
41.5219,52,0,14,14.0,90.0
41.5219,53,4,20,20.396,78.69
41.5219,54,8,10,12.806,51.34
41.5219,55,8,18,19.698,66.04
41.5219,56,8,25,26.249,72.26
41.5219,57,-1,21,21.024,92.73
41.5219,58,2,30,30.067,86.19
41.5219,59,-4,8,8.944,116.57
41.5219,60,15,8,17.0,28.07
41.5219,61,-20,29,35.228,124.59
41.5219,62,-4,35,35.228,96.52
41.5219,63,18,5,18.682,15.52
41.6267,0,23,113,115.317,78.5
41.6267,1,17,0,17.0,0.0
41.6267,2,13,-14,19.105,-47.12
41.6267,3,17,1,17.029,3.37
41.6267,4,9,-20,21.932,-65.77
41.6267,5,13,-19,23.022,-55.62
41.6267,6,9,-21,22.847,-66.8
41.6267,7,14,-17,22.023,-50.53
41.6267,8,10,-24,26.0,-67.38
41.6267,9,10,-28,29.732,-70.35
41.6267,10,10,-24,26.0,-67.38
41.6267,11,4,-8,8.944,-63.43
41.6267,12,1,-10,10.05,-84.29
41.6267,13,3,-23,23.195,-82.57
41.6267,14,1,-21,21.024,-87.27
41.6267,15,0,-22,22.0,-90.0
41.6267,16,0,-20,20.0,-90.0
41.6267,17,6,-16,17.088,-69.44
41.6267,18,7,-17,18.385,-67.62
41.6267,19,9,-21,22.847,-66.8
41.6267,20,4,-17,17.464,-76.76
41.6267,21,3,-33,33.136,-84.81
41.6267,22,3,-14,14.318,-77.91
41.6267,23,5,-15,15.811,-71.57
41.6267,24,6,-22,22.804,-74.74
41.6267,25,-2,-10,10.198,-101.31
41.6267,26,1,-17,17.029,-86.63
41.6267,27,0,0,0.0,0.0
41.6267,28,0,0,0.0,0.0
41.6267,29,0,0,0.0,0.0
41.6267,30,0,0,0.0,0.0
41.6267,31,0,0,0.0,0.0
41.6267,32,0,0,0.0,0.0
41.6267,33,0,0,0.0,0.0
41.6267,34,0,0,0.0,0.0
41.6267,35,0,0,0.0,0.0
41.6267,36,0,0,0.0,0.0
41.6267,37,0,0,0.0,0.0
41.6267,38,14,-6,15.232,-23.2
41.6267,39,15,-3,15.297,-11.31
41.6267,40,15,-2,15.133,-7.59
41.6267,41,15,-8,17.0,-28.07
41.6267,42,13,-6,14.318,-24.78
41.6267,43,16,-3,16.279,-10.62
41.6267,44,14,-3,14.318,-12.09
41.6267,45,16,-7,17.464,-23.63
41.6267,46,13,3,13.342,12.99
41.6267,47,14,1,14.036,4.09
41.6267,48,18,-10,20.591,-29.05
41.6267,49,20,-4,20.396,-11.31
41.6267,50,22,-7,23.087,-17.65
41.6267,51,10,0,10.0,0.0
41.6267,52,16,-5,16.763,-17.35
41.6267,53,16,-2,16.125,-7.13
41.6267,54,18,-3,18.248,-9.46
41.6267,55,17,-9,19.235,-27.9
41.6267,56,-10,-6,11.662,-149.04
41.6267,57,10,-11,14.866,-47.73
41.6267,58,5,-10,11.18,-63.43
41.6267,59,36,-17,39.812,-25.28
41.6267,60,12,-22,25.06,-61.39
41.6267,61,25,-20,32.016,-38.66
41.6267,62,4,11,11.705,70.02
41.6267,63,17,-9,19.235,-27.9
41.8313,0,23,113,115.317,78.5
41.8313,1,17,0,17.0,0.0
41.8313,2,5,-28,28.443,-79.88
41.8313,3,-1,-2,2.236,-116.57
41.8313,4,-4,-13,13.601,-107.1
41.8313,5,4,8,8.944,63.43
41.8313,6,-3,-36,36.125,-94.76
41.8313,7,3,-28,28.16,-83.88
41.8313,8,-4,-14,14.56,-105.95
41.8313,9,-1,-19,19.026,-93.01
41.8313,10,-5,-22,22.561,-102.8
41.8313,11,-5,-18,18.682,-105.52
41.8313,12,-8,-18,19.698,-113.96
41.8313,13,-6,-14,15.232,-113.2
41.8313,14,-10,-16,18.868,-122.01
41.8313,15,-5,-19,19.647,-104.74
41.8313,16,-7,-13,14.765,-118.3
41.8313,17,-14,-24,27.785,-120.26
41.8313,18,-7,-18,19.313,-111.25
41.8313,19,-15,-15,21.213,-135.0
41.8313,20,-9,-12,15.0,-126.87
41.8313,21,-6,-12,13.416,-116.57
41.8313,22,-12,-15,19.209,-128.66
41.8313,23,-8,-16,17.889,-116.57
41.8313,24,-7,-14,15.652,-116.57
41.8313,25,-4,-17,17.464,-103.24
41.8313,26,-10,-15,18.028,-123.69
41.8313,27,0,0,0.0,0.0
41.8313,28,0,0,0.0,0.0
41.8313,29,0,0,0.0,0.0
41.8313,30,0,0,0.0,0.0
41.8313,31,0,0,0.0,0.0
41.8313,32,0,0,0.0,0.0
41.8313,33,0,0,0.0,0.0
41.8313,34,0,0,0.0,0.0
41.8313,35,0,0,0.0,0.0
41.8313,36,0,0,0.0,0.0
41.8313,37,0,0,0.0,0.0
41.8313,38,16,-4,16.492,-14.04
41.8313,39,15,-1,15.033,-3.81
41.8313,40,16,-3,16.279,-10.62
41.8313,41,18,-1,18.028,-3.18
41.8313,42,16,-6,17.088,-20.56
41.8313,43,16,-6,17.088,-20.56
41.8313,44,19,1,19.026,3.01
41.8313,45,10,-5,11.18,-26.57
41.8313,46,15,-1,15.033,-3.81
41.8313,47,17,-5,17.72,-16.39
41.8313,48,15,0,15.0,0.0
41.8313,49,15,-5,15.811,-18.43
41.8313,50,16,-5,16.763,-17.35
41.8313,51,20,-9,21.932,-24.23
41.8313,52,10,-10,14.142,-45.0
41.8313,53,17,-9,19.235,-27.9
41.8313,54,6,-7,9.22,-49.4
41.8313,55,22,-1,22.023,-2.6
41.8313,56,11,-8,13.601,-36.03
41.8313,57,19,-3,19.235,-8.97
41.8313,58,14,-20,24.413,-55.01
41.8313,59,18,-15,23.431,-39.81
41.8313,60,10,0,10.0,0.0
41.8313,61,21,-9,22.847,-23.2
41.8313,62,2,10,10.198,78.69
41.8313,63,12,-21,24.187,-60.26
41.9363,0,23,113,115.317,78.5
41.9363,1,17,0,17.0,0.0
41.9363,2,6,10,11.662,59.04
41.9363,3,30,-18,34.986,-30.96
41.9363,4,25,-12,27.731,-25.64
41.9363,5,16,-9,18.358,-29.36
41.9363,6,9,5,10.296,29.05
41.9363,7,8,-9,12.042,-48.37
41.9363,8,7,-1,7.071,-8.13
41.9363,9,12,-6,13.416,-26.57
41.9363,10,12,-14,18.439,-49.4
41.9363,11,31,2,31.064,3.69
41.9363,12,4,-1,4.123,-14.04
41.9363,13,16,-1,16.031,-3.58
41.9363,14,21,-3,21.213,-8.13
41.9363,15,10,1,10.05,5.71
41.9363,16,16,-8,17.889,-26.57
41.9363,17,20,-6,20.881,-16.7
41.9363,18,9,0,9.0,0.0
41.9363,19,20,7,21.19,19.29
41.9363,20,15,1,15.033,3.81
41.9363,21,10,3,10.44,16.7
41.9363,22,13,4,13.601,17.1
41.9363,23,14,1,14.036,4.09
41.9363,24,12,6,13.416,26.57
41.9363,25,18,4,18.439,12.53
41.9363,26,7,7,9.899,45.0
41.9363,27,0,0,0.0,0.0
41.9363,28,0,0,0.0,0.0
41.9363,29,0,0,0.0,0.0
41.9363,30,0,0,0.0,0.0
41.9363,31,0,0,0.0,0.0
41.9363,32,0,0,0.0,0.0
41.9363,33,0,0,0.0,0.0
41.9363,34,0,0,0.0,0.0
41.9363,35,0,0,0.0,0.0
41.9363,36,0,0,0.0,0.0
41.9363,37,0,0,0.0,0.0
41.9363,38,1,-15,15.033,-86.19
41.9363,39,-1,-17,17.029,-93.37
41.9363,40,1,-12,12.042,-85.24
41.9363,41,0,-20,20.0,-90.0
41.9363,42,0,-24,24.0,-90.0
41.9363,43,4,-13,13.601,-72.9
41.9363,44,2,-17,17.117,-83.29
41.9363,45,7,-12,13.892,-59.74
41.9363,46,7,-16,17.464,-66.37
41.9363,47,10,-22,24.166,-65.56
41.9363,48,10,-16,18.868,-57.99
41.9363,49,16,-17,23.345,-46.74
41.9363,50,14,-13,19.105,-42.88
41.9363,51,14,-18,22.804,-52.13
41.9363,52,14,-15,20.518,-46.97
41.9363,53,15,-22,26.627,-55.71
41.9363,54,11,-15,18.601,-53.75
41.9363,55,8,-12,14.422,-56.31
41.9363,56,14,-13,19.105,-42.88
41.9363,57,19,-15,24.207,-38.29
41.9363,58,2,-12,12.166,-80.54
41.9363,59,5,-10,11.18,-63.43
41.9363,60,11,-7,13.038,-32.47
41.9363,61,22,-32,38.833,-55.49
41.9363,62,22,-21,30.414,-43.67
41.9363,63,-1,-28,28.018,-92.05
42.0348,0,23,113,115.317,78.5
42.0348,1,17,0,17.0,0.0
42.0348,2,19,8,20.616,22.83
42.0348,3,23,3,23.195,7.43
42.0348,4,9,-13,15.811,-55.3
42.0348,5,17,5,17.72,16.39
42.0348,6,12,-4,12.649,-18.43
42.0348,7,15,-6,16.155,-21.8
42.0348,8,19,6,19.925,17.53
42.0348,9,21,1,21.024,2.73
42.0348,10,12,-11,16.279,-42.51
42.0348,11,18,-7,19.313,-21.25
42.0348,12,12,-7,13.892,-30.26
42.0348,13,16,-6,17.088,-20.56
42.0348,14,33,-14,35.847,-22.99
42.0348,15,19,-9,21.024,-25.35
42.0348,16,13,-15,19.849,-49.09
42.0348,17,22,-10,24.166,-24.44
42.0348,18,16,-5,16.763,-17.35
42.0348,19,22,-4,22.361,-10.3
42.0348,20,15,-7,16.553,-25.02
42.0348,21,21,-10,23.259,-25.46
42.0348,22,23,-2,23.087,-4.97
42.0348,23,13,-7,14.765,-28.3
42.0348,24,13,3,13.342,12.99
42.0348,25,21,2,21.095,5.44
42.0348,26,15,-2,15.133,-7.59
42.0348,27,0,0,0.0,0.0
42.0348,28,0,0,0.0,0.0
42.0348,29,0,0,0.0,0.0
42.0348,30,0,0,0.0,0.0
42.0348,31,0,0,0.0,0.0
42.0348,32,0,0,0.0,0.0
42.0348,33,0,0,0.0,0.0
42.0348,34,0,0,0.0,0.0
42.0348,35,0,0,0.0,0.0
42.0348,36,0,0,0.0,0.0
42.0348,37,0,0,0.0,0.0
42.0348,38,14,-2,14.142,-8.13
42.0348,39,14,0,14.0,0.0
42.0348,40,13,4,13.601,17.1
42.0348,41,12,-2,12.166,-9.46
42.0348,42,15,1,15.033,3.81
42.0348,43,23,7,24.042,16.93
42.0348,44,22,4,22.361,10.3
42.0348,45,14,8,16.125,29.74
42.0348,46,20,0,20.0,0.0
42.0348,47,23,3,23.195,7.43
42.0348,48,15,7,16.553,25.02
42.0348,49,26,10,27.857,21.04
42.0348,50,20,6,20.881,16.7
42.0348,51,15,5,15.811,18.43
42.0348,52,19,4,19.416,11.89
42.0348,53,19,3,19.235,8.97
42.0348,54,19,4,19.416,11.89
42.0348,55,11,5,12.083,24.44
42.0348,56,17,3,17.263,10.01
42.0348,57,22,1,22.023,2.6
42.0348,58,13,-7,14.765,-28.3
42.0348,59,14,-2,14.142,-8.13
42.0348,60,12,3,12.369,14.04
42.0348,61,8,-13,15.264,-58.39
42.0348,62,15,-2,15.133,-7.59
42.0348,63,28,-16,32.249,-29.74
42.3405,0,23,113,115.317,78.5
42.3405,1,17,0,17.0,0.0
42.3405,2,43,-4,43.186,-5.31
42.3405,3,13,4,13.601,17.1
42.3405,4,22,0,22.0,0.0
42.3405,5,11,3,11.402,15.26
42.3405,6,13,3,13.342,12.99
42.3405,7,23,-2,23.087,-4.97
42.3405,8,23,-6,23.77,-14.62
42.3405,9,17,-3,17.263,-10.01
42.3405,10,22,-11,24.597,-26.57
42.3405,11,18,2,18.111,6.34
42.3405,12,20,-8,21.541,-21.8
42.3405,13,16,-12,20.0,-36.87
42.3405,14,19,-2,19.105,-6.01
42.3405,15,18,-2,18.111,-6.34
42.3405,16,18,-5,18.682,-15.52
42.3405,17,23,-11,25.495,-25.56
42.3405,18,22,-9,23.77,-22.25
42.3405,19,11,2,11.18,10.3
42.3405,20,14,-12,18.439,-40.6
42.3405,21,21,-10,23.259,-25.46
42.3405,22,17,-11,20.248,-32.91
42.3405,23,14,-3,14.318,-12.09
42.3405,24,14,-10,17.205,-35.54
42.3405,25,21,-7,22.136,-18.43
42.3405,26,11,-6,12.53,-28.61
42.3405,27,0,0,0.0,0.0
42.3405,28,0,0,0.0,0.0
42.3405,29,0,0,0.0,0.0
42.3405,30,0,0,0.0,0.0
42.3405,31,0,0,0.0,0.0
42.3405,32,0,0,0.0,0.0
42.3405,33,0,0,0.0,0.0
42.3405,34,0,0,0.0,0.0
42.3405,35,0,0,0.0,0.0
42.3405,36,0,0,0.0,0.0
42.3405,37,0,0,0.0,0.0
42.3405,38,13,9,15.811,34.7
42.3405,39,14,7,15.652,26.57
42.3405,40,13,9,15.811,34.7
42.3405,41,12,14,18.439,49.4
42.3405,42,8,16,17.889,63.43
42.3405,43,12,8,14.422,33.69
42.3405,44,10,15,18.028,56.31
42.3405,45,7,12,13.892,59.74
42.3405,46,9,13,15.811,55.3
42.3405,47,9,10,13.454,48.01
42.3405,48,15,11,18.601,36.25
42.3405,49,10,9,13.454,41.99
42.3405,50,7,13,14.765,61.7
42.3405,51,9,11,14.213,50.71
42.3405,52,13,2,13.153,8.75
42.3405,53,10,8,12.806,38.66
42.3405,54,20,10,22.361,26.57
42.3405,55,15,15,21.213,45.0
42.3405,56,19,10,21.471,27.76
42.3405,57,14,13,19.105,42.88
42.3405,58,22,11,24.597,26.57
42.3405,59,9,1,9.055,6.34
42.3405,60,13,-1,13.038,-4.4
42.3405,61,11,6,12.53,28.61
42.3405,62,24,14,27.785,30.26
42.3405,63,12,19,22.472,57.72
42.4446,0,23,113,115.317,78.5
42.4446,1,17,0,17.0,0.0
42.4446,2,-8,8,11.314,135.0
42.4446,3,-8,1,8.062,172.87
42.4446,4,-4,6,7.211,123.69
42.4446,5,-1,5,5.099,101.31
42.4446,6,-1,7,7.071,98.13
42.4446,7,-4,1,4.123,165.96
42.4446,8,-4,11,11.705,109.98
42.4446,9,0,11,11.0,90.0
42.4446,10,-5,10,11.18,116.57
42.4446,11,-3,10,10.44,106.7
42.4446,12,-1,8,8.062,97.13
42.4446,13,-3,9,9.487,108.43
42.4446,14,-2,9,9.22,102.53
42.4446,15,-2,13,13.153,98.75
42.4446,16,0,11,11.0,90.0
42.4446,17,2,10,10.198,78.69
42.4446,18,2,9,9.22,77.47
42.4446,19,1,9,9.055,83.66
42.4446,20,1,9,9.055,83.66
42.4446,21,0,9,9.0,90.0
42.4446,22,3,10,10.44,73.3
42.4446,23,3,8,8.544,69.44
42.4446,24,-2,13,13.153,98.75
42.4446,25,-1,8,8.062,97.13
42.4446,26,1,3,3.162,71.57
42.4446,27,0,0,0.0,0.0
42.4446,28,0,0,0.0,0.0
42.4446,29,0,0,0.0,0.0
42.4446,30,0,0,0.0,0.0
42.4446,31,0,0,0.0,0.0
42.4446,32,0,0,0.0,0.0
42.4446,33,0,0,0.0,0.0
42.4446,34,0,0,0.0,0.0
42.4446,35,0,0,0.0,0.0
42.4446,36,0,0,0.0,0.0
42.4446,37,0,0,0.0,0.0
42.4446,38,-9,-3,9.487,-161.57
42.4446,39,-6,1,6.083,170.54
42.4446,40,-10,-10,14.142,-135.0
42.4446,41,-9,-7,11.402,-142.13
42.4446,42,-5,-8,9.434,-122.01
42.4446,43,-3,-8,8.544,-110.56
42.4446,44,-7,-3,7.616,-156.8
42.4446,45,-10,-8,12.806,-141.34
42.4446,46,-6,-6,8.485,-135.0
42.4446,47,-9,-8,12.042,-138.37
42.4446,48,-10,-5,11.18,-153.43
42.4446,49,-5,-7,8.602,-125.54
42.4446,50,-6,0,6.0,180.0
42.4446,51,-7,-3,7.616,-156.8
42.4446,52,-7,-1,7.071,-171.87
42.4446,53,-6,-2,6.325,-161.57
42.4446,54,-7,-1,7.071,-171.87
42.4446,55,-9,0,9.0,180.0
42.4446,56,-10,-1,10.05,-174.29
42.4446,57,-6,2,6.325,161.57
42.4446,58,-14,1,14.036,175.91
42.4446,59,-5,0,5.0,180.0
42.4446,60,-13,3,13.342,167.01
42.4446,61,-12,0,12.0,180.0
42.4446,62,2,1,2.236,26.57
42.4446,63,-1,13,13.038,94.4
42.5501,0,23,113,115.317,78.5
42.5501,1,17,0,17.0,0.0
42.5501,2,6,-7,9.22,-49.4
42.5501,3,-5,-20,20.616,-104.04
42.5501,4,-4,-13,13.601,-107.1
42.5501,5,15,-25,29.155,-59.04
42.5501,6,11,-15,18.601,-53.75
42.5501,7,6,-20,20.881,-73.3
42.5501,8,13,-25,28.178,-62.53
42.5501,9,-2,-25,25.08,-94.57
42.5501,10,9,-20,21.932,-65.77
42.5501,11,6,-18,18.974,-71.57
42.5501,12,3,-23,23.195,-82.57
42.5501,13,4,-22,22.361,-79.7
42.5501,14,-6,-19,19.925,-107.53
42.5501,15,-5,-18,18.682,-105.52
42.5501,16,0,-19,19.0,-90.0
42.5501,17,6,-23,23.77,-75.38
42.5501,18,7,-23,24.042,-73.07
42.5501,19,1,-18,18.028,-86.82
42.5501,20,6,-21,21.84,-74.05
42.5501,21,2,-20,20.1,-84.29
42.5501,22,8,-19,20.616,-67.17
42.5501,23,11,-14,17.804,-51.84
42.5501,24,3,-15,15.297,-78.69
42.5501,25,6,-16,17.088,-69.44
42.5501,26,10,-16,18.868,-57.99
42.5501,27,0,0,0.0,0.0
42.5501,28,0,0,0.0,0.0
42.5501,29,0,0,0.0,0.0
42.5501,30,0,0,0.0,0.0
42.5501,31,0,0,0.0,0.0
42.5501,32,0,0,0.0,0.0
42.5501,33,0,0,0.0,0.0
42.5501,34,0,0,0.0,0.0
42.5501,35,0,0,0.0,0.0
42.5501,36,0,0,0.0,0.0
42.5501,37,0,0,0.0,0.0
42.5501,38,3,-15,15.297,-78.69
42.5501,39,9,-20,21.932,-65.77
42.5501,40,10,-17,19.723,-59.53
42.5501,41,11,-12,16.279,-47.49
42.5501,42,8,-20,21.541,-68.2
42.5501,43,7,-17,18.385,-67.62
42.5501,44,11,-16,19.416,-55.49
42.5501,45,8,-16,17.889,-63.43
42.5501,46,6,-22,22.804,-74.74
42.5501,47,11,-17,20.248,-57.09
42.5501,48,12,-15,19.209,-51.34
42.5501,49,15,-11,18.601,-36.25
42.5501,50,11,-16,19.416,-55.49
42.5501,51,16,-20,25.612,-51.34
42.5501,52,10,-18,20.591,-60.95
42.5501,53,16,-16,22.627,-45.0
42.5501,54,16,-11,19.416,-34.51
42.5501,55,12,-18,21.633,-56.31
42.5501,56,13,-8,15.264,-31.61
42.5501,57,15,-5,15.811,-18.43
42.5501,58,0,-20,20.0,-90.0
42.5501,59,7,-19,20.248,-69.78
42.5501,60,18,-5,18.682,-15.52
42.5501,61,19,-31,36.359,-58.5
42.5501,62,-2,-12,12.166,-99.46
42.5501,63,3,-39,39.115,-85.6
42.6479,0,23,113,115.317,78.5
42.6479,1,17,0,17.0,0.0
42.6479,2,22,-4,22.361,-10.3
42.6479,3,40,-3,40.112,-4.29
42.6479,4,22,-10,24.166,-24.44
42.6479,5,5,-7,8.602,-54.46
42.6479,6,24,-12,26.833,-26.57
42.6479,7,31,-1,31.016,-1.85
42.6479,8,14,-1,14.036,-4.09
42.6479,9,31,-23,38.601,-36.57
42.6479,10,27,-9,28.46,-18.43
42.6479,11,13,-7,14.765,-28.3
42.6479,12,20,-6,20.881,-16.7
42.6479,13,8,-3,8.544,-20.56
42.6479,14,16,-7,17.464,-23.63
42.6479,15,25,-4,25.318,-9.09
42.6479,16,20,-3,20.224,-8.53
42.6479,17,22,2,22.091,5.19
42.6479,18,18,-8,19.698,-23.96
42.6479,19,16,-5,16.763,-17.35
42.6479,20,14,-18,22.804,-52.13
42.6479,21,19,-20,27.586,-46.47
42.6479,22,18,-12,21.633,-33.69
42.6479,23,24,-8,25.298,-18.43
42.6479,24,24,-9,25.632,-20.56
42.6479,25,17,-11,20.248,-32.91
42.6479,26,17,-4,17.464,-13.24
42.6479,27,0,0,0.0,0.0
42.6479,28,0,0,0.0,0.0
42.6479,29,0,0,0.0,0.0
42.6479,30,0,0,0.0,0.0
42.6479,31,0,0,0.0,0.0
42.6479,32,0,0,0.0,0.0
42.6479,33,0,0,0.0,0.0
42.6479,34,0,0,0.0,0.0
42.6479,35,0,0,0.0,0.0
42.6479,36,0,0,0.0,0.0
42.6479,37,0,0,0.0,0.0
42.6479,38,19,1,19.026,3.01
42.6479,39,15,-6,16.155,-21.8
42.6479,40,21,3,21.213,8.13
42.6479,41,16,10,18.868,32.01
42.6479,42,18,5,18.682,15.52
42.6479,43,19,7,20.248,20.22
42.6479,44,21,10,23.259,25.46
42.6479,45,17,3,17.263,10.01
42.6479,46,21,2,21.095,5.44
42.6479,47,23,4,23.345,9.87
42.6479,48,22,8,23.409,19.98
42.6479,49,21,11,23.707,27.65
42.6479,50,19,-3,19.235,-8.97
42.6479,51,21,7,22.136,18.43
42.6479,52,20,7,21.19,19.29
42.6479,53,22,6,22.804,15.26
42.6479,54,24,8,25.298,18.43
42.6479,55,23,-2,23.087,-4.97
42.6479,56,5,2,5.385,21.8
42.6479,57,31,1,31.016,1.85
42.6479,58,25,2,25.08,4.57
42.6479,59,14,-2,14.142,-8.13
42.6479,60,16,-5,16.763,-17.35
42.6479,61,11,14,17.804,51.84
42.6479,62,6,-4,7.211,-33.69
42.6479,63,1,-23,23.022,-87.51
42.9626,0,23,113,115.317,78.5
42.9626,1,17,0,17.0,0.0
42.9626,2,13,-22,25.554,-59.42
42.9626,3,14,-8,16.125,-29.74
42.9626,4,15,-15,21.213,-45.0
42.9626,5,20,-4,20.396,-11.31
42.9626,6,15,1,15.033,3.81
42.9626,7,6,-15,16.155,-68.2
42.9626,8,8,-12,14.422,-56.31
42.9626,9,13,-12,17.692,-42.71
42.9626,10,14,-4,14.56,-15.95
42.9626,11,12,-15,19.209,-51.34
42.9626,12,18,-14,22.804,-37.87
42.9626,13,8,-13,15.264,-58.39
42.9626,14,17,-15,22.672,-41.42
42.9626,15,5,-10,11.18,-63.43
42.9626,16,12,-13,17.692,-47.29
42.9626,17,15,-16,21.932,-46.85
42.9626,18,15,-11,18.601,-36.25
42.9626,19,5,-13,13.928,-68.96
42.9626,20,8,-13,15.264,-58.39
42.9626,21,11,-12,16.279,-47.49
42.9626,22,14,-9,16.643,-32.74
42.9626,23,10,-12,15.62,-50.19
42.9626,24,17,-11,20.248,-32.91
42.9626,25,10,-8,12.806,-38.66
42.9626,26,13,-13,18.385,-45.0
42.9626,27,0,0,0.0,0.0
42.9626,28,0,0,0.0,0.0
42.9626,29,0,0,0.0,0.0
42.9626,30,0,0,0.0,0.0
42.9626,31,0,0,0.0,0.0
42.9626,32,0,0,0.0,0.0
42.9626,33,0,0,0.0,0.0
42.9626,34,0,0,0.0,0.0
42.9626,35,0,0,0.0,0.0
42.9626,36,0,0,0.0,0.0
42.9626,37,0,0,0.0,0.0
42.9626,38,-1,-12,12.042,-94.76
42.9626,39,-1,-12,12.042,-94.76
42.9626,40,3,-19,19.235,-81.03
42.9626,41,4,-14,14.56,-74.05
42.9626,42,6,-15,16.155,-68.2
42.9626,43,4,-15,15.524,-75.07
42.9626,44,4,-16,16.492,-75.96
42.9626,45,5,-11,12.083,-65.56
42.9626,46,5,-16,16.763,-72.65
42.9626,47,11,-14,17.804,-51.84
42.9626,48,5,-14,14.866,-70.35
42.9626,49,8,-9,12.042,-48.37
42.9626,50,8,-12,14.422,-56.31
42.9626,51,4,-12,12.649,-71.57
42.9626,52,2,-18,18.111,-83.66
42.9626,53,8,-20,21.541,-68.2
42.9626,54,10,-16,18.868,-57.99
42.9626,55,5,-13,13.928,-68.96
42.9626,56,10,2,10.198,11.31
42.9626,57,7,-20,21.19,-70.71
42.9626,58,5,-24,24.515,-78.23
42.9626,59,5,-17,17.72,-73.61
42.9626,60,14,-14,19.799,-45.0
42.9626,61,-3,-1,3.162,-161.57
42.9626,62,9,-3,9.487,-18.43
42.9626,63,-6,-12,13.416,-116.57
43.0987,0,92,-63,111.503,-34.4
43.0987,1,21,0,21.0,0.0
43.0987,2,37,-5,37.336,-7.7
43.0987,3,4,-2,4.472,-26.57
43.0987,4,14,-8,16.125,-29.74
43.0987,5,3,-21,21.213,-81.87
43.0987,6,12,-20,23.324,-59.04
43.0987,7,18,-10,20.591,-29.05
43.0987,8,8,-13,15.264,-58.39
43.0987,9,10,-24,26.0,-67.38
43.0987,10,11,-23,25.495,-64.44
43.0987,11,4,-22,22.361,-79.7
43.0987,12,10,-21,23.259,-64.54
43.0987,13,3,-24,24.187,-82.87
43.0987,14,18,-25,30.806,-54.25
43.0987,15,7,-25,25.962,-74.36
43.0987,16,-1,-24,24.021,-92.39
43.0987,17,11,-20,22.825,-61.19
43.0987,18,10,-17,19.723,-59.53
43.0987,19,19,-21,28.32,-47.86
43.0987,20,4,-13,13.601,-72.9
43.0987,21,8,-20,21.541,-68.2
43.0987,22,14,-23,26.926,-58.67
43.0987,23,9,-16,18.358,-60.64
43.0987,24,14,-14,19.799,-45.0
43.0987,25,28,-17,32.757,-31.26
43.0987,26,18,-21,27.659,-49.4
43.0987,27,0,0,0.0,0.0
43.0987,28,0,0,0.0,0.0
43.0987,29,0,0,0.0,0.0
43.0987,30,0,0,0.0,0.0
43.0987,31,0,0,0.0,0.0
43.0987,32,0,0,0.0,0.0
43.0987,33,0,0,0.0,0.0
43.0987,34,0,0,0.0,0.0
43.0987,35,0,0,0.0,0.0
43.0987,36,0,0,0.0,0.0
43.0987,37,0,0,0.0,0.0
43.0987,38,11,-4,11.705,-19.98
43.0987,39,15,1,15.033,3.81
43.0987,40,19,-3,19.235,-8.97
43.0987,41,13,4,13.601,17.1
43.0987,42,21,4,21.378,10.78
43.0987,43,13,3,13.342,12.99
43.0987,44,16,4,16.492,14.04
43.0987,45,21,2,21.095,5.44
43.0987,46,16,-2,16.125,-7.13
43.0987,47,22,4,22.361,10.3
43.0987,48,17,0,17.0,0.0
43.0987,49,17,-3,17.263,-10.01
43.0987,50,10,2,10.198,11.31
43.0987,51,24,3,24.187,7.13
43.0987,52,14,-2,14.142,-8.13
43.0987,53,31,-2,31.064,-3.69
43.0987,54,13,-7,14.765,-28.3
43.0987,55,17,-10,19.723,-30.47
43.0987,56,10,-2,10.198,-11.31
43.0987,57,14,-9,16.643,-32.74
43.0987,58,5,-11,12.083,-65.56
43.0987,59,19,2,19.105,6.01
43.0987,60,12,-11,16.279,-42.51
43.0987,61,30,-12,32.311,-21.8
43.0987,62,17,2,17.117,6.71
43.0987,63,27,-15,30.887,-29.05
43.1622,0,23,113,115.317,78.5
43.1622,1,17,0,17.0,0.0
43.1622,2,21,10,23.259,25.46
43.1622,3,1,-17,17.029,-86.63
43.1622,4,10,-26,27.857,-68.96
43.1622,5,29,-3,29.155,-5.91
43.1622,6,3,-8,8.544,-69.44
43.1622,7,20,-14,24.413,-34.99
43.1622,8,11,-22,24.597,-63.43
43.1622,9,-1,-17,17.029,-93.37
43.1622,10,9,-27,28.46,-71.57
43.1622,11,6,-18,18.974,-71.57
43.1622,12,2,-32,32.062,-86.42
43.1622,13,6,-13,14.318,-65.22
43.1622,14,-4,-24,24.331,-99.46
43.1622,15,-3,-32,32.14,-95.36
43.1622,16,0,-29,29.0,-90.0
43.1622,17,-2,-15,15.133,-97.59
43.1622,18,-9,-25,26.571,-109.8
43.1622,19,-4,-23,23.345,-99.87
43.1622,20,-2,-20,20.1,-95.71
43.1622,21,-6,-29,29.614,-101.69
43.1622,22,-10,-21,23.259,-115.46
43.1622,23,-15,-18,23.431,-129.81
43.1622,24,-9,-17,19.235,-117.9
43.1622,25,-10,-21,23.259,-115.46
43.1622,26,-2,-12,12.166,-99.46
43.1622,27,0,0,0.0,0.0
43.1622,28,0,0,0.0,0.0
43.1622,29,0,0,0.0,0.0
43.1622,30,0,0,0.0,0.0
43.1622,31,0,0,0.0,0.0
43.1622,32,0,0,0.0,0.0
43.1622,33,0,0,0.0,0.0
43.1622,34,0,0,0.0,0.0
43.1622,35,0,0,0.0,0.0
43.1622,36,0,0,0.0,0.0
43.1622,37,0,0,0.0,0.0
43.1622,38,13,15,19.849,49.09
43.1622,39,17,11,20.248,32.91
43.1622,40,11,15,18.601,53.75
43.1622,41,9,18,20.125,63.43
43.1622,42,12,12,16.971,45.0
43.1622,43,11,13,17.029,49.76
43.1622,44,12,20,23.324,59.04
43.1622,45,9,18,20.125,63.43
43.1622,46,18,6,18.974,18.43
43.1622,47,18,12,21.633,33.69
43.1622,48,15,8,17.0,28.07
43.1622,49,15,11,18.601,36.25
43.1622,50,18,8,19.698,23.96
43.1622,51,19,8,20.616,22.83
43.1622,52,13,5,13.928,21.04
43.1622,53,17,8,18.788,25.2
43.1622,54,1,0,1.0,0.0
43.1622,55,15,-2,15.133,-7.59
43.1622,56,13,11,17.029,40.24
43.1622,57,24,-9,25.632,-20.56
43.1622,58,13,0,13.0,0.0
43.1622,59,23,3,23.195,7.43
43.1622,60,24,-11,26.401,-24.62
43.1622,61,37,-4,37.216,-6.17
43.1622,62,23,13,26.42,29.48
43.1622,63,9,-34,35.171,-75.17
43.2101,0,92,-63,111.503,-34.4
43.2101,1,21,0,21.0,0.0
43.2101,2,-9,15,17.493,120.96
43.2101,3,-17,22,27.803,127.69
43.2101,4,7,-5,8.602,-35.54
43.2101,5,0,14,14.0,90.0
43.2101,6,9,16,18.358,60.64
43.2101,7,7,9,11.402,52.13
43.2101,8,14,19,23.601,53.62
43.2101,9,4,23,23.345,80.13
43.2101,10,7,1,7.071,8.13
43.2101,11,10,25,26.926,68.2
43.2101,12,10,5,11.18,26.57
43.2101,13,9,26,27.514,70.91
43.2101,14,2,25,25.08,85.43
43.2101,15,0,17,17.0,90.0
43.2101,16,0,22,22.0,90.0
43.2101,17,6,16,17.088,69.44
43.2101,18,3,21,21.213,81.87
43.2101,19,5,21,21.587,76.61
43.2101,20,9,27,28.46,71.57
43.2101,21,4,14,14.56,74.05
43.2101,22,2,24,24.083,85.24
43.2101,23,4,19,19.416,78.11
43.2101,24,9,17,19.235,62.1
43.2101,25,7,23,24.042,73.07
43.2101,26,2,12,12.166,80.54
43.2101,27,0,0,0.0,0.0
43.2101,28,0,0,0.0,0.0
43.2101,29,0,0,0.0,0.0
43.2101,30,0,0,0.0,0.0
43.2101,31,0,0,0.0,0.0
43.2101,32,0,0,0.0,0.0
43.2101,33,0,0,0.0,0.0
43.2101,34,0,0,0.0,0.0
43.2101,35,0,0,0.0,0.0
43.2101,36,0,0,0.0,0.0
43.2101,37,0,0,0.0,0.0
43.2101,38,-2,15,15.133,97.59
43.2101,39,-2,12,12.166,99.46
43.2101,40,-10,14,17.205,125.54
43.2101,41,-7,17,18.385,112.38
43.2101,42,-6,23,23.77,104.62
43.2101,43,-3,17,17.263,100.01
43.2101,44,-1,19,19.026,93.01
43.2101,45,-4,27,27.295,98.43
43.2101,46,-8,19,20.616,112.83
43.2101,47,0,23,23.0,90.0
43.2101,48,-11,17,20.248,122.91
43.2101,49,-1,22,22.023,92.6
43.2101,50,3,22,22.204,82.23
43.2101,51,-1,15,15.033,93.81
43.2101,52,-10,20,22.361,116.57
43.2101,53,-14,36,38.626,111.25
43.2101,54,-9,34,35.171,104.83
43.2101,55,-24,25,34.655,133.83
43.2101,56,-28,49,56.436,119.74
43.2101,57,-3,35,35.128,94.9
43.2101,58,-12,25,27.731,115.64
43.2101,59,0,22,22.0,90.0
43.2101,60,8,24,25.298,71.57
43.2101,61,23,26,34.713,48.5
43.2101,62,0,30,30.0,90.0
43.2101,63,8,11,13.601,53.97
43.518,0,23,113,115.317,78.5
43.518,1,17,0,17.0,0.0
43.518,2,4,24,24.331,80.54
43.518,3,12,15,19.209,51.34
43.518,4,-1,17,17.029,93.37
43.518,5,5,20,20.616,75.96
43.518,6,0,17,17.0,90.0
43.518,7,6,13,14.318,65.22
43.518,8,5,10,11.18,63.43
43.518,9,2,9,9.22,77.47
43.518,10,5,15,15.811,71.57
43.518,11,4,17,17.464,76.76
43.518,12,1,22,22.023,87.4
43.518,13,-3,10,10.44,106.7
43.518,14,-3,16,16.279,100.62
43.518,15,-6,17,18.028,109.44
43.518,16,1,19,19.026,86.99
43.518,17,0,21,21.0,90.0
43.518,18,-3,11,11.402,105.26
43.518,19,-2,18,18.111,96.34
43.518,20,-8,19,20.616,112.83
43.518,21,-9,13,15.811,124.7
43.518,22,-8,16,17.889,116.57
43.518,23,-10,12,15.62,129.81
43.518,24,-8,18,19.698,113.96
43.518,25,-8,3,8.544,159.44
43.518,26,-10,11,14.866,132.27
43.518,27,0,0,0.0,0.0
43.518,28,0,0,0.0,0.0
43.518,29,0,0,0.0,0.0
43.518,30,0,0,0.0,0.0
43.518,31,0,0,0.0,0.0
43.518,32,0,0,0.0,0.0
43.518,33,0,0,0.0,0.0
43.518,34,0,0,0.0,0.0
43.518,35,0,0,0.0,0.0
43.518,36,0,0,0.0,0.0
43.518,37,0,0,0.0,0.0
43.518,38,12,-3,12.369,-14.04
43.518,39,17,-5,17.72,-16.39
43.518,40,10,-2,10.198,-11.31
43.518,41,16,2,16.125,7.13
43.518,42,11,-3,11.402,-15.26
43.518,43,9,-2,9.22,-12.53
43.518,44,6,0,6.0,0.0
43.518,45,13,10,16.401,37.57
43.518,46,16,9,18.358,29.36
43.518,47,10,9,13.454,41.99
43.518,48,13,8,15.264,31.61
43.518,49,11,14,17.804,51.84
43.518,50,18,10,20.591,29.05
43.518,51,14,9,16.643,32.74
43.518,52,8,4,8.944,26.57
43.518,53,7,10,12.207,55.01
43.518,54,16,16,22.627,45.0
43.518,55,17,9,19.235,27.9
43.518,56,8,7,10.63,41.19
43.518,57,9,14,16.643,57.26
43.518,58,-5,8,9.434,122.01
43.518,59,0,14,14.0,90.0
43.518,60,15,16,21.932,46.85
43.518,61,9,16,18.358,60.64
43.518,62,-2,20,20.1,95.71
43.518,63,9,17,19.235,62.1
43.8007,0,23,113,115.317,78.5
43.8007,1,17,0,17.0,0.0
43.8007,2,-10,17,19.723,120.47
43.8007,3,-4,12,12.649,108.43
43.8007,4,-14,11,17.804,141.84
43.8007,5,-9,-3,9.487,-161.57
43.8007,6,-2,15,15.133,97.59
43.8007,7,6,21,21.84,74.05
43.8007,8,-2,16,16.125,97.13
43.8007,9,0,26,26.0,90.0
43.8007,10,2,16,16.125,82.87
43.8007,11,2,23,23.087,85.03
43.8007,12,5,13,13.928,68.96
43.8007,13,1,17,17.029,86.63
43.8007,14,4,20,20.396,78.69
43.8007,15,8,15,17.0,61.93
43.8007,16,9,18,20.125,63.43
43.8007,17,4,10,10.77,68.2
43.8007,18,10,15,18.028,56.31
43.8007,19,6,12,13.416,63.43
43.8007,20,6,15,16.155,68.2
43.8007,21,4,15,15.524,75.07
43.8007,22,11,15,18.601,53.75
43.8007,23,7,14,15.652,63.43
43.8007,24,13,14,19.105,47.12
43.8007,25,9,10,13.454,48.01
43.8007,26,2,20,20.1,84.29
43.8007,27,0,0,0.0,0.0
43.8007,28,0,0,0.0,0.0
43.8007,29,0,0,0.0,0.0
43.8007,30,0,0,0.0,0.0
43.8007,31,0,0,0.0,0.0
43.8007,32,0,0,0.0,0.0
43.8007,33,0,0,0.0,0.0
43.8007,34,0,0,0.0,0.0
43.8007,35,0,0,0.0,0.0
43.8007,36,0,0,0.0,0.0
43.8007,37,0,0,0.0,0.0
43.8007,38,-17,-3,17.263,-169.99
43.8007,39,-16,-1,16.031,-176.42
43.8007,40,-16,-3,16.279,-169.38
43.8007,41,-17,-2,17.117,-173.29
43.8007,42,-17,3,17.263,169.99
43.8007,43,-13,-4,13.601,-162.9
43.8007,44,-19,-4,19.416,-168.11
43.8007,45,-17,-6,18.028,-160.56
43.8007,46,-14,0,14.0,180.0
43.8007,47,-18,2,18.111,173.66
43.8007,48,-18,3,18.248,170.54
43.8007,49,-17,1,17.029,176.63
43.8007,50,-18,3,18.248,170.54
43.8007,51,-13,3,13.342,167.01
43.8007,52,-22,1,22.023,177.4
43.8007,53,-20,5,20.616,165.96
43.8007,54,-18,2,18.111,173.66
43.8007,55,-19,12,22.472,147.72
43.8007,56,-4,1,4.123,165.96
43.8007,57,-21,-1,21.024,-177.27
43.8007,58,-13,-3,13.342,-167.01
43.8007,59,-17,13,21.401,142.59
43.8007,60,6,10,11.662,59.04
43.8007,61,-4,5,6.403,128.66
43.8007,62,-5,24,24.515,101.77
43.8007,63,-24,19,30.61,141.63
43.9838,0,23,113,115.317,78.5
43.9838,1,17,0,17.0,0.0
43.9838,2,9,24,25.632,69.44
43.9838,3,-1,20,20.025,92.86
43.9838,4,-17,18,24.759,133.36
43.9838,5,-24,27,36.125,131.63
43.9838,6,-6,15,16.155,111.8
43.9838,7,-2,23,23.087,94.97
43.9838,8,-9,9,12.728,135.0
43.9838,9,1,25,25.02,87.71
43.9838,10,3,18,18.248,80.54
43.9838,11,-5,23,23.537,102.26
43.9838,12,5,16,16.763,72.65
43.9838,13,0,19,19.0,90.0
43.9838,14,-3,18,18.248,99.46
43.9838,15,-8,10,12.806,128.66
43.9838,16,0,18,18.0,90.0
43.9838,17,5,13,13.928,68.96
43.9838,18,-4,13,13.601,107.1
43.9838,19,7,15,16.553,64.98
43.9838,20,-3,16,16.279,100.62
43.9838,21,-4,20,20.396,101.31
43.9838,22,4,14,14.56,74.05
43.9838,23,3,18,18.248,80.54
43.9838,24,5,14,14.866,70.35
43.9838,25,-6,19,19.925,107.53
43.9838,26,-7,21,22.136,108.43
43.9838,27,0,0,0.0,0.0
43.9838,28,0,0,0.0,0.0
43.9838,29,0,0,0.0,0.0
43.9838,30,0,0,0.0,0.0
43.9838,31,0,0,0.0,0.0
43.9838,32,0,0,0.0,0.0
43.9838,33,0,0,0.0,0.0
43.9838,34,0,0,0.0,0.0
43.9838,35,0,0,0.0,0.0
43.9838,36,0,0,0.0,0.0
43.9838,37,0,0,0.0,0.0
43.9838,38,-15,8,17.0,151.93
43.9838,39,-16,8,17.889,153.43
43.9838,40,-14,2,14.142,171.87
43.9838,41,-19,8,20.616,157.17
43.9838,42,-14,2,14.142,171.87
43.9838,43,-20,1,20.025,177.14
43.9838,44,-22,6,22.804,164.74
43.9838,45,-20,1,20.025,177.14
43.9838,46,-13,5,13.928,158.96
43.9838,47,-7,6,9.22,139.4
43.9838,48,-13,9,15.811,145.3
43.9838,49,-21,9,22.847,156.8
43.9838,50,-19,6,19.925,162.47
43.9838,51,-19,7,20.248,159.78
43.9838,52,-33,10,34.482,163.14
43.9838,53,-14,5,14.866,160.35
43.9838,54,-19,13,23.022,145.62
43.9838,55,-15,8,17.0,151.93
43.9838,56,-13,-4,13.601,-162.9
43.9838,57,-28,18,33.287,147.26
43.9838,58,-12,-4,12.649,-161.57
43.9838,59,-9,9,12.728,135.0
43.9838,60,-5,5,7.071,135.0
43.9838,61,-6,2,6.325,161.57
43.9838,62,-7,24,25.0,106.26
43.9838,63,-18,23,29.206,128.05
43.985,0,92,-63,111.503,-34.4
43.985,1,21,0,21.0,0.0
43.985,2,33,-14,35.847,-22.99
43.985,3,-5,1,5.099,168.69
43.985,4,5,-3,5.831,-30.96
43.985,5,18,-25,30.806,-54.25
43.985,6,10,-6,11.662,-30.96
43.985,7,12,-11,16.279,-42.51
43.985,8,10,-9,13.454,-41.99
43.985,9,18,-4,18.439,-12.53
43.985,10,14,-15,20.518,-46.97
43.985,11,23,-12,25.942,-27.55
43.985,12,28,-21,35.0,-36.87
43.985,13,9,2,9.22,12.53
43.985,14,10,-16,18.868,-57.99
43.985,15,14,-15,20.518,-46.97
43.985,16,17,-12,20.809,-35.22
43.985,17,6,-20,20.881,-73.3
43.985,18,9,-6,10.817,-33.69
43.985,19,14,-14,19.799,-45.0
43.985,20,15,-25,29.155,-59.04
43.985,21,5,-21,21.587,-76.61
43.985,22,6,-12,13.416,-63.43
43.985,23,12,-8,14.422,-33.69
43.985,24,5,-9,10.296,-60.95
43.985,25,13,-25,28.178,-62.53
43.985,26,19,-13,23.022,-34.38
43.985,27,0,0,0.0,0.0
43.985,28,0,0,0.0,0.0
43.985,29,0,0,0.0,0.0
43.985,30,0,0,0.0,0.0
43.985,31,0,0,0.0,0.0
43.985,32,0,0,0.0,0.0
43.985,33,0,0,0.0,0.0
43.985,34,0,0,0.0,0.0
43.985,35,0,0,0.0,0.0
43.985,36,0,0,0.0,0.0
43.985,37,0,0,0.0,0.0
43.985,38,20,4,20.396,11.31
43.985,39,19,2,19.105,6.01
43.985,40,14,1,14.036,4.09
43.985,41,16,3,16.279,10.62
43.985,42,19,3,19.235,8.97
43.985,43,17,2,17.117,6.71
43.985,44,22,-2,22.091,-5.19
43.985,45,18,-4,18.439,-12.53
43.985,46,20,-1,20.025,-2.86
43.985,47,17,8,18.788,25.2
43.985,48,9,8,12.042,41.63
43.985,49,20,-4,20.396,-11.31
43.985,50,16,2,16.125,7.13
43.985,51,14,3,14.318,12.09
43.985,52,23,1,23.022,2.49
43.985,53,20,6,20.881,16.7
43.985,54,8,-5,9.434,-32.01
43.985,55,17,-2,17.117,-6.71
43.985,56,23,-4,23.345,-9.87
43.985,57,23,5,23.537,12.26
43.985,58,31,5,31.401,9.16
43.985,59,25,-1,25.02,-2.29
43.985,60,23,9,24.698,21.37
43.985,61,29,-1,29.017,-1.97
43.985,62,27,-11,29.155,-22.17
43.985,63,27,-6,27.659,-12.53
43.9854,0,92,-63,111.503,-34.4
43.9854,1,21,0,21.0,0.0
43.9854,2,12,-17,20.809,-54.78
43.9854,3,19,-7,20.248,-20.22
43.9854,4,1,-2,2.236,-63.43
43.9854,5,0,-1,1.0,-90.0
43.9854,6,20,1,20.025,2.86
43.9854,7,16,-5,16.763,-17.35
43.9854,8,14,-3,14.318,-12.09
43.9854,9,14,-9,16.643,-32.74
43.9854,10,10,-3,10.44,-16.7
43.9854,11,10,-8,12.806,-38.66
43.9854,12,16,1,16.031,3.58
43.9854,13,19,1,19.026,3.01
43.9854,14,7,-11,13.038,-57.53
43.9854,15,16,-9,18.358,-29.36
43.9854,16,11,-6,12.53,-28.61
43.9854,17,13,-6,14.318,-24.78
43.9854,18,7,3,7.616,23.2
43.9854,19,9,-5,10.296,-29.05
43.9854,20,17,-3,17.263,-10.01
43.9854,21,11,-2,11.18,-10.3
43.9854,22,17,-2,17.117,-6.71
43.9854,23,8,-1,8.062,-7.13
43.9854,24,13,4,13.601,17.1
43.9854,25,11,4,11.705,19.98
43.9854,26,7,2,7.28,15.95
43.9854,27,0,0,0.0,0.0
43.9854,28,0,0,0.0,0.0
43.9854,29,0,0,0.0,0.0
43.9854,30,0,0,0.0,0.0
43.9854,31,0,0,0.0,0.0
43.9854,32,0,0,0.0,0.0
43.9854,33,0,0,0.0,0.0
43.9854,34,0,0,0.0,0.0
43.9854,35,0,0,0.0,0.0
43.9854,36,0,0,0.0,0.0
43.9854,37,0,0,0.0,0.0
43.9854,38,5,-8,9.434,-57.99
43.9854,39,7,-12,13.892,-59.74
43.9854,40,12,-10,15.62,-39.81
43.9854,41,6,-8,10.0,-53.13
43.9854,42,12,-7,13.892,-30.26
43.9854,43,10,-12,15.62,-50.19
43.9854,44,15,-7,16.553,-25.02
43.9854,45,16,-11,19.416,-34.51
43.9854,46,15,-8,17.0,-28.07
43.9854,47,16,-5,16.763,-17.35
43.9854,48,14,-2,14.142,-8.13
43.9854,49,17,-3,17.263,-10.01
43.9854,50,13,-11,17.029,-40.24
43.9854,51,19,-5,19.647,-14.74
43.9854,52,11,-2,11.18,-10.3
43.9854,53,15,-7,16.553,-25.02
43.9854,54,15,1,15.033,3.81
43.9854,55,17,5,17.72,16.39
43.9854,56,24,-2,24.083,-4.76
43.9854,57,7,-7,9.899,-45.0
43.9854,58,13,-9,15.811,-34.7
43.9854,59,9,-1,9.055,-6.34
43.9854,60,15,-23,27.459,-56.89
43.9854,61,19,-4,19.416,-11.89
43.9854,62,25,9,26.571,19.8
43.9854,63,15,-22,26.627,-55.71
43.9882,0,23,113,115.317,78.5
43.9882,1,17,0,17.0,0.0
43.9882,2,-21,-3,21.213,-171.87
43.9882,3,-15,-9,17.493,-149.04
43.9882,4,-6,-12,13.416,-116.57
43.9882,5,-12,8,14.422,146.31
43.9882,6,-8,-5,9.434,-147.99
43.9882,7,-14,-8,16.125,-150.26
43.9882,8,-11,3,11.402,164.74
43.9882,9,-23,-1,23.022,-177.51
43.9882,10,-20,5,20.616,165.96
43.9882,11,-19,4,19.416,168.11
43.9882,12,-21,14,25.239,146.31
43.9882,13,-22,0,22.0,180.0
43.9882,14,-14,1,14.036,175.91
43.9882,15,-24,-2,24.083,-175.24
43.9882,16,-10,3,10.44,163.3
43.9882,17,-15,-6,16.155,-158.2
43.9882,18,-22,2,22.091,174.81
43.9882,19,-16,0,16.0,180.0
43.9882,20,-22,9,23.77,157.75
43.9882,21,-20,1,20.025,177.14
43.9882,22,-19,-8,20.616,-157.17
43.9882,23,-13,-3,13.342,-167.01
43.9882,24,-24,-3,24.187,-172.87
43.9882,25,-18,-4,18.439,-167.47
43.9882,26,-10,-6,11.662,-149.04
43.9882,27,0,0,0.0,0.0
43.9882,28,0,0,0.0,0.0
43.9882,29,0,0,0.0,0.0
43.9882,30,0,0,0.0,0.0
43.9882,31,0,0,0.0,0.0
43.9882,32,0,0,0.0,0.0
43.9882,33,0,0,0.0,0.0
43.9882,34,0,0,0.0,0.0
43.9882,35,0,0,0.0,0.0
43.9882,36,0,0,0.0,0.0
43.9882,37,0,0,0.0,0.0
43.9882,38,-17,-1,17.029,-176.63
43.9882,39,-16,1,16.031,176.42
43.9882,40,-13,0,13.0,180.0
43.9882,41,-15,1,15.033,176.19
43.9882,42,-14,-3,14.318,-167.91
43.9882,43,-20,-3,20.224,-171.47
43.9882,44,-20,0,20.0,180.0
43.9882,45,-15,-1,15.033,-176.19
43.9882,46,-14,-1,14.036,-175.91
43.9882,47,-17,-6,18.028,-160.56
43.9882,48,-17,1,17.029,176.63
43.9882,49,-19,-7,20.248,-159.78
43.9882,50,-14,-4,14.56,-164.05
43.9882,51,-14,-3,14.318,-167.91
43.9882,52,-23,-3,23.195,-172.57
43.9882,53,-17,-2,17.117,-173.29
43.9882,54,-13,-5,13.928,-158.96
43.9882,55,-17,-4,17.464,-166.76
43.9882,56,-18,-6,18.974,-161.57
43.9882,57,-19,-8,20.616,-157.17
43.9882,58,-19,8,20.616,157.17
43.9882,59,-17,2,17.117,173.29
43.9882,60,-12,-4,12.649,-161.57
43.9882,61,-11,7,13.038,147.53
43.9882,62,-28,9,29.411,162.18
43.9882,63,-12,8,14.422,146.31
44.2219,0,23,113,115.317,78.5
44.2219,1,17,0,17.0,0.0
44.2219,2,31,13,33.615,22.75
44.2219,3,19,25,31.401,52.77
44.2219,4,17,11,20.248,32.91
44.2219,5,14,15,20.518,46.97
44.2219,6,15,23,27.459,56.89
44.2219,7,4,7,8.062,60.26
44.2219,8,20,9,21.932,24.23
44.2219,9,19,17,25.495,41.82
44.2219,10,8,3,8.544,20.56
44.2219,11,17,6,18.028,19.44
44.2219,12,16,0,16.0,0.0
44.2219,13,17,10,19.723,30.47
44.2219,14,13,5,13.928,21.04
44.2219,15,23,9,24.698,21.37
44.2219,16,11,7,13.038,32.47
44.2219,17,16,12,20.0,36.87
44.2219,18,20,18,26.907,41.99
44.2219,19,9,5,10.296,29.05
44.2219,20,13,5,13.928,21.04
44.2219,21,26,4,26.306,8.75
44.2219,22,22,8,23.409,19.98
44.2219,23,14,9,16.643,32.74
44.2219,24,17,9,19.235,27.9
44.2219,25,26,4,26.306,8.75
44.2219,26,14,9,16.643,32.74
44.2219,27,0,0,0.0,0.0
44.2219,28,0,0,0.0,0.0
44.2219,29,0,0,0.0,0.0
44.2219,30,0,0,0.0,0.0
44.2219,31,0,0,0.0,0.0
44.2219,32,0,0,0.0,0.0
44.2219,33,0,0,0.0,0.0
44.2219,34,0,0,0.0,0.0
44.2219,35,0,0,0.0,0.0
44.2219,36,0,0,0.0,0.0
44.2219,37,0,0,0.0,0.0
44.2219,38,3,21,21.213,81.87
44.2219,39,3,16,16.279,79.38
44.2219,40,6,20,20.881,73.3
44.2219,41,4,20,20.396,78.69
44.2219,42,3,16,16.279,79.38
44.2219,43,4,18,18.439,77.47
44.2219,44,0,13,13.0,90.0
44.2219,45,2,20,20.1,84.29
44.2219,46,9,22,23.77,67.75
44.2219,47,10,26,27.857,68.96
44.2219,48,9,25,26.571,70.2
44.2219,49,4,18,18.439,77.47
44.2219,50,5,16,16.763,72.65
44.2219,51,-2,15,15.133,97.59
44.2219,52,3,16,16.279,79.38
44.2219,53,0,21,21.0,90.0
44.2219,54,6,15,16.155,68.2
44.2219,55,2,21,21.095,84.56
44.2219,56,7,27,27.893,75.47
44.2219,57,5,23,23.537,77.74
44.2219,58,10,15,18.028,56.31
44.2219,59,15,11,18.601,36.25
44.2219,60,16,17,23.345,46.74
44.2219,61,12,15,19.209,51.34
44.2219,62,22,16,27.203,36.03
44.2219,63,26,22,34.059,40.24
44.4052,0,23,113,115.317,78.5
44.4052,1,17,0,17.0,0.0
44.4052,2,-13,30,32.696,113.43
44.4052,3,-10,11,14.866,132.27
44.4052,4,-23,11,25.495,154.44
44.4052,5,-3,23,23.195,97.43
44.4052,6,0,21,21.0,90.0
44.4052,7,-19,14,23.601,143.62
44.4052,8,-13,17,21.401,127.41
44.4052,9,-32,17,36.235,152.02
44.4052,10,24,18,30.0,36.87
44.4052,11,-21,13,24.698,148.24
44.4052,12,-26,36,44.407,125.84
44.4052,13,-1,19,19.026,93.01
44.4052,14,-21,21,29.698,135.0
44.4052,15,-15,40,42.72,110.56
44.4052,16,-22,16,27.203,143.97
44.4052,17,-17,13,21.401,142.59
44.4052,18,-13,21,24.698,121.76
44.4052,19,-13,12,17.692,137.29
44.4052,20,-20,18,26.907,138.01
44.4052,21,-18,6,18.974,161.57
44.4052,22,-16,10,18.868,147.99
44.4052,23,-18,10,20.591,150.95
44.4052,24,-22,6,22.804,164.74
44.4052,25,-15,11,18.601,143.75
44.4052,26,-15,10,18.028,146.31
44.4052,27,0,0,0.0,0.0
44.4052,28,0,0,0.0,0.0
44.4052,29,0,0,0.0,0.0
44.4052,30,0,0,0.0,0.0
44.4052,31,0,0,0.0,0.0
44.4052,32,0,0,0.0,0.0
44.4052,33,0,0,0.0,0.0
44.4052,34,0,0,0.0,0.0
44.4052,35,0,0,0.0,0.0
44.4052,36,0,0,0.0,0.0
44.4052,37,0,0,0.0,0.0
44.4052,38,6,16,17.088,69.44
44.4052,39,-5,14,14.866,109.65
44.4052,40,-11,29,31.016,110.77
44.4052,41,-12,19,22.472,122.28
44.4052,42,-12,19,22.472,122.28
44.4052,43,-12,16,20.0,126.87
44.4052,44,-13,21,24.698,121.76
44.4052,45,-7,25,25.962,105.64
44.4052,46,-15,22,26.627,124.29
44.4052,47,-12,22,25.06,118.61
44.4052,48,-14,15,20.518,133.03
44.4052,49,-13,20,23.854,123.02
44.4052,50,-17,20,26.249,130.36
44.4052,51,-23,10,25.08,156.5
44.4052,52,-15,12,19.209,141.34
44.4052,53,-14,19,23.601,126.38
44.4052,54,-4,24,24.331,99.46
44.4052,55,-16,12,20.0,143.13
44.4052,56,-20,18,26.907,138.01
44.4052,57,-21,14,25.239,146.31
44.4052,58,-9,19,21.024,115.35
44.4052,59,-18,13,22.204,144.16
44.4052,60,-12,22,25.06,118.61
44.4052,61,-11,24,26.401,114.62
44.4052,62,-11,2,11.18,169.7
44.4052,63,-3,8,8.544,110.56
44.4154,0,23,113,115.317,78.5
44.4154,1,17,0,17.0,0.0
44.4154,2,5,1,5.099,11.31
44.4154,3,24,2,24.083,4.76
44.4154,4,30,0,30.0,0.0
44.4154,5,17,11,20.248,32.91
44.4154,6,12,12,16.971,45.0
44.4154,7,30,8,31.048,14.93
44.4154,8,16,0,16.0,0.0
44.4154,9,23,1,23.022,2.49
44.4154,10,25,-13,28.178,-27.47
44.4154,11,21,-2,21.095,-5.44
44.4154,12,16,12,20.0,36.87
44.4154,13,13,13,18.385,45.0
44.4154,14,14,-2,14.142,-8.13
44.4154,15,12,-1,12.042,-4.76
44.4154,16,18,-4,18.439,-12.53
44.4154,17,18,1,18.028,3.18
44.4154,18,23,0,23.0,0.0
44.4154,19,22,1,22.023,2.6
44.4154,20,18,4,18.439,12.53
44.4154,21,18,-6,18.974,-18.43
44.4154,22,16,6,17.088,20.56
44.4154,23,18,-1,18.028,-3.18
44.4154,24,17,6,18.028,19.44
44.4154,25,15,1,15.033,3.81
44.4154,26,15,0,15.0,0.0
44.4154,27,0,0,0.0,0.0
44.4154,28,0,0,0.0,0.0
44.4154,29,0,0,0.0,0.0
44.4154,30,0,0,0.0,0.0
44.4154,31,0,0,0.0,0.0
44.4154,32,0,0,0.0,0.0
44.4154,33,0,0,0.0,0.0
44.4154,34,0,0,0.0,0.0
44.4154,35,0,0,0.0,0.0
44.4154,36,0,0,0.0,0.0
44.4154,37,0,0,0.0,0.0
44.4154,38,14,6,15.232,23.2
44.4154,39,9,9,12.728,45.0
44.4154,40,9,6,10.817,33.69
44.4154,41,10,8,12.806,38.66
44.4154,42,12,12,16.971,45.0
44.4154,43,15,7,16.553,25.02
44.4154,44,9,11,14.213,50.71
44.4154,45,14,6,15.232,23.2
44.4154,46,15,5,15.811,18.43
44.4154,47,5,10,11.18,63.43
44.4154,48,10,15,18.028,56.31
44.4154,49,13,14,19.105,47.12
44.4154,50,12,19,22.472,57.72
44.4154,51,15,11,18.601,36.25
44.4154,52,14,14,19.799,45.0
44.4154,53,4,13,13.601,72.9
44.4154,54,22,11,24.597,26.57
44.4154,55,13,6,14.318,24.78
44.4154,56,14,8,16.125,29.74
44.4154,57,10,1,10.05,5.71
44.4154,58,7,4,8.062,29.74
44.4154,59,21,5,21.587,13.39
44.4154,60,11,12,16.279,47.49
44.4154,61,14,11,17.804,38.16
44.4154,62,15,-5,15.811,-18.43
44.4154,63,16,11,19.416,34.51
44.5474,0,23,113,115.317,78.5
44.5474,1,17,0,17.0,0.0
44.5474,2,-5,11,12.083,114.44
44.5474,3,22,9,23.77,22.25
44.5474,4,10,11,14.866,47.73
44.5474,5,24,1,24.021,2.39
44.5474,6,13,13,18.385,45.0
44.5474,7,16,-1,16.031,-3.58
44.5474,8,10,-3,10.44,-16.7
44.5474,9,20,4,20.396,11.31
44.5474,10,16,8,17.889,26.57
44.5474,11,13,11,17.029,40.24
44.5474,12,19,6,19.925,17.53
44.5474,13,19,8,20.616,22.83
44.5474,14,14,15,20.518,46.97
44.5474,15,8,14,16.125,60.26
44.5474,16,11,13,17.029,49.76
44.5474,17,11,15,18.601,53.75
44.5474,18,15,10,18.028,33.69
44.5474,19,9,15,17.493,59.04
44.5474,20,19,16,24.839,40.1
44.5474,21,7,9,11.402,52.13
44.5474,22,14,11,17.804,38.16
44.5474,23,9,10,13.454,48.01
44.5474,24,4,13,13.601,72.9
44.5474,25,8,13,15.264,58.39
44.5474,26,1,17,17.029,86.63
44.5474,27,0,0,0.0,0.0
44.5474,28,0,0,0.0,0.0
44.5474,29,0,0,0.0,0.0
44.5474,30,0,0,0.0,0.0
44.5474,31,0,0,0.0,0.0
44.5474,32,0,0,0.0,0.0
44.5474,33,0,0,0.0,0.0
44.5474,34,0,0,0.0,0.0
44.5474,35,0,0,0.0,0.0
44.5474,36,0,0,0.0,0.0
44.5474,37,0,0,0.0,0.0
44.5474,38,5,-9,10.296,-60.95
44.5474,39,7,-12,13.892,-59.74
44.5474,40,7,-13,14.765,-61.7
44.5474,41,5,-3,5.831,-30.96
44.5474,42,11,-9,14.213,-39.29
44.5474,43,10,-15,18.028,-56.31
44.5474,44,11,-8,13.601,-36.03
44.5474,45,14,-11,17.804,-38.16
44.5474,46,13,-8,15.264,-31.61
44.5474,47,14,-8,16.125,-29.74
44.5474,48,12,-1,12.042,-4.76
44.5474,49,20,-2,20.1,-5.71
44.5474,50,16,-8,17.889,-26.57
44.5474,51,14,-9,16.643,-32.74
44.5474,52,20,-1,20.025,-2.86
44.5474,53,10,-3,10.44,-16.7
44.5474,54,20,-2,20.1,-5.71
44.5474,55,17,-17,24.042,-45.0
44.5474,56,14,-1,14.036,-4.09
44.5474,57,9,6,10.817,33.69
44.5474,58,-1,-3,3.162,-108.43
44.5474,59,16,5,16.763,17.35
44.5474,60,20,4,20.396,11.31
44.5474,61,12,-5,13.0,-22.62
44.5474,62,21,-5,21.587,-13.39
44.5474,63,0,-20,20.0,-90.0
44.8247,0,23,113,115.317,78.5
44.8247,1,17,0,17.0,0.0
44.8247,2,-7,-22,23.087,-107.65
44.8247,3,-21,0,21.0,180.0
44.8247,4,-15,2,15.133,172.41
44.8247,5,-25,-7,25.962,-164.36
44.8247,6,-29,-4,29.275,-172.15
44.8247,7,-24,1,24.021,177.61
44.8247,8,-21,4,21.378,169.22
44.8247,9,-16,-6,17.088,-159.44
44.8247,10,-25,-6,25.71,-166.5
44.8247,11,-19,1,19.026,176.99
44.8247,12,-21,-3,21.213,-171.87
44.8247,13,-29,5,29.428,170.22
44.8247,14,-28,-3,28.16,-173.88
44.8247,15,-18,-8,19.698,-156.04
44.8247,16,-17,5,17.72,163.61
44.8247,17,-19,2,19.105,173.99
44.8247,18,-14,-4,14.56,-164.05
44.8247,19,-18,-10,20.591,-150.95
44.8247,20,-17,-16,23.345,-136.74
44.8247,21,-17,-6,18.028,-160.56
44.8247,22,-25,-4,25.318,-170.91
44.8247,23,-20,-7,21.19,-160.71
44.8247,24,-18,-9,20.125,-153.43
44.8247,25,-25,-4,25.318,-170.91
44.8247,26,-18,-10,20.591,-150.95
44.8247,27,0,0,0.0,0.0
44.8247,28,0,0,0.0,0.0
44.8247,29,0,0,0.0,0.0
44.8247,30,0,0,0.0,0.0
44.8247,31,0,0,0.0,0.0
44.8247,32,0,0,0.0,0.0
44.8247,33,0,0,0.0,0.0
44.8247,34,0,0,0.0,0.0
44.8247,35,0,0,0.0,0.0
44.8247,36,0,0,0.0,0.0
44.8247,37,0,0,0.0,0.0
44.8247,38,-18,-6,18.974,-161.57
44.8247,39,-15,-7,16.553,-154.98
44.8247,40,-18,-10,20.591,-150.95
44.8247,41,-18,-6,18.974,-161.57
44.8247,42,-17,-9,19.235,-152.1
44.8247,43,-16,-9,18.358,-150.64
44.8247,44,-15,-14,20.518,-136.97
44.8247,45,-19,-8,20.616,-157.17
44.8247,46,-13,-11,17.029,-139.76
44.8247,47,-18,-10,20.591,-150.95
44.8247,48,-16,-17,23.345,-133.26
44.8247,49,-16,-8,17.889,-153.43
44.8247,50,-22,-12,25.06,-151.39
44.8247,51,-18,-28,33.287,-122.74
44.8247,52,-23,-1,23.022,-177.51
44.8247,53,-24,-19,30.61,-141.63
44.8247,54,-15,-15,21.213,-135.0
44.8247,55,-12,-13,17.692,-132.71
44.8247,56,-18,1,18.028,176.82
44.8247,57,-7,-15,16.553,-115.02
44.8247,58,-21,-14,25.239,-146.31
44.8247,59,-19,-2,19.105,-173.99
44.8247,60,-31,-17,35.355,-151.26
44.8247,61,-25,-8,26.249,-162.26
44.8247,62,-7,-11,13.038,-122.47
44.8247,63,-22,-1,22.023,-177.4
45.0486,0,23,113,115.317,78.5
45.0486,1,17,0,17.0,0.0
45.0486,2,30,-23,37.802,-37.48
45.0486,3,5,-8,9.434,-57.99
45.0486,4,13,-16,20.616,-50.91
45.0486,5,21,-17,27.019,-38.99
45.0486,6,18,-22,28.425,-50.71
45.0486,7,37,-13,39.217,-19.36
45.0486,8,18,-10,20.591,-29.05
45.0486,9,23,-6,23.77,-14.62
45.0486,10,19,-24,30.61,-51.63
45.0486,11,16,-8,17.889,-26.57
45.0486,12,15,-15,21.213,-45.0
45.0486,13,14,-14,19.799,-45.0
45.0486,14,16,-16,22.627,-45.0
45.0486,15,20,-17,26.249,-40.36
45.0486,16,8,-17,18.788,-64.8
45.0486,17,12,-20,23.324,-59.04
45.0486,18,18,-19,26.173,-46.55
45.0486,19,14,-11,17.804,-38.16
45.0486,20,11,-6,12.53,-28.61
45.0486,21,14,-21,25.239,-56.31
45.0486,22,12,-11,16.279,-42.51
45.0486,23,12,-9,15.0,-36.87
45.0486,24,18,-12,21.633,-33.69
45.0486,25,10,-11,14.866,-47.73
45.0486,26,12,-9,15.0,-36.87
45.0486,27,0,0,0.0,0.0
45.0486,28,0,0,0.0,0.0
45.0486,29,0,0,0.0,0.0
45.0486,30,0,0,0.0,0.0
45.0486,31,0,0,0.0,0.0
45.0486,32,0,0,0.0,0.0
45.0486,33,0,0,0.0,0.0
45.0486,34,0,0,0.0,0.0
45.0486,35,0,0,0.0,0.0
45.0486,36,0,0,0.0,0.0
45.0486,37,0,0,0.0,0.0
45.0486,38,17,4,17.464,13.24
45.0486,39,20,2,20.1,5.71
45.0486,40,8,8,11.314,45.0
45.0486,41,22,3,22.204,7.77
45.0486,42,21,9,22.847,23.2
45.0486,43,17,7,18.385,22.38
45.0486,44,19,4,19.416,11.89
45.0486,45,20,1,20.025,2.86
45.0486,46,22,5,22.561,12.8
45.0486,47,16,5,16.763,17.35
45.0486,48,21,6,21.84,15.95
45.0486,49,27,4,27.295,8.43
45.0486,50,24,8,25.298,18.43
45.0486,51,21,9,22.847,23.2
45.0486,52,21,-1,21.024,-2.73
45.0486,53,23,2,23.087,4.97
45.0486,54,26,5,26.476,10.89
45.0486,55,29,-4,29.275,-7.85
45.0486,56,16,-6,17.088,-20.56
45.0486,57,20,-3,20.224,-8.53
45.0486,58,21,0,21.0,0.0
45.0486,59,18,3,18.248,9.46
45.0486,60,30,-14,33.106,-25.02
45.0486,61,21,13,24.698,31.76
45.0486,62,9,-23,24.698,-68.63
45.0486,63,37,-4,37.216,-6.17
45.1688,0,23,113,115.317,78.5
45.1688,1,17,0,17.0,0.0
45.1688,2,8,-16,17.889,-63.43
45.1688,3,18,-21,27.659,-49.4
45.1688,4,5,-6,7.81,-50.19
45.1688,5,8,-27,28.16,-73.5
45.1688,6,7,-7,9.899,-45.0
45.1688,7,0,-20,20.0,-90.0
45.1688,8,5,-18,18.682,-74.48
45.1688,9,4,-25,25.318,-80.91
45.1688,10,0,-17,17.0,-90.0
45.1688,11,7,-16,17.464,-66.37
45.1688,12,3,-16,16.279,-79.38
45.1688,13,6,-17,18.028,-70.56
45.1688,14,11,-20,22.825,-61.19
45.1688,15,8,-15,17.0,-61.93
45.1688,16,13,-17,21.401,-52.59
45.1688,17,10,-17,19.723,-59.53
45.1688,18,10,-13,16.401,-52.43
45.1688,19,10,-11,14.866,-47.73
45.1688,20,4,-12,12.649,-71.57
45.1688,21,9,-11,14.213,-50.71
45.1688,22,5,-15,15.811,-71.57
45.1688,23,8,-5,9.434,-32.01
45.1688,24,5,-16,16.763,-72.65
45.1688,25,7,-17,18.385,-67.62
45.1688,26,11,-8,13.601,-36.03
45.1688,27,0,0,0.0,0.0
45.1688,28,0,0,0.0,0.0
45.1688,29,0,0,0.0,0.0
45.1688,30,0,0,0.0,0.0
45.1688,31,0,0,0.0,0.0
45.1688,32,0,0,0.0,0.0
45.1688,33,0,0,0.0,0.0
45.1688,34,0,0,0.0,0.0
45.1688,35,0,0,0.0,0.0
45.1688,36,0,0,0.0,0.0
45.1688,37,0,0,0.0,0.0
45.1688,38,-9,-13,15.811,-124.7
45.1688,39,-5,-14,14.866,-109.65
45.1688,40,-4,-18,18.439,-102.53
45.1688,41,-4,-14,14.56,-105.95
45.1688,42,2,-16,16.125,-82.87
45.1688,43,0,-22,22.0,-90.0
45.1688,44,4,-15,15.524,-75.07
45.1688,45,-3,-17,17.263,-100.01
45.1688,46,5,-19,19.647,-75.26
45.1688,47,-1,-11,11.045,-95.19
45.1688,48,-5,-21,21.587,-103.39
45.1688,49,1,-19,19.026,-86.99
45.1688,50,0,-16,16.0,-90.0
45.1688,51,6,-16,17.088,-69.44
45.1688,52,9,-22,23.77,-67.75
45.1688,53,-2,-15,15.133,-97.59
45.1688,54,1,-20,20.025,-87.14
45.1688,55,7,-24,25.0,-73.74
45.1688,56,-5,-11,12.083,-114.44
45.1688,57,2,-18,18.111,-83.66
45.1688,58,-6,-16,17.088,-110.56
45.1688,59,2,-4,4.472,-63.43
45.1688,60,12,-10,15.62,-39.81
45.1688,61,-7,2,7.28,164.05
45.1688,62,25,-18,30.806,-35.75
45.1688,63,13,-25,28.178,-62.53
45.1704,0,92,-63,111.503,-34.4
45.1704,1,21,0,21.0,0.0
45.1704,2,25,-7,25.962,-15.64
45.1704,3,30,-18,34.986,-30.96
45.1704,4,4,-27,27.295,-81.57
45.1704,5,13,-18,22.204,-54.16
45.1704,6,17,-9,19.235,-27.9
45.1704,7,17,-22,27.803,-52.31
45.1704,8,9,-15,17.493,-59.04
45.1704,9,16,-7,17.464,-23.63
45.1704,10,16,-11,19.416,-34.51
45.1704,11,12,-5,13.0,-22.62
45.1704,12,18,-10,20.591,-29.05
45.1704,13,18,-4,18.439,-12.53
45.1704,14,22,-9,23.77,-22.25
45.1704,15,20,-2,20.1,-5.71
45.1704,16,17,-1,17.029,-3.37
45.1704,17,15,-4,15.524,-14.93
45.1704,18,15,-2,15.133,-7.59
45.1704,19,19,2,19.105,6.01
45.1704,20,20,-1,20.025,-2.86
45.1704,21,11,6,12.53,28.61
45.1704,22,13,5,13.928,21.04
45.1704,23,8,4,8.944,26.57
45.1704,24,15,0,15.0,0.0
45.1704,25,10,8,12.806,38.66
45.1704,26,13,4,13.601,17.1
45.1704,27,0,0,0.0,0.0
45.1704,28,0,0,0.0,0.0
45.1704,29,0,0,0.0,0.0
45.1704,30,0,0,0.0,0.0
45.1704,31,0,0,0.0,0.0
45.1704,32,0,0,0.0,0.0
45.1704,33,0,0,0.0,0.0
45.1704,34,0,0,0.0,0.0
45.1704,35,0,0,0.0,0.0
45.1704,36,0,0,0.0,0.0
45.1704,37,0,0,0.0,0.0
45.1704,38,-16,-10,18.868,-147.99
45.1704,39,-11,-19,21.954,-120.07
45.1704,40,-13,-15,19.849,-130.91
45.1704,41,-16,-19,24.839,-130.1
45.1704,42,-10,-19,21.471,-117.76
45.1704,43,-10,-25,26.926,-111.8
45.1704,44,-8,-23,24.352,-109.18
45.1704,45,-9,-25,26.571,-109.8
45.1704,46,-6,-22,22.804,-105.26
45.1704,47,-8,-23,24.352,-109.18
45.1704,48,-3,-18,18.248,-99.46
45.1704,49,-1,-24,24.021,-92.39
45.1704,50,0,-24,24.0,-90.0
45.1704,51,8,-17,18.788,-64.8
45.1704,52,4,-19,19.416,-78.11
45.1704,53,12,-19,22.472,-57.72
45.1704,54,12,-19,22.472,-57.72
45.1704,55,7,-15,16.553,-64.98
45.1704,56,7,-16,17.464,-66.37
45.1704,57,9,-18,20.125,-63.43
45.1704,58,17,-24,29.411,-54.69
45.1704,59,11,-19,21.954,-59.93
45.1704,60,17,-24,29.411,-54.69
45.1704,61,-3,-26,26.173,-96.58
45.1704,62,3,3,4.243,45.0
45.1704,63,23,-12,25.942,-27.55
45.3242,0,23,113,115.317,78.5
45.3242,1,17,0,17.0,0.0
45.3242,2,5,-24,24.515,-78.23
45.3242,3,11,-9,14.213,-39.29
45.3242,4,2,-4,4.472,-63.43
45.3242,5,15,-20,25.0,-53.13
45.3242,6,16,-12,20.0,-36.87
45.3242,7,17,-17,24.042,-45.0
45.3242,8,11,-13,17.029,-49.76
45.3242,9,3,-13,13.342,-77.01
45.3242,10,13,-17,21.401,-52.59
45.3242,11,9,-26,27.514,-70.91
45.3242,12,9,-9,12.728,-45.0
45.3242,13,14,-20,24.413,-55.01
45.3242,14,9,-23,24.698,-68.63
45.3242,15,10,-16,18.868,-57.99
45.3242,16,10,-19,21.471,-62.24
45.3242,17,12,-14,18.439,-49.4
45.3242,18,8,-14,16.125,-60.26
45.3242,19,10,-11,14.866,-47.73
45.3242,20,15,-13,19.849,-40.91
45.3242,21,10,-10,14.142,-45.0
45.3242,22,14,-10,17.205,-35.54
45.3242,23,8,-9,12.042,-48.37
45.3242,24,9,-11,14.213,-50.71
45.3242,25,9,-7,11.402,-37.87
45.3242,26,9,-8,12.042,-41.63
45.3242,27,0,0,0.0,0.0
45.3242,28,0,0,0.0,0.0
45.3242,29,0,0,0.0,0.0
45.3242,30,0,0,0.0,0.0
45.3242,31,0,0,0.0,0.0
45.3242,32,0,0,0.0,0.0
45.3242,33,0,0,0.0,0.0
45.3242,34,0,0,0.0,0.0
45.3242,35,0,0,0.0,0.0
45.3242,36,0,0,0.0,0.0
45.3242,37,0,0,0.0,0.0
45.3242,38,2,-17,17.117,-83.29
45.3242,39,8,-16,17.889,-63.43
45.3242,40,7,-16,17.464,-66.37
45.3242,41,6,-17,18.028,-70.56
45.3242,42,7,-15,16.553,-64.98
45.3242,43,9,-15,17.493,-59.04
45.3242,44,8,-13,15.264,-58.39
45.3242,45,9,-13,15.811,-55.3
45.3242,46,11,-18,21.095,-58.57
45.3242,47,15,-16,21.932,-46.85
45.3242,48,11,-14,17.804,-51.84
45.3242,49,11,-16,19.416,-55.49
45.3242,50,10,-18,20.591,-60.95
45.3242,51,8,-21,22.472,-69.15
45.3242,52,13,-14,19.105,-47.12
45.3242,53,10,-11,14.866,-47.73
45.3242,54,9,-16,18.358,-60.64
45.3242,55,8,-15,17.0,-61.93
45.3242,56,5,-17,17.72,-73.61
45.3242,57,11,-13,17.029,-49.76
45.3242,58,10,-18,20.591,-60.95
45.3242,59,-7,-21,22.136,-108.43
45.3242,60,-1,-8,8.062,-97.13
45.3242,61,18,-10,20.591,-29.05
45.3242,62,12,-2,12.166,-9.46
45.3242,63,7,-12,13.892,-59.74
45.4396,0,23,113,115.317,78.5
45.4396,1,17,0,17.0,0.0
45.4396,2,-5,-5,7.071,-135.0
45.4396,3,-26,4,26.306,171.25
45.4396,4,-24,-5,24.515,-168.23
45.4396,5,-10,-4,10.77,-158.2
45.4396,6,-24,-8,25.298,-161.57
45.4396,7,-29,5,29.428,170.22
45.4396,8,-14,-3,14.318,-167.91
45.4396,9,-24,-3,24.187,-172.87
45.4396,10,-9,2,9.22,167.47
45.4396,11,-16,8,17.889,153.43
45.4396,12,-9,15,17.493,120.96
45.4396,13,-20,1,20.025,177.14
45.4396,14,-21,5,21.587,166.61
45.4396,15,-12,6,13.416,153.43
45.4396,16,-12,4,12.649,161.57
45.4396,17,-16,11,19.416,145.49
45.4396,18,-6,15,16.155,111.8
45.4396,19,-16,5,16.763,162.65
45.4396,20,-19,4,19.416,168.11
45.4396,21,-8,10,12.806,128.66
45.4396,22,-11,12,16.279,132.51
45.4396,23,-7,10,12.207,124.99
45.4396,24,-8,11,13.601,126.03
45.4396,25,-5,11,12.083,114.44
45.4396,26,-7,13,14.765,118.3
45.4396,27,0,0,0.0,0.0
45.4396,28,0,0,0.0,0.0
45.4396,29,0,0,0.0,0.0
45.4396,30,0,0,0.0,0.0
45.4396,31,0,0,0.0,0.0
45.4396,32,0,0,0.0,0.0
45.4396,33,0,0,0.0,0.0
45.4396,34,0,0,0.0,0.0
45.4396,35,0,0,0.0,0.0
45.4396,36,0,0,0.0,0.0
45.4396,37,0,0,0.0,0.0
45.4396,38,0,-13,13.0,-90.0
45.4396,39,4,-11,11.705,-70.02
45.4396,40,3,-13,13.342,-77.01
45.4396,41,-1,-18,18.028,-93.18
45.4396,42,-5,-13,13.928,-111.04
45.4396,43,3,-18,18.248,-80.54
45.4396,44,4,-19,19.416,-78.11
45.4396,45,-2,-12,12.166,-99.46
45.4396,46,-1,-12,12.042,-94.76
45.4396,47,-2,-14,14.142,-98.13
45.4396,48,-10,-16,18.868,-122.01
45.4396,49,-5,-15,15.811,-108.43
45.4396,50,-5,-10,11.18,-116.57
45.4396,51,-3,-19,19.235,-98.97
45.4396,52,-10,-10,14.142,-135.0
45.4396,53,3,-16,16.279,-79.38
45.4396,54,2,-19,19.105,-83.99
45.4396,55,-24,-6,24.739,-165.96
45.4396,56,-24,-17,29.411,-144.69
45.4396,57,-33,-27,42.638,-140.71
45.4396,58,-8,-11,13.601,-126.03
45.4396,59,12,-10,15.62,-39.81
45.4396,60,1,-7,7.071,-81.87
45.4396,61,4,-3,5.0,-36.87
45.4396,62,-14,-8,16.125,-150.26
45.4396,63,-1,-19,19.026,-93.01
